captured_at,game_date,matchup,event_id,market,side,entity,line,book,american,opposite_american,source
2026-10-09T23:05:07Z,2026-10-09,PIT @ CBJ,1eb386b963ae5a82eba436c25e50cf24,game_pl_alt,CBJ,,3.5,draftkings,-1300,650,oddsapi
2026-10-09T23:05:07Z,2026-10-09,PIT @ CBJ,1eb386b963ae5a82eba436c25e50cf24,game_pl_alt,CBJ,,2.5,draftkings,-450,300,oddsapi
2026-10-09T23:05:07Z,2026-10-09,PIT @ CBJ,1eb386b963ae5a82eba436c25e50cf24,game_pl_alt,CBJ,,1.5,draftkings,-255,185,oddsapi
2026-10-09T23:05:07Z,2026-10-09,PIT @ CBJ,1eb386b963ae5a82eba436c25e50cf24,game_pl_alt,CBJ,,-2.5,draftkings,330,-505,oddsapi
2026-10-09T23:05:07Z,2026-10-09,PIT @ CBJ,1eb386b963ae5a82eba436c25e50cf24,game_pl_alt,CBJ,,-3.5,draftkings,750,-1600,oddsapi
2026-10-09T23:05:07Z,2026-10-09,PIT @ CBJ,1eb386b963ae5a82eba436c25e50cf24,game_pl_alt,PIT,,-3.5,draftkings,650,-1300,oddsapi
2026-10-09T23:05:07Z,2026-10-09,PIT @ CBJ,1eb386b963ae5a82eba436c25e50cf24,game_pl_alt,PIT,,-2.5,draftkings,300,-450,oddsapi
2026-10-09T23:05:07Z,2026-10-09,PIT @ CBJ,1eb386b963ae5a82eba436c25e50cf24,game_pl_alt,PIT,,-1.5,draftkings,185,-255,oddsapi
2026-10-09T23:05:07Z,2026-10-09,PIT @ CBJ,1eb386b963ae5a82eba436c25e50cf24,game_pl_alt,PIT,,2.5,draftkings,-505,330,oddsapi
2026-10-09T23:05:07Z,2026-10-09,PIT @ CBJ,1eb386b963ae5a82eba436c25e50cf24,game_pl_alt,PIT,,3.5,draftkings,-1600,750,oddsapi
2026-10-09T23:05:07Z,2026-10-09,PIT @ CBJ,1eb386b963ae5a82eba436c25e50cf24,team_total_alt,over,CBJ,0.5,draftkings,-6000,1300,oddsapi
2026-10-09T23:05:07Z,2026-10-09,PIT @ CBJ,1eb386b963ae5a82eba436c25e50cf24,team_total_alt,under,CBJ,0.5,draftkings,1300,-6000,oddsapi
2026-10-09T23:05:07Z,2026-10-09,PIT @ CBJ,1eb386b963ae5a82eba436c25e50cf24,team_total_alt,over,CBJ,1.5,draftkings,-675,410,oddsapi
2026-10-09T23:05:07Z,2026-10-09,PIT @ CBJ,1eb386b963ae5a82eba436c25e50cf24,team_total_alt,under,CBJ,1.5,draftkings,410,-675,oddsapi
2026-10-09T23:05:07Z,2026-10-09,PIT @ CBJ,1eb386b963ae5a82eba436c25e50cf24,team_total_alt,over,CBJ,2.5,draftkings,-225,165,oddsapi
2026-10-09T23:05:07Z,2026-10-09,PIT @ CBJ,1eb386b963ae5a82eba436c25e50cf24,team_total_alt,under,CBJ,2.5,draftkings,165,-225,oddsapi
2026-10-09T23:05:07Z,2026-10-09,PIT @ CBJ,1eb386b963ae5a82eba436c25e50cf24,team_total_alt,over,CBJ,3.5,draftkings,105,-145,oddsapi
2026-10-09T23:05:07Z,2026-10-09,PIT @ CBJ,1eb386b963ae5a82eba436c25e50cf24,team_total_alt,under,CBJ,3.5,draftkings,-145,105,oddsapi
2026-10-09T23:05:07Z,2026-10-09,PIT @ CBJ,1eb386b963ae5a82eba436c25e50cf24,team_total_alt,over,CBJ,4.5,draftkings,235,-335,oddsapi
2026-10-09T23:05:07Z,2026-10-09,PIT @ CBJ,1eb386b963ae5a82eba436c25e50cf24,team_total_alt,under,CBJ,4.5,draftkings,-335,235,oddsapi
2026-10-09T23:05:07Z,2026-10-09,PIT @ CBJ,1eb386b963ae5a82eba436c25e50cf24,team_total_alt,over,CBJ,5.5,draftkings,520,-935,oddsapi
2026-10-09T23:05:07Z,2026-10-09,PIT @ CBJ,1eb386b963ae5a82eba436c25e50cf24,team_total_alt,under,CBJ,5.5,draftkings,-935,520,oddsapi
2026-10-09T23:05:07Z,2026-10-09,PIT @ CBJ,1eb386b963ae5a82eba436c25e50cf24,team_total_alt,over,PIT,0.5,draftkings,-8000,1400,oddsapi
2026-10-09T23:05:07Z,2026-10-09,PIT @ CBJ,1eb386b963ae5a82eba436c25e50cf24,team_total_alt,under,PIT,0.5,draftkings,1400,-8000,oddsapi
2026-10-09T23:05:07Z,2026-10-09,PIT @ CBJ,1eb386b963ae5a82eba436c25e50cf24,team_total_alt,over,PIT,1.5,draftkings,-725,430,oddsapi
2026-10-09T23:05:07Z,2026-10-09,PIT @ CBJ,1eb386b963ae5a82eba436c25e50cf24,team_total_alt,under,PIT,1.5,draftkings,430,-725,oddsapi
2026-10-09T23:05:07Z,2026-10-09,PIT @ CBJ,1eb386b963ae5a82eba436c25e50cf24,team_total_alt,over,PIT,2.5,draftkings,-240,175,oddsapi
2026-10-09T23:05:07Z,2026-10-09,PIT @ CBJ,1eb386b963ae5a82eba436c25e50cf24,team_total_alt,under,PIT,2.5,draftkings,175,-240,oddsapi
2026-10-09T23:05:07Z,2026-10-09,PIT @ CBJ,1eb386b963ae5a82eba436c25e50cf24,team_total_alt,over,PIT,3.5,draftkings,-105,-135,oddsapi
2026-10-09T23:05:07Z,2026-10-09,PIT @ CBJ,1eb386b963ae5a82eba436c25e50cf24,team_total_alt,under,PIT,3.5,draftkings,-135,-105,oddsapi
2026-10-09T23:05:07Z,2026-10-09,PIT @ CBJ,1eb386b963ae5a82eba436c25e50cf24,team_total_alt,over,PIT,4.5,draftkings,225,-320,oddsapi
2026-10-09T23:05:07Z,2026-10-09,PIT @ CBJ,1eb386b963ae5a82eba436c25e50cf24,team_total_alt,under,PIT,4.5,draftkings,-320,225,oddsapi
2026-10-09T23:05:07Z,2026-10-09,PIT @ CBJ,1eb386b963ae5a82eba436c25e50cf24,team_total_alt,over,PIT,5.5,draftkings,500,-900,oddsapi
2026-10-09T23:05:07Z,2026-10-09,PIT @ CBJ,1eb386b963ae5a82eba436c25e50cf24,team_total_alt,under,PIT,5.5,draftkings,-900,500,oddsapi
2026-10-09T23:05:07Z,2026-10-09,PIT @ CBJ,1eb386b963ae5a82eba436c25e50cf24,game_total_alt,over,,3.5,draftkings,-1400,700,oddsapi
2026-10-09T23:05:07Z,2026-10-09,PIT @ CBJ,1eb386b963ae5a82eba436c25e50cf24,game_total_alt,over,,4.5,draftkings,-675,410,oddsapi
2026-10-09T23:05:07Z,2026-10-09,PIT @ CBJ,1eb386b963ae5a82eba436c25e50cf24,game_total_alt,over,,5.5,draftkings,-225,165,oddsapi
2026-10-09T23:05:07Z,2026-10-09,PIT @ CBJ,1eb386b963ae5a82eba436c25e50cf24,game_total_alt,over,,7.5,draftkings,165,-225,oddsapi
2026-10-09T23:05:07Z,2026-10-09,PIT @ CBJ,1eb386b963ae5a82eba436c25e50cf24,game_total_alt,over,,8.5,draftkings,250,-360,oddsapi
2026-10-09T23:05:07Z,2026-10-09,PIT @ CBJ,1eb386b963ae5a82eba436c25e50cf24,game_total_alt,over,,9.5,draftkings,520,-935,oddsapi
2026-10-09T23:05:07Z,2026-10-09,PIT @ CBJ,1eb386b963ae5a82eba436c25e50cf24,game_total_alt,under,,3.5,draftkings,700,-1400,oddsapi
2026-10-09T23:05:07Z,2026-10-09,PIT @ CBJ,1eb386b963ae5a82eba436c25e50cf24,game_total_alt,under,,4.5,draftkings,410,-675,oddsapi
2026-10-09T23:05:07Z,2026-10-09,PIT @ CBJ,1eb386b963ae5a82eba436c25e50cf24,game_total_alt,under,,5.5,draftkings,165,-225,oddsapi
2026-10-09T23:05:07Z,2026-10-09,PIT @ CBJ,1eb386b963ae5a82eba436c25e50cf24,game_total_alt,under,,7.5,draftkings,-225,165,oddsapi
2026-10-09T23:05:07Z,2026-10-09,PIT @ CBJ,1eb386b963ae5a82eba436c25e50cf24,game_total_alt,under,,8.5,draftkings,-360,250,oddsapi
2026-10-09T23:05:07Z,2026-10-09,PIT @ CBJ,1eb386b963ae5a82eba436c25e50cf24,game_total_alt,under,,9.5,draftkings,-935,520,oddsapi
2026-10-09T23:05:07Z,2026-10-09,PIT @ CBJ,1eb386b963ae5a82eba436c25e50cf24,game_ml3,CBJ,,,draftkings,145,,oddsapi
2026-10-09T23:05:07Z,2026-10-09,PIT @ CBJ,1eb386b963ae5a82eba436c25e50cf24,game_ml3,PIT,,,draftkings,130,,oddsapi
2026-10-09T23:05:07Z,2026-10-09,PIT @ CBJ,1eb386b963ae5a82eba436c25e50cf24,game_ml3,draw,,,draftkings,330,,oddsapi
2026-10-09T23:05:07Z,2026-10-09,PIT @ CBJ,1eb386b963ae5a82eba436c25e50cf24,p1_ml3,CBJ,,,draftkings,185,,oddsapi
2026-10-09T23:05:07Z,2026-10-09,PIT @ CBJ,1eb386b963ae5a82eba436c25e50cf24,p1_ml3,PIT,,,draftkings,170,,oddsapi
2026-10-09T23:05:07Z,2026-10-09,PIT @ CBJ,1eb386b963ae5a82eba436c25e50cf24,p1_ml3,draw,,,draftkings,185,,oddsapi
2026-10-09T23:05:07Z,2026-10-09,PIT @ CBJ,1eb386b963ae5a82eba436c25e50cf24,p2_ml3,CBJ,,,draftkings,170,,oddsapi
2026-10-09T23:05:07Z,2026-10-09,PIT @ CBJ,1eb386b963ae5a82eba436c25e50cf24,p2_ml3,PIT,,,draftkings,155,,oddsapi
2026-10-09T23:05:07Z,2026-10-09,PIT @ CBJ,1eb386b963ae5a82eba436c25e50cf24,p2_ml3,draw,,,draftkings,220,,oddsapi
2026-10-09T23:05:07Z,2026-10-09,PIT @ CBJ,1eb386b963ae5a82eba436c25e50cf24,p3_ml3,CBJ,,,draftkings,150,,oddsapi
2026-10-09T23:05:07Z,2026-10-09,PIT @ CBJ,1eb386b963ae5a82eba436c25e50cf24,p3_ml3,PIT,,,draftkings,145,,oddsapi
2026-10-09T23:05:07Z,2026-10-09,PIT @ CBJ,1eb386b963ae5a82eba436c25e50cf24,p3_ml3,draw,,,draftkings,270,,oddsapi
2026-10-09T23:05:07Z,2026-10-09,PIT @ CBJ,1eb386b963ae5a82eba436c25e50cf24,sk_a,over,Zach Werenski,0.5,draftkings,-145,110,oddsapi
2026-10-09T23:05:07Z,2026-10-09,PIT @ CBJ,1eb386b963ae5a82eba436c25e50cf24,sk_a,under,Zach Werenski,0.5,draftkings,110,-145,oddsapi
2026-10-09T23:05:07Z,2026-10-09,PIT @ CBJ,1eb386b963ae5a82eba436c25e50cf24,sk_a,over,Erik Karlsson,0.5,draftkings,-105,-130,oddsapi
2026-10-09T23:05:07Z,2026-10-09,PIT @ CBJ,1eb386b963ae5a82eba436c25e50cf24,sk_a,under,Erik Karlsson,0.5,draftkings,-130,-105,oddsapi
2026-10-09T23:05:07Z,2026-10-09,PIT @ CBJ,1eb386b963ae5a82eba436c25e50cf24,sk_a,over,Sidney Crosby,0.5,draftkings,-105,-125,oddsapi
2026-10-09T23:05:07Z,2026-10-09,PIT @ CBJ,1eb386b963ae5a82eba436c25e50cf24,sk_a,under,Sidney Crosby,0.5,draftkings,-125,-105,oddsapi
2026-10-09T23:05:07Z,2026-10-09,PIT @ CBJ,1eb386b963ae5a82eba436c25e50cf24,sk_a,over,Evgeni Malkin,0.5,draftkings,115,-160,oddsapi
2026-10-09T23:05:07Z,2026-10-09,PIT @ CBJ,1eb386b963ae5a82eba436c25e50cf24,sk_a,under,Evgeni Malkin,0.5,draftkings,-160,115,oddsapi
2026-10-09T23:05:07Z,2026-10-09,PIT @ CBJ,1eb386b963ae5a82eba436c25e50cf24,sk_a,over,Matthew Knies,0.5,draftkings,115,-155,oddsapi
2026-10-09T23:05:07Z,2026-10-09,PIT @ CBJ,1eb386b963ae5a82eba436c25e50cf24,sk_a,under,Matthew Knies,0.5,draftkings,-155,115,oddsapi
2026-10-09T23:05:07Z,2026-10-09,PIT @ CBJ,1eb386b963ae5a82eba436c25e50cf24,sk_a,over,Adam Fantilli,0.5,draftkings,135,-185,oddsapi
2026-10-09T23:05:07Z,2026-10-09,PIT @ CBJ,1eb386b963ae5a82eba436c25e50cf24,sk_a,under,Adam Fantilli,0.5,draftkings,-185,135,oddsapi
2026-10-09T23:05:07Z,2026-10-09,PIT @ CBJ,1eb386b963ae5a82eba436c25e50cf24,sk_a,over,Rickard Rakell,0.5,draftkings,145,-200,oddsapi
2026-10-09T23:05:07Z,2026-10-09,PIT @ CBJ,1eb386b963ae5a82eba436c25e50cf24,sk_a,under,Rickard Rakell,0.5,draftkings,-200,145,oddsapi
2026-10-09T23:05:07Z,2026-10-09,PIT @ CBJ,1eb386b963ae5a82eba436c25e50cf24,sk_a,over,Bryan Rust,0.5,draftkings,160,-215,oddsapi
2026-10-09T23:05:07Z,2026-10-09,PIT @ CBJ,1eb386b963ae5a82eba436c25e50cf24,sk_a,under,Bryan Rust,0.5,draftkings,-215,160,oddsapi
2026-10-09T23:05:07Z,2026-10-09,PIT @ CBJ,1eb386b963ae5a82eba436c25e50cf24,sk_a,over,Charlie Coyle,0.5,draftkings,165,-225,oddsapi
2026-10-09T23:05:07Z,2026-10-09,PIT @ CBJ,1eb386b963ae5a82eba436c25e50cf24,sk_a,under,Charlie Coyle,0.5,draftkings,-225,165,oddsapi
2026-10-09T23:05:07Z,2026-10-09,PIT @ CBJ,1eb386b963ae5a82eba436c25e50cf24,sk_a,over,Kris Letang,0.5,draftkings,165,-225,oddsapi
2026-10-09T23:05:07Z,2026-10-09,PIT @ CBJ,1eb386b963ae5a82eba436c25e50cf24,sk_a,under,Kris Letang,0.5,draftkings,-225,165,oddsapi
2026-10-09T23:05:07Z,2026-10-09,PIT @ CBJ,1eb386b963ae5a82eba436c25e50cf24,sk_a,over,Valeri Nichushkin,0.5,draftkings,175,-240,oddsapi
2026-10-09T23:05:07Z,2026-10-09,PIT @ CBJ,1eb386b963ae5a82eba436c25e50cf24,sk_a,under,Valeri Nichushkin,0.5,draftkings,-240,175,oddsapi
2026-10-09T23:05:07Z,2026-10-09,PIT @ CBJ,1eb386b963ae5a82eba436c25e50cf24,sk_a,over,Kent Johnson,0.5,draftkings,190,-260,oddsapi
2026-10-09T23:05:07Z,2026-10-09,PIT @ CBJ,1eb386b963ae5a82eba436c25e50cf24,sk_a,under,Kent Johnson,0.5,draftkings,-260,190,oddsapi
2026-10-09T23:05:07Z,2026-10-09,PIT @ CBJ,1eb386b963ae5a82eba436c25e50cf24,sk_a,over,Tommy Novak,0.5,draftkings,210,-295,oddsapi
2026-10-09T23:05:07Z,2026-10-09,PIT @ CBJ,1eb386b963ae5a82eba436c25e50cf24,sk_a,under,Tommy Novak,0.5,draftkings,-295,210,oddsapi
2026-10-09T23:05:07Z,2026-10-09,PIT @ CBJ,1eb386b963ae5a82eba436c25e50cf24,sk_a,over,Sean Monahan,0.5,draftkings,220,-310,oddsapi
2026-10-09T23:05:07Z,2026-10-09,PIT @ CBJ,1eb386b963ae5a82eba436c25e50cf24,sk_a,under,Sean Monahan,0.5,draftkings,-310,220,oddsapi
2026-10-09T23:05:07Z,2026-10-09,PIT @ CBJ,1eb386b963ae5a82eba436c25e50cf24,sk_a,over,Yegor Chinakhov,0.5,draftkings,225,-310,oddsapi
2026-10-09T23:05:07Z,2026-10-09,PIT @ CBJ,1eb386b963ae5a82eba436c25e50cf24,sk_a,under,Yegor Chinakhov,0.5,draftkings,-310,225,oddsapi
2026-10-09T23:05:07Z,2026-10-09,PIT @ CBJ,1eb386b963ae5a82eba436c25e50cf24,sk_a,over,Denton Mateychuk,0.5,draftkings,230,-320,oddsapi
2026-10-09T23:05:07Z,2026-10-09,PIT @ CBJ,1eb386b963ae5a82eba436c25e50cf24,sk_a,under,Denton Mateychuk,0.5,draftkings,-320,230,oddsapi
2026-10-09T23:05:07Z,2026-10-09,PIT @ CBJ,1eb386b963ae5a82eba436c25e50cf24,sk_a,over,Ben Kindel,0.5,draftkings,260,-370,oddsapi
2026-10-09T23:05:07Z,2026-10-09,PIT @ CBJ,1eb386b963ae5a82eba436c25e50cf24,sk_a,under,Ben Kindel,0.5,draftkings,-370,260,oddsapi
2026-10-09T23:05:07Z,2026-10-09,PIT @ CBJ,1eb386b963ae5a82eba436c25e50cf24,sk_a,over,Damon Severson,0.5,draftkings,260,-370,oddsapi
2026-10-09T23:05:07Z,2026-10-09,PIT @ CBJ,1eb386b963ae5a82eba436c25e50cf24,sk_a,under,Damon Severson,0.5,draftkings,-370,260,oddsapi
2026-10-09T23:05:07Z,2026-10-09,PIT @ CBJ,1eb386b963ae5a82eba436c25e50cf24,sk_a,over,Hendrix Lapierre,0.5,draftkings,260,-370,oddsapi
2026-10-09T23:05:07Z,2026-10-09,PIT @ CBJ,1eb386b963ae5a82eba436c25e50cf24,sk_a,under,Hendrix Lapierre,0.5,draftkings,-370,260,oddsapi
2026-10-09T23:05:07Z,2026-10-09,PIT @ CBJ,1eb386b963ae5a82eba436c25e50cf24,sk_a,over,Conor Garland,0.5,draftkings,290,-425,oddsapi
2026-10-09T23:05:07Z,2026-10-09,PIT @ CBJ,1eb386b963ae5a82eba436c25e50cf24,sk_a,under,Conor Garland,0.5,draftkings,-425,290,oddsapi
2026-10-09T23:05:07Z,2026-10-09,PIT @ CBJ,1eb386b963ae5a82eba436c25e50cf24,sk_a,over,Dmitri Voronkov,0.5,draftkings,320,-475,oddsapi
2026-10-09T23:05:07Z,2026-10-09,PIT @ CBJ,1eb386b963ae5a82eba436c25e50cf24,sk_a,under,Dmitri Voronkov,0.5,draftkings,-475,320,oddsapi
2026-10-09T23:05:07Z,2026-10-09,PIT @ CBJ,1eb386b963ae5a82eba436c25e50cf24,sk_blk,over,Trevor van Riemsdyk,1.5,draftkings,-150,110,oddsapi
2026-10-09T23:05:07Z,2026-10-09,PIT @ CBJ,1eb386b963ae5a82eba436c25e50cf24,sk_blk,under,Trevor van Riemsdyk,1.5,draftkings,110,-150,oddsapi
2026-10-09T23:05:07Z,2026-10-09,PIT @ CBJ,1eb386b963ae5a82eba436c25e50cf24,ags,yes,Matthew Knies,,draftkings,155,,oddsapi
2026-10-09T23:05:07Z,2026-10-09,PIT @ CBJ,1eb386b963ae5a82eba436c25e50cf24,ags,yes,Sidney Crosby,,draftkings,180,,oddsapi
2026-10-09T23:05:07Z,2026-10-09,PIT @ CBJ,1eb386b963ae5a82eba436c25e50cf24,ags,yes,Rickard Rakell,,draftkings,190,,oddsapi
2026-10-09T23:05:07Z,2026-10-09,PIT @ CBJ,1eb386b963ae5a82eba436c25e50cf24,ags,yes,Adam Fantilli,,draftkings,200,,oddsapi
2026-10-09T23:05:07Z,2026-10-09,PIT @ CBJ,1eb386b963ae5a82eba436c25e50cf24,ags,yes,Bryan Rust,,draftkings,220,,oddsapi
2026-10-09T23:05:07Z,2026-10-09,PIT @ CBJ,1eb386b963ae5a82eba436c25e50cf24,ags,yes,Yegor Chinakhov,,draftkings,245,,oddsapi
2026-10-09T23:05:07Z,2026-10-09,PIT @ CBJ,1eb386b963ae5a82eba436c25e50cf24,ags,yes,Evgeni Malkin,,draftkings,250,,oddsapi
2026-10-09T23:05:07Z,2026-10-09,PIT @ CBJ,1eb386b963ae5a82eba436c25e50cf24,ags,yes,Ben Kindel,,draftkings,260,,oddsapi
2026-10-09T23:05:07Z,2026-10-09,PIT @ CBJ,1eb386b963ae5a82eba436c25e50cf24,ags,yes,Kent Johnson,,draftkings,270,,oddsapi
2026-10-09T23:05:07Z,2026-10-09,PIT @ CBJ,1eb386b963ae5a82eba436c25e50cf24,ags,yes,Valeri Nichushkin,,draftkings,280,,oddsapi
2026-10-09T23:05:07Z,2026-10-09,PIT @ CBJ,1eb386b963ae5a82eba436c25e50cf24,ags,yes,Sean Monahan,,draftkings,295,,oddsapi
2026-10-09T23:05:07Z,2026-10-09,PIT @ CBJ,1eb386b963ae5a82eba436c25e50cf24,ags,yes,Charlie Coyle,,draftkings,310,,oddsapi
2026-10-09T23:05:07Z,2026-10-09,PIT @ CBJ,1eb386b963ae5a82eba436c25e50cf24,ags,yes,Tommy Novak,,draftkings,310,,oddsapi
2026-10-09T23:05:07Z,2026-10-09,PIT @ CBJ,1eb386b963ae5a82eba436c25e50cf24,ags,yes,Zach Werenski,,draftkings,310,,oddsapi
2026-10-09T23:05:07Z,2026-10-09,PIT @ CBJ,1eb386b963ae5a82eba436c25e50cf24,ags,yes,Dmitri Voronkov,,draftkings,340,,oddsapi
2026-10-09T23:05:07Z,2026-10-09,PIT @ CBJ,1eb386b963ae5a82eba436c25e50cf24,ags,yes,Cole Sillinger,,draftkings,400,,oddsapi
2026-10-09T23:05:07Z,2026-10-09,PIT @ CBJ,1eb386b963ae5a82eba436c25e50cf24,ags,yes,Conor Garland,,draftkings,425,,oddsapi
2026-10-09T23:05:07Z,2026-10-09,PIT @ CBJ,1eb386b963ae5a82eba436c25e50cf24,ags,yes,Erik Karlsson,,draftkings,450,,oddsapi
2026-10-09T23:05:07Z,2026-10-09,PIT @ CBJ,1eb386b963ae5a82eba436c25e50cf24,ags,yes,Mathieu Olivier,,draftkings,475,,oddsapi
2026-10-09T23:05:07Z,2026-10-09,PIT @ CBJ,1eb386b963ae5a82eba436c25e50cf24,ags,yes,Hendrix Lapierre,,draftkings,475,,oddsapi
2026-10-09T23:05:07Z,2026-10-09,PIT @ CBJ,1eb386b963ae5a82eba436c25e50cf24,ags,yes,Ville Koivunen,,draftkings,500,,oddsapi
2026-10-09T23:05:07Z,2026-10-09,PIT @ CBJ,1eb386b963ae5a82eba436c25e50cf24,ags,yes,Nick Robertson,,draftkings,550,,oddsapi
2026-10-09T23:05:07Z,2026-10-09,PIT @ CBJ,1eb386b963ae5a82eba436c25e50cf24,ags,yes,Connor Dewar,,draftkings,550,,oddsapi
2026-10-09T23:05:07Z,2026-10-09,PIT @ CBJ,1eb386b963ae5a82eba436c25e50cf24,ags,yes,Kris Letang,,draftkings,700,,oddsapi
2026-10-09T23:05:07Z,2026-10-09,PIT @ CBJ,1eb386b963ae5a82eba436c25e50cf24,ags,yes,Blake Lizotte,,draftkings,750,,oddsapi
2026-10-09T23:05:07Z,2026-10-09,PIT @ CBJ,1eb386b963ae5a82eba436c25e50cf24,ags,yes,Damon Severson,,draftkings,750,,oddsapi
2026-10-09T23:05:07Z,2026-10-09,PIT @ CBJ,1eb386b963ae5a82eba436c25e50cf24,ags,yes,Danton Heinen,,draftkings,750,,oddsapi
2026-10-09T23:05:07Z,2026-10-09,PIT @ CBJ,1eb386b963ae5a82eba436c25e50cf24,ags,yes,Denton Mateychuk,,draftkings,800,,oddsapi
2026-10-09T23:05:07Z,2026-10-09,PIT @ CBJ,1eb386b963ae5a82eba436c25e50cf24,ags,yes,Ryan Lomberg,,draftkings,1000,,oddsapi
2026-10-09T23:05:07Z,2026-10-09,PIT @ CBJ,1eb386b963ae5a82eba436c25e50cf24,ags,yes,Declan Carlile,,draftkings,1100,,oddsapi
2026-10-09T23:05:07Z,2026-10-09,PIT @ CBJ,1eb386b963ae5a82eba436c25e50cf24,ags,yes,Samuel Girard,,draftkings,1500,,oddsapi
2026-10-09T23:05:07Z,2026-10-09,PIT @ CBJ,1eb386b963ae5a82eba436c25e50cf24,ags,yes,Trevor van Riemsdyk,,draftkings,1600,,oddsapi
2026-10-09T23:05:07Z,2026-10-09,PIT @ CBJ,1eb386b963ae5a82eba436c25e50cf24,ags,yes,Carson Soucy,,draftkings,1800,,oddsapi
2026-10-09T23:05:07Z,2026-10-09,PIT @ CBJ,1eb386b963ae5a82eba436c25e50cf24,ags,yes,Kaedan Korczak,,draftkings,2200,,oddsapi
2026-10-09T23:05:07Z,2026-10-09,PIT @ CBJ,1eb386b963ae5a82eba436c25e50cf24,ags,yes,Erik Gudbranson,,draftkings,2200,,oddsapi
2026-10-09T23:05:07Z,2026-10-09,PIT @ CBJ,1eb386b963ae5a82eba436c25e50cf24,ags,yes,Emil Andrae,,draftkings,2800,,oddsapi
2026-10-09T23:05:07Z,2026-10-09,PIT @ CBJ,1eb386b963ae5a82eba436c25e50cf24,fgs,yes,Sidney Crosby,,draftkings,1100,,oddsapi
2026-10-09T23:05:07Z,2026-10-09,PIT @ CBJ,1eb386b963ae5a82eba436c25e50cf24,fgs,yes,Matthew Knies,,draftkings,1100,,oddsapi
2026-10-09T23:05:07Z,2026-10-09,PIT @ CBJ,1eb386b963ae5a82eba436c25e50cf24,fgs,yes,Rickard Rakell,,draftkings,1400,,oddsapi
2026-10-09T23:05:07Z,2026-10-09,PIT @ CBJ,1eb386b963ae5a82eba436c25e50cf24,fgs,yes,Adam Fantilli,,draftkings,1400,,oddsapi
2026-10-09T23:05:07Z,2026-10-09,PIT @ CBJ,1eb386b963ae5a82eba436c25e50cf24,fgs,yes,Bryan Rust,,draftkings,1500,,oddsapi
2026-10-09T23:05:07Z,2026-10-09,PIT @ CBJ,1eb386b963ae5a82eba436c25e50cf24,fgs,yes,Valeri Nichushkin,,draftkings,1600,,oddsapi
2026-10-09T23:05:07Z,2026-10-09,PIT @ CBJ,1eb386b963ae5a82eba436c25e50cf24,fgs,yes,Kent Johnson,,draftkings,1700,,oddsapi
2026-10-09T23:05:07Z,2026-10-09,PIT @ CBJ,1eb386b963ae5a82eba436c25e50cf24,fgs,yes,Evgeni Malkin,,draftkings,1700,,oddsapi
2026-10-09T23:05:07Z,2026-10-09,PIT @ CBJ,1eb386b963ae5a82eba436c25e50cf24,fgs,yes,Yegor Chinakhov,,draftkings,1700,,oddsapi
2026-10-09T23:05:07Z,2026-10-09,PIT @ CBJ,1eb386b963ae5a82eba436c25e50cf24,fgs,yes,Ben Kindel,,draftkings,1800,,oddsapi
2026-10-09T23:05:07Z,2026-10-09,PIT @ CBJ,1eb386b963ae5a82eba436c25e50cf24,fgs,yes,Charlie Coyle,,draftkings,1900,,oddsapi
2026-10-09T23:05:07Z,2026-10-09,PIT @ CBJ,1eb386b963ae5a82eba436c25e50cf24,fgs,yes,Tommy Novak,,draftkings,2000,,oddsapi
2026-10-09T23:05:07Z,2026-10-09,PIT @ CBJ,1eb386b963ae5a82eba436c25e50cf24,fgs,yes,Sean Monahan,,draftkings,2000,,oddsapi
2026-10-09T23:05:07Z,2026-10-09,PIT @ CBJ,1eb386b963ae5a82eba436c25e50cf24,fgs,yes,Zach Werenski,,draftkings,2000,,oddsapi
2026-10-09T23:05:07Z,2026-10-09,PIT @ CBJ,1eb386b963ae5a82eba436c25e50cf24,fgs,yes,Cole Sillinger,,draftkings,2200,,oddsapi
2026-10-09T23:05:07Z,2026-10-09,PIT @ CBJ,1eb386b963ae5a82eba436c25e50cf24,fgs,yes,Dmitri Voronkov,,draftkings,2200,,oddsapi
2026-10-09T23:05:07Z,2026-10-09,PIT @ CBJ,1eb386b963ae5a82eba436c25e50cf24,fgs,yes,Conor Garland,,draftkings,2500,,oddsapi
2026-10-09T23:05:07Z,2026-10-09,PIT @ CBJ,1eb386b963ae5a82eba436c25e50cf24,fgs,yes,Erik Karlsson,,draftkings,2800,,oddsapi
2026-10-09T23:05:07Z,2026-10-09,PIT @ CBJ,1eb386b963ae5a82eba436c25e50cf24,fgs,yes,Hendrix Lapierre,,draftkings,2800,,oddsapi
2026-10-09T23:05:07Z,2026-10-09,PIT @ CBJ,1eb386b963ae5a82eba436c25e50cf24,fgs,yes,Mathieu Olivier,,draftkings,2800,,oddsapi
2026-10-09T23:05:07Z,2026-10-09,PIT @ CBJ,1eb386b963ae5a82eba436c25e50cf24,fgs,yes,Ville Koivunen,,draftkings,3000,,oddsapi
2026-10-09T23:05:07Z,2026-10-09,PIT @ CBJ,1eb386b963ae5a82eba436c25e50cf24,fgs,yes,Connor Dewar,,draftkings,3500,,oddsapi
2026-10-09T23:05:07Z,2026-10-09,PIT @ CBJ,1eb386b963ae5a82eba436c25e50cf24,fgs,yes,Nick Robertson,,draftkings,3500,,oddsapi
2026-10-09T23:05:07Z,2026-10-09,PIT @ CBJ,1eb386b963ae5a82eba436c25e50cf24,fgs,yes,Damon Severson,,draftkings,4000,,oddsapi
2026-10-09T23:05:07Z,2026-10-09,PIT @ CBJ,1eb386b963ae5a82eba436c25e50cf24,fgs,yes,Denton Mateychuk,,draftkings,4000,,oddsapi
2026-10-09T23:05:07Z,2026-10-09,PIT @ CBJ,1eb386b963ae5a82eba436c25e50cf24,fgs,yes,Blake Lizotte,,draftkings,4000,,oddsapi
2026-10-09T23:05:07Z,2026-10-09,PIT @ CBJ,1eb386b963ae5a82eba436c25e50cf24,fgs,yes,Kris Letang,,draftkings,4000,,oddsapi
2026-10-09T23:05:07Z,2026-10-09,PIT @ CBJ,1eb386b963ae5a82eba436c25e50cf24,fgs,yes,Danton Heinen,,draftkings,4000,,oddsapi
2026-10-09T23:05:07Z,2026-10-09,PIT @ CBJ,1eb386b963ae5a82eba436c25e50cf24,fgs,yes,Ryan Lomberg,,draftkings,5000,,oddsapi
2026-10-09T23:05:07Z,2026-10-09,PIT @ CBJ,1eb386b963ae5a82eba436c25e50cf24,fgs,yes,Declan Carlile,,draftkings,6000,,oddsapi
2026-10-09T23:05:07Z,2026-10-09,PIT @ CBJ,1eb386b963ae5a82eba436c25e50cf24,fgs,yes,Trevor van Riemsdyk,,draftkings,8000,,oddsapi
2026-10-09T23:05:07Z,2026-10-09,PIT @ CBJ,1eb386b963ae5a82eba436c25e50cf24,fgs,yes,Carson Soucy,,draftkings,8000,,oddsapi
2026-10-09T23:05:07Z,2026-10-09,PIT @ CBJ,1eb386b963ae5a82eba436c25e50cf24,fgs,yes,Samuel Girard,,draftkings,8000,,oddsapi
2026-10-09T23:05:07Z,2026-10-09,PIT @ CBJ,1eb386b963ae5a82eba436c25e50cf24,fgs,yes,Kaedan Korczak,,draftkings,9000,,oddsapi
2026-10-09T23:05:07Z,2026-10-09,PIT @ CBJ,1eb386b963ae5a82eba436c25e50cf24,fgs,yes,Erik Gudbranson,,draftkings,9000,,oddsapi
2026-10-09T23:05:07Z,2026-10-09,PIT @ CBJ,1eb386b963ae5a82eba436c25e50cf24,fgs,yes,Emil Andrae,,draftkings,11000,,oddsapi
2026-10-09T23:05:07Z,2026-10-09,PIT @ CBJ,1eb386b963ae5a82eba436c25e50cf24,lgs,yes,Matthew Knies,,draftkings,1000,,oddsapi
2026-10-09T23:05:07Z,2026-10-09,PIT @ CBJ,1eb386b963ae5a82eba436c25e50cf24,lgs,yes,Sidney Crosby,,draftkings,1100,,oddsapi
2026-10-09T23:05:07Z,2026-10-09,PIT @ CBJ,1eb386b963ae5a82eba436c25e50cf24,lgs,yes,Rickard Rakell,,draftkings,1200,,oddsapi
2026-10-09T23:05:07Z,2026-10-09,PIT @ CBJ,1eb386b963ae5a82eba436c25e50cf24,lgs,yes,Bryan Rust,,draftkings,1200,,oddsapi
2026-10-09T23:05:07Z,2026-10-09,PIT @ CBJ,1eb386b963ae5a82eba436c25e50cf24,lgs,yes,Adam Fantilli,,draftkings,1200,,oddsapi
2026-10-09T23:05:07Z,2026-10-09,PIT @ CBJ,1eb386b963ae5a82eba436c25e50cf24,lgs,yes,Yegor Chinakhov,,draftkings,1300,,oddsapi
2026-10-09T23:05:07Z,2026-10-09,PIT @ CBJ,1eb386b963ae5a82eba436c25e50cf24,lgs,yes,Evgeni Malkin,,draftkings,1400,,oddsapi
2026-10-09T23:05:07Z,2026-10-09,PIT @ CBJ,1eb386b963ae5a82eba436c25e50cf24,lgs,yes,Valeri Nichushkin,,draftkings,1500,,oddsapi
2026-10-09T23:05:07Z,2026-10-09,PIT @ CBJ,1eb386b963ae5a82eba436c25e50cf24,lgs,yes,Kent Johnson,,draftkings,1500,,oddsapi
2026-10-09T23:05:07Z,2026-10-09,PIT @ CBJ,1eb386b963ae5a82eba436c25e50cf24,lgs,yes,Tommy Novak,,draftkings,1500,,oddsapi
2026-10-09T23:05:07Z,2026-10-09,PIT @ CBJ,1eb386b963ae5a82eba436c25e50cf24,lgs,yes,Ben Kindel,,draftkings,1500,,oddsapi
2026-10-09T23:05:07Z,2026-10-09,PIT @ CBJ,1eb386b963ae5a82eba436c25e50cf24,lgs,yes,Zach Werenski,,draftkings,1600,,oddsapi
2026-10-09T23:05:07Z,2026-10-09,PIT @ CBJ,1eb386b963ae5a82eba436c25e50cf24,lgs,yes,Sean Monahan,,draftkings,1600,,oddsapi
2026-10-09T23:05:07Z,2026-10-09,PIT @ CBJ,1eb386b963ae5a82eba436c25e50cf24,lgs,yes,Dmitri Voronkov,,draftkings,1700,,oddsapi
2026-10-09T23:05:07Z,2026-10-09,PIT @ CBJ,1eb386b963ae5a82eba436c25e50cf24,lgs,yes,Charlie Coyle,,draftkings,1800,,oddsapi
2026-10-09T23:05:07Z,2026-10-09,PIT @ CBJ,1eb386b963ae5a82eba436c25e50cf24,lgs,yes,Cole Sillinger,,draftkings,2000,,oddsapi
2026-10-09T23:05:07Z,2026-10-09,PIT @ CBJ,1eb386b963ae5a82eba436c25e50cf24,lgs,yes,Erik Karlsson,,draftkings,2200,,oddsapi
2026-10-09T23:05:07Z,2026-10-09,PIT @ CBJ,1eb386b963ae5a82eba436c25e50cf24,lgs,yes,Mathieu Olivier,,draftkings,2200,,oddsapi
2026-10-09T23:05:07Z,2026-10-09,PIT @ CBJ,1eb386b963ae5a82eba436c25e50cf24,lgs,yes,Hendrix Lapierre,,draftkings,2200,,oddsapi
2026-10-09T23:05:07Z,2026-10-09,PIT @ CBJ,1eb386b963ae5a82eba436c25e50cf24,lgs,yes,Ville Koivunen,,draftkings,2200,,oddsapi
2026-10-09T23:05:07Z,2026-10-09,PIT @ CBJ,1eb386b963ae5a82eba436c25e50cf24,lgs,yes,Conor Garland,,draftkings,2200,,oddsapi
2026-10-09T23:05:07Z,2026-10-09,PIT @ CBJ,1eb386b963ae5a82eba436c25e50cf24,lgs,yes,Nick Robertson,,draftkings,2500,,oddsapi
2026-10-09T23:05:07Z,2026-10-09,PIT @ CBJ,1eb386b963ae5a82eba436c25e50cf24,lgs,yes,Connor Dewar,,draftkings,2500,,oddsapi
2026-10-09T23:05:07Z,2026-10-09,PIT @ CBJ,1eb386b963ae5a82eba436c25e50cf24,lgs,yes,Blake Lizotte,,draftkings,2800,,oddsapi
2026-10-09T23:05:07Z,2026-10-09,PIT @ CBJ,1eb386b963ae5a82eba436c25e50cf24,lgs,yes,Kris Letang,,draftkings,3000,,oddsapi
2026-10-09T23:05:07Z,2026-10-09,PIT @ CBJ,1eb386b963ae5a82eba436c25e50cf24,lgs,yes,Danton Heinen,,draftkings,3000,,oddsapi
2026-10-09T23:05:07Z,2026-10-09,PIT @ CBJ,1eb386b963ae5a82eba436c25e50cf24,lgs,yes,Damon Severson,,draftkings,3000,,oddsapi
2026-10-09T23:05:07Z,2026-10-09,PIT @ CBJ,1eb386b963ae5a82eba436c25e50cf24,lgs,yes,Denton Mateychuk,,draftkings,3000,,oddsapi
2026-10-09T23:05:07Z,2026-10-09,PIT @ CBJ,1eb386b963ae5a82eba436c25e50cf24,lgs,yes,Ryan Lomberg,,draftkings,3500,,oddsapi
2026-10-09T23:05:07Z,2026-10-09,PIT @ CBJ,1eb386b963ae5a82eba436c25e50cf24,lgs,yes,Declan Carlile,,draftkings,4000,,oddsapi
2026-10-09T23:05:07Z,2026-10-09,PIT @ CBJ,1eb386b963ae5a82eba436c25e50cf24,lgs,yes,Samuel Girard,,draftkings,4500,,oddsapi
2026-10-09T23:05:07Z,2026-10-09,PIT @ CBJ,1eb386b963ae5a82eba436c25e50cf24,lgs,yes,Trevor van Riemsdyk,,draftkings,5500,,oddsapi
2026-10-09T23:05:07Z,2026-10-09,PIT @ CBJ,1eb386b963ae5a82eba436c25e50cf24,lgs,yes,Carson Soucy,,draftkings,6000,,oddsapi
2026-10-09T23:05:07Z,2026-10-09,PIT @ CBJ,1eb386b963ae5a82eba436c25e50cf24,lgs,yes,Erik Gudbranson,,draftkings,6000,,oddsapi
2026-10-09T23:05:07Z,2026-10-09,PIT @ CBJ,1eb386b963ae5a82eba436c25e50cf24,lgs,yes,Kaedan Korczak,,draftkings,7000,,oddsapi
2026-10-09T23:05:07Z,2026-10-09,PIT @ CBJ,1eb386b963ae5a82eba436c25e50cf24,lgs,yes,Emil Andrae,,draftkings,7500,,oddsapi
2026-10-09T23:05:07Z,2026-10-09,PIT @ CBJ,1eb386b963ae5a82eba436c25e50cf24,sk_pts,over,Zach Werenski,0.5,draftkings,-220,160,oddsapi
2026-10-09T23:05:07Z,2026-10-09,PIT @ CBJ,1eb386b963ae5a82eba436c25e50cf24,sk_pts,under,Zach Werenski,0.5,draftkings,160,-220,oddsapi
2026-10-09T23:05:07Z,2026-10-09,PIT @ CBJ,1eb386b963ae5a82eba436c25e50cf24,sk_pts,over,Sidney Crosby,0.5,draftkings,-210,155,oddsapi
2026-10-09T23:05:07Z,2026-10-09,PIT @ CBJ,1eb386b963ae5a82eba436c25e50cf24,sk_pts,under,Sidney Crosby,0.5,draftkings,155,-210,oddsapi
2026-10-09T23:05:07Z,2026-10-09,PIT @ CBJ,1eb386b963ae5a82eba436c25e50cf24,sk_pts,over,Matthew Knies,0.5,draftkings,-200,145,oddsapi
2026-10-09T23:05:07Z,2026-10-09,PIT @ CBJ,1eb386b963ae5a82eba436c25e50cf24,sk_pts,under,Matthew Knies,0.5,draftkings,145,-200,oddsapi
2026-10-09T23:05:07Z,2026-10-09,PIT @ CBJ,1eb386b963ae5a82eba436c25e50cf24,sk_pts,over,Evgeni Malkin,0.5,draftkings,-160,115,oddsapi
2026-10-09T23:05:07Z,2026-10-09,PIT @ CBJ,1eb386b963ae5a82eba436c25e50cf24,sk_pts,under,Evgeni Malkin,0.5,draftkings,115,-160,oddsapi
2026-10-09T23:05:07Z,2026-10-09,PIT @ CBJ,1eb386b963ae5a82eba436c25e50cf24,sk_pts,over,Adam Fantilli,0.5,draftkings,-155,115,oddsapi
2026-10-09T23:05:07Z,2026-10-09,PIT @ CBJ,1eb386b963ae5a82eba436c25e50cf24,sk_pts,under,Adam Fantilli,0.5,draftkings,115,-155,oddsapi
2026-10-09T23:05:07Z,2026-10-09,PIT @ CBJ,1eb386b963ae5a82eba436c25e50cf24,sk_pts,over,Rickard Rakell,0.5,draftkings,-150,110,oddsapi
2026-10-09T23:05:07Z,2026-10-09,PIT @ CBJ,1eb386b963ae5a82eba436c25e50cf24,sk_pts,under,Rickard Rakell,0.5,draftkings,110,-150,oddsapi
2026-10-09T23:05:07Z,2026-10-09,PIT @ CBJ,1eb386b963ae5a82eba436c25e50cf24,sk_pts,over,Erik Karlsson,0.5,draftkings,-140,100,oddsapi
2026-10-09T23:05:07Z,2026-10-09,PIT @ CBJ,1eb386b963ae5a82eba436c25e50cf24,sk_pts,under,Erik Karlsson,0.5,draftkings,100,-140,oddsapi
2026-10-09T23:05:07Z,2026-10-09,PIT @ CBJ,1eb386b963ae5a82eba436c25e50cf24,sk_pts,over,Bryan Rust,0.5,draftkings,-130,-105,oddsapi
2026-10-09T23:05:07Z,2026-10-09,PIT @ CBJ,1eb386b963ae5a82eba436c25e50cf24,sk_pts,under,Bryan Rust,0.5,draftkings,-105,-130,oddsapi
2026-10-09T23:05:07Z,2026-10-09,PIT @ CBJ,1eb386b963ae5a82eba436c25e50cf24,sk_pts,over,Valeri Nichushkin,0.5,draftkings,-110,-125,oddsapi
2026-10-09T23:05:07Z,2026-10-09,PIT @ CBJ,1eb386b963ae5a82eba436c25e50cf24,sk_pts,under,Valeri Nichushkin,0.5,draftkings,-125,-110,oddsapi
2026-10-09T23:05:07Z,2026-10-09,PIT @ CBJ,1eb386b963ae5a82eba436c25e50cf24,sk_pts,over,Charlie Coyle,0.5,draftkings,-105,-130,oddsapi
2026-10-09T23:05:07Z,2026-10-09,PIT @ CBJ,1eb386b963ae5a82eba436c25e50cf24,sk_pts,under,Charlie Coyle,0.5,draftkings,-130,-105,oddsapi
2026-10-09T23:05:07Z,2026-10-09,PIT @ CBJ,1eb386b963ae5a82eba436c25e50cf24,sk_pts,over,Kent Johnson,0.5,draftkings,100,-135,oddsapi
2026-10-09T23:05:07Z,2026-10-09,PIT @ CBJ,1eb386b963ae5a82eba436c25e50cf24,sk_pts,under,Kent Johnson,0.5,draftkings,-135,100,oddsapi
2026-10-09T23:05:07Z,2026-10-09,PIT @ CBJ,1eb386b963ae5a82eba436c25e50cf24,sk_pts,over,Yegor Chinakhov,0.5,draftkings,100,-135,oddsapi
2026-10-09T23:05:07Z,2026-10-09,PIT @ CBJ,1eb386b963ae5a82eba436c25e50cf24,sk_pts,under,Yegor Chinakhov,0.5,draftkings,-135,100,oddsapi
2026-10-09T23:05:07Z,2026-10-09,PIT @ CBJ,1eb386b963ae5a82eba436c25e50cf24,sk_pts,over,Sean Monahan,0.5,draftkings,110,-145,oddsapi
2026-10-09T23:05:07Z,2026-10-09,PIT @ CBJ,1eb386b963ae5a82eba436c25e50cf24,sk_pts,under,Sean Monahan,0.5,draftkings,-145,110,oddsapi
2026-10-09T23:05:07Z,2026-10-09,PIT @ CBJ,1eb386b963ae5a82eba436c25e50cf24,sk_pts,over,Tommy Novak,0.5,draftkings,110,-145,oddsapi
2026-10-09T23:05:07Z,2026-10-09,PIT @ CBJ,1eb386b963ae5a82eba436c25e50cf24,sk_pts,under,Tommy Novak,0.5,draftkings,-145,110,oddsapi
2026-10-09T23:05:07Z,2026-10-09,PIT @ CBJ,1eb386b963ae5a82eba436c25e50cf24,sk_pts,over,Ben Kindel,0.5,draftkings,115,-155,oddsapi
2026-10-09T23:05:07Z,2026-10-09,PIT @ CBJ,1eb386b963ae5a82eba436c25e50cf24,sk_pts,under,Ben Kindel,0.5,draftkings,-155,115,oddsapi
2026-10-09T23:05:07Z,2026-10-09,PIT @ CBJ,1eb386b963ae5a82eba436c25e50cf24,sk_pts,over,Kris Letang,0.5,draftkings,125,-170,oddsapi
2026-10-09T23:05:07Z,2026-10-09,PIT @ CBJ,1eb386b963ae5a82eba436c25e50cf24,sk_pts,under,Kris Letang,0.5,draftkings,-170,125,oddsapi
2026-10-09T23:05:07Z,2026-10-09,PIT @ CBJ,1eb386b963ae5a82eba436c25e50cf24,sk_pts,over,Dmitri Voronkov,0.5,draftkings,150,-205,oddsapi
2026-10-09T23:05:07Z,2026-10-09,PIT @ CBJ,1eb386b963ae5a82eba436c25e50cf24,sk_pts,under,Dmitri Voronkov,0.5,draftkings,-205,150,oddsapi
2026-10-09T23:05:07Z,2026-10-09,PIT @ CBJ,1eb386b963ae5a82eba436c25e50cf24,sk_pts,over,Conor Garland,0.5,draftkings,155,-215,oddsapi
2026-10-09T23:05:07Z,2026-10-09,PIT @ CBJ,1eb386b963ae5a82eba436c25e50cf24,sk_pts,under,Conor Garland,0.5,draftkings,-215,155,oddsapi
2026-10-09T23:05:07Z,2026-10-09,PIT @ CBJ,1eb386b963ae5a82eba436c25e50cf24,sk_pts,over,Hendrix Lapierre,0.5,draftkings,155,-215,oddsapi
2026-10-09T23:05:07Z,2026-10-09,PIT @ CBJ,1eb386b963ae5a82eba436c25e50cf24,sk_pts,under,Hendrix Lapierre,0.5,draftkings,-215,155,oddsapi
2026-10-09T23:05:07Z,2026-10-09,PIT @ CBJ,1eb386b963ae5a82eba436c25e50cf24,sk_pts,over,Denton Mateychuk,0.5,draftkings,170,-235,oddsapi
2026-10-09T23:05:07Z,2026-10-09,PIT @ CBJ,1eb386b963ae5a82eba436c25e50cf24,sk_pts,under,Denton Mateychuk,0.5,draftkings,-235,170,oddsapi
2026-10-09T23:05:07Z,2026-10-09,PIT @ CBJ,1eb386b963ae5a82eba436c25e50cf24,sk_pts,over,Damon Severson,0.5,draftkings,185,-255,oddsapi
2026-10-09T23:05:07Z,2026-10-09,PIT @ CBJ,1eb386b963ae5a82eba436c25e50cf24,sk_pts,under,Damon Severson,0.5,draftkings,-255,185,oddsapi
2026-10-09T23:05:07Z,2026-10-09,PIT @ CBJ,1eb386b963ae5a82eba436c25e50cf24,sk_sog,over,Zach Werenski,3.5,draftkings,-120,-115,oddsapi
2026-10-09T23:05:07Z,2026-10-09,PIT @ CBJ,1eb386b963ae5a82eba436c25e50cf24,sk_sog,under,Zach Werenski,3.5,draftkings,-115,-120,oddsapi
2026-10-09T23:05:07Z,2026-10-09,PIT @ CBJ,1eb386b963ae5a82eba436c25e50cf24,sk_sog,over,Adam Fantilli,2.5,draftkings,105,-140,oddsapi
2026-10-09T23:05:07Z,2026-10-09,PIT @ CBJ,1eb386b963ae5a82eba436c25e50cf24,sk_sog,under,Adam Fantilli,2.5,draftkings,-140,105,oddsapi
2026-10-09T23:05:07Z,2026-10-09,PIT @ CBJ,1eb386b963ae5a82eba436c25e50cf24,sk_sog,over,Rickard Rakell,2.5,draftkings,105,-145,oddsapi
2026-10-09T23:05:07Z,2026-10-09,PIT @ CBJ,1eb386b963ae5a82eba436c25e50cf24,sk_sog,under,Rickard Rakell,2.5,draftkings,-145,105,oddsapi
2026-10-09T23:05:07Z,2026-10-09,PIT @ CBJ,1eb386b963ae5a82eba436c25e50cf24,sk_sog,over,Bryan Rust,2.5,draftkings,125,-170,oddsapi
2026-10-09T23:05:07Z,2026-10-09,PIT @ CBJ,1eb386b963ae5a82eba436c25e50cf24,sk_sog,under,Bryan Rust,2.5,draftkings,-170,125,oddsapi
2026-10-09T23:05:07Z,2026-10-09,PIT @ CBJ,1eb386b963ae5a82eba436c25e50cf24,sk_sog,over,Erik Karlsson,2.5,draftkings,130,-175,oddsapi
2026-10-09T23:05:07Z,2026-10-09,PIT @ CBJ,1eb386b963ae5a82eba436c25e50cf24,sk_sog,under,Erik Karlsson,2.5,draftkings,-175,130,oddsapi
2026-10-09T23:05:07Z,2026-10-09,PIT @ CBJ,1eb386b963ae5a82eba436c25e50cf24,sk_sog,over,Sidney Crosby,2.5,draftkings,130,-175,oddsapi
2026-10-09T23:05:07Z,2026-10-09,PIT @ CBJ,1eb386b963ae5a82eba436c25e50cf24,sk_sog,under,Sidney Crosby,2.5,draftkings,-175,130,oddsapi
2026-10-09T23:05:07Z,2026-10-09,PIT @ CBJ,1eb386b963ae5a82eba436c25e50cf24,sk_sog,over,Yegor Chinakhov,1.5,draftkings,-190,140,oddsapi
2026-10-09T23:05:07Z,2026-10-09,PIT @ CBJ,1eb386b963ae5a82eba436c25e50cf24,sk_sog,under,Yegor Chinakhov,1.5,draftkings,140,-190,oddsapi
2026-10-09T23:05:07Z,2026-10-09,PIT @ CBJ,1eb386b963ae5a82eba436c25e50cf24,sk_sog,over,Evgeni Malkin,1.5,draftkings,-185,135,oddsapi
2026-10-09T23:05:07Z,2026-10-09,PIT @ CBJ,1eb386b963ae5a82eba436c25e50cf24,sk_sog,under,Evgeni Malkin,1.5,draftkings,135,-185,oddsapi
2026-10-09T23:05:07Z,2026-10-09,PIT @ CBJ,1eb386b963ae5a82eba436c25e50cf24,sk_sog,over,Ben Kindel,1.5,draftkings,-175,130,oddsapi
2026-10-09T23:05:07Z,2026-10-09,PIT @ CBJ,1eb386b963ae5a82eba436c25e50cf24,sk_sog,under,Ben Kindel,1.5,draftkings,130,-175,oddsapi
2026-10-09T23:05:07Z,2026-10-09,PIT @ CBJ,1eb386b963ae5a82eba436c25e50cf24,sk_sog,over,Matthew Knies,1.5,draftkings,-160,120,oddsapi
2026-10-09T23:05:07Z,2026-10-09,PIT @ CBJ,1eb386b963ae5a82eba436c25e50cf24,sk_sog,under,Matthew Knies,1.5,draftkings,120,-160,oddsapi
2026-10-09T23:05:07Z,2026-10-09,PIT @ CBJ,1eb386b963ae5a82eba436c25e50cf24,sk_sog,over,Kent Johnson,1.5,draftkings,-150,110,oddsapi
2026-10-09T23:05:07Z,2026-10-09,PIT @ CBJ,1eb386b963ae5a82eba436c25e50cf24,sk_sog,under,Kent Johnson,1.5,draftkings,110,-150,oddsapi
2026-10-09T23:05:07Z,2026-10-09,PIT @ CBJ,1eb386b963ae5a82eba436c25e50cf24,sk_sog,over,Valeri Nichushkin,1.5,draftkings,-150,110,oddsapi
2026-10-09T23:05:07Z,2026-10-09,PIT @ CBJ,1eb386b963ae5a82eba436c25e50cf24,sk_sog,under,Valeri Nichushkin,1.5,draftkings,110,-150,oddsapi
2026-10-09T23:05:07Z,2026-10-09,PIT @ CBJ,1eb386b963ae5a82eba436c25e50cf24,sk_sog,over,Charlie Coyle,1.5,draftkings,-130,-105,oddsapi
2026-10-09T23:05:07Z,2026-10-09,PIT @ CBJ,1eb386b963ae5a82eba436c25e50cf24,sk_sog,under,Charlie Coyle,1.5,draftkings,-105,-130,oddsapi
2026-10-09T23:05:07Z,2026-10-09,PIT @ CBJ,1eb386b963ae5a82eba436c25e50cf24,sk_sog,over,Tommy Novak,1.5,draftkings,-115,-120,oddsapi
2026-10-09T23:05:07Z,2026-10-09,PIT @ CBJ,1eb386b963ae5a82eba436c25e50cf24,sk_sog,under,Tommy Novak,1.5,draftkings,-120,-115,oddsapi
2026-10-09T23:05:07Z,2026-10-09,PIT @ CBJ,1eb386b963ae5a82eba436c25e50cf24,sk_sog,over,Sean Monahan,1.5,draftkings,-110,-120,oddsapi
2026-10-09T23:05:07Z,2026-10-09,PIT @ CBJ,1eb386b963ae5a82eba436c25e50cf24,sk_sog,under,Sean Monahan,1.5,draftkings,-120,-110,oddsapi
2026-10-09T23:05:07Z,2026-10-09,PIT @ CBJ,1eb386b963ae5a82eba436c25e50cf24,sk_sog,over,Kris Letang,1.5,draftkings,100,-140,oddsapi
2026-10-09T23:05:07Z,2026-10-09,PIT @ CBJ,1eb386b963ae5a82eba436c25e50cf24,sk_sog,under,Kris Letang,1.5,draftkings,-140,100,oddsapi
2026-10-09T23:05:07Z,2026-10-09,PIT @ CBJ,1eb386b963ae5a82eba436c25e50cf24,sk_sog,over,Conor Garland,1.5,draftkings,110,-150,oddsapi
2026-10-09T23:05:07Z,2026-10-09,PIT @ CBJ,1eb386b963ae5a82eba436c25e50cf24,sk_sog,under,Conor Garland,1.5,draftkings,-150,110,oddsapi
2026-10-09T23:05:07Z,2026-10-09,PIT @ CBJ,1eb386b963ae5a82eba436c25e50cf24,sk_sog,over,Dmitri Voronkov,1.5,draftkings,110,-150,oddsapi
2026-10-09T23:05:07Z,2026-10-09,PIT @ CBJ,1eb386b963ae5a82eba436c25e50cf24,sk_sog,under,Dmitri Voronkov,1.5,draftkings,-150,110,oddsapi
2026-10-09T23:05:07Z,2026-10-09,PIT @ CBJ,1eb386b963ae5a82eba436c25e50cf24,sk_sog,over,Mathieu Olivier,1.5,draftkings,115,-155,oddsapi
2026-10-09T23:05:07Z,2026-10-09,PIT @ CBJ,1eb386b963ae5a82eba436c25e50cf24,sk_sog,under,Mathieu Olivier,1.5,draftkings,-155,115,oddsapi
2026-10-09T23:05:07Z,2026-10-09,PIT @ CBJ,1eb386b963ae5a82eba436c25e50cf24,sk_sog,over,Damon Severson,1.5,draftkings,160,-215,oddsapi
2026-10-09T23:05:07Z,2026-10-09,PIT @ CBJ,1eb386b963ae5a82eba436c25e50cf24,sk_sog,under,Damon Severson,1.5,draftkings,-215,160,oddsapi
2026-10-09T23:05:07Z,2026-10-09,PIT @ CBJ,1eb386b963ae5a82eba436c25e50cf24,sk_sog,over,Hendrix Lapierre,1.5,draftkings,170,-235,oddsapi
2026-10-09T23:05:07Z,2026-10-09,PIT @ CBJ,1eb386b963ae5a82eba436c25e50cf24,sk_sog,under,Hendrix Lapierre,1.5,draftkings,-235,170,oddsapi
2026-10-09T23:05:07Z,2026-10-09,PIT @ CBJ,1eb386b963ae5a82eba436c25e50cf24,g_saves,over,Sergei Murashov,25.5,draftkings,100,-135,oddsapi
2026-10-09T23:05:07Z,2026-10-09,PIT @ CBJ,1eb386b963ae5a82eba436c25e50cf24,g_saves,under,Sergei Murashov,25.5,draftkings,-135,100,oddsapi
2026-10-09T23:05:07Z,2026-10-09,PIT @ CBJ,1eb386b963ae5a82eba436c25e50cf24,p1_pl,CBJ,,0.5,draftkings,-215,165,oddsapi
2026-10-09T23:05:07Z,2026-10-09,PIT @ CBJ,1eb386b963ae5a82eba436c25e50cf24,p1_pl,PIT,,-0.5,draftkings,165,-215,oddsapi
2026-10-09T23:05:07Z,2026-10-09,PIT @ CBJ,1eb386b963ae5a82eba436c25e50cf24,p2_pl,CBJ,,0.5,draftkings,-200,154,oddsapi
2026-10-09T23:05:07Z,2026-10-09,PIT @ CBJ,1eb386b963ae5a82eba436c25e50cf24,p2_pl,PIT,,-0.5,draftkings,154,-200,oddsapi
2026-10-09T23:05:07Z,2026-10-09,PIT @ CBJ,1eb386b963ae5a82eba436c25e50cf24,p3_pl,CBJ,,0.5,draftkings,-188,145,oddsapi
2026-10-09T23:05:07Z,2026-10-09,PIT @ CBJ,1eb386b963ae5a82eba436c25e50cf24,p3_pl,PIT,,-0.5,draftkings,145,-188,oddsapi
2026-10-09T23:05:07Z,2026-10-09,PIT @ CBJ,1eb386b963ae5a82eba436c25e50cf24,p1_team_total,over,CBJ,0.5,draftkings,-175,135,oddsapi
2026-10-09T23:05:07Z,2026-10-09,PIT @ CBJ,1eb386b963ae5a82eba436c25e50cf24,p1_team_total,under,CBJ,0.5,draftkings,135,-175,oddsapi
2026-10-09T23:05:07Z,2026-10-09,PIT @ CBJ,1eb386b963ae5a82eba436c25e50cf24,p1_team_total,over,PIT,0.5,draftkings,-190,145,oddsapi
2026-10-09T23:05:07Z,2026-10-09,PIT @ CBJ,1eb386b963ae5a82eba436c25e50cf24,p1_team_total,under,PIT,0.5,draftkings,145,-190,oddsapi
2026-10-09T23:05:07Z,2026-10-09,PIT @ CBJ,1eb386b963ae5a82eba436c25e50cf24,p1_total,over,,1.5,draftkings,-154,120,oddsapi
2026-10-09T23:05:07Z,2026-10-09,PIT @ CBJ,1eb386b963ae5a82eba436c25e50cf24,p1_total,under,,1.5,draftkings,120,-154,oddsapi
2026-10-09T23:05:07Z,2026-10-09,PIT @ CBJ,1eb386b963ae5a82eba436c25e50cf24,p2_total,over,,2.5,draftkings,140,-180,oddsapi
2026-10-09T23:05:07Z,2026-10-09,PIT @ CBJ,1eb386b963ae5a82eba436c25e50cf24,p2_total,under,,2.5,draftkings,-180,140,oddsapi
2026-10-09T23:05:07Z,2026-10-09,PIT @ CBJ,1eb386b963ae5a82eba436c25e50cf24,p3_total,over,,2.5,draftkings,114,-145,oddsapi
2026-10-09T23:05:07Z,2026-10-09,PIT @ CBJ,1eb386b963ae5a82eba436c25e50cf24,p3_total,under,,2.5,draftkings,-145,114,oddsapi
2026-10-09T23:05:07Z,2026-10-09,PIT @ CBJ,1eb386b963ae5a82eba436c25e50cf24,p1_ml,CBJ,,,betonlineag,-115,-105,oddsapi
2026-10-09T23:05:07Z,2026-10-09,PIT @ CBJ,1eb386b963ae5a82eba436c25e50cf24,p1_ml,PIT,,,betonlineag,-105,-115,oddsapi
2026-10-09T23:05:07Z,2026-10-09,PIT @ CBJ,1eb386b963ae5a82eba436c25e50cf24,sk_pts,over,Matthew Knies,0.5,betonlineag,-175,135,oddsapi
2026-10-09T23:05:07Z,2026-10-09,PIT @ CBJ,1eb386b963ae5a82eba436c25e50cf24,sk_pts,under,Matthew Knies,0.5,betonlineag,135,-175,oddsapi
2026-10-09T23:05:07Z,2026-10-09,PIT @ CBJ,1eb386b963ae5a82eba436c25e50cf24,sk_pts,over,Charlie Coyle,0.5,betonlineag,-109,-119,oddsapi
2026-10-09T23:05:07Z,2026-10-09,PIT @ CBJ,1eb386b963ae5a82eba436c25e50cf24,sk_pts,under,Charlie Coyle,0.5,betonlineag,-119,-109,oddsapi
2026-10-09T23:05:07Z,2026-10-09,PIT @ CBJ,1eb386b963ae5a82eba436c25e50cf24,sk_pts,over,Rickard Rakell,0.5,betonlineag,-135,105,oddsapi
2026-10-09T23:05:07Z,2026-10-09,PIT @ CBJ,1eb386b963ae5a82eba436c25e50cf24,sk_pts,under,Rickard Rakell,0.5,betonlineag,105,-135,oddsapi
2026-10-09T23:05:07Z,2026-10-09,PIT @ CBJ,1eb386b963ae5a82eba436c25e50cf24,sk_pts,over,Tommy Novak,0.5,betonlineag,113,-147,oddsapi
2026-10-09T23:05:07Z,2026-10-09,PIT @ CBJ,1eb386b963ae5a82eba436c25e50cf24,sk_pts,under,Tommy Novak,0.5,betonlineag,-147,113,oddsapi
2026-10-09T23:05:07Z,2026-10-09,PIT @ CBJ,1eb386b963ae5a82eba436c25e50cf24,sk_pts,over,Sean Monahan,0.5,betonlineag,117,-152,oddsapi
2026-10-09T23:05:07Z,2026-10-09,PIT @ CBJ,1eb386b963ae5a82eba436c25e50cf24,sk_pts,under,Sean Monahan,0.5,betonlineag,-152,117,oddsapi
2026-10-09T23:05:07Z,2026-10-09,PIT @ CBJ,1eb386b963ae5a82eba436c25e50cf24,sk_pts,over,Evgeni Malkin,0.5,betonlineag,-159,122,oddsapi
2026-10-09T23:05:07Z,2026-10-09,PIT @ CBJ,1eb386b963ae5a82eba436c25e50cf24,sk_pts,under,Evgeni Malkin,0.5,betonlineag,122,-159,oddsapi
2026-10-09T23:05:07Z,2026-10-09,PIT @ CBJ,1eb386b963ae5a82eba436c25e50cf24,sk_pts,over,Zach Werenski,0.5,betonlineag,-208,158,oddsapi
2026-10-09T23:05:07Z,2026-10-09,PIT @ CBJ,1eb386b963ae5a82eba436c25e50cf24,sk_pts,under,Zach Werenski,0.5,betonlineag,158,-208,oddsapi
2026-10-09T23:05:07Z,2026-10-09,PIT @ CBJ,1eb386b963ae5a82eba436c25e50cf24,sk_pts,over,Erik Karlsson,0.5,betonlineag,-135,104,oddsapi
2026-10-09T23:05:07Z,2026-10-09,PIT @ CBJ,1eb386b963ae5a82eba436c25e50cf24,sk_pts,under,Erik Karlsson,0.5,betonlineag,104,-135,oddsapi
2026-10-09T23:05:07Z,2026-10-09,PIT @ CBJ,1eb386b963ae5a82eba436c25e50cf24,sk_pts,over,Adam Fantilli,0.5,betonlineag,-161,123,oddsapi
2026-10-09T23:05:07Z,2026-10-09,PIT @ CBJ,1eb386b963ae5a82eba436c25e50cf24,sk_pts,under,Adam Fantilli,0.5,betonlineag,123,-161,oddsapi
2026-10-09T23:05:07Z,2026-10-09,PIT @ CBJ,1eb386b963ae5a82eba436c25e50cf24,sk_pts,over,Kent Johnson,0.5,betonlineag,-103,-125,oddsapi
2026-10-09T23:05:07Z,2026-10-09,PIT @ CBJ,1eb386b963ae5a82eba436c25e50cf24,sk_pts,under,Kent Johnson,0.5,betonlineag,-125,-103,oddsapi
2026-10-09T23:05:07Z,2026-10-09,PIT @ CBJ,1eb386b963ae5a82eba436c25e50cf24,sk_pts,over,Ben Kindel,0.5,betonlineag,120,-156,oddsapi
2026-10-09T23:05:07Z,2026-10-09,PIT @ CBJ,1eb386b963ae5a82eba436c25e50cf24,sk_pts,under,Ben Kindel,0.5,betonlineag,-156,120,oddsapi
2026-10-09T23:05:07Z,2026-10-09,PIT @ CBJ,1eb386b963ae5a82eba436c25e50cf24,sk_pts,over,Yegor Chinakhov,0.5,betonlineag,109,-141,oddsapi
2026-10-09T23:05:07Z,2026-10-09,PIT @ CBJ,1eb386b963ae5a82eba436c25e50cf24,sk_pts,under,Yegor Chinakhov,0.5,betonlineag,-141,109,oddsapi
2026-10-09T23:05:07Z,2026-10-09,PIT @ CBJ,1eb386b963ae5a82eba436c25e50cf24,sk_pts,over,Valeri Nichushkin,0.5,betonlineag,-101,-128,oddsapi
2026-10-09T23:05:07Z,2026-10-09,PIT @ CBJ,1eb386b963ae5a82eba436c25e50cf24,sk_pts,under,Valeri Nichushkin,0.5,betonlineag,-128,-101,oddsapi
2026-10-09T23:05:07Z,2026-10-09,PIT @ CBJ,1eb386b963ae5a82eba436c25e50cf24,sk_pts,over,Sidney Crosby,0.5,betonlineag,-208,158,oddsapi
2026-10-09T23:05:07Z,2026-10-09,PIT @ CBJ,1eb386b963ae5a82eba436c25e50cf24,sk_pts,under,Sidney Crosby,0.5,betonlineag,158,-208,oddsapi
2026-10-09T23:05:07Z,2026-10-09,PIT @ CBJ,1eb386b963ae5a82eba436c25e50cf24,sk_pts,over,Dmitri Voronkov,0.5,betonlineag,158,-208,oddsapi
2026-10-09T23:05:07Z,2026-10-09,PIT @ CBJ,1eb386b963ae5a82eba436c25e50cf24,sk_pts,under,Dmitri Voronkov,0.5,betonlineag,-208,158,oddsapi
2026-10-09T23:05:07Z,2026-10-09,PIT @ CBJ,1eb386b963ae5a82eba436c25e50cf24,sk_pts,over,Hendrix Lapierre,0.5,betonlineag,171,-227,oddsapi
2026-10-09T23:05:07Z,2026-10-09,PIT @ CBJ,1eb386b963ae5a82eba436c25e50cf24,sk_pts,under,Hendrix Lapierre,0.5,betonlineag,-227,171,oddsapi
2026-10-09T23:05:07Z,2026-10-09,PIT @ CBJ,1eb386b963ae5a82eba436c25e50cf24,sk_pts,over,Kris Letang,0.5,betonlineag,134,-175,oddsapi
2026-10-09T23:05:07Z,2026-10-09,PIT @ CBJ,1eb386b963ae5a82eba436c25e50cf24,sk_pts,under,Kris Letang,0.5,betonlineag,-175,134,oddsapi
2026-10-09T23:05:07Z,2026-10-09,PIT @ CBJ,1eb386b963ae5a82eba436c25e50cf24,sk_pts,over,Conor Garland,0.5,betonlineag,158,-208,oddsapi
2026-10-09T23:05:07Z,2026-10-09,PIT @ CBJ,1eb386b963ae5a82eba436c25e50cf24,sk_pts,under,Conor Garland,0.5,betonlineag,-208,158,oddsapi
2026-10-09T23:05:07Z,2026-10-09,PIT @ CBJ,1eb386b963ae5a82eba436c25e50cf24,sk_pts,over,Denton Mateychuk,0.5,betonlineag,167,-222,oddsapi
2026-10-09T23:05:07Z,2026-10-09,PIT @ CBJ,1eb386b963ae5a82eba436c25e50cf24,sk_pts,under,Denton Mateychuk,0.5,betonlineag,-222,167,oddsapi
2026-10-09T23:05:07Z,2026-10-09,PIT @ CBJ,1eb386b963ae5a82eba436c25e50cf24,sk_sog,over,Zach Werenski,3.5,betonlineag,104,-135,oddsapi
2026-10-09T23:05:07Z,2026-10-09,PIT @ CBJ,1eb386b963ae5a82eba436c25e50cf24,sk_sog,under,Zach Werenski,3.5,betonlineag,-135,104,oddsapi
2026-10-09T23:05:07Z,2026-10-09,PIT @ CBJ,1eb386b963ae5a82eba436c25e50cf24,sk_sog,over,Kris Letang,1.5,betonlineag,-103,-125,oddsapi
2026-10-09T23:05:07Z,2026-10-09,PIT @ CBJ,1eb386b963ae5a82eba436c25e50cf24,sk_sog,under,Kris Letang,1.5,betonlineag,-125,-103,oddsapi
2026-10-09T23:05:07Z,2026-10-09,PIT @ CBJ,1eb386b963ae5a82eba436c25e50cf24,sk_sog,over,Erik Karlsson,2.5,betonlineag,134,-175,oddsapi
2026-10-09T23:05:07Z,2026-10-09,PIT @ CBJ,1eb386b963ae5a82eba436c25e50cf24,sk_sog,under,Erik Karlsson,2.5,betonlineag,-175,134,oddsapi
2026-10-09T23:05:07Z,2026-10-09,PIT @ CBJ,1eb386b963ae5a82eba436c25e50cf24,sk_sog,over,Rickard Rakell,2.5,betonlineag,112,-145,oddsapi
2026-10-09T23:05:07Z,2026-10-09,PIT @ CBJ,1eb386b963ae5a82eba436c25e50cf24,sk_sog,under,Rickard Rakell,2.5,betonlineag,-145,112,oddsapi
2026-10-09T23:05:07Z,2026-10-09,PIT @ CBJ,1eb386b963ae5a82eba436c25e50cf24,sk_sog,over,Adam Fantilli,2.5,betonlineag,-105,-123,oddsapi
2026-10-09T23:05:07Z,2026-10-09,PIT @ CBJ,1eb386b963ae5a82eba436c25e50cf24,sk_sog,under,Adam Fantilli,2.5,betonlineag,-123,-105,oddsapi
2026-10-09T23:05:07Z,2026-10-09,PIT @ CBJ,1eb386b963ae5a82eba436c25e50cf24,sk_sog,over,Sidney Crosby,2.5,betonlineag,120,-156,oddsapi
2026-10-09T23:05:07Z,2026-10-09,PIT @ CBJ,1eb386b963ae5a82eba436c25e50cf24,sk_sog,under,Sidney Crosby,2.5,betonlineag,-156,120,oddsapi
2026-10-09T23:05:07Z,2026-10-09,PIT @ CBJ,1eb386b963ae5a82eba436c25e50cf24,sk_sog,over,Yegor Chinakhov,1.5,betonlineag,-182,139,oddsapi
2026-10-09T23:05:07Z,2026-10-09,PIT @ CBJ,1eb386b963ae5a82eba436c25e50cf24,sk_sog,under,Yegor Chinakhov,1.5,betonlineag,139,-182,oddsapi
2026-10-09T23:05:07Z,2026-10-09,PIT @ CBJ,1eb386b963ae5a82eba436c25e50cf24,sk_sog,over,Ben Kindel,1.5,betonlineag,-154,118,oddsapi
2026-10-09T23:05:07Z,2026-10-09,PIT @ CBJ,1eb386b963ae5a82eba436c25e50cf24,sk_sog,under,Ben Kindel,1.5,betonlineag,118,-154,oddsapi
2026-10-09T23:05:07Z,2026-10-09,PIT @ CBJ,1eb386b963ae5a82eba436c25e50cf24,sk_sog,over,Matthew Knies,1.5,betonlineag,-130,100,oddsapi
2026-10-09T23:05:07Z,2026-10-09,PIT @ CBJ,1eb386b963ae5a82eba436c25e50cf24,sk_sog,under,Matthew Knies,1.5,betonlineag,100,-130,oddsapi
2026-10-09T23:05:07Z,2026-10-09,PIT @ CBJ,1eb386b963ae5a82eba436c25e50cf24,sk_sog,over,Tommy Novak,1.5,betonlineag,-118,-110,oddsapi
2026-10-09T23:05:07Z,2026-10-09,PIT @ CBJ,1eb386b963ae5a82eba436c25e50cf24,sk_sog,under,Tommy Novak,1.5,betonlineag,-110,-118,oddsapi
2026-10-09T23:05:07Z,2026-10-09,PIT @ CBJ,1eb386b963ae5a82eba436c25e50cf24,sk_sog,over,Kent Johnson,1.5,betonlineag,-132,102,oddsapi
2026-10-09T23:05:07Z,2026-10-09,PIT @ CBJ,1eb386b963ae5a82eba436c25e50cf24,sk_sog,under,Kent Johnson,1.5,betonlineag,102,-132,oddsapi
2026-10-09T23:05:07Z,2026-10-09,PIT @ CBJ,1eb386b963ae5a82eba436c25e50cf24,sk_sog,over,Valeri Nichushkin,1.5,betonlineag,-145,111,oddsapi
2026-10-09T23:05:07Z,2026-10-09,PIT @ CBJ,1eb386b963ae5a82eba436c25e50cf24,sk_sog,under,Valeri Nichushkin,1.5,betonlineag,111,-145,oddsapi
2026-10-09T23:05:07Z,2026-10-09,PIT @ CBJ,1eb386b963ae5a82eba436c25e50cf24,sk_sog,over,Charlie Coyle,1.5,betonlineag,-118,-110,oddsapi
2026-10-09T23:05:07Z,2026-10-09,PIT @ CBJ,1eb386b963ae5a82eba436c25e50cf24,sk_sog,under,Charlie Coyle,1.5,betonlineag,-110,-118,oddsapi
2026-10-09T23:05:07Z,2026-10-09,PIT @ CBJ,1eb386b963ae5a82eba436c25e50cf24,sk_sog,over,Evgeni Malkin,1.5,betonlineag,-161,124,oddsapi
2026-10-09T23:05:07Z,2026-10-09,PIT @ CBJ,1eb386b963ae5a82eba436c25e50cf24,sk_sog,under,Evgeni Malkin,1.5,betonlineag,124,-161,oddsapi
2026-10-09T23:05:07Z,2026-10-09,PIT @ CBJ,1eb386b963ae5a82eba436c25e50cf24,sk_sog,over,Sean Monahan,1.5,betonlineag,-111,-116,oddsapi
2026-10-09T23:05:07Z,2026-10-09,PIT @ CBJ,1eb386b963ae5a82eba436c25e50cf24,sk_sog,under,Sean Monahan,1.5,betonlineag,-116,-111,oddsapi
2026-10-09T23:05:07Z,2026-10-09,PIT @ CBJ,1eb386b963ae5a82eba436c25e50cf24,sk_sog,over,Dmitri Voronkov,1.5,betonlineag,128,-167,oddsapi
2026-10-09T23:05:07Z,2026-10-09,PIT @ CBJ,1eb386b963ae5a82eba436c25e50cf24,sk_sog,under,Dmitri Voronkov,1.5,betonlineag,-167,128,oddsapi
2026-10-09T23:05:07Z,2026-10-09,PIT @ CBJ,1eb386b963ae5a82eba436c25e50cf24,sk_sog,over,Mathieu Olivier,1.5,betonlineag,118,-154,oddsapi
2026-10-09T23:05:07Z,2026-10-09,PIT @ CBJ,1eb386b963ae5a82eba436c25e50cf24,sk_sog,under,Mathieu Olivier,1.5,betonlineag,-154,118,oddsapi
2026-10-09T23:05:07Z,2026-10-09,PIT @ CBJ,1eb386b963ae5a82eba436c25e50cf24,sk_sog,over,Conor Garland,1.5,betonlineag,120,-156,oddsapi
2026-10-09T23:05:07Z,2026-10-09,PIT @ CBJ,1eb386b963ae5a82eba436c25e50cf24,sk_sog,under,Conor Garland,1.5,betonlineag,-156,120,oddsapi
2026-10-09T23:05:07Z,2026-10-09,PIT @ CBJ,1eb386b963ae5a82eba436c25e50cf24,sk_sog,over,Hendrix Lapierre,1.5,betonlineag,182,-244,oddsapi
2026-10-09T23:05:07Z,2026-10-09,PIT @ CBJ,1eb386b963ae5a82eba436c25e50cf24,sk_sog,under,Hendrix Lapierre,1.5,betonlineag,-244,182,oddsapi
2026-10-09T23:05:07Z,2026-10-09,PIT @ CBJ,1eb386b963ae5a82eba436c25e50cf24,g_saves,over,Sergei Murashov,24.5,betonlineag,-122,-106,oddsapi
2026-10-09T23:05:07Z,2026-10-09,PIT @ CBJ,1eb386b963ae5a82eba436c25e50cf24,g_saves,under,Sergei Murashov,24.5,betonlineag,-106,-122,oddsapi
2026-10-09T23:05:07Z,2026-10-09,PIT @ CBJ,1eb386b963ae5a82eba436c25e50cf24,p1_pl,CBJ,,-0.5,betonlineag,170,-195,oddsapi
2026-10-09T23:05:07Z,2026-10-09,PIT @ CBJ,1eb386b963ae5a82eba436c25e50cf24,p1_pl,PIT,,0.5,betonlineag,-195,170,oddsapi
2026-10-09T23:05:07Z,2026-10-09,PIT @ CBJ,1eb386b963ae5a82eba436c25e50cf24,team_total,over,CBJ,3.5,betonlineag,108,-138,oddsapi
2026-10-09T23:05:07Z,2026-10-09,PIT @ CBJ,1eb386b963ae5a82eba436c25e50cf24,team_total,under,CBJ,3.5,betonlineag,-138,108,oddsapi
2026-10-09T23:05:07Z,2026-10-09,PIT @ CBJ,1eb386b963ae5a82eba436c25e50cf24,team_total,over,PIT,3.5,betonlineag,123,-158,oddsapi
2026-10-09T23:05:07Z,2026-10-09,PIT @ CBJ,1eb386b963ae5a82eba436c25e50cf24,team_total,under,PIT,3.5,betonlineag,-158,123,oddsapi
2026-10-09T23:05:07Z,2026-10-09,PIT @ CBJ,1eb386b963ae5a82eba436c25e50cf24,p1_total,over,,1.5,betonlineag,-150,130,oddsapi
2026-10-09T23:05:07Z,2026-10-09,PIT @ CBJ,1eb386b963ae5a82eba436c25e50cf24,p1_total,under,,1.5,betonlineag,130,-150,oddsapi
2026-10-09T23:05:07Z,2026-10-09,PIT @ CBJ,1eb386b963ae5a82eba436c25e50cf24,game_ml3,CBJ,,,williamhill_us,131,,oddsapi
2026-10-09T23:05:07Z,2026-10-09,PIT @ CBJ,1eb386b963ae5a82eba436c25e50cf24,game_ml3,PIT,,,williamhill_us,125,,oddsapi
2026-10-09T23:05:07Z,2026-10-09,PIT @ CBJ,1eb386b963ae5a82eba436c25e50cf24,game_ml3,draw,,,williamhill_us,275,,oddsapi
2026-10-09T23:05:07Z,2026-10-09,PIT @ CBJ,1eb386b963ae5a82eba436c25e50cf24,p1_ml3,CBJ,,,williamhill_us,158,,oddsapi
2026-10-09T23:05:07Z,2026-10-09,PIT @ CBJ,1eb386b963ae5a82eba436c25e50cf24,p1_ml3,PIT,,,williamhill_us,166,,oddsapi
2026-10-09T23:05:07Z,2026-10-09,PIT @ CBJ,1eb386b963ae5a82eba436c25e50cf24,p1_ml3,draw,,,williamhill_us,172,,oddsapi
2026-10-09T23:05:07Z,2026-10-09,PIT @ CBJ,1eb386b963ae5a82eba436c25e50cf24,ags,yes,Adam Fantilli,,williamhill_us,179,,oddsapi
2026-10-09T23:05:07Z,2026-10-09,PIT @ CBJ,1eb386b963ae5a82eba436c25e50cf24,ags,yes,Matthew Knies,,williamhill_us,181,,oddsapi
2026-10-09T23:05:07Z,2026-10-09,PIT @ CBJ,1eb386b963ae5a82eba436c25e50cf24,ags,yes,Sidney Crosby,,williamhill_us,191,,oddsapi
2026-10-09T23:05:07Z,2026-10-09,PIT @ CBJ,1eb386b963ae5a82eba436c25e50cf24,ags,yes,Rickard Rakell,,williamhill_us,199,,oddsapi
2026-10-09T23:05:07Z,2026-10-09,PIT @ CBJ,1eb386b963ae5a82eba436c25e50cf24,ags,yes,Bryan Rust,,williamhill_us,215,,oddsapi
2026-10-09T23:05:07Z,2026-10-09,PIT @ CBJ,1eb386b963ae5a82eba436c25e50cf24,ags,yes,Kent Johnson,,williamhill_us,250,,oddsapi
2026-10-09T23:05:07Z,2026-10-09,PIT @ CBJ,1eb386b963ae5a82eba436c25e50cf24,ags,yes,Evgeni Malkin,,williamhill_us,250,,oddsapi
2026-10-09T23:05:07Z,2026-10-09,PIT @ CBJ,1eb386b963ae5a82eba436c25e50cf24,ags,yes,Yegor Chinakhov,,williamhill_us,260,,oddsapi
2026-10-09T23:05:07Z,2026-10-09,PIT @ CBJ,1eb386b963ae5a82eba436c25e50cf24,ags,yes,Valeri Nichushkin,,williamhill_us,260,,oddsapi
2026-10-09T23:05:07Z,2026-10-09,PIT @ CBJ,1eb386b963ae5a82eba436c25e50cf24,ags,yes,Charlie Coyle,,williamhill_us,270,,oddsapi
2026-10-09T23:05:07Z,2026-10-09,PIT @ CBJ,1eb386b963ae5a82eba436c25e50cf24,ags,yes,Tommy Novak,,williamhill_us,270,,oddsapi
2026-10-09T23:05:07Z,2026-10-09,PIT @ CBJ,1eb386b963ae5a82eba436c25e50cf24,ags,yes,Ben Kindel,,williamhill_us,270,,oddsapi
2026-10-09T23:05:07Z,2026-10-09,PIT @ CBJ,1eb386b963ae5a82eba436c25e50cf24,ags,yes,Zach Werenski,,williamhill_us,285,,oddsapi
2026-10-09T23:05:07Z,2026-10-09,PIT @ CBJ,1eb386b963ae5a82eba436c25e50cf24,ags,yes,Dmitri Voronkov,,williamhill_us,290,,oddsapi
2026-10-09T23:05:07Z,2026-10-09,PIT @ CBJ,1eb386b963ae5a82eba436c25e50cf24,ags,yes,Sean Monahan,,williamhill_us,305,,oddsapi
2026-10-09T23:05:07Z,2026-10-09,PIT @ CBJ,1eb386b963ae5a82eba436c25e50cf24,ags,yes,Conor Garland,,williamhill_us,340,,oddsapi
2026-10-09T23:05:07Z,2026-10-09,PIT @ CBJ,1eb386b963ae5a82eba436c25e50cf24,ags,yes,Cole Sillinger,,williamhill_us,360,,oddsapi
2026-10-09T23:05:07Z,2026-10-09,PIT @ CBJ,1eb386b963ae5a82eba436c25e50cf24,ags,yes,Erik Karlsson,,williamhill_us,375,,oddsapi
2026-10-09T23:05:07Z,2026-10-09,PIT @ CBJ,1eb386b963ae5a82eba436c25e50cf24,ags,yes,Mathieu Olivier,,williamhill_us,380,,oddsapi
2026-10-09T23:05:07Z,2026-10-09,PIT @ CBJ,1eb386b963ae5a82eba436c25e50cf24,ags,yes,Hendrix Lapierre,,williamhill_us,400,,oddsapi
2026-10-09T23:05:07Z,2026-10-09,PIT @ CBJ,1eb386b963ae5a82eba436c25e50cf24,ags,yes,Ville Koivunen,,williamhill_us,450,,oddsapi
2026-10-09T23:05:07Z,2026-10-09,PIT @ CBJ,1eb386b963ae5a82eba436c25e50cf24,ags,yes,Nick Robertson,,williamhill_us,450,,oddsapi
2026-10-09T23:05:07Z,2026-10-09,PIT @ CBJ,1eb386b963ae5a82eba436c25e50cf24,ags,yes,Connor Dewar,,williamhill_us,525,,oddsapi
2026-10-09T23:05:07Z,2026-10-09,PIT @ CBJ,1eb386b963ae5a82eba436c25e50cf24,ags,yes,Denton Mateychuk,,williamhill_us,525,,oddsapi
2026-10-09T23:05:07Z,2026-10-09,PIT @ CBJ,1eb386b963ae5a82eba436c25e50cf24,ags,yes,Kris Letang,,williamhill_us,575,,oddsapi
2026-10-09T23:05:07Z,2026-10-09,PIT @ CBJ,1eb386b963ae5a82eba436c25e50cf24,ags,yes,Blake Lizotte,,williamhill_us,575,,oddsapi
2026-10-09T23:05:07Z,2026-10-09,PIT @ CBJ,1eb386b963ae5a82eba436c25e50cf24,ags,yes,Damon Severson,,williamhill_us,575,,oddsapi
2026-10-09T23:05:07Z,2026-10-09,PIT @ CBJ,1eb386b963ae5a82eba436c25e50cf24,ags,yes,Danton Heinen,,williamhill_us,600,,oddsapi
2026-10-09T23:05:07Z,2026-10-09,PIT @ CBJ,1eb386b963ae5a82eba436c25e50cf24,ags,yes,Ryan Lomberg,,williamhill_us,650,,oddsapi
2026-10-09T23:05:07Z,2026-10-09,PIT @ CBJ,1eb386b963ae5a82eba436c25e50cf24,ags,yes,Samuel Girard,,williamhill_us,750,,oddsapi
2026-10-09T23:05:07Z,2026-10-09,PIT @ CBJ,1eb386b963ae5a82eba436c25e50cf24,ags,yes,Declan Carlile,,williamhill_us,750,,oddsapi
2026-10-09T23:05:07Z,2026-10-09,PIT @ CBJ,1eb386b963ae5a82eba436c25e50cf24,ags,yes,Carson Soucy,,williamhill_us,800,,oddsapi
2026-10-09T23:05:07Z,2026-10-09,PIT @ CBJ,1eb386b963ae5a82eba436c25e50cf24,ags,yes,Trevor van Riemsdyk,,williamhill_us,900,,oddsapi
2026-10-09T23:05:07Z,2026-10-09,PIT @ CBJ,1eb386b963ae5a82eba436c25e50cf24,ags,yes,Erik Gudbranson,,williamhill_us,900,,oddsapi
2026-10-09T23:05:07Z,2026-10-09,PIT @ CBJ,1eb386b963ae5a82eba436c25e50cf24,ags,yes,Kaedan Korczak,,williamhill_us,900,,oddsapi
2026-10-09T23:05:07Z,2026-10-09,PIT @ CBJ,1eb386b963ae5a82eba436c25e50cf24,ags,yes,Emil Andrae,,williamhill_us,900,,oddsapi
2026-10-09T23:05:07Z,2026-10-09,PIT @ CBJ,1eb386b963ae5a82eba436c25e50cf24,fgs,yes,Adam Fantilli,,williamhill_us,1200,,oddsapi
2026-10-09T23:05:07Z,2026-10-09,PIT @ CBJ,1eb386b963ae5a82eba436c25e50cf24,fgs,yes,Sidney Crosby,,williamhill_us,1200,,oddsapi
2026-10-09T23:05:07Z,2026-10-09,PIT @ CBJ,1eb386b963ae5a82eba436c25e50cf24,fgs,yes,Matthew Knies,,williamhill_us,1200,,oddsapi
2026-10-09T23:05:07Z,2026-10-09,PIT @ CBJ,1eb386b963ae5a82eba436c25e50cf24,fgs,yes,Rickard Rakell,,williamhill_us,1300,,oddsapi
2026-10-09T23:05:07Z,2026-10-09,PIT @ CBJ,1eb386b963ae5a82eba436c25e50cf24,fgs,yes,Bryan Rust,,williamhill_us,1400,,oddsapi
2026-10-09T23:05:07Z,2026-10-09,PIT @ CBJ,1eb386b963ae5a82eba436c25e50cf24,fgs,yes,Evgeni Malkin,,williamhill_us,1500,,oddsapi
2026-10-09T23:05:07Z,2026-10-09,PIT @ CBJ,1eb386b963ae5a82eba436c25e50cf24,fgs,yes,Kent Johnson,,williamhill_us,1700,,oddsapi
2026-10-09T23:05:07Z,2026-10-09,PIT @ CBJ,1eb386b963ae5a82eba436c25e50cf24,fgs,yes,Valeri Nichushkin,,williamhill_us,1700,,oddsapi
2026-10-09T23:05:07Z,2026-10-09,PIT @ CBJ,1eb386b963ae5a82eba436c25e50cf24,fgs,yes,Tommy Novak,,williamhill_us,1800,,oddsapi
2026-10-09T23:05:07Z,2026-10-09,PIT @ CBJ,1eb386b963ae5a82eba436c25e50cf24,fgs,yes,Yegor Chinakhov,,williamhill_us,1800,,oddsapi
2026-10-09T23:05:07Z,2026-10-09,PIT @ CBJ,1eb386b963ae5a82eba436c25e50cf24,fgs,yes,Zach Werenski,,williamhill_us,1800,,oddsapi
2026-10-09T23:05:07Z,2026-10-09,PIT @ CBJ,1eb386b963ae5a82eba436c25e50cf24,fgs,yes,Ben Kindel,,williamhill_us,1800,,oddsapi
2026-10-09T23:05:07Z,2026-10-09,PIT @ CBJ,1eb386b963ae5a82eba436c25e50cf24,fgs,yes,Charlie Coyle,,williamhill_us,1800,,oddsapi
2026-10-09T23:05:07Z,2026-10-09,PIT @ CBJ,1eb386b963ae5a82eba436c25e50cf24,fgs,yes,Sean Monahan,,williamhill_us,2000,,oddsapi
2026-10-09T23:05:07Z,2026-10-09,PIT @ CBJ,1eb386b963ae5a82eba436c25e50cf24,fgs,yes,Dmitri Voronkov,,williamhill_us,2000,,oddsapi
2026-10-09T23:05:07Z,2026-10-09,PIT @ CBJ,1eb386b963ae5a82eba436c25e50cf24,fgs,yes,Conor Garland,,williamhill_us,2200,,oddsapi
2026-10-09T23:05:07Z,2026-10-09,PIT @ CBJ,1eb386b963ae5a82eba436c25e50cf24,fgs,yes,Cole Sillinger,,williamhill_us,2300,,oddsapi
2026-10-09T23:05:07Z,2026-10-09,PIT @ CBJ,1eb386b963ae5a82eba436c25e50cf24,fgs,yes,Erik Karlsson,,williamhill_us,2500,,oddsapi
2026-10-09T23:05:07Z,2026-10-09,PIT @ CBJ,1eb386b963ae5a82eba436c25e50cf24,fgs,yes,Mathieu Olivier,,williamhill_us,2600,,oddsapi
2026-10-09T23:05:07Z,2026-10-09,PIT @ CBJ,1eb386b963ae5a82eba436c25e50cf24,fgs,yes,Hendrix Lapierre,,williamhill_us,2600,,oddsapi
2026-10-09T23:05:07Z,2026-10-09,PIT @ CBJ,1eb386b963ae5a82eba436c25e50cf24,fgs,yes,Ville Koivunen,,williamhill_us,3000,,oddsapi
2026-10-09T23:05:07Z,2026-10-09,PIT @ CBJ,1eb386b963ae5a82eba436c25e50cf24,fgs,yes,Nick Robertson,,williamhill_us,3300,,oddsapi
2026-10-09T23:05:07Z,2026-10-09,PIT @ CBJ,1eb386b963ae5a82eba436c25e50cf24,fgs,yes,Connor Dewar,,williamhill_us,3500,,oddsapi
2026-10-09T23:05:07Z,2026-10-09,PIT @ CBJ,1eb386b963ae5a82eba436c25e50cf24,fgs,yes,Denton Mateychuk,,williamhill_us,4000,,oddsapi
2026-10-09T23:05:07Z,2026-10-09,PIT @ CBJ,1eb386b963ae5a82eba436c25e50cf24,fgs,yes,Damon Severson,,williamhill_us,4500,,oddsapi
2026-10-09T23:05:07Z,2026-10-09,PIT @ CBJ,1eb386b963ae5a82eba436c25e50cf24,fgs,yes,Danton Heinen,,williamhill_us,4500,,oddsapi
2026-10-09T23:05:07Z,2026-10-09,PIT @ CBJ,1eb386b963ae5a82eba436c25e50cf24,fgs,yes,Blake Lizotte,,williamhill_us,4500,,oddsapi
2026-10-09T23:05:07Z,2026-10-09,PIT @ CBJ,1eb386b963ae5a82eba436c25e50cf24,fgs,yes,Kris Letang,,williamhill_us,4500,,oddsapi
2026-10-09T23:05:07Z,2026-10-09,PIT @ CBJ,1eb386b963ae5a82eba436c25e50cf24,fgs,yes,Ryan Lomberg,,williamhill_us,5000,,oddsapi
2026-10-09T23:05:07Z,2026-10-09,PIT @ CBJ,1eb386b963ae5a82eba436c25e50cf24,fgs,yes,Declan Carlile,,williamhill_us,6000,,oddsapi
2026-10-09T23:05:07Z,2026-10-09,PIT @ CBJ,1eb386b963ae5a82eba436c25e50cf24,fgs,yes,Samuel Girard,,williamhill_us,8000,,oddsapi
2026-10-09T23:05:07Z,2026-10-09,PIT @ CBJ,1eb386b963ae5a82eba436c25e50cf24,team_total,over,CBJ,3.5,williamhill_us,-106,-132,oddsapi
2026-10-09T23:05:07Z,2026-10-09,PIT @ CBJ,1eb386b963ae5a82eba436c25e50cf24,team_total,under,CBJ,3.5,williamhill_us,-132,-106,oddsapi
2026-10-09T23:05:07Z,2026-10-09,PIT @ CBJ,1eb386b963ae5a82eba436c25e50cf24,team_total,over,PIT,3.5,williamhill_us,-109,-127,oddsapi
2026-10-09T23:05:07Z,2026-10-09,PIT @ CBJ,1eb386b963ae5a82eba436c25e50cf24,team_total,under,PIT,3.5,williamhill_us,-127,-109,oddsapi
2026-10-09T23:05:07Z,2026-10-09,PIT @ CBJ,1eb386b963ae5a82eba436c25e50cf24,game_ml3,CBJ,,,fanatics,130,,oddsapi
2026-10-09T23:05:07Z,2026-10-09,PIT @ CBJ,1eb386b963ae5a82eba436c25e50cf24,game_ml3,PIT,,,fanatics,145,,oddsapi
2026-10-09T23:05:07Z,2026-10-09,PIT @ CBJ,1eb386b963ae5a82eba436c25e50cf24,game_ml3,draw,,,fanatics,290,,oddsapi
2026-10-09T23:05:07Z,2026-10-09,PIT @ CBJ,1eb386b963ae5a82eba436c25e50cf24,ags,yes,Ryan Lomberg,,fanatics,900,,oddsapi
2026-10-09T23:05:07Z,2026-10-09,PIT @ CBJ,1eb386b963ae5a82eba436c25e50cf24,ags,yes,Charlie Coyle,,fanatics,285,,oddsapi
2026-10-09T23:05:07Z,2026-10-09,PIT @ CBJ,1eb386b963ae5a82eba436c25e50cf24,ags,yes,Matthew Knies,,fanatics,150,,oddsapi
2026-10-09T23:05:07Z,2026-10-09,PIT @ CBJ,1eb386b963ae5a82eba436c25e50cf24,ags,yes,Valeri Nichushkin,,fanatics,275,,oddsapi
2026-10-09T23:05:07Z,2026-10-09,PIT @ CBJ,1eb386b963ae5a82eba436c25e50cf24,ags,yes,Emil Andrae,,fanatics,2500,,oddsapi
2026-10-09T23:05:07Z,2026-10-09,PIT @ CBJ,1eb386b963ae5a82eba436c25e50cf24,ags,yes,Dmitri Voronkov,,fanatics,340,,oddsapi
2026-10-09T23:05:07Z,2026-10-09,PIT @ CBJ,1eb386b963ae5a82eba436c25e50cf24,ags,yes,Adam Fantilli,,fanatics,180,,oddsapi
2026-10-09T23:05:07Z,2026-10-09,PIT @ CBJ,1eb386b963ae5a82eba436c25e50cf24,ags,yes,Mathieu Olivier,,fanatics,450,,oddsapi
2026-10-09T23:05:07Z,2026-10-09,PIT @ CBJ,1eb386b963ae5a82eba436c25e50cf24,ags,yes,Erik Gudbranson,,fanatics,2500,,oddsapi
2026-10-09T23:05:07Z,2026-10-09,PIT @ CBJ,1eb386b963ae5a82eba436c25e50cf24,ags,yes,Carson Soucy,,fanatics,1900,,oddsapi
2026-10-09T23:05:07Z,2026-10-09,PIT @ CBJ,1eb386b963ae5a82eba436c25e50cf24,ags,yes,Conor Garland,,fanatics,390,,oddsapi
2026-10-09T23:05:07Z,2026-10-09,PIT @ CBJ,1eb386b963ae5a82eba436c25e50cf24,ags,yes,Danton Heinen,,fanatics,700,,oddsapi
2026-10-09T23:05:07Z,2026-10-09,PIT @ CBJ,1eb386b963ae5a82eba436c25e50cf24,ags,yes,Cole Sillinger,,fanatics,390,,oddsapi
2026-10-09T23:05:07Z,2026-10-09,PIT @ CBJ,1eb386b963ae5a82eba436c25e50cf24,ags,yes,Denton Mateychuk,,fanatics,700,,oddsapi
2026-10-09T23:05:07Z,2026-10-09,PIT @ CBJ,1eb386b963ae5a82eba436c25e50cf24,ags,yes,Sean Monahan,,fanatics,310,,oddsapi
2026-10-09T23:05:07Z,2026-10-09,PIT @ CBJ,1eb386b963ae5a82eba436c25e50cf24,ags,yes,Zach Werenski,,fanatics,285,,oddsapi
2026-10-09T23:05:07Z,2026-10-09,PIT @ CBJ,1eb386b963ae5a82eba436c25e50cf24,ags,yes,Kent Johnson,,fanatics,260,,oddsapi
2026-10-09T23:05:07Z,2026-10-09,PIT @ CBJ,1eb386b963ae5a82eba436c25e50cf24,ags,yes,Samuel Girard,,fanatics,1600,,oddsapi
2026-10-09T23:05:07Z,2026-10-09,PIT @ CBJ,1eb386b963ae5a82eba436c25e50cf24,ags,yes,Connor Dewar,,fanatics,650,,oddsapi
2026-10-09T23:05:07Z,2026-10-09,PIT @ CBJ,1eb386b963ae5a82eba436c25e50cf24,ags,yes,Ville Koivunen,,fanatics,525,,oddsapi
2026-10-09T23:05:07Z,2026-10-09,PIT @ CBJ,1eb386b963ae5a82eba436c25e50cf24,ags,yes,Trevor van Riemsdyk,,fanatics,1700,,oddsapi
2026-10-09T23:05:07Z,2026-10-09,PIT @ CBJ,1eb386b963ae5a82eba436c25e50cf24,ags,yes,Bryan Rust,,fanatics,215,,oddsapi
2026-10-09T23:05:07Z,2026-10-09,PIT @ CBJ,1eb386b963ae5a82eba436c25e50cf24,ags,yes,Kris Letang,,fanatics,700,,oddsapi
2026-10-09T23:05:07Z,2026-10-09,PIT @ CBJ,1eb386b963ae5a82eba436c25e50cf24,ags,yes,Erik Karlsson,,fanatics,450,,oddsapi
2026-10-09T23:05:07Z,2026-10-09,PIT @ CBJ,1eb386b963ae5a82eba436c25e50cf24,ags,yes,Rickard Rakell,,fanatics,185,,oddsapi
2026-10-09T23:05:07Z,2026-10-09,PIT @ CBJ,1eb386b963ae5a82eba436c25e50cf24,ags,yes,Evgeni Malkin,,fanatics,250,,oddsapi
2026-10-09T23:05:07Z,2026-10-09,PIT @ CBJ,1eb386b963ae5a82eba436c25e50cf24,ags,yes,Sidney Crosby,,fanatics,170,,oddsapi
2026-10-09T23:05:07Z,2026-10-09,PIT @ CBJ,1eb386b963ae5a82eba436c25e50cf24,ags,yes,Yegor Chinakhov,,fanatics,275,,oddsapi
2026-10-09T23:05:07Z,2026-10-09,PIT @ CBJ,1eb386b963ae5a82eba436c25e50cf24,ags,yes,Kaedan Korczak,,fanatics,2000,,oddsapi
2026-10-09T23:05:07Z,2026-10-09,PIT @ CBJ,1eb386b963ae5a82eba436c25e50cf24,ags,yes,Blake Lizotte,,fanatics,700,,oddsapi
2026-10-09T23:05:07Z,2026-10-09,PIT @ CBJ,1eb386b963ae5a82eba436c25e50cf24,ags,yes,Declan Carlile,,fanatics,1200,,oddsapi
2026-10-09T23:05:07Z,2026-10-09,PIT @ CBJ,1eb386b963ae5a82eba436c25e50cf24,ags,yes,Hendrix Lapierre,,fanatics,525,,oddsapi
2026-10-09T23:05:07Z,2026-10-09,PIT @ CBJ,1eb386b963ae5a82eba436c25e50cf24,ags,yes,Ben Kindel,,fanatics,260,,oddsapi
2026-10-09T23:05:07Z,2026-10-09,PIT @ CBJ,1eb386b963ae5a82eba436c25e50cf24,fgs,yes,Ryan Lomberg,,fanatics,3500,,oddsapi
2026-10-09T23:05:07Z,2026-10-09,PIT @ CBJ,1eb386b963ae5a82eba436c25e50cf24,fgs,yes,Charlie Coyle,,fanatics,1700,,oddsapi
2026-10-09T23:05:07Z,2026-10-09,PIT @ CBJ,1eb386b963ae5a82eba436c25e50cf24,fgs,yes,Matthew Knies,,fanatics,1000,,oddsapi
2026-10-09T23:05:07Z,2026-10-09,PIT @ CBJ,1eb386b963ae5a82eba436c25e50cf24,fgs,yes,Valeri Nichushkin,,fanatics,1500,,oddsapi
2026-10-09T23:05:07Z,2026-10-09,PIT @ CBJ,1eb386b963ae5a82eba436c25e50cf24,fgs,yes,Emil Andrae,,fanatics,12000,,oddsapi
2026-10-09T23:05:07Z,2026-10-09,PIT @ CBJ,1eb386b963ae5a82eba436c25e50cf24,fgs,yes,Dmitri Voronkov,,fanatics,1900,,oddsapi
2026-10-09T23:05:07Z,2026-10-09,PIT @ CBJ,1eb386b963ae5a82eba436c25e50cf24,fgs,yes,Adam Fantilli,,fanatics,1100,,oddsapi
2026-10-09T23:05:07Z,2026-10-09,PIT @ CBJ,1eb386b963ae5a82eba436c25e50cf24,fgs,yes,Mathieu Olivier,,fanatics,2200,,oddsapi
2026-10-09T23:05:07Z,2026-10-09,PIT @ CBJ,1eb386b963ae5a82eba436c25e50cf24,fgs,yes,Erik Gudbranson,,fanatics,10000,,oddsapi
2026-10-09T23:05:07Z,2026-10-09,PIT @ CBJ,1eb386b963ae5a82eba436c25e50cf24,fgs,yes,Carson Soucy,,fanatics,8000,,oddsapi
2026-10-09T23:05:07Z,2026-10-09,PIT @ CBJ,1eb386b963ae5a82eba436c25e50cf24,fgs,yes,Conor Garland,,fanatics,1900,,oddsapi
2026-10-09T23:05:07Z,2026-10-09,PIT @ CBJ,1eb386b963ae5a82eba436c25e50cf24,fgs,yes,Danton Heinen,,fanatics,3500,,oddsapi
2026-10-09T23:05:07Z,2026-10-09,PIT @ CBJ,1eb386b963ae5a82eba436c25e50cf24,fgs,yes,Cole Sillinger,,fanatics,1900,,oddsapi
2026-10-09T23:05:07Z,2026-10-09,PIT @ CBJ,1eb386b963ae5a82eba436c25e50cf24,fgs,yes,Denton Mateychuk,,fanatics,3000,,oddsapi
2026-10-09T23:05:07Z,2026-10-09,PIT @ CBJ,1eb386b963ae5a82eba436c25e50cf24,fgs,yes,Sean Monahan,,fanatics,1700,,oddsapi
2026-10-09T23:05:07Z,2026-10-09,PIT @ CBJ,1eb386b963ae5a82eba436c25e50cf24,fgs,yes,Zach Werenski,,fanatics,1500,,oddsapi
2026-10-09T23:05:07Z,2026-10-09,PIT @ CBJ,1eb386b963ae5a82eba436c25e50cf24,fgs,yes,Kent Johnson,,fanatics,1500,,oddsapi
2026-10-09T23:05:07Z,2026-10-09,PIT @ CBJ,1eb386b963ae5a82eba436c25e50cf24,fgs,yes,Samuel Girard,,fanatics,7000,,oddsapi
2026-10-09T23:05:07Z,2026-10-09,PIT @ CBJ,1eb386b963ae5a82eba436c25e50cf24,fgs,yes,Connor Dewar,,fanatics,3000,,oddsapi
2026-10-09T23:05:07Z,2026-10-09,PIT @ CBJ,1eb386b963ae5a82eba436c25e50cf24,fgs,yes,Ville Koivunen,,fanatics,2800,,oddsapi
2026-10-09T23:05:07Z,2026-10-09,PIT @ CBJ,1eb386b963ae5a82eba436c25e50cf24,fgs,yes,Trevor van Riemsdyk,,fanatics,8000,,oddsapi
2026-10-09T23:05:07Z,2026-10-09,PIT @ CBJ,1eb386b963ae5a82eba436c25e50cf24,fgs,yes,Bryan Rust,,fanatics,1300,,oddsapi
2026-10-09T23:05:07Z,2026-10-09,PIT @ CBJ,1eb386b963ae5a82eba436c25e50cf24,fgs,yes,Kris Letang,,fanatics,3500,,oddsapi
2026-10-09T23:05:07Z,2026-10-09,PIT @ CBJ,1eb386b963ae5a82eba436c25e50cf24,fgs,yes,Erik Karlsson,,fanatics,2500,,oddsapi
2026-10-09T23:05:07Z,2026-10-09,PIT @ CBJ,1eb386b963ae5a82eba436c25e50cf24,fgs,yes,Rickard Rakell,,fanatics,1200,,oddsapi
2026-10-09T23:05:07Z,2026-10-09,PIT @ CBJ,1eb386b963ae5a82eba436c25e50cf24,fgs,yes,Evgeni Malkin,,fanatics,1300,,oddsapi
2026-10-09T23:05:07Z,2026-10-09,PIT @ CBJ,1eb386b963ae5a82eba436c25e50cf24,fgs,yes,Sidney Crosby,,fanatics,1100,,oddsapi
2026-10-09T23:05:07Z,2026-10-09,PIT @ CBJ,1eb386b963ae5a82eba436c25e50cf24,fgs,yes,Yegor Chinakhov,,fanatics,1700,,oddsapi
2026-10-09T23:05:07Z,2026-10-09,PIT @ CBJ,1eb386b963ae5a82eba436c25e50cf24,fgs,yes,Kaedan Korczak,,fanatics,8000,,oddsapi
2026-10-09T23:05:07Z,2026-10-09,PIT @ CBJ,1eb386b963ae5a82eba436c25e50cf24,fgs,yes,Blake Lizotte,,fanatics,4000,,oddsapi
2026-10-09T23:05:07Z,2026-10-09,PIT @ CBJ,1eb386b963ae5a82eba436c25e50cf24,fgs,yes,Declan Carlile,,fanatics,5000,,oddsapi
2026-10-09T23:05:07Z,2026-10-09,PIT @ CBJ,1eb386b963ae5a82eba436c25e50cf24,fgs,yes,Hendrix Lapierre,,fanatics,2500,,oddsapi
2026-10-09T23:05:07Z,2026-10-09,PIT @ CBJ,1eb386b963ae5a82eba436c25e50cf24,fgs,yes,Ben Kindel,,fanatics,1500,,oddsapi
2026-10-09T23:05:07Z,2026-10-09,PIT @ CBJ,1eb386b963ae5a82eba436c25e50cf24,fgs,yes,No 1st Goal,,fanatics,25000,,oddsapi
2026-10-09T23:05:07Z,2026-10-09,PIT @ CBJ,1eb386b963ae5a82eba436c25e50cf24,team_total,over,CBJ,3.5,fanatics,105,-140,oddsapi
2026-10-09T23:05:07Z,2026-10-09,PIT @ CBJ,1eb386b963ae5a82eba436c25e50cf24,team_total,under,CBJ,3.5,fanatics,-140,105,oddsapi
2026-10-09T23:05:07Z,2026-10-09,PIT @ CBJ,1eb386b963ae5a82eba436c25e50cf24,team_total,over,PIT,2.5,fanatics,-220,165,oddsapi
2026-10-09T23:05:07Z,2026-10-09,PIT @ CBJ,1eb386b963ae5a82eba436c25e50cf24,team_total,under,PIT,2.5,fanatics,165,-220,oddsapi
2026-10-09T23:05:07Z,2026-10-09,PIT @ CBJ,1eb386b963ae5a82eba436c25e50cf24,game_pl_alt,CBJ,,1.5,bovada,-320,230,oddsapi
2026-10-09T23:05:07Z,2026-10-09,PIT @ CBJ,1eb386b963ae5a82eba436c25e50cf24,game_pl_alt,CBJ,,-2.5,bovada,340,-526,oddsapi
2026-10-09T23:05:07Z,2026-10-09,PIT @ CBJ,1eb386b963ae5a82eba436c25e50cf24,game_pl_alt,CBJ,,2.5,bovada,-600,375,oddsapi
2026-10-09T23:05:07Z,2026-10-09,PIT @ CBJ,1eb386b963ae5a82eba436c25e50cf24,game_pl_alt,PIT,,-1.5,bovada,230,-320,oddsapi
2026-10-09T23:05:07Z,2026-10-09,PIT @ CBJ,1eb386b963ae5a82eba436c25e50cf24,game_pl_alt,PIT,,2.5,bovada,-526,340,oddsapi
2026-10-09T23:05:07Z,2026-10-09,PIT @ CBJ,1eb386b963ae5a82eba436c25e50cf24,game_pl_alt,PIT,,-2.5,bovada,375,-600,oddsapi
2026-10-09T23:05:07Z,2026-10-09,PIT @ CBJ,1eb386b963ae5a82eba436c25e50cf24,team_total_alt,over,CBJ,2.5,bovada,-240,,oddsapi
2026-10-09T23:05:07Z,2026-10-09,PIT @ CBJ,1eb386b963ae5a82eba436c25e50cf24,team_total_alt,over,CBJ,3.5,bovada,100,-130,oddsapi
2026-10-09T23:05:07Z,2026-10-09,PIT @ CBJ,1eb386b963ae5a82eba436c25e50cf24,team_total_alt,under,CBJ,3.5,bovada,-130,100,oddsapi
2026-10-09T23:05:07Z,2026-10-09,PIT @ CBJ,1eb386b963ae5a82eba436c25e50cf24,team_total_alt,over,CBJ,4.5,bovada,250,-350,oddsapi
2026-10-09T23:05:07Z,2026-10-09,PIT @ CBJ,1eb386b963ae5a82eba436c25e50cf24,team_total_alt,under,CBJ,4.5,bovada,-350,250,oddsapi
2026-10-09T23:05:07Z,2026-10-09,PIT @ CBJ,1eb386b963ae5a82eba436c25e50cf24,team_total_alt,over,PIT,2.5,bovada,-210,,oddsapi
2026-10-09T23:05:07Z,2026-10-09,PIT @ CBJ,1eb386b963ae5a82eba436c25e50cf24,team_total_alt,over,PIT,3.5,bovada,120,-155,oddsapi
2026-10-09T23:05:07Z,2026-10-09,PIT @ CBJ,1eb386b963ae5a82eba436c25e50cf24,team_total_alt,under,PIT,3.5,bovada,-155,120,oddsapi
2026-10-09T23:05:07Z,2026-10-09,PIT @ CBJ,1eb386b963ae5a82eba436c25e50cf24,team_total_alt,over,PIT,4.5,bovada,265,-385,oddsapi
2026-10-09T23:05:07Z,2026-10-09,PIT @ CBJ,1eb386b963ae5a82eba436c25e50cf24,team_total_alt,under,PIT,4.5,bovada,-385,265,oddsapi
2026-10-09T23:05:07Z,2026-10-09,PIT @ CBJ,1eb386b963ae5a82eba436c25e50cf24,game_total_alt,over,,4.5,bovada,-650,400,oddsapi
2026-10-09T23:05:07Z,2026-10-09,PIT @ CBJ,1eb386b963ae5a82eba436c25e50cf24,game_total_alt,over,,5.5,bovada,-210,160,oddsapi
2026-10-09T23:05:07Z,2026-10-09,PIT @ CBJ,1eb386b963ae5a82eba436c25e50cf24,game_total_alt,over,,6,bovada,-170,130,oddsapi
2026-10-09T23:05:07Z,2026-10-09,PIT @ CBJ,1eb386b963ae5a82eba436c25e50cf24,game_total_alt,over,,7,bovada,130,-170,oddsapi
2026-10-09T23:05:07Z,2026-10-09,PIT @ CBJ,1eb386b963ae5a82eba436c25e50cf24,game_total_alt,over,,7.5,bovada,180,-240,oddsapi
2026-10-09T23:05:07Z,2026-10-09,PIT @ CBJ,1eb386b963ae5a82eba436c25e50cf24,game_total_alt,over,,8.5,bovada,250,-350,oddsapi
2026-10-09T23:05:07Z,2026-10-09,PIT @ CBJ,1eb386b963ae5a82eba436c25e50cf24,game_total_alt,under,,4.5,bovada,400,-650,oddsapi
2026-10-09T23:05:07Z,2026-10-09,PIT @ CBJ,1eb386b963ae5a82eba436c25e50cf24,game_total_alt,under,,5.5,bovada,160,-210,oddsapi
2026-10-09T23:05:07Z,2026-10-09,PIT @ CBJ,1eb386b963ae5a82eba436c25e50cf24,game_total_alt,under,,6,bovada,130,-170,oddsapi
2026-10-09T23:05:07Z,2026-10-09,PIT @ CBJ,1eb386b963ae5a82eba436c25e50cf24,game_total_alt,under,,7,bovada,-170,130,oddsapi
2026-10-09T23:05:07Z,2026-10-09,PIT @ CBJ,1eb386b963ae5a82eba436c25e50cf24,game_total_alt,under,,7.5,bovada,-240,180,oddsapi
2026-10-09T23:05:07Z,2026-10-09,PIT @ CBJ,1eb386b963ae5a82eba436c25e50cf24,game_total_alt,under,,8.5,bovada,-350,250,oddsapi
2026-10-09T23:05:07Z,2026-10-09,PIT @ CBJ,1eb386b963ae5a82eba436c25e50cf24,game_ml3,CBJ,,,bovada,132,,oddsapi
2026-10-09T23:05:07Z,2026-10-09,PIT @ CBJ,1eb386b963ae5a82eba436c25e50cf24,game_ml3,PIT,,,bovada,151,,oddsapi
2026-10-09T23:05:07Z,2026-10-09,PIT @ CBJ,1eb386b963ae5a82eba436c25e50cf24,game_ml3,draw,,,bovada,310,,oddsapi
2026-10-09T23:05:07Z,2026-10-09,PIT @ CBJ,1eb386b963ae5a82eba436c25e50cf24,p1_ml3,CBJ,,,bovada,178,,oddsapi
2026-10-09T23:05:07Z,2026-10-09,PIT @ CBJ,1eb386b963ae5a82eba436c25e50cf24,p1_ml3,PIT,,,bovada,175,,oddsapi
2026-10-09T23:05:07Z,2026-10-09,PIT @ CBJ,1eb386b963ae5a82eba436c25e50cf24,p1_ml3,draw,,,bovada,190,,oddsapi
2026-10-09T23:05:07Z,2026-10-09,PIT @ CBJ,1eb386b963ae5a82eba436c25e50cf24,p1_ml,CBJ,,,bovada,-115,-115,oddsapi
2026-10-09T23:05:07Z,2026-10-09,PIT @ CBJ,1eb386b963ae5a82eba436c25e50cf24,p1_ml,PIT,,,bovada,-115,-115,oddsapi
2026-10-09T23:05:07Z,2026-10-09,PIT @ CBJ,1eb386b963ae5a82eba436c25e50cf24,p2_ml,CBJ,,,bovada,-120,-110,oddsapi
2026-10-09T23:05:07Z,2026-10-09,PIT @ CBJ,1eb386b963ae5a82eba436c25e50cf24,p2_ml,PIT,,,bovada,-110,-120,oddsapi
2026-10-09T23:05:07Z,2026-10-09,PIT @ CBJ,1eb386b963ae5a82eba436c25e50cf24,p3_ml,CBJ,,,bovada,-120,-110,oddsapi
2026-10-09T23:05:07Z,2026-10-09,PIT @ CBJ,1eb386b963ae5a82eba436c25e50cf24,p3_ml,PIT,,,bovada,-110,-120,oddsapi
2026-10-09T23:05:07Z,2026-10-09,PIT @ CBJ,1eb386b963ae5a82eba436c25e50cf24,ags,yes,Rickard Rakell,,bovada,200,,oddsapi
2026-10-09T23:05:07Z,2026-10-09,PIT @ CBJ,1eb386b963ae5a82eba436c25e50cf24,ags,yes,Tommy Novak,,bovada,285,,oddsapi
2026-10-09T23:05:07Z,2026-10-09,PIT @ CBJ,1eb386b963ae5a82eba436c25e50cf24,ags,yes,Damon Severson,,bovada,725,,oddsapi
2026-10-09T23:05:07Z,2026-10-09,PIT @ CBJ,1eb386b963ae5a82eba436c25e50cf24,ags,yes,Kaedan Korczak,,bovada,2200,,oddsapi
2026-10-09T23:05:07Z,2026-10-09,PIT @ CBJ,1eb386b963ae5a82eba436c25e50cf24,ags,yes,Trevor van Riemsdyk,,bovada,1900,,oddsapi
2026-10-09T23:05:07Z,2026-10-09,PIT @ CBJ,1eb386b963ae5a82eba436c25e50cf24,ags,yes,Evgeni Malkin,,bovada,265,,oddsapi
2026-10-09T23:05:07Z,2026-10-09,PIT @ CBJ,1eb386b963ae5a82eba436c25e50cf24,ags,yes,Bryan Rust,,bovada,220,,oddsapi
2026-10-09T23:05:07Z,2026-10-09,PIT @ CBJ,1eb386b963ae5a82eba436c25e50cf24,ags,yes,Conor Garland,,bovada,395,,oddsapi
2026-10-09T23:05:07Z,2026-10-09,PIT @ CBJ,1eb386b963ae5a82eba436c25e50cf24,ags,yes,Dmitri Voronkov,,bovada,320,,oddsapi
2026-10-09T23:05:07Z,2026-10-09,PIT @ CBJ,1eb386b963ae5a82eba436c25e50cf24,ags,yes,Kris Letang,,bovada,725,,oddsapi
2026-10-09T23:05:07Z,2026-10-09,PIT @ CBJ,1eb386b963ae5a82eba436c25e50cf24,ags,yes,Ryan Lomberg,,bovada,875,,oddsapi
2026-10-09T23:05:07Z,2026-10-09,PIT @ CBJ,1eb386b963ae5a82eba436c25e50cf24,ags,yes,Erik Gudbranson,,bovada,2000,,oddsapi
2026-10-09T23:05:07Z,2026-10-09,PIT @ CBJ,1eb386b963ae5a82eba436c25e50cf24,ags,yes,Declan Carlile,,bovada,1100,,oddsapi
2026-10-09T23:05:07Z,2026-10-09,PIT @ CBJ,1eb386b963ae5a82eba436c25e50cf24,ags,yes,Denton Mateychuk,,bovada,650,,oddsapi
2026-10-09T23:05:07Z,2026-10-09,PIT @ CBJ,1eb386b963ae5a82eba436c25e50cf24,ags,yes,Samuel Girard,,bovada,1300,,oddsapi
2026-10-09T23:05:07Z,2026-10-09,PIT @ CBJ,1eb386b963ae5a82eba436c25e50cf24,ags,yes,Carson Soucy,,bovada,1500,,oddsapi
2026-10-09T23:05:07Z,2026-10-09,PIT @ CBJ,1eb386b963ae5a82eba436c25e50cf24,ags,yes,Emil Andrae,,bovada,1900,,oddsapi
2026-10-09T23:05:07Z,2026-10-09,PIT @ CBJ,1eb386b963ae5a82eba436c25e50cf24,ags,yes,Nick Robertson,,bovada,550,,oddsapi
2026-10-09T23:05:07Z,2026-10-09,PIT @ CBJ,1eb386b963ae5a82eba436c25e50cf24,ags,yes,Hendrix Lapierre,,bovada,475,,oddsapi
2026-10-09T23:05:07Z,2026-10-09,PIT @ CBJ,1eb386b963ae5a82eba436c25e50cf24,ags,yes,Sidney Crosby,,bovada,190,,oddsapi
2026-10-09T23:05:07Z,2026-10-09,PIT @ CBJ,1eb386b963ae5a82eba436c25e50cf24,ags,yes,Valeri Nichushkin,,bovada,285,,oddsapi
2026-10-09T23:05:07Z,2026-10-09,PIT @ CBJ,1eb386b963ae5a82eba436c25e50cf24,ags,yes,Zach Werenski,,bovada,305,,oddsapi
2026-10-09T23:05:07Z,2026-10-09,PIT @ CBJ,1eb386b963ae5a82eba436c25e50cf24,ags,yes,Mathieu Olivier,,bovada,435,,oddsapi
2026-10-09T23:05:07Z,2026-10-09,PIT @ CBJ,1eb386b963ae5a82eba436c25e50cf24,ags,yes,Cole Sillinger,,bovada,405,,oddsapi
2026-10-09T23:05:07Z,2026-10-09,PIT @ CBJ,1eb386b963ae5a82eba436c25e50cf24,ags,yes,Charlie Coyle,,bovada,290,,oddsapi
2026-10-09T23:05:07Z,2026-10-09,PIT @ CBJ,1eb386b963ae5a82eba436c25e50cf24,ags,yes,Ben Kindel,,bovada,275,,oddsapi
2026-10-09T23:05:07Z,2026-10-09,PIT @ CBJ,1eb386b963ae5a82eba436c25e50cf24,ags,yes,Matthew Knies,,bovada,180,,oddsapi
2026-10-09T23:05:07Z,2026-10-09,PIT @ CBJ,1eb386b963ae5a82eba436c25e50cf24,ags,yes,Ville Koivunen,,bovada,525,,oddsapi
2026-10-09T23:05:07Z,2026-10-09,PIT @ CBJ,1eb386b963ae5a82eba436c25e50cf24,ags,yes,Adam Fantilli,,bovada,183,,oddsapi
2026-10-09T23:05:07Z,2026-10-09,PIT @ CBJ,1eb386b963ae5a82eba436c25e50cf24,ags,yes,Sean Monahan,,bovada,320,,oddsapi
2026-10-09T23:05:07Z,2026-10-09,PIT @ CBJ,1eb386b963ae5a82eba436c25e50cf24,ags,yes,Erik Karlsson,,bovada,435,,oddsapi
2026-10-09T23:05:07Z,2026-10-09,PIT @ CBJ,1eb386b963ae5a82eba436c25e50cf24,ags,yes,Blake Lizotte,,bovada,700,,oddsapi
2026-10-09T23:05:07Z,2026-10-09,PIT @ CBJ,1eb386b963ae5a82eba436c25e50cf24,ags,yes,Kent Johnson,,bovada,270,,oddsapi
2026-10-09T23:05:07Z,2026-10-09,PIT @ CBJ,1eb386b963ae5a82eba436c25e50cf24,ags,yes,Yegor Chinakhov,,bovada,285,,oddsapi
2026-10-09T23:05:07Z,2026-10-09,PIT @ CBJ,1eb386b963ae5a82eba436c25e50cf24,ags,yes,Connor Dewar,,bovada,625,,oddsapi
2026-10-09T23:05:07Z,2026-10-09,PIT @ CBJ,1eb386b963ae5a82eba436c25e50cf24,ags,yes,Danton Heinen,,bovada,750,,oddsapi
2026-10-09T23:05:07Z,2026-10-09,PIT @ CBJ,1eb386b963ae5a82eba436c25e50cf24,fgs,yes,Carson Soucy,,bovada,10000,,oddsapi
2026-10-09T23:05:07Z,2026-10-09,PIT @ CBJ,1eb386b963ae5a82eba436c25e50cf24,fgs,yes,Trevor van Riemsdyk,,bovada,10000,,oddsapi
2026-10-09T23:05:07Z,2026-10-09,PIT @ CBJ,1eb386b963ae5a82eba436c25e50cf24,fgs,yes,Charlie Coyle,,bovada,2000,,oddsapi
2026-10-09T23:05:07Z,2026-10-09,PIT @ CBJ,1eb386b963ae5a82eba436c25e50cf24,fgs,yes,Mathieu Olivier,,bovada,3000,,oddsapi
2026-10-09T23:05:07Z,2026-10-09,PIT @ CBJ,1eb386b963ae5a82eba436c25e50cf24,fgs,yes,Cole Sillinger,,bovada,2500,,oddsapi
2026-10-09T23:05:07Z,2026-10-09,PIT @ CBJ,1eb386b963ae5a82eba436c25e50cf24,fgs,yes,Samuel Girard,,bovada,8000,,oddsapi
2026-10-09T23:05:07Z,2026-10-09,PIT @ CBJ,1eb386b963ae5a82eba436c25e50cf24,fgs,yes,Kaedan Korczak,,bovada,8000,,oddsapi
2026-10-09T23:05:07Z,2026-10-09,PIT @ CBJ,1eb386b963ae5a82eba436c25e50cf24,fgs,yes,Erik Gudbranson,,bovada,10000,,oddsapi
2026-10-09T23:05:07Z,2026-10-09,PIT @ CBJ,1eb386b963ae5a82eba436c25e50cf24,fgs,yes,Erik Karlsson,,bovada,3000,,oddsapi
2026-10-09T23:05:07Z,2026-10-09,PIT @ CBJ,1eb386b963ae5a82eba436c25e50cf24,fgs,yes,Blake Lizotte,,bovada,4500,,oddsapi
2026-10-09T23:05:07Z,2026-10-09,PIT @ CBJ,1eb386b963ae5a82eba436c25e50cf24,fgs,yes,Ryan Lomberg,,bovada,5500,,oddsapi
2026-10-09T23:05:07Z,2026-10-09,PIT @ CBJ,1eb386b963ae5a82eba436c25e50cf24,fgs,yes,Ben Kindel,,bovada,1900,,oddsapi
2026-10-09T23:05:07Z,2026-10-09,PIT @ CBJ,1eb386b963ae5a82eba436c25e50cf24,fgs,yes,Hendrix Lapierre,,bovada,3300,,oddsapi
2026-10-09T23:05:07Z,2026-10-09,PIT @ CBJ,1eb386b963ae5a82eba436c25e50cf24,fgs,yes,Matthew Knies,,bovada,1300,,oddsapi
2026-10-09T23:05:07Z,2026-10-09,PIT @ CBJ,1eb386b963ae5a82eba436c25e50cf24,fgs,yes,Damon Severson,,bovada,4500,,oddsapi
2026-10-09T23:05:07Z,2026-10-09,PIT @ CBJ,1eb386b963ae5a82eba436c25e50cf24,fgs,yes,Sidney Crosby,,bovada,1300,,oddsapi
2026-10-09T23:05:07Z,2026-10-09,PIT @ CBJ,1eb386b963ae5a82eba436c25e50cf24,fgs,yes,Zach Werenski,,bovada,2000,,oddsapi
2026-10-09T23:05:07Z,2026-10-09,PIT @ CBJ,1eb386b963ae5a82eba436c25e50cf24,fgs,yes,Dmitri Voronkov,,bovada,2200,,oddsapi
2026-10-09T23:05:07Z,2026-10-09,PIT @ CBJ,1eb386b963ae5a82eba436c25e50cf24,fgs,yes,Evgeni Malkin,,bovada,1600,,oddsapi
2026-10-09T23:05:07Z,2026-10-09,PIT @ CBJ,1eb386b963ae5a82eba436c25e50cf24,fgs,yes,Connor Dewar,,bovada,4000,,oddsapi
2026-10-09T23:05:07Z,2026-10-09,PIT @ CBJ,1eb386b963ae5a82eba436c25e50cf24,fgs,yes,Kris Letang,,bovada,4500,,oddsapi
2026-10-09T23:05:07Z,2026-10-09,PIT @ CBJ,1eb386b963ae5a82eba436c25e50cf24,fgs,yes,Denton Mateychuk,,bovada,3500,,oddsapi
2026-10-09T23:05:07Z,2026-10-09,PIT @ CBJ,1eb386b963ae5a82eba436c25e50cf24,fgs,yes,Declan Carlile,,bovada,6500,,oddsapi
2026-10-09T23:05:07Z,2026-10-09,PIT @ CBJ,1eb386b963ae5a82eba436c25e50cf24,fgs,yes,Tommy Novak,,bovada,2000,,oddsapi
2026-10-09T23:05:07Z,2026-10-09,PIT @ CBJ,1eb386b963ae5a82eba436c25e50cf24,fgs,yes,Yegor Chinakhov,,bovada,1900,,oddsapi
2026-10-09T23:05:07Z,2026-10-09,PIT @ CBJ,1eb386b963ae5a82eba436c25e50cf24,fgs,yes,Rickard Rakell,,bovada,1400,,oddsapi
2026-10-09T23:05:07Z,2026-10-09,PIT @ CBJ,1eb386b963ae5a82eba436c25e50cf24,fgs,yes,Danton Heinen,,bovada,4000,,oddsapi
2026-10-09T23:05:07Z,2026-10-09,PIT @ CBJ,1eb386b963ae5a82eba436c25e50cf24,fgs,yes,Adam Fantilli,,bovada,1300,,oddsapi
2026-10-09T23:05:07Z,2026-10-09,PIT @ CBJ,1eb386b963ae5a82eba436c25e50cf24,fgs,yes,Nick Robertson,,bovada,3300,,oddsapi
2026-10-09T23:05:07Z,2026-10-09,PIT @ CBJ,1eb386b963ae5a82eba436c25e50cf24,fgs,yes,Kent Johnson,,bovada,1800,,oddsapi
2026-10-09T23:05:07Z,2026-10-09,PIT @ CBJ,1eb386b963ae5a82eba436c25e50cf24,fgs,yes,Bryan Rust,,bovada,1500,,oddsapi
2026-10-09T23:05:07Z,2026-10-09,PIT @ CBJ,1eb386b963ae5a82eba436c25e50cf24,fgs,yes,Valeri Nichushkin,,bovada,2000,,oddsapi
2026-10-09T23:05:07Z,2026-10-09,PIT @ CBJ,1eb386b963ae5a82eba436c25e50cf24,fgs,yes,Ville Koivunen,,bovada,3000,,oddsapi
2026-10-09T23:05:07Z,2026-10-09,PIT @ CBJ,1eb386b963ae5a82eba436c25e50cf24,fgs,yes,Conor Garland,,bovada,2500,,oddsapi
2026-10-09T23:05:07Z,2026-10-09,PIT @ CBJ,1eb386b963ae5a82eba436c25e50cf24,fgs,yes,Emil Andrae,,bovada,12500,,oddsapi
2026-10-09T23:05:07Z,2026-10-09,PIT @ CBJ,1eb386b963ae5a82eba436c25e50cf24,fgs,yes,Sean Monahan,,bovada,2200,,oddsapi
2026-10-09T23:05:07Z,2026-10-09,PIT @ CBJ,1eb386b963ae5a82eba436c25e50cf24,sk_sog,over,Ben Kindel,1.5,bovada,-165,125,oddsapi
2026-10-09T23:05:07Z,2026-10-09,PIT @ CBJ,1eb386b963ae5a82eba436c25e50cf24,sk_sog,under,Ben Kindel,1.5,bovada,125,-165,oddsapi
2026-10-09T23:05:07Z,2026-10-09,PIT @ CBJ,1eb386b963ae5a82eba436c25e50cf24,sk_sog,over,Matthew Knies,1.5,bovada,-145,110,oddsapi
2026-10-09T23:05:07Z,2026-10-09,PIT @ CBJ,1eb386b963ae5a82eba436c25e50cf24,sk_sog,under,Matthew Knies,1.5,bovada,110,-145,oddsapi
2026-10-09T23:05:07Z,2026-10-09,PIT @ CBJ,1eb386b963ae5a82eba436c25e50cf24,sk_sog,over,Valeri Nichushkin,1.5,bovada,-145,110,oddsapi
2026-10-09T23:05:07Z,2026-10-09,PIT @ CBJ,1eb386b963ae5a82eba436c25e50cf24,sk_sog,under,Valeri Nichushkin,1.5,bovada,110,-145,oddsapi
2026-10-09T23:05:07Z,2026-10-09,PIT @ CBJ,1eb386b963ae5a82eba436c25e50cf24,sk_sog,over,Adam Fantilli,2.5,bovada,100,-130,oddsapi
2026-10-09T23:05:07Z,2026-10-09,PIT @ CBJ,1eb386b963ae5a82eba436c25e50cf24,sk_sog,under,Adam Fantilli,2.5,bovada,-130,100,oddsapi
2026-10-09T23:05:07Z,2026-10-09,PIT @ CBJ,1eb386b963ae5a82eba436c25e50cf24,sk_sog,over,Bryan Rust,2.5,bovada,135,-175,oddsapi
2026-10-09T23:05:07Z,2026-10-09,PIT @ CBJ,1eb386b963ae5a82eba436c25e50cf24,sk_sog,under,Bryan Rust,2.5,bovada,-175,135,oddsapi
2026-10-09T23:05:07Z,2026-10-09,PIT @ CBJ,1eb386b963ae5a82eba436c25e50cf24,sk_sog,over,Charlie Coyle,1.5,bovada,-125,-105,oddsapi
2026-10-09T23:05:07Z,2026-10-09,PIT @ CBJ,1eb386b963ae5a82eba436c25e50cf24,sk_sog,under,Charlie Coyle,1.5,bovada,-105,-125,oddsapi
2026-10-09T23:05:07Z,2026-10-09,PIT @ CBJ,1eb386b963ae5a82eba436c25e50cf24,sk_sog,over,Erik Karlsson,2.5,bovada,145,-190,oddsapi
2026-10-09T23:05:07Z,2026-10-09,PIT @ CBJ,1eb386b963ae5a82eba436c25e50cf24,sk_sog,under,Erik Karlsson,2.5,bovada,-190,145,oddsapi
2026-10-09T23:05:07Z,2026-10-09,PIT @ CBJ,1eb386b963ae5a82eba436c25e50cf24,sk_sog,over,Evgeni Malkin,1.5,bovada,-165,125,oddsapi
2026-10-09T23:05:07Z,2026-10-09,PIT @ CBJ,1eb386b963ae5a82eba436c25e50cf24,sk_sog,under,Evgeni Malkin,1.5,bovada,125,-165,oddsapi
2026-10-09T23:05:07Z,2026-10-09,PIT @ CBJ,1eb386b963ae5a82eba436c25e50cf24,sk_sog,over,Kent Johnson,1.5,bovada,-130,100,oddsapi
2026-10-09T23:05:07Z,2026-10-09,PIT @ CBJ,1eb386b963ae5a82eba436c25e50cf24,sk_sog,under,Kent Johnson,1.5,bovada,100,-130,oddsapi
2026-10-09T23:05:07Z,2026-10-09,PIT @ CBJ,1eb386b963ae5a82eba436c25e50cf24,sk_sog,over,Kris Letang,1.5,bovada,-105,-125,oddsapi
2026-10-09T23:05:07Z,2026-10-09,PIT @ CBJ,1eb386b963ae5a82eba436c25e50cf24,sk_sog,under,Kris Letang,1.5,bovada,-125,-105,oddsapi
2026-10-09T23:05:07Z,2026-10-09,PIT @ CBJ,1eb386b963ae5a82eba436c25e50cf24,sk_sog,over,Rickard Rakell,2.5,bovada,115,-150,oddsapi
2026-10-09T23:05:07Z,2026-10-09,PIT @ CBJ,1eb386b963ae5a82eba436c25e50cf24,sk_sog,under,Rickard Rakell,2.5,bovada,-150,115,oddsapi
2026-10-09T23:05:07Z,2026-10-09,PIT @ CBJ,1eb386b963ae5a82eba436c25e50cf24,sk_sog,over,Sean Monahan,1.5,bovada,-130,100,oddsapi
2026-10-09T23:05:07Z,2026-10-09,PIT @ CBJ,1eb386b963ae5a82eba436c25e50cf24,sk_sog,under,Sean Monahan,1.5,bovada,100,-130,oddsapi
2026-10-09T23:05:07Z,2026-10-09,PIT @ CBJ,1eb386b963ae5a82eba436c25e50cf24,sk_sog,over,Sidney Crosby,2.5,bovada,130,-170,oddsapi
2026-10-09T23:05:07Z,2026-10-09,PIT @ CBJ,1eb386b963ae5a82eba436c25e50cf24,sk_sog,under,Sidney Crosby,2.5,bovada,-170,130,oddsapi
2026-10-09T23:05:07Z,2026-10-09,PIT @ CBJ,1eb386b963ae5a82eba436c25e50cf24,sk_sog,over,Tommy Novak,1.5,bovada,-120,-110,oddsapi
2026-10-09T23:05:07Z,2026-10-09,PIT @ CBJ,1eb386b963ae5a82eba436c25e50cf24,sk_sog,under,Tommy Novak,1.5,bovada,-110,-120,oddsapi
2026-10-09T23:05:07Z,2026-10-09,PIT @ CBJ,1eb386b963ae5a82eba436c25e50cf24,sk_sog,over,Yegor Chinakhov,1.5,bovada,-190,145,oddsapi
2026-10-09T23:05:07Z,2026-10-09,PIT @ CBJ,1eb386b963ae5a82eba436c25e50cf24,sk_sog,under,Yegor Chinakhov,1.5,bovada,145,-190,oddsapi
2026-10-09T23:05:07Z,2026-10-09,PIT @ CBJ,1eb386b963ae5a82eba436c25e50cf24,sk_sog,over,Zach Werenski,3.5,bovada,105,-135,oddsapi
2026-10-09T23:05:07Z,2026-10-09,PIT @ CBJ,1eb386b963ae5a82eba436c25e50cf24,sk_sog,under,Zach Werenski,3.5,bovada,-135,105,oddsapi
2026-10-09T23:05:07Z,2026-10-09,PIT @ CBJ,1eb386b963ae5a82eba436c25e50cf24,g_saves,over,Sergei Murashov,24.5,bovada,-125,-105,oddsapi
2026-10-09T23:05:07Z,2026-10-09,PIT @ CBJ,1eb386b963ae5a82eba436c25e50cf24,g_saves,under,Sergei Murashov,24.5,bovada,-105,-125,oddsapi
2026-10-09T23:05:07Z,2026-10-09,PIT @ CBJ,1eb386b963ae5a82eba436c25e50cf24,p1_pl,CBJ,,-0.5,bovada,165,-220,oddsapi
2026-10-09T23:05:07Z,2026-10-09,PIT @ CBJ,1eb386b963ae5a82eba436c25e50cf24,p1_pl,PIT,,0.5,bovada,-220,165,oddsapi
2026-10-09T23:05:07Z,2026-10-09,PIT @ CBJ,1eb386b963ae5a82eba436c25e50cf24,p2_pl,CBJ,,-0.5,bovada,160,-215,oddsapi
2026-10-09T23:05:07Z,2026-10-09,PIT @ CBJ,1eb386b963ae5a82eba436c25e50cf24,p2_pl,PIT,,0.5,bovada,-215,160,oddsapi
2026-10-09T23:05:07Z,2026-10-09,PIT @ CBJ,1eb386b963ae5a82eba436c25e50cf24,p3_pl,CBJ,,-0.5,bovada,145,-190,oddsapi
2026-10-09T23:05:07Z,2026-10-09,PIT @ CBJ,1eb386b963ae5a82eba436c25e50cf24,p3_pl,PIT,,0.5,bovada,-190,145,oddsapi
2026-10-09T23:05:07Z,2026-10-09,PIT @ CBJ,1eb386b963ae5a82eba436c25e50cf24,p1_total,over,,1.5,bovada,-150,115,oddsapi
2026-10-09T23:05:07Z,2026-10-09,PIT @ CBJ,1eb386b963ae5a82eba436c25e50cf24,p1_total,under,,1.5,bovada,115,-150,oddsapi
2026-10-09T23:05:07Z,2026-10-09,PIT @ CBJ,1eb386b963ae5a82eba436c25e50cf24,p2_total,over,,2,bovada,-110,-120,oddsapi
2026-10-09T23:05:07Z,2026-10-09,PIT @ CBJ,1eb386b963ae5a82eba436c25e50cf24,p2_total,under,,2,bovada,-120,-110,oddsapi
2026-10-09T23:05:07Z,2026-10-09,PIT @ CBJ,1eb386b963ae5a82eba436c25e50cf24,p3_total,over,,2,bovada,-160,120,oddsapi
2026-10-09T23:05:07Z,2026-10-09,PIT @ CBJ,1eb386b963ae5a82eba436c25e50cf24,p3_total,under,,2,bovada,120,-160,oddsapi
2026-10-09T23:05:07Z,2026-10-09,PIT @ CBJ,1eb386b963ae5a82eba436c25e50cf24,game_pl_alt,CBJ,,1.5,fanduel,-340,240,oddsapi
2026-10-09T23:05:07Z,2026-10-09,PIT @ CBJ,1eb386b963ae5a82eba436c25e50cf24,game_pl_alt,CBJ,,2.5,fanduel,-600,380,oddsapi
2026-10-09T23:05:07Z,2026-10-09,PIT @ CBJ,1eb386b963ae5a82eba436c25e50cf24,game_pl_alt,CBJ,,3.5,fanduel,-2000,1040,oddsapi
2026-10-09T23:05:07Z,2026-10-09,PIT @ CBJ,1eb386b963ae5a82eba436c25e50cf24,game_pl_alt,CBJ,,4.5,fanduel,-6000,2400,oddsapi
2026-10-09T23:05:07Z,2026-10-09,PIT @ CBJ,1eb386b963ae5a82eba436c25e50cf24,game_pl_alt,CBJ,,5.5,fanduel,-20000,6500,oddsapi
2026-10-09T23:05:07Z,2026-10-09,PIT @ CBJ,1eb386b963ae5a82eba436c25e50cf24,game_pl_alt,CBJ,,6.5,fanduel,-50000,,oddsapi
2026-10-09T23:05:07Z,2026-10-09,PIT @ CBJ,1eb386b963ae5a82eba436c25e50cf24,game_pl_alt,CBJ,,-1.5,fanduel,192,-260,oddsapi
2026-10-09T23:05:07Z,2026-10-09,PIT @ CBJ,1eb386b963ae5a82eba436c25e50cf24,game_pl_alt,CBJ,,-2.5,fanduel,320,-460,oddsapi
2026-10-09T23:05:07Z,2026-10-09,PIT @ CBJ,1eb386b963ae5a82eba436c25e50cf24,game_pl_alt,CBJ,,-3.5,fanduel,830,-1600,oddsapi
2026-10-09T23:05:07Z,2026-10-09,PIT @ CBJ,1eb386b963ae5a82eba436c25e50cf24,game_pl_alt,CBJ,,-4.5,fanduel,1950,-5000,oddsapi
2026-10-09T23:05:07Z,2026-10-09,PIT @ CBJ,1eb386b963ae5a82eba436c25e50cf24,game_pl_alt,CBJ,,-5.5,fanduel,5000,-20000,oddsapi
2026-10-09T23:05:07Z,2026-10-09,PIT @ CBJ,1eb386b963ae5a82eba436c25e50cf24,game_pl_alt,PIT,,1.5,fanduel,-260,192,oddsapi
2026-10-09T23:05:07Z,2026-10-09,PIT @ CBJ,1eb386b963ae5a82eba436c25e50cf24,game_pl_alt,PIT,,2.5,fanduel,-460,320,oddsapi
2026-10-09T23:05:07Z,2026-10-09,PIT @ CBJ,1eb386b963ae5a82eba436c25e50cf24,game_pl_alt,PIT,,3.5,fanduel,-1600,830,oddsapi
2026-10-09T23:05:07Z,2026-10-09,PIT @ CBJ,1eb386b963ae5a82eba436c25e50cf24,game_pl_alt,PIT,,4.5,fanduel,-5000,1950,oddsapi
2026-10-09T23:05:07Z,2026-10-09,PIT @ CBJ,1eb386b963ae5a82eba436c25e50cf24,game_pl_alt,PIT,,5.5,fanduel,-20000,5000,oddsapi
2026-10-09T23:05:07Z,2026-10-09,PIT @ CBJ,1eb386b963ae5a82eba436c25e50cf24,game_pl_alt,PIT,,6.5,fanduel,-50000,,oddsapi
2026-10-09T23:05:07Z,2026-10-09,PIT @ CBJ,1eb386b963ae5a82eba436c25e50cf24,game_pl_alt,PIT,,-1.5,fanduel,240,-340,oddsapi
2026-10-09T23:05:07Z,2026-10-09,PIT @ CBJ,1eb386b963ae5a82eba436c25e50cf24,game_pl_alt,PIT,,-2.5,fanduel,380,-600,oddsapi
2026-10-09T23:05:07Z,2026-10-09,PIT @ CBJ,1eb386b963ae5a82eba436c25e50cf24,game_pl_alt,PIT,,-3.5,fanduel,1040,-2000,oddsapi
2026-10-09T23:05:07Z,2026-10-09,PIT @ CBJ,1eb386b963ae5a82eba436c25e50cf24,game_pl_alt,PIT,,-4.5,fanduel,2400,-6000,oddsapi
2026-10-09T23:05:07Z,2026-10-09,PIT @ CBJ,1eb386b963ae5a82eba436c25e50cf24,game_pl_alt,PIT,,-5.5,fanduel,6500,-20000,oddsapi
2026-10-09T23:05:07Z,2026-10-09,PIT @ CBJ,1eb386b963ae5a82eba436c25e50cf24,team_total_alt,over,CBJ,0.5,fanduel,-4500,1850,oddsapi
2026-10-09T23:05:07Z,2026-10-09,PIT @ CBJ,1eb386b963ae5a82eba436c25e50cf24,team_total_alt,over,CBJ,1.5,fanduel,-850,510,oddsapi
2026-10-09T23:05:07Z,2026-10-09,PIT @ CBJ,1eb386b963ae5a82eba436c25e50cf24,team_total_alt,over,CBJ,2.5,fanduel,-240,,oddsapi
2026-10-09T23:05:07Z,2026-10-09,PIT @ CBJ,1eb386b963ae5a82eba436c25e50cf24,team_total_alt,over,CBJ,3.5,fanduel,104,-130,oddsapi
2026-10-09T23:05:07Z,2026-10-09,PIT @ CBJ,1eb386b963ae5a82eba436c25e50cf24,team_total_alt,over,CBJ,4.5,fanduel,245,-340,oddsapi
2026-10-09T23:05:07Z,2026-10-09,PIT @ CBJ,1eb386b963ae5a82eba436c25e50cf24,team_total_alt,over,CBJ,5.5,fanduel,590,-1100,oddsapi
2026-10-09T23:05:07Z,2026-10-09,PIT @ CBJ,1eb386b963ae5a82eba436c25e50cf24,team_total_alt,over,CBJ,6.5,fanduel,1480,-3500,oddsapi
2026-10-09T23:05:07Z,2026-10-09,PIT @ CBJ,1eb386b963ae5a82eba436c25e50cf24,team_total_alt,over,CBJ,7.5,fanduel,4300,-8000,oddsapi
2026-10-09T23:05:07Z,2026-10-09,PIT @ CBJ,1eb386b963ae5a82eba436c25e50cf24,team_total_alt,under,CBJ,0.5,fanduel,1850,-4500,oddsapi
2026-10-09T23:05:07Z,2026-10-09,PIT @ CBJ,1eb386b963ae5a82eba436c25e50cf24,team_total_alt,under,CBJ,1.5,fanduel,510,-850,oddsapi
2026-10-09T23:05:07Z,2026-10-09,PIT @ CBJ,1eb386b963ae5a82eba436c25e50cf24,team_total_alt,under,CBJ,3.5,fanduel,-130,104,oddsapi
2026-10-09T23:05:07Z,2026-10-09,PIT @ CBJ,1eb386b963ae5a82eba436c25e50cf24,team_total_alt,under,CBJ,4.5,fanduel,-340,245,oddsapi
2026-10-09T23:05:07Z,2026-10-09,PIT @ CBJ,1eb386b963ae5a82eba436c25e50cf24,team_total_alt,under,CBJ,5.5,fanduel,-1100,590,oddsapi
2026-10-09T23:05:07Z,2026-10-09,PIT @ CBJ,1eb386b963ae5a82eba436c25e50cf24,team_total_alt,under,CBJ,6.5,fanduel,-3500,1480,oddsapi
2026-10-09T23:05:07Z,2026-10-09,PIT @ CBJ,1eb386b963ae5a82eba436c25e50cf24,team_total_alt,under,CBJ,7.5,fanduel,-8000,4300,oddsapi
2026-10-09T23:05:07Z,2026-10-09,PIT @ CBJ,1eb386b963ae5a82eba436c25e50cf24,team_total_alt,over,PIT,0.5,fanduel,-3500,1550,oddsapi
2026-10-09T23:05:07Z,2026-10-09,PIT @ CBJ,1eb386b963ae5a82eba436c25e50cf24,team_total_alt,over,PIT,1.5,fanduel,-700,430,oddsapi
2026-10-09T23:05:07Z,2026-10-09,PIT @ CBJ,1eb386b963ae5a82eba436c25e50cf24,team_total_alt,over,PIT,2.5,fanduel,-210,,oddsapi
2026-10-09T23:05:07Z,2026-10-09,PIT @ CBJ,1eb386b963ae5a82eba436c25e50cf24,team_total_alt,over,PIT,3.5,fanduel,118,-150,oddsapi
2026-10-09T23:05:07Z,2026-10-09,PIT @ CBJ,1eb386b963ae5a82eba436c25e50cf24,team_total_alt,over,PIT,4.5,fanduel,270,-380,oddsapi
2026-10-09T23:05:07Z,2026-10-09,PIT @ CBJ,1eb386b963ae5a82eba436c25e50cf24,team_total_alt,over,PIT,5.5,fanduel,660,-1200,oddsapi
2026-10-09T23:05:07Z,2026-10-09,PIT @ CBJ,1eb386b963ae5a82eba436c25e50cf24,team_total_alt,over,PIT,6.5,fanduel,1500,-3500,oddsapi
2026-10-09T23:05:07Z,2026-10-09,PIT @ CBJ,1eb386b963ae5a82eba436c25e50cf24,team_total_alt,over,PIT,7.5,fanduel,4900,-8000,oddsapi
2026-10-09T23:05:07Z,2026-10-09,PIT @ CBJ,1eb386b963ae5a82eba436c25e50cf24,team_total_alt,under,PIT,0.5,fanduel,1550,-3500,oddsapi
2026-10-09T23:05:07Z,2026-10-09,PIT @ CBJ,1eb386b963ae5a82eba436c25e50cf24,team_total_alt,under,PIT,1.5,fanduel,430,-700,oddsapi
2026-10-09T23:05:07Z,2026-10-09,PIT @ CBJ,1eb386b963ae5a82eba436c25e50cf24,team_total_alt,under,PIT,3.5,fanduel,-150,118,oddsapi
2026-10-09T23:05:07Z,2026-10-09,PIT @ CBJ,1eb386b963ae5a82eba436c25e50cf24,team_total_alt,under,PIT,4.5,fanduel,-380,270,oddsapi
2026-10-09T23:05:07Z,2026-10-09,PIT @ CBJ,1eb386b963ae5a82eba436c25e50cf24,team_total_alt,under,PIT,5.5,fanduel,-1200,660,oddsapi
2026-10-09T23:05:07Z,2026-10-09,PIT @ CBJ,1eb386b963ae5a82eba436c25e50cf24,team_total_alt,under,PIT,6.5,fanduel,-3500,1500,oddsapi
2026-10-09T23:05:07Z,2026-10-09,PIT @ CBJ,1eb386b963ae5a82eba436c25e50cf24,team_total_alt,under,PIT,7.5,fanduel,-8000,4900,oddsapi
2026-10-09T23:05:07Z,2026-10-09,PIT @ CBJ,1eb386b963ae5a82eba436c25e50cf24,game_total_alt,over,,2.5,fanduel,-8000,3400,oddsapi
2026-10-09T23:05:07Z,2026-10-09,PIT @ CBJ,1eb386b963ae5a82eba436c25e50cf24,game_total_alt,over,,3.5,fanduel,-1450,770,oddsapi
2026-10-09T23:05:07Z,2026-10-09,PIT @ CBJ,1eb386b963ae5a82eba436c25e50cf24,game_total_alt,over,,4.5,fanduel,-700,450,oddsapi
2026-10-09T23:05:07Z,2026-10-09,PIT @ CBJ,1eb386b963ae5a82eba436c25e50cf24,game_total_alt,over,,5.5,fanduel,-215,162,oddsapi
2026-10-09T23:05:07Z,2026-10-09,PIT @ CBJ,1eb386b963ae5a82eba436c25e50cf24,game_total_alt,over,,6.5,fanduel,-130,102,oddsapi
2026-10-09T23:05:07Z,2026-10-09,PIT @ CBJ,1eb386b963ae5a82eba436c25e50cf24,game_total_alt,over,,7.5,fanduel,182,-240,oddsapi
2026-10-09T23:05:07Z,2026-10-09,PIT @ CBJ,1eb386b963ae5a82eba436c25e50cf24,game_total_alt,over,,8.5,fanduel,280,-400,oddsapi
2026-10-09T23:05:07Z,2026-10-09,PIT @ CBJ,1eb386b963ae5a82eba436c25e50cf24,game_total_alt,over,,9.5,fanduel,640,-1250,oddsapi
2026-10-09T23:05:07Z,2026-10-09,PIT @ CBJ,1eb386b963ae5a82eba436c25e50cf24,game_total_alt,over,,10.5,fanduel,1000,-2000,oddsapi
2026-10-09T23:05:07Z,2026-10-09,PIT @ CBJ,1eb386b963ae5a82eba436c25e50cf24,game_total_alt,over,,11.5,fanduel,2300,-6000,oddsapi
2026-10-09T23:05:07Z,2026-10-09,PIT @ CBJ,1eb386b963ae5a82eba436c25e50cf24,game_total_alt,over,,12.5,fanduel,4000,-8000,oddsapi
2026-10-09T23:05:07Z,2026-10-09,PIT @ CBJ,1eb386b963ae5a82eba436c25e50cf24,game_total_alt,under,,2.5,fanduel,3400,-8000,oddsapi
2026-10-09T23:05:07Z,2026-10-09,PIT @ CBJ,1eb386b963ae5a82eba436c25e50cf24,game_total_alt,under,,3.5,fanduel,770,-1450,oddsapi
2026-10-09T23:05:07Z,2026-10-09,PIT @ CBJ,1eb386b963ae5a82eba436c25e50cf24,game_total_alt,under,,4.5,fanduel,450,-700,oddsapi
2026-10-09T23:05:07Z,2026-10-09,PIT @ CBJ,1eb386b963ae5a82eba436c25e50cf24,game_total_alt,under,,5.5,fanduel,162,-215,oddsapi
2026-10-09T23:05:07Z,2026-10-09,PIT @ CBJ,1eb386b963ae5a82eba436c25e50cf24,game_total_alt,under,,6.5,fanduel,102,-130,oddsapi
2026-10-09T23:05:07Z,2026-10-09,PIT @ CBJ,1eb386b963ae5a82eba436c25e50cf24,game_total_alt,under,,7.5,fanduel,-240,182,oddsapi
2026-10-09T23:05:07Z,2026-10-09,PIT @ CBJ,1eb386b963ae5a82eba436c25e50cf24,game_total_alt,under,,8.5,fanduel,-400,280,oddsapi
2026-10-09T23:05:07Z,2026-10-09,PIT @ CBJ,1eb386b963ae5a82eba436c25e50cf24,game_total_alt,under,,9.5,fanduel,-1250,640,oddsapi
2026-10-09T23:05:07Z,2026-10-09,PIT @ CBJ,1eb386b963ae5a82eba436c25e50cf24,game_total_alt,under,,10.5,fanduel,-2000,1000,oddsapi
2026-10-09T23:05:07Z,2026-10-09,PIT @ CBJ,1eb386b963ae5a82eba436c25e50cf24,game_total_alt,under,,11.5,fanduel,-6000,2300,oddsapi
2026-10-09T23:05:07Z,2026-10-09,PIT @ CBJ,1eb386b963ae5a82eba436c25e50cf24,game_total_alt,under,,12.5,fanduel,-8000,4000,oddsapi
2026-10-09T23:05:07Z,2026-10-09,PIT @ CBJ,1eb386b963ae5a82eba436c25e50cf24,game_ml3,CBJ,,,fanduel,125,,oddsapi
2026-10-09T23:05:07Z,2026-10-09,PIT @ CBJ,1eb386b963ae5a82eba436c25e50cf24,game_ml3,PIT,,,fanduel,145,,oddsapi
2026-10-09T23:05:07Z,2026-10-09,PIT @ CBJ,1eb386b963ae5a82eba436c25e50cf24,game_ml3,draw,,,fanduel,350,,oddsapi
2026-10-09T23:05:07Z,2026-10-09,PIT @ CBJ,1eb386b963ae5a82eba436c25e50cf24,p1_ml3,CBJ,,,fanduel,170,,oddsapi
2026-10-09T23:05:07Z,2026-10-09,PIT @ CBJ,1eb386b963ae5a82eba436c25e50cf24,p1_ml3,PIT,,,fanduel,180,,oddsapi
2026-10-09T23:05:07Z,2026-10-09,PIT @ CBJ,1eb386b963ae5a82eba436c25e50cf24,p1_ml3,draw,,,fanduel,195,,oddsapi
2026-10-09T23:05:07Z,2026-10-09,PIT @ CBJ,1eb386b963ae5a82eba436c25e50cf24,p2_ml3,CBJ,,,fanduel,155,,oddsapi
2026-10-09T23:05:07Z,2026-10-09,PIT @ CBJ,1eb386b963ae5a82eba436c25e50cf24,p2_ml3,PIT,,,fanduel,170,,oddsapi
2026-10-09T23:05:07Z,2026-10-09,PIT @ CBJ,1eb386b963ae5a82eba436c25e50cf24,p2_ml3,draw,,,fanduel,230,,oddsapi
2026-10-09T23:05:07Z,2026-10-09,PIT @ CBJ,1eb386b963ae5a82eba436c25e50cf24,p3_ml3,CBJ,,,fanduel,140,,oddsapi
2026-10-09T23:05:07Z,2026-10-09,PIT @ CBJ,1eb386b963ae5a82eba436c25e50cf24,p3_ml3,PIT,,,fanduel,170,,oddsapi
2026-10-09T23:05:07Z,2026-10-09,PIT @ CBJ,1eb386b963ae5a82eba436c25e50cf24,p3_ml3,draw,,,fanduel,260,,oddsapi
2026-10-09T23:05:07Z,2026-10-09,PIT @ CBJ,1eb386b963ae5a82eba436c25e50cf24,p1_ml,CBJ,,,fanduel,-118,-108,oddsapi
2026-10-09T23:05:07Z,2026-10-09,PIT @ CBJ,1eb386b963ae5a82eba436c25e50cf24,p1_ml,PIT,,,fanduel,-108,-118,oddsapi
2026-10-09T23:05:07Z,2026-10-09,PIT @ CBJ,1eb386b963ae5a82eba436c25e50cf24,p2_ml,CBJ,,,fanduel,-118,-108,oddsapi
2026-10-09T23:05:07Z,2026-10-09,PIT @ CBJ,1eb386b963ae5a82eba436c25e50cf24,p2_ml,PIT,,,fanduel,-108,-118,oddsapi
2026-10-09T23:05:07Z,2026-10-09,PIT @ CBJ,1eb386b963ae5a82eba436c25e50cf24,p3_ml,CBJ,,,fanduel,-128,100,oddsapi
2026-10-09T23:05:07Z,2026-10-09,PIT @ CBJ,1eb386b963ae5a82eba436c25e50cf24,p3_ml,PIT,,,fanduel,100,-128,oddsapi
2026-10-09T23:05:07Z,2026-10-09,PIT @ CBJ,1eb386b963ae5a82eba436c25e50cf24,ags,yes,Adam Fantilli,,fanduel,180,,oddsapi
2026-10-09T23:05:07Z,2026-10-09,PIT @ CBJ,1eb386b963ae5a82eba436c25e50cf24,ags,yes,Matthew Knies,,fanduel,180,,oddsapi
2026-10-09T23:05:07Z,2026-10-09,PIT @ CBJ,1eb386b963ae5a82eba436c25e50cf24,ags,yes,Sidney Crosby,,fanduel,195,,oddsapi
2026-10-09T23:05:07Z,2026-10-09,PIT @ CBJ,1eb386b963ae5a82eba436c25e50cf24,ags,yes,Rickard Rakell,,fanduel,200,,oddsapi
2026-10-09T23:05:07Z,2026-10-09,PIT @ CBJ,1eb386b963ae5a82eba436c25e50cf24,ags,yes,Bryan Rust,,fanduel,230,,oddsapi
2026-10-09T23:05:07Z,2026-10-09,PIT @ CBJ,1eb386b963ae5a82eba436c25e50cf24,ags,yes,Evgeni Malkin,,fanduel,240,,oddsapi
2026-10-09T23:05:07Z,2026-10-09,PIT @ CBJ,1eb386b963ae5a82eba436c25e50cf24,ags,yes,Kent Johnson,,fanduel,260,,oddsapi
2026-10-09T23:05:07Z,2026-10-09,PIT @ CBJ,1eb386b963ae5a82eba436c25e50cf24,ags,yes,Valeri Nichushkin,,fanduel,290,,oddsapi
2026-10-09T23:05:07Z,2026-10-09,PIT @ CBJ,1eb386b963ae5a82eba436c25e50cf24,ags,yes,Charlie Coyle,,fanduel,290,,oddsapi
2026-10-09T23:05:07Z,2026-10-09,PIT @ CBJ,1eb386b963ae5a82eba436c25e50cf24,ags,yes,Ben Kindel,,fanduel,290,,oddsapi
2026-10-09T23:05:07Z,2026-10-09,PIT @ CBJ,1eb386b963ae5a82eba436c25e50cf24,ags,yes,Yegor Chinakhov,,fanduel,300,,oddsapi
2026-10-09T23:05:07Z,2026-10-09,PIT @ CBJ,1eb386b963ae5a82eba436c25e50cf24,ags,yes,Tommy Novak,,fanduel,310,,oddsapi
2026-10-09T23:05:07Z,2026-10-09,PIT @ CBJ,1eb386b963ae5a82eba436c25e50cf24,ags,yes,Zach Werenski,,fanduel,310,,oddsapi
2026-10-09T23:05:07Z,2026-10-09,PIT @ CBJ,1eb386b963ae5a82eba436c25e50cf24,ags,yes,Dmitri Voronkov,,fanduel,330,,oddsapi
2026-10-09T23:05:07Z,2026-10-09,PIT @ CBJ,1eb386b963ae5a82eba436c25e50cf24,ags,yes,Sean Monahan,,fanduel,340,,oddsapi
2026-10-09T23:05:07Z,2026-10-09,PIT @ CBJ,1eb386b963ae5a82eba436c25e50cf24,ags,yes,Conor Garland,,fanduel,410,,oddsapi
2026-10-09T23:05:07Z,2026-10-09,PIT @ CBJ,1eb386b963ae5a82eba436c25e50cf24,ags,yes,Cole Sillinger,,fanduel,420,,oddsapi
2026-10-09T23:05:07Z,2026-10-09,PIT @ CBJ,1eb386b963ae5a82eba436c25e50cf24,ags,yes,Erik Karlsson,,fanduel,450,,oddsapi
2026-10-09T23:05:07Z,2026-10-09,PIT @ CBJ,1eb386b963ae5a82eba436c25e50cf24,ags,yes,Mathieu Olivier,,fanduel,480,,oddsapi
2026-10-09T23:05:07Z,2026-10-09,PIT @ CBJ,1eb386b963ae5a82eba436c25e50cf24,ags,yes,Ville Koivunen,,fanduel,575,,oddsapi
2026-10-09T23:05:07Z,2026-10-09,PIT @ CBJ,1eb386b963ae5a82eba436c25e50cf24,ags,yes,Hendrix Lapierre,,fanduel,575,,oddsapi
2026-10-09T23:05:07Z,2026-10-09,PIT @ CBJ,1eb386b963ae5a82eba436c25e50cf24,ags,yes,Nick Robertson,,fanduel,600,,oddsapi
2026-10-09T23:05:07Z,2026-10-09,PIT @ CBJ,1eb386b963ae5a82eba436c25e50cf24,ags,yes,Denton Mateychuk,,fanduel,700,,oddsapi
2026-10-09T23:05:07Z,2026-10-09,PIT @ CBJ,1eb386b963ae5a82eba436c25e50cf24,ags,yes,Connor Dewar,,fanduel,725,,oddsapi
2026-10-09T23:05:07Z,2026-10-09,PIT @ CBJ,1eb386b963ae5a82eba436c25e50cf24,ags,yes,Damon Severson,,fanduel,800,,oddsapi
2026-10-09T23:05:07Z,2026-10-09,PIT @ CBJ,1eb386b963ae5a82eba436c25e50cf24,ags,yes,Kris Letang,,fanduel,850,,oddsapi
2026-10-09T23:05:07Z,2026-10-09,PIT @ CBJ,1eb386b963ae5a82eba436c25e50cf24,ags,yes,Danton Heinen,,fanduel,850,,oddsapi
2026-10-09T23:05:07Z,2026-10-09,PIT @ CBJ,1eb386b963ae5a82eba436c25e50cf24,ags,yes,Blake Lizotte,,fanduel,850,,oddsapi
2026-10-09T23:05:07Z,2026-10-09,PIT @ CBJ,1eb386b963ae5a82eba436c25e50cf24,ags,yes,Ryan Lomberg,,fanduel,1000,,oddsapi
2026-10-09T23:05:07Z,2026-10-09,PIT @ CBJ,1eb386b963ae5a82eba436c25e50cf24,ags,yes,Declan Carlile,,fanduel,1400,,oddsapi
2026-10-09T23:05:07Z,2026-10-09,PIT @ CBJ,1eb386b963ae5a82eba436c25e50cf24,ags,yes,Samuel Girard,,fanduel,1400,,oddsapi
2026-10-09T23:05:07Z,2026-10-09,PIT @ CBJ,1eb386b963ae5a82eba436c25e50cf24,ags,yes,Carson Soucy,,fanduel,1700,,oddsapi
2026-10-09T23:05:07Z,2026-10-09,PIT @ CBJ,1eb386b963ae5a82eba436c25e50cf24,ags,yes,Kaedan Korczak,,fanduel,2000,,oddsapi
2026-10-09T23:05:07Z,2026-10-09,PIT @ CBJ,1eb386b963ae5a82eba436c25e50cf24,ags,yes,Emil Andrae,,fanduel,2000,,oddsapi
2026-10-09T23:05:07Z,2026-10-09,PIT @ CBJ,1eb386b963ae5a82eba436c25e50cf24,ags,yes,Trevor van Riemsdyk,,fanduel,2100,,oddsapi
2026-10-09T23:05:07Z,2026-10-09,PIT @ CBJ,1eb386b963ae5a82eba436c25e50cf24,ags,yes,Erik Gudbranson,,fanduel,2200,,oddsapi
2026-10-09T23:05:07Z,2026-10-09,PIT @ CBJ,1eb386b963ae5a82eba436c25e50cf24,fgs,yes,Sidney Crosby,,fanduel,1300,,oddsapi
2026-10-09T23:05:07Z,2026-10-09,PIT @ CBJ,1eb386b963ae5a82eba436c25e50cf24,fgs,yes,Adam Fantilli,,fanduel,1300,,oddsapi
2026-10-09T23:05:07Z,2026-10-09,PIT @ CBJ,1eb386b963ae5a82eba436c25e50cf24,fgs,yes,Matthew Knies,,fanduel,1300,,oddsapi
2026-10-09T23:05:07Z,2026-10-09,PIT @ CBJ,1eb386b963ae5a82eba436c25e50cf24,fgs,yes,Rickard Rakell,,fanduel,1400,,oddsapi
2026-10-09T23:05:07Z,2026-10-09,PIT @ CBJ,1eb386b963ae5a82eba436c25e50cf24,fgs,yes,Bryan Rust,,fanduel,1500,,oddsapi
2026-10-09T23:05:07Z,2026-10-09,PIT @ CBJ,1eb386b963ae5a82eba436c25e50cf24,fgs,yes,Evgeni Malkin,,fanduel,1600,,oddsapi
2026-10-09T23:05:07Z,2026-10-09,PIT @ CBJ,1eb386b963ae5a82eba436c25e50cf24,fgs,yes,Kent Johnson,,fanduel,1800,,oddsapi
2026-10-09T23:05:07Z,2026-10-09,PIT @ CBJ,1eb386b963ae5a82eba436c25e50cf24,fgs,yes,Ben Kindel,,fanduel,1900,,oddsapi
2026-10-09T23:05:07Z,2026-10-09,PIT @ CBJ,1eb386b963ae5a82eba436c25e50cf24,fgs,yes,Yegor Chinakhov,,fanduel,1900,,oddsapi
2026-10-09T23:05:07Z,2026-10-09,PIT @ CBJ,1eb386b963ae5a82eba436c25e50cf24,fgs,yes,Valeri Nichushkin,,fanduel,2000,,oddsapi
2026-10-09T23:05:07Z,2026-10-09,PIT @ CBJ,1eb386b963ae5a82eba436c25e50cf24,fgs,yes,Tommy Novak,,fanduel,2000,,oddsapi
2026-10-09T23:05:07Z,2026-10-09,PIT @ CBJ,1eb386b963ae5a82eba436c25e50cf24,fgs,yes,Zach Werenski,,fanduel,2000,,oddsapi
2026-10-09T23:05:07Z,2026-10-09,PIT @ CBJ,1eb386b963ae5a82eba436c25e50cf24,fgs,yes,Charlie Coyle,,fanduel,2000,,oddsapi
2026-10-09T23:05:07Z,2026-10-09,PIT @ CBJ,1eb386b963ae5a82eba436c25e50cf24,fgs,yes,Dmitri Voronkov,,fanduel,2200,,oddsapi
2026-10-09T23:05:07Z,2026-10-09,PIT @ CBJ,1eb386b963ae5a82eba436c25e50cf24,fgs,yes,Sean Monahan,,fanduel,2200,,oddsapi
2026-10-09T23:05:07Z,2026-10-09,PIT @ CBJ,1eb386b963ae5a82eba436c25e50cf24,fgs,yes,Conor Garland,,fanduel,2700,,oddsapi
2026-10-09T23:05:07Z,2026-10-09,PIT @ CBJ,1eb386b963ae5a82eba436c25e50cf24,fgs,yes,Cole Sillinger,,fanduel,2700,,oddsapi
2026-10-09T23:05:07Z,2026-10-09,PIT @ CBJ,1eb386b963ae5a82eba436c25e50cf24,fgs,yes,Erik Karlsson,,fanduel,3000,,oddsapi
2026-10-09T23:05:07Z,2026-10-09,PIT @ CBJ,1eb386b963ae5a82eba436c25e50cf24,fgs,yes,Ville Koivunen,,fanduel,3000,,oddsapi
2026-10-09T23:05:07Z,2026-10-09,PIT @ CBJ,1eb386b963ae5a82eba436c25e50cf24,fgs,yes,Mathieu Olivier,,fanduel,3000,,oddsapi
2026-10-09T23:05:07Z,2026-10-09,PIT @ CBJ,1eb386b963ae5a82eba436c25e50cf24,fgs,yes,Nick Robertson,,fanduel,3300,,oddsapi
2026-10-09T23:05:07Z,2026-10-09,PIT @ CBJ,1eb386b963ae5a82eba436c25e50cf24,fgs,yes,Hendrix Lapierre,,fanduel,3300,,oddsapi
2026-10-09T23:05:07Z,2026-10-09,PIT @ CBJ,1eb386b963ae5a82eba436c25e50cf24,fgs,yes,Denton Mateychuk,,fanduel,3500,,oddsapi
2026-10-09T23:05:07Z,2026-10-09,PIT @ CBJ,1eb386b963ae5a82eba436c25e50cf24,fgs,yes,Connor Dewar,,fanduel,4000,,oddsapi
2026-10-09T23:05:07Z,2026-10-09,PIT @ CBJ,1eb386b963ae5a82eba436c25e50cf24,fgs,yes,Danton Heinen,,fanduel,4000,,oddsapi
2026-10-09T23:05:07Z,2026-10-09,PIT @ CBJ,1eb386b963ae5a82eba436c25e50cf24,fgs,yes,Kris Letang,,fanduel,4500,,oddsapi
2026-10-09T23:05:07Z,2026-10-09,PIT @ CBJ,1eb386b963ae5a82eba436c25e50cf24,fgs,yes,Damon Severson,,fanduel,4500,,oddsapi
2026-10-09T23:05:07Z,2026-10-09,PIT @ CBJ,1eb386b963ae5a82eba436c25e50cf24,fgs,yes,Blake Lizotte,,fanduel,4500,,oddsapi
2026-10-09T23:05:07Z,2026-10-09,PIT @ CBJ,1eb386b963ae5a82eba436c25e50cf24,fgs,yes,Ryan Lomberg,,fanduel,5500,,oddsapi
2026-10-09T23:05:07Z,2026-10-09,PIT @ CBJ,1eb386b963ae5a82eba436c25e50cf24,fgs,yes,Declan Carlile,,fanduel,6500,,oddsapi
2026-10-09T23:05:07Z,2026-10-09,PIT @ CBJ,1eb386b963ae5a82eba436c25e50cf24,fgs,yes,Kaedan Korczak,,fanduel,8000,,oddsapi
2026-10-09T23:05:07Z,2026-10-09,PIT @ CBJ,1eb386b963ae5a82eba436c25e50cf24,fgs,yes,Samuel Girard,,fanduel,8000,,oddsapi
2026-10-09T23:05:07Z,2026-10-09,PIT @ CBJ,1eb386b963ae5a82eba436c25e50cf24,fgs,yes,Trevor van Riemsdyk,,fanduel,10000,,oddsapi
2026-10-09T23:05:07Z,2026-10-09,PIT @ CBJ,1eb386b963ae5a82eba436c25e50cf24,fgs,yes,Carson Soucy,,fanduel,10000,,oddsapi
2026-10-09T23:05:07Z,2026-10-09,PIT @ CBJ,1eb386b963ae5a82eba436c25e50cf24,fgs,yes,Erik Gudbranson,,fanduel,10000,,oddsapi
2026-10-09T23:05:07Z,2026-10-09,PIT @ CBJ,1eb386b963ae5a82eba436c25e50cf24,fgs,yes,Emil Andrae,,fanduel,12500,,oddsapi
2026-10-09T23:05:07Z,2026-10-09,PIT @ CBJ,1eb386b963ae5a82eba436c25e50cf24,sk_g,over,Sidney Crosby,0.5,fanduel,195,-270,oddsapi
2026-10-09T23:05:07Z,2026-10-09,PIT @ CBJ,1eb386b963ae5a82eba436c25e50cf24,sk_g,under,Sidney Crosby,0.5,fanduel,-270,195,oddsapi
2026-10-09T23:05:07Z,2026-10-09,PIT @ CBJ,1eb386b963ae5a82eba436c25e50cf24,sk_g,over,Tommy Novak,0.5,fanduel,310,-470,oddsapi
2026-10-09T23:05:07Z,2026-10-09,PIT @ CBJ,1eb386b963ae5a82eba436c25e50cf24,sk_g,under,Tommy Novak,0.5,fanduel,-470,310,oddsapi
2026-10-09T23:05:07Z,2026-10-09,PIT @ CBJ,1eb386b963ae5a82eba436c25e50cf24,sk_g,over,Adam Fantilli,0.5,fanduel,180,-250,oddsapi
2026-10-09T23:05:07Z,2026-10-09,PIT @ CBJ,1eb386b963ae5a82eba436c25e50cf24,sk_g,under,Adam Fantilli,0.5,fanduel,-250,180,oddsapi
2026-10-09T23:05:07Z,2026-10-09,PIT @ CBJ,1eb386b963ae5a82eba436c25e50cf24,sk_g,over,Rickard Rakell,0.5,fanduel,200,-270,oddsapi
2026-10-09T23:05:07Z,2026-10-09,PIT @ CBJ,1eb386b963ae5a82eba436c25e50cf24,sk_g,under,Rickard Rakell,0.5,fanduel,-270,200,oddsapi
2026-10-09T23:05:07Z,2026-10-09,PIT @ CBJ,1eb386b963ae5a82eba436c25e50cf24,sk_g,over,Ben Kindel,0.5,fanduel,290,-440,oddsapi
2026-10-09T23:05:07Z,2026-10-09,PIT @ CBJ,1eb386b963ae5a82eba436c25e50cf24,sk_g,under,Ben Kindel,0.5,fanduel,-440,290,oddsapi
2026-10-09T23:05:07Z,2026-10-09,PIT @ CBJ,1eb386b963ae5a82eba436c25e50cf24,sk_g,over,Evgeni Malkin,0.5,fanduel,240,-340,oddsapi
2026-10-09T23:05:07Z,2026-10-09,PIT @ CBJ,1eb386b963ae5a82eba436c25e50cf24,sk_g,under,Evgeni Malkin,0.5,fanduel,-340,240,oddsapi
2026-10-09T23:05:07Z,2026-10-09,PIT @ CBJ,1eb386b963ae5a82eba436c25e50cf24,sk_g,over,Matthew Knies,0.5,fanduel,180,-250,oddsapi
2026-10-09T23:05:07Z,2026-10-09,PIT @ CBJ,1eb386b963ae5a82eba436c25e50cf24,sk_g,under,Matthew Knies,0.5,fanduel,-250,180,oddsapi
2026-10-09T23:05:07Z,2026-10-09,PIT @ CBJ,1eb386b963ae5a82eba436c25e50cf24,sk_sog,over,Evgeni Malkin,1.5,fanduel,-182,138,oddsapi
2026-10-09T23:05:07Z,2026-10-09,PIT @ CBJ,1eb386b963ae5a82eba436c25e50cf24,sk_sog,under,Evgeni Malkin,1.5,fanduel,138,-182,oddsapi
2026-10-09T23:05:07Z,2026-10-09,PIT @ CBJ,1eb386b963ae5a82eba436c25e50cf24,sk_sog,over,Erik Karlsson,2.5,fanduel,146,-192,oddsapi
2026-10-09T23:05:07Z,2026-10-09,PIT @ CBJ,1eb386b963ae5a82eba436c25e50cf24,sk_sog,under,Erik Karlsson,2.5,fanduel,-192,146,oddsapi
2026-10-09T23:05:07Z,2026-10-09,PIT @ CBJ,1eb386b963ae5a82eba436c25e50cf24,sk_sog,over,Rickard Rakell,2.5,fanduel,118,-154,oddsapi
2026-10-09T23:05:07Z,2026-10-09,PIT @ CBJ,1eb386b963ae5a82eba436c25e50cf24,sk_sog,under,Rickard Rakell,2.5,fanduel,-154,118,oddsapi
2026-10-09T23:05:07Z,2026-10-09,PIT @ CBJ,1eb386b963ae5a82eba436c25e50cf24,sk_sog,over,Sidney Crosby,2.5,fanduel,126,-165,oddsapi
2026-10-09T23:05:07Z,2026-10-09,PIT @ CBJ,1eb386b963ae5a82eba436c25e50cf24,sk_sog,under,Sidney Crosby,2.5,fanduel,-165,126,oddsapi
2026-10-09T23:05:07Z,2026-10-09,PIT @ CBJ,1eb386b963ae5a82eba436c25e50cf24,sk_sog,over,Tommy Novak,1.5,fanduel,-102,-128,oddsapi
2026-10-09T23:05:07Z,2026-10-09,PIT @ CBJ,1eb386b963ae5a82eba436c25e50cf24,sk_sog,under,Tommy Novak,1.5,fanduel,-128,-102,oddsapi
2026-10-09T23:05:07Z,2026-10-09,PIT @ CBJ,1eb386b963ae5a82eba436c25e50cf24,sk_sog,over,Ben Kindel,1.5,fanduel,-154,118,oddsapi
2026-10-09T23:05:07Z,2026-10-09,PIT @ CBJ,1eb386b963ae5a82eba436c25e50cf24,sk_sog,under,Ben Kindel,1.5,fanduel,118,-154,oddsapi
2026-10-09T23:05:07Z,2026-10-09,PIT @ CBJ,1eb386b963ae5a82eba436c25e50cf24,sk_sog,over,Kris Letang,1.5,fanduel,104,-135,oddsapi
2026-10-09T23:05:07Z,2026-10-09,PIT @ CBJ,1eb386b963ae5a82eba436c25e50cf24,sk_sog,under,Kris Letang,1.5,fanduel,-135,104,oddsapi
2026-10-09T23:05:07Z,2026-10-09,PIT @ CBJ,1eb386b963ae5a82eba436c25e50cf24,sk_sog,over,Bryan Rust,2.5,fanduel,122,-160,oddsapi
2026-10-09T23:05:07Z,2026-10-09,PIT @ CBJ,1eb386b963ae5a82eba436c25e50cf24,sk_sog,under,Bryan Rust,2.5,fanduel,-160,122,oddsapi
2026-10-09T23:05:07Z,2026-10-09,PIT @ CBJ,1eb386b963ae5a82eba436c25e50cf24,sk_sog,over,Adam Fantilli,2.5,fanduel,-102,-128,oddsapi
2026-10-09T23:05:07Z,2026-10-09,PIT @ CBJ,1eb386b963ae5a82eba436c25e50cf24,sk_sog,under,Adam Fantilli,2.5,fanduel,-128,-102,oddsapi
2026-10-09T23:05:07Z,2026-10-09,PIT @ CBJ,1eb386b963ae5a82eba436c25e50cf24,sk_sog,over,Zach Werenski,3.5,fanduel,100,-130,oddsapi
2026-10-09T23:05:07Z,2026-10-09,PIT @ CBJ,1eb386b963ae5a82eba436c25e50cf24,sk_sog,under,Zach Werenski,3.5,fanduel,-130,100,oddsapi
2026-10-09T23:05:07Z,2026-10-09,PIT @ CBJ,1eb386b963ae5a82eba436c25e50cf24,sk_sog,over,Yegor Chinakhov,1.5,fanduel,-188,142,oddsapi
2026-10-09T23:05:07Z,2026-10-09,PIT @ CBJ,1eb386b963ae5a82eba436c25e50cf24,sk_sog,under,Yegor Chinakhov,1.5,fanduel,142,-188,oddsapi
2026-10-09T23:05:07Z,2026-10-09,PIT @ CBJ,1eb386b963ae5a82eba436c25e50cf24,sk_sog,over,Matthew Knies,1.5,fanduel,-140,108,oddsapi
2026-10-09T23:05:07Z,2026-10-09,PIT @ CBJ,1eb386b963ae5a82eba436c25e50cf24,sk_sog,under,Matthew Knies,1.5,fanduel,108,-140,oddsapi
2026-10-09T23:05:07Z,2026-10-09,PIT @ CBJ,1eb386b963ae5a82eba436c25e50cf24,g_saves,over,Sergei Murashov,24.5,fanduel,-128,-104,oddsapi
2026-10-09T23:05:07Z,2026-10-09,PIT @ CBJ,1eb386b963ae5a82eba436c25e50cf24,g_saves,under,Sergei Murashov,24.5,fanduel,-104,-128,oddsapi
2026-10-09T23:05:07Z,2026-10-09,PIT @ CBJ,1eb386b963ae5a82eba436c25e50cf24,p1_pl,CBJ,,-0.5,fanduel,170,-220,oddsapi
2026-10-09T23:05:07Z,2026-10-09,PIT @ CBJ,1eb386b963ae5a82eba436c25e50cf24,p1_pl,PIT,,0.5,fanduel,-220,170,oddsapi
2026-10-09T23:05:07Z,2026-10-09,PIT @ CBJ,1eb386b963ae5a82eba436c25e50cf24,p2_pl,CBJ,,-0.5,fanduel,156,-200,oddsapi
2026-10-09T23:05:07Z,2026-10-09,PIT @ CBJ,1eb386b963ae5a82eba436c25e50cf24,p2_pl,PIT,,0.5,fanduel,-200,156,oddsapi
2026-10-09T23:05:07Z,2026-10-09,PIT @ CBJ,1eb386b963ae5a82eba436c25e50cf24,p3_pl,CBJ,,-0.5,fanduel,140,-180,oddsapi
2026-10-09T23:05:07Z,2026-10-09,PIT @ CBJ,1eb386b963ae5a82eba436c25e50cf24,p3_pl,PIT,,0.5,fanduel,-180,140,oddsapi
2026-10-09T23:05:07Z,2026-10-09,PIT @ CBJ,1eb386b963ae5a82eba436c25e50cf24,team_total,over,CBJ,2.5,fanduel,-240,,oddsapi
2026-10-09T23:05:07Z,2026-10-09,PIT @ CBJ,1eb386b963ae5a82eba436c25e50cf24,team_total,under,CBJ,3.5,fanduel,-130,,oddsapi
2026-10-09T23:05:07Z,2026-10-09,PIT @ CBJ,1eb386b963ae5a82eba436c25e50cf24,team_total,over,PIT,2.5,fanduel,-210,,oddsapi
2026-10-09T23:05:07Z,2026-10-09,PIT @ CBJ,1eb386b963ae5a82eba436c25e50cf24,team_total,under,PIT,3.5,fanduel,-150,,oddsapi
2026-10-09T23:05:07Z,2026-10-09,PIT @ CBJ,1eb386b963ae5a82eba436c25e50cf24,p1_team_total,over,CBJ,0.5,fanduel,-190,146,oddsapi
2026-10-09T23:05:07Z,2026-10-09,PIT @ CBJ,1eb386b963ae5a82eba436c25e50cf24,p1_team_total,under,CBJ,0.5,fanduel,146,-190,oddsapi
2026-10-09T23:05:07Z,2026-10-09,PIT @ CBJ,1eb386b963ae5a82eba436c25e50cf24,p1_team_total,over,PIT,0.5,fanduel,-180,140,oddsapi
2026-10-09T23:05:07Z,2026-10-09,PIT @ CBJ,1eb386b963ae5a82eba436c25e50cf24,p1_team_total,under,PIT,0.5,fanduel,140,-180,oddsapi
2026-10-09T23:05:07Z,2026-10-09,PIT @ CBJ,1eb386b963ae5a82eba436c25e50cf24,p1_total,over,,1.5,fanduel,-166,128,oddsapi
2026-10-09T23:05:07Z,2026-10-09,PIT @ CBJ,1eb386b963ae5a82eba436c25e50cf24,p1_total,under,,1.5,fanduel,128,-166,oddsapi
2026-10-09T23:05:07Z,2026-10-09,PIT @ CBJ,1eb386b963ae5a82eba436c25e50cf24,p2_total,over,,2.5,fanduel,138,-176,oddsapi
2026-10-09T23:05:07Z,2026-10-09,PIT @ CBJ,1eb386b963ae5a82eba436c25e50cf24,p2_total,under,,2.5,fanduel,-176,138,oddsapi
2026-10-09T23:05:07Z,2026-10-09,PIT @ CBJ,1eb386b963ae5a82eba436c25e50cf24,p3_total,over,,2.5,fanduel,128,-164,oddsapi
2026-10-09T23:05:07Z,2026-10-09,PIT @ CBJ,1eb386b963ae5a82eba436c25e50cf24,p3_total,under,,2.5,fanduel,-164,128,oddsapi
2026-10-09T23:05:07Z,2026-10-09,PIT @ CBJ,1eb386b963ae5a82eba436c25e50cf24,p1_ml,CBJ,,,betus,-115,-115,oddsapi
2026-10-09T23:05:07Z,2026-10-09,PIT @ CBJ,1eb386b963ae5a82eba436c25e50cf24,p1_ml,PIT,,,betus,-115,-115,oddsapi
2026-10-09T23:05:07Z,2026-10-09,PIT @ CBJ,1eb386b963ae5a82eba436c25e50cf24,p1_pl,CBJ,,-0.5,betus,160,-195,oddsapi
2026-10-09T23:05:07Z,2026-10-09,PIT @ CBJ,1eb386b963ae5a82eba436c25e50cf24,p1_pl,PIT,,0.5,betus,-195,160,oddsapi
2026-10-09T23:05:07Z,2026-10-09,PIT @ CBJ,1eb386b963ae5a82eba436c25e50cf24,p1_total,over,,1.5,betus,-165,135,oddsapi
2026-10-09T23:05:07Z,2026-10-09,PIT @ CBJ,1eb386b963ae5a82eba436c25e50cf24,p1_total,under,,1.5,betus,135,-165,oddsapi
2026-10-09T23:05:07Z,2026-10-09,PIT @ CBJ,1eb386b963ae5a82eba436c25e50cf24,team_total_alt,over,CBJ,1.5,betmgm,-700,400,oddsapi
2026-10-09T23:05:07Z,2026-10-09,PIT @ CBJ,1eb386b963ae5a82eba436c25e50cf24,team_total_alt,under,CBJ,1.5,betmgm,400,-700,oddsapi
2026-10-09T23:05:07Z,2026-10-09,PIT @ CBJ,1eb386b963ae5a82eba436c25e50cf24,team_total_alt,over,CBJ,2,betmgm,-525,320,oddsapi
2026-10-09T23:05:07Z,2026-10-09,PIT @ CBJ,1eb386b963ae5a82eba436c25e50cf24,team_total_alt,under,CBJ,2,betmgm,320,-525,oddsapi
2026-10-09T23:05:07Z,2026-10-09,PIT @ CBJ,1eb386b963ae5a82eba436c25e50cf24,team_total_alt,over,CBJ,2.5,betmgm,-225,160,oddsapi
2026-10-09T23:05:07Z,2026-10-09,PIT @ CBJ,1eb386b963ae5a82eba436c25e50cf24,team_total_alt,under,CBJ,2.5,betmgm,160,-225,oddsapi
2026-10-09T23:05:07Z,2026-10-09,PIT @ CBJ,1eb386b963ae5a82eba436c25e50cf24,team_total_alt,over,CBJ,3,betmgm,-160,115,oddsapi
2026-10-09T23:05:07Z,2026-10-09,PIT @ CBJ,1eb386b963ae5a82eba436c25e50cf24,team_total_alt,under,CBJ,3,betmgm,115,-160,oddsapi
2026-10-09T23:05:07Z,2026-10-09,PIT @ CBJ,1eb386b963ae5a82eba436c25e50cf24,team_total_alt,over,CBJ,3.5,betmgm,-102,-135,oddsapi
2026-10-09T23:05:07Z,2026-10-09,PIT @ CBJ,1eb386b963ae5a82eba436c25e50cf24,team_total_alt,under,CBJ,3.5,betmgm,-135,-102,oddsapi
2026-10-09T23:05:07Z,2026-10-09,PIT @ CBJ,1eb386b963ae5a82eba436c25e50cf24,team_total_alt,over,CBJ,4,betmgm,155,-220,oddsapi
2026-10-09T23:05:07Z,2026-10-09,PIT @ CBJ,1eb386b963ae5a82eba436c25e50cf24,team_total_alt,under,CBJ,4,betmgm,-220,155,oddsapi
2026-10-09T23:05:07Z,2026-10-09,PIT @ CBJ,1eb386b963ae5a82eba436c25e50cf24,team_total_alt,over,CBJ,4.5,betmgm,210,-300,oddsapi
2026-10-09T23:05:07Z,2026-10-09,PIT @ CBJ,1eb386b963ae5a82eba436c25e50cf24,team_total_alt,under,CBJ,4.5,betmgm,-300,210,oddsapi
2026-10-09T23:05:07Z,2026-10-09,PIT @ CBJ,1eb386b963ae5a82eba436c25e50cf24,team_total_alt,over,CBJ,5,betmgm,375,-650,oddsapi
2026-10-09T23:05:07Z,2026-10-09,PIT @ CBJ,1eb386b963ae5a82eba436c25e50cf24,team_total_alt,under,CBJ,5,betmgm,-650,375,oddsapi
2026-10-09T23:05:07Z,2026-10-09,PIT @ CBJ,1eb386b963ae5a82eba436c25e50cf24,team_total_alt,over,CBJ,5.5,betmgm,450,-900,oddsapi
2026-10-09T23:05:07Z,2026-10-09,PIT @ CBJ,1eb386b963ae5a82eba436c25e50cf24,team_total_alt,under,CBJ,5.5,betmgm,-900,450,oddsapi
2026-10-09T23:05:07Z,2026-10-09,PIT @ CBJ,1eb386b963ae5a82eba436c25e50cf24,team_total_alt,over,PIT,1,betmgm,-5000,900,oddsapi
2026-10-09T23:05:07Z,2026-10-09,PIT @ CBJ,1eb386b963ae5a82eba436c25e50cf24,team_total_alt,under,PIT,1,betmgm,900,-5000,oddsapi
2026-10-09T23:05:07Z,2026-10-09,PIT @ CBJ,1eb386b963ae5a82eba436c25e50cf24,team_total_alt,over,PIT,1.5,betmgm,-650,375,oddsapi
2026-10-09T23:05:07Z,2026-10-09,PIT @ CBJ,1eb386b963ae5a82eba436c25e50cf24,team_total_alt,under,PIT,1.5,betmgm,375,-650,oddsapi
2026-10-09T23:05:07Z,2026-10-09,PIT @ CBJ,1eb386b963ae5a82eba436c25e50cf24,team_total_alt,over,PIT,2,betmgm,-475,300,oddsapi
2026-10-09T23:05:07Z,2026-10-09,PIT @ CBJ,1eb386b963ae5a82eba436c25e50cf24,team_total_alt,under,PIT,2,betmgm,300,-475,oddsapi
2026-10-09T23:05:07Z,2026-10-09,PIT @ CBJ,1eb386b963ae5a82eba436c25e50cf24,team_total_alt,over,PIT,2.5,betmgm,-220,155,oddsapi
2026-10-09T23:05:07Z,2026-10-09,PIT @ CBJ,1eb386b963ae5a82eba436c25e50cf24,team_total_alt,under,PIT,2.5,betmgm,155,-220,oddsapi
2026-10-09T23:05:07Z,2026-10-09,PIT @ CBJ,1eb386b963ae5a82eba436c25e50cf24,team_total_alt,over,PIT,3,betmgm,-155,110,oddsapi
2026-10-09T23:05:07Z,2026-10-09,PIT @ CBJ,1eb386b963ae5a82eba436c25e50cf24,team_total_alt,under,PIT,3,betmgm,110,-155,oddsapi
2026-10-09T23:05:07Z,2026-10-09,PIT @ CBJ,1eb386b963ae5a82eba436c25e50cf24,team_total_alt,over,PIT,3.5,betmgm,105,-145,oddsapi
2026-10-09T23:05:07Z,2026-10-09,PIT @ CBJ,1eb386b963ae5a82eba436c25e50cf24,team_total_alt,under,PIT,3.5,betmgm,-145,105,oddsapi
2026-10-09T23:05:07Z,2026-10-09,PIT @ CBJ,1eb386b963ae5a82eba436c25e50cf24,team_total_alt,over,PIT,4,betmgm,165,-235,oddsapi
2026-10-09T23:05:07Z,2026-10-09,PIT @ CBJ,1eb386b963ae5a82eba436c25e50cf24,team_total_alt,under,PIT,4,betmgm,-235,165,oddsapi
2026-10-09T23:05:07Z,2026-10-09,PIT @ CBJ,1eb386b963ae5a82eba436c25e50cf24,team_total_alt,over,PIT,4.5,betmgm,220,-325,oddsapi
2026-10-09T23:05:07Z,2026-10-09,PIT @ CBJ,1eb386b963ae5a82eba436c25e50cf24,team_total_alt,under,PIT,4.5,betmgm,-325,220,oddsapi
2026-10-09T23:05:07Z,2026-10-09,PIT @ CBJ,1eb386b963ae5a82eba436c25e50cf24,team_total_alt,over,PIT,5,betmgm,400,-700,oddsapi
2026-10-09T23:05:07Z,2026-10-09,PIT @ CBJ,1eb386b963ae5a82eba436c25e50cf24,team_total_alt,under,PIT,5,betmgm,-700,400,oddsapi
2026-10-09T23:05:07Z,2026-10-09,PIT @ CBJ,1eb386b963ae5a82eba436c25e50cf24,game_ml3,CBJ,,,betmgm,130,,oddsapi
2026-10-09T23:05:07Z,2026-10-09,PIT @ CBJ,1eb386b963ae5a82eba436c25e50cf24,game_ml3,PIT,,,betmgm,140,,oddsapi
2026-10-09T23:05:07Z,2026-10-09,PIT @ CBJ,1eb386b963ae5a82eba436c25e50cf24,game_ml3,draw,,,betmgm,340,,oddsapi
2026-10-09T23:05:07Z,2026-10-09,PIT @ CBJ,1eb386b963ae5a82eba436c25e50cf24,p1_ml3,CBJ,,,betmgm,155,,oddsapi
2026-10-09T23:05:07Z,2026-10-09,PIT @ CBJ,1eb386b963ae5a82eba436c25e50cf24,p1_ml3,PIT,,,betmgm,165,,oddsapi
2026-10-09T23:05:07Z,2026-10-09,PIT @ CBJ,1eb386b963ae5a82eba436c25e50cf24,p1_ml3,draw,,,betmgm,190,,oddsapi
2026-10-09T23:05:07Z,2026-10-09,PIT @ CBJ,1eb386b963ae5a82eba436c25e50cf24,p2_ml3,CBJ,,,betmgm,150,,oddsapi
2026-10-09T23:05:07Z,2026-10-09,PIT @ CBJ,1eb386b963ae5a82eba436c25e50cf24,p2_ml3,PIT,,,betmgm,160,,oddsapi
2026-10-09T23:05:07Z,2026-10-09,PIT @ CBJ,1eb386b963ae5a82eba436c25e50cf24,p2_ml3,draw,,,betmgm,210,,oddsapi
2026-10-09T23:05:07Z,2026-10-09,PIT @ CBJ,1eb386b963ae5a82eba436c25e50cf24,p3_ml3,CBJ,,,betmgm,140,,oddsapi
2026-10-09T23:05:07Z,2026-10-09,PIT @ CBJ,1eb386b963ae5a82eba436c25e50cf24,p3_ml3,PIT,,,betmgm,145,,oddsapi
2026-10-09T23:05:07Z,2026-10-09,PIT @ CBJ,1eb386b963ae5a82eba436c25e50cf24,p3_ml3,draw,,,betmgm,250,,oddsapi
2026-10-09T23:05:07Z,2026-10-09,PIT @ CBJ,1eb386b963ae5a82eba436c25e50cf24,p1_ml,CBJ,,,betmgm,-118,-110,oddsapi
2026-10-09T23:05:07Z,2026-10-09,PIT @ CBJ,1eb386b963ae5a82eba436c25e50cf24,p1_ml,PIT,,,betmgm,-110,-118,oddsapi
2026-10-09T23:05:07Z,2026-10-09,PIT @ CBJ,1eb386b963ae5a82eba436c25e50cf24,p2_ml,CBJ,,,betmgm,-120,-115,oddsapi
2026-10-09T23:05:07Z,2026-10-09,PIT @ CBJ,1eb386b963ae5a82eba436c25e50cf24,p2_ml,PIT,,,betmgm,-115,-120,oddsapi
2026-10-09T23:05:07Z,2026-10-09,PIT @ CBJ,1eb386b963ae5a82eba436c25e50cf24,p3_ml,CBJ,,,betmgm,-120,-115,oddsapi
2026-10-09T23:05:07Z,2026-10-09,PIT @ CBJ,1eb386b963ae5a82eba436c25e50cf24,p3_ml,PIT,,,betmgm,-115,-120,oddsapi
2026-10-09T23:05:07Z,2026-10-09,PIT @ CBJ,1eb386b963ae5a82eba436c25e50cf24,sk_a,over,Zach Werenski,0.5,betmgm,-140,105,oddsapi
2026-10-09T23:05:07Z,2026-10-09,PIT @ CBJ,1eb386b963ae5a82eba436c25e50cf24,sk_a,under,Zach Werenski,0.5,betmgm,105,-140,oddsapi
2026-10-09T23:05:07Z,2026-10-09,PIT @ CBJ,1eb386b963ae5a82eba436c25e50cf24,sk_a,over,Kris Letang,0.5,betmgm,165,-225,oddsapi
2026-10-09T23:05:07Z,2026-10-09,PIT @ CBJ,1eb386b963ae5a82eba436c25e50cf24,sk_a,under,Kris Letang,0.5,betmgm,-225,165,oddsapi
2026-10-09T23:05:07Z,2026-10-09,PIT @ CBJ,1eb386b963ae5a82eba436c25e50cf24,sk_a,over,Sidney Crosby,0.5,betmgm,-110,-120,oddsapi
2026-10-09T23:05:07Z,2026-10-09,PIT @ CBJ,1eb386b963ae5a82eba436c25e50cf24,sk_a,under,Sidney Crosby,0.5,betmgm,-120,-110,oddsapi
2026-10-09T23:05:07Z,2026-10-09,PIT @ CBJ,1eb386b963ae5a82eba436c25e50cf24,sk_a,over,Erik Karlsson,0.5,betmgm,-115,-115,oddsapi
2026-10-09T23:05:07Z,2026-10-09,PIT @ CBJ,1eb386b963ae5a82eba436c25e50cf24,sk_a,under,Erik Karlsson,0.5,betmgm,-115,-115,oddsapi
2026-10-09T23:05:07Z,2026-10-09,PIT @ CBJ,1eb386b963ae5a82eba436c25e50cf24,sk_a,over,Kent Johnson,0.5,betmgm,175,-250,oddsapi
2026-10-09T23:05:07Z,2026-10-09,PIT @ CBJ,1eb386b963ae5a82eba436c25e50cf24,sk_a,under,Kent Johnson,0.5,betmgm,-250,175,oddsapi
2026-10-09T23:05:07Z,2026-10-09,PIT @ CBJ,1eb386b963ae5a82eba436c25e50cf24,sk_a,over,Matthew Knies,0.5,betmgm,130,-175,oddsapi
2026-10-09T23:05:07Z,2026-10-09,PIT @ CBJ,1eb386b963ae5a82eba436c25e50cf24,sk_a,under,Matthew Knies,0.5,betmgm,-175,130,oddsapi
2026-10-09T23:05:07Z,2026-10-09,PIT @ CBJ,1eb386b963ae5a82eba436c25e50cf24,sk_a,over,Charlie Coyle,0.5,betmgm,140,-190,oddsapi
2026-10-09T23:05:07Z,2026-10-09,PIT @ CBJ,1eb386b963ae5a82eba436c25e50cf24,sk_a,under,Charlie Coyle,0.5,betmgm,-190,140,oddsapi
2026-10-09T23:05:07Z,2026-10-09,PIT @ CBJ,1eb386b963ae5a82eba436c25e50cf24,sk_a,over,Adam Fantilli,0.5,betmgm,140,-190,oddsapi
2026-10-09T23:05:07Z,2026-10-09,PIT @ CBJ,1eb386b963ae5a82eba436c25e50cf24,sk_a,under,Adam Fantilli,0.5,betmgm,-190,140,oddsapi
2026-10-09T23:05:07Z,2026-10-09,PIT @ CBJ,1eb386b963ae5a82eba436c25e50cf24,ags,yes,Adam Fantilli,,betmgm,180,,oddsapi
2026-10-09T23:05:07Z,2026-10-09,PIT @ CBJ,1eb386b963ae5a82eba436c25e50cf24,ags,yes,Matthew Knies,,betmgm,190,,oddsapi
2026-10-09T23:05:07Z,2026-10-09,PIT @ CBJ,1eb386b963ae5a82eba436c25e50cf24,ags,yes,Sidney Crosby,,betmgm,195,,oddsapi
2026-10-09T23:05:07Z,2026-10-09,PIT @ CBJ,1eb386b963ae5a82eba436c25e50cf24,ags,yes,Rickard Rakell,,betmgm,210,,oddsapi
2026-10-09T23:05:07Z,2026-10-09,PIT @ CBJ,1eb386b963ae5a82eba436c25e50cf24,ags,yes,Bryan Rust,,betmgm,230,,oddsapi
2026-10-09T23:05:07Z,2026-10-09,PIT @ CBJ,1eb386b963ae5a82eba436c25e50cf24,ags,yes,Tommy Novak,,betmgm,275,,oddsapi
2026-10-09T23:05:07Z,2026-10-09,PIT @ CBJ,1eb386b963ae5a82eba436c25e50cf24,ags,yes,Ben Kindel,,betmgm,280,,oddsapi
2026-10-09T23:05:07Z,2026-10-09,PIT @ CBJ,1eb386b963ae5a82eba436c25e50cf24,ags,yes,Kent Johnson,,betmgm,280,,oddsapi
2026-10-09T23:05:07Z,2026-10-09,PIT @ CBJ,1eb386b963ae5a82eba436c25e50cf24,ags,yes,Evgeni Malkin,,betmgm,290,,oddsapi
2026-10-09T23:05:07Z,2026-10-09,PIT @ CBJ,1eb386b963ae5a82eba436c25e50cf24,ags,yes,Charlie Coyle,,betmgm,290,,oddsapi
2026-10-09T23:05:07Z,2026-10-09,PIT @ CBJ,1eb386b963ae5a82eba436c25e50cf24,ags,yes,Valeri Nichushkin,,betmgm,300,,oddsapi
2026-10-09T23:05:07Z,2026-10-09,PIT @ CBJ,1eb386b963ae5a82eba436c25e50cf24,ags,yes,Yegor Chinakhov,,betmgm,310,,oddsapi
2026-10-09T23:05:07Z,2026-10-09,PIT @ CBJ,1eb386b963ae5a82eba436c25e50cf24,ags,yes,Zach Werenski,,betmgm,320,,oddsapi
2026-10-09T23:05:07Z,2026-10-09,PIT @ CBJ,1eb386b963ae5a82eba436c25e50cf24,ags,yes,Dmitri Voronkov,,betmgm,325,,oddsapi
2026-10-09T23:05:07Z,2026-10-09,PIT @ CBJ,1eb386b963ae5a82eba436c25e50cf24,ags,yes,Sean Monahan,,betmgm,340,,oddsapi
2026-10-09T23:05:07Z,2026-10-09,PIT @ CBJ,1eb386b963ae5a82eba436c25e50cf24,ags,yes,Conor Garland,,betmgm,400,,oddsapi
2026-10-09T23:05:07Z,2026-10-09,PIT @ CBJ,1eb386b963ae5a82eba436c25e50cf24,ags,yes,Cole Sillinger,,betmgm,425,,oddsapi
2026-10-09T23:05:07Z,2026-10-09,PIT @ CBJ,1eb386b963ae5a82eba436c25e50cf24,ags,yes,Erik Karlsson,,betmgm,450,,oddsapi
2026-10-09T23:05:07Z,2026-10-09,PIT @ CBJ,1eb386b963ae5a82eba436c25e50cf24,ags,yes,Mathieu Olivier,,betmgm,450,,oddsapi
2026-10-09T23:05:07Z,2026-10-09,PIT @ CBJ,1eb386b963ae5a82eba436c25e50cf24,ags,yes,Hendrix Lapierre,,betmgm,475,,oddsapi
2026-10-09T23:05:07Z,2026-10-09,PIT @ CBJ,1eb386b963ae5a82eba436c25e50cf24,ags,yes,Ville Koivunen,,betmgm,600,,oddsapi
2026-10-09T23:05:07Z,2026-10-09,PIT @ CBJ,1eb386b963ae5a82eba436c25e50cf24,ags,yes,Nick Robertson,,betmgm,600,,oddsapi
2026-10-09T23:05:07Z,2026-10-09,PIT @ CBJ,1eb386b963ae5a82eba436c25e50cf24,ags,yes,Connor Dewar,,betmgm,650,,oddsapi
2026-10-09T23:05:07Z,2026-10-09,PIT @ CBJ,1eb386b963ae5a82eba436c25e50cf24,ags,yes,Denton Mateychuk,,betmgm,675,,oddsapi
2026-10-09T23:05:07Z,2026-10-09,PIT @ CBJ,1eb386b963ae5a82eba436c25e50cf24,ags,yes,Blake Lizotte,,betmgm,700,,oddsapi
2026-10-09T23:05:07Z,2026-10-09,PIT @ CBJ,1eb386b963ae5a82eba436c25e50cf24,ags,yes,Danton Heinen,,betmgm,775,,oddsapi
2026-10-09T23:05:07Z,2026-10-09,PIT @ CBJ,1eb386b963ae5a82eba436c25e50cf24,ags,yes,Kris Letang,,betmgm,775,,oddsapi
2026-10-09T23:05:07Z,2026-10-09,PIT @ CBJ,1eb386b963ae5a82eba436c25e50cf24,ags,yes,Damon Severson,,betmgm,800,,oddsapi
2026-10-09T23:05:07Z,2026-10-09,PIT @ CBJ,1eb386b963ae5a82eba436c25e50cf24,ags,yes,Ryan Lomberg,,betmgm,900,,oddsapi
2026-10-09T23:05:07Z,2026-10-09,PIT @ CBJ,1eb386b963ae5a82eba436c25e50cf24,ags,yes,Declan Carlile,,betmgm,1150,,oddsapi
2026-10-09T23:05:07Z,2026-10-09,PIT @ CBJ,1eb386b963ae5a82eba436c25e50cf24,ags,yes,Samuel Girard,,betmgm,1450,,oddsapi
2026-10-09T23:05:07Z,2026-10-09,PIT @ CBJ,1eb386b963ae5a82eba436c25e50cf24,ags,yes,Carson Soucy,,betmgm,1550,,oddsapi
2026-10-09T23:05:07Z,2026-10-09,PIT @ CBJ,1eb386b963ae5a82eba436c25e50cf24,ags,yes,Emil Andrae,,betmgm,1800,,oddsapi
2026-10-09T23:05:07Z,2026-10-09,PIT @ CBJ,1eb386b963ae5a82eba436c25e50cf24,ags,yes,Trevor van Riemsdyk,,betmgm,1800,,oddsapi
2026-10-09T23:05:07Z,2026-10-09,PIT @ CBJ,1eb386b963ae5a82eba436c25e50cf24,ags,yes,Erik Gudbranson,,betmgm,1850,,oddsapi
2026-10-09T23:05:07Z,2026-10-09,PIT @ CBJ,1eb386b963ae5a82eba436c25e50cf24,ags,yes,Kaedan Korczak,,betmgm,2200,,oddsapi
2026-10-09T23:05:07Z,2026-10-09,PIT @ CBJ,1eb386b963ae5a82eba436c25e50cf24,fgs,yes,Adam Fantilli,,betmgm,1250,,oddsapi
2026-10-09T23:05:07Z,2026-10-09,PIT @ CBJ,1eb386b963ae5a82eba436c25e50cf24,fgs,yes,Sidney Crosby,,betmgm,1250,,oddsapi
2026-10-09T23:05:07Z,2026-10-09,PIT @ CBJ,1eb386b963ae5a82eba436c25e50cf24,fgs,yes,Matthew Knies,,betmgm,1300,,oddsapi
2026-10-09T23:05:07Z,2026-10-09,PIT @ CBJ,1eb386b963ae5a82eba436c25e50cf24,fgs,yes,Rickard Rakell,,betmgm,1350,,oddsapi
2026-10-09T23:05:07Z,2026-10-09,PIT @ CBJ,1eb386b963ae5a82eba436c25e50cf24,fgs,yes,Bryan Rust,,betmgm,1450,,oddsapi
2026-10-09T23:05:07Z,2026-10-09,PIT @ CBJ,1eb386b963ae5a82eba436c25e50cf24,fgs,yes,Tommy Novak,,betmgm,1600,,oddsapi
2026-10-09T23:05:07Z,2026-10-09,PIT @ CBJ,1eb386b963ae5a82eba436c25e50cf24,fgs,yes,Kent Johnson,,betmgm,1700,,oddsapi
2026-10-09T23:05:07Z,2026-10-09,PIT @ CBJ,1eb386b963ae5a82eba436c25e50cf24,fgs,yes,Charlie Coyle,,betmgm,1750,,oddsapi
2026-10-09T23:05:07Z,2026-10-09,PIT @ CBJ,1eb386b963ae5a82eba436c25e50cf24,fgs,yes,Evgeni Malkin,,betmgm,1800,,oddsapi
2026-10-09T23:05:07Z,2026-10-09,PIT @ CBJ,1eb386b963ae5a82eba436c25e50cf24,fgs,yes,Ben Kindel,,betmgm,1800,,oddsapi
2026-10-09T23:05:07Z,2026-10-09,PIT @ CBJ,1eb386b963ae5a82eba436c25e50cf24,fgs,yes,Valeri Nichushkin,,betmgm,1800,,oddsapi
2026-10-09T23:05:07Z,2026-10-09,PIT @ CBJ,1eb386b963ae5a82eba436c25e50cf24,fgs,yes,Zach Werenski,,betmgm,1900,,oddsapi
2026-10-09T23:05:07Z,2026-10-09,PIT @ CBJ,1eb386b963ae5a82eba436c25e50cf24,fgs,yes,Dmitri Voronkov,,betmgm,2000,,oddsapi
2026-10-09T23:05:07Z,2026-10-09,PIT @ CBJ,1eb386b963ae5a82eba436c25e50cf24,fgs,yes,Yegor Chinakhov,,betmgm,2000,,oddsapi
2026-10-09T23:05:07Z,2026-10-09,PIT @ CBJ,1eb386b963ae5a82eba436c25e50cf24,fgs,yes,Sean Monahan,,betmgm,2000,,oddsapi
2026-10-09T23:05:07Z,2026-10-09,PIT @ CBJ,1eb386b963ae5a82eba436c25e50cf24,fgs,yes,Erik Karlsson,,betmgm,2500,,oddsapi
2026-10-09T23:05:07Z,2026-10-09,PIT @ CBJ,1eb386b963ae5a82eba436c25e50cf24,fgs,yes,Mathieu Olivier,,betmgm,2500,,oddsapi
2026-10-09T23:05:07Z,2026-10-09,PIT @ CBJ,1eb386b963ae5a82eba436c25e50cf24,fgs,yes,Cole Sillinger,,betmgm,2500,,oddsapi
2026-10-09T23:05:07Z,2026-10-09,PIT @ CBJ,1eb386b963ae5a82eba436c25e50cf24,fgs,yes,Conor Garland,,betmgm,2500,,oddsapi
2026-10-09T23:05:07Z,2026-10-09,PIT @ CBJ,1eb386b963ae5a82eba436c25e50cf24,fgs,yes,Hendrix Lapierre,,betmgm,2500,,oddsapi
2026-10-09T23:05:07Z,2026-10-09,PIT @ CBJ,1eb386b963ae5a82eba436c25e50cf24,fgs,yes,Ville Koivunen,,betmgm,3300,,oddsapi
2026-10-09T23:05:07Z,2026-10-09,PIT @ CBJ,1eb386b963ae5a82eba436c25e50cf24,fgs,yes,Connor Dewar,,betmgm,3500,,oddsapi
2026-10-09T23:05:07Z,2026-10-09,PIT @ CBJ,1eb386b963ae5a82eba436c25e50cf24,fgs,yes,Nick Robertson,,betmgm,3500,,oddsapi
2026-10-09T23:05:07Z,2026-10-09,PIT @ CBJ,1eb386b963ae5a82eba436c25e50cf24,fgs,yes,Denton Mateychuk,,betmgm,4000,,oddsapi
2026-10-09T23:05:07Z,2026-10-09,PIT @ CBJ,1eb386b963ae5a82eba436c25e50cf24,fgs,yes,Blake Lizotte,,betmgm,4500,,oddsapi
2026-10-09T23:05:07Z,2026-10-09,PIT @ CBJ,1eb386b963ae5a82eba436c25e50cf24,fgs,yes,Damon Severson,,betmgm,4500,,oddsapi
2026-10-09T23:05:07Z,2026-10-09,PIT @ CBJ,1eb386b963ae5a82eba436c25e50cf24,fgs,yes,Kris Letang,,betmgm,4500,,oddsapi
2026-10-09T23:05:07Z,2026-10-09,PIT @ CBJ,1eb386b963ae5a82eba436c25e50cf24,fgs,yes,Danton Heinen,,betmgm,5000,,oddsapi
2026-10-09T23:05:07Z,2026-10-09,PIT @ CBJ,1eb386b963ae5a82eba436c25e50cf24,fgs,yes,Ryan Lomberg,,betmgm,5000,,oddsapi
2026-10-09T23:05:07Z,2026-10-09,PIT @ CBJ,1eb386b963ae5a82eba436c25e50cf24,fgs,yes,Samuel Girard,,betmgm,8000,,oddsapi
2026-10-09T23:05:07Z,2026-10-09,PIT @ CBJ,1eb386b963ae5a82eba436c25e50cf24,fgs,yes,Declan Carlile,,betmgm,8000,,oddsapi
2026-10-09T23:05:07Z,2026-10-09,PIT @ CBJ,1eb386b963ae5a82eba436c25e50cf24,fgs,yes,Carson Soucy,,betmgm,10000,,oddsapi
2026-10-09T23:05:07Z,2026-10-09,PIT @ CBJ,1eb386b963ae5a82eba436c25e50cf24,fgs,yes,Trevor van Riemsdyk,,betmgm,10000,,oddsapi
2026-10-09T23:05:07Z,2026-10-09,PIT @ CBJ,1eb386b963ae5a82eba436c25e50cf24,fgs,yes,Kaedan Korczak,,betmgm,10000,,oddsapi
2026-10-09T23:05:07Z,2026-10-09,PIT @ CBJ,1eb386b963ae5a82eba436c25e50cf24,fgs,yes,Emil Andrae,,betmgm,10000,,oddsapi
2026-10-09T23:05:07Z,2026-10-09,PIT @ CBJ,1eb386b963ae5a82eba436c25e50cf24,fgs,yes,Erik Gudbranson,,betmgm,10000,,oddsapi
2026-10-09T23:05:07Z,2026-10-09,PIT @ CBJ,1eb386b963ae5a82eba436c25e50cf24,sk_pts,over,Charlie Coyle,0.5,betmgm,-120,-110,oddsapi
2026-10-09T23:05:07Z,2026-10-09,PIT @ CBJ,1eb386b963ae5a82eba436c25e50cf24,sk_pts,under,Charlie Coyle,0.5,betmgm,-110,-120,oddsapi
2026-10-09T23:05:07Z,2026-10-09,PIT @ CBJ,1eb386b963ae5a82eba436c25e50cf24,sk_pts,over,Adam Fantilli,0.5,betmgm,-155,115,oddsapi
2026-10-09T23:05:07Z,2026-10-09,PIT @ CBJ,1eb386b963ae5a82eba436c25e50cf24,sk_pts,under,Adam Fantilli,0.5,betmgm,115,-155,oddsapi
2026-10-09T23:05:07Z,2026-10-09,PIT @ CBJ,1eb386b963ae5a82eba436c25e50cf24,sk_pts,over,Kris Letang,0.5,betmgm,130,-175,oddsapi
2026-10-09T23:05:07Z,2026-10-09,PIT @ CBJ,1eb386b963ae5a82eba436c25e50cf24,sk_pts,under,Kris Letang,0.5,betmgm,-175,130,oddsapi
2026-10-09T23:05:07Z,2026-10-09,PIT @ CBJ,1eb386b963ae5a82eba436c25e50cf24,sk_pts,over,Erik Karlsson,0.5,betmgm,-150,110,oddsapi
2026-10-09T23:05:07Z,2026-10-09,PIT @ CBJ,1eb386b963ae5a82eba436c25e50cf24,sk_pts,under,Erik Karlsson,0.5,betmgm,110,-150,oddsapi
2026-10-09T23:05:07Z,2026-10-09,PIT @ CBJ,1eb386b963ae5a82eba436c25e50cf24,sk_pts,over,Sidney Crosby,0.5,betmgm,-220,160,oddsapi
2026-10-09T23:05:07Z,2026-10-09,PIT @ CBJ,1eb386b963ae5a82eba436c25e50cf24,sk_pts,under,Sidney Crosby,0.5,betmgm,160,-220,oddsapi
2026-10-09T23:05:07Z,2026-10-09,PIT @ CBJ,1eb386b963ae5a82eba436c25e50cf24,sk_pts,over,Kent Johnson,0.5,betmgm,100,-135,oddsapi
2026-10-09T23:05:07Z,2026-10-09,PIT @ CBJ,1eb386b963ae5a82eba436c25e50cf24,sk_pts,under,Kent Johnson,0.5,betmgm,-135,100,oddsapi
2026-10-09T23:05:07Z,2026-10-09,PIT @ CBJ,1eb386b963ae5a82eba436c25e50cf24,sk_pts,over,Zach Werenski,0.5,betmgm,-220,160,oddsapi
2026-10-09T23:05:07Z,2026-10-09,PIT @ CBJ,1eb386b963ae5a82eba436c25e50cf24,sk_pts,under,Zach Werenski,0.5,betmgm,160,-220,oddsapi
2026-10-09T23:05:07Z,2026-10-09,PIT @ CBJ,1eb386b963ae5a82eba436c25e50cf24,sk_pts,over,Matthew Knies,0.5,betmgm,-160,120,oddsapi
2026-10-09T23:05:07Z,2026-10-09,PIT @ CBJ,1eb386b963ae5a82eba436c25e50cf24,sk_pts,under,Matthew Knies,0.5,betmgm,120,-160,oddsapi
2026-10-09T23:05:07Z,2026-10-09,PIT @ CBJ,1eb386b963ae5a82eba436c25e50cf24,sk_ppp,over,Zach Werenski,0.5,betmgm,175,-235,oddsapi
2026-10-09T23:05:07Z,2026-10-09,PIT @ CBJ,1eb386b963ae5a82eba436c25e50cf24,sk_ppp,under,Zach Werenski,0.5,betmgm,-235,175,oddsapi
2026-10-09T23:05:07Z,2026-10-09,PIT @ CBJ,1eb386b963ae5a82eba436c25e50cf24,sk_ppp,over,Erik Karlsson,0.5,betmgm,210,-295,oddsapi
2026-10-09T23:05:07Z,2026-10-09,PIT @ CBJ,1eb386b963ae5a82eba436c25e50cf24,sk_ppp,under,Erik Karlsson,0.5,betmgm,-295,210,oddsapi
2026-10-09T23:05:07Z,2026-10-09,PIT @ CBJ,1eb386b963ae5a82eba436c25e50cf24,sk_ppp,over,Sidney Crosby,0.5,betmgm,225,-325,oddsapi
2026-10-09T23:05:07Z,2026-10-09,PIT @ CBJ,1eb386b963ae5a82eba436c25e50cf24,sk_ppp,under,Sidney Crosby,0.5,betmgm,-325,225,oddsapi
2026-10-09T23:05:07Z,2026-10-09,PIT @ CBJ,1eb386b963ae5a82eba436c25e50cf24,sk_ppp,over,Matthew Knies,0.5,betmgm,310,-550,oddsapi
2026-10-09T23:05:07Z,2026-10-09,PIT @ CBJ,1eb386b963ae5a82eba436c25e50cf24,sk_ppp,under,Matthew Knies,0.5,betmgm,-550,310,oddsapi
2026-10-09T23:05:07Z,2026-10-09,PIT @ CBJ,1eb386b963ae5a82eba436c25e50cf24,sk_ppp,over,Charlie Coyle,0.5,betmgm,280,-450,oddsapi
2026-10-09T23:05:07Z,2026-10-09,PIT @ CBJ,1eb386b963ae5a82eba436c25e50cf24,sk_ppp,under,Charlie Coyle,0.5,betmgm,-450,280,oddsapi
2026-10-09T23:05:07Z,2026-10-09,PIT @ CBJ,1eb386b963ae5a82eba436c25e50cf24,sk_ppp,over,Adam Fantilli,0.5,betmgm,275,-450,oddsapi
2026-10-09T23:05:07Z,2026-10-09,PIT @ CBJ,1eb386b963ae5a82eba436c25e50cf24,sk_ppp,under,Adam Fantilli,0.5,betmgm,-450,275,oddsapi
2026-10-09T23:05:07Z,2026-10-09,PIT @ CBJ,1eb386b963ae5a82eba436c25e50cf24,sk_sog,over,Valeri Nichushkin,1.5,betmgm,-160,110,oddsapi
2026-10-09T23:05:07Z,2026-10-09,PIT @ CBJ,1eb386b963ae5a82eba436c25e50cf24,sk_sog,under,Valeri Nichushkin,1.5,betmgm,110,-160,oddsapi
2026-10-09T23:05:07Z,2026-10-09,PIT @ CBJ,1eb386b963ae5a82eba436c25e50cf24,sk_sog,over,Adam Fantilli,2.5,betmgm,-118,-118,oddsapi
2026-10-09T23:05:07Z,2026-10-09,PIT @ CBJ,1eb386b963ae5a82eba436c25e50cf24,sk_sog,under,Adam Fantilli,2.5,betmgm,-118,-118,oddsapi
2026-10-09T23:05:07Z,2026-10-09,PIT @ CBJ,1eb386b963ae5a82eba436c25e50cf24,sk_sog,over,Evgeni Malkin,1.5,betmgm,-175,120,oddsapi
2026-10-09T23:05:07Z,2026-10-09,PIT @ CBJ,1eb386b963ae5a82eba436c25e50cf24,sk_sog,under,Evgeni Malkin,1.5,betmgm,120,-175,oddsapi
2026-10-09T23:05:07Z,2026-10-09,PIT @ CBJ,1eb386b963ae5a82eba436c25e50cf24,sk_sog,over,Kris Letang,1.5,betmgm,100,-145,oddsapi
2026-10-09T23:05:07Z,2026-10-09,PIT @ CBJ,1eb386b963ae5a82eba436c25e50cf24,sk_sog,under,Kris Letang,1.5,betmgm,-145,100,oddsapi
2026-10-09T23:05:07Z,2026-10-09,PIT @ CBJ,1eb386b963ae5a82eba436c25e50cf24,sk_sog,over,Bryan Rust,2.5,betmgm,120,-175,oddsapi
2026-10-09T23:05:07Z,2026-10-09,PIT @ CBJ,1eb386b963ae5a82eba436c25e50cf24,sk_sog,under,Bryan Rust,2.5,betmgm,-175,120,oddsapi
2026-10-09T23:05:07Z,2026-10-09,PIT @ CBJ,1eb386b963ae5a82eba436c25e50cf24,sk_sog,over,Erik Karlsson,2.5,betmgm,110,-160,oddsapi
2026-10-09T23:05:07Z,2026-10-09,PIT @ CBJ,1eb386b963ae5a82eba436c25e50cf24,sk_sog,under,Erik Karlsson,2.5,betmgm,-160,110,oddsapi
2026-10-09T23:05:07Z,2026-10-09,PIT @ CBJ,1eb386b963ae5a82eba436c25e50cf24,sk_sog,over,Tommy Novak,1.5,betmgm,100,-145,oddsapi
2026-10-09T23:05:07Z,2026-10-09,PIT @ CBJ,1eb386b963ae5a82eba436c25e50cf24,sk_sog,under,Tommy Novak,1.5,betmgm,-145,100,oddsapi
2026-10-09T23:05:07Z,2026-10-09,PIT @ CBJ,1eb386b963ae5a82eba436c25e50cf24,sk_sog,over,Mathieu Olivier,1.5,betmgm,105,-155,oddsapi
2026-10-09T23:05:07Z,2026-10-09,PIT @ CBJ,1eb386b963ae5a82eba436c25e50cf24,sk_sog,under,Mathieu Olivier,1.5,betmgm,-155,105,oddsapi
2026-10-09T23:05:07Z,2026-10-09,PIT @ CBJ,1eb386b963ae5a82eba436c25e50cf24,sk_sog,over,Dmitri Voronkov,1.5,betmgm,110,-160,oddsapi
2026-10-09T23:05:07Z,2026-10-09,PIT @ CBJ,1eb386b963ae5a82eba436c25e50cf24,sk_sog,under,Dmitri Voronkov,1.5,betmgm,-160,110,oddsapi
2026-10-09T23:05:07Z,2026-10-09,PIT @ CBJ,1eb386b963ae5a82eba436c25e50cf24,sk_sog,over,Sean Monahan,1.5,betmgm,-110,-135,oddsapi
2026-10-09T23:05:07Z,2026-10-09,PIT @ CBJ,1eb386b963ae5a82eba436c25e50cf24,sk_sog,under,Sean Monahan,1.5,betmgm,-135,-110,oddsapi
2026-10-09T23:05:07Z,2026-10-09,PIT @ CBJ,1eb386b963ae5a82eba436c25e50cf24,sk_sog,over,Zach Werenski,3.5,betmgm,-115,-125,oddsapi
2026-10-09T23:05:07Z,2026-10-09,PIT @ CBJ,1eb386b963ae5a82eba436c25e50cf24,sk_sog,under,Zach Werenski,3.5,betmgm,-125,-115,oddsapi
2026-10-09T23:05:07Z,2026-10-09,PIT @ CBJ,1eb386b963ae5a82eba436c25e50cf24,sk_sog,over,Sidney Crosby,2.5,betmgm,100,-150,oddsapi
2026-10-09T23:05:07Z,2026-10-09,PIT @ CBJ,1eb386b963ae5a82eba436c25e50cf24,sk_sog,under,Sidney Crosby,2.5,betmgm,-150,100,oddsapi
2026-10-09T23:05:07Z,2026-10-09,PIT @ CBJ,1eb386b963ae5a82eba436c25e50cf24,sk_sog,over,Ben Kindel,1.5,betmgm,-165,115,oddsapi
2026-10-09T23:05:07Z,2026-10-09,PIT @ CBJ,1eb386b963ae5a82eba436c25e50cf24,sk_sog,under,Ben Kindel,1.5,betmgm,115,-165,oddsapi
2026-10-09T23:05:07Z,2026-10-09,PIT @ CBJ,1eb386b963ae5a82eba436c25e50cf24,sk_sog,over,Yegor Chinakhov,1.5,betmgm,-200,130,oddsapi
2026-10-09T23:05:07Z,2026-10-09,PIT @ CBJ,1eb386b963ae5a82eba436c25e50cf24,sk_sog,under,Yegor Chinakhov,1.5,betmgm,130,-200,oddsapi
2026-10-09T23:05:07Z,2026-10-09,PIT @ CBJ,1eb386b963ae5a82eba436c25e50cf24,sk_sog,over,Charlie Coyle,1.5,betmgm,-135,-110,oddsapi
2026-10-09T23:05:07Z,2026-10-09,PIT @ CBJ,1eb386b963ae5a82eba436c25e50cf24,sk_sog,under,Charlie Coyle,1.5,betmgm,-110,-135,oddsapi
2026-10-09T23:05:07Z,2026-10-09,PIT @ CBJ,1eb386b963ae5a82eba436c25e50cf24,sk_sog,over,Matthew Knies,1.5,betmgm,-150,105,oddsapi
2026-10-09T23:05:07Z,2026-10-09,PIT @ CBJ,1eb386b963ae5a82eba436c25e50cf24,sk_sog,under,Matthew Knies,1.5,betmgm,105,-150,oddsapi
2026-10-09T23:05:07Z,2026-10-09,PIT @ CBJ,1eb386b963ae5a82eba436c25e50cf24,sk_sog,over,Conor Garland,1.5,betmgm,-115,-125,oddsapi
2026-10-09T23:05:07Z,2026-10-09,PIT @ CBJ,1eb386b963ae5a82eba436c25e50cf24,sk_sog,under,Conor Garland,1.5,betmgm,-125,-115,oddsapi
2026-10-09T23:05:07Z,2026-10-09,PIT @ CBJ,1eb386b963ae5a82eba436c25e50cf24,sk_sog,over,Kent Johnson,1.5,betmgm,-135,-110,oddsapi
2026-10-09T23:05:07Z,2026-10-09,PIT @ CBJ,1eb386b963ae5a82eba436c25e50cf24,sk_sog,under,Kent Johnson,1.5,betmgm,-110,-135,oddsapi
2026-10-09T23:05:07Z,2026-10-09,PIT @ CBJ,1eb386b963ae5a82eba436c25e50cf24,sk_sog,over,Rickard Rakell,2.5,betmgm,-105,-140,oddsapi
2026-10-09T23:05:07Z,2026-10-09,PIT @ CBJ,1eb386b963ae5a82eba436c25e50cf24,sk_sog,under,Rickard Rakell,2.5,betmgm,-140,-105,oddsapi
2026-10-09T23:05:07Z,2026-10-09,PIT @ CBJ,1eb386b963ae5a82eba436c25e50cf24,p1_pl,CBJ,,1.5,betmgm,-900,525,oddsapi
2026-10-09T23:05:07Z,2026-10-09,PIT @ CBJ,1eb386b963ae5a82eba436c25e50cf24,p1_pl,PIT,,-1.5,betmgm,525,-900,oddsapi
2026-10-09T23:05:07Z,2026-10-09,PIT @ CBJ,1eb386b963ae5a82eba436c25e50cf24,p2_pl,CBJ,,1.5,betmgm,-900,450,oddsapi
2026-10-09T23:05:07Z,2026-10-09,PIT @ CBJ,1eb386b963ae5a82eba436c25e50cf24,p2_pl,PIT,,-1.5,betmgm,450,-900,oddsapi
2026-10-09T23:05:07Z,2026-10-09,PIT @ CBJ,1eb386b963ae5a82eba436c25e50cf24,p3_pl,CBJ,,1.5,betmgm,-650,375,oddsapi
2026-10-09T23:05:07Z,2026-10-09,PIT @ CBJ,1eb386b963ae5a82eba436c25e50cf24,p3_pl,PIT,,-1.5,betmgm,375,-650,oddsapi
2026-10-09T23:05:07Z,2026-10-09,PIT @ CBJ,1eb386b963ae5a82eba436c25e50cf24,team_total,over,CBJ,3.5,betmgm,-102,-135,oddsapi
2026-10-09T23:05:07Z,2026-10-09,PIT @ CBJ,1eb386b963ae5a82eba436c25e50cf24,team_total,under,CBJ,3.5,betmgm,-135,-102,oddsapi
2026-10-09T23:05:07Z,2026-10-09,PIT @ CBJ,1eb386b963ae5a82eba436c25e50cf24,team_total,over,PIT,3.5,betmgm,105,-145,oddsapi
2026-10-09T23:05:07Z,2026-10-09,PIT @ CBJ,1eb386b963ae5a82eba436c25e50cf24,team_total,under,PIT,3.5,betmgm,-145,105,oddsapi
2026-10-09T23:05:07Z,2026-10-09,PIT @ CBJ,1eb386b963ae5a82eba436c25e50cf24,p1_total,over,,3,betmgm,400,-650,oddsapi
2026-10-09T23:05:07Z,2026-10-09,PIT @ CBJ,1eb386b963ae5a82eba436c25e50cf24,p1_total,under,,3,betmgm,-650,400,oddsapi
2026-10-09T23:05:07Z,2026-10-09,PIT @ CBJ,1eb386b963ae5a82eba436c25e50cf24,p2_total,over,,3,betmgm,260,-400,oddsapi
2026-10-09T23:05:07Z,2026-10-09,PIT @ CBJ,1eb386b963ae5a82eba436c25e50cf24,p2_total,under,,3,betmgm,-400,260,oddsapi
2026-10-09T23:05:07Z,2026-10-09,PIT @ CBJ,1eb386b963ae5a82eba436c25e50cf24,p3_total,over,,3,betmgm,220,-325,oddsapi
2026-10-09T23:05:07Z,2026-10-09,PIT @ CBJ,1eb386b963ae5a82eba436c25e50cf24,p3_total,under,,3,betmgm,-325,220,oddsapi
2026-10-09T23:05:07Z,2026-10-09,SEA @ DET,30e778f30fcb48f94af24793f5bd201a,game_pl_alt,DET,,3.5,draftkings,-2800,1000,oddsapi
2026-10-09T23:05:07Z,2026-10-09,SEA @ DET,30e778f30fcb48f94af24793f5bd201a,game_pl_alt,DET,,2.5,draftkings,-725,430,oddsapi
2026-10-09T23:05:07Z,2026-10-09,SEA @ DET,30e778f30fcb48f94af24793f5bd201a,game_pl_alt,DET,,1.5,draftkings,-370,255,oddsapi
2026-10-09T23:05:07Z,2026-10-09,SEA @ DET,30e778f30fcb48f94af24793f5bd201a,game_pl_alt,DET,,-2.5,draftkings,265,-385,oddsapi
2026-10-09T23:05:07Z,2026-10-09,SEA @ DET,30e778f30fcb48f94af24793f5bd201a,game_pl_alt,DET,,-3.5,draftkings,600,-1150,oddsapi
2026-10-09T23:05:07Z,2026-10-09,SEA @ DET,30e778f30fcb48f94af24793f5bd201a,game_pl_alt,SEA,,-3.5,draftkings,1000,-2800,oddsapi
2026-10-09T23:05:07Z,2026-10-09,SEA @ DET,30e778f30fcb48f94af24793f5bd201a,game_pl_alt,SEA,,-2.5,draftkings,430,-725,oddsapi
2026-10-09T23:05:07Z,2026-10-09,SEA @ DET,30e778f30fcb48f94af24793f5bd201a,game_pl_alt,SEA,,-1.5,draftkings,255,-370,oddsapi
2026-10-09T23:05:07Z,2026-10-09,SEA @ DET,30e778f30fcb48f94af24793f5bd201a,game_pl_alt,SEA,,2.5,draftkings,-385,265,oddsapi
2026-10-09T23:05:07Z,2026-10-09,SEA @ DET,30e778f30fcb48f94af24793f5bd201a,game_pl_alt,SEA,,3.5,draftkings,-1150,600,oddsapi
2026-10-09T23:05:07Z,2026-10-09,SEA @ DET,30e778f30fcb48f94af24793f5bd201a,team_total_alt,over,DET,0.5,draftkings,-4500,1200,oddsapi
2026-10-09T23:05:07Z,2026-10-09,SEA @ DET,30e778f30fcb48f94af24793f5bd201a,team_total_alt,under,DET,0.5,draftkings,1200,-4500,oddsapi
2026-10-09T23:05:07Z,2026-10-09,SEA @ DET,30e778f30fcb48f94af24793f5bd201a,team_total_alt,over,DET,1.5,draftkings,-600,370,oddsapi
2026-10-09T23:05:07Z,2026-10-09,SEA @ DET,30e778f30fcb48f94af24793f5bd201a,team_total_alt,under,DET,1.5,draftkings,370,-600,oddsapi
2026-10-09T23:05:07Z,2026-10-09,SEA @ DET,30e778f30fcb48f94af24793f5bd201a,team_total_alt,over,DET,2.5,draftkings,-200,150,oddsapi
2026-10-09T23:05:07Z,2026-10-09,SEA @ DET,30e778f30fcb48f94af24793f5bd201a,team_total_alt,under,DET,2.5,draftkings,150,-200,oddsapi
2026-10-09T23:05:07Z,2026-10-09,SEA @ DET,30e778f30fcb48f94af24793f5bd201a,team_total_alt,over,DET,3.5,draftkings,115,-155,oddsapi
2026-10-09T23:05:07Z,2026-10-09,SEA @ DET,30e778f30fcb48f94af24793f5bd201a,team_total_alt,under,DET,3.5,draftkings,-155,115,oddsapi
2026-10-09T23:05:07Z,2026-10-09,SEA @ DET,30e778f30fcb48f94af24793f5bd201a,team_total_alt,over,DET,4.5,draftkings,255,-370,oddsapi
2026-10-09T23:05:07Z,2026-10-09,SEA @ DET,30e778f30fcb48f94af24793f5bd201a,team_total_alt,under,DET,4.5,draftkings,-370,255,oddsapi
2026-10-09T23:05:07Z,2026-10-09,SEA @ DET,30e778f30fcb48f94af24793f5bd201a,team_total_alt,over,DET,5.5,draftkings,600,-1150,oddsapi
2026-10-09T23:05:07Z,2026-10-09,SEA @ DET,30e778f30fcb48f94af24793f5bd201a,team_total_alt,under,DET,5.5,draftkings,-1150,600,oddsapi
2026-10-09T23:05:07Z,2026-10-09,SEA @ DET,30e778f30fcb48f94af24793f5bd201a,team_total_alt,over,SEA,0.5,draftkings,-2800,1000,oddsapi
2026-10-09T23:05:07Z,2026-10-09,SEA @ DET,30e778f30fcb48f94af24793f5bd201a,team_total_alt,under,SEA,0.5,draftkings,1000,-2800,oddsapi
2026-10-09T23:05:07Z,2026-10-09,SEA @ DET,30e778f30fcb48f94af24793f5bd201a,team_total_alt,over,SEA,1.5,draftkings,-420,280,oddsapi
2026-10-09T23:05:07Z,2026-10-09,SEA @ DET,30e778f30fcb48f94af24793f5bd201a,team_total_alt,under,SEA,1.5,draftkings,280,-420,oddsapi
2026-10-09T23:05:07Z,2026-10-09,SEA @ DET,30e778f30fcb48f94af24793f5bd201a,team_total_alt,over,SEA,2.5,draftkings,-145,105,oddsapi
2026-10-09T23:05:07Z,2026-10-09,SEA @ DET,30e778f30fcb48f94af24793f5bd201a,team_total_alt,under,SEA,2.5,draftkings,105,-145,oddsapi
2026-10-09T23:05:07Z,2026-10-09,SEA @ DET,30e778f30fcb48f94af24793f5bd201a,team_total_alt,over,SEA,3.5,draftkings,165,-225,oddsapi
2026-10-09T23:05:07Z,2026-10-09,SEA @ DET,30e778f30fcb48f94af24793f5bd201a,team_total_alt,under,SEA,3.5,draftkings,-225,165,oddsapi
2026-10-09T23:05:07Z,2026-10-09,SEA @ DET,30e778f30fcb48f94af24793f5bd201a,team_total_alt,over,SEA,4.5,draftkings,390,-630,oddsapi
2026-10-09T23:05:07Z,2026-10-09,SEA @ DET,30e778f30fcb48f94af24793f5bd201a,team_total_alt,under,SEA,4.5,draftkings,-630,390,oddsapi
2026-10-09T23:05:07Z,2026-10-09,SEA @ DET,30e778f30fcb48f94af24793f5bd201a,team_total_alt,over,SEA,5.5,draftkings,900,-2200,oddsapi
2026-10-09T23:05:07Z,2026-10-09,SEA @ DET,30e778f30fcb48f94af24793f5bd201a,team_total_alt,under,SEA,5.5,draftkings,-2200,900,oddsapi
2026-10-09T23:05:07Z,2026-10-09,SEA @ DET,30e778f30fcb48f94af24793f5bd201a,game_total_alt,over,,3.5,draftkings,-800,460,oddsapi
2026-10-09T23:05:07Z,2026-10-09,SEA @ DET,30e778f30fcb48f94af24793f5bd201a,game_total_alt,over,,4.5,draftkings,-420,280,oddsapi
2026-10-09T23:05:07Z,2026-10-09,SEA @ DET,30e778f30fcb48f94af24793f5bd201a,game_total_alt,over,,6.5,draftkings,110,-150,oddsapi
2026-10-09T23:05:07Z,2026-10-09,SEA @ DET,30e778f30fcb48f94af24793f5bd201a,game_total_alt,over,,7.5,draftkings,260,-375,oddsapi
2026-10-09T23:05:07Z,2026-10-09,SEA @ DET,30e778f30fcb48f94af24793f5bd201a,game_total_alt,over,,8.5,draftkings,400,-650,oddsapi
2026-10-09T23:05:07Z,2026-10-09,SEA @ DET,30e778f30fcb48f94af24793f5bd201a,game_total_alt,over,,9.5,draftkings,900,-2200,oddsapi
2026-10-09T23:05:07Z,2026-10-09,SEA @ DET,30e778f30fcb48f94af24793f5bd201a,game_total_alt,under,,3.5,draftkings,460,-800,oddsapi
2026-10-09T23:05:07Z,2026-10-09,SEA @ DET,30e778f30fcb48f94af24793f5bd201a,game_total_alt,under,,4.5,draftkings,280,-420,oddsapi
2026-10-09T23:05:07Z,2026-10-09,SEA @ DET,30e778f30fcb48f94af24793f5bd201a,game_total_alt,under,,6.5,draftkings,-150,110,oddsapi
2026-10-09T23:05:07Z,2026-10-09,SEA @ DET,30e778f30fcb48f94af24793f5bd201a,game_total_alt,under,,7.5,draftkings,-375,260,oddsapi
2026-10-09T23:05:07Z,2026-10-09,SEA @ DET,30e778f30fcb48f94af24793f5bd201a,game_total_alt,under,,8.5,draftkings,-650,400,oddsapi
2026-10-09T23:05:07Z,2026-10-09,SEA @ DET,30e778f30fcb48f94af24793f5bd201a,game_total_alt,under,,9.5,draftkings,-2200,900,oddsapi
2026-10-09T23:05:07Z,2026-10-09,SEA @ DET,30e778f30fcb48f94af24793f5bd201a,game_ml3,DET,,,draftkings,110,,oddsapi
2026-10-09T23:05:07Z,2026-10-09,SEA @ DET,30e778f30fcb48f94af24793f5bd201a,game_ml3,SEA,,,draftkings,170,,oddsapi
2026-10-09T23:05:07Z,2026-10-09,SEA @ DET,30e778f30fcb48f94af24793f5bd201a,game_ml3,draw,,,draftkings,320,,oddsapi
2026-10-09T23:05:07Z,2026-10-09,SEA @ DET,30e778f30fcb48f94af24793f5bd201a,p1_ml3,DET,,,draftkings,155,,oddsapi
2026-10-09T23:05:07Z,2026-10-09,SEA @ DET,30e778f30fcb48f94af24793f5bd201a,p1_ml3,SEA,,,draftkings,205,,oddsapi
2026-10-09T23:05:07Z,2026-10-09,SEA @ DET,30e778f30fcb48f94af24793f5bd201a,p1_ml3,draw,,,draftkings,185,,oddsapi
2026-10-09T23:05:07Z,2026-10-09,SEA @ DET,30e778f30fcb48f94af24793f5bd201a,p2_ml3,DET,,,draftkings,145,,oddsapi
2026-10-09T23:05:07Z,2026-10-09,SEA @ DET,30e778f30fcb48f94af24793f5bd201a,p2_ml3,SEA,,,draftkings,195,,oddsapi
2026-10-09T23:05:07Z,2026-10-09,SEA @ DET,30e778f30fcb48f94af24793f5bd201a,p2_ml3,draw,,,draftkings,205,,oddsapi
2026-10-09T23:05:07Z,2026-10-09,SEA @ DET,30e778f30fcb48f94af24793f5bd201a,p3_ml3,DET,,,draftkings,130,,oddsapi
2026-10-09T23:05:07Z,2026-10-09,SEA @ DET,30e778f30fcb48f94af24793f5bd201a,p3_ml3,SEA,,,draftkings,185,,oddsapi
2026-10-09T23:05:07Z,2026-10-09,SEA @ DET,30e778f30fcb48f94af24793f5bd201a,p3_ml3,draw,,,draftkings,245,,oddsapi
2026-10-09T23:05:07Z,2026-10-09,SEA @ DET,30e778f30fcb48f94af24793f5bd201a,sk_a,over,Lucas Raymond,0.5,draftkings,105,-145,oddsapi
2026-10-09T23:05:07Z,2026-10-09,SEA @ DET,30e778f30fcb48f94af24793f5bd201a,sk_a,under,Lucas Raymond,0.5,draftkings,-145,105,oddsapi
2026-10-09T23:05:07Z,2026-10-09,SEA @ DET,30e778f30fcb48f94af24793f5bd201a,sk_a,over,Moritz Seider,0.5,draftkings,105,-140,oddsapi
2026-10-09T23:05:07Z,2026-10-09,SEA @ DET,30e778f30fcb48f94af24793f5bd201a,sk_a,under,Moritz Seider,0.5,draftkings,-140,105,oddsapi
2026-10-09T23:05:07Z,2026-10-09,SEA @ DET,30e778f30fcb48f94af24793f5bd201a,sk_a,over,Alex DeBrincat,0.5,draftkings,125,-170,oddsapi
2026-10-09T23:05:07Z,2026-10-09,SEA @ DET,30e778f30fcb48f94af24793f5bd201a,sk_a,under,Alex DeBrincat,0.5,draftkings,-170,125,oddsapi
2026-10-09T23:05:07Z,2026-10-09,SEA @ DET,30e778f30fcb48f94af24793f5bd201a,sk_a,over,Dylan Larkin,0.5,draftkings,130,-180,oddsapi
2026-10-09T23:05:07Z,2026-10-09,SEA @ DET,30e778f30fcb48f94af24793f5bd201a,sk_a,under,Dylan Larkin,0.5,draftkings,-180,130,oddsapi
2026-10-09T23:05:07Z,2026-10-09,SEA @ DET,30e778f30fcb48f94af24793f5bd201a,sk_a,over,Vince Dunn,0.5,draftkings,145,-200,oddsapi
2026-10-09T23:05:07Z,2026-10-09,SEA @ DET,30e778f30fcb48f94af24793f5bd201a,sk_a,under,Vince Dunn,0.5,draftkings,-200,145,oddsapi
2026-10-09T23:05:07Z,2026-10-09,SEA @ DET,30e778f30fcb48f94af24793f5bd201a,sk_a,over,Viktor Arvidsson,0.5,draftkings,150,-205,oddsapi
2026-10-09T23:05:07Z,2026-10-09,SEA @ DET,30e778f30fcb48f94af24793f5bd201a,sk_a,under,Viktor Arvidsson,0.5,draftkings,-205,150,oddsapi
2026-10-09T23:05:07Z,2026-10-09,SEA @ DET,30e778f30fcb48f94af24793f5bd201a,sk_a,over,Jared McCann,0.5,draftkings,155,-210,oddsapi
2026-10-09T23:05:07Z,2026-10-09,SEA @ DET,30e778f30fcb48f94af24793f5bd201a,sk_a,under,Jared McCann,0.5,draftkings,-210,155,oddsapi
2026-10-09T23:05:07Z,2026-10-09,SEA @ DET,30e778f30fcb48f94af24793f5bd201a,sk_a,over,Jordan Eberle,0.5,draftkings,170,-235,oddsapi
2026-10-09T23:05:07Z,2026-10-09,SEA @ DET,30e778f30fcb48f94af24793f5bd201a,sk_a,under,Jordan Eberle,0.5,draftkings,-235,170,oddsapi
2026-10-09T23:05:07Z,2026-10-09,SEA @ DET,30e778f30fcb48f94af24793f5bd201a,sk_a,over,Chandler Stephenson,0.5,draftkings,175,-240,oddsapi
2026-10-09T23:05:07Z,2026-10-09,SEA @ DET,30e778f30fcb48f94af24793f5bd201a,sk_a,under,Chandler Stephenson,0.5,draftkings,-240,175,oddsapi
2026-10-09T23:05:07Z,2026-10-09,SEA @ DET,30e778f30fcb48f94af24793f5bd201a,sk_a,over,Matty Beniers,0.5,draftkings,180,-245,oddsapi
2026-10-09T23:05:07Z,2026-10-09,SEA @ DET,30e778f30fcb48f94af24793f5bd201a,sk_a,under,Matty Beniers,0.5,draftkings,-245,180,oddsapi
2026-10-09T23:05:07Z,2026-10-09,SEA @ DET,30e778f30fcb48f94af24793f5bd201a,sk_a,over,Brandon Montour,0.5,draftkings,200,-275,oddsapi
2026-10-09T23:05:07Z,2026-10-09,SEA @ DET,30e778f30fcb48f94af24793f5bd201a,sk_a,under,Brandon Montour,0.5,draftkings,-275,200,oddsapi
2026-10-09T23:05:07Z,2026-10-09,SEA @ DET,30e778f30fcb48f94af24793f5bd201a,sk_a,over,Kaapo Kakko,0.5,draftkings,215,-295,oddsapi
2026-10-09T23:05:07Z,2026-10-09,SEA @ DET,30e778f30fcb48f94af24793f5bd201a,sk_a,under,Kaapo Kakko,0.5,draftkings,-295,215,oddsapi
2026-10-09T23:05:07Z,2026-10-09,SEA @ DET,30e778f30fcb48f94af24793f5bd201a,sk_a,over,Justin Faulk,0.5,draftkings,240,-340,oddsapi
2026-10-09T23:05:07Z,2026-10-09,SEA @ DET,30e778f30fcb48f94af24793f5bd201a,sk_a,under,Justin Faulk,0.5,draftkings,-340,240,oddsapi
2026-10-09T23:05:07Z,2026-10-09,SEA @ DET,30e778f30fcb48f94af24793f5bd201a,sk_a,over,Andrew Copp,0.5,draftkings,250,-350,oddsapi
2026-10-09T23:05:07Z,2026-10-09,SEA @ DET,30e778f30fcb48f94af24793f5bd201a,sk_a,under,Andrew Copp,0.5,draftkings,-350,250,oddsapi
2026-10-09T23:05:07Z,2026-10-09,SEA @ DET,30e778f30fcb48f94af24793f5bd201a,sk_a,over,Emmitt Finnie,0.5,draftkings,295,-425,oddsapi
2026-10-09T23:05:07Z,2026-10-09,SEA @ DET,30e778f30fcb48f94af24793f5bd201a,sk_a,under,Emmitt Finnie,0.5,draftkings,-425,295,oddsapi
2026-10-09T23:05:07Z,2026-10-09,SEA @ DET,30e778f30fcb48f94af24793f5bd201a,sk_a,over,Mackie Samoskevich,0.5,draftkings,300,-450,oddsapi
2026-10-09T23:05:07Z,2026-10-09,SEA @ DET,30e778f30fcb48f94af24793f5bd201a,sk_a,under,Mackie Samoskevich,0.5,draftkings,-450,300,oddsapi
2026-10-09T23:05:07Z,2026-10-09,SEA @ DET,30e778f30fcb48f94af24793f5bd201a,sk_a,over,Shane Wright,0.5,draftkings,300,-425,oddsapi
2026-10-09T23:05:07Z,2026-10-09,SEA @ DET,30e778f30fcb48f94af24793f5bd201a,sk_a,under,Shane Wright,0.5,draftkings,-425,300,oddsapi
2026-10-09T23:05:07Z,2026-10-09,SEA @ DET,30e778f30fcb48f94af24793f5bd201a,sk_a,over,Bobby McMann,0.5,draftkings,310,-450,oddsapi
2026-10-09T23:05:07Z,2026-10-09,SEA @ DET,30e778f30fcb48f94af24793f5bd201a,sk_a,under,Bobby McMann,0.5,draftkings,-450,310,oddsapi
2026-10-09T23:05:07Z,2026-10-09,SEA @ DET,30e778f30fcb48f94af24793f5bd201a,sk_a,over,Berkly Catton,0.5,draftkings,360,-525,oddsapi
2026-10-09T23:05:07Z,2026-10-09,SEA @ DET,30e778f30fcb48f94af24793f5bd201a,sk_a,under,Berkly Catton,0.5,draftkings,-525,360,oddsapi
2026-10-09T23:05:07Z,2026-10-09,SEA @ DET,30e778f30fcb48f94af24793f5bd201a,sk_blk,over,Moritz Seider,2.5,draftkings,115,-165,oddsapi
2026-10-09T23:05:07Z,2026-10-09,SEA @ DET,30e778f30fcb48f94af24793f5bd201a,sk_blk,under,Moritz Seider,2.5,draftkings,-165,115,oddsapi
2026-10-09T23:05:07Z,2026-10-09,SEA @ DET,30e778f30fcb48f94af24793f5bd201a,sk_blk,over,Adam Larsson,2.5,draftkings,120,-170,oddsapi
2026-10-09T23:05:07Z,2026-10-09,SEA @ DET,30e778f30fcb48f94af24793f5bd201a,sk_blk,under,Adam Larsson,2.5,draftkings,-170,120,oddsapi
2026-10-09T23:05:07Z,2026-10-09,SEA @ DET,30e778f30fcb48f94af24793f5bd201a,ags,yes,Alex DeBrincat,,draftkings,125,,oddsapi
2026-10-09T23:05:07Z,2026-10-09,SEA @ DET,30e778f30fcb48f94af24793f5bd201a,ags,yes,Dylan Larkin,,draftkings,145,,oddsapi
2026-10-09T23:05:07Z,2026-10-09,SEA @ DET,30e778f30fcb48f94af24793f5bd201a,ags,yes,Viktor Arvidsson,,draftkings,210,,oddsapi
2026-10-09T23:05:07Z,2026-10-09,SEA @ DET,30e778f30fcb48f94af24793f5bd201a,ags,yes,Lucas Raymond,,draftkings,210,,oddsapi
2026-10-09T23:05:07Z,2026-10-09,SEA @ DET,30e778f30fcb48f94af24793f5bd201a,ags,yes,Bobby McMann,,draftkings,230,,oddsapi
2026-10-09T23:05:07Z,2026-10-09,SEA @ DET,30e778f30fcb48f94af24793f5bd201a,ags,yes,Jordan Eberle,,draftkings,245,,oddsapi
2026-10-09T23:05:07Z,2026-10-09,SEA @ DET,30e778f30fcb48f94af24793f5bd201a,ags,yes,Jared McCann,,draftkings,255,,oddsapi
2026-10-09T23:05:07Z,2026-10-09,SEA @ DET,30e778f30fcb48f94af24793f5bd201a,ags,yes,Mackie Samoskevich,,draftkings,295,,oddsapi
2026-10-09T23:05:07Z,2026-10-09,SEA @ DET,30e778f30fcb48f94af24793f5bd201a,ags,yes,Shane Wright,,draftkings,340,,oddsapi
2026-10-09T23:05:07Z,2026-10-09,SEA @ DET,30e778f30fcb48f94af24793f5bd201a,ags,yes,Matty Beniers,,draftkings,370,,oddsapi
2026-10-09T23:05:07Z,2026-10-09,SEA @ DET,30e778f30fcb48f94af24793f5bd201a,ags,yes,Chandler Stephenson,,draftkings,380,,oddsapi
2026-10-09T23:05:07Z,2026-10-09,SEA @ DET,30e778f30fcb48f94af24793f5bd201a,ags,yes,Andrew Copp,,draftkings,450,,oddsapi
2026-10-09T23:05:07Z,2026-10-09,SEA @ DET,30e778f30fcb48f94af24793f5bd201a,ags,yes,Emmitt Finnie,,draftkings,450,,oddsapi
2026-10-09T23:05:07Z,2026-10-09,SEA @ DET,30e778f30fcb48f94af24793f5bd201a,ags,yes,Moritz Seider,,draftkings,475,,oddsapi
2026-10-09T23:05:07Z,2026-10-09,SEA @ DET,30e778f30fcb48f94af24793f5bd201a,ags,yes,Kaapo Kakko,,draftkings,475,,oddsapi
2026-10-09T23:05:07Z,2026-10-09,SEA @ DET,30e778f30fcb48f94af24793f5bd201a,ags,yes,Berkly Catton,,draftkings,500,,oddsapi
2026-10-09T23:05:07Z,2026-10-09,SEA @ DET,30e778f30fcb48f94af24793f5bd201a,ags,yes,Michael Brandsegg-Nygard,,draftkings,500,,oddsapi
2026-10-09T23:05:07Z,2026-10-09,SEA @ DET,30e778f30fcb48f94af24793f5bd201a,ags,yes,Justin Faulk,,draftkings,550,,oddsapi
2026-10-09T23:05:07Z,2026-10-09,SEA @ DET,30e778f30fcb48f94af24793f5bd201a,ags,yes,Brandon Montour,,draftkings,550,,oddsapi
2026-10-09T23:05:07Z,2026-10-09,SEA @ DET,30e778f30fcb48f94af24793f5bd201a,ags,yes,Vince Dunn,,draftkings,550,,oddsapi
2026-10-09T23:05:07Z,2026-10-09,SEA @ DET,30e778f30fcb48f94af24793f5bd201a,ags,yes,Michael Rasmussen,,draftkings,600,,oddsapi
2026-10-09T23:05:07Z,2026-10-09,SEA @ DET,30e778f30fcb48f94af24793f5bd201a,ags,yes,Nate Danielson,,draftkings,700,,oddsapi
2026-10-09T23:05:07Z,2026-10-09,SEA @ DET,30e778f30fcb48f94af24793f5bd201a,ags,yes,Keegan Kolesar,,draftkings,800,,oddsapi
2026-10-09T23:05:07Z,2026-10-09,SEA @ DET,30e778f30fcb48f94af24793f5bd201a,ags,yes,Ryan Winterton,,draftkings,800,,oddsapi
2026-10-09T23:05:07Z,2026-10-09,SEA @ DET,30e778f30fcb48f94af24793f5bd201a,ags,yes,Carter Mazur,,draftkings,800,,oddsapi
2026-10-09T23:05:07Z,2026-10-09,SEA @ DET,30e778f30fcb48f94af24793f5bd201a,ags,yes,Sheldon Dries,,draftkings,850,,oddsapi
2026-10-09T23:05:07Z,2026-10-09,SEA @ DET,30e778f30fcb48f94af24793f5bd201a,ags,yes,Anton Johansson,,draftkings,950,,oddsapi
2026-10-09T23:05:07Z,2026-10-09,SEA @ DET,30e778f30fcb48f94af24793f5bd201a,ags,yes,Ben Meyers,,draftkings,1000,,oddsapi
2026-10-09T23:05:07Z,2026-10-09,SEA @ DET,30e778f30fcb48f94af24793f5bd201a,ags,yes,Frederick Gaudreau,,draftkings,1000,,oddsapi
2026-10-09T23:05:07Z,2026-10-09,SEA @ DET,30e778f30fcb48f94af24793f5bd201a,ags,yes,Ryker Evans,,draftkings,1100,,oddsapi
2026-10-09T23:05:07Z,2026-10-09,SEA @ DET,30e778f30fcb48f94af24793f5bd201a,ags,yes,Albert Johansson,,draftkings,1300,,oddsapi
2026-10-09T23:05:07Z,2026-10-09,SEA @ DET,30e778f30fcb48f94af24793f5bd201a,ags,yes,Adam Larsson,,draftkings,1400,,oddsapi
2026-10-09T23:05:07Z,2026-10-09,SEA @ DET,30e778f30fcb48f94af24793f5bd201a,ags,yes,Ville Ottavainen,,draftkings,1700,,oddsapi
2026-10-09T23:05:07Z,2026-10-09,SEA @ DET,30e778f30fcb48f94af24793f5bd201a,ags,yes,Ben Chiarot,,draftkings,1800,,oddsapi
2026-10-09T23:05:07Z,2026-10-09,SEA @ DET,30e778f30fcb48f94af24793f5bd201a,ags,yes,Josh Mahura,,draftkings,2200,,oddsapi
2026-10-09T23:05:07Z,2026-10-09,SEA @ DET,30e778f30fcb48f94af24793f5bd201a,fgs,yes,Alex DeBrincat,,draftkings,900,,oddsapi
2026-10-09T23:05:07Z,2026-10-09,SEA @ DET,30e778f30fcb48f94af24793f5bd201a,fgs,yes,Dylan Larkin,,draftkings,1000,,oddsapi
2026-10-09T23:05:07Z,2026-10-09,SEA @ DET,30e778f30fcb48f94af24793f5bd201a,fgs,yes,Viktor Arvidsson,,draftkings,1300,,oddsapi
2026-10-09T23:05:07Z,2026-10-09,SEA @ DET,30e778f30fcb48f94af24793f5bd201a,fgs,yes,Lucas Raymond,,draftkings,1300,,oddsapi
2026-10-09T23:05:07Z,2026-10-09,SEA @ DET,30e778f30fcb48f94af24793f5bd201a,fgs,yes,Bobby McMann,,draftkings,1400,,oddsapi
2026-10-09T23:05:07Z,2026-10-09,SEA @ DET,30e778f30fcb48f94af24793f5bd201a,fgs,yes,Jordan Eberle,,draftkings,1500,,oddsapi
2026-10-09T23:05:07Z,2026-10-09,SEA @ DET,30e778f30fcb48f94af24793f5bd201a,fgs,yes,Jared McCann,,draftkings,1600,,oddsapi
2026-10-09T23:05:07Z,2026-10-09,SEA @ DET,30e778f30fcb48f94af24793f5bd201a,fgs,yes,Mackie Samoskevich,,draftkings,1800,,oddsapi
2026-10-09T23:05:07Z,2026-10-09,SEA @ DET,30e778f30fcb48f94af24793f5bd201a,fgs,yes,Shane Wright,,draftkings,1900,,oddsapi
2026-10-09T23:05:07Z,2026-10-09,SEA @ DET,30e778f30fcb48f94af24793f5bd201a,fgs,yes,Matty Beniers,,draftkings,2200,,oddsapi
2026-10-09T23:05:07Z,2026-10-09,SEA @ DET,30e778f30fcb48f94af24793f5bd201a,fgs,yes,Chandler Stephenson,,draftkings,2200,,oddsapi
2026-10-09T23:05:07Z,2026-10-09,SEA @ DET,30e778f30fcb48f94af24793f5bd201a,fgs,yes,Emmitt Finnie,,draftkings,2500,,oddsapi
2026-10-09T23:05:07Z,2026-10-09,SEA @ DET,30e778f30fcb48f94af24793f5bd201a,fgs,yes,Moritz Seider,,draftkings,2500,,oddsapi
2026-10-09T23:05:07Z,2026-10-09,SEA @ DET,30e778f30fcb48f94af24793f5bd201a,fgs,yes,Berkly Catton,,draftkings,2500,,oddsapi
2026-10-09T23:05:07Z,2026-10-09,SEA @ DET,30e778f30fcb48f94af24793f5bd201a,fgs,yes,Andrew Copp,,draftkings,2500,,oddsapi
2026-10-09T23:05:07Z,2026-10-09,SEA @ DET,30e778f30fcb48f94af24793f5bd201a,fgs,yes,Kaapo Kakko,,draftkings,2800,,oddsapi
2026-10-09T23:05:07Z,2026-10-09,SEA @ DET,30e778f30fcb48f94af24793f5bd201a,fgs,yes,Michael Brandsegg-Nygard,,draftkings,2800,,oddsapi
2026-10-09T23:05:07Z,2026-10-09,SEA @ DET,30e778f30fcb48f94af24793f5bd201a,fgs,yes,Justin Faulk,,draftkings,3000,,oddsapi
2026-10-09T23:05:07Z,2026-10-09,SEA @ DET,30e778f30fcb48f94af24793f5bd201a,fgs,yes,Brandon Montour,,draftkings,3000,,oddsapi
2026-10-09T23:05:07Z,2026-10-09,SEA @ DET,30e778f30fcb48f94af24793f5bd201a,fgs,yes,Vince Dunn,,draftkings,3000,,oddsapi
2026-10-09T23:05:07Z,2026-10-09,SEA @ DET,30e778f30fcb48f94af24793f5bd201a,fgs,yes,Michael Rasmussen,,draftkings,3000,,oddsapi
2026-10-09T23:05:07Z,2026-10-09,SEA @ DET,30e778f30fcb48f94af24793f5bd201a,fgs,yes,Nate Danielson,,draftkings,3500,,oddsapi
2026-10-09T23:05:07Z,2026-10-09,SEA @ DET,30e778f30fcb48f94af24793f5bd201a,fgs,yes,Keegan Kolesar,,draftkings,4000,,oddsapi
2026-10-09T23:05:07Z,2026-10-09,SEA @ DET,30e778f30fcb48f94af24793f5bd201a,fgs,yes,Ryan Winterton,,draftkings,4000,,oddsapi
2026-10-09T23:05:07Z,2026-10-09,SEA @ DET,30e778f30fcb48f94af24793f5bd201a,fgs,yes,Sheldon Dries,,draftkings,4000,,oddsapi
2026-10-09T23:05:07Z,2026-10-09,SEA @ DET,30e778f30fcb48f94af24793f5bd201a,fgs,yes,Frederick Gaudreau,,draftkings,4500,,oddsapi
2026-10-09T23:05:07Z,2026-10-09,SEA @ DET,30e778f30fcb48f94af24793f5bd201a,fgs,yes,Anton Johansson,,draftkings,4500,,oddsapi
2026-10-09T23:05:07Z,2026-10-09,SEA @ DET,30e778f30fcb48f94af24793f5bd201a,fgs,yes,Carter Mazur,,draftkings,4500,,oddsapi
2026-10-09T23:05:07Z,2026-10-09,SEA @ DET,30e778f30fcb48f94af24793f5bd201a,fgs,yes,Ben Meyers,,draftkings,5000,,oddsapi
2026-10-09T23:05:07Z,2026-10-09,SEA @ DET,30e778f30fcb48f94af24793f5bd201a,fgs,yes,Ryker Evans,,draftkings,5000,,oddsapi
2026-10-09T23:05:07Z,2026-10-09,SEA @ DET,30e778f30fcb48f94af24793f5bd201a,fgs,yes,Albert Johansson,,draftkings,6500,,oddsapi
2026-10-09T23:05:07Z,2026-10-09,SEA @ DET,30e778f30fcb48f94af24793f5bd201a,fgs,yes,Adam Larsson,,draftkings,6500,,oddsapi
2026-10-09T23:05:07Z,2026-10-09,SEA @ DET,30e778f30fcb48f94af24793f5bd201a,fgs,yes,Ben Chiarot,,draftkings,7500,,oddsapi
2026-10-09T23:05:07Z,2026-10-09,SEA @ DET,30e778f30fcb48f94af24793f5bd201a,fgs,yes,Ville Ottavainen,,draftkings,8000,,oddsapi
2026-10-09T23:05:07Z,2026-10-09,SEA @ DET,30e778f30fcb48f94af24793f5bd201a,fgs,yes,Josh Mahura,,draftkings,9000,,oddsapi
2026-10-09T23:05:07Z,2026-10-09,SEA @ DET,30e778f30fcb48f94af24793f5bd201a,lgs,yes,Alex DeBrincat,,draftkings,750,,oddsapi
2026-10-09T23:05:07Z,2026-10-09,SEA @ DET,30e778f30fcb48f94af24793f5bd201a,lgs,yes,Dylan Larkin,,draftkings,900,,oddsapi
2026-10-09T23:05:07Z,2026-10-09,SEA @ DET,30e778f30fcb48f94af24793f5bd201a,lgs,yes,Viktor Arvidsson,,draftkings,1100,,oddsapi
2026-10-09T23:05:07Z,2026-10-09,SEA @ DET,30e778f30fcb48f94af24793f5bd201a,lgs,yes,Lucas Raymond,,draftkings,1100,,oddsapi
2026-10-09T23:05:07Z,2026-10-09,SEA @ DET,30e778f30fcb48f94af24793f5bd201a,lgs,yes,Jordan Eberle,,draftkings,1300,,oddsapi
2026-10-09T23:05:07Z,2026-10-09,SEA @ DET,30e778f30fcb48f94af24793f5bd201a,lgs,yes,Jared McCann,,draftkings,1300,,oddsapi
2026-10-09T23:05:07Z,2026-10-09,SEA @ DET,30e778f30fcb48f94af24793f5bd201a,lgs,yes,Bobby McMann,,draftkings,1300,,oddsapi
2026-10-09T23:05:07Z,2026-10-09,SEA @ DET,30e778f30fcb48f94af24793f5bd201a,lgs,yes,Mackie Samoskevich,,draftkings,1500,,oddsapi
2026-10-09T23:05:07Z,2026-10-09,SEA @ DET,30e778f30fcb48f94af24793f5bd201a,lgs,yes,Shane Wright,,draftkings,1600,,oddsapi
2026-10-09T23:05:07Z,2026-10-09,SEA @ DET,30e778f30fcb48f94af24793f5bd201a,lgs,yes,Chandler Stephenson,,draftkings,1800,,oddsapi
2026-10-09T23:05:07Z,2026-10-09,SEA @ DET,30e778f30fcb48f94af24793f5bd201a,lgs,yes,Matty Beniers,,draftkings,1900,,oddsapi
2026-10-09T23:05:07Z,2026-10-09,SEA @ DET,30e778f30fcb48f94af24793f5bd201a,lgs,yes,Justin Faulk,,draftkings,2000,,oddsapi
2026-10-09T23:05:07Z,2026-10-09,SEA @ DET,30e778f30fcb48f94af24793f5bd201a,lgs,yes,Kaapo Kakko,,draftkings,2000,,oddsapi
2026-10-09T23:05:07Z,2026-10-09,SEA @ DET,30e778f30fcb48f94af24793f5bd201a,lgs,yes,Michael Brandsegg-Nygard,,draftkings,2000,,oddsapi
2026-10-09T23:05:07Z,2026-10-09,SEA @ DET,30e778f30fcb48f94af24793f5bd201a,lgs,yes,Andrew Copp,,draftkings,2000,,oddsapi
2026-10-09T23:05:07Z,2026-10-09,SEA @ DET,30e778f30fcb48f94af24793f5bd201a,lgs,yes,Emmitt Finnie,,draftkings,2000,,oddsapi
2026-10-09T23:05:07Z,2026-10-09,SEA @ DET,30e778f30fcb48f94af24793f5bd201a,lgs,yes,Moritz Seider,,draftkings,2200,,oddsapi
2026-10-09T23:05:07Z,2026-10-09,SEA @ DET,30e778f30fcb48f94af24793f5bd201a,lgs,yes,Brandon Montour,,draftkings,2200,,oddsapi
2026-10-09T23:05:07Z,2026-10-09,SEA @ DET,30e778f30fcb48f94af24793f5bd201a,lgs,yes,Vince Dunn,,draftkings,2500,,oddsapi
2026-10-09T23:05:07Z,2026-10-09,SEA @ DET,30e778f30fcb48f94af24793f5bd201a,lgs,yes,Berkly Catton,,draftkings,2500,,oddsapi
2026-10-09T23:05:07Z,2026-10-09,SEA @ DET,30e778f30fcb48f94af24793f5bd201a,lgs,yes,Michael Rasmussen,,draftkings,2500,,oddsapi
2026-10-09T23:05:07Z,2026-10-09,SEA @ DET,30e778f30fcb48f94af24793f5bd201a,lgs,yes,Keegan Kolesar,,draftkings,2800,,oddsapi
2026-10-09T23:05:07Z,2026-10-09,SEA @ DET,30e778f30fcb48f94af24793f5bd201a,lgs,yes,Carter Mazur,,draftkings,2800,,oddsapi
2026-10-09T23:05:07Z,2026-10-09,SEA @ DET,30e778f30fcb48f94af24793f5bd201a,lgs,yes,Nate Danielson,,draftkings,2800,,oddsapi
2026-10-09T23:05:07Z,2026-10-09,SEA @ DET,30e778f30fcb48f94af24793f5bd201a,lgs,yes,Anton Johansson,,draftkings,3000,,oddsapi
2026-10-09T23:05:07Z,2026-10-09,SEA @ DET,30e778f30fcb48f94af24793f5bd201a,lgs,yes,Ryan Winterton,,draftkings,3000,,oddsapi
2026-10-09T23:05:07Z,2026-10-09,SEA @ DET,30e778f30fcb48f94af24793f5bd201a,lgs,yes,Sheldon Dries,,draftkings,3000,,oddsapi
2026-10-09T23:05:07Z,2026-10-09,SEA @ DET,30e778f30fcb48f94af24793f5bd201a,lgs,yes,Ben Meyers,,draftkings,3500,,oddsapi
2026-10-09T23:05:07Z,2026-10-09,SEA @ DET,30e778f30fcb48f94af24793f5bd201a,lgs,yes,Ryker Evans,,draftkings,3500,,oddsapi
2026-10-09T23:05:07Z,2026-10-09,SEA @ DET,30e778f30fcb48f94af24793f5bd201a,lgs,yes,Frederick Gaudreau,,draftkings,4000,,oddsapi
2026-10-09T23:05:07Z,2026-10-09,SEA @ DET,30e778f30fcb48f94af24793f5bd201a,lgs,yes,Albert Johansson,,draftkings,4000,,oddsapi
2026-10-09T23:05:07Z,2026-10-09,SEA @ DET,30e778f30fcb48f94af24793f5bd201a,lgs,yes,Ville Ottavainen,,draftkings,4500,,oddsapi
2026-10-09T23:05:07Z,2026-10-09,SEA @ DET,30e778f30fcb48f94af24793f5bd201a,lgs,yes,Ben Chiarot,,draftkings,4500,,oddsapi
2026-10-09T23:05:07Z,2026-10-09,SEA @ DET,30e778f30fcb48f94af24793f5bd201a,lgs,yes,Adam Larsson,,draftkings,4500,,oddsapi
2026-10-09T23:05:07Z,2026-10-09,SEA @ DET,30e778f30fcb48f94af24793f5bd201a,lgs,yes,Josh Mahura,,draftkings,5500,,oddsapi
2026-10-09T23:05:07Z,2026-10-09,SEA @ DET,30e778f30fcb48f94af24793f5bd201a,sk_pts,over,Alex DeBrincat,0.5,draftkings,-215,155,oddsapi
2026-10-09T23:05:07Z,2026-10-09,SEA @ DET,30e778f30fcb48f94af24793f5bd201a,sk_pts,under,Alex DeBrincat,0.5,draftkings,155,-215,oddsapi
2026-10-09T23:05:07Z,2026-10-09,SEA @ DET,30e778f30fcb48f94af24793f5bd201a,sk_pts,over,Dylan Larkin,0.5,draftkings,-195,140,oddsapi
2026-10-09T23:05:07Z,2026-10-09,SEA @ DET,30e778f30fcb48f94af24793f5bd201a,sk_pts,under,Dylan Larkin,0.5,draftkings,140,-195,oddsapi
2026-10-09T23:05:07Z,2026-10-09,SEA @ DET,30e778f30fcb48f94af24793f5bd201a,sk_pts,over,Lucas Raymond,0.5,draftkings,-175,130,oddsapi
2026-10-09T23:05:07Z,2026-10-09,SEA @ DET,30e778f30fcb48f94af24793f5bd201a,sk_pts,under,Lucas Raymond,0.5,draftkings,130,-175,oddsapi
2026-10-09T23:05:07Z,2026-10-09,SEA @ DET,30e778f30fcb48f94af24793f5bd201a,sk_pts,over,Viktor Arvidsson,0.5,draftkings,-140,105,oddsapi
2026-10-09T23:05:07Z,2026-10-09,SEA @ DET,30e778f30fcb48f94af24793f5bd201a,sk_pts,under,Viktor Arvidsson,0.5,draftkings,105,-140,oddsapi
2026-10-09T23:05:07Z,2026-10-09,SEA @ DET,30e778f30fcb48f94af24793f5bd201a,sk_pts,over,Moritz Seider,0.5,draftkings,-135,100,oddsapi
2026-10-09T23:05:07Z,2026-10-09,SEA @ DET,30e778f30fcb48f94af24793f5bd201a,sk_pts,under,Moritz Seider,0.5,draftkings,100,-135,oddsapi
2026-10-09T23:05:07Z,2026-10-09,SEA @ DET,30e778f30fcb48f94af24793f5bd201a,sk_pts,over,Jared McCann,0.5,draftkings,-125,-105,oddsapi
2026-10-09T23:05:07Z,2026-10-09,SEA @ DET,30e778f30fcb48f94af24793f5bd201a,sk_pts,under,Jared McCann,0.5,draftkings,-105,-125,oddsapi
2026-10-09T23:05:07Z,2026-10-09,SEA @ DET,30e778f30fcb48f94af24793f5bd201a,sk_pts,over,Jordan Eberle,0.5,draftkings,-120,-110,oddsapi
2026-10-09T23:05:07Z,2026-10-09,SEA @ DET,30e778f30fcb48f94af24793f5bd201a,sk_pts,under,Jordan Eberle,0.5,draftkings,-110,-120,oddsapi
2026-10-09T23:05:07Z,2026-10-09,SEA @ DET,30e778f30fcb48f94af24793f5bd201a,sk_pts,over,Chandler Stephenson,0.5,draftkings,105,-145,oddsapi
2026-10-09T23:05:07Z,2026-10-09,SEA @ DET,30e778f30fcb48f94af24793f5bd201a,sk_pts,under,Chandler Stephenson,0.5,draftkings,-145,105,oddsapi
2026-10-09T23:05:07Z,2026-10-09,SEA @ DET,30e778f30fcb48f94af24793f5bd201a,sk_pts,over,Vince Dunn,0.5,draftkings,105,-145,oddsapi
2026-10-09T23:05:07Z,2026-10-09,SEA @ DET,30e778f30fcb48f94af24793f5bd201a,sk_pts,under,Vince Dunn,0.5,draftkings,-145,105,oddsapi
2026-10-09T23:05:07Z,2026-10-09,SEA @ DET,30e778f30fcb48f94af24793f5bd201a,sk_pts,over,Matty Beniers,0.5,draftkings,110,-150,oddsapi
2026-10-09T23:05:07Z,2026-10-09,SEA @ DET,30e778f30fcb48f94af24793f5bd201a,sk_pts,under,Matty Beniers,0.5,draftkings,-150,110,oddsapi
2026-10-09T23:05:07Z,2026-10-09,SEA @ DET,30e778f30fcb48f94af24793f5bd201a,sk_pts,over,Bobby McMann,0.5,draftkings,115,-155,oddsapi
2026-10-09T23:05:07Z,2026-10-09,SEA @ DET,30e778f30fcb48f94af24793f5bd201a,sk_pts,under,Bobby McMann,0.5,draftkings,-155,115,oddsapi
2026-10-09T23:05:07Z,2026-10-09,SEA @ DET,30e778f30fcb48f94af24793f5bd201a,sk_pts,over,Brandon Montour,0.5,draftkings,135,-185,oddsapi
2026-10-09T23:05:07Z,2026-10-09,SEA @ DET,30e778f30fcb48f94af24793f5bd201a,sk_pts,under,Brandon Montour,0.5,draftkings,-185,135,oddsapi
2026-10-09T23:05:07Z,2026-10-09,SEA @ DET,30e778f30fcb48f94af24793f5bd201a,sk_pts,over,Kaapo Kakko,0.5,draftkings,135,-185,oddsapi
2026-10-09T23:05:07Z,2026-10-09,SEA @ DET,30e778f30fcb48f94af24793f5bd201a,sk_pts,under,Kaapo Kakko,0.5,draftkings,-185,135,oddsapi
2026-10-09T23:05:07Z,2026-10-09,SEA @ DET,30e778f30fcb48f94af24793f5bd201a,sk_pts,over,Mackie Samoskevich,0.5,draftkings,135,-185,oddsapi
2026-10-09T23:05:07Z,2026-10-09,SEA @ DET,30e778f30fcb48f94af24793f5bd201a,sk_pts,under,Mackie Samoskevich,0.5,draftkings,-185,135,oddsapi
2026-10-09T23:05:07Z,2026-10-09,SEA @ DET,30e778f30fcb48f94af24793f5bd201a,sk_pts,over,Andrew Copp,0.5,draftkings,145,-195,oddsapi
2026-10-09T23:05:07Z,2026-10-09,SEA @ DET,30e778f30fcb48f94af24793f5bd201a,sk_pts,under,Andrew Copp,0.5,draftkings,-195,145,oddsapi
2026-10-09T23:05:07Z,2026-10-09,SEA @ DET,30e778f30fcb48f94af24793f5bd201a,sk_pts,over,Shane Wright,0.5,draftkings,145,-195,oddsapi
2026-10-09T23:05:07Z,2026-10-09,SEA @ DET,30e778f30fcb48f94af24793f5bd201a,sk_pts,under,Shane Wright,0.5,draftkings,-195,145,oddsapi
2026-10-09T23:05:07Z,2026-10-09,SEA @ DET,30e778f30fcb48f94af24793f5bd201a,sk_pts,over,Justin Faulk,0.5,draftkings,150,-205,oddsapi
2026-10-09T23:05:07Z,2026-10-09,SEA @ DET,30e778f30fcb48f94af24793f5bd201a,sk_pts,under,Justin Faulk,0.5,draftkings,-205,150,oddsapi
2026-10-09T23:05:07Z,2026-10-09,SEA @ DET,30e778f30fcb48f94af24793f5bd201a,sk_pts,over,Emmitt Finnie,0.5,draftkings,160,-220,oddsapi
2026-10-09T23:05:07Z,2026-10-09,SEA @ DET,30e778f30fcb48f94af24793f5bd201a,sk_pts,under,Emmitt Finnie,0.5,draftkings,-220,160,oddsapi
2026-10-09T23:05:07Z,2026-10-09,SEA @ DET,30e778f30fcb48f94af24793f5bd201a,sk_pts,over,Berkly Catton,0.5,draftkings,195,-270,oddsapi
2026-10-09T23:05:07Z,2026-10-09,SEA @ DET,30e778f30fcb48f94af24793f5bd201a,sk_pts,under,Berkly Catton,0.5,draftkings,-270,195,oddsapi
2026-10-09T23:05:07Z,2026-10-09,SEA @ DET,30e778f30fcb48f94af24793f5bd201a,sk_sog,over,Alex DeBrincat,3.5,draftkings,100,-140,oddsapi
2026-10-09T23:05:07Z,2026-10-09,SEA @ DET,30e778f30fcb48f94af24793f5bd201a,sk_sog,under,Alex DeBrincat,3.5,draftkings,-140,100,oddsapi
2026-10-09T23:05:07Z,2026-10-09,SEA @ DET,30e778f30fcb48f94af24793f5bd201a,sk_sog,over,Dylan Larkin,2.5,draftkings,-155,115,oddsapi
2026-10-09T23:05:07Z,2026-10-09,SEA @ DET,30e778f30fcb48f94af24793f5bd201a,sk_sog,under,Dylan Larkin,2.5,draftkings,115,-155,oddsapi
2026-10-09T23:05:07Z,2026-10-09,SEA @ DET,30e778f30fcb48f94af24793f5bd201a,sk_sog,over,Viktor Arvidsson,2.5,draftkings,-130,-105,oddsapi
2026-10-09T23:05:07Z,2026-10-09,SEA @ DET,30e778f30fcb48f94af24793f5bd201a,sk_sog,under,Viktor Arvidsson,2.5,draftkings,-105,-130,oddsapi
2026-10-09T23:05:07Z,2026-10-09,SEA @ DET,30e778f30fcb48f94af24793f5bd201a,sk_sog,over,Bobby McMann,2.5,draftkings,105,-145,oddsapi
2026-10-09T23:05:07Z,2026-10-09,SEA @ DET,30e778f30fcb48f94af24793f5bd201a,sk_sog,under,Bobby McMann,2.5,draftkings,-145,105,oddsapi
2026-10-09T23:05:07Z,2026-10-09,SEA @ DET,30e778f30fcb48f94af24793f5bd201a,sk_sog,over,Lucas Raymond,2.5,draftkings,105,-140,oddsapi
2026-10-09T23:05:07Z,2026-10-09,SEA @ DET,30e778f30fcb48f94af24793f5bd201a,sk_sog,under,Lucas Raymond,2.5,draftkings,-140,105,oddsapi
2026-10-09T23:05:07Z,2026-10-09,SEA @ DET,30e778f30fcb48f94af24793f5bd201a,sk_sog,over,Brandon Montour,2.5,draftkings,110,-150,oddsapi
2026-10-09T23:05:07Z,2026-10-09,SEA @ DET,30e778f30fcb48f94af24793f5bd201a,sk_sog,under,Brandon Montour,2.5,draftkings,-150,110,oddsapi
2026-10-09T23:05:07Z,2026-10-09,SEA @ DET,30e778f30fcb48f94af24793f5bd201a,sk_sog,over,Moritz Seider,2.5,draftkings,125,-170,oddsapi
2026-10-09T23:05:07Z,2026-10-09,SEA @ DET,30e778f30fcb48f94af24793f5bd201a,sk_sog,under,Moritz Seider,2.5,draftkings,-170,125,oddsapi
2026-10-09T23:05:07Z,2026-10-09,SEA @ DET,30e778f30fcb48f94af24793f5bd201a,sk_sog,over,Vince Dunn,2.5,draftkings,145,-195,oddsapi
2026-10-09T23:05:07Z,2026-10-09,SEA @ DET,30e778f30fcb48f94af24793f5bd201a,sk_sog,under,Vince Dunn,2.5,draftkings,-195,145,oddsapi
2026-10-09T23:05:07Z,2026-10-09,SEA @ DET,30e778f30fcb48f94af24793f5bd201a,sk_sog,over,Jared McCann,1.5,draftkings,-195,145,oddsapi
2026-10-09T23:05:07Z,2026-10-09,SEA @ DET,30e778f30fcb48f94af24793f5bd201a,sk_sog,under,Jared McCann,1.5,draftkings,145,-195,oddsapi
2026-10-09T23:05:07Z,2026-10-09,SEA @ DET,30e778f30fcb48f94af24793f5bd201a,sk_sog,over,Mackie Samoskevich,1.5,draftkings,-155,115,oddsapi
2026-10-09T23:05:07Z,2026-10-09,SEA @ DET,30e778f30fcb48f94af24793f5bd201a,sk_sog,under,Mackie Samoskevich,1.5,draftkings,115,-155,oddsapi
2026-10-09T23:05:07Z,2026-10-09,SEA @ DET,30e778f30fcb48f94af24793f5bd201a,sk_sog,over,Andrew Copp,1.5,draftkings,-130,-105,oddsapi
2026-10-09T23:05:07Z,2026-10-09,SEA @ DET,30e778f30fcb48f94af24793f5bd201a,sk_sog,under,Andrew Copp,1.5,draftkings,-105,-130,oddsapi
2026-10-09T23:05:07Z,2026-10-09,SEA @ DET,30e778f30fcb48f94af24793f5bd201a,sk_sog,over,Justin Faulk,1.5,draftkings,-130,-105,oddsapi
2026-10-09T23:05:07Z,2026-10-09,SEA @ DET,30e778f30fcb48f94af24793f5bd201a,sk_sog,under,Justin Faulk,1.5,draftkings,-105,-130,oddsapi
2026-10-09T23:05:07Z,2026-10-09,SEA @ DET,30e778f30fcb48f94af24793f5bd201a,sk_sog,over,Jordan Eberle,1.5,draftkings,-125,-105,oddsapi
2026-10-09T23:05:07Z,2026-10-09,SEA @ DET,30e778f30fcb48f94af24793f5bd201a,sk_sog,under,Jordan Eberle,1.5,draftkings,-105,-125,oddsapi
2026-10-09T23:05:07Z,2026-10-09,SEA @ DET,30e778f30fcb48f94af24793f5bd201a,sk_sog,over,Emmitt Finnie,1.5,draftkings,-120,-110,oddsapi
2026-10-09T23:05:07Z,2026-10-09,SEA @ DET,30e778f30fcb48f94af24793f5bd201a,sk_sog,under,Emmitt Finnie,1.5,draftkings,-110,-120,oddsapi
2026-10-09T23:05:07Z,2026-10-09,SEA @ DET,30e778f30fcb48f94af24793f5bd201a,sk_sog,over,Berkly Catton,1.5,draftkings,-115,-120,oddsapi
2026-10-09T23:05:07Z,2026-10-09,SEA @ DET,30e778f30fcb48f94af24793f5bd201a,sk_sog,under,Berkly Catton,1.5,draftkings,-120,-115,oddsapi
2026-10-09T23:05:07Z,2026-10-09,SEA @ DET,30e778f30fcb48f94af24793f5bd201a,sk_sog,over,Matty Beniers,1.5,draftkings,-110,-120,oddsapi
2026-10-09T23:05:07Z,2026-10-09,SEA @ DET,30e778f30fcb48f94af24793f5bd201a,sk_sog,under,Matty Beniers,1.5,draftkings,-120,-110,oddsapi
2026-10-09T23:05:07Z,2026-10-09,SEA @ DET,30e778f30fcb48f94af24793f5bd201a,sk_sog,over,Ryan Winterton,1.5,draftkings,110,-150,oddsapi
2026-10-09T23:05:07Z,2026-10-09,SEA @ DET,30e778f30fcb48f94af24793f5bd201a,sk_sog,under,Ryan Winterton,1.5,draftkings,-150,110,oddsapi
2026-10-09T23:05:07Z,2026-10-09,SEA @ DET,30e778f30fcb48f94af24793f5bd201a,sk_sog,over,Shane Wright,1.5,draftkings,110,-150,oddsapi
2026-10-09T23:05:07Z,2026-10-09,SEA @ DET,30e778f30fcb48f94af24793f5bd201a,sk_sog,under,Shane Wright,1.5,draftkings,-150,110,oddsapi
2026-10-09T23:05:07Z,2026-10-09,SEA @ DET,30e778f30fcb48f94af24793f5bd201a,g_saves,over,Philipp Grubauer,26.5,draftkings,-125,-105,oddsapi
2026-10-09T23:05:07Z,2026-10-09,SEA @ DET,30e778f30fcb48f94af24793f5bd201a,g_saves,under,Philipp Grubauer,26.5,draftkings,-105,-125,oddsapi
2026-10-09T23:05:07Z,2026-10-09,SEA @ DET,30e778f30fcb48f94af24793f5bd201a,g_saves,over,John Gibson,22.5,draftkings,-130,-105,oddsapi
2026-10-09T23:05:07Z,2026-10-09,SEA @ DET,30e778f30fcb48f94af24793f5bd201a,g_saves,under,John Gibson,22.5,draftkings,-105,-130,oddsapi
2026-10-09T23:05:07Z,2026-10-09,SEA @ DET,30e778f30fcb48f94af24793f5bd201a,p1_pl,DET,,-0.5,draftkings,154,-200,oddsapi
2026-10-09T23:05:07Z,2026-10-09,SEA @ DET,30e778f30fcb48f94af24793f5bd201a,p1_pl,SEA,,0.5,draftkings,-200,154,oddsapi
2026-10-09T23:05:07Z,2026-10-09,SEA @ DET,30e778f30fcb48f94af24793f5bd201a,p2_pl,DET,,-0.5,draftkings,145,-188,oddsapi
2026-10-09T23:05:07Z,2026-10-09,SEA @ DET,30e778f30fcb48f94af24793f5bd201a,p2_pl,SEA,,0.5,draftkings,-188,145,oddsapi
2026-10-09T23:05:07Z,2026-10-09,SEA @ DET,30e778f30fcb48f94af24793f5bd201a,p3_pl,DET,,-0.5,draftkings,130,-166,oddsapi
2026-10-09T23:05:07Z,2026-10-09,SEA @ DET,30e778f30fcb48f94af24793f5bd201a,p3_pl,SEA,,0.5,draftkings,-166,130,oddsapi
2026-10-09T23:05:07Z,2026-10-09,SEA @ DET,30e778f30fcb48f94af24793f5bd201a,p1_team_total,over,DET,0.5,draftkings,-175,135,oddsapi
2026-10-09T23:05:07Z,2026-10-09,SEA @ DET,30e778f30fcb48f94af24793f5bd201a,p1_team_total,under,DET,0.5,draftkings,135,-175,oddsapi
2026-10-09T23:05:07Z,2026-10-09,SEA @ DET,30e778f30fcb48f94af24793f5bd201a,p1_team_total,over,SEA,0.5,draftkings,-155,115,oddsapi
2026-10-09T23:05:07Z,2026-10-09,SEA @ DET,30e778f30fcb48f94af24793f5bd201a,p1_team_total,under,SEA,0.5,draftkings,115,-155,oddsapi
2026-10-09T23:05:07Z,2026-10-09,SEA @ DET,30e778f30fcb48f94af24793f5bd201a,p1_total,over,,1.5,draftkings,-130,100,oddsapi
2026-10-09T23:05:07Z,2026-10-09,SEA @ DET,30e778f30fcb48f94af24793f5bd201a,p1_total,under,,1.5,draftkings,100,-130,oddsapi
2026-10-09T23:05:07Z,2026-10-09,SEA @ DET,30e778f30fcb48f94af24793f5bd201a,p2_total,over,,1.5,draftkings,-166,130,oddsapi
2026-10-09T23:05:07Z,2026-10-09,SEA @ DET,30e778f30fcb48f94af24793f5bd201a,p2_total,under,,1.5,draftkings,130,-166,oddsapi
2026-10-09T23:05:07Z,2026-10-09,SEA @ DET,30e778f30fcb48f94af24793f5bd201a,p3_total,over,,2.5,draftkings,150,-195,oddsapi
2026-10-09T23:05:07Z,2026-10-09,SEA @ DET,30e778f30fcb48f94af24793f5bd201a,p3_total,under,,2.5,draftkings,-195,150,oddsapi
2026-10-09T23:05:07Z,2026-10-09,SEA @ DET,30e778f30fcb48f94af24793f5bd201a,game_ml3,DET,,,fanatics,100,,oddsapi
2026-10-09T23:05:07Z,2026-10-09,SEA @ DET,30e778f30fcb48f94af24793f5bd201a,game_ml3,SEA,,,fanatics,190,,oddsapi
2026-10-09T23:05:07Z,2026-10-09,SEA @ DET,30e778f30fcb48f94af24793f5bd201a,game_ml3,draw,,,fanatics,280,,oddsapi
2026-10-09T23:05:07Z,2026-10-09,SEA @ DET,30e778f30fcb48f94af24793f5bd201a,ags,yes,Nate Danielson,,fanatics,650,,oddsapi
2026-10-09T23:05:07Z,2026-10-09,SEA @ DET,30e778f30fcb48f94af24793f5bd201a,ags,yes,Ben Chiarot,,fanatics,2200,,oddsapi
2026-10-09T23:05:07Z,2026-10-09,SEA @ DET,30e778f30fcb48f94af24793f5bd201a,ags,yes,Andrew Copp,,fanatics,430,,oddsapi
2026-10-09T23:05:07Z,2026-10-09,SEA @ DET,30e778f30fcb48f94af24793f5bd201a,ags,yes,Lucas Raymond,,fanatics,200,,oddsapi
2026-10-09T23:05:07Z,2026-10-09,SEA @ DET,30e778f30fcb48f94af24793f5bd201a,ags,yes,Moritz Seider,,fanatics,475,,oddsapi
2026-10-09T23:05:07Z,2026-10-09,SEA @ DET,30e778f30fcb48f94af24793f5bd201a,ags,yes,Dylan Larkin,,fanatics,145,,oddsapi
2026-10-09T23:05:07Z,2026-10-09,SEA @ DET,30e778f30fcb48f94af24793f5bd201a,ags,yes,Alex DeBrincat,,fanatics,125,,oddsapi
2026-10-09T23:05:07Z,2026-10-09,SEA @ DET,30e778f30fcb48f94af24793f5bd201a,ags,yes,Justin Faulk,,fanatics,600,,oddsapi
2026-10-09T23:05:07Z,2026-10-09,SEA @ DET,30e778f30fcb48f94af24793f5bd201a,ags,yes,Keegan Kolesar,,fanatics,800,,oddsapi
2026-10-09T23:05:07Z,2026-10-09,SEA @ DET,30e778f30fcb48f94af24793f5bd201a,ags,yes,Viktor Arvidsson,,fanatics,185,,oddsapi
2026-10-09T23:05:07Z,2026-10-09,SEA @ DET,30e778f30fcb48f94af24793f5bd201a,ags,yes,Michael Rasmussen,,fanatics,600,,oddsapi
2026-10-09T23:05:07Z,2026-10-09,SEA @ DET,30e778f30fcb48f94af24793f5bd201a,ags,yes,Albert Johansson,,fanatics,1100,,oddsapi
2026-10-09T23:05:07Z,2026-10-09,SEA @ DET,30e778f30fcb48f94af24793f5bd201a,ags,yes,Carter Mazur,,fanatics,800,,oddsapi
2026-10-09T23:05:07Z,2026-10-09,SEA @ DET,30e778f30fcb48f94af24793f5bd201a,ags,yes,Emmitt Finnie,,fanatics,410,,oddsapi
2026-10-09T23:05:07Z,2026-10-09,SEA @ DET,30e778f30fcb48f94af24793f5bd201a,ags,yes,Michael Brandsegg-Nygard,,fanatics,410,,oddsapi
2026-10-09T23:05:07Z,2026-10-09,SEA @ DET,30e778f30fcb48f94af24793f5bd201a,ags,yes,Anton Johansson,,fanatics,1200,,oddsapi
2026-10-09T23:05:07Z,2026-10-09,SEA @ DET,30e778f30fcb48f94af24793f5bd201a,ags,yes,Sheldon Dries,,fanatics,850,,oddsapi
2026-10-09T23:05:07Z,2026-10-09,SEA @ DET,30e778f30fcb48f94af24793f5bd201a,ags,yes,Mackie Samoskevich,,fanatics,285,,oddsapi
2026-10-09T23:05:07Z,2026-10-09,SEA @ DET,30e778f30fcb48f94af24793f5bd201a,ags,yes,Brandon Montour,,fanatics,575,,oddsapi
2026-10-09T23:05:07Z,2026-10-09,SEA @ DET,30e778f30fcb48f94af24793f5bd201a,ags,yes,Ben Meyers,,fanatics,1000,,oddsapi
2026-10-09T23:05:07Z,2026-10-09,SEA @ DET,30e778f30fcb48f94af24793f5bd201a,ags,yes,Kaapo Kakko,,fanatics,475,,oddsapi
2026-10-09T23:05:07Z,2026-10-09,SEA @ DET,30e778f30fcb48f94af24793f5bd201a,ags,yes,Chandler Stephenson,,fanatics,390,,oddsapi
2026-10-09T23:05:07Z,2026-10-09,SEA @ DET,30e778f30fcb48f94af24793f5bd201a,ags,yes,Adam Larsson,,fanatics,1400,,oddsapi
2026-10-09T23:05:07Z,2026-10-09,SEA @ DET,30e778f30fcb48f94af24793f5bd201a,ags,yes,Jordan Eberle,,fanatics,260,,oddsapi
2026-10-09T23:05:07Z,2026-10-09,SEA @ DET,30e778f30fcb48f94af24793f5bd201a,ags,yes,Matty Beniers,,fanatics,350,,oddsapi
2026-10-09T23:05:07Z,2026-10-09,SEA @ DET,30e778f30fcb48f94af24793f5bd201a,ags,yes,Jared McCann,,fanatics,250,,oddsapi
2026-10-09T23:05:07Z,2026-10-09,SEA @ DET,30e778f30fcb48f94af24793f5bd201a,ags,yes,Vince Dunn,,fanatics,575,,oddsapi
2026-10-09T23:05:07Z,2026-10-09,SEA @ DET,30e778f30fcb48f94af24793f5bd201a,ags,yes,Bobby McMann,,fanatics,250,,oddsapi
2026-10-09T23:05:07Z,2026-10-09,SEA @ DET,30e778f30fcb48f94af24793f5bd201a,ags,yes,Ryker Evans,,fanatics,1200,,oddsapi
2026-10-09T23:05:07Z,2026-10-09,SEA @ DET,30e778f30fcb48f94af24793f5bd201a,ags,yes,Shane Wright,,fanatics,390,,oddsapi
2026-10-09T23:05:07Z,2026-10-09,SEA @ DET,30e778f30fcb48f94af24793f5bd201a,ags,yes,Ryan Winterton,,fanatics,800,,oddsapi
2026-10-09T23:05:07Z,2026-10-09,SEA @ DET,30e778f30fcb48f94af24793f5bd201a,ags,yes,Berkly Catton,,fanatics,500,,oddsapi
2026-10-09T23:05:07Z,2026-10-09,SEA @ DET,30e778f30fcb48f94af24793f5bd201a,ags,yes,Ryan Lindgren,,fanatics,2800,,oddsapi
2026-10-09T23:05:07Z,2026-10-09,SEA @ DET,30e778f30fcb48f94af24793f5bd201a,ags,yes,Cale Fleury,,fanatics,2800,,oddsapi
2026-10-09T23:05:07Z,2026-10-09,SEA @ DET,30e778f30fcb48f94af24793f5bd201a,ags,yes,Ville Ottavainen,,fanatics,2500,,oddsapi
2026-10-09T23:05:07Z,2026-10-09,SEA @ DET,30e778f30fcb48f94af24793f5bd201a,fgs,yes,Nate Danielson,,fanatics,2800,,oddsapi
2026-10-09T23:05:07Z,2026-10-09,SEA @ DET,30e778f30fcb48f94af24793f5bd201a,fgs,yes,Ben Chiarot,,fanatics,9000,,oddsapi
2026-10-09T23:05:07Z,2026-10-09,SEA @ DET,30e778f30fcb48f94af24793f5bd201a,fgs,yes,Andrew Copp,,fanatics,2200,,oddsapi
2026-10-09T23:05:07Z,2026-10-09,SEA @ DET,30e778f30fcb48f94af24793f5bd201a,fgs,yes,Lucas Raymond,,fanatics,1100,,oddsapi
2026-10-09T23:05:07Z,2026-10-09,SEA @ DET,30e778f30fcb48f94af24793f5bd201a,fgs,yes,Moritz Seider,,fanatics,2200,,oddsapi
2026-10-09T23:05:07Z,2026-10-09,SEA @ DET,30e778f30fcb48f94af24793f5bd201a,fgs,yes,Dylan Larkin,,fanatics,900,,oddsapi
2026-10-09T23:05:07Z,2026-10-09,SEA @ DET,30e778f30fcb48f94af24793f5bd201a,fgs,yes,Alex DeBrincat,,fanatics,800,,oddsapi
2026-10-09T23:05:07Z,2026-10-09,SEA @ DET,30e778f30fcb48f94af24793f5bd201a,fgs,yes,Justin Faulk,,fanatics,2800,,oddsapi
2026-10-09T23:05:07Z,2026-10-09,SEA @ DET,30e778f30fcb48f94af24793f5bd201a,fgs,yes,Keegan Kolesar,,fanatics,3500,,oddsapi
2026-10-09T23:05:07Z,2026-10-09,SEA @ DET,30e778f30fcb48f94af24793f5bd201a,fgs,yes,Viktor Arvidsson,,fanatics,1000,,oddsapi
2026-10-09T23:05:07Z,2026-10-09,SEA @ DET,30e778f30fcb48f94af24793f5bd201a,fgs,yes,Michael Rasmussen,,fanatics,2800,,oddsapi
2026-10-09T23:05:07Z,2026-10-09,SEA @ DET,30e778f30fcb48f94af24793f5bd201a,fgs,yes,Albert Johansson,,fanatics,4500,,oddsapi
2026-10-09T23:05:07Z,2026-10-09,SEA @ DET,30e778f30fcb48f94af24793f5bd201a,fgs,yes,Carter Mazur,,fanatics,4000,,oddsapi
2026-10-09T23:05:07Z,2026-10-09,SEA @ DET,30e778f30fcb48f94af24793f5bd201a,fgs,yes,Emmitt Finnie,,fanatics,1900,,oddsapi
2026-10-09T23:05:07Z,2026-10-09,SEA @ DET,30e778f30fcb48f94af24793f5bd201a,fgs,yes,Michael Brandsegg-Nygard,,fanatics,1900,,oddsapi
2026-10-09T23:05:07Z,2026-10-09,SEA @ DET,30e778f30fcb48f94af24793f5bd201a,fgs,yes,Anton Johansson,,fanatics,5000,,oddsapi
2026-10-09T23:05:07Z,2026-10-09,SEA @ DET,30e778f30fcb48f94af24793f5bd201a,fgs,yes,Sheldon Dries,,fanatics,3500,,oddsapi
2026-10-09T23:05:07Z,2026-10-09,SEA @ DET,30e778f30fcb48f94af24793f5bd201a,fgs,yes,Mackie Samoskevich,,fanatics,1500,,oddsapi
2026-10-09T23:05:07Z,2026-10-09,SEA @ DET,30e778f30fcb48f94af24793f5bd201a,fgs,yes,Brandon Montour,,fanatics,2500,,oddsapi
2026-10-09T23:05:07Z,2026-10-09,SEA @ DET,30e778f30fcb48f94af24793f5bd201a,fgs,yes,Ben Meyers,,fanatics,4500,,oddsapi
2026-10-09T23:05:07Z,2026-10-09,SEA @ DET,30e778f30fcb48f94af24793f5bd201a,fgs,yes,Kaapo Kakko,,fanatics,2200,,oddsapi
2026-10-09T23:05:07Z,2026-10-09,SEA @ DET,30e778f30fcb48f94af24793f5bd201a,fgs,yes,Chandler Stephenson,,fanatics,1900,,oddsapi
2026-10-09T23:05:07Z,2026-10-09,SEA @ DET,30e778f30fcb48f94af24793f5bd201a,fgs,yes,Adam Larsson,,fanatics,6000,,oddsapi
2026-10-09T23:05:07Z,2026-10-09,SEA @ DET,30e778f30fcb48f94af24793f5bd201a,fgs,yes,Jordan Eberle,,fanatics,1300,,oddsapi
2026-10-09T23:05:07Z,2026-10-09,SEA @ DET,30e778f30fcb48f94af24793f5bd201a,fgs,yes,Matty Beniers,,fanatics,1700,,oddsapi
2026-10-09T23:05:07Z,2026-10-09,SEA @ DET,30e778f30fcb48f94af24793f5bd201a,fgs,yes,Jared McCann,,fanatics,1300,,oddsapi
2026-10-09T23:05:07Z,2026-10-09,SEA @ DET,30e778f30fcb48f94af24793f5bd201a,fgs,yes,Vince Dunn,,fanatics,2800,,oddsapi
2026-10-09T23:05:07Z,2026-10-09,SEA @ DET,30e778f30fcb48f94af24793f5bd201a,fgs,yes,Bobby McMann,,fanatics,1300,,oddsapi
2026-10-09T23:05:07Z,2026-10-09,SEA @ DET,30e778f30fcb48f94af24793f5bd201a,fgs,yes,Ryker Evans,,fanatics,5000,,oddsapi
2026-10-09T23:05:07Z,2026-10-09,SEA @ DET,30e778f30fcb48f94af24793f5bd201a,fgs,yes,Shane Wright,,fanatics,1900,,oddsapi
2026-10-09T23:05:07Z,2026-10-09,SEA @ DET,30e778f30fcb48f94af24793f5bd201a,fgs,yes,Ryan Winterton,,fanatics,3500,,oddsapi
2026-10-09T23:05:07Z,2026-10-09,SEA @ DET,30e778f30fcb48f94af24793f5bd201a,fgs,yes,Berkly Catton,,fanatics,2200,,oddsapi
2026-10-09T23:05:07Z,2026-10-09,SEA @ DET,30e778f30fcb48f94af24793f5bd201a,fgs,yes,No 1st Goal,,fanatics,15000,,oddsapi
2026-10-09T23:05:07Z,2026-10-09,SEA @ DET,30e778f30fcb48f94af24793f5bd201a,fgs,yes,Ryan Lindgren,,fanatics,9000,,oddsapi
2026-10-09T23:05:07Z,2026-10-09,SEA @ DET,30e778f30fcb48f94af24793f5bd201a,fgs,yes,Cale Fleury,,fanatics,8000,,oddsapi
2026-10-09T23:05:07Z,2026-10-09,SEA @ DET,30e778f30fcb48f94af24793f5bd201a,fgs,yes,Ville Ottavainen,,fanatics,9000,,oddsapi
2026-10-09T23:05:07Z,2026-10-09,SEA @ DET,30e778f30fcb48f94af24793f5bd201a,team_total,over,DET,3.5,fanatics,110,-145,oddsapi
2026-10-09T23:05:07Z,2026-10-09,SEA @ DET,30e778f30fcb48f94af24793f5bd201a,team_total,under,DET,3.5,fanatics,-145,110,oddsapi
2026-10-09T23:05:07Z,2026-10-09,SEA @ DET,30e778f30fcb48f94af24793f5bd201a,team_total,over,SEA,2.5,fanatics,-130,100,oddsapi
2026-10-09T23:05:07Z,2026-10-09,SEA @ DET,30e778f30fcb48f94af24793f5bd201a,team_total,under,SEA,2.5,fanatics,100,-130,oddsapi
2026-10-09T23:05:07Z,2026-10-09,SEA @ DET,30e778f30fcb48f94af24793f5bd201a,p1_ml,DET,,,betonlineag,-130,110,oddsapi
2026-10-09T23:05:07Z,2026-10-09,SEA @ DET,30e778f30fcb48f94af24793f5bd201a,p1_ml,SEA,,,betonlineag,110,-130,oddsapi
2026-10-09T23:05:07Z,2026-10-09,SEA @ DET,30e778f30fcb48f94af24793f5bd201a,sk_pts,over,Viktor Arvidsson,0.5,betonlineag,-154,118,oddsapi
2026-10-09T23:05:07Z,2026-10-09,SEA @ DET,30e778f30fcb48f94af24793f5bd201a,sk_pts,under,Viktor Arvidsson,0.5,betonlineag,118,-154,oddsapi
2026-10-09T23:05:07Z,2026-10-09,SEA @ DET,30e778f30fcb48f94af24793f5bd201a,sk_pts,over,Moritz Seider,0.5,betonlineag,-130,101,oddsapi
2026-10-09T23:05:07Z,2026-10-09,SEA @ DET,30e778f30fcb48f94af24793f5bd201a,sk_pts,under,Moritz Seider,0.5,betonlineag,101,-130,oddsapi
2026-10-09T23:05:07Z,2026-10-09,SEA @ DET,30e778f30fcb48f94af24793f5bd201a,sk_pts,over,Lucas Raymond,0.5,betonlineag,-192,146,oddsapi
2026-10-09T23:05:07Z,2026-10-09,SEA @ DET,30e778f30fcb48f94af24793f5bd201a,sk_pts,under,Lucas Raymond,0.5,betonlineag,146,-192,oddsapi
2026-10-09T23:05:07Z,2026-10-09,SEA @ DET,30e778f30fcb48f94af24793f5bd201a,sk_pts,over,Dylan Larkin,0.5,betonlineag,-175,135,oddsapi
2026-10-09T23:05:07Z,2026-10-09,SEA @ DET,30e778f30fcb48f94af24793f5bd201a,sk_pts,under,Dylan Larkin,0.5,betonlineag,135,-175,oddsapi
2026-10-09T23:05:07Z,2026-10-09,SEA @ DET,30e778f30fcb48f94af24793f5bd201a,sk_pts,over,Emmitt Finnie,0.5,betonlineag,158,-208,oddsapi
2026-10-09T23:05:07Z,2026-10-09,SEA @ DET,30e778f30fcb48f94af24793f5bd201a,sk_pts,under,Emmitt Finnie,0.5,betonlineag,-208,158,oddsapi
2026-10-09T23:05:07Z,2026-10-09,SEA @ DET,30e778f30fcb48f94af24793f5bd201a,sk_pts,over,Andrew Copp,0.5,betonlineag,144,-189,oddsapi
2026-10-09T23:05:07Z,2026-10-09,SEA @ DET,30e778f30fcb48f94af24793f5bd201a,sk_pts,under,Andrew Copp,0.5,betonlineag,-189,144,oddsapi
2026-10-09T23:05:07Z,2026-10-09,SEA @ DET,30e778f30fcb48f94af24793f5bd201a,sk_pts,over,Mackie Samoskevich,0.5,betonlineag,136,-179,oddsapi
2026-10-09T23:05:07Z,2026-10-09,SEA @ DET,30e778f30fcb48f94af24793f5bd201a,sk_pts,under,Mackie Samoskevich,0.5,betonlineag,-179,136,oddsapi
2026-10-09T23:05:07Z,2026-10-09,SEA @ DET,30e778f30fcb48f94af24793f5bd201a,sk_pts,over,Matty Beniers,0.5,betonlineag,109,-141,oddsapi
2026-10-09T23:05:07Z,2026-10-09,SEA @ DET,30e778f30fcb48f94af24793f5bd201a,sk_pts,under,Matty Beniers,0.5,betonlineag,-141,109,oddsapi
2026-10-09T23:05:07Z,2026-10-09,SEA @ DET,30e778f30fcb48f94af24793f5bd201a,sk_pts,over,Bobby McMann,0.5,betonlineag,115,-149,oddsapi
2026-10-09T23:05:07Z,2026-10-09,SEA @ DET,30e778f30fcb48f94af24793f5bd201a,sk_pts,under,Bobby McMann,0.5,betonlineag,-149,115,oddsapi
2026-10-09T23:05:07Z,2026-10-09,SEA @ DET,30e778f30fcb48f94af24793f5bd201a,sk_pts,over,Kaapo Kakko,0.5,betonlineag,134,-175,oddsapi
2026-10-09T23:05:07Z,2026-10-09,SEA @ DET,30e778f30fcb48f94af24793f5bd201a,sk_pts,under,Kaapo Kakko,0.5,betonlineag,-175,134,oddsapi
2026-10-09T23:05:07Z,2026-10-09,SEA @ DET,30e778f30fcb48f94af24793f5bd201a,sk_pts,over,Jared McCann,0.5,betonlineag,-120,-108,oddsapi
2026-10-09T23:05:07Z,2026-10-09,SEA @ DET,30e778f30fcb48f94af24793f5bd201a,sk_pts,under,Jared McCann,0.5,betonlineag,-108,-120,oddsapi
2026-10-09T23:05:07Z,2026-10-09,SEA @ DET,30e778f30fcb48f94af24793f5bd201a,sk_pts,over,Brandon Montour,0.5,betonlineag,132,-172,oddsapi
2026-10-09T23:05:07Z,2026-10-09,SEA @ DET,30e778f30fcb48f94af24793f5bd201a,sk_pts,under,Brandon Montour,0.5,betonlineag,-172,132,oddsapi
2026-10-09T23:05:07Z,2026-10-09,SEA @ DET,30e778f30fcb48f94af24793f5bd201a,sk_pts,over,Chandler Stephenson,0.5,betonlineag,112,-145,oddsapi
2026-10-09T23:05:07Z,2026-10-09,SEA @ DET,30e778f30fcb48f94af24793f5bd201a,sk_pts,under,Chandler Stephenson,0.5,betonlineag,-145,112,oddsapi
2026-10-09T23:05:07Z,2026-10-09,SEA @ DET,30e778f30fcb48f94af24793f5bd201a,sk_pts,over,Vince Dunn,0.5,betonlineag,110,-143,oddsapi
2026-10-09T23:05:07Z,2026-10-09,SEA @ DET,30e778f30fcb48f94af24793f5bd201a,sk_pts,under,Vince Dunn,0.5,betonlineag,-143,110,oddsapi
2026-10-09T23:05:07Z,2026-10-09,SEA @ DET,30e778f30fcb48f94af24793f5bd201a,sk_pts,over,Alex DeBrincat,0.5,betonlineag,-200,151,oddsapi
2026-10-09T23:05:07Z,2026-10-09,SEA @ DET,30e778f30fcb48f94af24793f5bd201a,sk_pts,under,Alex DeBrincat,0.5,betonlineag,151,-200,oddsapi
2026-10-09T23:05:07Z,2026-10-09,SEA @ DET,30e778f30fcb48f94af24793f5bd201a,sk_pts,over,Berkly Catton,0.5,betonlineag,186,-250,oddsapi
2026-10-09T23:05:07Z,2026-10-09,SEA @ DET,30e778f30fcb48f94af24793f5bd201a,sk_pts,under,Berkly Catton,0.5,betonlineag,-250,186,oddsapi
2026-10-09T23:05:07Z,2026-10-09,SEA @ DET,30e778f30fcb48f94af24793f5bd201a,sk_pts,over,Justin Faulk,0.5,betonlineag,152,-200,oddsapi
2026-10-09T23:05:07Z,2026-10-09,SEA @ DET,30e778f30fcb48f94af24793f5bd201a,sk_pts,under,Justin Faulk,0.5,betonlineag,-200,152,oddsapi
2026-10-09T23:05:07Z,2026-10-09,SEA @ DET,30e778f30fcb48f94af24793f5bd201a,sk_pts,over,Jordan Eberle,0.5,betonlineag,-115,-112,oddsapi
2026-10-09T23:05:07Z,2026-10-09,SEA @ DET,30e778f30fcb48f94af24793f5bd201a,sk_pts,under,Jordan Eberle,0.5,betonlineag,-112,-115,oddsapi
2026-10-09T23:05:07Z,2026-10-09,SEA @ DET,30e778f30fcb48f94af24793f5bd201a,sk_pts,over,Shane Wright,0.5,betonlineag,149,-196,oddsapi
2026-10-09T23:05:07Z,2026-10-09,SEA @ DET,30e778f30fcb48f94af24793f5bd201a,sk_pts,under,Shane Wright,0.5,betonlineag,-196,149,oddsapi
2026-10-09T23:05:07Z,2026-10-09,SEA @ DET,30e778f30fcb48f94af24793f5bd201a,sk_sog,over,Lucas Raymond,2.5,betonlineag,-101,-128,oddsapi
2026-10-09T23:05:07Z,2026-10-09,SEA @ DET,30e778f30fcb48f94af24793f5bd201a,sk_sog,under,Lucas Raymond,2.5,betonlineag,-128,-101,oddsapi
2026-10-09T23:05:07Z,2026-10-09,SEA @ DET,30e778f30fcb48f94af24793f5bd201a,sk_sog,over,Alex DeBrincat,3.5,betonlineag,106,-137,oddsapi
2026-10-09T23:05:07Z,2026-10-09,SEA @ DET,30e778f30fcb48f94af24793f5bd201a,sk_sog,under,Alex DeBrincat,3.5,betonlineag,-137,106,oddsapi
2026-10-09T23:05:07Z,2026-10-09,SEA @ DET,30e778f30fcb48f94af24793f5bd201a,sk_sog,over,Viktor Arvidsson,2.5,betonlineag,-132,102,oddsapi
2026-10-09T23:05:07Z,2026-10-09,SEA @ DET,30e778f30fcb48f94af24793f5bd201a,sk_sog,under,Viktor Arvidsson,2.5,betonlineag,102,-132,oddsapi
2026-10-09T23:05:07Z,2026-10-09,SEA @ DET,30e778f30fcb48f94af24793f5bd201a,sk_sog,over,Jared McCann,2.5,betonlineag,136,-179,oddsapi
2026-10-09T23:05:07Z,2026-10-09,SEA @ DET,30e778f30fcb48f94af24793f5bd201a,sk_sog,under,Jared McCann,2.5,betonlineag,-179,136,oddsapi
2026-10-09T23:05:07Z,2026-10-09,SEA @ DET,30e778f30fcb48f94af24793f5bd201a,sk_sog,over,Jordan Eberle,1.5,betonlineag,-125,-103,oddsapi
2026-10-09T23:05:07Z,2026-10-09,SEA @ DET,30e778f30fcb48f94af24793f5bd201a,sk_sog,under,Jordan Eberle,1.5,betonlineag,-103,-125,oddsapi
2026-10-09T23:05:07Z,2026-10-09,SEA @ DET,30e778f30fcb48f94af24793f5bd201a,sk_sog,over,Bobby McMann,2.5,betonlineag,110,-143,oddsapi
2026-10-09T23:05:07Z,2026-10-09,SEA @ DET,30e778f30fcb48f94af24793f5bd201a,sk_sog,under,Bobby McMann,2.5,betonlineag,-143,110,oddsapi
2026-10-09T23:05:07Z,2026-10-09,SEA @ DET,30e778f30fcb48f94af24793f5bd201a,sk_sog,over,Moritz Seider,1.5,betonlineag,-175,135,oddsapi
2026-10-09T23:05:07Z,2026-10-09,SEA @ DET,30e778f30fcb48f94af24793f5bd201a,sk_sog,under,Moritz Seider,1.5,betonlineag,135,-175,oddsapi
2026-10-09T23:05:07Z,2026-10-09,SEA @ DET,30e778f30fcb48f94af24793f5bd201a,sk_sog,over,Emmitt Finnie,1.5,betonlineag,-122,-106,oddsapi
2026-10-09T23:05:07Z,2026-10-09,SEA @ DET,30e778f30fcb48f94af24793f5bd201a,sk_sog,under,Emmitt Finnie,1.5,betonlineag,-106,-122,oddsapi
2026-10-09T23:05:07Z,2026-10-09,SEA @ DET,30e778f30fcb48f94af24793f5bd201a,sk_sog,over,Justin Faulk,1.5,betonlineag,-130,100,oddsapi
2026-10-09T23:05:07Z,2026-10-09,SEA @ DET,30e778f30fcb48f94af24793f5bd201a,sk_sog,under,Justin Faulk,1.5,betonlineag,100,-130,oddsapi
2026-10-09T23:05:07Z,2026-10-09,SEA @ DET,30e778f30fcb48f94af24793f5bd201a,sk_sog,over,Mackie Samoskevich,1.5,betonlineag,-125,-103,oddsapi
2026-10-09T23:05:07Z,2026-10-09,SEA @ DET,30e778f30fcb48f94af24793f5bd201a,sk_sog,under,Mackie Samoskevich,1.5,betonlineag,-103,-125,oddsapi
2026-10-09T23:05:07Z,2026-10-09,SEA @ DET,30e778f30fcb48f94af24793f5bd201a,sk_sog,over,Brandon Montour,2.5,betonlineag,115,-149,oddsapi
2026-10-09T23:05:07Z,2026-10-09,SEA @ DET,30e778f30fcb48f94af24793f5bd201a,sk_sog,under,Brandon Montour,2.5,betonlineag,-149,115,oddsapi
2026-10-09T23:05:07Z,2026-10-09,SEA @ DET,30e778f30fcb48f94af24793f5bd201a,sk_sog,over,Berkly Catton,1.5,betonlineag,-103,-125,oddsapi
2026-10-09T23:05:07Z,2026-10-09,SEA @ DET,30e778f30fcb48f94af24793f5bd201a,sk_sog,under,Berkly Catton,1.5,betonlineag,-125,-103,oddsapi
2026-10-09T23:05:07Z,2026-10-09,SEA @ DET,30e778f30fcb48f94af24793f5bd201a,sk_sog,over,Shane Wright,1.5,betonlineag,120,-156,oddsapi
2026-10-09T23:05:07Z,2026-10-09,SEA @ DET,30e778f30fcb48f94af24793f5bd201a,sk_sog,under,Shane Wright,1.5,betonlineag,-156,120,oddsapi
2026-10-09T23:05:07Z,2026-10-09,SEA @ DET,30e778f30fcb48f94af24793f5bd201a,sk_sog,over,Matty Beniers,1.5,betonlineag,-103,-125,oddsapi
2026-10-09T23:05:07Z,2026-10-09,SEA @ DET,30e778f30fcb48f94af24793f5bd201a,sk_sog,under,Matty Beniers,1.5,betonlineag,-125,-103,oddsapi
2026-10-09T23:05:07Z,2026-10-09,SEA @ DET,30e778f30fcb48f94af24793f5bd201a,sk_sog,over,Ryan Winterton,1.5,betonlineag,126,-164,oddsapi
2026-10-09T23:05:07Z,2026-10-09,SEA @ DET,30e778f30fcb48f94af24793f5bd201a,sk_sog,under,Ryan Winterton,1.5,betonlineag,-164,126,oddsapi
2026-10-09T23:05:07Z,2026-10-09,SEA @ DET,30e778f30fcb48f94af24793f5bd201a,sk_sog,over,Andrew Copp,1.5,betonlineag,-122,-106,oddsapi
2026-10-09T23:05:07Z,2026-10-09,SEA @ DET,30e778f30fcb48f94af24793f5bd201a,sk_sog,under,Andrew Copp,1.5,betonlineag,-106,-122,oddsapi
2026-10-09T23:05:07Z,2026-10-09,SEA @ DET,30e778f30fcb48f94af24793f5bd201a,sk_sog,over,Vince Dunn,1.5,betonlineag,-196,150,oddsapi
2026-10-09T23:05:07Z,2026-10-09,SEA @ DET,30e778f30fcb48f94af24793f5bd201a,sk_sog,under,Vince Dunn,1.5,betonlineag,150,-196,oddsapi
2026-10-09T23:05:07Z,2026-10-09,SEA @ DET,30e778f30fcb48f94af24793f5bd201a,sk_sog,over,Dylan Larkin,2.5,betonlineag,-159,122,oddsapi
2026-10-09T23:05:07Z,2026-10-09,SEA @ DET,30e778f30fcb48f94af24793f5bd201a,sk_sog,under,Dylan Larkin,2.5,betonlineag,122,-159,oddsapi
2026-10-09T23:05:07Z,2026-10-09,SEA @ DET,30e778f30fcb48f94af24793f5bd201a,g_saves,over,John Gibson,23.5,betonlineag,-102,-127,oddsapi
2026-10-09T23:05:07Z,2026-10-09,SEA @ DET,30e778f30fcb48f94af24793f5bd201a,g_saves,under,John Gibson,23.5,betonlineag,-127,-102,oddsapi
2026-10-09T23:05:07Z,2026-10-09,SEA @ DET,30e778f30fcb48f94af24793f5bd201a,g_saves,over,Philipp Grubauer,27.5,betonlineag,-102,-127,oddsapi
2026-10-09T23:05:07Z,2026-10-09,SEA @ DET,30e778f30fcb48f94af24793f5bd201a,g_saves,under,Philipp Grubauer,27.5,betonlineag,-127,-102,oddsapi
2026-10-09T23:05:07Z,2026-10-09,SEA @ DET,30e778f30fcb48f94af24793f5bd201a,p1_pl,DET,,-0.5,betonlineag,158,-181,oddsapi
2026-10-09T23:05:07Z,2026-10-09,SEA @ DET,30e778f30fcb48f94af24793f5bd201a,p1_pl,SEA,,0.5,betonlineag,-181,158,oddsapi
2026-10-09T23:05:07Z,2026-10-09,SEA @ DET,30e778f30fcb48f94af24793f5bd201a,team_total,over,DET,3.5,betonlineag,113,-144,oddsapi
2026-10-09T23:05:07Z,2026-10-09,SEA @ DET,30e778f30fcb48f94af24793f5bd201a,team_total,under,DET,3.5,betonlineag,-144,113,oddsapi
2026-10-09T23:05:07Z,2026-10-09,SEA @ DET,30e778f30fcb48f94af24793f5bd201a,team_total,over,SEA,2.5,betonlineag,-150,117,oddsapi
2026-10-09T23:05:07Z,2026-10-09,SEA @ DET,30e778f30fcb48f94af24793f5bd201a,team_total,under,SEA,2.5,betonlineag,117,-150,oddsapi
2026-10-09T23:05:07Z,2026-10-09,SEA @ DET,30e778f30fcb48f94af24793f5bd201a,p1_total,over,,1.5,betonlineag,-124,104,oddsapi
2026-10-09T23:05:07Z,2026-10-09,SEA @ DET,30e778f30fcb48f94af24793f5bd201a,p1_total,under,,1.5,betonlineag,104,-124,oddsapi
2026-10-09T23:05:07Z,2026-10-09,SEA @ DET,30e778f30fcb48f94af24793f5bd201a,game_ml3,DET,,,williamhill_us,104,,oddsapi
2026-10-09T23:05:07Z,2026-10-09,SEA @ DET,30e778f30fcb48f94af24793f5bd201a,game_ml3,SEA,,,williamhill_us,164,,oddsapi
2026-10-09T23:05:07Z,2026-10-09,SEA @ DET,30e778f30fcb48f94af24793f5bd201a,game_ml3,draw,,,williamhill_us,260,,oddsapi
2026-10-09T23:05:07Z,2026-10-09,SEA @ DET,30e778f30fcb48f94af24793f5bd201a,p1_ml3,DET,,,williamhill_us,147,,oddsapi
2026-10-09T23:05:07Z,2026-10-09,SEA @ DET,30e778f30fcb48f94af24793f5bd201a,p1_ml3,SEA,,,williamhill_us,197,,oddsapi
2026-10-09T23:05:07Z,2026-10-09,SEA @ DET,30e778f30fcb48f94af24793f5bd201a,p1_ml3,draw,,,williamhill_us,157,,oddsapi
2026-10-09T23:05:07Z,2026-10-09,SEA @ DET,30e778f30fcb48f94af24793f5bd201a,ags,yes,Alex DeBrincat,,williamhill_us,130,,oddsapi
2026-10-09T23:05:07Z,2026-10-09,SEA @ DET,30e778f30fcb48f94af24793f5bd201a,ags,yes,Dylan Larkin,,williamhill_us,165,,oddsapi
2026-10-09T23:05:07Z,2026-10-09,SEA @ DET,30e778f30fcb48f94af24793f5bd201a,ags,yes,Viktor Arvidsson,,williamhill_us,190,,oddsapi
2026-10-09T23:05:07Z,2026-10-09,SEA @ DET,30e778f30fcb48f94af24793f5bd201a,ags,yes,Lucas Raymond,,williamhill_us,196,,oddsapi
2026-10-09T23:05:07Z,2026-10-09,SEA @ DET,30e778f30fcb48f94af24793f5bd201a,ags,yes,Bobby McMann,,williamhill_us,225,,oddsapi
2026-10-09T23:05:07Z,2026-10-09,SEA @ DET,30e778f30fcb48f94af24793f5bd201a,ags,yes,Jared McCann,,williamhill_us,245,,oddsapi
2026-10-09T23:05:07Z,2026-10-09,SEA @ DET,30e778f30fcb48f94af24793f5bd201a,ags,yes,Jordan Eberle,,williamhill_us,245,,oddsapi
2026-10-09T23:05:07Z,2026-10-09,SEA @ DET,30e778f30fcb48f94af24793f5bd201a,ags,yes,Mackie Samoskevich,,williamhill_us,255,,oddsapi
2026-10-09T23:05:07Z,2026-10-09,SEA @ DET,30e778f30fcb48f94af24793f5bd201a,ags,yes,Matty Beniers,,williamhill_us,305,,oddsapi
2026-10-09T23:05:07Z,2026-10-09,SEA @ DET,30e778f30fcb48f94af24793f5bd201a,ags,yes,Shane Wright,,williamhill_us,330,,oddsapi
2026-10-09T23:05:07Z,2026-10-09,SEA @ DET,30e778f30fcb48f94af24793f5bd201a,ags,yes,Andrew Copp,,williamhill_us,340,,oddsapi
2026-10-09T23:05:07Z,2026-10-09,SEA @ DET,30e778f30fcb48f94af24793f5bd201a,ags,yes,Michael Brandsegg-Nygard,,williamhill_us,340,,oddsapi
2026-10-09T23:05:07Z,2026-10-09,SEA @ DET,30e778f30fcb48f94af24793f5bd201a,ags,yes,Emmitt Finnie,,williamhill_us,350,,oddsapi
2026-10-09T23:05:07Z,2026-10-09,SEA @ DET,30e778f30fcb48f94af24793f5bd201a,ags,yes,Chandler Stephenson,,williamhill_us,350,,oddsapi
2026-10-09T23:05:07Z,2026-10-09,SEA @ DET,30e778f30fcb48f94af24793f5bd201a,ags,yes,Berkly Catton,,williamhill_us,360,,oddsapi
2026-10-09T23:05:07Z,2026-10-09,SEA @ DET,30e778f30fcb48f94af24793f5bd201a,ags,yes,Kaapo Kakko,,williamhill_us,360,,oddsapi
2026-10-09T23:05:07Z,2026-10-09,SEA @ DET,30e778f30fcb48f94af24793f5bd201a,ags,yes,Moritz Seider,,williamhill_us,390,,oddsapi
2026-10-09T23:05:07Z,2026-10-09,SEA @ DET,30e778f30fcb48f94af24793f5bd201a,ags,yes,Brandon Montour,,williamhill_us,450,,oddsapi
2026-10-09T23:05:07Z,2026-10-09,SEA @ DET,30e778f30fcb48f94af24793f5bd201a,ags,yes,Vince Dunn,,williamhill_us,450,,oddsapi
2026-10-09T23:05:07Z,2026-10-09,SEA @ DET,30e778f30fcb48f94af24793f5bd201a,ags,yes,Michael Rasmussen,,williamhill_us,475,,oddsapi
2026-10-09T23:05:07Z,2026-10-09,SEA @ DET,30e778f30fcb48f94af24793f5bd201a,ags,yes,Justin Faulk,,williamhill_us,500,,oddsapi
2026-10-09T23:05:07Z,2026-10-09,SEA @ DET,30e778f30fcb48f94af24793f5bd201a,ags,yes,Nate Danielson,,williamhill_us,525,,oddsapi
2026-10-09T23:05:07Z,2026-10-09,SEA @ DET,30e778f30fcb48f94af24793f5bd201a,ags,yes,Ryan Winterton,,williamhill_us,575,,oddsapi
2026-10-09T23:05:07Z,2026-10-09,SEA @ DET,30e778f30fcb48f94af24793f5bd201a,ags,yes,Carter Mazur,,williamhill_us,575,,oddsapi
2026-10-09T23:05:07Z,2026-10-09,SEA @ DET,30e778f30fcb48f94af24793f5bd201a,ags,yes,Sheldon Dries,,williamhill_us,600,,oddsapi
2026-10-09T23:05:07Z,2026-10-09,SEA @ DET,30e778f30fcb48f94af24793f5bd201a,ags,yes,Frederick Gaudreau,,williamhill_us,600,,oddsapi
2026-10-09T23:05:07Z,2026-10-09,SEA @ DET,30e778f30fcb48f94af24793f5bd201a,ags,yes,Keegan Kolesar,,williamhill_us,600,,oddsapi
2026-10-09T23:05:07Z,2026-10-09,SEA @ DET,30e778f30fcb48f94af24793f5bd201a,ags,yes,Ben Meyers,,williamhill_us,625,,oddsapi
2026-10-09T23:05:07Z,2026-10-09,SEA @ DET,30e778f30fcb48f94af24793f5bd201a,ags,yes,Anton Johansson,,williamhill_us,700,,oddsapi
2026-10-09T23:05:07Z,2026-10-09,SEA @ DET,30e778f30fcb48f94af24793f5bd201a,ags,yes,Adam Larsson,,williamhill_us,750,,oddsapi
2026-10-09T23:05:07Z,2026-10-09,SEA @ DET,30e778f30fcb48f94af24793f5bd201a,ags,yes,Ryker Evans,,williamhill_us,750,,oddsapi
2026-10-09T23:05:07Z,2026-10-09,SEA @ DET,30e778f30fcb48f94af24793f5bd201a,ags,yes,Albert Johansson,,williamhill_us,750,,oddsapi
2026-10-09T23:05:07Z,2026-10-09,SEA @ DET,30e778f30fcb48f94af24793f5bd201a,ags,yes,Ville Ottavainen,,williamhill_us,800,,oddsapi
2026-10-09T23:05:07Z,2026-10-09,SEA @ DET,30e778f30fcb48f94af24793f5bd201a,ags,yes,Josh Mahura,,williamhill_us,900,,oddsapi
2026-10-09T23:05:07Z,2026-10-09,SEA @ DET,30e778f30fcb48f94af24793f5bd201a,ags,yes,Ben Chiarot,,williamhill_us,900,,oddsapi
2026-10-09T23:05:07Z,2026-10-09,SEA @ DET,30e778f30fcb48f94af24793f5bd201a,fgs,yes,Alex DeBrincat,,williamhill_us,900,,oddsapi
2026-10-09T23:05:07Z,2026-10-09,SEA @ DET,30e778f30fcb48f94af24793f5bd201a,fgs,yes,Dylan Larkin,,williamhill_us,1000,,oddsapi
2026-10-09T23:05:07Z,2026-10-09,SEA @ DET,30e778f30fcb48f94af24793f5bd201a,fgs,yes,Lucas Raymond,,williamhill_us,1200,,oddsapi
2026-10-09T23:05:07Z,2026-10-09,SEA @ DET,30e778f30fcb48f94af24793f5bd201a,fgs,yes,Viktor Arvidsson,,williamhill_us,1200,,oddsapi
2026-10-09T23:05:07Z,2026-10-09,SEA @ DET,30e778f30fcb48f94af24793f5bd201a,fgs,yes,Bobby McMann,,williamhill_us,1400,,oddsapi
2026-10-09T23:05:07Z,2026-10-09,SEA @ DET,30e778f30fcb48f94af24793f5bd201a,fgs,yes,Jared McCann,,williamhill_us,1500,,oddsapi
2026-10-09T23:05:07Z,2026-10-09,SEA @ DET,30e778f30fcb48f94af24793f5bd201a,fgs,yes,Jordan Eberle,,williamhill_us,1500,,oddsapi
2026-10-09T23:05:07Z,2026-10-09,SEA @ DET,30e778f30fcb48f94af24793f5bd201a,fgs,yes,Mackie Samoskevich,,williamhill_us,1700,,oddsapi
2026-10-09T23:05:07Z,2026-10-09,SEA @ DET,30e778f30fcb48f94af24793f5bd201a,fgs,yes,Matty Beniers,,williamhill_us,2000,,oddsapi
2026-10-09T23:05:07Z,2026-10-09,SEA @ DET,30e778f30fcb48f94af24793f5bd201a,fgs,yes,Chandler Stephenson,,williamhill_us,2100,,oddsapi
2026-10-09T23:05:07Z,2026-10-09,SEA @ DET,30e778f30fcb48f94af24793f5bd201a,fgs,yes,Michael Brandsegg-Nygard,,williamhill_us,2100,,oddsapi
2026-10-09T23:05:07Z,2026-10-09,SEA @ DET,30e778f30fcb48f94af24793f5bd201a,fgs,yes,Shane Wright,,williamhill_us,2100,,oddsapi
2026-10-09T23:05:07Z,2026-10-09,SEA @ DET,30e778f30fcb48f94af24793f5bd201a,fgs,yes,Emmitt Finnie,,williamhill_us,2200,,oddsapi
2026-10-09T23:05:07Z,2026-10-09,SEA @ DET,30e778f30fcb48f94af24793f5bd201a,fgs,yes,Andrew Copp,,williamhill_us,2300,,oddsapi
2026-10-09T23:05:07Z,2026-10-09,SEA @ DET,30e778f30fcb48f94af24793f5bd201a,fgs,yes,Berkly Catton,,williamhill_us,2300,,oddsapi
2026-10-09T23:05:07Z,2026-10-09,SEA @ DET,30e778f30fcb48f94af24793f5bd201a,fgs,yes,Kaapo Kakko,,williamhill_us,2400,,oddsapi
2026-10-09T23:05:07Z,2026-10-09,SEA @ DET,30e778f30fcb48f94af24793f5bd201a,fgs,yes,Moritz Seider,,williamhill_us,2500,,oddsapi
2026-10-09T23:05:07Z,2026-10-09,SEA @ DET,30e778f30fcb48f94af24793f5bd201a,fgs,yes,Brandon Montour,,williamhill_us,2700,,oddsapi
2026-10-09T23:05:07Z,2026-10-09,SEA @ DET,30e778f30fcb48f94af24793f5bd201a,fgs,yes,Vince Dunn,,williamhill_us,2900,,oddsapi
2026-10-09T23:05:07Z,2026-10-09,SEA @ DET,30e778f30fcb48f94af24793f5bd201a,fgs,yes,Michael Rasmussen,,williamhill_us,3000,,oddsapi
2026-10-09T23:05:07Z,2026-10-09,SEA @ DET,30e778f30fcb48f94af24793f5bd201a,fgs,yes,Justin Faulk,,williamhill_us,3500,,oddsapi
2026-10-09T23:05:07Z,2026-10-09,SEA @ DET,30e778f30fcb48f94af24793f5bd201a,fgs,yes,Nate Danielson,,williamhill_us,3500,,oddsapi
2026-10-09T23:05:07Z,2026-10-09,SEA @ DET,30e778f30fcb48f94af24793f5bd201a,fgs,yes,Sheldon Dries,,williamhill_us,4000,,oddsapi
2026-10-09T23:05:07Z,2026-10-09,SEA @ DET,30e778f30fcb48f94af24793f5bd201a,fgs,yes,Keegan Kolesar,,williamhill_us,4000,,oddsapi
2026-10-09T23:05:07Z,2026-10-09,SEA @ DET,30e778f30fcb48f94af24793f5bd201a,fgs,yes,Carter Mazur,,williamhill_us,4000,,oddsapi
2026-10-09T23:05:07Z,2026-10-09,SEA @ DET,30e778f30fcb48f94af24793f5bd201a,fgs,yes,Ryan Winterton,,williamhill_us,4000,,oddsapi
2026-10-09T23:05:07Z,2026-10-09,SEA @ DET,30e778f30fcb48f94af24793f5bd201a,fgs,yes,Frederick Gaudreau,,williamhill_us,4000,,oddsapi
2026-10-09T23:05:07Z,2026-10-09,SEA @ DET,30e778f30fcb48f94af24793f5bd201a,fgs,yes,Ben Meyers,,williamhill_us,4500,,oddsapi
2026-10-09T23:05:07Z,2026-10-09,SEA @ DET,30e778f30fcb48f94af24793f5bd201a,fgs,yes,Adam Larsson,,williamhill_us,5500,,oddsapi
2026-10-09T23:05:07Z,2026-10-09,SEA @ DET,30e778f30fcb48f94af24793f5bd201a,fgs,yes,Ryker Evans,,williamhill_us,6000,,oddsapi
2026-10-09T23:05:07Z,2026-10-09,SEA @ DET,30e778f30fcb48f94af24793f5bd201a,fgs,yes,Albert Johansson,,williamhill_us,6600,,oddsapi
2026-10-09T23:05:07Z,2026-10-09,SEA @ DET,30e778f30fcb48f94af24793f5bd201a,fgs,yes,Anton Johansson,,williamhill_us,7000,,oddsapi
2026-10-09T23:05:07Z,2026-10-09,SEA @ DET,30e778f30fcb48f94af24793f5bd201a,team_total,over,DET,3.5,williamhill_us,-105,-134,oddsapi
2026-10-09T23:05:07Z,2026-10-09,SEA @ DET,30e778f30fcb48f94af24793f5bd201a,team_total,under,DET,3.5,williamhill_us,-134,-105,oddsapi
2026-10-09T23:05:07Z,2026-10-09,SEA @ DET,30e778f30fcb48f94af24793f5bd201a,team_total,over,SEA,2.5,williamhill_us,-154,110,oddsapi
2026-10-09T23:05:07Z,2026-10-09,SEA @ DET,30e778f30fcb48f94af24793f5bd201a,team_total,under,SEA,2.5,williamhill_us,110,-154,oddsapi
2026-10-09T23:05:07Z,2026-10-09,SEA @ DET,30e778f30fcb48f94af24793f5bd201a,game_pl_alt,DET,,1.5,bovada,-450,300,oddsapi
2026-10-09T23:05:07Z,2026-10-09,SEA @ DET,30e778f30fcb48f94af24793f5bd201a,game_pl_alt,DET,,2.5,bovada,-900,500,oddsapi
2026-10-09T23:05:07Z,2026-10-09,SEA @ DET,30e778f30fcb48f94af24793f5bd201a,game_pl_alt,SEA,,-1.5,bovada,300,-450,oddsapi
2026-10-09T23:05:07Z,2026-10-09,SEA @ DET,30e778f30fcb48f94af24793f5bd201a,game_pl_alt,SEA,,-2.5,bovada,500,-900,oddsapi
2026-10-09T23:05:07Z,2026-10-09,SEA @ DET,30e778f30fcb48f94af24793f5bd201a,team_total_alt,over,DET,2.5,bovada,-230,,oddsapi
2026-10-09T23:05:07Z,2026-10-09,SEA @ DET,30e778f30fcb48f94af24793f5bd201a,team_total_alt,over,DET,3.5,bovada,105,-135,oddsapi
2026-10-09T23:05:07Z,2026-10-09,SEA @ DET,30e778f30fcb48f94af24793f5bd201a,team_total_alt,under,DET,3.5,bovada,-135,105,oddsapi
2026-10-09T23:05:07Z,2026-10-09,SEA @ DET,30e778f30fcb48f94af24793f5bd201a,team_total_alt,over,DET,4.5,bovada,255,-360,oddsapi
2026-10-09T23:05:07Z,2026-10-09,SEA @ DET,30e778f30fcb48f94af24793f5bd201a,team_total_alt,under,DET,4.5,bovada,-360,255,oddsapi
2026-10-09T23:05:07Z,2026-10-09,SEA @ DET,30e778f30fcb48f94af24793f5bd201a,team_total_alt,over,SEA,1.5,bovada,-360,255,oddsapi
2026-10-09T23:05:07Z,2026-10-09,SEA @ DET,30e778f30fcb48f94af24793f5bd201a,team_total_alt,under,SEA,1.5,bovada,255,-360,oddsapi
2026-10-09T23:05:07Z,2026-10-09,SEA @ DET,30e778f30fcb48f94af24793f5bd201a,team_total_alt,over,SEA,2.5,bovada,-125,-105,oddsapi
2026-10-09T23:05:07Z,2026-10-09,SEA @ DET,30e778f30fcb48f94af24793f5bd201a,team_total_alt,under,SEA,2.5,bovada,-105,-125,oddsapi
2026-10-09T23:05:07Z,2026-10-09,SEA @ DET,30e778f30fcb48f94af24793f5bd201a,team_total_alt,over,SEA,3.5,bovada,200,-275,oddsapi
2026-10-09T23:05:07Z,2026-10-09,SEA @ DET,30e778f30fcb48f94af24793f5bd201a,team_total_alt,under,SEA,3.5,bovada,-275,200,oddsapi
2026-10-09T23:05:07Z,2026-10-09,SEA @ DET,30e778f30fcb48f94af24793f5bd201a,game_total_alt,over,,4.5,bovada,-435,290,oddsapi
2026-10-09T23:05:07Z,2026-10-09,SEA @ DET,30e778f30fcb48f94af24793f5bd201a,game_total_alt,over,,5,bovada,-310,225,oddsapi
2026-10-09T23:05:07Z,2026-10-09,SEA @ DET,30e778f30fcb48f94af24793f5bd201a,game_total_alt,over,,5.5,bovada,-145,110,oddsapi
2026-10-09T23:05:07Z,2026-10-09,SEA @ DET,30e778f30fcb48f94af24793f5bd201a,game_total_alt,over,,7,bovada,190,-260,oddsapi
2026-10-09T23:05:07Z,2026-10-09,SEA @ DET,30e778f30fcb48f94af24793f5bd201a,game_total_alt,over,,7.5,bovada,255,-360,oddsapi
2026-10-09T23:05:07Z,2026-10-09,SEA @ DET,30e778f30fcb48f94af24793f5bd201a,game_total_alt,over,,9.5,bovada,800,-1800,oddsapi
2026-10-09T23:05:07Z,2026-10-09,SEA @ DET,30e778f30fcb48f94af24793f5bd201a,game_total_alt,under,,4.5,bovada,290,-435,oddsapi
2026-10-09T23:05:07Z,2026-10-09,SEA @ DET,30e778f30fcb48f94af24793f5bd201a,game_total_alt,under,,5,bovada,225,-310,oddsapi
2026-10-09T23:05:07Z,2026-10-09,SEA @ DET,30e778f30fcb48f94af24793f5bd201a,game_total_alt,under,,5.5,bovada,110,-145,oddsapi
2026-10-09T23:05:07Z,2026-10-09,SEA @ DET,30e778f30fcb48f94af24793f5bd201a,game_total_alt,under,,7,bovada,-260,190,oddsapi
2026-10-09T23:05:07Z,2026-10-09,SEA @ DET,30e778f30fcb48f94af24793f5bd201a,game_total_alt,under,,7.5,bovada,-360,255,oddsapi
2026-10-09T23:05:07Z,2026-10-09,SEA @ DET,30e778f30fcb48f94af24793f5bd201a,game_total_alt,under,,9.5,bovada,-1800,800,oddsapi
2026-10-09T23:05:07Z,2026-10-09,SEA @ DET,30e778f30fcb48f94af24793f5bd201a,game_ml3,DET,,,bovada,102,,oddsapi
2026-10-09T23:05:07Z,2026-10-09,SEA @ DET,30e778f30fcb48f94af24793f5bd201a,game_ml3,SEA,,,bovada,193,,oddsapi
2026-10-09T23:05:07Z,2026-10-09,SEA @ DET,30e778f30fcb48f94af24793f5bd201a,game_ml3,draw,,,bovada,325,,oddsapi
2026-10-09T23:05:07Z,2026-10-09,SEA @ DET,30e778f30fcb48f94af24793f5bd201a,p1_ml3,DET,,,bovada,155,,oddsapi
2026-10-09T23:05:07Z,2026-10-09,SEA @ DET,30e778f30fcb48f94af24793f5bd201a,p1_ml3,SEA,,,bovada,212,,oddsapi
2026-10-09T23:05:07Z,2026-10-09,SEA @ DET,30e778f30fcb48f94af24793f5bd201a,p1_ml3,draw,,,bovada,180,,oddsapi
2026-10-09T23:05:07Z,2026-10-09,SEA @ DET,30e778f30fcb48f94af24793f5bd201a,p1_ml,DET,,,bovada,-135,105,oddsapi
2026-10-09T23:05:07Z,2026-10-09,SEA @ DET,30e778f30fcb48f94af24793f5bd201a,p1_ml,SEA,,,bovada,105,-135,oddsapi
2026-10-09T23:05:07Z,2026-10-09,SEA @ DET,30e778f30fcb48f94af24793f5bd201a,p2_ml,DET,,,bovada,-145,110,oddsapi
2026-10-09T23:05:07Z,2026-10-09,SEA @ DET,30e778f30fcb48f94af24793f5bd201a,p2_ml,SEA,,,bovada,110,-145,oddsapi
2026-10-09T23:05:07Z,2026-10-09,SEA @ DET,30e778f30fcb48f94af24793f5bd201a,p3_ml,DET,,,bovada,-145,110,oddsapi
2026-10-09T23:05:07Z,2026-10-09,SEA @ DET,30e778f30fcb48f94af24793f5bd201a,p3_ml,SEA,,,bovada,110,-145,oddsapi
2026-10-09T23:05:07Z,2026-10-09,SEA @ DET,30e778f30fcb48f94af24793f5bd201a,ags,yes,Cale Fleury,,bovada,1600,,oddsapi
2026-10-09T23:05:07Z,2026-10-09,SEA @ DET,30e778f30fcb48f94af24793f5bd201a,ags,yes,Josh Mahura,,bovada,1900,,oddsapi
2026-10-09T23:05:07Z,2026-10-09,SEA @ DET,30e778f30fcb48f94af24793f5bd201a,ags,yes,Sheldon Dries,,bovada,775,,oddsapi
2026-10-09T23:05:07Z,2026-10-09,SEA @ DET,30e778f30fcb48f94af24793f5bd201a,ags,yes,Ville Ottavainen,,bovada,1400,,oddsapi
2026-10-09T23:05:07Z,2026-10-09,SEA @ DET,30e778f30fcb48f94af24793f5bd201a,ags,yes,Brandon Montour,,bovada,525,,oddsapi
2026-10-09T23:05:07Z,2026-10-09,SEA @ DET,30e778f30fcb48f94af24793f5bd201a,ags,yes,Ben Meyers,,bovada,850,,oddsapi
2026-10-09T23:05:07Z,2026-10-09,SEA @ DET,30e778f30fcb48f94af24793f5bd201a,ags,yes,Mackie Samoskevich,,bovada,285,,oddsapi
2026-10-09T23:05:07Z,2026-10-09,SEA @ DET,30e778f30fcb48f94af24793f5bd201a,ags,yes,Moritz Seider,,bovada,460,,oddsapi
2026-10-09T23:05:07Z,2026-10-09,SEA @ DET,30e778f30fcb48f94af24793f5bd201a,ags,yes,Michael Rasmussen,,bovada,550,,oddsapi
2026-10-09T23:05:07Z,2026-10-09,SEA @ DET,30e778f30fcb48f94af24793f5bd201a,ags,yes,Shane Wright,,bovada,375,,oddsapi
2026-10-09T23:05:07Z,2026-10-09,SEA @ DET,30e778f30fcb48f94af24793f5bd201a,ags,yes,Vince Dunn,,bovada,550,,oddsapi
2026-10-09T23:05:07Z,2026-10-09,SEA @ DET,30e778f30fcb48f94af24793f5bd201a,ags,yes,Andrew Copp,,bovada,380,,oddsapi
2026-10-09T23:05:07Z,2026-10-09,SEA @ DET,30e778f30fcb48f94af24793f5bd201a,ags,yes,Matty Beniers,,bovada,345,,oddsapi
2026-10-09T23:05:07Z,2026-10-09,SEA @ DET,30e778f30fcb48f94af24793f5bd201a,ags,yes,Bobby McMann,,bovada,240,,oddsapi
2026-10-09T23:05:07Z,2026-10-09,SEA @ DET,30e778f30fcb48f94af24793f5bd201a,ags,yes,Emmitt Finnie,,bovada,385,,oddsapi
2026-10-09T23:05:07Z,2026-10-09,SEA @ DET,30e778f30fcb48f94af24793f5bd201a,ags,yes,Frederick Gaudreau,,bovada,825,,oddsapi
2026-10-09T23:05:07Z,2026-10-09,SEA @ DET,30e778f30fcb48f94af24793f5bd201a,ags,yes,Jordan Eberle,,bovada,260,,oddsapi
2026-10-09T23:05:07Z,2026-10-09,SEA @ DET,30e778f30fcb48f94af24793f5bd201a,ags,yes,Ben Chiarot,,bovada,1800,,oddsapi
2026-10-09T23:05:07Z,2026-10-09,SEA @ DET,30e778f30fcb48f94af24793f5bd201a,ags,yes,Dylan Larkin,,bovada,160,,oddsapi
2026-10-09T23:05:07Z,2026-10-09,SEA @ DET,30e778f30fcb48f94af24793f5bd201a,ags,yes,Adam Larsson,,bovada,1200,,oddsapi
2026-10-09T23:05:07Z,2026-10-09,SEA @ DET,30e778f30fcb48f94af24793f5bd201a,ags,yes,Jared McCann,,bovada,255,,oddsapi
2026-10-09T23:05:07Z,2026-10-09,SEA @ DET,30e778f30fcb48f94af24793f5bd201a,ags,yes,Keegan Kolesar,,bovada,775,,oddsapi
2026-10-09T23:05:07Z,2026-10-09,SEA @ DET,30e778f30fcb48f94af24793f5bd201a,ags,yes,Justin Faulk,,bovada,575,,oddsapi
2026-10-09T23:05:07Z,2026-10-09,SEA @ DET,30e778f30fcb48f94af24793f5bd201a,ags,yes,Carter Mazur,,bovada,725,,oddsapi
2026-10-09T23:05:07Z,2026-10-09,SEA @ DET,30e778f30fcb48f94af24793f5bd201a,ags,yes,Albert Johansson,,bovada,1100,,oddsapi
2026-10-09T23:05:07Z,2026-10-09,SEA @ DET,30e778f30fcb48f94af24793f5bd201a,ags,yes,Kaapo Kakko,,bovada,415,,oddsapi
2026-10-09T23:05:07Z,2026-10-09,SEA @ DET,30e778f30fcb48f94af24793f5bd201a,ags,yes,Lucas Raymond,,bovada,195,,oddsapi
2026-10-09T23:05:07Z,2026-10-09,SEA @ DET,30e778f30fcb48f94af24793f5bd201a,ags,yes,Anton Johansson,,bovada,1300,,oddsapi
2026-10-09T23:05:07Z,2026-10-09,SEA @ DET,30e778f30fcb48f94af24793f5bd201a,ags,yes,Ryan Winterton,,bovada,750,,oddsapi
2026-10-09T23:05:07Z,2026-10-09,SEA @ DET,30e778f30fcb48f94af24793f5bd201a,ags,yes,Nate Danielson,,bovada,650,,oddsapi
2026-10-09T23:05:07Z,2026-10-09,SEA @ DET,30e778f30fcb48f94af24793f5bd201a,ags,yes,Ryker Evans,,bovada,1100,,oddsapi
2026-10-09T23:05:07Z,2026-10-09,SEA @ DET,30e778f30fcb48f94af24793f5bd201a,ags,yes,Alex DeBrincat,,bovada,131,,oddsapi
2026-10-09T23:05:07Z,2026-10-09,SEA @ DET,30e778f30fcb48f94af24793f5bd201a,ags,yes,Berkly Catton,,bovada,430,,oddsapi
2026-10-09T23:05:07Z,2026-10-09,SEA @ DET,30e778f30fcb48f94af24793f5bd201a,ags,yes,Chandler Stephenson,,bovada,390,,oddsapi
2026-10-09T23:05:07Z,2026-10-09,SEA @ DET,30e778f30fcb48f94af24793f5bd201a,ags,yes,Viktor Arvidsson,,bovada,193,,oddsapi
2026-10-09T23:05:07Z,2026-10-09,SEA @ DET,30e778f30fcb48f94af24793f5bd201a,ags,yes,Michael Brandsegg-Nygard,,bovada,380,,oddsapi
2026-10-09T23:05:07Z,2026-10-09,SEA @ DET,30e778f30fcb48f94af24793f5bd201a,fgs,yes,Ville Ottavainen,,bovada,10000,,oddsapi
2026-10-09T23:05:07Z,2026-10-09,SEA @ DET,30e778f30fcb48f94af24793f5bd201a,fgs,yes,Josh Mahura,,bovada,10000,,oddsapi
2026-10-09T23:05:07Z,2026-10-09,SEA @ DET,30e778f30fcb48f94af24793f5bd201a,fgs,yes,Sheldon Dries,,bovada,4500,,oddsapi
2026-10-09T23:05:07Z,2026-10-09,SEA @ DET,30e778f30fcb48f94af24793f5bd201a,fgs,yes,Brandon Montour,,bovada,3300,,oddsapi
2026-10-09T23:05:07Z,2026-10-09,SEA @ DET,30e778f30fcb48f94af24793f5bd201a,fgs,yes,Dylan Larkin,,bovada,1000,,oddsapi
2026-10-09T23:05:07Z,2026-10-09,SEA @ DET,30e778f30fcb48f94af24793f5bd201a,fgs,yes,Justin Faulk,,bovada,3500,,oddsapi
2026-10-09T23:05:07Z,2026-10-09,SEA @ DET,30e778f30fcb48f94af24793f5bd201a,fgs,yes,Keegan Kolesar,,bovada,5000,,oddsapi
2026-10-09T23:05:07Z,2026-10-09,SEA @ DET,30e778f30fcb48f94af24793f5bd201a,fgs,yes,Albert Johansson,,bovada,6000,,oddsapi
2026-10-09T23:05:07Z,2026-10-09,SEA @ DET,30e778f30fcb48f94af24793f5bd201a,fgs,yes,Jordan Eberle,,bovada,1700,,oddsapi
2026-10-09T23:05:07Z,2026-10-09,SEA @ DET,30e778f30fcb48f94af24793f5bd201a,fgs,yes,Matty Beniers,,bovada,2000,,oddsapi
2026-10-09T23:05:07Z,2026-10-09,SEA @ DET,30e778f30fcb48f94af24793f5bd201a,fgs,yes,Adam Larsson,,bovada,6500,,oddsapi
2026-10-09T23:05:07Z,2026-10-09,SEA @ DET,30e778f30fcb48f94af24793f5bd201a,fgs,yes,Vince Dunn,,bovada,3300,,oddsapi
2026-10-09T23:05:07Z,2026-10-09,SEA @ DET,30e778f30fcb48f94af24793f5bd201a,fgs,yes,Frederick Gaudreau,,bovada,5000,,oddsapi
2026-10-09T23:05:07Z,2026-10-09,SEA @ DET,30e778f30fcb48f94af24793f5bd201a,fgs,yes,Berkly Catton,,bovada,2500,,oddsapi
2026-10-09T23:05:07Z,2026-10-09,SEA @ DET,30e778f30fcb48f94af24793f5bd201a,fgs,yes,Chandler Stephenson,,bovada,2200,,oddsapi
2026-10-09T23:05:07Z,2026-10-09,SEA @ DET,30e778f30fcb48f94af24793f5bd201a,fgs,yes,Anton Johansson,,bovada,10000,,oddsapi
2026-10-09T23:05:07Z,2026-10-09,SEA @ DET,30e778f30fcb48f94af24793f5bd201a,fgs,yes,Ryker Evans,,bovada,8000,,oddsapi
2026-10-09T23:05:07Z,2026-10-09,SEA @ DET,30e778f30fcb48f94af24793f5bd201a,fgs,yes,Ben Chiarot,,bovada,10000,,oddsapi
2026-10-09T23:05:07Z,2026-10-09,SEA @ DET,30e778f30fcb48f94af24793f5bd201a,fgs,yes,Moritz Seider,,bovada,3000,,oddsapi
2026-10-09T23:05:07Z,2026-10-09,SEA @ DET,30e778f30fcb48f94af24793f5bd201a,fgs,yes,Bobby McMann,,bovada,1600,,oddsapi
2026-10-09T23:05:07Z,2026-10-09,SEA @ DET,30e778f30fcb48f94af24793f5bd201a,fgs,yes,Michael Brandsegg-Nygard,,bovada,2200,,oddsapi
2026-10-09T23:05:07Z,2026-10-09,SEA @ DET,30e778f30fcb48f94af24793f5bd201a,fgs,yes,Emmitt Finnie,,bovada,2200,,oddsapi
2026-10-09T23:05:07Z,2026-10-09,SEA @ DET,30e778f30fcb48f94af24793f5bd201a,fgs,yes,Viktor Arvidsson,,bovada,1300,,oddsapi
2026-10-09T23:05:07Z,2026-10-09,SEA @ DET,30e778f30fcb48f94af24793f5bd201a,fgs,yes,Andrew Copp,,bovada,2500,,oddsapi
2026-10-09T23:05:07Z,2026-10-09,SEA @ DET,30e778f30fcb48f94af24793f5bd201a,fgs,yes,Shane Wright,,bovada,2500,,oddsapi
2026-10-09T23:05:07Z,2026-10-09,SEA @ DET,30e778f30fcb48f94af24793f5bd201a,fgs,yes,Ben Meyers,,bovada,4500,,oddsapi
2026-10-09T23:05:07Z,2026-10-09,SEA @ DET,30e778f30fcb48f94af24793f5bd201a,fgs,yes,Lucas Raymond,,bovada,1200,,oddsapi
2026-10-09T23:05:07Z,2026-10-09,SEA @ DET,30e778f30fcb48f94af24793f5bd201a,fgs,yes,Ryan Winterton,,bovada,4000,,oddsapi
2026-10-09T23:05:07Z,2026-10-09,SEA @ DET,30e778f30fcb48f94af24793f5bd201a,fgs,yes,Nate Danielson,,bovada,4000,,oddsapi
2026-10-09T23:05:07Z,2026-10-09,SEA @ DET,30e778f30fcb48f94af24793f5bd201a,fgs,yes,Kaapo Kakko,,bovada,2500,,oddsapi
2026-10-09T23:05:07Z,2026-10-09,SEA @ DET,30e778f30fcb48f94af24793f5bd201a,fgs,yes,Mackie Samoskevich,,bovada,1700,,oddsapi
2026-10-09T23:05:07Z,2026-10-09,SEA @ DET,30e778f30fcb48f94af24793f5bd201a,fgs,yes,Alex DeBrincat,,bovada,1000,,oddsapi
2026-10-09T23:05:07Z,2026-10-09,SEA @ DET,30e778f30fcb48f94af24793f5bd201a,fgs,yes,Jared McCann,,bovada,1600,,oddsapi
2026-10-09T23:05:07Z,2026-10-09,SEA @ DET,30e778f30fcb48f94af24793f5bd201a,fgs,yes,Carter Mazur,,bovada,3500,,oddsapi
2026-10-09T23:05:07Z,2026-10-09,SEA @ DET,30e778f30fcb48f94af24793f5bd201a,fgs,yes,Michael Rasmussen,,bovada,3000,,oddsapi
2026-10-09T23:05:07Z,2026-10-09,SEA @ DET,30e778f30fcb48f94af24793f5bd201a,sk_sog,over,Bobby McMann,2.5,bovada,115,-150,oddsapi
2026-10-09T23:05:07Z,2026-10-09,SEA @ DET,30e778f30fcb48f94af24793f5bd201a,sk_sog,under,Bobby McMann,2.5,bovada,-150,115,oddsapi
2026-10-09T23:05:07Z,2026-10-09,SEA @ DET,30e778f30fcb48f94af24793f5bd201a,sk_sog,over,Justin Faulk,1.5,bovada,-135,105,oddsapi
2026-10-09T23:05:07Z,2026-10-09,SEA @ DET,30e778f30fcb48f94af24793f5bd201a,sk_sog,under,Justin Faulk,1.5,bovada,105,-135,oddsapi
2026-10-09T23:05:07Z,2026-10-09,SEA @ DET,30e778f30fcb48f94af24793f5bd201a,sk_sog,over,Viktor Arvidsson,2.5,bovada,-165,125,oddsapi
2026-10-09T23:05:07Z,2026-10-09,SEA @ DET,30e778f30fcb48f94af24793f5bd201a,sk_sog,under,Viktor Arvidsson,2.5,bovada,125,-165,oddsapi
2026-10-09T23:05:07Z,2026-10-09,SEA @ DET,30e778f30fcb48f94af24793f5bd201a,sk_sog,over,Alex DeBrincat,3.5,bovada,100,-130,oddsapi
2026-10-09T23:05:07Z,2026-10-09,SEA @ DET,30e778f30fcb48f94af24793f5bd201a,sk_sog,under,Alex DeBrincat,3.5,bovada,-130,100,oddsapi
2026-10-09T23:05:07Z,2026-10-09,SEA @ DET,30e778f30fcb48f94af24793f5bd201a,sk_sog,over,Brandon Montour,2.5,bovada,100,-130,oddsapi
2026-10-09T23:05:07Z,2026-10-09,SEA @ DET,30e778f30fcb48f94af24793f5bd201a,sk_sog,under,Brandon Montour,2.5,bovada,-130,100,oddsapi
2026-10-09T23:05:07Z,2026-10-09,SEA @ DET,30e778f30fcb48f94af24793f5bd201a,sk_sog,over,Dylan Larkin,3.5,bovada,130,-170,oddsapi
2026-10-09T23:05:07Z,2026-10-09,SEA @ DET,30e778f30fcb48f94af24793f5bd201a,sk_sog,under,Dylan Larkin,3.5,bovada,-170,130,oddsapi
2026-10-09T23:05:07Z,2026-10-09,SEA @ DET,30e778f30fcb48f94af24793f5bd201a,sk_sog,over,Emmitt Finnie,1.5,bovada,-115,-115,oddsapi
2026-10-09T23:05:07Z,2026-10-09,SEA @ DET,30e778f30fcb48f94af24793f5bd201a,sk_sog,under,Emmitt Finnie,1.5,bovada,-115,-115,oddsapi
2026-10-09T23:05:07Z,2026-10-09,SEA @ DET,30e778f30fcb48f94af24793f5bd201a,sk_sog,over,Jared McCann,2.5,bovada,135,-175,oddsapi
2026-10-09T23:05:07Z,2026-10-09,SEA @ DET,30e778f30fcb48f94af24793f5bd201a,sk_sog,under,Jared McCann,2.5,bovada,-175,135,oddsapi
2026-10-09T23:05:07Z,2026-10-09,SEA @ DET,30e778f30fcb48f94af24793f5bd201a,sk_sog,over,Jordan Eberle,1.5,bovada,-110,-120,oddsapi
2026-10-09T23:05:07Z,2026-10-09,SEA @ DET,30e778f30fcb48f94af24793f5bd201a,sk_sog,under,Jordan Eberle,1.5,bovada,-120,-110,oddsapi
2026-10-09T23:05:07Z,2026-10-09,SEA @ DET,30e778f30fcb48f94af24793f5bd201a,sk_sog,over,Lucas Raymond,2.5,bovada,100,-130,oddsapi
2026-10-09T23:05:07Z,2026-10-09,SEA @ DET,30e778f30fcb48f94af24793f5bd201a,sk_sog,under,Lucas Raymond,2.5,bovada,-130,100,oddsapi
2026-10-09T23:05:07Z,2026-10-09,SEA @ DET,30e778f30fcb48f94af24793f5bd201a,sk_sog,over,Mackie Samoskevich,1.5,bovada,-135,105,oddsapi
2026-10-09T23:05:07Z,2026-10-09,SEA @ DET,30e778f30fcb48f94af24793f5bd201a,sk_sog,under,Mackie Samoskevich,1.5,bovada,105,-135,oddsapi
2026-10-09T23:05:07Z,2026-10-09,SEA @ DET,30e778f30fcb48f94af24793f5bd201a,sk_sog,over,Moritz Seider,1.5,bovada,-190,145,oddsapi
2026-10-09T23:05:07Z,2026-10-09,SEA @ DET,30e778f30fcb48f94af24793f5bd201a,sk_sog,under,Moritz Seider,1.5,bovada,145,-190,oddsapi
2026-10-09T23:05:07Z,2026-10-09,SEA @ DET,30e778f30fcb48f94af24793f5bd201a,sk_sog,over,Vince Dunn,2.5,bovada,130,-170,oddsapi
2026-10-09T23:05:07Z,2026-10-09,SEA @ DET,30e778f30fcb48f94af24793f5bd201a,sk_sog,under,Vince Dunn,2.5,bovada,-170,130,oddsapi
2026-10-09T23:05:07Z,2026-10-09,SEA @ DET,30e778f30fcb48f94af24793f5bd201a,g_saves,over,John Gibson,24.5,bovada,-120,-110,oddsapi
2026-10-09T23:05:07Z,2026-10-09,SEA @ DET,30e778f30fcb48f94af24793f5bd201a,g_saves,under,John Gibson,24.5,bovada,-110,-120,oddsapi
2026-10-09T23:05:07Z,2026-10-09,SEA @ DET,30e778f30fcb48f94af24793f5bd201a,p1_pl,DET,,-0.5,bovada,150,-200,oddsapi
2026-10-09T23:05:07Z,2026-10-09,SEA @ DET,30e778f30fcb48f94af24793f5bd201a,p1_pl,SEA,,0.5,bovada,-200,150,oddsapi
2026-10-09T23:05:07Z,2026-10-09,SEA @ DET,30e778f30fcb48f94af24793f5bd201a,p2_pl,DET,,-0.5,bovada,145,-190,oddsapi
2026-10-09T23:05:07Z,2026-10-09,SEA @ DET,30e778f30fcb48f94af24793f5bd201a,p2_pl,SEA,,0.5,bovada,-190,145,oddsapi
2026-10-09T23:05:07Z,2026-10-09,SEA @ DET,30e778f30fcb48f94af24793f5bd201a,p3_pl,DET,,-0.5,bovada,125,-165,oddsapi
2026-10-09T23:05:07Z,2026-10-09,SEA @ DET,30e778f30fcb48f94af24793f5bd201a,p3_pl,SEA,,0.5,bovada,-165,125,oddsapi
2026-10-09T23:05:07Z,2026-10-09,SEA @ DET,30e778f30fcb48f94af24793f5bd201a,p1_total,over,,1.5,bovada,-130,100,oddsapi
2026-10-09T23:05:07Z,2026-10-09,SEA @ DET,30e778f30fcb48f94af24793f5bd201a,p1_total,under,,1.5,bovada,100,-130,oddsapi
2026-10-09T23:05:07Z,2026-10-09,SEA @ DET,30e778f30fcb48f94af24793f5bd201a,p2_total,over,,2,bovada,115,-150,oddsapi
2026-10-09T23:05:07Z,2026-10-09,SEA @ DET,30e778f30fcb48f94af24793f5bd201a,p2_total,under,,2,bovada,-150,115,oddsapi
2026-10-09T23:05:07Z,2026-10-09,SEA @ DET,30e778f30fcb48f94af24793f5bd201a,p3_total,over,,2,bovada,-125,-105,oddsapi
2026-10-09T23:05:07Z,2026-10-09,SEA @ DET,30e778f30fcb48f94af24793f5bd201a,p3_total,under,,2,bovada,-105,-125,oddsapi
2026-10-09T23:05:07Z,2026-10-09,SEA @ DET,30e778f30fcb48f94af24793f5bd201a,game_pl_alt,DET,,1.5,fanduel,-480,320,oddsapi
2026-10-09T23:05:07Z,2026-10-09,SEA @ DET,30e778f30fcb48f94af24793f5bd201a,game_pl_alt,DET,,2.5,fanduel,-1100,590,oddsapi
2026-10-09T23:05:07Z,2026-10-09,SEA @ DET,30e778f30fcb48f94af24793f5bd201a,game_pl_alt,DET,,3.5,fanduel,-5000,1950,oddsapi
2026-10-09T23:05:07Z,2026-10-09,SEA @ DET,30e778f30fcb48f94af24793f5bd201a,game_pl_alt,DET,,4.5,fanduel,-20000,6000,oddsapi
2026-10-09T23:05:07Z,2026-10-09,SEA @ DET,30e778f30fcb48f94af24793f5bd201a,game_pl_alt,DET,,5.5,fanduel,-50000,,oddsapi
2026-10-09T23:05:07Z,2026-10-09,SEA @ DET,30e778f30fcb48f94af24793f5bd201a,game_pl_alt,DET,,-1.5,fanduel,144,-186,oddsapi
2026-10-09T23:05:07Z,2026-10-09,SEA @ DET,30e778f30fcb48f94af24793f5bd201a,game_pl_alt,DET,,-2.5,fanduel,245,-350,oddsapi
2026-10-09T23:05:07Z,2026-10-09,SEA @ DET,30e778f30fcb48f94af24793f5bd201a,game_pl_alt,DET,,-3.5,fanduel,630,-1250,oddsapi
2026-10-09T23:05:07Z,2026-10-09,SEA @ DET,30e778f30fcb48f94af24793f5bd201a,game_pl_alt,DET,,-4.5,fanduel,1400,-3500,oddsapi
2026-10-09T23:05:07Z,2026-10-09,SEA @ DET,30e778f30fcb48f94af24793f5bd201a,game_pl_alt,DET,,-5.5,fanduel,2900,-8000,oddsapi
2026-10-09T23:05:07Z,2026-10-09,SEA @ DET,30e778f30fcb48f94af24793f5bd201a,game_pl_alt,SEA,,1.5,fanduel,-186,144,oddsapi
2026-10-09T23:05:07Z,2026-10-09,SEA @ DET,30e778f30fcb48f94af24793f5bd201a,game_pl_alt,SEA,,2.5,fanduel,-350,245,oddsapi
2026-10-09T23:05:07Z,2026-10-09,SEA @ DET,30e778f30fcb48f94af24793f5bd201a,game_pl_alt,SEA,,3.5,fanduel,-1250,630,oddsapi
2026-10-09T23:05:07Z,2026-10-09,SEA @ DET,30e778f30fcb48f94af24793f5bd201a,game_pl_alt,SEA,,4.5,fanduel,-3500,1400,oddsapi
2026-10-09T23:05:07Z,2026-10-09,SEA @ DET,30e778f30fcb48f94af24793f5bd201a,game_pl_alt,SEA,,5.5,fanduel,-8000,2900,oddsapi
2026-10-09T23:05:07Z,2026-10-09,SEA @ DET,30e778f30fcb48f94af24793f5bd201a,game_pl_alt,SEA,,6.5,fanduel,-20000,,oddsapi
2026-10-09T23:05:07Z,2026-10-09,SEA @ DET,30e778f30fcb48f94af24793f5bd201a,game_pl_alt,SEA,,-1.5,fanduel,320,-480,oddsapi
2026-10-09T23:05:07Z,2026-10-09,SEA @ DET,30e778f30fcb48f94af24793f5bd201a,game_pl_alt,SEA,,-2.5,fanduel,590,-1100,oddsapi
2026-10-09T23:05:07Z,2026-10-09,SEA @ DET,30e778f30fcb48f94af24793f5bd201a,game_pl_alt,SEA,,-3.5,fanduel,1950,-5000,oddsapi
2026-10-09T23:05:07Z,2026-10-09,SEA @ DET,30e778f30fcb48f94af24793f5bd201a,game_pl_alt,SEA,,-4.5,fanduel,6000,-20000,oddsapi
2026-10-09T23:05:07Z,2026-10-09,SEA @ DET,30e778f30fcb48f94af24793f5bd201a,team_total_alt,over,DET,0.5,fanduel,-5000,2000,oddsapi
2026-10-09T23:05:07Z,2026-10-09,SEA @ DET,30e778f30fcb48f94af24793f5bd201a,team_total_alt,over,DET,1.5,fanduel,-800,490,oddsapi
2026-10-09T23:05:07Z,2026-10-09,SEA @ DET,30e778f30fcb48f94af24793f5bd201a,team_total_alt,over,DET,2.5,fanduel,-235,,oddsapi
2026-10-09T23:05:07Z,2026-10-09,SEA @ DET,30e778f30fcb48f94af24793f5bd201a,team_total_alt,over,DET,3.5,fanduel,108,-136,oddsapi
2026-10-09T23:05:07Z,2026-10-09,SEA @ DET,30e778f30fcb48f94af24793f5bd201a,team_total_alt,over,DET,4.5,fanduel,250,-360,oddsapi
2026-10-09T23:05:07Z,2026-10-09,SEA @ DET,30e778f30fcb48f94af24793f5bd201a,team_total_alt,over,DET,5.5,fanduel,630,-1250,oddsapi
2026-10-09T23:05:07Z,2026-10-09,SEA @ DET,30e778f30fcb48f94af24793f5bd201a,team_total_alt,over,DET,6.5,fanduel,1500,-3500,oddsapi
2026-10-09T23:05:07Z,2026-10-09,SEA @ DET,30e778f30fcb48f94af24793f5bd201a,team_total_alt,over,DET,7.5,fanduel,4000,-8000,oddsapi
2026-10-09T23:05:07Z,2026-10-09,SEA @ DET,30e778f30fcb48f94af24793f5bd201a,team_total_alt,under,DET,0.5,fanduel,2000,-5000,oddsapi
2026-10-09T23:05:07Z,2026-10-09,SEA @ DET,30e778f30fcb48f94af24793f5bd201a,team_total_alt,under,DET,1.5,fanduel,490,-800,oddsapi
2026-10-09T23:05:07Z,2026-10-09,SEA @ DET,30e778f30fcb48f94af24793f5bd201a,team_total_alt,under,DET,3.5,fanduel,-136,108,oddsapi
2026-10-09T23:05:07Z,2026-10-09,SEA @ DET,30e778f30fcb48f94af24793f5bd201a,team_total_alt,under,DET,4.5,fanduel,-360,250,oddsapi
2026-10-09T23:05:07Z,2026-10-09,SEA @ DET,30e778f30fcb48f94af24793f5bd201a,team_total_alt,under,DET,5.5,fanduel,-1250,630,oddsapi
2026-10-09T23:05:07Z,2026-10-09,SEA @ DET,30e778f30fcb48f94af24793f5bd201a,team_total_alt,under,DET,6.5,fanduel,-3500,1500,oddsapi
2026-10-09T23:05:07Z,2026-10-09,SEA @ DET,30e778f30fcb48f94af24793f5bd201a,team_total_alt,under,DET,7.5,fanduel,-8000,4000,oddsapi
2026-10-09T23:05:07Z,2026-10-09,SEA @ DET,30e778f30fcb48f94af24793f5bd201a,team_total_alt,over,SEA,0.5,fanduel,-2000,1020,oddsapi
2026-10-09T23:05:07Z,2026-10-09,SEA @ DET,30e778f30fcb48f94af24793f5bd201a,team_total_alt,over,SEA,1.5,fanduel,-360,260,oddsapi
2026-10-09T23:05:07Z,2026-10-09,SEA @ DET,30e778f30fcb48f94af24793f5bd201a,team_total_alt,over,SEA,2.5,fanduel,-122,,oddsapi
2026-10-09T23:05:07Z,2026-10-09,SEA @ DET,30e778f30fcb48f94af24793f5bd201a,team_total_alt,over,SEA,3.5,fanduel,200,-270,oddsapi
2026-10-09T23:05:07Z,2026-10-09,SEA @ DET,30e778f30fcb48f94af24793f5bd201a,team_total_alt,over,SEA,4.5,fanduel,490,-800,oddsapi
2026-10-09T23:05:07Z,2026-10-09,SEA @ DET,30e778f30fcb48f94af24793f5bd201a,team_total_alt,over,SEA,5.5,fanduel,1380,-3000,oddsapi
2026-10-09T23:05:07Z,2026-10-09,SEA @ DET,30e778f30fcb48f94af24793f5bd201a,team_total_alt,over,SEA,6.5,fanduel,4000,-8000,oddsapi
2026-10-09T23:05:07Z,2026-10-09,SEA @ DET,30e778f30fcb48f94af24793f5bd201a,team_total_alt,under,SEA,0.5,fanduel,1020,-2000,oddsapi
2026-10-09T23:05:07Z,2026-10-09,SEA @ DET,30e778f30fcb48f94af24793f5bd201a,team_total_alt,under,SEA,1.5,fanduel,260,-360,oddsapi
2026-10-09T23:05:07Z,2026-10-09,SEA @ DET,30e778f30fcb48f94af24793f5bd201a,team_total_alt,under,SEA,3.5,fanduel,-270,200,oddsapi
2026-10-09T23:05:07Z,2026-10-09,SEA @ DET,30e778f30fcb48f94af24793f5bd201a,team_total_alt,under,SEA,4.5,fanduel,-800,490,oddsapi
2026-10-09T23:05:07Z,2026-10-09,SEA @ DET,30e778f30fcb48f94af24793f5bd201a,team_total_alt,under,SEA,5.5,fanduel,-3000,1380,oddsapi
2026-10-09T23:05:07Z,2026-10-09,SEA @ DET,30e778f30fcb48f94af24793f5bd201a,team_total_alt,under,SEA,6.5,fanduel,-8000,4000,oddsapi
2026-10-09T23:05:07Z,2026-10-09,SEA @ DET,30e778f30fcb48f94af24793f5bd201a,game_total_alt,over,,2.5,fanduel,-5000,2000,oddsapi
2026-10-09T23:05:07Z,2026-10-09,SEA @ DET,30e778f30fcb48f94af24793f5bd201a,game_total_alt,over,,3.5,fanduel,-800,500,oddsapi
2026-10-09T23:05:07Z,2026-10-09,SEA @ DET,30e778f30fcb48f94af24793f5bd201a,game_total_alt,over,,4.5,fanduel,-430,290,oddsapi
2026-10-09T23:05:07Z,2026-10-09,SEA @ DET,30e778f30fcb48f94af24793f5bd201a,game_total_alt,over,,5.5,fanduel,-140,110,oddsapi
2026-10-09T23:05:07Z,2026-10-09,SEA @ DET,30e778f30fcb48f94af24793f5bd201a,game_total_alt,over,,6.5,fanduel,114,-144,oddsapi
2026-10-09T23:05:07Z,2026-10-09,SEA @ DET,30e778f30fcb48f94af24793f5bd201a,game_total_alt,over,,7.5,fanduel,280,-400,oddsapi
2026-10-09T23:05:07Z,2026-10-09,SEA @ DET,30e778f30fcb48f94af24793f5bd201a,game_total_alt,over,,8.5,fanduel,450,-700,oddsapi
2026-10-09T23:05:07Z,2026-10-09,SEA @ DET,30e778f30fcb48f94af24793f5bd201a,game_total_alt,over,,9.5,fanduel,1040,-2000,oddsapi
2026-10-09T23:05:07Z,2026-10-09,SEA @ DET,30e778f30fcb48f94af24793f5bd201a,game_total_alt,over,,10.5,fanduel,1500,-3500,oddsapi
2026-10-09T23:05:07Z,2026-10-09,SEA @ DET,30e778f30fcb48f94af24793f5bd201a,game_total_alt,over,,11.5,fanduel,4300,-8000,oddsapi
2026-10-09T23:05:07Z,2026-10-09,SEA @ DET,30e778f30fcb48f94af24793f5bd201a,game_total_alt,under,,2.5,fanduel,2000,-5000,oddsapi
2026-10-09T23:05:07Z,2026-10-09,SEA @ DET,30e778f30fcb48f94af24793f5bd201a,game_total_alt,under,,3.5,fanduel,500,-800,oddsapi
2026-10-09T23:05:07Z,2026-10-09,SEA @ DET,30e778f30fcb48f94af24793f5bd201a,game_total_alt,under,,4.5,fanduel,290,-430,oddsapi
2026-10-09T23:05:07Z,2026-10-09,SEA @ DET,30e778f30fcb48f94af24793f5bd201a,game_total_alt,under,,5.5,fanduel,110,-140,oddsapi
2026-10-09T23:05:07Z,2026-10-09,SEA @ DET,30e778f30fcb48f94af24793f5bd201a,game_total_alt,under,,6.5,fanduel,-144,114,oddsapi
2026-10-09T23:05:07Z,2026-10-09,SEA @ DET,30e778f30fcb48f94af24793f5bd201a,game_total_alt,under,,7.5,fanduel,-400,280,oddsapi
2026-10-09T23:05:07Z,2026-10-09,SEA @ DET,30e778f30fcb48f94af24793f5bd201a,game_total_alt,under,,8.5,fanduel,-700,450,oddsapi
2026-10-09T23:05:07Z,2026-10-09,SEA @ DET,30e778f30fcb48f94af24793f5bd201a,game_total_alt,under,,9.5,fanduel,-2000,1040,oddsapi
2026-10-09T23:05:07Z,2026-10-09,SEA @ DET,30e778f30fcb48f94af24793f5bd201a,game_total_alt,under,,10.5,fanduel,-3500,1500,oddsapi
2026-10-09T23:05:07Z,2026-10-09,SEA @ DET,30e778f30fcb48f94af24793f5bd201a,game_total_alt,under,,11.5,fanduel,-8000,4300,oddsapi
2026-10-09T23:05:07Z,2026-10-09,SEA @ DET,30e778f30fcb48f94af24793f5bd201a,game_ml3,DET,,,fanduel,-105,,oddsapi
2026-10-09T23:05:07Z,2026-10-09,SEA @ DET,30e778f30fcb48f94af24793f5bd201a,game_ml3,SEA,,,fanduel,190,,oddsapi
2026-10-09T23:05:07Z,2026-10-09,SEA @ DET,30e778f30fcb48f94af24793f5bd201a,game_ml3,draw,,,fanduel,340,,oddsapi
2026-10-09T23:05:07Z,2026-10-09,SEA @ DET,30e778f30fcb48f94af24793f5bd201a,p1_ml3,DET,,,fanduel,155,,oddsapi
2026-10-09T23:05:07Z,2026-10-09,SEA @ DET,30e778f30fcb48f94af24793f5bd201a,p1_ml3,SEA,,,fanduel,220,,oddsapi
2026-10-09T23:05:07Z,2026-10-09,SEA @ DET,30e778f30fcb48f94af24793f5bd201a,p1_ml3,draw,,,fanduel,175,,oddsapi
2026-10-09T23:05:07Z,2026-10-09,SEA @ DET,30e778f30fcb48f94af24793f5bd201a,p2_ml3,DET,,,fanduel,130,,oddsapi
2026-10-09T23:05:07Z,2026-10-09,SEA @ DET,30e778f30fcb48f94af24793f5bd201a,p2_ml3,SEA,,,fanduel,220,,oddsapi
2026-10-09T23:05:07Z,2026-10-09,SEA @ DET,30e778f30fcb48f94af24793f5bd201a,p2_ml3,draw,,,fanduel,220,,oddsapi
2026-10-09T23:05:07Z,2026-10-09,SEA @ DET,30e778f30fcb48f94af24793f5bd201a,p3_ml3,DET,,,fanduel,120,,oddsapi
2026-10-09T23:05:07Z,2026-10-09,SEA @ DET,30e778f30fcb48f94af24793f5bd201a,p3_ml3,SEA,,,fanduel,220,,oddsapi
2026-10-09T23:05:07Z,2026-10-09,SEA @ DET,30e778f30fcb48f94af24793f5bd201a,p3_ml3,draw,,,fanduel,240,,oddsapi
2026-10-09T23:05:07Z,2026-10-09,SEA @ DET,30e778f30fcb48f94af24793f5bd201a,p1_ml,DET,,,fanduel,-142,112,oddsapi
2026-10-09T23:05:07Z,2026-10-09,SEA @ DET,30e778f30fcb48f94af24793f5bd201a,p1_ml,SEA,,,fanduel,112,-142,oddsapi
2026-10-09T23:05:07Z,2026-10-09,SEA @ DET,30e778f30fcb48f94af24793f5bd201a,p2_ml,DET,,,fanduel,-164,128,oddsapi
2026-10-09T23:05:07Z,2026-10-09,SEA @ DET,30e778f30fcb48f94af24793f5bd201a,p2_ml,SEA,,,fanduel,128,-164,oddsapi
2026-10-09T23:05:07Z,2026-10-09,SEA @ DET,30e778f30fcb48f94af24793f5bd201a,p3_ml,DET,,,fanduel,-166,130,oddsapi
2026-10-09T23:05:07Z,2026-10-09,SEA @ DET,30e778f30fcb48f94af24793f5bd201a,p3_ml,SEA,,,fanduel,130,-166,oddsapi
2026-10-09T23:05:07Z,2026-10-09,SEA @ DET,30e778f30fcb48f94af24793f5bd201a,ags,yes,Alex DeBrincat,,fanduel,130,,oddsapi
2026-10-09T23:05:07Z,2026-10-09,SEA @ DET,30e778f30fcb48f94af24793f5bd201a,ags,yes,Dylan Larkin,,fanduel,160,,oddsapi
2026-10-09T23:05:07Z,2026-10-09,SEA @ DET,30e778f30fcb48f94af24793f5bd201a,ags,yes,Viktor Arvidsson,,fanduel,190,,oddsapi
2026-10-09T23:05:07Z,2026-10-09,SEA @ DET,30e778f30fcb48f94af24793f5bd201a,ags,yes,Lucas Raymond,,fanduel,200,,oddsapi
2026-10-09T23:05:07Z,2026-10-09,SEA @ DET,30e778f30fcb48f94af24793f5bd201a,ags,yes,Bobby McMann,,fanduel,260,,oddsapi
2026-10-09T23:05:07Z,2026-10-09,SEA @ DET,30e778f30fcb48f94af24793f5bd201a,ags,yes,Jared McCann,,fanduel,270,,oddsapi
2026-10-09T23:05:07Z,2026-10-09,SEA @ DET,30e778f30fcb48f94af24793f5bd201a,ags,yes,Jordan Eberle,,fanduel,280,,oddsapi
2026-10-09T23:05:07Z,2026-10-09,SEA @ DET,30e778f30fcb48f94af24793f5bd201a,ags,yes,Mackie Samoskevich,,fanduel,310,,oddsapi
2026-10-09T23:05:07Z,2026-10-09,SEA @ DET,30e778f30fcb48f94af24793f5bd201a,ags,yes,Michael Brandsegg-Nygard,,fanduel,360,,oddsapi
2026-10-09T23:05:07Z,2026-10-09,SEA @ DET,30e778f30fcb48f94af24793f5bd201a,ags,yes,Matty Beniers,,fanduel,370,,oddsapi
2026-10-09T23:05:07Z,2026-10-09,SEA @ DET,30e778f30fcb48f94af24793f5bd201a,ags,yes,Andrew Copp,,fanduel,400,,oddsapi
2026-10-09T23:05:07Z,2026-10-09,SEA @ DET,30e778f30fcb48f94af24793f5bd201a,ags,yes,Emmitt Finnie,,fanduel,400,,oddsapi
2026-10-09T23:05:07Z,2026-10-09,SEA @ DET,30e778f30fcb48f94af24793f5bd201a,ags,yes,Shane Wright,,fanduel,420,,oddsapi
2026-10-09T23:05:07Z,2026-10-09,SEA @ DET,30e778f30fcb48f94af24793f5bd201a,ags,yes,Chandler Stephenson,,fanduel,430,,oddsapi
2026-10-09T23:05:07Z,2026-10-09,SEA @ DET,30e778f30fcb48f94af24793f5bd201a,ags,yes,Kaapo Kakko,,fanduel,440,,oddsapi
2026-10-09T23:05:07Z,2026-10-09,SEA @ DET,30e778f30fcb48f94af24793f5bd201a,ags,yes,Berkly Catton,,fanduel,480,,oddsapi
2026-10-09T23:05:07Z,2026-10-09,SEA @ DET,30e778f30fcb48f94af24793f5bd201a,ags,yes,Moritz Seider,,fanduel,500,,oddsapi
2026-10-09T23:05:07Z,2026-10-09,SEA @ DET,30e778f30fcb48f94af24793f5bd201a,ags,yes,Brandon Montour,,fanduel,600,,oddsapi
2026-10-09T23:05:07Z,2026-10-09,SEA @ DET,30e778f30fcb48f94af24793f5bd201a,ags,yes,Michael Rasmussen,,fanduel,600,,oddsapi
2026-10-09T23:05:07Z,2026-10-09,SEA @ DET,30e778f30fcb48f94af24793f5bd201a,ags,yes,Justin Faulk,,fanduel,650,,oddsapi
2026-10-09T23:05:07Z,2026-10-09,SEA @ DET,30e778f30fcb48f94af24793f5bd201a,ags,yes,Vince Dunn,,fanduel,650,,oddsapi
2026-10-09T23:05:07Z,2026-10-09,SEA @ DET,30e778f30fcb48f94af24793f5bd201a,ags,yes,Nate Danielson,,fanduel,700,,oddsapi
2026-10-09T23:05:07Z,2026-10-09,SEA @ DET,30e778f30fcb48f94af24793f5bd201a,ags,yes,Carter Mazur,,fanduel,750,,oddsapi
2026-10-09T23:05:07Z,2026-10-09,SEA @ DET,30e778f30fcb48f94af24793f5bd201a,ags,yes,Keegan Kolesar,,fanduel,900,,oddsapi
2026-10-09T23:05:07Z,2026-10-09,SEA @ DET,30e778f30fcb48f94af24793f5bd201a,ags,yes,Ryan Winterton,,fanduel,900,,oddsapi
2026-10-09T23:05:07Z,2026-10-09,SEA @ DET,30e778f30fcb48f94af24793f5bd201a,ags,yes,Sheldon Dries,,fanduel,900,,oddsapi
2026-10-09T23:05:07Z,2026-10-09,SEA @ DET,30e778f30fcb48f94af24793f5bd201a,ags,yes,Frederick Gaudreau,,fanduel,950,,oddsapi
2026-10-09T23:05:07Z,2026-10-09,SEA @ DET,30e778f30fcb48f94af24793f5bd201a,ags,yes,Ben Meyers,,fanduel,1100,,oddsapi
2026-10-09T23:05:07Z,2026-10-09,SEA @ DET,30e778f30fcb48f94af24793f5bd201a,ags,yes,Albert Johansson,,fanduel,1200,,oddsapi
2026-10-09T23:05:07Z,2026-10-09,SEA @ DET,30e778f30fcb48f94af24793f5bd201a,ags,yes,Ryker Evans,,fanduel,1400,,oddsapi
2026-10-09T23:05:07Z,2026-10-09,SEA @ DET,30e778f30fcb48f94af24793f5bd201a,ags,yes,Adam Larsson,,fanduel,1500,,oddsapi
2026-10-09T23:05:07Z,2026-10-09,SEA @ DET,30e778f30fcb48f94af24793f5bd201a,ags,yes,Anton Johansson,,fanduel,1800,,oddsapi
2026-10-09T23:05:07Z,2026-10-09,SEA @ DET,30e778f30fcb48f94af24793f5bd201a,ags,yes,Ben Chiarot,,fanduel,2100,,oddsapi
2026-10-09T23:05:07Z,2026-10-09,SEA @ DET,30e778f30fcb48f94af24793f5bd201a,ags,yes,Josh Mahura,,fanduel,2400,,oddsapi
2026-10-09T23:05:07Z,2026-10-09,SEA @ DET,30e778f30fcb48f94af24793f5bd201a,fgs,yes,Alex DeBrincat,,fanduel,1000,,oddsapi
2026-10-09T23:05:07Z,2026-10-09,SEA @ DET,30e778f30fcb48f94af24793f5bd201a,fgs,yes,Dylan Larkin,,fanduel,1000,,oddsapi
2026-10-09T23:05:07Z,2026-10-09,SEA @ DET,30e778f30fcb48f94af24793f5bd201a,fgs,yes,Lucas Raymond,,fanduel,1200,,oddsapi
2026-10-09T23:05:07Z,2026-10-09,SEA @ DET,30e778f30fcb48f94af24793f5bd201a,fgs,yes,Viktor Arvidsson,,fanduel,1300,,oddsapi
2026-10-09T23:05:07Z,2026-10-09,SEA @ DET,30e778f30fcb48f94af24793f5bd201a,fgs,yes,Jared McCann,,fanduel,1600,,oddsapi
2026-10-09T23:05:07Z,2026-10-09,SEA @ DET,30e778f30fcb48f94af24793f5bd201a,fgs,yes,Bobby McMann,,fanduel,1600,,oddsapi
2026-10-09T23:05:07Z,2026-10-09,SEA @ DET,30e778f30fcb48f94af24793f5bd201a,fgs,yes,Mackie Samoskevich,,fanduel,1700,,oddsapi
2026-10-09T23:05:07Z,2026-10-09,SEA @ DET,30e778f30fcb48f94af24793f5bd201a,fgs,yes,Jordan Eberle,,fanduel,1700,,oddsapi
2026-10-09T23:05:07Z,2026-10-09,SEA @ DET,30e778f30fcb48f94af24793f5bd201a,fgs,yes,Matty Beniers,,fanduel,2000,,oddsapi
2026-10-09T23:05:07Z,2026-10-09,SEA @ DET,30e778f30fcb48f94af24793f5bd201a,fgs,yes,Chandler Stephenson,,fanduel,2200,,oddsapi
2026-10-09T23:05:07Z,2026-10-09,SEA @ DET,30e778f30fcb48f94af24793f5bd201a,fgs,yes,Emmitt Finnie,,fanduel,2200,,oddsapi
2026-10-09T23:05:07Z,2026-10-09,SEA @ DET,30e778f30fcb48f94af24793f5bd201a,fgs,yes,Michael Brandsegg-Nygard,,fanduel,2200,,oddsapi
2026-10-09T23:05:07Z,2026-10-09,SEA @ DET,30e778f30fcb48f94af24793f5bd201a,fgs,yes,Berkly Catton,,fanduel,2500,,oddsapi
2026-10-09T23:05:07Z,2026-10-09,SEA @ DET,30e778f30fcb48f94af24793f5bd201a,fgs,yes,Kaapo Kakko,,fanduel,2500,,oddsapi
2026-10-09T23:05:07Z,2026-10-09,SEA @ DET,30e778f30fcb48f94af24793f5bd201a,fgs,yes,Andrew Copp,,fanduel,2500,,oddsapi
2026-10-09T23:05:07Z,2026-10-09,SEA @ DET,30e778f30fcb48f94af24793f5bd201a,fgs,yes,Shane Wright,,fanduel,2500,,oddsapi
2026-10-09T23:05:07Z,2026-10-09,SEA @ DET,30e778f30fcb48f94af24793f5bd201a,fgs,yes,Moritz Seider,,fanduel,3000,,oddsapi
2026-10-09T23:05:07Z,2026-10-09,SEA @ DET,30e778f30fcb48f94af24793f5bd201a,fgs,yes,Michael Rasmussen,,fanduel,3000,,oddsapi
2026-10-09T23:05:07Z,2026-10-09,SEA @ DET,30e778f30fcb48f94af24793f5bd201a,fgs,yes,Vince Dunn,,fanduel,3300,,oddsapi
2026-10-09T23:05:07Z,2026-10-09,SEA @ DET,30e778f30fcb48f94af24793f5bd201a,fgs,yes,Brandon Montour,,fanduel,3300,,oddsapi
2026-10-09T23:05:07Z,2026-10-09,SEA @ DET,30e778f30fcb48f94af24793f5bd201a,fgs,yes,Justin Faulk,,fanduel,3500,,oddsapi
2026-10-09T23:05:07Z,2026-10-09,SEA @ DET,30e778f30fcb48f94af24793f5bd201a,fgs,yes,Carter Mazur,,fanduel,3500,,oddsapi
2026-10-09T23:05:07Z,2026-10-09,SEA @ DET,30e778f30fcb48f94af24793f5bd201a,fgs,yes,Ryan Winterton,,fanduel,4000,,oddsapi
2026-10-09T23:05:07Z,2026-10-09,SEA @ DET,30e778f30fcb48f94af24793f5bd201a,fgs,yes,Nate Danielson,,fanduel,4000,,oddsapi
2026-10-09T23:05:07Z,2026-10-09,SEA @ DET,30e778f30fcb48f94af24793f5bd201a,fgs,yes,Ben Meyers,,fanduel,4500,,oddsapi
2026-10-09T23:05:07Z,2026-10-09,SEA @ DET,30e778f30fcb48f94af24793f5bd201a,fgs,yes,Sheldon Dries,,fanduel,4500,,oddsapi
2026-10-09T23:05:07Z,2026-10-09,SEA @ DET,30e778f30fcb48f94af24793f5bd201a,fgs,yes,Frederick Gaudreau,,fanduel,5000,,oddsapi
2026-10-09T23:05:07Z,2026-10-09,SEA @ DET,30e778f30fcb48f94af24793f5bd201a,fgs,yes,Keegan Kolesar,,fanduel,5000,,oddsapi
2026-10-09T23:05:07Z,2026-10-09,SEA @ DET,30e778f30fcb48f94af24793f5bd201a,fgs,yes,Albert Johansson,,fanduel,6000,,oddsapi
2026-10-09T23:05:07Z,2026-10-09,SEA @ DET,30e778f30fcb48f94af24793f5bd201a,fgs,yes,Adam Larsson,,fanduel,6500,,oddsapi
2026-10-09T23:05:07Z,2026-10-09,SEA @ DET,30e778f30fcb48f94af24793f5bd201a,fgs,yes,Ryker Evans,,fanduel,8000,,oddsapi
2026-10-09T23:05:07Z,2026-10-09,SEA @ DET,30e778f30fcb48f94af24793f5bd201a,fgs,yes,Anton Johansson,,fanduel,10000,,oddsapi
2026-10-09T23:05:07Z,2026-10-09,SEA @ DET,30e778f30fcb48f94af24793f5bd201a,fgs,yes,Ben Chiarot,,fanduel,10000,,oddsapi
2026-10-09T23:05:07Z,2026-10-09,SEA @ DET,30e778f30fcb48f94af24793f5bd201a,fgs,yes,Josh Mahura,,fanduel,10000,,oddsapi
2026-10-09T23:05:07Z,2026-10-09,SEA @ DET,30e778f30fcb48f94af24793f5bd201a,fgs,yes,Ville Ottavainen,,fanduel,10000,,oddsapi
2026-10-09T23:05:07Z,2026-10-09,SEA @ DET,30e778f30fcb48f94af24793f5bd201a,sk_g,over,Jared McCann,0.5,fanduel,270,-400,oddsapi
2026-10-09T23:05:07Z,2026-10-09,SEA @ DET,30e778f30fcb48f94af24793f5bd201a,sk_g,under,Jared McCann,0.5,fanduel,-400,270,oddsapi
2026-10-09T23:05:07Z,2026-10-09,SEA @ DET,30e778f30fcb48f94af24793f5bd201a,sk_g,over,Alex DeBrincat,0.5,fanduel,130,-180,oddsapi
2026-10-09T23:05:07Z,2026-10-09,SEA @ DET,30e778f30fcb48f94af24793f5bd201a,sk_g,under,Alex DeBrincat,0.5,fanduel,-180,130,oddsapi
2026-10-09T23:05:07Z,2026-10-09,SEA @ DET,30e778f30fcb48f94af24793f5bd201a,sk_g,over,Lucas Raymond,0.5,fanduel,200,-270,oddsapi
2026-10-09T23:05:07Z,2026-10-09,SEA @ DET,30e778f30fcb48f94af24793f5bd201a,sk_g,under,Lucas Raymond,0.5,fanduel,-270,200,oddsapi
2026-10-09T23:05:07Z,2026-10-09,SEA @ DET,30e778f30fcb48f94af24793f5bd201a,sk_g,over,Bobby McMann,0.5,fanduel,260,-400,oddsapi
2026-10-09T23:05:07Z,2026-10-09,SEA @ DET,30e778f30fcb48f94af24793f5bd201a,sk_g,under,Bobby McMann,0.5,fanduel,-400,260,oddsapi
2026-10-09T23:05:07Z,2026-10-09,SEA @ DET,30e778f30fcb48f94af24793f5bd201a,sk_g,over,Dylan Larkin,0.5,fanduel,160,-220,oddsapi
2026-10-09T23:05:07Z,2026-10-09,SEA @ DET,30e778f30fcb48f94af24793f5bd201a,sk_g,under,Dylan Larkin,0.5,fanduel,-220,160,oddsapi
2026-10-09T23:05:07Z,2026-10-09,SEA @ DET,30e778f30fcb48f94af24793f5bd201a,sk_g,over,Viktor Arvidsson,0.5,fanduel,190,-260,oddsapi
2026-10-09T23:05:07Z,2026-10-09,SEA @ DET,30e778f30fcb48f94af24793f5bd201a,sk_g,under,Viktor Arvidsson,0.5,fanduel,-260,190,oddsapi
2026-10-09T23:05:07Z,2026-10-09,SEA @ DET,30e778f30fcb48f94af24793f5bd201a,sk_sog,over,Vince Dunn,1.5,fanduel,-178,136,oddsapi
2026-10-09T23:05:07Z,2026-10-09,SEA @ DET,30e778f30fcb48f94af24793f5bd201a,sk_sog,under,Vince Dunn,1.5,fanduel,136,-178,oddsapi
2026-10-09T23:05:07Z,2026-10-09,SEA @ DET,30e778f30fcb48f94af24793f5bd201a,sk_sog,over,Dylan Larkin,2.5,fanduel,-165,126,oddsapi
2026-10-09T23:05:07Z,2026-10-09,SEA @ DET,30e778f30fcb48f94af24793f5bd201a,sk_sog,under,Dylan Larkin,2.5,fanduel,126,-165,oddsapi
2026-10-09T23:05:07Z,2026-10-09,SEA @ DET,30e778f30fcb48f94af24793f5bd201a,sk_sog,over,Bobby McMann,2.5,fanduel,104,-132,oddsapi
2026-10-09T23:05:07Z,2026-10-09,SEA @ DET,30e778f30fcb48f94af24793f5bd201a,sk_sog,under,Bobby McMann,2.5,fanduel,-132,104,oddsapi
2026-10-09T23:05:07Z,2026-10-09,SEA @ DET,30e778f30fcb48f94af24793f5bd201a,sk_sog,over,Viktor Arvidsson,2.5,fanduel,-146,112,oddsapi
2026-10-09T23:05:07Z,2026-10-09,SEA @ DET,30e778f30fcb48f94af24793f5bd201a,sk_sog,under,Viktor Arvidsson,2.5,fanduel,112,-146,oddsapi
2026-10-09T23:05:07Z,2026-10-09,SEA @ DET,30e778f30fcb48f94af24793f5bd201a,sk_sog,over,Lucas Raymond,2.5,fanduel,-104,-125,oddsapi
2026-10-09T23:05:07Z,2026-10-09,SEA @ DET,30e778f30fcb48f94af24793f5bd201a,sk_sog,under,Lucas Raymond,2.5,fanduel,-125,-104,oddsapi
2026-10-09T23:05:07Z,2026-10-09,SEA @ DET,30e778f30fcb48f94af24793f5bd201a,sk_sog,over,Moritz Seider,2.5,fanduel,120,-156,oddsapi
2026-10-09T23:05:07Z,2026-10-09,SEA @ DET,30e778f30fcb48f94af24793f5bd201a,sk_sog,under,Moritz Seider,2.5,fanduel,-156,120,oddsapi
2026-10-09T23:05:07Z,2026-10-09,SEA @ DET,30e778f30fcb48f94af24793f5bd201a,sk_sog,over,Alex DeBrincat,3.5,fanduel,106,-138,oddsapi
2026-10-09T23:05:07Z,2026-10-09,SEA @ DET,30e778f30fcb48f94af24793f5bd201a,sk_sog,under,Alex DeBrincat,3.5,fanduel,-138,106,oddsapi
2026-10-09T23:05:07Z,2026-10-09,SEA @ DET,30e778f30fcb48f94af24793f5bd201a,sk_sog,over,Jared McCann,2.5,fanduel,138,-182,oddsapi
2026-10-09T23:05:07Z,2026-10-09,SEA @ DET,30e778f30fcb48f94af24793f5bd201a,sk_sog,under,Jared McCann,2.5,fanduel,-182,138,oddsapi
2026-10-09T23:05:07Z,2026-10-09,SEA @ DET,30e778f30fcb48f94af24793f5bd201a,g_saves,over,Philipp Grubauer,26.5,fanduel,-125,-106,oddsapi
2026-10-09T23:05:07Z,2026-10-09,SEA @ DET,30e778f30fcb48f94af24793f5bd201a,g_saves,under,Philipp Grubauer,26.5,fanduel,-106,-125,oddsapi
2026-10-09T23:05:07Z,2026-10-09,SEA @ DET,30e778f30fcb48f94af24793f5bd201a,g_saves,over,John Gibson,23.5,fanduel,-106,-125,oddsapi
2026-10-09T23:05:07Z,2026-10-09,SEA @ DET,30e778f30fcb48f94af24793f5bd201a,g_saves,under,John Gibson,23.5,fanduel,-125,-106,oddsapi
2026-10-09T23:05:07Z,2026-10-09,SEA @ DET,30e778f30fcb48f94af24793f5bd201a,p1_pl,DET,,-0.5,fanduel,154,-200,oddsapi
2026-10-09T23:05:07Z,2026-10-09,SEA @ DET,30e778f30fcb48f94af24793f5bd201a,p1_pl,SEA,,0.5,fanduel,-200,154,oddsapi
2026-10-09T23:05:07Z,2026-10-09,SEA @ DET,30e778f30fcb48f94af24793f5bd201a,p2_pl,DET,,-0.5,fanduel,128,-164,oddsapi
2026-10-09T23:05:07Z,2026-10-09,SEA @ DET,30e778f30fcb48f94af24793f5bd201a,p2_pl,SEA,,0.5,fanduel,-164,128,oddsapi
2026-10-09T23:05:07Z,2026-10-09,SEA @ DET,30e778f30fcb48f94af24793f5bd201a,p3_pl,DET,,-0.5,fanduel,118,-150,oddsapi
2026-10-09T23:05:07Z,2026-10-09,SEA @ DET,30e778f30fcb48f94af24793f5bd201a,p3_pl,SEA,,0.5,fanduel,-150,118,oddsapi
2026-10-09T23:05:07Z,2026-10-09,SEA @ DET,30e778f30fcb48f94af24793f5bd201a,team_total,over,DET,2.5,fanduel,-235,,oddsapi
2026-10-09T23:05:07Z,2026-10-09,SEA @ DET,30e778f30fcb48f94af24793f5bd201a,team_total,under,DET,3.5,fanduel,-136,,oddsapi
2026-10-09T23:05:07Z,2026-10-09,SEA @ DET,30e778f30fcb48f94af24793f5bd201a,team_total,over,SEA,2.5,fanduel,-122,,oddsapi
2026-10-09T23:05:07Z,2026-10-09,SEA @ DET,30e778f30fcb48f94af24793f5bd201a,team_total,under,SEA,3.5,fanduel,-270,,oddsapi
2026-10-09T23:05:07Z,2026-10-09,SEA @ DET,30e778f30fcb48f94af24793f5bd201a,p1_team_total,over,DET,0.5,fanduel,-182,142,oddsapi
2026-10-09T23:05:07Z,2026-10-09,SEA @ DET,30e778f30fcb48f94af24793f5bd201a,p1_team_total,under,DET,0.5,fanduel,142,-182,oddsapi
2026-10-09T23:05:07Z,2026-10-09,SEA @ DET,30e778f30fcb48f94af24793f5bd201a,p1_team_total,over,SEA,0.5,fanduel,-142,112,oddsapi
2026-10-09T23:05:07Z,2026-10-09,SEA @ DET,30e778f30fcb48f94af24793f5bd201a,p1_team_total,under,SEA,0.5,fanduel,112,-142,oddsapi
2026-10-09T23:05:07Z,2026-10-09,SEA @ DET,30e778f30fcb48f94af24793f5bd201a,p1_total,over,,1.5,fanduel,-130,102,oddsapi
2026-10-09T23:05:07Z,2026-10-09,SEA @ DET,30e778f30fcb48f94af24793f5bd201a,p1_total,under,,1.5,fanduel,102,-130,oddsapi
2026-10-09T23:05:07Z,2026-10-09,SEA @ DET,30e778f30fcb48f94af24793f5bd201a,p2_total,over,,1.5,fanduel,-172,134,oddsapi
2026-10-09T23:05:07Z,2026-10-09,SEA @ DET,30e778f30fcb48f94af24793f5bd201a,p2_total,under,,1.5,fanduel,134,-172,oddsapi
2026-10-09T23:05:07Z,2026-10-09,SEA @ DET,30e778f30fcb48f94af24793f5bd201a,p3_total,over,,1.5,fanduel,-196,152,oddsapi
2026-10-09T23:05:07Z,2026-10-09,SEA @ DET,30e778f30fcb48f94af24793f5bd201a,p3_total,under,,1.5,fanduel,152,-196,oddsapi
2026-10-09T23:05:07Z,2026-10-09,SEA @ DET,30e778f30fcb48f94af24793f5bd201a,p1_ml,DET,,,betus,-130,100,oddsapi
2026-10-09T23:05:07Z,2026-10-09,SEA @ DET,30e778f30fcb48f94af24793f5bd201a,p1_ml,SEA,,,betus,100,-130,oddsapi
2026-10-09T23:05:07Z,2026-10-09,SEA @ DET,30e778f30fcb48f94af24793f5bd201a,p1_pl,DET,,-0.5,betus,150,-180,oddsapi
2026-10-09T23:05:07Z,2026-10-09,SEA @ DET,30e778f30fcb48f94af24793f5bd201a,p1_pl,SEA,,0.5,betus,-180,150,oddsapi
2026-10-09T23:05:07Z,2026-10-09,SEA @ DET,30e778f30fcb48f94af24793f5bd201a,p1_total,over,,1.5,betus,-125,-105,oddsapi
2026-10-09T23:05:07Z,2026-10-09,SEA @ DET,30e778f30fcb48f94af24793f5bd201a,p1_total,under,,1.5,betus,-105,-125,oddsapi
2026-10-09T23:05:07Z,2026-10-09,SEA @ DET,30e778f30fcb48f94af24793f5bd201a,team_total_alt,over,DET,1,betmgm,-5000,900,oddsapi
2026-10-09T23:05:07Z,2026-10-09,SEA @ DET,30e778f30fcb48f94af24793f5bd201a,team_total_alt,under,DET,1,betmgm,900,-5000,oddsapi
2026-10-09T23:05:07Z,2026-10-09,SEA @ DET,30e778f30fcb48f94af24793f5bd201a,team_total_alt,over,DET,1.5,betmgm,-625,360,oddsapi
2026-10-09T23:05:07Z,2026-10-09,SEA @ DET,30e778f30fcb48f94af24793f5bd201a,team_total_alt,under,DET,1.5,betmgm,360,-625,oddsapi
2026-10-09T23:05:07Z,2026-10-09,SEA @ DET,30e778f30fcb48f94af24793f5bd201a,team_total_alt,over,DET,2,betmgm,-450,290,oddsapi
2026-10-09T23:05:07Z,2026-10-09,SEA @ DET,30e778f30fcb48f94af24793f5bd201a,team_total_alt,under,DET,2,betmgm,290,-450,oddsapi
2026-10-09T23:05:07Z,2026-10-09,SEA @ DET,30e778f30fcb48f94af24793f5bd201a,team_total_alt,over,DET,2.5,betmgm,-210,150,oddsapi
2026-10-09T23:05:07Z,2026-10-09,SEA @ DET,30e778f30fcb48f94af24793f5bd201a,team_total_alt,under,DET,2.5,betmgm,150,-210,oddsapi
2026-10-09T23:05:07Z,2026-10-09,SEA @ DET,30e778f30fcb48f94af24793f5bd201a,team_total_alt,over,DET,3,betmgm,-145,105,oddsapi
2026-10-09T23:05:07Z,2026-10-09,SEA @ DET,30e778f30fcb48f94af24793f5bd201a,team_total_alt,under,DET,3,betmgm,105,-145,oddsapi
2026-10-09T23:05:07Z,2026-10-09,SEA @ DET,30e778f30fcb48f94af24793f5bd201a,team_total_alt,over,DET,3.5,betmgm,110,-155,oddsapi
2026-10-09T23:05:07Z,2026-10-09,SEA @ DET,30e778f30fcb48f94af24793f5bd201a,team_total_alt,under,DET,3.5,betmgm,-155,110,oddsapi
2026-10-09T23:05:07Z,2026-10-09,SEA @ DET,30e778f30fcb48f94af24793f5bd201a,team_total_alt,over,DET,4,betmgm,190,-275,oddsapi
2026-10-09T23:05:07Z,2026-10-09,SEA @ DET,30e778f30fcb48f94af24793f5bd201a,team_total_alt,under,DET,4,betmgm,-275,190,oddsapi
2026-10-09T23:05:07Z,2026-10-09,SEA @ DET,30e778f30fcb48f94af24793f5bd201a,team_total_alt,over,DET,4.5,betmgm,240,-350,oddsapi
2026-10-09T23:05:07Z,2026-10-09,SEA @ DET,30e778f30fcb48f94af24793f5bd201a,team_total_alt,under,DET,4.5,betmgm,-350,240,oddsapi
2026-10-09T23:05:07Z,2026-10-09,SEA @ DET,30e778f30fcb48f94af24793f5bd201a,team_total_alt,over,DET,5,betmgm,450,-900,oddsapi
2026-10-09T23:05:07Z,2026-10-09,SEA @ DET,30e778f30fcb48f94af24793f5bd201a,team_total_alt,under,DET,5,betmgm,-900,450,oddsapi
2026-10-09T23:05:07Z,2026-10-09,SEA @ DET,30e778f30fcb48f94af24793f5bd201a,team_total_alt,over,SEA,0.5,betmgm,-2500,775,oddsapi
2026-10-09T23:05:07Z,2026-10-09,SEA @ DET,30e778f30fcb48f94af24793f5bd201a,team_total_alt,under,SEA,0.5,betmgm,775,-2500,oddsapi
2026-10-09T23:05:07Z,2026-10-09,SEA @ DET,30e778f30fcb48f94af24793f5bd201a,team_total_alt,over,SEA,1,betmgm,-2000,675,oddsapi
2026-10-09T23:05:07Z,2026-10-09,SEA @ DET,30e778f30fcb48f94af24793f5bd201a,team_total_alt,under,SEA,1,betmgm,675,-2000,oddsapi
2026-10-09T23:05:07Z,2026-10-09,SEA @ DET,30e778f30fcb48f94af24793f5bd201a,team_total_alt,over,SEA,1.5,betmgm,-400,260,oddsapi
2026-10-09T23:05:07Z,2026-10-09,SEA @ DET,30e778f30fcb48f94af24793f5bd201a,team_total_alt,under,SEA,1.5,betmgm,260,-400,oddsapi
2026-10-09T23:05:07Z,2026-10-09,SEA @ DET,30e778f30fcb48f94af24793f5bd201a,team_total_alt,over,SEA,2,betmgm,-275,190,oddsapi
2026-10-09T23:05:07Z,2026-10-09,SEA @ DET,30e778f30fcb48f94af24793f5bd201a,team_total_alt,under,SEA,2,betmgm,190,-275,oddsapi
2026-10-09T23:05:07Z,2026-10-09,SEA @ DET,30e778f30fcb48f94af24793f5bd201a,team_total_alt,over,SEA,2.5,betmgm,-145,105,oddsapi
2026-10-09T23:05:07Z,2026-10-09,SEA @ DET,30e778f30fcb48f94af24793f5bd201a,team_total_alt,under,SEA,2.5,betmgm,105,-145,oddsapi
2026-10-09T23:05:07Z,2026-10-09,SEA @ DET,30e778f30fcb48f94af24793f5bd201a,team_total_alt,over,SEA,3,betmgm,110,-155,oddsapi
2026-10-09T23:05:07Z,2026-10-09,SEA @ DET,30e778f30fcb48f94af24793f5bd201a,team_total_alt,under,SEA,3,betmgm,-155,110,oddsapi
2026-10-09T23:05:07Z,2026-10-09,SEA @ DET,30e778f30fcb48f94af24793f5bd201a,team_total_alt,over,SEA,3.5,betmgm,155,-220,oddsapi
2026-10-09T23:05:07Z,2026-10-09,SEA @ DET,30e778f30fcb48f94af24793f5bd201a,team_total_alt,under,SEA,3.5,betmgm,-220,155,oddsapi
2026-10-09T23:05:07Z,2026-10-09,SEA @ DET,30e778f30fcb48f94af24793f5bd201a,team_total_alt,over,SEA,4,betmgm,280,-450,oddsapi
2026-10-09T23:05:07Z,2026-10-09,SEA @ DET,30e778f30fcb48f94af24793f5bd201a,team_total_alt,under,SEA,4,betmgm,-450,280,oddsapi
2026-10-09T23:05:07Z,2026-10-09,SEA @ DET,30e778f30fcb48f94af24793f5bd201a,team_total_alt,over,SEA,4.5,betmgm,340,-600,oddsapi
2026-10-09T23:05:07Z,2026-10-09,SEA @ DET,30e778f30fcb48f94af24793f5bd201a,team_total_alt,under,SEA,4.5,betmgm,-600,340,oddsapi
2026-10-09T23:05:07Z,2026-10-09,SEA @ DET,30e778f30fcb48f94af24793f5bd201a,game_ml3,DET,,,betmgm,110,,oddsapi
2026-10-09T23:05:07Z,2026-10-09,SEA @ DET,30e778f30fcb48f94af24793f5bd201a,game_ml3,SEA,,,betmgm,175,,oddsapi
2026-10-09T23:05:07Z,2026-10-09,SEA @ DET,30e778f30fcb48f94af24793f5bd201a,game_ml3,draw,,,betmgm,320,,oddsapi
2026-10-09T23:05:07Z,2026-10-09,SEA @ DET,30e778f30fcb48f94af24793f5bd201a,p1_ml3,DET,,,betmgm,145,,oddsapi
2026-10-09T23:05:07Z,2026-10-09,SEA @ DET,30e778f30fcb48f94af24793f5bd201a,p1_ml3,SEA,,,betmgm,195,,oddsapi
2026-10-09T23:05:07Z,2026-10-09,SEA @ DET,30e778f30fcb48f94af24793f5bd201a,p1_ml3,draw,,,betmgm,175,,oddsapi
2026-10-09T23:05:07Z,2026-10-09,SEA @ DET,30e778f30fcb48f94af24793f5bd201a,p2_ml3,DET,,,betmgm,140,,oddsapi
2026-10-09T23:05:07Z,2026-10-09,SEA @ DET,30e778f30fcb48f94af24793f5bd201a,p2_ml3,SEA,,,betmgm,185,,oddsapi
2026-10-09T23:05:07Z,2026-10-09,SEA @ DET,30e778f30fcb48f94af24793f5bd201a,p2_ml3,draw,,,betmgm,190,,oddsapi
2026-10-09T23:05:07Z,2026-10-09,SEA @ DET,30e778f30fcb48f94af24793f5bd201a,p3_ml3,DET,,,betmgm,125,,oddsapi
2026-10-09T23:05:07Z,2026-10-09,SEA @ DET,30e778f30fcb48f94af24793f5bd201a,p3_ml3,SEA,,,betmgm,175,,oddsapi
2026-10-09T23:05:07Z,2026-10-09,SEA @ DET,30e778f30fcb48f94af24793f5bd201a,p3_ml3,draw,,,betmgm,230,,oddsapi
2026-10-09T23:05:07Z,2026-10-09,SEA @ DET,30e778f30fcb48f94af24793f5bd201a,p1_ml,DET,,,betmgm,-140,105,oddsapi
2026-10-09T23:05:07Z,2026-10-09,SEA @ DET,30e778f30fcb48f94af24793f5bd201a,p1_ml,SEA,,,betmgm,105,-140,oddsapi
2026-10-09T23:05:07Z,2026-10-09,SEA @ DET,30e778f30fcb48f94af24793f5bd201a,p2_ml,DET,,,betmgm,-145,105,oddsapi
2026-10-09T23:05:07Z,2026-10-09,SEA @ DET,30e778f30fcb48f94af24793f5bd201a,p2_ml,SEA,,,betmgm,105,-145,oddsapi
2026-10-09T23:05:07Z,2026-10-09,SEA @ DET,30e778f30fcb48f94af24793f5bd201a,p3_ml,DET,,,betmgm,-145,105,oddsapi
2026-10-09T23:05:07Z,2026-10-09,SEA @ DET,30e778f30fcb48f94af24793f5bd201a,p3_ml,SEA,,,betmgm,105,-145,oddsapi
2026-10-09T23:05:07Z,2026-10-09,SEA @ DET,30e778f30fcb48f94af24793f5bd201a,sk_a,over,Lucas Raymond,0.5,betmgm,105,-145,oddsapi
2026-10-09T23:05:07Z,2026-10-09,SEA @ DET,30e778f30fcb48f94af24793f5bd201a,sk_a,under,Lucas Raymond,0.5,betmgm,-145,105,oddsapi
2026-10-09T23:05:07Z,2026-10-09,SEA @ DET,30e778f30fcb48f94af24793f5bd201a,sk_a,over,Viktor Arvidsson,0.5,betmgm,145,-200,oddsapi
2026-10-09T23:05:07Z,2026-10-09,SEA @ DET,30e778f30fcb48f94af24793f5bd201a,sk_a,under,Viktor Arvidsson,0.5,betmgm,-200,145,oddsapi
2026-10-09T23:05:07Z,2026-10-09,SEA @ DET,30e778f30fcb48f94af24793f5bd201a,sk_a,over,Emmitt Finnie,0.5,betmgm,230,-350,oddsapi
2026-10-09T23:05:07Z,2026-10-09,SEA @ DET,30e778f30fcb48f94af24793f5bd201a,sk_a,under,Emmitt Finnie,0.5,betmgm,-350,230,oddsapi
2026-10-09T23:05:07Z,2026-10-09,SEA @ DET,30e778f30fcb48f94af24793f5bd201a,sk_a,over,Alex DeBrincat,0.5,betmgm,130,-175,oddsapi
2026-10-09T23:05:07Z,2026-10-09,SEA @ DET,30e778f30fcb48f94af24793f5bd201a,sk_a,under,Alex DeBrincat,0.5,betmgm,-175,130,oddsapi
2026-10-09T23:05:07Z,2026-10-09,SEA @ DET,30e778f30fcb48f94af24793f5bd201a,sk_a,over,Jordan Eberle,0.5,betmgm,170,-235,oddsapi
2026-10-09T23:05:07Z,2026-10-09,SEA @ DET,30e778f30fcb48f94af24793f5bd201a,sk_a,under,Jordan Eberle,0.5,betmgm,-235,170,oddsapi
2026-10-09T23:05:07Z,2026-10-09,SEA @ DET,30e778f30fcb48f94af24793f5bd201a,sk_a,over,Moritz Seider,0.5,betmgm,-105,-130,oddsapi
2026-10-09T23:05:07Z,2026-10-09,SEA @ DET,30e778f30fcb48f94af24793f5bd201a,sk_a,under,Moritz Seider,0.5,betmgm,-130,-105,oddsapi
2026-10-09T23:05:07Z,2026-10-09,SEA @ DET,30e778f30fcb48f94af24793f5bd201a,sk_a,over,Kaapo Kakko,0.5,betmgm,220,-325,oddsapi
2026-10-09T23:05:07Z,2026-10-09,SEA @ DET,30e778f30fcb48f94af24793f5bd201a,sk_a,under,Kaapo Kakko,0.5,betmgm,-325,220,oddsapi
2026-10-09T23:05:07Z,2026-10-09,SEA @ DET,30e778f30fcb48f94af24793f5bd201a,sk_a,over,Matty Beniers,0.5,betmgm,200,-300,oddsapi
2026-10-09T23:05:07Z,2026-10-09,SEA @ DET,30e778f30fcb48f94af24793f5bd201a,sk_a,under,Matty Beniers,0.5,betmgm,-300,200,oddsapi
2026-10-09T23:05:07Z,2026-10-09,SEA @ DET,30e778f30fcb48f94af24793f5bd201a,sk_a,over,Andrew Copp,0.5,betmgm,230,-325,oddsapi
2026-10-09T23:05:07Z,2026-10-09,SEA @ DET,30e778f30fcb48f94af24793f5bd201a,sk_a,under,Andrew Copp,0.5,betmgm,-325,230,oddsapi
2026-10-09T23:05:07Z,2026-10-09,SEA @ DET,30e778f30fcb48f94af24793f5bd201a,sk_a,over,Chandler Stephenson,0.5,betmgm,170,-235,oddsapi
2026-10-09T23:05:07Z,2026-10-09,SEA @ DET,30e778f30fcb48f94af24793f5bd201a,sk_a,under,Chandler Stephenson,0.5,betmgm,-235,170,oddsapi
2026-10-09T23:05:07Z,2026-10-09,SEA @ DET,30e778f30fcb48f94af24793f5bd201a,sk_a,over,Brandon Montour,0.5,betmgm,170,-235,oddsapi
2026-10-09T23:05:07Z,2026-10-09,SEA @ DET,30e778f30fcb48f94af24793f5bd201a,sk_a,under,Brandon Montour,0.5,betmgm,-235,170,oddsapi
2026-10-09T23:05:07Z,2026-10-09,SEA @ DET,30e778f30fcb48f94af24793f5bd201a,sk_a,over,Vince Dunn,0.5,betmgm,145,-200,oddsapi
2026-10-09T23:05:07Z,2026-10-09,SEA @ DET,30e778f30fcb48f94af24793f5bd201a,sk_a,under,Vince Dunn,0.5,betmgm,-200,145,oddsapi
2026-10-09T23:05:07Z,2026-10-09,SEA @ DET,30e778f30fcb48f94af24793f5bd201a,sk_a,over,Bobby McMann,0.5,betmgm,270,-450,oddsapi
2026-10-09T23:05:07Z,2026-10-09,SEA @ DET,30e778f30fcb48f94af24793f5bd201a,sk_a,under,Bobby McMann,0.5,betmgm,-450,270,oddsapi
2026-10-09T23:05:07Z,2026-10-09,SEA @ DET,30e778f30fcb48f94af24793f5bd201a,sk_a,over,Mackie Samoskevich,0.5,betmgm,270,-450,oddsapi
2026-10-09T23:05:07Z,2026-10-09,SEA @ DET,30e778f30fcb48f94af24793f5bd201a,sk_a,under,Mackie Samoskevich,0.5,betmgm,-450,270,oddsapi
2026-10-09T23:05:07Z,2026-10-09,SEA @ DET,30e778f30fcb48f94af24793f5bd201a,sk_a,over,Jared McCann,0.5,betmgm,160,-220,oddsapi
2026-10-09T23:05:07Z,2026-10-09,SEA @ DET,30e778f30fcb48f94af24793f5bd201a,sk_a,under,Jared McCann,0.5,betmgm,-220,160,oddsapi
2026-10-09T23:05:07Z,2026-10-09,SEA @ DET,30e778f30fcb48f94af24793f5bd201a,sk_a,over,Dylan Larkin,0.5,betmgm,130,-175,oddsapi
2026-10-09T23:05:07Z,2026-10-09,SEA @ DET,30e778f30fcb48f94af24793f5bd201a,sk_a,under,Dylan Larkin,0.5,betmgm,-175,130,oddsapi
2026-10-09T23:05:07Z,2026-10-09,SEA @ DET,30e778f30fcb48f94af24793f5bd201a,ags,yes,Alex DeBrincat,,betmgm,135,,oddsapi
2026-10-09T23:05:07Z,2026-10-09,SEA @ DET,30e778f30fcb48f94af24793f5bd201a,ags,yes,Dylan Larkin,,betmgm,170,,oddsapi
2026-10-09T23:05:07Z,2026-10-09,SEA @ DET,30e778f30fcb48f94af24793f5bd201a,ags,yes,Lucas Raymond,,betmgm,200,,oddsapi
2026-10-09T23:05:07Z,2026-10-09,SEA @ DET,30e778f30fcb48f94af24793f5bd201a,ags,yes,Viktor Arvidsson,,betmgm,200,,oddsapi
2026-10-09T23:05:07Z,2026-10-09,SEA @ DET,30e778f30fcb48f94af24793f5bd201a,ags,yes,Bobby McMann,,betmgm,240,,oddsapi
2026-10-09T23:05:07Z,2026-10-09,SEA @ DET,30e778f30fcb48f94af24793f5bd201a,ags,yes,Jared McCann,,betmgm,260,,oddsapi
2026-10-09T23:05:07Z,2026-10-09,SEA @ DET,30e778f30fcb48f94af24793f5bd201a,ags,yes,Jordan Eberle,,betmgm,270,,oddsapi
2026-10-09T23:05:07Z,2026-10-09,SEA @ DET,30e778f30fcb48f94af24793f5bd201a,ags,yes,Mackie Samoskevich,,betmgm,280,,oddsapi
2026-10-09T23:05:07Z,2026-10-09,SEA @ DET,30e778f30fcb48f94af24793f5bd201a,ags,yes,Matty Beniers,,betmgm,333,,oddsapi
2026-10-09T23:05:07Z,2026-10-09,SEA @ DET,30e778f30fcb48f94af24793f5bd201a,ags,yes,Michael Brandsegg-Nygard,,betmgm,375,,oddsapi
2026-10-09T23:05:07Z,2026-10-09,SEA @ DET,30e778f30fcb48f94af24793f5bd201a,ags,yes,Andrew Copp,,betmgm,375,,oddsapi
2026-10-09T23:05:07Z,2026-10-09,SEA @ DET,30e778f30fcb48f94af24793f5bd201a,ags,yes,Shane Wright,,betmgm,375,,oddsapi
2026-10-09T23:05:07Z,2026-10-09,SEA @ DET,30e778f30fcb48f94af24793f5bd201a,ags,yes,Emmitt Finnie,,betmgm,400,,oddsapi
2026-10-09T23:05:07Z,2026-10-09,SEA @ DET,30e778f30fcb48f94af24793f5bd201a,ags,yes,Chandler Stephenson,,betmgm,400,,oddsapi
2026-10-09T23:05:07Z,2026-10-09,SEA @ DET,30e778f30fcb48f94af24793f5bd201a,ags,yes,Berkly Catton,,betmgm,400,,oddsapi
2026-10-09T23:05:07Z,2026-10-09,SEA @ DET,30e778f30fcb48f94af24793f5bd201a,ags,yes,Kaapo Kakko,,betmgm,400,,oddsapi
2026-10-09T23:05:07Z,2026-10-09,SEA @ DET,30e778f30fcb48f94af24793f5bd201a,ags,yes,Moritz Seider,,betmgm,475,,oddsapi
2026-10-09T23:05:07Z,2026-10-09,SEA @ DET,30e778f30fcb48f94af24793f5bd201a,ags,yes,Brandon Montour,,betmgm,500,,oddsapi
2026-10-09T23:05:07Z,2026-10-09,SEA @ DET,30e778f30fcb48f94af24793f5bd201a,ags,yes,Vince Dunn,,betmgm,550,,oddsapi
2026-10-09T23:05:07Z,2026-10-09,SEA @ DET,30e778f30fcb48f94af24793f5bd201a,ags,yes,Michael Rasmussen,,betmgm,575,,oddsapi
2026-10-09T23:05:07Z,2026-10-09,SEA @ DET,30e778f30fcb48f94af24793f5bd201a,ags,yes,Justin Faulk,,betmgm,625,,oddsapi
2026-10-09T23:05:07Z,2026-10-09,SEA @ DET,30e778f30fcb48f94af24793f5bd201a,ags,yes,Nate Danielson,,betmgm,675,,oddsapi
2026-10-09T23:05:07Z,2026-10-09,SEA @ DET,30e778f30fcb48f94af24793f5bd201a,ags,yes,Sheldon Dries,,betmgm,750,,oddsapi
2026-10-09T23:05:07Z,2026-10-09,SEA @ DET,30e778f30fcb48f94af24793f5bd201a,ags,yes,Ryan Winterton,,betmgm,775,,oddsapi
2026-10-09T23:05:07Z,2026-10-09,SEA @ DET,30e778f30fcb48f94af24793f5bd201a,ags,yes,Carter Mazur,,betmgm,775,,oddsapi
2026-10-09T23:05:07Z,2026-10-09,SEA @ DET,30e778f30fcb48f94af24793f5bd201a,ags,yes,Ben Meyers,,betmgm,775,,oddsapi
2026-10-09T23:05:07Z,2026-10-09,SEA @ DET,30e778f30fcb48f94af24793f5bd201a,ags,yes,Keegan Kolesar,,betmgm,800,,oddsapi
2026-10-09T23:05:07Z,2026-10-09,SEA @ DET,30e778f30fcb48f94af24793f5bd201a,ags,yes,Frederick Gaudreau,,betmgm,800,,oddsapi
2026-10-09T23:05:07Z,2026-10-09,SEA @ DET,30e778f30fcb48f94af24793f5bd201a,ags,yes,Ryker Evans,,betmgm,1100,,oddsapi
2026-10-09T23:05:07Z,2026-10-09,SEA @ DET,30e778f30fcb48f94af24793f5bd201a,ags,yes,Albert Johansson,,betmgm,1150,,oddsapi
2026-10-09T23:05:07Z,2026-10-09,SEA @ DET,30e778f30fcb48f94af24793f5bd201a,ags,yes,Adam Larsson,,betmgm,1250,,oddsapi
2026-10-09T23:05:07Z,2026-10-09,SEA @ DET,30e778f30fcb48f94af24793f5bd201a,ags,yes,Ville Ottavainen,,betmgm,1250,,oddsapi
2026-10-09T23:05:07Z,2026-10-09,SEA @ DET,30e778f30fcb48f94af24793f5bd201a,ags,yes,Anton Johansson,,betmgm,1400,,oddsapi
2026-10-09T23:05:07Z,2026-10-09,SEA @ DET,30e778f30fcb48f94af24793f5bd201a,ags,yes,Cale Fleury,,betmgm,1550,,oddsapi
2026-10-09T23:05:07Z,2026-10-09,SEA @ DET,30e778f30fcb48f94af24793f5bd201a,ags,yes,Ben Chiarot,,betmgm,1750,,oddsapi
2026-10-09T23:05:07Z,2026-10-09,SEA @ DET,30e778f30fcb48f94af24793f5bd201a,fgs,yes,Alex DeBrincat,,betmgm,950,,oddsapi
2026-10-09T23:05:07Z,2026-10-09,SEA @ DET,30e778f30fcb48f94af24793f5bd201a,fgs,yes,Dylan Larkin,,betmgm,1050,,oddsapi
2026-10-09T23:05:07Z,2026-10-09,SEA @ DET,30e778f30fcb48f94af24793f5bd201a,fgs,yes,Viktor Arvidsson,,betmgm,1200,,oddsapi
2026-10-09T23:05:07Z,2026-10-09,SEA @ DET,30e778f30fcb48f94af24793f5bd201a,fgs,yes,Lucas Raymond,,betmgm,1200,,oddsapi
2026-10-09T23:05:07Z,2026-10-09,SEA @ DET,30e778f30fcb48f94af24793f5bd201a,fgs,yes,Bobby McMann,,betmgm,1400,,oddsapi
2026-10-09T23:05:07Z,2026-10-09,SEA @ DET,30e778f30fcb48f94af24793f5bd201a,fgs,yes,Jordan Eberle,,betmgm,1550,,oddsapi
2026-10-09T23:05:07Z,2026-10-09,SEA @ DET,30e778f30fcb48f94af24793f5bd201a,fgs,yes,Jared McCann,,betmgm,1550,,oddsapi
2026-10-09T23:05:07Z,2026-10-09,SEA @ DET,30e778f30fcb48f94af24793f5bd201a,fgs,yes,Mackie Samoskevich,,betmgm,1600,,oddsapi
2026-10-09T23:05:07Z,2026-10-09,SEA @ DET,30e778f30fcb48f94af24793f5bd201a,fgs,yes,Matty Beniers,,betmgm,1900,,oddsapi
2026-10-09T23:05:07Z,2026-10-09,SEA @ DET,30e778f30fcb48f94af24793f5bd201a,fgs,yes,Chandler Stephenson,,betmgm,2200,,oddsapi
2026-10-09T23:05:07Z,2026-10-09,SEA @ DET,30e778f30fcb48f94af24793f5bd201a,fgs,yes,Michael Brandsegg-Nygard,,betmgm,2200,,oddsapi
2026-10-09T23:05:07Z,2026-10-09,SEA @ DET,30e778f30fcb48f94af24793f5bd201a,fgs,yes,Shane Wright,,betmgm,2200,,oddsapi
2026-10-09T23:05:07Z,2026-10-09,SEA @ DET,30e778f30fcb48f94af24793f5bd201a,fgs,yes,Emmitt Finnie,,betmgm,2200,,oddsapi
2026-10-09T23:05:07Z,2026-10-09,SEA @ DET,30e778f30fcb48f94af24793f5bd201a,fgs,yes,Berkly Catton,,betmgm,2200,,oddsapi
2026-10-09T23:05:07Z,2026-10-09,SEA @ DET,30e778f30fcb48f94af24793f5bd201a,fgs,yes,Kaapo Kakko,,betmgm,2500,,oddsapi
2026-10-09T23:05:07Z,2026-10-09,SEA @ DET,30e778f30fcb48f94af24793f5bd201a,fgs,yes,Andrew Copp,,betmgm,2500,,oddsapi
2026-10-09T23:05:07Z,2026-10-09,SEA @ DET,30e778f30fcb48f94af24793f5bd201a,fgs,yes,Moritz Seider,,betmgm,2800,,oddsapi
2026-10-09T23:05:07Z,2026-10-09,SEA @ DET,30e778f30fcb48f94af24793f5bd201a,fgs,yes,Brandon Montour,,betmgm,2800,,oddsapi
2026-10-09T23:05:07Z,2026-10-09,SEA @ DET,30e778f30fcb48f94af24793f5bd201a,fgs,yes,Vince Dunn,,betmgm,2800,,oddsapi
2026-10-09T23:05:07Z,2026-10-09,SEA @ DET,30e778f30fcb48f94af24793f5bd201a,fgs,yes,Michael Rasmussen,,betmgm,3000,,oddsapi
2026-10-09T23:05:07Z,2026-10-09,SEA @ DET,30e778f30fcb48f94af24793f5bd201a,fgs,yes,Nate Danielson,,betmgm,3500,,oddsapi
2026-10-09T23:05:07Z,2026-10-09,SEA @ DET,30e778f30fcb48f94af24793f5bd201a,fgs,yes,Ryan Winterton,,betmgm,3500,,oddsapi
2026-10-09T23:05:07Z,2026-10-09,SEA @ DET,30e778f30fcb48f94af24793f5bd201a,fgs,yes,Ben Meyers,,betmgm,4000,,oddsapi
2026-10-09T23:05:07Z,2026-10-09,SEA @ DET,30e778f30fcb48f94af24793f5bd201a,fgs,yes,Frederick Gaudreau,,betmgm,4000,,oddsapi
2026-10-09T23:05:07Z,2026-10-09,SEA @ DET,30e778f30fcb48f94af24793f5bd201a,fgs,yes,Sheldon Dries,,betmgm,4000,,oddsapi
2026-10-09T23:05:07Z,2026-10-09,SEA @ DET,30e778f30fcb48f94af24793f5bd201a,fgs,yes,Justin Faulk,,betmgm,4000,,oddsapi
2026-10-09T23:05:07Z,2026-10-09,SEA @ DET,30e778f30fcb48f94af24793f5bd201a,fgs,yes,Carter Mazur,,betmgm,4000,,oddsapi
2026-10-09T23:05:07Z,2026-10-09,SEA @ DET,30e778f30fcb48f94af24793f5bd201a,fgs,yes,Keegan Kolesar,,betmgm,4500,,oddsapi
2026-10-09T23:05:07Z,2026-10-09,SEA @ DET,30e778f30fcb48f94af24793f5bd201a,fgs,yes,Ryker Evans,,betmgm,5500,,oddsapi
2026-10-09T23:05:07Z,2026-10-09,SEA @ DET,30e778f30fcb48f94af24793f5bd201a,fgs,yes,Adam Larsson,,betmgm,5500,,oddsapi
2026-10-09T23:05:07Z,2026-10-09,SEA @ DET,30e778f30fcb48f94af24793f5bd201a,fgs,yes,Albert Johansson,,betmgm,6600,,oddsapi
2026-10-09T23:05:07Z,2026-10-09,SEA @ DET,30e778f30fcb48f94af24793f5bd201a,fgs,yes,Anton Johansson,,betmgm,10000,,oddsapi
2026-10-09T23:05:07Z,2026-10-09,SEA @ DET,30e778f30fcb48f94af24793f5bd201a,fgs,yes,Ben Chiarot,,betmgm,10000,,oddsapi
2026-10-09T23:05:07Z,2026-10-09,SEA @ DET,30e778f30fcb48f94af24793f5bd201a,sk_pts,over,Viktor Arvidsson,0.5,betmgm,-145,105,oddsapi
2026-10-09T23:05:07Z,2026-10-09,SEA @ DET,30e778f30fcb48f94af24793f5bd201a,sk_pts,under,Viktor Arvidsson,0.5,betmgm,105,-145,oddsapi
2026-10-09T23:05:07Z,2026-10-09,SEA @ DET,30e778f30fcb48f94af24793f5bd201a,sk_pts,over,Alex DeBrincat,0.5,betmgm,-190,138,oddsapi
2026-10-09T23:05:07Z,2026-10-09,SEA @ DET,30e778f30fcb48f94af24793f5bd201a,sk_pts,under,Alex DeBrincat,0.5,betmgm,138,-190,oddsapi
2026-10-09T23:05:07Z,2026-10-09,SEA @ DET,30e778f30fcb48f94af24793f5bd201a,sk_pts,over,Emmitt Finnie,0.5,betmgm,145,-200,oddsapi
2026-10-09T23:05:07Z,2026-10-09,SEA @ DET,30e778f30fcb48f94af24793f5bd201a,sk_pts,under,Emmitt Finnie,0.5,betmgm,-200,145,oddsapi
2026-10-09T23:05:07Z,2026-10-09,SEA @ DET,30e778f30fcb48f94af24793f5bd201a,sk_pts,over,Jordan Eberle,0.5,betmgm,-105,-125,oddsapi
2026-10-09T23:05:07Z,2026-10-09,SEA @ DET,30e778f30fcb48f94af24793f5bd201a,sk_pts,under,Jordan Eberle,0.5,betmgm,-125,-105,oddsapi
2026-10-09T23:05:07Z,2026-10-09,SEA @ DET,30e778f30fcb48f94af24793f5bd201a,sk_pts,over,Lucas Raymond,0.5,betmgm,-165,125,oddsapi
2026-10-09T23:05:07Z,2026-10-09,SEA @ DET,30e778f30fcb48f94af24793f5bd201a,sk_pts,under,Lucas Raymond,0.5,betmgm,125,-165,oddsapi
2026-10-09T23:05:07Z,2026-10-09,SEA @ DET,30e778f30fcb48f94af24793f5bd201a,sk_pts,over,Kaapo Kakko,0.5,betmgm,125,-165,oddsapi
2026-10-09T23:05:07Z,2026-10-09,SEA @ DET,30e778f30fcb48f94af24793f5bd201a,sk_pts,under,Kaapo Kakko,0.5,betmgm,-165,125,oddsapi
2026-10-09T23:05:07Z,2026-10-09,SEA @ DET,30e778f30fcb48f94af24793f5bd201a,sk_pts,over,Andrew Copp,0.5,betmgm,140,-190,oddsapi
2026-10-09T23:05:07Z,2026-10-09,SEA @ DET,30e778f30fcb48f94af24793f5bd201a,sk_pts,under,Andrew Copp,0.5,betmgm,-190,140,oddsapi
2026-10-09T23:05:07Z,2026-10-09,SEA @ DET,30e778f30fcb48f94af24793f5bd201a,sk_pts,over,Bobby McMann,0.5,betmgm,125,-165,oddsapi
2026-10-09T23:05:07Z,2026-10-09,SEA @ DET,30e778f30fcb48f94af24793f5bd201a,sk_pts,under,Bobby McMann,0.5,betmgm,-165,125,oddsapi
2026-10-09T23:05:07Z,2026-10-09,SEA @ DET,30e778f30fcb48f94af24793f5bd201a,sk_pts,over,Moritz Seider,0.5,betmgm,-135,100,oddsapi
2026-10-09T23:05:07Z,2026-10-09,SEA @ DET,30e778f30fcb48f94af24793f5bd201a,sk_pts,under,Moritz Seider,0.5,betmgm,100,-135,oddsapi
2026-10-09T23:05:07Z,2026-10-09,SEA @ DET,30e778f30fcb48f94af24793f5bd201a,sk_pts,over,Chandler Stephenson,0.5,betmgm,115,-155,oddsapi
2026-10-09T23:05:07Z,2026-10-09,SEA @ DET,30e778f30fcb48f94af24793f5bd201a,sk_pts,under,Chandler Stephenson,0.5,betmgm,-155,115,oddsapi
2026-10-09T23:05:07Z,2026-10-09,SEA @ DET,30e778f30fcb48f94af24793f5bd201a,sk_pts,over,Matty Beniers,0.5,betmgm,105,-140,oddsapi
2026-10-09T23:05:07Z,2026-10-09,SEA @ DET,30e778f30fcb48f94af24793f5bd201a,sk_pts,under,Matty Beniers,0.5,betmgm,-140,105,oddsapi
2026-10-09T23:05:07Z,2026-10-09,SEA @ DET,30e778f30fcb48f94af24793f5bd201a,sk_pts,over,Brandon Montour,0.5,betmgm,115,-155,oddsapi
2026-10-09T23:05:07Z,2026-10-09,SEA @ DET,30e778f30fcb48f94af24793f5bd201a,sk_pts,under,Brandon Montour,0.5,betmgm,-155,115,oddsapi
2026-10-09T23:05:07Z,2026-10-09,SEA @ DET,30e778f30fcb48f94af24793f5bd201a,sk_pts,over,Mackie Samoskevich,0.5,betmgm,120,-160,oddsapi
2026-10-09T23:05:07Z,2026-10-09,SEA @ DET,30e778f30fcb48f94af24793f5bd201a,sk_pts,under,Mackie Samoskevich,0.5,betmgm,-160,120,oddsapi
2026-10-09T23:05:07Z,2026-10-09,SEA @ DET,30e778f30fcb48f94af24793f5bd201a,sk_pts,over,Jared McCann,0.5,betmgm,-120,-111,oddsapi
2026-10-09T23:05:07Z,2026-10-09,SEA @ DET,30e778f30fcb48f94af24793f5bd201a,sk_pts,under,Jared McCann,0.5,betmgm,-111,-120,oddsapi
2026-10-09T23:05:07Z,2026-10-09,SEA @ DET,30e778f30fcb48f94af24793f5bd201a,sk_pts,over,Vince Dunn,0.5,betmgm,110,-150,oddsapi
2026-10-09T23:05:07Z,2026-10-09,SEA @ DET,30e778f30fcb48f94af24793f5bd201a,sk_pts,under,Vince Dunn,0.5,betmgm,-150,110,oddsapi
2026-10-09T23:05:07Z,2026-10-09,SEA @ DET,30e778f30fcb48f94af24793f5bd201a,sk_pts,over,Dylan Larkin,0.5,betmgm,-175,130,oddsapi
2026-10-09T23:05:07Z,2026-10-09,SEA @ DET,30e778f30fcb48f94af24793f5bd201a,sk_pts,under,Dylan Larkin,0.5,betmgm,130,-175,oddsapi
2026-10-09T23:05:07Z,2026-10-09,SEA @ DET,30e778f30fcb48f94af24793f5bd201a,sk_ppp,over,Brandon Montour,0.5,betmgm,325,-500,oddsapi
2026-10-09T23:05:07Z,2026-10-09,SEA @ DET,30e778f30fcb48f94af24793f5bd201a,sk_ppp,under,Brandon Montour,0.5,betmgm,-500,325,oddsapi
2026-10-09T23:05:07Z,2026-10-09,SEA @ DET,30e778f30fcb48f94af24793f5bd201a,sk_ppp,over,Moritz Seider,0.5,betmgm,210,-295,oddsapi
2026-10-09T23:05:07Z,2026-10-09,SEA @ DET,30e778f30fcb48f94af24793f5bd201a,sk_ppp,under,Moritz Seider,0.5,betmgm,-295,210,oddsapi
2026-10-09T23:05:07Z,2026-10-09,SEA @ DET,30e778f30fcb48f94af24793f5bd201a,sk_ppp,over,Dylan Larkin,0.5,betmgm,250,-375,oddsapi
2026-10-09T23:05:07Z,2026-10-09,SEA @ DET,30e778f30fcb48f94af24793f5bd201a,sk_ppp,under,Dylan Larkin,0.5,betmgm,-375,250,oddsapi
2026-10-09T23:05:07Z,2026-10-09,SEA @ DET,30e778f30fcb48f94af24793f5bd201a,sk_ppp,over,Alex DeBrincat,0.5,betmgm,230,-350,oddsapi
2026-10-09T23:05:07Z,2026-10-09,SEA @ DET,30e778f30fcb48f94af24793f5bd201a,sk_ppp,under,Alex DeBrincat,0.5,betmgm,-350,230,oddsapi
2026-10-09T23:05:07Z,2026-10-09,SEA @ DET,30e778f30fcb48f94af24793f5bd201a,sk_ppp,over,Lucas Raymond,0.5,betmgm,230,-350,oddsapi
2026-10-09T23:05:07Z,2026-10-09,SEA @ DET,30e778f30fcb48f94af24793f5bd201a,sk_ppp,under,Lucas Raymond,0.5,betmgm,-350,230,oddsapi
2026-10-09T23:05:07Z,2026-10-09,SEA @ DET,30e778f30fcb48f94af24793f5bd201a,sk_ppp,over,Viktor Arvidsson,0.5,betmgm,250,-400,oddsapi
2026-10-09T23:05:07Z,2026-10-09,SEA @ DET,30e778f30fcb48f94af24793f5bd201a,sk_ppp,under,Viktor Arvidsson,0.5,betmgm,-400,250,oddsapi
2026-10-09T23:05:07Z,2026-10-09,SEA @ DET,30e778f30fcb48f94af24793f5bd201a,sk_sog,over,Alex DeBrincat,3.5,betmgm,105,-155,oddsapi
2026-10-09T23:05:07Z,2026-10-09,SEA @ DET,30e778f30fcb48f94af24793f5bd201a,sk_sog,under,Alex DeBrincat,3.5,betmgm,-155,105,oddsapi
2026-10-09T23:05:07Z,2026-10-09,SEA @ DET,30e778f30fcb48f94af24793f5bd201a,sk_sog,over,Lucas Raymond,2.5,betmgm,105,-155,oddsapi
2026-10-09T23:05:07Z,2026-10-09,SEA @ DET,30e778f30fcb48f94af24793f5bd201a,sk_sog,under,Lucas Raymond,2.5,betmgm,-155,105,oddsapi
2026-10-09T23:05:07Z,2026-10-09,SEA @ DET,30e778f30fcb48f94af24793f5bd201a,sk_sog,over,Berkly Catton,1.5,betmgm,-115,-125,oddsapi
2026-10-09T23:05:07Z,2026-10-09,SEA @ DET,30e778f30fcb48f94af24793f5bd201a,sk_sog,under,Berkly Catton,1.5,betmgm,-125,-115,oddsapi
2026-10-09T23:05:07Z,2026-10-09,SEA @ DET,30e778f30fcb48f94af24793f5bd201a,sk_sog,over,Viktor Arvidsson,2.5,betmgm,-145,100,oddsapi
2026-10-09T23:05:07Z,2026-10-09,SEA @ DET,30e778f30fcb48f94af24793f5bd201a,sk_sog,under,Viktor Arvidsson,2.5,betmgm,100,-145,oddsapi
2026-10-09T23:05:07Z,2026-10-09,SEA @ DET,30e778f30fcb48f94af24793f5bd201a,sk_sog,over,Jordan Eberle,1.5,betmgm,-125,-115,oddsapi
2026-10-09T23:05:07Z,2026-10-09,SEA @ DET,30e778f30fcb48f94af24793f5bd201a,sk_sog,under,Jordan Eberle,1.5,betmgm,-115,-125,oddsapi
2026-10-09T23:05:07Z,2026-10-09,SEA @ DET,30e778f30fcb48f94af24793f5bd201a,sk_sog,over,Andrew Copp,1.5,betmgm,-120,-120,oddsapi
2026-10-09T23:05:07Z,2026-10-09,SEA @ DET,30e778f30fcb48f94af24793f5bd201a,sk_sog,under,Andrew Copp,1.5,betmgm,-120,-120,oddsapi
2026-10-09T23:05:07Z,2026-10-09,SEA @ DET,30e778f30fcb48f94af24793f5bd201a,sk_sog,over,Justin Faulk,1.5,betmgm,-135,-110,oddsapi
2026-10-09T23:05:07Z,2026-10-09,SEA @ DET,30e778f30fcb48f94af24793f5bd201a,sk_sog,under,Justin Faulk,1.5,betmgm,-110,-135,oddsapi
2026-10-09T23:05:07Z,2026-10-09,SEA @ DET,30e778f30fcb48f94af24793f5bd201a,sk_sog,over,Moritz Seider,2.5,betmgm,120,-175,oddsapi
2026-10-09T23:05:07Z,2026-10-09,SEA @ DET,30e778f30fcb48f94af24793f5bd201a,sk_sog,under,Moritz Seider,2.5,betmgm,-175,120,oddsapi
2026-10-09T23:05:07Z,2026-10-09,SEA @ DET,30e778f30fcb48f94af24793f5bd201a,sk_sog,over,Ryan Winterton,1.5,betmgm,-105,-140,oddsapi
2026-10-09T23:05:07Z,2026-10-09,SEA @ DET,30e778f30fcb48f94af24793f5bd201a,sk_sog,under,Ryan Winterton,1.5,betmgm,-140,-105,oddsapi
2026-10-09T23:05:07Z,2026-10-09,SEA @ DET,30e778f30fcb48f94af24793f5bd201a,sk_sog,over,Matty Beniers,1.5,betmgm,-105,-140,oddsapi
2026-10-09T23:05:07Z,2026-10-09,SEA @ DET,30e778f30fcb48f94af24793f5bd201a,sk_sog,under,Matty Beniers,1.5,betmgm,-140,-105,oddsapi
2026-10-09T23:05:07Z,2026-10-09,SEA @ DET,30e778f30fcb48f94af24793f5bd201a,sk_sog,over,Mackie Samoskevich,1.5,betmgm,-165,115,oddsapi
2026-10-09T23:05:07Z,2026-10-09,SEA @ DET,30e778f30fcb48f94af24793f5bd201a,sk_sog,under,Mackie Samoskevich,1.5,betmgm,115,-165,oddsapi
2026-10-09T23:05:07Z,2026-10-09,SEA @ DET,30e778f30fcb48f94af24793f5bd201a,sk_sog,over,Emmitt Finnie,1.5,betmgm,-125,-115,oddsapi
2026-10-09T23:05:07Z,2026-10-09,SEA @ DET,30e778f30fcb48f94af24793f5bd201a,sk_sog,under,Emmitt Finnie,1.5,betmgm,-115,-125,oddsapi
2026-10-09T23:05:07Z,2026-10-09,SEA @ DET,30e778f30fcb48f94af24793f5bd201a,sk_sog,over,Vince Dunn,1.5,betmgm,-220,150,oddsapi
2026-10-09T23:05:07Z,2026-10-09,SEA @ DET,30e778f30fcb48f94af24793f5bd201a,sk_sog,under,Vince Dunn,1.5,betmgm,150,-220,oddsapi
2026-10-09T23:05:07Z,2026-10-09,SEA @ DET,30e778f30fcb48f94af24793f5bd201a,sk_sog,over,Brandon Montour,2.5,betmgm,105,-155,oddsapi
2026-10-09T23:05:07Z,2026-10-09,SEA @ DET,30e778f30fcb48f94af24793f5bd201a,sk_sog,under,Brandon Montour,2.5,betmgm,-155,105,oddsapi
2026-10-09T23:05:07Z,2026-10-09,SEA @ DET,30e778f30fcb48f94af24793f5bd201a,sk_sog,over,Jared McCann,1.5,betmgm,-235,150,oddsapi
2026-10-09T23:05:07Z,2026-10-09,SEA @ DET,30e778f30fcb48f94af24793f5bd201a,sk_sog,under,Jared McCann,1.5,betmgm,150,-235,oddsapi
2026-10-09T23:05:07Z,2026-10-09,SEA @ DET,30e778f30fcb48f94af24793f5bd201a,sk_sog,over,Dylan Larkin,2.5,betmgm,-175,120,oddsapi
2026-10-09T23:05:07Z,2026-10-09,SEA @ DET,30e778f30fcb48f94af24793f5bd201a,sk_sog,under,Dylan Larkin,2.5,betmgm,120,-175,oddsapi
2026-10-09T23:05:07Z,2026-10-09,SEA @ DET,30e778f30fcb48f94af24793f5bd201a,sk_sog,over,Bobby McMann,1.5,betmgm,-275,150,oddsapi
2026-10-09T23:05:07Z,2026-10-09,SEA @ DET,30e778f30fcb48f94af24793f5bd201a,sk_sog,under,Bobby McMann,1.5,betmgm,150,-275,oddsapi
2026-10-09T23:05:07Z,2026-10-09,SEA @ DET,30e778f30fcb48f94af24793f5bd201a,p1_pl,DET,,1.5,betmgm,-1200,625,oddsapi
2026-10-09T23:05:07Z,2026-10-09,SEA @ DET,30e778f30fcb48f94af24793f5bd201a,p1_pl,SEA,,-1.5,betmgm,625,-1200,oddsapi
2026-10-09T23:05:07Z,2026-10-09,SEA @ DET,30e778f30fcb48f94af24793f5bd201a,p2_pl,DET,,1.5,betmgm,-1200,550,oddsapi
2026-10-09T23:05:07Z,2026-10-09,SEA @ DET,30e778f30fcb48f94af24793f5bd201a,p2_pl,SEA,,-1.5,betmgm,550,-1200,oddsapi
2026-10-09T23:05:07Z,2026-10-09,SEA @ DET,30e778f30fcb48f94af24793f5bd201a,p3_pl,DET,,1.5,betmgm,-900,450,oddsapi
2026-10-09T23:05:07Z,2026-10-09,SEA @ DET,30e778f30fcb48f94af24793f5bd201a,p3_pl,SEA,,-1.5,betmgm,450,-900,oddsapi
2026-10-09T23:05:07Z,2026-10-09,SEA @ DET,30e778f30fcb48f94af24793f5bd201a,team_total,over,DET,3,betmgm,-145,105,oddsapi
2026-10-09T23:05:07Z,2026-10-09,SEA @ DET,30e778f30fcb48f94af24793f5bd201a,team_total,under,DET,3,betmgm,105,-145,oddsapi
2026-10-09T23:05:07Z,2026-10-09,SEA @ DET,30e778f30fcb48f94af24793f5bd201a,team_total,over,SEA,2.5,betmgm,-145,105,oddsapi
2026-10-09T23:05:07Z,2026-10-09,SEA @ DET,30e778f30fcb48f94af24793f5bd201a,team_total,under,SEA,2.5,betmgm,105,-145,oddsapi
2026-10-09T23:05:07Z,2026-10-09,SEA @ DET,30e778f30fcb48f94af24793f5bd201a,p1_total,over,,2.5,betmgm,240,-325,oddsapi
2026-10-09T23:05:07Z,2026-10-09,SEA @ DET,30e778f30fcb48f94af24793f5bd201a,p1_total,under,,2.5,betmgm,-325,240,oddsapi
2026-10-09T23:05:07Z,2026-10-09,SEA @ DET,30e778f30fcb48f94af24793f5bd201a,p2_total,over,,3,betmgm,360,-625,oddsapi
2026-10-09T23:05:07Z,2026-10-09,SEA @ DET,30e778f30fcb48f94af24793f5bd201a,p2_total,under,,3,betmgm,-625,360,oddsapi
2026-10-09T23:05:07Z,2026-10-09,SEA @ DET,30e778f30fcb48f94af24793f5bd201a,p3_total,over,,3,betmgm,290,-475,oddsapi
2026-10-09T23:05:07Z,2026-10-09,SEA @ DET,30e778f30fcb48f94af24793f5bd201a,p3_total,under,,3,betmgm,-475,290,oddsapi
2026-10-09T23:05:07Z,2026-10-09,NYR @ WSH,86ba05a73a0355958b629023b20ba955,game_pl_alt,NYR,,-3.5,draftkings,1000,-2800,oddsapi
2026-10-09T23:05:07Z,2026-10-09,NYR @ WSH,86ba05a73a0355958b629023b20ba955,game_pl_alt,NYR,,-2.5,draftkings,420,-700,oddsapi
2026-10-09T23:05:07Z,2026-10-09,NYR @ WSH,86ba05a73a0355958b629023b20ba955,game_pl_alt,NYR,,-1.5,draftkings,255,-370,oddsapi
2026-10-09T23:05:07Z,2026-10-09,NYR @ WSH,86ba05a73a0355958b629023b20ba955,game_pl_alt,NYR,,2.5,draftkings,-430,290,oddsapi
2026-10-09T23:05:07Z,2026-10-09,NYR @ WSH,86ba05a73a0355958b629023b20ba955,game_pl_alt,NYR,,3.5,draftkings,-1350,675,oddsapi
2026-10-09T23:05:07Z,2026-10-09,NYR @ WSH,86ba05a73a0355958b629023b20ba955,game_pl_alt,WSH,,3.5,draftkings,-2800,1000,oddsapi
2026-10-09T23:05:07Z,2026-10-09,NYR @ WSH,86ba05a73a0355958b629023b20ba955,game_pl_alt,WSH,,2.5,draftkings,-700,420,oddsapi
2026-10-09T23:05:07Z,2026-10-09,NYR @ WSH,86ba05a73a0355958b629023b20ba955,game_pl_alt,WSH,,1.5,draftkings,-370,255,oddsapi
2026-10-09T23:05:07Z,2026-10-09,NYR @ WSH,86ba05a73a0355958b629023b20ba955,game_pl_alt,WSH,,-2.5,draftkings,290,-430,oddsapi
2026-10-09T23:05:07Z,2026-10-09,NYR @ WSH,86ba05a73a0355958b629023b20ba955,game_pl_alt,WSH,,-3.5,draftkings,675,-1350,oddsapi
2026-10-09T23:05:07Z,2026-10-09,NYR @ WSH,86ba05a73a0355958b629023b20ba955,team_total_alt,over,NYR,0.5,draftkings,-2200,900,oddsapi
2026-10-09T23:05:07Z,2026-10-09,NYR @ WSH,86ba05a73a0355958b629023b20ba955,team_total_alt,under,NYR,0.5,draftkings,900,-2200,oddsapi
2026-10-09T23:05:07Z,2026-10-09,NYR @ WSH,86ba05a73a0355958b629023b20ba955,team_total_alt,over,NYR,1.5,draftkings,-375,260,oddsapi
2026-10-09T23:05:07Z,2026-10-09,NYR @ WSH,86ba05a73a0355958b629023b20ba955,team_total_alt,under,NYR,1.5,draftkings,260,-375,oddsapi
2026-10-09T23:05:07Z,2026-10-09,NYR @ WSH,86ba05a73a0355958b629023b20ba955,team_total_alt,over,NYR,2.5,draftkings,-135,-105,oddsapi
2026-10-09T23:05:07Z,2026-10-09,NYR @ WSH,86ba05a73a0355958b629023b20ba955,team_total_alt,under,NYR,2.5,draftkings,-105,-135,oddsapi
2026-10-09T23:05:07Z,2026-10-09,NYR @ WSH,86ba05a73a0355958b629023b20ba955,team_total_alt,over,NYR,3.5,draftkings,180,-245,oddsapi
2026-10-09T23:05:07Z,2026-10-09,NYR @ WSH,86ba05a73a0355958b629023b20ba955,team_total_alt,under,NYR,3.5,draftkings,-245,180,oddsapi
2026-10-09T23:05:07Z,2026-10-09,NYR @ WSH,86ba05a73a0355958b629023b20ba955,team_total_alt,over,NYR,4.5,draftkings,410,-675,oddsapi
2026-10-09T23:05:07Z,2026-10-09,NYR @ WSH,86ba05a73a0355958b629023b20ba955,team_total_alt,under,NYR,4.5,draftkings,-675,410,oddsapi
2026-10-09T23:05:07Z,2026-10-09,NYR @ WSH,86ba05a73a0355958b629023b20ba955,team_total_alt,over,NYR,5.5,draftkings,1000,-2800,oddsapi
2026-10-09T23:05:07Z,2026-10-09,NYR @ WSH,86ba05a73a0355958b629023b20ba955,team_total_alt,under,NYR,5.5,draftkings,-2800,1000,oddsapi
2026-10-09T23:05:07Z,2026-10-09,NYR @ WSH,86ba05a73a0355958b629023b20ba955,team_total_alt,over,WSH,0.5,draftkings,-3500,1100,oddsapi
2026-10-09T23:05:07Z,2026-10-09,NYR @ WSH,86ba05a73a0355958b629023b20ba955,team_total_alt,under,WSH,0.5,draftkings,1100,-3500,oddsapi
2026-10-09T23:05:07Z,2026-10-09,NYR @ WSH,86ba05a73a0355958b629023b20ba955,team_total_alt,over,WSH,1.5,draftkings,-525,340,oddsapi
2026-10-09T23:05:07Z,2026-10-09,NYR @ WSH,86ba05a73a0355958b629023b20ba955,team_total_alt,under,WSH,1.5,draftkings,340,-525,oddsapi
2026-10-09T23:05:07Z,2026-10-09,NYR @ WSH,86ba05a73a0355958b629023b20ba955,team_total_alt,over,WSH,2.5,draftkings,-175,135,oddsapi
2026-10-09T23:05:07Z,2026-10-09,NYR @ WSH,86ba05a73a0355958b629023b20ba955,team_total_alt,under,WSH,2.5,draftkings,135,-175,oddsapi
2026-10-09T23:05:07Z,2026-10-09,NYR @ WSH,86ba05a73a0355958b629023b20ba955,team_total_alt,over,WSH,3.5,draftkings,130,-170,oddsapi
2026-10-09T23:05:07Z,2026-10-09,NYR @ WSH,86ba05a73a0355958b629023b20ba955,team_total_alt,under,WSH,3.5,draftkings,-170,130,oddsapi
2026-10-09T23:05:07Z,2026-10-09,NYR @ WSH,86ba05a73a0355958b629023b20ba955,team_total_alt,over,WSH,4.5,draftkings,310,-475,oddsapi
2026-10-09T23:05:07Z,2026-10-09,NYR @ WSH,86ba05a73a0355958b629023b20ba955,team_total_alt,under,WSH,4.5,draftkings,-475,310,oddsapi
2026-10-09T23:05:07Z,2026-10-09,NYR @ WSH,86ba05a73a0355958b629023b20ba955,team_total_alt,over,WSH,5.5,draftkings,750,-1600,oddsapi
2026-10-09T23:05:07Z,2026-10-09,NYR @ WSH,86ba05a73a0355958b629023b20ba955,team_total_alt,under,WSH,5.5,draftkings,-1600,750,oddsapi
2026-10-09T23:05:07Z,2026-10-09,NYR @ WSH,86ba05a73a0355958b629023b20ba955,game_total_alt,over,,3.5,draftkings,-630,390,oddsapi
2026-10-09T23:05:07Z,2026-10-09,NYR @ WSH,86ba05a73a0355958b629023b20ba955,game_total_alt,over,,4.5,draftkings,-340,240,oddsapi
2026-10-09T23:05:07Z,2026-10-09,NYR @ WSH,86ba05a73a0355958b629023b20ba955,game_total_alt,over,,6.5,draftkings,130,-170,oddsapi
2026-10-09T23:05:07Z,2026-10-09,NYR @ WSH,86ba05a73a0355958b629023b20ba955,game_total_alt,over,,7.5,draftkings,300,-450,oddsapi
2026-10-09T23:05:07Z,2026-10-09,NYR @ WSH,86ba05a73a0355958b629023b20ba955,game_total_alt,over,,8.5,draftkings,450,-775,oddsapi
2026-10-09T23:05:07Z,2026-10-09,NYR @ WSH,86ba05a73a0355958b629023b20ba955,game_total_alt,over,,9.5,draftkings,1100,-3500,oddsapi
2026-10-09T23:05:07Z,2026-10-09,NYR @ WSH,86ba05a73a0355958b629023b20ba955,game_total_alt,under,,3.5,draftkings,390,-630,oddsapi
2026-10-09T23:05:07Z,2026-10-09,NYR @ WSH,86ba05a73a0355958b629023b20ba955,game_total_alt,under,,4.5,draftkings,240,-340,oddsapi
2026-10-09T23:05:07Z,2026-10-09,NYR @ WSH,86ba05a73a0355958b629023b20ba955,game_total_alt,under,,6.5,draftkings,-170,130,oddsapi
2026-10-09T23:05:07Z,2026-10-09,NYR @ WSH,86ba05a73a0355958b629023b20ba955,game_total_alt,under,,7.5,draftkings,-450,300,oddsapi
2026-10-09T23:05:07Z,2026-10-09,NYR @ WSH,86ba05a73a0355958b629023b20ba955,game_total_alt,under,,8.5,draftkings,-775,450,oddsapi
2026-10-09T23:05:07Z,2026-10-09,NYR @ WSH,86ba05a73a0355958b629023b20ba955,game_total_alt,under,,9.5,draftkings,-3500,1100,oddsapi
2026-10-09T23:05:07Z,2026-10-09,NYR @ WSH,86ba05a73a0355958b629023b20ba955,game_ml3,NYR,,,draftkings,170,,oddsapi
2026-10-09T23:05:07Z,2026-10-09,NYR @ WSH,86ba05a73a0355958b629023b20ba955,game_ml3,WSH,,,draftkings,115,,oddsapi
2026-10-09T23:05:07Z,2026-10-09,NYR @ WSH,86ba05a73a0355958b629023b20ba955,game_ml3,draw,,,draftkings,300,,oddsapi
2026-10-09T23:05:07Z,2026-10-09,NYR @ WSH,86ba05a73a0355958b629023b20ba955,p1_ml3,NYR,,,draftkings,200,,oddsapi
2026-10-09T23:05:07Z,2026-10-09,NYR @ WSH,86ba05a73a0355958b629023b20ba955,p1_ml3,WSH,,,draftkings,165,,oddsapi
2026-10-09T23:05:07Z,2026-10-09,NYR @ WSH,86ba05a73a0355958b629023b20ba955,p1_ml3,draw,,,draftkings,175,,oddsapi
2026-10-09T23:05:07Z,2026-10-09,NYR @ WSH,86ba05a73a0355958b629023b20ba955,p2_ml3,NYR,,,draftkings,190,,oddsapi
2026-10-09T23:05:07Z,2026-10-09,NYR @ WSH,86ba05a73a0355958b629023b20ba955,p2_ml3,WSH,,,draftkings,155,,oddsapi
2026-10-09T23:05:07Z,2026-10-09,NYR @ WSH,86ba05a73a0355958b629023b20ba955,p2_ml3,draw,,,draftkings,200,,oddsapi
2026-10-09T23:05:07Z,2026-10-09,NYR @ WSH,86ba05a73a0355958b629023b20ba955,p3_ml3,NYR,,,draftkings,180,,oddsapi
2026-10-09T23:05:07Z,2026-10-09,NYR @ WSH,86ba05a73a0355958b629023b20ba955,p3_ml3,WSH,,,draftkings,140,,oddsapi
2026-10-09T23:05:07Z,2026-10-09,NYR @ WSH,86ba05a73a0355958b629023b20ba955,p3_ml3,draw,,,draftkings,240,,oddsapi
2026-10-09T23:05:07Z,2026-10-09,NYR @ WSH,86ba05a73a0355958b629023b20ba955,sk_a,over,Adam Fox,0.5,draftkings,100,-135,oddsapi
2026-10-09T23:05:07Z,2026-10-09,NYR @ WSH,86ba05a73a0355958b629023b20ba955,sk_a,under,Adam Fox,0.5,draftkings,-135,100,oddsapi
2026-10-09T23:05:07Z,2026-10-09,NYR @ WSH,86ba05a73a0355958b629023b20ba955,sk_a,over,Jakob Chychrun,0.5,draftkings,120,-165,oddsapi
2026-10-09T23:05:07Z,2026-10-09,NYR @ WSH,86ba05a73a0355958b629023b20ba955,sk_a,under,Jakob Chychrun,0.5,draftkings,-165,120,oddsapi
2026-10-09T23:05:07Z,2026-10-09,NYR @ WSH,86ba05a73a0355958b629023b20ba955,sk_a,over,Pierre-Luc Dubois,0.5,draftkings,130,-180,oddsapi
2026-10-09T23:05:07Z,2026-10-09,NYR @ WSH,86ba05a73a0355958b629023b20ba955,sk_a,under,Pierre-Luc Dubois,0.5,draftkings,-180,130,oddsapi
2026-10-09T23:05:07Z,2026-10-09,NYR @ WSH,86ba05a73a0355958b629023b20ba955,sk_a,over,Mika Zibanejad,0.5,draftkings,135,-180,oddsapi
2026-10-09T23:05:07Z,2026-10-09,NYR @ WSH,86ba05a73a0355958b629023b20ba955,sk_a,under,Mika Zibanejad,0.5,draftkings,-180,135,oddsapi
2026-10-09T23:05:07Z,2026-10-09,NYR @ WSH,86ba05a73a0355958b629023b20ba955,sk_a,over,J.T. Miller,0.5,draftkings,145,-200,oddsapi
2026-10-09T23:05:07Z,2026-10-09,NYR @ WSH,86ba05a73a0355958b629023b20ba955,sk_a,under,J.T. Miller,0.5,draftkings,-200,145,oddsapi
2026-10-09T23:05:07Z,2026-10-09,NYR @ WSH,86ba05a73a0355958b629023b20ba955,sk_a,over,Dylan Strome,0.5,draftkings,150,-205,oddsapi
2026-10-09T23:05:07Z,2026-10-09,NYR @ WSH,86ba05a73a0355958b629023b20ba955,sk_a,under,Dylan Strome,0.5,draftkings,-205,150,oddsapi
2026-10-09T23:05:07Z,2026-10-09,NYR @ WSH,86ba05a73a0355958b629023b20ba955,sk_a,over,Tom Wilson,0.5,draftkings,160,-215,oddsapi
2026-10-09T23:05:07Z,2026-10-09,NYR @ WSH,86ba05a73a0355958b629023b20ba955,sk_a,under,Tom Wilson,0.5,draftkings,-215,160,oddsapi
2026-10-09T23:05:07Z,2026-10-09,NYR @ WSH,86ba05a73a0355958b629023b20ba955,sk_a,over,Alex Ovechkin,0.5,draftkings,205,-280,oddsapi
2026-10-09T23:05:07Z,2026-10-09,NYR @ WSH,86ba05a73a0355958b629023b20ba955,sk_a,under,Alex Ovechkin,0.5,draftkings,-280,205,oddsapi
2026-10-09T23:05:07Z,2026-10-09,NYR @ WSH,86ba05a73a0355958b629023b20ba955,sk_a,over,Alex Tuch,0.5,draftkings,210,-295,oddsapi
2026-10-09T23:05:07Z,2026-10-09,NYR @ WSH,86ba05a73a0355958b629023b20ba955,sk_a,under,Alex Tuch,0.5,draftkings,-295,210,oddsapi
2026-10-09T23:05:07Z,2026-10-09,NYR @ WSH,86ba05a73a0355958b629023b20ba955,sk_a,over,Alexis Lafrenière,0.5,draftkings,210,-290,oddsapi
2026-10-09T23:05:07Z,2026-10-09,NYR @ WSH,86ba05a73a0355958b629023b20ba955,sk_a,under,Alexis Lafrenière,0.5,draftkings,-290,210,oddsapi
2026-10-09T23:05:07Z,2026-10-09,NYR @ WSH,86ba05a73a0355958b629023b20ba955,sk_a,over,Cole Hutson,0.5,draftkings,220,-300,oddsapi
2026-10-09T23:05:07Z,2026-10-09,NYR @ WSH,86ba05a73a0355958b629023b20ba955,sk_a,under,Cole Hutson,0.5,draftkings,-300,220,oddsapi
2026-10-09T23:05:07Z,2026-10-09,NYR @ WSH,86ba05a73a0355958b629023b20ba955,sk_a,over,Ilya Protas,0.5,draftkings,225,-310,oddsapi
2026-10-09T23:05:07Z,2026-10-09,NYR @ WSH,86ba05a73a0355958b629023b20ba955,sk_a,under,Ilya Protas,0.5,draftkings,-310,225,oddsapi
2026-10-09T23:05:07Z,2026-10-09,NYR @ WSH,86ba05a73a0355958b629023b20ba955,sk_a,over,Jordan Kyrou,0.5,draftkings,235,-330,oddsapi
2026-10-09T23:05:07Z,2026-10-09,NYR @ WSH,86ba05a73a0355958b629023b20ba955,sk_a,under,Jordan Kyrou,0.5,draftkings,-330,235,oddsapi
2026-10-09T23:05:07Z,2026-10-09,NYR @ WSH,86ba05a73a0355958b629023b20ba955,sk_a,over,Pavel Dorofeyev,0.5,draftkings,240,-330,oddsapi
2026-10-09T23:05:07Z,2026-10-09,NYR @ WSH,86ba05a73a0355958b629023b20ba955,sk_a,under,Pavel Dorofeyev,0.5,draftkings,-330,240,oddsapi
2026-10-09T23:05:07Z,2026-10-09,NYR @ WSH,86ba05a73a0355958b629023b20ba955,sk_a,over,Sean Durzi,0.5,draftkings,265,-370,oddsapi
2026-10-09T23:05:07Z,2026-10-09,NYR @ WSH,86ba05a73a0355958b629023b20ba955,sk_a,under,Sean Durzi,0.5,draftkings,-370,265,oddsapi
2026-10-09T23:05:07Z,2026-10-09,NYR @ WSH,86ba05a73a0355958b629023b20ba955,sk_a,over,Vladislav Gavrikov,0.5,draftkings,265,-380,oddsapi
2026-10-09T23:05:07Z,2026-10-09,NYR @ WSH,86ba05a73a0355958b629023b20ba955,sk_a,under,Vladislav Gavrikov,0.5,draftkings,-380,265,oddsapi
2026-10-09T23:05:07Z,2026-10-09,NYR @ WSH,86ba05a73a0355958b629023b20ba955,sk_a,over,Aliaksei Protas,0.5,draftkings,300,-450,oddsapi
2026-10-09T23:05:07Z,2026-10-09,NYR @ WSH,86ba05a73a0355958b629023b20ba955,sk_a,under,Aliaksei Protas,0.5,draftkings,-450,300,oddsapi
2026-10-09T23:05:07Z,2026-10-09,NYR @ WSH,86ba05a73a0355958b629023b20ba955,sk_a,over,Gabe Perreault,0.5,draftkings,310,-450,oddsapi
2026-10-09T23:05:07Z,2026-10-09,NYR @ WSH,86ba05a73a0355958b629023b20ba955,sk_a,under,Gabe Perreault,0.5,draftkings,-450,310,oddsapi
2026-10-09T23:05:07Z,2026-10-09,NYR @ WSH,86ba05a73a0355958b629023b20ba955,sk_a,over,Ryan Leonard,0.5,draftkings,310,-450,oddsapi
2026-10-09T23:05:07Z,2026-10-09,NYR @ WSH,86ba05a73a0355958b629023b20ba955,sk_a,under,Ryan Leonard,0.5,draftkings,-450,310,oddsapi
2026-10-09T23:05:07Z,2026-10-09,NYR @ WSH,86ba05a73a0355958b629023b20ba955,sk_a,over,Tye Kartye,0.5,draftkings,310,-450,oddsapi
2026-10-09T23:05:07Z,2026-10-09,NYR @ WSH,86ba05a73a0355958b629023b20ba955,sk_a,under,Tye Kartye,0.5,draftkings,-450,310,oddsapi
2026-10-09T23:05:07Z,2026-10-09,NYR @ WSH,86ba05a73a0355958b629023b20ba955,sk_a,over,Anthony Beauvillier,0.5,draftkings,330,-475,oddsapi
2026-10-09T23:05:07Z,2026-10-09,NYR @ WSH,86ba05a73a0355958b629023b20ba955,sk_a,under,Anthony Beauvillier,0.5,draftkings,-475,330,oddsapi
2026-10-09T23:05:07Z,2026-10-09,NYR @ WSH,86ba05a73a0355958b629023b20ba955,sk_a,over,Martin Fehervary,0.5,draftkings,350,-500,oddsapi
2026-10-09T23:05:07Z,2026-10-09,NYR @ WSH,86ba05a73a0355958b629023b20ba955,sk_a,under,Martin Fehervary,0.5,draftkings,-500,350,oddsapi
2026-10-09T23:05:07Z,2026-10-09,NYR @ WSH,86ba05a73a0355958b629023b20ba955,sk_a,over,Eeli Tolvanen,0.5,draftkings,370,-550,oddsapi
2026-10-09T23:05:07Z,2026-10-09,NYR @ WSH,86ba05a73a0355958b629023b20ba955,sk_a,under,Eeli Tolvanen,0.5,draftkings,-550,370,oddsapi
2026-10-09T23:05:07Z,2026-10-09,NYR @ WSH,86ba05a73a0355958b629023b20ba955,sk_a,over,Will Cuylle,0.5,draftkings,370,-550,oddsapi
2026-10-09T23:05:07Z,2026-10-09,NYR @ WSH,86ba05a73a0355958b629023b20ba955,sk_a,under,Will Cuylle,0.5,draftkings,-550,370,oddsapi
2026-10-09T23:05:07Z,2026-10-09,NYR @ WSH,86ba05a73a0355958b629023b20ba955,sk_a,over,Marcus Pettersson,0.5,draftkings,400,-600,oddsapi
2026-10-09T23:05:07Z,2026-10-09,NYR @ WSH,86ba05a73a0355958b629023b20ba955,sk_a,under,Marcus Pettersson,0.5,draftkings,-600,400,oddsapi
2026-10-09T23:05:07Z,2026-10-09,NYR @ WSH,86ba05a73a0355958b629023b20ba955,sk_a,over,Noah Laba,0.5,draftkings,475,-750,oddsapi
2026-10-09T23:05:07Z,2026-10-09,NYR @ WSH,86ba05a73a0355958b629023b20ba955,sk_a,under,Noah Laba,0.5,draftkings,-750,475,oddsapi
2026-10-09T23:05:07Z,2026-10-09,NYR @ WSH,86ba05a73a0355958b629023b20ba955,sk_a,over,Timothy Liljegren,0.5,draftkings,500,-800,oddsapi
2026-10-09T23:05:07Z,2026-10-09,NYR @ WSH,86ba05a73a0355958b629023b20ba955,sk_a,under,Timothy Liljegren,0.5,draftkings,-800,500,oddsapi
2026-10-09T23:05:07Z,2026-10-09,NYR @ WSH,86ba05a73a0355958b629023b20ba955,sk_a,over,Vincent Desharnais,0.5,draftkings,650,-1100,oddsapi
2026-10-09T23:05:07Z,2026-10-09,NYR @ WSH,86ba05a73a0355958b629023b20ba955,sk_a,under,Vincent Desharnais,0.5,draftkings,-1100,650,oddsapi
2026-10-09T23:05:07Z,2026-10-09,NYR @ WSH,86ba05a73a0355958b629023b20ba955,sk_blk,over,Vincent Desharnais,1.5,draftkings,-145,100,oddsapi
2026-10-09T23:05:07Z,2026-10-09,NYR @ WSH,86ba05a73a0355958b629023b20ba955,sk_blk,under,Vincent Desharnais,1.5,draftkings,100,-145,oddsapi
2026-10-09T23:05:07Z,2026-10-09,NYR @ WSH,86ba05a73a0355958b629023b20ba955,sk_blk,over,Adam Fox,1.5,draftkings,-110,-130,oddsapi
2026-10-09T23:05:07Z,2026-10-09,NYR @ WSH,86ba05a73a0355958b629023b20ba955,sk_blk,under,Adam Fox,1.5,draftkings,-130,-110,oddsapi
2026-10-09T23:05:07Z,2026-10-09,NYR @ WSH,86ba05a73a0355958b629023b20ba955,ags,yes,Alex Ovechkin,,draftkings,200,,oddsapi
2026-10-09T23:05:07Z,2026-10-09,NYR @ WSH,86ba05a73a0355958b629023b20ba955,ags,yes,Pavel Dorofeyev,,draftkings,205,,oddsapi
2026-10-09T23:05:07Z,2026-10-09,NYR @ WSH,86ba05a73a0355958b629023b20ba955,ags,yes,Alex Tuch,,draftkings,225,,oddsapi
2026-10-09T23:05:07Z,2026-10-09,NYR @ WSH,86ba05a73a0355958b629023b20ba955,ags,yes,Mika Zibanejad,,draftkings,245,,oddsapi
2026-10-09T23:05:07Z,2026-10-09,NYR @ WSH,86ba05a73a0355958b629023b20ba955,ags,yes,Tom Wilson,,draftkings,255,,oddsapi
2026-10-09T23:05:07Z,2026-10-09,NYR @ WSH,86ba05a73a0355958b629023b20ba955,ags,yes,Pierre-Luc Dubois,,draftkings,280,,oddsapi
2026-10-09T23:05:07Z,2026-10-09,NYR @ WSH,86ba05a73a0355958b629023b20ba955,ags,yes,Alexis Lafrenière,,draftkings,285,,oddsapi
2026-10-09T23:05:07Z,2026-10-09,NYR @ WSH,86ba05a73a0355958b629023b20ba955,ags,yes,J.T. Miller,,draftkings,310,,oddsapi
2026-10-09T23:05:07Z,2026-10-09,NYR @ WSH,86ba05a73a0355958b629023b20ba955,ags,yes,Jakob Chychrun,,draftkings,340,,oddsapi
2026-10-09T23:05:07Z,2026-10-09,NYR @ WSH,86ba05a73a0355958b629023b20ba955,ags,yes,Dylan Strome,,draftkings,360,,oddsapi
2026-10-09T23:05:07Z,2026-10-09,NYR @ WSH,86ba05a73a0355958b629023b20ba955,ags,yes,Ilya Protas,,draftkings,370,,oddsapi
2026-10-09T23:05:07Z,2026-10-09,NYR @ WSH,86ba05a73a0355958b629023b20ba955,ags,yes,Jordan Kyrou,,draftkings,380,,oddsapi
2026-10-09T23:05:07Z,2026-10-09,NYR @ WSH,86ba05a73a0355958b629023b20ba955,ags,yes,Gabe Perreault,,draftkings,380,,oddsapi
2026-10-09T23:05:07Z,2026-10-09,NYR @ WSH,86ba05a73a0355958b629023b20ba955,ags,yes,Ryan Leonard,,draftkings,400,,oddsapi
2026-10-09T23:05:07Z,2026-10-09,NYR @ WSH,86ba05a73a0355958b629023b20ba955,ags,yes,Will Cuylle,,draftkings,425,,oddsapi
2026-10-09T23:05:07Z,2026-10-09,NYR @ WSH,86ba05a73a0355958b629023b20ba955,ags,yes,Aliaksei Protas,,draftkings,450,,oddsapi
2026-10-09T23:05:07Z,2026-10-09,NYR @ WSH,86ba05a73a0355958b629023b20ba955,ags,yes,Anthony Beauvillier,,draftkings,475,,oddsapi
2026-10-09T23:05:07Z,2026-10-09,NYR @ WSH,86ba05a73a0355958b629023b20ba955,ags,yes,Eeli Tolvanen,,draftkings,550,,oddsapi
2026-10-09T23:05:07Z,2026-10-09,NYR @ WSH,86ba05a73a0355958b629023b20ba955,ags,yes,Oliver Bjorkstrand,,draftkings,600,,oddsapi
2026-10-09T23:05:07Z,2026-10-09,NYR @ WSH,86ba05a73a0355958b629023b20ba955,ags,yes,Tye Kartye,,draftkings,600,,oddsapi
2026-10-09T23:05:07Z,2026-10-09,NYR @ WSH,86ba05a73a0355958b629023b20ba955,ags,yes,Boone Jenner,,draftkings,650,,oddsapi
2026-10-09T23:05:07Z,2026-10-09,NYR @ WSH,86ba05a73a0355958b629023b20ba955,ags,yes,Adam Fox,,draftkings,650,,oddsapi
2026-10-09T23:05:07Z,2026-10-09,NYR @ WSH,86ba05a73a0355958b629023b20ba955,ags,yes,Justin Sourdif,,draftkings,700,,oddsapi
2026-10-09T23:05:07Z,2026-10-09,NYR @ WSH,86ba05a73a0355958b629023b20ba955,ags,yes,Cole Hutson,,draftkings,800,,oddsapi
2026-10-09T23:05:07Z,2026-10-09,NYR @ WSH,86ba05a73a0355958b629023b20ba955,ags,yes,Noah Laba,,draftkings,850,,oddsapi
2026-10-09T23:05:07Z,2026-10-09,NYR @ WSH,86ba05a73a0355958b629023b20ba955,ags,yes,Sean Durzi,,draftkings,1000,,oddsapi
2026-10-09T23:05:07Z,2026-10-09,NYR @ WSH,86ba05a73a0355958b629023b20ba955,ags,yes,Jaroslav Chmelar,,draftkings,1000,,oddsapi
2026-10-09T23:05:07Z,2026-10-09,NYR @ WSH,86ba05a73a0355958b629023b20ba955,ags,yes,Vladislav Gavrikov,,draftkings,1400,,oddsapi
2026-10-09T23:05:07Z,2026-10-09,NYR @ WSH,86ba05a73a0355958b629023b20ba955,ags,yes,Marcus Pettersson,,draftkings,1800,,oddsapi
2026-10-09T23:05:07Z,2026-10-09,NYR @ WSH,86ba05a73a0355958b629023b20ba955,ags,yes,Braden Schneider,,draftkings,1800,,oddsapi
2026-10-09T23:05:07Z,2026-10-09,NYR @ WSH,86ba05a73a0355958b629023b20ba955,ags,yes,Dylan McIlrath,,draftkings,1900,,oddsapi
2026-10-09T23:05:07Z,2026-10-09,NYR @ WSH,86ba05a73a0355958b629023b20ba955,ags,yes,Martin Fehervary,,draftkings,2000,,oddsapi
2026-10-09T23:05:07Z,2026-10-09,NYR @ WSH,86ba05a73a0355958b629023b20ba955,ags,yes,Vincent Desharnais,,draftkings,2000,,oddsapi
2026-10-09T23:05:07Z,2026-10-09,NYR @ WSH,86ba05a73a0355958b629023b20ba955,ags,yes,Timothy Liljegren,,draftkings,2200,,oddsapi
2026-10-09T23:05:07Z,2026-10-09,NYR @ WSH,86ba05a73a0355958b629023b20ba955,ags,yes,Alberts Smits,,draftkings,2500,,oddsapi
2026-10-09T23:05:07Z,2026-10-09,NYR @ WSH,86ba05a73a0355958b629023b20ba955,fgs,yes,Pavel Dorofeyev,,draftkings,1100,,oddsapi
2026-10-09T23:05:07Z,2026-10-09,NYR @ WSH,86ba05a73a0355958b629023b20ba955,fgs,yes,Alex Ovechkin,,draftkings,1200,,oddsapi
2026-10-09T23:05:07Z,2026-10-09,NYR @ WSH,86ba05a73a0355958b629023b20ba955,fgs,yes,Mika Zibanejad,,draftkings,1300,,oddsapi
2026-10-09T23:05:07Z,2026-10-09,NYR @ WSH,86ba05a73a0355958b629023b20ba955,fgs,yes,Alex Tuch,,draftkings,1400,,oddsapi
2026-10-09T23:05:07Z,2026-10-09,NYR @ WSH,86ba05a73a0355958b629023b20ba955,fgs,yes,Alexis Lafrenière,,draftkings,1500,,oddsapi
2026-10-09T23:05:07Z,2026-10-09,NYR @ WSH,86ba05a73a0355958b629023b20ba955,fgs,yes,Tom Wilson,,draftkings,1500,,oddsapi
2026-10-09T23:05:07Z,2026-10-09,NYR @ WSH,86ba05a73a0355958b629023b20ba955,fgs,yes,Pierre-Luc Dubois,,draftkings,1600,,oddsapi
2026-10-09T23:05:07Z,2026-10-09,NYR @ WSH,86ba05a73a0355958b629023b20ba955,fgs,yes,J.T. Miller,,draftkings,1600,,oddsapi
2026-10-09T23:05:07Z,2026-10-09,NYR @ WSH,86ba05a73a0355958b629023b20ba955,fgs,yes,Jordan Kyrou,,draftkings,2000,,oddsapi
2026-10-09T23:05:07Z,2026-10-09,NYR @ WSH,86ba05a73a0355958b629023b20ba955,fgs,yes,Ilya Protas,,draftkings,2000,,oddsapi
2026-10-09T23:05:07Z,2026-10-09,NYR @ WSH,86ba05a73a0355958b629023b20ba955,fgs,yes,Jakob Chychrun,,draftkings,2000,,oddsapi
2026-10-09T23:05:07Z,2026-10-09,NYR @ WSH,86ba05a73a0355958b629023b20ba955,fgs,yes,Will Cuylle,,draftkings,2000,,oddsapi
2026-10-09T23:05:07Z,2026-10-09,NYR @ WSH,86ba05a73a0355958b629023b20ba955,fgs,yes,Gabe Perreault,,draftkings,2000,,oddsapi
2026-10-09T23:05:07Z,2026-10-09,NYR @ WSH,86ba05a73a0355958b629023b20ba955,fgs,yes,Aliaksei Protas,,draftkings,2200,,oddsapi
2026-10-09T23:05:07Z,2026-10-09,NYR @ WSH,86ba05a73a0355958b629023b20ba955,fgs,yes,Ryan Leonard,,draftkings,2200,,oddsapi
2026-10-09T23:05:07Z,2026-10-09,NYR @ WSH,86ba05a73a0355958b629023b20ba955,fgs,yes,Dylan Strome,,draftkings,2200,,oddsapi
2026-10-09T23:05:07Z,2026-10-09,NYR @ WSH,86ba05a73a0355958b629023b20ba955,fgs,yes,Anthony Beauvillier,,draftkings,2500,,oddsapi
2026-10-09T23:05:07Z,2026-10-09,NYR @ WSH,86ba05a73a0355958b629023b20ba955,fgs,yes,Eeli Tolvanen,,draftkings,2800,,oddsapi
2026-10-09T23:05:07Z,2026-10-09,NYR @ WSH,86ba05a73a0355958b629023b20ba955,fgs,yes,Oliver Bjorkstrand,,draftkings,3000,,oddsapi
2026-10-09T23:05:07Z,2026-10-09,NYR @ WSH,86ba05a73a0355958b629023b20ba955,fgs,yes,Adam Fox,,draftkings,3000,,oddsapi
2026-10-09T23:05:07Z,2026-10-09,NYR @ WSH,86ba05a73a0355958b629023b20ba955,fgs,yes,Tye Kartye,,draftkings,3000,,oddsapi
2026-10-09T23:05:07Z,2026-10-09,NYR @ WSH,86ba05a73a0355958b629023b20ba955,fgs,yes,Boone Jenner,,draftkings,3500,,oddsapi
2026-10-09T23:05:07Z,2026-10-09,NYR @ WSH,86ba05a73a0355958b629023b20ba955,fgs,yes,Noah Laba,,draftkings,3500,,oddsapi
2026-10-09T23:05:07Z,2026-10-09,NYR @ WSH,86ba05a73a0355958b629023b20ba955,fgs,yes,Justin Sourdif,,draftkings,3500,,oddsapi
2026-10-09T23:05:07Z,2026-10-09,NYR @ WSH,86ba05a73a0355958b629023b20ba955,fgs,yes,Jaroslav Chmelar,,draftkings,4000,,oddsapi
2026-10-09T23:05:07Z,2026-10-09,NYR @ WSH,86ba05a73a0355958b629023b20ba955,fgs,yes,Cole Hutson,,draftkings,4000,,oddsapi
2026-10-09T23:05:07Z,2026-10-09,NYR @ WSH,86ba05a73a0355958b629023b20ba955,fgs,yes,Sean Durzi,,draftkings,5000,,oddsapi
2026-10-09T23:05:07Z,2026-10-09,NYR @ WSH,86ba05a73a0355958b629023b20ba955,fgs,yes,Vladislav Gavrikov,,draftkings,6500,,oddsapi
2026-10-09T23:05:07Z,2026-10-09,NYR @ WSH,86ba05a73a0355958b629023b20ba955,fgs,yes,Braden Schneider,,draftkings,7500,,oddsapi
2026-10-09T23:05:07Z,2026-10-09,NYR @ WSH,86ba05a73a0355958b629023b20ba955,fgs,yes,Marcus Pettersson,,draftkings,7500,,oddsapi
2026-10-09T23:05:07Z,2026-10-09,NYR @ WSH,86ba05a73a0355958b629023b20ba955,fgs,yes,Dylan McIlrath,,draftkings,8000,,oddsapi
2026-10-09T23:05:07Z,2026-10-09,NYR @ WSH,86ba05a73a0355958b629023b20ba955,fgs,yes,Martin Fehervary,,draftkings,8000,,oddsapi
2026-10-09T23:05:07Z,2026-10-09,NYR @ WSH,86ba05a73a0355958b629023b20ba955,fgs,yes,Vincent Desharnais,,draftkings,8000,,oddsapi
2026-10-09T23:05:07Z,2026-10-09,NYR @ WSH,86ba05a73a0355958b629023b20ba955,fgs,yes,Timothy Liljegren,,draftkings,9000,,oddsapi
2026-10-09T23:05:07Z,2026-10-09,NYR @ WSH,86ba05a73a0355958b629023b20ba955,fgs,yes,Alberts Smits,,draftkings,10000,,oddsapi
2026-10-09T23:05:07Z,2026-10-09,NYR @ WSH,86ba05a73a0355958b629023b20ba955,lgs,yes,Alex Ovechkin,,draftkings,1000,,oddsapi
2026-10-09T23:05:07Z,2026-10-09,NYR @ WSH,86ba05a73a0355958b629023b20ba955,lgs,yes,Alex Tuch,,draftkings,1100,,oddsapi
2026-10-09T23:05:07Z,2026-10-09,NYR @ WSH,86ba05a73a0355958b629023b20ba955,lgs,yes,Pavel Dorofeyev,,draftkings,1100,,oddsapi
2026-10-09T23:05:07Z,2026-10-09,NYR @ WSH,86ba05a73a0355958b629023b20ba955,lgs,yes,Mika Zibanejad,,draftkings,1200,,oddsapi
2026-10-09T23:05:07Z,2026-10-09,NYR @ WSH,86ba05a73a0355958b629023b20ba955,lgs,yes,Tom Wilson,,draftkings,1300,,oddsapi
2026-10-09T23:05:07Z,2026-10-09,NYR @ WSH,86ba05a73a0355958b629023b20ba955,lgs,yes,J.T. Miller,,draftkings,1400,,oddsapi
2026-10-09T23:05:07Z,2026-10-09,NYR @ WSH,86ba05a73a0355958b629023b20ba955,lgs,yes,Alexis Lafrenière,,draftkings,1400,,oddsapi
2026-10-09T23:05:07Z,2026-10-09,NYR @ WSH,86ba05a73a0355958b629023b20ba955,lgs,yes,Pierre-Luc Dubois,,draftkings,1400,,oddsapi
2026-10-09T23:05:07Z,2026-10-09,NYR @ WSH,86ba05a73a0355958b629023b20ba955,lgs,yes,Gabe Perreault,,draftkings,1500,,oddsapi
2026-10-09T23:05:07Z,2026-10-09,NYR @ WSH,86ba05a73a0355958b629023b20ba955,lgs,yes,Jakob Chychrun,,draftkings,1600,,oddsapi
2026-10-09T23:05:07Z,2026-10-09,NYR @ WSH,86ba05a73a0355958b629023b20ba955,lgs,yes,Will Cuylle,,draftkings,1600,,oddsapi
2026-10-09T23:05:07Z,2026-10-09,NYR @ WSH,86ba05a73a0355958b629023b20ba955,lgs,yes,Dylan Strome,,draftkings,1700,,oddsapi
2026-10-09T23:05:07Z,2026-10-09,NYR @ WSH,86ba05a73a0355958b629023b20ba955,lgs,yes,Ilya Protas,,draftkings,1700,,oddsapi
2026-10-09T23:05:07Z,2026-10-09,NYR @ WSH,86ba05a73a0355958b629023b20ba955,lgs,yes,Jordan Kyrou,,draftkings,1800,,oddsapi
2026-10-09T23:05:07Z,2026-10-09,NYR @ WSH,86ba05a73a0355958b629023b20ba955,lgs,yes,Ryan Leonard,,draftkings,1800,,oddsapi
2026-10-09T23:05:07Z,2026-10-09,NYR @ WSH,86ba05a73a0355958b629023b20ba955,lgs,yes,Anthony Beauvillier,,draftkings,1800,,oddsapi
2026-10-09T23:05:07Z,2026-10-09,NYR @ WSH,86ba05a73a0355958b629023b20ba955,lgs,yes,Aliaksei Protas,,draftkings,1900,,oddsapi
2026-10-09T23:05:07Z,2026-10-09,NYR @ WSH,86ba05a73a0355958b629023b20ba955,lgs,yes,Oliver Bjorkstrand,,draftkings,2000,,oddsapi
2026-10-09T23:05:07Z,2026-10-09,NYR @ WSH,86ba05a73a0355958b629023b20ba955,lgs,yes,Tye Kartye,,draftkings,2200,,oddsapi
2026-10-09T23:05:07Z,2026-10-09,NYR @ WSH,86ba05a73a0355958b629023b20ba955,lgs,yes,Boone Jenner,,draftkings,2200,,oddsapi
2026-10-09T23:05:07Z,2026-10-09,NYR @ WSH,86ba05a73a0355958b629023b20ba955,lgs,yes,Adam Fox,,draftkings,2200,,oddsapi
2026-10-09T23:05:07Z,2026-10-09,NYR @ WSH,86ba05a73a0355958b629023b20ba955,lgs,yes,Eeli Tolvanen,,draftkings,2200,,oddsapi
2026-10-09T23:05:07Z,2026-10-09,NYR @ WSH,86ba05a73a0355958b629023b20ba955,lgs,yes,Justin Sourdif,,draftkings,2500,,oddsapi
2026-10-09T23:05:07Z,2026-10-09,NYR @ WSH,86ba05a73a0355958b629023b20ba955,lgs,yes,Noah Laba,,draftkings,2800,,oddsapi
2026-10-09T23:05:07Z,2026-10-09,NYR @ WSH,86ba05a73a0355958b629023b20ba955,lgs,yes,Cole Hutson,,draftkings,2800,,oddsapi
2026-10-09T23:05:07Z,2026-10-09,NYR @ WSH,86ba05a73a0355958b629023b20ba955,lgs,yes,Sean Durzi,,draftkings,3000,,oddsapi
2026-10-09T23:05:07Z,2026-10-09,NYR @ WSH,86ba05a73a0355958b629023b20ba955,lgs,yes,Jaroslav Chmelar,,draftkings,3500,,oddsapi
2026-10-09T23:05:07Z,2026-10-09,NYR @ WSH,86ba05a73a0355958b629023b20ba955,lgs,yes,Vladislav Gavrikov,,draftkings,3500,,oddsapi
2026-10-09T23:05:07Z,2026-10-09,NYR @ WSH,86ba05a73a0355958b629023b20ba955,lgs,yes,Marcus Pettersson,,draftkings,5000,,oddsapi
2026-10-09T23:05:07Z,2026-10-09,NYR @ WSH,86ba05a73a0355958b629023b20ba955,lgs,yes,Braden Schneider,,draftkings,5000,,oddsapi
2026-10-09T23:05:07Z,2026-10-09,NYR @ WSH,86ba05a73a0355958b629023b20ba955,lgs,yes,Martin Fehervary,,draftkings,5500,,oddsapi
2026-10-09T23:05:07Z,2026-10-09,NYR @ WSH,86ba05a73a0355958b629023b20ba955,lgs,yes,Alberts Smits,,draftkings,6000,,oddsapi
2026-10-09T23:05:07Z,2026-10-09,NYR @ WSH,86ba05a73a0355958b629023b20ba955,lgs,yes,Timothy Liljegren,,draftkings,6000,,oddsapi
2026-10-09T23:05:07Z,2026-10-09,NYR @ WSH,86ba05a73a0355958b629023b20ba955,lgs,yes,Dylan McIlrath,,draftkings,6000,,oddsapi
2026-10-09T23:05:07Z,2026-10-09,NYR @ WSH,86ba05a73a0355958b629023b20ba955,lgs,yes,Vincent Desharnais,,draftkings,6000,,oddsapi
2026-10-09T23:05:07Z,2026-10-09,NYR @ WSH,86ba05a73a0355958b629023b20ba955,sk_pts,over,Mika Zibanejad,0.5,draftkings,-145,110,oddsapi
2026-10-09T23:05:07Z,2026-10-09,NYR @ WSH,86ba05a73a0355958b629023b20ba955,sk_pts,under,Mika Zibanejad,0.5,draftkings,110,-145,oddsapi
2026-10-09T23:05:07Z,2026-10-09,NYR @ WSH,86ba05a73a0355958b629023b20ba955,sk_pts,over,Pierre-Luc Dubois,0.5,draftkings,-135,100,oddsapi
2026-10-09T23:05:07Z,2026-10-09,NYR @ WSH,86ba05a73a0355958b629023b20ba955,sk_pts,under,Pierre-Luc Dubois,0.5,draftkings,100,-135,oddsapi
2026-10-09T23:05:07Z,2026-10-09,NYR @ WSH,86ba05a73a0355958b629023b20ba955,sk_pts,over,Adam Fox,0.5,draftkings,-130,-105,oddsapi
2026-10-09T23:05:07Z,2026-10-09,NYR @ WSH,86ba05a73a0355958b629023b20ba955,sk_pts,under,Adam Fox,0.5,draftkings,-105,-130,oddsapi
2026-10-09T23:05:07Z,2026-10-09,NYR @ WSH,86ba05a73a0355958b629023b20ba955,sk_pts,over,Jakob Chychrun,0.5,draftkings,-130,-105,oddsapi
2026-10-09T23:05:07Z,2026-10-09,NYR @ WSH,86ba05a73a0355958b629023b20ba955,sk_pts,under,Jakob Chychrun,0.5,draftkings,-105,-130,oddsapi
2026-10-09T23:05:07Z,2026-10-09,NYR @ WSH,86ba05a73a0355958b629023b20ba955,sk_pts,over,Alex Ovechkin,0.5,draftkings,-120,-110,oddsapi
2026-10-09T23:05:07Z,2026-10-09,NYR @ WSH,86ba05a73a0355958b629023b20ba955,sk_pts,under,Alex Ovechkin,0.5,draftkings,-110,-120,oddsapi
2026-10-09T23:05:07Z,2026-10-09,NYR @ WSH,86ba05a73a0355958b629023b20ba955,sk_pts,over,J.T. Miller,0.5,draftkings,-120,-115,oddsapi
2026-10-09T23:05:07Z,2026-10-09,NYR @ WSH,86ba05a73a0355958b629023b20ba955,sk_pts,under,J.T. Miller,0.5,draftkings,-115,-120,oddsapi
2026-10-09T23:05:07Z,2026-10-09,NYR @ WSH,86ba05a73a0355958b629023b20ba955,sk_pts,over,Tom Wilson,0.5,draftkings,-120,-115,oddsapi
2026-10-09T23:05:07Z,2026-10-09,NYR @ WSH,86ba05a73a0355958b629023b20ba955,sk_pts,under,Tom Wilson,0.5,draftkings,-115,-120,oddsapi
2026-10-09T23:05:07Z,2026-10-09,NYR @ WSH,86ba05a73a0355958b629023b20ba955,sk_pts,over,Alex Tuch,0.5,draftkings,-110,-125,oddsapi
2026-10-09T23:05:07Z,2026-10-09,NYR @ WSH,86ba05a73a0355958b629023b20ba955,sk_pts,under,Alex Tuch,0.5,draftkings,-125,-110,oddsapi
2026-10-09T23:05:07Z,2026-10-09,NYR @ WSH,86ba05a73a0355958b629023b20ba955,sk_pts,over,Dylan Strome,0.5,draftkings,-110,-125,oddsapi
2026-10-09T23:05:07Z,2026-10-09,NYR @ WSH,86ba05a73a0355958b629023b20ba955,sk_pts,under,Dylan Strome,0.5,draftkings,-125,-110,oddsapi
2026-10-09T23:05:07Z,2026-10-09,NYR @ WSH,86ba05a73a0355958b629023b20ba955,sk_pts,over,Pavel Dorofeyev,0.5,draftkings,-105,-125,oddsapi
2026-10-09T23:05:07Z,2026-10-09,NYR @ WSH,86ba05a73a0355958b629023b20ba955,sk_pts,under,Pavel Dorofeyev,0.5,draftkings,-125,-105,oddsapi
2026-10-09T23:05:07Z,2026-10-09,NYR @ WSH,86ba05a73a0355958b629023b20ba955,sk_pts,over,Alexis Lafrenière,0.5,draftkings,105,-140,oddsapi
2026-10-09T23:05:07Z,2026-10-09,NYR @ WSH,86ba05a73a0355958b629023b20ba955,sk_pts,under,Alexis Lafrenière,0.5,draftkings,-140,105,oddsapi
2026-10-09T23:05:07Z,2026-10-09,NYR @ WSH,86ba05a73a0355958b629023b20ba955,sk_pts,over,Ilya Protas,0.5,draftkings,125,-165,oddsapi
2026-10-09T23:05:07Z,2026-10-09,NYR @ WSH,86ba05a73a0355958b629023b20ba955,sk_pts,under,Ilya Protas,0.5,draftkings,-165,125,oddsapi
2026-10-09T23:05:07Z,2026-10-09,NYR @ WSH,86ba05a73a0355958b629023b20ba955,sk_pts,over,Jordan Kyrou,0.5,draftkings,125,-170,oddsapi
2026-10-09T23:05:07Z,2026-10-09,NYR @ WSH,86ba05a73a0355958b629023b20ba955,sk_pts,under,Jordan Kyrou,0.5,draftkings,-170,125,oddsapi
2026-10-09T23:05:07Z,2026-10-09,NYR @ WSH,86ba05a73a0355958b629023b20ba955,sk_pts,over,Gabe Perreault,0.5,draftkings,155,-210,oddsapi
2026-10-09T23:05:07Z,2026-10-09,NYR @ WSH,86ba05a73a0355958b629023b20ba955,sk_pts,under,Gabe Perreault,0.5,draftkings,-210,155,oddsapi
2026-10-09T23:05:07Z,2026-10-09,NYR @ WSH,86ba05a73a0355958b629023b20ba955,sk_pts,over,Cole Hutson,0.5,draftkings,160,-220,oddsapi
2026-10-09T23:05:07Z,2026-10-09,NYR @ WSH,86ba05a73a0355958b629023b20ba955,sk_pts,under,Cole Hutson,0.5,draftkings,-220,160,oddsapi
2026-10-09T23:05:07Z,2026-10-09,NYR @ WSH,86ba05a73a0355958b629023b20ba955,sk_pts,over,Aliaksei Protas,0.5,draftkings,165,-225,oddsapi
2026-10-09T23:05:07Z,2026-10-09,NYR @ WSH,86ba05a73a0355958b629023b20ba955,sk_pts,under,Aliaksei Protas,0.5,draftkings,-225,165,oddsapi
2026-10-09T23:05:07Z,2026-10-09,NYR @ WSH,86ba05a73a0355958b629023b20ba955,sk_pts,over,Ryan Leonard,0.5,draftkings,165,-220,oddsapi
2026-10-09T23:05:07Z,2026-10-09,NYR @ WSH,86ba05a73a0355958b629023b20ba955,sk_pts,under,Ryan Leonard,0.5,draftkings,-220,165,oddsapi
2026-10-09T23:05:07Z,2026-10-09,NYR @ WSH,86ba05a73a0355958b629023b20ba955,sk_pts,over,Will Cuylle,0.5,draftkings,180,-245,oddsapi
2026-10-09T23:05:07Z,2026-10-09,NYR @ WSH,86ba05a73a0355958b629023b20ba955,sk_pts,under,Will Cuylle,0.5,draftkings,-245,180,oddsapi
2026-10-09T23:05:07Z,2026-10-09,NYR @ WSH,86ba05a73a0355958b629023b20ba955,sk_pts,over,Anthony Beauvillier,0.5,draftkings,185,-250,oddsapi
2026-10-09T23:05:07Z,2026-10-09,NYR @ WSH,86ba05a73a0355958b629023b20ba955,sk_pts,under,Anthony Beauvillier,0.5,draftkings,-250,185,oddsapi
2026-10-09T23:05:07Z,2026-10-09,NYR @ WSH,86ba05a73a0355958b629023b20ba955,sk_pts,over,Sean Durzi,0.5,draftkings,200,-280,oddsapi
2026-10-09T23:05:07Z,2026-10-09,NYR @ WSH,86ba05a73a0355958b629023b20ba955,sk_pts,under,Sean Durzi,0.5,draftkings,-280,200,oddsapi
2026-10-09T23:05:07Z,2026-10-09,NYR @ WSH,86ba05a73a0355958b629023b20ba955,sk_pts,over,Tye Kartye,0.5,draftkings,200,-275,oddsapi
2026-10-09T23:05:07Z,2026-10-09,NYR @ WSH,86ba05a73a0355958b629023b20ba955,sk_pts,under,Tye Kartye,0.5,draftkings,-275,200,oddsapi
2026-10-09T23:05:07Z,2026-10-09,NYR @ WSH,86ba05a73a0355958b629023b20ba955,sk_pts,over,Eeli Tolvanen,0.5,draftkings,215,-295,oddsapi
2026-10-09T23:05:07Z,2026-10-09,NYR @ WSH,86ba05a73a0355958b629023b20ba955,sk_pts,under,Eeli Tolvanen,0.5,draftkings,-295,215,oddsapi
2026-10-09T23:05:07Z,2026-10-09,NYR @ WSH,86ba05a73a0355958b629023b20ba955,sk_pts,over,Vladislav Gavrikov,0.5,draftkings,220,-300,oddsapi
2026-10-09T23:05:07Z,2026-10-09,NYR @ WSH,86ba05a73a0355958b629023b20ba955,sk_pts,under,Vladislav Gavrikov,0.5,draftkings,-300,220,oddsapi
2026-10-09T23:05:07Z,2026-10-09,NYR @ WSH,86ba05a73a0355958b629023b20ba955,sk_pts,over,Noah Laba,0.5,draftkings,295,-425,oddsapi
2026-10-09T23:05:07Z,2026-10-09,NYR @ WSH,86ba05a73a0355958b629023b20ba955,sk_pts,under,Noah Laba,0.5,draftkings,-425,295,oddsapi
2026-10-09T23:05:07Z,2026-10-09,NYR @ WSH,86ba05a73a0355958b629023b20ba955,sk_pts,over,Martin Fehervary,0.5,draftkings,300,-425,oddsapi
2026-10-09T23:05:07Z,2026-10-09,NYR @ WSH,86ba05a73a0355958b629023b20ba955,sk_pts,under,Martin Fehervary,0.5,draftkings,-425,300,oddsapi
2026-10-09T23:05:07Z,2026-10-09,NYR @ WSH,86ba05a73a0355958b629023b20ba955,sk_pts,over,Marcus Pettersson,0.5,draftkings,330,-475,oddsapi
2026-10-09T23:05:07Z,2026-10-09,NYR @ WSH,86ba05a73a0355958b629023b20ba955,sk_pts,under,Marcus Pettersson,0.5,draftkings,-475,330,oddsapi
2026-10-09T23:05:07Z,2026-10-09,NYR @ WSH,86ba05a73a0355958b629023b20ba955,sk_pts,over,Timothy Liljegren,0.5,draftkings,400,-650,oddsapi
2026-10-09T23:05:07Z,2026-10-09,NYR @ WSH,86ba05a73a0355958b629023b20ba955,sk_pts,under,Timothy Liljegren,0.5,draftkings,-650,400,oddsapi
2026-10-09T23:05:07Z,2026-10-09,NYR @ WSH,86ba05a73a0355958b629023b20ba955,sk_pts,over,Vincent Desharnais,0.5,draftkings,500,-800,oddsapi
2026-10-09T23:05:07Z,2026-10-09,NYR @ WSH,86ba05a73a0355958b629023b20ba955,sk_pts,under,Vincent Desharnais,0.5,draftkings,-800,500,oddsapi
2026-10-09T23:05:07Z,2026-10-09,NYR @ WSH,86ba05a73a0355958b629023b20ba955,sk_sog,over,Pavel Dorofeyev,2.5,draftkings,-135,100,oddsapi
2026-10-09T23:05:07Z,2026-10-09,NYR @ WSH,86ba05a73a0355958b629023b20ba955,sk_sog,under,Pavel Dorofeyev,2.5,draftkings,100,-135,oddsapi
2026-10-09T23:05:07Z,2026-10-09,NYR @ WSH,86ba05a73a0355958b629023b20ba955,sk_sog,over,Alex Ovechkin,2.5,draftkings,-125,-110,oddsapi
2026-10-09T23:05:07Z,2026-10-09,NYR @ WSH,86ba05a73a0355958b629023b20ba955,sk_sog,under,Alex Ovechkin,2.5,draftkings,-110,-125,oddsapi
2026-10-09T23:05:07Z,2026-10-09,NYR @ WSH,86ba05a73a0355958b629023b20ba955,sk_sog,over,Jakob Chychrun,2.5,draftkings,-125,-110,oddsapi
2026-10-09T23:05:07Z,2026-10-09,NYR @ WSH,86ba05a73a0355958b629023b20ba955,sk_sog,under,Jakob Chychrun,2.5,draftkings,-110,-125,oddsapi
2026-10-09T23:05:07Z,2026-10-09,NYR @ WSH,86ba05a73a0355958b629023b20ba955,sk_sog,over,Alex Tuch,2.5,draftkings,-115,-120,oddsapi
2026-10-09T23:05:07Z,2026-10-09,NYR @ WSH,86ba05a73a0355958b629023b20ba955,sk_sog,under,Alex Tuch,2.5,draftkings,-120,-115,oddsapi
2026-10-09T23:05:07Z,2026-10-09,NYR @ WSH,86ba05a73a0355958b629023b20ba955,sk_sog,over,Mika Zibanejad,2.5,draftkings,110,-150,oddsapi
2026-10-09T23:05:07Z,2026-10-09,NYR @ WSH,86ba05a73a0355958b629023b20ba955,sk_sog,under,Mika Zibanejad,2.5,draftkings,-150,110,oddsapi
2026-10-09T23:05:07Z,2026-10-09,NYR @ WSH,86ba05a73a0355958b629023b20ba955,sk_sog,over,Jordan Kyrou,1.5,draftkings,-195,145,oddsapi
2026-10-09T23:05:07Z,2026-10-09,NYR @ WSH,86ba05a73a0355958b629023b20ba955,sk_sog,under,Jordan Kyrou,1.5,draftkings,145,-195,oddsapi
2026-10-09T23:05:07Z,2026-10-09,NYR @ WSH,86ba05a73a0355958b629023b20ba955,sk_sog,over,Alexis Lafrenière,1.5,draftkings,-190,140,oddsapi
2026-10-09T23:05:07Z,2026-10-09,NYR @ WSH,86ba05a73a0355958b629023b20ba955,sk_sog,under,Alexis Lafrenière,1.5,draftkings,140,-190,oddsapi
2026-10-09T23:05:07Z,2026-10-09,NYR @ WSH,86ba05a73a0355958b629023b20ba955,sk_sog,over,Tom Wilson,1.5,draftkings,-185,135,oddsapi
2026-10-09T23:05:07Z,2026-10-09,NYR @ WSH,86ba05a73a0355958b629023b20ba955,sk_sog,under,Tom Wilson,1.5,draftkings,135,-185,oddsapi
2026-10-09T23:05:07Z,2026-10-09,NYR @ WSH,86ba05a73a0355958b629023b20ba955,sk_sog,over,J.T. Miller,1.5,draftkings,-150,110,oddsapi
2026-10-09T23:05:07Z,2026-10-09,NYR @ WSH,86ba05a73a0355958b629023b20ba955,sk_sog,under,J.T. Miller,1.5,draftkings,110,-150,oddsapi
2026-10-09T23:05:07Z,2026-10-09,NYR @ WSH,86ba05a73a0355958b629023b20ba955,sk_sog,over,Will Cuylle,1.5,draftkings,-150,110,oddsapi
2026-10-09T23:05:07Z,2026-10-09,NYR @ WSH,86ba05a73a0355958b629023b20ba955,sk_sog,under,Will Cuylle,1.5,draftkings,110,-150,oddsapi
2026-10-09T23:05:07Z,2026-10-09,NYR @ WSH,86ba05a73a0355958b629023b20ba955,sk_sog,over,Ryan Leonard,1.5,draftkings,-145,105,oddsapi
2026-10-09T23:05:07Z,2026-10-09,NYR @ WSH,86ba05a73a0355958b629023b20ba955,sk_sog,under,Ryan Leonard,1.5,draftkings,105,-145,oddsapi
2026-10-09T23:05:07Z,2026-10-09,NYR @ WSH,86ba05a73a0355958b629023b20ba955,sk_sog,over,Dylan Strome,1.5,draftkings,-130,-105,oddsapi
2026-10-09T23:05:07Z,2026-10-09,NYR @ WSH,86ba05a73a0355958b629023b20ba955,sk_sog,under,Dylan Strome,1.5,draftkings,-105,-130,oddsapi
2026-10-09T23:05:07Z,2026-10-09,NYR @ WSH,86ba05a73a0355958b629023b20ba955,sk_sog,over,Cole Hutson,1.5,draftkings,-120,-110,oddsapi
2026-10-09T23:05:07Z,2026-10-09,NYR @ WSH,86ba05a73a0355958b629023b20ba955,sk_sog,under,Cole Hutson,1.5,draftkings,-110,-120,oddsapi
2026-10-09T23:05:07Z,2026-10-09,NYR @ WSH,86ba05a73a0355958b629023b20ba955,sk_sog,over,Aliaksei Protas,1.5,draftkings,-115,-120,oddsapi
2026-10-09T23:05:07Z,2026-10-09,NYR @ WSH,86ba05a73a0355958b629023b20ba955,sk_sog,under,Aliaksei Protas,1.5,draftkings,-120,-115,oddsapi
2026-10-09T23:05:07Z,2026-10-09,NYR @ WSH,86ba05a73a0355958b629023b20ba955,sk_sog,over,Pierre-Luc Dubois,1.5,draftkings,-115,-115,oddsapi
2026-10-09T23:05:07Z,2026-10-09,NYR @ WSH,86ba05a73a0355958b629023b20ba955,sk_sog,under,Pierre-Luc Dubois,1.5,draftkings,-115,-115,oddsapi
2026-10-09T23:05:07Z,2026-10-09,NYR @ WSH,86ba05a73a0355958b629023b20ba955,sk_sog,over,Adam Fox,1.5,draftkings,100,-130,oddsapi
2026-10-09T23:05:07Z,2026-10-09,NYR @ WSH,86ba05a73a0355958b629023b20ba955,sk_sog,under,Adam Fox,1.5,draftkings,-130,100,oddsapi
2026-10-09T23:05:07Z,2026-10-09,NYR @ WSH,86ba05a73a0355958b629023b20ba955,sk_sog,over,Oliver Bjorkstrand,1.5,draftkings,110,-150,oddsapi
2026-10-09T23:05:07Z,2026-10-09,NYR @ WSH,86ba05a73a0355958b629023b20ba955,sk_sog,under,Oliver Bjorkstrand,1.5,draftkings,-150,110,oddsapi
2026-10-09T23:05:07Z,2026-10-09,NYR @ WSH,86ba05a73a0355958b629023b20ba955,sk_sog,over,Gabe Perreault,1.5,draftkings,115,-155,oddsapi
2026-10-09T23:05:07Z,2026-10-09,NYR @ WSH,86ba05a73a0355958b629023b20ba955,sk_sog,under,Gabe Perreault,1.5,draftkings,-155,115,oddsapi
2026-10-09T23:05:07Z,2026-10-09,NYR @ WSH,86ba05a73a0355958b629023b20ba955,sk_sog,over,Eeli Tolvanen,1.5,draftkings,125,-170,oddsapi
2026-10-09T23:05:07Z,2026-10-09,NYR @ WSH,86ba05a73a0355958b629023b20ba955,sk_sog,under,Eeli Tolvanen,1.5,draftkings,-170,125,oddsapi
2026-10-09T23:05:07Z,2026-10-09,NYR @ WSH,86ba05a73a0355958b629023b20ba955,g_saves,over,Igor Shesterkin,25.5,draftkings,-135,100,oddsapi
2026-10-09T23:05:07Z,2026-10-09,NYR @ WSH,86ba05a73a0355958b629023b20ba955,g_saves,under,Igor Shesterkin,25.5,draftkings,100,-135,oddsapi
2026-10-09T23:05:07Z,2026-10-09,NYR @ WSH,86ba05a73a0355958b629023b20ba955,g_saves,over,Logan Thompson,22.5,draftkings,-105,-130,oddsapi
2026-10-09T23:05:07Z,2026-10-09,NYR @ WSH,86ba05a73a0355958b629023b20ba955,g_saves,under,Logan Thompson,22.5,draftkings,-130,-105,oddsapi
2026-10-09T23:05:07Z,2026-10-09,NYR @ WSH,86ba05a73a0355958b629023b20ba955,p1_pl,NYR,,0.5,draftkings,-210,160,oddsapi
2026-10-09T23:05:07Z,2026-10-09,NYR @ WSH,86ba05a73a0355958b629023b20ba955,p1_pl,WSH,,-0.5,draftkings,160,-210,oddsapi
2026-10-09T23:05:07Z,2026-10-09,NYR @ WSH,86ba05a73a0355958b629023b20ba955,p2_pl,NYR,,0.5,draftkings,-195,150,oddsapi
2026-10-09T23:05:07Z,2026-10-09,NYR @ WSH,86ba05a73a0355958b629023b20ba955,p2_pl,WSH,,-0.5,draftkings,150,-195,oddsapi
2026-10-09T23:05:07Z,2026-10-09,NYR @ WSH,86ba05a73a0355958b629023b20ba955,p3_pl,NYR,,0.5,draftkings,-175,135,oddsapi
2026-10-09T23:05:07Z,2026-10-09,NYR @ WSH,86ba05a73a0355958b629023b20ba955,p3_pl,WSH,,-0.5,draftkings,135,-175,oddsapi
2026-10-09T23:05:07Z,2026-10-09,NYR @ WSH,86ba05a73a0355958b629023b20ba955,p1_team_total,over,NYR,0.5,draftkings,-145,105,oddsapi
2026-10-09T23:05:07Z,2026-10-09,NYR @ WSH,86ba05a73a0355958b629023b20ba955,p1_team_total,under,NYR,0.5,draftkings,105,-145,oddsapi
2026-10-09T23:05:07Z,2026-10-09,NYR @ WSH,86ba05a73a0355958b629023b20ba955,p1_team_total,over,WSH,0.5,draftkings,-170,130,oddsapi
2026-10-09T23:05:07Z,2026-10-09,NYR @ WSH,86ba05a73a0355958b629023b20ba955,p1_team_total,under,WSH,0.5,draftkings,130,-170,oddsapi
2026-10-09T23:05:07Z,2026-10-09,NYR @ WSH,86ba05a73a0355958b629023b20ba955,p1_total,over,,1.5,draftkings,-120,-110,oddsapi
2026-10-09T23:05:07Z,2026-10-09,NYR @ WSH,86ba05a73a0355958b629023b20ba955,p1_total,under,,1.5,draftkings,-110,-120,oddsapi
2026-10-09T23:05:07Z,2026-10-09,NYR @ WSH,86ba05a73a0355958b629023b20ba955,p2_total,over,,1.5,draftkings,-145,114,oddsapi
2026-10-09T23:05:07Z,2026-10-09,NYR @ WSH,86ba05a73a0355958b629023b20ba955,p2_total,under,,1.5,draftkings,114,-145,oddsapi
2026-10-09T23:05:07Z,2026-10-09,NYR @ WSH,86ba05a73a0355958b629023b20ba955,p3_total,over,,1.5,draftkings,-188,145,oddsapi
2026-10-09T23:05:07Z,2026-10-09,NYR @ WSH,86ba05a73a0355958b629023b20ba955,p3_total,under,,1.5,draftkings,145,-188,oddsapi
2026-10-09T23:05:07Z,2026-10-09,NYR @ WSH,86ba05a73a0355958b629023b20ba955,p1_ml,NYR,,,betonlineag,108,-128,oddsapi
2026-10-09T23:05:07Z,2026-10-09,NYR @ WSH,86ba05a73a0355958b629023b20ba955,p1_ml,WSH,,,betonlineag,-128,108,oddsapi
2026-10-09T23:05:07Z,2026-10-09,NYR @ WSH,86ba05a73a0355958b629023b20ba955,sk_pts,over,Alex Tuch,0.5,betonlineag,-114,-114,oddsapi
2026-10-09T23:05:07Z,2026-10-09,NYR @ WSH,86ba05a73a0355958b629023b20ba955,sk_pts,under,Alex Tuch,0.5,betonlineag,-114,-114,oddsapi
2026-10-09T23:05:07Z,2026-10-09,NYR @ WSH,86ba05a73a0355958b629023b20ba955,sk_pts,over,Alexis Lafrenière,0.5,betonlineag,-102,-127,oddsapi
2026-10-09T23:05:07Z,2026-10-09,NYR @ WSH,86ba05a73a0355958b629023b20ba955,sk_pts,under,Alexis Lafrenière,0.5,betonlineag,-127,-102,oddsapi
2026-10-09T23:05:07Z,2026-10-09,NYR @ WSH,86ba05a73a0355958b629023b20ba955,sk_pts,over,Jakob Chychrun,0.5,betonlineag,-122,-106,oddsapi
2026-10-09T23:05:07Z,2026-10-09,NYR @ WSH,86ba05a73a0355958b629023b20ba955,sk_pts,under,Jakob Chychrun,0.5,betonlineag,-106,-122,oddsapi
2026-10-09T23:05:07Z,2026-10-09,NYR @ WSH,86ba05a73a0355958b629023b20ba955,sk_pts,over,Pierre-Luc Dubois,0.5,betonlineag,-127,-102,oddsapi
2026-10-09T23:05:07Z,2026-10-09,NYR @ WSH,86ba05a73a0355958b629023b20ba955,sk_pts,under,Pierre-Luc Dubois,0.5,betonlineag,-102,-127,oddsapi
2026-10-09T23:05:07Z,2026-10-09,NYR @ WSH,86ba05a73a0355958b629023b20ba955,sk_pts,over,Jordan Kyrou,0.5,betonlineag,134,-175,oddsapi
2026-10-09T23:05:07Z,2026-10-09,NYR @ WSH,86ba05a73a0355958b629023b20ba955,sk_pts,under,Jordan Kyrou,0.5,betonlineag,-175,134,oddsapi
2026-10-09T23:05:07Z,2026-10-09,NYR @ WSH,86ba05a73a0355958b629023b20ba955,sk_pts,over,Pavel Dorofeyev,0.5,betonlineag,-108,-120,oddsapi
2026-10-09T23:05:07Z,2026-10-09,NYR @ WSH,86ba05a73a0355958b629023b20ba955,sk_pts,under,Pavel Dorofeyev,0.5,betonlineag,-120,-108,oddsapi
2026-10-09T23:05:07Z,2026-10-09,NYR @ WSH,86ba05a73a0355958b629023b20ba955,sk_pts,over,Tom Wilson,0.5,betonlineag,-122,-106,oddsapi
2026-10-09T23:05:07Z,2026-10-09,NYR @ WSH,86ba05a73a0355958b629023b20ba955,sk_pts,under,Tom Wilson,0.5,betonlineag,-106,-122,oddsapi
2026-10-09T23:05:07Z,2026-10-09,NYR @ WSH,86ba05a73a0355958b629023b20ba955,sk_pts,over,Mika Zibanejad,0.5,betonlineag,-141,109,oddsapi
2026-10-09T23:05:07Z,2026-10-09,NYR @ WSH,86ba05a73a0355958b629023b20ba955,sk_pts,under,Mika Zibanejad,0.5,betonlineag,109,-141,oddsapi
2026-10-09T23:05:07Z,2026-10-09,NYR @ WSH,86ba05a73a0355958b629023b20ba955,sk_pts,over,Gabe Perreault,0.5,betonlineag,149,-196,oddsapi
2026-10-09T23:05:07Z,2026-10-09,NYR @ WSH,86ba05a73a0355958b629023b20ba955,sk_pts,under,Gabe Perreault,0.5,betonlineag,-196,149,oddsapi
2026-10-09T23:05:07Z,2026-10-09,NYR @ WSH,86ba05a73a0355958b629023b20ba955,sk_pts,over,Adam Fox,0.5,betonlineag,-135,105,oddsapi
2026-10-09T23:05:07Z,2026-10-09,NYR @ WSH,86ba05a73a0355958b629023b20ba955,sk_pts,under,Adam Fox,0.5,betonlineag,105,-135,oddsapi
2026-10-09T23:05:07Z,2026-10-09,NYR @ WSH,86ba05a73a0355958b629023b20ba955,sk_pts,over,J.T. Miller,0.5,betonlineag,-120,-108,oddsapi
2026-10-09T23:05:07Z,2026-10-09,NYR @ WSH,86ba05a73a0355958b629023b20ba955,sk_pts,under,J.T. Miller,0.5,betonlineag,-108,-120,oddsapi
2026-10-09T23:05:07Z,2026-10-09,NYR @ WSH,86ba05a73a0355958b629023b20ba955,sk_pts,over,Alex Ovechkin,0.5,betonlineag,-120,-108,oddsapi
2026-10-09T23:05:07Z,2026-10-09,NYR @ WSH,86ba05a73a0355958b629023b20ba955,sk_pts,under,Alex Ovechkin,0.5,betonlineag,-108,-120,oddsapi
2026-10-09T23:05:07Z,2026-10-09,NYR @ WSH,86ba05a73a0355958b629023b20ba955,sk_pts,over,Dylan Strome,0.5,betonlineag,-128,-101,oddsapi
2026-10-09T23:05:07Z,2026-10-09,NYR @ WSH,86ba05a73a0355958b629023b20ba955,sk_pts,under,Dylan Strome,0.5,betonlineag,-101,-128,oddsapi
2026-10-09T23:05:07Z,2026-10-09,NYR @ WSH,86ba05a73a0355958b629023b20ba955,sk_pts,over,Will Cuylle,0.5,betonlineag,178,-238,oddsapi
2026-10-09T23:05:07Z,2026-10-09,NYR @ WSH,86ba05a73a0355958b629023b20ba955,sk_pts,under,Will Cuylle,0.5,betonlineag,-238,178,oddsapi
2026-10-09T23:05:07Z,2026-10-09,NYR @ WSH,86ba05a73a0355958b629023b20ba955,sk_pts,over,Sean Durzi,0.5,betonlineag,199,-270,oddsapi
2026-10-09T23:05:07Z,2026-10-09,NYR @ WSH,86ba05a73a0355958b629023b20ba955,sk_pts,under,Sean Durzi,0.5,betonlineag,-270,199,oddsapi
2026-10-09T23:05:07Z,2026-10-09,NYR @ WSH,86ba05a73a0355958b629023b20ba955,sk_pts,over,Cole Hutson,0.5,betonlineag,167,-222,oddsapi
2026-10-09T23:05:07Z,2026-10-09,NYR @ WSH,86ba05a73a0355958b629023b20ba955,sk_pts,under,Cole Hutson,0.5,betonlineag,-222,167,oddsapi
2026-10-09T23:05:07Z,2026-10-09,NYR @ WSH,86ba05a73a0355958b629023b20ba955,sk_pts,over,Ilya Protas,0.5,betonlineag,136,-179,oddsapi
2026-10-09T23:05:07Z,2026-10-09,NYR @ WSH,86ba05a73a0355958b629023b20ba955,sk_pts,under,Ilya Protas,0.5,betonlineag,-179,136,oddsapi
2026-10-09T23:05:07Z,2026-10-09,NYR @ WSH,86ba05a73a0355958b629023b20ba955,sk_pts,over,Eeli Tolvanen,0.5,betonlineag,220,-303,oddsapi
2026-10-09T23:05:07Z,2026-10-09,NYR @ WSH,86ba05a73a0355958b629023b20ba955,sk_pts,under,Eeli Tolvanen,0.5,betonlineag,-303,220,oddsapi
2026-10-09T23:05:07Z,2026-10-09,NYR @ WSH,86ba05a73a0355958b629023b20ba955,sk_pts,over,Aliaksei Protas,0.5,betonlineag,178,-238,oddsapi
2026-10-09T23:05:07Z,2026-10-09,NYR @ WSH,86ba05a73a0355958b629023b20ba955,sk_pts,under,Aliaksei Protas,0.5,betonlineag,-238,178,oddsapi
2026-10-09T23:05:07Z,2026-10-09,NYR @ WSH,86ba05a73a0355958b629023b20ba955,sk_pts,over,Anthony Beauvillier,0.5,betonlineag,190,-256,oddsapi
2026-10-09T23:05:07Z,2026-10-09,NYR @ WSH,86ba05a73a0355958b629023b20ba955,sk_pts,under,Anthony Beauvillier,0.5,betonlineag,-256,190,oddsapi
2026-10-09T23:05:07Z,2026-10-09,NYR @ WSH,86ba05a73a0355958b629023b20ba955,sk_pts,over,Tye Kartye,0.5,betonlineag,195,-263,oddsapi
2026-10-09T23:05:07Z,2026-10-09,NYR @ WSH,86ba05a73a0355958b629023b20ba955,sk_pts,under,Tye Kartye,0.5,betonlineag,-263,195,oddsapi
2026-10-09T23:05:07Z,2026-10-09,NYR @ WSH,86ba05a73a0355958b629023b20ba955,sk_pts,over,Vladislav Gavrikov,0.5,betonlineag,233,-323,oddsapi
2026-10-09T23:05:07Z,2026-10-09,NYR @ WSH,86ba05a73a0355958b629023b20ba955,sk_pts,under,Vladislav Gavrikov,0.5,betonlineag,-323,233,oddsapi
2026-10-09T23:05:07Z,2026-10-09,NYR @ WSH,86ba05a73a0355958b629023b20ba955,sk_pts,over,Ryan Leonard,0.5,betonlineag,164,-217,oddsapi
2026-10-09T23:05:07Z,2026-10-09,NYR @ WSH,86ba05a73a0355958b629023b20ba955,sk_pts,under,Ryan Leonard,0.5,betonlineag,-217,164,oddsapi
2026-10-09T23:05:07Z,2026-10-09,NYR @ WSH,86ba05a73a0355958b629023b20ba955,sk_sog,over,Mika Zibanejad,2.5,betonlineag,117,-152,oddsapi
2026-10-09T23:05:07Z,2026-10-09,NYR @ WSH,86ba05a73a0355958b629023b20ba955,sk_sog,under,Mika Zibanejad,2.5,betonlineag,-152,117,oddsapi
2026-10-09T23:05:07Z,2026-10-09,NYR @ WSH,86ba05a73a0355958b629023b20ba955,sk_sog,over,Pierre-Luc Dubois,1.5,betonlineag,100,-130,oddsapi
2026-10-09T23:05:07Z,2026-10-09,NYR @ WSH,86ba05a73a0355958b629023b20ba955,sk_sog,under,Pierre-Luc Dubois,1.5,betonlineag,-130,100,oddsapi
2026-10-09T23:05:07Z,2026-10-09,NYR @ WSH,86ba05a73a0355958b629023b20ba955,sk_sog,over,Gabe Perreault,1.5,betonlineag,120,-156,oddsapi
2026-10-09T23:05:07Z,2026-10-09,NYR @ WSH,86ba05a73a0355958b629023b20ba955,sk_sog,under,Gabe Perreault,1.5,betonlineag,-156,120,oddsapi
2026-10-09T23:05:07Z,2026-10-09,NYR @ WSH,86ba05a73a0355958b629023b20ba955,sk_sog,over,Alex Ovechkin,2.5,betonlineag,-103,-125,oddsapi
2026-10-09T23:05:07Z,2026-10-09,NYR @ WSH,86ba05a73a0355958b629023b20ba955,sk_sog,under,Alex Ovechkin,2.5,betonlineag,-125,-103,oddsapi
2026-10-09T23:05:07Z,2026-10-09,NYR @ WSH,86ba05a73a0355958b629023b20ba955,sk_sog,over,Adam Fox,1.5,betonlineag,100,-130,oddsapi
2026-10-09T23:05:07Z,2026-10-09,NYR @ WSH,86ba05a73a0355958b629023b20ba955,sk_sog,under,Adam Fox,1.5,betonlineag,-130,100,oddsapi
2026-10-09T23:05:07Z,2026-10-09,NYR @ WSH,86ba05a73a0355958b629023b20ba955,sk_sog,over,Dylan Strome,1.5,betonlineag,-103,-125,oddsapi
2026-10-09T23:05:07Z,2026-10-09,NYR @ WSH,86ba05a73a0355958b629023b20ba955,sk_sog,under,Dylan Strome,1.5,betonlineag,-125,-103,oddsapi
2026-10-09T23:05:07Z,2026-10-09,NYR @ WSH,86ba05a73a0355958b629023b20ba955,sk_sog,over,Jakob Chychrun,2.5,betonlineag,-110,-118,oddsapi
2026-10-09T23:05:07Z,2026-10-09,NYR @ WSH,86ba05a73a0355958b629023b20ba955,sk_sog,under,Jakob Chychrun,2.5,betonlineag,-118,-110,oddsapi
2026-10-09T23:05:07Z,2026-10-09,NYR @ WSH,86ba05a73a0355958b629023b20ba955,sk_sog,over,Alexis Lafrenière,2.5,betonlineag,146,-192,oddsapi
2026-10-09T23:05:07Z,2026-10-09,NYR @ WSH,86ba05a73a0355958b629023b20ba955,sk_sog,under,Alexis Lafrenière,2.5,betonlineag,-192,146,oddsapi
2026-10-09T23:05:07Z,2026-10-09,NYR @ WSH,86ba05a73a0355958b629023b20ba955,sk_sog,over,Tom Wilson,1.5,betonlineag,-169,129,oddsapi
2026-10-09T23:05:07Z,2026-10-09,NYR @ WSH,86ba05a73a0355958b629023b20ba955,sk_sog,under,Tom Wilson,1.5,betonlineag,129,-169,oddsapi
2026-10-09T23:05:07Z,2026-10-09,NYR @ WSH,86ba05a73a0355958b629023b20ba955,sk_sog,over,Will Cuylle,1.5,betonlineag,-147,113,oddsapi
2026-10-09T23:05:07Z,2026-10-09,NYR @ WSH,86ba05a73a0355958b629023b20ba955,sk_sog,under,Will Cuylle,1.5,betonlineag,113,-147,oddsapi
2026-10-09T23:05:07Z,2026-10-09,NYR @ WSH,86ba05a73a0355958b629023b20ba955,sk_sog,over,J.T. Miller,1.5,betonlineag,-135,105,oddsapi
2026-10-09T23:05:07Z,2026-10-09,NYR @ WSH,86ba05a73a0355958b629023b20ba955,sk_sog,under,J.T. Miller,1.5,betonlineag,105,-135,oddsapi
2026-10-09T23:05:07Z,2026-10-09,NYR @ WSH,86ba05a73a0355958b629023b20ba955,sk_sog,over,Pavel Dorofeyev,2.5,betonlineag,-123,-104,oddsapi
2026-10-09T23:05:07Z,2026-10-09,NYR @ WSH,86ba05a73a0355958b629023b20ba955,sk_sog,under,Pavel Dorofeyev,2.5,betonlineag,-104,-123,oddsapi
2026-10-09T23:05:07Z,2026-10-09,NYR @ WSH,86ba05a73a0355958b629023b20ba955,sk_sog,over,Alex Tuch,2.5,betonlineag,107,-139,oddsapi
2026-10-09T23:05:07Z,2026-10-09,NYR @ WSH,86ba05a73a0355958b629023b20ba955,sk_sog,under,Alex Tuch,2.5,betonlineag,-139,107,oddsapi
2026-10-09T23:05:07Z,2026-10-09,NYR @ WSH,86ba05a73a0355958b629023b20ba955,sk_sog,over,Oliver Bjorkstrand,1.5,betonlineag,124,-161,oddsapi
2026-10-09T23:05:07Z,2026-10-09,NYR @ WSH,86ba05a73a0355958b629023b20ba955,sk_sog,under,Oliver Bjorkstrand,1.5,betonlineag,-161,124,oddsapi
2026-10-09T23:05:07Z,2026-10-09,NYR @ WSH,86ba05a73a0355958b629023b20ba955,sk_sog,over,Jordan Kyrou,1.5,betonlineag,-169,129,oddsapi
2026-10-09T23:05:07Z,2026-10-09,NYR @ WSH,86ba05a73a0355958b629023b20ba955,sk_sog,under,Jordan Kyrou,1.5,betonlineag,129,-169,oddsapi
2026-10-09T23:05:07Z,2026-10-09,NYR @ WSH,86ba05a73a0355958b629023b20ba955,sk_sog,over,Ryan Leonard,1.5,betonlineag,-149,115,oddsapi
2026-10-09T23:05:07Z,2026-10-09,NYR @ WSH,86ba05a73a0355958b629023b20ba955,sk_sog,under,Ryan Leonard,1.5,betonlineag,115,-149,oddsapi
2026-10-09T23:05:07Z,2026-10-09,NYR @ WSH,86ba05a73a0355958b629023b20ba955,sk_sog,over,Eeli Tolvanen,1.5,betonlineag,120,-156,oddsapi
2026-10-09T23:05:07Z,2026-10-09,NYR @ WSH,86ba05a73a0355958b629023b20ba955,sk_sog,under,Eeli Tolvanen,1.5,betonlineag,-156,120,oddsapi
2026-10-09T23:05:07Z,2026-10-09,NYR @ WSH,86ba05a73a0355958b629023b20ba955,sk_sog,over,Cole Hutson,1.5,betonlineag,-137,106,oddsapi
2026-10-09T23:05:07Z,2026-10-09,NYR @ WSH,86ba05a73a0355958b629023b20ba955,sk_sog,under,Cole Hutson,1.5,betonlineag,106,-137,oddsapi
2026-10-09T23:05:07Z,2026-10-09,NYR @ WSH,86ba05a73a0355958b629023b20ba955,sk_sog,over,Aliaksei Protas,1.5,betonlineag,-106,-122,oddsapi
2026-10-09T23:05:07Z,2026-10-09,NYR @ WSH,86ba05a73a0355958b629023b20ba955,sk_sog,under,Aliaksei Protas,1.5,betonlineag,-122,-106,oddsapi
2026-10-09T23:05:07Z,2026-10-09,NYR @ WSH,86ba05a73a0355958b629023b20ba955,g_saves,over,Igor Shesterkin,26.5,betonlineag,110,-143,oddsapi
2026-10-09T23:05:07Z,2026-10-09,NYR @ WSH,86ba05a73a0355958b629023b20ba955,g_saves,under,Igor Shesterkin,26.5,betonlineag,-143,110,oddsapi
2026-10-09T23:05:07Z,2026-10-09,NYR @ WSH,86ba05a73a0355958b629023b20ba955,g_saves,over,Logan Thompson,22.5,betonlineag,-103,-125,oddsapi
2026-10-09T23:05:07Z,2026-10-09,NYR @ WSH,86ba05a73a0355958b629023b20ba955,g_saves,under,Logan Thompson,22.5,betonlineag,-125,-103,oddsapi
2026-10-09T23:05:07Z,2026-10-09,NYR @ WSH,86ba05a73a0355958b629023b20ba955,p1_pl,NYR,,0.5,betonlineag,-190,165,oddsapi
2026-10-09T23:05:07Z,2026-10-09,NYR @ WSH,86ba05a73a0355958b629023b20ba955,p1_pl,WSH,,-0.5,betonlineag,165,-190,oddsapi
2026-10-09T23:05:07Z,2026-10-09,NYR @ WSH,86ba05a73a0355958b629023b20ba955,team_total,over,NYR,2.5,betonlineag,-125,-105,oddsapi
2026-10-09T23:05:07Z,2026-10-09,NYR @ WSH,86ba05a73a0355958b629023b20ba955,team_total,under,NYR,2.5,betonlineag,-105,-125,oddsapi
2026-10-09T23:05:07Z,2026-10-09,NYR @ WSH,86ba05a73a0355958b629023b20ba955,team_total,over,WSH,3.5,betonlineag,122,-157,oddsapi
2026-10-09T23:05:07Z,2026-10-09,NYR @ WSH,86ba05a73a0355958b629023b20ba955,team_total,under,WSH,3.5,betonlineag,-157,122,oddsapi
2026-10-09T23:05:07Z,2026-10-09,NYR @ WSH,86ba05a73a0355958b629023b20ba955,p1_total,over,,1.5,betonlineag,-117,-103,oddsapi
2026-10-09T23:05:07Z,2026-10-09,NYR @ WSH,86ba05a73a0355958b629023b20ba955,p1_total,under,,1.5,betonlineag,-103,-117,oddsapi
2026-10-09T23:05:07Z,2026-10-09,NYR @ WSH,86ba05a73a0355958b629023b20ba955,game_ml3,NYR,,,fanatics,175,,oddsapi
2026-10-09T23:05:07Z,2026-10-09,NYR @ WSH,86ba05a73a0355958b629023b20ba955,game_ml3,WSH,,,fanatics,110,,oddsapi
2026-10-09T23:05:07Z,2026-10-09,NYR @ WSH,86ba05a73a0355958b629023b20ba955,game_ml3,draw,,,fanatics,280,,oddsapi
2026-10-09T23:05:07Z,2026-10-09,NYR @ WSH,86ba05a73a0355958b629023b20ba955,ags,yes,Timothy Liljegren,,fanatics,1900,,oddsapi
2026-10-09T23:05:07Z,2026-10-09,NYR @ WSH,86ba05a73a0355958b629023b20ba955,ags,yes,Alex Tuch,,fanatics,220,,oddsapi
2026-10-09T23:05:07Z,2026-10-09,NYR @ WSH,86ba05a73a0355958b629023b20ba955,ags,yes,Jakob Chychrun,,fanatics,350,,oddsapi
2026-10-09T23:05:07Z,2026-10-09,NYR @ WSH,86ba05a73a0355958b629023b20ba955,ags,yes,Jordan Kyrou,,fanatics,350,,oddsapi
2026-10-09T23:05:07Z,2026-10-09,NYR @ WSH,86ba05a73a0355958b629023b20ba955,ags,yes,Alex Ovechkin,,fanatics,200,,oddsapi
2026-10-09T23:05:07Z,2026-10-09,NYR @ WSH,86ba05a73a0355958b629023b20ba955,ags,yes,Dylan Strome,,fanatics,310,,oddsapi
2026-10-09T23:05:07Z,2026-10-09,NYR @ WSH,86ba05a73a0355958b629023b20ba955,ags,yes,Martin Fehervary,,fanatics,2000,,oddsapi
2026-10-09T23:05:07Z,2026-10-09,NYR @ WSH,86ba05a73a0355958b629023b20ba955,ags,yes,Tom Wilson,,fanatics,250,,oddsapi
2026-10-09T23:05:07Z,2026-10-09,NYR @ WSH,86ba05a73a0355958b629023b20ba955,ags,yes,Boone Jenner,,fanatics,650,,oddsapi
2026-10-09T23:05:07Z,2026-10-09,NYR @ WSH,86ba05a73a0355958b629023b20ba955,ags,yes,Vincent Desharnais,,fanatics,2200,,oddsapi
2026-10-09T23:05:07Z,2026-10-09,NYR @ WSH,86ba05a73a0355958b629023b20ba955,ags,yes,Anthony Beauvillier,,fanatics,450,,oddsapi
2026-10-09T23:05:07Z,2026-10-09,NYR @ WSH,86ba05a73a0355958b629023b20ba955,ags,yes,Pierre-Luc Dubois,,fanatics,260,,oddsapi
2026-10-09T23:05:07Z,2026-10-09,NYR @ WSH,86ba05a73a0355958b629023b20ba955,ags,yes,Justin Sourdif,,fanatics,650,,oddsapi
2026-10-09T23:05:07Z,2026-10-09,NYR @ WSH,86ba05a73a0355958b629023b20ba955,ags,yes,Aliaksei Protas,,fanatics,430,,oddsapi
2026-10-09T23:05:07Z,2026-10-09,NYR @ WSH,86ba05a73a0355958b629023b20ba955,ags,yes,Ilya Protas,,fanatics,360,,oddsapi
2026-10-09T23:05:07Z,2026-10-09,NYR @ WSH,86ba05a73a0355958b629023b20ba955,ags,yes,Ryan Leonard,,fanatics,390,,oddsapi
2026-10-09T23:05:07Z,2026-10-09,NYR @ WSH,86ba05a73a0355958b629023b20ba955,ags,yes,Cole Hutson,,fanatics,800,,oddsapi
2026-10-09T23:05:07Z,2026-10-09,NYR @ WSH,86ba05a73a0355958b629023b20ba955,ags,yes,Sean Durzi,,fanatics,900,,oddsapi
2026-10-09T23:05:07Z,2026-10-09,NYR @ WSH,86ba05a73a0355958b629023b20ba955,ags,yes,Braden Schneider,,fanatics,2200,,oddsapi
2026-10-09T23:05:07Z,2026-10-09,NYR @ WSH,86ba05a73a0355958b629023b20ba955,ags,yes,Alexis Lafrenière,,fanatics,260,,oddsapi
2026-10-09T23:05:07Z,2026-10-09,NYR @ WSH,86ba05a73a0355958b629023b20ba955,ags,yes,Adam Fox,,fanatics,600,,oddsapi
2026-10-09T23:05:07Z,2026-10-09,NYR @ WSH,86ba05a73a0355958b629023b20ba955,ags,yes,Mika Zibanejad,,fanatics,250,,oddsapi
2026-10-09T23:05:07Z,2026-10-09,NYR @ WSH,86ba05a73a0355958b629023b20ba955,ags,yes,Marcus Pettersson,,fanatics,2200,,oddsapi
2026-10-09T23:05:07Z,2026-10-09,NYR @ WSH,86ba05a73a0355958b629023b20ba955,ags,yes,Pavel Dorofeyev,,fanatics,185,,oddsapi
2026-10-09T23:05:07Z,2026-10-09,NYR @ WSH,86ba05a73a0355958b629023b20ba955,ags,yes,J.T. Miller,,fanatics,275,,oddsapi
2026-10-09T23:05:07Z,2026-10-09,NYR @ WSH,86ba05a73a0355958b629023b20ba955,ags,yes,Eeli Tolvanen,,fanatics,525,,oddsapi
2026-10-09T23:05:07Z,2026-10-09,NYR @ WSH,86ba05a73a0355958b629023b20ba955,ags,yes,Oliver Bjorkstrand,,fanatics,575,,oddsapi
2026-10-09T23:05:07Z,2026-10-09,NYR @ WSH,86ba05a73a0355958b629023b20ba955,ags,yes,Vladislav Gavrikov,,fanatics,1400,,oddsapi
2026-10-09T23:05:07Z,2026-10-09,NYR @ WSH,86ba05a73a0355958b629023b20ba955,ags,yes,Will Cuylle,,fanatics,410,,oddsapi
2026-10-09T23:05:07Z,2026-10-09,NYR @ WSH,86ba05a73a0355958b629023b20ba955,ags,yes,Tye Kartye,,fanatics,600,,oddsapi
2026-10-09T23:05:07Z,2026-10-09,NYR @ WSH,86ba05a73a0355958b629023b20ba955,ags,yes,Jaroslav Chmelar,,fanatics,1000,,oddsapi
2026-10-09T23:05:07Z,2026-10-09,NYR @ WSH,86ba05a73a0355958b629023b20ba955,ags,yes,Gabe Perreault,,fanatics,350,,oddsapi
2026-10-09T23:05:07Z,2026-10-09,NYR @ WSH,86ba05a73a0355958b629023b20ba955,ags,yes,Noah Laba,,fanatics,800,,oddsapi
2026-10-09T23:05:07Z,2026-10-09,NYR @ WSH,86ba05a73a0355958b629023b20ba955,ags,yes,Alberts Smits,,fanatics,2800,,oddsapi
2026-10-09T23:05:07Z,2026-10-09,NYR @ WSH,86ba05a73a0355958b629023b20ba955,ags,yes,Dylan McIlrath,,fanatics,2200,,oddsapi
2026-10-09T23:05:07Z,2026-10-09,NYR @ WSH,86ba05a73a0355958b629023b20ba955,fgs,yes,Timothy Liljegren,,fanatics,7000,,oddsapi
2026-10-09T23:05:07Z,2026-10-09,NYR @ WSH,86ba05a73a0355958b629023b20ba955,fgs,yes,Alex Tuch,,fanatics,1200,,oddsapi
2026-10-09T23:05:07Z,2026-10-09,NYR @ WSH,86ba05a73a0355958b629023b20ba955,fgs,yes,Jakob Chychrun,,fanatics,1700,,oddsapi
2026-10-09T23:05:07Z,2026-10-09,NYR @ WSH,86ba05a73a0355958b629023b20ba955,fgs,yes,Jordan Kyrou,,fanatics,1700,,oddsapi
2026-10-09T23:05:07Z,2026-10-09,NYR @ WSH,86ba05a73a0355958b629023b20ba955,fgs,yes,Alex Ovechkin,,fanatics,1100,,oddsapi
2026-10-09T23:05:07Z,2026-10-09,NYR @ WSH,86ba05a73a0355958b629023b20ba955,fgs,yes,Dylan Strome,,fanatics,1500,,oddsapi
2026-10-09T23:05:07Z,2026-10-09,NYR @ WSH,86ba05a73a0355958b629023b20ba955,fgs,yes,Martin Fehervary,,fanatics,7000,,oddsapi
2026-10-09T23:05:07Z,2026-10-09,NYR @ WSH,86ba05a73a0355958b629023b20ba955,fgs,yes,Tom Wilson,,fanatics,1200,,oddsapi
2026-10-09T23:05:07Z,2026-10-09,NYR @ WSH,86ba05a73a0355958b629023b20ba955,fgs,yes,Boone Jenner,,fanatics,3000,,oddsapi
2026-10-09T23:05:07Z,2026-10-09,NYR @ WSH,86ba05a73a0355958b629023b20ba955,fgs,yes,Vincent Desharnais,,fanatics,9000,,oddsapi
2026-10-09T23:05:07Z,2026-10-09,NYR @ WSH,86ba05a73a0355958b629023b20ba955,fgs,yes,Anthony Beauvillier,,fanatics,2200,,oddsapi
2026-10-09T23:05:07Z,2026-10-09,NYR @ WSH,86ba05a73a0355958b629023b20ba955,fgs,yes,Pierre-Luc Dubois,,fanatics,1300,,oddsapi
2026-10-09T23:05:07Z,2026-10-09,NYR @ WSH,86ba05a73a0355958b629023b20ba955,fgs,yes,Justin Sourdif,,fanatics,3000,,oddsapi
2026-10-09T23:05:07Z,2026-10-09,NYR @ WSH,86ba05a73a0355958b629023b20ba955,fgs,yes,Aliaksei Protas,,fanatics,1900,,oddsapi
2026-10-09T23:05:07Z,2026-10-09,NYR @ WSH,86ba05a73a0355958b629023b20ba955,fgs,yes,Ilya Protas,,fanatics,1700,,oddsapi
2026-10-09T23:05:07Z,2026-10-09,NYR @ WSH,86ba05a73a0355958b629023b20ba955,fgs,yes,Ryan Leonard,,fanatics,1900,,oddsapi
2026-10-09T23:05:07Z,2026-10-09,NYR @ WSH,86ba05a73a0355958b629023b20ba955,fgs,yes,Cole Hutson,,fanatics,3500,,oddsapi
2026-10-09T23:05:07Z,2026-10-09,NYR @ WSH,86ba05a73a0355958b629023b20ba955,fgs,yes,Sean Durzi,,fanatics,4000,,oddsapi
2026-10-09T23:05:07Z,2026-10-09,NYR @ WSH,86ba05a73a0355958b629023b20ba955,fgs,yes,Braden Schneider,,fanatics,8000,,oddsapi
2026-10-09T23:05:07Z,2026-10-09,NYR @ WSH,86ba05a73a0355958b629023b20ba955,fgs,yes,Alexis Lafrenière,,fanatics,1300,,oddsapi
2026-10-09T23:05:07Z,2026-10-09,NYR @ WSH,86ba05a73a0355958b629023b20ba955,fgs,yes,Adam Fox,,fanatics,2800,,oddsapi
2026-10-09T23:05:07Z,2026-10-09,NYR @ WSH,86ba05a73a0355958b629023b20ba955,fgs,yes,Mika Zibanejad,,fanatics,1300,,oddsapi
2026-10-09T23:05:07Z,2026-10-09,NYR @ WSH,86ba05a73a0355958b629023b20ba955,fgs,yes,Marcus Pettersson,,fanatics,8000,,oddsapi
2026-10-09T23:05:07Z,2026-10-09,NYR @ WSH,86ba05a73a0355958b629023b20ba955,fgs,yes,Pavel Dorofeyev,,fanatics,1100,,oddsapi
2026-10-09T23:05:07Z,2026-10-09,NYR @ WSH,86ba05a73a0355958b629023b20ba955,fgs,yes,J.T. Miller,,fanatics,1500,,oddsapi
2026-10-09T23:05:07Z,2026-10-09,NYR @ WSH,86ba05a73a0355958b629023b20ba955,fgs,yes,Eeli Tolvanen,,fanatics,2200,,oddsapi
2026-10-09T23:05:07Z,2026-10-09,NYR @ WSH,86ba05a73a0355958b629023b20ba955,fgs,yes,Oliver Bjorkstrand,,fanatics,2500,,oddsapi
2026-10-09T23:05:07Z,2026-10-09,NYR @ WSH,86ba05a73a0355958b629023b20ba955,fgs,yes,Vladislav Gavrikov,,fanatics,5000,,oddsapi
2026-10-09T23:05:07Z,2026-10-09,NYR @ WSH,86ba05a73a0355958b629023b20ba955,fgs,yes,Will Cuylle,,fanatics,1900,,oddsapi
2026-10-09T23:05:07Z,2026-10-09,NYR @ WSH,86ba05a73a0355958b629023b20ba955,fgs,yes,Tye Kartye,,fanatics,2500,,oddsapi
2026-10-09T23:05:07Z,2026-10-09,NYR @ WSH,86ba05a73a0355958b629023b20ba955,fgs,yes,Jaroslav Chmelar,,fanatics,4000,,oddsapi
2026-10-09T23:05:07Z,2026-10-09,NYR @ WSH,86ba05a73a0355958b629023b20ba955,fgs,yes,Gabe Perreault,,fanatics,1500,,oddsapi
2026-10-09T23:05:07Z,2026-10-09,NYR @ WSH,86ba05a73a0355958b629023b20ba955,fgs,yes,Noah Laba,,fanatics,3000,,oddsapi
2026-10-09T23:05:07Z,2026-10-09,NYR @ WSH,86ba05a73a0355958b629023b20ba955,fgs,yes,Alberts Smits,,fanatics,10000,,oddsapi
2026-10-09T23:05:07Z,2026-10-09,NYR @ WSH,86ba05a73a0355958b629023b20ba955,fgs,yes,No 1st Goal,,fanatics,12000,,oddsapi
2026-10-09T23:05:07Z,2026-10-09,NYR @ WSH,86ba05a73a0355958b629023b20ba955,fgs,yes,Dylan McIlrath,,fanatics,9000,,oddsapi
2026-10-09T23:05:07Z,2026-10-09,NYR @ WSH,86ba05a73a0355958b629023b20ba955,team_total,over,NYR,2.5,fanatics,-130,100,oddsapi
2026-10-09T23:05:07Z,2026-10-09,NYR @ WSH,86ba05a73a0355958b629023b20ba955,team_total,under,NYR,2.5,fanatics,100,-130,oddsapi
2026-10-09T23:05:07Z,2026-10-09,NYR @ WSH,86ba05a73a0355958b629023b20ba955,team_total,over,WSH,3.5,fanatics,130,-170,oddsapi
2026-10-09T23:05:07Z,2026-10-09,NYR @ WSH,86ba05a73a0355958b629023b20ba955,team_total,under,WSH,3.5,fanatics,-170,130,oddsapi
2026-10-09T23:05:07Z,2026-10-09,NYR @ WSH,86ba05a73a0355958b629023b20ba955,game_ml3,NYR,,,williamhill_us,154,,oddsapi
2026-10-09T23:05:07Z,2026-10-09,NYR @ WSH,86ba05a73a0355958b629023b20ba955,game_ml3,WSH,,,williamhill_us,113,,oddsapi
2026-10-09T23:05:07Z,2026-10-09,NYR @ WSH,86ba05a73a0355958b629023b20ba955,game_ml3,draw,,,williamhill_us,255,,oddsapi
2026-10-09T23:05:07Z,2026-10-09,NYR @ WSH,86ba05a73a0355958b629023b20ba955,p1_ml3,NYR,,,williamhill_us,195,,oddsapi
2026-10-09T23:05:07Z,2026-10-09,NYR @ WSH,86ba05a73a0355958b629023b20ba955,p1_ml3,WSH,,,williamhill_us,153,,oddsapi
2026-10-09T23:05:07Z,2026-10-09,NYR @ WSH,86ba05a73a0355958b629023b20ba955,p1_ml3,draw,,,williamhill_us,151,,oddsapi
2026-10-09T23:05:07Z,2026-10-09,NYR @ WSH,86ba05a73a0355958b629023b20ba955,ags,yes,Pavel Dorofeyev,,williamhill_us,195,,oddsapi
2026-10-09T23:05:07Z,2026-10-09,NYR @ WSH,86ba05a73a0355958b629023b20ba955,ags,yes,Alex Ovechkin,,williamhill_us,205,,oddsapi
2026-10-09T23:05:07Z,2026-10-09,NYR @ WSH,86ba05a73a0355958b629023b20ba955,ags,yes,Alex Tuch,,williamhill_us,215,,oddsapi
2026-10-09T23:05:07Z,2026-10-09,NYR @ WSH,86ba05a73a0355958b629023b20ba955,ags,yes,Mika Zibanejad,,williamhill_us,215,,oddsapi
2026-10-09T23:05:07Z,2026-10-09,NYR @ WSH,86ba05a73a0355958b629023b20ba955,ags,yes,Tom Wilson,,williamhill_us,235,,oddsapi
2026-10-09T23:05:07Z,2026-10-09,NYR @ WSH,86ba05a73a0355958b629023b20ba955,ags,yes,Alexis Lafrenière,,williamhill_us,255,,oddsapi
2026-10-09T23:05:07Z,2026-10-09,NYR @ WSH,86ba05a73a0355958b629023b20ba955,ags,yes,Pierre-Luc Dubois,,williamhill_us,260,,oddsapi
2026-10-09T23:05:07Z,2026-10-09,NYR @ WSH,86ba05a73a0355958b629023b20ba955,ags,yes,J.T. Miller,,williamhill_us,270,,oddsapi
2026-10-09T23:05:07Z,2026-10-09,NYR @ WSH,86ba05a73a0355958b629023b20ba955,ags,yes,Dylan Strome,,williamhill_us,295,,oddsapi
2026-10-09T23:05:07Z,2026-10-09,NYR @ WSH,86ba05a73a0355958b629023b20ba955,ags,yes,Ilya Protas,,williamhill_us,305,,oddsapi
2026-10-09T23:05:07Z,2026-10-09,NYR @ WSH,86ba05a73a0355958b629023b20ba955,ags,yes,Jakob Chychrun,,williamhill_us,305,,oddsapi
2026-10-09T23:05:07Z,2026-10-09,NYR @ WSH,86ba05a73a0355958b629023b20ba955,ags,yes,Jordan Kyrou,,williamhill_us,305,,oddsapi
2026-10-09T23:05:07Z,2026-10-09,NYR @ WSH,86ba05a73a0355958b629023b20ba955,ags,yes,Gabe Perreault,,williamhill_us,320,,oddsapi
2026-10-09T23:05:07Z,2026-10-09,NYR @ WSH,86ba05a73a0355958b629023b20ba955,ags,yes,Will Cuylle,,williamhill_us,325,,oddsapi
2026-10-09T23:05:07Z,2026-10-09,NYR @ WSH,86ba05a73a0355958b629023b20ba955,ags,yes,Ryan Leonard,,williamhill_us,350,,oddsapi
2026-10-09T23:05:07Z,2026-10-09,NYR @ WSH,86ba05a73a0355958b629023b20ba955,ags,yes,Aliaksei Protas,,williamhill_us,375,,oddsapi
2026-10-09T23:05:07Z,2026-10-09,NYR @ WSH,86ba05a73a0355958b629023b20ba955,ags,yes,Anthony Beauvillier,,williamhill_us,375,,oddsapi
2026-10-09T23:05:07Z,2026-10-09,NYR @ WSH,86ba05a73a0355958b629023b20ba955,ags,yes,Eeli Tolvanen,,williamhill_us,425,,oddsapi
2026-10-09T23:05:07Z,2026-10-09,NYR @ WSH,86ba05a73a0355958b629023b20ba955,ags,yes,Oliver Bjorkstrand,,williamhill_us,450,,oddsapi
2026-10-09T23:05:07Z,2026-10-09,NYR @ WSH,86ba05a73a0355958b629023b20ba955,ags,yes,Boone Jenner,,williamhill_us,450,,oddsapi
2026-10-09T23:05:07Z,2026-10-09,NYR @ WSH,86ba05a73a0355958b629023b20ba955,ags,yes,Tye Kartye,,williamhill_us,450,,oddsapi
2026-10-09T23:05:07Z,2026-10-09,NYR @ WSH,86ba05a73a0355958b629023b20ba955,ags,yes,Justin Sourdif,,williamhill_us,475,,oddsapi
2026-10-09T23:05:07Z,2026-10-09,NYR @ WSH,86ba05a73a0355958b629023b20ba955,ags,yes,Adam Fox,,williamhill_us,475,,oddsapi
2026-10-09T23:05:07Z,2026-10-09,NYR @ WSH,86ba05a73a0355958b629023b20ba955,ags,yes,Noah Laba,,williamhill_us,575,,oddsapi
2026-10-09T23:05:07Z,2026-10-09,NYR @ WSH,86ba05a73a0355958b629023b20ba955,ags,yes,Cole Hutson,,williamhill_us,575,,oddsapi
2026-10-09T23:05:07Z,2026-10-09,NYR @ WSH,86ba05a73a0355958b629023b20ba955,ags,yes,Jaroslav Chmelar,,williamhill_us,600,,oddsapi
2026-10-09T23:05:07Z,2026-10-09,NYR @ WSH,86ba05a73a0355958b629023b20ba955,ags,yes,Sean Durzi,,williamhill_us,650,,oddsapi
2026-10-09T23:05:07Z,2026-10-09,NYR @ WSH,86ba05a73a0355958b629023b20ba955,ags,yes,Vladislav Gavrikov,,williamhill_us,750,,oddsapi
2026-10-09T23:05:07Z,2026-10-09,NYR @ WSH,86ba05a73a0355958b629023b20ba955,ags,yes,Braden Schneider,,williamhill_us,850,,oddsapi
2026-10-09T23:05:07Z,2026-10-09,NYR @ WSH,86ba05a73a0355958b629023b20ba955,ags,yes,Martin Fehervary,,williamhill_us,850,,oddsapi
2026-10-09T23:05:07Z,2026-10-09,NYR @ WSH,86ba05a73a0355958b629023b20ba955,ags,yes,Dylan McIlrath,,williamhill_us,900,,oddsapi
2026-10-09T23:05:07Z,2026-10-09,NYR @ WSH,86ba05a73a0355958b629023b20ba955,ags,yes,Alberts Smits,,williamhill_us,900,,oddsapi
2026-10-09T23:05:07Z,2026-10-09,NYR @ WSH,86ba05a73a0355958b629023b20ba955,ags,yes,Vincent Desharnais,,williamhill_us,900,,oddsapi
2026-10-09T23:05:07Z,2026-10-09,NYR @ WSH,86ba05a73a0355958b629023b20ba955,ags,yes,Timothy Liljegren,,williamhill_us,900,,oddsapi
2026-10-09T23:05:07Z,2026-10-09,NYR @ WSH,86ba05a73a0355958b629023b20ba955,ags,yes,Marcus Pettersson,,williamhill_us,950,,oddsapi
2026-10-09T23:05:07Z,2026-10-09,NYR @ WSH,86ba05a73a0355958b629023b20ba955,fgs,yes,Pavel Dorofeyev,,williamhill_us,1100,,oddsapi
2026-10-09T23:05:07Z,2026-10-09,NYR @ WSH,86ba05a73a0355958b629023b20ba955,fgs,yes,Alex Ovechkin,,williamhill_us,1200,,oddsapi
2026-10-09T23:05:07Z,2026-10-09,NYR @ WSH,86ba05a73a0355958b629023b20ba955,fgs,yes,Mika Zibanejad,,williamhill_us,1300,,oddsapi
2026-10-09T23:05:07Z,2026-10-09,NYR @ WSH,86ba05a73a0355958b629023b20ba955,fgs,yes,Alex Tuch,,williamhill_us,1300,,oddsapi
2026-10-09T23:05:07Z,2026-10-09,NYR @ WSH,86ba05a73a0355958b629023b20ba955,fgs,yes,Tom Wilson,,williamhill_us,1400,,oddsapi
2026-10-09T23:05:07Z,2026-10-09,NYR @ WSH,86ba05a73a0355958b629023b20ba955,fgs,yes,Alexis Lafrenière,,williamhill_us,1400,,oddsapi
2026-10-09T23:05:07Z,2026-10-09,NYR @ WSH,86ba05a73a0355958b629023b20ba955,fgs,yes,J.T. Miller,,williamhill_us,1600,,oddsapi
2026-10-09T23:05:07Z,2026-10-09,NYR @ WSH,86ba05a73a0355958b629023b20ba955,fgs,yes,Pierre-Luc Dubois,,williamhill_us,1600,,oddsapi
2026-10-09T23:05:07Z,2026-10-09,NYR @ WSH,86ba05a73a0355958b629023b20ba955,fgs,yes,Dylan Strome,,williamhill_us,1800,,oddsapi
2026-10-09T23:05:07Z,2026-10-09,NYR @ WSH,86ba05a73a0355958b629023b20ba955,fgs,yes,Jordan Kyrou,,williamhill_us,1900,,oddsapi
2026-10-09T23:05:07Z,2026-10-09,NYR @ WSH,86ba05a73a0355958b629023b20ba955,fgs,yes,Will Cuylle,,williamhill_us,2000,,oddsapi
2026-10-09T23:05:07Z,2026-10-09,NYR @ WSH,86ba05a73a0355958b629023b20ba955,fgs,yes,Gabe Perreault,,williamhill_us,2000,,oddsapi
2026-10-09T23:05:07Z,2026-10-09,NYR @ WSH,86ba05a73a0355958b629023b20ba955,fgs,yes,Ilya Protas,,williamhill_us,2000,,oddsapi
2026-10-09T23:05:07Z,2026-10-09,NYR @ WSH,86ba05a73a0355958b629023b20ba955,fgs,yes,Jakob Chychrun,,williamhill_us,2100,,oddsapi
2026-10-09T23:05:07Z,2026-10-09,NYR @ WSH,86ba05a73a0355958b629023b20ba955,fgs,yes,Ryan Leonard,,williamhill_us,2100,,oddsapi
2026-10-09T23:05:07Z,2026-10-09,NYR @ WSH,86ba05a73a0355958b629023b20ba955,fgs,yes,Aliaksei Protas,,williamhill_us,2100,,oddsapi
2026-10-09T23:05:07Z,2026-10-09,NYR @ WSH,86ba05a73a0355958b629023b20ba955,fgs,yes,Anthony Beauvillier,,williamhill_us,2400,,oddsapi
2026-10-09T23:05:07Z,2026-10-09,NYR @ WSH,86ba05a73a0355958b629023b20ba955,fgs,yes,Eeli Tolvanen,,williamhill_us,2500,,oddsapi
2026-10-09T23:05:07Z,2026-10-09,NYR @ WSH,86ba05a73a0355958b629023b20ba955,fgs,yes,Oliver Bjorkstrand,,williamhill_us,2800,,oddsapi
2026-10-09T23:05:07Z,2026-10-09,NYR @ WSH,86ba05a73a0355958b629023b20ba955,fgs,yes,Justin Sourdif,,williamhill_us,3000,,oddsapi
2026-10-09T23:05:07Z,2026-10-09,NYR @ WSH,86ba05a73a0355958b629023b20ba955,fgs,yes,Boone Jenner,,williamhill_us,3000,,oddsapi
2026-10-09T23:05:07Z,2026-10-09,NYR @ WSH,86ba05a73a0355958b629023b20ba955,fgs,yes,Adam Fox,,williamhill_us,3000,,oddsapi
2026-10-09T23:05:07Z,2026-10-09,NYR @ WSH,86ba05a73a0355958b629023b20ba955,fgs,yes,Tye Kartye,,williamhill_us,3000,,oddsapi
2026-10-09T23:05:07Z,2026-10-09,NYR @ WSH,86ba05a73a0355958b629023b20ba955,fgs,yes,Noah Laba,,williamhill_us,3500,,oddsapi
2026-10-09T23:05:07Z,2026-10-09,NYR @ WSH,86ba05a73a0355958b629023b20ba955,fgs,yes,Jaroslav Chmelar,,williamhill_us,4000,,oddsapi
2026-10-09T23:05:07Z,2026-10-09,NYR @ WSH,86ba05a73a0355958b629023b20ba955,fgs,yes,Cole Hutson,,williamhill_us,4000,,oddsapi
2026-10-09T23:05:07Z,2026-10-09,NYR @ WSH,86ba05a73a0355958b629023b20ba955,fgs,yes,Sean Durzi,,williamhill_us,4500,,oddsapi
2026-10-09T23:05:07Z,2026-10-09,NYR @ WSH,86ba05a73a0355958b629023b20ba955,fgs,yes,Vladislav Gavrikov,,williamhill_us,6000,,oddsapi
2026-10-09T23:05:07Z,2026-10-09,NYR @ WSH,86ba05a73a0355958b629023b20ba955,team_total,over,NYR,2.5,williamhill_us,-148,106,oddsapi
2026-10-09T23:05:07Z,2026-10-09,NYR @ WSH,86ba05a73a0355958b629023b20ba955,team_total,under,NYR,2.5,williamhill_us,106,-148,oddsapi
2026-10-09T23:05:07Z,2026-10-09,NYR @ WSH,86ba05a73a0355958b629023b20ba955,team_total,over,WSH,3.5,williamhill_us,117,-162,oddsapi
2026-10-09T23:05:07Z,2026-10-09,NYR @ WSH,86ba05a73a0355958b629023b20ba955,team_total,under,WSH,3.5,williamhill_us,-162,117,oddsapi
2026-10-09T23:05:07Z,2026-10-09,NYR @ WSH,86ba05a73a0355958b629023b20ba955,game_pl_alt,NYR,,-1.5,bovada,280,-410,oddsapi
2026-10-09T23:05:07Z,2026-10-09,NYR @ WSH,86ba05a73a0355958b629023b20ba955,game_pl_alt,NYR,,2.5,bovada,-470,315,oddsapi
2026-10-09T23:05:07Z,2026-10-09,NYR @ WSH,86ba05a73a0355958b629023b20ba955,game_pl_alt,NYR,,-2.5,bovada,475,-900,oddsapi
2026-10-09T23:05:07Z,2026-10-09,NYR @ WSH,86ba05a73a0355958b629023b20ba955,game_pl_alt,WSH,,1.5,bovada,-410,280,oddsapi
2026-10-09T23:05:07Z,2026-10-09,NYR @ WSH,86ba05a73a0355958b629023b20ba955,game_pl_alt,WSH,,-2.5,bovada,315,-470,oddsapi
2026-10-09T23:05:07Z,2026-10-09,NYR @ WSH,86ba05a73a0355958b629023b20ba955,game_pl_alt,WSH,,2.5,bovada,-900,475,oddsapi
2026-10-09T23:05:07Z,2026-10-09,NYR @ WSH,86ba05a73a0355958b629023b20ba955,team_total_alt,over,NYR,1.5,bovada,-385,265,oddsapi
2026-10-09T23:05:07Z,2026-10-09,NYR @ WSH,86ba05a73a0355958b629023b20ba955,team_total_alt,under,NYR,1.5,bovada,265,-385,oddsapi
2026-10-09T23:05:07Z,2026-10-09,NYR @ WSH,86ba05a73a0355958b629023b20ba955,team_total_alt,over,NYR,2.5,bovada,-130,100,oddsapi
2026-10-09T23:05:07Z,2026-10-09,NYR @ WSH,86ba05a73a0355958b629023b20ba955,team_total_alt,under,NYR,2.5,bovada,100,-130,oddsapi
2026-10-09T23:05:07Z,2026-10-09,NYR @ WSH,86ba05a73a0355958b629023b20ba955,team_total_alt,over,NYR,3.5,bovada,190,-260,oddsapi
2026-10-09T23:05:07Z,2026-10-09,NYR @ WSH,86ba05a73a0355958b629023b20ba955,team_total_alt,under,NYR,3.5,bovada,-260,190,oddsapi
2026-10-09T23:05:07Z,2026-10-09,NYR @ WSH,86ba05a73a0355958b629023b20ba955,team_total_alt,over,WSH,2.5,bovada,-200,,oddsapi
2026-10-09T23:05:07Z,2026-10-09,NYR @ WSH,86ba05a73a0355958b629023b20ba955,team_total_alt,over,WSH,3.5,bovada,125,-165,oddsapi
2026-10-09T23:05:07Z,2026-10-09,NYR @ WSH,86ba05a73a0355958b629023b20ba955,team_total_alt,under,WSH,3.5,bovada,-165,125,oddsapi
2026-10-09T23:05:07Z,2026-10-09,NYR @ WSH,86ba05a73a0355958b629023b20ba955,team_total_alt,over,WSH,4.5,bovada,315,-475,oddsapi
2026-10-09T23:05:07Z,2026-10-09,NYR @ WSH,86ba05a73a0355958b629023b20ba955,team_total_alt,under,WSH,4.5,bovada,-475,315,oddsapi
2026-10-09T23:05:07Z,2026-10-09,NYR @ WSH,86ba05a73a0355958b629023b20ba955,game_total_alt,over,,9.5,bovada,1100,-2800,oddsapi
2026-10-09T23:05:07Z,2026-10-09,NYR @ WSH,86ba05a73a0355958b629023b20ba955,game_total_alt,under,,9.5,bovada,-2800,1100,oddsapi
2026-10-09T23:05:07Z,2026-10-09,NYR @ WSH,86ba05a73a0355958b629023b20ba955,game_ml3,NYR,,,bovada,175,,oddsapi
2026-10-09T23:05:07Z,2026-10-09,NYR @ WSH,86ba05a73a0355958b629023b20ba955,game_ml3,WSH,,,bovada,114,,oddsapi
2026-10-09T23:05:07Z,2026-10-09,NYR @ WSH,86ba05a73a0355958b629023b20ba955,game_ml3,draw,,,bovada,315,,oddsapi
2026-10-09T23:05:07Z,2026-10-09,NYR @ WSH,86ba05a73a0355958b629023b20ba955,p1_ml3,NYR,,,bovada,205,,oddsapi
2026-10-09T23:05:07Z,2026-10-09,NYR @ WSH,86ba05a73a0355958b629023b20ba955,p1_ml3,WSH,,,bovada,168,,oddsapi
2026-10-09T23:05:07Z,2026-10-09,NYR @ WSH,86ba05a73a0355958b629023b20ba955,p1_ml3,draw,,,bovada,173,,oddsapi
2026-10-09T23:05:07Z,2026-10-09,NYR @ WSH,86ba05a73a0355958b629023b20ba955,p1_ml,NYR,,,bovada,100,-130,oddsapi
2026-10-09T23:05:07Z,2026-10-09,NYR @ WSH,86ba05a73a0355958b629023b20ba955,p1_ml,WSH,,,bovada,-130,100,oddsapi
2026-10-09T23:05:07Z,2026-10-09,NYR @ WSH,86ba05a73a0355958b629023b20ba955,p2_ml,NYR,,,bovada,100,-130,oddsapi
2026-10-09T23:05:07Z,2026-10-09,NYR @ WSH,86ba05a73a0355958b629023b20ba955,p2_ml,WSH,,,bovada,-130,100,oddsapi
2026-10-09T23:05:07Z,2026-10-09,NYR @ WSH,86ba05a73a0355958b629023b20ba955,p3_ml,NYR,,,bovada,105,-135,oddsapi
2026-10-09T23:05:07Z,2026-10-09,NYR @ WSH,86ba05a73a0355958b629023b20ba955,p3_ml,WSH,,,bovada,-135,105,oddsapi
2026-10-09T23:05:07Z,2026-10-09,NYR @ WSH,86ba05a73a0355958b629023b20ba955,ags,yes,Vincent Desharnais,,bovada,1800,,oddsapi
2026-10-09T23:05:07Z,2026-10-09,NYR @ WSH,86ba05a73a0355958b629023b20ba955,ags,yes,Marcus Pettersson,,bovada,1500,,oddsapi
2026-10-09T23:05:07Z,2026-10-09,NYR @ WSH,86ba05a73a0355958b629023b20ba955,ags,yes,Alexis Lafrenière,,bovada,265,,oddsapi
2026-10-09T23:05:07Z,2026-10-09,NYR @ WSH,86ba05a73a0355958b629023b20ba955,ags,yes,Justin Sourdif,,bovada,575,,oddsapi
2026-10-09T23:05:07Z,2026-10-09,NYR @ WSH,86ba05a73a0355958b629023b20ba955,ags,yes,Jaroslav Chmelar,,bovada,850,,oddsapi
2026-10-09T23:05:07Z,2026-10-09,NYR @ WSH,86ba05a73a0355958b629023b20ba955,ags,yes,Ilya Protas,,bovada,350,,oddsapi
2026-10-09T23:05:07Z,2026-10-09,NYR @ WSH,86ba05a73a0355958b629023b20ba955,ags,yes,Alex Ovechkin,,bovada,205,,oddsapi
2026-10-09T23:05:07Z,2026-10-09,NYR @ WSH,86ba05a73a0355958b629023b20ba955,ags,yes,Jakob Chychrun,,bovada,345,,oddsapi
2026-10-09T23:05:07Z,2026-10-09,NYR @ WSH,86ba05a73a0355958b629023b20ba955,ags,yes,Tye Kartye,,bovada,550,,oddsapi
2026-10-09T23:05:07Z,2026-10-09,NYR @ WSH,86ba05a73a0355958b629023b20ba955,ags,yes,Timothy Liljegren,,bovada,1900,,oddsapi
2026-10-09T23:05:07Z,2026-10-09,NYR @ WSH,86ba05a73a0355958b629023b20ba955,ags,yes,Boone Jenner,,bovada,575,,oddsapi
2026-10-09T23:05:07Z,2026-10-09,NYR @ WSH,86ba05a73a0355958b629023b20ba955,ags,yes,Martin Fehervary,,bovada,1600,,oddsapi
2026-10-09T23:05:07Z,2026-10-09,NYR @ WSH,86ba05a73a0355958b629023b20ba955,ags,yes,J.T. Miller,,bovada,285,,oddsapi
2026-10-09T23:05:07Z,2026-10-09,NYR @ WSH,86ba05a73a0355958b629023b20ba955,ags,yes,Dylan Strome,,bovada,310,,oddsapi
2026-10-09T23:05:07Z,2026-10-09,NYR @ WSH,86ba05a73a0355958b629023b20ba955,ags,yes,Aliaksei Protas,,bovada,420,,oddsapi
2026-10-09T23:05:07Z,2026-10-09,NYR @ WSH,86ba05a73a0355958b629023b20ba955,ags,yes,Vladislav Gavrikov,,bovada,1100,,oddsapi
2026-10-09T23:05:07Z,2026-10-09,NYR @ WSH,86ba05a73a0355958b629023b20ba955,ags,yes,Cole Hutson,,bovada,700,,oddsapi
2026-10-09T23:05:07Z,2026-10-09,NYR @ WSH,86ba05a73a0355958b629023b20ba955,ags,yes,Braden Schneider,,bovada,1500,,oddsapi
2026-10-09T23:05:07Z,2026-10-09,NYR @ WSH,86ba05a73a0355958b629023b20ba955,ags,yes,Mika Zibanejad,,bovada,225,,oddsapi
2026-10-09T23:05:07Z,2026-10-09,NYR @ WSH,86ba05a73a0355958b629023b20ba955,ags,yes,Oliver Bjorkstrand,,bovada,500,,oddsapi
2026-10-09T23:05:07Z,2026-10-09,NYR @ WSH,86ba05a73a0355958b629023b20ba955,ags,yes,Alex Tuch,,bovada,220,,oddsapi
2026-10-09T23:05:07Z,2026-10-09,NYR @ WSH,86ba05a73a0355958b629023b20ba955,ags,yes,Eeli Tolvanen,,bovada,475,,oddsapi
2026-10-09T23:05:07Z,2026-10-09,NYR @ WSH,86ba05a73a0355958b629023b20ba955,ags,yes,Alberts Smits,,bovada,1900,,oddsapi
2026-10-09T23:05:07Z,2026-10-09,NYR @ WSH,86ba05a73a0355958b629023b20ba955,ags,yes,Sean Durzi,,bovada,875,,oddsapi
2026-10-09T23:05:07Z,2026-10-09,NYR @ WSH,86ba05a73a0355958b629023b20ba955,ags,yes,Pavel Dorofeyev,,bovada,195,,oddsapi
2026-10-09T23:05:07Z,2026-10-09,NYR @ WSH,86ba05a73a0355958b629023b20ba955,ags,yes,Noah Laba,,bovada,725,,oddsapi
2026-10-09T23:05:07Z,2026-10-09,NYR @ WSH,86ba05a73a0355958b629023b20ba955,ags,yes,Ryan Leonard,,bovada,395,,oddsapi
2026-10-09T23:05:07Z,2026-10-09,NYR @ WSH,86ba05a73a0355958b629023b20ba955,ags,yes,Anthony Beauvillier,,bovada,430,,oddsapi
2026-10-09T23:05:07Z,2026-10-09,NYR @ WSH,86ba05a73a0355958b629023b20ba955,ags,yes,Gabe Perreault,,bovada,350,,oddsapi
2026-10-09T23:05:07Z,2026-10-09,NYR @ WSH,86ba05a73a0355958b629023b20ba955,ags,yes,Jordan Kyrou,,bovada,340,,oddsapi
2026-10-09T23:05:07Z,2026-10-09,NYR @ WSH,86ba05a73a0355958b629023b20ba955,ags,yes,Adam Fox,,bovada,550,,oddsapi
2026-10-09T23:05:07Z,2026-10-09,NYR @ WSH,86ba05a73a0355958b629023b20ba955,ags,yes,Pierre-Luc Dubois,,bovada,275,,oddsapi
2026-10-09T23:05:07Z,2026-10-09,NYR @ WSH,86ba05a73a0355958b629023b20ba955,ags,yes,Tom Wilson,,bovada,245,,oddsapi
2026-10-09T23:05:07Z,2026-10-09,NYR @ WSH,86ba05a73a0355958b629023b20ba955,ags,yes,Will Cuylle,,bovada,365,,oddsapi
2026-10-09T23:05:07Z,2026-10-09,NYR @ WSH,86ba05a73a0355958b629023b20ba955,ags,yes,Dylan McIlrath,,bovada,1500,,oddsapi
2026-10-09T23:05:07Z,2026-10-09,NYR @ WSH,86ba05a73a0355958b629023b20ba955,fgs,yes,Ilya Protas,,bovada,2000,,oddsapi
2026-10-09T23:05:07Z,2026-10-09,NYR @ WSH,86ba05a73a0355958b629023b20ba955,fgs,yes,Jordan Kyrou,,bovada,2000,,oddsapi
2026-10-09T23:05:07Z,2026-10-09,NYR @ WSH,86ba05a73a0355958b629023b20ba955,fgs,yes,Oliver Bjorkstrand,,bovada,2500,,oddsapi
2026-10-09T23:05:07Z,2026-10-09,NYR @ WSH,86ba05a73a0355958b629023b20ba955,fgs,yes,Will Cuylle,,bovada,2200,,oddsapi
2026-10-09T23:05:07Z,2026-10-09,NYR @ WSH,86ba05a73a0355958b629023b20ba955,fgs,yes,Noah Laba,,bovada,3500,,oddsapi
2026-10-09T23:05:07Z,2026-10-09,NYR @ WSH,86ba05a73a0355958b629023b20ba955,fgs,yes,Mika Zibanejad,,bovada,1400,,oddsapi
2026-10-09T23:05:07Z,2026-10-09,NYR @ WSH,86ba05a73a0355958b629023b20ba955,fgs,yes,Pierre-Luc Dubois,,bovada,1900,,oddsapi
2026-10-09T23:05:07Z,2026-10-09,NYR @ WSH,86ba05a73a0355958b629023b20ba955,fgs,yes,Gabe Perreault,,bovada,1900,,oddsapi
2026-10-09T23:05:07Z,2026-10-09,NYR @ WSH,86ba05a73a0355958b629023b20ba955,fgs,yes,Jakob Chychrun,,bovada,2000,,oddsapi
2026-10-09T23:05:07Z,2026-10-09,NYR @ WSH,86ba05a73a0355958b629023b20ba955,fgs,yes,Marcus Pettersson,,bovada,10000,,oddsapi
2026-10-09T23:05:07Z,2026-10-09,NYR @ WSH,86ba05a73a0355958b629023b20ba955,fgs,yes,Tye Kartye,,bovada,3300,,oddsapi
2026-10-09T23:05:07Z,2026-10-09,NYR @ WSH,86ba05a73a0355958b629023b20ba955,fgs,yes,Alex Tuch,,bovada,1400,,oddsapi
2026-10-09T23:05:07Z,2026-10-09,NYR @ WSH,86ba05a73a0355958b629023b20ba955,fgs,yes,Sean Durzi,,bovada,5000,,oddsapi
2026-10-09T23:05:07Z,2026-10-09,NYR @ WSH,86ba05a73a0355958b629023b20ba955,fgs,yes,Vladislav Gavrikov,,bovada,6500,,oddsapi
2026-10-09T23:05:07Z,2026-10-09,NYR @ WSH,86ba05a73a0355958b629023b20ba955,fgs,yes,Ryan Leonard,,bovada,2200,,oddsapi
2026-10-09T23:05:07Z,2026-10-09,NYR @ WSH,86ba05a73a0355958b629023b20ba955,fgs,yes,Vincent Desharnais,,bovada,10000,,oddsapi
2026-10-09T23:05:07Z,2026-10-09,NYR @ WSH,86ba05a73a0355958b629023b20ba955,fgs,yes,Timothy Liljegren,,bovada,10000,,oddsapi
2026-10-09T23:05:07Z,2026-10-09,NYR @ WSH,86ba05a73a0355958b629023b20ba955,fgs,yes,Pavel Dorofeyev,,bovada,1200,,oddsapi
2026-10-09T23:05:07Z,2026-10-09,NYR @ WSH,86ba05a73a0355958b629023b20ba955,fgs,yes,Boone Jenner,,bovada,3300,,oddsapi
2026-10-09T23:05:07Z,2026-10-09,NYR @ WSH,86ba05a73a0355958b629023b20ba955,fgs,yes,Alberts Smits,,bovada,10000,,oddsapi
2026-10-09T23:05:07Z,2026-10-09,NYR @ WSH,86ba05a73a0355958b629023b20ba955,fgs,yes,Braden Schneider,,bovada,10000,,oddsapi
2026-10-09T23:05:07Z,2026-10-09,NYR @ WSH,86ba05a73a0355958b629023b20ba955,fgs,yes,Cole Hutson,,bovada,3500,,oddsapi
2026-10-09T23:05:07Z,2026-10-09,NYR @ WSH,86ba05a73a0355958b629023b20ba955,fgs,yes,Alex Ovechkin,,bovada,1300,,oddsapi
2026-10-09T23:05:07Z,2026-10-09,NYR @ WSH,86ba05a73a0355958b629023b20ba955,fgs,yes,Aliaksei Protas,,bovada,2500,,oddsapi
2026-10-09T23:05:07Z,2026-10-09,NYR @ WSH,86ba05a73a0355958b629023b20ba955,fgs,yes,Jaroslav Chmelar,,bovada,4500,,oddsapi
2026-10-09T23:05:07Z,2026-10-09,NYR @ WSH,86ba05a73a0355958b629023b20ba955,fgs,yes,Adam Fox,,bovada,3500,,oddsapi
2026-10-09T23:05:07Z,2026-10-09,NYR @ WSH,86ba05a73a0355958b629023b20ba955,fgs,yes,Dylan Strome,,bovada,1900,,oddsapi
2026-10-09T23:05:07Z,2026-10-09,NYR @ WSH,86ba05a73a0355958b629023b20ba955,fgs,yes,Anthony Beauvillier,,bovada,2500,,oddsapi
2026-10-09T23:05:07Z,2026-10-09,NYR @ WSH,86ba05a73a0355958b629023b20ba955,fgs,yes,Justin Sourdif,,bovada,3000,,oddsapi
2026-10-09T23:05:07Z,2026-10-09,NYR @ WSH,86ba05a73a0355958b629023b20ba955,fgs,yes,Alexis Lafrenière,,bovada,1700,,oddsapi
2026-10-09T23:05:07Z,2026-10-09,NYR @ WSH,86ba05a73a0355958b629023b20ba955,fgs,yes,J.T. Miller,,bovada,1700,,oddsapi
2026-10-09T23:05:07Z,2026-10-09,NYR @ WSH,86ba05a73a0355958b629023b20ba955,fgs,yes,Tom Wilson,,bovada,1500,,oddsapi
2026-10-09T23:05:07Z,2026-10-09,NYR @ WSH,86ba05a73a0355958b629023b20ba955,fgs,yes,Martin Fehervary,,bovada,8000,,oddsapi
2026-10-09T23:05:07Z,2026-10-09,NYR @ WSH,86ba05a73a0355958b629023b20ba955,fgs,yes,Eeli Tolvanen,,bovada,2500,,oddsapi
2026-10-09T23:05:07Z,2026-10-09,NYR @ WSH,86ba05a73a0355958b629023b20ba955,fgs,yes,Dylan McIlrath,,bovada,10000,,oddsapi
2026-10-09T23:05:07Z,2026-10-09,NYR @ WSH,86ba05a73a0355958b629023b20ba955,sk_sog,over,Eeli Tolvanen,1.5,bovada,130,-170,oddsapi
2026-10-09T23:05:07Z,2026-10-09,NYR @ WSH,86ba05a73a0355958b629023b20ba955,sk_sog,under,Eeli Tolvanen,1.5,bovada,-170,130,oddsapi
2026-10-09T23:05:07Z,2026-10-09,NYR @ WSH,86ba05a73a0355958b629023b20ba955,sk_sog,over,Jordan Kyrou,2.5,bovada,140,-185,oddsapi
2026-10-09T23:05:07Z,2026-10-09,NYR @ WSH,86ba05a73a0355958b629023b20ba955,sk_sog,under,Jordan Kyrou,2.5,bovada,-185,140,oddsapi
2026-10-09T23:05:07Z,2026-10-09,NYR @ WSH,86ba05a73a0355958b629023b20ba955,sk_sog,over,Pierre-Luc Dubois,1.5,bovada,-110,-120,oddsapi
2026-10-09T23:05:07Z,2026-10-09,NYR @ WSH,86ba05a73a0355958b629023b20ba955,sk_sog,under,Pierre-Luc Dubois,1.5,bovada,-120,-110,oddsapi
2026-10-09T23:05:07Z,2026-10-09,NYR @ WSH,86ba05a73a0355958b629023b20ba955,sk_sog,over,Will Cuylle,1.5,bovada,-155,120,oddsapi
2026-10-09T23:05:07Z,2026-10-09,NYR @ WSH,86ba05a73a0355958b629023b20ba955,sk_sog,under,Will Cuylle,1.5,bovada,120,-155,oddsapi
2026-10-09T23:05:07Z,2026-10-09,NYR @ WSH,86ba05a73a0355958b629023b20ba955,sk_sog,over,Adam Fox,1.5,bovada,100,-130,oddsapi
2026-10-09T23:05:07Z,2026-10-09,NYR @ WSH,86ba05a73a0355958b629023b20ba955,sk_sog,under,Adam Fox,1.5,bovada,-130,100,oddsapi
2026-10-09T23:05:07Z,2026-10-09,NYR @ WSH,86ba05a73a0355958b629023b20ba955,sk_sog,over,Alex Ovechkin,2.5,bovada,-120,-110,oddsapi
2026-10-09T23:05:07Z,2026-10-09,NYR @ WSH,86ba05a73a0355958b629023b20ba955,sk_sog,under,Alex Ovechkin,2.5,bovada,-110,-120,oddsapi
2026-10-09T23:05:07Z,2026-10-09,NYR @ WSH,86ba05a73a0355958b629023b20ba955,sk_sog,over,Alex Tuch,2.5,bovada,-110,-120,oddsapi
2026-10-09T23:05:07Z,2026-10-09,NYR @ WSH,86ba05a73a0355958b629023b20ba955,sk_sog,under,Alex Tuch,2.5,bovada,-120,-110,oddsapi
2026-10-09T23:05:07Z,2026-10-09,NYR @ WSH,86ba05a73a0355958b629023b20ba955,sk_sog,over,Alexis Lafrenière,2.5,bovada,140,-185,oddsapi
2026-10-09T23:05:07Z,2026-10-09,NYR @ WSH,86ba05a73a0355958b629023b20ba955,sk_sog,under,Alexis Lafrenière,2.5,bovada,-185,140,oddsapi
2026-10-09T23:05:07Z,2026-10-09,NYR @ WSH,86ba05a73a0355958b629023b20ba955,sk_sog,over,Dylan Strome,1.5,bovada,-125,-105,oddsapi
2026-10-09T23:05:07Z,2026-10-09,NYR @ WSH,86ba05a73a0355958b629023b20ba955,sk_sog,under,Dylan Strome,1.5,bovada,-105,-125,oddsapi
2026-10-09T23:05:07Z,2026-10-09,NYR @ WSH,86ba05a73a0355958b629023b20ba955,sk_sog,over,J.T. Miller,1.5,bovada,-145,110,oddsapi
2026-10-09T23:05:07Z,2026-10-09,NYR @ WSH,86ba05a73a0355958b629023b20ba955,sk_sog,under,J.T. Miller,1.5,bovada,110,-145,oddsapi
2026-10-09T23:05:07Z,2026-10-09,NYR @ WSH,86ba05a73a0355958b629023b20ba955,sk_sog,over,Jakob Chychrun,2.5,bovada,-105,-125,oddsapi
2026-10-09T23:05:07Z,2026-10-09,NYR @ WSH,86ba05a73a0355958b629023b20ba955,sk_sog,under,Jakob Chychrun,2.5,bovada,-125,-105,oddsapi
2026-10-09T23:05:07Z,2026-10-09,NYR @ WSH,86ba05a73a0355958b629023b20ba955,sk_sog,over,Mika Zibanejad,2.5,bovada,120,-155,oddsapi
2026-10-09T23:05:07Z,2026-10-09,NYR @ WSH,86ba05a73a0355958b629023b20ba955,sk_sog,under,Mika Zibanejad,2.5,bovada,-155,120,oddsapi
2026-10-09T23:05:07Z,2026-10-09,NYR @ WSH,86ba05a73a0355958b629023b20ba955,sk_sog,over,Pavel Dorofeyev,2.5,bovada,-145,110,oddsapi
2026-10-09T23:05:07Z,2026-10-09,NYR @ WSH,86ba05a73a0355958b629023b20ba955,sk_sog,under,Pavel Dorofeyev,2.5,bovada,110,-145,oddsapi
2026-10-09T23:05:07Z,2026-10-09,NYR @ WSH,86ba05a73a0355958b629023b20ba955,sk_sog,over,Ryan Leonard,1.5,bovada,-130,100,oddsapi
2026-10-09T23:05:07Z,2026-10-09,NYR @ WSH,86ba05a73a0355958b629023b20ba955,sk_sog,under,Ryan Leonard,1.5,bovada,100,-130,oddsapi
2026-10-09T23:05:07Z,2026-10-09,NYR @ WSH,86ba05a73a0355958b629023b20ba955,sk_sog,over,Tom Wilson,1.5,bovada,-185,140,oddsapi
2026-10-09T23:05:07Z,2026-10-09,NYR @ WSH,86ba05a73a0355958b629023b20ba955,sk_sog,under,Tom Wilson,1.5,bovada,140,-185,oddsapi
2026-10-09T23:05:07Z,2026-10-09,NYR @ WSH,86ba05a73a0355958b629023b20ba955,g_saves,over,Igor Shesterkin,26.5,bovada,-105,-125,oddsapi
2026-10-09T23:05:07Z,2026-10-09,NYR @ WSH,86ba05a73a0355958b629023b20ba955,g_saves,under,Igor Shesterkin,26.5,bovada,-125,-105,oddsapi
2026-10-09T23:05:07Z,2026-10-09,NYR @ WSH,86ba05a73a0355958b629023b20ba955,g_saves,over,Logan Thompson,21.5,bovada,-125,-105,oddsapi
2026-10-09T23:05:07Z,2026-10-09,NYR @ WSH,86ba05a73a0355958b629023b20ba955,g_saves,under,Logan Thompson,21.5,bovada,-105,-125,oddsapi
2026-10-09T23:05:07Z,2026-10-09,NYR @ WSH,86ba05a73a0355958b629023b20ba955,p1_pl,NYR,,0.5,bovada,-215,160,oddsapi
2026-10-09T23:05:07Z,2026-10-09,NYR @ WSH,86ba05a73a0355958b629023b20ba955,p1_pl,WSH,,-0.5,bovada,160,-215,oddsapi
2026-10-09T23:05:07Z,2026-10-09,NYR @ WSH,86ba05a73a0355958b629023b20ba955,p2_pl,NYR,,0.5,bovada,-210,155,oddsapi
2026-10-09T23:05:07Z,2026-10-09,NYR @ WSH,86ba05a73a0355958b629023b20ba955,p2_pl,WSH,,-0.5,bovada,155,-210,oddsapi
2026-10-09T23:05:07Z,2026-10-09,NYR @ WSH,86ba05a73a0355958b629023b20ba955,p3_pl,NYR,,0.5,bovada,-180,135,oddsapi
2026-10-09T23:05:07Z,2026-10-09,NYR @ WSH,86ba05a73a0355958b629023b20ba955,p3_pl,WSH,,-0.5,bovada,135,-180,oddsapi
2026-10-09T23:05:07Z,2026-10-09,NYR @ WSH,86ba05a73a0355958b629023b20ba955,p1_total,over,,1.5,bovada,-115,-115,oddsapi
2026-10-09T23:05:07Z,2026-10-09,NYR @ WSH,86ba05a73a0355958b629023b20ba955,p1_total,under,,1.5,bovada,-115,-115,oddsapi
2026-10-09T23:05:07Z,2026-10-09,NYR @ WSH,86ba05a73a0355958b629023b20ba955,p2_total,over,,1.5,bovada,-150,115,oddsapi
2026-10-09T23:05:07Z,2026-10-09,NYR @ WSH,86ba05a73a0355958b629023b20ba955,p2_total,under,,1.5,bovada,115,-150,oddsapi
2026-10-09T23:05:07Z,2026-10-09,NYR @ WSH,86ba05a73a0355958b629023b20ba955,p3_total,over,,2,bovada,-110,-120,oddsapi
2026-10-09T23:05:07Z,2026-10-09,NYR @ WSH,86ba05a73a0355958b629023b20ba955,p3_total,under,,2,bovada,-120,-110,oddsapi
2026-10-09T23:05:07Z,2026-10-09,NYR @ WSH,86ba05a73a0355958b629023b20ba955,game_pl_alt,NYR,,1.5,fanduel,-230,174,oddsapi
2026-10-09T23:05:07Z,2026-10-09,NYR @ WSH,86ba05a73a0355958b629023b20ba955,game_pl_alt,NYR,,2.5,fanduel,-430,300,oddsapi
2026-10-09T23:05:07Z,2026-10-09,NYR @ WSH,86ba05a73a0355958b629023b20ba955,game_pl_alt,NYR,,3.5,fanduel,-1450,750,oddsapi
2026-10-09T23:05:07Z,2026-10-09,NYR @ WSH,86ba05a73a0355958b629023b20ba955,game_pl_alt,NYR,,4.5,fanduel,-4500,1750,oddsapi
2026-10-09T23:05:07Z,2026-10-09,NYR @ WSH,86ba05a73a0355958b629023b20ba955,game_pl_alt,NYR,,5.5,fanduel,-8000,4900,oddsapi
2026-10-09T23:05:07Z,2026-10-09,NYR @ WSH,86ba05a73a0355958b629023b20ba955,game_pl_alt,NYR,,6.5,fanduel,-50000,,oddsapi
2026-10-09T23:05:07Z,2026-10-09,NYR @ WSH,86ba05a73a0355958b629023b20ba955,game_pl_alt,NYR,,-1.5,fanduel,280,-410,oddsapi
2026-10-09T23:05:07Z,2026-10-09,NYR @ WSH,86ba05a73a0355958b629023b20ba955,game_pl_alt,NYR,,-2.5,fanduel,580,-1000,oddsapi
2026-10-09T23:05:07Z,2026-10-09,NYR @ WSH,86ba05a73a0355958b629023b20ba955,game_pl_alt,NYR,,-3.5,fanduel,1600,-4500,oddsapi
2026-10-09T23:05:07Z,2026-10-09,NYR @ WSH,86ba05a73a0355958b629023b20ba955,game_pl_alt,NYR,,-4.5,fanduel,5500,-20000,oddsapi
2026-10-09T23:05:07Z,2026-10-09,NYR @ WSH,86ba05a73a0355958b629023b20ba955,game_pl_alt,WSH,,1.5,fanduel,-410,280,oddsapi
2026-10-09T23:05:07Z,2026-10-09,NYR @ WSH,86ba05a73a0355958b629023b20ba955,game_pl_alt,WSH,,2.5,fanduel,-1000,580,oddsapi
2026-10-09T23:05:07Z,2026-10-09,NYR @ WSH,86ba05a73a0355958b629023b20ba955,game_pl_alt,WSH,,3.5,fanduel,-4500,1600,oddsapi
2026-10-09T23:05:07Z,2026-10-09,NYR @ WSH,86ba05a73a0355958b629023b20ba955,game_pl_alt,WSH,,4.5,fanduel,-20000,5500,oddsapi
2026-10-09T23:05:07Z,2026-10-09,NYR @ WSH,86ba05a73a0355958b629023b20ba955,game_pl_alt,WSH,,5.5,fanduel,-50000,,oddsapi
2026-10-09T23:05:07Z,2026-10-09,NYR @ WSH,86ba05a73a0355958b629023b20ba955,game_pl_alt,WSH,,-1.5,fanduel,174,-230,oddsapi
2026-10-09T23:05:07Z,2026-10-09,NYR @ WSH,86ba05a73a0355958b629023b20ba955,game_pl_alt,WSH,,-2.5,fanduel,300,-430,oddsapi
2026-10-09T23:05:07Z,2026-10-09,NYR @ WSH,86ba05a73a0355958b629023b20ba955,game_pl_alt,WSH,,-3.5,fanduel,750,-1450,oddsapi
2026-10-09T23:05:07Z,2026-10-09,NYR @ WSH,86ba05a73a0355958b629023b20ba955,game_pl_alt,WSH,,-4.5,fanduel,1750,-4500,oddsapi
2026-10-09T23:05:07Z,2026-10-09,NYR @ WSH,86ba05a73a0355958b629023b20ba955,game_pl_alt,WSH,,-5.5,fanduel,4900,-8000,oddsapi
2026-10-09T23:05:07Z,2026-10-09,NYR @ WSH,86ba05a73a0355958b629023b20ba955,team_total_alt,over,NYR,0.5,fanduel,-2000,1000,oddsapi
2026-10-09T23:05:07Z,2026-10-09,NYR @ WSH,86ba05a73a0355958b629023b20ba955,team_total_alt,over,NYR,1.5,fanduel,-380,270,oddsapi
2026-10-09T23:05:07Z,2026-10-09,NYR @ WSH,86ba05a73a0355958b629023b20ba955,team_total_alt,over,NYR,2.5,fanduel,-130,,oddsapi
2026-10-09T23:05:07Z,2026-10-09,NYR @ WSH,86ba05a73a0355958b629023b20ba955,team_total_alt,over,NYR,3.5,fanduel,194,-260,oddsapi
2026-10-09T23:05:07Z,2026-10-09,NYR @ WSH,86ba05a73a0355958b629023b20ba955,team_total_alt,over,NYR,4.5,fanduel,500,-850,oddsapi
2026-10-09T23:05:07Z,2026-10-09,NYR @ WSH,86ba05a73a0355958b629023b20ba955,team_total_alt,over,NYR,5.5,fanduel,1320,-3000,oddsapi
2026-10-09T23:05:07Z,2026-10-09,NYR @ WSH,86ba05a73a0355958b629023b20ba955,team_total_alt,over,NYR,6.5,fanduel,3600,-8000,oddsapi
2026-10-09T23:05:07Z,2026-10-09,NYR @ WSH,86ba05a73a0355958b629023b20ba955,team_total_alt,under,NYR,0.5,fanduel,1000,-2000,oddsapi
2026-10-09T23:05:07Z,2026-10-09,NYR @ WSH,86ba05a73a0355958b629023b20ba955,team_total_alt,under,NYR,1.5,fanduel,270,-380,oddsapi
2026-10-09T23:05:07Z,2026-10-09,NYR @ WSH,86ba05a73a0355958b629023b20ba955,team_total_alt,under,NYR,3.5,fanduel,-260,194,oddsapi
2026-10-09T23:05:07Z,2026-10-09,NYR @ WSH,86ba05a73a0355958b629023b20ba955,team_total_alt,under,NYR,4.5,fanduel,-850,500,oddsapi
2026-10-09T23:05:07Z,2026-10-09,NYR @ WSH,86ba05a73a0355958b629023b20ba955,team_total_alt,under,NYR,5.5,fanduel,-3000,1320,oddsapi
2026-10-09T23:05:07Z,2026-10-09,NYR @ WSH,86ba05a73a0355958b629023b20ba955,team_total_alt,under,NYR,6.5,fanduel,-8000,3600,oddsapi
2026-10-09T23:05:07Z,2026-10-09,NYR @ WSH,86ba05a73a0355958b629023b20ba955,team_total_alt,over,WSH,0.5,fanduel,-3500,1550,oddsapi
2026-10-09T23:05:07Z,2026-10-09,NYR @ WSH,86ba05a73a0355958b629023b20ba955,team_total_alt,over,WSH,1.5,fanduel,-700,430,oddsapi
2026-10-09T23:05:07Z,2026-10-09,NYR @ WSH,86ba05a73a0355958b629023b20ba955,team_total_alt,over,WSH,2.5,fanduel,-200,,oddsapi
2026-10-09T23:05:07Z,2026-10-09,NYR @ WSH,86ba05a73a0355958b629023b20ba955,team_total_alt,over,WSH,3.5,fanduel,126,-160,oddsapi
2026-10-09T23:05:07Z,2026-10-09,NYR @ WSH,86ba05a73a0355958b629023b20ba955,team_total_alt,over,WSH,4.5,fanduel,320,-460,oddsapi
2026-10-09T23:05:07Z,2026-10-09,NYR @ WSH,86ba05a73a0355958b629023b20ba955,team_total_alt,over,WSH,5.5,fanduel,810,-1600,oddsapi
2026-10-09T23:05:07Z,2026-10-09,NYR @ WSH,86ba05a73a0355958b629023b20ba955,team_total_alt,over,WSH,6.5,fanduel,1900,-5000,oddsapi
2026-10-09T23:05:07Z,2026-10-09,NYR @ WSH,86ba05a73a0355958b629023b20ba955,team_total_alt,over,WSH,7.5,fanduel,6500,,oddsapi
2026-10-09T23:05:07Z,2026-10-09,NYR @ WSH,86ba05a73a0355958b629023b20ba955,team_total_alt,under,WSH,0.5,fanduel,1550,-3500,oddsapi
2026-10-09T23:05:07Z,2026-10-09,NYR @ WSH,86ba05a73a0355958b629023b20ba955,team_total_alt,under,WSH,1.5,fanduel,430,-700,oddsapi
2026-10-09T23:05:07Z,2026-10-09,NYR @ WSH,86ba05a73a0355958b629023b20ba955,team_total_alt,under,WSH,3.5,fanduel,-160,126,oddsapi
2026-10-09T23:05:07Z,2026-10-09,NYR @ WSH,86ba05a73a0355958b629023b20ba955,team_total_alt,under,WSH,4.5,fanduel,-460,320,oddsapi
2026-10-09T23:05:07Z,2026-10-09,NYR @ WSH,86ba05a73a0355958b629023b20ba955,team_total_alt,under,WSH,5.5,fanduel,-1600,810,oddsapi
2026-10-09T23:05:07Z,2026-10-09,NYR @ WSH,86ba05a73a0355958b629023b20ba955,team_total_alt,under,WSH,6.5,fanduel,-5000,1900,oddsapi
2026-10-09T23:05:07Z,2026-10-09,NYR @ WSH,86ba05a73a0355958b629023b20ba955,game_total_alt,over,,2.5,fanduel,-4500,1750,oddsapi
2026-10-09T23:05:07Z,2026-10-09,NYR @ WSH,86ba05a73a0355958b629023b20ba955,game_total_alt,over,,3.5,fanduel,-750,460,oddsapi
2026-10-09T23:05:07Z,2026-10-09,NYR @ WSH,86ba05a73a0355958b629023b20ba955,game_total_alt,over,,4.5,fanduel,-370,260,oddsapi
2026-10-09T23:05:07Z,2026-10-09,NYR @ WSH,86ba05a73a0355958b629023b20ba955,game_total_alt,over,,5.5,fanduel,-122,-104,oddsapi
2026-10-09T23:05:07Z,2026-10-09,NYR @ WSH,86ba05a73a0355958b629023b20ba955,game_total_alt,over,,6.5,fanduel,132,-168,oddsapi
2026-10-09T23:05:07Z,2026-10-09,NYR @ WSH,86ba05a73a0355958b629023b20ba955,game_total_alt,over,,7.5,fanduel,320,-460,oddsapi
2026-10-09T23:05:07Z,2026-10-09,NYR @ WSH,86ba05a73a0355958b629023b20ba955,game_total_alt,over,,8.5,fanduel,490,-800,oddsapi
2026-10-09T23:05:07Z,2026-10-09,NYR @ WSH,86ba05a73a0355958b629023b20ba955,game_total_alt,over,,9.5,fanduel,1180,-2400,oddsapi
2026-10-09T23:05:07Z,2026-10-09,NYR @ WSH,86ba05a73a0355958b629023b20ba955,game_total_alt,over,,10.5,fanduel,1750,-4500,oddsapi
2026-10-09T23:05:07Z,2026-10-09,NYR @ WSH,86ba05a73a0355958b629023b20ba955,game_total_alt,over,,11.5,fanduel,5000,,oddsapi
2026-10-09T23:05:07Z,2026-10-09,NYR @ WSH,86ba05a73a0355958b629023b20ba955,game_total_alt,under,,2.5,fanduel,1750,-4500,oddsapi
2026-10-09T23:05:07Z,2026-10-09,NYR @ WSH,86ba05a73a0355958b629023b20ba955,game_total_alt,under,,3.5,fanduel,460,-750,oddsapi
2026-10-09T23:05:07Z,2026-10-09,NYR @ WSH,86ba05a73a0355958b629023b20ba955,game_total_alt,under,,4.5,fanduel,260,-370,oddsapi
2026-10-09T23:05:07Z,2026-10-09,NYR @ WSH,86ba05a73a0355958b629023b20ba955,game_total_alt,under,,5.5,fanduel,-104,-122,oddsapi
2026-10-09T23:05:07Z,2026-10-09,NYR @ WSH,86ba05a73a0355958b629023b20ba955,game_total_alt,under,,6.5,fanduel,-168,132,oddsapi
2026-10-09T23:05:07Z,2026-10-09,NYR @ WSH,86ba05a73a0355958b629023b20ba955,game_total_alt,under,,7.5,fanduel,-460,320,oddsapi
2026-10-09T23:05:07Z,2026-10-09,NYR @ WSH,86ba05a73a0355958b629023b20ba955,game_total_alt,under,,8.5,fanduel,-800,490,oddsapi
2026-10-09T23:05:07Z,2026-10-09,NYR @ WSH,86ba05a73a0355958b629023b20ba955,game_total_alt,under,,9.5,fanduel,-2400,1180,oddsapi
2026-10-09T23:05:07Z,2026-10-09,NYR @ WSH,86ba05a73a0355958b629023b20ba955,game_total_alt,under,,10.5,fanduel,-4500,1750,oddsapi
2026-10-09T23:05:07Z,2026-10-09,NYR @ WSH,86ba05a73a0355958b629023b20ba955,game_ml3,NYR,,,fanduel,185,,oddsapi
2026-10-09T23:05:07Z,2026-10-09,NYR @ WSH,86ba05a73a0355958b629023b20ba955,game_ml3,WSH,,,fanduel,110,,oddsapi
2026-10-09T23:05:07Z,2026-10-09,NYR @ WSH,86ba05a73a0355958b629023b20ba955,game_ml3,draw,,,fanduel,320,,oddsapi
2026-10-09T23:05:07Z,2026-10-09,NYR @ WSH,86ba05a73a0355958b629023b20ba955,p1_ml3,NYR,,,fanduel,210,,oddsapi
2026-10-09T23:05:07Z,2026-10-09,NYR @ WSH,86ba05a73a0355958b629023b20ba955,p1_ml3,WSH,,,fanduel,170,,oddsapi
2026-10-09T23:05:07Z,2026-10-09,NYR @ WSH,86ba05a73a0355958b629023b20ba955,p1_ml3,draw,,,fanduel,170,,oddsapi
2026-10-09T23:05:07Z,2026-10-09,NYR @ WSH,86ba05a73a0355958b629023b20ba955,p2_ml3,NYR,,,fanduel,210,,oddsapi
2026-10-09T23:05:07Z,2026-10-09,NYR @ WSH,86ba05a73a0355958b629023b20ba955,p2_ml3,WSH,,,fanduel,145,,oddsapi
2026-10-09T23:05:07Z,2026-10-09,NYR @ WSH,86ba05a73a0355958b629023b20ba955,p2_ml3,draw,,,fanduel,200,,oddsapi
2026-10-09T23:05:07Z,2026-10-09,NYR @ WSH,86ba05a73a0355958b629023b20ba955,p3_ml3,NYR,,,fanduel,195,,oddsapi
2026-10-09T23:05:07Z,2026-10-09,NYR @ WSH,86ba05a73a0355958b629023b20ba955,p3_ml3,WSH,,,fanduel,130,,oddsapi
2026-10-09T23:05:07Z,2026-10-09,NYR @ WSH,86ba05a73a0355958b629023b20ba955,p3_ml3,draw,,,fanduel,240,,oddsapi
2026-10-09T23:05:07Z,2026-10-09,NYR @ WSH,86ba05a73a0355958b629023b20ba955,p1_ml,NYR,,,fanduel,104,-132,oddsapi
2026-10-09T23:05:07Z,2026-10-09,NYR @ WSH,86ba05a73a0355958b629023b20ba955,p1_ml,WSH,,,fanduel,-132,104,oddsapi
2026-10-09T23:05:07Z,2026-10-09,NYR @ WSH,86ba05a73a0355958b629023b20ba955,p2_ml,NYR,,,fanduel,114,-144,oddsapi
2026-10-09T23:05:07Z,2026-10-09,NYR @ WSH,86ba05a73a0355958b629023b20ba955,p2_ml,WSH,,,fanduel,-144,114,oddsapi
2026-10-09T23:05:07Z,2026-10-09,NYR @ WSH,86ba05a73a0355958b629023b20ba955,p3_ml,NYR,,,fanduel,104,-132,oddsapi
2026-10-09T23:05:07Z,2026-10-09,NYR @ WSH,86ba05a73a0355958b629023b20ba955,p3_ml,WSH,,,fanduel,-132,104,oddsapi
2026-10-09T23:05:07Z,2026-10-09,NYR @ WSH,86ba05a73a0355958b629023b20ba955,ags,yes,Pavel Dorofeyev,,fanduel,200,,oddsapi
2026-10-09T23:05:07Z,2026-10-09,NYR @ WSH,86ba05a73a0355958b629023b20ba955,ags,yes,Alex Ovechkin,,fanduel,210,,oddsapi
2026-10-09T23:05:07Z,2026-10-09,NYR @ WSH,86ba05a73a0355958b629023b20ba955,ags,yes,Mika Zibanejad,,fanduel,235,,oddsapi
2026-10-09T23:05:07Z,2026-10-09,NYR @ WSH,86ba05a73a0355958b629023b20ba955,ags,yes,Alex Tuch,,fanduel,230,,oddsapi
2026-10-09T23:05:07Z,2026-10-09,NYR @ WSH,86ba05a73a0355958b629023b20ba955,ags,yes,Tom Wilson,,fanduel,240,,oddsapi
2026-10-09T23:05:07Z,2026-10-09,NYR @ WSH,86ba05a73a0355958b629023b20ba955,ags,yes,Alexis Lafrenière,,fanduel,270,,oddsapi
2026-10-09T23:05:07Z,2026-10-09,NYR @ WSH,86ba05a73a0355958b629023b20ba955,ags,yes,J.T. Miller,,fanduel,280,,oddsapi
2026-10-09T23:05:07Z,2026-10-09,NYR @ WSH,86ba05a73a0355958b629023b20ba955,ags,yes,Pierre-Luc Dubois,,fanduel,290,,oddsapi
2026-10-09T23:05:07Z,2026-10-09,NYR @ WSH,86ba05a73a0355958b629023b20ba955,ags,yes,Dylan Strome,,fanduel,300,,oddsapi
2026-10-09T23:05:07Z,2026-10-09,NYR @ WSH,86ba05a73a0355958b629023b20ba955,ags,yes,Gabe Perreault,,fanduel,360,,oddsapi
2026-10-09T23:05:07Z,2026-10-09,NYR @ WSH,86ba05a73a0355958b629023b20ba955,ags,yes,Jordan Kyrou,,fanduel,380,,oddsapi
2026-10-09T23:05:07Z,2026-10-09,NYR @ WSH,86ba05a73a0355958b629023b20ba955,ags,yes,Ilya Protas,,fanduel,380,,oddsapi
2026-10-09T23:05:07Z,2026-10-09,NYR @ WSH,86ba05a73a0355958b629023b20ba955,ags,yes,Jakob Chychrun,,fanduel,380,,oddsapi
2026-10-09T23:05:07Z,2026-10-09,NYR @ WSH,86ba05a73a0355958b629023b20ba955,ags,yes,Will Cuylle,,fanduel,400,,oddsapi
2026-10-09T23:05:07Z,2026-10-09,NYR @ WSH,86ba05a73a0355958b629023b20ba955,ags,yes,Ryan Leonard,,fanduel,420,,oddsapi
2026-10-09T23:05:07Z,2026-10-09,NYR @ WSH,86ba05a73a0355958b629023b20ba955,ags,yes,Anthony Beauvillier,,fanduel,450,,oddsapi
2026-10-09T23:05:07Z,2026-10-09,NYR @ WSH,86ba05a73a0355958b629023b20ba955,ags,yes,Aliaksei Protas,,fanduel,450,,oddsapi
2026-10-09T23:05:07Z,2026-10-09,NYR @ WSH,86ba05a73a0355958b629023b20ba955,ags,yes,Eeli Tolvanen,,fanduel,525,,oddsapi
2026-10-09T23:05:07Z,2026-10-09,NYR @ WSH,86ba05a73a0355958b629023b20ba955,ags,yes,Oliver Bjorkstrand,,fanduel,550,,oddsapi
2026-10-09T23:05:07Z,2026-10-09,NYR @ WSH,86ba05a73a0355958b629023b20ba955,ags,yes,Tye Kartye,,fanduel,600,,oddsapi
2026-10-09T23:05:07Z,2026-10-09,NYR @ WSH,86ba05a73a0355958b629023b20ba955,ags,yes,Adam Fox,,fanduel,600,,oddsapi
2026-10-09T23:05:07Z,2026-10-09,NYR @ WSH,86ba05a73a0355958b629023b20ba955,ags,yes,Justin Sourdif,,fanduel,625,,oddsapi
2026-10-09T23:05:07Z,2026-10-09,NYR @ WSH,86ba05a73a0355958b629023b20ba955,ags,yes,Boone Jenner,,fanduel,650,,oddsapi
2026-10-09T23:05:07Z,2026-10-09,NYR @ WSH,86ba05a73a0355958b629023b20ba955,ags,yes,Cole Hutson,,fanduel,800,,oddsapi
2026-10-09T23:05:07Z,2026-10-09,NYR @ WSH,86ba05a73a0355958b629023b20ba955,ags,yes,Noah Laba,,fanduel,800,,oddsapi
2026-10-09T23:05:07Z,2026-10-09,NYR @ WSH,86ba05a73a0355958b629023b20ba955,ags,yes,Jaroslav Chmelar,,fanduel,950,,oddsapi
2026-10-09T23:05:07Z,2026-10-09,NYR @ WSH,86ba05a73a0355958b629023b20ba955,ags,yes,Sean Durzi,,fanduel,1000,,oddsapi
2026-10-09T23:05:07Z,2026-10-09,NYR @ WSH,86ba05a73a0355958b629023b20ba955,ags,yes,Vladislav Gavrikov,,fanduel,1300,,oddsapi
2026-10-09T23:05:07Z,2026-10-09,NYR @ WSH,86ba05a73a0355958b629023b20ba955,ags,yes,Martin Fehervary,,fanduel,1900,,oddsapi
2026-10-09T23:05:07Z,2026-10-09,NYR @ WSH,86ba05a73a0355958b629023b20ba955,ags,yes,Timothy Liljegren,,fanduel,2000,,oddsapi
2026-10-09T23:05:07Z,2026-10-09,NYR @ WSH,86ba05a73a0355958b629023b20ba955,ags,yes,Vincent Desharnais,,fanduel,2300,,oddsapi
2026-10-09T23:05:07Z,2026-10-09,NYR @ WSH,86ba05a73a0355958b629023b20ba955,ags,yes,Alberts Smits,,fanduel,2400,,oddsapi
2026-10-09T23:05:07Z,2026-10-09,NYR @ WSH,86ba05a73a0355958b629023b20ba955,fgs,yes,Pavel Dorofeyev,,fanduel,1200,,oddsapi
2026-10-09T23:05:07Z,2026-10-09,NYR @ WSH,86ba05a73a0355958b629023b20ba955,fgs,yes,Alex Ovechkin,,fanduel,1300,,oddsapi
2026-10-09T23:05:07Z,2026-10-09,NYR @ WSH,86ba05a73a0355958b629023b20ba955,fgs,yes,Mika Zibanejad,,fanduel,1400,,oddsapi
2026-10-09T23:05:07Z,2026-10-09,NYR @ WSH,86ba05a73a0355958b629023b20ba955,fgs,yes,Alex Tuch,,fanduel,1400,,oddsapi
2026-10-09T23:05:07Z,2026-10-09,NYR @ WSH,86ba05a73a0355958b629023b20ba955,fgs,yes,Tom Wilson,,fanduel,1500,,oddsapi
2026-10-09T23:05:07Z,2026-10-09,NYR @ WSH,86ba05a73a0355958b629023b20ba955,fgs,yes,Alexis Lafrenière,,fanduel,1700,,oddsapi
2026-10-09T23:05:07Z,2026-10-09,NYR @ WSH,86ba05a73a0355958b629023b20ba955,fgs,yes,J.T. Miller,,fanduel,1700,,oddsapi
2026-10-09T23:05:07Z,2026-10-09,NYR @ WSH,86ba05a73a0355958b629023b20ba955,fgs,yes,Dylan Strome,,fanduel,1900,,oddsapi
2026-10-09T23:05:07Z,2026-10-09,NYR @ WSH,86ba05a73a0355958b629023b20ba955,fgs,yes,Gabe Perreault,,fanduel,1900,,oddsapi
2026-10-09T23:05:07Z,2026-10-09,NYR @ WSH,86ba05a73a0355958b629023b20ba955,fgs,yes,Pierre-Luc Dubois,,fanduel,1900,,oddsapi
2026-10-09T23:05:07Z,2026-10-09,NYR @ WSH,86ba05a73a0355958b629023b20ba955,fgs,yes,Ilya Protas,,fanduel,2000,,oddsapi
2026-10-09T23:05:07Z,2026-10-09,NYR @ WSH,86ba05a73a0355958b629023b20ba955,fgs,yes,Jordan Kyrou,,fanduel,2000,,oddsapi
2026-10-09T23:05:07Z,2026-10-09,NYR @ WSH,86ba05a73a0355958b629023b20ba955,fgs,yes,Jakob Chychrun,,fanduel,2000,,oddsapi
2026-10-09T23:05:07Z,2026-10-09,NYR @ WSH,86ba05a73a0355958b629023b20ba955,fgs,yes,Ryan Leonard,,fanduel,2200,,oddsapi
2026-10-09T23:05:07Z,2026-10-09,NYR @ WSH,86ba05a73a0355958b629023b20ba955,fgs,yes,Will Cuylle,,fanduel,2200,,oddsapi
2026-10-09T23:05:07Z,2026-10-09,NYR @ WSH,86ba05a73a0355958b629023b20ba955,fgs,yes,Eeli Tolvanen,,fanduel,2500,,oddsapi
2026-10-09T23:05:07Z,2026-10-09,NYR @ WSH,86ba05a73a0355958b629023b20ba955,fgs,yes,Aliaksei Protas,,fanduel,2500,,oddsapi
2026-10-09T23:05:07Z,2026-10-09,NYR @ WSH,86ba05a73a0355958b629023b20ba955,fgs,yes,Anthony Beauvillier,,fanduel,2700,,oddsapi
2026-10-09T23:05:07Z,2026-10-09,NYR @ WSH,86ba05a73a0355958b629023b20ba955,fgs,yes,Oliver Bjorkstrand,,fanduel,2700,,oddsapi
2026-10-09T23:05:07Z,2026-10-09,NYR @ WSH,86ba05a73a0355958b629023b20ba955,fgs,yes,Justin Sourdif,,fanduel,3000,,oddsapi
2026-10-09T23:05:07Z,2026-10-09,NYR @ WSH,86ba05a73a0355958b629023b20ba955,fgs,yes,Tye Kartye,,fanduel,3300,,oddsapi
2026-10-09T23:05:07Z,2026-10-09,NYR @ WSH,86ba05a73a0355958b629023b20ba955,fgs,yes,Boone Jenner,,fanduel,3300,,oddsapi
2026-10-09T23:05:07Z,2026-10-09,NYR @ WSH,86ba05a73a0355958b629023b20ba955,fgs,yes,Adam Fox,,fanduel,3500,,oddsapi
2026-10-09T23:05:07Z,2026-10-09,NYR @ WSH,86ba05a73a0355958b629023b20ba955,fgs,yes,Cole Hutson,,fanduel,3500,,oddsapi
2026-10-09T23:05:07Z,2026-10-09,NYR @ WSH,86ba05a73a0355958b629023b20ba955,fgs,yes,Noah Laba,,fanduel,3500,,oddsapi
2026-10-09T23:05:07Z,2026-10-09,NYR @ WSH,86ba05a73a0355958b629023b20ba955,fgs,yes,Jaroslav Chmelar,,fanduel,4500,,oddsapi
2026-10-09T23:05:07Z,2026-10-09,NYR @ WSH,86ba05a73a0355958b629023b20ba955,fgs,yes,Sean Durzi,,fanduel,5000,,oddsapi
2026-10-09T23:05:07Z,2026-10-09,NYR @ WSH,86ba05a73a0355958b629023b20ba955,fgs,yes,Vladislav Gavrikov,,fanduel,6500,,oddsapi
2026-10-09T23:05:07Z,2026-10-09,NYR @ WSH,86ba05a73a0355958b629023b20ba955,fgs,yes,Martin Fehervary,,fanduel,8000,,oddsapi
2026-10-09T23:05:07Z,2026-10-09,NYR @ WSH,86ba05a73a0355958b629023b20ba955,fgs,yes,Timothy Liljegren,,fanduel,10000,,oddsapi
2026-10-09T23:05:07Z,2026-10-09,NYR @ WSH,86ba05a73a0355958b629023b20ba955,fgs,yes,Vincent Desharnais,,fanduel,10000,,oddsapi
2026-10-09T23:05:07Z,2026-10-09,NYR @ WSH,86ba05a73a0355958b629023b20ba955,fgs,yes,Braden Schneider,,fanduel,10000,,oddsapi
2026-10-09T23:05:07Z,2026-10-09,NYR @ WSH,86ba05a73a0355958b629023b20ba955,fgs,yes,Alberts Smits,,fanduel,10000,,oddsapi
2026-10-09T23:05:07Z,2026-10-09,NYR @ WSH,86ba05a73a0355958b629023b20ba955,fgs,yes,Marcus Pettersson,,fanduel,10000,,oddsapi
2026-10-09T23:05:07Z,2026-10-09,NYR @ WSH,86ba05a73a0355958b629023b20ba955,fgs,yes,Dylan McIlrath,,fanduel,10000,,oddsapi
2026-10-09T23:05:07Z,2026-10-09,NYR @ WSH,86ba05a73a0355958b629023b20ba955,sk_g,over,Pavel Dorofeyev,0.5,fanduel,200,-270,oddsapi
2026-10-09T23:05:07Z,2026-10-09,NYR @ WSH,86ba05a73a0355958b629023b20ba955,sk_g,under,Pavel Dorofeyev,0.5,fanduel,-270,200,oddsapi
2026-10-09T23:05:07Z,2026-10-09,NYR @ WSH,86ba05a73a0355958b629023b20ba955,sk_g,over,Alex Tuch,0.5,fanduel,230,-320,oddsapi
2026-10-09T23:05:07Z,2026-10-09,NYR @ WSH,86ba05a73a0355958b629023b20ba955,sk_g,under,Alex Tuch,0.5,fanduel,-320,230,oddsapi
2026-10-09T23:05:07Z,2026-10-09,NYR @ WSH,86ba05a73a0355958b629023b20ba955,sk_g,over,Gabe Perreault,0.5,fanduel,360,-600,oddsapi
2026-10-09T23:05:07Z,2026-10-09,NYR @ WSH,86ba05a73a0355958b629023b20ba955,sk_g,under,Gabe Perreault,0.5,fanduel,-600,360,oddsapi
2026-10-09T23:05:07Z,2026-10-09,NYR @ WSH,86ba05a73a0355958b629023b20ba955,sk_g,over,J.T. Miller,0.5,fanduel,280,-420,oddsapi
2026-10-09T23:05:07Z,2026-10-09,NYR @ WSH,86ba05a73a0355958b629023b20ba955,sk_g,under,J.T. Miller,0.5,fanduel,-420,280,oddsapi
2026-10-09T23:05:07Z,2026-10-09,NYR @ WSH,86ba05a73a0355958b629023b20ba955,sk_g,over,Pierre-Luc Dubois,0.5,fanduel,290,-440,oddsapi
2026-10-09T23:05:07Z,2026-10-09,NYR @ WSH,86ba05a73a0355958b629023b20ba955,sk_g,under,Pierre-Luc Dubois,0.5,fanduel,-440,290,oddsapi
2026-10-09T23:05:07Z,2026-10-09,NYR @ WSH,86ba05a73a0355958b629023b20ba955,sk_g,over,Alexis Lafrenière,0.5,fanduel,270,-420,oddsapi
2026-10-09T23:05:07Z,2026-10-09,NYR @ WSH,86ba05a73a0355958b629023b20ba955,sk_g,under,Alexis Lafrenière,0.5,fanduel,-420,270,oddsapi
2026-10-09T23:05:07Z,2026-10-09,NYR @ WSH,86ba05a73a0355958b629023b20ba955,sk_g,over,Mika Zibanejad,0.5,fanduel,235,-340,oddsapi
2026-10-09T23:05:07Z,2026-10-09,NYR @ WSH,86ba05a73a0355958b629023b20ba955,sk_g,under,Mika Zibanejad,0.5,fanduel,-340,235,oddsapi
2026-10-09T23:05:07Z,2026-10-09,NYR @ WSH,86ba05a73a0355958b629023b20ba955,sk_g,over,Tom Wilson,0.5,fanduel,240,-350,oddsapi
2026-10-09T23:05:07Z,2026-10-09,NYR @ WSH,86ba05a73a0355958b629023b20ba955,sk_g,under,Tom Wilson,0.5,fanduel,-350,240,oddsapi
2026-10-09T23:05:07Z,2026-10-09,NYR @ WSH,86ba05a73a0355958b629023b20ba955,sk_sog,over,Will Cuylle,1.5,fanduel,-152,116,oddsapi
2026-10-09T23:05:07Z,2026-10-09,NYR @ WSH,86ba05a73a0355958b629023b20ba955,sk_sog,under,Will Cuylle,1.5,fanduel,116,-152,oddsapi
2026-10-09T23:05:07Z,2026-10-09,NYR @ WSH,86ba05a73a0355958b629023b20ba955,sk_sog,over,Mika Zibanejad,2.5,fanduel,108,-140,oddsapi
2026-10-09T23:05:07Z,2026-10-09,NYR @ WSH,86ba05a73a0355958b629023b20ba955,sk_sog,under,Mika Zibanejad,2.5,fanduel,-140,108,oddsapi
2026-10-09T23:05:07Z,2026-10-09,NYR @ WSH,86ba05a73a0355958b629023b20ba955,sk_sog,over,Pavel Dorofeyev,2.5,fanduel,-132,102,oddsapi
2026-10-09T23:05:07Z,2026-10-09,NYR @ WSH,86ba05a73a0355958b629023b20ba955,sk_sog,under,Pavel Dorofeyev,2.5,fanduel,102,-132,oddsapi
2026-10-09T23:05:07Z,2026-10-09,NYR @ WSH,86ba05a73a0355958b629023b20ba955,sk_sog,over,Tom Wilson,1.5,fanduel,-170,130,oddsapi
2026-10-09T23:05:07Z,2026-10-09,NYR @ WSH,86ba05a73a0355958b629023b20ba955,sk_sog,under,Tom Wilson,1.5,fanduel,130,-170,oddsapi
2026-10-09T23:05:07Z,2026-10-09,NYR @ WSH,86ba05a73a0355958b629023b20ba955,sk_sog,over,J.T. Miller,1.5,fanduel,-144,110,oddsapi
2026-10-09T23:05:07Z,2026-10-09,NYR @ WSH,86ba05a73a0355958b629023b20ba955,sk_sog,under,J.T. Miller,1.5,fanduel,110,-144,oddsapi
2026-10-09T23:05:07Z,2026-10-09,NYR @ WSH,86ba05a73a0355958b629023b20ba955,sk_sog,over,Jordan Kyrou,1.5,fanduel,-196,148,oddsapi
2026-10-09T23:05:07Z,2026-10-09,NYR @ WSH,86ba05a73a0355958b629023b20ba955,sk_sog,under,Jordan Kyrou,1.5,fanduel,148,-196,oddsapi
2026-10-09T23:05:07Z,2026-10-09,NYR @ WSH,86ba05a73a0355958b629023b20ba955,sk_sog,over,Alexis Lafrenière,2.5,fanduel,148,-196,oddsapi
2026-10-09T23:05:07Z,2026-10-09,NYR @ WSH,86ba05a73a0355958b629023b20ba955,sk_sog,under,Alexis Lafrenière,2.5,fanduel,-196,148,oddsapi
2026-10-09T23:05:07Z,2026-10-09,NYR @ WSH,86ba05a73a0355958b629023b20ba955,sk_sog,over,Dylan Strome,1.5,fanduel,-114,-114,oddsapi
2026-10-09T23:05:07Z,2026-10-09,NYR @ WSH,86ba05a73a0355958b629023b20ba955,sk_sog,under,Dylan Strome,1.5,fanduel,-114,-114,oddsapi
2026-10-09T23:05:07Z,2026-10-09,NYR @ WSH,86ba05a73a0355958b629023b20ba955,sk_sog,over,Adam Fox,1.5,fanduel,-104,-125,oddsapi
2026-10-09T23:05:07Z,2026-10-09,NYR @ WSH,86ba05a73a0355958b629023b20ba955,sk_sog,under,Adam Fox,1.5,fanduel,-125,-104,oddsapi
2026-10-09T23:05:07Z,2026-10-09,NYR @ WSH,86ba05a73a0355958b629023b20ba955,sk_sog,over,Jakob Chychrun,2.5,fanduel,100,-130,oddsapi
2026-10-09T23:05:07Z,2026-10-09,NYR @ WSH,86ba05a73a0355958b629023b20ba955,sk_sog,under,Jakob Chychrun,2.5,fanduel,-130,100,oddsapi
2026-10-09T23:05:07Z,2026-10-09,NYR @ WSH,86ba05a73a0355958b629023b20ba955,sk_sog,over,Alex Tuch,2.5,fanduel,-102,-128,oddsapi
2026-10-09T23:05:07Z,2026-10-09,NYR @ WSH,86ba05a73a0355958b629023b20ba955,sk_sog,under,Alex Tuch,2.5,fanduel,-128,-102,oddsapi
2026-10-09T23:05:07Z,2026-10-09,NYR @ WSH,86ba05a73a0355958b629023b20ba955,g_saves,over,Logan Thompson,22.5,fanduel,-104,-128,oddsapi
2026-10-09T23:05:07Z,2026-10-09,NYR @ WSH,86ba05a73a0355958b629023b20ba955,g_saves,under,Logan Thompson,22.5,fanduel,-128,-104,oddsapi
2026-10-09T23:05:07Z,2026-10-09,NYR @ WSH,86ba05a73a0355958b629023b20ba955,g_saves,over,Igor Shesterkin,25.5,fanduel,-130,-102,oddsapi
2026-10-09T23:05:07Z,2026-10-09,NYR @ WSH,86ba05a73a0355958b629023b20ba955,g_saves,under,Igor Shesterkin,25.5,fanduel,-102,-130,oddsapi
2026-10-09T23:05:07Z,2026-10-09,NYR @ WSH,86ba05a73a0355958b629023b20ba955,p1_pl,NYR,,0.5,fanduel,-215,166,oddsapi
2026-10-09T23:05:07Z,2026-10-09,NYR @ WSH,86ba05a73a0355958b629023b20ba955,p1_pl,WSH,,-0.5,fanduel,166,-215,oddsapi
2026-10-09T23:05:07Z,2026-10-09,NYR @ WSH,86ba05a73a0355958b629023b20ba955,p2_pl,NYR,,0.5,fanduel,-182,142,oddsapi
2026-10-09T23:05:07Z,2026-10-09,NYR @ WSH,86ba05a73a0355958b629023b20ba955,p2_pl,WSH,,-0.5,fanduel,142,-182,oddsapi
2026-10-09T23:05:07Z,2026-10-09,NYR @ WSH,86ba05a73a0355958b629023b20ba955,p3_pl,NYR,,0.5,fanduel,-166,130,oddsapi
2026-10-09T23:05:07Z,2026-10-09,NYR @ WSH,86ba05a73a0355958b629023b20ba955,p3_pl,WSH,,-0.5,fanduel,130,-166,oddsapi
2026-10-09T23:05:07Z,2026-10-09,NYR @ WSH,86ba05a73a0355958b629023b20ba955,team_total,over,NYR,2.5,fanduel,-130,,oddsapi
2026-10-09T23:05:07Z,2026-10-09,NYR @ WSH,86ba05a73a0355958b629023b20ba955,team_total,under,NYR,3.5,fanduel,-260,,oddsapi
2026-10-09T23:05:07Z,2026-10-09,NYR @ WSH,86ba05a73a0355958b629023b20ba955,team_total,over,WSH,2.5,fanduel,-200,,oddsapi
2026-10-09T23:05:07Z,2026-10-09,NYR @ WSH,86ba05a73a0355958b629023b20ba955,team_total,under,WSH,3.5,fanduel,-160,,oddsapi
2026-10-09T23:05:07Z,2026-10-09,NYR @ WSH,86ba05a73a0355958b629023b20ba955,p1_team_total,over,NYR,0.5,fanduel,-140,110,oddsapi
2026-10-09T23:05:07Z,2026-10-09,NYR @ WSH,86ba05a73a0355958b629023b20ba955,p1_team_total,under,NYR,0.5,fanduel,110,-140,oddsapi
2026-10-09T23:05:07Z,2026-10-09,NYR @ WSH,86ba05a73a0355958b629023b20ba955,p1_team_total,over,WSH,0.5,fanduel,-172,134,oddsapi
2026-10-09T23:05:07Z,2026-10-09,NYR @ WSH,86ba05a73a0355958b629023b20ba955,p1_team_total,under,WSH,0.5,fanduel,134,-172,oddsapi
2026-10-09T23:05:07Z,2026-10-09,NYR @ WSH,86ba05a73a0355958b629023b20ba955,p1_total,over,,1.5,fanduel,-122,-104,oddsapi
2026-10-09T23:05:07Z,2026-10-09,NYR @ WSH,86ba05a73a0355958b629023b20ba955,p1_total,under,,1.5,fanduel,-104,-122,oddsapi
2026-10-09T23:05:07Z,2026-10-09,NYR @ WSH,86ba05a73a0355958b629023b20ba955,p2_total,over,,1.5,fanduel,-164,128,oddsapi
2026-10-09T23:05:07Z,2026-10-09,NYR @ WSH,86ba05a73a0355958b629023b20ba955,p2_total,under,,1.5,fanduel,128,-164,oddsapi
2026-10-09T23:05:07Z,2026-10-09,NYR @ WSH,86ba05a73a0355958b629023b20ba955,p3_total,over,,1.5,fanduel,-180,140,oddsapi
2026-10-09T23:05:07Z,2026-10-09,NYR @ WSH,86ba05a73a0355958b629023b20ba955,p3_total,under,,1.5,fanduel,140,-180,oddsapi
2026-10-09T23:05:07Z,2026-10-09,NYR @ WSH,86ba05a73a0355958b629023b20ba955,p1_ml,NYR,,,betus,100,-130,oddsapi
2026-10-09T23:05:07Z,2026-10-09,NYR @ WSH,86ba05a73a0355958b629023b20ba955,p1_ml,WSH,,,betus,-130,100,oddsapi
2026-10-09T23:05:07Z,2026-10-09,NYR @ WSH,86ba05a73a0355958b629023b20ba955,p1_pl,NYR,,0.5,betus,-190,155,oddsapi
2026-10-09T23:05:07Z,2026-10-09,NYR @ WSH,86ba05a73a0355958b629023b20ba955,p1_pl,WSH,,-0.5,betus,155,-190,oddsapi
2026-10-09T23:05:07Z,2026-10-09,NYR @ WSH,86ba05a73a0355958b629023b20ba955,p1_total,over,,1.5,betus,-120,-110,oddsapi
2026-10-09T23:05:07Z,2026-10-09,NYR @ WSH,86ba05a73a0355958b629023b20ba955,p1_total,under,,1.5,betus,-110,-120,oddsapi
2026-10-09T23:05:07Z,2026-10-09,NYR @ WSH,86ba05a73a0355958b629023b20ba955,team_total_alt,over,NYR,0.5,betmgm,-2000,700,oddsapi
2026-10-09T23:05:07Z,2026-10-09,NYR @ WSH,86ba05a73a0355958b629023b20ba955,team_total_alt,under,NYR,0.5,betmgm,700,-2000,oddsapi
2026-10-09T23:05:07Z,2026-10-09,NYR @ WSH,86ba05a73a0355958b629023b20ba955,team_total_alt,over,NYR,1,betmgm,-1600,625,oddsapi
2026-10-09T23:05:07Z,2026-10-09,NYR @ WSH,86ba05a73a0355958b629023b20ba955,team_total_alt,under,NYR,1,betmgm,625,-1600,oddsapi
2026-10-09T23:05:07Z,2026-10-09,NYR @ WSH,86ba05a73a0355958b629023b20ba955,team_total_alt,over,NYR,1.5,betmgm,-350,230,oddsapi
2026-10-09T23:05:07Z,2026-10-09,NYR @ WSH,86ba05a73a0355958b629023b20ba955,team_total_alt,under,NYR,1.5,betmgm,230,-350,oddsapi
2026-10-09T23:05:07Z,2026-10-09,NYR @ WSH,86ba05a73a0355958b629023b20ba955,team_total_alt,over,NYR,2,betmgm,-235,165,oddsapi
2026-10-09T23:05:07Z,2026-10-09,NYR @ WSH,86ba05a73a0355958b629023b20ba955,team_total_alt,under,NYR,2,betmgm,165,-235,oddsapi
2026-10-09T23:05:07Z,2026-10-09,NYR @ WSH,86ba05a73a0355958b629023b20ba955,team_total_alt,over,NYR,2.5,betmgm,-135,-105,oddsapi
2026-10-09T23:05:07Z,2026-10-09,NYR @ WSH,86ba05a73a0355958b629023b20ba955,team_total_alt,under,NYR,2.5,betmgm,-105,-135,oddsapi
2026-10-09T23:05:07Z,2026-10-09,NYR @ WSH,86ba05a73a0355958b629023b20ba955,team_total_alt,over,NYR,3,betmgm,125,-175,oddsapi
2026-10-09T23:05:07Z,2026-10-09,NYR @ WSH,86ba05a73a0355958b629023b20ba955,team_total_alt,under,NYR,3,betmgm,-175,125,oddsapi
2026-10-09T23:05:07Z,2026-10-09,NYR @ WSH,86ba05a73a0355958b629023b20ba955,team_total_alt,over,NYR,3.5,betmgm,175,-250,oddsapi
2026-10-09T23:05:07Z,2026-10-09,NYR @ WSH,86ba05a73a0355958b629023b20ba955,team_total_alt,under,NYR,3.5,betmgm,-250,175,oddsapi
2026-10-09T23:05:07Z,2026-10-09,NYR @ WSH,86ba05a73a0355958b629023b20ba955,team_total_alt,over,NYR,4,betmgm,325,-550,oddsapi
2026-10-09T23:05:07Z,2026-10-09,NYR @ WSH,86ba05a73a0355958b629023b20ba955,team_total_alt,under,NYR,4,betmgm,-550,325,oddsapi
2026-10-09T23:05:07Z,2026-10-09,NYR @ WSH,86ba05a73a0355958b629023b20ba955,team_total_alt,over,NYR,4.5,betmgm,400,-700,oddsapi
2026-10-09T23:05:07Z,2026-10-09,NYR @ WSH,86ba05a73a0355958b629023b20ba955,team_total_alt,under,NYR,4.5,betmgm,-700,400,oddsapi
2026-10-09T23:05:07Z,2026-10-09,NYR @ WSH,86ba05a73a0355958b629023b20ba955,team_total_alt,over,WSH,1,betmgm,-3000,850,oddsapi
2026-10-09T23:05:07Z,2026-10-09,NYR @ WSH,86ba05a73a0355958b629023b20ba955,team_total_alt,under,WSH,1,betmgm,850,-3000,oddsapi
2026-10-09T23:05:07Z,2026-10-09,NYR @ WSH,86ba05a73a0355958b629023b20ba955,team_total_alt,over,WSH,1.5,betmgm,-600,340,oddsapi
2026-10-09T23:05:07Z,2026-10-09,NYR @ WSH,86ba05a73a0355958b629023b20ba955,team_total_alt,under,WSH,1.5,betmgm,340,-600,oddsapi
2026-10-09T23:05:07Z,2026-10-09,NYR @ WSH,86ba05a73a0355958b629023b20ba955,team_total_alt,over,WSH,2,betmgm,-425,270,oddsapi
2026-10-09T23:05:07Z,2026-10-09,NYR @ WSH,86ba05a73a0355958b629023b20ba955,team_total_alt,under,WSH,2,betmgm,270,-425,oddsapi
2026-10-09T23:05:07Z,2026-10-09,NYR @ WSH,86ba05a73a0355958b629023b20ba955,team_total_alt,over,WSH,2.5,betmgm,-200,140,oddsapi
2026-10-09T23:05:07Z,2026-10-09,NYR @ WSH,86ba05a73a0355958b629023b20ba955,team_total_alt,under,WSH,2.5,betmgm,140,-200,oddsapi
2026-10-09T23:05:07Z,2026-10-09,NYR @ WSH,86ba05a73a0355958b629023b20ba955,team_total_alt,over,WSH,3,betmgm,-135,-105,oddsapi
2026-10-09T23:05:07Z,2026-10-09,NYR @ WSH,86ba05a73a0355958b629023b20ba955,team_total_alt,under,WSH,3,betmgm,-105,-135,oddsapi
2026-10-09T23:05:07Z,2026-10-09,NYR @ WSH,86ba05a73a0355958b629023b20ba955,team_total_alt,over,WSH,3.5,betmgm,115,-160,oddsapi
2026-10-09T23:05:07Z,2026-10-09,NYR @ WSH,86ba05a73a0355958b629023b20ba955,team_total_alt,under,WSH,3.5,betmgm,-160,115,oddsapi
2026-10-09T23:05:07Z,2026-10-09,NYR @ WSH,86ba05a73a0355958b629023b20ba955,team_total_alt,over,WSH,4,betmgm,200,-295,oddsapi
2026-10-09T23:05:07Z,2026-10-09,NYR @ WSH,86ba05a73a0355958b629023b20ba955,team_total_alt,under,WSH,4,betmgm,-295,200,oddsapi
2026-10-09T23:05:07Z,2026-10-09,NYR @ WSH,86ba05a73a0355958b629023b20ba955,team_total_alt,over,WSH,4.5,betmgm,260,-400,oddsapi
2026-10-09T23:05:07Z,2026-10-09,NYR @ WSH,86ba05a73a0355958b629023b20ba955,team_total_alt,under,WSH,4.5,betmgm,-400,260,oddsapi
2026-10-09T23:05:07Z,2026-10-09,NYR @ WSH,86ba05a73a0355958b629023b20ba955,team_total_alt,over,WSH,5,betmgm,500,-1100,oddsapi
2026-10-09T23:05:07Z,2026-10-09,NYR @ WSH,86ba05a73a0355958b629023b20ba955,team_total_alt,under,WSH,5,betmgm,-1100,500,oddsapi
2026-10-09T23:05:07Z,2026-10-09,NYR @ WSH,86ba05a73a0355958b629023b20ba955,game_ml3,NYR,,,betmgm,185,,oddsapi
2026-10-09T23:05:07Z,2026-10-09,NYR @ WSH,86ba05a73a0355958b629023b20ba955,game_ml3,WSH,,,betmgm,105,,oddsapi
2026-10-09T23:05:07Z,2026-10-09,NYR @ WSH,86ba05a73a0355958b629023b20ba955,game_ml3,draw,,,betmgm,310,,oddsapi
2026-10-09T23:05:07Z,2026-10-09,NYR @ WSH,86ba05a73a0355958b629023b20ba955,p1_ml3,NYR,,,betmgm,200,,oddsapi
2026-10-09T23:05:07Z,2026-10-09,NYR @ WSH,86ba05a73a0355958b629023b20ba955,p1_ml3,WSH,,,betmgm,145,,oddsapi
2026-10-09T23:05:07Z,2026-10-09,NYR @ WSH,86ba05a73a0355958b629023b20ba955,p1_ml3,draw,,,betmgm,170,,oddsapi
2026-10-09T23:05:07Z,2026-10-09,NYR @ WSH,86ba05a73a0355958b629023b20ba955,p2_ml3,NYR,,,betmgm,190,,oddsapi
2026-10-09T23:05:07Z,2026-10-09,NYR @ WSH,86ba05a73a0355958b629023b20ba955,p2_ml3,WSH,,,betmgm,140,,oddsapi
2026-10-09T23:05:07Z,2026-10-09,NYR @ WSH,86ba05a73a0355958b629023b20ba955,p2_ml3,draw,,,betmgm,185,,oddsapi
2026-10-09T23:05:07Z,2026-10-09,NYR @ WSH,86ba05a73a0355958b629023b20ba955,p3_ml3,NYR,,,betmgm,180,,oddsapi
2026-10-09T23:05:07Z,2026-10-09,NYR @ WSH,86ba05a73a0355958b629023b20ba955,p3_ml3,WSH,,,betmgm,125,,oddsapi
2026-10-09T23:05:07Z,2026-10-09,NYR @ WSH,86ba05a73a0355958b629023b20ba955,p3_ml3,draw,,,betmgm,225,,oddsapi
2026-10-09T23:05:07Z,2026-10-09,NYR @ WSH,86ba05a73a0355958b629023b20ba955,p1_ml,NYR,,,betmgm,110,-145,oddsapi
2026-10-09T23:05:07Z,2026-10-09,NYR @ WSH,86ba05a73a0355958b629023b20ba955,p1_ml,WSH,,,betmgm,-145,110,oddsapi
2026-10-09T23:05:07Z,2026-10-09,NYR @ WSH,86ba05a73a0355958b629023b20ba955,p2_ml,NYR,,,betmgm,105,-145,oddsapi
2026-10-09T23:05:07Z,2026-10-09,NYR @ WSH,86ba05a73a0355958b629023b20ba955,p2_ml,WSH,,,betmgm,-145,105,oddsapi
2026-10-09T23:05:07Z,2026-10-09,NYR @ WSH,86ba05a73a0355958b629023b20ba955,p3_ml,NYR,,,betmgm,105,-145,oddsapi
2026-10-09T23:05:07Z,2026-10-09,NYR @ WSH,86ba05a73a0355958b629023b20ba955,p3_ml,WSH,,,betmgm,-145,105,oddsapi
2026-10-09T23:05:07Z,2026-10-09,NYR @ WSH,86ba05a73a0355958b629023b20ba955,sk_a,over,Alex Ovechkin,0.5,betmgm,170,-235,oddsapi
2026-10-09T23:05:07Z,2026-10-09,NYR @ WSH,86ba05a73a0355958b629023b20ba955,sk_a,under,Alex Ovechkin,0.5,betmgm,-235,170,oddsapi
2026-10-09T23:05:07Z,2026-10-09,NYR @ WSH,86ba05a73a0355958b629023b20ba955,sk_a,over,Jakob Chychrun,0.5,betmgm,130,-175,oddsapi
2026-10-09T23:05:07Z,2026-10-09,NYR @ WSH,86ba05a73a0355958b629023b20ba955,sk_a,under,Jakob Chychrun,0.5,betmgm,-175,130,oddsapi
2026-10-09T23:05:07Z,2026-10-09,NYR @ WSH,86ba05a73a0355958b629023b20ba955,sk_a,over,Alex Tuch,0.5,betmgm,200,-300,oddsapi
2026-10-09T23:05:07Z,2026-10-09,NYR @ WSH,86ba05a73a0355958b629023b20ba955,sk_a,under,Alex Tuch,0.5,betmgm,-300,200,oddsapi
2026-10-09T23:05:07Z,2026-10-09,NYR @ WSH,86ba05a73a0355958b629023b20ba955,sk_a,over,Mika Zibanejad,0.5,betmgm,125,-165,oddsapi
2026-10-09T23:05:07Z,2026-10-09,NYR @ WSH,86ba05a73a0355958b629023b20ba955,sk_a,under,Mika Zibanejad,0.5,betmgm,-165,125,oddsapi
2026-10-09T23:05:07Z,2026-10-09,NYR @ WSH,86ba05a73a0355958b629023b20ba955,sk_a,over,Ilya Protas,0.5,betmgm,230,-350,oddsapi
2026-10-09T23:05:07Z,2026-10-09,NYR @ WSH,86ba05a73a0355958b629023b20ba955,sk_a,under,Ilya Protas,0.5,betmgm,-350,230,oddsapi
2026-10-09T23:05:07Z,2026-10-09,NYR @ WSH,86ba05a73a0355958b629023b20ba955,sk_a,over,Pierre-Luc Dubois,0.5,betmgm,150,-200,oddsapi
2026-10-09T23:05:07Z,2026-10-09,NYR @ WSH,86ba05a73a0355958b629023b20ba955,sk_a,under,Pierre-Luc Dubois,0.5,betmgm,-200,150,oddsapi
2026-10-09T23:05:07Z,2026-10-09,NYR @ WSH,86ba05a73a0355958b629023b20ba955,sk_a,over,Alexis Lafrenière,0.5,betmgm,200,-275,oddsapi
2026-10-09T23:05:07Z,2026-10-09,NYR @ WSH,86ba05a73a0355958b629023b20ba955,sk_a,under,Alexis Lafrenière,0.5,betmgm,-275,200,oddsapi
2026-10-09T23:05:07Z,2026-10-09,NYR @ WSH,86ba05a73a0355958b629023b20ba955,sk_a,over,Cole Hutson,0.5,betmgm,200,-300,oddsapi
2026-10-09T23:05:07Z,2026-10-09,NYR @ WSH,86ba05a73a0355958b629023b20ba955,sk_a,under,Cole Hutson,0.5,betmgm,-300,200,oddsapi
2026-10-09T23:05:07Z,2026-10-09,NYR @ WSH,86ba05a73a0355958b629023b20ba955,sk_a,over,Gabe Perreault,0.5,betmgm,300,-450,oddsapi
2026-10-09T23:05:07Z,2026-10-09,NYR @ WSH,86ba05a73a0355958b629023b20ba955,sk_a,under,Gabe Perreault,0.5,betmgm,-450,300,oddsapi
2026-10-09T23:05:07Z,2026-10-09,NYR @ WSH,86ba05a73a0355958b629023b20ba955,sk_a,over,Dylan Strome,0.5,betmgm,140,-190,oddsapi
2026-10-09T23:05:07Z,2026-10-09,NYR @ WSH,86ba05a73a0355958b629023b20ba955,sk_a,under,Dylan Strome,0.5,betmgm,-190,140,oddsapi
2026-10-09T23:05:07Z,2026-10-09,NYR @ WSH,86ba05a73a0355958b629023b20ba955,sk_a,over,Jordan Kyrou,0.5,betmgm,220,-325,oddsapi
2026-10-09T23:05:07Z,2026-10-09,NYR @ WSH,86ba05a73a0355958b629023b20ba955,sk_a,under,Jordan Kyrou,0.5,betmgm,-325,220,oddsapi
2026-10-09T23:05:07Z,2026-10-09,NYR @ WSH,86ba05a73a0355958b629023b20ba955,sk_a,over,Pavel Dorofeyev,0.5,betmgm,225,-350,oddsapi
2026-10-09T23:05:07Z,2026-10-09,NYR @ WSH,86ba05a73a0355958b629023b20ba955,sk_a,under,Pavel Dorofeyev,0.5,betmgm,-350,225,oddsapi
2026-10-09T23:05:07Z,2026-10-09,NYR @ WSH,86ba05a73a0355958b629023b20ba955,sk_a,over,Adam Fox,0.5,betmgm,-105,-125,oddsapi
2026-10-09T23:05:07Z,2026-10-09,NYR @ WSH,86ba05a73a0355958b629023b20ba955,sk_a,under,Adam Fox,0.5,betmgm,-125,-105,oddsapi
2026-10-09T23:05:07Z,2026-10-09,NYR @ WSH,86ba05a73a0355958b629023b20ba955,sk_a,over,Tom Wilson,0.5,betmgm,175,-250,oddsapi
2026-10-09T23:05:07Z,2026-10-09,NYR @ WSH,86ba05a73a0355958b629023b20ba955,sk_a,under,Tom Wilson,0.5,betmgm,-250,175,oddsapi
2026-10-09T23:05:07Z,2026-10-09,NYR @ WSH,86ba05a73a0355958b629023b20ba955,sk_a,over,J.T. Miller,0.5,betmgm,140,-190,oddsapi
2026-10-09T23:05:07Z,2026-10-09,NYR @ WSH,86ba05a73a0355958b629023b20ba955,sk_a,under,J.T. Miller,0.5,betmgm,-190,140,oddsapi
2026-10-09T23:05:07Z,2026-10-09,NYR @ WSH,86ba05a73a0355958b629023b20ba955,ags,yes,Pavel Dorofeyev,,betmgm,195,,oddsapi
2026-10-09T23:05:07Z,2026-10-09,NYR @ WSH,86ba05a73a0355958b629023b20ba955,ags,yes,Alex Tuch,,betmgm,220,,oddsapi
2026-10-09T23:05:07Z,2026-10-09,NYR @ WSH,86ba05a73a0355958b629023b20ba955,ags,yes,Mika Zibanejad,,betmgm,220,,oddsapi
2026-10-09T23:05:07Z,2026-10-09,NYR @ WSH,86ba05a73a0355958b629023b20ba955,ags,yes,Alex Ovechkin,,betmgm,220,,oddsapi
2026-10-09T23:05:07Z,2026-10-09,NYR @ WSH,86ba05a73a0355958b629023b20ba955,ags,yes,Tom Wilson,,betmgm,250,,oddsapi
2026-10-09T23:05:07Z,2026-10-09,NYR @ WSH,86ba05a73a0355958b629023b20ba955,ags,yes,Alexis Lafrenière,,betmgm,260,,oddsapi
2026-10-09T23:05:07Z,2026-10-09,NYR @ WSH,86ba05a73a0355958b629023b20ba955,ags,yes,Pierre-Luc Dubois,,betmgm,280,,oddsapi
2026-10-09T23:05:07Z,2026-10-09,NYR @ WSH,86ba05a73a0355958b629023b20ba955,ags,yes,J.T. Miller,,betmgm,290,,oddsapi
2026-10-09T23:05:07Z,2026-10-09,NYR @ WSH,86ba05a73a0355958b629023b20ba955,ags,yes,Dylan Strome,,betmgm,320,,oddsapi
2026-10-09T23:05:07Z,2026-10-09,NYR @ WSH,86ba05a73a0355958b629023b20ba955,ags,yes,Jordan Kyrou,,betmgm,333,,oddsapi
2026-10-09T23:05:07Z,2026-10-09,NYR @ WSH,86ba05a73a0355958b629023b20ba955,ags,yes,Gabe Perreault,,betmgm,350,,oddsapi
2026-10-09T23:05:07Z,2026-10-09,NYR @ WSH,86ba05a73a0355958b629023b20ba955,ags,yes,Jakob Chychrun,,betmgm,350,,oddsapi
2026-10-09T23:05:07Z,2026-10-09,NYR @ WSH,86ba05a73a0355958b629023b20ba955,ags,yes,Ilya Protas,,betmgm,360,,oddsapi
2026-10-09T23:05:07Z,2026-10-09,NYR @ WSH,86ba05a73a0355958b629023b20ba955,ags,yes,Will Cuylle,,betmgm,360,,oddsapi
2026-10-09T23:05:07Z,2026-10-09,NYR @ WSH,86ba05a73a0355958b629023b20ba955,ags,yes,Ryan Leonard,,betmgm,400,,oddsapi
2026-10-09T23:05:07Z,2026-10-09,NYR @ WSH,86ba05a73a0355958b629023b20ba955,ags,yes,Aliaksei Protas,,betmgm,425,,oddsapi
2026-10-09T23:05:07Z,2026-10-09,NYR @ WSH,86ba05a73a0355958b629023b20ba955,ags,yes,Anthony Beauvillier,,betmgm,450,,oddsapi
2026-10-09T23:05:07Z,2026-10-09,NYR @ WSH,86ba05a73a0355958b629023b20ba955,ags,yes,Oliver Bjorkstrand,,betmgm,475,,oddsapi
2026-10-09T23:05:07Z,2026-10-09,NYR @ WSH,86ba05a73a0355958b629023b20ba955,ags,yes,Eeli Tolvanen,,betmgm,475,,oddsapi
2026-10-09T23:05:07Z,2026-10-09,NYR @ WSH,86ba05a73a0355958b629023b20ba955,ags,yes,Tye Kartye,,betmgm,550,,oddsapi
2026-10-09T23:05:07Z,2026-10-09,NYR @ WSH,86ba05a73a0355958b629023b20ba955,ags,yes,Adam Fox,,betmgm,575,,oddsapi
2026-10-09T23:05:07Z,2026-10-09,NYR @ WSH,86ba05a73a0355958b629023b20ba955,ags,yes,Justin Sourdif,,betmgm,600,,oddsapi
2026-10-09T23:05:07Z,2026-10-09,NYR @ WSH,86ba05a73a0355958b629023b20ba955,ags,yes,Boone Jenner,,betmgm,600,,oddsapi
2026-10-09T23:05:07Z,2026-10-09,NYR @ WSH,86ba05a73a0355958b629023b20ba955,ags,yes,Cole Hutson,,betmgm,700,,oddsapi
2026-10-09T23:05:07Z,2026-10-09,NYR @ WSH,86ba05a73a0355958b629023b20ba955,ags,yes,Noah Laba,,betmgm,725,,oddsapi
2026-10-09T23:05:07Z,2026-10-09,NYR @ WSH,86ba05a73a0355958b629023b20ba955,ags,yes,Sean Durzi,,betmgm,875,,oddsapi
2026-10-09T23:05:07Z,2026-10-09,NYR @ WSH,86ba05a73a0355958b629023b20ba955,ags,yes,Jaroslav Chmelar,,betmgm,875,,oddsapi
2026-10-09T23:05:07Z,2026-10-09,NYR @ WSH,86ba05a73a0355958b629023b20ba955,ags,yes,Vladislav Gavrikov,,betmgm,1150,,oddsapi
2026-10-09T23:05:07Z,2026-10-09,NYR @ WSH,86ba05a73a0355958b629023b20ba955,ags,yes,Marcus Pettersson,,betmgm,1300,,oddsapi
2026-10-09T23:05:07Z,2026-10-09,NYR @ WSH,86ba05a73a0355958b629023b20ba955,ags,yes,Braden Schneider,,betmgm,1350,,oddsapi
2026-10-09T23:05:07Z,2026-10-09,NYR @ WSH,86ba05a73a0355958b629023b20ba955,ags,yes,Dylan McIlrath,,betmgm,1450,,oddsapi
2026-10-09T23:05:07Z,2026-10-09,NYR @ WSH,86ba05a73a0355958b629023b20ba955,ags,yes,Martin Fehervary,,betmgm,1600,,oddsapi
2026-10-09T23:05:07Z,2026-10-09,NYR @ WSH,86ba05a73a0355958b629023b20ba955,ags,yes,Alberts Smits,,betmgm,1700,,oddsapi
2026-10-09T23:05:07Z,2026-10-09,NYR @ WSH,86ba05a73a0355958b629023b20ba955,ags,yes,Vincent Desharnais,,betmgm,1700,,oddsapi
2026-10-09T23:05:07Z,2026-10-09,NYR @ WSH,86ba05a73a0355958b629023b20ba955,ags,yes,Timothy Liljegren,,betmgm,1900,,oddsapi
2026-10-09T23:05:07Z,2026-10-09,NYR @ WSH,86ba05a73a0355958b629023b20ba955,fgs,yes,Pavel Dorofeyev,,betmgm,1150,,oddsapi
2026-10-09T23:05:07Z,2026-10-09,NYR @ WSH,86ba05a73a0355958b629023b20ba955,fgs,yes,Alex Ovechkin,,betmgm,1250,,oddsapi
2026-10-09T23:05:07Z,2026-10-09,NYR @ WSH,86ba05a73a0355958b629023b20ba955,fgs,yes,Mika Zibanejad,,betmgm,1250,,oddsapi
2026-10-09T23:05:07Z,2026-10-09,NYR @ WSH,86ba05a73a0355958b629023b20ba955,fgs,yes,Alex Tuch,,betmgm,1300,,oddsapi
2026-10-09T23:05:07Z,2026-10-09,NYR @ WSH,86ba05a73a0355958b629023b20ba955,fgs,yes,Tom Wilson,,betmgm,1400,,oddsapi
2026-10-09T23:05:07Z,2026-10-09,NYR @ WSH,86ba05a73a0355958b629023b20ba955,fgs,yes,Alexis Lafrenière,,betmgm,1500,,oddsapi
2026-10-09T23:05:07Z,2026-10-09,NYR @ WSH,86ba05a73a0355958b629023b20ba955,fgs,yes,Pierre-Luc Dubois,,betmgm,1650,,oddsapi
2026-10-09T23:05:07Z,2026-10-09,NYR @ WSH,86ba05a73a0355958b629023b20ba955,fgs,yes,J.T. Miller,,betmgm,1650,,oddsapi
2026-10-09T23:05:07Z,2026-10-09,NYR @ WSH,86ba05a73a0355958b629023b20ba955,fgs,yes,Dylan Strome,,betmgm,1750,,oddsapi
2026-10-09T23:05:07Z,2026-10-09,NYR @ WSH,86ba05a73a0355958b629023b20ba955,fgs,yes,Jordan Kyrou,,betmgm,1900,,oddsapi
2026-10-09T23:05:07Z,2026-10-09,NYR @ WSH,86ba05a73a0355958b629023b20ba955,fgs,yes,Ilya Protas,,betmgm,2000,,oddsapi
2026-10-09T23:05:07Z,2026-10-09,NYR @ WSH,86ba05a73a0355958b629023b20ba955,fgs,yes,Ryan Leonard,,betmgm,2200,,oddsapi
2026-10-09T23:05:07Z,2026-10-09,NYR @ WSH,86ba05a73a0355958b629023b20ba955,fgs,yes,Gabe Perreault,,betmgm,2200,,oddsapi
2026-10-09T23:05:07Z,2026-10-09,NYR @ WSH,86ba05a73a0355958b629023b20ba955,fgs,yes,Jakob Chychrun,,betmgm,2200,,oddsapi
2026-10-09T23:05:07Z,2026-10-09,NYR @ WSH,86ba05a73a0355958b629023b20ba955,fgs,yes,Anthony Beauvillier,,betmgm,2200,,oddsapi
2026-10-09T23:05:07Z,2026-10-09,NYR @ WSH,86ba05a73a0355958b629023b20ba955,fgs,yes,Aliaksei Protas,,betmgm,2200,,oddsapi
2026-10-09T23:05:07Z,2026-10-09,NYR @ WSH,86ba05a73a0355958b629023b20ba955,fgs,yes,Will Cuylle,,betmgm,2200,,oddsapi
2026-10-09T23:05:07Z,2026-10-09,NYR @ WSH,86ba05a73a0355958b629023b20ba955,fgs,yes,Eeli Tolvanen,,betmgm,2800,,oddsapi
2026-10-09T23:05:07Z,2026-10-09,NYR @ WSH,86ba05a73a0355958b629023b20ba955,fgs,yes,Oliver Bjorkstrand,,betmgm,2800,,oddsapi
2026-10-09T23:05:07Z,2026-10-09,NYR @ WSH,86ba05a73a0355958b629023b20ba955,fgs,yes,Adam Fox,,betmgm,2800,,oddsapi
2026-10-09T23:05:07Z,2026-10-09,NYR @ WSH,86ba05a73a0355958b629023b20ba955,fgs,yes,Boone Jenner,,betmgm,3000,,oddsapi
2026-10-09T23:05:07Z,2026-10-09,NYR @ WSH,86ba05a73a0355958b629023b20ba955,fgs,yes,Tye Kartye,,betmgm,3000,,oddsapi
2026-10-09T23:05:07Z,2026-10-09,NYR @ WSH,86ba05a73a0355958b629023b20ba955,fgs,yes,Justin Sourdif,,betmgm,3000,,oddsapi
2026-10-09T23:05:07Z,2026-10-09,NYR @ WSH,86ba05a73a0355958b629023b20ba955,fgs,yes,Cole Hutson,,betmgm,3500,,oddsapi
2026-10-09T23:05:07Z,2026-10-09,NYR @ WSH,86ba05a73a0355958b629023b20ba955,fgs,yes,Noah Laba,,betmgm,4000,,oddsapi
2026-10-09T23:05:07Z,2026-10-09,NYR @ WSH,86ba05a73a0355958b629023b20ba955,fgs,yes,Sean Durzi,,betmgm,4000,,oddsapi
2026-10-09T23:05:07Z,2026-10-09,NYR @ WSH,86ba05a73a0355958b629023b20ba955,fgs,yes,Jaroslav Chmelar,,betmgm,4500,,oddsapi
2026-10-09T23:05:07Z,2026-10-09,NYR @ WSH,86ba05a73a0355958b629023b20ba955,fgs,yes,Vladislav Gavrikov,,betmgm,6600,,oddsapi
2026-10-09T23:05:07Z,2026-10-09,NYR @ WSH,86ba05a73a0355958b629023b20ba955,fgs,yes,Martin Fehervary,,betmgm,10000,,oddsapi
2026-10-09T23:05:07Z,2026-10-09,NYR @ WSH,86ba05a73a0355958b629023b20ba955,fgs,yes,Braden Schneider,,betmgm,10000,,oddsapi
2026-10-09T23:05:07Z,2026-10-09,NYR @ WSH,86ba05a73a0355958b629023b20ba955,fgs,yes,Alberts Smits,,betmgm,10000,,oddsapi
2026-10-09T23:05:07Z,2026-10-09,NYR @ WSH,86ba05a73a0355958b629023b20ba955,fgs,yes,Timothy Liljegren,,betmgm,10000,,oddsapi
2026-10-09T23:05:07Z,2026-10-09,NYR @ WSH,86ba05a73a0355958b629023b20ba955,fgs,yes,Marcus Pettersson,,betmgm,10000,,oddsapi
2026-10-09T23:05:07Z,2026-10-09,NYR @ WSH,86ba05a73a0355958b629023b20ba955,sk_pts,over,Jakob Chychrun,0.5,betmgm,-105,-125,oddsapi
2026-10-09T23:05:07Z,2026-10-09,NYR @ WSH,86ba05a73a0355958b629023b20ba955,sk_pts,under,Jakob Chychrun,0.5,betmgm,-125,-105,oddsapi
2026-10-09T23:05:07Z,2026-10-09,NYR @ WSH,86ba05a73a0355958b629023b20ba955,sk_pts,over,Alex Ovechkin,0.5,betmgm,-135,100,oddsapi
2026-10-09T23:05:07Z,2026-10-09,NYR @ WSH,86ba05a73a0355958b629023b20ba955,sk_pts,under,Alex Ovechkin,0.5,betmgm,100,-135,oddsapi
2026-10-09T23:05:07Z,2026-10-09,NYR @ WSH,86ba05a73a0355958b629023b20ba955,sk_pts,over,Alex Tuch,0.5,betmgm,-118,-111,oddsapi
2026-10-09T23:05:07Z,2026-10-09,NYR @ WSH,86ba05a73a0355958b629023b20ba955,sk_pts,under,Alex Tuch,0.5,betmgm,-111,-118,oddsapi
2026-10-09T23:05:07Z,2026-10-09,NYR @ WSH,86ba05a73a0355958b629023b20ba955,sk_pts,over,Dylan Strome,0.5,betmgm,-115,-115,oddsapi
2026-10-09T23:05:07Z,2026-10-09,NYR @ WSH,86ba05a73a0355958b629023b20ba955,sk_pts,under,Dylan Strome,0.5,betmgm,-115,-115,oddsapi
2026-10-09T23:05:07Z,2026-10-09,NYR @ WSH,86ba05a73a0355958b629023b20ba955,sk_pts,over,Adam Fox,0.5,betmgm,-140,105,oddsapi
2026-10-09T23:05:07Z,2026-10-09,NYR @ WSH,86ba05a73a0355958b629023b20ba955,sk_pts,under,Adam Fox,0.5,betmgm,105,-140,oddsapi
2026-10-09T23:05:07Z,2026-10-09,NYR @ WSH,86ba05a73a0355958b629023b20ba955,sk_pts,over,Tom Wilson,0.5,betmgm,-110,-120,oddsapi
2026-10-09T23:05:07Z,2026-10-09,NYR @ WSH,86ba05a73a0355958b629023b20ba955,sk_pts,under,Tom Wilson,0.5,betmgm,-120,-110,oddsapi
2026-10-09T23:05:07Z,2026-10-09,NYR @ WSH,86ba05a73a0355958b629023b20ba955,sk_pts,over,Ilya Protas,0.5,betmgm,135,-185,oddsapi
2026-10-09T23:05:07Z,2026-10-09,NYR @ WSH,86ba05a73a0355958b629023b20ba955,sk_pts,under,Ilya Protas,0.5,betmgm,-185,135,oddsapi
2026-10-09T23:05:07Z,2026-10-09,NYR @ WSH,86ba05a73a0355958b629023b20ba955,sk_pts,over,Mika Zibanejad,0.5,betmgm,-160,120,oddsapi
2026-10-09T23:05:07Z,2026-10-09,NYR @ WSH,86ba05a73a0355958b629023b20ba955,sk_pts,under,Mika Zibanejad,0.5,betmgm,120,-160,oddsapi
2026-10-09T23:05:07Z,2026-10-09,NYR @ WSH,86ba05a73a0355958b629023b20ba955,sk_pts,over,Pierre-Luc Dubois,0.5,betmgm,-125,-105,oddsapi
2026-10-09T23:05:07Z,2026-10-09,NYR @ WSH,86ba05a73a0355958b629023b20ba955,sk_pts,under,Pierre-Luc Dubois,0.5,betmgm,-105,-125,oddsapi
2026-10-09T23:05:07Z,2026-10-09,NYR @ WSH,86ba05a73a0355958b629023b20ba955,sk_pts,over,Alexis Lafrenière,0.5,betmgm,-105,-125,oddsapi
2026-10-09T23:05:07Z,2026-10-09,NYR @ WSH,86ba05a73a0355958b629023b20ba955,sk_pts,under,Alexis Lafrenière,0.5,betmgm,-125,-105,oddsapi
2026-10-09T23:05:07Z,2026-10-09,NYR @ WSH,86ba05a73a0355958b629023b20ba955,sk_pts,over,Gabe Perreault,0.5,betmgm,145,-200,oddsapi
2026-10-09T23:05:07Z,2026-10-09,NYR @ WSH,86ba05a73a0355958b629023b20ba955,sk_pts,under,Gabe Perreault,0.5,betmgm,-200,145,oddsapi
2026-10-09T23:05:07Z,2026-10-09,NYR @ WSH,86ba05a73a0355958b629023b20ba955,sk_pts,over,Cole Hutson,0.5,betmgm,155,-210,oddsapi
2026-10-09T23:05:07Z,2026-10-09,NYR @ WSH,86ba05a73a0355958b629023b20ba955,sk_pts,under,Cole Hutson,0.5,betmgm,-210,155,oddsapi
2026-10-09T23:05:07Z,2026-10-09,NYR @ WSH,86ba05a73a0355958b629023b20ba955,sk_pts,over,J.T. Miller,0.5,betmgm,-135,100,oddsapi
2026-10-09T23:05:07Z,2026-10-09,NYR @ WSH,86ba05a73a0355958b629023b20ba955,sk_pts,under,J.T. Miller,0.5,betmgm,100,-135,oddsapi
2026-10-09T23:05:07Z,2026-10-09,NYR @ WSH,86ba05a73a0355958b629023b20ba955,sk_pts,over,Jordan Kyrou,0.5,betmgm,135,-185,oddsapi
2026-10-09T23:05:07Z,2026-10-09,NYR @ WSH,86ba05a73a0355958b629023b20ba955,sk_pts,under,Jordan Kyrou,0.5,betmgm,-185,135,oddsapi
2026-10-09T23:05:07Z,2026-10-09,NYR @ WSH,86ba05a73a0355958b629023b20ba955,sk_pts,over,Pavel Dorofeyev,0.5,betmgm,-110,-120,oddsapi
2026-10-09T23:05:07Z,2026-10-09,NYR @ WSH,86ba05a73a0355958b629023b20ba955,sk_pts,under,Pavel Dorofeyev,0.5,betmgm,-120,-110,oddsapi
2026-10-09T23:05:07Z,2026-10-09,NYR @ WSH,86ba05a73a0355958b629023b20ba955,sk_ppp,over,Jakob Chychrun,0.5,betmgm,240,-350,oddsapi
2026-10-09T23:05:07Z,2026-10-09,NYR @ WSH,86ba05a73a0355958b629023b20ba955,sk_ppp,under,Jakob Chychrun,0.5,betmgm,-350,240,oddsapi
2026-10-09T23:05:07Z,2026-10-09,NYR @ WSH,86ba05a73a0355958b629023b20ba955,sk_ppp,over,Alex Ovechkin,0.5,betmgm,250,-375,oddsapi
2026-10-09T23:05:07Z,2026-10-09,NYR @ WSH,86ba05a73a0355958b629023b20ba955,sk_ppp,under,Alex Ovechkin,0.5,betmgm,-375,250,oddsapi
2026-10-09T23:05:07Z,2026-10-09,NYR @ WSH,86ba05a73a0355958b629023b20ba955,sk_ppp,over,Dylan Strome,0.5,betmgm,290,-500,oddsapi
2026-10-09T23:05:07Z,2026-10-09,NYR @ WSH,86ba05a73a0355958b629023b20ba955,sk_ppp,under,Dylan Strome,0.5,betmgm,-500,290,oddsapi
2026-10-09T23:05:07Z,2026-10-09,NYR @ WSH,86ba05a73a0355958b629023b20ba955,sk_ppp,over,Mika Zibanejad,0.5,betmgm,225,-325,oddsapi
2026-10-09T23:05:07Z,2026-10-09,NYR @ WSH,86ba05a73a0355958b629023b20ba955,sk_ppp,under,Mika Zibanejad,0.5,betmgm,-325,225,oddsapi
2026-10-09T23:05:07Z,2026-10-09,NYR @ WSH,86ba05a73a0355958b629023b20ba955,sk_ppp,over,Tom Wilson,0.5,betmgm,325,-600,oddsapi
2026-10-09T23:05:07Z,2026-10-09,NYR @ WSH,86ba05a73a0355958b629023b20ba955,sk_ppp,under,Tom Wilson,0.5,betmgm,-600,325,oddsapi
2026-10-09T23:05:07Z,2026-10-09,NYR @ WSH,86ba05a73a0355958b629023b20ba955,sk_ppp,over,Alexis Lafrenière,0.5,betmgm,280,-450,oddsapi
2026-10-09T23:05:07Z,2026-10-09,NYR @ WSH,86ba05a73a0355958b629023b20ba955,sk_ppp,under,Alexis Lafrenière,0.5,betmgm,-450,280,oddsapi
2026-10-09T23:05:07Z,2026-10-09,NYR @ WSH,86ba05a73a0355958b629023b20ba955,sk_ppp,over,Pierre-Luc Dubois,0.5,betmgm,310,-550,oddsapi
2026-10-09T23:05:07Z,2026-10-09,NYR @ WSH,86ba05a73a0355958b629023b20ba955,sk_ppp,under,Pierre-Luc Dubois,0.5,betmgm,-550,310,oddsapi
2026-10-09T23:05:07Z,2026-10-09,NYR @ WSH,86ba05a73a0355958b629023b20ba955,sk_ppp,over,J.T. Miller,0.5,betmgm,225,-325,oddsapi
2026-10-09T23:05:07Z,2026-10-09,NYR @ WSH,86ba05a73a0355958b629023b20ba955,sk_ppp,under,J.T. Miller,0.5,betmgm,-325,225,oddsapi
2026-10-09T23:05:07Z,2026-10-09,NYR @ WSH,86ba05a73a0355958b629023b20ba955,sk_ppp,over,Pavel Dorofeyev,0.5,betmgm,280,-450,oddsapi
2026-10-09T23:05:07Z,2026-10-09,NYR @ WSH,86ba05a73a0355958b629023b20ba955,sk_ppp,under,Pavel Dorofeyev,0.5,betmgm,-450,280,oddsapi
2026-10-09T23:05:07Z,2026-10-09,NYR @ WSH,86ba05a73a0355958b629023b20ba955,sk_ppp,over,Adam Fox,0.5,betmgm,250,-350,oddsapi
2026-10-09T23:05:07Z,2026-10-09,NYR @ WSH,86ba05a73a0355958b629023b20ba955,sk_ppp,under,Adam Fox,0.5,betmgm,-350,250,oddsapi
2026-10-09T23:05:07Z,2026-10-09,NYR @ WSH,86ba05a73a0355958b629023b20ba955,sk_sog,over,Will Cuylle,1.5,betmgm,-150,105,oddsapi
2026-10-09T23:05:07Z,2026-10-09,NYR @ WSH,86ba05a73a0355958b629023b20ba955,sk_sog,under,Will Cuylle,1.5,betmgm,105,-150,oddsapi
2026-10-09T23:05:07Z,2026-10-09,NYR @ WSH,86ba05a73a0355958b629023b20ba955,sk_sog,over,Alex Tuch,1.5,betmgm,-325,150,oddsapi
2026-10-09T23:05:07Z,2026-10-09,NYR @ WSH,86ba05a73a0355958b629023b20ba955,sk_sog,under,Alex Tuch,1.5,betmgm,150,-325,oddsapi
2026-10-09T23:05:07Z,2026-10-09,NYR @ WSH,86ba05a73a0355958b629023b20ba955,sk_sog,over,Alex Ovechkin,2.5,betmgm,-140,-105,oddsapi
2026-10-09T23:05:07Z,2026-10-09,NYR @ WSH,86ba05a73a0355958b629023b20ba955,sk_sog,under,Alex Ovechkin,2.5,betmgm,-105,-140,oddsapi
2026-10-09T23:05:07Z,2026-10-09,NYR @ WSH,86ba05a73a0355958b629023b20ba955,sk_sog,over,Mika Zibanejad,2.5,betmgm,105,-155,oddsapi
2026-10-09T23:05:07Z,2026-10-09,NYR @ WSH,86ba05a73a0355958b629023b20ba955,sk_sog,under,Mika Zibanejad,2.5,betmgm,-155,105,oddsapi
2026-10-09T23:05:07Z,2026-10-09,NYR @ WSH,86ba05a73a0355958b629023b20ba955,sk_sog,over,Eeli Tolvanen,1.5,betmgm,105,-155,oddsapi
2026-10-09T23:05:07Z,2026-10-09,NYR @ WSH,86ba05a73a0355958b629023b20ba955,sk_sog,under,Eeli Tolvanen,1.5,betmgm,-155,105,oddsapi
2026-10-09T23:05:07Z,2026-10-09,NYR @ WSH,86ba05a73a0355958b629023b20ba955,sk_sog,over,Pierre-Luc Dubois,1.5,betmgm,-120,-120,oddsapi
2026-10-09T23:05:07Z,2026-10-09,NYR @ WSH,86ba05a73a0355958b629023b20ba955,sk_sog,under,Pierre-Luc Dubois,1.5,betmgm,-120,-120,oddsapi
2026-10-09T23:05:07Z,2026-10-09,NYR @ WSH,86ba05a73a0355958b629023b20ba955,sk_sog,over,Jakob Chychrun,2.5,betmgm,-120,-120,oddsapi
2026-10-09T23:05:07Z,2026-10-09,NYR @ WSH,86ba05a73a0355958b629023b20ba955,sk_sog,under,Jakob Chychrun,2.5,betmgm,-120,-120,oddsapi
2026-10-09T23:05:07Z,2026-10-09,NYR @ WSH,86ba05a73a0355958b629023b20ba955,sk_sog,over,Tom Wilson,1.5,betmgm,-160,110,oddsapi
2026-10-09T23:05:07Z,2026-10-09,NYR @ WSH,86ba05a73a0355958b629023b20ba955,sk_sog,under,Tom Wilson,1.5,betmgm,110,-160,oddsapi
2026-10-09T23:05:07Z,2026-10-09,NYR @ WSH,86ba05a73a0355958b629023b20ba955,sk_sog,over,Ryan Leonard,1.5,betmgm,-135,-110,oddsapi
2026-10-09T23:05:07Z,2026-10-09,NYR @ WSH,86ba05a73a0355958b629023b20ba955,sk_sog,under,Ryan Leonard,1.5,betmgm,-110,-135,oddsapi
2026-10-09T23:05:07Z,2026-10-09,NYR @ WSH,86ba05a73a0355958b629023b20ba955,sk_sog,over,Adam Fox,1.5,betmgm,-111,-130,oddsapi
2026-10-09T23:05:07Z,2026-10-09,NYR @ WSH,86ba05a73a0355958b629023b20ba955,sk_sog,under,Adam Fox,1.5,betmgm,-130,-111,oddsapi
2026-10-09T23:05:07Z,2026-10-09,NYR @ WSH,86ba05a73a0355958b629023b20ba955,sk_sog,over,Dylan Strome,1.5,betmgm,-125,-115,oddsapi
2026-10-09T23:05:07Z,2026-10-09,NYR @ WSH,86ba05a73a0355958b629023b20ba955,sk_sog,under,Dylan Strome,1.5,betmgm,-115,-125,oddsapi
2026-10-09T23:05:07Z,2026-10-09,NYR @ WSH,86ba05a73a0355958b629023b20ba955,sk_sog,over,Pavel Dorofeyev,2.5,betmgm,-125,-115,oddsapi
2026-10-09T23:05:07Z,2026-10-09,NYR @ WSH,86ba05a73a0355958b629023b20ba955,sk_sog,under,Pavel Dorofeyev,2.5,betmgm,-115,-125,oddsapi
2026-10-09T23:05:07Z,2026-10-09,NYR @ WSH,86ba05a73a0355958b629023b20ba955,sk_sog,over,Jordan Kyrou,1.5,betmgm,-160,110,oddsapi
2026-10-09T23:05:07Z,2026-10-09,NYR @ WSH,86ba05a73a0355958b629023b20ba955,sk_sog,under,Jordan Kyrou,1.5,betmgm,110,-160,oddsapi
2026-10-09T23:05:07Z,2026-10-09,NYR @ WSH,86ba05a73a0355958b629023b20ba955,sk_sog,over,J.T. Miller,1.5,betmgm,-175,120,oddsapi
2026-10-09T23:05:07Z,2026-10-09,NYR @ WSH,86ba05a73a0355958b629023b20ba955,sk_sog,under,J.T. Miller,1.5,betmgm,120,-175,oddsapi
2026-10-09T23:05:07Z,2026-10-09,NYR @ WSH,86ba05a73a0355958b629023b20ba955,sk_sog,over,Alexis Lafrenière,1.5,betmgm,-200,135,oddsapi
2026-10-09T23:05:07Z,2026-10-09,NYR @ WSH,86ba05a73a0355958b629023b20ba955,sk_sog,under,Alexis Lafrenière,1.5,betmgm,135,-200,oddsapi
2026-10-09T23:05:07Z,2026-10-09,NYR @ WSH,86ba05a73a0355958b629023b20ba955,p1_pl,NYR,,-1.5,betmgm,675,-1400,oddsapi
2026-10-09T23:05:07Z,2026-10-09,NYR @ WSH,86ba05a73a0355958b629023b20ba955,p1_pl,WSH,,1.5,betmgm,-1400,675,oddsapi
2026-10-09T23:05:07Z,2026-10-09,NYR @ WSH,86ba05a73a0355958b629023b20ba955,p2_pl,NYR,,-1.5,betmgm,575,-1400,oddsapi
2026-10-09T23:05:07Z,2026-10-09,NYR @ WSH,86ba05a73a0355958b629023b20ba955,p2_pl,WSH,,1.5,betmgm,-1400,575,oddsapi
2026-10-09T23:05:07Z,2026-10-09,NYR @ WSH,86ba05a73a0355958b629023b20ba955,p3_pl,NYR,,-1.5,betmgm,475,-1000,oddsapi
2026-10-09T23:05:07Z,2026-10-09,NYR @ WSH,86ba05a73a0355958b629023b20ba955,p3_pl,WSH,,1.5,betmgm,-1000,475,oddsapi
2026-10-09T23:05:07Z,2026-10-09,NYR @ WSH,86ba05a73a0355958b629023b20ba955,team_total,over,NYR,2.5,betmgm,-135,-105,oddsapi
2026-10-09T23:05:07Z,2026-10-09,NYR @ WSH,86ba05a73a0355958b629023b20ba955,team_total,under,NYR,2.5,betmgm,-105,-135,oddsapi
2026-10-09T23:05:07Z,2026-10-09,NYR @ WSH,86ba05a73a0355958b629023b20ba955,team_total,over,WSH,3,betmgm,-135,-105,oddsapi
2026-10-09T23:05:07Z,2026-10-09,NYR @ WSH,86ba05a73a0355958b629023b20ba955,team_total,under,WSH,3,betmgm,-105,-135,oddsapi
2026-10-09T23:05:07Z,2026-10-09,NYR @ WSH,86ba05a73a0355958b629023b20ba955,p1_total,over,,2.5,betmgm,270,-375,oddsapi
2026-10-09T23:05:07Z,2026-10-09,NYR @ WSH,86ba05a73a0355958b629023b20ba955,p1_total,under,,2.5,betmgm,-375,270,oddsapi
2026-10-09T23:05:07Z,2026-10-09,NYR @ WSH,86ba05a73a0355958b629023b20ba955,p2_total,over,,3,betmgm,400,-700,oddsapi
2026-10-09T23:05:07Z,2026-10-09,NYR @ WSH,86ba05a73a0355958b629023b20ba955,p2_total,under,,3,betmgm,-700,400,oddsapi
2026-10-09T23:05:07Z,2026-10-09,NYR @ WSH,86ba05a73a0355958b629023b20ba955,p3_total,over,,3,betmgm,320,-525,oddsapi
2026-10-09T23:05:07Z,2026-10-09,NYR @ WSH,86ba05a73a0355958b629023b20ba955,p3_total,under,,3,betmgm,-525,320,oddsapi
2026-10-09T23:05:07Z,2026-10-09,ANA @ WPG,48ce8ebb422982764994cd25c5f253c7,game_pl_alt,ANA,,-3.5,draftkings,800,-1800,oddsapi
2026-10-09T23:05:07Z,2026-10-09,ANA @ WPG,48ce8ebb422982764994cd25c5f253c7,game_pl_alt,ANA,,-2.5,draftkings,350,-550,oddsapi
2026-10-09T23:05:07Z,2026-10-09,ANA @ WPG,48ce8ebb422982764994cd25c5f253c7,game_pl_alt,ANA,,-1.5,draftkings,215,-300,oddsapi
2026-10-09T23:05:07Z,2026-10-09,ANA @ WPG,48ce8ebb422982764994cd25c5f253c7,game_pl_alt,ANA,,2.5,draftkings,-485,320,oddsapi
2026-10-09T23:05:07Z,2026-10-09,ANA @ WPG,48ce8ebb422982764994cd25c5f253c7,game_pl_alt,ANA,,3.5,draftkings,-1400,700,oddsapi
2026-10-09T23:05:07Z,2026-10-09,ANA @ WPG,48ce8ebb422982764994cd25c5f253c7,game_pl_alt,WPG,,3.5,draftkings,-1800,800,oddsapi
2026-10-09T23:05:07Z,2026-10-09,ANA @ WPG,48ce8ebb422982764994cd25c5f253c7,game_pl_alt,WPG,,2.5,draftkings,-550,350,oddsapi
2026-10-09T23:05:07Z,2026-10-09,ANA @ WPG,48ce8ebb422982764994cd25c5f253c7,game_pl_alt,WPG,,1.5,draftkings,-300,215,oddsapi
2026-10-09T23:05:07Z,2026-10-09,ANA @ WPG,48ce8ebb422982764994cd25c5f253c7,game_pl_alt,WPG,,-2.5,draftkings,320,-485,oddsapi
2026-10-09T23:05:07Z,2026-10-09,ANA @ WPG,48ce8ebb422982764994cd25c5f253c7,game_pl_alt,WPG,,-3.5,draftkings,700,-1400,oddsapi
2026-10-09T23:05:07Z,2026-10-09,ANA @ WPG,48ce8ebb422982764994cd25c5f253c7,team_total_alt,over,ANA,0.5,draftkings,-3500,1100,oddsapi
2026-10-09T23:05:07Z,2026-10-09,ANA @ WPG,48ce8ebb422982764994cd25c5f253c7,team_total_alt,under,ANA,0.5,draftkings,1100,-3500,oddsapi
2026-10-09T23:05:07Z,2026-10-09,ANA @ WPG,48ce8ebb422982764994cd25c5f253c7,team_total_alt,over,ANA,1.5,draftkings,-550,350,oddsapi
2026-10-09T23:05:07Z,2026-10-09,ANA @ WPG,48ce8ebb422982764994cd25c5f253c7,team_total_alt,under,ANA,1.5,draftkings,350,-550,oddsapi
2026-10-09T23:05:07Z,2026-10-09,ANA @ WPG,48ce8ebb422982764994cd25c5f253c7,team_total_alt,over,ANA,2.5,draftkings,-180,140,oddsapi
2026-10-09T23:05:07Z,2026-10-09,ANA @ WPG,48ce8ebb422982764994cd25c5f253c7,team_total_alt,under,ANA,2.5,draftkings,140,-180,oddsapi
2026-10-09T23:05:07Z,2026-10-09,ANA @ WPG,48ce8ebb422982764994cd25c5f253c7,team_total_alt,over,ANA,3.5,draftkings,130,-170,oddsapi
2026-10-09T23:05:07Z,2026-10-09,ANA @ WPG,48ce8ebb422982764994cd25c5f253c7,team_total_alt,under,ANA,3.5,draftkings,-170,130,oddsapi
2026-10-09T23:05:07Z,2026-10-09,ANA @ WPG,48ce8ebb422982764994cd25c5f253c7,team_total_alt,over,ANA,4.5,draftkings,295,-440,oddsapi
2026-10-09T23:05:07Z,2026-10-09,ANA @ WPG,48ce8ebb422982764994cd25c5f253c7,team_total_alt,under,ANA,4.5,draftkings,-440,295,oddsapi
2026-10-09T23:05:07Z,2026-10-09,ANA @ WPG,48ce8ebb422982764994cd25c5f253c7,team_total_alt,over,ANA,5.5,draftkings,675,-1350,oddsapi
2026-10-09T23:05:07Z,2026-10-09,ANA @ WPG,48ce8ebb422982764994cd25c5f253c7,team_total_alt,under,ANA,5.5,draftkings,-1350,675,oddsapi
2026-10-09T23:05:07Z,2026-10-09,ANA @ WPG,48ce8ebb422982764994cd25c5f253c7,team_total_alt,over,WPG,0.5,draftkings,-4500,1200,oddsapi
2026-10-09T23:05:07Z,2026-10-09,ANA @ WPG,48ce8ebb422982764994cd25c5f253c7,team_total_alt,under,WPG,0.5,draftkings,1200,-4500,oddsapi
2026-10-09T23:05:07Z,2026-10-09,ANA @ WPG,48ce8ebb422982764994cd25c5f253c7,team_total_alt,over,WPG,1.5,draftkings,-615,380,oddsapi
2026-10-09T23:05:07Z,2026-10-09,ANA @ WPG,48ce8ebb422982764994cd25c5f253c7,team_total_alt,under,WPG,1.5,draftkings,380,-615,oddsapi
2026-10-09T23:05:07Z,2026-10-09,ANA @ WPG,48ce8ebb422982764994cd25c5f253c7,team_total_alt,over,WPG,2.5,draftkings,-200,150,oddsapi
2026-10-09T23:05:07Z,2026-10-09,ANA @ WPG,48ce8ebb422982764994cd25c5f253c7,team_total_alt,under,WPG,2.5,draftkings,150,-200,oddsapi
2026-10-09T23:05:07Z,2026-10-09,ANA @ WPG,48ce8ebb422982764994cd25c5f253c7,team_total_alt,over,WPG,3.5,draftkings,115,-155,oddsapi
2026-10-09T23:05:07Z,2026-10-09,ANA @ WPG,48ce8ebb422982764994cd25c5f253c7,team_total_alt,under,WPG,3.5,draftkings,-155,115,oddsapi
2026-10-09T23:05:07Z,2026-10-09,ANA @ WPG,48ce8ebb422982764994cd25c5f253c7,team_total_alt,over,WPG,4.5,draftkings,265,-385,oddsapi
2026-10-09T23:05:07Z,2026-10-09,ANA @ WPG,48ce8ebb422982764994cd25c5f253c7,team_total_alt,under,WPG,4.5,draftkings,-385,265,oddsapi
2026-10-09T23:05:07Z,2026-10-09,ANA @ WPG,48ce8ebb422982764994cd25c5f253c7,team_total_alt,over,WPG,5.5,draftkings,625,-1200,oddsapi
2026-10-09T23:05:07Z,2026-10-09,ANA @ WPG,48ce8ebb422982764994cd25c5f253c7,team_total_alt,under,WPG,5.5,draftkings,-1200,625,oddsapi
2026-10-09T23:05:07Z,2026-10-09,ANA @ WPG,48ce8ebb422982764994cd25c5f253c7,game_total_alt,over,,3.5,draftkings,-975,540,oddsapi
2026-10-09T23:05:07Z,2026-10-09,ANA @ WPG,48ce8ebb422982764994cd25c5f253c7,game_total_alt,over,,4.5,draftkings,-505,330,oddsapi
2026-10-09T23:05:07Z,2026-10-09,ANA @ WPG,48ce8ebb422982764994cd25c5f253c7,game_total_alt,over,,5.5,draftkings,-170,130,oddsapi
2026-10-09T23:05:07Z,2026-10-09,ANA @ WPG,48ce8ebb422982764994cd25c5f253c7,game_total_alt,over,,7.5,draftkings,215,-300,oddsapi
2026-10-09T23:05:07Z,2026-10-09,ANA @ WPG,48ce8ebb422982764994cd25c5f253c7,game_total_alt,over,,8.5,draftkings,330,-505,oddsapi
2026-10-09T23:05:07Z,2026-10-09,ANA @ WPG,48ce8ebb422982764994cd25c5f253c7,game_total_alt,over,,9.5,draftkings,750,-1600,oddsapi
2026-10-09T23:05:07Z,2026-10-09,ANA @ WPG,48ce8ebb422982764994cd25c5f253c7,game_total_alt,under,,3.5,draftkings,540,-975,oddsapi
2026-10-09T23:05:07Z,2026-10-09,ANA @ WPG,48ce8ebb422982764994cd25c5f253c7,game_total_alt,under,,4.5,draftkings,330,-505,oddsapi
2026-10-09T23:05:07Z,2026-10-09,ANA @ WPG,48ce8ebb422982764994cd25c5f253c7,game_total_alt,under,,5.5,draftkings,130,-170,oddsapi
2026-10-09T23:05:07Z,2026-10-09,ANA @ WPG,48ce8ebb422982764994cd25c5f253c7,game_total_alt,under,,7.5,draftkings,-300,215,oddsapi
2026-10-09T23:05:07Z,2026-10-09,ANA @ WPG,48ce8ebb422982764994cd25c5f253c7,game_total_alt,under,,8.5,draftkings,-505,330,oddsapi
2026-10-09T23:05:07Z,2026-10-09,ANA @ WPG,48ce8ebb422982764994cd25c5f253c7,game_total_alt,under,,9.5,draftkings,-1600,750,oddsapi
2026-10-09T23:05:07Z,2026-10-09,ANA @ WPG,48ce8ebb422982764994cd25c5f253c7,game_ml3,ANA,,,draftkings,150,,oddsapi
2026-10-09T23:05:07Z,2026-10-09,ANA @ WPG,48ce8ebb422982764994cd25c5f253c7,game_ml3,WPG,,,draftkings,125,,oddsapi
2026-10-09T23:05:07Z,2026-10-09,ANA @ WPG,48ce8ebb422982764994cd25c5f253c7,game_ml3,draw,,,draftkings,320,,oddsapi
2026-10-09T23:05:07Z,2026-10-09,ANA @ WPG,48ce8ebb422982764994cd25c5f253c7,p1_ml3,ANA,,,draftkings,180,,oddsapi
2026-10-09T23:05:07Z,2026-10-09,ANA @ WPG,48ce8ebb422982764994cd25c5f253c7,p1_ml3,WPG,,,draftkings,170,,oddsapi
2026-10-09T23:05:07Z,2026-10-09,ANA @ WPG,48ce8ebb422982764994cd25c5f253c7,p1_ml3,draw,,,draftkings,185,,oddsapi
2026-10-09T23:05:07Z,2026-10-09,ANA @ WPG,48ce8ebb422982764994cd25c5f253c7,p2_ml3,ANA,,,draftkings,175,,oddsapi
2026-10-09T23:05:07Z,2026-10-09,ANA @ WPG,48ce8ebb422982764994cd25c5f253c7,p2_ml3,WPG,,,draftkings,155,,oddsapi
2026-10-09T23:05:07Z,2026-10-09,ANA @ WPG,48ce8ebb422982764994cd25c5f253c7,p2_ml3,draw,,,draftkings,210,,oddsapi
2026-10-09T23:05:07Z,2026-10-09,ANA @ WPG,48ce8ebb422982764994cd25c5f253c7,p3_ml3,ANA,,,draftkings,160,,oddsapi
2026-10-09T23:05:07Z,2026-10-09,ANA @ WPG,48ce8ebb422982764994cd25c5f253c7,p3_ml3,WPG,,,draftkings,145,,oddsapi
2026-10-09T23:05:07Z,2026-10-09,ANA @ WPG,48ce8ebb422982764994cd25c5f253c7,p3_ml3,draw,,,draftkings,250,,oddsapi
2026-10-09T23:05:07Z,2026-10-09,ANA @ WPG,48ce8ebb422982764994cd25c5f253c7,sk_a,over,Mark Scheifele,0.5,draftkings,-120,-110,oddsapi
2026-10-09T23:05:07Z,2026-10-09,ANA @ WPG,48ce8ebb422982764994cd25c5f253c7,sk_a,under,Mark Scheifele,0.5,draftkings,-110,-120,oddsapi
2026-10-09T23:05:07Z,2026-10-09,ANA @ WPG,48ce8ebb422982764994cd25c5f253c7,sk_a,over,Kyle Connor,0.5,draftkings,-105,-130,oddsapi
2026-10-09T23:05:07Z,2026-10-09,ANA @ WPG,48ce8ebb422982764994cd25c5f253c7,sk_a,under,Kyle Connor,0.5,draftkings,-130,-105,oddsapi
2026-10-09T23:05:07Z,2026-10-09,ANA @ WPG,48ce8ebb422982764994cd25c5f253c7,sk_a,over,Jackson LaCombe,0.5,draftkings,100,-135,oddsapi
2026-10-09T23:05:07Z,2026-10-09,ANA @ WPG,48ce8ebb422982764994cd25c5f253c7,sk_a,under,Jackson LaCombe,0.5,draftkings,-135,100,oddsapi
2026-10-09T23:05:07Z,2026-10-09,ANA @ WPG,48ce8ebb422982764994cd25c5f253c7,sk_a,over,Leo Carlsson,0.5,draftkings,115,-155,oddsapi
2026-10-09T23:05:07Z,2026-10-09,ANA @ WPG,48ce8ebb422982764994cd25c5f253c7,sk_a,under,Leo Carlsson,0.5,draftkings,-155,115,oddsapi
2026-10-09T23:05:07Z,2026-10-09,ANA @ WPG,48ce8ebb422982764994cd25c5f253c7,sk_a,over,Neal Pionk,0.5,draftkings,120,-160,oddsapi
2026-10-09T23:05:07Z,2026-10-09,ANA @ WPG,48ce8ebb422982764994cd25c5f253c7,sk_a,under,Neal Pionk,0.5,draftkings,-160,120,oddsapi
2026-10-09T23:05:07Z,2026-10-09,ANA @ WPG,48ce8ebb422982764994cd25c5f253c7,sk_a,over,Mikael Granlund,0.5,draftkings,125,-170,oddsapi
2026-10-09T23:05:07Z,2026-10-09,ANA @ WPG,48ce8ebb422982764994cd25c5f253c7,sk_a,under,Mikael Granlund,0.5,draftkings,-170,125,oddsapi
2026-10-09T23:05:07Z,2026-10-09,ANA @ WPG,48ce8ebb422982764994cd25c5f253c7,sk_a,over,Beckett Sennecke,0.5,draftkings,140,-190,oddsapi
2026-10-09T23:05:07Z,2026-10-09,ANA @ WPG,48ce8ebb422982764994cd25c5f253c7,sk_a,under,Beckett Sennecke,0.5,draftkings,-190,140,oddsapi
2026-10-09T23:05:07Z,2026-10-09,ANA @ WPG,48ce8ebb422982764994cd25c5f253c7,sk_a,over,Gabriel Vilardi,0.5,draftkings,150,-205,oddsapi
2026-10-09T23:05:07Z,2026-10-09,ANA @ WPG,48ce8ebb422982764994cd25c5f253c7,sk_a,under,Gabriel Vilardi,0.5,draftkings,-205,150,oddsapi
2026-10-09T23:05:07Z,2026-10-09,ANA @ WPG,48ce8ebb422982764994cd25c5f253c7,sk_a,over,Cole Perfetti,0.5,draftkings,165,-230,oddsapi
2026-10-09T23:05:07Z,2026-10-09,ANA @ WPG,48ce8ebb422982764994cd25c5f253c7,sk_a,under,Cole Perfetti,0.5,draftkings,-230,165,oddsapi
2026-10-09T23:05:07Z,2026-10-09,ANA @ WPG,48ce8ebb422982764994cd25c5f253c7,sk_a,over,Cutter Gauthier,0.5,draftkings,170,-235,oddsapi
2026-10-09T23:05:07Z,2026-10-09,ANA @ WPG,48ce8ebb422982764994cd25c5f253c7,sk_a,under,Cutter Gauthier,0.5,draftkings,-235,170,oddsapi
2026-10-09T23:05:07Z,2026-10-09,ANA @ WPG,48ce8ebb422982764994cd25c5f253c7,sk_a,over,Dylan Samberg,0.5,draftkings,175,-240,oddsapi
2026-10-09T23:05:07Z,2026-10-09,ANA @ WPG,48ce8ebb422982764994cd25c5f253c7,sk_a,under,Dylan Samberg,0.5,draftkings,-240,175,oddsapi
2026-10-09T23:05:07Z,2026-10-09,ANA @ WPG,48ce8ebb422982764994cd25c5f253c7,sk_a,over,Tristan Luneau,0.5,draftkings,210,-295,oddsapi
2026-10-09T23:05:07Z,2026-10-09,ANA @ WPG,48ce8ebb422982764994cd25c5f253c7,sk_a,under,Tristan Luneau,0.5,draftkings,-295,210,oddsapi
2026-10-09T23:05:07Z,2026-10-09,ANA @ WPG,48ce8ebb422982764994cd25c5f253c7,sk_a,over,Pavel Mintyukov,0.5,draftkings,230,-320,oddsapi
2026-10-09T23:05:07Z,2026-10-09,ANA @ WPG,48ce8ebb422982764994cd25c5f253c7,sk_a,under,Pavel Mintyukov,0.5,draftkings,-320,230,oddsapi
2026-10-09T23:05:07Z,2026-10-09,ANA @ WPG,48ce8ebb422982764994cd25c5f253c7,sk_a,over,Alex Killorn,0.5,draftkings,285,-400,oddsapi
2026-10-09T23:05:07Z,2026-10-09,ANA @ WPG,48ce8ebb422982764994cd25c5f253c7,sk_a,under,Alex Killorn,0.5,draftkings,-400,285,oddsapi
2026-10-09T23:05:07Z,2026-10-09,ANA @ WPG,48ce8ebb422982764994cd25c5f253c7,sk_a,over,Viggo Bjorck,0.5,draftkings,295,-425,oddsapi
2026-10-09T23:05:07Z,2026-10-09,ANA @ WPG,48ce8ebb422982764994cd25c5f253c7,sk_a,under,Viggo Bjorck,0.5,draftkings,-425,295,oddsapi
2026-10-09T23:05:07Z,2026-10-09,ANA @ WPG,48ce8ebb422982764994cd25c5f253c7,sk_a,over,A.J. Greer,0.5,draftkings,300,-425,oddsapi
2026-10-09T23:05:07Z,2026-10-09,ANA @ WPG,48ce8ebb422982764994cd25c5f253c7,sk_a,under,A.J. Greer,0.5,draftkings,-425,300,oddsapi
2026-10-09T23:05:07Z,2026-10-09,ANA @ WPG,48ce8ebb422982764994cd25c5f253c7,sk_a,over,Ryan Poehling,0.5,draftkings,330,-475,oddsapi
2026-10-09T23:05:07Z,2026-10-09,ANA @ WPG,48ce8ebb422982764994cd25c5f253c7,sk_a,under,Ryan Poehling,0.5,draftkings,-475,330,oddsapi
2026-10-09T23:05:07Z,2026-10-09,ANA @ WPG,48ce8ebb422982764994cd25c5f253c7,sk_a,over,Dylan DeMelo,0.5,draftkings,340,-500,oddsapi
2026-10-09T23:05:07Z,2026-10-09,ANA @ WPG,48ce8ebb422982764994cd25c5f253c7,sk_a,under,Dylan DeMelo,0.5,draftkings,-500,340,oddsapi
2026-10-09T23:05:07Z,2026-10-09,ANA @ WPG,48ce8ebb422982764994cd25c5f253c7,sk_a,over,Morgan Barron,0.5,draftkings,340,-500,oddsapi
2026-10-09T23:05:07Z,2026-10-09,ANA @ WPG,48ce8ebb422982764994cd25c5f253c7,sk_a,under,Morgan Barron,0.5,draftkings,-500,340,oddsapi
2026-10-09T23:05:07Z,2026-10-09,ANA @ WPG,48ce8ebb422982764994cd25c5f253c7,sk_a,over,Adam Lowry,0.5,draftkings,350,-525,oddsapi
2026-10-09T23:05:07Z,2026-10-09,ANA @ WPG,48ce8ebb422982764994cd25c5f253c7,sk_a,under,Adam Lowry,0.5,draftkings,-525,350,oddsapi
2026-10-09T23:05:07Z,2026-10-09,ANA @ WPG,48ce8ebb422982764994cd25c5f253c7,sk_a,over,Nikita Klepov,0.5,draftkings,370,-550,oddsapi
2026-10-09T23:05:07Z,2026-10-09,ANA @ WPG,48ce8ebb422982764994cd25c5f253c7,sk_a,under,Nikita Klepov,0.5,draftkings,-550,370,oddsapi
2026-10-09T23:05:07Z,2026-10-09,ANA @ WPG,48ce8ebb422982764994cd25c5f253c7,sk_a,over,Travis Mitchell,0.5,draftkings,425,-650,oddsapi
2026-10-09T23:05:07Z,2026-10-09,ANA @ WPG,48ce8ebb422982764994cd25c5f253c7,sk_a,under,Travis Mitchell,0.5,draftkings,-650,425,oddsapi
2026-10-09T23:05:07Z,2026-10-09,ANA @ WPG,48ce8ebb422982764994cd25c5f253c7,sk_a,over,Alex Iafallo,0.5,draftkings,475,-750,oddsapi
2026-10-09T23:05:07Z,2026-10-09,ANA @ WPG,48ce8ebb422982764994cd25c5f253c7,sk_a,under,Alex Iafallo,0.5,draftkings,-750,475,oddsapi
2026-10-09T23:05:07Z,2026-10-09,ANA @ WPG,48ce8ebb422982764994cd25c5f253c7,sk_a,over,Isak Rosen,0.5,draftkings,475,-750,oddsapi
2026-10-09T23:05:07Z,2026-10-09,ANA @ WPG,48ce8ebb422982764994cd25c5f253c7,sk_a,under,Isak Rosen,0.5,draftkings,-750,475,oddsapi
2026-10-09T23:05:07Z,2026-10-09,ANA @ WPG,48ce8ebb422982764994cd25c5f253c7,sk_a,over,Mario Ferraro,0.5,draftkings,500,-800,oddsapi
2026-10-09T23:05:07Z,2026-10-09,ANA @ WPG,48ce8ebb422982764994cd25c5f253c7,sk_a,under,Mario Ferraro,0.5,draftkings,-800,500,oddsapi
2026-10-09T23:05:07Z,2026-10-09,ANA @ WPG,48ce8ebb422982764994cd25c5f253c7,sk_a,over,Nikita Nesterenko,0.5,draftkings,500,-800,oddsapi
2026-10-09T23:05:07Z,2026-10-09,ANA @ WPG,48ce8ebb422982764994cd25c5f253c7,sk_a,under,Nikita Nesterenko,0.5,draftkings,-800,500,oddsapi
2026-10-09T23:05:07Z,2026-10-09,ANA @ WPG,48ce8ebb422982764994cd25c5f253c7,sk_blk,over,Dylan Samberg,1.5,draftkings,-135,-105,oddsapi
2026-10-09T23:05:07Z,2026-10-09,ANA @ WPG,48ce8ebb422982764994cd25c5f253c7,sk_blk,under,Dylan Samberg,1.5,draftkings,-105,-135,oddsapi
2026-10-09T23:05:07Z,2026-10-09,ANA @ WPG,48ce8ebb422982764994cd25c5f253c7,sk_blk,over,Jackson LaCombe,1.5,draftkings,-135,-105,oddsapi
2026-10-09T23:05:07Z,2026-10-09,ANA @ WPG,48ce8ebb422982764994cd25c5f253c7,sk_blk,under,Jackson LaCombe,1.5,draftkings,-105,-135,oddsapi
2026-10-09T23:05:07Z,2026-10-09,ANA @ WPG,48ce8ebb422982764994cd25c5f253c7,sk_blk,over,Neal Pionk,1.5,draftkings,-105,-135,oddsapi
2026-10-09T23:05:07Z,2026-10-09,ANA @ WPG,48ce8ebb422982764994cd25c5f253c7,sk_blk,under,Neal Pionk,1.5,draftkings,-135,-105,oddsapi
2026-10-09T23:05:07Z,2026-10-09,ANA @ WPG,48ce8ebb422982764994cd25c5f253c7,ags,yes,Kyle Connor,,draftkings,115,,oddsapi
2026-10-09T23:05:07Z,2026-10-09,ANA @ WPG,48ce8ebb422982764994cd25c5f253c7,ags,yes,Cutter Gauthier,,draftkings,125,,oddsapi
2026-10-09T23:05:07Z,2026-10-09,ANA @ WPG,48ce8ebb422982764994cd25c5f253c7,ags,yes,Leo Carlsson,,draftkings,180,,oddsapi
2026-10-09T23:05:07Z,2026-10-09,ANA @ WPG,48ce8ebb422982764994cd25c5f253c7,ags,yes,Mark Scheifele,,draftkings,180,,oddsapi
2026-10-09T23:05:07Z,2026-10-09,ANA @ WPG,48ce8ebb422982764994cd25c5f253c7,ags,yes,Beckett Sennecke,,draftkings,185,,oddsapi
2026-10-09T23:05:07Z,2026-10-09,ANA @ WPG,48ce8ebb422982764994cd25c5f253c7,ags,yes,Gabriel Vilardi,,draftkings,205,,oddsapi
2026-10-09T23:05:07Z,2026-10-09,ANA @ WPG,48ce8ebb422982764994cd25c5f253c7,ags,yes,Cole Perfetti,,draftkings,220,,oddsapi
2026-10-09T23:05:07Z,2026-10-09,ANA @ WPG,48ce8ebb422982764994cd25c5f253c7,ags,yes,Mikael Granlund,,draftkings,270,,oddsapi
2026-10-09T23:05:07Z,2026-10-09,ANA @ WPG,48ce8ebb422982764994cd25c5f253c7,ags,yes,Alex Killorn,,draftkings,310,,oddsapi
2026-10-09T23:05:07Z,2026-10-09,ANA @ WPG,48ce8ebb422982764994cd25c5f253c7,ags,yes,Viggo Bjorck,,draftkings,390,,oddsapi
2026-10-09T23:05:07Z,2026-10-09,ANA @ WPG,48ce8ebb422982764994cd25c5f253c7,ags,yes,Neal Pionk,,draftkings,425,,oddsapi
2026-10-09T23:05:07Z,2026-10-09,ANA @ WPG,48ce8ebb422982764994cd25c5f253c7,ags,yes,Nikita Klepov,,draftkings,450,,oddsapi
2026-10-09T23:05:07Z,2026-10-09,ANA @ WPG,48ce8ebb422982764994cd25c5f253c7,ags,yes,Alex Iafallo,,draftkings,475,,oddsapi
2026-10-09T23:05:07Z,2026-10-09,ANA @ WPG,48ce8ebb422982764994cd25c5f253c7,ags,yes,Isak Rosen,,draftkings,475,,oddsapi
2026-10-09T23:05:07Z,2026-10-09,ANA @ WPG,48ce8ebb422982764994cd25c5f253c7,ags,yes,Jackson LaCombe,,draftkings,475,,oddsapi
2026-10-09T23:05:07Z,2026-10-09,ANA @ WPG,48ce8ebb422982764994cd25c5f253c7,ags,yes,Ryan Poehling,,draftkings,500,,oddsapi
2026-10-09T23:05:07Z,2026-10-09,ANA @ WPG,48ce8ebb422982764994cd25c5f253c7,ags,yes,A.J. Greer,,draftkings,500,,oddsapi
2026-10-09T23:05:07Z,2026-10-09,ANA @ WPG,48ce8ebb422982764994cd25c5f253c7,ags,yes,Vladislav Namestnikov,,draftkings,550,,oddsapi
2026-10-09T23:05:07Z,2026-10-09,ANA @ WPG,48ce8ebb422982764994cd25c5f253c7,ags,yes,Adam Lowry,,draftkings,550,,oddsapi
2026-10-09T23:05:07Z,2026-10-09,ANA @ WPG,48ce8ebb422982764994cd25c5f253c7,ags,yes,Morgan Barron,,draftkings,600,,oddsapi
2026-10-09T23:05:07Z,2026-10-09,ANA @ WPG,48ce8ebb422982764994cd25c5f253c7,ags,yes,Nikita Nesterenko,,draftkings,700,,oddsapi
2026-10-09T23:05:07Z,2026-10-09,ANA @ WPG,48ce8ebb422982764994cd25c5f253c7,ags,yes,Brad Lambert,,draftkings,700,,oddsapi
2026-10-09T23:05:07Z,2026-10-09,ANA @ WPG,48ce8ebb422982764994cd25c5f253c7,ags,yes,Cole Koepke,,draftkings,750,,oddsapi
2026-10-09T23:05:07Z,2026-10-09,ANA @ WPG,48ce8ebb422982764994cd25c5f253c7,ags,yes,Tristan Luneau,,draftkings,950,,oddsapi
2026-10-09T23:05:07Z,2026-10-09,ANA @ WPG,48ce8ebb422982764994cd25c5f253c7,ags,yes,Pavel Mintyukov,,draftkings,1000,,oddsapi
2026-10-09T23:05:07Z,2026-10-09,ANA @ WPG,48ce8ebb422982764994cd25c5f253c7,ags,yes,Tim Washe,,draftkings,1000,,oddsapi
2026-10-09T23:05:07Z,2026-10-09,ANA @ WPG,48ce8ebb422982764994cd25c5f253c7,ags,yes,Jeff Malott,,draftkings,1000,,oddsapi
2026-10-09T23:05:07Z,2026-10-09,ANA @ WPG,48ce8ebb422982764994cd25c5f253c7,ags,yes,Judd Caulfield,,draftkings,1100,,oddsapi
2026-10-09T23:05:07Z,2026-10-09,ANA @ WPG,48ce8ebb422982764994cd25c5f253c7,ags,yes,Mario Ferraro,,draftkings,1100,,oddsapi
2026-10-09T23:05:07Z,2026-10-09,ANA @ WPG,48ce8ebb422982764994cd25c5f253c7,ags,yes,Travis Mitchell,,draftkings,1200,,oddsapi
2026-10-09T23:05:07Z,2026-10-09,ANA @ WPG,48ce8ebb422982764994cd25c5f253c7,ags,yes,Dylan DeMelo,,draftkings,1300,,oddsapi
2026-10-09T23:05:07Z,2026-10-09,ANA @ WPG,48ce8ebb422982764994cd25c5f253c7,ags,yes,Haydn Fleury,,draftkings,1400,,oddsapi
2026-10-09T23:05:07Z,2026-10-09,ANA @ WPG,48ce8ebb422982764994cd25c5f253c7,ags,yes,Noah Warren,,draftkings,1500,,oddsapi
2026-10-09T23:05:07Z,2026-10-09,ANA @ WPG,48ce8ebb422982764994cd25c5f253c7,ags,yes,Dylan Samberg,,draftkings,1600,,oddsapi
2026-10-09T23:05:07Z,2026-10-09,ANA @ WPG,48ce8ebb422982764994cd25c5f253c7,ags,yes,Tyrel Bauer,,draftkings,2000,,oddsapi
2026-10-09T23:05:07Z,2026-10-09,ANA @ WPG,48ce8ebb422982764994cd25c5f253c7,ags,yes,Tyson Hinds,,draftkings,2200,,oddsapi
2026-10-09T23:05:07Z,2026-10-09,ANA @ WPG,48ce8ebb422982764994cd25c5f253c7,fgs,yes,Kyle Connor,,draftkings,850,,oddsapi
2026-10-09T23:05:07Z,2026-10-09,ANA @ WPG,48ce8ebb422982764994cd25c5f253c7,fgs,yes,Cutter Gauthier,,draftkings,900,,oddsapi
2026-10-09T23:05:07Z,2026-10-09,ANA @ WPG,48ce8ebb422982764994cd25c5f253c7,fgs,yes,Leo Carlsson,,draftkings,1200,,oddsapi
2026-10-09T23:05:07Z,2026-10-09,ANA @ WPG,48ce8ebb422982764994cd25c5f253c7,fgs,yes,Mark Scheifele,,draftkings,1200,,oddsapi
2026-10-09T23:05:07Z,2026-10-09,ANA @ WPG,48ce8ebb422982764994cd25c5f253c7,fgs,yes,Beckett Sennecke,,draftkings,1300,,oddsapi
2026-10-09T23:05:07Z,2026-10-09,ANA @ WPG,48ce8ebb422982764994cd25c5f253c7,fgs,yes,Gabriel Vilardi,,draftkings,1400,,oddsapi
2026-10-09T23:05:07Z,2026-10-09,ANA @ WPG,48ce8ebb422982764994cd25c5f253c7,fgs,yes,Cole Perfetti,,draftkings,1400,,oddsapi
2026-10-09T23:05:07Z,2026-10-09,ANA @ WPG,48ce8ebb422982764994cd25c5f253c7,fgs,yes,Mikael Granlund,,draftkings,1600,,oddsapi
2026-10-09T23:05:07Z,2026-10-09,ANA @ WPG,48ce8ebb422982764994cd25c5f253c7,fgs,yes,Alex Killorn,,draftkings,1900,,oddsapi
2026-10-09T23:05:07Z,2026-10-09,ANA @ WPG,48ce8ebb422982764994cd25c5f253c7,fgs,yes,Viggo Bjorck,,draftkings,2200,,oddsapi
2026-10-09T23:05:07Z,2026-10-09,ANA @ WPG,48ce8ebb422982764994cd25c5f253c7,fgs,yes,Nikita Klepov,,draftkings,2500,,oddsapi
2026-10-09T23:05:07Z,2026-10-09,ANA @ WPG,48ce8ebb422982764994cd25c5f253c7,fgs,yes,Neal Pionk,,draftkings,2500,,oddsapi
2026-10-09T23:05:07Z,2026-10-09,ANA @ WPG,48ce8ebb422982764994cd25c5f253c7,fgs,yes,Jackson LaCombe,,draftkings,2800,,oddsapi
2026-10-09T23:05:07Z,2026-10-09,ANA @ WPG,48ce8ebb422982764994cd25c5f253c7,fgs,yes,Isak Rosen,,draftkings,2800,,oddsapi
2026-10-09T23:05:07Z,2026-10-09,ANA @ WPG,48ce8ebb422982764994cd25c5f253c7,fgs,yes,Alex Iafallo,,draftkings,2800,,oddsapi
2026-10-09T23:05:07Z,2026-10-09,ANA @ WPG,48ce8ebb422982764994cd25c5f253c7,fgs,yes,Ryan Poehling,,draftkings,3000,,oddsapi
2026-10-09T23:05:07Z,2026-10-09,ANA @ WPG,48ce8ebb422982764994cd25c5f253c7,fgs,yes,Adam Lowry,,draftkings,3000,,oddsapi
2026-10-09T23:05:07Z,2026-10-09,ANA @ WPG,48ce8ebb422982764994cd25c5f253c7,fgs,yes,A.J. Greer,,draftkings,3000,,oddsapi
2026-10-09T23:05:07Z,2026-10-09,ANA @ WPG,48ce8ebb422982764994cd25c5f253c7,fgs,yes,Vladislav Namestnikov,,draftkings,3000,,oddsapi
2026-10-09T23:05:07Z,2026-10-09,ANA @ WPG,48ce8ebb422982764994cd25c5f253c7,fgs,yes,Nikita Nesterenko,,draftkings,3500,,oddsapi
2026-10-09T23:05:07Z,2026-10-09,ANA @ WPG,48ce8ebb422982764994cd25c5f253c7,fgs,yes,Morgan Barron,,draftkings,3500,,oddsapi
2026-10-09T23:05:07Z,2026-10-09,ANA @ WPG,48ce8ebb422982764994cd25c5f253c7,fgs,yes,Cole Koepke,,draftkings,3500,,oddsapi
2026-10-09T23:05:07Z,2026-10-09,ANA @ WPG,48ce8ebb422982764994cd25c5f253c7,fgs,yes,Brad Lambert,,draftkings,4000,,oddsapi
2026-10-09T23:05:07Z,2026-10-09,ANA @ WPG,48ce8ebb422982764994cd25c5f253c7,fgs,yes,Jeff Malott,,draftkings,5000,,oddsapi
2026-10-09T23:05:07Z,2026-10-09,ANA @ WPG,48ce8ebb422982764994cd25c5f253c7,fgs,yes,Pavel Mintyukov,,draftkings,5000,,oddsapi
2026-10-09T23:05:07Z,2026-10-09,ANA @ WPG,48ce8ebb422982764994cd25c5f253c7,fgs,yes,Tristan Luneau,,draftkings,5000,,oddsapi
2026-10-09T23:05:07Z,2026-10-09,ANA @ WPG,48ce8ebb422982764994cd25c5f253c7,fgs,yes,Tim Washe,,draftkings,5000,,oddsapi
2026-10-09T23:05:07Z,2026-10-09,ANA @ WPG,48ce8ebb422982764994cd25c5f253c7,fgs,yes,Judd Caulfield,,draftkings,5500,,oddsapi
2026-10-09T23:05:07Z,2026-10-09,ANA @ WPG,48ce8ebb422982764994cd25c5f253c7,fgs,yes,Mario Ferraro,,draftkings,5500,,oddsapi
2026-10-09T23:05:07Z,2026-10-09,ANA @ WPG,48ce8ebb422982764994cd25c5f253c7,fgs,yes,Dylan DeMelo,,draftkings,6000,,oddsapi
2026-10-09T23:05:07Z,2026-10-09,ANA @ WPG,48ce8ebb422982764994cd25c5f253c7,fgs,yes,Travis Mitchell,,draftkings,6000,,oddsapi
2026-10-09T23:05:07Z,2026-10-09,ANA @ WPG,48ce8ebb422982764994cd25c5f253c7,fgs,yes,Noah Warren,,draftkings,7000,,oddsapi
2026-10-09T23:05:07Z,2026-10-09,ANA @ WPG,48ce8ebb422982764994cd25c5f253c7,fgs,yes,Dylan Samberg,,draftkings,8000,,oddsapi
2026-10-09T23:05:07Z,2026-10-09,ANA @ WPG,48ce8ebb422982764994cd25c5f253c7,fgs,yes,Tyson Hinds,,draftkings,9000,,oddsapi
2026-10-09T23:05:07Z,2026-10-09,ANA @ WPG,48ce8ebb422982764994cd25c5f253c7,lgs,yes,Kyle Connor,,draftkings,750,,oddsapi
2026-10-09T23:05:07Z,2026-10-09,ANA @ WPG,48ce8ebb422982764994cd25c5f253c7,lgs,yes,Cutter Gauthier,,draftkings,800,,oddsapi
2026-10-09T23:05:07Z,2026-10-09,ANA @ WPG,48ce8ebb422982764994cd25c5f253c7,lgs,yes,Leo Carlsson,,draftkings,1000,,oddsapi
2026-10-09T23:05:07Z,2026-10-09,ANA @ WPG,48ce8ebb422982764994cd25c5f253c7,lgs,yes,Mark Scheifele,,draftkings,1000,,oddsapi
2026-10-09T23:05:07Z,2026-10-09,ANA @ WPG,48ce8ebb422982764994cd25c5f253c7,lgs,yes,Beckett Sennecke,,draftkings,1100,,oddsapi
2026-10-09T23:05:07Z,2026-10-09,ANA @ WPG,48ce8ebb422982764994cd25c5f253c7,lgs,yes,Gabriel Vilardi,,draftkings,1200,,oddsapi
2026-10-09T23:05:07Z,2026-10-09,ANA @ WPG,48ce8ebb422982764994cd25c5f253c7,lgs,yes,Cole Perfetti,,draftkings,1200,,oddsapi
2026-10-09T23:05:07Z,2026-10-09,ANA @ WPG,48ce8ebb422982764994cd25c5f253c7,lgs,yes,Mikael Granlund,,draftkings,1500,,oddsapi
2026-10-09T23:05:07Z,2026-10-09,ANA @ WPG,48ce8ebb422982764994cd25c5f253c7,lgs,yes,Alex Killorn,,draftkings,1500,,oddsapi
2026-10-09T23:05:07Z,2026-10-09,ANA @ WPG,48ce8ebb422982764994cd25c5f253c7,lgs,yes,Viggo Bjorck,,draftkings,1800,,oddsapi
2026-10-09T23:05:07Z,2026-10-09,ANA @ WPG,48ce8ebb422982764994cd25c5f253c7,lgs,yes,Nikita Klepov,,draftkings,2000,,oddsapi
2026-10-09T23:05:07Z,2026-10-09,ANA @ WPG,48ce8ebb422982764994cd25c5f253c7,lgs,yes,Jackson LaCombe,,draftkings,2000,,oddsapi
2026-10-09T23:05:07Z,2026-10-09,ANA @ WPG,48ce8ebb422982764994cd25c5f253c7,lgs,yes,A.J. Greer,,draftkings,2200,,oddsapi
2026-10-09T23:05:07Z,2026-10-09,ANA @ WPG,48ce8ebb422982764994cd25c5f253c7,lgs,yes,Alex Iafallo,,draftkings,2200,,oddsapi
2026-10-09T23:05:07Z,2026-10-09,ANA @ WPG,48ce8ebb422982764994cd25c5f253c7,lgs,yes,Neal Pionk,,draftkings,2200,,oddsapi
2026-10-09T23:05:07Z,2026-10-09,ANA @ WPG,48ce8ebb422982764994cd25c5f253c7,lgs,yes,Vladislav Namestnikov,,draftkings,2200,,oddsapi
2026-10-09T23:05:07Z,2026-10-09,ANA @ WPG,48ce8ebb422982764994cd25c5f253c7,lgs,yes,Isak Rosen,,draftkings,2200,,oddsapi
2026-10-09T23:05:07Z,2026-10-09,ANA @ WPG,48ce8ebb422982764994cd25c5f253c7,lgs,yes,Adam Lowry,,draftkings,2200,,oddsapi
2026-10-09T23:05:07Z,2026-10-09,ANA @ WPG,48ce8ebb422982764994cd25c5f253c7,lgs,yes,Ryan Poehling,,draftkings,2500,,oddsapi
2026-10-09T23:05:07Z,2026-10-09,ANA @ WPG,48ce8ebb422982764994cd25c5f253c7,lgs,yes,Morgan Barron,,draftkings,2500,,oddsapi
2026-10-09T23:05:07Z,2026-10-09,ANA @ WPG,48ce8ebb422982764994cd25c5f253c7,lgs,yes,Brad Lambert,,draftkings,2500,,oddsapi
2026-10-09T23:05:07Z,2026-10-09,ANA @ WPG,48ce8ebb422982764994cd25c5f253c7,lgs,yes,Nikita Nesterenko,,draftkings,2800,,oddsapi
2026-10-09T23:05:07Z,2026-10-09,ANA @ WPG,48ce8ebb422982764994cd25c5f253c7,lgs,yes,Cole Koepke,,draftkings,2800,,oddsapi
2026-10-09T23:05:07Z,2026-10-09,ANA @ WPG,48ce8ebb422982764994cd25c5f253c7,lgs,yes,Pavel Mintyukov,,draftkings,3500,,oddsapi
2026-10-09T23:05:07Z,2026-10-09,ANA @ WPG,48ce8ebb422982764994cd25c5f253c7,lgs,yes,Mario Ferraro,,draftkings,3500,,oddsapi
2026-10-09T23:05:07Z,2026-10-09,ANA @ WPG,48ce8ebb422982764994cd25c5f253c7,lgs,yes,Tristan Luneau,,draftkings,3500,,oddsapi
2026-10-09T23:05:07Z,2026-10-09,ANA @ WPG,48ce8ebb422982764994cd25c5f253c7,lgs,yes,Dylan DeMelo,,draftkings,4000,,oddsapi
2026-10-09T23:05:07Z,2026-10-09,ANA @ WPG,48ce8ebb422982764994cd25c5f253c7,lgs,yes,Jeff Malott,,draftkings,4000,,oddsapi
2026-10-09T23:05:07Z,2026-10-09,ANA @ WPG,48ce8ebb422982764994cd25c5f253c7,lgs,yes,Travis Mitchell,,draftkings,4000,,oddsapi
2026-10-09T23:05:07Z,2026-10-09,ANA @ WPG,48ce8ebb422982764994cd25c5f253c7,lgs,yes,Tim Washe,,draftkings,4000,,oddsapi
2026-10-09T23:05:07Z,2026-10-09,ANA @ WPG,48ce8ebb422982764994cd25c5f253c7,lgs,yes,Judd Caulfield,,draftkings,4500,,oddsapi
2026-10-09T23:05:07Z,2026-10-09,ANA @ WPG,48ce8ebb422982764994cd25c5f253c7,lgs,yes,Noah Warren,,draftkings,4500,,oddsapi
2026-10-09T23:05:07Z,2026-10-09,ANA @ WPG,48ce8ebb422982764994cd25c5f253c7,lgs,yes,Dylan Samberg,,draftkings,4500,,oddsapi
2026-10-09T23:05:07Z,2026-10-09,ANA @ WPG,48ce8ebb422982764994cd25c5f253c7,lgs,yes,Tyson Hinds,,draftkings,6000,,oddsapi
2026-10-09T23:05:07Z,2026-10-09,ANA @ WPG,48ce8ebb422982764994cd25c5f253c7,sk_pts,over,Kyle Connor,1.5,draftkings,160,-220,oddsapi
2026-10-09T23:05:07Z,2026-10-09,ANA @ WPG,48ce8ebb422982764994cd25c5f253c7,sk_pts,under,Kyle Connor,1.5,draftkings,-220,160,oddsapi
2026-10-09T23:05:07Z,2026-10-09,ANA @ WPG,48ce8ebb422982764994cd25c5f253c7,sk_pts,over,Mark Scheifele,0.5,draftkings,-235,170,oddsapi
2026-10-09T23:05:07Z,2026-10-09,ANA @ WPG,48ce8ebb422982764994cd25c5f253c7,sk_pts,under,Mark Scheifele,0.5,draftkings,170,-235,oddsapi
2026-10-09T23:05:07Z,2026-10-09,ANA @ WPG,48ce8ebb422982764994cd25c5f253c7,sk_pts,over,Leo Carlsson,0.5,draftkings,-185,135,oddsapi
2026-10-09T23:05:07Z,2026-10-09,ANA @ WPG,48ce8ebb422982764994cd25c5f253c7,sk_pts,under,Leo Carlsson,0.5,draftkings,135,-185,oddsapi
2026-10-09T23:05:07Z,2026-10-09,ANA @ WPG,48ce8ebb422982764994cd25c5f253c7,sk_pts,over,Cutter Gauthier,0.5,draftkings,-180,135,oddsapi
2026-10-09T23:05:07Z,2026-10-09,ANA @ WPG,48ce8ebb422982764994cd25c5f253c7,sk_pts,under,Cutter Gauthier,0.5,draftkings,135,-180,oddsapi
2026-10-09T23:05:07Z,2026-10-09,ANA @ WPG,48ce8ebb422982764994cd25c5f253c7,sk_pts,over,Beckett Sennecke,0.5,draftkings,-155,115,oddsapi
2026-10-09T23:05:07Z,2026-10-09,ANA @ WPG,48ce8ebb422982764994cd25c5f253c7,sk_pts,under,Beckett Sennecke,0.5,draftkings,115,-155,oddsapi
2026-10-09T23:05:07Z,2026-10-09,ANA @ WPG,48ce8ebb422982764994cd25c5f253c7,sk_pts,over,Gabriel Vilardi,0.5,draftkings,-140,105,oddsapi
2026-10-09T23:05:07Z,2026-10-09,ANA @ WPG,48ce8ebb422982764994cd25c5f253c7,sk_pts,under,Gabriel Vilardi,0.5,draftkings,105,-140,oddsapi
2026-10-09T23:05:07Z,2026-10-09,ANA @ WPG,48ce8ebb422982764994cd25c5f253c7,sk_pts,over,Jackson LaCombe,0.5,draftkings,-140,100,oddsapi
2026-10-09T23:05:07Z,2026-10-09,ANA @ WPG,48ce8ebb422982764994cd25c5f253c7,sk_pts,under,Jackson LaCombe,0.5,draftkings,100,-140,oddsapi
2026-10-09T23:05:07Z,2026-10-09,ANA @ WPG,48ce8ebb422982764994cd25c5f253c7,sk_pts,over,Mikael Granlund,0.5,draftkings,-140,105,oddsapi
2026-10-09T23:05:07Z,2026-10-09,ANA @ WPG,48ce8ebb422982764994cd25c5f253c7,sk_pts,under,Mikael Granlund,0.5,draftkings,105,-140,oddsapi
2026-10-09T23:05:07Z,2026-10-09,ANA @ WPG,48ce8ebb422982764994cd25c5f253c7,sk_pts,over,Cole Perfetti,0.5,draftkings,-130,-105,oddsapi
2026-10-09T23:05:07Z,2026-10-09,ANA @ WPG,48ce8ebb422982764994cd25c5f253c7,sk_pts,under,Cole Perfetti,0.5,draftkings,-105,-130,oddsapi
2026-10-09T23:05:07Z,2026-10-09,ANA @ WPG,48ce8ebb422982764994cd25c5f253c7,sk_pts,over,Neal Pionk,0.5,draftkings,-120,-110,oddsapi
2026-10-09T23:05:07Z,2026-10-09,ANA @ WPG,48ce8ebb422982764994cd25c5f253c7,sk_pts,under,Neal Pionk,0.5,draftkings,-110,-120,oddsapi
2026-10-09T23:05:07Z,2026-10-09,ANA @ WPG,48ce8ebb422982764994cd25c5f253c7,sk_pts,over,Alex Killorn,0.5,draftkings,135,-180,oddsapi
2026-10-09T23:05:07Z,2026-10-09,ANA @ WPG,48ce8ebb422982764994cd25c5f253c7,sk_pts,under,Alex Killorn,0.5,draftkings,-180,135,oddsapi
2026-10-09T23:05:07Z,2026-10-09,ANA @ WPG,48ce8ebb422982764994cd25c5f253c7,sk_pts,over,Dylan Samberg,0.5,draftkings,150,-205,oddsapi
2026-10-09T23:05:07Z,2026-10-09,ANA @ WPG,48ce8ebb422982764994cd25c5f253c7,sk_pts,under,Dylan Samberg,0.5,draftkings,-205,150,oddsapi
2026-10-09T23:05:07Z,2026-10-09,ANA @ WPG,48ce8ebb422982764994cd25c5f253c7,sk_pts,over,Viggo Bjorck,0.5,draftkings,150,-205,oddsapi
2026-10-09T23:05:07Z,2026-10-09,ANA @ WPG,48ce8ebb422982764994cd25c5f253c7,sk_pts,under,Viggo Bjorck,0.5,draftkings,-205,150,oddsapi
2026-10-09T23:05:07Z,2026-10-09,ANA @ WPG,48ce8ebb422982764994cd25c5f253c7,sk_pts,over,Tristan Luneau,0.5,draftkings,160,-220,oddsapi
2026-10-09T23:05:07Z,2026-10-09,ANA @ WPG,48ce8ebb422982764994cd25c5f253c7,sk_pts,under,Tristan Luneau,0.5,draftkings,-220,160,oddsapi
2026-10-09T23:05:07Z,2026-10-09,ANA @ WPG,48ce8ebb422982764994cd25c5f253c7,sk_pts,over,A.J. Greer,0.5,draftkings,180,-245,oddsapi
2026-10-09T23:05:07Z,2026-10-09,ANA @ WPG,48ce8ebb422982764994cd25c5f253c7,sk_pts,under,A.J. Greer,0.5,draftkings,-245,180,oddsapi
2026-10-09T23:05:07Z,2026-10-09,ANA @ WPG,48ce8ebb422982764994cd25c5f253c7,sk_pts,over,Pavel Mintyukov,0.5,draftkings,180,-250,oddsapi
2026-10-09T23:05:07Z,2026-10-09,ANA @ WPG,48ce8ebb422982764994cd25c5f253c7,sk_pts,under,Pavel Mintyukov,0.5,draftkings,-250,180,oddsapi
2026-10-09T23:05:07Z,2026-10-09,ANA @ WPG,48ce8ebb422982764994cd25c5f253c7,sk_pts,over,Nikita Klepov,0.5,draftkings,190,-260,oddsapi
2026-10-09T23:05:07Z,2026-10-09,ANA @ WPG,48ce8ebb422982764994cd25c5f253c7,sk_pts,under,Nikita Klepov,0.5,draftkings,-260,190,oddsapi
2026-10-09T23:05:07Z,2026-10-09,ANA @ WPG,48ce8ebb422982764994cd25c5f253c7,sk_pts,over,Ryan Poehling,0.5,draftkings,190,-260,oddsapi
2026-10-09T23:05:07Z,2026-10-09,ANA @ WPG,48ce8ebb422982764994cd25c5f253c7,sk_pts,under,Ryan Poehling,0.5,draftkings,-260,190,oddsapi
2026-10-09T23:05:07Z,2026-10-09,ANA @ WPG,48ce8ebb422982764994cd25c5f253c7,sk_pts,over,Adam Lowry,0.5,draftkings,210,-290,oddsapi
2026-10-09T23:05:07Z,2026-10-09,ANA @ WPG,48ce8ebb422982764994cd25c5f253c7,sk_pts,under,Adam Lowry,0.5,draftkings,-290,210,oddsapi
2026-10-09T23:05:07Z,2026-10-09,ANA @ WPG,48ce8ebb422982764994cd25c5f253c7,sk_pts,over,Morgan Barron,0.5,draftkings,215,-300,oddsapi
2026-10-09T23:05:07Z,2026-10-09,ANA @ WPG,48ce8ebb422982764994cd25c5f253c7,sk_pts,under,Morgan Barron,0.5,draftkings,-300,215,oddsapi
2026-10-09T23:05:07Z,2026-10-09,ANA @ WPG,48ce8ebb422982764994cd25c5f253c7,sk_pts,over,Isak Rosen,0.5,draftkings,230,-320,oddsapi
2026-10-09T23:05:07Z,2026-10-09,ANA @ WPG,48ce8ebb422982764994cd25c5f253c7,sk_pts,under,Isak Rosen,0.5,draftkings,-320,230,oddsapi
2026-10-09T23:05:07Z,2026-10-09,ANA @ WPG,48ce8ebb422982764994cd25c5f253c7,sk_pts,over,Alex Iafallo,0.5,draftkings,235,-330,oddsapi
2026-10-09T23:05:07Z,2026-10-09,ANA @ WPG,48ce8ebb422982764994cd25c5f253c7,sk_pts,under,Alex Iafallo,0.5,draftkings,-330,235,oddsapi
2026-10-09T23:05:07Z,2026-10-09,ANA @ WPG,48ce8ebb422982764994cd25c5f253c7,sk_pts,over,Dylan DeMelo,0.5,draftkings,265,-370,oddsapi
2026-10-09T23:05:07Z,2026-10-09,ANA @ WPG,48ce8ebb422982764994cd25c5f253c7,sk_pts,under,Dylan DeMelo,0.5,draftkings,-370,265,oddsapi
2026-10-09T23:05:07Z,2026-10-09,ANA @ WPG,48ce8ebb422982764994cd25c5f253c7,sk_pts,over,Nikita Nesterenko,0.5,draftkings,290,-425,oddsapi
2026-10-09T23:05:07Z,2026-10-09,ANA @ WPG,48ce8ebb422982764994cd25c5f253c7,sk_pts,under,Nikita Nesterenko,0.5,draftkings,-425,290,oddsapi
2026-10-09T23:05:07Z,2026-10-09,ANA @ WPG,48ce8ebb422982764994cd25c5f253c7,sk_pts,over,Travis Mitchell,0.5,draftkings,320,-475,oddsapi
2026-10-09T23:05:07Z,2026-10-09,ANA @ WPG,48ce8ebb422982764994cd25c5f253c7,sk_pts,under,Travis Mitchell,0.5,draftkings,-475,320,oddsapi
2026-10-09T23:05:07Z,2026-10-09,ANA @ WPG,48ce8ebb422982764994cd25c5f253c7,sk_pts,over,Mario Ferraro,0.5,draftkings,360,-525,oddsapi
2026-10-09T23:05:07Z,2026-10-09,ANA @ WPG,48ce8ebb422982764994cd25c5f253c7,sk_pts,under,Mario Ferraro,0.5,draftkings,-525,360,oddsapi
2026-10-09T23:05:07Z,2026-10-09,ANA @ WPG,48ce8ebb422982764994cd25c5f253c7,sk_sog,over,Cutter Gauthier,3.5,draftkings,-125,-110,oddsapi
2026-10-09T23:05:07Z,2026-10-09,ANA @ WPG,48ce8ebb422982764994cd25c5f253c7,sk_sog,under,Cutter Gauthier,3.5,draftkings,-110,-125,oddsapi
2026-10-09T23:05:07Z,2026-10-09,ANA @ WPG,48ce8ebb422982764994cd25c5f253c7,sk_sog,over,Kyle Connor,3.5,draftkings,-125,-110,oddsapi
2026-10-09T23:05:07Z,2026-10-09,ANA @ WPG,48ce8ebb422982764994cd25c5f253c7,sk_sog,under,Kyle Connor,3.5,draftkings,-110,-125,oddsapi
2026-10-09T23:05:07Z,2026-10-09,ANA @ WPG,48ce8ebb422982764994cd25c5f253c7,sk_sog,over,Beckett Sennecke,2.5,draftkings,-125,-105,oddsapi
2026-10-09T23:05:07Z,2026-10-09,ANA @ WPG,48ce8ebb422982764994cd25c5f253c7,sk_sog,under,Beckett Sennecke,2.5,draftkings,-105,-125,oddsapi
2026-10-09T23:05:07Z,2026-10-09,ANA @ WPG,48ce8ebb422982764994cd25c5f253c7,sk_sog,over,Cole Perfetti,2.5,draftkings,-115,-120,oddsapi
2026-10-09T23:05:07Z,2026-10-09,ANA @ WPG,48ce8ebb422982764994cd25c5f253c7,sk_sog,under,Cole Perfetti,2.5,draftkings,-120,-115,oddsapi
2026-10-09T23:05:07Z,2026-10-09,ANA @ WPG,48ce8ebb422982764994cd25c5f253c7,sk_sog,over,Leo Carlsson,2.5,draftkings,105,-140,oddsapi
2026-10-09T23:05:07Z,2026-10-09,ANA @ WPG,48ce8ebb422982764994cd25c5f253c7,sk_sog,under,Leo Carlsson,2.5,draftkings,-140,105,oddsapi
2026-10-09T23:05:07Z,2026-10-09,ANA @ WPG,48ce8ebb422982764994cd25c5f253c7,sk_sog,over,Mark Scheifele,1.5,draftkings,-185,135,oddsapi
2026-10-09T23:05:07Z,2026-10-09,ANA @ WPG,48ce8ebb422982764994cd25c5f253c7,sk_sog,under,Mark Scheifele,1.5,draftkings,135,-185,oddsapi
2026-10-09T23:05:07Z,2026-10-09,ANA @ WPG,48ce8ebb422982764994cd25c5f253c7,sk_sog,over,Neal Pionk,1.5,draftkings,-185,135,oddsapi
2026-10-09T23:05:07Z,2026-10-09,ANA @ WPG,48ce8ebb422982764994cd25c5f253c7,sk_sog,under,Neal Pionk,1.5,draftkings,135,-185,oddsapi
2026-10-09T23:05:07Z,2026-10-09,ANA @ WPG,48ce8ebb422982764994cd25c5f253c7,sk_sog,over,Jackson LaCombe,1.5,draftkings,-145,105,oddsapi
2026-10-09T23:05:07Z,2026-10-09,ANA @ WPG,48ce8ebb422982764994cd25c5f253c7,sk_sog,under,Jackson LaCombe,1.5,draftkings,105,-145,oddsapi
2026-10-09T23:05:07Z,2026-10-09,ANA @ WPG,48ce8ebb422982764994cd25c5f253c7,sk_sog,over,Alex Killorn,1.5,draftkings,-135,100,oddsapi
2026-10-09T23:05:07Z,2026-10-09,ANA @ WPG,48ce8ebb422982764994cd25c5f253c7,sk_sog,under,Alex Killorn,1.5,draftkings,100,-135,oddsapi
2026-10-09T23:05:07Z,2026-10-09,ANA @ WPG,48ce8ebb422982764994cd25c5f253c7,sk_sog,over,Mikael Granlund,1.5,draftkings,-135,100,oddsapi
2026-10-09T23:05:07Z,2026-10-09,ANA @ WPG,48ce8ebb422982764994cd25c5f253c7,sk_sog,under,Mikael Granlund,1.5,draftkings,100,-135,oddsapi
2026-10-09T23:05:07Z,2026-10-09,ANA @ WPG,48ce8ebb422982764994cd25c5f253c7,sk_sog,over,Gabriel Vilardi,1.5,draftkings,-130,-105,oddsapi
2026-10-09T23:05:07Z,2026-10-09,ANA @ WPG,48ce8ebb422982764994cd25c5f253c7,sk_sog,under,Gabriel Vilardi,1.5,draftkings,-105,-130,oddsapi
2026-10-09T23:05:07Z,2026-10-09,ANA @ WPG,48ce8ebb422982764994cd25c5f253c7,sk_sog,over,Viggo Bjorck,1.5,draftkings,-105,-125,oddsapi
2026-10-09T23:05:07Z,2026-10-09,ANA @ WPG,48ce8ebb422982764994cd25c5f253c7,sk_sog,under,Viggo Bjorck,1.5,draftkings,-125,-105,oddsapi
2026-10-09T23:05:07Z,2026-10-09,ANA @ WPG,48ce8ebb422982764994cd25c5f253c7,g_saves,over,Clay Stevenson,23.5,draftkings,-130,-105,oddsapi
2026-10-09T23:05:07Z,2026-10-09,ANA @ WPG,48ce8ebb422982764994cd25c5f253c7,g_saves,under,Clay Stevenson,23.5,draftkings,-105,-130,oddsapi
2026-10-09T23:05:07Z,2026-10-09,ANA @ WPG,48ce8ebb422982764994cd25c5f253c7,p1_pl,ANA,,0.5,draftkings,-215,165,oddsapi
2026-10-09T23:05:07Z,2026-10-09,ANA @ WPG,48ce8ebb422982764994cd25c5f253c7,p1_pl,WPG,,-0.5,draftkings,165,-215,oddsapi
2026-10-09T23:05:07Z,2026-10-09,ANA @ WPG,48ce8ebb422982764994cd25c5f253c7,p2_pl,ANA,,0.5,draftkings,-200,154,oddsapi
2026-10-09T23:05:07Z,2026-10-09,ANA @ WPG,48ce8ebb422982764994cd25c5f253c7,p2_pl,WPG,,-0.5,draftkings,154,-200,oddsapi
2026-10-09T23:05:07Z,2026-10-09,ANA @ WPG,48ce8ebb422982764994cd25c5f253c7,p3_pl,ANA,,0.5,draftkings,-180,140,oddsapi
2026-10-09T23:05:07Z,2026-10-09,ANA @ WPG,48ce8ebb422982764994cd25c5f253c7,p3_pl,WPG,,-0.5,draftkings,140,-180,oddsapi
2026-10-09T23:05:07Z,2026-10-09,ANA @ WPG,48ce8ebb422982764994cd25c5f253c7,p1_team_total,over,ANA,0.5,draftkings,-170,130,oddsapi
2026-10-09T23:05:07Z,2026-10-09,ANA @ WPG,48ce8ebb422982764994cd25c5f253c7,p1_team_total,under,ANA,0.5,draftkings,130,-170,oddsapi
2026-10-09T23:05:07Z,2026-10-09,ANA @ WPG,48ce8ebb422982764994cd25c5f253c7,p1_team_total,over,WPG,0.5,draftkings,-180,140,oddsapi
2026-10-09T23:05:07Z,2026-10-09,ANA @ WPG,48ce8ebb422982764994cd25c5f253c7,p1_team_total,under,WPG,0.5,draftkings,140,-180,oddsapi
2026-10-09T23:05:07Z,2026-10-09,ANA @ WPG,48ce8ebb422982764994cd25c5f253c7,p1_total,over,,1.5,draftkings,-140,110,oddsapi
2026-10-09T23:05:07Z,2026-10-09,ANA @ WPG,48ce8ebb422982764994cd25c5f253c7,p1_total,under,,1.5,draftkings,110,-140,oddsapi
2026-10-09T23:05:07Z,2026-10-09,ANA @ WPG,48ce8ebb422982764994cd25c5f253c7,p2_total,over,,1.5,draftkings,-180,140,oddsapi
2026-10-09T23:05:07Z,2026-10-09,ANA @ WPG,48ce8ebb422982764994cd25c5f253c7,p2_total,under,,1.5,draftkings,140,-180,oddsapi
2026-10-09T23:05:07Z,2026-10-09,ANA @ WPG,48ce8ebb422982764994cd25c5f253c7,p3_total,over,,2.5,draftkings,135,-175,oddsapi
2026-10-09T23:05:07Z,2026-10-09,ANA @ WPG,48ce8ebb422982764994cd25c5f253c7,p3_total,under,,2.5,draftkings,-175,135,oddsapi
2026-10-09T23:05:07Z,2026-10-09,ANA @ WPG,48ce8ebb422982764994cd25c5f253c7,p1_ml,ANA,,,betonlineag,-105,-115,oddsapi
2026-10-09T23:05:07Z,2026-10-09,ANA @ WPG,48ce8ebb422982764994cd25c5f253c7,p1_ml,WPG,,,betonlineag,-115,-105,oddsapi
2026-10-09T23:05:07Z,2026-10-09,ANA @ WPG,48ce8ebb422982764994cd25c5f253c7,sk_pts,over,Beckett Sennecke,0.5,betonlineag,-154,119,oddsapi
2026-10-09T23:05:07Z,2026-10-09,ANA @ WPG,48ce8ebb422982764994cd25c5f253c7,sk_pts,under,Beckett Sennecke,0.5,betonlineag,119,-154,oddsapi
2026-10-09T23:05:07Z,2026-10-09,ANA @ WPG,48ce8ebb422982764994cd25c5f253c7,sk_pts,over,Kyle Connor,1.5,betonlineag,130,-169,oddsapi
2026-10-09T23:05:07Z,2026-10-09,ANA @ WPG,48ce8ebb422982764994cd25c5f253c7,sk_pts,under,Kyle Connor,1.5,betonlineag,-169,130,oddsapi
2026-10-09T23:05:07Z,2026-10-09,ANA @ WPG,48ce8ebb422982764994cd25c5f253c7,sk_pts,over,Mikael Granlund,0.5,betonlineag,-133,103,oddsapi
2026-10-09T23:05:07Z,2026-10-09,ANA @ WPG,48ce8ebb422982764994cd25c5f253c7,sk_pts,under,Mikael Granlund,0.5,betonlineag,103,-133,oddsapi
2026-10-09T23:05:07Z,2026-10-09,ANA @ WPG,48ce8ebb422982764994cd25c5f253c7,sk_pts,over,Cole Perfetti,0.5,betonlineag,-139,107,oddsapi
2026-10-09T23:05:07Z,2026-10-09,ANA @ WPG,48ce8ebb422982764994cd25c5f253c7,sk_pts,under,Cole Perfetti,0.5,betonlineag,107,-139,oddsapi
2026-10-09T23:05:07Z,2026-10-09,ANA @ WPG,48ce8ebb422982764994cd25c5f253c7,sk_pts,over,Jackson LaCombe,0.5,betonlineag,-133,103,oddsapi
2026-10-09T23:05:07Z,2026-10-09,ANA @ WPG,48ce8ebb422982764994cd25c5f253c7,sk_pts,under,Jackson LaCombe,0.5,betonlineag,103,-133,oddsapi
2026-10-09T23:05:07Z,2026-10-09,ANA @ WPG,48ce8ebb422982764994cd25c5f253c7,sk_pts,over,Gabriel Vilardi,0.5,betonlineag,-143,110,oddsapi
2026-10-09T23:05:07Z,2026-10-09,ANA @ WPG,48ce8ebb422982764994cd25c5f253c7,sk_pts,under,Gabriel Vilardi,0.5,betonlineag,110,-143,oddsapi
2026-10-09T23:05:07Z,2026-10-09,ANA @ WPG,48ce8ebb422982764994cd25c5f253c7,sk_pts,over,Neal Pionk,0.5,betonlineag,-109,-119,oddsapi
2026-10-09T23:05:07Z,2026-10-09,ANA @ WPG,48ce8ebb422982764994cd25c5f253c7,sk_pts,under,Neal Pionk,0.5,betonlineag,-119,-109,oddsapi
2026-10-09T23:05:07Z,2026-10-09,ANA @ WPG,48ce8ebb422982764994cd25c5f253c7,sk_pts,over,Alex Killorn,0.5,betonlineag,141,-185,oddsapi
2026-10-09T23:05:07Z,2026-10-09,ANA @ WPG,48ce8ebb422982764994cd25c5f253c7,sk_pts,under,Alex Killorn,0.5,betonlineag,-185,141,oddsapi
2026-10-09T23:05:07Z,2026-10-09,ANA @ WPG,48ce8ebb422982764994cd25c5f253c7,sk_pts,over,Cutter Gauthier,0.5,betonlineag,-167,127,oddsapi
2026-10-09T23:05:07Z,2026-10-09,ANA @ WPG,48ce8ebb422982764994cd25c5f253c7,sk_pts,under,Cutter Gauthier,0.5,betonlineag,127,-167,oddsapi
2026-10-09T23:05:07Z,2026-10-09,ANA @ WPG,48ce8ebb422982764994cd25c5f253c7,sk_pts,over,Leo Carlsson,0.5,betonlineag,-175,135,oddsapi
2026-10-09T23:05:07Z,2026-10-09,ANA @ WPG,48ce8ebb422982764994cd25c5f253c7,sk_pts,under,Leo Carlsson,0.5,betonlineag,135,-175,oddsapi
2026-10-09T23:05:07Z,2026-10-09,ANA @ WPG,48ce8ebb422982764994cd25c5f253c7,sk_pts,over,Ryan Poehling,0.5,betonlineag,182,-244,oddsapi
2026-10-09T23:05:07Z,2026-10-09,ANA @ WPG,48ce8ebb422982764994cd25c5f253c7,sk_pts,under,Ryan Poehling,0.5,betonlineag,-244,182,oddsapi
2026-10-09T23:05:07Z,2026-10-09,ANA @ WPG,48ce8ebb422982764994cd25c5f253c7,sk_pts,over,Mark Scheifele,0.5,betonlineag,-244,181,oddsapi
2026-10-09T23:05:07Z,2026-10-09,ANA @ WPG,48ce8ebb422982764994cd25c5f253c7,sk_pts,under,Mark Scheifele,0.5,betonlineag,181,-244,oddsapi
2026-10-09T23:05:07Z,2026-10-09,ANA @ WPG,48ce8ebb422982764994cd25c5f253c7,sk_pts,over,A.J. Greer,0.5,betonlineag,178,-238,oddsapi
2026-10-09T23:05:07Z,2026-10-09,ANA @ WPG,48ce8ebb422982764994cd25c5f253c7,sk_pts,under,A.J. Greer,0.5,betonlineag,-238,178,oddsapi
2026-10-09T23:05:07Z,2026-10-09,ANA @ WPG,48ce8ebb422982764994cd25c5f253c7,sk_pts,over,Pavel Mintyukov,0.5,betonlineag,190,-256,oddsapi
2026-10-09T23:05:07Z,2026-10-09,ANA @ WPG,48ce8ebb422982764994cd25c5f253c7,sk_pts,under,Pavel Mintyukov,0.5,betonlineag,-256,190,oddsapi
2026-10-09T23:05:07Z,2026-10-09,ANA @ WPG,48ce8ebb422982764994cd25c5f253c7,sk_pts,over,Tristan Luneau,0.5,betonlineag,174,-233,oddsapi
2026-10-09T23:05:07Z,2026-10-09,ANA @ WPG,48ce8ebb422982764994cd25c5f253c7,sk_pts,under,Tristan Luneau,0.5,betonlineag,-233,174,oddsapi
2026-10-09T23:05:07Z,2026-10-09,ANA @ WPG,48ce8ebb422982764994cd25c5f253c7,sk_pts,over,Dylan DeMelo,0.5,betonlineag,233,-323,oddsapi
2026-10-09T23:05:07Z,2026-10-09,ANA @ WPG,48ce8ebb422982764994cd25c5f253c7,sk_pts,under,Dylan DeMelo,0.5,betonlineag,-323,233,oddsapi
2026-10-09T23:05:07Z,2026-10-09,ANA @ WPG,48ce8ebb422982764994cd25c5f253c7,sk_pts,over,Dylan Samberg,0.5,betonlineag,164,-217,oddsapi
2026-10-09T23:05:07Z,2026-10-09,ANA @ WPG,48ce8ebb422982764994cd25c5f253c7,sk_pts,under,Dylan Samberg,0.5,betonlineag,-217,164,oddsapi
2026-10-09T23:05:07Z,2026-10-09,ANA @ WPG,48ce8ebb422982764994cd25c5f253c7,sk_pts,over,Viggo Bjorck,0.5,betonlineag,164,-217,oddsapi
2026-10-09T23:05:07Z,2026-10-09,ANA @ WPG,48ce8ebb422982764994cd25c5f253c7,sk_pts,under,Viggo Bjorck,0.5,betonlineag,-217,164,oddsapi
2026-10-09T23:05:07Z,2026-10-09,ANA @ WPG,48ce8ebb422982764994cd25c5f253c7,sk_pts,over,Adam Lowry,0.5,betonlineag,209,-286,oddsapi
2026-10-09T23:05:07Z,2026-10-09,ANA @ WPG,48ce8ebb422982764994cd25c5f253c7,sk_pts,under,Adam Lowry,0.5,betonlineag,-286,209,oddsapi
2026-10-09T23:05:07Z,2026-10-09,ANA @ WPG,48ce8ebb422982764994cd25c5f253c7,sk_pts,over,Morgan Barron,0.5,betonlineag,209,-286,oddsapi
2026-10-09T23:05:07Z,2026-10-09,ANA @ WPG,48ce8ebb422982764994cd25c5f253c7,sk_pts,under,Morgan Barron,0.5,betonlineag,-286,209,oddsapi
2026-10-09T23:05:07Z,2026-10-09,ANA @ WPG,48ce8ebb422982764994cd25c5f253c7,sk_pts,over,Alex Iafallo,0.5,betonlineag,233,-323,oddsapi
2026-10-09T23:05:07Z,2026-10-09,ANA @ WPG,48ce8ebb422982764994cd25c5f253c7,sk_pts,under,Alex Iafallo,0.5,betonlineag,-323,233,oddsapi
2026-10-09T23:05:07Z,2026-10-09,ANA @ WPG,48ce8ebb422982764994cd25c5f253c7,sk_pts,over,Nikita Klepov,0.5,betonlineag,195,-263,oddsapi
2026-10-09T23:05:07Z,2026-10-09,ANA @ WPG,48ce8ebb422982764994cd25c5f253c7,sk_pts,under,Nikita Klepov,0.5,betonlineag,-263,195,oddsapi
2026-10-09T23:05:07Z,2026-10-09,ANA @ WPG,48ce8ebb422982764994cd25c5f253c7,sk_pts,over,Isak Rosen,0.5,betonlineag,239,-333,oddsapi
2026-10-09T23:05:07Z,2026-10-09,ANA @ WPG,48ce8ebb422982764994cd25c5f253c7,sk_pts,under,Isak Rosen,0.5,betonlineag,-333,239,oddsapi
2026-10-09T23:05:07Z,2026-10-09,ANA @ WPG,48ce8ebb422982764994cd25c5f253c7,sk_sog,over,Kyle Connor,3.5,betonlineag,100,-130,oddsapi
2026-10-09T23:05:07Z,2026-10-09,ANA @ WPG,48ce8ebb422982764994cd25c5f253c7,sk_sog,under,Kyle Connor,3.5,betonlineag,-130,100,oddsapi
2026-10-09T23:05:07Z,2026-10-09,ANA @ WPG,48ce8ebb422982764994cd25c5f253c7,sk_sog,over,Cole Perfetti,2.5,betonlineag,102,-132,oddsapi
2026-10-09T23:05:07Z,2026-10-09,ANA @ WPG,48ce8ebb422982764994cd25c5f253c7,sk_sog,under,Cole Perfetti,2.5,betonlineag,-132,102,oddsapi
2026-10-09T23:05:07Z,2026-10-09,ANA @ WPG,48ce8ebb422982764994cd25c5f253c7,sk_sog,over,Beckett Sennecke,2.5,betonlineag,-119,-109,oddsapi
2026-10-09T23:05:07Z,2026-10-09,ANA @ WPG,48ce8ebb422982764994cd25c5f253c7,sk_sog,under,Beckett Sennecke,2.5,betonlineag,-109,-119,oddsapi
2026-10-09T23:05:07Z,2026-10-09,ANA @ WPG,48ce8ebb422982764994cd25c5f253c7,sk_sog,over,Cutter Gauthier,3.5,betonlineag,-118,-110,oddsapi
2026-10-09T23:05:07Z,2026-10-09,ANA @ WPG,48ce8ebb422982764994cd25c5f253c7,sk_sog,under,Cutter Gauthier,3.5,betonlineag,-110,-118,oddsapi
2026-10-09T23:05:07Z,2026-10-09,ANA @ WPG,48ce8ebb422982764994cd25c5f253c7,sk_sog,over,Leo Carlsson,2.5,betonlineag,118,-154,oddsapi
2026-10-09T23:05:07Z,2026-10-09,ANA @ WPG,48ce8ebb422982764994cd25c5f253c7,sk_sog,under,Leo Carlsson,2.5,betonlineag,-154,118,oddsapi
2026-10-09T23:05:07Z,2026-10-09,ANA @ WPG,48ce8ebb422982764994cd25c5f253c7,sk_sog,over,Mikael Granlund,1.5,betonlineag,-145,112,oddsapi
2026-10-09T23:05:07Z,2026-10-09,ANA @ WPG,48ce8ebb422982764994cd25c5f253c7,sk_sog,under,Mikael Granlund,1.5,betonlineag,112,-145,oddsapi
2026-10-09T23:05:07Z,2026-10-09,ANA @ WPG,48ce8ebb422982764994cd25c5f253c7,sk_sog,over,Jackson LaCombe,1.5,betonlineag,-143,110,oddsapi
2026-10-09T23:05:07Z,2026-10-09,ANA @ WPG,48ce8ebb422982764994cd25c5f253c7,sk_sog,under,Jackson LaCombe,1.5,betonlineag,110,-143,oddsapi
2026-10-09T23:05:07Z,2026-10-09,ANA @ WPG,48ce8ebb422982764994cd25c5f253c7,sk_sog,over,Gabriel Vilardi,1.5,betonlineag,-110,-118,oddsapi
2026-10-09T23:05:07Z,2026-10-09,ANA @ WPG,48ce8ebb422982764994cd25c5f253c7,sk_sog,under,Gabriel Vilardi,1.5,betonlineag,-118,-110,oddsapi
2026-10-09T23:05:07Z,2026-10-09,ANA @ WPG,48ce8ebb422982764994cd25c5f253c7,sk_sog,over,Alex Killorn,1.5,betonlineag,-114,-114,oddsapi
2026-10-09T23:05:07Z,2026-10-09,ANA @ WPG,48ce8ebb422982764994cd25c5f253c7,sk_sog,under,Alex Killorn,1.5,betonlineag,-114,-114,oddsapi
2026-10-09T23:05:07Z,2026-10-09,ANA @ WPG,48ce8ebb422982764994cd25c5f253c7,sk_sog,over,Viggo Bjorck,1.5,betonlineag,128,-167,oddsapi
2026-10-09T23:05:07Z,2026-10-09,ANA @ WPG,48ce8ebb422982764994cd25c5f253c7,sk_sog,under,Viggo Bjorck,1.5,betonlineag,-167,128,oddsapi
2026-10-09T23:05:07Z,2026-10-09,ANA @ WPG,48ce8ebb422982764994cd25c5f253c7,sk_sog,over,Mark Scheifele,2.5,betonlineag,145,-192,oddsapi
2026-10-09T23:05:07Z,2026-10-09,ANA @ WPG,48ce8ebb422982764994cd25c5f253c7,sk_sog,under,Mark Scheifele,2.5,betonlineag,-192,145,oddsapi
2026-10-09T23:05:07Z,2026-10-09,ANA @ WPG,48ce8ebb422982764994cd25c5f253c7,sk_sog,over,Neal Pionk,2.5,betonlineag,139,-182,oddsapi
2026-10-09T23:05:07Z,2026-10-09,ANA @ WPG,48ce8ebb422982764994cd25c5f253c7,sk_sog,under,Neal Pionk,2.5,betonlineag,-182,139,oddsapi
2026-10-09T23:05:07Z,2026-10-09,ANA @ WPG,48ce8ebb422982764994cd25c5f253c7,g_saves,over,Clay Stevenson,24.5,betonlineag,-105,-123,oddsapi
2026-10-09T23:05:07Z,2026-10-09,ANA @ WPG,48ce8ebb422982764994cd25c5f253c7,g_saves,under,Clay Stevenson,24.5,betonlineag,-123,-105,oddsapi
2026-10-09T23:05:07Z,2026-10-09,ANA @ WPG,48ce8ebb422982764994cd25c5f253c7,p1_pl,ANA,,0.5,betonlineag,-200,174,oddsapi
2026-10-09T23:05:07Z,2026-10-09,ANA @ WPG,48ce8ebb422982764994cd25c5f253c7,p1_pl,WPG,,-0.5,betonlineag,174,-200,oddsapi
2026-10-09T23:05:07Z,2026-10-09,ANA @ WPG,48ce8ebb422982764994cd25c5f253c7,team_total,over,ANA,2.5,betonlineag,-165,128,oddsapi
2026-10-09T23:05:07Z,2026-10-09,ANA @ WPG,48ce8ebb422982764994cd25c5f253c7,team_total,under,ANA,2.5,betonlineag,128,-165,oddsapi
2026-10-09T23:05:07Z,2026-10-09,ANA @ WPG,48ce8ebb422982764994cd25c5f253c7,team_total,over,WPG,3.5,betonlineag,117,-150,oddsapi
2026-10-09T23:05:07Z,2026-10-09,ANA @ WPG,48ce8ebb422982764994cd25c5f253c7,team_total,under,WPG,3.5,betonlineag,-150,117,oddsapi
2026-10-09T23:05:07Z,2026-10-09,ANA @ WPG,48ce8ebb422982764994cd25c5f253c7,p1_total,over,,1.5,betonlineag,-135,115,oddsapi
2026-10-09T23:05:07Z,2026-10-09,ANA @ WPG,48ce8ebb422982764994cd25c5f253c7,p1_total,under,,1.5,betonlineag,115,-135,oddsapi
2026-10-09T23:05:07Z,2026-10-09,ANA @ WPG,48ce8ebb422982764994cd25c5f253c7,game_ml3,ANA,,,fanatics,150,,oddsapi
2026-10-09T23:05:07Z,2026-10-09,ANA @ WPG,48ce8ebb422982764994cd25c5f253c7,game_ml3,WPG,,,fanatics,125,,oddsapi
2026-10-09T23:05:07Z,2026-10-09,ANA @ WPG,48ce8ebb422982764994cd25c5f253c7,game_ml3,draw,,,fanatics,280,,oddsapi
2026-10-09T23:05:07Z,2026-10-09,ANA @ WPG,48ce8ebb422982764994cd25c5f253c7,ags,yes,Cole Koepke,,fanatics,700,,oddsapi
2026-10-09T23:05:07Z,2026-10-09,ANA @ WPG,48ce8ebb422982764994cd25c5f253c7,ags,yes,Dylan DeMelo,,fanatics,1400,,oddsapi
2026-10-09T23:05:07Z,2026-10-09,ANA @ WPG,48ce8ebb422982764994cd25c5f253c7,ags,yes,Neal Pionk,,fanatics,450,,oddsapi
2026-10-09T23:05:07Z,2026-10-09,ANA @ WPG,48ce8ebb422982764994cd25c5f253c7,ags,yes,Vladislav Namestnikov,,fanatics,525,,oddsapi
2026-10-09T23:05:07Z,2026-10-09,ANA @ WPG,48ce8ebb422982764994cd25c5f253c7,ags,yes,Alex Iafallo,,fanatics,410,,oddsapi
2026-10-09T23:05:07Z,2026-10-09,ANA @ WPG,48ce8ebb422982764994cd25c5f253c7,ags,yes,Gabriel Vilardi,,fanatics,200,,oddsapi
2026-10-09T23:05:07Z,2026-10-09,ANA @ WPG,48ce8ebb422982764994cd25c5f253c7,ags,yes,Adam Lowry,,fanatics,575,,oddsapi
2026-10-09T23:05:07Z,2026-10-09,ANA @ WPG,48ce8ebb422982764994cd25c5f253c7,ags,yes,Morgan Barron,,fanatics,575,,oddsapi
2026-10-09T23:05:07Z,2026-10-09,ANA @ WPG,48ce8ebb422982764994cd25c5f253c7,ags,yes,Dylan Samberg,,fanatics,1400,,oddsapi
2026-10-09T23:05:07Z,2026-10-09,ANA @ WPG,48ce8ebb422982764994cd25c5f253c7,ags,yes,Mark Scheifele,,fanatics,175,,oddsapi
2026-10-09T23:05:07Z,2026-10-09,ANA @ WPG,48ce8ebb422982764994cd25c5f253c7,ags,yes,Kyle Connor,,fanatics,110,,oddsapi
2026-10-09T23:05:07Z,2026-10-09,ANA @ WPG,48ce8ebb422982764994cd25c5f253c7,ags,yes,Mario Ferraro,,fanatics,1100,,oddsapi
2026-10-09T23:05:07Z,2026-10-09,ANA @ WPG,48ce8ebb422982764994cd25c5f253c7,ags,yes,Jack St. Ivany,,fanatics,2200,,oddsapi
2026-10-09T23:05:07Z,2026-10-09,ANA @ WPG,48ce8ebb422982764994cd25c5f253c7,ags,yes,Isak Rosen,,fanatics,475,,oddsapi
2026-10-09T23:05:07Z,2026-10-09,ANA @ WPG,48ce8ebb422982764994cd25c5f253c7,ags,yes,Brad Lambert,,fanatics,650,,oddsapi
2026-10-09T23:05:07Z,2026-10-09,ANA @ WPG,48ce8ebb422982764994cd25c5f253c7,ags,yes,Cole Perfetti,,fanatics,225,,oddsapi
2026-10-09T23:05:07Z,2026-10-09,ANA @ WPG,48ce8ebb422982764994cd25c5f253c7,ags,yes,Viggo Bjorck,,fanatics,360,,oddsapi
2026-10-09T23:05:07Z,2026-10-09,ANA @ WPG,48ce8ebb422982764994cd25c5f253c7,ags,yes,A.J. Greer,,fanatics,500,,oddsapi
2026-10-09T23:05:07Z,2026-10-09,ANA @ WPG,48ce8ebb422982764994cd25c5f253c7,ags,yes,Ryan Poehling,,fanatics,525,,oddsapi
2026-10-09T23:05:07Z,2026-10-09,ANA @ WPG,48ce8ebb422982764994cd25c5f253c7,ags,yes,Travis Mitchell,,fanatics,1200,,oddsapi
2026-10-09T23:05:07Z,2026-10-09,ANA @ WPG,48ce8ebb422982764994cd25c5f253c7,ags,yes,Mikael Granlund,,fanatics,275,,oddsapi
2026-10-09T23:05:07Z,2026-10-09,ANA @ WPG,48ce8ebb422982764994cd25c5f253c7,ags,yes,Leo Carlsson,,fanatics,180,,oddsapi
2026-10-09T23:05:07Z,2026-10-09,ANA @ WPG,48ce8ebb422982764994cd25c5f253c7,ags,yes,Alex Killorn,,fanatics,325,,oddsapi
2026-10-09T23:05:07Z,2026-10-09,ANA @ WPG,48ce8ebb422982764994cd25c5f253c7,ags,yes,Noah Warren,,fanatics,1800,,oddsapi
2026-10-09T23:05:07Z,2026-10-09,ANA @ WPG,48ce8ebb422982764994cd25c5f253c7,ags,yes,Jackson LaCombe,,fanatics,475,,oddsapi
2026-10-09T23:05:07Z,2026-10-09,ANA @ WPG,48ce8ebb422982764994cd25c5f253c7,ags,yes,Nikita Nesterenko,,fanatics,650,,oddsapi
2026-10-09T23:05:07Z,2026-10-09,ANA @ WPG,48ce8ebb422982764994cd25c5f253c7,ags,yes,Tristan Luneau,,fanatics,900,,oddsapi
2026-10-09T23:05:07Z,2026-10-09,ANA @ WPG,48ce8ebb422982764994cd25c5f253c7,ags,yes,Pavel Mintyukov,,fanatics,1000,,oddsapi
2026-10-09T23:05:07Z,2026-10-09,ANA @ WPG,48ce8ebb422982764994cd25c5f253c7,ags,yes,Tyson Hinds,,fanatics,2500,,oddsapi
2026-10-09T23:05:07Z,2026-10-09,ANA @ WPG,48ce8ebb422982764994cd25c5f253c7,ags,yes,Judd Caulfield,,fanatics,1200,,oddsapi
2026-10-09T23:05:07Z,2026-10-09,ANA @ WPG,48ce8ebb422982764994cd25c5f253c7,ags,yes,Jeff Malott,,fanatics,1000,,oddsapi
2026-10-09T23:05:07Z,2026-10-09,ANA @ WPG,48ce8ebb422982764994cd25c5f253c7,ags,yes,Cutter Gauthier,,fanatics,120,,oddsapi
2026-10-09T23:05:07Z,2026-10-09,ANA @ WPG,48ce8ebb422982764994cd25c5f253c7,ags,yes,Beckett Sennecke,,fanatics,185,,oddsapi
2026-10-09T23:05:07Z,2026-10-09,ANA @ WPG,48ce8ebb422982764994cd25c5f253c7,ags,yes,Tim Washe,,fanatics,1000,,oddsapi
2026-10-09T23:05:07Z,2026-10-09,ANA @ WPG,48ce8ebb422982764994cd25c5f253c7,ags,yes,Nikita Klepov,,fanatics,430,,oddsapi
2026-10-09T23:05:07Z,2026-10-09,ANA @ WPG,48ce8ebb422982764994cd25c5f253c7,ags,yes,Haydn Fleury,,fanatics,1400,,oddsapi
2026-10-09T23:05:07Z,2026-10-09,ANA @ WPG,48ce8ebb422982764994cd25c5f253c7,ags,yes,Tyrel Bauer,,fanatics,1900,,oddsapi
2026-10-09T23:05:07Z,2026-10-09,ANA @ WPG,48ce8ebb422982764994cd25c5f253c7,fgs,yes,Cole Koepke,,fanatics,3000,,oddsapi
2026-10-09T23:05:07Z,2026-10-09,ANA @ WPG,48ce8ebb422982764994cd25c5f253c7,fgs,yes,Dylan DeMelo,,fanatics,6000,,oddsapi
2026-10-09T23:05:07Z,2026-10-09,ANA @ WPG,48ce8ebb422982764994cd25c5f253c7,fgs,yes,Neal Pionk,,fanatics,2200,,oddsapi
2026-10-09T23:05:07Z,2026-10-09,ANA @ WPG,48ce8ebb422982764994cd25c5f253c7,fgs,yes,Vladislav Namestnikov,,fanatics,2800,,oddsapi
2026-10-09T23:05:07Z,2026-10-09,ANA @ WPG,48ce8ebb422982764994cd25c5f253c7,fgs,yes,Alex Iafallo,,fanatics,1900,,oddsapi
2026-10-09T23:05:07Z,2026-10-09,ANA @ WPG,48ce8ebb422982764994cd25c5f253c7,fgs,yes,Gabriel Vilardi,,fanatics,1200,,oddsapi
2026-10-09T23:05:07Z,2026-10-09,ANA @ WPG,48ce8ebb422982764994cd25c5f253c7,fgs,yes,Adam Lowry,,fanatics,2500,,oddsapi
2026-10-09T23:05:07Z,2026-10-09,ANA @ WPG,48ce8ebb422982764994cd25c5f253c7,fgs,yes,Morgan Barron,,fanatics,3000,,oddsapi
2026-10-09T23:05:07Z,2026-10-09,ANA @ WPG,48ce8ebb422982764994cd25c5f253c7,fgs,yes,Dylan Samberg,,fanatics,6000,,oddsapi
2026-10-09T23:05:07Z,2026-10-09,ANA @ WPG,48ce8ebb422982764994cd25c5f253c7,fgs,yes,Mark Scheifele,,fanatics,950,,oddsapi
2026-10-09T23:05:07Z,2026-10-09,ANA @ WPG,48ce8ebb422982764994cd25c5f253c7,fgs,yes,Kyle Connor,,fanatics,750,,oddsapi
2026-10-09T23:05:07Z,2026-10-09,ANA @ WPG,48ce8ebb422982764994cd25c5f253c7,fgs,yes,Mario Ferraro,,fanatics,4500,,oddsapi
2026-10-09T23:05:07Z,2026-10-09,ANA @ WPG,48ce8ebb422982764994cd25c5f253c7,fgs,yes,Jack St. Ivany,,fanatics,9000,,oddsapi
2026-10-09T23:05:07Z,2026-10-09,ANA @ WPG,48ce8ebb422982764994cd25c5f253c7,fgs,yes,Isak Rosen,,fanatics,2200,,oddsapi
2026-10-09T23:05:07Z,2026-10-09,ANA @ WPG,48ce8ebb422982764994cd25c5f253c7,fgs,yes,Brad Lambert,,fanatics,3000,,oddsapi
2026-10-09T23:05:07Z,2026-10-09,ANA @ WPG,48ce8ebb422982764994cd25c5f253c7,fgs,yes,Cole Perfetti,,fanatics,1300,,oddsapi
2026-10-09T23:05:07Z,2026-10-09,ANA @ WPG,48ce8ebb422982764994cd25c5f253c7,fgs,yes,Viggo Bjorck,,fanatics,1700,,oddsapi
2026-10-09T23:05:07Z,2026-10-09,ANA @ WPG,48ce8ebb422982764994cd25c5f253c7,fgs,yes,A.J. Greer,,fanatics,2200,,oddsapi
2026-10-09T23:05:07Z,2026-10-09,ANA @ WPG,48ce8ebb422982764994cd25c5f253c7,fgs,yes,Ryan Poehling,,fanatics,2500,,oddsapi
2026-10-09T23:05:07Z,2026-10-09,ANA @ WPG,48ce8ebb422982764994cd25c5f253c7,fgs,yes,Travis Mitchell,,fanatics,7000,,oddsapi
2026-10-09T23:05:07Z,2026-10-09,ANA @ WPG,48ce8ebb422982764994cd25c5f253c7,fgs,yes,Mikael Granlund,,fanatics,1500,,oddsapi
2026-10-09T23:05:07Z,2026-10-09,ANA @ WPG,48ce8ebb422982764994cd25c5f253c7,fgs,yes,Leo Carlsson,,fanatics,1000,,oddsapi
2026-10-09T23:05:07Z,2026-10-09,ANA @ WPG,48ce8ebb422982764994cd25c5f253c7,fgs,yes,Alex Killorn,,fanatics,1500,,oddsapi
2026-10-09T23:05:07Z,2026-10-09,ANA @ WPG,48ce8ebb422982764994cd25c5f253c7,fgs,yes,Noah Warren,,fanatics,7000,,oddsapi
2026-10-09T23:05:07Z,2026-10-09,ANA @ WPG,48ce8ebb422982764994cd25c5f253c7,fgs,yes,Jackson LaCombe,,fanatics,2200,,oddsapi
2026-10-09T23:05:07Z,2026-10-09,ANA @ WPG,48ce8ebb422982764994cd25c5f253c7,fgs,yes,Nikita Nesterenko,,fanatics,3000,,oddsapi
2026-10-09T23:05:07Z,2026-10-09,ANA @ WPG,48ce8ebb422982764994cd25c5f253c7,fgs,yes,Tristan Luneau,,fanatics,4000,,oddsapi
2026-10-09T23:05:07Z,2026-10-09,ANA @ WPG,48ce8ebb422982764994cd25c5f253c7,fgs,yes,Pavel Mintyukov,,fanatics,4500,,oddsapi
2026-10-09T23:05:07Z,2026-10-09,ANA @ WPG,48ce8ebb422982764994cd25c5f253c7,fgs,yes,Tyson Hinds,,fanatics,10000,,oddsapi
2026-10-09T23:05:07Z,2026-10-09,ANA @ WPG,48ce8ebb422982764994cd25c5f253c7,fgs,yes,Judd Caulfield,,fanatics,5000,,oddsapi
2026-10-09T23:05:07Z,2026-10-09,ANA @ WPG,48ce8ebb422982764994cd25c5f253c7,fgs,yes,Jeff Malott,,fanatics,4000,,oddsapi
2026-10-09T23:05:07Z,2026-10-09,ANA @ WPG,48ce8ebb422982764994cd25c5f253c7,fgs,yes,Cutter Gauthier,,fanatics,800,,oddsapi
2026-10-09T23:05:07Z,2026-10-09,ANA @ WPG,48ce8ebb422982764994cd25c5f253c7,fgs,yes,Beckett Sennecke,,fanatics,1200,,oddsapi
2026-10-09T23:05:07Z,2026-10-09,ANA @ WPG,48ce8ebb422982764994cd25c5f253c7,fgs,yes,Tim Washe,,fanatics,4500,,oddsapi
2026-10-09T23:05:07Z,2026-10-09,ANA @ WPG,48ce8ebb422982764994cd25c5f253c7,fgs,yes,Nikita Klepov,,fanatics,2200,,oddsapi
2026-10-09T23:05:07Z,2026-10-09,ANA @ WPG,48ce8ebb422982764994cd25c5f253c7,fgs,yes,No 1st Goal,,fanatics,12000,,oddsapi
2026-10-09T23:05:07Z,2026-10-09,ANA @ WPG,48ce8ebb422982764994cd25c5f253c7,fgs,yes,Haydn Fleury,,fanatics,5000,,oddsapi
2026-10-09T23:05:07Z,2026-10-09,ANA @ WPG,48ce8ebb422982764994cd25c5f253c7,fgs,yes,Tyrel Bauer,,fanatics,8000,,oddsapi
2026-10-09T23:05:07Z,2026-10-09,ANA @ WPG,48ce8ebb422982764994cd25c5f253c7,team_total,over,ANA,2.5,fanatics,-180,135,oddsapi
2026-10-09T23:05:07Z,2026-10-09,ANA @ WPG,48ce8ebb422982764994cd25c5f253c7,team_total,under,ANA,2.5,fanatics,135,-180,oddsapi
2026-10-09T23:05:07Z,2026-10-09,ANA @ WPG,48ce8ebb422982764994cd25c5f253c7,team_total,over,WPG,3.5,fanatics,115,-150,oddsapi
2026-10-09T23:05:07Z,2026-10-09,ANA @ WPG,48ce8ebb422982764994cd25c5f253c7,team_total,under,WPG,3.5,fanatics,-150,115,oddsapi
2026-10-09T23:05:07Z,2026-10-09,ANA @ WPG,48ce8ebb422982764994cd25c5f253c7,game_ml3,ANA,,,williamhill_us,138,,oddsapi
2026-10-09T23:05:07Z,2026-10-09,ANA @ WPG,48ce8ebb422982764994cd25c5f253c7,game_ml3,WPG,,,williamhill_us,122,,oddsapi
2026-10-09T23:05:07Z,2026-10-09,ANA @ WPG,48ce8ebb422982764994cd25c5f253c7,game_ml3,draw,,,williamhill_us,270,,oddsapi
2026-10-09T23:05:07Z,2026-10-09,ANA @ WPG,48ce8ebb422982764994cd25c5f253c7,p1_ml3,ANA,,,williamhill_us,175,,oddsapi
2026-10-09T23:05:07Z,2026-10-09,ANA @ WPG,48ce8ebb422982764994cd25c5f253c7,p1_ml3,WPG,,,williamhill_us,159,,oddsapi
2026-10-09T23:05:07Z,2026-10-09,ANA @ WPG,48ce8ebb422982764994cd25c5f253c7,p1_ml3,draw,,,williamhill_us,162,,oddsapi
2026-10-09T23:05:07Z,2026-10-09,ANA @ WPG,48ce8ebb422982764994cd25c5f253c7,ags,yes,Kyle Connor,,williamhill_us,118,,oddsapi
2026-10-09T23:05:07Z,2026-10-09,ANA @ WPG,48ce8ebb422982764994cd25c5f253c7,ags,yes,Cutter Gauthier,,williamhill_us,130,,oddsapi
2026-10-09T23:05:07Z,2026-10-09,ANA @ WPG,48ce8ebb422982764994cd25c5f253c7,ags,yes,Leo Carlsson,,williamhill_us,174,,oddsapi
2026-10-09T23:05:07Z,2026-10-09,ANA @ WPG,48ce8ebb422982764994cd25c5f253c7,ags,yes,Beckett Sennecke,,williamhill_us,184,,oddsapi
2026-10-09T23:05:07Z,2026-10-09,ANA @ WPG,48ce8ebb422982764994cd25c5f253c7,ags,yes,Mark Scheifele,,williamhill_us,184,,oddsapi
2026-10-09T23:05:07Z,2026-10-09,ANA @ WPG,48ce8ebb422982764994cd25c5f253c7,ags,yes,Gabriel Vilardi,,williamhill_us,200,,oddsapi
2026-10-09T23:05:07Z,2026-10-09,ANA @ WPG,48ce8ebb422982764994cd25c5f253c7,ags,yes,Cole Perfetti,,williamhill_us,220,,oddsapi
2026-10-09T23:05:07Z,2026-10-09,ANA @ WPG,48ce8ebb422982764994cd25c5f253c7,ags,yes,Mikael Granlund,,williamhill_us,260,,oddsapi
2026-10-09T23:05:07Z,2026-10-09,ANA @ WPG,48ce8ebb422982764994cd25c5f253c7,ags,yes,Alex Killorn,,williamhill_us,305,,oddsapi
2026-10-09T23:05:07Z,2026-10-09,ANA @ WPG,48ce8ebb422982764994cd25c5f253c7,ags,yes,Viggo Bjorck,,williamhill_us,340,,oddsapi
2026-10-09T23:05:07Z,2026-10-09,ANA @ WPG,48ce8ebb422982764994cd25c5f253c7,ags,yes,Alex Iafallo,,williamhill_us,360,,oddsapi
2026-10-09T23:05:07Z,2026-10-09,ANA @ WPG,48ce8ebb422982764994cd25c5f253c7,ags,yes,Nikita Klepov,,williamhill_us,360,,oddsapi
2026-10-09T23:05:07Z,2026-10-09,ANA @ WPG,48ce8ebb422982764994cd25c5f253c7,ags,yes,Neal Pionk,,williamhill_us,375,,oddsapi
2026-10-09T23:05:07Z,2026-10-09,ANA @ WPG,48ce8ebb422982764994cd25c5f253c7,ags,yes,A.J. Greer,,williamhill_us,390,,oddsapi
2026-10-09T23:05:07Z,2026-10-09,ANA @ WPG,48ce8ebb422982764994cd25c5f253c7,ags,yes,Jackson LaCombe,,williamhill_us,390,,oddsapi
2026-10-09T23:05:07Z,2026-10-09,ANA @ WPG,48ce8ebb422982764994cd25c5f253c7,ags,yes,Ryan Poehling,,williamhill_us,400,,oddsapi
2026-10-09T23:05:07Z,2026-10-09,ANA @ WPG,48ce8ebb422982764994cd25c5f253c7,ags,yes,Isak Rosen,,williamhill_us,400,,oddsapi
2026-10-09T23:05:07Z,2026-10-09,ANA @ WPG,48ce8ebb422982764994cd25c5f253c7,ags,yes,Vladislav Namestnikov,,williamhill_us,425,,oddsapi
2026-10-09T23:05:07Z,2026-10-09,ANA @ WPG,48ce8ebb422982764994cd25c5f253c7,ags,yes,Adam Lowry,,williamhill_us,450,,oddsapi
2026-10-09T23:05:07Z,2026-10-09,ANA @ WPG,48ce8ebb422982764994cd25c5f253c7,ags,yes,Morgan Barron,,williamhill_us,450,,oddsapi
2026-10-09T23:05:07Z,2026-10-09,ANA @ WPG,48ce8ebb422982764994cd25c5f253c7,ags,yes,Cole Koepke,,williamhill_us,500,,oddsapi
2026-10-09T23:05:07Z,2026-10-09,ANA @ WPG,48ce8ebb422982764994cd25c5f253c7,ags,yes,Brad Lambert,,williamhill_us,500,,oddsapi
2026-10-09T23:05:07Z,2026-10-09,ANA @ WPG,48ce8ebb422982764994cd25c5f253c7,ags,yes,Nikita Nesterenko,,williamhill_us,525,,oddsapi
2026-10-09T23:05:07Z,2026-10-09,ANA @ WPG,48ce8ebb422982764994cd25c5f253c7,ags,yes,Jeff Malott,,williamhill_us,625,,oddsapi
2026-10-09T23:05:07Z,2026-10-09,ANA @ WPG,48ce8ebb422982764994cd25c5f253c7,ags,yes,Tristan Luneau,,williamhill_us,625,,oddsapi
2026-10-09T23:05:07Z,2026-10-09,ANA @ WPG,48ce8ebb422982764994cd25c5f253c7,ags,yes,Tim Washe,,williamhill_us,650,,oddsapi
2026-10-09T23:05:07Z,2026-10-09,ANA @ WPG,48ce8ebb422982764994cd25c5f253c7,ags,yes,Mario Ferraro,,williamhill_us,675,,oddsapi
2026-10-09T23:05:07Z,2026-10-09,ANA @ WPG,48ce8ebb422982764994cd25c5f253c7,ags,yes,Pavel Mintyukov,,williamhill_us,675,,oddsapi
2026-10-09T23:05:07Z,2026-10-09,ANA @ WPG,48ce8ebb422982764994cd25c5f253c7,ags,yes,Judd Caulfield,,williamhill_us,750,,oddsapi
2026-10-09T23:05:07Z,2026-10-09,ANA @ WPG,48ce8ebb422982764994cd25c5f253c7,ags,yes,Haydn Fleury,,williamhill_us,800,,oddsapi
2026-10-09T23:05:07Z,2026-10-09,ANA @ WPG,48ce8ebb422982764994cd25c5f253c7,ags,yes,Dylan DeMelo,,williamhill_us,800,,oddsapi
2026-10-09T23:05:07Z,2026-10-09,ANA @ WPG,48ce8ebb422982764994cd25c5f253c7,ags,yes,Dylan Samberg,,williamhill_us,800,,oddsapi
2026-10-09T23:05:07Z,2026-10-09,ANA @ WPG,48ce8ebb422982764994cd25c5f253c7,ags,yes,Travis Mitchell,,williamhill_us,800,,oddsapi
2026-10-09T23:05:07Z,2026-10-09,ANA @ WPG,48ce8ebb422982764994cd25c5f253c7,ags,yes,Noah Warren,,williamhill_us,850,,oddsapi
2026-10-09T23:05:07Z,2026-10-09,ANA @ WPG,48ce8ebb422982764994cd25c5f253c7,ags,yes,Tyrel Bauer,,williamhill_us,850,,oddsapi
2026-10-09T23:05:07Z,2026-10-09,ANA @ WPG,48ce8ebb422982764994cd25c5f253c7,ags,yes,Tyson Hinds,,williamhill_us,900,,oddsapi
2026-10-09T23:05:07Z,2026-10-09,ANA @ WPG,48ce8ebb422982764994cd25c5f253c7,fgs,yes,Cutter Gauthier,,williamhill_us,850,,oddsapi
2026-10-09T23:05:07Z,2026-10-09,ANA @ WPG,48ce8ebb422982764994cd25c5f253c7,fgs,yes,Kyle Connor,,williamhill_us,850,,oddsapi
2026-10-09T23:05:07Z,2026-10-09,ANA @ WPG,48ce8ebb422982764994cd25c5f253c7,fgs,yes,Mark Scheifele,,williamhill_us,1100,,oddsapi
2026-10-09T23:05:07Z,2026-10-09,ANA @ WPG,48ce8ebb422982764994cd25c5f253c7,fgs,yes,Leo Carlsson,,williamhill_us,1100,,oddsapi
2026-10-09T23:05:07Z,2026-10-09,ANA @ WPG,48ce8ebb422982764994cd25c5f253c7,fgs,yes,Beckett Sennecke,,williamhill_us,1200,,oddsapi
2026-10-09T23:05:07Z,2026-10-09,ANA @ WPG,48ce8ebb422982764994cd25c5f253c7,fgs,yes,Cole Perfetti,,williamhill_us,1400,,oddsapi
2026-10-09T23:05:07Z,2026-10-09,ANA @ WPG,48ce8ebb422982764994cd25c5f253c7,fgs,yes,Gabriel Vilardi,,williamhill_us,1400,,oddsapi
2026-10-09T23:05:07Z,2026-10-09,ANA @ WPG,48ce8ebb422982764994cd25c5f253c7,fgs,yes,Mikael Granlund,,williamhill_us,1600,,oddsapi
2026-10-09T23:05:07Z,2026-10-09,ANA @ WPG,48ce8ebb422982764994cd25c5f253c7,fgs,yes,Alex Killorn,,williamhill_us,2000,,oddsapi
2026-10-09T23:05:07Z,2026-10-09,ANA @ WPG,48ce8ebb422982764994cd25c5f253c7,fgs,yes,Viggo Bjorck,,williamhill_us,2100,,oddsapi
2026-10-09T23:05:07Z,2026-10-09,ANA @ WPG,48ce8ebb422982764994cd25c5f253c7,fgs,yes,Nikita Klepov,,williamhill_us,2300,,oddsapi
2026-10-09T23:05:07Z,2026-10-09,ANA @ WPG,48ce8ebb422982764994cd25c5f253c7,fgs,yes,Ryan Poehling,,williamhill_us,2400,,oddsapi
2026-10-09T23:05:07Z,2026-10-09,ANA @ WPG,48ce8ebb422982764994cd25c5f253c7,fgs,yes,A.J. Greer,,williamhill_us,2400,,oddsapi
2026-10-09T23:05:07Z,2026-10-09,ANA @ WPG,48ce8ebb422982764994cd25c5f253c7,fgs,yes,Neal Pionk,,williamhill_us,2500,,oddsapi
2026-10-09T23:05:07Z,2026-10-09,ANA @ WPG,48ce8ebb422982764994cd25c5f253c7,fgs,yes,Alex Iafallo,,williamhill_us,2500,,oddsapi
2026-10-09T23:05:07Z,2026-10-09,ANA @ WPG,48ce8ebb422982764994cd25c5f253c7,fgs,yes,Jackson LaCombe,,williamhill_us,2600,,oddsapi
2026-10-09T23:05:07Z,2026-10-09,ANA @ WPG,48ce8ebb422982764994cd25c5f253c7,fgs,yes,Isak Rosen,,williamhill_us,2600,,oddsapi
2026-10-09T23:05:07Z,2026-10-09,ANA @ WPG,48ce8ebb422982764994cd25c5f253c7,fgs,yes,Adam Lowry,,williamhill_us,2800,,oddsapi
2026-10-09T23:05:07Z,2026-10-09,ANA @ WPG,48ce8ebb422982764994cd25c5f253c7,fgs,yes,Vladislav Namestnikov,,williamhill_us,3000,,oddsapi
2026-10-09T23:05:07Z,2026-10-09,ANA @ WPG,48ce8ebb422982764994cd25c5f253c7,fgs,yes,Morgan Barron,,williamhill_us,3300,,oddsapi
2026-10-09T23:05:07Z,2026-10-09,ANA @ WPG,48ce8ebb422982764994cd25c5f253c7,fgs,yes,Nikita Nesterenko,,williamhill_us,3500,,oddsapi
2026-10-09T23:05:07Z,2026-10-09,ANA @ WPG,48ce8ebb422982764994cd25c5f253c7,fgs,yes,Brad Lambert,,williamhill_us,3500,,oddsapi
2026-10-09T23:05:07Z,2026-10-09,ANA @ WPG,48ce8ebb422982764994cd25c5f253c7,fgs,yes,Cole Koepke,,williamhill_us,3500,,oddsapi
2026-10-09T23:05:07Z,2026-10-09,ANA @ WPG,48ce8ebb422982764994cd25c5f253c7,fgs,yes,Jeff Malott,,williamhill_us,4500,,oddsapi
2026-10-09T23:05:07Z,2026-10-09,ANA @ WPG,48ce8ebb422982764994cd25c5f253c7,fgs,yes,Tim Washe,,williamhill_us,5000,,oddsapi
2026-10-09T23:05:07Z,2026-10-09,ANA @ WPG,48ce8ebb422982764994cd25c5f253c7,fgs,yes,Mario Ferraro,,williamhill_us,5500,,oddsapi
2026-10-09T23:05:07Z,2026-10-09,ANA @ WPG,48ce8ebb422982764994cd25c5f253c7,fgs,yes,Judd Caulfield,,williamhill_us,5500,,oddsapi
2026-10-09T23:05:07Z,2026-10-09,ANA @ WPG,48ce8ebb422982764994cd25c5f253c7,fgs,yes,Pavel Mintyukov,,williamhill_us,5500,,oddsapi
2026-10-09T23:05:07Z,2026-10-09,ANA @ WPG,48ce8ebb422982764994cd25c5f253c7,fgs,yes,Tristan Luneau,,williamhill_us,5500,,oddsapi
2026-10-09T23:05:07Z,2026-10-09,ANA @ WPG,48ce8ebb422982764994cd25c5f253c7,fgs,yes,Travis Mitchell,,williamhill_us,7000,,oddsapi
2026-10-09T23:05:07Z,2026-10-09,ANA @ WPG,48ce8ebb422982764994cd25c5f253c7,fgs,yes,Dylan DeMelo,,williamhill_us,7000,,oddsapi
2026-10-09T23:05:07Z,2026-10-09,ANA @ WPG,48ce8ebb422982764994cd25c5f253c7,fgs,yes,Dylan Samberg,,williamhill_us,7500,,oddsapi
2026-10-09T23:05:07Z,2026-10-09,ANA @ WPG,48ce8ebb422982764994cd25c5f253c7,team_total,over,ANA,3.5,williamhill_us,119,-170,oddsapi
2026-10-09T23:05:07Z,2026-10-09,ANA @ WPG,48ce8ebb422982764994cd25c5f253c7,team_total,under,ANA,3.5,williamhill_us,-170,119,oddsapi
2026-10-09T23:05:07Z,2026-10-09,ANA @ WPG,48ce8ebb422982764994cd25c5f253c7,team_total,over,WPG,3.5,williamhill_us,107,-150,oddsapi
2026-10-09T23:05:07Z,2026-10-09,ANA @ WPG,48ce8ebb422982764994cd25c5f253c7,team_total,under,WPG,3.5,williamhill_us,-150,107,oddsapi
2026-10-09T23:05:07Z,2026-10-09,ANA @ WPG,48ce8ebb422982764994cd25c5f253c7,game_pl_alt,ANA,,-1.5,bovada,240,-340,oddsapi
2026-10-09T23:05:07Z,2026-10-09,ANA @ WPG,48ce8ebb422982764994cd25c5f253c7,game_pl_alt,ANA,,2.5,bovada,-500,330,oddsapi
2026-10-09T23:05:07Z,2026-10-09,ANA @ WPG,48ce8ebb422982764994cd25c5f253c7,game_pl_alt,ANA,,-2.5,bovada,425,-700,oddsapi
2026-10-09T23:05:07Z,2026-10-09,ANA @ WPG,48ce8ebb422982764994cd25c5f253c7,game_pl_alt,WPG,,1.5,bovada,-340,240,oddsapi
2026-10-09T23:05:07Z,2026-10-09,ANA @ WPG,48ce8ebb422982764994cd25c5f253c7,game_pl_alt,WPG,,-2.5,bovada,330,-500,oddsapi
2026-10-09T23:05:07Z,2026-10-09,ANA @ WPG,48ce8ebb422982764994cd25c5f253c7,game_pl_alt,WPG,,2.5,bovada,-700,425,oddsapi
2026-10-09T23:05:07Z,2026-10-09,ANA @ WPG,48ce8ebb422982764994cd25c5f253c7,team_total_alt,over,ANA,1.5,bovada,-500,325,oddsapi
2026-10-09T23:05:07Z,2026-10-09,ANA @ WPG,48ce8ebb422982764994cd25c5f253c7,team_total_alt,under,ANA,1.5,bovada,325,-500,oddsapi
2026-10-09T23:05:07Z,2026-10-09,ANA @ WPG,48ce8ebb422982764994cd25c5f253c7,team_total_alt,over,ANA,2.5,bovada,-155,120,oddsapi
2026-10-09T23:05:07Z,2026-10-09,ANA @ WPG,48ce8ebb422982764994cd25c5f253c7,team_total_alt,under,ANA,2.5,bovada,120,-155,oddsapi
2026-10-09T23:05:07Z,2026-10-09,ANA @ WPG,48ce8ebb422982764994cd25c5f253c7,team_total_alt,over,ANA,3.5,bovada,145,-190,oddsapi
2026-10-09T23:05:07Z,2026-10-09,ANA @ WPG,48ce8ebb422982764994cd25c5f253c7,team_total_alt,under,ANA,3.5,bovada,-190,145,oddsapi
2026-10-09T23:05:07Z,2026-10-09,ANA @ WPG,48ce8ebb422982764994cd25c5f253c7,team_total_alt,over,WPG,2.5,bovada,-210,160,oddsapi
2026-10-09T23:05:07Z,2026-10-09,ANA @ WPG,48ce8ebb422982764994cd25c5f253c7,team_total_alt,under,WPG,2.5,bovada,160,-210,oddsapi
2026-10-09T23:05:07Z,2026-10-09,ANA @ WPG,48ce8ebb422982764994cd25c5f253c7,team_total_alt,over,WPG,3.5,bovada,115,-150,oddsapi
2026-10-09T23:05:07Z,2026-10-09,ANA @ WPG,48ce8ebb422982764994cd25c5f253c7,team_total_alt,under,WPG,3.5,bovada,-150,115,oddsapi
2026-10-09T23:05:07Z,2026-10-09,ANA @ WPG,48ce8ebb422982764994cd25c5f253c7,team_total_alt,over,WPG,4.5,bovada,280,-410,oddsapi
2026-10-09T23:05:07Z,2026-10-09,ANA @ WPG,48ce8ebb422982764994cd25c5f253c7,team_total_alt,under,WPG,4.5,bovada,-410,280,oddsapi
2026-10-09T23:05:07Z,2026-10-09,ANA @ WPG,48ce8ebb422982764994cd25c5f253c7,game_total_alt,over,,5.5,bovada,-175,135,oddsapi
2026-10-09T23:05:07Z,2026-10-09,ANA @ WPG,48ce8ebb422982764994cd25c5f253c7,game_total_alt,over,,6,bovada,-130,100,oddsapi
2026-10-09T23:05:07Z,2026-10-09,ANA @ WPG,48ce8ebb422982764994cd25c5f253c7,game_total_alt,over,,7,bovada,165,-220,oddsapi
2026-10-09T23:05:07Z,2026-10-09,ANA @ WPG,48ce8ebb422982764994cd25c5f253c7,game_total_alt,over,,7.5,bovada,225,-310,oddsapi
2026-10-09T23:05:07Z,2026-10-09,ANA @ WPG,48ce8ebb422982764994cd25c5f253c7,game_total_alt,over,,8.5,bovada,315,-475,oddsapi
2026-10-09T23:05:07Z,2026-10-09,ANA @ WPG,48ce8ebb422982764994cd25c5f253c7,game_total_alt,under,,5.5,bovada,135,-175,oddsapi
2026-10-09T23:05:07Z,2026-10-09,ANA @ WPG,48ce8ebb422982764994cd25c5f253c7,game_total_alt,under,,6,bovada,100,-130,oddsapi
2026-10-09T23:05:07Z,2026-10-09,ANA @ WPG,48ce8ebb422982764994cd25c5f253c7,game_total_alt,under,,7,bovada,-220,165,oddsapi
2026-10-09T23:05:07Z,2026-10-09,ANA @ WPG,48ce8ebb422982764994cd25c5f253c7,game_total_alt,under,,7.5,bovada,-310,225,oddsapi
2026-10-09T23:05:07Z,2026-10-09,ANA @ WPG,48ce8ebb422982764994cd25c5f253c7,game_total_alt,under,,8.5,bovada,-475,315,oddsapi
2026-10-09T23:05:07Z,2026-10-09,ANA @ WPG,48ce8ebb422982764994cd25c5f253c7,game_ml3,ANA,,,bovada,157,,oddsapi
2026-10-09T23:05:07Z,2026-10-09,ANA @ WPG,48ce8ebb422982764994cd25c5f253c7,game_ml3,WPG,,,bovada,126,,oddsapi
2026-10-09T23:05:07Z,2026-10-09,ANA @ WPG,48ce8ebb422982764994cd25c5f253c7,game_ml3,draw,,,bovada,315,,oddsapi
2026-10-09T23:05:07Z,2026-10-09,ANA @ WPG,48ce8ebb422982764994cd25c5f253c7,p1_ml3,ANA,,,bovada,180,,oddsapi
2026-10-09T23:05:07Z,2026-10-09,ANA @ WPG,48ce8ebb422982764994cd25c5f253c7,p1_ml3,WPG,,,bovada,173,,oddsapi
2026-10-09T23:05:07Z,2026-10-09,ANA @ WPG,48ce8ebb422982764994cd25c5f253c7,p1_ml3,draw,,,bovada,183,,oddsapi
2026-10-09T23:05:07Z,2026-10-09,ANA @ WPG,48ce8ebb422982764994cd25c5f253c7,p1_ml,ANA,,,bovada,-105,-125,oddsapi
2026-10-09T23:05:07Z,2026-10-09,ANA @ WPG,48ce8ebb422982764994cd25c5f253c7,p1_ml,WPG,,,bovada,-125,-105,oddsapi
2026-10-09T23:05:07Z,2026-10-09,ANA @ WPG,48ce8ebb422982764994cd25c5f253c7,p2_ml,ANA,,,bovada,-105,-125,oddsapi
2026-10-09T23:05:07Z,2026-10-09,ANA @ WPG,48ce8ebb422982764994cd25c5f253c7,p2_ml,WPG,,,bovada,-125,-105,oddsapi
2026-10-09T23:05:07Z,2026-10-09,ANA @ WPG,48ce8ebb422982764994cd25c5f253c7,p3_ml,ANA,,,bovada,-105,-125,oddsapi
2026-10-09T23:05:07Z,2026-10-09,ANA @ WPG,48ce8ebb422982764994cd25c5f253c7,p3_ml,WPG,,,bovada,-125,-105,oddsapi
2026-10-09T23:05:07Z,2026-10-09,ANA @ WPG,48ce8ebb422982764994cd25c5f253c7,ags,yes,Leo Carlsson,,bovada,176,,oddsapi
2026-10-09T23:05:07Z,2026-10-09,ANA @ WPG,48ce8ebb422982764994cd25c5f253c7,ags,yes,Tyson Hinds,,bovada,1900,,oddsapi
2026-10-09T23:05:07Z,2026-10-09,ANA @ WPG,48ce8ebb422982764994cd25c5f253c7,ags,yes,Noah Warren,,bovada,1500,,oddsapi
2026-10-09T23:05:07Z,2026-10-09,ANA @ WPG,48ce8ebb422982764994cd25c5f253c7,ags,yes,Cole Perfetti,,bovada,225,,oddsapi
2026-10-09T23:05:07Z,2026-10-09,ANA @ WPG,48ce8ebb422982764994cd25c5f253c7,ags,yes,Jeff Malott,,bovada,850,,oddsapi
2026-10-09T23:05:07Z,2026-10-09,ANA @ WPG,48ce8ebb422982764994cd25c5f253c7,ags,yes,Nikita Klepov,,bovada,410,,oddsapi
2026-10-09T23:05:07Z,2026-10-09,ANA @ WPG,48ce8ebb422982764994cd25c5f253c7,ags,yes,Alex Killorn,,bovada,320,,oddsapi
2026-10-09T23:05:07Z,2026-10-09,ANA @ WPG,48ce8ebb422982764994cd25c5f253c7,ags,yes,Cole Koepke,,bovada,625,,oddsapi
2026-10-09T23:05:07Z,2026-10-09,ANA @ WPG,48ce8ebb422982764994cd25c5f253c7,ags,yes,Dylan DeMelo,,bovada,1300,,oddsapi
2026-10-09T23:05:07Z,2026-10-09,ANA @ WPG,48ce8ebb422982764994cd25c5f253c7,ags,yes,Gabriel Vilardi,,bovada,212,,oddsapi
2026-10-09T23:05:07Z,2026-10-09,ANA @ WPG,48ce8ebb422982764994cd25c5f253c7,ags,yes,Neal Pionk,,bovada,425,,oddsapi
2026-10-09T23:05:07Z,2026-10-09,ANA @ WPG,48ce8ebb422982764994cd25c5f253c7,ags,yes,Dylan Samberg,,bovada,1300,,oddsapi
2026-10-09T23:05:07Z,2026-10-09,ANA @ WPG,48ce8ebb422982764994cd25c5f253c7,ags,yes,Mikael Granlund,,bovada,275,,oddsapi
2026-10-09T23:05:07Z,2026-10-09,ANA @ WPG,48ce8ebb422982764994cd25c5f253c7,ags,yes,Brad Lambert,,bovada,625,,oddsapi
2026-10-09T23:05:07Z,2026-10-09,ANA @ WPG,48ce8ebb422982764994cd25c5f253c7,ags,yes,Cutter Gauthier,,bovada,128,,oddsapi
2026-10-09T23:05:07Z,2026-10-09,ANA @ WPG,48ce8ebb422982764994cd25c5f253c7,ags,yes,Travis Mitchell,,bovada,1300,,oddsapi
2026-10-09T23:05:07Z,2026-10-09,ANA @ WPG,48ce8ebb422982764994cd25c5f253c7,ags,yes,Kyle Connor,,bovada,118,,oddsapi
2026-10-09T23:05:07Z,2026-10-09,ANA @ WPG,48ce8ebb422982764994cd25c5f253c7,ags,yes,A.J. Greer,,bovada,460,,oddsapi
2026-10-09T23:05:07Z,2026-10-09,ANA @ WPG,48ce8ebb422982764994cd25c5f253c7,ags,yes,Pavel Mintyukov,,bovada,1000,,oddsapi
2026-10-09T23:05:07Z,2026-10-09,ANA @ WPG,48ce8ebb422982764994cd25c5f253c7,ags,yes,Morgan Barron,,bovada,575,,oddsapi
2026-10-09T23:05:07Z,2026-10-09,ANA @ WPG,48ce8ebb422982764994cd25c5f253c7,ags,yes,Jackson LaCombe,,bovada,450,,oddsapi
2026-10-09T23:05:07Z,2026-10-09,ANA @ WPG,48ce8ebb422982764994cd25c5f253c7,ags,yes,Mario Ferraro,,bovada,1000,,oddsapi
2026-10-09T23:05:07Z,2026-10-09,ANA @ WPG,48ce8ebb422982764994cd25c5f253c7,ags,yes,Viggo Bjorck,,bovada,365,,oddsapi
2026-10-09T23:05:07Z,2026-10-09,ANA @ WPG,48ce8ebb422982764994cd25c5f253c7,ags,yes,Nikita Nesterenko,,bovada,625,,oddsapi
2026-10-09T23:05:07Z,2026-10-09,ANA @ WPG,48ce8ebb422982764994cd25c5f253c7,ags,yes,Mark Scheifele,,bovada,185,,oddsapi
2026-10-09T23:05:07Z,2026-10-09,ANA @ WPG,48ce8ebb422982764994cd25c5f253c7,ags,yes,Ryan Poehling,,bovada,460,,oddsapi
2026-10-09T23:05:07Z,2026-10-09,ANA @ WPG,48ce8ebb422982764994cd25c5f253c7,ags,yes,Alex Iafallo,,bovada,410,,oddsapi
2026-10-09T23:05:07Z,2026-10-09,ANA @ WPG,48ce8ebb422982764994cd25c5f253c7,ags,yes,Judd Caulfield,,bovada,1100,,oddsapi
2026-10-09T23:05:07Z,2026-10-09,ANA @ WPG,48ce8ebb422982764994cd25c5f253c7,ags,yes,Tim Washe,,bovada,900,,oddsapi
2026-10-09T23:05:07Z,2026-10-09,ANA @ WPG,48ce8ebb422982764994cd25c5f253c7,ags,yes,Adam Lowry,,bovada,500,,oddsapi
2026-10-09T23:05:07Z,2026-10-09,ANA @ WPG,48ce8ebb422982764994cd25c5f253c7,ags,yes,Beckett Sennecke,,bovada,188,,oddsapi
2026-10-09T23:05:07Z,2026-10-09,ANA @ WPG,48ce8ebb422982764994cd25c5f253c7,ags,yes,Isak Rosen,,bovada,460,,oddsapi
2026-10-09T23:05:07Z,2026-10-09,ANA @ WPG,48ce8ebb422982764994cd25c5f253c7,ags,yes,Vladislav Namestnikov,,bovada,500,,oddsapi
2026-10-09T23:05:07Z,2026-10-09,ANA @ WPG,48ce8ebb422982764994cd25c5f253c7,ags,yes,Tristan Luneau,,bovada,875,,oddsapi
2026-10-09T23:05:07Z,2026-10-09,ANA @ WPG,48ce8ebb422982764994cd25c5f253c7,ags,yes,Haydn Fleury,,bovada,1100,,oddsapi
2026-10-09T23:05:07Z,2026-10-09,ANA @ WPG,48ce8ebb422982764994cd25c5f253c7,ags,yes,Josh Morrissey,,bovada,450,,oddsapi
2026-10-09T23:05:07Z,2026-10-09,ANA @ WPG,48ce8ebb422982764994cd25c5f253c7,ags,yes,Tyrel Bauer,,bovada,850,,oddsapi
2026-10-09T23:05:07Z,2026-10-09,ANA @ WPG,48ce8ebb422982764994cd25c5f253c7,fgs,yes,Kyle Connor,,bovada,900,,oddsapi
2026-10-09T23:05:07Z,2026-10-09,ANA @ WPG,48ce8ebb422982764994cd25c5f253c7,fgs,yes,Leo Carlsson,,bovada,1300,,oddsapi
2026-10-09T23:05:07Z,2026-10-09,ANA @ WPG,48ce8ebb422982764994cd25c5f253c7,fgs,yes,Viggo Bjorck,,bovada,2200,,oddsapi
2026-10-09T23:05:07Z,2026-10-09,ANA @ WPG,48ce8ebb422982764994cd25c5f253c7,fgs,yes,Cole Koepke,,bovada,3500,,oddsapi
2026-10-09T23:05:07Z,2026-10-09,ANA @ WPG,48ce8ebb422982764994cd25c5f253c7,fgs,yes,Nikita Klepov,,bovada,2500,,oddsapi
2026-10-09T23:05:07Z,2026-10-09,ANA @ WPG,48ce8ebb422982764994cd25c5f253c7,fgs,yes,Tyson Hinds,,bovada,10000,,oddsapi
2026-10-09T23:05:07Z,2026-10-09,ANA @ WPG,48ce8ebb422982764994cd25c5f253c7,fgs,yes,Adam Lowry,,bovada,3000,,oddsapi
2026-10-09T23:05:07Z,2026-10-09,ANA @ WPG,48ce8ebb422982764994cd25c5f253c7,fgs,yes,Isak Rosen,,bovada,3000,,oddsapi
2026-10-09T23:05:07Z,2026-10-09,ANA @ WPG,48ce8ebb422982764994cd25c5f253c7,fgs,yes,A.J. Greer,,bovada,2500,,oddsapi
2026-10-09T23:05:07Z,2026-10-09,ANA @ WPG,48ce8ebb422982764994cd25c5f253c7,fgs,yes,Judd Caulfield,,bovada,6500,,oddsapi
2026-10-09T23:05:07Z,2026-10-09,ANA @ WPG,48ce8ebb422982764994cd25c5f253c7,fgs,yes,Noah Warren,,bovada,10000,,oddsapi
2026-10-09T23:05:07Z,2026-10-09,ANA @ WPG,48ce8ebb422982764994cd25c5f253c7,fgs,yes,Cutter Gauthier,,bovada,900,,oddsapi
2026-10-09T23:05:07Z,2026-10-09,ANA @ WPG,48ce8ebb422982764994cd25c5f253c7,fgs,yes,Gabriel Vilardi,,bovada,1400,,oddsapi
2026-10-09T23:05:07Z,2026-10-09,ANA @ WPG,48ce8ebb422982764994cd25c5f253c7,fgs,yes,Mark Scheifele,,bovada,1300,,oddsapi
2026-10-09T23:05:07Z,2026-10-09,ANA @ WPG,48ce8ebb422982764994cd25c5f253c7,fgs,yes,Alex Killorn,,bovada,2200,,oddsapi
2026-10-09T23:05:07Z,2026-10-09,ANA @ WPG,48ce8ebb422982764994cd25c5f253c7,fgs,yes,Ryan Poehling,,bovada,3000,,oddsapi
2026-10-09T23:05:07Z,2026-10-09,ANA @ WPG,48ce8ebb422982764994cd25c5f253c7,fgs,yes,Dylan Samberg,,bovada,7500,,oddsapi
2026-10-09T23:05:07Z,2026-10-09,ANA @ WPG,48ce8ebb422982764994cd25c5f253c7,fgs,yes,Morgan Barron,,bovada,3000,,oddsapi
2026-10-09T23:05:07Z,2026-10-09,ANA @ WPG,48ce8ebb422982764994cd25c5f253c7,fgs,yes,Pavel Mintyukov,,bovada,6000,,oddsapi
2026-10-09T23:05:07Z,2026-10-09,ANA @ WPG,48ce8ebb422982764994cd25c5f253c7,fgs,yes,Neal Pionk,,bovada,2500,,oddsapi
2026-10-09T23:05:07Z,2026-10-09,ANA @ WPG,48ce8ebb422982764994cd25c5f253c7,fgs,yes,Alex Iafallo,,bovada,2500,,oddsapi
2026-10-09T23:05:07Z,2026-10-09,ANA @ WPG,48ce8ebb422982764994cd25c5f253c7,fgs,yes,Cole Perfetti,,bovada,1500,,oddsapi
2026-10-09T23:05:07Z,2026-10-09,ANA @ WPG,48ce8ebb422982764994cd25c5f253c7,fgs,yes,Beckett Sennecke,,bovada,1300,,oddsapi
2026-10-09T23:05:07Z,2026-10-09,ANA @ WPG,48ce8ebb422982764994cd25c5f253c7,fgs,yes,Jackson LaCombe,,bovada,3000,,oddsapi
2026-10-09T23:05:07Z,2026-10-09,ANA @ WPG,48ce8ebb422982764994cd25c5f253c7,fgs,yes,Dylan DeMelo,,bovada,7500,,oddsapi
2026-10-09T23:05:07Z,2026-10-09,ANA @ WPG,48ce8ebb422982764994cd25c5f253c7,fgs,yes,Travis Mitchell,,bovada,8000,,oddsapi
2026-10-09T23:05:07Z,2026-10-09,ANA @ WPG,48ce8ebb422982764994cd25c5f253c7,fgs,yes,Tim Washe,,bovada,7000,,oddsapi
2026-10-09T23:05:07Z,2026-10-09,ANA @ WPG,48ce8ebb422982764994cd25c5f253c7,fgs,yes,Brad Lambert,,bovada,4000,,oddsapi
2026-10-09T23:05:07Z,2026-10-09,ANA @ WPG,48ce8ebb422982764994cd25c5f253c7,fgs,yes,Jeff Malott,,bovada,4500,,oddsapi
2026-10-09T23:05:07Z,2026-10-09,ANA @ WPG,48ce8ebb422982764994cd25c5f253c7,fgs,yes,Mario Ferraro,,bovada,7000,,oddsapi
2026-10-09T23:05:07Z,2026-10-09,ANA @ WPG,48ce8ebb422982764994cd25c5f253c7,fgs,yes,Tristan Luneau,,bovada,5000,,oddsapi
2026-10-09T23:05:07Z,2026-10-09,ANA @ WPG,48ce8ebb422982764994cd25c5f253c7,fgs,yes,Nikita Nesterenko,,bovada,3500,,oddsapi
2026-10-09T23:05:07Z,2026-10-09,ANA @ WPG,48ce8ebb422982764994cd25c5f253c7,fgs,yes,Vladislav Namestnikov,,bovada,3000,,oddsapi
2026-10-09T23:05:07Z,2026-10-09,ANA @ WPG,48ce8ebb422982764994cd25c5f253c7,fgs,yes,Mikael Granlund,,bovada,1700,,oddsapi
2026-10-09T23:05:07Z,2026-10-09,ANA @ WPG,48ce8ebb422982764994cd25c5f253c7,fgs,yes,Haydn Fleury,,bovada,7000,,oddsapi
2026-10-09T23:05:07Z,2026-10-09,ANA @ WPG,48ce8ebb422982764994cd25c5f253c7,sk_sog,over,Alex Killorn,1.5,bovada,-125,-105,oddsapi
2026-10-09T23:05:07Z,2026-10-09,ANA @ WPG,48ce8ebb422982764994cd25c5f253c7,sk_sog,under,Alex Killorn,1.5,bovada,-105,-125,oddsapi
2026-10-09T23:05:07Z,2026-10-09,ANA @ WPG,48ce8ebb422982764994cd25c5f253c7,sk_sog,over,Beckett Sennecke,2.5,bovada,-135,105,oddsapi
2026-10-09T23:05:07Z,2026-10-09,ANA @ WPG,48ce8ebb422982764994cd25c5f253c7,sk_sog,under,Beckett Sennecke,2.5,bovada,105,-135,oddsapi
2026-10-09T23:05:07Z,2026-10-09,ANA @ WPG,48ce8ebb422982764994cd25c5f253c7,sk_sog,over,Cole Perfetti,2.5,bovada,-105,-125,oddsapi
2026-10-09T23:05:07Z,2026-10-09,ANA @ WPG,48ce8ebb422982764994cd25c5f253c7,sk_sog,under,Cole Perfetti,2.5,bovada,-125,-105,oddsapi
2026-10-09T23:05:07Z,2026-10-09,ANA @ WPG,48ce8ebb422982764994cd25c5f253c7,sk_sog,over,Cutter Gauthier,3.5,bovada,-135,105,oddsapi
2026-10-09T23:05:07Z,2026-10-09,ANA @ WPG,48ce8ebb422982764994cd25c5f253c7,sk_sog,under,Cutter Gauthier,3.5,bovada,105,-135,oddsapi
2026-10-09T23:05:07Z,2026-10-09,ANA @ WPG,48ce8ebb422982764994cd25c5f253c7,sk_sog,over,Gabriel Vilardi,1.5,bovada,-135,105,oddsapi
2026-10-09T23:05:07Z,2026-10-09,ANA @ WPG,48ce8ebb422982764994cd25c5f253c7,sk_sog,under,Gabriel Vilardi,1.5,bovada,105,-135,oddsapi
2026-10-09T23:05:07Z,2026-10-09,ANA @ WPG,48ce8ebb422982764994cd25c5f253c7,sk_sog,over,Jackson LaCombe,1.5,bovada,-145,110,oddsapi
2026-10-09T23:05:07Z,2026-10-09,ANA @ WPG,48ce8ebb422982764994cd25c5f253c7,sk_sog,under,Jackson LaCombe,1.5,bovada,110,-145,oddsapi
2026-10-09T23:05:07Z,2026-10-09,ANA @ WPG,48ce8ebb422982764994cd25c5f253c7,sk_sog,over,Kyle Connor,3.5,bovada,110,-145,oddsapi
2026-10-09T23:05:07Z,2026-10-09,ANA @ WPG,48ce8ebb422982764994cd25c5f253c7,sk_sog,under,Kyle Connor,3.5,bovada,-145,110,oddsapi
2026-10-09T23:05:07Z,2026-10-09,ANA @ WPG,48ce8ebb422982764994cd25c5f253c7,sk_sog,over,Leo Carlsson,2.5,bovada,-105,-125,oddsapi
2026-10-09T23:05:07Z,2026-10-09,ANA @ WPG,48ce8ebb422982764994cd25c5f253c7,sk_sog,under,Leo Carlsson,2.5,bovada,-125,-105,oddsapi
2026-10-09T23:05:07Z,2026-10-09,ANA @ WPG,48ce8ebb422982764994cd25c5f253c7,sk_sog,over,Mark Scheifele,1.5,bovada,-190,145,oddsapi
2026-10-09T23:05:07Z,2026-10-09,ANA @ WPG,48ce8ebb422982764994cd25c5f253c7,sk_sog,under,Mark Scheifele,1.5,bovada,145,-190,oddsapi
2026-10-09T23:05:07Z,2026-10-09,ANA @ WPG,48ce8ebb422982764994cd25c5f253c7,sk_sog,over,Mikael Granlund,1.5,bovada,-120,-110,oddsapi
2026-10-09T23:05:07Z,2026-10-09,ANA @ WPG,48ce8ebb422982764994cd25c5f253c7,sk_sog,under,Mikael Granlund,1.5,bovada,-110,-120,oddsapi
2026-10-09T23:05:07Z,2026-10-09,ANA @ WPG,48ce8ebb422982764994cd25c5f253c7,sk_sog,over,Neal Pionk,1.5,bovada,-170,130,oddsapi
2026-10-09T23:05:07Z,2026-10-09,ANA @ WPG,48ce8ebb422982764994cd25c5f253c7,sk_sog,under,Neal Pionk,1.5,bovada,130,-170,oddsapi
2026-10-09T23:05:07Z,2026-10-09,ANA @ WPG,48ce8ebb422982764994cd25c5f253c7,g_saves,over,Clay Stevenson,23.5,bovada,-125,-105,oddsapi
2026-10-09T23:05:07Z,2026-10-09,ANA @ WPG,48ce8ebb422982764994cd25c5f253c7,g_saves,under,Clay Stevenson,23.5,bovada,-105,-125,oddsapi
2026-10-09T23:05:07Z,2026-10-09,ANA @ WPG,48ce8ebb422982764994cd25c5f253c7,p1_pl,ANA,,0.5,bovada,-215,160,oddsapi
2026-10-09T23:05:07Z,2026-10-09,ANA @ WPG,48ce8ebb422982764994cd25c5f253c7,p1_pl,WPG,,-0.5,bovada,160,-215,oddsapi
2026-10-09T23:05:07Z,2026-10-09,ANA @ WPG,48ce8ebb422982764994cd25c5f253c7,p2_pl,ANA,,0.5,bovada,-210,155,oddsapi
2026-10-09T23:05:07Z,2026-10-09,ANA @ WPG,48ce8ebb422982764994cd25c5f253c7,p2_pl,WPG,,-0.5,bovada,155,-210,oddsapi
2026-10-09T23:05:07Z,2026-10-09,ANA @ WPG,48ce8ebb422982764994cd25c5f253c7,p3_pl,ANA,,0.5,bovada,-185,140,oddsapi
2026-10-09T23:05:07Z,2026-10-09,ANA @ WPG,48ce8ebb422982764994cd25c5f253c7,p3_pl,WPG,,-0.5,bovada,140,-185,oddsapi
2026-10-09T23:05:07Z,2026-10-09,ANA @ WPG,48ce8ebb422982764994cd25c5f253c7,p1_total,over,,1.5,bovada,-145,110,oddsapi
2026-10-09T23:05:07Z,2026-10-09,ANA @ WPG,48ce8ebb422982764994cd25c5f253c7,p1_total,under,,1.5,bovada,110,-145,oddsapi
2026-10-09T23:05:07Z,2026-10-09,ANA @ WPG,48ce8ebb422982764994cd25c5f253c7,p2_total,over,,2,bovada,100,-130,oddsapi
2026-10-09T23:05:07Z,2026-10-09,ANA @ WPG,48ce8ebb422982764994cd25c5f253c7,p2_total,under,,2,bovada,-130,100,oddsapi
2026-10-09T23:05:07Z,2026-10-09,ANA @ WPG,48ce8ebb422982764994cd25c5f253c7,p3_total,over,,2,bovada,-135,105,oddsapi
2026-10-09T23:05:07Z,2026-10-09,ANA @ WPG,48ce8ebb422982764994cd25c5f253c7,p3_total,under,,2,bovada,105,-135,oddsapi
2026-10-09T23:05:07Z,2026-10-09,ANA @ WPG,48ce8ebb422982764994cd25c5f253c7,team_total_alt,over,ANA,3.5,betrivers,132,-182,oddsapi
2026-10-09T23:05:07Z,2026-10-09,ANA @ WPG,48ce8ebb422982764994cd25c5f253c7,team_total_alt,under,ANA,3.5,betrivers,-182,132,oddsapi
2026-10-09T23:05:07Z,2026-10-09,ANA @ WPG,48ce8ebb422982764994cd25c5f253c7,team_total_alt,over,ANA,4.5,betrivers,310,-500,oddsapi
2026-10-09T23:05:07Z,2026-10-09,ANA @ WPG,48ce8ebb422982764994cd25c5f253c7,team_total_alt,under,ANA,4.5,betrivers,-500,310,oddsapi
2026-10-09T23:05:07Z,2026-10-09,ANA @ WPG,48ce8ebb422982764994cd25c5f253c7,team_total_alt,over,ANA,2.5,betrivers,-195,138,oddsapi
2026-10-09T23:05:07Z,2026-10-09,ANA @ WPG,48ce8ebb422982764994cd25c5f253c7,team_total_alt,under,ANA,2.5,betrivers,138,-195,oddsapi
2026-10-09T23:05:07Z,2026-10-09,ANA @ WPG,48ce8ebb422982764994cd25c5f253c7,team_total_alt,over,ANA,1.5,betrivers,-625,370,oddsapi
2026-10-09T23:05:07Z,2026-10-09,ANA @ WPG,48ce8ebb422982764994cd25c5f253c7,team_total_alt,under,ANA,1.5,betrivers,370,-625,oddsapi
2026-10-09T23:05:07Z,2026-10-09,ANA @ WPG,48ce8ebb422982764994cd25c5f253c7,team_total_alt,over,WPG,1.5,betrivers,-715,390,oddsapi
2026-10-09T23:05:07Z,2026-10-09,ANA @ WPG,48ce8ebb422982764994cd25c5f253c7,team_total_alt,under,WPG,1.5,betrivers,390,-715,oddsapi
2026-10-09T23:05:07Z,2026-10-09,ANA @ WPG,48ce8ebb422982764994cd25c5f253c7,team_total_alt,over,WPG,2.5,betrivers,-220,155,oddsapi
2026-10-09T23:05:07Z,2026-10-09,ANA @ WPG,48ce8ebb422982764994cd25c5f253c7,team_total_alt,under,WPG,2.5,betrivers,155,-220,oddsapi
2026-10-09T23:05:07Z,2026-10-09,ANA @ WPG,48ce8ebb422982764994cd25c5f253c7,team_total_alt,over,WPG,3.5,betrivers,117,-159,oddsapi
2026-10-09T23:05:07Z,2026-10-09,ANA @ WPG,48ce8ebb422982764994cd25c5f253c7,team_total_alt,under,WPG,3.5,betrivers,-159,117,oddsapi
2026-10-09T23:05:07Z,2026-10-09,ANA @ WPG,48ce8ebb422982764994cd25c5f253c7,team_total_alt,over,WPG,4.5,betrivers,265,-420,oddsapi
2026-10-09T23:05:07Z,2026-10-09,ANA @ WPG,48ce8ebb422982764994cd25c5f253c7,team_total_alt,under,WPG,4.5,betrivers,-420,265,oddsapi
2026-10-09T23:05:07Z,2026-10-09,ANA @ WPG,48ce8ebb422982764994cd25c5f253c7,game_ml3,ANA,,,betrivers,155,,oddsapi
2026-10-09T23:05:07Z,2026-10-09,ANA @ WPG,48ce8ebb422982764994cd25c5f253c7,game_ml3,WPG,,,betrivers,135,,oddsapi
2026-10-09T23:05:07Z,2026-10-09,ANA @ WPG,48ce8ebb422982764994cd25c5f253c7,game_ml3,draw,,,betrivers,310,,oddsapi
2026-10-09T23:05:07Z,2026-10-09,ANA @ WPG,48ce8ebb422982764994cd25c5f253c7,p1_ml3,ANA,,,betrivers,185,,oddsapi
2026-10-09T23:05:07Z,2026-10-09,ANA @ WPG,48ce8ebb422982764994cd25c5f253c7,p1_ml3,WPG,,,betrivers,160,,oddsapi
2026-10-09T23:05:07Z,2026-10-09,ANA @ WPG,48ce8ebb422982764994cd25c5f253c7,p1_ml3,draw,,,betrivers,195,,oddsapi
2026-10-09T23:05:07Z,2026-10-09,ANA @ WPG,48ce8ebb422982764994cd25c5f253c7,p2_ml3,ANA,,,betrivers,175,,oddsapi
2026-10-09T23:05:07Z,2026-10-09,ANA @ WPG,48ce8ebb422982764994cd25c5f253c7,p2_ml3,WPG,,,betrivers,160,,oddsapi
2026-10-09T23:05:07Z,2026-10-09,ANA @ WPG,48ce8ebb422982764994cd25c5f253c7,p2_ml3,draw,,,betrivers,210,,oddsapi
2026-10-09T23:05:07Z,2026-10-09,ANA @ WPG,48ce8ebb422982764994cd25c5f253c7,p3_ml3,ANA,,,betrivers,163,,oddsapi
2026-10-09T23:05:07Z,2026-10-09,ANA @ WPG,48ce8ebb422982764994cd25c5f253c7,p3_ml3,WPG,,,betrivers,155,,oddsapi
2026-10-09T23:05:07Z,2026-10-09,ANA @ WPG,48ce8ebb422982764994cd25c5f253c7,p3_ml3,draw,,,betrivers,225,,oddsapi
2026-10-09T23:05:07Z,2026-10-09,ANA @ WPG,48ce8ebb422982764994cd25c5f253c7,ags,yes,Noah Warren,,betrivers,1000,,oddsapi
2026-10-09T23:05:07Z,2026-10-09,ANA @ WPG,48ce8ebb422982764994cd25c5f253c7,ags,yes,Morgan Barron,,betrivers,460,,oddsapi
2026-10-09T23:05:07Z,2026-10-09,ANA @ WPG,48ce8ebb422982764994cd25c5f253c7,ags,yes,Cole Koepke,,betrivers,650,,oddsapi
2026-10-09T23:05:07Z,2026-10-09,ANA @ WPG,48ce8ebb422982764994cd25c5f253c7,ags,yes,Tristan Luneau,,betrivers,750,,oddsapi
2026-10-09T23:05:07Z,2026-10-09,ANA @ WPG,48ce8ebb422982764994cd25c5f253c7,ags,yes,Pavel Mintyukov,,betrivers,800,,oddsapi
2026-10-09T23:05:07Z,2026-10-09,ANA @ WPG,48ce8ebb422982764994cd25c5f253c7,ags,yes,Adam Lowry,,betrivers,475,,oddsapi
2026-10-09T23:05:07Z,2026-10-09,ANA @ WPG,48ce8ebb422982764994cd25c5f253c7,ags,yes,Alex Killorn,,betrivers,350,,oddsapi
2026-10-09T23:05:07Z,2026-10-09,ANA @ WPG,48ce8ebb422982764994cd25c5f253c7,ags,yes,Mikael Granlund,,betrivers,270,,oddsapi
2026-10-09T23:05:07Z,2026-10-09,ANA @ WPG,48ce8ebb422982764994cd25c5f253c7,ags,yes,Judd Caulfield,,betrivers,800,,oddsapi
2026-10-09T23:05:07Z,2026-10-09,ANA @ WPG,48ce8ebb422982764994cd25c5f253c7,ags,yes,Mark Scheifele,,betrivers,180,,oddsapi
2026-10-09T23:05:07Z,2026-10-09,ANA @ WPG,48ce8ebb422982764994cd25c5f253c7,ags,yes,Jeff Malott,,betrivers,750,,oddsapi
2026-10-09T23:05:07Z,2026-10-09,ANA @ WPG,48ce8ebb422982764994cd25c5f253c7,ags,yes,Travis Mitchell,,betrivers,850,,oddsapi
2026-10-09T23:05:07Z,2026-10-09,ANA @ WPG,48ce8ebb422982764994cd25c5f253c7,ags,yes,Leo Carlsson,,betrivers,175,,oddsapi
2026-10-09T23:05:07Z,2026-10-09,ANA @ WPG,48ce8ebb422982764994cd25c5f253c7,ags,yes,Gabriel Vilardi,,betrivers,250,,oddsapi
2026-10-09T23:05:07Z,2026-10-09,ANA @ WPG,48ce8ebb422982764994cd25c5f253c7,ags,yes,Viggo Bjorck,,betrivers,380,,oddsapi
2026-10-09T23:05:07Z,2026-10-09,ANA @ WPG,48ce8ebb422982764994cd25c5f253c7,ags,yes,Cutter Gauthier,,betrivers,120,,oddsapi
2026-10-09T23:05:07Z,2026-10-09,ANA @ WPG,48ce8ebb422982764994cd25c5f253c7,ags,yes,Mario Ferraro,,betrivers,750,,oddsapi
2026-10-09T23:05:07Z,2026-10-09,ANA @ WPG,48ce8ebb422982764994cd25c5f253c7,ags,yes,Neal Pionk,,betrivers,410,,oddsapi
2026-10-09T23:05:07Z,2026-10-09,ANA @ WPG,48ce8ebb422982764994cd25c5f253c7,ags,yes,A.J. Greer,,betrivers,410,,oddsapi
2026-10-09T23:05:07Z,2026-10-09,ANA @ WPG,48ce8ebb422982764994cd25c5f253c7,ags,yes,Isak Rosen,,betrivers,460,,oddsapi
2026-10-09T23:05:07Z,2026-10-09,ANA @ WPG,48ce8ebb422982764994cd25c5f253c7,ags,yes,Ryan Poehling,,betrivers,450,,oddsapi
2026-10-09T23:05:07Z,2026-10-09,ANA @ WPG,48ce8ebb422982764994cd25c5f253c7,ags,yes,Vladislav Namestnikov,,betrivers,540,,oddsapi
2026-10-09T23:05:07Z,2026-10-09,ANA @ WPG,48ce8ebb422982764994cd25c5f253c7,ags,yes,Kyle Connor,,betrivers,116,,oddsapi
2026-10-09T23:05:07Z,2026-10-09,ANA @ WPG,48ce8ebb422982764994cd25c5f253c7,ags,yes,Brad Lambert,,betrivers,650,,oddsapi
2026-10-09T23:05:07Z,2026-10-09,ANA @ WPG,48ce8ebb422982764994cd25c5f253c7,ags,yes,Tyrel Bauer,,betrivers,850,,oddsapi
2026-10-09T23:05:07Z,2026-10-09,ANA @ WPG,48ce8ebb422982764994cd25c5f253c7,ags,yes,Haydn Fleury,,betrivers,600,,oddsapi
2026-10-09T23:05:07Z,2026-10-09,ANA @ WPG,48ce8ebb422982764994cd25c5f253c7,ags,yes,Nikita Klepov,,betrivers,420,,oddsapi
2026-10-09T23:05:07Z,2026-10-09,ANA @ WPG,48ce8ebb422982764994cd25c5f253c7,ags,yes,Tyson Hinds,,betrivers,900,,oddsapi
2026-10-09T23:05:07Z,2026-10-09,ANA @ WPG,48ce8ebb422982764994cd25c5f253c7,ags,yes,Cole Perfetti,,betrivers,225,,oddsapi
2026-10-09T23:05:07Z,2026-10-09,ANA @ WPG,48ce8ebb422982764994cd25c5f253c7,ags,yes,Beckett Sennecke,,betrivers,190,,oddsapi
2026-10-09T23:05:07Z,2026-10-09,ANA @ WPG,48ce8ebb422982764994cd25c5f253c7,ags,yes,Nikita Nesterenko,,betrivers,700,,oddsapi
2026-10-09T23:05:07Z,2026-10-09,ANA @ WPG,48ce8ebb422982764994cd25c5f253c7,ags,yes,Alex Iafallo,,betrivers,425,,oddsapi
2026-10-09T23:05:07Z,2026-10-09,ANA @ WPG,48ce8ebb422982764994cd25c5f253c7,ags,yes,Tim Washe,,betrivers,850,,oddsapi
2026-10-09T23:05:07Z,2026-10-09,ANA @ WPG,48ce8ebb422982764994cd25c5f253c7,ags,yes,Dylan DeMelo,,betrivers,850,,oddsapi
2026-10-09T23:05:07Z,2026-10-09,ANA @ WPG,48ce8ebb422982764994cd25c5f253c7,ags,yes,Jackson LaCombe,,betrivers,450,,oddsapi
2026-10-09T23:05:07Z,2026-10-09,ANA @ WPG,48ce8ebb422982764994cd25c5f253c7,ags,yes,Dylan Samberg,,betrivers,800,,oddsapi
2026-10-09T23:05:07Z,2026-10-09,ANA @ WPG,48ce8ebb422982764994cd25c5f253c7,fgs,yes,Mario Ferraro,,betrivers,3000,,oddsapi
2026-10-09T23:05:07Z,2026-10-09,ANA @ WPG,48ce8ebb422982764994cd25c5f253c7,fgs,yes,Cutter Gauthier,,betrivers,650,,oddsapi
2026-10-09T23:05:07Z,2026-10-09,ANA @ WPG,48ce8ebb422982764994cd25c5f253c7,fgs,yes,Judd Caulfield,,betrivers,3400,,oddsapi
2026-10-09T23:05:07Z,2026-10-09,ANA @ WPG,48ce8ebb422982764994cd25c5f253c7,fgs,yes,Morgan Barron,,betrivers,1900,,oddsapi
2026-10-09T23:05:07Z,2026-10-09,ANA @ WPG,48ce8ebb422982764994cd25c5f253c7,fgs,yes,Pavel Mintyukov,,betrivers,3500,,oddsapi
2026-10-09T23:05:07Z,2026-10-09,ANA @ WPG,48ce8ebb422982764994cd25c5f253c7,fgs,yes,Dylan Samberg,,betrivers,3400,,oddsapi
2026-10-09T23:05:07Z,2026-10-09,ANA @ WPG,48ce8ebb422982764994cd25c5f253c7,fgs,yes,Isak Rosen,,betrivers,1900,,oddsapi
2026-10-09T23:05:07Z,2026-10-09,ANA @ WPG,48ce8ebb422982764994cd25c5f253c7,fgs,yes,Adam Lowry,,betrivers,2000,,oddsapi
2026-10-09T23:05:07Z,2026-10-09,ANA @ WPG,48ce8ebb422982764994cd25c5f253c7,fgs,yes,Tristan Luneau,,betrivers,3400,,oddsapi
2026-10-09T23:05:07Z,2026-10-09,ANA @ WPG,48ce8ebb422982764994cd25c5f253c7,fgs,yes,Dylan DeMelo,,betrivers,3500,,oddsapi
2026-10-09T23:05:07Z,2026-10-09,ANA @ WPG,48ce8ebb422982764994cd25c5f253c7,fgs,yes,Travis Mitchell,,betrivers,4000,,oddsapi
2026-10-09T23:05:07Z,2026-10-09,ANA @ WPG,48ce8ebb422982764994cd25c5f253c7,fgs,yes,Ryan Poehling,,betrivers,2000,,oddsapi
2026-10-09T23:05:07Z,2026-10-09,ANA @ WPG,48ce8ebb422982764994cd25c5f253c7,fgs,yes,Gabriel Vilardi,,betrivers,1050,,oddsapi
2026-10-09T23:05:07Z,2026-10-09,ANA @ WPG,48ce8ebb422982764994cd25c5f253c7,fgs,yes,Tyson Hinds,,betrivers,4000,,oddsapi
2026-10-09T23:05:07Z,2026-10-09,ANA @ WPG,48ce8ebb422982764994cd25c5f253c7,fgs,yes,Tim Washe,,betrivers,3500,,oddsapi
2026-10-09T23:05:07Z,2026-10-09,ANA @ WPG,48ce8ebb422982764994cd25c5f253c7,fgs,yes,Viggo Bjorck,,betrivers,1500,,oddsapi
2026-10-09T23:05:07Z,2026-10-09,ANA @ WPG,48ce8ebb422982764994cd25c5f253c7,fgs,yes,Noah Warren,,betrivers,4500,,oddsapi
2026-10-09T23:05:07Z,2026-10-09,ANA @ WPG,48ce8ebb422982764994cd25c5f253c7,fgs,yes,Nikita Nesterenko,,betrivers,3000,,oddsapi
2026-10-09T23:05:07Z,2026-10-09,ANA @ WPG,48ce8ebb422982764994cd25c5f253c7,fgs,yes,Neal Pionk,,betrivers,1600,,oddsapi
2026-10-09T23:05:07Z,2026-10-09,ANA @ WPG,48ce8ebb422982764994cd25c5f253c7,fgs,yes,Alex Killorn,,betrivers,1500,,oddsapi
2026-10-09T23:05:07Z,2026-10-09,ANA @ WPG,48ce8ebb422982764994cd25c5f253c7,fgs,yes,Brad Lambert,,betrivers,2800,,oddsapi
2026-10-09T23:05:07Z,2026-10-09,ANA @ WPG,48ce8ebb422982764994cd25c5f253c7,fgs,yes,A.J. Greer,,betrivers,1800,,oddsapi
2026-10-09T23:05:07Z,2026-10-09,ANA @ WPG,48ce8ebb422982764994cd25c5f253c7,fgs,yes,Mikael Granlund,,betrivers,1200,,oddsapi
2026-10-09T23:05:07Z,2026-10-09,ANA @ WPG,48ce8ebb422982764994cd25c5f253c7,fgs,yes,Leo Carlsson,,betrivers,850,,oddsapi
2026-10-09T23:05:07Z,2026-10-09,ANA @ WPG,48ce8ebb422982764994cd25c5f253c7,fgs,yes,Jeff Malott,,betrivers,3000,,oddsapi
2026-10-09T23:05:07Z,2026-10-09,ANA @ WPG,48ce8ebb422982764994cd25c5f253c7,fgs,yes,Cole Koepke,,betrivers,2900,,oddsapi
2026-10-09T23:05:07Z,2026-10-09,ANA @ WPG,48ce8ebb422982764994cd25c5f253c7,fgs,yes,Mark Scheifele,,betrivers,800,,oddsapi
2026-10-09T23:05:07Z,2026-10-09,ANA @ WPG,48ce8ebb422982764994cd25c5f253c7,fgs,yes,Beckett Sennecke,,betrivers,900,,oddsapi
2026-10-09T23:05:07Z,2026-10-09,ANA @ WPG,48ce8ebb422982764994cd25c5f253c7,fgs,yes,Nikita Klepov,,betrivers,1800,,oddsapi
2026-10-09T23:05:07Z,2026-10-09,ANA @ WPG,48ce8ebb422982764994cd25c5f253c7,fgs,yes,Alex Iafallo,,betrivers,1700,,oddsapi
2026-10-09T23:05:07Z,2026-10-09,ANA @ WPG,48ce8ebb422982764994cd25c5f253c7,fgs,yes,Kyle Connor,,betrivers,600,,oddsapi
2026-10-09T23:05:07Z,2026-10-09,ANA @ WPG,48ce8ebb422982764994cd25c5f253c7,fgs,yes,Jackson LaCombe,,betrivers,1900,,oddsapi
2026-10-09T23:05:07Z,2026-10-09,ANA @ WPG,48ce8ebb422982764994cd25c5f253c7,fgs,yes,Cole Perfetti,,betrivers,950,,oddsapi
2026-10-09T23:05:07Z,2026-10-09,ANA @ WPG,48ce8ebb422982764994cd25c5f253c7,fgs,yes,Vladislav Namestnikov,,betrivers,2000,,oddsapi
2026-10-09T23:05:07Z,2026-10-09,ANA @ WPG,48ce8ebb422982764994cd25c5f253c7,fgs,yes,Haydn Fleury,,betrivers,2500,,oddsapi
2026-10-09T23:05:07Z,2026-10-09,ANA @ WPG,48ce8ebb422982764994cd25c5f253c7,fgs,yes,Tyrel Bauer,,betrivers,4000,,oddsapi
2026-10-09T23:05:07Z,2026-10-09,ANA @ WPG,48ce8ebb422982764994cd25c5f253c7,sk_g,over,Morgan Barron,1.5,betrivers,4000,,oddsapi
2026-10-09T23:05:07Z,2026-10-09,ANA @ WPG,48ce8ebb422982764994cd25c5f253c7,sk_g,over,Neal Pionk,1.5,betrivers,4000,,oddsapi
2026-10-09T23:05:07Z,2026-10-09,ANA @ WPG,48ce8ebb422982764994cd25c5f253c7,sk_g,over,Cole Perfetti,2.5,betrivers,10000,,oddsapi
2026-10-09T23:05:07Z,2026-10-09,ANA @ WPG,48ce8ebb422982764994cd25c5f253c7,sk_g,over,Nikita Nesterenko,1.5,betrivers,10000,,oddsapi
2026-10-09T23:05:07Z,2026-10-09,ANA @ WPG,48ce8ebb422982764994cd25c5f253c7,sk_g,over,Isak Rosen,1.5,betrivers,4500,,oddsapi
2026-10-09T23:05:07Z,2026-10-09,ANA @ WPG,48ce8ebb422982764994cd25c5f253c7,sk_g,over,Viggo Bjorck,1.5,betrivers,3000,,oddsapi
2026-10-09T23:05:07Z,2026-10-09,ANA @ WPG,48ce8ebb422982764994cd25c5f253c7,sk_g,over,Cutter Gauthier,2.5,betrivers,2800,,oddsapi
2026-10-09T23:05:07Z,2026-10-09,ANA @ WPG,48ce8ebb422982764994cd25c5f253c7,sk_g,over,Tim Washe,1.5,betrivers,14000,,oddsapi
2026-10-09T23:05:07Z,2026-10-09,ANA @ WPG,48ce8ebb422982764994cd25c5f253c7,sk_g,over,Mikael Granlund,2.5,betrivers,13000,,oddsapi
2026-10-09T23:05:07Z,2026-10-09,ANA @ WPG,48ce8ebb422982764994cd25c5f253c7,sk_g,over,A.J. Greer,1.5,betrivers,4000,,oddsapi
2026-10-09T23:05:07Z,2026-10-09,ANA @ WPG,48ce8ebb422982764994cd25c5f253c7,sk_g,over,Kyle Connor,2.5,betrivers,2200,,oddsapi
2026-10-09T23:05:07Z,2026-10-09,ANA @ WPG,48ce8ebb422982764994cd25c5f253c7,sk_g,over,Alex Iafallo,1.5,betrivers,3500,,oddsapi
2026-10-09T23:05:07Z,2026-10-09,ANA @ WPG,48ce8ebb422982764994cd25c5f253c7,sk_g,over,Dylan Samberg,1.5,betrivers,13000,,oddsapi
2026-10-09T23:05:07Z,2026-10-09,ANA @ WPG,48ce8ebb422982764994cd25c5f253c7,sk_g,over,Brad Lambert,1.5,betrivers,8000,,oddsapi
2026-10-09T23:05:07Z,2026-10-09,ANA @ WPG,48ce8ebb422982764994cd25c5f253c7,sk_g,over,Beckett Sennecke,2.5,betrivers,7000,,oddsapi
2026-10-09T23:05:07Z,2026-10-09,ANA @ WPG,48ce8ebb422982764994cd25c5f253c7,sk_g,over,Beckett Sennecke,1.5,betrivers,1050,,oddsapi
2026-10-09T23:05:07Z,2026-10-09,ANA @ WPG,48ce8ebb422982764994cd25c5f253c7,sk_g,over,Vladislav Namestnikov,1.5,betrivers,6000,,oddsapi
2026-10-09T23:05:07Z,2026-10-09,ANA @ WPG,48ce8ebb422982764994cd25c5f253c7,sk_g,over,Nikita Klepov,1.5,betrivers,3400,,oddsapi
2026-10-09T23:05:07Z,2026-10-09,ANA @ WPG,48ce8ebb422982764994cd25c5f253c7,sk_g,over,Judd Caulfield,1.5,betrivers,13000,,oddsapi
2026-10-09T23:05:07Z,2026-10-09,ANA @ WPG,48ce8ebb422982764994cd25c5f253c7,sk_g,over,Jeff Malott,1.5,betrivers,11000,,oddsapi
2026-10-09T23:05:07Z,2026-10-09,ANA @ WPG,48ce8ebb422982764994cd25c5f253c7,sk_g,over,Dylan DeMelo,1.5,betrivers,18000,,oddsapi
2026-10-09T23:05:07Z,2026-10-09,ANA @ WPG,48ce8ebb422982764994cd25c5f253c7,sk_g,over,Ryan Poehling,1.5,betrivers,4000,,oddsapi
2026-10-09T23:05:07Z,2026-10-09,ANA @ WPG,48ce8ebb422982764994cd25c5f253c7,sk_g,over,Kyle Connor,1.5,betrivers,575,,oddsapi
2026-10-09T23:05:07Z,2026-10-09,ANA @ WPG,48ce8ebb422982764994cd25c5f253c7,sk_g,over,Leo Carlsson,2.5,betrivers,5500,,oddsapi
2026-10-09T23:05:07Z,2026-10-09,ANA @ WPG,48ce8ebb422982764994cd25c5f253c7,sk_g,over,Tyrel Bauer,1.5,betrivers,14000,,oddsapi
2026-10-09T23:05:07Z,2026-10-09,ANA @ WPG,48ce8ebb422982764994cd25c5f253c7,sk_g,over,Haydn Fleury,1.5,betrivers,8000,,oddsapi
2026-10-09T23:05:07Z,2026-10-09,ANA @ WPG,48ce8ebb422982764994cd25c5f253c7,sk_g,over,Cole Koepke,1.5,betrivers,8000,,oddsapi
2026-10-09T23:05:07Z,2026-10-09,ANA @ WPG,48ce8ebb422982764994cd25c5f253c7,sk_g,over,Tristan Luneau,1.5,betrivers,12500,,oddsapi
2026-10-09T23:05:07Z,2026-10-09,ANA @ WPG,48ce8ebb422982764994cd25c5f253c7,sk_g,over,Cutter Gauthier,1.5,betrivers,600,,oddsapi
2026-10-09T23:05:07Z,2026-10-09,ANA @ WPG,48ce8ebb422982764994cd25c5f253c7,sk_g,over,Mario Ferraro,1.5,betrivers,10000,,oddsapi
2026-10-09T23:05:07Z,2026-10-09,ANA @ WPG,48ce8ebb422982764994cd25c5f253c7,sk_g,over,Cole Perfetti,1.5,betrivers,1300,,oddsapi
2026-10-09T23:05:07Z,2026-10-09,ANA @ WPG,48ce8ebb422982764994cd25c5f253c7,sk_g,over,Adam Lowry,1.5,betrivers,4500,,oddsapi
2026-10-09T23:05:07Z,2026-10-09,ANA @ WPG,48ce8ebb422982764994cd25c5f253c7,sk_g,over,Pavel Mintyukov,1.5,betrivers,15000,,oddsapi
2026-10-09T23:05:07Z,2026-10-09,ANA @ WPG,48ce8ebb422982764994cd25c5f253c7,sk_g,over,Alex Killorn,1.5,betrivers,2500,,oddsapi
2026-10-09T23:05:07Z,2026-10-09,ANA @ WPG,48ce8ebb422982764994cd25c5f253c7,sk_g,over,Gabriel Vilardi,2.5,betrivers,12000,,oddsapi
2026-10-09T23:05:07Z,2026-10-09,ANA @ WPG,48ce8ebb422982764994cd25c5f253c7,sk_g,over,Gabriel Vilardi,1.5,betrivers,1500,,oddsapi
2026-10-09T23:05:07Z,2026-10-09,ANA @ WPG,48ce8ebb422982764994cd25c5f253c7,sk_g,over,Mikael Granlund,1.5,betrivers,1700,,oddsapi
2026-10-09T23:05:07Z,2026-10-09,ANA @ WPG,48ce8ebb422982764994cd25c5f253c7,sk_g,over,Jackson LaCombe,1.5,betrivers,4000,,oddsapi
2026-10-09T23:05:07Z,2026-10-09,ANA @ WPG,48ce8ebb422982764994cd25c5f253c7,sk_g,over,Mark Scheifele,1.5,betrivers,950,,oddsapi
2026-10-09T23:05:07Z,2026-10-09,ANA @ WPG,48ce8ebb422982764994cd25c5f253c7,sk_g,over,Mark Scheifele,2.5,betrivers,5500,,oddsapi
2026-10-09T23:05:07Z,2026-10-09,ANA @ WPG,48ce8ebb422982764994cd25c5f253c7,sk_g,over,Travis Mitchell,1.5,betrivers,16000,,oddsapi
2026-10-09T23:05:07Z,2026-10-09,ANA @ WPG,48ce8ebb422982764994cd25c5f253c7,sk_g,over,Leo Carlsson,1.5,betrivers,950,,oddsapi
2026-10-09T23:05:07Z,2026-10-09,ANA @ WPG,48ce8ebb422982764994cd25c5f253c7,p1_total,over,,2.5,betrivers,195,-295,oddsapi
2026-10-09T23:05:07Z,2026-10-09,ANA @ WPG,48ce8ebb422982764994cd25c5f253c7,p1_total,under,,2.5,betrivers,-295,195,oddsapi
2026-10-09T23:05:07Z,2026-10-09,ANA @ WPG,48ce8ebb422982764994cd25c5f253c7,p2_total,over,,1.5,betrivers,-205,140,oddsapi
2026-10-09T23:05:07Z,2026-10-09,ANA @ WPG,48ce8ebb422982764994cd25c5f253c7,p2_total,under,,1.5,betrivers,140,-205,oddsapi
2026-10-09T23:05:07Z,2026-10-09,ANA @ WPG,48ce8ebb422982764994cd25c5f253c7,p3_total,over,,2.5,betrivers,145,-210,oddsapi
2026-10-09T23:05:07Z,2026-10-09,ANA @ WPG,48ce8ebb422982764994cd25c5f253c7,p3_total,under,,2.5,betrivers,-210,145,oddsapi
2026-10-09T23:05:07Z,2026-10-09,ANA @ WPG,48ce8ebb422982764994cd25c5f253c7,game_pl_alt,ANA,,1.5,fanduel,-270,198,oddsapi
2026-10-09T23:05:07Z,2026-10-09,ANA @ WPG,48ce8ebb422982764994cd25c5f253c7,game_pl_alt,ANA,,2.5,fanduel,-460,320,oddsapi
2026-10-09T23:05:07Z,2026-10-09,ANA @ WPG,48ce8ebb422982764994cd25c5f253c7,game_pl_alt,ANA,,3.5,fanduel,-1600,830,oddsapi
2026-10-09T23:05:07Z,2026-10-09,ANA @ WPG,48ce8ebb422982764994cd25c5f253c7,game_pl_alt,ANA,,4.5,fanduel,-4500,1800,oddsapi
2026-10-09T23:05:07Z,2026-10-09,ANA @ WPG,48ce8ebb422982764994cd25c5f253c7,game_pl_alt,ANA,,5.5,fanduel,-8000,4600,oddsapi
2026-10-09T23:05:07Z,2026-10-09,ANA @ WPG,48ce8ebb422982764994cd25c5f253c7,game_pl_alt,ANA,,6.5,fanduel,-50000,,oddsapi
2026-10-09T23:05:07Z,2026-10-09,ANA @ WPG,48ce8ebb422982764994cd25c5f253c7,game_pl_alt,ANA,,-1.5,fanduel,220,-310,oddsapi
2026-10-09T23:05:07Z,2026-10-09,ANA @ WPG,48ce8ebb422982764994cd25c5f253c7,game_pl_alt,ANA,,-2.5,fanduel,380,-600,oddsapi
2026-10-09T23:05:07Z,2026-10-09,ANA @ WPG,48ce8ebb422982764994cd25c5f253c7,game_pl_alt,ANA,,-3.5,fanduel,1120,-2400,oddsapi
2026-10-09T23:05:07Z,2026-10-09,ANA @ WPG,48ce8ebb422982764994cd25c5f253c7,game_pl_alt,ANA,,-4.5,fanduel,2800,-8000,oddsapi
2026-10-09T23:05:07Z,2026-10-09,ANA @ WPG,48ce8ebb422982764994cd25c5f253c7,game_pl_alt,WPG,,1.5,fanduel,-310,220,oddsapi
2026-10-09T23:05:07Z,2026-10-09,ANA @ WPG,48ce8ebb422982764994cd25c5f253c7,game_pl_alt,WPG,,2.5,fanduel,-600,380,oddsapi
2026-10-09T23:05:07Z,2026-10-09,ANA @ WPG,48ce8ebb422982764994cd25c5f253c7,game_pl_alt,WPG,,3.5,fanduel,-2400,1120,oddsapi
2026-10-09T23:05:07Z,2026-10-09,ANA @ WPG,48ce8ebb422982764994cd25c5f253c7,game_pl_alt,WPG,,4.5,fanduel,-8000,2800,oddsapi
2026-10-09T23:05:07Z,2026-10-09,ANA @ WPG,48ce8ebb422982764994cd25c5f253c7,game_pl_alt,WPG,,5.5,fanduel,-20000,,oddsapi
2026-10-09T23:05:07Z,2026-10-09,ANA @ WPG,48ce8ebb422982764994cd25c5f253c7,game_pl_alt,WPG,,6.5,fanduel,-50000,,oddsapi
2026-10-09T23:05:07Z,2026-10-09,ANA @ WPG,48ce8ebb422982764994cd25c5f253c7,game_pl_alt,WPG,,-1.5,fanduel,198,-270,oddsapi
2026-10-09T23:05:07Z,2026-10-09,ANA @ WPG,48ce8ebb422982764994cd25c5f253c7,game_pl_alt,WPG,,-2.5,fanduel,320,-460,oddsapi
2026-10-09T23:05:07Z,2026-10-09,ANA @ WPG,48ce8ebb422982764994cd25c5f253c7,game_pl_alt,WPG,,-3.5,fanduel,830,-1600,oddsapi
2026-10-09T23:05:07Z,2026-10-09,ANA @ WPG,48ce8ebb422982764994cd25c5f253c7,game_pl_alt,WPG,,-4.5,fanduel,1800,-4500,oddsapi
2026-10-09T23:05:07Z,2026-10-09,ANA @ WPG,48ce8ebb422982764994cd25c5f253c7,game_pl_alt,WPG,,-5.5,fanduel,4600,-8000,oddsapi
2026-10-09T23:05:07Z,2026-10-09,ANA @ WPG,48ce8ebb422982764994cd25c5f253c7,team_total_alt,over,ANA,0.5,fanduel,-3000,1380,oddsapi
2026-10-09T23:05:07Z,2026-10-09,ANA @ WPG,48ce8ebb422982764994cd25c5f253c7,team_total_alt,over,ANA,1.5,fanduel,-600,380,oddsapi
2026-10-09T23:05:07Z,2026-10-09,ANA @ WPG,48ce8ebb422982764994cd25c5f253c7,team_total_alt,over,ANA,2.5,fanduel,-182,,oddsapi
2026-10-09T23:05:07Z,2026-10-09,ANA @ WPG,48ce8ebb422982764994cd25c5f253c7,team_total_alt,over,ANA,3.5,fanduel,138,-176,oddsapi
2026-10-09T23:05:07Z,2026-10-09,ANA @ WPG,48ce8ebb422982764994cd25c5f253c7,team_total_alt,over,ANA,4.5,fanduel,320,-480,oddsapi
2026-10-09T23:05:07Z,2026-10-09,ANA @ WPG,48ce8ebb422982764994cd25c5f253c7,team_total_alt,over,ANA,5.5,fanduel,790,-1450,oddsapi
2026-10-09T23:05:07Z,2026-10-09,ANA @ WPG,48ce8ebb422982764994cd25c5f253c7,team_total_alt,over,ANA,6.5,fanduel,2000,-5000,oddsapi
2026-10-09T23:05:07Z,2026-10-09,ANA @ WPG,48ce8ebb422982764994cd25c5f253c7,team_total_alt,over,ANA,7.5,fanduel,6000,,oddsapi
2026-10-09T23:05:07Z,2026-10-09,ANA @ WPG,48ce8ebb422982764994cd25c5f253c7,team_total_alt,under,ANA,0.5,fanduel,1380,-3000,oddsapi
2026-10-09T23:05:07Z,2026-10-09,ANA @ WPG,48ce8ebb422982764994cd25c5f253c7,team_total_alt,under,ANA,1.5,fanduel,380,-600,oddsapi
2026-10-09T23:05:07Z,2026-10-09,ANA @ WPG,48ce8ebb422982764994cd25c5f253c7,team_total_alt,under,ANA,3.5,fanduel,-176,138,oddsapi
2026-10-09T23:05:07Z,2026-10-09,ANA @ WPG,48ce8ebb422982764994cd25c5f253c7,team_total_alt,under,ANA,4.5,fanduel,-480,320,oddsapi
2026-10-09T23:05:07Z,2026-10-09,ANA @ WPG,48ce8ebb422982764994cd25c5f253c7,team_total_alt,under,ANA,5.5,fanduel,-1450,790,oddsapi
2026-10-09T23:05:07Z,2026-10-09,ANA @ WPG,48ce8ebb422982764994cd25c5f253c7,team_total_alt,under,ANA,6.5,fanduel,-5000,2000,oddsapi
2026-10-09T23:05:07Z,2026-10-09,ANA @ WPG,48ce8ebb422982764994cd25c5f253c7,team_total_alt,over,WPG,0.5,fanduel,-4500,1650,oddsapi
2026-10-09T23:05:07Z,2026-10-09,ANA @ WPG,48ce8ebb422982764994cd25c5f253c7,team_total_alt,over,WPG,1.5,fanduel,-700,450,oddsapi
2026-10-09T23:05:07Z,2026-10-09,ANA @ WPG,48ce8ebb422982764994cd25c5f253c7,team_total_alt,over,WPG,2.5,fanduel,-210,,oddsapi
2026-10-09T23:05:07Z,2026-10-09,ANA @ WPG,48ce8ebb422982764994cd25c5f253c7,team_total_alt,over,WPG,3.5,fanduel,116,-146,oddsapi
2026-10-09T23:05:07Z,2026-10-09,ANA @ WPG,48ce8ebb422982764994cd25c5f253c7,team_total_alt,over,WPG,4.5,fanduel,270,-380,oddsapi
2026-10-09T23:05:07Z,2026-10-09,ANA @ WPG,48ce8ebb422982764994cd25c5f253c7,team_total_alt,over,WPG,5.5,fanduel,670,-1200,oddsapi
2026-10-09T23:05:07Z,2026-10-09,ANA @ WPG,48ce8ebb422982764994cd25c5f253c7,team_total_alt,over,WPG,6.5,fanduel,1550,-3500,oddsapi
2026-10-09T23:05:07Z,2026-10-09,ANA @ WPG,48ce8ebb422982764994cd25c5f253c7,team_total_alt,over,WPG,7.5,fanduel,4900,,oddsapi
2026-10-09T23:05:07Z,2026-10-09,ANA @ WPG,48ce8ebb422982764994cd25c5f253c7,team_total_alt,under,WPG,0.5,fanduel,1650,-4500,oddsapi
2026-10-09T23:05:07Z,2026-10-09,ANA @ WPG,48ce8ebb422982764994cd25c5f253c7,team_total_alt,under,WPG,1.5,fanduel,450,-700,oddsapi
2026-10-09T23:05:07Z,2026-10-09,ANA @ WPG,48ce8ebb422982764994cd25c5f253c7,team_total_alt,under,WPG,3.5,fanduel,-146,116,oddsapi
2026-10-09T23:05:07Z,2026-10-09,ANA @ WPG,48ce8ebb422982764994cd25c5f253c7,team_total_alt,under,WPG,4.5,fanduel,-380,270,oddsapi
2026-10-09T23:05:07Z,2026-10-09,ANA @ WPG,48ce8ebb422982764994cd25c5f253c7,team_total_alt,under,WPG,5.5,fanduel,-1200,670,oddsapi
2026-10-09T23:05:07Z,2026-10-09,ANA @ WPG,48ce8ebb422982764994cd25c5f253c7,team_total_alt,under,WPG,6.5,fanduel,-3500,1550,oddsapi
2026-10-09T23:05:07Z,2026-10-09,ANA @ WPG,48ce8ebb422982764994cd25c5f253c7,game_total_alt,over,,2.5,fanduel,-6000,2500,oddsapi
2026-10-09T23:05:07Z,2026-10-09,ANA @ WPG,48ce8ebb422982764994cd25c5f253c7,game_total_alt,over,,3.5,fanduel,-1250,630,oddsapi
2026-10-09T23:05:07Z,2026-10-09,ANA @ WPG,48ce8ebb422982764994cd25c5f253c7,game_total_alt,over,,4.5,fanduel,-600,370,oddsapi
2026-10-09T23:05:07Z,2026-10-09,ANA @ WPG,48ce8ebb422982764994cd25c5f253c7,game_total_alt,over,,5.5,fanduel,-172,134,oddsapi
2026-10-09T23:05:07Z,2026-10-09,ANA @ WPG,48ce8ebb422982764994cd25c5f253c7,game_total_alt,over,,6.5,fanduel,-110,-116,oddsapi
2026-10-09T23:05:07Z,2026-10-09,ANA @ WPG,48ce8ebb422982764994cd25c5f253c7,game_total_alt,over,,7.5,fanduel,220,-310,oddsapi
2026-10-09T23:05:07Z,2026-10-09,ANA @ WPG,48ce8ebb422982764994cd25c5f253c7,game_total_alt,over,,8.5,fanduel,350,-550,oddsapi
2026-10-09T23:05:07Z,2026-10-09,ANA @ WPG,48ce8ebb422982764994cd25c5f253c7,game_total_alt,over,,9.5,fanduel,830,-1600,oddsapi
2026-10-09T23:05:07Z,2026-10-09,ANA @ WPG,48ce8ebb422982764994cd25c5f253c7,game_total_alt,over,,10.5,fanduel,1260,-3000,oddsapi
2026-10-09T23:05:07Z,2026-10-09,ANA @ WPG,48ce8ebb422982764994cd25c5f253c7,game_total_alt,over,,11.5,fanduel,2900,-8000,oddsapi
2026-10-09T23:05:07Z,2026-10-09,ANA @ WPG,48ce8ebb422982764994cd25c5f253c7,game_total_alt,over,,12.5,fanduel,5500,,oddsapi
2026-10-09T23:05:07Z,2026-10-09,ANA @ WPG,48ce8ebb422982764994cd25c5f253c7,game_total_alt,under,,2.5,fanduel,2500,-6000,oddsapi
2026-10-09T23:05:07Z,2026-10-09,ANA @ WPG,48ce8ebb422982764994cd25c5f253c7,game_total_alt,under,,3.5,fanduel,630,-1250,oddsapi
2026-10-09T23:05:07Z,2026-10-09,ANA @ WPG,48ce8ebb422982764994cd25c5f253c7,game_total_alt,under,,4.5,fanduel,370,-600,oddsapi
2026-10-09T23:05:07Z,2026-10-09,ANA @ WPG,48ce8ebb422982764994cd25c5f253c7,game_total_alt,under,,5.5,fanduel,134,-172,oddsapi
2026-10-09T23:05:07Z,2026-10-09,ANA @ WPG,48ce8ebb422982764994cd25c5f253c7,game_total_alt,under,,6.5,fanduel,-116,-110,oddsapi
2026-10-09T23:05:07Z,2026-10-09,ANA @ WPG,48ce8ebb422982764994cd25c5f253c7,game_total_alt,under,,7.5,fanduel,-310,220,oddsapi
2026-10-09T23:05:07Z,2026-10-09,ANA @ WPG,48ce8ebb422982764994cd25c5f253c7,game_total_alt,under,,8.5,fanduel,-550,350,oddsapi
2026-10-09T23:05:07Z,2026-10-09,ANA @ WPG,48ce8ebb422982764994cd25c5f253c7,game_total_alt,under,,9.5,fanduel,-1600,830,oddsapi
2026-10-09T23:05:07Z,2026-10-09,ANA @ WPG,48ce8ebb422982764994cd25c5f253c7,game_total_alt,under,,10.5,fanduel,-3000,1260,oddsapi
2026-10-09T23:05:07Z,2026-10-09,ANA @ WPG,48ce8ebb422982764994cd25c5f253c7,game_total_alt,under,,11.5,fanduel,-8000,2900,oddsapi
2026-10-09T23:05:07Z,2026-10-09,ANA @ WPG,48ce8ebb422982764994cd25c5f253c7,game_ml3,ANA,,,fanduel,150,,oddsapi
2026-10-09T23:05:07Z,2026-10-09,ANA @ WPG,48ce8ebb422982764994cd25c5f253c7,game_ml3,WPG,,,fanduel,125,,oddsapi
2026-10-09T23:05:07Z,2026-10-09,ANA @ WPG,48ce8ebb422982764994cd25c5f253c7,game_ml3,draw,,,fanduel,350,,oddsapi
2026-10-09T23:05:07Z,2026-10-09,ANA @ WPG,48ce8ebb422982764994cd25c5f253c7,p1_ml3,ANA,,,fanduel,195,,oddsapi
2026-10-09T23:05:07Z,2026-10-09,ANA @ WPG,48ce8ebb422982764994cd25c5f253c7,p1_ml3,WPG,,,fanduel,170,,oddsapi
2026-10-09T23:05:07Z,2026-10-09,ANA @ WPG,48ce8ebb422982764994cd25c5f253c7,p1_ml3,draw,,,fanduel,185,,oddsapi
2026-10-09T23:05:07Z,2026-10-09,ANA @ WPG,48ce8ebb422982764994cd25c5f253c7,p2_ml3,ANA,,,fanduel,180,,oddsapi
2026-10-09T23:05:07Z,2026-10-09,ANA @ WPG,48ce8ebb422982764994cd25c5f253c7,p2_ml3,WPG,,,fanduel,155,,oddsapi
2026-10-09T23:05:07Z,2026-10-09,ANA @ WPG,48ce8ebb422982764994cd25c5f253c7,p2_ml3,draw,,,fanduel,220,,oddsapi
2026-10-09T23:05:07Z,2026-10-09,ANA @ WPG,48ce8ebb422982764994cd25c5f253c7,p3_ml3,ANA,,,fanduel,165,,oddsapi
2026-10-09T23:05:07Z,2026-10-09,ANA @ WPG,48ce8ebb422982764994cd25c5f253c7,p3_ml3,WPG,,,fanduel,145,,oddsapi
2026-10-09T23:05:07Z,2026-10-09,ANA @ WPG,48ce8ebb422982764994cd25c5f253c7,p3_ml3,draw,,,fanduel,250,,oddsapi
2026-10-09T23:05:07Z,2026-10-09,ANA @ WPG,48ce8ebb422982764994cd25c5f253c7,p1_ml,ANA,,,fanduel,-104,-122,oddsapi
2026-10-09T23:05:07Z,2026-10-09,ANA @ WPG,48ce8ebb422982764994cd25c5f253c7,p1_ml,WPG,,,fanduel,-122,-104,oddsapi
2026-10-09T23:05:07Z,2026-10-09,ANA @ WPG,48ce8ebb422982764994cd25c5f253c7,p2_ml,ANA,,,fanduel,-104,-122,oddsapi
2026-10-09T23:05:07Z,2026-10-09,ANA @ WPG,48ce8ebb422982764994cd25c5f253c7,p2_ml,WPG,,,fanduel,-122,-104,oddsapi
2026-10-09T23:05:07Z,2026-10-09,ANA @ WPG,48ce8ebb422982764994cd25c5f253c7,p3_ml,ANA,,,fanduel,-104,-122,oddsapi
2026-10-09T23:05:07Z,2026-10-09,ANA @ WPG,48ce8ebb422982764994cd25c5f253c7,p3_ml,WPG,,,fanduel,-122,-104,oddsapi
2026-10-09T23:05:07Z,2026-10-09,ANA @ WPG,48ce8ebb422982764994cd25c5f253c7,ags,yes,Kyle Connor,,fanduel,120,,oddsapi
2026-10-09T23:05:07Z,2026-10-09,ANA @ WPG,48ce8ebb422982764994cd25c5f253c7,ags,yes,Cutter Gauthier,,fanduel,130,,oddsapi
2026-10-09T23:05:07Z,2026-10-09,ANA @ WPG,48ce8ebb422982764994cd25c5f253c7,ags,yes,Beckett Sennecke,,fanduel,190,,oddsapi
2026-10-09T23:05:07Z,2026-10-09,ANA @ WPG,48ce8ebb422982764994cd25c5f253c7,ags,yes,Mark Scheifele,,fanduel,190,,oddsapi
2026-10-09T23:05:07Z,2026-10-09,ANA @ WPG,48ce8ebb422982764994cd25c5f253c7,ags,yes,Leo Carlsson,,fanduel,190,,oddsapi
2026-10-09T23:05:07Z,2026-10-09,ANA @ WPG,48ce8ebb422982764994cd25c5f253c7,ags,yes,Gabriel Vilardi,,fanduel,210,,oddsapi
2026-10-09T23:05:07Z,2026-10-09,ANA @ WPG,48ce8ebb422982764994cd25c5f253c7,ags,yes,Cole Perfetti,,fanduel,230,,oddsapi
2026-10-09T23:05:07Z,2026-10-09,ANA @ WPG,48ce8ebb422982764994cd25c5f253c7,ags,yes,Mikael Granlund,,fanduel,275,,oddsapi
2026-10-09T23:05:07Z,2026-10-09,ANA @ WPG,48ce8ebb422982764994cd25c5f253c7,ags,yes,Alex Killorn,,fanduel,340,,oddsapi
2026-10-09T23:05:07Z,2026-10-09,ANA @ WPG,48ce8ebb422982764994cd25c5f253c7,ags,yes,Viggo Bjorck,,fanduel,380,,oddsapi
2026-10-09T23:05:07Z,2026-10-09,ANA @ WPG,48ce8ebb422982764994cd25c5f253c7,ags,yes,Nikita Klepov,,fanduel,430,,oddsapi
2026-10-09T23:05:07Z,2026-10-09,ANA @ WPG,48ce8ebb422982764994cd25c5f253c7,ags,yes,Alex Iafallo,,fanduel,430,,oddsapi
2026-10-09T23:05:07Z,2026-10-09,ANA @ WPG,48ce8ebb422982764994cd25c5f253c7,ags,yes,Neal Pionk,,fanduel,460,,oddsapi
2026-10-09T23:05:07Z,2026-10-09,ANA @ WPG,48ce8ebb422982764994cd25c5f253c7,ags,yes,A.J. Greer,,fanduel,480,,oddsapi
2026-10-09T23:05:07Z,2026-10-09,ANA @ WPG,48ce8ebb422982764994cd25c5f253c7,ags,yes,Jackson LaCombe,,fanduel,500,,oddsapi
2026-10-09T23:05:07Z,2026-10-09,ANA @ WPG,48ce8ebb422982764994cd25c5f253c7,ags,yes,Ryan Poehling,,fanduel,500,,oddsapi
2026-10-09T23:05:07Z,2026-10-09,ANA @ WPG,48ce8ebb422982764994cd25c5f253c7,ags,yes,Vladislav Namestnikov,,fanduel,525,,oddsapi
2026-10-09T23:05:07Z,2026-10-09,ANA @ WPG,48ce8ebb422982764994cd25c5f253c7,ags,yes,Isak Rosen,,fanduel,525,,oddsapi
2026-10-09T23:05:07Z,2026-10-09,ANA @ WPG,48ce8ebb422982764994cd25c5f253c7,ags,yes,Morgan Barron,,fanduel,550,,oddsapi
2026-10-09T23:05:07Z,2026-10-09,ANA @ WPG,48ce8ebb422982764994cd25c5f253c7,ags,yes,Adam Lowry,,fanduel,550,,oddsapi
2026-10-09T23:05:07Z,2026-10-09,ANA @ WPG,48ce8ebb422982764994cd25c5f253c7,ags,yes,Brad Lambert,,fanduel,700,,oddsapi
2026-10-09T23:05:07Z,2026-10-09,ANA @ WPG,48ce8ebb422982764994cd25c5f253c7,ags,yes,Cole Koepke,,fanduel,700,,oddsapi
2026-10-09T23:05:07Z,2026-10-09,ANA @ WPG,48ce8ebb422982764994cd25c5f253c7,ags,yes,Nikita Nesterenko,,fanduel,750,,oddsapi
2026-10-09T23:05:07Z,2026-10-09,ANA @ WPG,48ce8ebb422982764994cd25c5f253c7,ags,yes,Tristan Luneau,,fanduel,950,,oddsapi
2026-10-09T23:05:07Z,2026-10-09,ANA @ WPG,48ce8ebb422982764994cd25c5f253c7,ags,yes,Jeff Malott,,fanduel,1000,,oddsapi
2026-10-09T23:05:07Z,2026-10-09,ANA @ WPG,48ce8ebb422982764994cd25c5f253c7,ags,yes,Pavel Mintyukov,,fanduel,1200,,oddsapi
2026-10-09T23:05:07Z,2026-10-09,ANA @ WPG,48ce8ebb422982764994cd25c5f253c7,ags,yes,Tim Washe,,fanduel,1200,,oddsapi
2026-10-09T23:05:07Z,2026-10-09,ANA @ WPG,48ce8ebb422982764994cd25c5f253c7,ags,yes,Haydn Fleury,,fanduel,1200,,oddsapi
2026-10-09T23:05:07Z,2026-10-09,ANA @ WPG,48ce8ebb422982764994cd25c5f253c7,ags,yes,Judd Caulfield,,fanduel,1300,,oddsapi
2026-10-09T23:05:07Z,2026-10-09,ANA @ WPG,48ce8ebb422982764994cd25c5f253c7,ags,yes,Mario Ferraro,,fanduel,1300,,oddsapi
2026-10-09T23:05:07Z,2026-10-09,ANA @ WPG,48ce8ebb422982764994cd25c5f253c7,ags,yes,Dylan Samberg,,fanduel,1400,,oddsapi
2026-10-09T23:05:07Z,2026-10-09,ANA @ WPG,48ce8ebb422982764994cd25c5f253c7,ags,yes,Dylan DeMelo,,fanduel,1500,,oddsapi
2026-10-09T23:05:07Z,2026-10-09,ANA @ WPG,48ce8ebb422982764994cd25c5f253c7,ags,yes,Travis Mitchell,,fanduel,1600,,oddsapi
2026-10-09T23:05:07Z,2026-10-09,ANA @ WPG,48ce8ebb422982764994cd25c5f253c7,ags,yes,Noah Warren,,fanduel,2000,,oddsapi
2026-10-09T23:05:07Z,2026-10-09,ANA @ WPG,48ce8ebb422982764994cd25c5f253c7,ags,yes,Tyson Hinds,,fanduel,2100,,oddsapi
2026-10-09T23:05:07Z,2026-10-09,ANA @ WPG,48ce8ebb422982764994cd25c5f253c7,fgs,yes,Cutter Gauthier,,fanduel,900,,oddsapi
2026-10-09T23:05:07Z,2026-10-09,ANA @ WPG,48ce8ebb422982764994cd25c5f253c7,fgs,yes,Kyle Connor,,fanduel,900,,oddsapi
2026-10-09T23:05:07Z,2026-10-09,ANA @ WPG,48ce8ebb422982764994cd25c5f253c7,fgs,yes,Leo Carlsson,,fanduel,1300,,oddsapi
2026-10-09T23:05:07Z,2026-10-09,ANA @ WPG,48ce8ebb422982764994cd25c5f253c7,fgs,yes,Beckett Sennecke,,fanduel,1300,,oddsapi
2026-10-09T23:05:07Z,2026-10-09,ANA @ WPG,48ce8ebb422982764994cd25c5f253c7,fgs,yes,Mark Scheifele,,fanduel,1300,,oddsapi
2026-10-09T23:05:07Z,2026-10-09,ANA @ WPG,48ce8ebb422982764994cd25c5f253c7,fgs,yes,Gabriel Vilardi,,fanduel,1400,,oddsapi
2026-10-09T23:05:07Z,2026-10-09,ANA @ WPG,48ce8ebb422982764994cd25c5f253c7,fgs,yes,Cole Perfetti,,fanduel,1500,,oddsapi
2026-10-09T23:05:07Z,2026-10-09,ANA @ WPG,48ce8ebb422982764994cd25c5f253c7,fgs,yes,Mikael Granlund,,fanduel,1700,,oddsapi
2026-10-09T23:05:07Z,2026-10-09,ANA @ WPG,48ce8ebb422982764994cd25c5f253c7,fgs,yes,Viggo Bjorck,,fanduel,2200,,oddsapi
2026-10-09T23:05:07Z,2026-10-09,ANA @ WPG,48ce8ebb422982764994cd25c5f253c7,fgs,yes,Alex Killorn,,fanduel,2200,,oddsapi
2026-10-09T23:05:07Z,2026-10-09,ANA @ WPG,48ce8ebb422982764994cd25c5f253c7,fgs,yes,Nikita Klepov,,fanduel,2500,,oddsapi
2026-10-09T23:05:07Z,2026-10-09,ANA @ WPG,48ce8ebb422982764994cd25c5f253c7,fgs,yes,Alex Iafallo,,fanduel,2500,,oddsapi
2026-10-09T23:05:07Z,2026-10-09,ANA @ WPG,48ce8ebb422982764994cd25c5f253c7,fgs,yes,A.J. Greer,,fanduel,2700,,oddsapi
2026-10-09T23:05:07Z,2026-10-09,ANA @ WPG,48ce8ebb422982764994cd25c5f253c7,fgs,yes,Neal Pionk,,fanduel,2700,,oddsapi
2026-10-09T23:05:07Z,2026-10-09,ANA @ WPG,48ce8ebb422982764994cd25c5f253c7,fgs,yes,Ryan Poehling,,fanduel,3000,,oddsapi
2026-10-09T23:05:07Z,2026-10-09,ANA @ WPG,48ce8ebb422982764994cd25c5f253c7,fgs,yes,Jackson LaCombe,,fanduel,3000,,oddsapi
2026-10-09T23:05:07Z,2026-10-09,ANA @ WPG,48ce8ebb422982764994cd25c5f253c7,fgs,yes,Vladislav Namestnikov,,fanduel,3000,,oddsapi
2026-10-09T23:05:07Z,2026-10-09,ANA @ WPG,48ce8ebb422982764994cd25c5f253c7,fgs,yes,Adam Lowry,,fanduel,3000,,oddsapi
2026-10-09T23:05:07Z,2026-10-09,ANA @ WPG,48ce8ebb422982764994cd25c5f253c7,fgs,yes,Isak Rosen,,fanduel,3000,,oddsapi
2026-10-09T23:05:07Z,2026-10-09,ANA @ WPG,48ce8ebb422982764994cd25c5f253c7,fgs,yes,Morgan Barron,,fanduel,3000,,oddsapi
2026-10-09T23:05:07Z,2026-10-09,ANA @ WPG,48ce8ebb422982764994cd25c5f253c7,fgs,yes,Cole Koepke,,fanduel,3500,,oddsapi
2026-10-09T23:05:07Z,2026-10-09,ANA @ WPG,48ce8ebb422982764994cd25c5f253c7,fgs,yes,Nikita Nesterenko,,fanduel,3500,,oddsapi
2026-10-09T23:05:07Z,2026-10-09,ANA @ WPG,48ce8ebb422982764994cd25c5f253c7,fgs,yes,Brad Lambert,,fanduel,4000,,oddsapi
2026-10-09T23:05:07Z,2026-10-09,ANA @ WPG,48ce8ebb422982764994cd25c5f253c7,fgs,yes,Jeff Malott,,fanduel,4500,,oddsapi
2026-10-09T23:05:07Z,2026-10-09,ANA @ WPG,48ce8ebb422982764994cd25c5f253c7,fgs,yes,Tristan Luneau,,fanduel,5000,,oddsapi
2026-10-09T23:05:07Z,2026-10-09,ANA @ WPG,48ce8ebb422982764994cd25c5f253c7,fgs,yes,Pavel Mintyukov,,fanduel,6000,,oddsapi
2026-10-09T23:05:07Z,2026-10-09,ANA @ WPG,48ce8ebb422982764994cd25c5f253c7,fgs,yes,Judd Caulfield,,fanduel,6500,,oddsapi
2026-10-09T23:05:07Z,2026-10-09,ANA @ WPG,48ce8ebb422982764994cd25c5f253c7,fgs,yes,Tim Washe,,fanduel,7000,,oddsapi
2026-10-09T23:05:07Z,2026-10-09,ANA @ WPG,48ce8ebb422982764994cd25c5f253c7,fgs,yes,Mario Ferraro,,fanduel,7000,,oddsapi
2026-10-09T23:05:07Z,2026-10-09,ANA @ WPG,48ce8ebb422982764994cd25c5f253c7,fgs,yes,Haydn Fleury,,fanduel,7000,,oddsapi
2026-10-09T23:05:07Z,2026-10-09,ANA @ WPG,48ce8ebb422982764994cd25c5f253c7,fgs,yes,Dylan DeMelo,,fanduel,7500,,oddsapi
2026-10-09T23:05:07Z,2026-10-09,ANA @ WPG,48ce8ebb422982764994cd25c5f253c7,fgs,yes,Dylan Samberg,,fanduel,7500,,oddsapi
2026-10-09T23:05:07Z,2026-10-09,ANA @ WPG,48ce8ebb422982764994cd25c5f253c7,fgs,yes,Travis Mitchell,,fanduel,8000,,oddsapi
2026-10-09T23:05:07Z,2026-10-09,ANA @ WPG,48ce8ebb422982764994cd25c5f253c7,fgs,yes,Noah Warren,,fanduel,10000,,oddsapi
2026-10-09T23:05:07Z,2026-10-09,ANA @ WPG,48ce8ebb422982764994cd25c5f253c7,fgs,yes,Tyson Hinds,,fanduel,10000,,oddsapi
2026-10-09T23:05:07Z,2026-10-09,ANA @ WPG,48ce8ebb422982764994cd25c5f253c7,sk_g,over,Mark Scheifele,0.5,fanduel,190,-260,oddsapi
2026-10-09T23:05:07Z,2026-10-09,ANA @ WPG,48ce8ebb422982764994cd25c5f253c7,sk_g,under,Mark Scheifele,0.5,fanduel,-260,190,oddsapi
2026-10-09T23:05:07Z,2026-10-09,ANA @ WPG,48ce8ebb422982764994cd25c5f253c7,sk_g,over,Leo Carlsson,0.5,fanduel,190,-260,oddsapi
2026-10-09T23:05:07Z,2026-10-09,ANA @ WPG,48ce8ebb422982764994cd25c5f253c7,sk_g,under,Leo Carlsson,0.5,fanduel,-260,190,oddsapi
2026-10-09T23:05:07Z,2026-10-09,ANA @ WPG,48ce8ebb422982764994cd25c5f253c7,sk_g,over,Cole Perfetti,0.5,fanduel,230,-320,oddsapi
2026-10-09T23:05:07Z,2026-10-09,ANA @ WPG,48ce8ebb422982764994cd25c5f253c7,sk_g,under,Cole Perfetti,0.5,fanduel,-320,230,oddsapi
2026-10-09T23:05:07Z,2026-10-09,ANA @ WPG,48ce8ebb422982764994cd25c5f253c7,sk_g,over,Gabriel Vilardi,0.5,fanduel,210,-300,oddsapi
2026-10-09T23:05:07Z,2026-10-09,ANA @ WPG,48ce8ebb422982764994cd25c5f253c7,sk_g,under,Gabriel Vilardi,0.5,fanduel,-300,210,oddsapi
2026-10-09T23:05:07Z,2026-10-09,ANA @ WPG,48ce8ebb422982764994cd25c5f253c7,sk_g,over,Kyle Connor,0.5,fanduel,120,-160,oddsapi
2026-10-09T23:05:07Z,2026-10-09,ANA @ WPG,48ce8ebb422982764994cd25c5f253c7,sk_g,under,Kyle Connor,0.5,fanduel,-160,120,oddsapi
2026-10-09T23:05:07Z,2026-10-09,ANA @ WPG,48ce8ebb422982764994cd25c5f253c7,sk_g,over,Beckett Sennecke,0.5,fanduel,190,-260,oddsapi
2026-10-09T23:05:07Z,2026-10-09,ANA @ WPG,48ce8ebb422982764994cd25c5f253c7,sk_g,under,Beckett Sennecke,0.5,fanduel,-260,190,oddsapi
2026-10-09T23:05:07Z,2026-10-09,ANA @ WPG,48ce8ebb422982764994cd25c5f253c7,sk_g,over,Cutter Gauthier,0.5,fanduel,130,-170,oddsapi
2026-10-09T23:05:07Z,2026-10-09,ANA @ WPG,48ce8ebb422982764994cd25c5f253c7,sk_g,under,Cutter Gauthier,0.5,fanduel,-170,130,oddsapi
2026-10-09T23:05:07Z,2026-10-09,ANA @ WPG,48ce8ebb422982764994cd25c5f253c7,sk_sog,over,Kyle Connor,3.5,fanduel,104,-135,oddsapi
2026-10-09T23:05:07Z,2026-10-09,ANA @ WPG,48ce8ebb422982764994cd25c5f253c7,sk_sog,under,Kyle Connor,3.5,fanduel,-135,104,oddsapi
2026-10-09T23:05:07Z,2026-10-09,ANA @ WPG,48ce8ebb422982764994cd25c5f253c7,sk_sog,over,Beckett Sennecke,2.5,fanduel,-128,-102,oddsapi
2026-10-09T23:05:07Z,2026-10-09,ANA @ WPG,48ce8ebb422982764994cd25c5f253c7,sk_sog,under,Beckett Sennecke,2.5,fanduel,-102,-128,oddsapi
2026-10-09T23:05:07Z,2026-10-09,ANA @ WPG,48ce8ebb422982764994cd25c5f253c7,sk_sog,over,Mark Scheifele,1.5,fanduel,-205,154,oddsapi
2026-10-09T23:05:07Z,2026-10-09,ANA @ WPG,48ce8ebb422982764994cd25c5f253c7,sk_sog,under,Mark Scheifele,1.5,fanduel,154,-205,oddsapi
2026-10-09T23:05:07Z,2026-10-09,ANA @ WPG,48ce8ebb422982764994cd25c5f253c7,sk_sog,over,Cole Perfetti,2.5,fanduel,100,-130,oddsapi
2026-10-09T23:05:07Z,2026-10-09,ANA @ WPG,48ce8ebb422982764994cd25c5f253c7,sk_sog,under,Cole Perfetti,2.5,fanduel,-130,100,oddsapi
2026-10-09T23:05:07Z,2026-10-09,ANA @ WPG,48ce8ebb422982764994cd25c5f253c7,sk_sog,over,Leo Carlsson,2.5,fanduel,104,-135,oddsapi
2026-10-09T23:05:07Z,2026-10-09,ANA @ WPG,48ce8ebb422982764994cd25c5f253c7,sk_sog,under,Leo Carlsson,2.5,fanduel,-135,104,oddsapi
2026-10-09T23:05:07Z,2026-10-09,ANA @ WPG,48ce8ebb422982764994cd25c5f253c7,sk_sog,over,Cutter Gauthier,3.5,fanduel,-132,102,oddsapi
2026-10-09T23:05:07Z,2026-10-09,ANA @ WPG,48ce8ebb422982764994cd25c5f253c7,sk_sog,under,Cutter Gauthier,3.5,fanduel,102,-132,oddsapi
2026-10-09T23:05:07Z,2026-10-09,ANA @ WPG,48ce8ebb422982764994cd25c5f253c7,sk_sog,over,Neal Pionk,2.5,fanduel,148,-196,oddsapi
2026-10-09T23:05:07Z,2026-10-09,ANA @ WPG,48ce8ebb422982764994cd25c5f253c7,sk_sog,under,Neal Pionk,2.5,fanduel,-196,148,oddsapi
2026-10-09T23:05:07Z,2026-10-09,ANA @ WPG,48ce8ebb422982764994cd25c5f253c7,g_saves,over,Clay Stevenson,24.5,fanduel,-104,-128,oddsapi
2026-10-09T23:05:07Z,2026-10-09,ANA @ WPG,48ce8ebb422982764994cd25c5f253c7,g_saves,under,Clay Stevenson,24.5,fanduel,-128,-104,oddsapi
2026-10-09T23:05:07Z,2026-10-09,ANA @ WPG,48ce8ebb422982764994cd25c5f253c7,p1_pl,ANA,,0.5,fanduel,-215,168,oddsapi
2026-10-09T23:05:07Z,2026-10-09,ANA @ WPG,48ce8ebb422982764994cd25c5f253c7,p1_pl,WPG,,-0.5,fanduel,168,-215,oddsapi
2026-10-09T23:05:07Z,2026-10-09,ANA @ WPG,48ce8ebb422982764994cd25c5f253c7,p2_pl,ANA,,0.5,fanduel,-200,156,oddsapi
2026-10-09T23:05:07Z,2026-10-09,ANA @ WPG,48ce8ebb422982764994cd25c5f253c7,p2_pl,WPG,,-0.5,fanduel,156,-200,oddsapi
2026-10-09T23:05:07Z,2026-10-09,ANA @ WPG,48ce8ebb422982764994cd25c5f253c7,p3_pl,ANA,,0.5,fanduel,-186,146,oddsapi
2026-10-09T23:05:07Z,2026-10-09,ANA @ WPG,48ce8ebb422982764994cd25c5f253c7,p3_pl,WPG,,-0.5,fanduel,146,-186,oddsapi
2026-10-09T23:05:07Z,2026-10-09,ANA @ WPG,48ce8ebb422982764994cd25c5f253c7,team_total,over,ANA,2.5,fanduel,-182,,oddsapi
2026-10-09T23:05:07Z,2026-10-09,ANA @ WPG,48ce8ebb422982764994cd25c5f253c7,team_total,under,ANA,3.5,fanduel,-176,,oddsapi
2026-10-09T23:05:07Z,2026-10-09,ANA @ WPG,48ce8ebb422982764994cd25c5f253c7,team_total,over,WPG,2.5,fanduel,-210,,oddsapi
2026-10-09T23:05:07Z,2026-10-09,ANA @ WPG,48ce8ebb422982764994cd25c5f253c7,team_total,under,WPG,3.5,fanduel,-146,,oddsapi
2026-10-09T23:05:07Z,2026-10-09,ANA @ WPG,48ce8ebb422982764994cd25c5f253c7,p1_team_total,over,ANA,0.5,fanduel,-166,130,oddsapi
2026-10-09T23:05:07Z,2026-10-09,ANA @ WPG,48ce8ebb422982764994cd25c5f253c7,p1_team_total,under,ANA,0.5,fanduel,130,-166,oddsapi
2026-10-09T23:05:07Z,2026-10-09,ANA @ WPG,48ce8ebb422982764994cd25c5f253c7,p1_team_total,over,WPG,0.5,fanduel,-186,144,oddsapi
2026-10-09T23:05:07Z,2026-10-09,ANA @ WPG,48ce8ebb422982764994cd25c5f253c7,p1_team_total,under,WPG,0.5,fanduel,144,-186,oddsapi
2026-10-09T23:05:07Z,2026-10-09,ANA @ WPG,48ce8ebb422982764994cd25c5f253c7,p1_total,over,,1.5,fanduel,-156,122,oddsapi
2026-10-09T23:05:07Z,2026-10-09,ANA @ WPG,48ce8ebb422982764994cd25c5f253c7,p1_total,under,,1.5,fanduel,122,-156,oddsapi
2026-10-09T23:05:07Z,2026-10-09,ANA @ WPG,48ce8ebb422982764994cd25c5f253c7,p2_total,over,,1.5,fanduel,-205,158,oddsapi
2026-10-09T23:05:07Z,2026-10-09,ANA @ WPG,48ce8ebb422982764994cd25c5f253c7,p2_total,under,,1.5,fanduel,158,-205,oddsapi
2026-10-09T23:05:07Z,2026-10-09,ANA @ WPG,48ce8ebb422982764994cd25c5f253c7,p3_total,over,,2.5,fanduel,146,-186,oddsapi
2026-10-09T23:05:07Z,2026-10-09,ANA @ WPG,48ce8ebb422982764994cd25c5f253c7,p3_total,under,,2.5,fanduel,-186,146,oddsapi
2026-10-09T23:05:07Z,2026-10-09,ANA @ WPG,48ce8ebb422982764994cd25c5f253c7,p1_ml,ANA,,,betus,-115,-115,oddsapi
2026-10-09T23:05:07Z,2026-10-09,ANA @ WPG,48ce8ebb422982764994cd25c5f253c7,p1_ml,WPG,,,betus,-115,-115,oddsapi
2026-10-09T23:05:07Z,2026-10-09,ANA @ WPG,48ce8ebb422982764994cd25c5f253c7,p1_pl,ANA,,0.5,betus,-200,160,oddsapi
2026-10-09T23:05:07Z,2026-10-09,ANA @ WPG,48ce8ebb422982764994cd25c5f253c7,p1_pl,WPG,,-0.5,betus,160,-200,oddsapi
2026-10-09T23:05:07Z,2026-10-09,ANA @ WPG,48ce8ebb422982764994cd25c5f253c7,p1_total,over,,1.5,betus,-135,105,oddsapi
2026-10-09T23:05:07Z,2026-10-09,ANA @ WPG,48ce8ebb422982764994cd25c5f253c7,p1_total,under,,1.5,betus,105,-135,oddsapi
2026-10-09T23:05:07Z,2026-10-09,ANA @ WPG,48ce8ebb422982764994cd25c5f253c7,team_total_alt,over,ANA,1,betmgm,-3000,800,oddsapi
2026-10-09T23:05:07Z,2026-10-09,ANA @ WPG,48ce8ebb422982764994cd25c5f253c7,team_total_alt,under,ANA,1,betmgm,800,-3000,oddsapi
2026-10-09T23:05:07Z,2026-10-09,ANA @ WPG,48ce8ebb422982764994cd25c5f253c7,team_total_alt,over,ANA,1.5,betmgm,-500,310,oddsapi
2026-10-09T23:05:07Z,2026-10-09,ANA @ WPG,48ce8ebb422982764994cd25c5f253c7,team_total_alt,under,ANA,1.5,betmgm,310,-500,oddsapi
2026-10-09T23:05:07Z,2026-10-09,ANA @ WPG,48ce8ebb422982764994cd25c5f253c7,team_total_alt,over,ANA,2,betmgm,-350,240,oddsapi
2026-10-09T23:05:07Z,2026-10-09,ANA @ WPG,48ce8ebb422982764994cd25c5f253c7,team_total_alt,under,ANA,2,betmgm,240,-350,oddsapi
2026-10-09T23:05:07Z,2026-10-09,ANA @ WPG,48ce8ebb422982764994cd25c5f253c7,team_total_alt,over,ANA,2.5,betmgm,-175,125,oddsapi
2026-10-09T23:05:07Z,2026-10-09,ANA @ WPG,48ce8ebb422982764994cd25c5f253c7,team_total_alt,under,ANA,2.5,betmgm,125,-175,oddsapi
2026-10-09T23:05:07Z,2026-10-09,ANA @ WPG,48ce8ebb422982764994cd25c5f253c7,team_total_alt,over,ANA,3,betmgm,-118,-118,oddsapi
2026-10-09T23:05:07Z,2026-10-09,ANA @ WPG,48ce8ebb422982764994cd25c5f253c7,team_total_alt,under,ANA,3,betmgm,-118,-118,oddsapi
2026-10-09T23:05:07Z,2026-10-09,ANA @ WPG,48ce8ebb422982764994cd25c5f253c7,team_total_alt,over,ANA,3.5,betmgm,125,-175,oddsapi
2026-10-09T23:05:07Z,2026-10-09,ANA @ WPG,48ce8ebb422982764994cd25c5f253c7,team_total_alt,under,ANA,3.5,betmgm,-175,125,oddsapi
2026-10-09T23:05:07Z,2026-10-09,ANA @ WPG,48ce8ebb422982764994cd25c5f253c7,team_total_alt,over,ANA,4,betmgm,220,-325,oddsapi
2026-10-09T23:05:07Z,2026-10-09,ANA @ WPG,48ce8ebb422982764994cd25c5f253c7,team_total_alt,under,ANA,4,betmgm,-325,220,oddsapi
2026-10-09T23:05:07Z,2026-10-09,ANA @ WPG,48ce8ebb422982764994cd25c5f253c7,team_total_alt,over,ANA,4.5,betmgm,270,-425,oddsapi
2026-10-09T23:05:07Z,2026-10-09,ANA @ WPG,48ce8ebb422982764994cd25c5f253c7,team_total_alt,under,ANA,4.5,betmgm,-425,270,oddsapi
2026-10-09T23:05:07Z,2026-10-09,ANA @ WPG,48ce8ebb422982764994cd25c5f253c7,team_total_alt,over,ANA,5,betmgm,525,-1100,oddsapi
2026-10-09T23:05:07Z,2026-10-09,ANA @ WPG,48ce8ebb422982764994cd25c5f253c7,team_total_alt,under,ANA,5,betmgm,-1100,525,oddsapi
2026-10-09T23:05:07Z,2026-10-09,ANA @ WPG,48ce8ebb422982764994cd25c5f253c7,team_total_alt,over,WPG,1,betmgm,-5000,875,oddsapi
2026-10-09T23:05:07Z,2026-10-09,ANA @ WPG,48ce8ebb422982764994cd25c5f253c7,team_total_alt,under,WPG,1,betmgm,875,-5000,oddsapi
2026-10-09T23:05:07Z,2026-10-09,ANA @ WPG,48ce8ebb422982764994cd25c5f253c7,team_total_alt,over,WPG,1.5,betmgm,-600,350,oddsapi
2026-10-09T23:05:07Z,2026-10-09,ANA @ WPG,48ce8ebb422982764994cd25c5f253c7,team_total_alt,under,WPG,1.5,betmgm,350,-600,oddsapi
2026-10-09T23:05:07Z,2026-10-09,ANA @ WPG,48ce8ebb422982764994cd25c5f253c7,team_total_alt,over,WPG,2,betmgm,-450,280,oddsapi
2026-10-09T23:05:07Z,2026-10-09,ANA @ WPG,48ce8ebb422982764994cd25c5f253c7,team_total_alt,under,WPG,2,betmgm,280,-450,oddsapi
2026-10-09T23:05:07Z,2026-10-09,ANA @ WPG,48ce8ebb422982764994cd25c5f253c7,team_total_alt,over,WPG,2.5,betmgm,-210,145,oddsapi
2026-10-09T23:05:07Z,2026-10-09,ANA @ WPG,48ce8ebb422982764994cd25c5f253c7,team_total_alt,under,WPG,2.5,betmgm,145,-210,oddsapi
2026-10-09T23:05:07Z,2026-10-09,ANA @ WPG,48ce8ebb422982764994cd25c5f253c7,team_total_alt,over,WPG,3,betmgm,-140,100,oddsapi
2026-10-09T23:05:07Z,2026-10-09,ANA @ WPG,48ce8ebb422982764994cd25c5f253c7,team_total_alt,under,WPG,3,betmgm,100,-140,oddsapi
2026-10-09T23:05:07Z,2026-10-09,ANA @ WPG,48ce8ebb422982764994cd25c5f253c7,team_total_alt,over,WPG,3.5,betmgm,110,-155,oddsapi
2026-10-09T23:05:07Z,2026-10-09,ANA @ WPG,48ce8ebb422982764994cd25c5f253c7,team_total_alt,under,WPG,3.5,betmgm,-155,110,oddsapi
2026-10-09T23:05:07Z,2026-10-09,ANA @ WPG,48ce8ebb422982764994cd25c5f253c7,team_total_alt,over,WPG,4,betmgm,190,-275,oddsapi
2026-10-09T23:05:07Z,2026-10-09,ANA @ WPG,48ce8ebb422982764994cd25c5f253c7,team_total_alt,under,WPG,4,betmgm,-275,190,oddsapi
2026-10-09T23:05:07Z,2026-10-09,ANA @ WPG,48ce8ebb422982764994cd25c5f253c7,team_total_alt,over,WPG,4.5,betmgm,240,-350,oddsapi
2026-10-09T23:05:07Z,2026-10-09,ANA @ WPG,48ce8ebb422982764994cd25c5f253c7,team_total_alt,under,WPG,4.5,betmgm,-350,240,oddsapi
2026-10-09T23:05:07Z,2026-10-09,ANA @ WPG,48ce8ebb422982764994cd25c5f253c7,team_total_alt,over,WPG,5,betmgm,450,-900,oddsapi
2026-10-09T23:05:07Z,2026-10-09,ANA @ WPG,48ce8ebb422982764994cd25c5f253c7,team_total_alt,under,WPG,5,betmgm,-900,450,oddsapi
2026-10-09T23:05:07Z,2026-10-09,ANA @ WPG,48ce8ebb422982764994cd25c5f253c7,game_ml3,ANA,,,betmgm,150,,oddsapi
2026-10-09T23:05:07Z,2026-10-09,ANA @ WPG,48ce8ebb422982764994cd25c5f253c7,game_ml3,WPG,,,betmgm,125,,oddsapi
2026-10-09T23:05:07Z,2026-10-09,ANA @ WPG,48ce8ebb422982764994cd25c5f253c7,game_ml3,draw,,,betmgm,320,,oddsapi
2026-10-09T23:05:07Z,2026-10-09,ANA @ WPG,48ce8ebb422982764994cd25c5f253c7,p1_ml3,ANA,,,betmgm,170,,oddsapi
2026-10-09T23:05:07Z,2026-10-09,ANA @ WPG,48ce8ebb422982764994cd25c5f253c7,p1_ml3,WPG,,,betmgm,155,,oddsapi
2026-10-09T23:05:07Z,2026-10-09,ANA @ WPG,48ce8ebb422982764994cd25c5f253c7,p1_ml3,draw,,,betmgm,185,,oddsapi
2026-10-09T23:05:07Z,2026-10-09,ANA @ WPG,48ce8ebb422982764994cd25c5f253c7,p2_ml3,ANA,,,betmgm,170,,oddsapi
2026-10-09T23:05:07Z,2026-10-09,ANA @ WPG,48ce8ebb422982764994cd25c5f253c7,p2_ml3,WPG,,,betmgm,150,,oddsapi
2026-10-09T23:05:07Z,2026-10-09,ANA @ WPG,48ce8ebb422982764994cd25c5f253c7,p2_ml3,draw,,,betmgm,195,,oddsapi
2026-10-09T23:05:07Z,2026-10-09,ANA @ WPG,48ce8ebb422982764994cd25c5f253c7,p3_ml3,ANA,,,betmgm,155,,oddsapi
2026-10-09T23:05:07Z,2026-10-09,ANA @ WPG,48ce8ebb422982764994cd25c5f253c7,p3_ml3,WPG,,,betmgm,140,,oddsapi
2026-10-09T23:05:07Z,2026-10-09,ANA @ WPG,48ce8ebb422982764994cd25c5f253c7,p3_ml3,draw,,,betmgm,230,,oddsapi
2026-10-09T23:05:07Z,2026-10-09,ANA @ WPG,48ce8ebb422982764994cd25c5f253c7,p1_ml,ANA,,,betmgm,-105,-125,oddsapi
2026-10-09T23:05:07Z,2026-10-09,ANA @ WPG,48ce8ebb422982764994cd25c5f253c7,p1_ml,WPG,,,betmgm,-125,-105,oddsapi
2026-10-09T23:05:07Z,2026-10-09,ANA @ WPG,48ce8ebb422982764994cd25c5f253c7,p2_ml,ANA,,,betmgm,-110,-125,oddsapi
2026-10-09T23:05:07Z,2026-10-09,ANA @ WPG,48ce8ebb422982764994cd25c5f253c7,p2_ml,WPG,,,betmgm,-125,-110,oddsapi
2026-10-09T23:05:07Z,2026-10-09,ANA @ WPG,48ce8ebb422982764994cd25c5f253c7,p3_ml,ANA,,,betmgm,-110,-125,oddsapi
2026-10-09T23:05:07Z,2026-10-09,ANA @ WPG,48ce8ebb422982764994cd25c5f253c7,p3_ml,WPG,,,betmgm,-125,-110,oddsapi
2026-10-09T23:05:07Z,2026-10-09,ANA @ WPG,48ce8ebb422982764994cd25c5f253c7,sk_a,over,Mikael Granlund,0.5,betmgm,120,-160,oddsapi
2026-10-09T23:05:07Z,2026-10-09,ANA @ WPG,48ce8ebb422982764994cd25c5f253c7,sk_a,under,Mikael Granlund,0.5,betmgm,-160,120,oddsapi
2026-10-09T23:05:07Z,2026-10-09,ANA @ WPG,48ce8ebb422982764994cd25c5f253c7,sk_a,over,Cole Perfetti,0.5,betmgm,155,-210,oddsapi
2026-10-09T23:05:07Z,2026-10-09,ANA @ WPG,48ce8ebb422982764994cd25c5f253c7,sk_a,under,Cole Perfetti,0.5,betmgm,-210,155,oddsapi
2026-10-09T23:05:07Z,2026-10-09,ANA @ WPG,48ce8ebb422982764994cd25c5f253c7,sk_a,over,Leo Carlsson,0.5,betmgm,120,-160,oddsapi
2026-10-09T23:05:07Z,2026-10-09,ANA @ WPG,48ce8ebb422982764994cd25c5f253c7,sk_a,under,Leo Carlsson,0.5,betmgm,-160,120,oddsapi
2026-10-09T23:05:07Z,2026-10-09,ANA @ WPG,48ce8ebb422982764994cd25c5f253c7,sk_a,over,Gabriel Vilardi,0.5,betmgm,175,-235,oddsapi
2026-10-09T23:05:07Z,2026-10-09,ANA @ WPG,48ce8ebb422982764994cd25c5f253c7,sk_a,under,Gabriel Vilardi,0.5,betmgm,-235,175,oddsapi
2026-10-09T23:05:07Z,2026-10-09,ANA @ WPG,48ce8ebb422982764994cd25c5f253c7,sk_a,over,Kyle Connor,0.5,betmgm,100,-135,oddsapi
2026-10-09T23:05:07Z,2026-10-09,ANA @ WPG,48ce8ebb422982764994cd25c5f253c7,sk_a,under,Kyle Connor,0.5,betmgm,-135,100,oddsapi
2026-10-09T23:05:07Z,2026-10-09,ANA @ WPG,48ce8ebb422982764994cd25c5f253c7,sk_a,over,Neal Pionk,0.5,betmgm,120,-160,oddsapi
2026-10-09T23:05:07Z,2026-10-09,ANA @ WPG,48ce8ebb422982764994cd25c5f253c7,sk_a,under,Neal Pionk,0.5,betmgm,-160,120,oddsapi
2026-10-09T23:05:07Z,2026-10-09,ANA @ WPG,48ce8ebb422982764994cd25c5f253c7,sk_a,over,Ryan Poehling,0.5,betmgm,260,-375,oddsapi
2026-10-09T23:05:07Z,2026-10-09,ANA @ WPG,48ce8ebb422982764994cd25c5f253c7,sk_a,under,Ryan Poehling,0.5,betmgm,-375,260,oddsapi
2026-10-09T23:05:07Z,2026-10-09,ANA @ WPG,48ce8ebb422982764994cd25c5f253c7,sk_a,over,Mark Scheifele,0.5,betmgm,-120,-110,oddsapi
2026-10-09T23:05:07Z,2026-10-09,ANA @ WPG,48ce8ebb422982764994cd25c5f253c7,sk_a,under,Mark Scheifele,0.5,betmgm,-110,-120,oddsapi
2026-10-09T23:05:07Z,2026-10-09,ANA @ WPG,48ce8ebb422982764994cd25c5f253c7,sk_a,over,Beckett Sennecke,0.5,betmgm,135,-185,oddsapi
2026-10-09T23:05:07Z,2026-10-09,ANA @ WPG,48ce8ebb422982764994cd25c5f253c7,sk_a,under,Beckett Sennecke,0.5,betmgm,-185,135,oddsapi
2026-10-09T23:05:07Z,2026-10-09,ANA @ WPG,48ce8ebb422982764994cd25c5f253c7,sk_a,over,Alex Killorn,0.5,betmgm,270,-450,oddsapi
2026-10-09T23:05:07Z,2026-10-09,ANA @ WPG,48ce8ebb422982764994cd25c5f253c7,sk_a,under,Alex Killorn,0.5,betmgm,-450,270,oddsapi
2026-10-09T23:05:07Z,2026-10-09,ANA @ WPG,48ce8ebb422982764994cd25c5f253c7,sk_a,over,Jackson LaCombe,0.5,betmgm,-110,-120,oddsapi
2026-10-09T23:05:07Z,2026-10-09,ANA @ WPG,48ce8ebb422982764994cd25c5f253c7,sk_a,under,Jackson LaCombe,0.5,betmgm,-120,-110,oddsapi
2026-10-09T23:05:07Z,2026-10-09,ANA @ WPG,48ce8ebb422982764994cd25c5f253c7,sk_a,over,Cutter Gauthier,0.5,betmgm,150,-210,oddsapi
2026-10-09T23:05:07Z,2026-10-09,ANA @ WPG,48ce8ebb422982764994cd25c5f253c7,sk_a,under,Cutter Gauthier,0.5,betmgm,-210,150,oddsapi
2026-10-09T23:05:07Z,2026-10-09,ANA @ WPG,48ce8ebb422982764994cd25c5f253c7,ags,yes,Kyle Connor,,betmgm,120,,oddsapi
2026-10-09T23:05:07Z,2026-10-09,ANA @ WPG,48ce8ebb422982764994cd25c5f253c7,ags,yes,Cutter Gauthier,,betmgm,130,,oddsapi
2026-10-09T23:05:07Z,2026-10-09,ANA @ WPG,48ce8ebb422982764994cd25c5f253c7,ags,yes,Leo Carlsson,,betmgm,170,,oddsapi
2026-10-09T23:05:07Z,2026-10-09,ANA @ WPG,48ce8ebb422982764994cd25c5f253c7,ags,yes,Beckett Sennecke,,betmgm,190,,oddsapi
2026-10-09T23:05:07Z,2026-10-09,ANA @ WPG,48ce8ebb422982764994cd25c5f253c7,ags,yes,Mark Scheifele,,betmgm,190,,oddsapi
2026-10-09T23:05:07Z,2026-10-09,ANA @ WPG,48ce8ebb422982764994cd25c5f253c7,ags,yes,Gabriel Vilardi,,betmgm,225,,oddsapi
2026-10-09T23:05:07Z,2026-10-09,ANA @ WPG,48ce8ebb422982764994cd25c5f253c7,ags,yes,Cole Perfetti,,betmgm,230,,oddsapi
2026-10-09T23:05:07Z,2026-10-09,ANA @ WPG,48ce8ebb422982764994cd25c5f253c7,ags,yes,Mikael Granlund,,betmgm,275,,oddsapi
2026-10-09T23:05:07Z,2026-10-09,ANA @ WPG,48ce8ebb422982764994cd25c5f253c7,ags,yes,Alex Killorn,,betmgm,325,,oddsapi
2026-10-09T23:05:07Z,2026-10-09,ANA @ WPG,48ce8ebb422982764994cd25c5f253c7,ags,yes,Viggo Bjorck,,betmgm,375,,oddsapi
2026-10-09T23:05:07Z,2026-10-09,ANA @ WPG,48ce8ebb422982764994cd25c5f253c7,ags,yes,Nikita Klepov,,betmgm,400,,oddsapi
2026-10-09T23:05:07Z,2026-10-09,ANA @ WPG,48ce8ebb422982764994cd25c5f253c7,ags,yes,Alex Iafallo,,betmgm,400,,oddsapi
2026-10-09T23:05:07Z,2026-10-09,ANA @ WPG,48ce8ebb422982764994cd25c5f253c7,ags,yes,Isak Rosen,,betmgm,450,,oddsapi
2026-10-09T23:05:07Z,2026-10-09,ANA @ WPG,48ce8ebb422982764994cd25c5f253c7,ags,yes,Neal Pionk,,betmgm,450,,oddsapi
2026-10-09T23:05:07Z,2026-10-09,ANA @ WPG,48ce8ebb422982764994cd25c5f253c7,ags,yes,Jackson LaCombe,,betmgm,450,,oddsapi
2026-10-09T23:05:07Z,2026-10-09,ANA @ WPG,48ce8ebb422982764994cd25c5f253c7,ags,yes,Josh Morrissey,,betmgm,450,,oddsapi
2026-10-09T23:05:07Z,2026-10-09,ANA @ WPG,48ce8ebb422982764994cd25c5f253c7,ags,yes,Ryan Poehling,,betmgm,475,,oddsapi
2026-10-09T23:05:07Z,2026-10-09,ANA @ WPG,48ce8ebb422982764994cd25c5f253c7,ags,yes,A.J. Greer,,betmgm,475,,oddsapi
2026-10-09T23:05:07Z,2026-10-09,ANA @ WPG,48ce8ebb422982764994cd25c5f253c7,ags,yes,Vladislav Namestnikov,,betmgm,500,,oddsapi
2026-10-09T23:05:07Z,2026-10-09,ANA @ WPG,48ce8ebb422982764994cd25c5f253c7,ags,yes,Adam Lowry,,betmgm,525,,oddsapi
2026-10-09T23:05:07Z,2026-10-09,ANA @ WPG,48ce8ebb422982764994cd25c5f253c7,ags,yes,Nikita Nesterenko,,betmgm,625,,oddsapi
2026-10-09T23:05:07Z,2026-10-09,ANA @ WPG,48ce8ebb422982764994cd25c5f253c7,ags,yes,Brad Lambert,,betmgm,625,,oddsapi
2026-10-09T23:05:07Z,2026-10-09,ANA @ WPG,48ce8ebb422982764994cd25c5f253c7,ags,yes,Cole Koepke,,betmgm,650,,oddsapi
2026-10-09T23:05:07Z,2026-10-09,ANA @ WPG,48ce8ebb422982764994cd25c5f253c7,ags,yes,Morgan Barron,,betmgm,675,,oddsapi
2026-10-09T23:05:07Z,2026-10-09,ANA @ WPG,48ce8ebb422982764994cd25c5f253c7,ags,yes,Jeff Malott,,betmgm,850,,oddsapi
2026-10-09T23:05:07Z,2026-10-09,ANA @ WPG,48ce8ebb422982764994cd25c5f253c7,ags,yes,Tim Washe,,betmgm,900,,oddsapi
2026-10-09T23:05:07Z,2026-10-09,ANA @ WPG,48ce8ebb422982764994cd25c5f253c7,ags,yes,Pavel Mintyukov,,betmgm,950,,oddsapi
2026-10-09T23:05:07Z,2026-10-09,ANA @ WPG,48ce8ebb422982764994cd25c5f253c7,ags,yes,Tristan Luneau,,betmgm,950,,oddsapi
2026-10-09T23:05:07Z,2026-10-09,ANA @ WPG,48ce8ebb422982764994cd25c5f253c7,ags,yes,Mario Ferraro,,betmgm,1000,,oddsapi
2026-10-09T23:05:07Z,2026-10-09,ANA @ WPG,48ce8ebb422982764994cd25c5f253c7,ags,yes,Judd Caulfield,,betmgm,1050,,oddsapi
2026-10-09T23:05:07Z,2026-10-09,ANA @ WPG,48ce8ebb422982764994cd25c5f253c7,ags,yes,Travis Mitchell,,betmgm,1300,,oddsapi
2026-10-09T23:05:07Z,2026-10-09,ANA @ WPG,48ce8ebb422982764994cd25c5f253c7,ags,yes,Dylan DeMelo,,betmgm,1300,,oddsapi
2026-10-09T23:05:07Z,2026-10-09,ANA @ WPG,48ce8ebb422982764994cd25c5f253c7,ags,yes,Dylan Samberg,,betmgm,1500,,oddsapi
2026-10-09T23:05:07Z,2026-10-09,ANA @ WPG,48ce8ebb422982764994cd25c5f253c7,ags,yes,Noah Warren,,betmgm,1550,,oddsapi
2026-10-09T23:05:07Z,2026-10-09,ANA @ WPG,48ce8ebb422982764994cd25c5f253c7,ags,yes,Jack St. Ivany,,betmgm,1650,,oddsapi
2026-10-09T23:05:07Z,2026-10-09,ANA @ WPG,48ce8ebb422982764994cd25c5f253c7,ags,yes,Tyson Hinds,,betmgm,1800,,oddsapi
2026-10-09T23:05:07Z,2026-10-09,ANA @ WPG,48ce8ebb422982764994cd25c5f253c7,fgs,yes,Cutter Gauthier,,betmgm,875,,oddsapi
2026-10-09T23:05:07Z,2026-10-09,ANA @ WPG,48ce8ebb422982764994cd25c5f253c7,fgs,yes,Kyle Connor,,betmgm,875,,oddsapi
2026-10-09T23:05:07Z,2026-10-09,ANA @ WPG,48ce8ebb422982764994cd25c5f253c7,fgs,yes,Leo Carlsson,,betmgm,1050,,oddsapi
2026-10-09T23:05:07Z,2026-10-09,ANA @ WPG,48ce8ebb422982764994cd25c5f253c7,fgs,yes,Mark Scheifele,,betmgm,1200,,oddsapi
2026-10-09T23:05:07Z,2026-10-09,ANA @ WPG,48ce8ebb422982764994cd25c5f253c7,fgs,yes,Beckett Sennecke,,betmgm,1250,,oddsapi
2026-10-09T23:05:07Z,2026-10-09,ANA @ WPG,48ce8ebb422982764994cd25c5f253c7,fgs,yes,Gabriel Vilardi,,betmgm,1450,,oddsapi
2026-10-09T23:05:07Z,2026-10-09,ANA @ WPG,48ce8ebb422982764994cd25c5f253c7,fgs,yes,Cole Perfetti,,betmgm,1450,,oddsapi
2026-10-09T23:05:07Z,2026-10-09,ANA @ WPG,48ce8ebb422982764994cd25c5f253c7,fgs,yes,Mikael Granlund,,betmgm,1700,,oddsapi
2026-10-09T23:05:07Z,2026-10-09,ANA @ WPG,48ce8ebb422982764994cd25c5f253c7,fgs,yes,Alex Killorn,,betmgm,2000,,oddsapi
2026-10-09T23:05:07Z,2026-10-09,ANA @ WPG,48ce8ebb422982764994cd25c5f253c7,fgs,yes,A.J. Greer,,betmgm,2200,,oddsapi
2026-10-09T23:05:07Z,2026-10-09,ANA @ WPG,48ce8ebb422982764994cd25c5f253c7,fgs,yes,Alex Iafallo,,betmgm,2200,,oddsapi
2026-10-09T23:05:07Z,2026-10-09,ANA @ WPG,48ce8ebb422982764994cd25c5f253c7,fgs,yes,Viggo Bjorck,,betmgm,2200,,oddsapi
2026-10-09T23:05:07Z,2026-10-09,ANA @ WPG,48ce8ebb422982764994cd25c5f253c7,fgs,yes,Isak Rosen,,betmgm,2500,,oddsapi
2026-10-09T23:05:07Z,2026-10-09,ANA @ WPG,48ce8ebb422982764994cd25c5f253c7,fgs,yes,Jackson LaCombe,,betmgm,2500,,oddsapi
2026-10-09T23:05:07Z,2026-10-09,ANA @ WPG,48ce8ebb422982764994cd25c5f253c7,fgs,yes,Nikita Klepov,,betmgm,2500,,oddsapi
2026-10-09T23:05:07Z,2026-10-09,ANA @ WPG,48ce8ebb422982764994cd25c5f253c7,fgs,yes,Ryan Poehling,,betmgm,2500,,oddsapi
2026-10-09T23:05:07Z,2026-10-09,ANA @ WPG,48ce8ebb422982764994cd25c5f253c7,fgs,yes,Neal Pionk,,betmgm,2800,,oddsapi
2026-10-09T23:05:07Z,2026-10-09,ANA @ WPG,48ce8ebb422982764994cd25c5f253c7,fgs,yes,Adam Lowry,,betmgm,2800,,oddsapi
2026-10-09T23:05:07Z,2026-10-09,ANA @ WPG,48ce8ebb422982764994cd25c5f253c7,fgs,yes,Vladislav Namestnikov,,betmgm,2800,,oddsapi
2026-10-09T23:05:07Z,2026-10-09,ANA @ WPG,48ce8ebb422982764994cd25c5f253c7,fgs,yes,Cole Koepke,,betmgm,3300,,oddsapi
2026-10-09T23:05:07Z,2026-10-09,ANA @ WPG,48ce8ebb422982764994cd25c5f253c7,fgs,yes,Morgan Barron,,betmgm,3300,,oddsapi
2026-10-09T23:05:07Z,2026-10-09,ANA @ WPG,48ce8ebb422982764994cd25c5f253c7,fgs,yes,Nikita Nesterenko,,betmgm,3500,,oddsapi
2026-10-09T23:05:07Z,2026-10-09,ANA @ WPG,48ce8ebb422982764994cd25c5f253c7,fgs,yes,Brad Lambert,,betmgm,3500,,oddsapi
2026-10-09T23:05:07Z,2026-10-09,ANA @ WPG,48ce8ebb422982764994cd25c5f253c7,fgs,yes,Jeff Malott,,betmgm,4000,,oddsapi
2026-10-09T23:05:07Z,2026-10-09,ANA @ WPG,48ce8ebb422982764994cd25c5f253c7,fgs,yes,Tristan Luneau,,betmgm,5500,,oddsapi
2026-10-09T23:05:07Z,2026-10-09,ANA @ WPG,48ce8ebb422982764994cd25c5f253c7,fgs,yes,Tim Washe,,betmgm,5500,,oddsapi
2026-10-09T23:05:07Z,2026-10-09,ANA @ WPG,48ce8ebb422982764994cd25c5f253c7,fgs,yes,Pavel Mintyukov,,betmgm,5500,,oddsapi
2026-10-09T23:05:07Z,2026-10-09,ANA @ WPG,48ce8ebb422982764994cd25c5f253c7,fgs,yes,Mario Ferraro,,betmgm,5500,,oddsapi
2026-10-09T23:05:07Z,2026-10-09,ANA @ WPG,48ce8ebb422982764994cd25c5f253c7,fgs,yes,Judd Caulfield,,betmgm,5500,,oddsapi
2026-10-09T23:05:07Z,2026-10-09,ANA @ WPG,48ce8ebb422982764994cd25c5f253c7,fgs,yes,Dylan Samberg,,betmgm,8000,,oddsapi
2026-10-09T23:05:07Z,2026-10-09,ANA @ WPG,48ce8ebb422982764994cd25c5f253c7,fgs,yes,Jack St. Ivany,,betmgm,8000,,oddsapi
2026-10-09T23:05:07Z,2026-10-09,ANA @ WPG,48ce8ebb422982764994cd25c5f253c7,fgs,yes,Dylan DeMelo,,betmgm,8000,,oddsapi
2026-10-09T23:05:07Z,2026-10-09,ANA @ WPG,48ce8ebb422982764994cd25c5f253c7,fgs,yes,Travis Mitchell,,betmgm,8000,,oddsapi
2026-10-09T23:05:07Z,2026-10-09,ANA @ WPG,48ce8ebb422982764994cd25c5f253c7,fgs,yes,Noah Warren,,betmgm,10000,,oddsapi
2026-10-09T23:05:07Z,2026-10-09,ANA @ WPG,48ce8ebb422982764994cd25c5f253c7,fgs,yes,Tyson Hinds,,betmgm,10000,,oddsapi
2026-10-09T23:05:07Z,2026-10-09,ANA @ WPG,48ce8ebb422982764994cd25c5f253c7,sk_pts,over,Leo Carlsson,0.5,betmgm,-185,135,oddsapi
2026-10-09T23:05:07Z,2026-10-09,ANA @ WPG,48ce8ebb422982764994cd25c5f253c7,sk_pts,under,Leo Carlsson,0.5,betmgm,135,-185,oddsapi
2026-10-09T23:05:07Z,2026-10-09,ANA @ WPG,48ce8ebb422982764994cd25c5f253c7,sk_pts,over,Kyle Connor,0.5,betmgm,-275,195,oddsapi
2026-10-09T23:05:07Z,2026-10-09,ANA @ WPG,48ce8ebb422982764994cd25c5f253c7,sk_pts,under,Kyle Connor,0.5,betmgm,195,-275,oddsapi
2026-10-09T23:05:07Z,2026-10-09,ANA @ WPG,48ce8ebb422982764994cd25c5f253c7,sk_pts,over,Neal Pionk,0.5,betmgm,-111,-120,oddsapi
2026-10-09T23:05:07Z,2026-10-09,ANA @ WPG,48ce8ebb422982764994cd25c5f253c7,sk_pts,under,Neal Pionk,0.5,betmgm,-120,-111,oddsapi
2026-10-09T23:05:07Z,2026-10-09,ANA @ WPG,48ce8ebb422982764994cd25c5f253c7,sk_pts,over,Mikael Granlund,0.5,betmgm,-155,115,oddsapi
2026-10-09T23:05:07Z,2026-10-09,ANA @ WPG,48ce8ebb422982764994cd25c5f253c7,sk_pts,under,Mikael Granlund,0.5,betmgm,115,-155,oddsapi
2026-10-09T23:05:07Z,2026-10-09,ANA @ WPG,48ce8ebb422982764994cd25c5f253c7,sk_pts,over,Cole Perfetti,0.5,betmgm,-150,110,oddsapi
2026-10-09T23:05:07Z,2026-10-09,ANA @ WPG,48ce8ebb422982764994cd25c5f253c7,sk_pts,under,Cole Perfetti,0.5,betmgm,110,-150,oddsapi
2026-10-09T23:05:07Z,2026-10-09,ANA @ WPG,48ce8ebb422982764994cd25c5f253c7,sk_pts,over,Gabriel Vilardi,0.5,betmgm,-165,125,oddsapi
2026-10-09T23:05:07Z,2026-10-09,ANA @ WPG,48ce8ebb422982764994cd25c5f253c7,sk_pts,under,Gabriel Vilardi,0.5,betmgm,125,-165,oddsapi
2026-10-09T23:05:07Z,2026-10-09,ANA @ WPG,48ce8ebb422982764994cd25c5f253c7,sk_pts,over,Ryan Poehling,0.5,betmgm,155,-210,oddsapi
2026-10-09T23:05:07Z,2026-10-09,ANA @ WPG,48ce8ebb422982764994cd25c5f253c7,sk_pts,under,Ryan Poehling,0.5,betmgm,-210,155,oddsapi
2026-10-09T23:05:07Z,2026-10-09,ANA @ WPG,48ce8ebb422982764994cd25c5f253c7,sk_pts,over,Mark Scheifele,0.5,betmgm,-285,200,oddsapi
2026-10-09T23:05:07Z,2026-10-09,ANA @ WPG,48ce8ebb422982764994cd25c5f253c7,sk_pts,under,Mark Scheifele,0.5,betmgm,200,-285,oddsapi
2026-10-09T23:05:07Z,2026-10-09,ANA @ WPG,48ce8ebb422982764994cd25c5f253c7,sk_pts,over,Cutter Gauthier,0.5,betmgm,-160,120,oddsapi
2026-10-09T23:05:07Z,2026-10-09,ANA @ WPG,48ce8ebb422982764994cd25c5f253c7,sk_pts,under,Cutter Gauthier,0.5,betmgm,120,-160,oddsapi
2026-10-09T23:05:07Z,2026-10-09,ANA @ WPG,48ce8ebb422982764994cd25c5f253c7,sk_pts,over,Jackson LaCombe,0.5,betmgm,-150,110,oddsapi
2026-10-09T23:05:07Z,2026-10-09,ANA @ WPG,48ce8ebb422982764994cd25c5f253c7,sk_pts,under,Jackson LaCombe,0.5,betmgm,110,-150,oddsapi
2026-10-09T23:05:07Z,2026-10-09,ANA @ WPG,48ce8ebb422982764994cd25c5f253c7,sk_pts,over,Beckett Sennecke,0.5,betmgm,-155,115,oddsapi
2026-10-09T23:05:07Z,2026-10-09,ANA @ WPG,48ce8ebb422982764994cd25c5f253c7,sk_pts,under,Beckett Sennecke,0.5,betmgm,115,-155,oddsapi
2026-10-09T23:05:07Z,2026-10-09,ANA @ WPG,48ce8ebb422982764994cd25c5f253c7,sk_pts,over,Alex Killorn,0.5,betmgm,145,-200,oddsapi
2026-10-09T23:05:07Z,2026-10-09,ANA @ WPG,48ce8ebb422982764994cd25c5f253c7,sk_pts,under,Alex Killorn,0.5,betmgm,-200,145,oddsapi
2026-10-09T23:05:07Z,2026-10-09,ANA @ WPG,48ce8ebb422982764994cd25c5f253c7,sk_ppp,over,Beckett Sennecke,0.5,betmgm,200,-285,oddsapi
2026-10-09T23:05:07Z,2026-10-09,ANA @ WPG,48ce8ebb422982764994cd25c5f253c7,sk_ppp,under,Beckett Sennecke,0.5,betmgm,-285,200,oddsapi
2026-10-09T23:05:07Z,2026-10-09,ANA @ WPG,48ce8ebb422982764994cd25c5f253c7,sk_sog,over,Leo Carlsson,2.5,betmgm,-105,-140,oddsapi
2026-10-09T23:05:07Z,2026-10-09,ANA @ WPG,48ce8ebb422982764994cd25c5f253c7,sk_sog,under,Leo Carlsson,2.5,betmgm,-140,-105,oddsapi
2026-10-09T23:05:07Z,2026-10-09,ANA @ WPG,48ce8ebb422982764994cd25c5f253c7,sk_sog,over,Mikael Granlund,1.5,betmgm,-150,105,oddsapi
2026-10-09T23:05:07Z,2026-10-09,ANA @ WPG,48ce8ebb422982764994cd25c5f253c7,sk_sog,under,Mikael Granlund,1.5,betmgm,105,-150,oddsapi
2026-10-09T23:05:07Z,2026-10-09,ANA @ WPG,48ce8ebb422982764994cd25c5f253c7,sk_sog,over,Jackson LaCombe,1.5,betmgm,-160,110,oddsapi
2026-10-09T23:05:07Z,2026-10-09,ANA @ WPG,48ce8ebb422982764994cd25c5f253c7,sk_sog,under,Jackson LaCombe,1.5,betmgm,110,-160,oddsapi
2026-10-09T23:05:07Z,2026-10-09,ANA @ WPG,48ce8ebb422982764994cd25c5f253c7,sk_sog,over,Gabriel Vilardi,1.5,betmgm,-140,-105,oddsapi
2026-10-09T23:05:07Z,2026-10-09,ANA @ WPG,48ce8ebb422982764994cd25c5f253c7,sk_sog,under,Gabriel Vilardi,1.5,betmgm,-105,-140,oddsapi
2026-10-09T23:05:07Z,2026-10-09,ANA @ WPG,48ce8ebb422982764994cd25c5f253c7,sk_sog,over,Neal Pionk,1.5,betmgm,-185,125,oddsapi
2026-10-09T23:05:07Z,2026-10-09,ANA @ WPG,48ce8ebb422982764994cd25c5f253c7,sk_sog,under,Neal Pionk,1.5,betmgm,125,-185,oddsapi
2026-10-09T23:05:07Z,2026-10-09,ANA @ WPG,48ce8ebb422982764994cd25c5f253c7,sk_sog,over,Beckett Sennecke,2.5,betmgm,-135,-110,oddsapi
2026-10-09T23:05:07Z,2026-10-09,ANA @ WPG,48ce8ebb422982764994cd25c5f253c7,sk_sog,under,Beckett Sennecke,2.5,betmgm,-110,-135,oddsapi
2026-10-09T23:05:07Z,2026-10-09,ANA @ WPG,48ce8ebb422982764994cd25c5f253c7,sk_sog,over,Cutter Gauthier,3.5,betmgm,-125,-115,oddsapi
2026-10-09T23:05:07Z,2026-10-09,ANA @ WPG,48ce8ebb422982764994cd25c5f253c7,sk_sog,under,Cutter Gauthier,3.5,betmgm,-115,-125,oddsapi
2026-10-09T23:05:07Z,2026-10-09,ANA @ WPG,48ce8ebb422982764994cd25c5f253c7,sk_sog,over,Mark Scheifele,1.5,betmgm,-235,135,oddsapi
2026-10-09T23:05:07Z,2026-10-09,ANA @ WPG,48ce8ebb422982764994cd25c5f253c7,sk_sog,under,Mark Scheifele,1.5,betmgm,135,-235,oddsapi
2026-10-09T23:05:07Z,2026-10-09,ANA @ WPG,48ce8ebb422982764994cd25c5f253c7,sk_sog,over,Alex Killorn,1.5,betmgm,-135,-110,oddsapi
2026-10-09T23:05:07Z,2026-10-09,ANA @ WPG,48ce8ebb422982764994cd25c5f253c7,sk_sog,under,Alex Killorn,1.5,betmgm,-110,-135,oddsapi
2026-10-09T23:05:07Z,2026-10-09,ANA @ WPG,48ce8ebb422982764994cd25c5f253c7,sk_sog,over,Kyle Connor,3.5,betmgm,-115,-125,oddsapi
2026-10-09T23:05:07Z,2026-10-09,ANA @ WPG,48ce8ebb422982764994cd25c5f253c7,sk_sog,under,Kyle Connor,3.5,betmgm,-125,-115,oddsapi
2026-10-09T23:05:07Z,2026-10-09,ANA @ WPG,48ce8ebb422982764994cd25c5f253c7,sk_sog,over,Cole Perfetti,2.5,betmgm,105,-155,oddsapi
2026-10-09T23:05:07Z,2026-10-09,ANA @ WPG,48ce8ebb422982764994cd25c5f253c7,sk_sog,under,Cole Perfetti,2.5,betmgm,-155,105,oddsapi
2026-10-09T23:05:07Z,2026-10-09,ANA @ WPG,48ce8ebb422982764994cd25c5f253c7,p1_pl,ANA,,-1.5,betmgm,550,-1000,oddsapi
2026-10-09T23:05:07Z,2026-10-09,ANA @ WPG,48ce8ebb422982764994cd25c5f253c7,p1_pl,WPG,,1.5,betmgm,-1000,550,oddsapi
2026-10-09T23:05:07Z,2026-10-09,ANA @ WPG,48ce8ebb422982764994cd25c5f253c7,p2_pl,ANA,,-1.5,betmgm,500,-1000,oddsapi
2026-10-09T23:05:07Z,2026-10-09,ANA @ WPG,48ce8ebb422982764994cd25c5f253c7,p2_pl,WPG,,1.5,betmgm,-1000,500,oddsapi
2026-10-09T23:05:07Z,2026-10-09,ANA @ WPG,48ce8ebb422982764994cd25c5f253c7,p3_pl,ANA,,-1.5,betmgm,425,-750,oddsapi
2026-10-09T23:05:07Z,2026-10-09,ANA @ WPG,48ce8ebb422982764994cd25c5f253c7,p3_pl,WPG,,1.5,betmgm,-750,425,oddsapi
2026-10-09T23:05:07Z,2026-10-09,ANA @ WPG,48ce8ebb422982764994cd25c5f253c7,team_total,over,ANA,3,betmgm,-118,-118,oddsapi
2026-10-09T23:05:07Z,2026-10-09,ANA @ WPG,48ce8ebb422982764994cd25c5f253c7,team_total,under,ANA,3,betmgm,-118,-118,oddsapi
2026-10-09T23:05:07Z,2026-10-09,ANA @ WPG,48ce8ebb422982764994cd25c5f253c7,team_total,over,WPG,3,betmgm,-140,100,oddsapi
2026-10-09T23:05:07Z,2026-10-09,ANA @ WPG,48ce8ebb422982764994cd25c5f253c7,team_total,under,WPG,3,betmgm,100,-140,oddsapi
2026-10-09T23:05:07Z,2026-10-09,ANA @ WPG,48ce8ebb422982764994cd25c5f253c7,p1_total,over,,2.5,betmgm,200,-275,oddsapi
2026-10-09T23:05:07Z,2026-10-09,ANA @ WPG,48ce8ebb422982764994cd25c5f253c7,p1_total,under,,2.5,betmgm,-275,200,oddsapi
2026-10-09T23:05:07Z,2026-10-09,ANA @ WPG,48ce8ebb422982764994cd25c5f253c7,p2_total,over,,3,betmgm,333,-550,oddsapi
2026-10-09T23:05:07Z,2026-10-09,ANA @ WPG,48ce8ebb422982764994cd25c5f253c7,p2_total,under,,3,betmgm,-550,333,oddsapi
2026-10-09T23:05:07Z,2026-10-09,ANA @ WPG,48ce8ebb422982764994cd25c5f253c7,p3_total,over,,3,betmgm,270,-425,oddsapi
2026-10-09T23:05:07Z,2026-10-09,ANA @ WPG,48ce8ebb422982764994cd25c5f253c7,p3_total,under,,3,betmgm,-425,270,oddsapi
