captured_at,game_date,matchup,event_id,market,side,entity,line,book,american,opposite_american,source
2026-10-05T21:00:06Z,2026-10-05,PHI @ TBL,d400aaff4870fbb91e584f1c8a8f05bf,game_pl_alt,PHI,,-3.5,draftkings,1600,-10000,oddsapi
2026-10-05T21:00:06Z,2026-10-05,PHI @ TBL,d400aaff4870fbb91e584f1c8a8f05bf,game_pl_alt,PHI,,-2.5,draftkings,700,-1400,oddsapi
2026-10-05T21:00:06Z,2026-10-05,PHI @ TBL,d400aaff4870fbb91e584f1c8a8f05bf,game_pl_alt,PHI,,-1.5,draftkings,410,-675,oddsapi
2026-10-05T21:00:06Z,2026-10-05,PHI @ TBL,d400aaff4870fbb91e584f1c8a8f05bf,game_pl_alt,PHI,,2.5,draftkings,-255,185,oddsapi
2026-10-05T21:00:06Z,2026-10-05,PHI @ TBL,d400aaff4870fbb91e584f1c8a8f05bf,game_pl_alt,PHI,,3.5,draftkings,-700,420,oddsapi
2026-10-05T21:00:06Z,2026-10-05,PHI @ TBL,d400aaff4870fbb91e584f1c8a8f05bf,game_pl_alt,TBL,,3.5,draftkings,-10000,1600,oddsapi
2026-10-05T21:00:06Z,2026-10-05,PHI @ TBL,d400aaff4870fbb91e584f1c8a8f05bf,game_pl_alt,TBL,,2.5,draftkings,-1400,700,oddsapi
2026-10-05T21:00:06Z,2026-10-05,PHI @ TBL,d400aaff4870fbb91e584f1c8a8f05bf,game_pl_alt,TBL,,1.5,draftkings,-675,410,oddsapi
2026-10-05T21:00:06Z,2026-10-05,PHI @ TBL,d400aaff4870fbb91e584f1c8a8f05bf,game_pl_alt,TBL,,-2.5,draftkings,185,-255,oddsapi
2026-10-05T21:00:06Z,2026-10-05,PHI @ TBL,d400aaff4870fbb91e584f1c8a8f05bf,game_pl_alt,TBL,,-3.5,draftkings,420,-700,oddsapi
2026-10-05T21:00:06Z,2026-10-05,PHI @ TBL,d400aaff4870fbb91e584f1c8a8f05bf,team_total_alt,over,PHI,0.5,draftkings,-1600,750,oddsapi
2026-10-05T21:00:06Z,2026-10-05,PHI @ TBL,d400aaff4870fbb91e584f1c8a8f05bf,team_total_alt,under,PHI,0.5,draftkings,750,-1600,oddsapi
2026-10-05T21:00:06Z,2026-10-05,PHI @ TBL,d400aaff4870fbb91e584f1c8a8f05bf,team_total_alt,over,PHI,1.5,draftkings,-290,210,oddsapi
2026-10-05T21:00:06Z,2026-10-05,PHI @ TBL,d400aaff4870fbb91e584f1c8a8f05bf,team_total_alt,under,PHI,1.5,draftkings,210,-290,oddsapi
2026-10-05T21:00:06Z,2026-10-05,PHI @ TBL,d400aaff4870fbb91e584f1c8a8f05bf,team_total_alt,over,PHI,2.5,draftkings,100,-140,oddsapi
2026-10-05T21:00:06Z,2026-10-05,PHI @ TBL,d400aaff4870fbb91e584f1c8a8f05bf,team_total_alt,under,PHI,2.5,draftkings,-140,100,oddsapi
2026-10-05T21:00:06Z,2026-10-05,PHI @ TBL,d400aaff4870fbb91e584f1c8a8f05bf,team_total_alt,over,PHI,3.5,draftkings,245,-350,oddsapi
2026-10-05T21:00:06Z,2026-10-05,PHI @ TBL,d400aaff4870fbb91e584f1c8a8f05bf,team_total_alt,under,PHI,3.5,draftkings,-350,245,oddsapi
2026-10-05T21:00:06Z,2026-10-05,PHI @ TBL,d400aaff4870fbb91e584f1c8a8f05bf,team_total_alt,over,PHI,4.5,draftkings,600,-1150,oddsapi
2026-10-05T21:00:06Z,2026-10-05,PHI @ TBL,d400aaff4870fbb91e584f1c8a8f05bf,team_total_alt,under,PHI,4.5,draftkings,-1150,600,oddsapi
2026-10-05T21:00:06Z,2026-10-05,PHI @ TBL,d400aaff4870fbb91e584f1c8a8f05bf,team_total_alt,over,PHI,5.5,draftkings,1400,-8000,oddsapi
2026-10-05T21:00:06Z,2026-10-05,PHI @ TBL,d400aaff4870fbb91e584f1c8a8f05bf,team_total_alt,under,PHI,5.5,draftkings,-8000,1400,oddsapi
2026-10-05T21:00:06Z,2026-10-05,PHI @ TBL,d400aaff4870fbb91e584f1c8a8f05bf,team_total_alt,over,TBL,0.5,draftkings,-8000,1400,oddsapi
2026-10-05T21:00:06Z,2026-10-05,PHI @ TBL,d400aaff4870fbb91e584f1c8a8f05bf,team_total_alt,under,TBL,0.5,draftkings,1400,-8000,oddsapi
2026-10-05T21:00:06Z,2026-10-05,PHI @ TBL,d400aaff4870fbb91e584f1c8a8f05bf,team_total_alt,over,TBL,1.5,draftkings,-800,460,oddsapi
2026-10-05T21:00:06Z,2026-10-05,PHI @ TBL,d400aaff4870fbb91e584f1c8a8f05bf,team_total_alt,under,TBL,1.5,draftkings,460,-800,oddsapi
2026-10-05T21:00:06Z,2026-10-05,PHI @ TBL,d400aaff4870fbb91e584f1c8a8f05bf,team_total_alt,over,TBL,2.5,draftkings,-270,195,oddsapi
2026-10-05T21:00:06Z,2026-10-05,PHI @ TBL,d400aaff4870fbb91e584f1c8a8f05bf,team_total_alt,under,TBL,2.5,draftkings,195,-270,oddsapi
2026-10-05T21:00:06Z,2026-10-05,PHI @ TBL,d400aaff4870fbb91e584f1c8a8f05bf,team_total_alt,over,TBL,3.5,draftkings,-115,-125,oddsapi
2026-10-05T21:00:06Z,2026-10-05,PHI @ TBL,d400aaff4870fbb91e584f1c8a8f05bf,team_total_alt,under,TBL,3.5,draftkings,-125,-115,oddsapi
2026-10-05T21:00:06Z,2026-10-05,PHI @ TBL,d400aaff4870fbb91e584f1c8a8f05bf,team_total_alt,over,TBL,4.5,draftkings,210,-290,oddsapi
2026-10-05T21:00:06Z,2026-10-05,PHI @ TBL,d400aaff4870fbb91e584f1c8a8f05bf,team_total_alt,under,TBL,4.5,draftkings,-290,210,oddsapi
2026-10-05T21:00:06Z,2026-10-05,PHI @ TBL,d400aaff4870fbb91e584f1c8a8f05bf,team_total_alt,over,TBL,5.5,draftkings,480,-850,oddsapi
2026-10-05T21:00:06Z,2026-10-05,PHI @ TBL,d400aaff4870fbb91e584f1c8a8f05bf,team_total_alt,under,TBL,5.5,draftkings,-850,480,oddsapi
2026-10-05T21:00:06Z,2026-10-05,PHI @ TBL,d400aaff4870fbb91e584f1c8a8f05bf,game_total_alt,over,,3.5,draftkings,-725,430,oddsapi
2026-10-05T21:00:06Z,2026-10-05,PHI @ TBL,d400aaff4870fbb91e584f1c8a8f05bf,game_total_alt,over,,4.5,draftkings,-370,255,oddsapi
2026-10-05T21:00:06Z,2026-10-05,PHI @ TBL,d400aaff4870fbb91e584f1c8a8f05bf,game_total_alt,over,,6.5,draftkings,125,-165,oddsapi
2026-10-05T21:00:06Z,2026-10-05,PHI @ TBL,d400aaff4870fbb91e584f1c8a8f05bf,game_total_alt,over,,7.5,draftkings,280,-420,oddsapi
2026-10-05T21:00:06Z,2026-10-05,PHI @ TBL,d400aaff4870fbb91e584f1c8a8f05bf,game_total_alt,over,,8.5,draftkings,430,-725,oddsapi
2026-10-05T21:00:06Z,2026-10-05,PHI @ TBL,d400aaff4870fbb91e584f1c8a8f05bf,game_total_alt,over,,9.5,draftkings,900,-2200,oddsapi
2026-10-05T21:00:06Z,2026-10-05,PHI @ TBL,d400aaff4870fbb91e584f1c8a8f05bf,game_total_alt,under,,3.5,draftkings,430,-725,oddsapi
2026-10-05T21:00:06Z,2026-10-05,PHI @ TBL,d400aaff4870fbb91e584f1c8a8f05bf,game_total_alt,under,,4.5,draftkings,255,-370,oddsapi
2026-10-05T21:00:06Z,2026-10-05,PHI @ TBL,d400aaff4870fbb91e584f1c8a8f05bf,game_total_alt,under,,6.5,draftkings,-165,125,oddsapi
2026-10-05T21:00:06Z,2026-10-05,PHI @ TBL,d400aaff4870fbb91e584f1c8a8f05bf,game_total_alt,under,,7.5,draftkings,-420,280,oddsapi
2026-10-05T21:00:06Z,2026-10-05,PHI @ TBL,d400aaff4870fbb91e584f1c8a8f05bf,game_total_alt,under,,8.5,draftkings,-725,430,oddsapi
2026-10-05T21:00:06Z,2026-10-05,PHI @ TBL,d400aaff4870fbb91e584f1c8a8f05bf,game_total_alt,under,,9.5,draftkings,-2200,900,oddsapi
2026-10-05T21:00:06Z,2026-10-05,PHI @ TBL,d400aaff4870fbb91e584f1c8a8f05bf,game_ml3,PHI,,,draftkings,260,,oddsapi
2026-10-05T21:00:06Z,2026-10-05,PHI @ TBL,d400aaff4870fbb91e584f1c8a8f05bf,game_ml3,TBL,,,draftkings,-130,,oddsapi
2026-10-05T21:00:06Z,2026-10-05,PHI @ TBL,d400aaff4870fbb91e584f1c8a8f05bf,game_ml3,draw,,,draftkings,330,,oddsapi
2026-10-05T21:00:06Z,2026-10-05,PHI @ TBL,d400aaff4870fbb91e584f1c8a8f05bf,p1_ml3,PHI,,,draftkings,250,,oddsapi
2026-10-05T21:00:06Z,2026-10-05,PHI @ TBL,d400aaff4870fbb91e584f1c8a8f05bf,p1_ml3,TBL,,,draftkings,130,,oddsapi
2026-10-05T21:00:06Z,2026-10-05,PHI @ TBL,d400aaff4870fbb91e584f1c8a8f05bf,p1_ml3,draw,,,draftkings,180,,oddsapi
2026-10-05T21:00:06Z,2026-10-05,PHI @ TBL,d400aaff4870fbb91e584f1c8a8f05bf,p2_ml3,PHI,,,draftkings,260,,oddsapi
2026-10-05T21:00:06Z,2026-10-05,PHI @ TBL,d400aaff4870fbb91e584f1c8a8f05bf,p2_ml3,TBL,,,draftkings,115,,oddsapi
2026-10-05T21:00:06Z,2026-10-05,PHI @ TBL,d400aaff4870fbb91e584f1c8a8f05bf,p2_ml3,draw,,,draftkings,205,,oddsapi
2026-10-05T21:00:06Z,2026-10-05,PHI @ TBL,d400aaff4870fbb91e584f1c8a8f05bf,p3_ml3,PHI,,,draftkings,240,,oddsapi
2026-10-05T21:00:06Z,2026-10-05,PHI @ TBL,d400aaff4870fbb91e584f1c8a8f05bf,p3_ml3,TBL,,,draftkings,105,,oddsapi
2026-10-05T21:00:06Z,2026-10-05,PHI @ TBL,d400aaff4870fbb91e584f1c8a8f05bf,p3_ml3,draw,,,draftkings,240,,oddsapi
2026-10-05T21:00:06Z,2026-10-05,PHI @ TBL,d400aaff4870fbb91e584f1c8a8f05bf,sk_a,over,Nikita Kucherov,0.5,draftkings,-215,155,oddsapi
2026-10-05T21:00:06Z,2026-10-05,PHI @ TBL,d400aaff4870fbb91e584f1c8a8f05bf,sk_a,under,Nikita Kucherov,0.5,draftkings,155,-215,oddsapi
2026-10-05T21:00:06Z,2026-10-05,PHI @ TBL,d400aaff4870fbb91e584f1c8a8f05bf,sk_a,over,Jake Guentzel,0.5,draftkings,-110,-125,oddsapi
2026-10-05T21:00:06Z,2026-10-05,PHI @ TBL,d400aaff4870fbb91e584f1c8a8f05bf,sk_a,under,Jake Guentzel,0.5,draftkings,-125,-110,oddsapi
2026-10-05T21:00:06Z,2026-10-05,PHI @ TBL,d400aaff4870fbb91e584f1c8a8f05bf,sk_a,over,John Carlson,0.5,draftkings,100,-135,oddsapi
2026-10-05T21:00:06Z,2026-10-05,PHI @ TBL,d400aaff4870fbb91e584f1c8a8f05bf,sk_a,under,John Carlson,0.5,draftkings,-135,100,oddsapi
2026-10-05T21:00:06Z,2026-10-05,PHI @ TBL,d400aaff4870fbb91e584f1c8a8f05bf,sk_a,over,Brayden Point,0.5,draftkings,115,-160,oddsapi
2026-10-05T21:00:06Z,2026-10-05,PHI @ TBL,d400aaff4870fbb91e584f1c8a8f05bf,sk_a,under,Brayden Point,0.5,draftkings,-160,115,oddsapi
2026-10-05T21:00:06Z,2026-10-05,PHI @ TBL,d400aaff4870fbb91e584f1c8a8f05bf,sk_a,over,Brandon Hagel,0.5,draftkings,120,-160,oddsapi
2026-10-05T21:00:06Z,2026-10-05,PHI @ TBL,d400aaff4870fbb91e584f1c8a8f05bf,sk_a,under,Brandon Hagel,0.5,draftkings,-160,120,oddsapi
2026-10-05T21:00:06Z,2026-10-05,PHI @ TBL,d400aaff4870fbb91e584f1c8a8f05bf,sk_a,over,Travis Konecny,0.5,draftkings,180,-250,oddsapi
2026-10-05T21:00:06Z,2026-10-05,PHI @ TBL,d400aaff4870fbb91e584f1c8a8f05bf,sk_a,under,Travis Konecny,0.5,draftkings,-250,180,oddsapi
2026-10-05T21:00:06Z,2026-10-05,PHI @ TBL,d400aaff4870fbb91e584f1c8a8f05bf,sk_a,over,Trevor Zegras,0.5,draftkings,205,-280,oddsapi
2026-10-05T21:00:06Z,2026-10-05,PHI @ TBL,d400aaff4870fbb91e584f1c8a8f05bf,sk_a,under,Trevor Zegras,0.5,draftkings,-280,205,oddsapi
2026-10-05T21:00:06Z,2026-10-05,PHI @ TBL,d400aaff4870fbb91e584f1c8a8f05bf,sk_a,over,Anthony Cirelli,0.5,draftkings,220,-310,oddsapi
2026-10-05T21:00:06Z,2026-10-05,PHI @ TBL,d400aaff4870fbb91e584f1c8a8f05bf,sk_a,under,Anthony Cirelli,0.5,draftkings,-310,220,oddsapi
2026-10-05T21:00:06Z,2026-10-05,PHI @ TBL,d400aaff4870fbb91e584f1c8a8f05bf,sk_a,over,Jamie Drysdale,0.5,draftkings,220,-300,oddsapi
2026-10-05T21:00:06Z,2026-10-05,PHI @ TBL,d400aaff4870fbb91e584f1c8a8f05bf,sk_a,under,Jamie Drysdale,0.5,draftkings,-300,220,oddsapi
2026-10-05T21:00:06Z,2026-10-05,PHI @ TBL,d400aaff4870fbb91e584f1c8a8f05bf,sk_a,over,Porter Martone,0.5,draftkings,235,-330,oddsapi
2026-10-05T21:00:06Z,2026-10-05,PHI @ TBL,d400aaff4870fbb91e584f1c8a8f05bf,sk_a,under,Porter Martone,0.5,draftkings,-330,235,oddsapi
2026-10-05T21:00:06Z,2026-10-05,PHI @ TBL,d400aaff4870fbb91e584f1c8a8f05bf,sk_a,over,Matvei Michkov,0.5,draftkings,245,-340,oddsapi
2026-10-05T21:00:06Z,2026-10-05,PHI @ TBL,d400aaff4870fbb91e584f1c8a8f05bf,sk_a,under,Matvei Michkov,0.5,draftkings,-340,245,oddsapi
2026-10-05T21:00:06Z,2026-10-05,PHI @ TBL,d400aaff4870fbb91e584f1c8a8f05bf,sk_a,over,Gage Goncalves,0.5,draftkings,255,-360,oddsapi
2026-10-05T21:00:06Z,2026-10-05,PHI @ TBL,d400aaff4870fbb91e584f1c8a8f05bf,sk_a,under,Gage Goncalves,0.5,draftkings,-360,255,oddsapi
2026-10-05T21:00:06Z,2026-10-05,PHI @ TBL,d400aaff4870fbb91e584f1c8a8f05bf,sk_a,over,Tyson Foerster,0.5,draftkings,280,-400,oddsapi
2026-10-05T21:00:06Z,2026-10-05,PHI @ TBL,d400aaff4870fbb91e584f1c8a8f05bf,sk_a,under,Tyson Foerster,0.5,draftkings,-400,280,oddsapi
2026-10-05T21:00:06Z,2026-10-05,PHI @ TBL,d400aaff4870fbb91e584f1c8a8f05bf,sk_a,over,Owen Tippett,0.5,draftkings,285,-400,oddsapi
2026-10-05T21:00:06Z,2026-10-05,PHI @ TBL,d400aaff4870fbb91e584f1c8a8f05bf,sk_a,under,Owen Tippett,0.5,draftkings,-400,285,oddsapi
2026-10-05T21:00:06Z,2026-10-05,PHI @ TBL,d400aaff4870fbb91e584f1c8a8f05bf,sk_a,over,Noah Cates,0.5,draftkings,290,-425,oddsapi
2026-10-05T21:00:06Z,2026-10-05,PHI @ TBL,d400aaff4870fbb91e584f1c8a8f05bf,sk_a,under,Noah Cates,0.5,draftkings,-425,290,oddsapi
2026-10-05T21:00:06Z,2026-10-05,PHI @ TBL,d400aaff4870fbb91e584f1c8a8f05bf,sk_a,over,Travis Sanheim,0.5,draftkings,310,-450,oddsapi
2026-10-05T21:00:06Z,2026-10-05,PHI @ TBL,d400aaff4870fbb91e584f1c8a8f05bf,sk_a,under,Travis Sanheim,0.5,draftkings,-450,310,oddsapi
2026-10-05T21:00:06Z,2026-10-05,PHI @ TBL,d400aaff4870fbb91e584f1c8a8f05bf,sk_blk,over,Travis Sanheim,1.5,draftkings,-175,125,oddsapi
2026-10-05T21:00:06Z,2026-10-05,PHI @ TBL,d400aaff4870fbb91e584f1c8a8f05bf,sk_blk,under,Travis Sanheim,1.5,draftkings,125,-175,oddsapi
2026-10-05T21:00:06Z,2026-10-05,PHI @ TBL,d400aaff4870fbb91e584f1c8a8f05bf,ags,yes,Nikita Kucherov,,draftkings,135,,oddsapi
2026-10-05T21:00:06Z,2026-10-05,PHI @ TBL,d400aaff4870fbb91e584f1c8a8f05bf,ags,yes,Jake Guentzel,,draftkings,155,,oddsapi
2026-10-05T21:00:06Z,2026-10-05,PHI @ TBL,d400aaff4870fbb91e584f1c8a8f05bf,ags,yes,Brandon Hagel,,draftkings,155,,oddsapi
2026-10-05T21:00:06Z,2026-10-05,PHI @ TBL,d400aaff4870fbb91e584f1c8a8f05bf,ags,yes,Brayden Point,,draftkings,165,,oddsapi
2026-10-05T21:00:06Z,2026-10-05,PHI @ TBL,d400aaff4870fbb91e584f1c8a8f05bf,ags,yes,Anthony Cirelli,,draftkings,300,,oddsapi
2026-10-05T21:00:06Z,2026-10-05,PHI @ TBL,d400aaff4870fbb91e584f1c8a8f05bf,ags,yes,Travis Konecny,,draftkings,300,,oddsapi
2026-10-05T21:00:06Z,2026-10-05,PHI @ TBL,d400aaff4870fbb91e584f1c8a8f05bf,ags,yes,Trevor Zegras,,draftkings,330,,oddsapi
2026-10-05T21:00:06Z,2026-10-05,PHI @ TBL,d400aaff4870fbb91e584f1c8a8f05bf,ags,yes,Tyson Foerster,,draftkings,330,,oddsapi
2026-10-05T21:00:06Z,2026-10-05,PHI @ TBL,d400aaff4870fbb91e584f1c8a8f05bf,ags,yes,Matvei Michkov,,draftkings,330,,oddsapi
2026-10-05T21:00:06Z,2026-10-05,PHI @ TBL,d400aaff4870fbb91e584f1c8a8f05bf,ags,yes,Owen Tippett,,draftkings,340,,oddsapi
2026-10-05T21:00:06Z,2026-10-05,PHI @ TBL,d400aaff4870fbb91e584f1c8a8f05bf,ags,yes,Porter Martone,,draftkings,340,,oddsapi
2026-10-05T21:00:06Z,2026-10-05,PHI @ TBL,d400aaff4870fbb91e584f1c8a8f05bf,ags,yes,Gage Goncalves,,draftkings,350,,oddsapi
2026-10-05T21:00:06Z,2026-10-05,PHI @ TBL,d400aaff4870fbb91e584f1c8a8f05bf,ags,yes,Alex Bump,,draftkings,425,,oddsapi
2026-10-05T21:00:06Z,2026-10-05,PHI @ TBL,d400aaff4870fbb91e584f1c8a8f05bf,ags,yes,John Carlson,,draftkings,475,,oddsapi
2026-10-05T21:00:06Z,2026-10-05,PHI @ TBL,d400aaff4870fbb91e584f1c8a8f05bf,ags,yes,Pontus Holmberg,,draftkings,475,,oddsapi
2026-10-05T21:00:06Z,2026-10-05,PHI @ TBL,d400aaff4870fbb91e584f1c8a8f05bf,ags,yes,Noah Cates,,draftkings,550,,oddsapi
2026-10-05T21:00:06Z,2026-10-05,PHI @ TBL,d400aaff4870fbb91e584f1c8a8f05bf,ags,yes,Ilya Mikheyev,,draftkings,550,,oddsapi
2026-10-05T21:00:06Z,2026-10-05,PHI @ TBL,d400aaff4870fbb91e584f1c8a8f05bf,ags,yes,Christian Dvorak,,draftkings,550,,oddsapi
2026-10-05T21:00:06Z,2026-10-05,PHI @ TBL,d400aaff4870fbb91e584f1c8a8f05bf,ags,yes,Conor Geekie,,draftkings,600,,oddsapi
2026-10-05T21:00:06Z,2026-10-05,PHI @ TBL,d400aaff4870fbb91e584f1c8a8f05bf,ags,yes,Charle-Edouard D'Astous,,draftkings,600,,oddsapi
2026-10-05T21:00:06Z,2026-10-05,PHI @ TBL,d400aaff4870fbb91e584f1c8a8f05bf,ags,yes,Jamie Drysdale,,draftkings,750,,oddsapi
2026-10-05T21:00:06Z,2026-10-05,PHI @ TBL,d400aaff4870fbb91e584f1c8a8f05bf,ags,yes,Jeffrey Viel,,draftkings,750,,oddsapi
2026-10-05T21:00:06Z,2026-10-05,PHI @ TBL,d400aaff4870fbb91e584f1c8a8f05bf,ags,yes,Sean Couturier,,draftkings,750,,oddsapi
2026-10-05T21:00:06Z,2026-10-05,PHI @ TBL,d400aaff4870fbb91e584f1c8a8f05bf,ags,yes,Noel Acciari,,draftkings,750,,oddsapi
2026-10-05T21:00:06Z,2026-10-05,PHI @ TBL,d400aaff4870fbb91e584f1c8a8f05bf,ags,yes,Carl Grundstrom,,draftkings,850,,oddsapi
2026-10-05T21:00:06Z,2026-10-05,PHI @ TBL,d400aaff4870fbb91e584f1c8a8f05bf,ags,yes,Victor Hedman,,draftkings,850,,oddsapi
2026-10-05T21:00:06Z,2026-10-05,PHI @ TBL,d400aaff4870fbb91e584f1c8a8f05bf,ags,yes,Zemgus Girgensons,,draftkings,900,,oddsapi
2026-10-05T21:00:06Z,2026-10-05,PHI @ TBL,d400aaff4870fbb91e584f1c8a8f05bf,ags,yes,J.J. Moser,,draftkings,1000,,oddsapi
2026-10-05T21:00:06Z,2026-10-05,PHI @ TBL,d400aaff4870fbb91e584f1c8a8f05bf,ags,yes,Travis Sanheim,,draftkings,1300,,oddsapi
2026-10-05T21:00:06Z,2026-10-05,PHI @ TBL,d400aaff4870fbb91e584f1c8a8f05bf,ags,yes,Ryan McDonagh,,draftkings,1500,,oddsapi
2026-10-05T21:00:06Z,2026-10-05,PHI @ TBL,d400aaff4870fbb91e584f1c8a8f05bf,ags,yes,Cam York,,draftkings,1800,,oddsapi
2026-10-05T21:00:06Z,2026-10-05,PHI @ TBL,d400aaff4870fbb91e584f1c8a8f05bf,ags,yes,David Jiricek,,draftkings,1800,,oddsapi
2026-10-05T21:00:06Z,2026-10-05,PHI @ TBL,d400aaff4870fbb91e584f1c8a8f05bf,ags,yes,Erik Cernak,,draftkings,1800,,oddsapi
2026-10-05T21:00:06Z,2026-10-05,PHI @ TBL,d400aaff4870fbb91e584f1c8a8f05bf,ags,yes,Maxwell Crozier,,draftkings,1900,,oddsapi
2026-10-05T21:00:06Z,2026-10-05,PHI @ TBL,d400aaff4870fbb91e584f1c8a8f05bf,ags,yes,Simon Benoit,,draftkings,2500,,oddsapi
2026-10-05T21:00:06Z,2026-10-05,PHI @ TBL,d400aaff4870fbb91e584f1c8a8f05bf,ags,yes,Nick Seeler,,draftkings,2800,,oddsapi
2026-10-05T21:00:06Z,2026-10-05,PHI @ TBL,d400aaff4870fbb91e584f1c8a8f05bf,fgs,yes,Nikita Kucherov,,draftkings,850,,oddsapi
2026-10-05T21:00:06Z,2026-10-05,PHI @ TBL,d400aaff4870fbb91e584f1c8a8f05bf,fgs,yes,Brandon Hagel,,draftkings,1000,,oddsapi
2026-10-05T21:00:06Z,2026-10-05,PHI @ TBL,d400aaff4870fbb91e584f1c8a8f05bf,fgs,yes,Jake Guentzel,,draftkings,1100,,oddsapi
2026-10-05T21:00:06Z,2026-10-05,PHI @ TBL,d400aaff4870fbb91e584f1c8a8f05bf,fgs,yes,Brayden Point,,draftkings,1100,,oddsapi
2026-10-05T21:00:06Z,2026-10-05,PHI @ TBL,d400aaff4870fbb91e584f1c8a8f05bf,fgs,yes,Travis Konecny,,draftkings,1500,,oddsapi
2026-10-05T21:00:06Z,2026-10-05,PHI @ TBL,d400aaff4870fbb91e584f1c8a8f05bf,fgs,yes,Gage Goncalves,,draftkings,1700,,oddsapi
2026-10-05T21:00:06Z,2026-10-05,PHI @ TBL,d400aaff4870fbb91e584f1c8a8f05bf,fgs,yes,Matvei Michkov,,draftkings,1700,,oddsapi
2026-10-05T21:00:06Z,2026-10-05,PHI @ TBL,d400aaff4870fbb91e584f1c8a8f05bf,fgs,yes,Anthony Cirelli,,draftkings,1800,,oddsapi
2026-10-05T21:00:06Z,2026-10-05,PHI @ TBL,d400aaff4870fbb91e584f1c8a8f05bf,fgs,yes,Tyson Foerster,,draftkings,1900,,oddsapi
2026-10-05T21:00:06Z,2026-10-05,PHI @ TBL,d400aaff4870fbb91e584f1c8a8f05bf,fgs,yes,Owen Tippett,,draftkings,2000,,oddsapi
2026-10-05T21:00:06Z,2026-10-05,PHI @ TBL,d400aaff4870fbb91e584f1c8a8f05bf,fgs,yes,Trevor Zegras,,draftkings,2000,,oddsapi
2026-10-05T21:00:06Z,2026-10-05,PHI @ TBL,d400aaff4870fbb91e584f1c8a8f05bf,fgs,yes,Porter Martone,,draftkings,2000,,oddsapi
2026-10-05T21:00:06Z,2026-10-05,PHI @ TBL,d400aaff4870fbb91e584f1c8a8f05bf,fgs,yes,Christian Dvorak,,draftkings,2500,,oddsapi
2026-10-05T21:00:06Z,2026-10-05,PHI @ TBL,d400aaff4870fbb91e584f1c8a8f05bf,fgs,yes,Alex Bump,,draftkings,2500,,oddsapi
2026-10-05T21:00:06Z,2026-10-05,PHI @ TBL,d400aaff4870fbb91e584f1c8a8f05bf,fgs,yes,John Carlson,,draftkings,2800,,oddsapi
2026-10-05T21:00:06Z,2026-10-05,PHI @ TBL,d400aaff4870fbb91e584f1c8a8f05bf,fgs,yes,Noah Cates,,draftkings,2800,,oddsapi
2026-10-05T21:00:06Z,2026-10-05,PHI @ TBL,d400aaff4870fbb91e584f1c8a8f05bf,fgs,yes,Pontus Holmberg,,draftkings,2800,,oddsapi
2026-10-05T21:00:06Z,2026-10-05,PHI @ TBL,d400aaff4870fbb91e584f1c8a8f05bf,fgs,yes,Ilya Mikheyev,,draftkings,3000,,oddsapi
2026-10-05T21:00:06Z,2026-10-05,PHI @ TBL,d400aaff4870fbb91e584f1c8a8f05bf,fgs,yes,Conor Geekie,,draftkings,3500,,oddsapi
2026-10-05T21:00:06Z,2026-10-05,PHI @ TBL,d400aaff4870fbb91e584f1c8a8f05bf,fgs,yes,Charle-Edouard D'Astous,,draftkings,3500,,oddsapi
2026-10-05T21:00:06Z,2026-10-05,PHI @ TBL,d400aaff4870fbb91e584f1c8a8f05bf,fgs,yes,Sean Couturier,,draftkings,4000,,oddsapi
2026-10-05T21:00:06Z,2026-10-05,PHI @ TBL,d400aaff4870fbb91e584f1c8a8f05bf,fgs,yes,Jamie Drysdale,,draftkings,4000,,oddsapi
2026-10-05T21:00:06Z,2026-10-05,PHI @ TBL,d400aaff4870fbb91e584f1c8a8f05bf,fgs,yes,Jeffrey Viel,,draftkings,4000,,oddsapi
2026-10-05T21:00:06Z,2026-10-05,PHI @ TBL,d400aaff4870fbb91e584f1c8a8f05bf,fgs,yes,J.J. Moser,,draftkings,4500,,oddsapi
2026-10-05T21:00:06Z,2026-10-05,PHI @ TBL,d400aaff4870fbb91e584f1c8a8f05bf,fgs,yes,Noel Acciari,,draftkings,4500,,oddsapi
2026-10-05T21:00:06Z,2026-10-05,PHI @ TBL,d400aaff4870fbb91e584f1c8a8f05bf,fgs,yes,Carl Grundstrom,,draftkings,4500,,oddsapi
2026-10-05T21:00:06Z,2026-10-05,PHI @ TBL,d400aaff4870fbb91e584f1c8a8f05bf,fgs,yes,Victor Hedman,,draftkings,4500,,oddsapi
2026-10-05T21:00:06Z,2026-10-05,PHI @ TBL,d400aaff4870fbb91e584f1c8a8f05bf,fgs,yes,Zemgus Girgensons,,draftkings,4500,,oddsapi
2026-10-05T21:00:06Z,2026-10-05,PHI @ TBL,d400aaff4870fbb91e584f1c8a8f05bf,fgs,yes,Travis Sanheim,,draftkings,5500,,oddsapi
2026-10-05T21:00:06Z,2026-10-05,PHI @ TBL,d400aaff4870fbb91e584f1c8a8f05bf,fgs,yes,Erik Cernak,,draftkings,7500,,oddsapi
2026-10-05T21:00:06Z,2026-10-05,PHI @ TBL,d400aaff4870fbb91e584f1c8a8f05bf,fgs,yes,Cam York,,draftkings,7500,,oddsapi
2026-10-05T21:00:06Z,2026-10-05,PHI @ TBL,d400aaff4870fbb91e584f1c8a8f05bf,fgs,yes,Ryan McDonagh,,draftkings,7500,,oddsapi
2026-10-05T21:00:06Z,2026-10-05,PHI @ TBL,d400aaff4870fbb91e584f1c8a8f05bf,fgs,yes,David Jiricek,,draftkings,8000,,oddsapi
2026-10-05T21:00:06Z,2026-10-05,PHI @ TBL,d400aaff4870fbb91e584f1c8a8f05bf,fgs,yes,Simon Benoit,,draftkings,9000,,oddsapi
2026-10-05T21:00:06Z,2026-10-05,PHI @ TBL,d400aaff4870fbb91e584f1c8a8f05bf,fgs,yes,Nick Seeler,,draftkings,10000,,oddsapi
2026-10-05T21:00:06Z,2026-10-05,PHI @ TBL,d400aaff4870fbb91e584f1c8a8f05bf,lgs,yes,Nikita Kucherov,,draftkings,800,,oddsapi
2026-10-05T21:00:06Z,2026-10-05,PHI @ TBL,d400aaff4870fbb91e584f1c8a8f05bf,lgs,yes,Brandon Hagel,,draftkings,850,,oddsapi
2026-10-05T21:00:06Z,2026-10-05,PHI @ TBL,d400aaff4870fbb91e584f1c8a8f05bf,lgs,yes,Jake Guentzel,,draftkings,900,,oddsapi
2026-10-05T21:00:06Z,2026-10-05,PHI @ TBL,d400aaff4870fbb91e584f1c8a8f05bf,lgs,yes,Brayden Point,,draftkings,950,,oddsapi
2026-10-05T21:00:06Z,2026-10-05,PHI @ TBL,d400aaff4870fbb91e584f1c8a8f05bf,lgs,yes,Anthony Cirelli,,draftkings,1300,,oddsapi
2026-10-05T21:00:06Z,2026-10-05,PHI @ TBL,d400aaff4870fbb91e584f1c8a8f05bf,lgs,yes,Travis Konecny,,draftkings,1600,,oddsapi
2026-10-05T21:00:06Z,2026-10-05,PHI @ TBL,d400aaff4870fbb91e584f1c8a8f05bf,lgs,yes,Owen Tippett,,draftkings,1600,,oddsapi
2026-10-05T21:00:06Z,2026-10-05,PHI @ TBL,d400aaff4870fbb91e584f1c8a8f05bf,lgs,yes,Gage Goncalves,,draftkings,1700,,oddsapi
2026-10-05T21:00:06Z,2026-10-05,PHI @ TBL,d400aaff4870fbb91e584f1c8a8f05bf,lgs,yes,Trevor Zegras,,draftkings,1700,,oddsapi
2026-10-05T21:00:06Z,2026-10-05,PHI @ TBL,d400aaff4870fbb91e584f1c8a8f05bf,lgs,yes,Tyson Foerster,,draftkings,1700,,oddsapi
2026-10-05T21:00:06Z,2026-10-05,PHI @ TBL,d400aaff4870fbb91e584f1c8a8f05bf,lgs,yes,Matvei Michkov,,draftkings,1700,,oddsapi
2026-10-05T21:00:06Z,2026-10-05,PHI @ TBL,d400aaff4870fbb91e584f1c8a8f05bf,lgs,yes,Porter Martone,,draftkings,1700,,oddsapi
2026-10-05T21:00:06Z,2026-10-05,PHI @ TBL,d400aaff4870fbb91e584f1c8a8f05bf,lgs,yes,Pontus Holmberg,,draftkings,1900,,oddsapi
2026-10-05T21:00:06Z,2026-10-05,PHI @ TBL,d400aaff4870fbb91e584f1c8a8f05bf,lgs,yes,Alex Bump,,draftkings,1900,,oddsapi
2026-10-05T21:00:06Z,2026-10-05,PHI @ TBL,d400aaff4870fbb91e584f1c8a8f05bf,lgs,yes,Ilya Mikheyev,,draftkings,1900,,oddsapi
2026-10-05T21:00:06Z,2026-10-05,PHI @ TBL,d400aaff4870fbb91e584f1c8a8f05bf,lgs,yes,John Carlson,,draftkings,2000,,oddsapi
2026-10-05T21:00:06Z,2026-10-05,PHI @ TBL,d400aaff4870fbb91e584f1c8a8f05bf,lgs,yes,Conor Geekie,,draftkings,2200,,oddsapi
2026-10-05T21:00:06Z,2026-10-05,PHI @ TBL,d400aaff4870fbb91e584f1c8a8f05bf,lgs,yes,Charle-Edouard D'Astous,,draftkings,2200,,oddsapi
2026-10-05T21:00:06Z,2026-10-05,PHI @ TBL,d400aaff4870fbb91e584f1c8a8f05bf,lgs,yes,Christian Dvorak,,draftkings,2200,,oddsapi
2026-10-05T21:00:06Z,2026-10-05,PHI @ TBL,d400aaff4870fbb91e584f1c8a8f05bf,lgs,yes,Noah Cates,,draftkings,2500,,oddsapi
2026-10-05T21:00:06Z,2026-10-05,PHI @ TBL,d400aaff4870fbb91e584f1c8a8f05bf,lgs,yes,Jeffrey Viel,,draftkings,2500,,oddsapi
2026-10-05T21:00:06Z,2026-10-05,PHI @ TBL,d400aaff4870fbb91e584f1c8a8f05bf,lgs,yes,Victor Hedman,,draftkings,2800,,oddsapi
2026-10-05T21:00:06Z,2026-10-05,PHI @ TBL,d400aaff4870fbb91e584f1c8a8f05bf,lgs,yes,Jamie Drysdale,,draftkings,2800,,oddsapi
2026-10-05T21:00:06Z,2026-10-05,PHI @ TBL,d400aaff4870fbb91e584f1c8a8f05bf,lgs,yes,J.J. Moser,,draftkings,3000,,oddsapi
2026-10-05T21:00:06Z,2026-10-05,PHI @ TBL,d400aaff4870fbb91e584f1c8a8f05bf,lgs,yes,Sean Couturier,,draftkings,3000,,oddsapi
2026-10-05T21:00:06Z,2026-10-05,PHI @ TBL,d400aaff4870fbb91e584f1c8a8f05bf,lgs,yes,Noel Acciari,,draftkings,3000,,oddsapi
2026-10-05T21:00:06Z,2026-10-05,PHI @ TBL,d400aaff4870fbb91e584f1c8a8f05bf,lgs,yes,Zemgus Girgensons,,draftkings,3000,,oddsapi
2026-10-05T21:00:06Z,2026-10-05,PHI @ TBL,d400aaff4870fbb91e584f1c8a8f05bf,lgs,yes,Carl Grundstrom,,draftkings,3000,,oddsapi
2026-10-05T21:00:06Z,2026-10-05,PHI @ TBL,d400aaff4870fbb91e584f1c8a8f05bf,lgs,yes,Travis Sanheim,,draftkings,4000,,oddsapi
2026-10-05T21:00:06Z,2026-10-05,PHI @ TBL,d400aaff4870fbb91e584f1c8a8f05bf,lgs,yes,Ryan McDonagh,,draftkings,4500,,oddsapi
2026-10-05T21:00:06Z,2026-10-05,PHI @ TBL,d400aaff4870fbb91e584f1c8a8f05bf,lgs,yes,Erik Cernak,,draftkings,5000,,oddsapi
2026-10-05T21:00:06Z,2026-10-05,PHI @ TBL,d400aaff4870fbb91e584f1c8a8f05bf,lgs,yes,Cam York,,draftkings,5500,,oddsapi
2026-10-05T21:00:06Z,2026-10-05,PHI @ TBL,d400aaff4870fbb91e584f1c8a8f05bf,lgs,yes,David Jiricek,,draftkings,5500,,oddsapi
2026-10-05T21:00:06Z,2026-10-05,PHI @ TBL,d400aaff4870fbb91e584f1c8a8f05bf,lgs,yes,Simon Benoit,,draftkings,7000,,oddsapi
2026-10-05T21:00:06Z,2026-10-05,PHI @ TBL,d400aaff4870fbb91e584f1c8a8f05bf,lgs,yes,Nick Seeler,,draftkings,7500,,oddsapi
2026-10-05T21:00:06Z,2026-10-05,PHI @ TBL,d400aaff4870fbb91e584f1c8a8f05bf,sk_pts,over,Nikita Kucherov,1.5,draftkings,100,-135,oddsapi
2026-10-05T21:00:06Z,2026-10-05,PHI @ TBL,d400aaff4870fbb91e584f1c8a8f05bf,sk_pts,under,Nikita Kucherov,1.5,draftkings,-135,100,oddsapi
2026-10-05T21:00:06Z,2026-10-05,PHI @ TBL,d400aaff4870fbb91e584f1c8a8f05bf,sk_pts,over,Jake Guentzel,0.5,draftkings,-235,170,oddsapi
2026-10-05T21:00:06Z,2026-10-05,PHI @ TBL,d400aaff4870fbb91e584f1c8a8f05bf,sk_pts,under,Jake Guentzel,0.5,draftkings,170,-235,oddsapi
2026-10-05T21:00:06Z,2026-10-05,PHI @ TBL,d400aaff4870fbb91e584f1c8a8f05bf,sk_pts,over,Brandon Hagel,0.5,draftkings,-200,145,oddsapi
2026-10-05T21:00:06Z,2026-10-05,PHI @ TBL,d400aaff4870fbb91e584f1c8a8f05bf,sk_pts,under,Brandon Hagel,0.5,draftkings,145,-200,oddsapi
2026-10-05T21:00:06Z,2026-10-05,PHI @ TBL,d400aaff4870fbb91e584f1c8a8f05bf,sk_pts,over,Brayden Point,0.5,draftkings,-185,140,oddsapi
2026-10-05T21:00:06Z,2026-10-05,PHI @ TBL,d400aaff4870fbb91e584f1c8a8f05bf,sk_pts,under,Brayden Point,0.5,draftkings,140,-185,oddsapi
2026-10-05T21:00:06Z,2026-10-05,PHI @ TBL,d400aaff4870fbb91e584f1c8a8f05bf,sk_pts,over,John Carlson,0.5,draftkings,-140,100,oddsapi
2026-10-05T21:00:06Z,2026-10-05,PHI @ TBL,d400aaff4870fbb91e584f1c8a8f05bf,sk_pts,under,John Carlson,0.5,draftkings,100,-140,oddsapi
2026-10-05T21:00:06Z,2026-10-05,PHI @ TBL,d400aaff4870fbb91e584f1c8a8f05bf,sk_pts,over,Travis Konecny,0.5,draftkings,-105,-130,oddsapi
2026-10-05T21:00:06Z,2026-10-05,PHI @ TBL,d400aaff4870fbb91e584f1c8a8f05bf,sk_pts,under,Travis Konecny,0.5,draftkings,-130,-105,oddsapi
2026-10-05T21:00:06Z,2026-10-05,PHI @ TBL,d400aaff4870fbb91e584f1c8a8f05bf,sk_pts,over,Anthony Cirelli,0.5,draftkings,110,-150,oddsapi
2026-10-05T21:00:06Z,2026-10-05,PHI @ TBL,d400aaff4870fbb91e584f1c8a8f05bf,sk_pts,under,Anthony Cirelli,0.5,draftkings,-150,110,oddsapi
2026-10-05T21:00:06Z,2026-10-05,PHI @ TBL,d400aaff4870fbb91e584f1c8a8f05bf,sk_pts,over,Trevor Zegras,0.5,draftkings,110,-150,oddsapi
2026-10-05T21:00:06Z,2026-10-05,PHI @ TBL,d400aaff4870fbb91e584f1c8a8f05bf,sk_pts,under,Trevor Zegras,0.5,draftkings,-150,110,oddsapi
2026-10-05T21:00:06Z,2026-10-05,PHI @ TBL,d400aaff4870fbb91e584f1c8a8f05bf,sk_pts,over,Matvei Michkov,0.5,draftkings,120,-165,oddsapi
2026-10-05T21:00:06Z,2026-10-05,PHI @ TBL,d400aaff4870fbb91e584f1c8a8f05bf,sk_pts,under,Matvei Michkov,0.5,draftkings,-165,120,oddsapi
2026-10-05T21:00:06Z,2026-10-05,PHI @ TBL,d400aaff4870fbb91e584f1c8a8f05bf,sk_pts,over,Porter Martone,0.5,draftkings,125,-170,oddsapi
2026-10-05T21:00:06Z,2026-10-05,PHI @ TBL,d400aaff4870fbb91e584f1c8a8f05bf,sk_pts,under,Porter Martone,0.5,draftkings,-170,125,oddsapi
2026-10-05T21:00:06Z,2026-10-05,PHI @ TBL,d400aaff4870fbb91e584f1c8a8f05bf,sk_pts,over,Gage Goncalves,0.5,draftkings,135,-180,oddsapi
2026-10-05T21:00:06Z,2026-10-05,PHI @ TBL,d400aaff4870fbb91e584f1c8a8f05bf,sk_pts,under,Gage Goncalves,0.5,draftkings,-180,135,oddsapi
2026-10-05T21:00:06Z,2026-10-05,PHI @ TBL,d400aaff4870fbb91e584f1c8a8f05bf,sk_pts,over,Owen Tippett,0.5,draftkings,135,-185,oddsapi
2026-10-05T21:00:06Z,2026-10-05,PHI @ TBL,d400aaff4870fbb91e584f1c8a8f05bf,sk_pts,under,Owen Tippett,0.5,draftkings,-185,135,oddsapi
2026-10-05T21:00:06Z,2026-10-05,PHI @ TBL,d400aaff4870fbb91e584f1c8a8f05bf,sk_pts,over,Tyson Foerster,0.5,draftkings,140,-185,oddsapi
2026-10-05T21:00:06Z,2026-10-05,PHI @ TBL,d400aaff4870fbb91e584f1c8a8f05bf,sk_pts,under,Tyson Foerster,0.5,draftkings,-185,140,oddsapi
2026-10-05T21:00:06Z,2026-10-05,PHI @ TBL,d400aaff4870fbb91e584f1c8a8f05bf,sk_pts,over,Christian Dvorak,0.5,draftkings,155,-210,oddsapi
2026-10-05T21:00:06Z,2026-10-05,PHI @ TBL,d400aaff4870fbb91e584f1c8a8f05bf,sk_pts,under,Christian Dvorak,0.5,draftkings,-210,155,oddsapi
2026-10-05T21:00:06Z,2026-10-05,PHI @ TBL,d400aaff4870fbb91e584f1c8a8f05bf,sk_pts,over,Jamie Drysdale,0.5,draftkings,155,-215,oddsapi
2026-10-05T21:00:06Z,2026-10-05,PHI @ TBL,d400aaff4870fbb91e584f1c8a8f05bf,sk_pts,under,Jamie Drysdale,0.5,draftkings,-215,155,oddsapi
2026-10-05T21:00:06Z,2026-10-05,PHI @ TBL,d400aaff4870fbb91e584f1c8a8f05bf,sk_pts,over,Noah Cates,0.5,draftkings,175,-245,oddsapi
2026-10-05T21:00:06Z,2026-10-05,PHI @ TBL,d400aaff4870fbb91e584f1c8a8f05bf,sk_pts,under,Noah Cates,0.5,draftkings,-245,175,oddsapi
2026-10-05T21:00:06Z,2026-10-05,PHI @ TBL,d400aaff4870fbb91e584f1c8a8f05bf,sk_pts,over,Victor Hedman,0.5,draftkings,175,-240,oddsapi
2026-10-05T21:00:06Z,2026-10-05,PHI @ TBL,d400aaff4870fbb91e584f1c8a8f05bf,sk_pts,under,Victor Hedman,0.5,draftkings,-240,175,oddsapi
2026-10-05T21:00:06Z,2026-10-05,PHI @ TBL,d400aaff4870fbb91e584f1c8a8f05bf,sk_pts,over,Pontus Holmberg,0.5,draftkings,190,-260,oddsapi
2026-10-05T21:00:06Z,2026-10-05,PHI @ TBL,d400aaff4870fbb91e584f1c8a8f05bf,sk_pts,under,Pontus Holmberg,0.5,draftkings,-260,190,oddsapi
2026-10-05T21:00:06Z,2026-10-05,PHI @ TBL,d400aaff4870fbb91e584f1c8a8f05bf,sk_pts,over,Travis Sanheim,0.5,draftkings,245,-340,oddsapi
2026-10-05T21:00:06Z,2026-10-05,PHI @ TBL,d400aaff4870fbb91e584f1c8a8f05bf,sk_pts,under,Travis Sanheim,0.5,draftkings,-340,245,oddsapi
2026-10-05T21:00:06Z,2026-10-05,PHI @ TBL,d400aaff4870fbb91e584f1c8a8f05bf,sk_sog,over,Nikita Kucherov,2.5,draftkings,-155,115,oddsapi
2026-10-05T21:00:06Z,2026-10-05,PHI @ TBL,d400aaff4870fbb91e584f1c8a8f05bf,sk_sog,under,Nikita Kucherov,2.5,draftkings,115,-155,oddsapi
2026-10-05T21:00:06Z,2026-10-05,PHI @ TBL,d400aaff4870fbb91e584f1c8a8f05bf,sk_sog,over,Brandon Hagel,2.5,draftkings,-150,110,oddsapi
2026-10-05T21:00:06Z,2026-10-05,PHI @ TBL,d400aaff4870fbb91e584f1c8a8f05bf,sk_sog,under,Brandon Hagel,2.5,draftkings,110,-150,oddsapi
2026-10-05T21:00:06Z,2026-10-05,PHI @ TBL,d400aaff4870fbb91e584f1c8a8f05bf,sk_sog,over,Jake Guentzel,2.5,draftkings,-120,-115,oddsapi
2026-10-05T21:00:06Z,2026-10-05,PHI @ TBL,d400aaff4870fbb91e584f1c8a8f05bf,sk_sog,under,Jake Guentzel,2.5,draftkings,-115,-120,oddsapi
2026-10-05T21:00:06Z,2026-10-05,PHI @ TBL,d400aaff4870fbb91e584f1c8a8f05bf,sk_sog,over,Brayden Point,2.5,draftkings,115,-160,oddsapi
2026-10-05T21:00:06Z,2026-10-05,PHI @ TBL,d400aaff4870fbb91e584f1c8a8f05bf,sk_sog,under,Brayden Point,2.5,draftkings,-160,115,oddsapi
2026-10-05T21:00:06Z,2026-10-05,PHI @ TBL,d400aaff4870fbb91e584f1c8a8f05bf,sk_sog,over,John Carlson,2.5,draftkings,120,-160,oddsapi
2026-10-05T21:00:06Z,2026-10-05,PHI @ TBL,d400aaff4870fbb91e584f1c8a8f05bf,sk_sog,under,John Carlson,2.5,draftkings,-160,120,oddsapi
2026-10-05T21:00:06Z,2026-10-05,PHI @ TBL,d400aaff4870fbb91e584f1c8a8f05bf,sk_sog,over,Owen Tippett,2.5,draftkings,140,-195,oddsapi
2026-10-05T21:00:06Z,2026-10-05,PHI @ TBL,d400aaff4870fbb91e584f1c8a8f05bf,sk_sog,under,Owen Tippett,2.5,draftkings,-195,140,oddsapi
2026-10-05T21:00:06Z,2026-10-05,PHI @ TBL,d400aaff4870fbb91e584f1c8a8f05bf,sk_sog,over,Matvei Michkov,1.5,draftkings,-135,100,oddsapi
2026-10-05T21:00:06Z,2026-10-05,PHI @ TBL,d400aaff4870fbb91e584f1c8a8f05bf,sk_sog,under,Matvei Michkov,1.5,draftkings,100,-135,oddsapi
2026-10-05T21:00:06Z,2026-10-05,PHI @ TBL,d400aaff4870fbb91e584f1c8a8f05bf,sk_sog,over,Tyson Foerster,1.5,draftkings,-135,100,oddsapi
2026-10-05T21:00:06Z,2026-10-05,PHI @ TBL,d400aaff4870fbb91e584f1c8a8f05bf,sk_sog,under,Tyson Foerster,1.5,draftkings,100,-135,oddsapi
2026-10-05T21:00:06Z,2026-10-05,PHI @ TBL,d400aaff4870fbb91e584f1c8a8f05bf,sk_sog,over,Porter Martone,1.5,draftkings,-125,-110,oddsapi
2026-10-05T21:00:06Z,2026-10-05,PHI @ TBL,d400aaff4870fbb91e584f1c8a8f05bf,sk_sog,under,Porter Martone,1.5,draftkings,-110,-125,oddsapi
2026-10-05T21:00:06Z,2026-10-05,PHI @ TBL,d400aaff4870fbb91e584f1c8a8f05bf,sk_sog,over,Travis Konecny,1.5,draftkings,-125,-110,oddsapi
2026-10-05T21:00:06Z,2026-10-05,PHI @ TBL,d400aaff4870fbb91e584f1c8a8f05bf,sk_sog,under,Travis Konecny,1.5,draftkings,-110,-125,oddsapi
2026-10-05T21:00:06Z,2026-10-05,PHI @ TBL,d400aaff4870fbb91e584f1c8a8f05bf,sk_sog,over,Anthony Cirelli,1.5,draftkings,-115,-120,oddsapi
2026-10-05T21:00:06Z,2026-10-05,PHI @ TBL,d400aaff4870fbb91e584f1c8a8f05bf,sk_sog,under,Anthony Cirelli,1.5,draftkings,-120,-115,oddsapi
2026-10-05T21:00:06Z,2026-10-05,PHI @ TBL,d400aaff4870fbb91e584f1c8a8f05bf,sk_sog,over,Trevor Zegras,1.5,draftkings,100,-135,oddsapi
2026-10-05T21:00:06Z,2026-10-05,PHI @ TBL,d400aaff4870fbb91e584f1c8a8f05bf,sk_sog,under,Trevor Zegras,1.5,draftkings,-135,100,oddsapi
2026-10-05T21:00:06Z,2026-10-05,PHI @ TBL,d400aaff4870fbb91e584f1c8a8f05bf,sk_sog,over,Christian Dvorak,1.5,draftkings,115,-155,oddsapi
2026-10-05T21:00:06Z,2026-10-05,PHI @ TBL,d400aaff4870fbb91e584f1c8a8f05bf,sk_sog,under,Christian Dvorak,1.5,draftkings,-155,115,oddsapi
2026-10-05T21:00:06Z,2026-10-05,PHI @ TBL,d400aaff4870fbb91e584f1c8a8f05bf,sk_sog,over,Gage Goncalves,1.5,draftkings,115,-155,oddsapi
2026-10-05T21:00:06Z,2026-10-05,PHI @ TBL,d400aaff4870fbb91e584f1c8a8f05bf,sk_sog,under,Gage Goncalves,1.5,draftkings,-155,115,oddsapi
2026-10-05T21:00:06Z,2026-10-05,PHI @ TBL,d400aaff4870fbb91e584f1c8a8f05bf,sk_sog,over,Noah Cates,1.5,draftkings,125,-170,oddsapi
2026-10-05T21:00:06Z,2026-10-05,PHI @ TBL,d400aaff4870fbb91e584f1c8a8f05bf,sk_sog,under,Noah Cates,1.5,draftkings,-170,125,oddsapi
2026-10-05T21:00:06Z,2026-10-05,PHI @ TBL,d400aaff4870fbb91e584f1c8a8f05bf,sk_sog,over,Jamie Drysdale,1.5,draftkings,140,-185,oddsapi
2026-10-05T21:00:06Z,2026-10-05,PHI @ TBL,d400aaff4870fbb91e584f1c8a8f05bf,sk_sog,under,Jamie Drysdale,1.5,draftkings,-185,140,oddsapi
2026-10-05T21:00:06Z,2026-10-05,PHI @ TBL,d400aaff4870fbb91e584f1c8a8f05bf,g_saves,over,Dan Vladar,26.5,draftkings,-115,-115,oddsapi
2026-10-05T21:00:06Z,2026-10-05,PHI @ TBL,d400aaff4870fbb91e584f1c8a8f05bf,g_saves,under,Dan Vladar,26.5,draftkings,-115,-115,oddsapi
2026-10-05T21:00:06Z,2026-10-05,PHI @ TBL,d400aaff4870fbb91e584f1c8a8f05bf,g_saves,over,Andrei Vasilevskiy,20.5,draftkings,-135,100,oddsapi
2026-10-05T21:00:06Z,2026-10-05,PHI @ TBL,d400aaff4870fbb91e584f1c8a8f05bf,g_saves,under,Andrei Vasilevskiy,20.5,draftkings,100,-135,oddsapi
2026-10-05T21:00:06Z,2026-10-05,PHI @ TBL,d400aaff4870fbb91e584f1c8a8f05bf,p1_pl,PHI,,0.5,draftkings,-166,130,oddsapi
2026-10-05T21:00:06Z,2026-10-05,PHI @ TBL,d400aaff4870fbb91e584f1c8a8f05bf,p1_pl,TBL,,-0.5,draftkings,130,-166,oddsapi
2026-10-05T21:00:06Z,2026-10-05,PHI @ TBL,d400aaff4870fbb91e584f1c8a8f05bf,p2_pl,PHI,,0.5,draftkings,-140,110,oddsapi
2026-10-05T21:00:06Z,2026-10-05,PHI @ TBL,d400aaff4870fbb91e584f1c8a8f05bf,p2_pl,TBL,,-0.5,draftkings,110,-140,oddsapi
2026-10-05T21:00:06Z,2026-10-05,PHI @ TBL,d400aaff4870fbb91e584f1c8a8f05bf,p3_pl,PHI,,0.5,draftkings,-130,100,oddsapi
2026-10-05T21:00:06Z,2026-10-05,PHI @ TBL,d400aaff4870fbb91e584f1c8a8f05bf,p3_pl,TBL,,-0.5,draftkings,100,-130,oddsapi
2026-10-05T21:00:06Z,2026-10-05,PHI @ TBL,d400aaff4870fbb91e584f1c8a8f05bf,p1_team_total,over,PHI,0.5,draftkings,-135,-105,oddsapi
2026-10-05T21:00:06Z,2026-10-05,PHI @ TBL,d400aaff4870fbb91e584f1c8a8f05bf,p1_team_total,under,PHI,0.5,draftkings,-105,-135,oddsapi
2026-10-05T21:00:06Z,2026-10-05,PHI @ TBL,d400aaff4870fbb91e584f1c8a8f05bf,p1_team_total,over,TBL,0.5,draftkings,-210,155,oddsapi
2026-10-05T21:00:06Z,2026-10-05,PHI @ TBL,d400aaff4870fbb91e584f1c8a8f05bf,p1_team_total,under,TBL,0.5,draftkings,155,-210,oddsapi
2026-10-05T21:00:06Z,2026-10-05,PHI @ TBL,d400aaff4870fbb91e584f1c8a8f05bf,p1_total,over,,1.5,draftkings,-130,100,oddsapi
2026-10-05T21:00:06Z,2026-10-05,PHI @ TBL,d400aaff4870fbb91e584f1c8a8f05bf,p1_total,under,,1.5,draftkings,100,-130,oddsapi
2026-10-05T21:00:06Z,2026-10-05,PHI @ TBL,d400aaff4870fbb91e584f1c8a8f05bf,p2_total,over,,1.5,draftkings,-154,120,oddsapi
2026-10-05T21:00:06Z,2026-10-05,PHI @ TBL,d400aaff4870fbb91e584f1c8a8f05bf,p2_total,under,,1.5,draftkings,120,-154,oddsapi
2026-10-05T21:00:06Z,2026-10-05,PHI @ TBL,d400aaff4870fbb91e584f1c8a8f05bf,p3_total,over,,1.5,draftkings,-195,150,oddsapi
2026-10-05T21:00:06Z,2026-10-05,PHI @ TBL,d400aaff4870fbb91e584f1c8a8f05bf,p3_total,under,,1.5,draftkings,150,-195,oddsapi
2026-10-05T21:00:06Z,2026-10-05,PHI @ TBL,d400aaff4870fbb91e584f1c8a8f05bf,game_ml3,PHI,,,fanatics,265,,oddsapi
2026-10-05T21:00:06Z,2026-10-05,PHI @ TBL,d400aaff4870fbb91e584f1c8a8f05bf,game_ml3,TBL,,,fanatics,-140,,oddsapi
2026-10-05T21:00:06Z,2026-10-05,PHI @ TBL,d400aaff4870fbb91e584f1c8a8f05bf,game_ml3,draw,,,fanatics,310,,oddsapi
2026-10-05T21:00:06Z,2026-10-05,PHI @ TBL,d400aaff4870fbb91e584f1c8a8f05bf,ags,yes,Brayden Point,,fanatics,160,,oddsapi
2026-10-05T21:00:06Z,2026-10-05,PHI @ TBL,d400aaff4870fbb91e584f1c8a8f05bf,ags,yes,Brandon Hagel,,fanatics,150,,oddsapi
2026-10-05T21:00:06Z,2026-10-05,PHI @ TBL,d400aaff4870fbb91e584f1c8a8f05bf,ags,yes,Anthony Cirelli,,fanatics,285,,oddsapi
2026-10-05T21:00:06Z,2026-10-05,PHI @ TBL,d400aaff4870fbb91e584f1c8a8f05bf,ags,yes,Victor Hedman,,fanatics,800,,oddsapi
2026-10-05T21:00:06Z,2026-10-05,PHI @ TBL,d400aaff4870fbb91e584f1c8a8f05bf,ags,yes,Erik Cernak,,fanatics,1800,,oddsapi
2026-10-05T21:00:06Z,2026-10-05,PHI @ TBL,d400aaff4870fbb91e584f1c8a8f05bf,ags,yes,Nikita Kucherov,,fanatics,140,,oddsapi
2026-10-05T21:00:06Z,2026-10-05,PHI @ TBL,d400aaff4870fbb91e584f1c8a8f05bf,ags,yes,Pontus Holmberg,,fanatics,475,,oddsapi
2026-10-05T21:00:06Z,2026-10-05,PHI @ TBL,d400aaff4870fbb91e584f1c8a8f05bf,ags,yes,Zemgus Girgensons,,fanatics,850,,oddsapi
2026-10-05T21:00:06Z,2026-10-05,PHI @ TBL,d400aaff4870fbb91e584f1c8a8f05bf,ags,yes,Ryan McDonagh,,fanatics,1800,,oddsapi
2026-10-05T21:00:06Z,2026-10-05,PHI @ TBL,d400aaff4870fbb91e584f1c8a8f05bf,ags,yes,Jeffrey Viel,,fanatics,700,,oddsapi
2026-10-05T21:00:06Z,2026-10-05,PHI @ TBL,d400aaff4870fbb91e584f1c8a8f05bf,ags,yes,J.J. Moser,,fanatics,1100,,oddsapi
2026-10-05T21:00:06Z,2026-10-05,PHI @ TBL,d400aaff4870fbb91e584f1c8a8f05bf,ags,yes,John Carlson,,fanatics,475,,oddsapi
2026-10-05T21:00:06Z,2026-10-05,PHI @ TBL,d400aaff4870fbb91e584f1c8a8f05bf,ags,yes,Jake Guentzel,,fanatics,150,,oddsapi
2026-10-05T21:00:06Z,2026-10-05,PHI @ TBL,d400aaff4870fbb91e584f1c8a8f05bf,ags,yes,Gage Goncalves,,fanatics,350,,oddsapi
2026-10-05T21:00:06Z,2026-10-05,PHI @ TBL,d400aaff4870fbb91e584f1c8a8f05bf,ags,yes,Conor Geekie,,fanatics,600,,oddsapi
2026-10-05T21:00:06Z,2026-10-05,PHI @ TBL,d400aaff4870fbb91e584f1c8a8f05bf,ags,yes,Jansen Harkins,,fanatics,1200,,oddsapi
2026-10-05T21:00:06Z,2026-10-05,PHI @ TBL,d400aaff4870fbb91e584f1c8a8f05bf,ags,yes,Ilya Mikheyev,,fanatics,525,,oddsapi
2026-10-05T21:00:06Z,2026-10-05,PHI @ TBL,d400aaff4870fbb91e584f1c8a8f05bf,ags,yes,Christian Dvorak,,fanatics,525,,oddsapi
2026-10-05T21:00:06Z,2026-10-05,PHI @ TBL,d400aaff4870fbb91e584f1c8a8f05bf,ags,yes,Travis Sanheim,,fanatics,1400,,oddsapi
2026-10-05T21:00:06Z,2026-10-05,PHI @ TBL,d400aaff4870fbb91e584f1c8a8f05bf,ags,yes,Cam York,,fanatics,1200,,oddsapi
2026-10-05T21:00:06Z,2026-10-05,PHI @ TBL,d400aaff4870fbb91e584f1c8a8f05bf,ags,yes,Travis Konecny,,fanatics,285,,oddsapi
2026-10-05T21:00:06Z,2026-10-05,PHI @ TBL,d400aaff4870fbb91e584f1c8a8f05bf,ags,yes,Nick Seeler,,fanatics,2800,,oddsapi
2026-10-05T21:00:06Z,2026-10-05,PHI @ TBL,d400aaff4870fbb91e584f1c8a8f05bf,ags,yes,Noah Cates,,fanatics,525,,oddsapi
2026-10-05T21:00:06Z,2026-10-05,PHI @ TBL,d400aaff4870fbb91e584f1c8a8f05bf,ags,yes,Owen Tippett,,fanatics,310,,oddsapi
2026-10-05T21:00:06Z,2026-10-05,PHI @ TBL,d400aaff4870fbb91e584f1c8a8f05bf,ags,yes,Noel Acciari,,fanatics,800,,oddsapi
2026-10-05T21:00:06Z,2026-10-05,PHI @ TBL,d400aaff4870fbb91e584f1c8a8f05bf,ags,yes,Jamie Drysdale,,fanatics,700,,oddsapi
2026-10-05T21:00:06Z,2026-10-05,PHI @ TBL,d400aaff4870fbb91e584f1c8a8f05bf,ags,yes,Trevor Zegras,,fanatics,310,,oddsapi
2026-10-05T21:00:06Z,2026-10-05,PHI @ TBL,d400aaff4870fbb91e584f1c8a8f05bf,ags,yes,Carl Grundstrom,,fanatics,800,,oddsapi
2026-10-05T21:00:06Z,2026-10-05,PHI @ TBL,d400aaff4870fbb91e584f1c8a8f05bf,ags,yes,David Jiricek,,fanatics,1200,,oddsapi
2026-10-05T21:00:06Z,2026-10-05,PHI @ TBL,d400aaff4870fbb91e584f1c8a8f05bf,ags,yes,Tyson Foerster,,fanatics,310,,oddsapi
2026-10-05T21:00:06Z,2026-10-05,PHI @ TBL,d400aaff4870fbb91e584f1c8a8f05bf,ags,yes,Sean Couturier,,fanatics,700,,oddsapi
2026-10-05T21:00:06Z,2026-10-05,PHI @ TBL,d400aaff4870fbb91e584f1c8a8f05bf,ags,yes,Matvei Michkov,,fanatics,300,,oddsapi
2026-10-05T21:00:06Z,2026-10-05,PHI @ TBL,d400aaff4870fbb91e584f1c8a8f05bf,ags,yes,Porter Martone,,fanatics,325,,oddsapi
2026-10-05T21:00:06Z,2026-10-05,PHI @ TBL,d400aaff4870fbb91e584f1c8a8f05bf,ags,yes,Charle-Edouard D'Astous,,fanatics,650,,oddsapi
2026-10-05T21:00:06Z,2026-10-05,PHI @ TBL,d400aaff4870fbb91e584f1c8a8f05bf,ags,yes,Alex Bump,,fanatics,390,,oddsapi
2026-10-05T21:00:06Z,2026-10-05,PHI @ TBL,d400aaff4870fbb91e584f1c8a8f05bf,ags,yes,Simon Benoit,,fanatics,3000,,oddsapi
2026-10-05T21:00:06Z,2026-10-05,PHI @ TBL,d400aaff4870fbb91e584f1c8a8f05bf,ags,yes,Rasmus Ristolainen,,fanatics,1000,,oddsapi
2026-10-05T21:00:06Z,2026-10-05,PHI @ TBL,d400aaff4870fbb91e584f1c8a8f05bf,ags,yes,Emil Lilleberg,,fanatics,1100,,oddsapi
2026-10-05T21:00:06Z,2026-10-05,PHI @ TBL,d400aaff4870fbb91e584f1c8a8f05bf,fgs,yes,Brayden Point,,fanatics,950,,oddsapi
2026-10-05T21:00:06Z,2026-10-05,PHI @ TBL,d400aaff4870fbb91e584f1c8a8f05bf,fgs,yes,Brandon Hagel,,fanatics,900,,oddsapi
2026-10-05T21:00:06Z,2026-10-05,PHI @ TBL,d400aaff4870fbb91e584f1c8a8f05bf,fgs,yes,Anthony Cirelli,,fanatics,1300,,oddsapi
2026-10-05T21:00:06Z,2026-10-05,PHI @ TBL,d400aaff4870fbb91e584f1c8a8f05bf,fgs,yes,Victor Hedman,,fanatics,3500,,oddsapi
2026-10-05T21:00:06Z,2026-10-05,PHI @ TBL,d400aaff4870fbb91e584f1c8a8f05bf,fgs,yes,Erik Cernak,,fanatics,8000,,oddsapi
2026-10-05T21:00:06Z,2026-10-05,PHI @ TBL,d400aaff4870fbb91e584f1c8a8f05bf,fgs,yes,Nikita Kucherov,,fanatics,900,,oddsapi
2026-10-05T21:00:06Z,2026-10-05,PHI @ TBL,d400aaff4870fbb91e584f1c8a8f05bf,fgs,yes,Pontus Holmberg,,fanatics,2200,,oddsapi
2026-10-05T21:00:06Z,2026-10-05,PHI @ TBL,d400aaff4870fbb91e584f1c8a8f05bf,fgs,yes,Zemgus Girgensons,,fanatics,4000,,oddsapi
2026-10-05T21:00:06Z,2026-10-05,PHI @ TBL,d400aaff4870fbb91e584f1c8a8f05bf,fgs,yes,Ryan McDonagh,,fanatics,7000,,oddsapi
2026-10-05T21:00:06Z,2026-10-05,PHI @ TBL,d400aaff4870fbb91e584f1c8a8f05bf,fgs,yes,Jeffrey Viel,,fanatics,3500,,oddsapi
2026-10-05T21:00:06Z,2026-10-05,PHI @ TBL,d400aaff4870fbb91e584f1c8a8f05bf,fgs,yes,J.J. Moser,,fanatics,4000,,oddsapi
2026-10-05T21:00:06Z,2026-10-05,PHI @ TBL,d400aaff4870fbb91e584f1c8a8f05bf,fgs,yes,John Carlson,,fanatics,2200,,oddsapi
2026-10-05T21:00:06Z,2026-10-05,PHI @ TBL,d400aaff4870fbb91e584f1c8a8f05bf,fgs,yes,Jake Guentzel,,fanatics,900,,oddsapi
2026-10-05T21:00:06Z,2026-10-05,PHI @ TBL,d400aaff4870fbb91e584f1c8a8f05bf,fgs,yes,Gage Goncalves,,fanatics,1700,,oddsapi
2026-10-05T21:00:06Z,2026-10-05,PHI @ TBL,d400aaff4870fbb91e584f1c8a8f05bf,fgs,yes,Conor Geekie,,fanatics,2500,,oddsapi
2026-10-05T21:00:06Z,2026-10-05,PHI @ TBL,d400aaff4870fbb91e584f1c8a8f05bf,fgs,yes,Jansen Harkins,,fanatics,4500,,oddsapi
2026-10-05T21:00:06Z,2026-10-05,PHI @ TBL,d400aaff4870fbb91e584f1c8a8f05bf,fgs,yes,Ilya Mikheyev,,fanatics,2500,,oddsapi
2026-10-05T21:00:06Z,2026-10-05,PHI @ TBL,d400aaff4870fbb91e584f1c8a8f05bf,fgs,yes,Christian Dvorak,,fanatics,2200,,oddsapi
2026-10-05T21:00:06Z,2026-10-05,PHI @ TBL,d400aaff4870fbb91e584f1c8a8f05bf,fgs,yes,Travis Sanheim,,fanatics,6000,,oddsapi
2026-10-05T21:00:06Z,2026-10-05,PHI @ TBL,d400aaff4870fbb91e584f1c8a8f05bf,fgs,yes,Cam York,,fanatics,5000,,oddsapi
2026-10-05T21:00:06Z,2026-10-05,PHI @ TBL,d400aaff4870fbb91e584f1c8a8f05bf,fgs,yes,Travis Konecny,,fanatics,1500,,oddsapi
2026-10-05T21:00:06Z,2026-10-05,PHI @ TBL,d400aaff4870fbb91e584f1c8a8f05bf,fgs,yes,Nick Seeler,,fanatics,12000,,oddsapi
2026-10-05T21:00:06Z,2026-10-05,PHI @ TBL,d400aaff4870fbb91e584f1c8a8f05bf,fgs,yes,Noah Cates,,fanatics,2800,,oddsapi
2026-10-05T21:00:06Z,2026-10-05,PHI @ TBL,d400aaff4870fbb91e584f1c8a8f05bf,fgs,yes,Owen Tippett,,fanatics,1500,,oddsapi
2026-10-05T21:00:06Z,2026-10-05,PHI @ TBL,d400aaff4870fbb91e584f1c8a8f05bf,fgs,yes,Noel Acciari,,fanatics,3500,,oddsapi
2026-10-05T21:00:06Z,2026-10-05,PHI @ TBL,d400aaff4870fbb91e584f1c8a8f05bf,fgs,yes,Jamie Drysdale,,fanatics,3000,,oddsapi
2026-10-05T21:00:06Z,2026-10-05,PHI @ TBL,d400aaff4870fbb91e584f1c8a8f05bf,fgs,yes,Trevor Zegras,,fanatics,1500,,oddsapi
2026-10-05T21:00:06Z,2026-10-05,PHI @ TBL,d400aaff4870fbb91e584f1c8a8f05bf,fgs,yes,Carl Grundstrom,,fanatics,3500,,oddsapi
2026-10-05T21:00:06Z,2026-10-05,PHI @ TBL,d400aaff4870fbb91e584f1c8a8f05bf,fgs,yes,David Jiricek,,fanatics,6000,,oddsapi
2026-10-05T21:00:06Z,2026-10-05,PHI @ TBL,d400aaff4870fbb91e584f1c8a8f05bf,fgs,yes,Tyson Foerster,,fanatics,1500,,oddsapi
2026-10-05T21:00:06Z,2026-10-05,PHI @ TBL,d400aaff4870fbb91e584f1c8a8f05bf,fgs,yes,Sean Couturier,,fanatics,3000,,oddsapi
2026-10-05T21:00:06Z,2026-10-05,PHI @ TBL,d400aaff4870fbb91e584f1c8a8f05bf,fgs,yes,Matvei Michkov,,fanatics,1500,,oddsapi
2026-10-05T21:00:06Z,2026-10-05,PHI @ TBL,d400aaff4870fbb91e584f1c8a8f05bf,fgs,yes,Porter Martone,,fanatics,1700,,oddsapi
2026-10-05T21:00:06Z,2026-10-05,PHI @ TBL,d400aaff4870fbb91e584f1c8a8f05bf,fgs,yes,No 1st Goal,,fanatics,12000,,oddsapi
2026-10-05T21:00:06Z,2026-10-05,PHI @ TBL,d400aaff4870fbb91e584f1c8a8f05bf,fgs,yes,Charle-Edouard D'Astous,,fanatics,2800,,oddsapi
2026-10-05T21:00:06Z,2026-10-05,PHI @ TBL,d400aaff4870fbb91e584f1c8a8f05bf,fgs,yes,Alex Bump,,fanatics,1900,,oddsapi
2026-10-05T21:00:06Z,2026-10-05,PHI @ TBL,d400aaff4870fbb91e584f1c8a8f05bf,fgs,yes,Simon Benoit,,fanatics,9000,,oddsapi
2026-10-05T21:00:06Z,2026-10-05,PHI @ TBL,d400aaff4870fbb91e584f1c8a8f05bf,fgs,yes,Rasmus Ristolainen,,fanatics,4500,,oddsapi
2026-10-05T21:00:06Z,2026-10-05,PHI @ TBL,d400aaff4870fbb91e584f1c8a8f05bf,fgs,yes,Emil Lilleberg,,fanatics,4500,,oddsapi
2026-10-05T21:00:06Z,2026-10-05,PHI @ TBL,d400aaff4870fbb91e584f1c8a8f05bf,team_total,over,PHI,2.5,fanatics,110,-145,oddsapi
2026-10-05T21:00:06Z,2026-10-05,PHI @ TBL,d400aaff4870fbb91e584f1c8a8f05bf,team_total,under,PHI,2.5,fanatics,-145,110,oddsapi
2026-10-05T21:00:06Z,2026-10-05,PHI @ TBL,d400aaff4870fbb91e584f1c8a8f05bf,team_total,over,TBL,3.5,fanatics,-110,-120,oddsapi
2026-10-05T21:00:06Z,2026-10-05,PHI @ TBL,d400aaff4870fbb91e584f1c8a8f05bf,team_total,under,TBL,3.5,fanatics,-120,-110,oddsapi
2026-10-05T21:00:06Z,2026-10-05,PHI @ TBL,d400aaff4870fbb91e584f1c8a8f05bf,game_ml3,PHI,,,williamhill_us,230,,oddsapi
2026-10-05T21:00:06Z,2026-10-05,PHI @ TBL,d400aaff4870fbb91e584f1c8a8f05bf,game_ml3,TBL,,,williamhill_us,-137,,oddsapi
2026-10-05T21:00:06Z,2026-10-05,PHI @ TBL,d400aaff4870fbb91e584f1c8a8f05bf,game_ml3,draw,,,williamhill_us,275,,oddsapi
2026-10-05T21:00:06Z,2026-10-05,PHI @ TBL,d400aaff4870fbb91e584f1c8a8f05bf,p1_ml3,PHI,,,williamhill_us,230,,oddsapi
2026-10-05T21:00:06Z,2026-10-05,PHI @ TBL,d400aaff4870fbb91e584f1c8a8f05bf,p1_ml3,TBL,,,williamhill_us,123,,oddsapi
2026-10-05T21:00:06Z,2026-10-05,PHI @ TBL,d400aaff4870fbb91e584f1c8a8f05bf,p1_ml3,draw,,,williamhill_us,161,,oddsapi
2026-10-05T21:00:06Z,2026-10-05,PHI @ TBL,d400aaff4870fbb91e584f1c8a8f05bf,ags,yes,Nikita Kucherov,,williamhill_us,141,,oddsapi
2026-10-05T21:00:06Z,2026-10-05,PHI @ TBL,d400aaff4870fbb91e584f1c8a8f05bf,ags,yes,Jake Guentzel,,williamhill_us,160,,oddsapi
2026-10-05T21:00:06Z,2026-10-05,PHI @ TBL,d400aaff4870fbb91e584f1c8a8f05bf,ags,yes,Brandon Hagel,,williamhill_us,160,,oddsapi
2026-10-05T21:00:06Z,2026-10-05,PHI @ TBL,d400aaff4870fbb91e584f1c8a8f05bf,ags,yes,Brayden Point,,williamhill_us,167,,oddsapi
2026-10-05T21:00:06Z,2026-10-05,PHI @ TBL,d400aaff4870fbb91e584f1c8a8f05bf,ags,yes,Anthony Cirelli,,williamhill_us,260,,oddsapi
2026-10-05T21:00:06Z,2026-10-05,PHI @ TBL,d400aaff4870fbb91e584f1c8a8f05bf,ags,yes,Tyson Foerster,,williamhill_us,270,,oddsapi
2026-10-05T21:00:06Z,2026-10-05,PHI @ TBL,d400aaff4870fbb91e584f1c8a8f05bf,ags,yes,Porter Martone,,williamhill_us,280,,oddsapi
2026-10-05T21:00:06Z,2026-10-05,PHI @ TBL,d400aaff4870fbb91e584f1c8a8f05bf,ags,yes,Matvei Michkov,,williamhill_us,285,,oddsapi
2026-10-05T21:00:06Z,2026-10-05,PHI @ TBL,d400aaff4870fbb91e584f1c8a8f05bf,ags,yes,Owen Tippett,,williamhill_us,285,,oddsapi
2026-10-05T21:00:06Z,2026-10-05,PHI @ TBL,d400aaff4870fbb91e584f1c8a8f05bf,ags,yes,Trevor Zegras,,williamhill_us,295,,oddsapi
2026-10-05T21:00:06Z,2026-10-05,PHI @ TBL,d400aaff4870fbb91e584f1c8a8f05bf,ags,yes,Travis Konecny,,williamhill_us,295,,oddsapi
2026-10-05T21:00:06Z,2026-10-05,PHI @ TBL,d400aaff4870fbb91e584f1c8a8f05bf,ags,yes,Gage Goncalves,,williamhill_us,320,,oddsapi
2026-10-05T21:00:06Z,2026-10-05,PHI @ TBL,d400aaff4870fbb91e584f1c8a8f05bf,ags,yes,Alex Bump,,williamhill_us,360,,oddsapi
2026-10-05T21:00:06Z,2026-10-05,PHI @ TBL,d400aaff4870fbb91e584f1c8a8f05bf,ags,yes,Christian Dvorak,,williamhill_us,390,,oddsapi
2026-10-05T21:00:06Z,2026-10-05,PHI @ TBL,d400aaff4870fbb91e584f1c8a8f05bf,ags,yes,John Carlson,,williamhill_us,400,,oddsapi
2026-10-05T21:00:06Z,2026-10-05,PHI @ TBL,d400aaff4870fbb91e584f1c8a8f05bf,ags,yes,Pontus Holmberg,,williamhill_us,400,,oddsapi
2026-10-05T21:00:06Z,2026-10-05,PHI @ TBL,d400aaff4870fbb91e584f1c8a8f05bf,ags,yes,Ilya Mikheyev,,williamhill_us,425,,oddsapi
2026-10-05T21:00:06Z,2026-10-05,PHI @ TBL,d400aaff4870fbb91e584f1c8a8f05bf,ags,yes,Noah Cates,,williamhill_us,450,,oddsapi
2026-10-05T21:00:06Z,2026-10-05,PHI @ TBL,d400aaff4870fbb91e584f1c8a8f05bf,ags,yes,Conor Geekie,,williamhill_us,450,,oddsapi
2026-10-05T21:00:06Z,2026-10-05,PHI @ TBL,d400aaff4870fbb91e584f1c8a8f05bf,ags,yes,Sean Couturier,,williamhill_us,525,,oddsapi
2026-10-05T21:00:06Z,2026-10-05,PHI @ TBL,d400aaff4870fbb91e584f1c8a8f05bf,ags,yes,Charle-Edouard D'Astous,,williamhill_us,550,,oddsapi
2026-10-05T21:00:06Z,2026-10-05,PHI @ TBL,d400aaff4870fbb91e584f1c8a8f05bf,ags,yes,Noel Acciari,,williamhill_us,550,,oddsapi
2026-10-05T21:00:06Z,2026-10-05,PHI @ TBL,d400aaff4870fbb91e584f1c8a8f05bf,ags,yes,Carl Grundstrom,,williamhill_us,550,,oddsapi
2026-10-05T21:00:06Z,2026-10-05,PHI @ TBL,d400aaff4870fbb91e584f1c8a8f05bf,ags,yes,Zemgus Girgensons,,williamhill_us,575,,oddsapi
2026-10-05T21:00:06Z,2026-10-05,PHI @ TBL,d400aaff4870fbb91e584f1c8a8f05bf,ags,yes,Jeffrey Viel,,williamhill_us,575,,oddsapi
2026-10-05T21:00:06Z,2026-10-05,PHI @ TBL,d400aaff4870fbb91e584f1c8a8f05bf,ags,yes,Victor Hedman,,williamhill_us,575,,oddsapi
2026-10-05T21:00:06Z,2026-10-05,PHI @ TBL,d400aaff4870fbb91e584f1c8a8f05bf,ags,yes,Jamie Drysdale,,williamhill_us,625,,oddsapi
2026-10-05T21:00:06Z,2026-10-05,PHI @ TBL,d400aaff4870fbb91e584f1c8a8f05bf,ags,yes,Jansen Harkins,,williamhill_us,625,,oddsapi
2026-10-05T21:00:06Z,2026-10-05,PHI @ TBL,d400aaff4870fbb91e584f1c8a8f05bf,ags,yes,Cam York,,williamhill_us,675,,oddsapi
2026-10-05T21:00:06Z,2026-10-05,PHI @ TBL,d400aaff4870fbb91e584f1c8a8f05bf,ags,yes,David Jiricek,,williamhill_us,700,,oddsapi
2026-10-05T21:00:06Z,2026-10-05,PHI @ TBL,d400aaff4870fbb91e584f1c8a8f05bf,ags,yes,Travis Sanheim,,williamhill_us,700,,oddsapi
2026-10-05T21:00:06Z,2026-10-05,PHI @ TBL,d400aaff4870fbb91e584f1c8a8f05bf,ags,yes,J.J. Moser,,williamhill_us,750,,oddsapi
2026-10-05T21:00:06Z,2026-10-05,PHI @ TBL,d400aaff4870fbb91e584f1c8a8f05bf,ags,yes,Ryan McDonagh,,williamhill_us,800,,oddsapi
2026-10-05T21:00:06Z,2026-10-05,PHI @ TBL,d400aaff4870fbb91e584f1c8a8f05bf,ags,yes,Maxwell Crozier,,williamhill_us,800,,oddsapi
2026-10-05T21:00:06Z,2026-10-05,PHI @ TBL,d400aaff4870fbb91e584f1c8a8f05bf,ags,yes,Erik Cernak,,williamhill_us,800,,oddsapi
2026-10-05T21:00:06Z,2026-10-05,PHI @ TBL,d400aaff4870fbb91e584f1c8a8f05bf,ags,yes,Nick Seeler,,williamhill_us,1000,,oddsapi
2026-10-05T21:00:06Z,2026-10-05,PHI @ TBL,d400aaff4870fbb91e584f1c8a8f05bf,ags,yes,Simon Benoit,,williamhill_us,1000,,oddsapi
2026-10-05T21:00:06Z,2026-10-05,PHI @ TBL,d400aaff4870fbb91e584f1c8a8f05bf,fgs,yes,Nikita Kucherov,,williamhill_us,850,,oddsapi
2026-10-05T21:00:06Z,2026-10-05,PHI @ TBL,d400aaff4870fbb91e584f1c8a8f05bf,fgs,yes,Brandon Hagel,,williamhill_us,1000,,oddsapi
2026-10-05T21:00:06Z,2026-10-05,PHI @ TBL,d400aaff4870fbb91e584f1c8a8f05bf,fgs,yes,Jake Guentzel,,williamhill_us,1000,,oddsapi
2026-10-05T21:00:06Z,2026-10-05,PHI @ TBL,d400aaff4870fbb91e584f1c8a8f05bf,fgs,yes,Brayden Point,,williamhill_us,1000,,oddsapi
2026-10-05T21:00:06Z,2026-10-05,PHI @ TBL,d400aaff4870fbb91e584f1c8a8f05bf,fgs,yes,Anthony Cirelli,,williamhill_us,1600,,oddsapi
2026-10-05T21:00:06Z,2026-10-05,PHI @ TBL,d400aaff4870fbb91e584f1c8a8f05bf,fgs,yes,Matvei Michkov,,williamhill_us,1600,,oddsapi
2026-10-05T21:00:06Z,2026-10-05,PHI @ TBL,d400aaff4870fbb91e584f1c8a8f05bf,fgs,yes,Travis Konecny,,williamhill_us,1700,,oddsapi
2026-10-05T21:00:06Z,2026-10-05,PHI @ TBL,d400aaff4870fbb91e584f1c8a8f05bf,fgs,yes,Owen Tippett,,williamhill_us,1750,,oddsapi
2026-10-05T21:00:06Z,2026-10-05,PHI @ TBL,d400aaff4870fbb91e584f1c8a8f05bf,fgs,yes,Tyson Foerster,,williamhill_us,1750,,oddsapi
2026-10-05T21:00:06Z,2026-10-05,PHI @ TBL,d400aaff4870fbb91e584f1c8a8f05bf,fgs,yes,Gage Goncalves,,williamhill_us,1800,,oddsapi
2026-10-05T21:00:06Z,2026-10-05,PHI @ TBL,d400aaff4870fbb91e584f1c8a8f05bf,fgs,yes,Trevor Zegras,,williamhill_us,1800,,oddsapi
2026-10-05T21:00:06Z,2026-10-05,PHI @ TBL,d400aaff4870fbb91e584f1c8a8f05bf,fgs,yes,Porter Martone,,williamhill_us,1900,,oddsapi
2026-10-05T21:00:06Z,2026-10-05,PHI @ TBL,d400aaff4870fbb91e584f1c8a8f05bf,fgs,yes,Alex Bump,,williamhill_us,2200,,oddsapi
2026-10-05T21:00:06Z,2026-10-05,PHI @ TBL,d400aaff4870fbb91e584f1c8a8f05bf,fgs,yes,Christian Dvorak,,williamhill_us,2400,,oddsapi
2026-10-05T21:00:06Z,2026-10-05,PHI @ TBL,d400aaff4870fbb91e584f1c8a8f05bf,fgs,yes,Ilya Mikheyev,,williamhill_us,2500,,oddsapi
2026-10-05T21:00:06Z,2026-10-05,PHI @ TBL,d400aaff4870fbb91e584f1c8a8f05bf,fgs,yes,John Carlson,,williamhill_us,2500,,oddsapi
2026-10-05T21:00:06Z,2026-10-05,PHI @ TBL,d400aaff4870fbb91e584f1c8a8f05bf,fgs,yes,Pontus Holmberg,,williamhill_us,2700,,oddsapi
2026-10-05T21:00:06Z,2026-10-05,PHI @ TBL,d400aaff4870fbb91e584f1c8a8f05bf,fgs,yes,Noah Cates,,williamhill_us,2800,,oddsapi
2026-10-05T21:00:06Z,2026-10-05,PHI @ TBL,d400aaff4870fbb91e584f1c8a8f05bf,fgs,yes,Conor Geekie,,williamhill_us,3000,,oddsapi
2026-10-05T21:00:06Z,2026-10-05,PHI @ TBL,d400aaff4870fbb91e584f1c8a8f05bf,fgs,yes,Sean Couturier,,williamhill_us,3500,,oddsapi
2026-10-05T21:00:06Z,2026-10-05,PHI @ TBL,d400aaff4870fbb91e584f1c8a8f05bf,fgs,yes,Carl Grundstrom,,williamhill_us,3500,,oddsapi
2026-10-05T21:00:06Z,2026-10-05,PHI @ TBL,d400aaff4870fbb91e584f1c8a8f05bf,fgs,yes,Zemgus Girgensons,,williamhill_us,3500,,oddsapi
2026-10-05T21:00:06Z,2026-10-05,PHI @ TBL,d400aaff4870fbb91e584f1c8a8f05bf,fgs,yes,Charle-Edouard D'Astous,,williamhill_us,3500,,oddsapi
2026-10-05T21:00:06Z,2026-10-05,PHI @ TBL,d400aaff4870fbb91e584f1c8a8f05bf,fgs,yes,Victor Hedman,,williamhill_us,3500,,oddsapi
2026-10-05T21:00:06Z,2026-10-05,PHI @ TBL,d400aaff4870fbb91e584f1c8a8f05bf,fgs,yes,Jeffrey Viel,,williamhill_us,3500,,oddsapi
2026-10-05T21:00:06Z,2026-10-05,PHI @ TBL,d400aaff4870fbb91e584f1c8a8f05bf,fgs,yes,Noel Acciari,,williamhill_us,4000,,oddsapi
2026-10-05T21:00:06Z,2026-10-05,PHI @ TBL,d400aaff4870fbb91e584f1c8a8f05bf,fgs,yes,Jamie Drysdale,,williamhill_us,4000,,oddsapi
2026-10-05T21:00:06Z,2026-10-05,PHI @ TBL,d400aaff4870fbb91e584f1c8a8f05bf,fgs,yes,Cam York,,williamhill_us,5500,,oddsapi
2026-10-05T21:00:06Z,2026-10-05,PHI @ TBL,d400aaff4870fbb91e584f1c8a8f05bf,fgs,yes,David Jiricek,,williamhill_us,5500,,oddsapi
2026-10-05T21:00:06Z,2026-10-05,PHI @ TBL,d400aaff4870fbb91e584f1c8a8f05bf,fgs,yes,Travis Sanheim,,williamhill_us,5500,,oddsapi
2026-10-05T21:00:06Z,2026-10-05,PHI @ TBL,d400aaff4870fbb91e584f1c8a8f05bf,fgs,yes,J.J. Moser,,williamhill_us,5500,,oddsapi
2026-10-05T21:00:06Z,2026-10-05,PHI @ TBL,d400aaff4870fbb91e584f1c8a8f05bf,team_total,over,PHI,2.5,williamhill_us,102,-140,oddsapi
2026-10-05T21:00:06Z,2026-10-05,PHI @ TBL,d400aaff4870fbb91e584f1c8a8f05bf,team_total,under,PHI,2.5,williamhill_us,-140,102,oddsapi
2026-10-05T21:00:06Z,2026-10-05,PHI @ TBL,d400aaff4870fbb91e584f1c8a8f05bf,team_total,over,TBL,3.5,williamhill_us,-112,-125,oddsapi
2026-10-05T21:00:06Z,2026-10-05,PHI @ TBL,d400aaff4870fbb91e584f1c8a8f05bf,team_total,under,TBL,3.5,williamhill_us,-125,-112,oddsapi
2026-10-05T21:00:06Z,2026-10-05,PHI @ TBL,d400aaff4870fbb91e584f1c8a8f05bf,p1_ml,PHI,,,betonlineag,142,-162,oddsapi
2026-10-05T21:00:06Z,2026-10-05,PHI @ TBL,d400aaff4870fbb91e584f1c8a8f05bf,p1_ml,TBL,,,betonlineag,-162,142,oddsapi
2026-10-05T21:00:06Z,2026-10-05,PHI @ TBL,d400aaff4870fbb91e584f1c8a8f05bf,sk_pts,over,Travis Konecny,0.5,betonlineag,102,-132,oddsapi
2026-10-05T21:00:06Z,2026-10-05,PHI @ TBL,d400aaff4870fbb91e584f1c8a8f05bf,sk_pts,under,Travis Konecny,0.5,betonlineag,-132,102,oddsapi
2026-10-05T21:00:06Z,2026-10-05,PHI @ TBL,d400aaff4870fbb91e584f1c8a8f05bf,sk_pts,over,Jake Guentzel,0.5,betonlineag,-217,163,oddsapi
2026-10-05T21:00:06Z,2026-10-05,PHI @ TBL,d400aaff4870fbb91e584f1c8a8f05bf,sk_pts,under,Jake Guentzel,0.5,betonlineag,163,-217,oddsapi
2026-10-05T21:00:06Z,2026-10-05,PHI @ TBL,d400aaff4870fbb91e584f1c8a8f05bf,sk_pts,over,Trevor Zegras,0.5,betonlineag,113,-147,oddsapi
2026-10-05T21:00:06Z,2026-10-05,PHI @ TBL,d400aaff4870fbb91e584f1c8a8f05bf,sk_pts,under,Trevor Zegras,0.5,betonlineag,-147,113,oddsapi
2026-10-05T21:00:06Z,2026-10-05,PHI @ TBL,d400aaff4870fbb91e584f1c8a8f05bf,sk_pts,over,Brandon Hagel,0.5,betonlineag,-200,151,oddsapi
2026-10-05T21:00:06Z,2026-10-05,PHI @ TBL,d400aaff4870fbb91e584f1c8a8f05bf,sk_pts,under,Brandon Hagel,0.5,betonlineag,151,-200,oddsapi
2026-10-05T21:00:06Z,2026-10-05,PHI @ TBL,d400aaff4870fbb91e584f1c8a8f05bf,sk_pts,over,John Carlson,0.5,betonlineag,-123,-105,oddsapi
2026-10-05T21:00:06Z,2026-10-05,PHI @ TBL,d400aaff4870fbb91e584f1c8a8f05bf,sk_pts,under,John Carlson,0.5,betonlineag,-105,-123,oddsapi
2026-10-05T21:00:06Z,2026-10-05,PHI @ TBL,d400aaff4870fbb91e584f1c8a8f05bf,sk_pts,over,Brayden Point,0.5,betonlineag,-182,138,oddsapi
2026-10-05T21:00:06Z,2026-10-05,PHI @ TBL,d400aaff4870fbb91e584f1c8a8f05bf,sk_pts,under,Brayden Point,0.5,betonlineag,138,-182,oddsapi
2026-10-05T21:00:06Z,2026-10-05,PHI @ TBL,d400aaff4870fbb91e584f1c8a8f05bf,sk_pts,over,Anthony Cirelli,0.5,betonlineag,110,-143,oddsapi
2026-10-05T21:00:06Z,2026-10-05,PHI @ TBL,d400aaff4870fbb91e584f1c8a8f05bf,sk_pts,under,Anthony Cirelli,0.5,betonlineag,-143,110,oddsapi
2026-10-05T21:00:06Z,2026-10-05,PHI @ TBL,d400aaff4870fbb91e584f1c8a8f05bf,sk_pts,over,Nikita Kucherov,1.5,betonlineag,109,-141,oddsapi
2026-10-05T21:00:06Z,2026-10-05,PHI @ TBL,d400aaff4870fbb91e584f1c8a8f05bf,sk_pts,under,Nikita Kucherov,1.5,betonlineag,-141,109,oddsapi
2026-10-05T21:00:06Z,2026-10-05,PHI @ TBL,d400aaff4870fbb91e584f1c8a8f05bf,sk_pts,over,Owen Tippett,0.5,betonlineag,139,-182,oddsapi
2026-10-05T21:00:06Z,2026-10-05,PHI @ TBL,d400aaff4870fbb91e584f1c8a8f05bf,sk_pts,under,Owen Tippett,0.5,betonlineag,-182,139,oddsapi
2026-10-05T21:00:06Z,2026-10-05,PHI @ TBL,d400aaff4870fbb91e584f1c8a8f05bf,sk_pts,over,Tyson Foerster,0.5,betonlineag,141,-185,oddsapi
2026-10-05T21:00:06Z,2026-10-05,PHI @ TBL,d400aaff4870fbb91e584f1c8a8f05bf,sk_pts,under,Tyson Foerster,0.5,betonlineag,-185,141,oddsapi
2026-10-05T21:00:06Z,2026-10-05,PHI @ TBL,d400aaff4870fbb91e584f1c8a8f05bf,sk_pts,over,Matvei Michkov,0.5,betonlineag,120,-156,oddsapi
2026-10-05T21:00:06Z,2026-10-05,PHI @ TBL,d400aaff4870fbb91e584f1c8a8f05bf,sk_pts,under,Matvei Michkov,0.5,betonlineag,-156,120,oddsapi
2026-10-05T21:00:06Z,2026-10-05,PHI @ TBL,d400aaff4870fbb91e584f1c8a8f05bf,sk_pts,over,Porter Martone,0.5,betonlineag,130,-169,oddsapi
2026-10-05T21:00:06Z,2026-10-05,PHI @ TBL,d400aaff4870fbb91e584f1c8a8f05bf,sk_pts,under,Porter Martone,0.5,betonlineag,-169,130,oddsapi
2026-10-05T21:00:06Z,2026-10-05,PHI @ TBL,d400aaff4870fbb91e584f1c8a8f05bf,sk_pts,over,Noah Cates,0.5,betonlineag,171,-227,oddsapi
2026-10-05T21:00:06Z,2026-10-05,PHI @ TBL,d400aaff4870fbb91e584f1c8a8f05bf,sk_pts,under,Noah Cates,0.5,betonlineag,-227,171,oddsapi
2026-10-05T21:00:06Z,2026-10-05,PHI @ TBL,d400aaff4870fbb91e584f1c8a8f05bf,sk_pts,over,Jamie Drysdale,0.5,betonlineag,174,-233,oddsapi
2026-10-05T21:00:06Z,2026-10-05,PHI @ TBL,d400aaff4870fbb91e584f1c8a8f05bf,sk_pts,under,Jamie Drysdale,0.5,betonlineag,-233,174,oddsapi
2026-10-05T21:00:06Z,2026-10-05,PHI @ TBL,d400aaff4870fbb91e584f1c8a8f05bf,sk_pts,over,Gage Goncalves,0.5,betonlineag,132,-172,oddsapi
2026-10-05T21:00:06Z,2026-10-05,PHI @ TBL,d400aaff4870fbb91e584f1c8a8f05bf,sk_pts,under,Gage Goncalves,0.5,betonlineag,-172,132,oddsapi
2026-10-05T21:00:06Z,2026-10-05,PHI @ TBL,d400aaff4870fbb91e584f1c8a8f05bf,sk_pts,over,Victor Hedman,0.5,betonlineag,186,-250,oddsapi
2026-10-05T21:00:06Z,2026-10-05,PHI @ TBL,d400aaff4870fbb91e584f1c8a8f05bf,sk_pts,under,Victor Hedman,0.5,betonlineag,-250,186,oddsapi
2026-10-05T21:00:06Z,2026-10-05,PHI @ TBL,d400aaff4870fbb91e584f1c8a8f05bf,sk_pts,over,Pontus Holmberg,0.5,betonlineag,195,-263,oddsapi
2026-10-05T21:00:06Z,2026-10-05,PHI @ TBL,d400aaff4870fbb91e584f1c8a8f05bf,sk_pts,under,Pontus Holmberg,0.5,betonlineag,-263,195,oddsapi
2026-10-05T21:00:06Z,2026-10-05,PHI @ TBL,d400aaff4870fbb91e584f1c8a8f05bf,sk_pts,over,Travis Sanheim,0.5,betonlineag,233,-323,oddsapi
2026-10-05T21:00:06Z,2026-10-05,PHI @ TBL,d400aaff4870fbb91e584f1c8a8f05bf,sk_pts,under,Travis Sanheim,0.5,betonlineag,-323,233,oddsapi
2026-10-05T21:00:06Z,2026-10-05,PHI @ TBL,d400aaff4870fbb91e584f1c8a8f05bf,sk_pts,over,Christian Dvorak,0.5,betonlineag,158,-208,oddsapi
2026-10-05T21:00:06Z,2026-10-05,PHI @ TBL,d400aaff4870fbb91e584f1c8a8f05bf,sk_pts,under,Christian Dvorak,0.5,betonlineag,-208,158,oddsapi
2026-10-05T21:00:06Z,2026-10-05,PHI @ TBL,d400aaff4870fbb91e584f1c8a8f05bf,sk_sog,over,Travis Konecny,1.5,betonlineag,-122,-106,oddsapi
2026-10-05T21:00:06Z,2026-10-05,PHI @ TBL,d400aaff4870fbb91e584f1c8a8f05bf,sk_sog,under,Travis Konecny,1.5,betonlineag,-106,-122,oddsapi
2026-10-05T21:00:06Z,2026-10-05,PHI @ TBL,d400aaff4870fbb91e584f1c8a8f05bf,sk_sog,over,Owen Tippett,2.5,betonlineag,139,-182,oddsapi
2026-10-05T21:00:06Z,2026-10-05,PHI @ TBL,d400aaff4870fbb91e584f1c8a8f05bf,sk_sog,under,Owen Tippett,2.5,betonlineag,-182,139,oddsapi
2026-10-05T21:00:06Z,2026-10-05,PHI @ TBL,d400aaff4870fbb91e584f1c8a8f05bf,sk_sog,over,Brayden Point,2.5,betonlineag,130,-169,oddsapi
2026-10-05T21:00:06Z,2026-10-05,PHI @ TBL,d400aaff4870fbb91e584f1c8a8f05bf,sk_sog,under,Brayden Point,2.5,betonlineag,-169,130,oddsapi
2026-10-05T21:00:06Z,2026-10-05,PHI @ TBL,d400aaff4870fbb91e584f1c8a8f05bf,sk_sog,over,Brandon Hagel,2.5,betonlineag,-167,128,oddsapi
2026-10-05T21:00:06Z,2026-10-05,PHI @ TBL,d400aaff4870fbb91e584f1c8a8f05bf,sk_sog,under,Brandon Hagel,2.5,betonlineag,128,-167,oddsapi
2026-10-05T21:00:06Z,2026-10-05,PHI @ TBL,d400aaff4870fbb91e584f1c8a8f05bf,sk_sog,over,Matvei Michkov,1.5,betonlineag,-135,104,oddsapi
2026-10-05T21:00:06Z,2026-10-05,PHI @ TBL,d400aaff4870fbb91e584f1c8a8f05bf,sk_sog,under,Matvei Michkov,1.5,betonlineag,104,-135,oddsapi
2026-10-05T21:00:06Z,2026-10-05,PHI @ TBL,d400aaff4870fbb91e584f1c8a8f05bf,sk_sog,over,Tyson Foerster,1.5,betonlineag,-133,103,oddsapi
2026-10-05T21:00:06Z,2026-10-05,PHI @ TBL,d400aaff4870fbb91e584f1c8a8f05bf,sk_sog,under,Tyson Foerster,1.5,betonlineag,103,-133,oddsapi
2026-10-05T21:00:06Z,2026-10-05,PHI @ TBL,d400aaff4870fbb91e584f1c8a8f05bf,sk_sog,over,Trevor Zegras,1.5,betonlineag,109,-141,oddsapi
2026-10-05T21:00:06Z,2026-10-05,PHI @ TBL,d400aaff4870fbb91e584f1c8a8f05bf,sk_sog,under,Trevor Zegras,1.5,betonlineag,-141,109,oddsapi
2026-10-05T21:00:06Z,2026-10-05,PHI @ TBL,d400aaff4870fbb91e584f1c8a8f05bf,sk_sog,over,Jake Guentzel,2.5,betonlineag,-109,-119,oddsapi
2026-10-05T21:00:06Z,2026-10-05,PHI @ TBL,d400aaff4870fbb91e584f1c8a8f05bf,sk_sog,under,Jake Guentzel,2.5,betonlineag,-119,-109,oddsapi
2026-10-05T21:00:06Z,2026-10-05,PHI @ TBL,d400aaff4870fbb91e584f1c8a8f05bf,sk_sog,over,John Carlson,2.5,betonlineag,139,-182,oddsapi
2026-10-05T21:00:06Z,2026-10-05,PHI @ TBL,d400aaff4870fbb91e584f1c8a8f05bf,sk_sog,under,John Carlson,2.5,betonlineag,-182,139,oddsapi
2026-10-05T21:00:06Z,2026-10-05,PHI @ TBL,d400aaff4870fbb91e584f1c8a8f05bf,sk_sog,over,Porter Martone,1.5,betonlineag,-135,105,oddsapi
2026-10-05T21:00:06Z,2026-10-05,PHI @ TBL,d400aaff4870fbb91e584f1c8a8f05bf,sk_sog,under,Porter Martone,1.5,betonlineag,105,-135,oddsapi
2026-10-05T21:00:06Z,2026-10-05,PHI @ TBL,d400aaff4870fbb91e584f1c8a8f05bf,sk_sog,over,Nikita Kucherov,2.5,betonlineag,-167,128,oddsapi
2026-10-05T21:00:06Z,2026-10-05,PHI @ TBL,d400aaff4870fbb91e584f1c8a8f05bf,sk_sog,under,Nikita Kucherov,2.5,betonlineag,128,-167,oddsapi
2026-10-05T21:00:06Z,2026-10-05,PHI @ TBL,d400aaff4870fbb91e584f1c8a8f05bf,sk_sog,over,Christian Dvorak,1.5,betonlineag,115,-149,oddsapi
2026-10-05T21:00:06Z,2026-10-05,PHI @ TBL,d400aaff4870fbb91e584f1c8a8f05bf,sk_sog,under,Christian Dvorak,1.5,betonlineag,-149,115,oddsapi
2026-10-05T21:00:06Z,2026-10-05,PHI @ TBL,d400aaff4870fbb91e584f1c8a8f05bf,sk_sog,over,Anthony Cirelli,1.5,betonlineag,-130,100,oddsapi
2026-10-05T21:00:06Z,2026-10-05,PHI @ TBL,d400aaff4870fbb91e584f1c8a8f05bf,sk_sog,under,Anthony Cirelli,1.5,betonlineag,100,-130,oddsapi
2026-10-05T21:00:06Z,2026-10-05,PHI @ TBL,d400aaff4870fbb91e584f1c8a8f05bf,sk_sog,over,Jamie Drysdale,1.5,betonlineag,141,-185,oddsapi
2026-10-05T21:00:06Z,2026-10-05,PHI @ TBL,d400aaff4870fbb91e584f1c8a8f05bf,sk_sog,under,Jamie Drysdale,1.5,betonlineag,-185,141,oddsapi
2026-10-05T21:00:06Z,2026-10-05,PHI @ TBL,d400aaff4870fbb91e584f1c8a8f05bf,sk_sog,over,Noah Cates,1.5,betonlineag,152,-200,oddsapi
2026-10-05T21:00:06Z,2026-10-05,PHI @ TBL,d400aaff4870fbb91e584f1c8a8f05bf,sk_sog,under,Noah Cates,1.5,betonlineag,-200,152,oddsapi
2026-10-05T21:00:06Z,2026-10-05,PHI @ TBL,d400aaff4870fbb91e584f1c8a8f05bf,g_saves,over,Dan Vladar,26.5,betonlineag,-108,-120,oddsapi
2026-10-05T21:00:06Z,2026-10-05,PHI @ TBL,d400aaff4870fbb91e584f1c8a8f05bf,g_saves,under,Dan Vladar,26.5,betonlineag,-120,-108,oddsapi
2026-10-05T21:00:06Z,2026-10-05,PHI @ TBL,d400aaff4870fbb91e584f1c8a8f05bf,g_saves,over,Andrei Vasilevskiy,21.5,betonlineag,100,-130,oddsapi
2026-10-05T21:00:06Z,2026-10-05,PHI @ TBL,d400aaff4870fbb91e584f1c8a8f05bf,g_saves,under,Andrei Vasilevskiy,21.5,betonlineag,-130,100,oddsapi
2026-10-05T21:00:06Z,2026-10-05,PHI @ TBL,d400aaff4870fbb91e584f1c8a8f05bf,p1_pl,PHI,,0.5,betonlineag,-162,142,oddsapi
2026-10-05T21:00:06Z,2026-10-05,PHI @ TBL,d400aaff4870fbb91e584f1c8a8f05bf,p1_pl,TBL,,-0.5,betonlineag,142,-162,oddsapi
2026-10-05T21:00:06Z,2026-10-05,PHI @ TBL,d400aaff4870fbb91e584f1c8a8f05bf,team_total,over,PHI,2.5,betonlineag,113,-145,oddsapi
2026-10-05T21:00:06Z,2026-10-05,PHI @ TBL,d400aaff4870fbb91e584f1c8a8f05bf,team_total,under,PHI,2.5,betonlineag,-145,113,oddsapi
2026-10-05T21:00:06Z,2026-10-05,PHI @ TBL,d400aaff4870fbb91e584f1c8a8f05bf,team_total,over,TBL,3.5,betonlineag,-108,-122,oddsapi
2026-10-05T21:00:06Z,2026-10-05,PHI @ TBL,d400aaff4870fbb91e584f1c8a8f05bf,team_total,under,TBL,3.5,betonlineag,-122,-108,oddsapi
2026-10-05T21:00:06Z,2026-10-05,PHI @ TBL,d400aaff4870fbb91e584f1c8a8f05bf,p1_total,over,,1.5,betonlineag,-120,100,oddsapi
2026-10-05T21:00:06Z,2026-10-05,PHI @ TBL,d400aaff4870fbb91e584f1c8a8f05bf,p1_total,under,,1.5,betonlineag,100,-120,oddsapi
2026-10-05T21:00:06Z,2026-10-05,PHI @ TBL,d400aaff4870fbb91e584f1c8a8f05bf,game_pl_alt,PHI,,1.5,fanduel,-142,118,oddsapi
2026-10-05T21:00:06Z,2026-10-05,PHI @ TBL,d400aaff4870fbb91e584f1c8a8f05bf,game_pl_alt,PHI,,2.5,fanduel,-260,194,oddsapi
2026-10-05T21:00:06Z,2026-10-05,PHI @ TBL,d400aaff4870fbb91e584f1c8a8f05bf,game_pl_alt,PHI,,3.5,fanduel,-950,550,oddsapi
2026-10-05T21:00:06Z,2026-10-05,PHI @ TBL,d400aaff4870fbb91e584f1c8a8f05bf,game_pl_alt,PHI,,4.5,fanduel,-3000,1340,oddsapi
2026-10-05T21:00:06Z,2026-10-05,PHI @ TBL,d400aaff4870fbb91e584f1c8a8f05bf,game_pl_alt,PHI,,5.5,fanduel,-8000,2700,oddsapi
2026-10-05T21:00:06Z,2026-10-05,PHI @ TBL,d400aaff4870fbb91e584f1c8a8f05bf,game_pl_alt,PHI,,6.5,fanduel,-20000,6500,oddsapi
2026-10-05T21:00:06Z,2026-10-05,PHI @ TBL,d400aaff4870fbb91e584f1c8a8f05bf,game_pl_alt,PHI,,-1.5,fanduel,390,-650,oddsapi
2026-10-05T21:00:06Z,2026-10-05,PHI @ TBL,d400aaff4870fbb91e584f1c8a8f05bf,game_pl_alt,PHI,,-2.5,fanduel,740,-1450,oddsapi
2026-10-05T21:00:06Z,2026-10-05,PHI @ TBL,d400aaff4870fbb91e584f1c8a8f05bf,game_pl_alt,PHI,,-3.5,fanduel,2100,-5000,oddsapi
2026-10-05T21:00:06Z,2026-10-05,PHI @ TBL,d400aaff4870fbb91e584f1c8a8f05bf,game_pl_alt,TBL,,1.5,fanduel,-650,390,oddsapi
2026-10-05T21:00:06Z,2026-10-05,PHI @ TBL,d400aaff4870fbb91e584f1c8a8f05bf,game_pl_alt,TBL,,2.5,fanduel,-1450,740,oddsapi
2026-10-05T21:00:06Z,2026-10-05,PHI @ TBL,d400aaff4870fbb91e584f1c8a8f05bf,game_pl_alt,TBL,,3.5,fanduel,-5000,2100,oddsapi
2026-10-05T21:00:06Z,2026-10-05,PHI @ TBL,d400aaff4870fbb91e584f1c8a8f05bf,game_pl_alt,TBL,,4.5,fanduel,-20000,,oddsapi
2026-10-05T21:00:06Z,2026-10-05,PHI @ TBL,d400aaff4870fbb91e584f1c8a8f05bf,game_pl_alt,TBL,,-1.5,fanduel,118,-142,oddsapi
2026-10-05T21:00:06Z,2026-10-05,PHI @ TBL,d400aaff4870fbb91e584f1c8a8f05bf,game_pl_alt,TBL,,-2.5,fanduel,194,-260,oddsapi
2026-10-05T21:00:06Z,2026-10-05,PHI @ TBL,d400aaff4870fbb91e584f1c8a8f05bf,game_pl_alt,TBL,,-3.5,fanduel,550,-950,oddsapi
2026-10-05T21:00:06Z,2026-10-05,PHI @ TBL,d400aaff4870fbb91e584f1c8a8f05bf,game_pl_alt,TBL,,-4.5,fanduel,1340,-3000,oddsapi
2026-10-05T21:00:06Z,2026-10-05,PHI @ TBL,d400aaff4870fbb91e584f1c8a8f05bf,game_pl_alt,TBL,,-5.5,fanduel,2700,-8000,oddsapi
2026-10-05T21:00:06Z,2026-10-05,PHI @ TBL,d400aaff4870fbb91e584f1c8a8f05bf,game_pl_alt,TBL,,-6.5,fanduel,6500,-20000,oddsapi
2026-10-05T21:00:06Z,2026-10-05,PHI @ TBL,d400aaff4870fbb91e584f1c8a8f05bf,team_total_alt,over,PHI,0.5,fanduel,-1600,820,oddsapi
2026-10-05T21:00:06Z,2026-10-05,PHI @ TBL,d400aaff4870fbb91e584f1c8a8f05bf,team_total_alt,over,PHI,1.5,fanduel,-280,210,oddsapi
2026-10-05T21:00:06Z,2026-10-05,PHI @ TBL,d400aaff4870fbb91e584f1c8a8f05bf,team_total_alt,over,PHI,3.5,fanduel,250,-360,oddsapi
2026-10-05T21:00:06Z,2026-10-05,PHI @ TBL,d400aaff4870fbb91e584f1c8a8f05bf,team_total_alt,over,PHI,4.5,fanduel,630,-1250,oddsapi
2026-10-05T21:00:06Z,2026-10-05,PHI @ TBL,d400aaff4870fbb91e584f1c8a8f05bf,team_total_alt,over,PHI,5.5,fanduel,1550,-3500,oddsapi
2026-10-05T21:00:06Z,2026-10-05,PHI @ TBL,d400aaff4870fbb91e584f1c8a8f05bf,team_total_alt,over,PHI,6.5,fanduel,4900,,oddsapi
2026-10-05T21:00:06Z,2026-10-05,PHI @ TBL,d400aaff4870fbb91e584f1c8a8f05bf,team_total_alt,under,PHI,0.5,fanduel,820,-1600,oddsapi
2026-10-05T21:00:06Z,2026-10-05,PHI @ TBL,d400aaff4870fbb91e584f1c8a8f05bf,team_total_alt,under,PHI,1.5,fanduel,210,-280,oddsapi
2026-10-05T21:00:06Z,2026-10-05,PHI @ TBL,d400aaff4870fbb91e584f1c8a8f05bf,team_total_alt,under,PHI,3.5,fanduel,-360,250,oddsapi
2026-10-05T21:00:06Z,2026-10-05,PHI @ TBL,d400aaff4870fbb91e584f1c8a8f05bf,team_total_alt,under,PHI,4.5,fanduel,-1250,630,oddsapi
2026-10-05T21:00:06Z,2026-10-05,PHI @ TBL,d400aaff4870fbb91e584f1c8a8f05bf,team_total_alt,under,PHI,5.5,fanduel,-3500,1550,oddsapi
2026-10-05T21:00:06Z,2026-10-05,PHI @ TBL,d400aaff4870fbb91e584f1c8a8f05bf,team_total_alt,over,TBL,0.5,fanduel,-5000,2000,oddsapi
2026-10-05T21:00:06Z,2026-10-05,PHI @ TBL,d400aaff4870fbb91e584f1c8a8f05bf,team_total_alt,over,TBL,1.5,fanduel,-950,540,oddsapi
2026-10-05T21:00:06Z,2026-10-05,PHI @ TBL,d400aaff4870fbb91e584f1c8a8f05bf,team_total_alt,over,TBL,3.5,fanduel,-108,-118,oddsapi
2026-10-05T21:00:06Z,2026-10-05,PHI @ TBL,d400aaff4870fbb91e584f1c8a8f05bf,team_total_alt,over,TBL,4.5,fanduel,235,-320,oddsapi
2026-10-05T21:00:06Z,2026-10-05,PHI @ TBL,d400aaff4870fbb91e584f1c8a8f05bf,team_total_alt,over,TBL,5.5,fanduel,590,-1100,oddsapi
2026-10-05T21:00:06Z,2026-10-05,PHI @ TBL,d400aaff4870fbb91e584f1c8a8f05bf,team_total_alt,over,TBL,6.5,fanduel,1460,-3500,oddsapi
2026-10-05T21:00:06Z,2026-10-05,PHI @ TBL,d400aaff4870fbb91e584f1c8a8f05bf,team_total_alt,over,TBL,7.5,fanduel,4000,-8000,oddsapi
2026-10-05T21:00:06Z,2026-10-05,PHI @ TBL,d400aaff4870fbb91e584f1c8a8f05bf,team_total_alt,under,TBL,0.5,fanduel,2000,-5000,oddsapi
2026-10-05T21:00:06Z,2026-10-05,PHI @ TBL,d400aaff4870fbb91e584f1c8a8f05bf,team_total_alt,under,TBL,1.5,fanduel,540,-950,oddsapi
2026-10-05T21:00:06Z,2026-10-05,PHI @ TBL,d400aaff4870fbb91e584f1c8a8f05bf,team_total_alt,under,TBL,3.5,fanduel,-118,-108,oddsapi
2026-10-05T21:00:06Z,2026-10-05,PHI @ TBL,d400aaff4870fbb91e584f1c8a8f05bf,team_total_alt,under,TBL,4.5,fanduel,-320,235,oddsapi
2026-10-05T21:00:06Z,2026-10-05,PHI @ TBL,d400aaff4870fbb91e584f1c8a8f05bf,team_total_alt,under,TBL,5.5,fanduel,-1100,590,oddsapi
2026-10-05T21:00:06Z,2026-10-05,PHI @ TBL,d400aaff4870fbb91e584f1c8a8f05bf,team_total_alt,under,TBL,6.5,fanduel,-3500,1460,oddsapi
2026-10-05T21:00:06Z,2026-10-05,PHI @ TBL,d400aaff4870fbb91e584f1c8a8f05bf,team_total_alt,under,TBL,7.5,fanduel,-8000,4000,oddsapi
2026-10-05T21:00:06Z,2026-10-05,PHI @ TBL,d400aaff4870fbb91e584f1c8a8f05bf,game_total_alt,over,,2.5,fanduel,-4500,1900,oddsapi
2026-10-05T21:00:06Z,2026-10-05,PHI @ TBL,d400aaff4870fbb91e584f1c8a8f05bf,game_total_alt,over,,3.5,fanduel,-800,480,oddsapi
2026-10-05T21:00:06Z,2026-10-05,PHI @ TBL,d400aaff4870fbb91e584f1c8a8f05bf,game_total_alt,over,,4.5,fanduel,-400,280,oddsapi
2026-10-05T21:00:06Z,2026-10-05,PHI @ TBL,d400aaff4870fbb91e584f1c8a8f05bf,game_total_alt,over,,5.5,fanduel,-128,100,oddsapi
2026-10-05T21:00:06Z,2026-10-05,PHI @ TBL,d400aaff4870fbb91e584f1c8a8f05bf,game_total_alt,over,,6.5,fanduel,128,-164,oddsapi
2026-10-05T21:00:06Z,2026-10-05,PHI @ TBL,d400aaff4870fbb91e584f1c8a8f05bf,game_total_alt,over,,7.5,fanduel,300,-450,oddsapi
2026-10-05T21:00:06Z,2026-10-05,PHI @ TBL,d400aaff4870fbb91e584f1c8a8f05bf,game_total_alt,over,,8.5,fanduel,470,-750,oddsapi
2026-10-05T21:00:06Z,2026-10-05,PHI @ TBL,d400aaff4870fbb91e584f1c8a8f05bf,game_total_alt,over,,9.5,fanduel,1160,-2400,oddsapi
2026-10-05T21:00:06Z,2026-10-05,PHI @ TBL,d400aaff4870fbb91e584f1c8a8f05bf,game_total_alt,over,,10.5,fanduel,1750,-4500,oddsapi
2026-10-05T21:00:06Z,2026-10-05,PHI @ TBL,d400aaff4870fbb91e584f1c8a8f05bf,game_total_alt,over,,11.5,fanduel,4900,,oddsapi
2026-10-05T21:00:06Z,2026-10-05,PHI @ TBL,d400aaff4870fbb91e584f1c8a8f05bf,game_total_alt,under,,2.5,fanduel,1900,-4500,oddsapi
2026-10-05T21:00:06Z,2026-10-05,PHI @ TBL,d400aaff4870fbb91e584f1c8a8f05bf,game_total_alt,under,,3.5,fanduel,480,-800,oddsapi
2026-10-05T21:00:06Z,2026-10-05,PHI @ TBL,d400aaff4870fbb91e584f1c8a8f05bf,game_total_alt,under,,4.5,fanduel,280,-400,oddsapi
2026-10-05T21:00:06Z,2026-10-05,PHI @ TBL,d400aaff4870fbb91e584f1c8a8f05bf,game_total_alt,under,,5.5,fanduel,100,-128,oddsapi
2026-10-05T21:00:06Z,2026-10-05,PHI @ TBL,d400aaff4870fbb91e584f1c8a8f05bf,game_total_alt,under,,6.5,fanduel,-164,128,oddsapi
2026-10-05T21:00:06Z,2026-10-05,PHI @ TBL,d400aaff4870fbb91e584f1c8a8f05bf,game_total_alt,under,,7.5,fanduel,-450,300,oddsapi
2026-10-05T21:00:06Z,2026-10-05,PHI @ TBL,d400aaff4870fbb91e584f1c8a8f05bf,game_total_alt,under,,8.5,fanduel,-750,470,oddsapi
2026-10-05T21:00:06Z,2026-10-05,PHI @ TBL,d400aaff4870fbb91e584f1c8a8f05bf,game_total_alt,under,,9.5,fanduel,-2400,1160,oddsapi
2026-10-05T21:00:06Z,2026-10-05,PHI @ TBL,d400aaff4870fbb91e584f1c8a8f05bf,game_total_alt,under,,10.5,fanduel,-4500,1750,oddsapi
2026-10-05T21:00:06Z,2026-10-05,PHI @ TBL,d400aaff4870fbb91e584f1c8a8f05bf,game_ml3,PHI,,,fanduel,270,,oddsapi
2026-10-05T21:00:06Z,2026-10-05,PHI @ TBL,d400aaff4870fbb91e584f1c8a8f05bf,game_ml3,TBL,,,fanduel,-140,,oddsapi
2026-10-05T21:00:06Z,2026-10-05,PHI @ TBL,d400aaff4870fbb91e584f1c8a8f05bf,game_ml3,draw,,,fanduel,320,,oddsapi
2026-10-05T21:00:06Z,2026-10-05,PHI @ TBL,d400aaff4870fbb91e584f1c8a8f05bf,p1_ml3,PHI,,,fanduel,270,,oddsapi
2026-10-05T21:00:06Z,2026-10-05,PHI @ TBL,d400aaff4870fbb91e584f1c8a8f05bf,p1_ml3,TBL,,,fanduel,135,,oddsapi
2026-10-05T21:00:06Z,2026-10-05,PHI @ TBL,d400aaff4870fbb91e584f1c8a8f05bf,p1_ml3,draw,,,fanduel,170,,oddsapi
2026-10-05T21:00:06Z,2026-10-05,PHI @ TBL,d400aaff4870fbb91e584f1c8a8f05bf,p2_ml3,PHI,,,fanduel,250,,oddsapi
2026-10-05T21:00:06Z,2026-10-05,PHI @ TBL,d400aaff4870fbb91e584f1c8a8f05bf,p2_ml3,TBL,,,fanduel,120,,oddsapi
2026-10-05T21:00:06Z,2026-10-05,PHI @ TBL,d400aaff4870fbb91e584f1c8a8f05bf,p2_ml3,draw,,,fanduel,210,,oddsapi
2026-10-05T21:00:06Z,2026-10-05,PHI @ TBL,d400aaff4870fbb91e584f1c8a8f05bf,p3_ml3,PHI,,,fanduel,240,,oddsapi
2026-10-05T21:00:06Z,2026-10-05,PHI @ TBL,d400aaff4870fbb91e584f1c8a8f05bf,p3_ml3,TBL,,,fanduel,105,,oddsapi
2026-10-05T21:00:06Z,2026-10-05,PHI @ TBL,d400aaff4870fbb91e584f1c8a8f05bf,p3_ml3,draw,,,fanduel,250,,oddsapi
2026-10-05T21:00:06Z,2026-10-05,PHI @ TBL,d400aaff4870fbb91e584f1c8a8f05bf,p1_ml,PHI,,,fanduel,146,-190,oddsapi
2026-10-05T21:00:06Z,2026-10-05,PHI @ TBL,d400aaff4870fbb91e584f1c8a8f05bf,p1_ml,TBL,,,fanduel,-190,146,oddsapi
2026-10-05T21:00:06Z,2026-10-05,PHI @ TBL,d400aaff4870fbb91e584f1c8a8f05bf,p2_ml,PHI,,,fanduel,148,-190,oddsapi
2026-10-05T21:00:06Z,2026-10-05,PHI @ TBL,d400aaff4870fbb91e584f1c8a8f05bf,p2_ml,TBL,,,fanduel,-190,148,oddsapi
2026-10-05T21:00:06Z,2026-10-05,PHI @ TBL,d400aaff4870fbb91e584f1c8a8f05bf,p3_ml,PHI,,,fanduel,148,-190,oddsapi
2026-10-05T21:00:06Z,2026-10-05,PHI @ TBL,d400aaff4870fbb91e584f1c8a8f05bf,p3_ml,TBL,,,fanduel,-190,148,oddsapi
2026-10-05T21:00:06Z,2026-10-05,PHI @ TBL,d400aaff4870fbb91e584f1c8a8f05bf,ags,yes,Nikita Kucherov,,fanduel,150,,oddsapi
2026-10-05T21:00:06Z,2026-10-05,PHI @ TBL,d400aaff4870fbb91e584f1c8a8f05bf,ags,yes,Brandon Hagel,,fanduel,165,,oddsapi
2026-10-05T21:00:06Z,2026-10-05,PHI @ TBL,d400aaff4870fbb91e584f1c8a8f05bf,ags,yes,Jake Guentzel,,fanduel,165,,oddsapi
2026-10-05T21:00:06Z,2026-10-05,PHI @ TBL,d400aaff4870fbb91e584f1c8a8f05bf,ags,yes,Brayden Point,,fanduel,180,,oddsapi
2026-10-05T21:00:06Z,2026-10-05,PHI @ TBL,d400aaff4870fbb91e584f1c8a8f05bf,ags,yes,Anthony Cirelli,,fanduel,290,,oddsapi
2026-10-05T21:00:06Z,2026-10-05,PHI @ TBL,d400aaff4870fbb91e584f1c8a8f05bf,ags,yes,Matvei Michkov,,fanduel,290,,oddsapi
2026-10-05T21:00:06Z,2026-10-05,PHI @ TBL,d400aaff4870fbb91e584f1c8a8f05bf,ags,yes,Travis Konecny,,fanduel,300,,oddsapi
2026-10-05T21:00:06Z,2026-10-05,PHI @ TBL,d400aaff4870fbb91e584f1c8a8f05bf,ags,yes,Owen Tippett,,fanduel,310,,oddsapi
2026-10-05T21:00:06Z,2026-10-05,PHI @ TBL,d400aaff4870fbb91e584f1c8a8f05bf,ags,yes,Tyson Foerster,,fanduel,310,,oddsapi
2026-10-05T21:00:06Z,2026-10-05,PHI @ TBL,d400aaff4870fbb91e584f1c8a8f05bf,ags,yes,Trevor Zegras,,fanduel,320,,oddsapi
2026-10-05T21:00:06Z,2026-10-05,PHI @ TBL,d400aaff4870fbb91e584f1c8a8f05bf,ags,yes,Porter Martone,,fanduel,330,,oddsapi
2026-10-05T21:00:06Z,2026-10-05,PHI @ TBL,d400aaff4870fbb91e584f1c8a8f05bf,ags,yes,Gage Goncalves,,fanduel,360,,oddsapi
2026-10-05T21:00:06Z,2026-10-05,PHI @ TBL,d400aaff4870fbb91e584f1c8a8f05bf,ags,yes,Christian Dvorak,,fanduel,480,,oddsapi
2026-10-05T21:00:06Z,2026-10-05,PHI @ TBL,d400aaff4870fbb91e584f1c8a8f05bf,ags,yes,John Carlson,,fanduel,500,,oddsapi
2026-10-05T21:00:06Z,2026-10-05,PHI @ TBL,d400aaff4870fbb91e584f1c8a8f05bf,ags,yes,Ilya Mikheyev,,fanduel,500,,oddsapi
2026-10-05T21:00:06Z,2026-10-05,PHI @ TBL,d400aaff4870fbb91e584f1c8a8f05bf,ags,yes,Pontus Holmberg,,fanduel,525,,oddsapi
2026-10-05T21:00:06Z,2026-10-05,PHI @ TBL,d400aaff4870fbb91e584f1c8a8f05bf,ags,yes,Conor Geekie,,fanduel,575,,oddsapi
2026-10-05T21:00:06Z,2026-10-05,PHI @ TBL,d400aaff4870fbb91e584f1c8a8f05bf,ags,yes,Noah Cates,,fanduel,575,,oddsapi
2026-10-05T21:00:06Z,2026-10-05,PHI @ TBL,d400aaff4870fbb91e584f1c8a8f05bf,ags,yes,Carl Grundstrom,,fanduel,725,,oddsapi
2026-10-05T21:00:06Z,2026-10-05,PHI @ TBL,d400aaff4870fbb91e584f1c8a8f05bf,ags,yes,Charle-Edouard D'Astous,,fanduel,725,,oddsapi
2026-10-05T21:00:06Z,2026-10-05,PHI @ TBL,d400aaff4870fbb91e584f1c8a8f05bf,ags,yes,Sean Couturier,,fanduel,750,,oddsapi
2026-10-05T21:00:06Z,2026-10-05,PHI @ TBL,d400aaff4870fbb91e584f1c8a8f05bf,ags,yes,Jeffrey Viel,,fanduel,750,,oddsapi
2026-10-05T21:00:06Z,2026-10-05,PHI @ TBL,d400aaff4870fbb91e584f1c8a8f05bf,ags,yes,Jamie Drysdale,,fanduel,750,,oddsapi
2026-10-05T21:00:06Z,2026-10-05,PHI @ TBL,d400aaff4870fbb91e584f1c8a8f05bf,ags,yes,Victor Hedman,,fanduel,750,,oddsapi
2026-10-05T21:00:06Z,2026-10-05,PHI @ TBL,d400aaff4870fbb91e584f1c8a8f05bf,ags,yes,Noel Acciari,,fanduel,800,,oddsapi
2026-10-05T21:00:06Z,2026-10-05,PHI @ TBL,d400aaff4870fbb91e584f1c8a8f05bf,ags,yes,Zemgus Girgensons,,fanduel,800,,oddsapi
2026-10-05T21:00:06Z,2026-10-05,PHI @ TBL,d400aaff4870fbb91e584f1c8a8f05bf,ags,yes,Cam York,,fanduel,950,,oddsapi
2026-10-05T21:00:06Z,2026-10-05,PHI @ TBL,d400aaff4870fbb91e584f1c8a8f05bf,ags,yes,David Jiricek,,fanduel,1100,,oddsapi
2026-10-05T21:00:06Z,2026-10-05,PHI @ TBL,d400aaff4870fbb91e584f1c8a8f05bf,ags,yes,Travis Sanheim,,fanduel,1200,,oddsapi
2026-10-05T21:00:06Z,2026-10-05,PHI @ TBL,d400aaff4870fbb91e584f1c8a8f05bf,ags,yes,J.J. Moser,,fanduel,1400,,oddsapi
2026-10-05T21:00:06Z,2026-10-05,PHI @ TBL,d400aaff4870fbb91e584f1c8a8f05bf,ags,yes,Maxwell Crozier,,fanduel,1700,,oddsapi
2026-10-05T21:00:06Z,2026-10-05,PHI @ TBL,d400aaff4870fbb91e584f1c8a8f05bf,ags,yes,Erik Cernak,,fanduel,1800,,oddsapi
2026-10-05T21:00:06Z,2026-10-05,PHI @ TBL,d400aaff4870fbb91e584f1c8a8f05bf,ags,yes,Ryan McDonagh,,fanduel,2000,,oddsapi
2026-10-05T21:00:06Z,2026-10-05,PHI @ TBL,d400aaff4870fbb91e584f1c8a8f05bf,ags,yes,Nick Seeler,,fanduel,2800,,oddsapi
2026-10-05T21:00:06Z,2026-10-05,PHI @ TBL,d400aaff4870fbb91e584f1c8a8f05bf,fgs,yes,Brandon Hagel,,fanduel,1000,,oddsapi
2026-10-05T21:00:06Z,2026-10-05,PHI @ TBL,d400aaff4870fbb91e584f1c8a8f05bf,fgs,yes,Nikita Kucherov,,fanduel,1000,,oddsapi
2026-10-05T21:00:06Z,2026-10-05,PHI @ TBL,d400aaff4870fbb91e584f1c8a8f05bf,fgs,yes,Jake Guentzel,,fanduel,1100,,oddsapi
2026-10-05T21:00:06Z,2026-10-05,PHI @ TBL,d400aaff4870fbb91e584f1c8a8f05bf,fgs,yes,Brayden Point,,fanduel,1100,,oddsapi
2026-10-05T21:00:06Z,2026-10-05,PHI @ TBL,d400aaff4870fbb91e584f1c8a8f05bf,fgs,yes,Anthony Cirelli,,fanduel,1700,,oddsapi
2026-10-05T21:00:06Z,2026-10-05,PHI @ TBL,d400aaff4870fbb91e584f1c8a8f05bf,fgs,yes,Owen Tippett,,fanduel,1800,,oddsapi
2026-10-05T21:00:06Z,2026-10-05,PHI @ TBL,d400aaff4870fbb91e584f1c8a8f05bf,fgs,yes,Travis Konecny,,fanduel,1800,,oddsapi
2026-10-05T21:00:06Z,2026-10-05,PHI @ TBL,d400aaff4870fbb91e584f1c8a8f05bf,fgs,yes,Matvei Michkov,,fanduel,1900,,oddsapi
2026-10-05T21:00:06Z,2026-10-05,PHI @ TBL,d400aaff4870fbb91e584f1c8a8f05bf,fgs,yes,Trevor Zegras,,fanduel,1900,,oddsapi
2026-10-05T21:00:06Z,2026-10-05,PHI @ TBL,d400aaff4870fbb91e584f1c8a8f05bf,fgs,yes,Tyson Foerster,,fanduel,1900,,oddsapi
2026-10-05T21:00:06Z,2026-10-05,PHI @ TBL,d400aaff4870fbb91e584f1c8a8f05bf,fgs,yes,Gage Goncalves,,fanduel,2000,,oddsapi
2026-10-05T21:00:06Z,2026-10-05,PHI @ TBL,d400aaff4870fbb91e584f1c8a8f05bf,fgs,yes,Porter Martone,,fanduel,2000,,oddsapi
2026-10-05T21:00:06Z,2026-10-05,PHI @ TBL,d400aaff4870fbb91e584f1c8a8f05bf,fgs,yes,John Carlson,,fanduel,2700,,oddsapi
2026-10-05T21:00:06Z,2026-10-05,PHI @ TBL,d400aaff4870fbb91e584f1c8a8f05bf,fgs,yes,Christian Dvorak,,fanduel,2700,,oddsapi
2026-10-05T21:00:06Z,2026-10-05,PHI @ TBL,d400aaff4870fbb91e584f1c8a8f05bf,fgs,yes,Noah Cates,,fanduel,2700,,oddsapi
2026-10-05T21:00:06Z,2026-10-05,PHI @ TBL,d400aaff4870fbb91e584f1c8a8f05bf,fgs,yes,Ilya Mikheyev,,fanduel,2700,,oddsapi
2026-10-05T21:00:06Z,2026-10-05,PHI @ TBL,d400aaff4870fbb91e584f1c8a8f05bf,fgs,yes,Pontus Holmberg,,fanduel,3000,,oddsapi
2026-10-05T21:00:06Z,2026-10-05,PHI @ TBL,d400aaff4870fbb91e584f1c8a8f05bf,fgs,yes,Conor Geekie,,fanduel,3300,,oddsapi
2026-10-05T21:00:06Z,2026-10-05,PHI @ TBL,d400aaff4870fbb91e584f1c8a8f05bf,fgs,yes,Zemgus Girgensons,,fanduel,3500,,oddsapi
2026-10-05T21:00:06Z,2026-10-05,PHI @ TBL,d400aaff4870fbb91e584f1c8a8f05bf,fgs,yes,Sean Couturier,,fanduel,3500,,oddsapi
2026-10-05T21:00:06Z,2026-10-05,PHI @ TBL,d400aaff4870fbb91e584f1c8a8f05bf,fgs,yes,Jeffrey Viel,,fanduel,3500,,oddsapi
2026-10-05T21:00:06Z,2026-10-05,PHI @ TBL,d400aaff4870fbb91e584f1c8a8f05bf,fgs,yes,Carl Grundstrom,,fanduel,3500,,oddsapi
2026-10-05T21:00:06Z,2026-10-05,PHI @ TBL,d400aaff4870fbb91e584f1c8a8f05bf,fgs,yes,Charle-Edouard D'Astous,,fanduel,3500,,oddsapi
2026-10-05T21:00:06Z,2026-10-05,PHI @ TBL,d400aaff4870fbb91e584f1c8a8f05bf,fgs,yes,Jamie Drysdale,,fanduel,4000,,oddsapi
2026-10-05T21:00:06Z,2026-10-05,PHI @ TBL,d400aaff4870fbb91e584f1c8a8f05bf,fgs,yes,Victor Hedman,,fanduel,4000,,oddsapi
2026-10-05T21:00:06Z,2026-10-05,PHI @ TBL,d400aaff4870fbb91e584f1c8a8f05bf,fgs,yes,Noel Acciari,,fanduel,4000,,oddsapi
2026-10-05T21:00:06Z,2026-10-05,PHI @ TBL,d400aaff4870fbb91e584f1c8a8f05bf,fgs,yes,David Jiricek,,fanduel,4500,,oddsapi
2026-10-05T21:00:06Z,2026-10-05,PHI @ TBL,d400aaff4870fbb91e584f1c8a8f05bf,fgs,yes,Cam York,,fanduel,4500,,oddsapi
2026-10-05T21:00:06Z,2026-10-05,PHI @ TBL,d400aaff4870fbb91e584f1c8a8f05bf,fgs,yes,J.J. Moser,,fanduel,6000,,oddsapi
2026-10-05T21:00:06Z,2026-10-05,PHI @ TBL,d400aaff4870fbb91e584f1c8a8f05bf,fgs,yes,Travis Sanheim,,fanduel,6500,,oddsapi
2026-10-05T21:00:06Z,2026-10-05,PHI @ TBL,d400aaff4870fbb91e584f1c8a8f05bf,fgs,yes,Ryan McDonagh,,fanduel,8000,,oddsapi
2026-10-05T21:00:06Z,2026-10-05,PHI @ TBL,d400aaff4870fbb91e584f1c8a8f05bf,fgs,yes,Erik Cernak,,fanduel,8000,,oddsapi
2026-10-05T21:00:06Z,2026-10-05,PHI @ TBL,d400aaff4870fbb91e584f1c8a8f05bf,fgs,yes,Maxwell Crozier,,fanduel,8000,,oddsapi
2026-10-05T21:00:06Z,2026-10-05,PHI @ TBL,d400aaff4870fbb91e584f1c8a8f05bf,fgs,yes,Nick Seeler,,fanduel,12500,,oddsapi
2026-10-05T21:00:06Z,2026-10-05,PHI @ TBL,d400aaff4870fbb91e584f1c8a8f05bf,sk_g,over,Nikita Kucherov,0.5,fanduel,150,-210,oddsapi
2026-10-05T21:00:06Z,2026-10-05,PHI @ TBL,d400aaff4870fbb91e584f1c8a8f05bf,sk_g,under,Nikita Kucherov,0.5,fanduel,-210,150,oddsapi
2026-10-05T21:00:06Z,2026-10-05,PHI @ TBL,d400aaff4870fbb91e584f1c8a8f05bf,sk_g,over,Brandon Hagel,0.5,fanduel,165,-230,oddsapi
2026-10-05T21:00:06Z,2026-10-05,PHI @ TBL,d400aaff4870fbb91e584f1c8a8f05bf,sk_g,under,Brandon Hagel,0.5,fanduel,-230,165,oddsapi
2026-10-05T21:00:06Z,2026-10-05,PHI @ TBL,d400aaff4870fbb91e584f1c8a8f05bf,sk_g,over,Matvei Michkov,0.5,fanduel,290,-440,oddsapi
2026-10-05T21:00:06Z,2026-10-05,PHI @ TBL,d400aaff4870fbb91e584f1c8a8f05bf,sk_g,under,Matvei Michkov,0.5,fanduel,-440,290,oddsapi
2026-10-05T21:00:06Z,2026-10-05,PHI @ TBL,d400aaff4870fbb91e584f1c8a8f05bf,sk_g,over,Brayden Point,0.5,fanduel,180,-250,oddsapi
2026-10-05T21:00:06Z,2026-10-05,PHI @ TBL,d400aaff4870fbb91e584f1c8a8f05bf,sk_g,under,Brayden Point,0.5,fanduel,-250,180,oddsapi
2026-10-05T21:00:06Z,2026-10-05,PHI @ TBL,d400aaff4870fbb91e584f1c8a8f05bf,sk_g,over,Jake Guentzel,0.5,fanduel,165,-230,oddsapi
2026-10-05T21:00:06Z,2026-10-05,PHI @ TBL,d400aaff4870fbb91e584f1c8a8f05bf,sk_g,under,Jake Guentzel,0.5,fanduel,-230,165,oddsapi
2026-10-05T21:00:06Z,2026-10-05,PHI @ TBL,d400aaff4870fbb91e584f1c8a8f05bf,sk_g,over,Tyson Foerster,0.5,fanduel,310,-470,oddsapi
2026-10-05T21:00:06Z,2026-10-05,PHI @ TBL,d400aaff4870fbb91e584f1c8a8f05bf,sk_g,under,Tyson Foerster,0.5,fanduel,-470,310,oddsapi
2026-10-05T21:00:06Z,2026-10-05,PHI @ TBL,d400aaff4870fbb91e584f1c8a8f05bf,sk_g,over,Travis Konecny,0.5,fanduel,300,-450,oddsapi
2026-10-05T21:00:06Z,2026-10-05,PHI @ TBL,d400aaff4870fbb91e584f1c8a8f05bf,sk_g,under,Travis Konecny,0.5,fanduel,-450,300,oddsapi
2026-10-05T21:00:06Z,2026-10-05,PHI @ TBL,d400aaff4870fbb91e584f1c8a8f05bf,sk_g,over,Trevor Zegras,0.5,fanduel,320,-490,oddsapi
2026-10-05T21:00:06Z,2026-10-05,PHI @ TBL,d400aaff4870fbb91e584f1c8a8f05bf,sk_g,under,Trevor Zegras,0.5,fanduel,-490,320,oddsapi
2026-10-05T21:00:06Z,2026-10-05,PHI @ TBL,d400aaff4870fbb91e584f1c8a8f05bf,sk_g,over,Owen Tippett,0.5,fanduel,310,-470,oddsapi
2026-10-05T21:00:06Z,2026-10-05,PHI @ TBL,d400aaff4870fbb91e584f1c8a8f05bf,sk_g,under,Owen Tippett,0.5,fanduel,-470,310,oddsapi
2026-10-05T21:00:06Z,2026-10-05,PHI @ TBL,d400aaff4870fbb91e584f1c8a8f05bf,sk_sog,over,Owen Tippett,2.5,fanduel,132,-174,oddsapi
2026-10-05T21:00:06Z,2026-10-05,PHI @ TBL,d400aaff4870fbb91e584f1c8a8f05bf,sk_sog,under,Owen Tippett,2.5,fanduel,-174,132,oddsapi
2026-10-05T21:00:06Z,2026-10-05,PHI @ TBL,d400aaff4870fbb91e584f1c8a8f05bf,sk_sog,over,Tyson Foerster,1.5,fanduel,-140,108,oddsapi
2026-10-05T21:00:06Z,2026-10-05,PHI @ TBL,d400aaff4870fbb91e584f1c8a8f05bf,sk_sog,under,Tyson Foerster,1.5,fanduel,108,-140,oddsapi
2026-10-05T21:00:06Z,2026-10-05,PHI @ TBL,d400aaff4870fbb91e584f1c8a8f05bf,sk_sog,over,Travis Konecny,1.5,fanduel,-140,108,oddsapi
2026-10-05T21:00:06Z,2026-10-05,PHI @ TBL,d400aaff4870fbb91e584f1c8a8f05bf,sk_sog,under,Travis Konecny,1.5,fanduel,108,-140,oddsapi
2026-10-05T21:00:06Z,2026-10-05,PHI @ TBL,d400aaff4870fbb91e584f1c8a8f05bf,sk_sog,over,Brayden Point,2.5,fanduel,125,-164,oddsapi
2026-10-05T21:00:06Z,2026-10-05,PHI @ TBL,d400aaff4870fbb91e584f1c8a8f05bf,sk_sog,under,Brayden Point,2.5,fanduel,-164,125,oddsapi
2026-10-05T21:00:06Z,2026-10-05,PHI @ TBL,d400aaff4870fbb91e584f1c8a8f05bf,sk_sog,over,Matvei Michkov,1.5,fanduel,-154,120,oddsapi
2026-10-05T21:00:06Z,2026-10-05,PHI @ TBL,d400aaff4870fbb91e584f1c8a8f05bf,sk_sog,under,Matvei Michkov,1.5,fanduel,120,-154,oddsapi
2026-10-05T21:00:06Z,2026-10-05,PHI @ TBL,d400aaff4870fbb91e584f1c8a8f05bf,sk_sog,over,Brandon Hagel,2.5,fanduel,-160,122,oddsapi
2026-10-05T21:00:06Z,2026-10-05,PHI @ TBL,d400aaff4870fbb91e584f1c8a8f05bf,sk_sog,under,Brandon Hagel,2.5,fanduel,122,-160,oddsapi
2026-10-05T21:00:06Z,2026-10-05,PHI @ TBL,d400aaff4870fbb91e584f1c8a8f05bf,sk_sog,over,John Carlson,2.5,fanduel,130,-170,oddsapi
2026-10-05T21:00:06Z,2026-10-05,PHI @ TBL,d400aaff4870fbb91e584f1c8a8f05bf,sk_sog,under,John Carlson,2.5,fanduel,-170,130,oddsapi
2026-10-05T21:00:06Z,2026-10-05,PHI @ TBL,d400aaff4870fbb91e584f1c8a8f05bf,sk_sog,over,Nikita Kucherov,2.5,fanduel,-176,134,oddsapi
2026-10-05T21:00:06Z,2026-10-05,PHI @ TBL,d400aaff4870fbb91e584f1c8a8f05bf,sk_sog,under,Nikita Kucherov,2.5,fanduel,134,-176,oddsapi
2026-10-05T21:00:06Z,2026-10-05,PHI @ TBL,d400aaff4870fbb91e584f1c8a8f05bf,sk_sog,over,Jake Guentzel,2.5,fanduel,-114,-114,oddsapi
2026-10-05T21:00:06Z,2026-10-05,PHI @ TBL,d400aaff4870fbb91e584f1c8a8f05bf,sk_sog,under,Jake Guentzel,2.5,fanduel,-114,-114,oddsapi
2026-10-05T21:00:06Z,2026-10-05,PHI @ TBL,d400aaff4870fbb91e584f1c8a8f05bf,g_saves,over,Andrei Vasilevskiy,21.5,fanduel,100,-132,oddsapi
2026-10-05T21:00:06Z,2026-10-05,PHI @ TBL,d400aaff4870fbb91e584f1c8a8f05bf,g_saves,under,Andrei Vasilevskiy,21.5,fanduel,-132,100,oddsapi
2026-10-05T21:00:06Z,2026-10-05,PHI @ TBL,d400aaff4870fbb91e584f1c8a8f05bf,g_saves,over,Dan Vladar,26.5,fanduel,-112,-118,oddsapi
2026-10-05T21:00:06Z,2026-10-05,PHI @ TBL,d400aaff4870fbb91e584f1c8a8f05bf,g_saves,under,Dan Vladar,26.5,fanduel,-118,-112,oddsapi
2026-10-05T21:00:06Z,2026-10-05,PHI @ TBL,d400aaff4870fbb91e584f1c8a8f05bf,p1_pl,PHI,,0.5,fanduel,-168,132,oddsapi
2026-10-05T21:00:06Z,2026-10-05,PHI @ TBL,d400aaff4870fbb91e584f1c8a8f05bf,p1_pl,TBL,,-0.5,fanduel,132,-168,oddsapi
2026-10-05T21:00:06Z,2026-10-05,PHI @ TBL,d400aaff4870fbb91e584f1c8a8f05bf,p2_pl,PHI,,0.5,fanduel,-150,118,oddsapi
2026-10-05T21:00:06Z,2026-10-05,PHI @ TBL,d400aaff4870fbb91e584f1c8a8f05bf,p2_pl,TBL,,-0.5,fanduel,118,-150,oddsapi
2026-10-05T21:00:06Z,2026-10-05,PHI @ TBL,d400aaff4870fbb91e584f1c8a8f05bf,p3_pl,PHI,,0.5,fanduel,-134,106,oddsapi
2026-10-05T21:00:06Z,2026-10-05,PHI @ TBL,d400aaff4870fbb91e584f1c8a8f05bf,p3_pl,TBL,,-0.5,fanduel,106,-134,oddsapi
2026-10-05T21:00:06Z,2026-10-05,PHI @ TBL,d400aaff4870fbb91e584f1c8a8f05bf,team_total,over,PHI,1.5,fanduel,-280,210,oddsapi
2026-10-05T21:00:06Z,2026-10-05,PHI @ TBL,d400aaff4870fbb91e584f1c8a8f05bf,team_total,under,PHI,1.5,fanduel,210,-280,oddsapi
2026-10-05T21:00:06Z,2026-10-05,PHI @ TBL,d400aaff4870fbb91e584f1c8a8f05bf,team_total,over,TBL,3.5,fanduel,-108,-118,oddsapi
2026-10-05T21:00:06Z,2026-10-05,PHI @ TBL,d400aaff4870fbb91e584f1c8a8f05bf,team_total,under,TBL,3.5,fanduel,-118,-108,oddsapi
2026-10-05T21:00:06Z,2026-10-05,PHI @ TBL,d400aaff4870fbb91e584f1c8a8f05bf,p1_team_total,over,PHI,0.5,fanduel,-118,-108,oddsapi
2026-10-05T21:00:06Z,2026-10-05,PHI @ TBL,d400aaff4870fbb91e584f1c8a8f05bf,p1_team_total,under,PHI,0.5,fanduel,-108,-118,oddsapi
2026-10-05T21:00:06Z,2026-10-05,PHI @ TBL,d400aaff4870fbb91e584f1c8a8f05bf,p1_team_total,over,TBL,0.5,fanduel,-200,152,oddsapi
2026-10-05T21:00:06Z,2026-10-05,PHI @ TBL,d400aaff4870fbb91e584f1c8a8f05bf,p1_team_total,under,TBL,0.5,fanduel,152,-200,oddsapi
2026-10-05T21:00:06Z,2026-10-05,PHI @ TBL,d400aaff4870fbb91e584f1c8a8f05bf,p1_total,over,,1.5,fanduel,-118,-108,oddsapi
2026-10-05T21:00:06Z,2026-10-05,PHI @ TBL,d400aaff4870fbb91e584f1c8a8f05bf,p1_total,under,,1.5,fanduel,-108,-118,oddsapi
2026-10-05T21:00:06Z,2026-10-05,PHI @ TBL,d400aaff4870fbb91e584f1c8a8f05bf,p2_total,over,,1.5,fanduel,-166,130,oddsapi
2026-10-05T21:00:06Z,2026-10-05,PHI @ TBL,d400aaff4870fbb91e584f1c8a8f05bf,p2_total,under,,1.5,fanduel,130,-166,oddsapi
2026-10-05T21:00:06Z,2026-10-05,PHI @ TBL,d400aaff4870fbb91e584f1c8a8f05bf,p3_total,over,,1.5,fanduel,-205,158,oddsapi
2026-10-05T21:00:06Z,2026-10-05,PHI @ TBL,d400aaff4870fbb91e584f1c8a8f05bf,p3_total,under,,1.5,fanduel,158,-205,oddsapi
2026-10-05T21:00:06Z,2026-10-05,PHI @ TBL,d400aaff4870fbb91e584f1c8a8f05bf,team_total_alt,over,PHI,2.5,betrivers,105,-143,oddsapi
2026-10-05T21:00:06Z,2026-10-05,PHI @ TBL,d400aaff4870fbb91e584f1c8a8f05bf,team_total_alt,under,PHI,2.5,betrivers,-143,105,oddsapi
2026-10-05T21:00:06Z,2026-10-05,PHI @ TBL,d400aaff4870fbb91e584f1c8a8f05bf,team_total_alt,over,PHI,3.5,betrivers,265,-400,oddsapi
2026-10-05T21:00:06Z,2026-10-05,PHI @ TBL,d400aaff4870fbb91e584f1c8a8f05bf,team_total_alt,under,PHI,3.5,betrivers,-400,265,oddsapi
2026-10-05T21:00:06Z,2026-10-05,PHI @ TBL,d400aaff4870fbb91e584f1c8a8f05bf,team_total_alt,over,PHI,1.5,betrivers,-286,200,oddsapi
2026-10-05T21:00:06Z,2026-10-05,PHI @ TBL,d400aaff4870fbb91e584f1c8a8f05bf,team_total_alt,under,PHI,1.5,betrivers,200,-286,oddsapi
2026-10-05T21:00:06Z,2026-10-05,PHI @ TBL,d400aaff4870fbb91e584f1c8a8f05bf,team_total_alt,over,TBL,2.5,betrivers,-286,195,oddsapi
2026-10-05T21:00:06Z,2026-10-05,PHI @ TBL,d400aaff4870fbb91e584f1c8a8f05bf,team_total_alt,under,TBL,2.5,betrivers,195,-286,oddsapi
2026-10-05T21:00:06Z,2026-10-05,PHI @ TBL,d400aaff4870fbb91e584f1c8a8f05bf,team_total_alt,over,TBL,5.5,betrivers,475,-910,oddsapi
2026-10-05T21:00:06Z,2026-10-05,PHI @ TBL,d400aaff4870fbb91e584f1c8a8f05bf,team_total_alt,under,TBL,5.5,betrivers,-910,475,oddsapi
2026-10-05T21:00:06Z,2026-10-05,PHI @ TBL,d400aaff4870fbb91e584f1c8a8f05bf,team_total_alt,over,TBL,3.5,betrivers,-109,-125,oddsapi
2026-10-05T21:00:06Z,2026-10-05,PHI @ TBL,d400aaff4870fbb91e584f1c8a8f05bf,team_total_alt,under,TBL,3.5,betrivers,-125,-109,oddsapi
2026-10-05T21:00:06Z,2026-10-05,PHI @ TBL,d400aaff4870fbb91e584f1c8a8f05bf,team_total_alt,over,TBL,4.5,betrivers,220,-315,oddsapi
2026-10-05T21:00:06Z,2026-10-05,PHI @ TBL,d400aaff4870fbb91e584f1c8a8f05bf,team_total_alt,under,TBL,4.5,betrivers,-315,220,oddsapi
2026-10-05T21:00:06Z,2026-10-05,PHI @ TBL,d400aaff4870fbb91e584f1c8a8f05bf,game_ml3,PHI,,,betrivers,310,,oddsapi
2026-10-05T21:00:06Z,2026-10-05,PHI @ TBL,d400aaff4870fbb91e584f1c8a8f05bf,game_ml3,TBL,,,betrivers,-137,,oddsapi
2026-10-05T21:00:06Z,2026-10-05,PHI @ TBL,d400aaff4870fbb91e584f1c8a8f05bf,game_ml3,draw,,,betrivers,330,,oddsapi
2026-10-05T21:00:06Z,2026-10-05,PHI @ TBL,d400aaff4870fbb91e584f1c8a8f05bf,p1_ml3,PHI,,,betrivers,275,,oddsapi
2026-10-05T21:00:06Z,2026-10-05,PHI @ TBL,d400aaff4870fbb91e584f1c8a8f05bf,p1_ml3,TBL,,,betrivers,118,,oddsapi
2026-10-05T21:00:06Z,2026-10-05,PHI @ TBL,d400aaff4870fbb91e584f1c8a8f05bf,p1_ml3,draw,,,betrivers,185,,oddsapi
2026-10-05T21:00:06Z,2026-10-05,PHI @ TBL,d400aaff4870fbb91e584f1c8a8f05bf,p2_ml3,PHI,,,betrivers,255,,oddsapi
2026-10-05T21:00:06Z,2026-10-05,PHI @ TBL,d400aaff4870fbb91e584f1c8a8f05bf,p2_ml3,TBL,,,betrivers,116,,oddsapi
2026-10-05T21:00:06Z,2026-10-05,PHI @ TBL,d400aaff4870fbb91e584f1c8a8f05bf,p2_ml3,draw,,,betrivers,205,,oddsapi
2026-10-05T21:00:06Z,2026-10-05,PHI @ TBL,d400aaff4870fbb91e584f1c8a8f05bf,p3_ml3,PHI,,,betrivers,245,,oddsapi
2026-10-05T21:00:06Z,2026-10-05,PHI @ TBL,d400aaff4870fbb91e584f1c8a8f05bf,p3_ml3,TBL,,,betrivers,110,,oddsapi
2026-10-05T21:00:06Z,2026-10-05,PHI @ TBL,d400aaff4870fbb91e584f1c8a8f05bf,p3_ml3,draw,,,betrivers,220,,oddsapi
2026-10-05T21:00:06Z,2026-10-05,PHI @ TBL,d400aaff4870fbb91e584f1c8a8f05bf,ags,yes,Nick Seeler,,betrivers,1100,,oddsapi
2026-10-05T21:00:06Z,2026-10-05,PHI @ TBL,d400aaff4870fbb91e584f1c8a8f05bf,ags,yes,John Carlson,,betrivers,460,,oddsapi
2026-10-05T21:00:06Z,2026-10-05,PHI @ TBL,d400aaff4870fbb91e584f1c8a8f05bf,ags,yes,Cam York,,betrivers,900,,oddsapi
2026-10-05T21:00:06Z,2026-10-05,PHI @ TBL,d400aaff4870fbb91e584f1c8a8f05bf,ags,yes,Noah Cates,,betrivers,575,,oddsapi
2026-10-05T21:00:06Z,2026-10-05,PHI @ TBL,d400aaff4870fbb91e584f1c8a8f05bf,ags,yes,Jamie Drysdale,,betrivers,700,,oddsapi
2026-10-05T21:00:06Z,2026-10-05,PHI @ TBL,d400aaff4870fbb91e584f1c8a8f05bf,ags,yes,Nikita Kucherov,,betrivers,135,,oddsapi
2026-10-05T21:00:06Z,2026-10-05,PHI @ TBL,d400aaff4870fbb91e584f1c8a8f05bf,ags,yes,Christian Dvorak,,betrivers,575,,oddsapi
2026-10-05T21:00:06Z,2026-10-05,PHI @ TBL,d400aaff4870fbb91e584f1c8a8f05bf,ags,yes,David Jiricek,,betrivers,850,,oddsapi
2026-10-05T21:00:06Z,2026-10-05,PHI @ TBL,d400aaff4870fbb91e584f1c8a8f05bf,ags,yes,Ryan McDonagh,,betrivers,850,,oddsapi
2026-10-05T21:00:06Z,2026-10-05,PHI @ TBL,d400aaff4870fbb91e584f1c8a8f05bf,ags,yes,Travis Sanheim,,betrivers,950,,oddsapi
2026-10-05T21:00:06Z,2026-10-05,PHI @ TBL,d400aaff4870fbb91e584f1c8a8f05bf,ags,yes,Porter Martone,,betrivers,310,,oddsapi
2026-10-05T21:00:06Z,2026-10-05,PHI @ TBL,d400aaff4870fbb91e584f1c8a8f05bf,ags,yes,Pontus Holmberg,,betrivers,480,,oddsapi
2026-10-05T21:00:06Z,2026-10-05,PHI @ TBL,d400aaff4870fbb91e584f1c8a8f05bf,ags,yes,J.J. Moser,,betrivers,800,,oddsapi
2026-10-05T21:00:06Z,2026-10-05,PHI @ TBL,d400aaff4870fbb91e584f1c8a8f05bf,ags,yes,Zemgus Girgensons,,betrivers,650,,oddsapi
2026-10-05T21:00:06Z,2026-10-05,PHI @ TBL,d400aaff4870fbb91e584f1c8a8f05bf,ags,yes,Sean Couturier,,betrivers,600,,oddsapi
2026-10-05T21:00:06Z,2026-10-05,PHI @ TBL,d400aaff4870fbb91e584f1c8a8f05bf,ags,yes,Gage Goncalves,,betrivers,340,,oddsapi
2026-10-05T21:00:06Z,2026-10-05,PHI @ TBL,d400aaff4870fbb91e584f1c8a8f05bf,ags,yes,Brayden Point,,betrivers,165,,oddsapi
2026-10-05T21:00:06Z,2026-10-05,PHI @ TBL,d400aaff4870fbb91e584f1c8a8f05bf,ags,yes,Matvei Michkov,,betrivers,340,,oddsapi
2026-10-05T21:00:06Z,2026-10-05,PHI @ TBL,d400aaff4870fbb91e584f1c8a8f05bf,ags,yes,Carl Grundstrom,,betrivers,600,,oddsapi
2026-10-05T21:00:06Z,2026-10-05,PHI @ TBL,d400aaff4870fbb91e584f1c8a8f05bf,ags,yes,Owen Tippett,,betrivers,330,,oddsapi
2026-10-05T21:00:06Z,2026-10-05,PHI @ TBL,d400aaff4870fbb91e584f1c8a8f05bf,ags,yes,Charle-Edouard D'Astous,,betrivers,650,,oddsapi
2026-10-05T21:00:06Z,2026-10-05,PHI @ TBL,d400aaff4870fbb91e584f1c8a8f05bf,ags,yes,Anthony Cirelli,,betrivers,285,,oddsapi
2026-10-05T21:00:06Z,2026-10-05,PHI @ TBL,d400aaff4870fbb91e584f1c8a8f05bf,ags,yes,Erik Cernak,,betrivers,950,,oddsapi
2026-10-05T21:00:06Z,2026-10-05,PHI @ TBL,d400aaff4870fbb91e584f1c8a8f05bf,ags,yes,Noel Acciari,,betrivers,650,,oddsapi
2026-10-05T21:00:06Z,2026-10-05,PHI @ TBL,d400aaff4870fbb91e584f1c8a8f05bf,ags,yes,Ilya Mikheyev,,betrivers,460,,oddsapi
2026-10-05T21:00:06Z,2026-10-05,PHI @ TBL,d400aaff4870fbb91e584f1c8a8f05bf,ags,yes,Jake Guentzel,,betrivers,163,,oddsapi
2026-10-05T21:00:06Z,2026-10-05,PHI @ TBL,d400aaff4870fbb91e584f1c8a8f05bf,ags,yes,Brandon Hagel,,betrivers,150,,oddsapi
2026-10-05T21:00:06Z,2026-10-05,PHI @ TBL,d400aaff4870fbb91e584f1c8a8f05bf,ags,yes,Travis Konecny,,betrivers,295,,oddsapi
2026-10-05T21:00:06Z,2026-10-05,PHI @ TBL,d400aaff4870fbb91e584f1c8a8f05bf,ags,yes,Alex Bump,,betrivers,575,,oddsapi
2026-10-05T21:00:06Z,2026-10-05,PHI @ TBL,d400aaff4870fbb91e584f1c8a8f05bf,ags,yes,Jeffrey Viel,,betrivers,700,,oddsapi
2026-10-05T21:00:06Z,2026-10-05,PHI @ TBL,d400aaff4870fbb91e584f1c8a8f05bf,ags,yes,Conor Geekie,,betrivers,450,,oddsapi
2026-10-05T21:00:06Z,2026-10-05,PHI @ TBL,d400aaff4870fbb91e584f1c8a8f05bf,ags,yes,Victor Hedman,,betrivers,650,,oddsapi
2026-10-05T21:00:06Z,2026-10-05,PHI @ TBL,d400aaff4870fbb91e584f1c8a8f05bf,ags,yes,Tyson Foerster,,betrivers,310,,oddsapi
2026-10-05T21:00:06Z,2026-10-05,PHI @ TBL,d400aaff4870fbb91e584f1c8a8f05bf,ags,yes,Trevor Zegras,,betrivers,380,,oddsapi
2026-10-05T21:00:06Z,2026-10-05,PHI @ TBL,d400aaff4870fbb91e584f1c8a8f05bf,fgs,yes,Charle-Edouard D'Astous,,betrivers,2500,,oddsapi
2026-10-05T21:00:06Z,2026-10-05,PHI @ TBL,d400aaff4870fbb91e584f1c8a8f05bf,fgs,yes,Erik Cernak,,betrivers,4000,,oddsapi
2026-10-05T21:00:06Z,2026-10-05,PHI @ TBL,d400aaff4870fbb91e584f1c8a8f05bf,fgs,yes,Cam York,,betrivers,3500,,oddsapi
2026-10-05T21:00:06Z,2026-10-05,PHI @ TBL,d400aaff4870fbb91e584f1c8a8f05bf,fgs,yes,Conor Geekie,,betrivers,1800,,oddsapi
2026-10-05T21:00:06Z,2026-10-05,PHI @ TBL,d400aaff4870fbb91e584f1c8a8f05bf,fgs,yes,Victor Hedman,,betrivers,2800,,oddsapi
2026-10-05T21:00:06Z,2026-10-05,PHI @ TBL,d400aaff4870fbb91e584f1c8a8f05bf,fgs,yes,Jeffrey Viel,,betrivers,2800,,oddsapi
2026-10-05T21:00:06Z,2026-10-05,PHI @ TBL,d400aaff4870fbb91e584f1c8a8f05bf,fgs,yes,Ilya Mikheyev,,betrivers,1800,,oddsapi
2026-10-05T21:00:06Z,2026-10-05,PHI @ TBL,d400aaff4870fbb91e584f1c8a8f05bf,fgs,yes,Brayden Point,,betrivers,700,,oddsapi
2026-10-05T21:00:06Z,2026-10-05,PHI @ TBL,d400aaff4870fbb91e584f1c8a8f05bf,fgs,yes,Anthony Cirelli,,betrivers,1100,,oddsapi
2026-10-05T21:00:06Z,2026-10-05,PHI @ TBL,d400aaff4870fbb91e584f1c8a8f05bf,fgs,yes,Travis Sanheim,,betrivers,4000,,oddsapi
2026-10-05T21:00:06Z,2026-10-05,PHI @ TBL,d400aaff4870fbb91e584f1c8a8f05bf,fgs,yes,Sean Couturier,,betrivers,2400,,oddsapi
2026-10-05T21:00:06Z,2026-10-05,PHI @ TBL,d400aaff4870fbb91e584f1c8a8f05bf,fgs,yes,Trevor Zegras,,betrivers,1600,,oddsapi
2026-10-05T21:00:06Z,2026-10-05,PHI @ TBL,d400aaff4870fbb91e584f1c8a8f05bf,fgs,yes,Christian Dvorak,,betrivers,2200,,oddsapi
2026-10-05T21:00:06Z,2026-10-05,PHI @ TBL,d400aaff4870fbb91e584f1c8a8f05bf,fgs,yes,Carl Grundstrom,,betrivers,2400,,oddsapi
2026-10-05T21:00:06Z,2026-10-05,PHI @ TBL,d400aaff4870fbb91e584f1c8a8f05bf,fgs,yes,Zemgus Girgensons,,betrivers,2800,,oddsapi
2026-10-05T21:00:06Z,2026-10-05,PHI @ TBL,d400aaff4870fbb91e584f1c8a8f05bf,fgs,yes,Matvei Michkov,,betrivers,1400,,oddsapi
2026-10-05T21:00:06Z,2026-10-05,PHI @ TBL,d400aaff4870fbb91e584f1c8a8f05bf,fgs,yes,J.J. Moser,,betrivers,3300,,oddsapi
2026-10-05T21:00:06Z,2026-10-05,PHI @ TBL,d400aaff4870fbb91e584f1c8a8f05bf,fgs,yes,Jake Guentzel,,betrivers,700,,oddsapi
2026-10-05T21:00:06Z,2026-10-05,PHI @ TBL,d400aaff4870fbb91e584f1c8a8f05bf,fgs,yes,Noah Cates,,betrivers,2200,,oddsapi
2026-10-05T21:00:06Z,2026-10-05,PHI @ TBL,d400aaff4870fbb91e584f1c8a8f05bf,fgs,yes,Travis Konecny,,betrivers,1200,,oddsapi
2026-10-05T21:00:06Z,2026-10-05,PHI @ TBL,d400aaff4870fbb91e584f1c8a8f05bf,fgs,yes,David Jiricek,,betrivers,4000,,oddsapi
2026-10-05T21:00:06Z,2026-10-05,PHI @ TBL,d400aaff4870fbb91e584f1c8a8f05bf,fgs,yes,Gage Goncalves,,betrivers,1300,,oddsapi
2026-10-05T21:00:06Z,2026-10-05,PHI @ TBL,d400aaff4870fbb91e584f1c8a8f05bf,fgs,yes,Tyson Foerster,,betrivers,1300,,oddsapi
2026-10-05T21:00:06Z,2026-10-05,PHI @ TBL,d400aaff4870fbb91e584f1c8a8f05bf,fgs,yes,Nick Seeler,,betrivers,5000,,oddsapi
2026-10-05T21:00:06Z,2026-10-05,PHI @ TBL,d400aaff4870fbb91e584f1c8a8f05bf,fgs,yes,Owen Tippett,,betrivers,1300,,oddsapi
2026-10-05T21:00:06Z,2026-10-05,PHI @ TBL,d400aaff4870fbb91e584f1c8a8f05bf,fgs,yes,Jamie Drysdale,,betrivers,3300,,oddsapi
2026-10-05T21:00:06Z,2026-10-05,PHI @ TBL,d400aaff4870fbb91e584f1c8a8f05bf,fgs,yes,Noel Acciari,,betrivers,2800,,oddsapi
2026-10-05T21:00:06Z,2026-10-05,PHI @ TBL,d400aaff4870fbb91e584f1c8a8f05bf,fgs,yes,Nikita Kucherov,,betrivers,600,,oddsapi
2026-10-05T21:00:06Z,2026-10-05,PHI @ TBL,d400aaff4870fbb91e584f1c8a8f05bf,fgs,yes,John Carlson,,betrivers,1700,,oddsapi
2026-10-05T21:00:06Z,2026-10-05,PHI @ TBL,d400aaff4870fbb91e584f1c8a8f05bf,fgs,yes,Pontus Holmberg,,betrivers,1800,,oddsapi
2026-10-05T21:00:06Z,2026-10-05,PHI @ TBL,d400aaff4870fbb91e584f1c8a8f05bf,fgs,yes,Brandon Hagel,,betrivers,650,,oddsapi
2026-10-05T21:00:06Z,2026-10-05,PHI @ TBL,d400aaff4870fbb91e584f1c8a8f05bf,fgs,yes,Alex Bump,,betrivers,2200,,oddsapi
2026-10-05T21:00:06Z,2026-10-05,PHI @ TBL,d400aaff4870fbb91e584f1c8a8f05bf,fgs,yes,Ryan McDonagh,,betrivers,3300,,oddsapi
2026-10-05T21:00:06Z,2026-10-05,PHI @ TBL,d400aaff4870fbb91e584f1c8a8f05bf,fgs,yes,Porter Martone,,betrivers,1200,,oddsapi
2026-10-05T21:00:06Z,2026-10-05,PHI @ TBL,d400aaff4870fbb91e584f1c8a8f05bf,sk_g,over,Nikita Kucherov,2.5,betrivers,3400,,oddsapi
2026-10-05T21:00:06Z,2026-10-05,PHI @ TBL,d400aaff4870fbb91e584f1c8a8f05bf,sk_g,over,Owen Tippett,1.5,betrivers,2500,,oddsapi
2026-10-05T21:00:06Z,2026-10-05,PHI @ TBL,d400aaff4870fbb91e584f1c8a8f05bf,sk_g,over,Travis Konecny,1.5,betrivers,2000,,oddsapi
2026-10-05T21:00:06Z,2026-10-05,PHI @ TBL,d400aaff4870fbb91e584f1c8a8f05bf,sk_g,over,Ilya Mikheyev,1.5,betrivers,4500,,oddsapi
2026-10-05T21:00:06Z,2026-10-05,PHI @ TBL,d400aaff4870fbb91e584f1c8a8f05bf,sk_g,over,Anthony Cirelli,1.5,betrivers,1900,,oddsapi
2026-10-05T21:00:06Z,2026-10-05,PHI @ TBL,d400aaff4870fbb91e584f1c8a8f05bf,sk_g,over,David Jiricek,1.5,betrivers,16000,,oddsapi
2026-10-05T21:00:06Z,2026-10-05,PHI @ TBL,d400aaff4870fbb91e584f1c8a8f05bf,sk_g,over,Conor Geekie,1.5,betrivers,4500,,oddsapi
2026-10-05T21:00:06Z,2026-10-05,PHI @ TBL,d400aaff4870fbb91e584f1c8a8f05bf,sk_g,over,Jeffrey Viel,1.5,betrivers,10000,,oddsapi
2026-10-05T21:00:06Z,2026-10-05,PHI @ TBL,d400aaff4870fbb91e584f1c8a8f05bf,sk_g,over,Nikita Kucherov,1.5,betrivers,650,,oddsapi
2026-10-05T21:00:06Z,2026-10-05,PHI @ TBL,d400aaff4870fbb91e584f1c8a8f05bf,sk_g,over,Cam York,1.5,betrivers,18000,,oddsapi
2026-10-05T21:00:06Z,2026-10-05,PHI @ TBL,d400aaff4870fbb91e584f1c8a8f05bf,sk_g,over,Charle-Edouard D'Astous,1.5,betrivers,8000,,oddsapi
2026-10-05T21:00:06Z,2026-10-05,PHI @ TBL,d400aaff4870fbb91e584f1c8a8f05bf,sk_g,over,Ryan McDonagh,1.5,betrivers,14000,,oddsapi
2026-10-05T21:00:06Z,2026-10-05,PHI @ TBL,d400aaff4870fbb91e584f1c8a8f05bf,sk_g,over,Noah Cates,1.5,betrivers,6600,,oddsapi
2026-10-05T21:00:06Z,2026-10-05,PHI @ TBL,d400aaff4870fbb91e584f1c8a8f05bf,sk_g,over,Porter Martone,1.5,betrivers,2200,,oddsapi
2026-10-05T21:00:06Z,2026-10-05,PHI @ TBL,d400aaff4870fbb91e584f1c8a8f05bf,sk_g,over,Brandon Hagel,1.5,betrivers,750,,oddsapi
2026-10-05T21:00:06Z,2026-10-05,PHI @ TBL,d400aaff4870fbb91e584f1c8a8f05bf,sk_g,over,John Carlson,1.5,betrivers,4500,,oddsapi
2026-10-05T21:00:06Z,2026-10-05,PHI @ TBL,d400aaff4870fbb91e584f1c8a8f05bf,sk_g,over,Anthony Cirelli,2.5,betrivers,13000,,oddsapi
2026-10-05T21:00:06Z,2026-10-05,PHI @ TBL,d400aaff4870fbb91e584f1c8a8f05bf,sk_g,over,J.J. Moser,1.5,betrivers,14000,,oddsapi
2026-10-05T21:00:06Z,2026-10-05,PHI @ TBL,d400aaff4870fbb91e584f1c8a8f05bf,sk_g,over,Zemgus Girgensons,1.5,betrivers,9000,,oddsapi
2026-10-05T21:00:06Z,2026-10-05,PHI @ TBL,d400aaff4870fbb91e584f1c8a8f05bf,sk_g,over,Matvei Michkov,1.5,betrivers,2400,,oddsapi
2026-10-05T21:00:06Z,2026-10-05,PHI @ TBL,d400aaff4870fbb91e584f1c8a8f05bf,sk_g,over,Christian Dvorak,1.5,betrivers,6000,,oddsapi
2026-10-05T21:00:06Z,2026-10-05,PHI @ TBL,d400aaff4870fbb91e584f1c8a8f05bf,sk_g,over,Noel Acciari,1.5,betrivers,8000,,oddsapi
2026-10-05T21:00:06Z,2026-10-05,PHI @ TBL,d400aaff4870fbb91e584f1c8a8f05bf,sk_g,over,Pontus Holmberg,1.5,betrivers,4500,,oddsapi
2026-10-05T21:00:06Z,2026-10-05,PHI @ TBL,d400aaff4870fbb91e584f1c8a8f05bf,sk_g,over,Jake Guentzel,2.5,betrivers,4500,,oddsapi
2026-10-05T21:00:06Z,2026-10-05,PHI @ TBL,d400aaff4870fbb91e584f1c8a8f05bf,sk_g,over,Jake Guentzel,1.5,betrivers,850,,oddsapi
2026-10-05T21:00:06Z,2026-10-05,PHI @ TBL,d400aaff4870fbb91e584f1c8a8f05bf,sk_g,over,Carl Grundstrom,1.5,betrivers,7500,,oddsapi
2026-10-05T21:00:06Z,2026-10-05,PHI @ TBL,d400aaff4870fbb91e584f1c8a8f05bf,sk_g,over,Alex Bump,1.5,betrivers,6600,,oddsapi
2026-10-05T21:00:06Z,2026-10-05,PHI @ TBL,d400aaff4870fbb91e584f1c8a8f05bf,sk_g,over,Brandon Hagel,2.5,betrivers,4500,,oddsapi
2026-10-05T21:00:06Z,2026-10-05,PHI @ TBL,d400aaff4870fbb91e584f1c8a8f05bf,sk_g,over,Tyson Foerster,1.5,betrivers,2200,,oddsapi
2026-10-05T21:00:06Z,2026-10-05,PHI @ TBL,d400aaff4870fbb91e584f1c8a8f05bf,sk_g,over,Gage Goncalves,1.5,betrivers,2400,,oddsapi
2026-10-05T21:00:06Z,2026-10-05,PHI @ TBL,d400aaff4870fbb91e584f1c8a8f05bf,sk_g,over,Sean Couturier,1.5,betrivers,8000,,oddsapi
2026-10-05T21:00:06Z,2026-10-05,PHI @ TBL,d400aaff4870fbb91e584f1c8a8f05bf,sk_g,over,Victor Hedman,1.5,betrivers,9000,,oddsapi
2026-10-05T21:00:06Z,2026-10-05,PHI @ TBL,d400aaff4870fbb91e584f1c8a8f05bf,sk_g,over,Brayden Point,2.5,betrivers,4500,,oddsapi
2026-10-05T21:00:06Z,2026-10-05,PHI @ TBL,d400aaff4870fbb91e584f1c8a8f05bf,sk_g,over,Brayden Point,1.5,betrivers,850,,oddsapi
2026-10-05T21:00:06Z,2026-10-05,PHI @ TBL,d400aaff4870fbb91e584f1c8a8f05bf,sk_g,over,Trevor Zegras,1.5,betrivers,3000,,oddsapi
2026-10-05T21:00:06Z,2026-10-05,PHI @ TBL,d400aaff4870fbb91e584f1c8a8f05bf,sk_g,over,Jamie Drysdale,1.5,betrivers,12000,,oddsapi
2026-10-05T21:00:06Z,2026-10-05,PHI @ TBL,d400aaff4870fbb91e584f1c8a8f05bf,p1_total,over,,2.5,betrivers,235,-375,oddsapi
2026-10-05T21:00:06Z,2026-10-05,PHI @ TBL,d400aaff4870fbb91e584f1c8a8f05bf,p1_total,under,,2.5,betrivers,-375,235,oddsapi
2026-10-05T21:00:06Z,2026-10-05,PHI @ TBL,d400aaff4870fbb91e584f1c8a8f05bf,p2_total,over,,2.5,betrivers,175,-265,oddsapi
2026-10-05T21:00:06Z,2026-10-05,PHI @ TBL,d400aaff4870fbb91e584f1c8a8f05bf,p2_total,under,,2.5,betrivers,-265,175,oddsapi
2026-10-05T21:00:06Z,2026-10-05,PHI @ TBL,d400aaff4870fbb91e584f1c8a8f05bf,p3_total,over,,1.5,betrivers,-186,128,oddsapi
2026-10-05T21:00:06Z,2026-10-05,PHI @ TBL,d400aaff4870fbb91e584f1c8a8f05bf,p3_total,under,,1.5,betrivers,128,-186,oddsapi
2026-10-05T21:00:06Z,2026-10-05,PHI @ TBL,d400aaff4870fbb91e584f1c8a8f05bf,game_pl_alt,PHI,,-1.5,bovada,425,-700,oddsapi
2026-10-05T21:00:06Z,2026-10-05,PHI @ TBL,d400aaff4870fbb91e584f1c8a8f05bf,game_pl_alt,PHI,,2.5,bovada,-260,190,oddsapi
2026-10-05T21:00:06Z,2026-10-05,PHI @ TBL,d400aaff4870fbb91e584f1c8a8f05bf,game_pl_alt,TBL,,1.5,bovada,-700,425,oddsapi
2026-10-05T21:00:06Z,2026-10-05,PHI @ TBL,d400aaff4870fbb91e584f1c8a8f05bf,game_pl_alt,TBL,,-2.5,bovada,190,-260,oddsapi
2026-10-05T21:00:06Z,2026-10-05,PHI @ TBL,d400aaff4870fbb91e584f1c8a8f05bf,team_total_alt,over,PHI,2.5,bovada,105,-135,oddsapi
2026-10-05T21:00:06Z,2026-10-05,PHI @ TBL,d400aaff4870fbb91e584f1c8a8f05bf,team_total_alt,under,PHI,2.5,bovada,-135,105,oddsapi
2026-10-05T21:00:06Z,2026-10-05,PHI @ TBL,d400aaff4870fbb91e584f1c8a8f05bf,team_total_alt,over,TBL,3.5,bovada,-105,-125,oddsapi
2026-10-05T21:00:06Z,2026-10-05,PHI @ TBL,d400aaff4870fbb91e584f1c8a8f05bf,team_total_alt,under,TBL,3.5,bovada,-125,-105,oddsapi
2026-10-05T21:00:06Z,2026-10-05,PHI @ TBL,d400aaff4870fbb91e584f1c8a8f05bf,game_total_alt,over,,4.5,bovada,-400,275,oddsapi
2026-10-05T21:00:06Z,2026-10-05,PHI @ TBL,d400aaff4870fbb91e584f1c8a8f05bf,game_total_alt,over,,5,bovada,-285,210,oddsapi
2026-10-05T21:00:06Z,2026-10-05,PHI @ TBL,d400aaff4870fbb91e584f1c8a8f05bf,game_total_alt,over,,5.5,bovada,-130,100,oddsapi
2026-10-05T21:00:06Z,2026-10-05,PHI @ TBL,d400aaff4870fbb91e584f1c8a8f05bf,game_total_alt,over,,6.5,bovada,125,-165,oddsapi
2026-10-05T21:00:06Z,2026-10-05,PHI @ TBL,d400aaff4870fbb91e584f1c8a8f05bf,game_total_alt,over,,7,bovada,210,-285,oddsapi
2026-10-05T21:00:06Z,2026-10-05,PHI @ TBL,d400aaff4870fbb91e584f1c8a8f05bf,game_total_alt,over,,7.5,bovada,275,-400,oddsapi
2026-10-05T21:00:06Z,2026-10-05,PHI @ TBL,d400aaff4870fbb91e584f1c8a8f05bf,game_total_alt,under,,4.5,bovada,275,-400,oddsapi
2026-10-05T21:00:06Z,2026-10-05,PHI @ TBL,d400aaff4870fbb91e584f1c8a8f05bf,game_total_alt,under,,5,bovada,210,-285,oddsapi
2026-10-05T21:00:06Z,2026-10-05,PHI @ TBL,d400aaff4870fbb91e584f1c8a8f05bf,game_total_alt,under,,5.5,bovada,100,-130,oddsapi
2026-10-05T21:00:06Z,2026-10-05,PHI @ TBL,d400aaff4870fbb91e584f1c8a8f05bf,game_total_alt,under,,6.5,bovada,-165,125,oddsapi
2026-10-05T21:00:06Z,2026-10-05,PHI @ TBL,d400aaff4870fbb91e584f1c8a8f05bf,game_total_alt,under,,7,bovada,-285,210,oddsapi
2026-10-05T21:00:06Z,2026-10-05,PHI @ TBL,d400aaff4870fbb91e584f1c8a8f05bf,game_total_alt,under,,7.5,bovada,-400,275,oddsapi
2026-10-05T21:00:06Z,2026-10-05,PHI @ TBL,d400aaff4870fbb91e584f1c8a8f05bf,game_ml3,PHI,,,bovada,265,,oddsapi
2026-10-05T21:00:06Z,2026-10-05,PHI @ TBL,d400aaff4870fbb91e584f1c8a8f05bf,game_ml3,TBL,,,bovada,-136,,oddsapi
2026-10-05T21:00:06Z,2026-10-05,PHI @ TBL,d400aaff4870fbb91e584f1c8a8f05bf,game_ml3,draw,,,bovada,345,,oddsapi
2026-10-05T21:00:06Z,2026-10-05,PHI @ TBL,d400aaff4870fbb91e584f1c8a8f05bf,p1_ml3,PHI,,,bovada,250,,oddsapi
2026-10-05T21:00:06Z,2026-10-05,PHI @ TBL,d400aaff4870fbb91e584f1c8a8f05bf,p1_ml3,TBL,,,bovada,132,,oddsapi
2026-10-05T21:00:06Z,2026-10-05,PHI @ TBL,d400aaff4870fbb91e584f1c8a8f05bf,p1_ml3,draw,,,bovada,173,,oddsapi
2026-10-05T21:00:06Z,2026-10-05,PHI @ TBL,d400aaff4870fbb91e584f1c8a8f05bf,p1_ml,PHI,,,bovada,140,-185,oddsapi
2026-10-05T21:00:06Z,2026-10-05,PHI @ TBL,d400aaff4870fbb91e584f1c8a8f05bf,p1_ml,TBL,,,bovada,-185,140,oddsapi
2026-10-05T21:00:06Z,2026-10-05,PHI @ TBL,d400aaff4870fbb91e584f1c8a8f05bf,p2_ml,PHI,,,bovada,145,-190,oddsapi
2026-10-05T21:00:06Z,2026-10-05,PHI @ TBL,d400aaff4870fbb91e584f1c8a8f05bf,p2_ml,TBL,,,bovada,-190,145,oddsapi
2026-10-05T21:00:06Z,2026-10-05,PHI @ TBL,d400aaff4870fbb91e584f1c8a8f05bf,p3_ml,PHI,,,bovada,150,-200,oddsapi
2026-10-05T21:00:06Z,2026-10-05,PHI @ TBL,d400aaff4870fbb91e584f1c8a8f05bf,p3_ml,TBL,,,bovada,-200,150,oddsapi
2026-10-05T21:00:06Z,2026-10-05,PHI @ TBL,d400aaff4870fbb91e584f1c8a8f05bf,ags,yes,Maxwell Crozier,,bovada,1700,,oddsapi
2026-10-05T21:00:06Z,2026-10-05,PHI @ TBL,d400aaff4870fbb91e584f1c8a8f05bf,ags,yes,J.J. Moser,,bovada,1100,,oddsapi
2026-10-05T21:00:06Z,2026-10-05,PHI @ TBL,d400aaff4870fbb91e584f1c8a8f05bf,ags,yes,Ilya Mikheyev,,bovada,475,,oddsapi
2026-10-05T21:00:06Z,2026-10-05,PHI @ TBL,d400aaff4870fbb91e584f1c8a8f05bf,ags,yes,Noah Cates,,bovada,525,,oddsapi
2026-10-05T21:00:06Z,2026-10-05,PHI @ TBL,d400aaff4870fbb91e584f1c8a8f05bf,ags,yes,Victor Hedman,,bovada,700,,oddsapi
2026-10-05T21:00:06Z,2026-10-05,PHI @ TBL,d400aaff4870fbb91e584f1c8a8f05bf,ags,yes,Pontus Holmberg,,bovada,450,,oddsapi
2026-10-05T21:00:06Z,2026-10-05,PHI @ TBL,d400aaff4870fbb91e584f1c8a8f05bf,ags,yes,Erik Cernak,,bovada,1500,,oddsapi
2026-10-05T21:00:06Z,2026-10-05,PHI @ TBL,d400aaff4870fbb91e584f1c8a8f05bf,ags,yes,Brayden Point,,bovada,170,,oddsapi
2026-10-05T21:00:06Z,2026-10-05,PHI @ TBL,d400aaff4870fbb91e584f1c8a8f05bf,ags,yes,John Carlson,,bovada,460,,oddsapi
2026-10-05T21:00:06Z,2026-10-05,PHI @ TBL,d400aaff4870fbb91e584f1c8a8f05bf,ags,yes,Porter Martone,,bovada,315,,oddsapi
2026-10-05T21:00:06Z,2026-10-05,PHI @ TBL,d400aaff4870fbb91e584f1c8a8f05bf,ags,yes,Gage Goncalves,,bovada,345,,oddsapi
2026-10-05T21:00:06Z,2026-10-05,PHI @ TBL,d400aaff4870fbb91e584f1c8a8f05bf,ags,yes,Nikita Kucherov,,bovada,142,,oddsapi
2026-10-05T21:00:06Z,2026-10-05,PHI @ TBL,d400aaff4870fbb91e584f1c8a8f05bf,ags,yes,Cam York,,bovada,1100,,oddsapi
2026-10-05T21:00:06Z,2026-10-05,PHI @ TBL,d400aaff4870fbb91e584f1c8a8f05bf,ags,yes,Nick Seeler,,bovada,2400,,oddsapi
2026-10-05T21:00:06Z,2026-10-05,PHI @ TBL,d400aaff4870fbb91e584f1c8a8f05bf,ags,yes,Matvei Michkov,,bovada,295,,oddsapi
2026-10-05T21:00:06Z,2026-10-05,PHI @ TBL,d400aaff4870fbb91e584f1c8a8f05bf,ags,yes,Jake Guentzel,,bovada,163,,oddsapi
2026-10-05T21:00:06Z,2026-10-05,PHI @ TBL,d400aaff4870fbb91e584f1c8a8f05bf,ags,yes,David Jiricek,,bovada,1200,,oddsapi
2026-10-05T21:00:06Z,2026-10-05,PHI @ TBL,d400aaff4870fbb91e584f1c8a8f05bf,ags,yes,Carl Grundstrom,,bovada,725,,oddsapi
2026-10-05T21:00:06Z,2026-10-05,PHI @ TBL,d400aaff4870fbb91e584f1c8a8f05bf,ags,yes,Jeffrey Viel,,bovada,700,,oddsapi
2026-10-05T21:00:06Z,2026-10-05,PHI @ TBL,d400aaff4870fbb91e584f1c8a8f05bf,ags,yes,Jansen Harkins,,bovada,775,,oddsapi
2026-10-05T21:00:06Z,2026-10-05,PHI @ TBL,d400aaff4870fbb91e584f1c8a8f05bf,ags,yes,Christian Dvorak,,bovada,460,,oddsapi
2026-10-05T21:00:06Z,2026-10-05,PHI @ TBL,d400aaff4870fbb91e584f1c8a8f05bf,ags,yes,Jamie Drysdale,,bovada,675,,oddsapi
2026-10-05T21:00:06Z,2026-10-05,PHI @ TBL,d400aaff4870fbb91e584f1c8a8f05bf,ags,yes,Anthony Cirelli,,bovada,285,,oddsapi
2026-10-05T21:00:06Z,2026-10-05,PHI @ TBL,d400aaff4870fbb91e584f1c8a8f05bf,ags,yes,Travis Sanheim,,bovada,1000,,oddsapi
2026-10-05T21:00:06Z,2026-10-05,PHI @ TBL,d400aaff4870fbb91e584f1c8a8f05bf,ags,yes,Zemgus Girgensons,,bovada,750,,oddsapi
2026-10-05T21:00:06Z,2026-10-05,PHI @ TBL,d400aaff4870fbb91e584f1c8a8f05bf,ags,yes,Owen Tippett,,bovada,305,,oddsapi
2026-10-05T21:00:06Z,2026-10-05,PHI @ TBL,d400aaff4870fbb91e584f1c8a8f05bf,ags,yes,Sean Couturier,,bovada,650,,oddsapi
2026-10-05T21:00:06Z,2026-10-05,PHI @ TBL,d400aaff4870fbb91e584f1c8a8f05bf,ags,yes,Tyson Foerster,,bovada,295,,oddsapi
2026-10-05T21:00:06Z,2026-10-05,PHI @ TBL,d400aaff4870fbb91e584f1c8a8f05bf,ags,yes,Travis Konecny,,bovada,295,,oddsapi
2026-10-05T21:00:06Z,2026-10-05,PHI @ TBL,d400aaff4870fbb91e584f1c8a8f05bf,ags,yes,Noel Acciari,,bovada,700,,oddsapi
2026-10-05T21:00:06Z,2026-10-05,PHI @ TBL,d400aaff4870fbb91e584f1c8a8f05bf,ags,yes,Trevor Zegras,,bovada,315,,oddsapi
2026-10-05T21:00:06Z,2026-10-05,PHI @ TBL,d400aaff4870fbb91e584f1c8a8f05bf,ags,yes,Brandon Hagel,,bovada,163,,oddsapi
2026-10-05T21:00:06Z,2026-10-05,PHI @ TBL,d400aaff4870fbb91e584f1c8a8f05bf,ags,yes,Ryan McDonagh,,bovada,1500,,oddsapi
2026-10-05T21:00:06Z,2026-10-05,PHI @ TBL,d400aaff4870fbb91e584f1c8a8f05bf,ags,yes,Conor Geekie,,bovada,550,,oddsapi
2026-10-05T21:00:06Z,2026-10-05,PHI @ TBL,d400aaff4870fbb91e584f1c8a8f05bf,ags,yes,Charle-Edouard D'Astous,,bovada,625,,oddsapi
2026-10-05T21:00:06Z,2026-10-05,PHI @ TBL,d400aaff4870fbb91e584f1c8a8f05bf,ags,yes,Alex Bump,,bovada,395,,oddsapi
2026-10-05T21:00:06Z,2026-10-05,PHI @ TBL,d400aaff4870fbb91e584f1c8a8f05bf,ags,yes,Simon Benoit,,bovada,2800,,oddsapi
2026-10-05T21:00:06Z,2026-10-05,PHI @ TBL,d400aaff4870fbb91e584f1c8a8f05bf,fgs,yes,Charle-Edouard D'Astous,,bovada,3500,,oddsapi
2026-10-05T21:00:06Z,2026-10-05,PHI @ TBL,d400aaff4870fbb91e584f1c8a8f05bf,fgs,yes,Maxwell Crozier,,bovada,8000,,oddsapi
2026-10-05T21:00:06Z,2026-10-05,PHI @ TBL,d400aaff4870fbb91e584f1c8a8f05bf,fgs,yes,Conor Geekie,,bovada,3300,,oddsapi
2026-10-05T21:00:06Z,2026-10-05,PHI @ TBL,d400aaff4870fbb91e584f1c8a8f05bf,fgs,yes,Pontus Holmberg,,bovada,3000,,oddsapi
2026-10-05T21:00:06Z,2026-10-05,PHI @ TBL,d400aaff4870fbb91e584f1c8a8f05bf,fgs,yes,John Carlson,,bovada,2500,,oddsapi
2026-10-05T21:00:06Z,2026-10-05,PHI @ TBL,d400aaff4870fbb91e584f1c8a8f05bf,fgs,yes,Travis Konecny,,bovada,1800,,oddsapi
2026-10-05T21:00:06Z,2026-10-05,PHI @ TBL,d400aaff4870fbb91e584f1c8a8f05bf,fgs,yes,J.J. Moser,,bovada,6000,,oddsapi
2026-10-05T21:00:06Z,2026-10-05,PHI @ TBL,d400aaff4870fbb91e584f1c8a8f05bf,fgs,yes,Owen Tippett,,bovada,1800,,oddsapi
2026-10-05T21:00:06Z,2026-10-05,PHI @ TBL,d400aaff4870fbb91e584f1c8a8f05bf,fgs,yes,Jake Guentzel,,bovada,1100,,oddsapi
2026-10-05T21:00:06Z,2026-10-05,PHI @ TBL,d400aaff4870fbb91e584f1c8a8f05bf,fgs,yes,Christian Dvorak,,bovada,2500,,oddsapi
2026-10-05T21:00:06Z,2026-10-05,PHI @ TBL,d400aaff4870fbb91e584f1c8a8f05bf,fgs,yes,Nikita Kucherov,,bovada,1000,,oddsapi
2026-10-05T21:00:06Z,2026-10-05,PHI @ TBL,d400aaff4870fbb91e584f1c8a8f05bf,fgs,yes,Nick Seeler,,bovada,12500,,oddsapi
2026-10-05T21:00:06Z,2026-10-05,PHI @ TBL,d400aaff4870fbb91e584f1c8a8f05bf,fgs,yes,Tyson Foerster,,bovada,1900,,oddsapi
2026-10-05T21:00:06Z,2026-10-05,PHI @ TBL,d400aaff4870fbb91e584f1c8a8f05bf,fgs,yes,Anthony Cirelli,,bovada,1700,,oddsapi
2026-10-05T21:00:06Z,2026-10-05,PHI @ TBL,d400aaff4870fbb91e584f1c8a8f05bf,fgs,yes,Ryan McDonagh,,bovada,8000,,oddsapi
2026-10-05T21:00:06Z,2026-10-05,PHI @ TBL,d400aaff4870fbb91e584f1c8a8f05bf,fgs,yes,Trevor Zegras,,bovada,1900,,oddsapi
2026-10-05T21:00:06Z,2026-10-05,PHI @ TBL,d400aaff4870fbb91e584f1c8a8f05bf,fgs,yes,Zemgus Girgensons,,bovada,3500,,oddsapi
2026-10-05T21:00:06Z,2026-10-05,PHI @ TBL,d400aaff4870fbb91e584f1c8a8f05bf,fgs,yes,Carl Grundstrom,,bovada,3500,,oddsapi
2026-10-05T21:00:06Z,2026-10-05,PHI @ TBL,d400aaff4870fbb91e584f1c8a8f05bf,fgs,yes,Jeffrey Viel,,bovada,3500,,oddsapi
2026-10-05T21:00:06Z,2026-10-05,PHI @ TBL,d400aaff4870fbb91e584f1c8a8f05bf,fgs,yes,Brandon Hagel,,bovada,1000,,oddsapi
2026-10-05T21:00:06Z,2026-10-05,PHI @ TBL,d400aaff4870fbb91e584f1c8a8f05bf,fgs,yes,Cam York,,bovada,4500,,oddsapi
2026-10-05T21:00:06Z,2026-10-05,PHI @ TBL,d400aaff4870fbb91e584f1c8a8f05bf,fgs,yes,Jamie Drysdale,,bovada,4000,,oddsapi
2026-10-05T21:00:06Z,2026-10-05,PHI @ TBL,d400aaff4870fbb91e584f1c8a8f05bf,fgs,yes,Victor Hedman,,bovada,4000,,oddsapi
2026-10-05T21:00:06Z,2026-10-05,PHI @ TBL,d400aaff4870fbb91e584f1c8a8f05bf,fgs,yes,David Jiricek,,bovada,4500,,oddsapi
2026-10-05T21:00:06Z,2026-10-05,PHI @ TBL,d400aaff4870fbb91e584f1c8a8f05bf,fgs,yes,Sean Couturier,,bovada,3500,,oddsapi
2026-10-05T21:00:06Z,2026-10-05,PHI @ TBL,d400aaff4870fbb91e584f1c8a8f05bf,fgs,yes,Brayden Point,,bovada,1100,,oddsapi
2026-10-05T21:00:06Z,2026-10-05,PHI @ TBL,d400aaff4870fbb91e584f1c8a8f05bf,fgs,yes,Noah Cates,,bovada,2500,,oddsapi
2026-10-05T21:00:06Z,2026-10-05,PHI @ TBL,d400aaff4870fbb91e584f1c8a8f05bf,fgs,yes,Travis Sanheim,,bovada,6500,,oddsapi
2026-10-05T21:00:06Z,2026-10-05,PHI @ TBL,d400aaff4870fbb91e584f1c8a8f05bf,fgs,yes,Porter Martone,,bovada,2000,,oddsapi
2026-10-05T21:00:06Z,2026-10-05,PHI @ TBL,d400aaff4870fbb91e584f1c8a8f05bf,fgs,yes,Ilya Mikheyev,,bovada,2500,,oddsapi
2026-10-05T21:00:06Z,2026-10-05,PHI @ TBL,d400aaff4870fbb91e584f1c8a8f05bf,fgs,yes,Noel Acciari,,bovada,4000,,oddsapi
2026-10-05T21:00:06Z,2026-10-05,PHI @ TBL,d400aaff4870fbb91e584f1c8a8f05bf,fgs,yes,Gage Goncalves,,bovada,2000,,oddsapi
2026-10-05T21:00:06Z,2026-10-05,PHI @ TBL,d400aaff4870fbb91e584f1c8a8f05bf,fgs,yes,Matvei Michkov,,bovada,1900,,oddsapi
2026-10-05T21:00:06Z,2026-10-05,PHI @ TBL,d400aaff4870fbb91e584f1c8a8f05bf,fgs,yes,Erik Cernak,,bovada,8000,,oddsapi
2026-10-05T21:00:06Z,2026-10-05,PHI @ TBL,d400aaff4870fbb91e584f1c8a8f05bf,sk_sog,over,Brandon Hagel,2.5,bovada,-170,130,oddsapi
2026-10-05T21:00:06Z,2026-10-05,PHI @ TBL,d400aaff4870fbb91e584f1c8a8f05bf,sk_sog,under,Brandon Hagel,2.5,bovada,130,-170,oddsapi
2026-10-05T21:00:06Z,2026-10-05,PHI @ TBL,d400aaff4870fbb91e584f1c8a8f05bf,sk_sog,over,Brayden Point,2.5,bovada,130,-170,oddsapi
2026-10-05T21:00:06Z,2026-10-05,PHI @ TBL,d400aaff4870fbb91e584f1c8a8f05bf,sk_sog,under,Brayden Point,2.5,bovada,-170,130,oddsapi
2026-10-05T21:00:06Z,2026-10-05,PHI @ TBL,d400aaff4870fbb91e584f1c8a8f05bf,sk_sog,over,Christian Dvorak,1.5,bovada,120,-155,oddsapi
2026-10-05T21:00:06Z,2026-10-05,PHI @ TBL,d400aaff4870fbb91e584f1c8a8f05bf,sk_sog,under,Christian Dvorak,1.5,bovada,-155,120,oddsapi
2026-10-05T21:00:06Z,2026-10-05,PHI @ TBL,d400aaff4870fbb91e584f1c8a8f05bf,sk_sog,over,Jake Guentzel,2.5,bovada,-130,100,oddsapi
2026-10-05T21:00:06Z,2026-10-05,PHI @ TBL,d400aaff4870fbb91e584f1c8a8f05bf,sk_sog,under,Jake Guentzel,2.5,bovada,100,-130,oddsapi
2026-10-05T21:00:06Z,2026-10-05,PHI @ TBL,d400aaff4870fbb91e584f1c8a8f05bf,sk_sog,over,Matvei Michkov,1.5,bovada,-130,100,oddsapi
2026-10-05T21:00:06Z,2026-10-05,PHI @ TBL,d400aaff4870fbb91e584f1c8a8f05bf,sk_sog,under,Matvei Michkov,1.5,bovada,100,-130,oddsapi
2026-10-05T21:00:06Z,2026-10-05,PHI @ TBL,d400aaff4870fbb91e584f1c8a8f05bf,sk_sog,over,Nikita Kucherov,3.5,bovada,120,-155,oddsapi
2026-10-05T21:00:06Z,2026-10-05,PHI @ TBL,d400aaff4870fbb91e584f1c8a8f05bf,sk_sog,under,Nikita Kucherov,3.5,bovada,-155,120,oddsapi
2026-10-05T21:00:06Z,2026-10-05,PHI @ TBL,d400aaff4870fbb91e584f1c8a8f05bf,sk_sog,over,Owen Tippett,1.5,bovada,-185,140,oddsapi
2026-10-05T21:00:06Z,2026-10-05,PHI @ TBL,d400aaff4870fbb91e584f1c8a8f05bf,sk_sog,under,Owen Tippett,1.5,bovada,140,-185,oddsapi
2026-10-05T21:00:06Z,2026-10-05,PHI @ TBL,d400aaff4870fbb91e584f1c8a8f05bf,sk_sog,over,Porter Martone,1.5,bovada,-130,100,oddsapi
2026-10-05T21:00:06Z,2026-10-05,PHI @ TBL,d400aaff4870fbb91e584f1c8a8f05bf,sk_sog,under,Porter Martone,1.5,bovada,100,-130,oddsapi
2026-10-05T21:00:06Z,2026-10-05,PHI @ TBL,d400aaff4870fbb91e584f1c8a8f05bf,sk_sog,over,Travis Konecny,1.5,bovada,-120,-110,oddsapi
2026-10-05T21:00:06Z,2026-10-05,PHI @ TBL,d400aaff4870fbb91e584f1c8a8f05bf,sk_sog,under,Travis Konecny,1.5,bovada,-110,-120,oddsapi
2026-10-05T21:00:06Z,2026-10-05,PHI @ TBL,d400aaff4870fbb91e584f1c8a8f05bf,sk_sog,over,Trevor Zegras,1.5,bovada,110,-145,oddsapi
2026-10-05T21:00:06Z,2026-10-05,PHI @ TBL,d400aaff4870fbb91e584f1c8a8f05bf,sk_sog,under,Trevor Zegras,1.5,bovada,-145,110,oddsapi
2026-10-05T21:00:06Z,2026-10-05,PHI @ TBL,d400aaff4870fbb91e584f1c8a8f05bf,sk_sog,over,Tyson Foerster,1.5,bovada,-135,105,oddsapi
2026-10-05T21:00:06Z,2026-10-05,PHI @ TBL,d400aaff4870fbb91e584f1c8a8f05bf,sk_sog,under,Tyson Foerster,1.5,bovada,105,-135,oddsapi
2026-10-05T21:00:06Z,2026-10-05,PHI @ TBL,d400aaff4870fbb91e584f1c8a8f05bf,g_saves,over,Andrei Vasilevskiy,20.5,bovada,-110,-120,oddsapi
2026-10-05T21:00:06Z,2026-10-05,PHI @ TBL,d400aaff4870fbb91e584f1c8a8f05bf,g_saves,under,Andrei Vasilevskiy,20.5,bovada,-120,-110,oddsapi
2026-10-05T21:00:06Z,2026-10-05,PHI @ TBL,d400aaff4870fbb91e584f1c8a8f05bf,g_saves,over,Dan Vladar,26.5,bovada,-120,-110,oddsapi
2026-10-05T21:00:06Z,2026-10-05,PHI @ TBL,d400aaff4870fbb91e584f1c8a8f05bf,g_saves,under,Dan Vladar,26.5,bovada,-110,-120,oddsapi
2026-10-05T21:00:06Z,2026-10-05,PHI @ TBL,d400aaff4870fbb91e584f1c8a8f05bf,p1_pl,PHI,,0.5,bovada,-165,125,oddsapi
2026-10-05T21:00:06Z,2026-10-05,PHI @ TBL,d400aaff4870fbb91e584f1c8a8f05bf,p1_pl,TBL,,-0.5,bovada,125,-165,oddsapi
2026-10-05T21:00:06Z,2026-10-05,PHI @ TBL,d400aaff4870fbb91e584f1c8a8f05bf,p2_pl,PHI,,0.5,bovada,-150,115,oddsapi
2026-10-05T21:00:06Z,2026-10-05,PHI @ TBL,d400aaff4870fbb91e584f1c8a8f05bf,p2_pl,TBL,,-0.5,bovada,115,-150,oddsapi
2026-10-05T21:00:06Z,2026-10-05,PHI @ TBL,d400aaff4870fbb91e584f1c8a8f05bf,p3_pl,PHI,,0.5,bovada,-130,100,oddsapi
2026-10-05T21:00:06Z,2026-10-05,PHI @ TBL,d400aaff4870fbb91e584f1c8a8f05bf,p3_pl,TBL,,-0.5,bovada,100,-130,oddsapi
2026-10-05T21:00:06Z,2026-10-05,PHI @ TBL,d400aaff4870fbb91e584f1c8a8f05bf,p1_total,over,,1.5,bovada,-130,100,oddsapi
2026-10-05T21:00:06Z,2026-10-05,PHI @ TBL,d400aaff4870fbb91e584f1c8a8f05bf,p1_total,under,,1.5,bovada,100,-130,oddsapi
2026-10-05T21:00:06Z,2026-10-05,PHI @ TBL,d400aaff4870fbb91e584f1c8a8f05bf,p2_total,over,,2,bovada,120,-160,oddsapi
2026-10-05T21:00:06Z,2026-10-05,PHI @ TBL,d400aaff4870fbb91e584f1c8a8f05bf,p2_total,under,,2,bovada,-160,120,oddsapi
2026-10-05T21:00:06Z,2026-10-05,PHI @ TBL,d400aaff4870fbb91e584f1c8a8f05bf,p3_total,over,,2,bovada,-115,-115,oddsapi
2026-10-05T21:00:06Z,2026-10-05,PHI @ TBL,d400aaff4870fbb91e584f1c8a8f05bf,p3_total,under,,2,bovada,-115,-115,oddsapi
2026-10-05T21:00:06Z,2026-10-05,PHI @ TBL,d400aaff4870fbb91e584f1c8a8f05bf,p1_ml,PHI,,,betus,145,-175,oddsapi
2026-10-05T21:00:06Z,2026-10-05,PHI @ TBL,d400aaff4870fbb91e584f1c8a8f05bf,p1_ml,TBL,,,betus,-175,145,oddsapi
2026-10-05T21:00:06Z,2026-10-05,PHI @ TBL,d400aaff4870fbb91e584f1c8a8f05bf,p1_pl,PHI,,0.5,betus,-160,130,oddsapi
2026-10-05T21:00:06Z,2026-10-05,PHI @ TBL,d400aaff4870fbb91e584f1c8a8f05bf,p1_pl,TBL,,-0.5,betus,130,-160,oddsapi
2026-10-05T21:00:06Z,2026-10-05,PHI @ TBL,d400aaff4870fbb91e584f1c8a8f05bf,p1_total,over,,1.5,betus,-120,-110,oddsapi
2026-10-05T21:00:06Z,2026-10-05,PHI @ TBL,d400aaff4870fbb91e584f1c8a8f05bf,p1_total,under,,1.5,betus,-110,-120,oddsapi
2026-10-05T21:00:06Z,2026-10-05,PHI @ TBL,d400aaff4870fbb91e584f1c8a8f05bf,team_total_alt,over,PHI,0.5,betmgm,-1400,600,oddsapi
2026-10-05T21:00:06Z,2026-10-05,PHI @ TBL,d400aaff4870fbb91e584f1c8a8f05bf,team_total_alt,under,PHI,0.5,betmgm,600,-1400,oddsapi
2026-10-05T21:00:06Z,2026-10-05,PHI @ TBL,d400aaff4870fbb91e584f1c8a8f05bf,team_total_alt,over,PHI,1,betmgm,-1000,475,oddsapi
2026-10-05T21:00:06Z,2026-10-05,PHI @ TBL,d400aaff4870fbb91e584f1c8a8f05bf,team_total_alt,under,PHI,1,betmgm,475,-1000,oddsapi
2026-10-05T21:00:06Z,2026-10-05,PHI @ TBL,d400aaff4870fbb91e584f1c8a8f05bf,team_total_alt,over,PHI,1.5,betmgm,-275,185,oddsapi
2026-10-05T21:00:06Z,2026-10-05,PHI @ TBL,d400aaff4870fbb91e584f1c8a8f05bf,team_total_alt,under,PHI,1.5,betmgm,185,-275,oddsapi
2026-10-05T21:00:06Z,2026-10-05,PHI @ TBL,d400aaff4870fbb91e584f1c8a8f05bf,team_total_alt,over,PHI,2,betmgm,-175,125,oddsapi
2026-10-05T21:00:06Z,2026-10-05,PHI @ TBL,d400aaff4870fbb91e584f1c8a8f05bf,team_total_alt,under,PHI,2,betmgm,125,-175,oddsapi
2026-10-05T21:00:06Z,2026-10-05,PHI @ TBL,d400aaff4870fbb91e584f1c8a8f05bf,team_total_alt,over,PHI,2.5,betmgm,100,-140,oddsapi
2026-10-05T21:00:06Z,2026-10-05,PHI @ TBL,d400aaff4870fbb91e584f1c8a8f05bf,team_total_alt,under,PHI,2.5,betmgm,-140,100,oddsapi
2026-10-05T21:00:06Z,2026-10-05,PHI @ TBL,d400aaff4870fbb91e584f1c8a8f05bf,team_total_alt,over,PHI,3,betmgm,170,-250,oddsapi
2026-10-05T21:00:06Z,2026-10-05,PHI @ TBL,d400aaff4870fbb91e584f1c8a8f05bf,team_total_alt,under,PHI,3,betmgm,-250,170,oddsapi
2026-10-05T21:00:06Z,2026-10-05,PHI @ TBL,d400aaff4870fbb91e584f1c8a8f05bf,team_total_alt,over,PHI,3.5,betmgm,230,-350,oddsapi
2026-10-05T21:00:06Z,2026-10-05,PHI @ TBL,d400aaff4870fbb91e584f1c8a8f05bf,team_total_alt,under,PHI,3.5,betmgm,-350,230,oddsapi
2026-10-05T21:00:06Z,2026-10-05,PHI @ TBL,d400aaff4870fbb91e584f1c8a8f05bf,team_total_alt,over,PHI,4,betmgm,425,-800,oddsapi
2026-10-05T21:00:06Z,2026-10-05,PHI @ TBL,d400aaff4870fbb91e584f1c8a8f05bf,team_total_alt,under,PHI,4,betmgm,-800,425,oddsapi
2026-10-05T21:00:06Z,2026-10-05,PHI @ TBL,d400aaff4870fbb91e584f1c8a8f05bf,team_total_alt,over,PHI,4.5,betmgm,500,-1100,oddsapi
2026-10-05T21:00:06Z,2026-10-05,PHI @ TBL,d400aaff4870fbb91e584f1c8a8f05bf,team_total_alt,under,PHI,4.5,betmgm,-1100,500,oddsapi
2026-10-05T21:00:06Z,2026-10-05,PHI @ TBL,d400aaff4870fbb91e584f1c8a8f05bf,team_total_alt,over,TBL,1.5,betmgm,-900,450,oddsapi
2026-10-05T21:00:06Z,2026-10-05,PHI @ TBL,d400aaff4870fbb91e584f1c8a8f05bf,team_total_alt,under,TBL,1.5,betmgm,450,-900,oddsapi
2026-10-05T21:00:06Z,2026-10-05,PHI @ TBL,d400aaff4870fbb91e584f1c8a8f05bf,team_total_alt,over,TBL,2,betmgm,-700,400,oddsapi
2026-10-05T21:00:06Z,2026-10-05,PHI @ TBL,d400aaff4870fbb91e584f1c8a8f05bf,team_total_alt,under,TBL,2,betmgm,400,-700,oddsapi
2026-10-05T21:00:06Z,2026-10-05,PHI @ TBL,d400aaff4870fbb91e584f1c8a8f05bf,team_total_alt,over,TBL,2.5,betmgm,-285,195,oddsapi
2026-10-05T21:00:06Z,2026-10-05,PHI @ TBL,d400aaff4870fbb91e584f1c8a8f05bf,team_total_alt,under,TBL,2.5,betmgm,195,-285,oddsapi
2026-10-05T21:00:06Z,2026-10-05,PHI @ TBL,d400aaff4870fbb91e584f1c8a8f05bf,team_total_alt,over,TBL,3,betmgm,-200,140,oddsapi
2026-10-05T21:00:06Z,2026-10-05,PHI @ TBL,d400aaff4870fbb91e584f1c8a8f05bf,team_total_alt,under,TBL,3,betmgm,140,-200,oddsapi
2026-10-05T21:00:06Z,2026-10-05,PHI @ TBL,d400aaff4870fbb91e584f1c8a8f05bf,team_total_alt,over,TBL,3.5,betmgm,-120,-115,oddsapi
2026-10-05T21:00:06Z,2026-10-05,PHI @ TBL,d400aaff4870fbb91e584f1c8a8f05bf,team_total_alt,under,TBL,3.5,betmgm,-115,-120,oddsapi
2026-10-05T21:00:06Z,2026-10-05,PHI @ TBL,d400aaff4870fbb91e584f1c8a8f05bf,team_total_alt,over,TBL,4,betmgm,135,-190,oddsapi
2026-10-05T21:00:06Z,2026-10-05,PHI @ TBL,d400aaff4870fbb91e584f1c8a8f05bf,team_total_alt,under,TBL,4,betmgm,-190,135,oddsapi
2026-10-05T21:00:06Z,2026-10-05,PHI @ TBL,d400aaff4870fbb91e584f1c8a8f05bf,team_total_alt,over,TBL,4.5,betmgm,190,-275,oddsapi
2026-10-05T21:00:06Z,2026-10-05,PHI @ TBL,d400aaff4870fbb91e584f1c8a8f05bf,team_total_alt,under,TBL,4.5,betmgm,-275,190,oddsapi
2026-10-05T21:00:06Z,2026-10-05,PHI @ TBL,d400aaff4870fbb91e584f1c8a8f05bf,team_total_alt,over,TBL,5.5,betmgm,425,-750,oddsapi
2026-10-05T21:00:06Z,2026-10-05,PHI @ TBL,d400aaff4870fbb91e584f1c8a8f05bf,team_total_alt,under,TBL,5.5,betmgm,-750,425,oddsapi
2026-10-05T21:00:06Z,2026-10-05,PHI @ TBL,d400aaff4870fbb91e584f1c8a8f05bf,team_total_alt,over,TBL,5,betmgm,350,-600,oddsapi
2026-10-05T21:00:06Z,2026-10-05,PHI @ TBL,d400aaff4870fbb91e584f1c8a8f05bf,team_total_alt,under,TBL,5,betmgm,-600,350,oddsapi
2026-10-05T21:00:06Z,2026-10-05,PHI @ TBL,d400aaff4870fbb91e584f1c8a8f05bf,game_ml3,PHI,,,betmgm,280,,oddsapi
2026-10-05T21:00:06Z,2026-10-05,PHI @ TBL,d400aaff4870fbb91e584f1c8a8f05bf,game_ml3,TBL,,,betmgm,-140,,oddsapi
2026-10-05T21:00:06Z,2026-10-05,PHI @ TBL,d400aaff4870fbb91e584f1c8a8f05bf,game_ml3,draw,,,betmgm,325,,oddsapi
2026-10-05T21:00:06Z,2026-10-05,PHI @ TBL,d400aaff4870fbb91e584f1c8a8f05bf,p1_ml3,PHI,,,betmgm,250,,oddsapi
2026-10-05T21:00:06Z,2026-10-05,PHI @ TBL,d400aaff4870fbb91e584f1c8a8f05bf,p1_ml3,TBL,,,betmgm,118,,oddsapi
2026-10-05T21:00:06Z,2026-10-05,PHI @ TBL,d400aaff4870fbb91e584f1c8a8f05bf,p1_ml3,draw,,,betmgm,175,,oddsapi
2026-10-05T21:00:06Z,2026-10-05,PHI @ TBL,d400aaff4870fbb91e584f1c8a8f05bf,p2_ml3,PHI,,,betmgm,240,,oddsapi
2026-10-05T21:00:06Z,2026-10-05,PHI @ TBL,d400aaff4870fbb91e584f1c8a8f05bf,p2_ml3,TBL,,,betmgm,110,,oddsapi
2026-10-05T21:00:06Z,2026-10-05,PHI @ TBL,d400aaff4870fbb91e584f1c8a8f05bf,p2_ml3,draw,,,betmgm,195,,oddsapi
2026-10-05T21:00:06Z,2026-10-05,PHI @ TBL,d400aaff4870fbb91e584f1c8a8f05bf,p3_ml3,PHI,,,betmgm,230,,oddsapi
2026-10-05T21:00:06Z,2026-10-05,PHI @ TBL,d400aaff4870fbb91e584f1c8a8f05bf,p3_ml3,TBL,,,betmgm,-102,,oddsapi
2026-10-05T21:00:06Z,2026-10-05,PHI @ TBL,d400aaff4870fbb91e584f1c8a8f05bf,p3_ml3,draw,,,betmgm,230,,oddsapi
2026-10-05T21:00:06Z,2026-10-05,PHI @ TBL,d400aaff4870fbb91e584f1c8a8f05bf,p1_ml,PHI,,,betmgm,145,-190,oddsapi
2026-10-05T21:00:06Z,2026-10-05,PHI @ TBL,d400aaff4870fbb91e584f1c8a8f05bf,p1_ml,TBL,,,betmgm,-190,145,oddsapi
2026-10-05T21:00:06Z,2026-10-05,PHI @ TBL,d400aaff4870fbb91e584f1c8a8f05bf,p2_ml,PHI,,,betmgm,145,-210,oddsapi
2026-10-05T21:00:06Z,2026-10-05,PHI @ TBL,d400aaff4870fbb91e584f1c8a8f05bf,p2_ml,TBL,,,betmgm,-210,145,oddsapi
2026-10-05T21:00:06Z,2026-10-05,PHI @ TBL,d400aaff4870fbb91e584f1c8a8f05bf,p3_ml,PHI,,,betmgm,150,-210,oddsapi
2026-10-05T21:00:06Z,2026-10-05,PHI @ TBL,d400aaff4870fbb91e584f1c8a8f05bf,p3_ml,TBL,,,betmgm,-210,150,oddsapi
2026-10-05T21:00:06Z,2026-10-05,PHI @ TBL,d400aaff4870fbb91e584f1c8a8f05bf,sk_a,over,Anthony Cirelli,0.5,betmgm,220,-325,oddsapi
2026-10-05T21:00:06Z,2026-10-05,PHI @ TBL,d400aaff4870fbb91e584f1c8a8f05bf,sk_a,under,Anthony Cirelli,0.5,betmgm,-325,220,oddsapi
2026-10-05T21:00:06Z,2026-10-05,PHI @ TBL,d400aaff4870fbb91e584f1c8a8f05bf,sk_a,over,Trevor Zegras,0.5,betmgm,210,-300,oddsapi
2026-10-05T21:00:06Z,2026-10-05,PHI @ TBL,d400aaff4870fbb91e584f1c8a8f05bf,sk_a,under,Trevor Zegras,0.5,betmgm,-300,210,oddsapi
2026-10-05T21:00:06Z,2026-10-05,PHI @ TBL,d400aaff4870fbb91e584f1c8a8f05bf,sk_a,over,Noah Cates,0.5,betmgm,220,-325,oddsapi
2026-10-05T21:00:06Z,2026-10-05,PHI @ TBL,d400aaff4870fbb91e584f1c8a8f05bf,sk_a,under,Noah Cates,0.5,betmgm,-325,220,oddsapi
2026-10-05T21:00:06Z,2026-10-05,PHI @ TBL,d400aaff4870fbb91e584f1c8a8f05bf,sk_a,over,Porter Martone,0.5,betmgm,250,-400,oddsapi
2026-10-05T21:00:06Z,2026-10-05,PHI @ TBL,d400aaff4870fbb91e584f1c8a8f05bf,sk_a,under,Porter Martone,0.5,betmgm,-400,250,oddsapi
2026-10-05T21:00:06Z,2026-10-05,PHI @ TBL,d400aaff4870fbb91e584f1c8a8f05bf,sk_a,over,Tyson Foerster,0.5,betmgm,270,-450,oddsapi
2026-10-05T21:00:06Z,2026-10-05,PHI @ TBL,d400aaff4870fbb91e584f1c8a8f05bf,sk_a,under,Tyson Foerster,0.5,betmgm,-450,270,oddsapi
2026-10-05T21:00:06Z,2026-10-05,PHI @ TBL,d400aaff4870fbb91e584f1c8a8f05bf,sk_a,over,Brandon Hagel,0.5,betmgm,110,-150,oddsapi
2026-10-05T21:00:06Z,2026-10-05,PHI @ TBL,d400aaff4870fbb91e584f1c8a8f05bf,sk_a,under,Brandon Hagel,0.5,betmgm,-150,110,oddsapi
2026-10-05T21:00:06Z,2026-10-05,PHI @ TBL,d400aaff4870fbb91e584f1c8a8f05bf,sk_a,over,Jamie Drysdale,0.5,betmgm,220,-300,oddsapi
2026-10-05T21:00:06Z,2026-10-05,PHI @ TBL,d400aaff4870fbb91e584f1c8a8f05bf,sk_a,under,Jamie Drysdale,0.5,betmgm,-300,220,oddsapi
2026-10-05T21:00:06Z,2026-10-05,PHI @ TBL,d400aaff4870fbb91e584f1c8a8f05bf,sk_a,over,Matvei Michkov,0.5,betmgm,230,-350,oddsapi
2026-10-05T21:00:06Z,2026-10-05,PHI @ TBL,d400aaff4870fbb91e584f1c8a8f05bf,sk_a,under,Matvei Michkov,0.5,betmgm,-350,230,oddsapi
2026-10-05T21:00:06Z,2026-10-05,PHI @ TBL,d400aaff4870fbb91e584f1c8a8f05bf,sk_a,over,Travis Konecny,0.5,betmgm,188,-275,oddsapi
2026-10-05T21:00:06Z,2026-10-05,PHI @ TBL,d400aaff4870fbb91e584f1c8a8f05bf,sk_a,under,Travis Konecny,0.5,betmgm,-275,188,oddsapi
2026-10-05T21:00:06Z,2026-10-05,PHI @ TBL,d400aaff4870fbb91e584f1c8a8f05bf,sk_a,over,Nikita Kucherov,0.5,betmgm,-200,145,oddsapi
2026-10-05T21:00:06Z,2026-10-05,PHI @ TBL,d400aaff4870fbb91e584f1c8a8f05bf,sk_a,under,Nikita Kucherov,0.5,betmgm,145,-200,oddsapi
2026-10-05T21:00:06Z,2026-10-05,PHI @ TBL,d400aaff4870fbb91e584f1c8a8f05bf,sk_a,over,John Carlson,0.5,betmgm,-105,-125,oddsapi
2026-10-05T21:00:06Z,2026-10-05,PHI @ TBL,d400aaff4870fbb91e584f1c8a8f05bf,sk_a,under,John Carlson,0.5,betmgm,-125,-105,oddsapi
2026-10-05T21:00:06Z,2026-10-05,PHI @ TBL,d400aaff4870fbb91e584f1c8a8f05bf,sk_a,over,Owen Tippett,0.5,betmgm,270,-450,oddsapi
2026-10-05T21:00:06Z,2026-10-05,PHI @ TBL,d400aaff4870fbb91e584f1c8a8f05bf,sk_a,under,Owen Tippett,0.5,betmgm,-450,270,oddsapi
2026-10-05T21:00:06Z,2026-10-05,PHI @ TBL,d400aaff4870fbb91e584f1c8a8f05bf,sk_a,over,Gage Goncalves,0.5,betmgm,200,-275,oddsapi
2026-10-05T21:00:06Z,2026-10-05,PHI @ TBL,d400aaff4870fbb91e584f1c8a8f05bf,sk_a,under,Gage Goncalves,0.5,betmgm,-275,200,oddsapi
2026-10-05T21:00:06Z,2026-10-05,PHI @ TBL,d400aaff4870fbb91e584f1c8a8f05bf,sk_a,over,Jake Guentzel,0.5,betmgm,105,-140,oddsapi
2026-10-05T21:00:06Z,2026-10-05,PHI @ TBL,d400aaff4870fbb91e584f1c8a8f05bf,sk_a,under,Jake Guentzel,0.5,betmgm,-140,105,oddsapi
2026-10-05T21:00:06Z,2026-10-05,PHI @ TBL,d400aaff4870fbb91e584f1c8a8f05bf,sk_a,over,Brayden Point,0.5,betmgm,140,-190,oddsapi
2026-10-05T21:00:06Z,2026-10-05,PHI @ TBL,d400aaff4870fbb91e584f1c8a8f05bf,sk_a,under,Brayden Point,0.5,betmgm,-190,140,oddsapi
2026-10-05T21:00:06Z,2026-10-05,PHI @ TBL,d400aaff4870fbb91e584f1c8a8f05bf,sk_a,over,Travis Sanheim,0.5,betmgm,270,-450,oddsapi
2026-10-05T21:00:06Z,2026-10-05,PHI @ TBL,d400aaff4870fbb91e584f1c8a8f05bf,sk_a,under,Travis Sanheim,0.5,betmgm,-450,270,oddsapi
2026-10-05T21:00:06Z,2026-10-05,PHI @ TBL,d400aaff4870fbb91e584f1c8a8f05bf,ags,yes,Nikita Kucherov,,betmgm,140,,oddsapi
2026-10-05T21:00:06Z,2026-10-05,PHI @ TBL,d400aaff4870fbb91e584f1c8a8f05bf,ags,yes,Brayden Point,,betmgm,165,,oddsapi
2026-10-05T21:00:06Z,2026-10-05,PHI @ TBL,d400aaff4870fbb91e584f1c8a8f05bf,ags,yes,Brandon Hagel,,betmgm,170,,oddsapi
2026-10-05T21:00:06Z,2026-10-05,PHI @ TBL,d400aaff4870fbb91e584f1c8a8f05bf,ags,yes,Jake Guentzel,,betmgm,175,,oddsapi
2026-10-05T21:00:06Z,2026-10-05,PHI @ TBL,d400aaff4870fbb91e584f1c8a8f05bf,ags,yes,Tyson Foerster,,betmgm,280,,oddsapi
2026-10-05T21:00:06Z,2026-10-05,PHI @ TBL,d400aaff4870fbb91e584f1c8a8f05bf,ags,yes,Owen Tippett,,betmgm,300,,oddsapi
2026-10-05T21:00:06Z,2026-10-05,PHI @ TBL,d400aaff4870fbb91e584f1c8a8f05bf,ags,yes,Matvei Michkov,,betmgm,300,,oddsapi
2026-10-05T21:00:06Z,2026-10-05,PHI @ TBL,d400aaff4870fbb91e584f1c8a8f05bf,ags,yes,Travis Konecny,,betmgm,300,,oddsapi
2026-10-05T21:00:06Z,2026-10-05,PHI @ TBL,d400aaff4870fbb91e584f1c8a8f05bf,ags,yes,Anthony Cirelli,,betmgm,300,,oddsapi
2026-10-05T21:00:06Z,2026-10-05,PHI @ TBL,d400aaff4870fbb91e584f1c8a8f05bf,ags,yes,Porter Martone,,betmgm,310,,oddsapi
2026-10-05T21:00:06Z,2026-10-05,PHI @ TBL,d400aaff4870fbb91e584f1c8a8f05bf,ags,yes,Trevor Zegras,,betmgm,325,,oddsapi
2026-10-05T21:00:06Z,2026-10-05,PHI @ TBL,d400aaff4870fbb91e584f1c8a8f05bf,ags,yes,Gage Goncalves,,betmgm,340,,oddsapi
2026-10-05T21:00:06Z,2026-10-05,PHI @ TBL,d400aaff4870fbb91e584f1c8a8f05bf,ags,yes,Alex Bump,,betmgm,400,,oddsapi
2026-10-05T21:00:06Z,2026-10-05,PHI @ TBL,d400aaff4870fbb91e584f1c8a8f05bf,ags,yes,Pontus Holmberg,,betmgm,450,,oddsapi
2026-10-05T21:00:06Z,2026-10-05,PHI @ TBL,d400aaff4870fbb91e584f1c8a8f05bf,ags,yes,Christian Dvorak,,betmgm,450,,oddsapi
2026-10-05T21:00:06Z,2026-10-05,PHI @ TBL,d400aaff4870fbb91e584f1c8a8f05bf,ags,yes,John Carlson,,betmgm,475,,oddsapi
2026-10-05T21:00:06Z,2026-10-05,PHI @ TBL,d400aaff4870fbb91e584f1c8a8f05bf,ags,yes,Noah Cates,,betmgm,525,,oddsapi
2026-10-05T21:00:06Z,2026-10-05,PHI @ TBL,d400aaff4870fbb91e584f1c8a8f05bf,ags,yes,Ilya Mikheyev,,betmgm,525,,oddsapi
2026-10-05T21:00:06Z,2026-10-05,PHI @ TBL,d400aaff4870fbb91e584f1c8a8f05bf,ags,yes,Conor Geekie,,betmgm,600,,oddsapi
2026-10-05T21:00:06Z,2026-10-05,PHI @ TBL,d400aaff4870fbb91e584f1c8a8f05bf,ags,yes,Sean Couturier,,betmgm,675,,oddsapi
2026-10-05T21:00:06Z,2026-10-05,PHI @ TBL,d400aaff4870fbb91e584f1c8a8f05bf,ags,yes,Charle-Edouard D'Astous,,betmgm,675,,oddsapi
2026-10-05T21:00:06Z,2026-10-05,PHI @ TBL,d400aaff4870fbb91e584f1c8a8f05bf,ags,yes,Victor Hedman,,betmgm,700,,oddsapi
2026-10-05T21:00:06Z,2026-10-05,PHI @ TBL,d400aaff4870fbb91e584f1c8a8f05bf,ags,yes,Jamie Drysdale,,betmgm,700,,oddsapi
2026-10-05T21:00:06Z,2026-10-05,PHI @ TBL,d400aaff4870fbb91e584f1c8a8f05bf,ags,yes,Noel Acciari,,betmgm,725,,oddsapi
2026-10-05T21:00:06Z,2026-10-05,PHI @ TBL,d400aaff4870fbb91e584f1c8a8f05bf,ags,yes,Jeffrey Viel,,betmgm,750,,oddsapi
2026-10-05T21:00:06Z,2026-10-05,PHI @ TBL,d400aaff4870fbb91e584f1c8a8f05bf,ags,yes,Zemgus Girgensons,,betmgm,800,,oddsapi
2026-10-05T21:00:06Z,2026-10-05,PHI @ TBL,d400aaff4870fbb91e584f1c8a8f05bf,ags,yes,Carl Grundstrom,,betmgm,800,,oddsapi
2026-10-05T21:00:06Z,2026-10-05,PHI @ TBL,d400aaff4870fbb91e584f1c8a8f05bf,ags,yes,Jansen Harkins,,betmgm,875,,oddsapi
2026-10-05T21:00:06Z,2026-10-05,PHI @ TBL,d400aaff4870fbb91e584f1c8a8f05bf,ags,yes,Travis Sanheim,,betmgm,1050,,oddsapi
2026-10-05T21:00:06Z,2026-10-05,PHI @ TBL,d400aaff4870fbb91e584f1c8a8f05bf,ags,yes,Cam York,,betmgm,1100,,oddsapi
2026-10-05T21:00:06Z,2026-10-05,PHI @ TBL,d400aaff4870fbb91e584f1c8a8f05bf,ags,yes,David Jiricek,,betmgm,1200,,oddsapi
2026-10-05T21:00:06Z,2026-10-05,PHI @ TBL,d400aaff4870fbb91e584f1c8a8f05bf,ags,yes,J.J. Moser,,betmgm,1250,,oddsapi
2026-10-05T21:00:06Z,2026-10-05,PHI @ TBL,d400aaff4870fbb91e584f1c8a8f05bf,ags,yes,Ryan McDonagh,,betmgm,1350,,oddsapi
2026-10-05T21:00:06Z,2026-10-05,PHI @ TBL,d400aaff4870fbb91e584f1c8a8f05bf,ags,yes,Erik Cernak,,betmgm,1400,,oddsapi
2026-10-05T21:00:06Z,2026-10-05,PHI @ TBL,d400aaff4870fbb91e584f1c8a8f05bf,ags,yes,Nick Seeler,,betmgm,2200,,oddsapi
2026-10-05T21:00:06Z,2026-10-05,PHI @ TBL,d400aaff4870fbb91e584f1c8a8f05bf,ags,yes,Simon Benoit,,betmgm,3000,,oddsapi
2026-10-05T21:00:06Z,2026-10-05,PHI @ TBL,d400aaff4870fbb91e584f1c8a8f05bf,fgs,yes,Nikita Kucherov,,betmgm,950,,oddsapi
2026-10-05T21:00:06Z,2026-10-05,PHI @ TBL,d400aaff4870fbb91e584f1c8a8f05bf,fgs,yes,Brandon Hagel,,betmgm,1000,,oddsapi
2026-10-05T21:00:06Z,2026-10-05,PHI @ TBL,d400aaff4870fbb91e584f1c8a8f05bf,fgs,yes,Jake Guentzel,,betmgm,1000,,oddsapi
2026-10-05T21:00:06Z,2026-10-05,PHI @ TBL,d400aaff4870fbb91e584f1c8a8f05bf,fgs,yes,Brayden Point,,betmgm,1100,,oddsapi
2026-10-05T21:00:06Z,2026-10-05,PHI @ TBL,d400aaff4870fbb91e584f1c8a8f05bf,fgs,yes,Matvei Michkov,,betmgm,1650,,oddsapi
2026-10-05T21:00:06Z,2026-10-05,PHI @ TBL,d400aaff4870fbb91e584f1c8a8f05bf,fgs,yes,Tyson Foerster,,betmgm,1650,,oddsapi
2026-10-05T21:00:06Z,2026-10-05,PHI @ TBL,d400aaff4870fbb91e584f1c8a8f05bf,fgs,yes,Anthony Cirelli,,betmgm,1650,,oddsapi
2026-10-05T21:00:06Z,2026-10-05,PHI @ TBL,d400aaff4870fbb91e584f1c8a8f05bf,fgs,yes,Travis Konecny,,betmgm,1700,,oddsapi
2026-10-05T21:00:06Z,2026-10-05,PHI @ TBL,d400aaff4870fbb91e584f1c8a8f05bf,fgs,yes,Trevor Zegras,,betmgm,1800,,oddsapi
2026-10-05T21:00:06Z,2026-10-05,PHI @ TBL,d400aaff4870fbb91e584f1c8a8f05bf,fgs,yes,Owen Tippett,,betmgm,1850,,oddsapi
2026-10-05T21:00:06Z,2026-10-05,PHI @ TBL,d400aaff4870fbb91e584f1c8a8f05bf,fgs,yes,Porter Martone,,betmgm,1900,,oddsapi
2026-10-05T21:00:06Z,2026-10-05,PHI @ TBL,d400aaff4870fbb91e584f1c8a8f05bf,fgs,yes,Gage Goncalves,,betmgm,2000,,oddsapi
2026-10-05T21:00:06Z,2026-10-05,PHI @ TBL,d400aaff4870fbb91e584f1c8a8f05bf,fgs,yes,John Carlson,,betmgm,2500,,oddsapi
2026-10-05T21:00:06Z,2026-10-05,PHI @ TBL,d400aaff4870fbb91e584f1c8a8f05bf,fgs,yes,Christian Dvorak,,betmgm,2500,,oddsapi
2026-10-05T21:00:06Z,2026-10-05,PHI @ TBL,d400aaff4870fbb91e584f1c8a8f05bf,fgs,yes,Pontus Holmberg,,betmgm,2500,,oddsapi
2026-10-05T21:00:06Z,2026-10-05,PHI @ TBL,d400aaff4870fbb91e584f1c8a8f05bf,fgs,yes,Conor Geekie,,betmgm,2800,,oddsapi
2026-10-05T21:00:06Z,2026-10-05,PHI @ TBL,d400aaff4870fbb91e584f1c8a8f05bf,fgs,yes,Ilya Mikheyev,,betmgm,3000,,oddsapi
2026-10-05T21:00:06Z,2026-10-05,PHI @ TBL,d400aaff4870fbb91e584f1c8a8f05bf,fgs,yes,Noah Cates,,betmgm,3000,,oddsapi
2026-10-05T21:00:06Z,2026-10-05,PHI @ TBL,d400aaff4870fbb91e584f1c8a8f05bf,fgs,yes,Jamie Drysdale,,betmgm,3300,,oddsapi
2026-10-05T21:00:06Z,2026-10-05,PHI @ TBL,d400aaff4870fbb91e584f1c8a8f05bf,fgs,yes,Jeffrey Viel,,betmgm,3300,,oddsapi
2026-10-05T21:00:06Z,2026-10-05,PHI @ TBL,d400aaff4870fbb91e584f1c8a8f05bf,fgs,yes,Victor Hedman,,betmgm,3500,,oddsapi
2026-10-05T21:00:06Z,2026-10-05,PHI @ TBL,d400aaff4870fbb91e584f1c8a8f05bf,fgs,yes,Carl Grundstrom,,betmgm,3500,,oddsapi
2026-10-05T21:00:06Z,2026-10-05,PHI @ TBL,d400aaff4870fbb91e584f1c8a8f05bf,fgs,yes,Sean Couturier,,betmgm,3500,,oddsapi
2026-10-05T21:00:06Z,2026-10-05,PHI @ TBL,d400aaff4870fbb91e584f1c8a8f05bf,fgs,yes,Zemgus Girgensons,,betmgm,4000,,oddsapi
2026-10-05T21:00:06Z,2026-10-05,PHI @ TBL,d400aaff4870fbb91e584f1c8a8f05bf,fgs,yes,Noel Acciari,,betmgm,4500,,oddsapi
2026-10-05T21:00:06Z,2026-10-05,PHI @ TBL,d400aaff4870fbb91e584f1c8a8f05bf,fgs,yes,Jansen Harkins,,betmgm,4500,,oddsapi
2026-10-05T21:00:06Z,2026-10-05,PHI @ TBL,d400aaff4870fbb91e584f1c8a8f05bf,fgs,yes,Cam York,,betmgm,5000,,oddsapi
2026-10-05T21:00:06Z,2026-10-05,PHI @ TBL,d400aaff4870fbb91e584f1c8a8f05bf,fgs,yes,David Jiricek,,betmgm,5000,,oddsapi
2026-10-05T21:00:06Z,2026-10-05,PHI @ TBL,d400aaff4870fbb91e584f1c8a8f05bf,fgs,yes,Travis Sanheim,,betmgm,5500,,oddsapi
2026-10-05T21:00:06Z,2026-10-05,PHI @ TBL,d400aaff4870fbb91e584f1c8a8f05bf,fgs,yes,J.J. Moser,,betmgm,5500,,oddsapi
2026-10-05T21:00:06Z,2026-10-05,PHI @ TBL,d400aaff4870fbb91e584f1c8a8f05bf,fgs,yes,Erik Cernak,,betmgm,8000,,oddsapi
2026-10-05T21:00:06Z,2026-10-05,PHI @ TBL,d400aaff4870fbb91e584f1c8a8f05bf,fgs,yes,Nick Seeler,,betmgm,10000,,oddsapi
2026-10-05T21:00:06Z,2026-10-05,PHI @ TBL,d400aaff4870fbb91e584f1c8a8f05bf,fgs,yes,Ryan McDonagh,,betmgm,10000,,oddsapi
2026-10-05T21:00:06Z,2026-10-05,PHI @ TBL,d400aaff4870fbb91e584f1c8a8f05bf,sk_pts,over,John Carlson,0.5,betmgm,-150,110,oddsapi
2026-10-05T21:00:06Z,2026-10-05,PHI @ TBL,d400aaff4870fbb91e584f1c8a8f05bf,sk_pts,under,John Carlson,0.5,betmgm,110,-150,oddsapi
2026-10-05T21:00:06Z,2026-10-05,PHI @ TBL,d400aaff4870fbb91e584f1c8a8f05bf,sk_pts,over,Jake Guentzel,0.5,betmgm,-220,160,oddsapi
2026-10-05T21:00:06Z,2026-10-05,PHI @ TBL,d400aaff4870fbb91e584f1c8a8f05bf,sk_pts,under,Jake Guentzel,0.5,betmgm,160,-220,oddsapi
2026-10-05T21:00:06Z,2026-10-05,PHI @ TBL,d400aaff4870fbb91e584f1c8a8f05bf,sk_pts,over,Trevor Zegras,0.5,betmgm,115,-155,oddsapi
2026-10-05T21:00:06Z,2026-10-05,PHI @ TBL,d400aaff4870fbb91e584f1c8a8f05bf,sk_pts,under,Trevor Zegras,0.5,betmgm,-155,115,oddsapi
2026-10-05T21:00:06Z,2026-10-05,PHI @ TBL,d400aaff4870fbb91e584f1c8a8f05bf,sk_pts,over,Anthony Cirelli,0.5,betmgm,-105,-125,oddsapi
2026-10-05T21:00:06Z,2026-10-05,PHI @ TBL,d400aaff4870fbb91e584f1c8a8f05bf,sk_pts,under,Anthony Cirelli,0.5,betmgm,-125,-105,oddsapi
2026-10-05T21:00:06Z,2026-10-05,PHI @ TBL,d400aaff4870fbb91e584f1c8a8f05bf,sk_pts,over,Porter Martone,0.5,betmgm,130,-175,oddsapi
2026-10-05T21:00:06Z,2026-10-05,PHI @ TBL,d400aaff4870fbb91e584f1c8a8f05bf,sk_pts,under,Porter Martone,0.5,betmgm,-175,130,oddsapi
2026-10-05T21:00:06Z,2026-10-05,PHI @ TBL,d400aaff4870fbb91e584f1c8a8f05bf,sk_pts,over,Owen Tippett,0.5,betmgm,145,-200,oddsapi
2026-10-05T21:00:06Z,2026-10-05,PHI @ TBL,d400aaff4870fbb91e584f1c8a8f05bf,sk_pts,under,Owen Tippett,0.5,betmgm,-200,145,oddsapi
2026-10-05T21:00:06Z,2026-10-05,PHI @ TBL,d400aaff4870fbb91e584f1c8a8f05bf,sk_pts,over,Matvei Michkov,0.5,betmgm,125,-165,oddsapi
2026-10-05T21:00:06Z,2026-10-05,PHI @ TBL,d400aaff4870fbb91e584f1c8a8f05bf,sk_pts,under,Matvei Michkov,0.5,betmgm,-165,125,oddsapi
2026-10-05T21:00:06Z,2026-10-05,PHI @ TBL,d400aaff4870fbb91e584f1c8a8f05bf,sk_pts,over,Noah Cates,0.5,betmgm,140,-190,oddsapi
2026-10-05T21:00:06Z,2026-10-05,PHI @ TBL,d400aaff4870fbb91e584f1c8a8f05bf,sk_pts,under,Noah Cates,0.5,betmgm,-190,140,oddsapi
2026-10-05T21:00:06Z,2026-10-05,PHI @ TBL,d400aaff4870fbb91e584f1c8a8f05bf,sk_pts,over,Travis Konecny,0.5,betmgm,105,-145,oddsapi
2026-10-05T21:00:06Z,2026-10-05,PHI @ TBL,d400aaff4870fbb91e584f1c8a8f05bf,sk_pts,under,Travis Konecny,0.5,betmgm,-145,105,oddsapi
2026-10-05T21:00:06Z,2026-10-05,PHI @ TBL,d400aaff4870fbb91e584f1c8a8f05bf,sk_pts,over,Nikita Kucherov,1.5,betmgm,115,-155,oddsapi
2026-10-05T21:00:06Z,2026-10-05,PHI @ TBL,d400aaff4870fbb91e584f1c8a8f05bf,sk_pts,under,Nikita Kucherov,1.5,betmgm,-155,115,oddsapi
2026-10-05T21:00:06Z,2026-10-05,PHI @ TBL,d400aaff4870fbb91e584f1c8a8f05bf,sk_pts,over,Gage Goncalves,0.5,betmgm,120,-160,oddsapi
2026-10-05T21:00:06Z,2026-10-05,PHI @ TBL,d400aaff4870fbb91e584f1c8a8f05bf,sk_pts,under,Gage Goncalves,0.5,betmgm,-160,120,oddsapi
2026-10-05T21:00:06Z,2026-10-05,PHI @ TBL,d400aaff4870fbb91e584f1c8a8f05bf,sk_pts,over,Travis Sanheim,0.5,betmgm,220,-325,oddsapi
2026-10-05T21:00:06Z,2026-10-05,PHI @ TBL,d400aaff4870fbb91e584f1c8a8f05bf,sk_pts,under,Travis Sanheim,0.5,betmgm,-325,220,oddsapi
2026-10-05T21:00:06Z,2026-10-05,PHI @ TBL,d400aaff4870fbb91e584f1c8a8f05bf,sk_pts,over,Brandon Hagel,0.5,betmgm,-220,160,oddsapi
2026-10-05T21:00:06Z,2026-10-05,PHI @ TBL,d400aaff4870fbb91e584f1c8a8f05bf,sk_pts,under,Brandon Hagel,0.5,betmgm,160,-220,oddsapi
2026-10-05T21:00:06Z,2026-10-05,PHI @ TBL,d400aaff4870fbb91e584f1c8a8f05bf,sk_pts,over,Brayden Point,0.5,betmgm,-190,138,oddsapi
2026-10-05T21:00:06Z,2026-10-05,PHI @ TBL,d400aaff4870fbb91e584f1c8a8f05bf,sk_pts,under,Brayden Point,0.5,betmgm,138,-190,oddsapi
2026-10-05T21:00:06Z,2026-10-05,PHI @ TBL,d400aaff4870fbb91e584f1c8a8f05bf,sk_pts,over,Jamie Drysdale,0.5,betmgm,195,-285,oddsapi
2026-10-05T21:00:06Z,2026-10-05,PHI @ TBL,d400aaff4870fbb91e584f1c8a8f05bf,sk_pts,under,Jamie Drysdale,0.5,betmgm,-285,195,oddsapi
2026-10-05T21:00:06Z,2026-10-05,PHI @ TBL,d400aaff4870fbb91e584f1c8a8f05bf,sk_pts,over,Tyson Foerster,0.5,betmgm,145,-200,oddsapi
2026-10-05T21:00:06Z,2026-10-05,PHI @ TBL,d400aaff4870fbb91e584f1c8a8f05bf,sk_pts,under,Tyson Foerster,0.5,betmgm,-200,145,oddsapi
2026-10-05T21:00:06Z,2026-10-05,PHI @ TBL,d400aaff4870fbb91e584f1c8a8f05bf,sk_ppp,over,Jake Guentzel,0.5,betmgm,145,-200,oddsapi
2026-10-05T21:00:06Z,2026-10-05,PHI @ TBL,d400aaff4870fbb91e584f1c8a8f05bf,sk_ppp,under,Jake Guentzel,0.5,betmgm,-200,145,oddsapi
2026-10-05T21:00:06Z,2026-10-05,PHI @ TBL,d400aaff4870fbb91e584f1c8a8f05bf,sk_ppp,over,John Carlson,0.5,betmgm,140,-190,oddsapi
2026-10-05T21:00:06Z,2026-10-05,PHI @ TBL,d400aaff4870fbb91e584f1c8a8f05bf,sk_ppp,under,John Carlson,0.5,betmgm,-190,140,oddsapi
2026-10-05T21:00:06Z,2026-10-05,PHI @ TBL,d400aaff4870fbb91e584f1c8a8f05bf,sk_ppp,over,Noah Cates,0.5,betmgm,380,-1400,oddsapi
2026-10-05T21:00:06Z,2026-10-05,PHI @ TBL,d400aaff4870fbb91e584f1c8a8f05bf,sk_ppp,under,Noah Cates,0.5,betmgm,-1400,380,oddsapi
2026-10-05T21:00:06Z,2026-10-05,PHI @ TBL,d400aaff4870fbb91e584f1c8a8f05bf,sk_ppp,over,Owen Tippett,0.5,betmgm,380,-1600,oddsapi
2026-10-05T21:00:06Z,2026-10-05,PHI @ TBL,d400aaff4870fbb91e584f1c8a8f05bf,sk_ppp,under,Owen Tippett,0.5,betmgm,-1600,380,oddsapi
2026-10-05T21:00:06Z,2026-10-05,PHI @ TBL,d400aaff4870fbb91e584f1c8a8f05bf,sk_ppp,over,Porter Martone,0.5,betmgm,380,-1600,oddsapi
2026-10-05T21:00:06Z,2026-10-05,PHI @ TBL,d400aaff4870fbb91e584f1c8a8f05bf,sk_ppp,under,Porter Martone,0.5,betmgm,-1600,380,oddsapi
2026-10-05T21:00:06Z,2026-10-05,PHI @ TBL,d400aaff4870fbb91e584f1c8a8f05bf,sk_ppp,over,Nikita Kucherov,0.5,betmgm,-125,-105,oddsapi
2026-10-05T21:00:06Z,2026-10-05,PHI @ TBL,d400aaff4870fbb91e584f1c8a8f05bf,sk_ppp,under,Nikita Kucherov,0.5,betmgm,-105,-125,oddsapi
2026-10-05T21:00:06Z,2026-10-05,PHI @ TBL,d400aaff4870fbb91e584f1c8a8f05bf,sk_ppp,over,Brandon Hagel,0.5,betmgm,180,-250,oddsapi
2026-10-05T21:00:06Z,2026-10-05,PHI @ TBL,d400aaff4870fbb91e584f1c8a8f05bf,sk_ppp,under,Brandon Hagel,0.5,betmgm,-250,180,oddsapi
2026-10-05T21:00:06Z,2026-10-05,PHI @ TBL,d400aaff4870fbb91e584f1c8a8f05bf,sk_ppp,over,Matvei Michkov,0.5,betmgm,390,-1600,oddsapi
2026-10-05T21:00:06Z,2026-10-05,PHI @ TBL,d400aaff4870fbb91e584f1c8a8f05bf,sk_ppp,under,Matvei Michkov,0.5,betmgm,-1600,390,oddsapi
2026-10-05T21:00:06Z,2026-10-05,PHI @ TBL,d400aaff4870fbb91e584f1c8a8f05bf,sk_ppp,over,Travis Konecny,0.5,betmgm,380,-1200,oddsapi
2026-10-05T21:00:06Z,2026-10-05,PHI @ TBL,d400aaff4870fbb91e584f1c8a8f05bf,sk_ppp,under,Travis Konecny,0.5,betmgm,-1200,380,oddsapi
2026-10-05T21:00:06Z,2026-10-05,PHI @ TBL,d400aaff4870fbb91e584f1c8a8f05bf,sk_ppp,over,Christian Dvorak,0.5,betmgm,380,-1400,oddsapi
2026-10-05T21:00:06Z,2026-10-05,PHI @ TBL,d400aaff4870fbb91e584f1c8a8f05bf,sk_ppp,under,Christian Dvorak,0.5,betmgm,-1400,380,oddsapi
2026-10-05T21:00:06Z,2026-10-05,PHI @ TBL,d400aaff4870fbb91e584f1c8a8f05bf,sk_ppp,over,Tyson Foerster,0.5,betmgm,380,-1600,oddsapi
2026-10-05T21:00:06Z,2026-10-05,PHI @ TBL,d400aaff4870fbb91e584f1c8a8f05bf,sk_ppp,under,Tyson Foerster,0.5,betmgm,-1600,380,oddsapi
2026-10-05T21:00:06Z,2026-10-05,PHI @ TBL,d400aaff4870fbb91e584f1c8a8f05bf,sk_ppp,over,Trevor Zegras,0.5,betmgm,380,-1400,oddsapi
2026-10-05T21:00:06Z,2026-10-05,PHI @ TBL,d400aaff4870fbb91e584f1c8a8f05bf,sk_ppp,under,Trevor Zegras,0.5,betmgm,-1400,380,oddsapi
2026-10-05T21:00:06Z,2026-10-05,PHI @ TBL,d400aaff4870fbb91e584f1c8a8f05bf,sk_ppp,over,Brayden Point,0.5,betmgm,180,-250,oddsapi
2026-10-05T21:00:06Z,2026-10-05,PHI @ TBL,d400aaff4870fbb91e584f1c8a8f05bf,sk_ppp,under,Brayden Point,0.5,betmgm,-250,180,oddsapi
2026-10-05T21:00:06Z,2026-10-05,PHI @ TBL,d400aaff4870fbb91e584f1c8a8f05bf,sk_sog,over,Noah Cates,1.5,betmgm,105,-155,oddsapi
2026-10-05T21:00:06Z,2026-10-05,PHI @ TBL,d400aaff4870fbb91e584f1c8a8f05bf,sk_sog,under,Noah Cates,1.5,betmgm,-155,105,oddsapi
2026-10-05T21:00:06Z,2026-10-05,PHI @ TBL,d400aaff4870fbb91e584f1c8a8f05bf,sk_sog,over,Jake Guentzel,2.5,betmgm,-130,-111,oddsapi
2026-10-05T21:00:06Z,2026-10-05,PHI @ TBL,d400aaff4870fbb91e584f1c8a8f05bf,sk_sog,under,Jake Guentzel,2.5,betmgm,-111,-130,oddsapi
2026-10-05T21:00:06Z,2026-10-05,PHI @ TBL,d400aaff4870fbb91e584f1c8a8f05bf,sk_sog,over,Matvei Michkov,1.5,betmgm,-135,-110,oddsapi
2026-10-05T21:00:06Z,2026-10-05,PHI @ TBL,d400aaff4870fbb91e584f1c8a8f05bf,sk_sog,under,Matvei Michkov,1.5,betmgm,-110,-135,oddsapi
2026-10-05T21:00:06Z,2026-10-05,PHI @ TBL,d400aaff4870fbb91e584f1c8a8f05bf,sk_sog,over,Nikita Kucherov,2.5,betmgm,-220,150,oddsapi
2026-10-05T21:00:06Z,2026-10-05,PHI @ TBL,d400aaff4870fbb91e584f1c8a8f05bf,sk_sog,under,Nikita Kucherov,2.5,betmgm,150,-220,oddsapi
2026-10-05T21:00:06Z,2026-10-05,PHI @ TBL,d400aaff4870fbb91e584f1c8a8f05bf,sk_sog,over,Travis Konecny,1.5,betmgm,-135,-110,oddsapi
2026-10-05T21:00:06Z,2026-10-05,PHI @ TBL,d400aaff4870fbb91e584f1c8a8f05bf,sk_sog,under,Travis Konecny,1.5,betmgm,-110,-135,oddsapi
2026-10-05T21:00:06Z,2026-10-05,PHI @ TBL,d400aaff4870fbb91e584f1c8a8f05bf,sk_sog,over,Brandon Hagel,2.5,betmgm,-210,140,oddsapi
2026-10-05T21:00:06Z,2026-10-05,PHI @ TBL,d400aaff4870fbb91e584f1c8a8f05bf,sk_sog,under,Brandon Hagel,2.5,betmgm,140,-210,oddsapi
2026-10-05T21:00:06Z,2026-10-05,PHI @ TBL,d400aaff4870fbb91e584f1c8a8f05bf,sk_sog,over,Trevor Zegras,1.5,betmgm,120,-175,oddsapi
2026-10-05T21:00:06Z,2026-10-05,PHI @ TBL,d400aaff4870fbb91e584f1c8a8f05bf,sk_sog,under,Trevor Zegras,1.5,betmgm,-175,120,oddsapi
2026-10-05T21:00:06Z,2026-10-05,PHI @ TBL,d400aaff4870fbb91e584f1c8a8f05bf,sk_sog,over,Owen Tippett,1.5,betmgm,-220,130,oddsapi
2026-10-05T21:00:06Z,2026-10-05,PHI @ TBL,d400aaff4870fbb91e584f1c8a8f05bf,sk_sog,under,Owen Tippett,1.5,betmgm,130,-220,oddsapi
2026-10-05T21:00:06Z,2026-10-05,PHI @ TBL,d400aaff4870fbb91e584f1c8a8f05bf,sk_sog,over,Tyson Foerster,1.5,betmgm,-145,100,oddsapi
2026-10-05T21:00:06Z,2026-10-05,PHI @ TBL,d400aaff4870fbb91e584f1c8a8f05bf,sk_sog,under,Tyson Foerster,1.5,betmgm,100,-145,oddsapi
2026-10-05T21:00:06Z,2026-10-05,PHI @ TBL,d400aaff4870fbb91e584f1c8a8f05bf,sk_sog,over,Anthony Cirelli,1.5,betmgm,-160,110,oddsapi
2026-10-05T21:00:06Z,2026-10-05,PHI @ TBL,d400aaff4870fbb91e584f1c8a8f05bf,sk_sog,under,Anthony Cirelli,1.5,betmgm,110,-160,oddsapi
2026-10-05T21:00:06Z,2026-10-05,PHI @ TBL,d400aaff4870fbb91e584f1c8a8f05bf,sk_sog,over,Porter Martone,1.5,betmgm,-145,100,oddsapi
2026-10-05T21:00:06Z,2026-10-05,PHI @ TBL,d400aaff4870fbb91e584f1c8a8f05bf,sk_sog,under,Porter Martone,1.5,betmgm,100,-145,oddsapi
2026-10-05T21:00:06Z,2026-10-05,PHI @ TBL,d400aaff4870fbb91e584f1c8a8f05bf,sk_sog,over,Brayden Point,2.5,betmgm,110,-160,oddsapi
2026-10-05T21:00:06Z,2026-10-05,PHI @ TBL,d400aaff4870fbb91e584f1c8a8f05bf,sk_sog,under,Brayden Point,2.5,betmgm,-160,110,oddsapi
2026-10-05T21:00:06Z,2026-10-05,PHI @ TBL,d400aaff4870fbb91e584f1c8a8f05bf,sk_sog,over,John Carlson,2.5,betmgm,115,-165,oddsapi
2026-10-05T21:00:06Z,2026-10-05,PHI @ TBL,d400aaff4870fbb91e584f1c8a8f05bf,sk_sog,under,John Carlson,2.5,betmgm,-165,115,oddsapi
2026-10-05T21:00:06Z,2026-10-05,PHI @ TBL,d400aaff4870fbb91e584f1c8a8f05bf,p1_pl,PHI,,2,betmgm,-3000,950,oddsapi
2026-10-05T21:00:06Z,2026-10-05,PHI @ TBL,d400aaff4870fbb91e584f1c8a8f05bf,p1_pl,TBL,,-2,betmgm,950,-3000,oddsapi
2026-10-05T21:00:06Z,2026-10-05,PHI @ TBL,d400aaff4870fbb91e584f1c8a8f05bf,p2_pl,PHI,,2,betmgm,-2500,750,oddsapi
2026-10-05T21:00:06Z,2026-10-05,PHI @ TBL,d400aaff4870fbb91e584f1c8a8f05bf,p2_pl,TBL,,-2,betmgm,750,-2500,oddsapi
2026-10-05T21:00:06Z,2026-10-05,PHI @ TBL,d400aaff4870fbb91e584f1c8a8f05bf,p3_pl,PHI,,2,betmgm,-1600,625,oddsapi
2026-10-05T21:00:06Z,2026-10-05,PHI @ TBL,d400aaff4870fbb91e584f1c8a8f05bf,p3_pl,TBL,,-2,betmgm,625,-1600,oddsapi
2026-10-05T21:00:06Z,2026-10-05,PHI @ TBL,d400aaff4870fbb91e584f1c8a8f05bf,team_total,over,PHI,2.5,betmgm,100,-140,oddsapi
2026-10-05T21:00:06Z,2026-10-05,PHI @ TBL,d400aaff4870fbb91e584f1c8a8f05bf,team_total,under,PHI,2.5,betmgm,-140,100,oddsapi
2026-10-05T21:00:06Z,2026-10-05,PHI @ TBL,d400aaff4870fbb91e584f1c8a8f05bf,team_total,over,TBL,3.5,betmgm,-120,-115,oddsapi
2026-10-05T21:00:06Z,2026-10-05,PHI @ TBL,d400aaff4870fbb91e584f1c8a8f05bf,team_total,under,TBL,3.5,betmgm,-115,-120,oddsapi
2026-10-05T21:00:06Z,2026-10-05,PHI @ TBL,d400aaff4870fbb91e584f1c8a8f05bf,p1_total,over,,2.5,betmgm,250,-350,oddsapi
2026-10-05T21:00:06Z,2026-10-05,PHI @ TBL,d400aaff4870fbb91e584f1c8a8f05bf,p1_total,under,,2.5,betmgm,-350,250,oddsapi
2026-10-05T21:00:06Z,2026-10-05,PHI @ TBL,d400aaff4870fbb91e584f1c8a8f05bf,p2_total,over,,3,betmgm,360,-625,oddsapi
2026-10-05T21:00:06Z,2026-10-05,PHI @ TBL,d400aaff4870fbb91e584f1c8a8f05bf,p2_total,under,,3,betmgm,-625,360,oddsapi
2026-10-05T21:00:06Z,2026-10-05,PHI @ TBL,d400aaff4870fbb91e584f1c8a8f05bf,p3_total,over,,3,betmgm,310,-500,oddsapi
2026-10-05T21:00:06Z,2026-10-05,PHI @ TBL,d400aaff4870fbb91e584f1c8a8f05bf,p3_total,under,,3,betmgm,-500,310,oddsapi
2026-10-05T21:00:06Z,2026-10-05,OTT @ BOS,65b60049b3c77a94c346f74d8b897e4b,game_pl_alt,BOS,,3.5,draftkings,-1800,800,oddsapi
2026-10-05T21:00:06Z,2026-10-05,OTT @ BOS,65b60049b3c77a94c346f74d8b897e4b,game_pl_alt,BOS,,2.5,draftkings,-550,350,oddsapi
2026-10-05T21:00:06Z,2026-10-05,OTT @ BOS,65b60049b3c77a94c346f74d8b897e4b,game_pl_alt,BOS,,-1.5,draftkings,210,-290,oddsapi
2026-10-05T21:00:06Z,2026-10-05,OTT @ BOS,65b60049b3c77a94c346f74d8b897e4b,game_pl_alt,BOS,,-2.5,draftkings,360,-575,oddsapi
2026-10-05T21:00:06Z,2026-10-05,OTT @ BOS,65b60049b3c77a94c346f74d8b897e4b,game_pl_alt,BOS,,-3.5,draftkings,800,-1800,oddsapi
2026-10-05T21:00:06Z,2026-10-05,OTT @ BOS,65b60049b3c77a94c346f74d8b897e4b,game_pl_alt,OTT,,-3.5,draftkings,800,-1800,oddsapi
2026-10-05T21:00:06Z,2026-10-05,OTT @ BOS,65b60049b3c77a94c346f74d8b897e4b,game_pl_alt,OTT,,-2.5,draftkings,350,-550,oddsapi
2026-10-05T21:00:06Z,2026-10-05,OTT @ BOS,65b60049b3c77a94c346f74d8b897e4b,game_pl_alt,OTT,,1.5,draftkings,-290,210,oddsapi
2026-10-05T21:00:06Z,2026-10-05,OTT @ BOS,65b60049b3c77a94c346f74d8b897e4b,game_pl_alt,OTT,,2.5,draftkings,-575,360,oddsapi
2026-10-05T21:00:06Z,2026-10-05,OTT @ BOS,65b60049b3c77a94c346f74d8b897e4b,game_pl_alt,OTT,,3.5,draftkings,-1800,800,oddsapi
2026-10-05T21:00:06Z,2026-10-05,OTT @ BOS,65b60049b3c77a94c346f74d8b897e4b,team_total_alt,over,BOS,0.5,draftkings,-2800,1000,oddsapi
2026-10-05T21:00:06Z,2026-10-05,OTT @ BOS,65b60049b3c77a94c346f74d8b897e4b,team_total_alt,under,BOS,0.5,draftkings,1000,-2800,oddsapi
2026-10-05T21:00:06Z,2026-10-05,OTT @ BOS,65b60049b3c77a94c346f74d8b897e4b,team_total_alt,over,BOS,1.5,draftkings,-450,300,oddsapi
2026-10-05T21:00:06Z,2026-10-05,OTT @ BOS,65b60049b3c77a94c346f74d8b897e4b,team_total_alt,under,BOS,1.5,draftkings,300,-450,oddsapi
2026-10-05T21:00:06Z,2026-10-05,OTT @ BOS,65b60049b3c77a94c346f74d8b897e4b,team_total_alt,over,BOS,2.5,draftkings,-155,115,oddsapi
2026-10-05T21:00:06Z,2026-10-05,OTT @ BOS,65b60049b3c77a94c346f74d8b897e4b,team_total_alt,under,BOS,2.5,draftkings,115,-155,oddsapi
2026-10-05T21:00:06Z,2026-10-05,OTT @ BOS,65b60049b3c77a94c346f74d8b897e4b,team_total_alt,over,BOS,3.5,draftkings,155,-210,oddsapi
2026-10-05T21:00:06Z,2026-10-05,OTT @ BOS,65b60049b3c77a94c346f74d8b897e4b,team_total_alt,under,BOS,3.5,draftkings,-210,155,oddsapi
2026-10-05T21:00:06Z,2026-10-05,OTT @ BOS,65b60049b3c77a94c346f74d8b897e4b,team_total_alt,over,BOS,4.5,draftkings,350,-550,oddsapi
2026-10-05T21:00:06Z,2026-10-05,OTT @ BOS,65b60049b3c77a94c346f74d8b897e4b,team_total_alt,under,BOS,4.5,draftkings,-550,350,oddsapi
2026-10-05T21:00:06Z,2026-10-05,OTT @ BOS,65b60049b3c77a94c346f74d8b897e4b,team_total_alt,over,BOS,5.5,draftkings,850,-2000,oddsapi
2026-10-05T21:00:06Z,2026-10-05,OTT @ BOS,65b60049b3c77a94c346f74d8b897e4b,team_total_alt,under,BOS,5.5,draftkings,-2000,850,oddsapi
2026-10-05T21:00:06Z,2026-10-05,OTT @ BOS,65b60049b3c77a94c346f74d8b897e4b,team_total_alt,over,OTT,0.5,draftkings,-2800,1000,oddsapi
2026-10-05T21:00:06Z,2026-10-05,OTT @ BOS,65b60049b3c77a94c346f74d8b897e4b,team_total_alt,under,OTT,0.5,draftkings,1000,-2800,oddsapi
2026-10-05T21:00:06Z,2026-10-05,OTT @ BOS,65b60049b3c77a94c346f74d8b897e4b,team_total_alt,over,OTT,1.5,draftkings,-440,295,oddsapi
2026-10-05T21:00:06Z,2026-10-05,OTT @ BOS,65b60049b3c77a94c346f74d8b897e4b,team_total_alt,under,OTT,1.5,draftkings,295,-440,oddsapi
2026-10-05T21:00:06Z,2026-10-05,OTT @ BOS,65b60049b3c77a94c346f74d8b897e4b,team_total_alt,over,OTT,2.5,draftkings,-160,120,oddsapi
2026-10-05T21:00:06Z,2026-10-05,OTT @ BOS,65b60049b3c77a94c346f74d8b897e4b,team_total_alt,under,OTT,2.5,draftkings,120,-160,oddsapi
2026-10-05T21:00:06Z,2026-10-05,OTT @ BOS,65b60049b3c77a94c346f74d8b897e4b,team_total_alt,over,OTT,3.5,draftkings,150,-200,oddsapi
2026-10-05T21:00:06Z,2026-10-05,OTT @ BOS,65b60049b3c77a94c346f74d8b897e4b,team_total_alt,under,OTT,3.5,draftkings,-200,150,oddsapi
2026-10-05T21:00:06Z,2026-10-05,OTT @ BOS,65b60049b3c77a94c346f74d8b897e4b,team_total_alt,over,OTT,4.5,draftkings,350,-550,oddsapi
2026-10-05T21:00:06Z,2026-10-05,OTT @ BOS,65b60049b3c77a94c346f74d8b897e4b,team_total_alt,under,OTT,4.5,draftkings,-550,350,oddsapi
2026-10-05T21:00:06Z,2026-10-05,OTT @ BOS,65b60049b3c77a94c346f74d8b897e4b,team_total_alt,over,OTT,5.5,draftkings,850,-2000,oddsapi
2026-10-05T21:00:06Z,2026-10-05,OTT @ BOS,65b60049b3c77a94c346f74d8b897e4b,team_total_alt,under,OTT,5.5,draftkings,-2000,850,oddsapi
2026-10-05T21:00:06Z,2026-10-05,OTT @ BOS,65b60049b3c77a94c346f74d8b897e4b,game_total_alt,over,,3.5,draftkings,-650,400,oddsapi
2026-10-05T21:00:06Z,2026-10-05,OTT @ BOS,65b60049b3c77a94c346f74d8b897e4b,game_total_alt,over,,4.5,draftkings,-340,240,oddsapi
2026-10-05T21:00:06Z,2026-10-05,OTT @ BOS,65b60049b3c77a94c346f74d8b897e4b,game_total_alt,over,,6.5,draftkings,130,-170,oddsapi
2026-10-05T21:00:06Z,2026-10-05,OTT @ BOS,65b60049b3c77a94c346f74d8b897e4b,game_total_alt,over,,7.5,draftkings,300,-450,oddsapi
2026-10-05T21:00:06Z,2026-10-05,OTT @ BOS,65b60049b3c77a94c346f74d8b897e4b,game_total_alt,over,,8.5,draftkings,460,-800,oddsapi
2026-10-05T21:00:06Z,2026-10-05,OTT @ BOS,65b60049b3c77a94c346f74d8b897e4b,game_total_alt,over,,9.5,draftkings,1000,-2800,oddsapi
2026-10-05T21:00:06Z,2026-10-05,OTT @ BOS,65b60049b3c77a94c346f74d8b897e4b,game_total_alt,under,,3.5,draftkings,400,-650,oddsapi
2026-10-05T21:00:06Z,2026-10-05,OTT @ BOS,65b60049b3c77a94c346f74d8b897e4b,game_total_alt,under,,4.5,draftkings,240,-340,oddsapi
2026-10-05T21:00:06Z,2026-10-05,OTT @ BOS,65b60049b3c77a94c346f74d8b897e4b,game_total_alt,under,,6.5,draftkings,-170,130,oddsapi
2026-10-05T21:00:06Z,2026-10-05,OTT @ BOS,65b60049b3c77a94c346f74d8b897e4b,game_total_alt,under,,7.5,draftkings,-450,300,oddsapi
2026-10-05T21:00:06Z,2026-10-05,OTT @ BOS,65b60049b3c77a94c346f74d8b897e4b,game_total_alt,under,,8.5,draftkings,-800,460,oddsapi
2026-10-05T21:00:06Z,2026-10-05,OTT @ BOS,65b60049b3c77a94c346f74d8b897e4b,game_total_alt,under,,9.5,draftkings,-2800,1000,oddsapi
2026-10-05T21:00:06Z,2026-10-05,OTT @ BOS,65b60049b3c77a94c346f74d8b897e4b,game_ml3,BOS,,,draftkings,140,,oddsapi
2026-10-05T21:00:06Z,2026-10-05,OTT @ BOS,65b60049b3c77a94c346f74d8b897e4b,game_ml3,OTT,,,draftkings,140,,oddsapi
2026-10-05T21:00:06Z,2026-10-05,OTT @ BOS,65b60049b3c77a94c346f74d8b897e4b,game_ml3,draw,,,draftkings,300,,oddsapi
2026-10-05T21:00:06Z,2026-10-05,OTT @ BOS,65b60049b3c77a94c346f74d8b897e4b,p1_ml3,BOS,,,draftkings,185,,oddsapi
2026-10-05T21:00:06Z,2026-10-05,OTT @ BOS,65b60049b3c77a94c346f74d8b897e4b,p1_ml3,OTT,,,draftkings,185,,oddsapi
2026-10-05T21:00:06Z,2026-10-05,OTT @ BOS,65b60049b3c77a94c346f74d8b897e4b,p1_ml3,draw,,,draftkings,170,,oddsapi
2026-10-05T21:00:06Z,2026-10-05,OTT @ BOS,65b60049b3c77a94c346f74d8b897e4b,p2_ml3,BOS,,,draftkings,175,,oddsapi
2026-10-05T21:00:06Z,2026-10-05,OTT @ BOS,65b60049b3c77a94c346f74d8b897e4b,p2_ml3,OTT,,,draftkings,170,,oddsapi
2026-10-05T21:00:06Z,2026-10-05,OTT @ BOS,65b60049b3c77a94c346f74d8b897e4b,p2_ml3,draw,,,draftkings,195,,oddsapi
2026-10-05T21:00:06Z,2026-10-05,OTT @ BOS,65b60049b3c77a94c346f74d8b897e4b,p3_ml3,BOS,,,draftkings,155,,oddsapi
2026-10-05T21:00:06Z,2026-10-05,OTT @ BOS,65b60049b3c77a94c346f74d8b897e4b,p3_ml3,OTT,,,draftkings,155,,oddsapi
2026-10-05T21:00:06Z,2026-10-05,OTT @ BOS,65b60049b3c77a94c346f74d8b897e4b,p3_ml3,draw,,,draftkings,240,,oddsapi
2026-10-05T21:00:06Z,2026-10-05,OTT @ BOS,65b60049b3c77a94c346f74d8b897e4b,sk_a,over,David Pastrnak,0.5,draftkings,-105,-130,oddsapi
2026-10-05T21:00:06Z,2026-10-05,OTT @ BOS,65b60049b3c77a94c346f74d8b897e4b,sk_a,under,David Pastrnak,0.5,draftkings,-130,-105,oddsapi
2026-10-05T21:00:06Z,2026-10-05,OTT @ BOS,65b60049b3c77a94c346f74d8b897e4b,sk_a,over,Tim Stützle,0.5,draftkings,105,-140,oddsapi
2026-10-05T21:00:06Z,2026-10-05,OTT @ BOS,65b60049b3c77a94c346f74d8b897e4b,sk_a,under,Tim Stützle,0.5,draftkings,-140,105,oddsapi
2026-10-05T21:00:06Z,2026-10-05,OTT @ BOS,65b60049b3c77a94c346f74d8b897e4b,sk_a,over,Thomas Chabot,0.5,draftkings,155,-210,oddsapi
2026-10-05T21:00:06Z,2026-10-05,OTT @ BOS,65b60049b3c77a94c346f74d8b897e4b,sk_a,under,Thomas Chabot,0.5,draftkings,-210,155,oddsapi
2026-10-05T21:00:06Z,2026-10-05,OTT @ BOS,65b60049b3c77a94c346f74d8b897e4b,sk_a,over,Drake Batherson,0.5,draftkings,170,-235,oddsapi
2026-10-05T21:00:06Z,2026-10-05,OTT @ BOS,65b60049b3c77a94c346f74d8b897e4b,sk_a,under,Drake Batherson,0.5,draftkings,-235,170,oddsapi
2026-10-05T21:00:06Z,2026-10-05,OTT @ BOS,65b60049b3c77a94c346f74d8b897e4b,sk_a,over,Dylan Cozens,0.5,draftkings,170,-230,oddsapi
2026-10-05T21:00:06Z,2026-10-05,OTT @ BOS,65b60049b3c77a94c346f74d8b897e4b,sk_a,under,Dylan Cozens,0.5,draftkings,-230,170,oddsapi
2026-10-05T21:00:06Z,2026-10-05,OTT @ BOS,65b60049b3c77a94c346f74d8b897e4b,sk_a,over,William Eklund,0.5,draftkings,175,-245,oddsapi
2026-10-05T21:00:06Z,2026-10-05,OTT @ BOS,65b60049b3c77a94c346f74d8b897e4b,sk_a,under,William Eklund,0.5,draftkings,-245,175,oddsapi
2026-10-05T21:00:06Z,2026-10-05,OTT @ BOS,65b60049b3c77a94c346f74d8b897e4b,sk_a,over,Hampus Lindholm,0.5,draftkings,185,-255,oddsapi
2026-10-05T21:00:06Z,2026-10-05,OTT @ BOS,65b60049b3c77a94c346f74d8b897e4b,sk_a,under,Hampus Lindholm,0.5,draftkings,-255,185,oddsapi
2026-10-05T21:00:06Z,2026-10-05,OTT @ BOS,65b60049b3c77a94c346f74d8b897e4b,sk_a,over,Morgan Geekie,0.5,draftkings,185,-250,oddsapi
2026-10-05T21:00:06Z,2026-10-05,OTT @ BOS,65b60049b3c77a94c346f74d8b897e4b,sk_a,under,Morgan Geekie,0.5,draftkings,-250,185,oddsapi
2026-10-05T21:00:06Z,2026-10-05,OTT @ BOS,65b60049b3c77a94c346f74d8b897e4b,sk_a,over,Pavel Zacha,0.5,draftkings,185,-255,oddsapi
2026-10-05T21:00:06Z,2026-10-05,OTT @ BOS,65b60049b3c77a94c346f74d8b897e4b,sk_a,under,Pavel Zacha,0.5,draftkings,-255,185,oddsapi
2026-10-05T21:00:06Z,2026-10-05,OTT @ BOS,65b60049b3c77a94c346f74d8b897e4b,sk_a,over,JJ Peterka,0.5,draftkings,190,-265,oddsapi
2026-10-05T21:00:06Z,2026-10-05,OTT @ BOS,65b60049b3c77a94c346f74d8b897e4b,sk_a,under,JJ Peterka,0.5,draftkings,-265,190,oddsapi
2026-10-05T21:00:06Z,2026-10-05,OTT @ BOS,65b60049b3c77a94c346f74d8b897e4b,sk_a,over,Jordan Spence,0.5,draftkings,195,-265,oddsapi
2026-10-05T21:00:06Z,2026-10-05,OTT @ BOS,65b60049b3c77a94c346f74d8b897e4b,sk_a,under,Jordan Spence,0.5,draftkings,-265,195,oddsapi
2026-10-05T21:00:06Z,2026-10-05,OTT @ BOS,65b60049b3c77a94c346f74d8b897e4b,sk_a,over,Elias Lindholm,0.5,draftkings,200,-275,oddsapi
2026-10-05T21:00:06Z,2026-10-05,OTT @ BOS,65b60049b3c77a94c346f74d8b897e4b,sk_a,under,Elias Lindholm,0.5,draftkings,-275,200,oddsapi
2026-10-05T21:00:06Z,2026-10-05,OTT @ BOS,65b60049b3c77a94c346f74d8b897e4b,sk_a,over,Carter Yakemchuk,0.5,draftkings,225,-310,oddsapi
2026-10-05T21:00:06Z,2026-10-05,OTT @ BOS,65b60049b3c77a94c346f74d8b897e4b,sk_a,under,Carter Yakemchuk,0.5,draftkings,-310,225,oddsapi
2026-10-05T21:00:06Z,2026-10-05,OTT @ BOS,65b60049b3c77a94c346f74d8b897e4b,sk_a,over,Casey Mittelstadt,0.5,draftkings,230,-320,oddsapi
2026-10-05T21:00:06Z,2026-10-05,OTT @ BOS,65b60049b3c77a94c346f74d8b897e4b,sk_a,under,Casey Mittelstadt,0.5,draftkings,-320,230,oddsapi
2026-10-05T21:00:06Z,2026-10-05,OTT @ BOS,65b60049b3c77a94c346f74d8b897e4b,sk_a,over,Claude Giroux,0.5,draftkings,245,-340,oddsapi
2026-10-05T21:00:06Z,2026-10-05,OTT @ BOS,65b60049b3c77a94c346f74d8b897e4b,sk_a,under,Claude Giroux,0.5,draftkings,-340,245,oddsapi
2026-10-05T21:00:06Z,2026-10-05,OTT @ BOS,65b60049b3c77a94c346f74d8b897e4b,sk_a,over,Shane Pinto,0.5,draftkings,295,-425,oddsapi
2026-10-05T21:00:06Z,2026-10-05,OTT @ BOS,65b60049b3c77a94c346f74d8b897e4b,sk_a,under,Shane Pinto,0.5,draftkings,-425,295,oddsapi
2026-10-05T21:00:06Z,2026-10-05,OTT @ BOS,65b60049b3c77a94c346f74d8b897e4b,ags,yes,David Pastrnak,,draftkings,130,,oddsapi
2026-10-05T21:00:06Z,2026-10-05,OTT @ BOS,65b60049b3c77a94c346f74d8b897e4b,ags,yes,Tim Stützle,,draftkings,220,,oddsapi
2026-10-05T21:00:06Z,2026-10-05,OTT @ BOS,65b60049b3c77a94c346f74d8b897e4b,ags,yes,Morgan Geekie,,draftkings,225,,oddsapi
2026-10-05T21:00:06Z,2026-10-05,OTT @ BOS,65b60049b3c77a94c346f74d8b897e4b,ags,yes,Drake Batherson,,draftkings,225,,oddsapi
2026-10-05T21:00:06Z,2026-10-05,OTT @ BOS,65b60049b3c77a94c346f74d8b897e4b,ags,yes,JJ Peterka,,draftkings,265,,oddsapi
2026-10-05T21:00:06Z,2026-10-05,OTT @ BOS,65b60049b3c77a94c346f74d8b897e4b,ags,yes,Dylan Cozens,,draftkings,265,,oddsapi
2026-10-05T21:00:06Z,2026-10-05,OTT @ BOS,65b60049b3c77a94c346f74d8b897e4b,ags,yes,Pavel Zacha,,draftkings,285,,oddsapi
2026-10-05T21:00:06Z,2026-10-05,OTT @ BOS,65b60049b3c77a94c346f74d8b897e4b,ags,yes,Shane Pinto,,draftkings,285,,oddsapi
2026-10-05T21:00:06Z,2026-10-05,OTT @ BOS,65b60049b3c77a94c346f74d8b897e4b,ags,yes,William Eklund,,draftkings,285,,oddsapi
2026-10-05T21:00:06Z,2026-10-05,OTT @ BOS,65b60049b3c77a94c346f74d8b897e4b,ags,yes,Elias Lindholm,,draftkings,330,,oddsapi
2026-10-05T21:00:06Z,2026-10-05,OTT @ BOS,65b60049b3c77a94c346f74d8b897e4b,ags,yes,Claude Giroux,,draftkings,370,,oddsapi
2026-10-05T21:00:06Z,2026-10-05,OTT @ BOS,65b60049b3c77a94c346f74d8b897e4b,ags,yes,Fraser Minten,,draftkings,380,,oddsapi
2026-10-05T21:00:06Z,2026-10-05,OTT @ BOS,65b60049b3c77a94c346f74d8b897e4b,ags,yes,Fabian Zetterlund,,draftkings,425,,oddsapi
2026-10-05T21:00:06Z,2026-10-05,OTT @ BOS,65b60049b3c77a94c346f74d8b897e4b,ags,yes,Warren Foegele,,draftkings,425,,oddsapi
2026-10-05T21:00:06Z,2026-10-05,OTT @ BOS,65b60049b3c77a94c346f74d8b897e4b,ags,yes,Casey Mittelstadt,,draftkings,500,,oddsapi
2026-10-05T21:00:06Z,2026-10-05,OTT @ BOS,65b60049b3c77a94c346f74d8b897e4b,ags,yes,James Hagens,,draftkings,500,,oddsapi
2026-10-05T21:00:06Z,2026-10-05,OTT @ BOS,65b60049b3c77a94c346f74d8b897e4b,ags,yes,Thomas Chabot,,draftkings,500,,oddsapi
2026-10-05T21:00:06Z,2026-10-05,OTT @ BOS,65b60049b3c77a94c346f74d8b897e4b,ags,yes,Carter Yakemchuk,,draftkings,550,,oddsapi
2026-10-05T21:00:06Z,2026-10-05,OTT @ BOS,65b60049b3c77a94c346f74d8b897e4b,ags,yes,Stephen Halliday,,draftkings,600,,oddsapi
2026-10-05T21:00:06Z,2026-10-05,OTT @ BOS,65b60049b3c77a94c346f74d8b897e4b,ags,yes,Michael Amadio,,draftkings,650,,oddsapi
2026-10-05T21:00:06Z,2026-10-05,OTT @ BOS,65b60049b3c77a94c346f74d8b897e4b,ags,yes,Tanner Jeannot,,draftkings,700,,oddsapi
2026-10-05T21:00:06Z,2026-10-05,OTT @ BOS,65b60049b3c77a94c346f74d8b897e4b,ags,yes,Mark Kastelic,,draftkings,700,,oddsapi
2026-10-05T21:00:06Z,2026-10-05,OTT @ BOS,65b60049b3c77a94c346f74d8b897e4b,ags,yes,Marat Khusnutdinov,,draftkings,750,,oddsapi
2026-10-05T21:00:06Z,2026-10-05,OTT @ BOS,65b60049b3c77a94c346f74d8b897e4b,ags,yes,Hampus Lindholm,,draftkings,750,,oddsapi
2026-10-05T21:00:06Z,2026-10-05,OTT @ BOS,65b60049b3c77a94c346f74d8b897e4b,ags,yes,Matthew Poitras,,draftkings,900,,oddsapi
2026-10-05T21:00:06Z,2026-10-05,OTT @ BOS,65b60049b3c77a94c346f74d8b897e4b,ags,yes,Mason Lohrei,,draftkings,900,,oddsapi
2026-10-05T21:00:06Z,2026-10-05,OTT @ BOS,65b60049b3c77a94c346f74d8b897e4b,ags,yes,Jordan Spence,,draftkings,1100,,oddsapi
2026-10-05T21:00:06Z,2026-10-05,OTT @ BOS,65b60049b3c77a94c346f74d8b897e4b,ags,yes,Cameron Crotty,,draftkings,1100,,oddsapi
2026-10-05T21:00:06Z,2026-10-05,OTT @ BOS,65b60049b3c77a94c346f74d8b897e4b,ags,yes,Nick Cousins,,draftkings,1100,,oddsapi
2026-10-05T21:00:06Z,2026-10-05,OTT @ BOS,65b60049b3c77a94c346f74d8b897e4b,ags,yes,Hayden Hodgson,,draftkings,1200,,oddsapi
2026-10-05T21:00:06Z,2026-10-05,OTT @ BOS,65b60049b3c77a94c346f74d8b897e4b,ags,yes,Nikita Zadorov,,draftkings,1600,,oddsapi
2026-10-05T21:00:06Z,2026-10-05,OTT @ BOS,65b60049b3c77a94c346f74d8b897e4b,ags,yes,Connor Clifton,,draftkings,1700,,oddsapi
2026-10-05T21:00:06Z,2026-10-05,OTT @ BOS,65b60049b3c77a94c346f74d8b897e4b,ags,yes,Tyler Kleven,,draftkings,1700,,oddsapi
2026-10-05T21:00:06Z,2026-10-05,OTT @ BOS,65b60049b3c77a94c346f74d8b897e4b,ags,yes,Nikolas Matinpalo,,draftkings,1900,,oddsapi
2026-10-05T21:00:06Z,2026-10-05,OTT @ BOS,65b60049b3c77a94c346f74d8b897e4b,ags,yes,Frederic Brunet,,draftkings,1900,,oddsapi
2026-10-05T21:00:06Z,2026-10-05,OTT @ BOS,65b60049b3c77a94c346f74d8b897e4b,ags,yes,Will Borgen,,draftkings,1900,,oddsapi
2026-10-05T21:00:06Z,2026-10-05,OTT @ BOS,65b60049b3c77a94c346f74d8b897e4b,fgs,yes,David Pastrnak,,draftkings,800,,oddsapi
2026-10-05T21:00:06Z,2026-10-05,OTT @ BOS,65b60049b3c77a94c346f74d8b897e4b,fgs,yes,Drake Batherson,,draftkings,1200,,oddsapi
2026-10-05T21:00:06Z,2026-10-05,OTT @ BOS,65b60049b3c77a94c346f74d8b897e4b,fgs,yes,Tim Stützle,,draftkings,1300,,oddsapi
2026-10-05T21:00:06Z,2026-10-05,OTT @ BOS,65b60049b3c77a94c346f74d8b897e4b,fgs,yes,Morgan Geekie,,draftkings,1400,,oddsapi
2026-10-05T21:00:06Z,2026-10-05,OTT @ BOS,65b60049b3c77a94c346f74d8b897e4b,fgs,yes,JJ Peterka,,draftkings,1400,,oddsapi
2026-10-05T21:00:06Z,2026-10-05,OTT @ BOS,65b60049b3c77a94c346f74d8b897e4b,fgs,yes,Shane Pinto,,draftkings,1600,,oddsapi
2026-10-05T21:00:06Z,2026-10-05,OTT @ BOS,65b60049b3c77a94c346f74d8b897e4b,fgs,yes,Dylan Cozens,,draftkings,1600,,oddsapi
2026-10-05T21:00:06Z,2026-10-05,OTT @ BOS,65b60049b3c77a94c346f74d8b897e4b,fgs,yes,Elias Lindholm,,draftkings,1700,,oddsapi
2026-10-05T21:00:06Z,2026-10-05,OTT @ BOS,65b60049b3c77a94c346f74d8b897e4b,fgs,yes,Pavel Zacha,,draftkings,1700,,oddsapi
2026-10-05T21:00:06Z,2026-10-05,OTT @ BOS,65b60049b3c77a94c346f74d8b897e4b,fgs,yes,William Eklund,,draftkings,1800,,oddsapi
2026-10-05T21:00:06Z,2026-10-05,OTT @ BOS,65b60049b3c77a94c346f74d8b897e4b,fgs,yes,Claude Giroux,,draftkings,2200,,oddsapi
2026-10-05T21:00:06Z,2026-10-05,OTT @ BOS,65b60049b3c77a94c346f74d8b897e4b,fgs,yes,Warren Foegele,,draftkings,2200,,oddsapi
2026-10-05T21:00:06Z,2026-10-05,OTT @ BOS,65b60049b3c77a94c346f74d8b897e4b,fgs,yes,Fraser Minten,,draftkings,2200,,oddsapi
2026-10-05T21:00:06Z,2026-10-05,OTT @ BOS,65b60049b3c77a94c346f74d8b897e4b,fgs,yes,Fabian Zetterlund,,draftkings,2500,,oddsapi
2026-10-05T21:00:06Z,2026-10-05,OTT @ BOS,65b60049b3c77a94c346f74d8b897e4b,fgs,yes,James Hagens,,draftkings,2500,,oddsapi
2026-10-05T21:00:06Z,2026-10-05,OTT @ BOS,65b60049b3c77a94c346f74d8b897e4b,fgs,yes,Thomas Chabot,,draftkings,2800,,oddsapi
2026-10-05T21:00:06Z,2026-10-05,OTT @ BOS,65b60049b3c77a94c346f74d8b897e4b,fgs,yes,Casey Mittelstadt,,draftkings,3000,,oddsapi
2026-10-05T21:00:06Z,2026-10-05,OTT @ BOS,65b60049b3c77a94c346f74d8b897e4b,fgs,yes,Stephen Halliday,,draftkings,3000,,oddsapi
2026-10-05T21:00:06Z,2026-10-05,OTT @ BOS,65b60049b3c77a94c346f74d8b897e4b,fgs,yes,Carter Yakemchuk,,draftkings,3000,,oddsapi
2026-10-05T21:00:06Z,2026-10-05,OTT @ BOS,65b60049b3c77a94c346f74d8b897e4b,fgs,yes,Hampus Lindholm,,draftkings,3500,,oddsapi
2026-10-05T21:00:06Z,2026-10-05,OTT @ BOS,65b60049b3c77a94c346f74d8b897e4b,fgs,yes,Tanner Jeannot,,draftkings,3500,,oddsapi
2026-10-05T21:00:06Z,2026-10-05,OTT @ BOS,65b60049b3c77a94c346f74d8b897e4b,fgs,yes,Michael Amadio,,draftkings,3500,,oddsapi
2026-10-05T21:00:06Z,2026-10-05,OTT @ BOS,65b60049b3c77a94c346f74d8b897e4b,fgs,yes,Mark Kastelic,,draftkings,3500,,oddsapi
2026-10-05T21:00:06Z,2026-10-05,OTT @ BOS,65b60049b3c77a94c346f74d8b897e4b,fgs,yes,Mason Lohrei,,draftkings,4000,,oddsapi
2026-10-05T21:00:06Z,2026-10-05,OTT @ BOS,65b60049b3c77a94c346f74d8b897e4b,fgs,yes,Marat Khusnutdinov,,draftkings,4000,,oddsapi
2026-10-05T21:00:06Z,2026-10-05,OTT @ BOS,65b60049b3c77a94c346f74d8b897e4b,fgs,yes,Matthew Poitras,,draftkings,4500,,oddsapi
2026-10-05T21:00:06Z,2026-10-05,OTT @ BOS,65b60049b3c77a94c346f74d8b897e4b,fgs,yes,Jordan Spence,,draftkings,5000,,oddsapi
2026-10-05T21:00:06Z,2026-10-05,OTT @ BOS,65b60049b3c77a94c346f74d8b897e4b,fgs,yes,Hayden Hodgson,,draftkings,5500,,oddsapi
2026-10-05T21:00:06Z,2026-10-05,OTT @ BOS,65b60049b3c77a94c346f74d8b897e4b,fgs,yes,Nick Cousins,,draftkings,5500,,oddsapi
2026-10-05T21:00:06Z,2026-10-05,OTT @ BOS,65b60049b3c77a94c346f74d8b897e4b,fgs,yes,Cameron Crotty,,draftkings,5500,,oddsapi
2026-10-05T21:00:06Z,2026-10-05,OTT @ BOS,65b60049b3c77a94c346f74d8b897e4b,fgs,yes,Will Borgen,,draftkings,7500,,oddsapi
2026-10-05T21:00:06Z,2026-10-05,OTT @ BOS,65b60049b3c77a94c346f74d8b897e4b,fgs,yes,Connor Clifton,,draftkings,7500,,oddsapi
2026-10-05T21:00:06Z,2026-10-05,OTT @ BOS,65b60049b3c77a94c346f74d8b897e4b,fgs,yes,Nikita Zadorov,,draftkings,8000,,oddsapi
2026-10-05T21:00:06Z,2026-10-05,OTT @ BOS,65b60049b3c77a94c346f74d8b897e4b,fgs,yes,Tyler Kleven,,draftkings,8000,,oddsapi
2026-10-05T21:00:06Z,2026-10-05,OTT @ BOS,65b60049b3c77a94c346f74d8b897e4b,fgs,yes,Nikolas Matinpalo,,draftkings,8000,,oddsapi
2026-10-05T21:00:06Z,2026-10-05,OTT @ BOS,65b60049b3c77a94c346f74d8b897e4b,fgs,yes,Frederic Brunet,,draftkings,8000,,oddsapi
2026-10-05T21:00:06Z,2026-10-05,OTT @ BOS,65b60049b3c77a94c346f74d8b897e4b,lgs,yes,David Pastrnak,,draftkings,750,,oddsapi
2026-10-05T21:00:06Z,2026-10-05,OTT @ BOS,65b60049b3c77a94c346f74d8b897e4b,lgs,yes,Morgan Geekie,,draftkings,1100,,oddsapi
2026-10-05T21:00:06Z,2026-10-05,OTT @ BOS,65b60049b3c77a94c346f74d8b897e4b,lgs,yes,Tim Stützle,,draftkings,1100,,oddsapi
2026-10-05T21:00:06Z,2026-10-05,OTT @ BOS,65b60049b3c77a94c346f74d8b897e4b,lgs,yes,Dylan Cozens,,draftkings,1200,,oddsapi
2026-10-05T21:00:06Z,2026-10-05,OTT @ BOS,65b60049b3c77a94c346f74d8b897e4b,lgs,yes,Drake Batherson,,draftkings,1200,,oddsapi
2026-10-05T21:00:06Z,2026-10-05,OTT @ BOS,65b60049b3c77a94c346f74d8b897e4b,lgs,yes,JJ Peterka,,draftkings,1300,,oddsapi
2026-10-05T21:00:06Z,2026-10-05,OTT @ BOS,65b60049b3c77a94c346f74d8b897e4b,lgs,yes,Shane Pinto,,draftkings,1400,,oddsapi
2026-10-05T21:00:06Z,2026-10-05,OTT @ BOS,65b60049b3c77a94c346f74d8b897e4b,lgs,yes,William Eklund,,draftkings,1400,,oddsapi
2026-10-05T21:00:06Z,2026-10-05,OTT @ BOS,65b60049b3c77a94c346f74d8b897e4b,lgs,yes,Pavel Zacha,,draftkings,1400,,oddsapi
2026-10-05T21:00:06Z,2026-10-05,OTT @ BOS,65b60049b3c77a94c346f74d8b897e4b,lgs,yes,Claude Giroux,,draftkings,1600,,oddsapi
2026-10-05T21:00:06Z,2026-10-05,OTT @ BOS,65b60049b3c77a94c346f74d8b897e4b,lgs,yes,Fraser Minten,,draftkings,1600,,oddsapi
2026-10-05T21:00:06Z,2026-10-05,OTT @ BOS,65b60049b3c77a94c346f74d8b897e4b,lgs,yes,Elias Lindholm,,draftkings,1600,,oddsapi
2026-10-05T21:00:06Z,2026-10-05,OTT @ BOS,65b60049b3c77a94c346f74d8b897e4b,lgs,yes,Warren Foegele,,draftkings,1900,,oddsapi
2026-10-05T21:00:06Z,2026-10-05,OTT @ BOS,65b60049b3c77a94c346f74d8b897e4b,lgs,yes,Casey Mittelstadt,,draftkings,2000,,oddsapi
2026-10-05T21:00:06Z,2026-10-05,OTT @ BOS,65b60049b3c77a94c346f74d8b897e4b,lgs,yes,Fabian Zetterlund,,draftkings,2000,,oddsapi
2026-10-05T21:00:06Z,2026-10-05,OTT @ BOS,65b60049b3c77a94c346f74d8b897e4b,lgs,yes,Michael Amadio,,draftkings,2200,,oddsapi
2026-10-05T21:00:06Z,2026-10-05,OTT @ BOS,65b60049b3c77a94c346f74d8b897e4b,lgs,yes,James Hagens,,draftkings,2200,,oddsapi
2026-10-05T21:00:06Z,2026-10-05,OTT @ BOS,65b60049b3c77a94c346f74d8b897e4b,lgs,yes,Thomas Chabot,,draftkings,2200,,oddsapi
2026-10-05T21:00:06Z,2026-10-05,OTT @ BOS,65b60049b3c77a94c346f74d8b897e4b,lgs,yes,Carter Yakemchuk,,draftkings,2200,,oddsapi
2026-10-05T21:00:06Z,2026-10-05,OTT @ BOS,65b60049b3c77a94c346f74d8b897e4b,lgs,yes,Tanner Jeannot,,draftkings,2500,,oddsapi
2026-10-05T21:00:06Z,2026-10-05,OTT @ BOS,65b60049b3c77a94c346f74d8b897e4b,lgs,yes,Mark Kastelic,,draftkings,2500,,oddsapi
2026-10-05T21:00:06Z,2026-10-05,OTT @ BOS,65b60049b3c77a94c346f74d8b897e4b,lgs,yes,Stephen Halliday,,draftkings,2500,,oddsapi
2026-10-05T21:00:06Z,2026-10-05,OTT @ BOS,65b60049b3c77a94c346f74d8b897e4b,lgs,yes,Hampus Lindholm,,draftkings,2800,,oddsapi
2026-10-05T21:00:06Z,2026-10-05,OTT @ BOS,65b60049b3c77a94c346f74d8b897e4b,lgs,yes,Marat Khusnutdinov,,draftkings,2800,,oddsapi
2026-10-05T21:00:06Z,2026-10-05,OTT @ BOS,65b60049b3c77a94c346f74d8b897e4b,lgs,yes,Matthew Poitras,,draftkings,3000,,oddsapi
2026-10-05T21:00:06Z,2026-10-05,OTT @ BOS,65b60049b3c77a94c346f74d8b897e4b,lgs,yes,Cameron Crotty,,draftkings,3500,,oddsapi
2026-10-05T21:00:06Z,2026-10-05,OTT @ BOS,65b60049b3c77a94c346f74d8b897e4b,lgs,yes,Jordan Spence,,draftkings,3500,,oddsapi
2026-10-05T21:00:06Z,2026-10-05,OTT @ BOS,65b60049b3c77a94c346f74d8b897e4b,lgs,yes,Nick Cousins,,draftkings,3500,,oddsapi
2026-10-05T21:00:06Z,2026-10-05,OTT @ BOS,65b60049b3c77a94c346f74d8b897e4b,lgs,yes,Mason Lohrei,,draftkings,3500,,oddsapi
2026-10-05T21:00:06Z,2026-10-05,OTT @ BOS,65b60049b3c77a94c346f74d8b897e4b,lgs,yes,Hayden Hodgson,,draftkings,4000,,oddsapi
2026-10-05T21:00:06Z,2026-10-05,OTT @ BOS,65b60049b3c77a94c346f74d8b897e4b,lgs,yes,Nikita Zadorov,,draftkings,4500,,oddsapi
2026-10-05T21:00:06Z,2026-10-05,OTT @ BOS,65b60049b3c77a94c346f74d8b897e4b,lgs,yes,Connor Clifton,,draftkings,4500,,oddsapi
2026-10-05T21:00:06Z,2026-10-05,OTT @ BOS,65b60049b3c77a94c346f74d8b897e4b,lgs,yes,Frederic Brunet,,draftkings,5000,,oddsapi
2026-10-05T21:00:06Z,2026-10-05,OTT @ BOS,65b60049b3c77a94c346f74d8b897e4b,lgs,yes,Tyler Kleven,,draftkings,5000,,oddsapi
2026-10-05T21:00:06Z,2026-10-05,OTT @ BOS,65b60049b3c77a94c346f74d8b897e4b,lgs,yes,Will Borgen,,draftkings,5500,,oddsapi
2026-10-05T21:00:06Z,2026-10-05,OTT @ BOS,65b60049b3c77a94c346f74d8b897e4b,lgs,yes,Nikolas Matinpalo,,draftkings,6000,,oddsapi
2026-10-05T21:00:06Z,2026-10-05,OTT @ BOS,65b60049b3c77a94c346f74d8b897e4b,sk_pts,over,David Pastrnak,1.5,draftkings,175,-235,oddsapi
2026-10-05T21:00:06Z,2026-10-05,OTT @ BOS,65b60049b3c77a94c346f74d8b897e4b,sk_pts,under,David Pastrnak,1.5,draftkings,-235,175,oddsapi
2026-10-05T21:00:06Z,2026-10-05,OTT @ BOS,65b60049b3c77a94c346f74d8b897e4b,sk_pts,over,Tim Stützle,0.5,draftkings,-175,130,oddsapi
2026-10-05T21:00:06Z,2026-10-05,OTT @ BOS,65b60049b3c77a94c346f74d8b897e4b,sk_pts,under,Tim Stützle,0.5,draftkings,130,-175,oddsapi
2026-10-05T21:00:06Z,2026-10-05,OTT @ BOS,65b60049b3c77a94c346f74d8b897e4b,sk_pts,over,Drake Batherson,0.5,draftkings,-125,-110,oddsapi
2026-10-05T21:00:06Z,2026-10-05,OTT @ BOS,65b60049b3c77a94c346f74d8b897e4b,sk_pts,under,Drake Batherson,0.5,draftkings,-110,-125,oddsapi
2026-10-05T21:00:06Z,2026-10-05,OTT @ BOS,65b60049b3c77a94c346f74d8b897e4b,sk_pts,over,Morgan Geekie,0.5,draftkings,-120,-115,oddsapi
2026-10-05T21:00:06Z,2026-10-05,OTT @ BOS,65b60049b3c77a94c346f74d8b897e4b,sk_pts,under,Morgan Geekie,0.5,draftkings,-115,-120,oddsapi
2026-10-05T21:00:06Z,2026-10-05,OTT @ BOS,65b60049b3c77a94c346f74d8b897e4b,sk_pts,over,Dylan Cozens,0.5,draftkings,-115,-115,oddsapi
2026-10-05T21:00:06Z,2026-10-05,OTT @ BOS,65b60049b3c77a94c346f74d8b897e4b,sk_pts,under,Dylan Cozens,0.5,draftkings,-115,-115,oddsapi
2026-10-05T21:00:06Z,2026-10-05,OTT @ BOS,65b60049b3c77a94c346f74d8b897e4b,sk_pts,over,JJ Peterka,0.5,draftkings,-110,-125,oddsapi
2026-10-05T21:00:06Z,2026-10-05,OTT @ BOS,65b60049b3c77a94c346f74d8b897e4b,sk_pts,under,JJ Peterka,0.5,draftkings,-125,-110,oddsapi
2026-10-05T21:00:06Z,2026-10-05,OTT @ BOS,65b60049b3c77a94c346f74d8b897e4b,sk_pts,over,Pavel Zacha,0.5,draftkings,-105,-130,oddsapi
2026-10-05T21:00:06Z,2026-10-05,OTT @ BOS,65b60049b3c77a94c346f74d8b897e4b,sk_pts,under,Pavel Zacha,0.5,draftkings,-130,-105,oddsapi
2026-10-05T21:00:06Z,2026-10-05,OTT @ BOS,65b60049b3c77a94c346f74d8b897e4b,sk_pts,over,William Eklund,0.5,draftkings,-105,-125,oddsapi
2026-10-05T21:00:06Z,2026-10-05,OTT @ BOS,65b60049b3c77a94c346f74d8b897e4b,sk_pts,under,William Eklund,0.5,draftkings,-125,-105,oddsapi
2026-10-05T21:00:06Z,2026-10-05,OTT @ BOS,65b60049b3c77a94c346f74d8b897e4b,sk_pts,over,Elias Lindholm,0.5,draftkings,105,-145,oddsapi
2026-10-05T21:00:06Z,2026-10-05,OTT @ BOS,65b60049b3c77a94c346f74d8b897e4b,sk_pts,under,Elias Lindholm,0.5,draftkings,-145,105,oddsapi
2026-10-05T21:00:06Z,2026-10-05,OTT @ BOS,65b60049b3c77a94c346f74d8b897e4b,sk_pts,over,Thomas Chabot,0.5,draftkings,110,-145,oddsapi
2026-10-05T21:00:06Z,2026-10-05,OTT @ BOS,65b60049b3c77a94c346f74d8b897e4b,sk_pts,under,Thomas Chabot,0.5,draftkings,-145,110,oddsapi
2026-10-05T21:00:06Z,2026-10-05,OTT @ BOS,65b60049b3c77a94c346f74d8b897e4b,sk_pts,over,Hampus Lindholm,0.5,draftkings,130,-180,oddsapi
2026-10-05T21:00:06Z,2026-10-05,OTT @ BOS,65b60049b3c77a94c346f74d8b897e4b,sk_pts,under,Hampus Lindholm,0.5,draftkings,-180,130,oddsapi
2026-10-05T21:00:06Z,2026-10-05,OTT @ BOS,65b60049b3c77a94c346f74d8b897e4b,sk_pts,over,Shane Pinto,0.5,draftkings,130,-175,oddsapi
2026-10-05T21:00:06Z,2026-10-05,OTT @ BOS,65b60049b3c77a94c346f74d8b897e4b,sk_pts,under,Shane Pinto,0.5,draftkings,-175,130,oddsapi
2026-10-05T21:00:06Z,2026-10-05,OTT @ BOS,65b60049b3c77a94c346f74d8b897e4b,sk_pts,over,Claude Giroux,0.5,draftkings,135,-185,oddsapi
2026-10-05T21:00:06Z,2026-10-05,OTT @ BOS,65b60049b3c77a94c346f74d8b897e4b,sk_pts,under,Claude Giroux,0.5,draftkings,-185,135,oddsapi
2026-10-05T21:00:06Z,2026-10-05,OTT @ BOS,65b60049b3c77a94c346f74d8b897e4b,sk_pts,over,Casey Mittelstadt,0.5,draftkings,145,-200,oddsapi
2026-10-05T21:00:06Z,2026-10-05,OTT @ BOS,65b60049b3c77a94c346f74d8b897e4b,sk_pts,under,Casey Mittelstadt,0.5,draftkings,-200,145,oddsapi
2026-10-05T21:00:06Z,2026-10-05,OTT @ BOS,65b60049b3c77a94c346f74d8b897e4b,sk_pts,over,Carter Yakemchuk,0.5,draftkings,150,-200,oddsapi
2026-10-05T21:00:06Z,2026-10-05,OTT @ BOS,65b60049b3c77a94c346f74d8b897e4b,sk_pts,under,Carter Yakemchuk,0.5,draftkings,-200,150,oddsapi
2026-10-05T21:00:06Z,2026-10-05,OTT @ BOS,65b60049b3c77a94c346f74d8b897e4b,sk_pts,over,Jordan Spence,0.5,draftkings,160,-215,oddsapi
2026-10-05T21:00:06Z,2026-10-05,OTT @ BOS,65b60049b3c77a94c346f74d8b897e4b,sk_pts,under,Jordan Spence,0.5,draftkings,-215,160,oddsapi
2026-10-05T21:00:06Z,2026-10-05,OTT @ BOS,65b60049b3c77a94c346f74d8b897e4b,sk_sog,over,David Pastrnak,3.5,draftkings,120,-160,oddsapi
2026-10-05T21:00:06Z,2026-10-05,OTT @ BOS,65b60049b3c77a94c346f74d8b897e4b,sk_sog,under,David Pastrnak,3.5,draftkings,-160,120,oddsapi
2026-10-05T21:00:06Z,2026-10-05,OTT @ BOS,65b60049b3c77a94c346f74d8b897e4b,sk_sog,over,Drake Batherson,2.5,draftkings,135,-185,oddsapi
2026-10-05T21:00:06Z,2026-10-05,OTT @ BOS,65b60049b3c77a94c346f74d8b897e4b,sk_sog,under,Drake Batherson,2.5,draftkings,-185,135,oddsapi
2026-10-05T21:00:06Z,2026-10-05,OTT @ BOS,65b60049b3c77a94c346f74d8b897e4b,sk_sog,over,Dylan Cozens,2.5,draftkings,135,-180,oddsapi
2026-10-05T21:00:06Z,2026-10-05,OTT @ BOS,65b60049b3c77a94c346f74d8b897e4b,sk_sog,under,Dylan Cozens,2.5,draftkings,-180,135,oddsapi
2026-10-05T21:00:06Z,2026-10-05,OTT @ BOS,65b60049b3c77a94c346f74d8b897e4b,sk_sog,over,Thomas Chabot,2.5,draftkings,135,-185,oddsapi
2026-10-05T21:00:06Z,2026-10-05,OTT @ BOS,65b60049b3c77a94c346f74d8b897e4b,sk_sog,under,Thomas Chabot,2.5,draftkings,-185,135,oddsapi
2026-10-05T21:00:06Z,2026-10-05,OTT @ BOS,65b60049b3c77a94c346f74d8b897e4b,sk_sog,over,William Eklund,2.5,draftkings,140,-195,oddsapi
2026-10-05T21:00:06Z,2026-10-05,OTT @ BOS,65b60049b3c77a94c346f74d8b897e4b,sk_sog,under,William Eklund,2.5,draftkings,-195,140,oddsapi
2026-10-05T21:00:06Z,2026-10-05,OTT @ BOS,65b60049b3c77a94c346f74d8b897e4b,sk_sog,over,Tim Stützle,1.5,draftkings,-190,140,oddsapi
2026-10-05T21:00:06Z,2026-10-05,OTT @ BOS,65b60049b3c77a94c346f74d8b897e4b,sk_sog,under,Tim Stützle,1.5,draftkings,140,-190,oddsapi
2026-10-05T21:00:06Z,2026-10-05,OTT @ BOS,65b60049b3c77a94c346f74d8b897e4b,sk_sog,over,JJ Peterka,1.5,draftkings,-180,130,oddsapi
2026-10-05T21:00:06Z,2026-10-05,OTT @ BOS,65b60049b3c77a94c346f74d8b897e4b,sk_sog,under,JJ Peterka,1.5,draftkings,130,-180,oddsapi
2026-10-05T21:00:06Z,2026-10-05,OTT @ BOS,65b60049b3c77a94c346f74d8b897e4b,sk_sog,over,Morgan Geekie,1.5,draftkings,-155,115,oddsapi
2026-10-05T21:00:06Z,2026-10-05,OTT @ BOS,65b60049b3c77a94c346f74d8b897e4b,sk_sog,under,Morgan Geekie,1.5,draftkings,115,-155,oddsapi
2026-10-05T21:00:06Z,2026-10-05,OTT @ BOS,65b60049b3c77a94c346f74d8b897e4b,sk_sog,over,Pavel Zacha,1.5,draftkings,-130,-105,oddsapi
2026-10-05T21:00:06Z,2026-10-05,OTT @ BOS,65b60049b3c77a94c346f74d8b897e4b,sk_sog,under,Pavel Zacha,1.5,draftkings,-105,-130,oddsapi
2026-10-05T21:00:06Z,2026-10-05,OTT @ BOS,65b60049b3c77a94c346f74d8b897e4b,sk_sog,over,Fabian Zetterlund,1.5,draftkings,-115,-120,oddsapi
2026-10-05T21:00:06Z,2026-10-05,OTT @ BOS,65b60049b3c77a94c346f74d8b897e4b,sk_sog,under,Fabian Zetterlund,1.5,draftkings,-120,-115,oddsapi
2026-10-05T21:00:06Z,2026-10-05,OTT @ BOS,65b60049b3c77a94c346f74d8b897e4b,sk_sog,over,Warren Foegele,1.5,draftkings,-105,-130,oddsapi
2026-10-05T21:00:06Z,2026-10-05,OTT @ BOS,65b60049b3c77a94c346f74d8b897e4b,sk_sog,under,Warren Foegele,1.5,draftkings,-130,-105,oddsapi
2026-10-05T21:00:06Z,2026-10-05,OTT @ BOS,65b60049b3c77a94c346f74d8b897e4b,sk_sog,over,Elias Lindholm,1.5,draftkings,120,-160,oddsapi
2026-10-05T21:00:06Z,2026-10-05,OTT @ BOS,65b60049b3c77a94c346f74d8b897e4b,sk_sog,under,Elias Lindholm,1.5,draftkings,-160,120,oddsapi
2026-10-05T21:00:06Z,2026-10-05,OTT @ BOS,65b60049b3c77a94c346f74d8b897e4b,sk_sog,over,Hampus Lindholm,1.5,draftkings,150,-205,oddsapi
2026-10-05T21:00:06Z,2026-10-05,OTT @ BOS,65b60049b3c77a94c346f74d8b897e4b,sk_sog,under,Hampus Lindholm,1.5,draftkings,-205,150,oddsapi
2026-10-05T21:00:06Z,2026-10-05,OTT @ BOS,65b60049b3c77a94c346f74d8b897e4b,g_saves,over,Jeremy Swayman,24.5,draftkings,-135,100,oddsapi
2026-10-05T21:00:06Z,2026-10-05,OTT @ BOS,65b60049b3c77a94c346f74d8b897e4b,g_saves,under,Jeremy Swayman,24.5,draftkings,100,-135,oddsapi
2026-10-05T21:00:06Z,2026-10-05,OTT @ BOS,65b60049b3c77a94c346f74d8b897e4b,g_saves,over,Linus Ullmark,21.5,draftkings,-115,-120,oddsapi
2026-10-05T21:00:06Z,2026-10-05,OTT @ BOS,65b60049b3c77a94c346f74d8b897e4b,g_saves,under,Linus Ullmark,21.5,draftkings,-120,-115,oddsapi
2026-10-05T21:00:06Z,2026-10-05,OTT @ BOS,65b60049b3c77a94c346f74d8b897e4b,p1_pl,BOS,,-0.5,draftkings,175,-230,oddsapi
2026-10-05T21:00:06Z,2026-10-05,OTT @ BOS,65b60049b3c77a94c346f74d8b897e4b,p1_pl,OTT,,0.5,draftkings,-230,175,oddsapi
2026-10-05T21:00:06Z,2026-10-05,OTT @ BOS,65b60049b3c77a94c346f74d8b897e4b,p2_pl,BOS,,0.5,draftkings,-210,160,oddsapi
2026-10-05T21:00:06Z,2026-10-05,OTT @ BOS,65b60049b3c77a94c346f74d8b897e4b,p2_pl,OTT,,-0.5,draftkings,160,-210,oddsapi
2026-10-05T21:00:06Z,2026-10-05,OTT @ BOS,65b60049b3c77a94c346f74d8b897e4b,p3_pl,BOS,,0.5,draftkings,-195,150,oddsapi
2026-10-05T21:00:06Z,2026-10-05,OTT @ BOS,65b60049b3c77a94c346f74d8b897e4b,p3_pl,OTT,,-0.5,draftkings,150,-195,oddsapi
2026-10-05T21:00:06Z,2026-10-05,OTT @ BOS,65b60049b3c77a94c346f74d8b897e4b,p1_team_total,over,BOS,0.5,draftkings,-150,110,oddsapi
2026-10-05T21:00:06Z,2026-10-05,OTT @ BOS,65b60049b3c77a94c346f74d8b897e4b,p1_team_total,under,BOS,0.5,draftkings,110,-150,oddsapi
2026-10-05T21:00:06Z,2026-10-05,OTT @ BOS,65b60049b3c77a94c346f74d8b897e4b,p1_team_total,over,OTT,0.5,draftkings,-150,110,oddsapi
2026-10-05T21:00:06Z,2026-10-05,OTT @ BOS,65b60049b3c77a94c346f74d8b897e4b,p1_team_total,under,OTT,0.5,draftkings,110,-150,oddsapi
2026-10-05T21:00:06Z,2026-10-05,OTT @ BOS,65b60049b3c77a94c346f74d8b897e4b,p1_total,over,,1.5,draftkings,-110,-120,oddsapi
2026-10-05T21:00:06Z,2026-10-05,OTT @ BOS,65b60049b3c77a94c346f74d8b897e4b,p1_total,under,,1.5,draftkings,-120,-110,oddsapi
2026-10-05T21:00:06Z,2026-10-05,OTT @ BOS,65b60049b3c77a94c346f74d8b897e4b,p2_total,over,,1.5,draftkings,-154,120,oddsapi
2026-10-05T21:00:06Z,2026-10-05,OTT @ BOS,65b60049b3c77a94c346f74d8b897e4b,p2_total,under,,1.5,draftkings,120,-154,oddsapi
2026-10-05T21:00:06Z,2026-10-05,OTT @ BOS,65b60049b3c77a94c346f74d8b897e4b,p3_total,over,,1.5,draftkings,-195,150,oddsapi
2026-10-05T21:00:06Z,2026-10-05,OTT @ BOS,65b60049b3c77a94c346f74d8b897e4b,p3_total,under,,1.5,draftkings,150,-195,oddsapi
2026-10-05T21:00:06Z,2026-10-05,OTT @ BOS,65b60049b3c77a94c346f74d8b897e4b,game_ml3,BOS,,,fanatics,150,,oddsapi
2026-10-05T21:00:06Z,2026-10-05,OTT @ BOS,65b60049b3c77a94c346f74d8b897e4b,game_ml3,OTT,,,fanatics,130,,oddsapi
2026-10-05T21:00:06Z,2026-10-05,OTT @ BOS,65b60049b3c77a94c346f74d8b897e4b,game_ml3,draw,,,fanatics,280,,oddsapi
2026-10-05T21:00:06Z,2026-10-05,OTT @ BOS,65b60049b3c77a94c346f74d8b897e4b,ags,yes,Tanner Jeannot,,fanatics,800,,oddsapi
2026-10-05T21:00:06Z,2026-10-05,OTT @ BOS,65b60049b3c77a94c346f74d8b897e4b,ags,yes,Mason Lohrei,,fanatics,800,,oddsapi
2026-10-05T21:00:06Z,2026-10-05,OTT @ BOS,65b60049b3c77a94c346f74d8b897e4b,ags,yes,Pavel Zacha,,fanatics,275,,oddsapi
2026-10-05T21:00:06Z,2026-10-05,OTT @ BOS,65b60049b3c77a94c346f74d8b897e4b,ags,yes,Hampus Lindholm,,fanatics,700,,oddsapi
2026-10-05T21:00:06Z,2026-10-05,OTT @ BOS,65b60049b3c77a94c346f74d8b897e4b,ags,yes,Morgan Geekie,,fanatics,210,,oddsapi
2026-10-05T21:00:06Z,2026-10-05,OTT @ BOS,65b60049b3c77a94c346f74d8b897e4b,ags,yes,David Pastrnak,,fanatics,135,,oddsapi
2026-10-05T21:00:06Z,2026-10-05,OTT @ BOS,65b60049b3c77a94c346f74d8b897e4b,ags,yes,Casey Mittelstadt,,fanatics,525,,oddsapi
2026-10-05T21:00:06Z,2026-10-05,OTT @ BOS,65b60049b3c77a94c346f74d8b897e4b,ags,yes,Connor Clifton,,fanatics,1400,,oddsapi
2026-10-05T21:00:06Z,2026-10-05,OTT @ BOS,65b60049b3c77a94c346f74d8b897e4b,ags,yes,JJ Peterka,,fanatics,260,,oddsapi
2026-10-05T21:00:06Z,2026-10-05,OTT @ BOS,65b60049b3c77a94c346f74d8b897e4b,ags,yes,Mark Kastelic,,fanatics,800,,oddsapi
2026-10-05T21:00:06Z,2026-10-05,OTT @ BOS,65b60049b3c77a94c346f74d8b897e4b,ags,yes,Sean Kuraly,,fanatics,800,,oddsapi
2026-10-05T21:00:06Z,2026-10-05,OTT @ BOS,65b60049b3c77a94c346f74d8b897e4b,ags,yes,Will Borgen,,fanatics,1800,,oddsapi
2026-10-05T21:00:06Z,2026-10-05,OTT @ BOS,65b60049b3c77a94c346f74d8b897e4b,ags,yes,Nikita Zadorov,,fanatics,1600,,oddsapi
2026-10-05T21:00:06Z,2026-10-05,OTT @ BOS,65b60049b3c77a94c346f74d8b897e4b,ags,yes,Elias Lindholm,,fanatics,310,,oddsapi
2026-10-05T21:00:06Z,2026-10-05,OTT @ BOS,65b60049b3c77a94c346f74d8b897e4b,ags,yes,Jonathan Aspirot,,fanatics,1700,,oddsapi
2026-10-05T21:00:06Z,2026-10-05,OTT @ BOS,65b60049b3c77a94c346f74d8b897e4b,ags,yes,Fraser Minten,,fanatics,410,,oddsapi
2026-10-05T21:00:06Z,2026-10-05,OTT @ BOS,65b60049b3c77a94c346f74d8b897e4b,ags,yes,Marat Khusnutdinov,,fanatics,800,,oddsapi
2026-10-05T21:00:06Z,2026-10-05,OTT @ BOS,65b60049b3c77a94c346f74d8b897e4b,ags,yes,James Hagens,,fanatics,450,,oddsapi
2026-10-05T21:00:06Z,2026-10-05,OTT @ BOS,65b60049b3c77a94c346f74d8b897e4b,ags,yes,Nick Cousins,,fanatics,1200,,oddsapi
2026-10-05T21:00:06Z,2026-10-05,OTT @ BOS,65b60049b3c77a94c346f74d8b897e4b,ags,yes,Dylan Cozens,,fanatics,250,,oddsapi
2026-10-05T21:00:06Z,2026-10-05,OTT @ BOS,65b60049b3c77a94c346f74d8b897e4b,ags,yes,Tim Stützle,,fanatics,210,,oddsapi
2026-10-05T21:00:06Z,2026-10-05,OTT @ BOS,65b60049b3c77a94c346f74d8b897e4b,ags,yes,Drake Batherson,,fanatics,220,,oddsapi
2026-10-05T21:00:06Z,2026-10-05,OTT @ BOS,65b60049b3c77a94c346f74d8b897e4b,ags,yes,Claude Giroux,,fanatics,390,,oddsapi
2026-10-05T21:00:06Z,2026-10-05,OTT @ BOS,65b60049b3c77a94c346f74d8b897e4b,ags,yes,Nikolas Matinpalo,,fanatics,1700,,oddsapi
2026-10-05T21:00:06Z,2026-10-05,OTT @ BOS,65b60049b3c77a94c346f74d8b897e4b,ags,yes,Tyler Kleven,,fanatics,1800,,oddsapi
2026-10-05T21:00:06Z,2026-10-05,OTT @ BOS,65b60049b3c77a94c346f74d8b897e4b,ags,yes,Shane Pinto,,fanatics,275,,oddsapi
2026-10-05T21:00:06Z,2026-10-05,OTT @ BOS,65b60049b3c77a94c346f74d8b897e4b,ags,yes,Thomas Chabot,,fanatics,430,,oddsapi
2026-10-05T21:00:06Z,2026-10-05,OTT @ BOS,65b60049b3c77a94c346f74d8b897e4b,ags,yes,Fabian Zetterlund,,fanatics,430,,oddsapi
2026-10-05T21:00:06Z,2026-10-05,OTT @ BOS,65b60049b3c77a94c346f74d8b897e4b,ags,yes,Warren Foegele,,fanatics,475,,oddsapi
2026-10-05T21:00:06Z,2026-10-05,OTT @ BOS,65b60049b3c77a94c346f74d8b897e4b,ags,yes,Michael Amadio,,fanatics,600,,oddsapi
2026-10-05T21:00:06Z,2026-10-05,OTT @ BOS,65b60049b3c77a94c346f74d8b897e4b,ags,yes,Jordan Spence,,fanatics,1200,,oddsapi
2026-10-05T21:00:06Z,2026-10-05,OTT @ BOS,65b60049b3c77a94c346f74d8b897e4b,ags,yes,Hayden Hodgson,,fanatics,1200,,oddsapi
2026-10-05T21:00:06Z,2026-10-05,OTT @ BOS,65b60049b3c77a94c346f74d8b897e4b,ags,yes,Stephen Halliday,,fanatics,600,,oddsapi
2026-10-05T21:00:06Z,2026-10-05,OTT @ BOS,65b60049b3c77a94c346f74d8b897e4b,ags,yes,Carter Yakemchuk,,fanatics,500,,oddsapi
2026-10-05T21:00:06Z,2026-10-05,OTT @ BOS,65b60049b3c77a94c346f74d8b897e4b,ags,yes,William Eklund,,fanatics,260,,oddsapi
2026-10-05T21:00:06Z,2026-10-05,OTT @ BOS,65b60049b3c77a94c346f74d8b897e4b,ags,yes,Cameron Crotty,,fanatics,1100,,oddsapi
2026-10-05T21:00:06Z,2026-10-05,OTT @ BOS,65b60049b3c77a94c346f74d8b897e4b,ags,yes,Matthew Poitras,,fanatics,800,,oddsapi
2026-10-05T21:00:06Z,2026-10-05,OTT @ BOS,65b60049b3c77a94c346f74d8b897e4b,ags,yes,Frederic Brunet,,fanatics,2000,,oddsapi
2026-10-05T21:00:06Z,2026-10-05,OTT @ BOS,65b60049b3c77a94c346f74d8b897e4b,fgs,yes,Tanner Jeannot,,fanatics,3500,,oddsapi
2026-10-05T21:00:06Z,2026-10-05,OTT @ BOS,65b60049b3c77a94c346f74d8b897e4b,fgs,yes,Mason Lohrei,,fanatics,3500,,oddsapi
2026-10-05T21:00:06Z,2026-10-05,OTT @ BOS,65b60049b3c77a94c346f74d8b897e4b,fgs,yes,Pavel Zacha,,fanatics,1300,,oddsapi
2026-10-05T21:00:06Z,2026-10-05,OTT @ BOS,65b60049b3c77a94c346f74d8b897e4b,fgs,yes,Hampus Lindholm,,fanatics,3000,,oddsapi
2026-10-05T21:00:06Z,2026-10-05,OTT @ BOS,65b60049b3c77a94c346f74d8b897e4b,fgs,yes,Morgan Geekie,,fanatics,1100,,oddsapi
2026-10-05T21:00:06Z,2026-10-05,OTT @ BOS,65b60049b3c77a94c346f74d8b897e4b,fgs,yes,David Pastrnak,,fanatics,750,,oddsapi
2026-10-05T21:00:06Z,2026-10-05,OTT @ BOS,65b60049b3c77a94c346f74d8b897e4b,fgs,yes,Casey Mittelstadt,,fanatics,2200,,oddsapi
2026-10-05T21:00:06Z,2026-10-05,OTT @ BOS,65b60049b3c77a94c346f74d8b897e4b,fgs,yes,Connor Clifton,,fanatics,6000,,oddsapi
2026-10-05T21:00:06Z,2026-10-05,OTT @ BOS,65b60049b3c77a94c346f74d8b897e4b,fgs,yes,JJ Peterka,,fanatics,1300,,oddsapi
2026-10-05T21:00:06Z,2026-10-05,OTT @ BOS,65b60049b3c77a94c346f74d8b897e4b,fgs,yes,Mark Kastelic,,fanatics,3000,,oddsapi
2026-10-05T21:00:06Z,2026-10-05,OTT @ BOS,65b60049b3c77a94c346f74d8b897e4b,fgs,yes,Sean Kuraly,,fanatics,3500,,oddsapi
2026-10-05T21:00:06Z,2026-10-05,OTT @ BOS,65b60049b3c77a94c346f74d8b897e4b,fgs,yes,Will Borgen,,fanatics,8000,,oddsapi
2026-10-05T21:00:06Z,2026-10-05,OTT @ BOS,65b60049b3c77a94c346f74d8b897e4b,fgs,yes,Nikita Zadorov,,fanatics,6000,,oddsapi
2026-10-05T21:00:06Z,2026-10-05,OTT @ BOS,65b60049b3c77a94c346f74d8b897e4b,fgs,yes,Elias Lindholm,,fanatics,1500,,oddsapi
2026-10-05T21:00:06Z,2026-10-05,OTT @ BOS,65b60049b3c77a94c346f74d8b897e4b,fgs,yes,Jonathan Aspirot,,fanatics,7000,,oddsapi
2026-10-05T21:00:06Z,2026-10-05,OTT @ BOS,65b60049b3c77a94c346f74d8b897e4b,fgs,yes,Fraser Minten,,fanatics,1900,,oddsapi
2026-10-05T21:00:06Z,2026-10-05,OTT @ BOS,65b60049b3c77a94c346f74d8b897e4b,fgs,yes,Marat Khusnutdinov,,fanatics,3000,,oddsapi
2026-10-05T21:00:06Z,2026-10-05,OTT @ BOS,65b60049b3c77a94c346f74d8b897e4b,fgs,yes,James Hagens,,fanatics,2200,,oddsapi
2026-10-05T21:00:06Z,2026-10-05,OTT @ BOS,65b60049b3c77a94c346f74d8b897e4b,fgs,yes,Nick Cousins,,fanatics,5000,,oddsapi
2026-10-05T21:00:06Z,2026-10-05,OTT @ BOS,65b60049b3c77a94c346f74d8b897e4b,fgs,yes,Dylan Cozens,,fanatics,1300,,oddsapi
2026-10-05T21:00:06Z,2026-10-05,OTT @ BOS,65b60049b3c77a94c346f74d8b897e4b,fgs,yes,Tim Stützle,,fanatics,1100,,oddsapi
2026-10-05T21:00:06Z,2026-10-05,OTT @ BOS,65b60049b3c77a94c346f74d8b897e4b,fgs,yes,Drake Batherson,,fanatics,1100,,oddsapi
2026-10-05T21:00:06Z,2026-10-05,OTT @ BOS,65b60049b3c77a94c346f74d8b897e4b,fgs,yes,Claude Giroux,,fanatics,1700,,oddsapi
2026-10-05T21:00:06Z,2026-10-05,OTT @ BOS,65b60049b3c77a94c346f74d8b897e4b,fgs,yes,Nikolas Matinpalo,,fanatics,6000,,oddsapi
2026-10-05T21:00:06Z,2026-10-05,OTT @ BOS,65b60049b3c77a94c346f74d8b897e4b,fgs,yes,Tyler Kleven,,fanatics,7000,,oddsapi
2026-10-05T21:00:06Z,2026-10-05,OTT @ BOS,65b60049b3c77a94c346f74d8b897e4b,fgs,yes,Shane Pinto,,fanatics,1500,,oddsapi
2026-10-05T21:00:06Z,2026-10-05,OTT @ BOS,65b60049b3c77a94c346f74d8b897e4b,fgs,yes,Thomas Chabot,,fanatics,1900,,oddsapi
2026-10-05T21:00:06Z,2026-10-05,OTT @ BOS,65b60049b3c77a94c346f74d8b897e4b,fgs,yes,Fabian Zetterlund,,fanatics,1900,,oddsapi
2026-10-05T21:00:06Z,2026-10-05,OTT @ BOS,65b60049b3c77a94c346f74d8b897e4b,fgs,yes,Warren Foegele,,fanatics,2200,,oddsapi
2026-10-05T21:00:06Z,2026-10-05,OTT @ BOS,65b60049b3c77a94c346f74d8b897e4b,fgs,yes,Michael Amadio,,fanatics,2800,,oddsapi
2026-10-05T21:00:06Z,2026-10-05,OTT @ BOS,65b60049b3c77a94c346f74d8b897e4b,fgs,yes,Jordan Spence,,fanatics,4500,,oddsapi
2026-10-05T21:00:06Z,2026-10-05,OTT @ BOS,65b60049b3c77a94c346f74d8b897e4b,fgs,yes,Hayden Hodgson,,fanatics,6000,,oddsapi
2026-10-05T21:00:06Z,2026-10-05,OTT @ BOS,65b60049b3c77a94c346f74d8b897e4b,fgs,yes,Stephen Halliday,,fanatics,2800,,oddsapi
2026-10-05T21:00:06Z,2026-10-05,OTT @ BOS,65b60049b3c77a94c346f74d8b897e4b,fgs,yes,Carter Yakemchuk,,fanatics,2200,,oddsapi
2026-10-05T21:00:06Z,2026-10-05,OTT @ BOS,65b60049b3c77a94c346f74d8b897e4b,fgs,yes,William Eklund,,fanatics,1300,,oddsapi
2026-10-05T21:00:06Z,2026-10-05,OTT @ BOS,65b60049b3c77a94c346f74d8b897e4b,fgs,yes,No 1st Goal,,fanatics,15000,,oddsapi
2026-10-05T21:00:06Z,2026-10-05,OTT @ BOS,65b60049b3c77a94c346f74d8b897e4b,fgs,yes,Cameron Crotty,,fanatics,4500,,oddsapi
2026-10-05T21:00:06Z,2026-10-05,OTT @ BOS,65b60049b3c77a94c346f74d8b897e4b,fgs,yes,Matthew Poitras,,fanatics,3000,,oddsapi
2026-10-05T21:00:06Z,2026-10-05,OTT @ BOS,65b60049b3c77a94c346f74d8b897e4b,fgs,yes,Frederic Brunet,,fanatics,9000,,oddsapi
2026-10-05T21:00:06Z,2026-10-05,OTT @ BOS,65b60049b3c77a94c346f74d8b897e4b,team_total,over,BOS,3.5,fanatics,165,-220,oddsapi
2026-10-05T21:00:06Z,2026-10-05,OTT @ BOS,65b60049b3c77a94c346f74d8b897e4b,team_total,under,BOS,3.5,fanatics,-220,165,oddsapi
2026-10-05T21:00:06Z,2026-10-05,OTT @ BOS,65b60049b3c77a94c346f74d8b897e4b,team_total,over,OTT,2.5,fanatics,-160,120,oddsapi
2026-10-05T21:00:06Z,2026-10-05,OTT @ BOS,65b60049b3c77a94c346f74d8b897e4b,team_total,under,OTT,2.5,fanatics,120,-160,oddsapi
2026-10-05T21:00:06Z,2026-10-05,OTT @ BOS,65b60049b3c77a94c346f74d8b897e4b,game_ml3,BOS,,,williamhill_us,125,,oddsapi
2026-10-05T21:00:06Z,2026-10-05,OTT @ BOS,65b60049b3c77a94c346f74d8b897e4b,game_ml3,OTT,,,williamhill_us,135,,oddsapi
2026-10-05T21:00:06Z,2026-10-05,OTT @ BOS,65b60049b3c77a94c346f74d8b897e4b,game_ml3,draw,,,williamhill_us,265,,oddsapi
2026-10-05T21:00:06Z,2026-10-05,OTT @ BOS,65b60049b3c77a94c346f74d8b897e4b,p1_ml3,BOS,,,williamhill_us,167,,oddsapi
2026-10-05T21:00:06Z,2026-10-05,OTT @ BOS,65b60049b3c77a94c346f74d8b897e4b,p1_ml3,OTT,,,williamhill_us,168,,oddsapi
2026-10-05T21:00:06Z,2026-10-05,OTT @ BOS,65b60049b3c77a94c346f74d8b897e4b,p1_ml3,draw,,,williamhill_us,160,,oddsapi
2026-10-05T21:00:06Z,2026-10-05,OTT @ BOS,65b60049b3c77a94c346f74d8b897e4b,ags,yes,David Pastrnak,,williamhill_us,154,,oddsapi
2026-10-05T21:00:06Z,2026-10-05,OTT @ BOS,65b60049b3c77a94c346f74d8b897e4b,ags,yes,Tim Stützle,,williamhill_us,200,,oddsapi
2026-10-05T21:00:06Z,2026-10-05,OTT @ BOS,65b60049b3c77a94c346f74d8b897e4b,ags,yes,Morgan Geekie,,williamhill_us,210,,oddsapi
2026-10-05T21:00:06Z,2026-10-05,OTT @ BOS,65b60049b3c77a94c346f74d8b897e4b,ags,yes,Drake Batherson,,williamhill_us,215,,oddsapi
2026-10-05T21:00:06Z,2026-10-05,OTT @ BOS,65b60049b3c77a94c346f74d8b897e4b,ags,yes,JJ Peterka,,williamhill_us,230,,oddsapi
2026-10-05T21:00:06Z,2026-10-05,OTT @ BOS,65b60049b3c77a94c346f74d8b897e4b,ags,yes,Dylan Cozens,,williamhill_us,245,,oddsapi
2026-10-05T21:00:06Z,2026-10-05,OTT @ BOS,65b60049b3c77a94c346f74d8b897e4b,ags,yes,Pavel Zacha,,williamhill_us,255,,oddsapi
2026-10-05T21:00:06Z,2026-10-05,OTT @ BOS,65b60049b3c77a94c346f74d8b897e4b,ags,yes,William Eklund,,williamhill_us,255,,oddsapi
2026-10-05T21:00:06Z,2026-10-05,OTT @ BOS,65b60049b3c77a94c346f74d8b897e4b,ags,yes,Shane Pinto,,williamhill_us,255,,oddsapi
2026-10-05T21:00:06Z,2026-10-05,OTT @ BOS,65b60049b3c77a94c346f74d8b897e4b,ags,yes,Elias Lindholm,,williamhill_us,270,,oddsapi
2026-10-05T21:00:06Z,2026-10-05,OTT @ BOS,65b60049b3c77a94c346f74d8b897e4b,ags,yes,Fabian Zetterlund,,williamhill_us,350,,oddsapi
2026-10-05T21:00:06Z,2026-10-05,OTT @ BOS,65b60049b3c77a94c346f74d8b897e4b,ags,yes,Claude Giroux,,williamhill_us,350,,oddsapi
2026-10-05T21:00:06Z,2026-10-05,OTT @ BOS,65b60049b3c77a94c346f74d8b897e4b,ags,yes,Fraser Minten,,williamhill_us,360,,oddsapi
2026-10-05T21:00:06Z,2026-10-05,OTT @ BOS,65b60049b3c77a94c346f74d8b897e4b,ags,yes,Warren Foegele,,williamhill_us,360,,oddsapi
2026-10-05T21:00:06Z,2026-10-05,OTT @ BOS,65b60049b3c77a94c346f74d8b897e4b,ags,yes,James Hagens,,williamhill_us,380,,oddsapi
2026-10-05T21:00:06Z,2026-10-05,OTT @ BOS,65b60049b3c77a94c346f74d8b897e4b,ags,yes,Casey Mittelstadt,,williamhill_us,390,,oddsapi
2026-10-05T21:00:06Z,2026-10-05,OTT @ BOS,65b60049b3c77a94c346f74d8b897e4b,ags,yes,Thomas Chabot,,williamhill_us,400,,oddsapi
2026-10-05T21:00:06Z,2026-10-05,OTT @ BOS,65b60049b3c77a94c346f74d8b897e4b,ags,yes,Stephen Halliday,,williamhill_us,425,,oddsapi
2026-10-05T21:00:06Z,2026-10-05,OTT @ BOS,65b60049b3c77a94c346f74d8b897e4b,ags,yes,Carter Yakemchuk,,williamhill_us,425,,oddsapi
2026-10-05T21:00:06Z,2026-10-05,OTT @ BOS,65b60049b3c77a94c346f74d8b897e4b,ags,yes,Michael Amadio,,williamhill_us,475,,oddsapi
2026-10-05T21:00:06Z,2026-10-05,OTT @ BOS,65b60049b3c77a94c346f74d8b897e4b,ags,yes,Marat Khusnutdinov,,williamhill_us,525,,oddsapi
2026-10-05T21:00:06Z,2026-10-05,OTT @ BOS,65b60049b3c77a94c346f74d8b897e4b,ags,yes,Mason Lohrei,,williamhill_us,575,,oddsapi
2026-10-05T21:00:06Z,2026-10-05,OTT @ BOS,65b60049b3c77a94c346f74d8b897e4b,ags,yes,Mark Kastelic,,williamhill_us,575,,oddsapi
2026-10-05T21:00:06Z,2026-10-05,OTT @ BOS,65b60049b3c77a94c346f74d8b897e4b,ags,yes,Matthew Poitras,,williamhill_us,575,,oddsapi
2026-10-05T21:00:06Z,2026-10-05,OTT @ BOS,65b60049b3c77a94c346f74d8b897e4b,ags,yes,Sean Kuraly,,williamhill_us,600,,oddsapi
2026-10-05T21:00:06Z,2026-10-05,OTT @ BOS,65b60049b3c77a94c346f74d8b897e4b,ags,yes,Tanner Jeannot,,williamhill_us,600,,oddsapi
2026-10-05T21:00:06Z,2026-10-05,OTT @ BOS,65b60049b3c77a94c346f74d8b897e4b,ags,yes,Hampus Lindholm,,williamhill_us,600,,oddsapi
2026-10-05T21:00:06Z,2026-10-05,OTT @ BOS,65b60049b3c77a94c346f74d8b897e4b,ags,yes,Nick Cousins,,williamhill_us,675,,oddsapi
2026-10-05T21:00:06Z,2026-10-05,OTT @ BOS,65b60049b3c77a94c346f74d8b897e4b,ags,yes,Cameron Crotty,,williamhill_us,675,,oddsapi
2026-10-05T21:00:06Z,2026-10-05,OTT @ BOS,65b60049b3c77a94c346f74d8b897e4b,ags,yes,Jordan Spence,,williamhill_us,700,,oddsapi
2026-10-05T21:00:06Z,2026-10-05,OTT @ BOS,65b60049b3c77a94c346f74d8b897e4b,ags,yes,Hayden Hodgson,,williamhill_us,750,,oddsapi
2026-10-05T21:00:06Z,2026-10-05,OTT @ BOS,65b60049b3c77a94c346f74d8b897e4b,ags,yes,Will Borgen,,williamhill_us,750,,oddsapi
2026-10-05T21:00:06Z,2026-10-05,OTT @ BOS,65b60049b3c77a94c346f74d8b897e4b,ags,yes,Jonathan Aspirot,,williamhill_us,800,,oddsapi
2026-10-05T21:00:06Z,2026-10-05,OTT @ BOS,65b60049b3c77a94c346f74d8b897e4b,ags,yes,Nikita Zadorov,,williamhill_us,800,,oddsapi
2026-10-05T21:00:06Z,2026-10-05,OTT @ BOS,65b60049b3c77a94c346f74d8b897e4b,ags,yes,Nikolas Matinpalo,,williamhill_us,800,,oddsapi
2026-10-05T21:00:06Z,2026-10-05,OTT @ BOS,65b60049b3c77a94c346f74d8b897e4b,ags,yes,Connor Clifton,,williamhill_us,800,,oddsapi
2026-10-05T21:00:06Z,2026-10-05,OTT @ BOS,65b60049b3c77a94c346f74d8b897e4b,ags,yes,Tyler Kleven,,williamhill_us,850,,oddsapi
2026-10-05T21:00:06Z,2026-10-05,OTT @ BOS,65b60049b3c77a94c346f74d8b897e4b,ags,yes,Frederic Brunet,,williamhill_us,900,,oddsapi
2026-10-05T21:00:06Z,2026-10-05,OTT @ BOS,65b60049b3c77a94c346f74d8b897e4b,fgs,yes,David Pastrnak,,williamhill_us,900,,oddsapi
2026-10-05T21:00:06Z,2026-10-05,OTT @ BOS,65b60049b3c77a94c346f74d8b897e4b,fgs,yes,Drake Batherson,,williamhill_us,1200,,oddsapi
2026-10-05T21:00:06Z,2026-10-05,OTT @ BOS,65b60049b3c77a94c346f74d8b897e4b,fgs,yes,Tim Stützle,,williamhill_us,1200,,oddsapi
2026-10-05T21:00:06Z,2026-10-05,OTT @ BOS,65b60049b3c77a94c346f74d8b897e4b,fgs,yes,Morgan Geekie,,williamhill_us,1300,,oddsapi
2026-10-05T21:00:06Z,2026-10-05,OTT @ BOS,65b60049b3c77a94c346f74d8b897e4b,fgs,yes,JJ Peterka,,williamhill_us,1400,,oddsapi
2026-10-05T21:00:06Z,2026-10-05,OTT @ BOS,65b60049b3c77a94c346f74d8b897e4b,fgs,yes,Dylan Cozens,,williamhill_us,1400,,oddsapi
2026-10-05T21:00:06Z,2026-10-05,OTT @ BOS,65b60049b3c77a94c346f74d8b897e4b,fgs,yes,Pavel Zacha,,williamhill_us,1600,,oddsapi
2026-10-05T21:00:06Z,2026-10-05,OTT @ BOS,65b60049b3c77a94c346f74d8b897e4b,fgs,yes,William Eklund,,williamhill_us,1600,,oddsapi
2026-10-05T21:00:06Z,2026-10-05,OTT @ BOS,65b60049b3c77a94c346f74d8b897e4b,fgs,yes,Shane Pinto,,williamhill_us,1600,,oddsapi
2026-10-05T21:00:06Z,2026-10-05,OTT @ BOS,65b60049b3c77a94c346f74d8b897e4b,fgs,yes,Elias Lindholm,,williamhill_us,1700,,oddsapi
2026-10-05T21:00:06Z,2026-10-05,OTT @ BOS,65b60049b3c77a94c346f74d8b897e4b,fgs,yes,Fabian Zetterlund,,williamhill_us,2100,,oddsapi
2026-10-05T21:00:06Z,2026-10-05,OTT @ BOS,65b60049b3c77a94c346f74d8b897e4b,fgs,yes,Fraser Minten,,williamhill_us,2100,,oddsapi
2026-10-05T21:00:06Z,2026-10-05,OTT @ BOS,65b60049b3c77a94c346f74d8b897e4b,fgs,yes,Warren Foegele,,williamhill_us,2100,,oddsapi
2026-10-05T21:00:06Z,2026-10-05,OTT @ BOS,65b60049b3c77a94c346f74d8b897e4b,fgs,yes,Claude Giroux,,williamhill_us,2100,,oddsapi
2026-10-05T21:00:06Z,2026-10-05,OTT @ BOS,65b60049b3c77a94c346f74d8b897e4b,fgs,yes,James Hagens,,williamhill_us,2300,,oddsapi
2026-10-05T21:00:06Z,2026-10-05,OTT @ BOS,65b60049b3c77a94c346f74d8b897e4b,fgs,yes,Casey Mittelstadt,,williamhill_us,2500,,oddsapi
2026-10-05T21:00:06Z,2026-10-05,OTT @ BOS,65b60049b3c77a94c346f74d8b897e4b,fgs,yes,Carter Yakemchuk,,williamhill_us,2700,,oddsapi
2026-10-05T21:00:06Z,2026-10-05,OTT @ BOS,65b60049b3c77a94c346f74d8b897e4b,fgs,yes,Thomas Chabot,,williamhill_us,2700,,oddsapi
2026-10-05T21:00:06Z,2026-10-05,OTT @ BOS,65b60049b3c77a94c346f74d8b897e4b,fgs,yes,Stephen Halliday,,williamhill_us,2800,,oddsapi
2026-10-05T21:00:06Z,2026-10-05,OTT @ BOS,65b60049b3c77a94c346f74d8b897e4b,fgs,yes,Michael Amadio,,williamhill_us,3000,,oddsapi
2026-10-05T21:00:06Z,2026-10-05,OTT @ BOS,65b60049b3c77a94c346f74d8b897e4b,fgs,yes,Hampus Lindholm,,williamhill_us,3500,,oddsapi
2026-10-05T21:00:06Z,2026-10-05,OTT @ BOS,65b60049b3c77a94c346f74d8b897e4b,fgs,yes,Matthew Poitras,,williamhill_us,3500,,oddsapi
2026-10-05T21:00:06Z,2026-10-05,OTT @ BOS,65b60049b3c77a94c346f74d8b897e4b,fgs,yes,Mason Lohrei,,williamhill_us,3500,,oddsapi
2026-10-05T21:00:06Z,2026-10-05,OTT @ BOS,65b60049b3c77a94c346f74d8b897e4b,fgs,yes,Marat Khusnutdinov,,williamhill_us,4000,,oddsapi
2026-10-05T21:00:06Z,2026-10-05,OTT @ BOS,65b60049b3c77a94c346f74d8b897e4b,fgs,yes,Mark Kastelic,,williamhill_us,4000,,oddsapi
2026-10-05T21:00:06Z,2026-10-05,OTT @ BOS,65b60049b3c77a94c346f74d8b897e4b,fgs,yes,Tanner Jeannot,,williamhill_us,4000,,oddsapi
2026-10-05T21:00:06Z,2026-10-05,OTT @ BOS,65b60049b3c77a94c346f74d8b897e4b,fgs,yes,Nick Cousins,,williamhill_us,5000,,oddsapi
2026-10-05T21:00:06Z,2026-10-05,OTT @ BOS,65b60049b3c77a94c346f74d8b897e4b,fgs,yes,Jordan Spence,,williamhill_us,5000,,oddsapi
2026-10-05T21:00:06Z,2026-10-05,OTT @ BOS,65b60049b3c77a94c346f74d8b897e4b,fgs,yes,Hayden Hodgson,,williamhill_us,5000,,oddsapi
2026-10-05T21:00:06Z,2026-10-05,OTT @ BOS,65b60049b3c77a94c346f74d8b897e4b,fgs,yes,Nikita Zadorov,,williamhill_us,6000,,oddsapi
2026-10-05T21:00:06Z,2026-10-05,OTT @ BOS,65b60049b3c77a94c346f74d8b897e4b,fgs,yes,Connor Clifton,,williamhill_us,6600,,oddsapi
2026-10-05T21:00:06Z,2026-10-05,OTT @ BOS,65b60049b3c77a94c346f74d8b897e4b,fgs,yes,Will Borgen,,williamhill_us,7000,,oddsapi
2026-10-05T21:00:06Z,2026-10-05,OTT @ BOS,65b60049b3c77a94c346f74d8b897e4b,fgs,yes,Nikolas Matinpalo,,williamhill_us,7500,,oddsapi
2026-10-05T21:00:06Z,2026-10-05,OTT @ BOS,65b60049b3c77a94c346f74d8b897e4b,fgs,yes,Tyler Kleven,,williamhill_us,7500,,oddsapi
2026-10-05T21:00:06Z,2026-10-05,OTT @ BOS,65b60049b3c77a94c346f74d8b897e4b,fgs,yes,Frederic Brunet,,williamhill_us,8000,,oddsapi
2026-10-05T21:00:06Z,2026-10-05,OTT @ BOS,65b60049b3c77a94c346f74d8b897e4b,team_total,over,BOS,3.5,williamhill_us,150,-210,oddsapi
2026-10-05T21:00:06Z,2026-10-05,OTT @ BOS,65b60049b3c77a94c346f74d8b897e4b,team_total,under,BOS,3.5,williamhill_us,-210,150,oddsapi
2026-10-05T21:00:06Z,2026-10-05,OTT @ BOS,65b60049b3c77a94c346f74d8b897e4b,team_total,over,OTT,3.5,williamhill_us,129,-182,oddsapi
2026-10-05T21:00:06Z,2026-10-05,OTT @ BOS,65b60049b3c77a94c346f74d8b897e4b,team_total,under,OTT,3.5,williamhill_us,-182,129,oddsapi
2026-10-05T21:00:06Z,2026-10-05,OTT @ BOS,65b60049b3c77a94c346f74d8b897e4b,p1_ml,BOS,,,betonlineag,-108,-112,oddsapi
2026-10-05T21:00:06Z,2026-10-05,OTT @ BOS,65b60049b3c77a94c346f74d8b897e4b,p1_ml,OTT,,,betonlineag,-112,-108,oddsapi
2026-10-05T21:00:06Z,2026-10-05,OTT @ BOS,65b60049b3c77a94c346f74d8b897e4b,sk_pts,over,Elias Lindholm,0.5,betonlineag,112,-145,oddsapi
2026-10-05T21:00:06Z,2026-10-05,OTT @ BOS,65b60049b3c77a94c346f74d8b897e4b,sk_pts,under,Elias Lindholm,0.5,betonlineag,-145,112,oddsapi
2026-10-05T21:00:06Z,2026-10-05,OTT @ BOS,65b60049b3c77a94c346f74d8b897e4b,sk_pts,over,Pavel Zacha,0.5,betonlineag,-106,-122,oddsapi
2026-10-05T21:00:06Z,2026-10-05,OTT @ BOS,65b60049b3c77a94c346f74d8b897e4b,sk_pts,under,Pavel Zacha,0.5,betonlineag,-122,-106,oddsapi
2026-10-05T21:00:06Z,2026-10-05,OTT @ BOS,65b60049b3c77a94c346f74d8b897e4b,sk_pts,over,Shane Pinto,0.5,betonlineag,124,-161,oddsapi
2026-10-05T21:00:06Z,2026-10-05,OTT @ BOS,65b60049b3c77a94c346f74d8b897e4b,sk_pts,under,Shane Pinto,0.5,betonlineag,-161,124,oddsapi
2026-10-05T21:00:06Z,2026-10-05,OTT @ BOS,65b60049b3c77a94c346f74d8b897e4b,sk_pts,over,Dylan Cozens,0.5,betonlineag,-119,-109,oddsapi
2026-10-05T21:00:06Z,2026-10-05,OTT @ BOS,65b60049b3c77a94c346f74d8b897e4b,sk_pts,under,Dylan Cozens,0.5,betonlineag,-109,-119,oddsapi
2026-10-05T21:00:06Z,2026-10-05,OTT @ BOS,65b60049b3c77a94c346f74d8b897e4b,sk_pts,over,Morgan Geekie,0.5,betonlineag,-114,-114,oddsapi
2026-10-05T21:00:06Z,2026-10-05,OTT @ BOS,65b60049b3c77a94c346f74d8b897e4b,sk_pts,under,Morgan Geekie,0.5,betonlineag,-114,-114,oddsapi
2026-10-05T21:00:06Z,2026-10-05,OTT @ BOS,65b60049b3c77a94c346f74d8b897e4b,sk_pts,over,Drake Batherson,0.5,betonlineag,-132,102,oddsapi
2026-10-05T21:00:06Z,2026-10-05,OTT @ BOS,65b60049b3c77a94c346f74d8b897e4b,sk_pts,under,Drake Batherson,0.5,betonlineag,102,-132,oddsapi
2026-10-05T21:00:06Z,2026-10-05,OTT @ BOS,65b60049b3c77a94c346f74d8b897e4b,sk_pts,over,JJ Peterka,0.5,betonlineag,-106,-122,oddsapi
2026-10-05T21:00:06Z,2026-10-05,OTT @ BOS,65b60049b3c77a94c346f74d8b897e4b,sk_pts,under,JJ Peterka,0.5,betonlineag,-122,-106,oddsapi
2026-10-05T21:00:06Z,2026-10-05,OTT @ BOS,65b60049b3c77a94c346f74d8b897e4b,sk_pts,over,William Eklund,0.5,betonlineag,-116,-111,oddsapi
2026-10-05T21:00:06Z,2026-10-05,OTT @ BOS,65b60049b3c77a94c346f74d8b897e4b,sk_pts,under,William Eklund,0.5,betonlineag,-111,-116,oddsapi
2026-10-05T21:00:06Z,2026-10-05,OTT @ BOS,65b60049b3c77a94c346f74d8b897e4b,sk_pts,over,David Pastrnak,1.5,betonlineag,190,-256,oddsapi
2026-10-05T21:00:06Z,2026-10-05,OTT @ BOS,65b60049b3c77a94c346f74d8b897e4b,sk_pts,under,David Pastrnak,1.5,betonlineag,-256,190,oddsapi
2026-10-05T21:00:06Z,2026-10-05,OTT @ BOS,65b60049b3c77a94c346f74d8b897e4b,sk_pts,over,Tim Stützle,0.5,betonlineag,-185,142,oddsapi
2026-10-05T21:00:06Z,2026-10-05,OTT @ BOS,65b60049b3c77a94c346f74d8b897e4b,sk_pts,under,Tim Stützle,0.5,betonlineag,142,-185,oddsapi
2026-10-05T21:00:06Z,2026-10-05,OTT @ BOS,65b60049b3c77a94c346f74d8b897e4b,sk_pts,over,Casey Mittelstadt,0.5,betonlineag,139,-182,oddsapi
2026-10-05T21:00:06Z,2026-10-05,OTT @ BOS,65b60049b3c77a94c346f74d8b897e4b,sk_pts,under,Casey Mittelstadt,0.5,betonlineag,-182,139,oddsapi
2026-10-05T21:00:06Z,2026-10-05,OTT @ BOS,65b60049b3c77a94c346f74d8b897e4b,sk_pts,over,Jordan Spence,0.5,betonlineag,167,-222,oddsapi
2026-10-05T21:00:06Z,2026-10-05,OTT @ BOS,65b60049b3c77a94c346f74d8b897e4b,sk_pts,under,Jordan Spence,0.5,betonlineag,-222,167,oddsapi
2026-10-05T21:00:06Z,2026-10-05,OTT @ BOS,65b60049b3c77a94c346f74d8b897e4b,sk_pts,over,Claude Giroux,0.5,betonlineag,128,-167,oddsapi
2026-10-05T21:00:06Z,2026-10-05,OTT @ BOS,65b60049b3c77a94c346f74d8b897e4b,sk_pts,under,Claude Giroux,0.5,betonlineag,-167,128,oddsapi
2026-10-05T21:00:06Z,2026-10-05,OTT @ BOS,65b60049b3c77a94c346f74d8b897e4b,sk_pts,over,Thomas Chabot,0.5,betonlineag,102,-132,oddsapi
2026-10-05T21:00:06Z,2026-10-05,OTT @ BOS,65b60049b3c77a94c346f74d8b897e4b,sk_pts,under,Thomas Chabot,0.5,betonlineag,-132,102,oddsapi
2026-10-05T21:00:06Z,2026-10-05,OTT @ BOS,65b60049b3c77a94c346f74d8b897e4b,sk_pts,over,Hampus Lindholm,0.5,betonlineag,132,-172,oddsapi
2026-10-05T21:00:06Z,2026-10-05,OTT @ BOS,65b60049b3c77a94c346f74d8b897e4b,sk_pts,under,Hampus Lindholm,0.5,betonlineag,-172,132,oddsapi
2026-10-05T21:00:06Z,2026-10-05,OTT @ BOS,65b60049b3c77a94c346f74d8b897e4b,sk_pts,over,Carter Yakemchuk,0.5,betonlineag,158,-208,oddsapi
2026-10-05T21:00:06Z,2026-10-05,OTT @ BOS,65b60049b3c77a94c346f74d8b897e4b,sk_pts,under,Carter Yakemchuk,0.5,betonlineag,-208,158,oddsapi
2026-10-05T21:00:06Z,2026-10-05,OTT @ BOS,65b60049b3c77a94c346f74d8b897e4b,sk_sog,over,David Pastrnak,3.5,betonlineag,124,-161,oddsapi
2026-10-05T21:00:06Z,2026-10-05,OTT @ BOS,65b60049b3c77a94c346f74d8b897e4b,sk_sog,under,David Pastrnak,3.5,betonlineag,-161,124,oddsapi
2026-10-05T21:00:06Z,2026-10-05,OTT @ BOS,65b60049b3c77a94c346f74d8b897e4b,sk_sog,over,Claude Giroux,1.5,betonlineag,-119,-109,oddsapi
2026-10-05T21:00:06Z,2026-10-05,OTT @ BOS,65b60049b3c77a94c346f74d8b897e4b,sk_sog,under,Claude Giroux,1.5,betonlineag,-109,-119,oddsapi
2026-10-05T21:00:06Z,2026-10-05,OTT @ BOS,65b60049b3c77a94c346f74d8b897e4b,sk_sog,over,Tim Stützle,2.5,betonlineag,126,-164,oddsapi
2026-10-05T21:00:06Z,2026-10-05,OTT @ BOS,65b60049b3c77a94c346f74d8b897e4b,sk_sog,under,Tim Stützle,2.5,betonlineag,-164,126,oddsapi
2026-10-05T21:00:06Z,2026-10-05,OTT @ BOS,65b60049b3c77a94c346f74d8b897e4b,sk_sog,over,Pavel Zacha,1.5,betonlineag,-118,-110,oddsapi
2026-10-05T21:00:06Z,2026-10-05,OTT @ BOS,65b60049b3c77a94c346f74d8b897e4b,sk_sog,under,Pavel Zacha,1.5,betonlineag,-110,-118,oddsapi
2026-10-05T21:00:06Z,2026-10-05,OTT @ BOS,65b60049b3c77a94c346f74d8b897e4b,sk_sog,over,Thomas Chabot,1.5,betonlineag,-172,131,oddsapi
2026-10-05T21:00:06Z,2026-10-05,OTT @ BOS,65b60049b3c77a94c346f74d8b897e4b,sk_sog,under,Thomas Chabot,1.5,betonlineag,131,-172,oddsapi
2026-10-05T21:00:06Z,2026-10-05,OTT @ BOS,65b60049b3c77a94c346f74d8b897e4b,sk_sog,over,Elias Lindholm,1.5,betonlineag,104,-135,oddsapi
2026-10-05T21:00:06Z,2026-10-05,OTT @ BOS,65b60049b3c77a94c346f74d8b897e4b,sk_sog,under,Elias Lindholm,1.5,betonlineag,-135,104,oddsapi
2026-10-05T21:00:06Z,2026-10-05,OTT @ BOS,65b60049b3c77a94c346f74d8b897e4b,sk_sog,over,JJ Peterka,2.5,betonlineag,141,-185,oddsapi
2026-10-05T21:00:06Z,2026-10-05,OTT @ BOS,65b60049b3c77a94c346f74d8b897e4b,sk_sog,under,JJ Peterka,2.5,betonlineag,-185,141,oddsapi
2026-10-05T21:00:06Z,2026-10-05,OTT @ BOS,65b60049b3c77a94c346f74d8b897e4b,sk_sog,over,Fabian Zetterlund,1.5,betonlineag,-114,-114,oddsapi
2026-10-05T21:00:06Z,2026-10-05,OTT @ BOS,65b60049b3c77a94c346f74d8b897e4b,sk_sog,under,Fabian Zetterlund,1.5,betonlineag,-114,-114,oddsapi
2026-10-05T21:00:06Z,2026-10-05,OTT @ BOS,65b60049b3c77a94c346f74d8b897e4b,sk_sog,over,Dylan Cozens,2.5,betonlineag,128,-167,oddsapi
2026-10-05T21:00:06Z,2026-10-05,OTT @ BOS,65b60049b3c77a94c346f74d8b897e4b,sk_sog,under,Dylan Cozens,2.5,betonlineag,-167,128,oddsapi
2026-10-05T21:00:06Z,2026-10-05,OTT @ BOS,65b60049b3c77a94c346f74d8b897e4b,sk_sog,over,William Eklund,1.5,betonlineag,-185,140,oddsapi
2026-10-05T21:00:06Z,2026-10-05,OTT @ BOS,65b60049b3c77a94c346f74d8b897e4b,sk_sog,under,William Eklund,1.5,betonlineag,140,-185,oddsapi
2026-10-05T21:00:06Z,2026-10-05,OTT @ BOS,65b60049b3c77a94c346f74d8b897e4b,sk_sog,over,Morgan Geekie,1.5,betonlineag,-143,110,oddsapi
2026-10-05T21:00:06Z,2026-10-05,OTT @ BOS,65b60049b3c77a94c346f74d8b897e4b,sk_sog,under,Morgan Geekie,1.5,betonlineag,110,-143,oddsapi
2026-10-05T21:00:06Z,2026-10-05,OTT @ BOS,65b60049b3c77a94c346f74d8b897e4b,sk_sog,over,Drake Batherson,2.5,betonlineag,122,-159,oddsapi
2026-10-05T21:00:06Z,2026-10-05,OTT @ BOS,65b60049b3c77a94c346f74d8b897e4b,sk_sog,under,Drake Batherson,2.5,betonlineag,-159,122,oddsapi
2026-10-05T21:00:06Z,2026-10-05,OTT @ BOS,65b60049b3c77a94c346f74d8b897e4b,sk_sog,over,Hampus Lindholm,1.5,betonlineag,152,-200,oddsapi
2026-10-05T21:00:06Z,2026-10-05,OTT @ BOS,65b60049b3c77a94c346f74d8b897e4b,sk_sog,under,Hampus Lindholm,1.5,betonlineag,-200,152,oddsapi
2026-10-05T21:00:06Z,2026-10-05,OTT @ BOS,65b60049b3c77a94c346f74d8b897e4b,sk_sog,over,Warren Foegele,1.5,betonlineag,-110,-118,oddsapi
2026-10-05T21:00:06Z,2026-10-05,OTT @ BOS,65b60049b3c77a94c346f74d8b897e4b,sk_sog,under,Warren Foegele,1.5,betonlineag,-118,-110,oddsapi
2026-10-05T21:00:06Z,2026-10-05,OTT @ BOS,65b60049b3c77a94c346f74d8b897e4b,sk_sog,over,Shane Pinto,2.5,betonlineag,146,-192,oddsapi
2026-10-05T21:00:06Z,2026-10-05,OTT @ BOS,65b60049b3c77a94c346f74d8b897e4b,sk_sog,under,Shane Pinto,2.5,betonlineag,-192,146,oddsapi
2026-10-05T21:00:06Z,2026-10-05,OTT @ BOS,65b60049b3c77a94c346f74d8b897e4b,g_saves,over,Jeremy Swayman,24.5,betonlineag,-130,100,oddsapi
2026-10-05T21:00:06Z,2026-10-05,OTT @ BOS,65b60049b3c77a94c346f74d8b897e4b,g_saves,under,Jeremy Swayman,24.5,betonlineag,100,-130,oddsapi
2026-10-05T21:00:06Z,2026-10-05,OTT @ BOS,65b60049b3c77a94c346f74d8b897e4b,g_saves,over,Linus Ullmark,21.5,betonlineag,-111,-116,oddsapi
2026-10-05T21:00:06Z,2026-10-05,OTT @ BOS,65b60049b3c77a94c346f74d8b897e4b,g_saves,under,Linus Ullmark,21.5,betonlineag,-116,-111,oddsapi
2026-10-05T21:00:06Z,2026-10-05,OTT @ BOS,65b60049b3c77a94c346f74d8b897e4b,p1_pl,BOS,,0.5,betonlineag,-210,180,oddsapi
2026-10-05T21:00:06Z,2026-10-05,OTT @ BOS,65b60049b3c77a94c346f74d8b897e4b,p1_pl,OTT,,-0.5,betonlineag,180,-210,oddsapi
2026-10-05T21:00:06Z,2026-10-05,OTT @ BOS,65b60049b3c77a94c346f74d8b897e4b,team_total,over,BOS,2.5,betonlineag,-145,113,oddsapi
2026-10-05T21:00:06Z,2026-10-05,OTT @ BOS,65b60049b3c77a94c346f74d8b897e4b,team_total,under,BOS,2.5,betonlineag,113,-145,oddsapi
2026-10-05T21:00:06Z,2026-10-05,OTT @ BOS,65b60049b3c77a94c346f74d8b897e4b,team_total,over,OTT,2.5,betonlineag,-160,124,oddsapi
2026-10-05T21:00:06Z,2026-10-05,OTT @ BOS,65b60049b3c77a94c346f74d8b897e4b,team_total,under,OTT,2.5,betonlineag,124,-160,oddsapi
2026-10-05T21:00:06Z,2026-10-05,OTT @ BOS,65b60049b3c77a94c346f74d8b897e4b,p1_total,over,,1.5,betonlineag,-105,-115,oddsapi
2026-10-05T21:00:06Z,2026-10-05,OTT @ BOS,65b60049b3c77a94c346f74d8b897e4b,p1_total,under,,1.5,betonlineag,-115,-105,oddsapi
2026-10-05T21:00:06Z,2026-10-05,OTT @ BOS,65b60049b3c77a94c346f74d8b897e4b,game_pl_alt,BOS,,1.5,fanduel,-280,205,oddsapi
2026-10-05T21:00:06Z,2026-10-05,OTT @ BOS,65b60049b3c77a94c346f74d8b897e4b,game_pl_alt,BOS,,2.5,fanduel,-550,340,oddsapi
2026-10-05T21:00:06Z,2026-10-05,OTT @ BOS,65b60049b3c77a94c346f74d8b897e4b,game_pl_alt,BOS,,3.5,fanduel,-2000,1000,oddsapi
2026-10-05T21:00:06Z,2026-10-05,OTT @ BOS,65b60049b3c77a94c346f74d8b897e4b,game_pl_alt,BOS,,4.5,fanduel,-6000,2600,oddsapi
2026-10-05T21:00:06Z,2026-10-05,OTT @ BOS,65b60049b3c77a94c346f74d8b897e4b,game_pl_alt,BOS,,5.5,fanduel,-20000,,oddsapi
2026-10-05T21:00:06Z,2026-10-05,OTT @ BOS,65b60049b3c77a94c346f74d8b897e4b,game_pl_alt,BOS,,6.5,fanduel,-50000,,oddsapi
2026-10-05T21:00:06Z,2026-10-05,OTT @ BOS,65b60049b3c77a94c346f74d8b897e4b,game_pl_alt,BOS,,-1.5,fanduel,230,-320,oddsapi
2026-10-05T21:00:06Z,2026-10-05,OTT @ BOS,65b60049b3c77a94c346f74d8b897e4b,game_pl_alt,BOS,,-2.5,fanduel,400,-650,oddsapi
2026-10-05T21:00:06Z,2026-10-05,OTT @ BOS,65b60049b3c77a94c346f74d8b897e4b,game_pl_alt,BOS,,-3.5,fanduel,1140,-2400,oddsapi
2026-10-05T21:00:06Z,2026-10-05,OTT @ BOS,65b60049b3c77a94c346f74d8b897e4b,game_pl_alt,BOS,,-4.5,fanduel,3100,-8000,oddsapi
2026-10-05T21:00:06Z,2026-10-05,OTT @ BOS,65b60049b3c77a94c346f74d8b897e4b,game_pl_alt,OTT,,1.5,fanduel,-320,230,oddsapi
2026-10-05T21:00:06Z,2026-10-05,OTT @ BOS,65b60049b3c77a94c346f74d8b897e4b,game_pl_alt,OTT,,2.5,fanduel,-650,400,oddsapi
2026-10-05T21:00:06Z,2026-10-05,OTT @ BOS,65b60049b3c77a94c346f74d8b897e4b,game_pl_alt,OTT,,3.5,fanduel,-2400,1140,oddsapi
2026-10-05T21:00:06Z,2026-10-05,OTT @ BOS,65b60049b3c77a94c346f74d8b897e4b,game_pl_alt,OTT,,4.5,fanduel,-8000,3100,oddsapi
2026-10-05T21:00:06Z,2026-10-05,OTT @ BOS,65b60049b3c77a94c346f74d8b897e4b,game_pl_alt,OTT,,5.5,fanduel,-50000,,oddsapi
2026-10-05T21:00:06Z,2026-10-05,OTT @ BOS,65b60049b3c77a94c346f74d8b897e4b,game_pl_alt,OTT,,6.5,fanduel,-50000,,oddsapi
2026-10-05T21:00:06Z,2026-10-05,OTT @ BOS,65b60049b3c77a94c346f74d8b897e4b,game_pl_alt,OTT,,-1.5,fanduel,205,-280,oddsapi
2026-10-05T21:00:06Z,2026-10-05,OTT @ BOS,65b60049b3c77a94c346f74d8b897e4b,game_pl_alt,OTT,,-2.5,fanduel,340,-550,oddsapi
2026-10-05T21:00:06Z,2026-10-05,OTT @ BOS,65b60049b3c77a94c346f74d8b897e4b,game_pl_alt,OTT,,-3.5,fanduel,1000,-2000,oddsapi
2026-10-05T21:00:06Z,2026-10-05,OTT @ BOS,65b60049b3c77a94c346f74d8b897e4b,game_pl_alt,OTT,,-4.5,fanduel,2600,-6000,oddsapi
2026-10-05T21:00:06Z,2026-10-05,OTT @ BOS,65b60049b3c77a94c346f74d8b897e4b,team_total_alt,over,BOS,0.5,fanduel,-2400,1200,oddsapi
2026-10-05T21:00:06Z,2026-10-05,OTT @ BOS,65b60049b3c77a94c346f74d8b897e4b,team_total_alt,over,BOS,1.5,fanduel,-450,310,oddsapi
2026-10-05T21:00:06Z,2026-10-05,OTT @ BOS,65b60049b3c77a94c346f74d8b897e4b,team_total_alt,over,BOS,3.5,fanduel,162,-215,oddsapi
2026-10-05T21:00:06Z,2026-10-05,OTT @ BOS,65b60049b3c77a94c346f74d8b897e4b,team_total_alt,over,BOS,4.5,fanduel,410,-650,oddsapi
2026-10-05T21:00:06Z,2026-10-05,OTT @ BOS,65b60049b3c77a94c346f74d8b897e4b,team_total_alt,over,BOS,5.5,fanduel,1060,-2000,oddsapi
2026-10-05T21:00:06Z,2026-10-05,OTT @ BOS,65b60049b3c77a94c346f74d8b897e4b,team_total_alt,over,BOS,6.5,fanduel,2900,-8000,oddsapi
2026-10-05T21:00:06Z,2026-10-05,OTT @ BOS,65b60049b3c77a94c346f74d8b897e4b,team_total_alt,under,BOS,0.5,fanduel,1200,-2400,oddsapi
2026-10-05T21:00:06Z,2026-10-05,OTT @ BOS,65b60049b3c77a94c346f74d8b897e4b,team_total_alt,under,BOS,1.5,fanduel,310,-450,oddsapi
2026-10-05T21:00:06Z,2026-10-05,OTT @ BOS,65b60049b3c77a94c346f74d8b897e4b,team_total_alt,under,BOS,3.5,fanduel,-215,162,oddsapi
2026-10-05T21:00:06Z,2026-10-05,OTT @ BOS,65b60049b3c77a94c346f74d8b897e4b,team_total_alt,under,BOS,4.5,fanduel,-650,410,oddsapi
2026-10-05T21:00:06Z,2026-10-05,OTT @ BOS,65b60049b3c77a94c346f74d8b897e4b,team_total_alt,under,BOS,5.5,fanduel,-2000,1060,oddsapi
2026-10-05T21:00:06Z,2026-10-05,OTT @ BOS,65b60049b3c77a94c346f74d8b897e4b,team_total_alt,under,BOS,6.5,fanduel,-8000,2900,oddsapi
2026-10-05T21:00:06Z,2026-10-05,OTT @ BOS,65b60049b3c77a94c346f74d8b897e4b,team_total_alt,over,OTT,0.5,fanduel,-3000,1340,oddsapi
2026-10-05T21:00:06Z,2026-10-05,OTT @ BOS,65b60049b3c77a94c346f74d8b897e4b,team_total_alt,over,OTT,1.5,fanduel,-550,340,oddsapi
2026-10-05T21:00:06Z,2026-10-05,OTT @ BOS,65b60049b3c77a94c346f74d8b897e4b,team_total_alt,over,OTT,3.5,fanduel,152,-196,oddsapi
2026-10-05T21:00:06Z,2026-10-05,OTT @ BOS,65b60049b3c77a94c346f74d8b897e4b,team_total_alt,over,OTT,4.5,fanduel,360,-600,oddsapi
2026-10-05T21:00:06Z,2026-10-05,OTT @ BOS,65b60049b3c77a94c346f74d8b897e4b,team_total_alt,over,OTT,5.5,fanduel,940,-1800,oddsapi
2026-10-05T21:00:06Z,2026-10-05,OTT @ BOS,65b60049b3c77a94c346f74d8b897e4b,team_total_alt,over,OTT,6.5,fanduel,2300,-6000,oddsapi
2026-10-05T21:00:06Z,2026-10-05,OTT @ BOS,65b60049b3c77a94c346f74d8b897e4b,team_total_alt,under,OTT,0.5,fanduel,1340,-3000,oddsapi
2026-10-05T21:00:06Z,2026-10-05,OTT @ BOS,65b60049b3c77a94c346f74d8b897e4b,team_total_alt,under,OTT,1.5,fanduel,340,-550,oddsapi
2026-10-05T21:00:06Z,2026-10-05,OTT @ BOS,65b60049b3c77a94c346f74d8b897e4b,team_total_alt,under,OTT,3.5,fanduel,-196,152,oddsapi
2026-10-05T21:00:06Z,2026-10-05,OTT @ BOS,65b60049b3c77a94c346f74d8b897e4b,team_total_alt,under,OTT,4.5,fanduel,-600,360,oddsapi
2026-10-05T21:00:06Z,2026-10-05,OTT @ BOS,65b60049b3c77a94c346f74d8b897e4b,team_total_alt,under,OTT,5.5,fanduel,-1800,940,oddsapi
2026-10-05T21:00:06Z,2026-10-05,OTT @ BOS,65b60049b3c77a94c346f74d8b897e4b,team_total_alt,under,OTT,6.5,fanduel,-6000,2300,oddsapi
2026-10-05T21:00:06Z,2026-10-05,OTT @ BOS,65b60049b3c77a94c346f74d8b897e4b,game_total_alt,over,,2.5,fanduel,-4500,1750,oddsapi
2026-10-05T21:00:06Z,2026-10-05,OTT @ BOS,65b60049b3c77a94c346f74d8b897e4b,game_total_alt,over,,3.5,fanduel,-700,450,oddsapi
2026-10-05T21:00:06Z,2026-10-05,OTT @ BOS,65b60049b3c77a94c346f74d8b897e4b,game_total_alt,over,,4.5,fanduel,-370,260,oddsapi
2026-10-05T21:00:06Z,2026-10-05,OTT @ BOS,65b60049b3c77a94c346f74d8b897e4b,game_total_alt,over,,5.5,fanduel,-118,-108,oddsapi
2026-10-05T21:00:06Z,2026-10-05,OTT @ BOS,65b60049b3c77a94c346f74d8b897e4b,game_total_alt,over,,6.5,fanduel,138,-176,oddsapi
2026-10-05T21:00:06Z,2026-10-05,OTT @ BOS,65b60049b3c77a94c346f74d8b897e4b,game_total_alt,over,,7.5,fanduel,320,-460,oddsapi
2026-10-05T21:00:06Z,2026-10-05,OTT @ BOS,65b60049b3c77a94c346f74d8b897e4b,game_total_alt,over,,8.5,fanduel,500,-800,oddsapi
2026-10-05T21:00:06Z,2026-10-05,OTT @ BOS,65b60049b3c77a94c346f74d8b897e4b,game_total_alt,over,,9.5,fanduel,1200,-2400,oddsapi
2026-10-05T21:00:06Z,2026-10-05,OTT @ BOS,65b60049b3c77a94c346f74d8b897e4b,game_total_alt,over,,10.5,fanduel,1750,-4500,oddsapi
2026-10-05T21:00:06Z,2026-10-05,OTT @ BOS,65b60049b3c77a94c346f74d8b897e4b,game_total_alt,over,,11.5,fanduel,4600,-8000,oddsapi
2026-10-05T21:00:06Z,2026-10-05,OTT @ BOS,65b60049b3c77a94c346f74d8b897e4b,game_total_alt,under,,2.5,fanduel,1750,-4500,oddsapi
2026-10-05T21:00:06Z,2026-10-05,OTT @ BOS,65b60049b3c77a94c346f74d8b897e4b,game_total_alt,under,,3.5,fanduel,450,-700,oddsapi
2026-10-05T21:00:06Z,2026-10-05,OTT @ BOS,65b60049b3c77a94c346f74d8b897e4b,game_total_alt,under,,4.5,fanduel,260,-370,oddsapi
2026-10-05T21:00:06Z,2026-10-05,OTT @ BOS,65b60049b3c77a94c346f74d8b897e4b,game_total_alt,under,,5.5,fanduel,-108,-118,oddsapi
2026-10-05T21:00:06Z,2026-10-05,OTT @ BOS,65b60049b3c77a94c346f74d8b897e4b,game_total_alt,under,,6.5,fanduel,-176,138,oddsapi
2026-10-05T21:00:06Z,2026-10-05,OTT @ BOS,65b60049b3c77a94c346f74d8b897e4b,game_total_alt,under,,7.5,fanduel,-460,320,oddsapi
2026-10-05T21:00:06Z,2026-10-05,OTT @ BOS,65b60049b3c77a94c346f74d8b897e4b,game_total_alt,under,,8.5,fanduel,-800,500,oddsapi
2026-10-05T21:00:06Z,2026-10-05,OTT @ BOS,65b60049b3c77a94c346f74d8b897e4b,game_total_alt,under,,9.5,fanduel,-2400,1200,oddsapi
2026-10-05T21:00:06Z,2026-10-05,OTT @ BOS,65b60049b3c77a94c346f74d8b897e4b,game_total_alt,under,,10.5,fanduel,-4500,1750,oddsapi
2026-10-05T21:00:06Z,2026-10-05,OTT @ BOS,65b60049b3c77a94c346f74d8b897e4b,game_total_alt,under,,11.5,fanduel,-8000,4600,oddsapi
2026-10-05T21:00:06Z,2026-10-05,OTT @ BOS,65b60049b3c77a94c346f74d8b897e4b,game_ml3,BOS,,,fanduel,145,,oddsapi
2026-10-05T21:00:06Z,2026-10-05,OTT @ BOS,65b60049b3c77a94c346f74d8b897e4b,game_ml3,OTT,,,fanduel,130,,oddsapi
2026-10-05T21:00:06Z,2026-10-05,OTT @ BOS,65b60049b3c77a94c346f74d8b897e4b,game_ml3,draw,,,fanduel,310,,oddsapi
2026-10-05T21:00:06Z,2026-10-05,OTT @ BOS,65b60049b3c77a94c346f74d8b897e4b,p1_ml3,BOS,,,fanduel,195,,oddsapi
2026-10-05T21:00:06Z,2026-10-05,OTT @ BOS,65b60049b3c77a94c346f74d8b897e4b,p1_ml3,OTT,,,fanduel,185,,oddsapi
2026-10-05T21:00:06Z,2026-10-05,OTT @ BOS,65b60049b3c77a94c346f74d8b897e4b,p1_ml3,draw,,,fanduel,170,,oddsapi
2026-10-05T21:00:06Z,2026-10-05,OTT @ BOS,65b60049b3c77a94c346f74d8b897e4b,p2_ml3,BOS,,,fanduel,180,,oddsapi
2026-10-05T21:00:06Z,2026-10-05,OTT @ BOS,65b60049b3c77a94c346f74d8b897e4b,p2_ml3,OTT,,,fanduel,170,,oddsapi
2026-10-05T21:00:06Z,2026-10-05,OTT @ BOS,65b60049b3c77a94c346f74d8b897e4b,p2_ml3,draw,,,fanduel,200,,oddsapi
2026-10-05T21:00:06Z,2026-10-05,OTT @ BOS,65b60049b3c77a94c346f74d8b897e4b,p3_ml3,BOS,,,fanduel,165,,oddsapi
2026-10-05T21:00:06Z,2026-10-05,OTT @ BOS,65b60049b3c77a94c346f74d8b897e4b,p3_ml3,OTT,,,fanduel,155,,oddsapi
2026-10-05T21:00:06Z,2026-10-05,OTT @ BOS,65b60049b3c77a94c346f74d8b897e4b,p3_ml3,draw,,,fanduel,240,,oddsapi
2026-10-05T21:00:06Z,2026-10-05,OTT @ BOS,65b60049b3c77a94c346f74d8b897e4b,p1_ml,BOS,,,fanduel,-108,-118,oddsapi
2026-10-05T21:00:06Z,2026-10-05,OTT @ BOS,65b60049b3c77a94c346f74d8b897e4b,p1_ml,OTT,,,fanduel,-118,-108,oddsapi
2026-10-05T21:00:06Z,2026-10-05,OTT @ BOS,65b60049b3c77a94c346f74d8b897e4b,p2_ml,BOS,,,fanduel,-108,-118,oddsapi
2026-10-05T21:00:06Z,2026-10-05,OTT @ BOS,65b60049b3c77a94c346f74d8b897e4b,p2_ml,OTT,,,fanduel,-118,-108,oddsapi
2026-10-05T21:00:06Z,2026-10-05,OTT @ BOS,65b60049b3c77a94c346f74d8b897e4b,p3_ml,BOS,,,fanduel,-108,-118,oddsapi
2026-10-05T21:00:06Z,2026-10-05,OTT @ BOS,65b60049b3c77a94c346f74d8b897e4b,p3_ml,OTT,,,fanduel,-118,-108,oddsapi
2026-10-05T21:00:06Z,2026-10-05,OTT @ BOS,65b60049b3c77a94c346f74d8b897e4b,ags,yes,David Pastrnak,,fanduel,160,,oddsapi
2026-10-05T21:00:06Z,2026-10-05,OTT @ BOS,65b60049b3c77a94c346f74d8b897e4b,ags,yes,Tim Stützle,,fanduel,210,,oddsapi
2026-10-05T21:00:06Z,2026-10-05,OTT @ BOS,65b60049b3c77a94c346f74d8b897e4b,ags,yes,Drake Batherson,,fanduel,230,,oddsapi
2026-10-05T21:00:06Z,2026-10-05,OTT @ BOS,65b60049b3c77a94c346f74d8b897e4b,ags,yes,Morgan Geekie,,fanduel,240,,oddsapi
2026-10-05T21:00:06Z,2026-10-05,OTT @ BOS,65b60049b3c77a94c346f74d8b897e4b,ags,yes,JJ Peterka,,fanduel,250,,oddsapi
2026-10-05T21:00:06Z,2026-10-05,OTT @ BOS,65b60049b3c77a94c346f74d8b897e4b,ags,yes,Dylan Cozens,,fanduel,250,,oddsapi
2026-10-05T21:00:06Z,2026-10-05,OTT @ BOS,65b60049b3c77a94c346f74d8b897e4b,ags,yes,William Eklund,,fanduel,275,,oddsapi
2026-10-05T21:00:06Z,2026-10-05,OTT @ BOS,65b60049b3c77a94c346f74d8b897e4b,ags,yes,Pavel Zacha,,fanduel,280,,oddsapi
2026-10-05T21:00:06Z,2026-10-05,OTT @ BOS,65b60049b3c77a94c346f74d8b897e4b,ags,yes,Shane Pinto,,fanduel,280,,oddsapi
2026-10-05T21:00:06Z,2026-10-05,OTT @ BOS,65b60049b3c77a94c346f74d8b897e4b,ags,yes,Elias Lindholm,,fanduel,310,,oddsapi
2026-10-05T21:00:06Z,2026-10-05,OTT @ BOS,65b60049b3c77a94c346f74d8b897e4b,ags,yes,Thomas Chabot,,fanduel,430,,oddsapi
2026-10-05T21:00:06Z,2026-10-05,OTT @ BOS,65b60049b3c77a94c346f74d8b897e4b,ags,yes,Fabian Zetterlund,,fanduel,440,,oddsapi
2026-10-05T21:00:06Z,2026-10-05,OTT @ BOS,65b60049b3c77a94c346f74d8b897e4b,ags,yes,Claude Giroux,,fanduel,440,,oddsapi
2026-10-05T21:00:06Z,2026-10-05,OTT @ BOS,65b60049b3c77a94c346f74d8b897e4b,ags,yes,Warren Foegele,,fanduel,450,,oddsapi
2026-10-05T21:00:06Z,2026-10-05,OTT @ BOS,65b60049b3c77a94c346f74d8b897e4b,ags,yes,Carter Yakemchuk,,fanduel,460,,oddsapi
2026-10-05T21:00:06Z,2026-10-05,OTT @ BOS,65b60049b3c77a94c346f74d8b897e4b,ags,yes,Fraser Minten,,fanduel,460,,oddsapi
2026-10-05T21:00:06Z,2026-10-05,OTT @ BOS,65b60049b3c77a94c346f74d8b897e4b,ags,yes,James Hagens,,fanduel,470,,oddsapi
2026-10-05T21:00:06Z,2026-10-05,OTT @ BOS,65b60049b3c77a94c346f74d8b897e4b,ags,yes,Casey Mittelstadt,,fanduel,490,,oddsapi
2026-10-05T21:00:06Z,2026-10-05,OTT @ BOS,65b60049b3c77a94c346f74d8b897e4b,ags,yes,Michael Amadio,,fanduel,600,,oddsapi
2026-10-05T21:00:06Z,2026-10-05,OTT @ BOS,65b60049b3c77a94c346f74d8b897e4b,ags,yes,Stephen Halliday,,fanduel,600,,oddsapi
2026-10-05T21:00:06Z,2026-10-05,OTT @ BOS,65b60049b3c77a94c346f74d8b897e4b,ags,yes,Mason Lohrei,,fanduel,750,,oddsapi
2026-10-05T21:00:06Z,2026-10-05,OTT @ BOS,65b60049b3c77a94c346f74d8b897e4b,ags,yes,Hampus Lindholm,,fanduel,750,,oddsapi
2026-10-05T21:00:06Z,2026-10-05,OTT @ BOS,65b60049b3c77a94c346f74d8b897e4b,ags,yes,Marat Khusnutdinov,,fanduel,800,,oddsapi
2026-10-05T21:00:06Z,2026-10-05,OTT @ BOS,65b60049b3c77a94c346f74d8b897e4b,ags,yes,Matthew Poitras,,fanduel,800,,oddsapi
2026-10-05T21:00:06Z,2026-10-05,OTT @ BOS,65b60049b3c77a94c346f74d8b897e4b,ags,yes,Mark Kastelic,,fanduel,900,,oddsapi
2026-10-05T21:00:06Z,2026-10-05,OTT @ BOS,65b60049b3c77a94c346f74d8b897e4b,ags,yes,Tanner Jeannot,,fanduel,1000,,oddsapi
2026-10-05T21:00:06Z,2026-10-05,OTT @ BOS,65b60049b3c77a94c346f74d8b897e4b,ags,yes,Jordan Spence,,fanduel,1100,,oddsapi
2026-10-05T21:00:06Z,2026-10-05,OTT @ BOS,65b60049b3c77a94c346f74d8b897e4b,ags,yes,Nick Cousins,,fanduel,1200,,oddsapi
2026-10-05T21:00:06Z,2026-10-05,OTT @ BOS,65b60049b3c77a94c346f74d8b897e4b,ags,yes,Hayden Hodgson,,fanduel,1200,,oddsapi
2026-10-05T21:00:06Z,2026-10-05,OTT @ BOS,65b60049b3c77a94c346f74d8b897e4b,ags,yes,Connor Clifton,,fanduel,1400,,oddsapi
2026-10-05T21:00:06Z,2026-10-05,OTT @ BOS,65b60049b3c77a94c346f74d8b897e4b,ags,yes,Nikita Zadorov,,fanduel,1400,,oddsapi
2026-10-05T21:00:06Z,2026-10-05,OTT @ BOS,65b60049b3c77a94c346f74d8b897e4b,ags,yes,Will Borgen,,fanduel,1600,,oddsapi
2026-10-05T21:00:06Z,2026-10-05,OTT @ BOS,65b60049b3c77a94c346f74d8b897e4b,ags,yes,Tyler Kleven,,fanduel,1700,,oddsapi
2026-10-05T21:00:06Z,2026-10-05,OTT @ BOS,65b60049b3c77a94c346f74d8b897e4b,ags,yes,Frederic Brunet,,fanduel,1900,,oddsapi
2026-10-05T21:00:06Z,2026-10-05,OTT @ BOS,65b60049b3c77a94c346f74d8b897e4b,ags,yes,Nikolas Matinpalo,,fanduel,2000,,oddsapi
2026-10-05T21:00:06Z,2026-10-05,OTT @ BOS,65b60049b3c77a94c346f74d8b897e4b,fgs,yes,David Pastrnak,,fanduel,1000,,oddsapi
2026-10-05T21:00:06Z,2026-10-05,OTT @ BOS,65b60049b3c77a94c346f74d8b897e4b,fgs,yes,Tim Stützle,,fanduel,1300,,oddsapi
2026-10-05T21:00:06Z,2026-10-05,OTT @ BOS,65b60049b3c77a94c346f74d8b897e4b,fgs,yes,Drake Batherson,,fanduel,1400,,oddsapi
2026-10-05T21:00:06Z,2026-10-05,OTT @ BOS,65b60049b3c77a94c346f74d8b897e4b,fgs,yes,JJ Peterka,,fanduel,1500,,oddsapi
2026-10-05T21:00:06Z,2026-10-05,OTT @ BOS,65b60049b3c77a94c346f74d8b897e4b,fgs,yes,Morgan Geekie,,fanduel,1500,,oddsapi
2026-10-05T21:00:06Z,2026-10-05,OTT @ BOS,65b60049b3c77a94c346f74d8b897e4b,fgs,yes,William Eklund,,fanduel,1600,,oddsapi
2026-10-05T21:00:06Z,2026-10-05,OTT @ BOS,65b60049b3c77a94c346f74d8b897e4b,fgs,yes,Dylan Cozens,,fanduel,1700,,oddsapi
2026-10-05T21:00:06Z,2026-10-05,OTT @ BOS,65b60049b3c77a94c346f74d8b897e4b,fgs,yes,Shane Pinto,,fanduel,1700,,oddsapi
2026-10-05T21:00:06Z,2026-10-05,OTT @ BOS,65b60049b3c77a94c346f74d8b897e4b,fgs,yes,Pavel Zacha,,fanduel,1800,,oddsapi
2026-10-05T21:00:06Z,2026-10-05,OTT @ BOS,65b60049b3c77a94c346f74d8b897e4b,fgs,yes,Elias Lindholm,,fanduel,2000,,oddsapi
2026-10-05T21:00:06Z,2026-10-05,OTT @ BOS,65b60049b3c77a94c346f74d8b897e4b,fgs,yes,Fraser Minten,,fanduel,2200,,oddsapi
2026-10-05T21:00:06Z,2026-10-05,OTT @ BOS,65b60049b3c77a94c346f74d8b897e4b,fgs,yes,James Hagens,,fanduel,2200,,oddsapi
2026-10-05T21:00:06Z,2026-10-05,OTT @ BOS,65b60049b3c77a94c346f74d8b897e4b,fgs,yes,Warren Foegele,,fanduel,2500,,oddsapi
2026-10-05T21:00:06Z,2026-10-05,OTT @ BOS,65b60049b3c77a94c346f74d8b897e4b,fgs,yes,Thomas Chabot,,fanduel,2500,,oddsapi
2026-10-05T21:00:06Z,2026-10-05,OTT @ BOS,65b60049b3c77a94c346f74d8b897e4b,fgs,yes,Fabian Zetterlund,,fanduel,2500,,oddsapi
2026-10-05T21:00:06Z,2026-10-05,OTT @ BOS,65b60049b3c77a94c346f74d8b897e4b,fgs,yes,Claude Giroux,,fanduel,2500,,oddsapi
2026-10-05T21:00:06Z,2026-10-05,OTT @ BOS,65b60049b3c77a94c346f74d8b897e4b,fgs,yes,Carter Yakemchuk,,fanduel,2700,,oddsapi
2026-10-05T21:00:06Z,2026-10-05,OTT @ BOS,65b60049b3c77a94c346f74d8b897e4b,fgs,yes,Casey Mittelstadt,,fanduel,2700,,oddsapi
2026-10-05T21:00:06Z,2026-10-05,OTT @ BOS,65b60049b3c77a94c346f74d8b897e4b,fgs,yes,Michael Amadio,,fanduel,3000,,oddsapi
2026-10-05T21:00:06Z,2026-10-05,OTT @ BOS,65b60049b3c77a94c346f74d8b897e4b,fgs,yes,Stephen Halliday,,fanduel,3000,,oddsapi
2026-10-05T21:00:06Z,2026-10-05,OTT @ BOS,65b60049b3c77a94c346f74d8b897e4b,fgs,yes,Hampus Lindholm,,fanduel,3300,,oddsapi
2026-10-05T21:00:06Z,2026-10-05,OTT @ BOS,65b60049b3c77a94c346f74d8b897e4b,fgs,yes,Mason Lohrei,,fanduel,3500,,oddsapi
2026-10-05T21:00:06Z,2026-10-05,OTT @ BOS,65b60049b3c77a94c346f74d8b897e4b,fgs,yes,Marat Khusnutdinov,,fanduel,3500,,oddsapi
2026-10-05T21:00:06Z,2026-10-05,OTT @ BOS,65b60049b3c77a94c346f74d8b897e4b,fgs,yes,Matthew Poitras,,fanduel,3500,,oddsapi
2026-10-05T21:00:06Z,2026-10-05,OTT @ BOS,65b60049b3c77a94c346f74d8b897e4b,fgs,yes,Tanner Jeannot,,fanduel,5000,,oddsapi
2026-10-05T21:00:06Z,2026-10-05,OTT @ BOS,65b60049b3c77a94c346f74d8b897e4b,fgs,yes,Jordan Spence,,fanduel,5000,,oddsapi
2026-10-05T21:00:06Z,2026-10-05,OTT @ BOS,65b60049b3c77a94c346f74d8b897e4b,fgs,yes,Nick Cousins,,fanduel,5000,,oddsapi
2026-10-05T21:00:06Z,2026-10-05,OTT @ BOS,65b60049b3c77a94c346f74d8b897e4b,fgs,yes,Mark Kastelic,,fanduel,5000,,oddsapi
2026-10-05T21:00:06Z,2026-10-05,OTT @ BOS,65b60049b3c77a94c346f74d8b897e4b,fgs,yes,Hayden Hodgson,,fanduel,5500,,oddsapi
2026-10-05T21:00:06Z,2026-10-05,OTT @ BOS,65b60049b3c77a94c346f74d8b897e4b,fgs,yes,Connor Clifton,,fanduel,6000,,oddsapi
2026-10-05T21:00:06Z,2026-10-05,OTT @ BOS,65b60049b3c77a94c346f74d8b897e4b,fgs,yes,Nikita Zadorov,,fanduel,6500,,oddsapi
2026-10-05T21:00:06Z,2026-10-05,OTT @ BOS,65b60049b3c77a94c346f74d8b897e4b,fgs,yes,Will Borgen,,fanduel,7000,,oddsapi
2026-10-05T21:00:06Z,2026-10-05,OTT @ BOS,65b60049b3c77a94c346f74d8b897e4b,fgs,yes,Tyler Kleven,,fanduel,8000,,oddsapi
2026-10-05T21:00:06Z,2026-10-05,OTT @ BOS,65b60049b3c77a94c346f74d8b897e4b,fgs,yes,Nikolas Matinpalo,,fanduel,8000,,oddsapi
2026-10-05T21:00:06Z,2026-10-05,OTT @ BOS,65b60049b3c77a94c346f74d8b897e4b,fgs,yes,Frederic Brunet,,fanduel,8000,,oddsapi
2026-10-05T21:00:06Z,2026-10-05,OTT @ BOS,65b60049b3c77a94c346f74d8b897e4b,sk_g,over,Shane Pinto,0.5,fanduel,280,-420,oddsapi
2026-10-05T21:00:06Z,2026-10-05,OTT @ BOS,65b60049b3c77a94c346f74d8b897e4b,sk_g,under,Shane Pinto,0.5,fanduel,-420,280,oddsapi
2026-10-05T21:00:06Z,2026-10-05,OTT @ BOS,65b60049b3c77a94c346f74d8b897e4b,sk_g,over,JJ Peterka,0.5,fanduel,250,-380,oddsapi
2026-10-05T21:00:06Z,2026-10-05,OTT @ BOS,65b60049b3c77a94c346f74d8b897e4b,sk_g,under,JJ Peterka,0.5,fanduel,-380,250,oddsapi
2026-10-05T21:00:06Z,2026-10-05,OTT @ BOS,65b60049b3c77a94c346f74d8b897e4b,sk_g,over,Pavel Zacha,0.5,fanduel,280,-420,oddsapi
2026-10-05T21:00:06Z,2026-10-05,OTT @ BOS,65b60049b3c77a94c346f74d8b897e4b,sk_g,under,Pavel Zacha,0.5,fanduel,-420,280,oddsapi
2026-10-05T21:00:06Z,2026-10-05,OTT @ BOS,65b60049b3c77a94c346f74d8b897e4b,sk_g,over,William Eklund,0.5,fanduel,275,-420,oddsapi
2026-10-05T21:00:06Z,2026-10-05,OTT @ BOS,65b60049b3c77a94c346f74d8b897e4b,sk_g,under,William Eklund,0.5,fanduel,-420,275,oddsapi
2026-10-05T21:00:06Z,2026-10-05,OTT @ BOS,65b60049b3c77a94c346f74d8b897e4b,sk_g,over,Dylan Cozens,0.5,fanduel,250,-360,oddsapi
2026-10-05T21:00:06Z,2026-10-05,OTT @ BOS,65b60049b3c77a94c346f74d8b897e4b,sk_g,under,Dylan Cozens,0.5,fanduel,-360,250,oddsapi
2026-10-05T21:00:06Z,2026-10-05,OTT @ BOS,65b60049b3c77a94c346f74d8b897e4b,sk_g,over,Tim Stützle,0.5,fanduel,210,-300,oddsapi
2026-10-05T21:00:06Z,2026-10-05,OTT @ BOS,65b60049b3c77a94c346f74d8b897e4b,sk_g,under,Tim Stützle,0.5,fanduel,-300,210,oddsapi
2026-10-05T21:00:06Z,2026-10-05,OTT @ BOS,65b60049b3c77a94c346f74d8b897e4b,sk_g,over,Morgan Geekie,0.5,fanduel,240,-340,oddsapi
2026-10-05T21:00:06Z,2026-10-05,OTT @ BOS,65b60049b3c77a94c346f74d8b897e4b,sk_g,under,Morgan Geekie,0.5,fanduel,-340,240,oddsapi
2026-10-05T21:00:06Z,2026-10-05,OTT @ BOS,65b60049b3c77a94c346f74d8b897e4b,sk_g,over,Drake Batherson,0.5,fanduel,230,-330,oddsapi
2026-10-05T21:00:06Z,2026-10-05,OTT @ BOS,65b60049b3c77a94c346f74d8b897e4b,sk_g,under,Drake Batherson,0.5,fanduel,-330,230,oddsapi
2026-10-05T21:00:06Z,2026-10-05,OTT @ BOS,65b60049b3c77a94c346f74d8b897e4b,sk_g,over,David Pastrnak,0.5,fanduel,160,-220,oddsapi
2026-10-05T21:00:06Z,2026-10-05,OTT @ BOS,65b60049b3c77a94c346f74d8b897e4b,sk_g,under,David Pastrnak,0.5,fanduel,-220,160,oddsapi
2026-10-05T21:00:06Z,2026-10-05,OTT @ BOS,65b60049b3c77a94c346f74d8b897e4b,sk_g,over,Elias Lindholm,0.5,fanduel,310,-470,oddsapi
2026-10-05T21:00:06Z,2026-10-05,OTT @ BOS,65b60049b3c77a94c346f74d8b897e4b,sk_g,under,Elias Lindholm,0.5,fanduel,-470,310,oddsapi
2026-10-05T21:00:06Z,2026-10-05,OTT @ BOS,65b60049b3c77a94c346f74d8b897e4b,sk_sog,over,Fabian Zetterlund,1.5,fanduel,-114,-114,oddsapi
2026-10-05T21:00:06Z,2026-10-05,OTT @ BOS,65b60049b3c77a94c346f74d8b897e4b,sk_sog,under,Fabian Zetterlund,1.5,fanduel,-114,-114,oddsapi
2026-10-05T21:00:06Z,2026-10-05,OTT @ BOS,65b60049b3c77a94c346f74d8b897e4b,sk_sog,over,Tim Stützle,2.5,fanduel,132,-174,oddsapi
2026-10-05T21:00:06Z,2026-10-05,OTT @ BOS,65b60049b3c77a94c346f74d8b897e4b,sk_sog,under,Tim Stützle,2.5,fanduel,-174,132,oddsapi
2026-10-05T21:00:06Z,2026-10-05,OTT @ BOS,65b60049b3c77a94c346f74d8b897e4b,sk_sog,over,William Eklund,1.5,fanduel,-196,150,oddsapi
2026-10-05T21:00:06Z,2026-10-05,OTT @ BOS,65b60049b3c77a94c346f74d8b897e4b,sk_sog,under,William Eklund,1.5,fanduel,150,-196,oddsapi
2026-10-05T21:00:06Z,2026-10-05,OTT @ BOS,65b60049b3c77a94c346f74d8b897e4b,sk_sog,over,Dylan Cozens,2.5,fanduel,122,-160,oddsapi
2026-10-05T21:00:06Z,2026-10-05,OTT @ BOS,65b60049b3c77a94c346f74d8b897e4b,sk_sog,under,Dylan Cozens,2.5,fanduel,-160,122,oddsapi
2026-10-05T21:00:06Z,2026-10-05,OTT @ BOS,65b60049b3c77a94c346f74d8b897e4b,sk_sog,over,David Pastrnak,3.5,fanduel,130,-170,oddsapi
2026-10-05T21:00:06Z,2026-10-05,OTT @ BOS,65b60049b3c77a94c346f74d8b897e4b,sk_sog,under,David Pastrnak,3.5,fanduel,-170,130,oddsapi
2026-10-05T21:00:06Z,2026-10-05,OTT @ BOS,65b60049b3c77a94c346f74d8b897e4b,sk_sog,over,Pavel Zacha,1.5,fanduel,-130,100,oddsapi
2026-10-05T21:00:06Z,2026-10-05,OTT @ BOS,65b60049b3c77a94c346f74d8b897e4b,sk_sog,under,Pavel Zacha,1.5,fanduel,100,-130,oddsapi
2026-10-05T21:00:06Z,2026-10-05,OTT @ BOS,65b60049b3c77a94c346f74d8b897e4b,sk_sog,over,Shane Pinto,1.5,fanduel,-184,140,oddsapi
2026-10-05T21:00:06Z,2026-10-05,OTT @ BOS,65b60049b3c77a94c346f74d8b897e4b,sk_sog,under,Shane Pinto,1.5,fanduel,140,-184,oddsapi
2026-10-05T21:00:06Z,2026-10-05,OTT @ BOS,65b60049b3c77a94c346f74d8b897e4b,sk_sog,over,Drake Batherson,2.5,fanduel,110,-144,oddsapi
2026-10-05T21:00:06Z,2026-10-05,OTT @ BOS,65b60049b3c77a94c346f74d8b897e4b,sk_sog,under,Drake Batherson,2.5,fanduel,-144,110,oddsapi
2026-10-05T21:00:06Z,2026-10-05,OTT @ BOS,65b60049b3c77a94c346f74d8b897e4b,sk_sog,over,Morgan Geekie,1.5,fanduel,-154,118,oddsapi
2026-10-05T21:00:06Z,2026-10-05,OTT @ BOS,65b60049b3c77a94c346f74d8b897e4b,sk_sog,under,Morgan Geekie,1.5,fanduel,118,-154,oddsapi
2026-10-05T21:00:06Z,2026-10-05,OTT @ BOS,65b60049b3c77a94c346f74d8b897e4b,sk_sog,over,JJ Peterka,2.5,fanduel,142,-188,oddsapi
2026-10-05T21:00:06Z,2026-10-05,OTT @ BOS,65b60049b3c77a94c346f74d8b897e4b,sk_sog,under,JJ Peterka,2.5,fanduel,-188,142,oddsapi
2026-10-05T21:00:06Z,2026-10-05,OTT @ BOS,65b60049b3c77a94c346f74d8b897e4b,sk_sog,over,Thomas Chabot,1.5,fanduel,-182,138,oddsapi
2026-10-05T21:00:06Z,2026-10-05,OTT @ BOS,65b60049b3c77a94c346f74d8b897e4b,sk_sog,under,Thomas Chabot,1.5,fanduel,138,-182,oddsapi
2026-10-05T21:00:06Z,2026-10-05,OTT @ BOS,65b60049b3c77a94c346f74d8b897e4b,g_saves,over,Jeremy Swayman,25.5,fanduel,100,-132,oddsapi
2026-10-05T21:00:06Z,2026-10-05,OTT @ BOS,65b60049b3c77a94c346f74d8b897e4b,g_saves,under,Jeremy Swayman,25.5,fanduel,-132,100,oddsapi
2026-10-05T21:00:06Z,2026-10-05,OTT @ BOS,65b60049b3c77a94c346f74d8b897e4b,g_saves,over,Linus Ullmark,21.5,fanduel,-118,-112,oddsapi
2026-10-05T21:00:06Z,2026-10-05,OTT @ BOS,65b60049b3c77a94c346f74d8b897e4b,g_saves,under,Linus Ullmark,21.5,fanduel,-112,-118,oddsapi
2026-10-05T21:00:06Z,2026-10-05,OTT @ BOS,65b60049b3c77a94c346f74d8b897e4b,p1_pl,BOS,,0.5,fanduel,-235,180,oddsapi
2026-10-05T21:00:06Z,2026-10-05,OTT @ BOS,65b60049b3c77a94c346f74d8b897e4b,p1_pl,OTT,,-0.5,fanduel,180,-235,oddsapi
2026-10-05T21:00:06Z,2026-10-05,OTT @ BOS,65b60049b3c77a94c346f74d8b897e4b,p2_pl,BOS,,0.5,fanduel,-215,166,oddsapi
2026-10-05T21:00:06Z,2026-10-05,OTT @ BOS,65b60049b3c77a94c346f74d8b897e4b,p2_pl,OTT,,-0.5,fanduel,166,-215,oddsapi
2026-10-05T21:00:06Z,2026-10-05,OTT @ BOS,65b60049b3c77a94c346f74d8b897e4b,p3_pl,BOS,,0.5,fanduel,-196,152,oddsapi
2026-10-05T21:00:06Z,2026-10-05,OTT @ BOS,65b60049b3c77a94c346f74d8b897e4b,p3_pl,OTT,,-0.5,fanduel,152,-196,oddsapi
2026-10-05T21:00:06Z,2026-10-05,OTT @ BOS,65b60049b3c77a94c346f74d8b897e4b,team_total,over,BOS,3.5,fanduel,162,-215,oddsapi
2026-10-05T21:00:06Z,2026-10-05,OTT @ BOS,65b60049b3c77a94c346f74d8b897e4b,team_total,under,BOS,3.5,fanduel,-215,162,oddsapi
2026-10-05T21:00:06Z,2026-10-05,OTT @ BOS,65b60049b3c77a94c346f74d8b897e4b,team_total,over,OTT,3.5,fanduel,152,-196,oddsapi
2026-10-05T21:00:06Z,2026-10-05,OTT @ BOS,65b60049b3c77a94c346f74d8b897e4b,team_total,under,OTT,3.5,fanduel,-196,152,oddsapi
2026-10-05T21:00:06Z,2026-10-05,OTT @ BOS,65b60049b3c77a94c346f74d8b897e4b,p1_team_total,over,BOS,0.5,fanduel,-148,116,oddsapi
2026-10-05T21:00:06Z,2026-10-05,OTT @ BOS,65b60049b3c77a94c346f74d8b897e4b,p1_team_total,under,BOS,0.5,fanduel,116,-148,oddsapi
2026-10-05T21:00:06Z,2026-10-05,OTT @ BOS,65b60049b3c77a94c346f74d8b897e4b,p1_team_total,over,OTT,0.5,fanduel,-156,122,oddsapi
2026-10-05T21:00:06Z,2026-10-05,OTT @ BOS,65b60049b3c77a94c346f74d8b897e4b,p1_team_total,under,OTT,0.5,fanduel,122,-156,oddsapi
2026-10-05T21:00:06Z,2026-10-05,OTT @ BOS,65b60049b3c77a94c346f74d8b897e4b,p1_total,over,,1.5,fanduel,-130,102,oddsapi
2026-10-05T21:00:06Z,2026-10-05,OTT @ BOS,65b60049b3c77a94c346f74d8b897e4b,p1_total,under,,1.5,fanduel,102,-130,oddsapi
2026-10-05T21:00:06Z,2026-10-05,OTT @ BOS,65b60049b3c77a94c346f74d8b897e4b,p2_total,over,,1.5,fanduel,-156,122,oddsapi
2026-10-05T21:00:06Z,2026-10-05,OTT @ BOS,65b60049b3c77a94c346f74d8b897e4b,p2_total,under,,1.5,fanduel,122,-156,oddsapi
2026-10-05T21:00:06Z,2026-10-05,OTT @ BOS,65b60049b3c77a94c346f74d8b897e4b,p3_total,over,,1.5,fanduel,-196,152,oddsapi
2026-10-05T21:00:06Z,2026-10-05,OTT @ BOS,65b60049b3c77a94c346f74d8b897e4b,p3_total,under,,1.5,fanduel,152,-196,oddsapi
2026-10-05T21:00:06Z,2026-10-05,OTT @ BOS,65b60049b3c77a94c346f74d8b897e4b,team_total_alt,over,BOS,1.5,betrivers,-500,310,oddsapi
2026-10-05T21:00:06Z,2026-10-05,OTT @ BOS,65b60049b3c77a94c346f74d8b897e4b,team_total_alt,under,BOS,1.5,betrivers,310,-500,oddsapi
2026-10-05T21:00:06Z,2026-10-05,OTT @ BOS,65b60049b3c77a94c346f74d8b897e4b,team_total_alt,over,BOS,4.5,betrivers,350,-590,oddsapi
2026-10-05T21:00:06Z,2026-10-05,OTT @ BOS,65b60049b3c77a94c346f74d8b897e4b,team_total_alt,under,BOS,4.5,betrivers,-590,350,oddsapi
2026-10-05T21:00:06Z,2026-10-05,OTT @ BOS,65b60049b3c77a94c346f74d8b897e4b,team_total_alt,over,BOS,3.5,betrivers,150,-210,oddsapi
2026-10-05T21:00:06Z,2026-10-05,OTT @ BOS,65b60049b3c77a94c346f74d8b897e4b,team_total_alt,under,BOS,3.5,betrivers,-210,150,oddsapi
2026-10-05T21:00:06Z,2026-10-05,OTT @ BOS,65b60049b3c77a94c346f74d8b897e4b,team_total_alt,over,BOS,2.5,betrivers,-162,120,oddsapi
2026-10-05T21:00:06Z,2026-10-05,OTT @ BOS,65b60049b3c77a94c346f74d8b897e4b,team_total_alt,under,BOS,2.5,betrivers,120,-162,oddsapi
2026-10-05T21:00:06Z,2026-10-05,OTT @ BOS,65b60049b3c77a94c346f74d8b897e4b,team_total_alt,over,OTT,4.5,betrivers,340,-560,oddsapi
2026-10-05T21:00:06Z,2026-10-05,OTT @ BOS,65b60049b3c77a94c346f74d8b897e4b,team_total_alt,under,OTT,4.5,betrivers,-560,340,oddsapi
2026-10-05T21:00:06Z,2026-10-05,OTT @ BOS,65b60049b3c77a94c346f74d8b897e4b,team_total_alt,over,OTT,1.5,betrivers,-560,340,oddsapi
2026-10-05T21:00:06Z,2026-10-05,OTT @ BOS,65b60049b3c77a94c346f74d8b897e4b,team_total_alt,under,OTT,1.5,betrivers,340,-560,oddsapi
2026-10-05T21:00:06Z,2026-10-05,OTT @ BOS,65b60049b3c77a94c346f74d8b897e4b,team_total_alt,over,OTT,3.5,betrivers,145,-200,oddsapi
2026-10-05T21:00:06Z,2026-10-05,OTT @ BOS,65b60049b3c77a94c346f74d8b897e4b,team_total_alt,under,OTT,3.5,betrivers,-200,145,oddsapi
2026-10-05T21:00:06Z,2026-10-05,OTT @ BOS,65b60049b3c77a94c346f74d8b897e4b,team_total_alt,over,OTT,2.5,betrivers,-175,128,oddsapi
2026-10-05T21:00:06Z,2026-10-05,OTT @ BOS,65b60049b3c77a94c346f74d8b897e4b,team_total_alt,under,OTT,2.5,betrivers,128,-175,oddsapi
2026-10-05T21:00:06Z,2026-10-05,OTT @ BOS,65b60049b3c77a94c346f74d8b897e4b,game_ml3,BOS,,,betrivers,155,,oddsapi
2026-10-05T21:00:06Z,2026-10-05,OTT @ BOS,65b60049b3c77a94c346f74d8b897e4b,game_ml3,OTT,,,betrivers,138,,oddsapi
2026-10-05T21:00:06Z,2026-10-05,OTT @ BOS,65b60049b3c77a94c346f74d8b897e4b,game_ml3,draw,,,betrivers,310,,oddsapi
2026-10-05T21:00:06Z,2026-10-05,OTT @ BOS,65b60049b3c77a94c346f74d8b897e4b,p1_ml3,BOS,,,betrivers,180,,oddsapi
2026-10-05T21:00:06Z,2026-10-05,OTT @ BOS,65b60049b3c77a94c346f74d8b897e4b,p1_ml3,OTT,,,betrivers,180,,oddsapi
2026-10-05T21:00:06Z,2026-10-05,OTT @ BOS,65b60049b3c77a94c346f74d8b897e4b,p1_ml3,draw,,,betrivers,180,,oddsapi
2026-10-05T21:00:06Z,2026-10-05,OTT @ BOS,65b60049b3c77a94c346f74d8b897e4b,p2_ml3,BOS,,,betrivers,175,,oddsapi
2026-10-05T21:00:06Z,2026-10-05,OTT @ BOS,65b60049b3c77a94c346f74d8b897e4b,p2_ml3,OTT,,,betrivers,163,,oddsapi
2026-10-05T21:00:06Z,2026-10-05,OTT @ BOS,65b60049b3c77a94c346f74d8b897e4b,p2_ml3,draw,,,betrivers,200,,oddsapi
2026-10-05T21:00:06Z,2026-10-05,OTT @ BOS,65b60049b3c77a94c346f74d8b897e4b,p3_ml3,BOS,,,betrivers,170,,oddsapi
2026-10-05T21:00:06Z,2026-10-05,OTT @ BOS,65b60049b3c77a94c346f74d8b897e4b,p3_ml3,OTT,,,betrivers,155,,oddsapi
2026-10-05T21:00:06Z,2026-10-05,OTT @ BOS,65b60049b3c77a94c346f74d8b897e4b,p3_ml3,draw,,,betrivers,215,,oddsapi
2026-10-05T21:00:06Z,2026-10-05,OTT @ BOS,65b60049b3c77a94c346f74d8b897e4b,ags,yes,Casey Mittelstadt,,betrivers,460,,oddsapi
2026-10-05T21:00:06Z,2026-10-05,OTT @ BOS,65b60049b3c77a94c346f74d8b897e4b,ags,yes,Tim Stützle,,betrivers,200,,oddsapi
2026-10-05T21:00:06Z,2026-10-05,OTT @ BOS,65b60049b3c77a94c346f74d8b897e4b,ags,yes,Mason Lohrei,,betrivers,700,,oddsapi
2026-10-05T21:00:06Z,2026-10-05,OTT @ BOS,65b60049b3c77a94c346f74d8b897e4b,ags,yes,Jonathan Aspirot,,betrivers,850,,oddsapi
2026-10-05T21:00:06Z,2026-10-05,OTT @ BOS,65b60049b3c77a94c346f74d8b897e4b,ags,yes,David Pastrnak,,betrivers,163,,oddsapi
2026-10-05T21:00:06Z,2026-10-05,OTT @ BOS,65b60049b3c77a94c346f74d8b897e4b,ags,yes,Mark Kastelic,,betrivers,600,,oddsapi
2026-10-05T21:00:06Z,2026-10-05,OTT @ BOS,65b60049b3c77a94c346f74d8b897e4b,ags,yes,Drake Batherson,,betrivers,250,,oddsapi
2026-10-05T21:00:06Z,2026-10-05,OTT @ BOS,65b60049b3c77a94c346f74d8b897e4b,ags,yes,Morgan Geekie,,betrivers,235,,oddsapi
2026-10-05T21:00:06Z,2026-10-05,OTT @ BOS,65b60049b3c77a94c346f74d8b897e4b,ags,yes,Sean Kuraly,,betrivers,700,,oddsapi
2026-10-05T21:00:06Z,2026-10-05,OTT @ BOS,65b60049b3c77a94c346f74d8b897e4b,ags,yes,Nikolas Matinpalo,,betrivers,750,,oddsapi
2026-10-05T21:00:06Z,2026-10-05,OTT @ BOS,65b60049b3c77a94c346f74d8b897e4b,ags,yes,Dylan Cozens,,betrivers,265,,oddsapi
2026-10-05T21:00:06Z,2026-10-05,OTT @ BOS,65b60049b3c77a94c346f74d8b897e4b,ags,yes,Will Borgen,,betrivers,850,,oddsapi
2026-10-05T21:00:06Z,2026-10-05,OTT @ BOS,65b60049b3c77a94c346f74d8b897e4b,ags,yes,Connor Clifton,,betrivers,700,,oddsapi
2026-10-05T21:00:06Z,2026-10-05,OTT @ BOS,65b60049b3c77a94c346f74d8b897e4b,ags,yes,Warren Foegele,,betrivers,430,,oddsapi
2026-10-05T21:00:06Z,2026-10-05,OTT @ BOS,65b60049b3c77a94c346f74d8b897e4b,ags,yes,Hampus Lindholm,,betrivers,650,,oddsapi
2026-10-05T21:00:06Z,2026-10-05,OTT @ BOS,65b60049b3c77a94c346f74d8b897e4b,ags,yes,Fraser Minten,,betrivers,420,,oddsapi
2026-10-05T21:00:06Z,2026-10-05,OTT @ BOS,65b60049b3c77a94c346f74d8b897e4b,ags,yes,Carter Yakemchuk,,betrivers,420,,oddsapi
2026-10-05T21:00:06Z,2026-10-05,OTT @ BOS,65b60049b3c77a94c346f74d8b897e4b,ags,yes,Jordan Spence,,betrivers,650,,oddsapi
2026-10-05T21:00:06Z,2026-10-05,OTT @ BOS,65b60049b3c77a94c346f74d8b897e4b,ags,yes,Pavel Zacha,,betrivers,290,,oddsapi
2026-10-05T21:00:06Z,2026-10-05,OTT @ BOS,65b60049b3c77a94c346f74d8b897e4b,ags,yes,JJ Peterka,,betrivers,220,,oddsapi
2026-10-05T21:00:06Z,2026-10-05,OTT @ BOS,65b60049b3c77a94c346f74d8b897e4b,ags,yes,Thomas Chabot,,betrivers,550,,oddsapi
2026-10-05T21:00:06Z,2026-10-05,OTT @ BOS,65b60049b3c77a94c346f74d8b897e4b,ags,yes,Stephen Halliday,,betrivers,575,,oddsapi
2026-10-05T21:00:06Z,2026-10-05,OTT @ BOS,65b60049b3c77a94c346f74d8b897e4b,ags,yes,Shane Pinto,,betrivers,270,,oddsapi
2026-10-05T21:00:06Z,2026-10-05,OTT @ BOS,65b60049b3c77a94c346f74d8b897e4b,ags,yes,Elias Lindholm,,betrivers,295,,oddsapi
2026-10-05T21:00:06Z,2026-10-05,OTT @ BOS,65b60049b3c77a94c346f74d8b897e4b,ags,yes,Nikita Zadorov,,betrivers,700,,oddsapi
2026-10-05T21:00:06Z,2026-10-05,OTT @ BOS,65b60049b3c77a94c346f74d8b897e4b,ags,yes,Hayden Hodgson,,betrivers,700,,oddsapi
2026-10-05T21:00:06Z,2026-10-05,OTT @ BOS,65b60049b3c77a94c346f74d8b897e4b,ags,yes,Michael Amadio,,betrivers,550,,oddsapi
2026-10-05T21:00:06Z,2026-10-05,OTT @ BOS,65b60049b3c77a94c346f74d8b897e4b,ags,yes,Claude Giroux,,betrivers,360,,oddsapi
2026-10-05T21:00:06Z,2026-10-05,OTT @ BOS,65b60049b3c77a94c346f74d8b897e4b,ags,yes,Marat Khusnutdinov,,betrivers,600,,oddsapi
2026-10-05T21:00:06Z,2026-10-05,OTT @ BOS,65b60049b3c77a94c346f74d8b897e4b,ags,yes,Tyler Kleven,,betrivers,800,,oddsapi
2026-10-05T21:00:06Z,2026-10-05,OTT @ BOS,65b60049b3c77a94c346f74d8b897e4b,ags,yes,Nick Cousins,,betrivers,650,,oddsapi
2026-10-05T21:00:06Z,2026-10-05,OTT @ BOS,65b60049b3c77a94c346f74d8b897e4b,ags,yes,Cameron Crotty,,betrivers,1300,,oddsapi
2026-10-05T21:00:06Z,2026-10-05,OTT @ BOS,65b60049b3c77a94c346f74d8b897e4b,ags,yes,Tanner Jeannot,,betrivers,700,,oddsapi
2026-10-05T21:00:06Z,2026-10-05,OTT @ BOS,65b60049b3c77a94c346f74d8b897e4b,ags,yes,William Eklund,,betrivers,290,,oddsapi
2026-10-05T21:00:06Z,2026-10-05,OTT @ BOS,65b60049b3c77a94c346f74d8b897e4b,ags,yes,James Hagens,,betrivers,430,,oddsapi
2026-10-05T21:00:06Z,2026-10-05,OTT @ BOS,65b60049b3c77a94c346f74d8b897e4b,ags,yes,Fabian Zetterlund,,betrivers,370,,oddsapi
2026-10-05T21:00:06Z,2026-10-05,OTT @ BOS,65b60049b3c77a94c346f74d8b897e4b,fgs,yes,Hayden Hodgson,,betrivers,2900,,oddsapi
2026-10-05T21:00:06Z,2026-10-05,OTT @ BOS,65b60049b3c77a94c346f74d8b897e4b,fgs,yes,Nikita Zadorov,,betrivers,2800,,oddsapi
2026-10-05T21:00:06Z,2026-10-05,OTT @ BOS,65b60049b3c77a94c346f74d8b897e4b,fgs,yes,Jonathan Aspirot,,betrivers,3300,,oddsapi
2026-10-05T21:00:06Z,2026-10-05,OTT @ BOS,65b60049b3c77a94c346f74d8b897e4b,fgs,yes,Elias Lindholm,,betrivers,1150,,oddsapi
2026-10-05T21:00:06Z,2026-10-05,OTT @ BOS,65b60049b3c77a94c346f74d8b897e4b,fgs,yes,Connor Clifton,,betrivers,3000,,oddsapi
2026-10-05T21:00:06Z,2026-10-05,OTT @ BOS,65b60049b3c77a94c346f74d8b897e4b,fgs,yes,Marat Khusnutdinov,,betrivers,2400,,oddsapi
2026-10-05T21:00:06Z,2026-10-05,OTT @ BOS,65b60049b3c77a94c346f74d8b897e4b,fgs,yes,Hampus Lindholm,,betrivers,2500,,oddsapi
2026-10-05T21:00:06Z,2026-10-05,OTT @ BOS,65b60049b3c77a94c346f74d8b897e4b,fgs,yes,Stephen Halliday,,betrivers,2400,,oddsapi
2026-10-05T21:00:06Z,2026-10-05,OTT @ BOS,65b60049b3c77a94c346f74d8b897e4b,fgs,yes,Morgan Geekie,,betrivers,950,,oddsapi
2026-10-05T21:00:06Z,2026-10-05,OTT @ BOS,65b60049b3c77a94c346f74d8b897e4b,fgs,yes,Carter Yakemchuk,,betrivers,1700,,oddsapi
2026-10-05T21:00:06Z,2026-10-05,OTT @ BOS,65b60049b3c77a94c346f74d8b897e4b,fgs,yes,William Eklund,,betrivers,1200,,oddsapi
2026-10-05T21:00:06Z,2026-10-05,OTT @ BOS,65b60049b3c77a94c346f74d8b897e4b,fgs,yes,David Pastrnak,,betrivers,700,,oddsapi
2026-10-05T21:00:06Z,2026-10-05,OTT @ BOS,65b60049b3c77a94c346f74d8b897e4b,fgs,yes,Tyler Kleven,,betrivers,3400,,oddsapi
2026-10-05T21:00:06Z,2026-10-05,OTT @ BOS,65b60049b3c77a94c346f74d8b897e4b,fgs,yes,JJ Peterka,,betrivers,950,,oddsapi
2026-10-05T21:00:06Z,2026-10-05,OTT @ BOS,65b60049b3c77a94c346f74d8b897e4b,fgs,yes,Dylan Cozens,,betrivers,1100,,oddsapi
2026-10-05T21:00:06Z,2026-10-05,OTT @ BOS,65b60049b3c77a94c346f74d8b897e4b,fgs,yes,Claude Giroux,,betrivers,1400,,oddsapi
2026-10-05T21:00:06Z,2026-10-05,OTT @ BOS,65b60049b3c77a94c346f74d8b897e4b,fgs,yes,Tanner Jeannot,,betrivers,2500,,oddsapi
2026-10-05T21:00:06Z,2026-10-05,OTT @ BOS,65b60049b3c77a94c346f74d8b897e4b,fgs,yes,Mark Kastelic,,betrivers,2500,,oddsapi
2026-10-05T21:00:06Z,2026-10-05,OTT @ BOS,65b60049b3c77a94c346f74d8b897e4b,fgs,yes,Fraser Minten,,betrivers,1700,,oddsapi
2026-10-05T21:00:06Z,2026-10-05,OTT @ BOS,65b60049b3c77a94c346f74d8b897e4b,fgs,yes,Sean Kuraly,,betrivers,2800,,oddsapi
2026-10-05T21:00:06Z,2026-10-05,OTT @ BOS,65b60049b3c77a94c346f74d8b897e4b,fgs,yes,James Hagens,,betrivers,1700,,oddsapi
2026-10-05T21:00:06Z,2026-10-05,OTT @ BOS,65b60049b3c77a94c346f74d8b897e4b,fgs,yes,Mason Lohrei,,betrivers,2800,,oddsapi
2026-10-05T21:00:06Z,2026-10-05,OTT @ BOS,65b60049b3c77a94c346f74d8b897e4b,fgs,yes,Will Borgen,,betrivers,3500,,oddsapi
2026-10-05T21:00:06Z,2026-10-05,OTT @ BOS,65b60049b3c77a94c346f74d8b897e4b,fgs,yes,Jordan Spence,,betrivers,2800,,oddsapi
2026-10-05T21:00:06Z,2026-10-05,OTT @ BOS,65b60049b3c77a94c346f74d8b897e4b,fgs,yes,Nick Cousins,,betrivers,2800,,oddsapi
2026-10-05T21:00:06Z,2026-10-05,OTT @ BOS,65b60049b3c77a94c346f74d8b897e4b,fgs,yes,Casey Mittelstadt,,betrivers,1800,,oddsapi
2026-10-05T21:00:06Z,2026-10-05,OTT @ BOS,65b60049b3c77a94c346f74d8b897e4b,fgs,yes,Shane Pinto,,betrivers,1150,,oddsapi
2026-10-05T21:00:06Z,2026-10-05,OTT @ BOS,65b60049b3c77a94c346f74d8b897e4b,fgs,yes,Tim Stützle,,betrivers,900,,oddsapi
2026-10-05T21:00:06Z,2026-10-05,OTT @ BOS,65b60049b3c77a94c346f74d8b897e4b,fgs,yes,Fabian Zetterlund,,betrivers,1500,,oddsapi
2026-10-05T21:00:06Z,2026-10-05,OTT @ BOS,65b60049b3c77a94c346f74d8b897e4b,fgs,yes,Pavel Zacha,,betrivers,1200,,oddsapi
2026-10-05T21:00:06Z,2026-10-05,OTT @ BOS,65b60049b3c77a94c346f74d8b897e4b,fgs,yes,Thomas Chabot,,betrivers,2000,,oddsapi
2026-10-05T21:00:06Z,2026-10-05,OTT @ BOS,65b60049b3c77a94c346f74d8b897e4b,fgs,yes,Nikolas Matinpalo,,betrivers,3400,,oddsapi
2026-10-05T21:00:06Z,2026-10-05,OTT @ BOS,65b60049b3c77a94c346f74d8b897e4b,fgs,yes,Drake Batherson,,betrivers,1000,,oddsapi
2026-10-05T21:00:06Z,2026-10-05,OTT @ BOS,65b60049b3c77a94c346f74d8b897e4b,fgs,yes,Warren Foegele,,betrivers,1700,,oddsapi
2026-10-05T21:00:06Z,2026-10-05,OTT @ BOS,65b60049b3c77a94c346f74d8b897e4b,fgs,yes,Michael Amadio,,betrivers,2200,,oddsapi
2026-10-05T21:00:06Z,2026-10-05,OTT @ BOS,65b60049b3c77a94c346f74d8b897e4b,fgs,yes,Cameron Crotty,,betrivers,5000,,oddsapi
2026-10-05T21:00:06Z,2026-10-05,OTT @ BOS,65b60049b3c77a94c346f74d8b897e4b,sk_g,over,Tyler Kleven,1.5,betrivers,15000,,oddsapi
2026-10-05T21:00:06Z,2026-10-05,OTT @ BOS,65b60049b3c77a94c346f74d8b897e4b,sk_g,over,Elias Lindholm,2.5,betrivers,16000,,oddsapi
2026-10-05T21:00:06Z,2026-10-05,OTT @ BOS,65b60049b3c77a94c346f74d8b897e4b,sk_g,over,Shane Pinto,2.5,betrivers,14000,,oddsapi
2026-10-05T21:00:06Z,2026-10-05,OTT @ BOS,65b60049b3c77a94c346f74d8b897e4b,sk_g,over,Drake Batherson,1.5,betrivers,1500,,oddsapi
2026-10-05T21:00:06Z,2026-10-05,OTT @ BOS,65b60049b3c77a94c346f74d8b897e4b,sk_g,over,Dylan Cozens,2.5,betrivers,15000,,oddsapi
2026-10-05T21:00:06Z,2026-10-05,OTT @ BOS,65b60049b3c77a94c346f74d8b897e4b,sk_g,over,David Pastrnak,1.5,betrivers,800,,oddsapi
2026-10-05T21:00:06Z,2026-10-05,OTT @ BOS,65b60049b3c77a94c346f74d8b897e4b,sk_g,over,Warren Foegele,1.5,betrivers,4000,,oddsapi
2026-10-05T21:00:06Z,2026-10-05,OTT @ BOS,65b60049b3c77a94c346f74d8b897e4b,sk_g,over,Mark Kastelic,1.5,betrivers,8000,,oddsapi
2026-10-05T21:00:06Z,2026-10-05,OTT @ BOS,65b60049b3c77a94c346f74d8b897e4b,sk_g,over,James Hagens,1.5,betrivers,4000,,oddsapi
2026-10-05T21:00:06Z,2026-10-05,OTT @ BOS,65b60049b3c77a94c346f74d8b897e4b,sk_g,over,William Eklund,2.5,betrivers,16000,,oddsapi
2026-10-05T21:00:06Z,2026-10-05,OTT @ BOS,65b60049b3c77a94c346f74d8b897e4b,sk_g,over,Jonathan Aspirot,1.5,betrivers,14000,,oddsapi
2026-10-05T21:00:06Z,2026-10-05,OTT @ BOS,65b60049b3c77a94c346f74d8b897e4b,sk_g,over,Stephen Halliday,1.5,betrivers,7000,,oddsapi
2026-10-05T21:00:06Z,2026-10-05,OTT @ BOS,65b60049b3c77a94c346f74d8b897e4b,sk_g,over,Sean Kuraly,1.5,betrivers,10000,,oddsapi
2026-10-05T21:00:06Z,2026-10-05,OTT @ BOS,65b60049b3c77a94c346f74d8b897e4b,sk_g,over,David Pastrnak,2.5,betrivers,4500,,oddsapi
2026-10-05T21:00:06Z,2026-10-05,OTT @ BOS,65b60049b3c77a94c346f74d8b897e4b,sk_g,over,Nikolas Matinpalo,1.5,betrivers,14000,,oddsapi
2026-10-05T21:00:06Z,2026-10-05,OTT @ BOS,65b60049b3c77a94c346f74d8b897e4b,sk_g,over,Fraser Minten,1.5,betrivers,3500,,oddsapi
2026-10-05T21:00:06Z,2026-10-05,OTT @ BOS,65b60049b3c77a94c346f74d8b897e4b,sk_g,over,Mason Lohrei,1.5,betrivers,10000,,oddsapi
2026-10-05T21:00:06Z,2026-10-05,OTT @ BOS,65b60049b3c77a94c346f74d8b897e4b,sk_g,over,Hampus Lindholm,1.5,betrivers,9000,,oddsapi
2026-10-05T21:00:06Z,2026-10-05,OTT @ BOS,65b60049b3c77a94c346f74d8b897e4b,sk_g,over,Dylan Cozens,1.5,betrivers,1700,,oddsapi
2026-10-05T21:00:06Z,2026-10-05,OTT @ BOS,65b60049b3c77a94c346f74d8b897e4b,sk_g,over,Pavel Zacha,1.5,betrivers,1900,,oddsapi
2026-10-05T21:00:06Z,2026-10-05,OTT @ BOS,65b60049b3c77a94c346f74d8b897e4b,sk_g,over,Nick Cousins,1.5,betrivers,9000,,oddsapi
2026-10-05T21:00:06Z,2026-10-05,OTT @ BOS,65b60049b3c77a94c346f74d8b897e4b,sk_g,over,Carter Yakemchuk,1.5,betrivers,3500,,oddsapi
2026-10-05T21:00:06Z,2026-10-05,OTT @ BOS,65b60049b3c77a94c346f74d8b897e4b,sk_g,over,Tim Stützle,1.5,betrivers,1150,,oddsapi
2026-10-05T21:00:06Z,2026-10-05,OTT @ BOS,65b60049b3c77a94c346f74d8b897e4b,sk_g,over,Tim Stützle,2.5,betrivers,7000,,oddsapi
2026-10-05T21:00:06Z,2026-10-05,OTT @ BOS,65b60049b3c77a94c346f74d8b897e4b,sk_g,over,Casey Mittelstadt,1.5,betrivers,4000,,oddsapi
2026-10-05T21:00:06Z,2026-10-05,OTT @ BOS,65b60049b3c77a94c346f74d8b897e4b,sk_g,over,Will Borgen,1.5,betrivers,16000,,oddsapi
2026-10-05T21:00:06Z,2026-10-05,OTT @ BOS,65b60049b3c77a94c346f74d8b897e4b,sk_g,over,Pavel Zacha,2.5,betrivers,14000,,oddsapi
2026-10-05T21:00:06Z,2026-10-05,OTT @ BOS,65b60049b3c77a94c346f74d8b897e4b,sk_g,over,Drake Batherson,2.5,betrivers,11000,,oddsapi
2026-10-05T21:00:06Z,2026-10-05,OTT @ BOS,65b60049b3c77a94c346f74d8b897e4b,sk_g,over,Nikita Zadorov,1.5,betrivers,12000,,oddsapi
2026-10-05T21:00:06Z,2026-10-05,OTT @ BOS,65b60049b3c77a94c346f74d8b897e4b,sk_g,over,Thomas Chabot,1.5,betrivers,6600,,oddsapi
2026-10-05T21:00:06Z,2026-10-05,OTT @ BOS,65b60049b3c77a94c346f74d8b897e4b,sk_g,over,William Eklund,1.5,betrivers,1900,,oddsapi
2026-10-05T21:00:06Z,2026-10-05,OTT @ BOS,65b60049b3c77a94c346f74d8b897e4b,sk_g,over,Fabian Zetterlund,1.5,betrivers,3000,,oddsapi
2026-10-05T21:00:06Z,2026-10-05,OTT @ BOS,65b60049b3c77a94c346f74d8b897e4b,sk_g,over,JJ Peterka,1.5,betrivers,1200,,oddsapi
2026-10-05T21:00:06Z,2026-10-05,OTT @ BOS,65b60049b3c77a94c346f74d8b897e4b,sk_g,over,Elias Lindholm,1.5,betrivers,1900,,oddsapi
2026-10-05T21:00:06Z,2026-10-05,OTT @ BOS,65b60049b3c77a94c346f74d8b897e4b,sk_g,over,Hayden Hodgson,1.5,betrivers,10000,,oddsapi
2026-10-05T21:00:06Z,2026-10-05,OTT @ BOS,65b60049b3c77a94c346f74d8b897e4b,sk_g,over,Shane Pinto,1.5,betrivers,1700,,oddsapi
2026-10-05T21:00:06Z,2026-10-05,OTT @ BOS,65b60049b3c77a94c346f74d8b897e4b,sk_g,over,Michael Amadio,1.5,betrivers,6600,,oddsapi
2026-10-05T21:00:06Z,2026-10-05,OTT @ BOS,65b60049b3c77a94c346f74d8b897e4b,sk_g,over,Morgan Geekie,1.5,betrivers,1400,,oddsapi
2026-10-05T21:00:06Z,2026-10-05,OTT @ BOS,65b60049b3c77a94c346f74d8b897e4b,sk_g,over,Morgan Geekie,2.5,betrivers,11000,,oddsapi
2026-10-05T21:00:06Z,2026-10-05,OTT @ BOS,65b60049b3c77a94c346f74d8b897e4b,sk_g,over,Marat Khusnutdinov,1.5,betrivers,7500,,oddsapi
2026-10-05T21:00:06Z,2026-10-05,OTT @ BOS,65b60049b3c77a94c346f74d8b897e4b,sk_g,over,Jordan Spence,1.5,betrivers,11000,,oddsapi
2026-10-05T21:00:06Z,2026-10-05,OTT @ BOS,65b60049b3c77a94c346f74d8b897e4b,sk_g,over,JJ Peterka,2.5,betrivers,9000,,oddsapi
2026-10-05T21:00:06Z,2026-10-05,OTT @ BOS,65b60049b3c77a94c346f74d8b897e4b,sk_g,over,Claude Giroux,1.5,betrivers,2800,,oddsapi
2026-10-05T21:00:06Z,2026-10-05,OTT @ BOS,65b60049b3c77a94c346f74d8b897e4b,sk_g,over,Connor Clifton,1.5,betrivers,12000,,oddsapi
2026-10-05T21:00:06Z,2026-10-05,OTT @ BOS,65b60049b3c77a94c346f74d8b897e4b,sk_g,over,Tanner Jeannot,1.5,betrivers,10000,,oddsapi
2026-10-05T21:00:06Z,2026-10-05,OTT @ BOS,65b60049b3c77a94c346f74d8b897e4b,p1_total,over,,2.5,betrivers,235,-375,oddsapi
2026-10-05T21:00:06Z,2026-10-05,OTT @ BOS,65b60049b3c77a94c346f74d8b897e4b,p1_total,under,,2.5,betrivers,-375,235,oddsapi
2026-10-05T21:00:06Z,2026-10-05,OTT @ BOS,65b60049b3c77a94c346f74d8b897e4b,p2_total,over,,2.5,betrivers,175,-265,oddsapi
2026-10-05T21:00:06Z,2026-10-05,OTT @ BOS,65b60049b3c77a94c346f74d8b897e4b,p2_total,under,,2.5,betrivers,-265,175,oddsapi
2026-10-05T21:00:06Z,2026-10-05,OTT @ BOS,65b60049b3c77a94c346f74d8b897e4b,p3_total,over,,1.5,betrivers,-190,132,oddsapi
2026-10-05T21:00:06Z,2026-10-05,OTT @ BOS,65b60049b3c77a94c346f74d8b897e4b,p3_total,under,,1.5,betrivers,132,-190,oddsapi
2026-10-05T21:00:06Z,2026-10-05,OTT @ BOS,65b60049b3c77a94c346f74d8b897e4b,game_pl_alt,BOS,,-1.5,bovada,235,-330,oddsapi
2026-10-05T21:00:06Z,2026-10-05,OTT @ BOS,65b60049b3c77a94c346f74d8b897e4b,game_pl_alt,BOS,,-2.5,bovada,385,-625,oddsapi
2026-10-05T21:00:06Z,2026-10-05,OTT @ BOS,65b60049b3c77a94c346f74d8b897e4b,game_pl_alt,BOS,,2.5,bovada,-550,350,oddsapi
2026-10-05T21:00:06Z,2026-10-05,OTT @ BOS,65b60049b3c77a94c346f74d8b897e4b,game_pl_alt,OTT,,1.5,bovada,-330,235,oddsapi
2026-10-05T21:00:06Z,2026-10-05,OTT @ BOS,65b60049b3c77a94c346f74d8b897e4b,game_pl_alt,OTT,,2.5,bovada,-625,385,oddsapi
2026-10-05T21:00:06Z,2026-10-05,OTT @ BOS,65b60049b3c77a94c346f74d8b897e4b,game_pl_alt,OTT,,-2.5,bovada,350,-550,oddsapi
2026-10-05T21:00:06Z,2026-10-05,OTT @ BOS,65b60049b3c77a94c346f74d8b897e4b,team_total_alt,over,BOS,2.5,bovada,-150,115,oddsapi
2026-10-05T21:00:06Z,2026-10-05,OTT @ BOS,65b60049b3c77a94c346f74d8b897e4b,team_total_alt,under,BOS,2.5,bovada,115,-150,oddsapi
2026-10-05T21:00:06Z,2026-10-05,OTT @ BOS,65b60049b3c77a94c346f74d8b897e4b,team_total_alt,over,OTT,2.5,bovada,-165,125,oddsapi
2026-10-05T21:00:06Z,2026-10-05,OTT @ BOS,65b60049b3c77a94c346f74d8b897e4b,team_total_alt,under,OTT,2.5,bovada,125,-165,oddsapi
2026-10-05T21:00:06Z,2026-10-05,OTT @ BOS,65b60049b3c77a94c346f74d8b897e4b,game_total_alt,over,,3.5,bovada,-650,400,oddsapi
2026-10-05T21:00:06Z,2026-10-05,OTT @ BOS,65b60049b3c77a94c346f74d8b897e4b,game_total_alt,over,,4.5,bovada,-375,260,oddsapi
2026-10-05T21:00:06Z,2026-10-05,OTT @ BOS,65b60049b3c77a94c346f74d8b897e4b,game_total_alt,over,,5,bovada,-240,180,oddsapi
2026-10-05T21:00:06Z,2026-10-05,OTT @ BOS,65b60049b3c77a94c346f74d8b897e4b,game_total_alt,over,,6,bovada,105,-135,oddsapi
2026-10-05T21:00:06Z,2026-10-05,OTT @ BOS,65b60049b3c77a94c346f74d8b897e4b,game_total_alt,over,,6.5,bovada,125,-165,oddsapi
2026-10-05T21:00:06Z,2026-10-05,OTT @ BOS,65b60049b3c77a94c346f74d8b897e4b,game_total_alt,under,,3.5,bovada,400,-650,oddsapi
2026-10-05T21:00:06Z,2026-10-05,OTT @ BOS,65b60049b3c77a94c346f74d8b897e4b,game_total_alt,under,,4.5,bovada,260,-375,oddsapi
2026-10-05T21:00:06Z,2026-10-05,OTT @ BOS,65b60049b3c77a94c346f74d8b897e4b,game_total_alt,under,,5,bovada,180,-240,oddsapi
2026-10-05T21:00:06Z,2026-10-05,OTT @ BOS,65b60049b3c77a94c346f74d8b897e4b,game_total_alt,under,,6,bovada,-135,105,oddsapi
2026-10-05T21:00:06Z,2026-10-05,OTT @ BOS,65b60049b3c77a94c346f74d8b897e4b,game_total_alt,under,,6.5,bovada,-165,125,oddsapi
2026-10-05T21:00:06Z,2026-10-05,OTT @ BOS,65b60049b3c77a94c346f74d8b897e4b,game_ml3,BOS,,,bovada,153,,oddsapi
2026-10-05T21:00:06Z,2026-10-05,OTT @ BOS,65b60049b3c77a94c346f74d8b897e4b,game_ml3,OTT,,,bovada,132,,oddsapi
2026-10-05T21:00:06Z,2026-10-05,OTT @ BOS,65b60049b3c77a94c346f74d8b897e4b,game_ml3,draw,,,bovada,305,,oddsapi
2026-10-05T21:00:06Z,2026-10-05,OTT @ BOS,65b60049b3c77a94c346f74d8b897e4b,p1_ml3,BOS,,,bovada,185,,oddsapi
2026-10-05T21:00:06Z,2026-10-05,OTT @ BOS,65b60049b3c77a94c346f74d8b897e4b,p1_ml3,OTT,,,bovada,180,,oddsapi
2026-10-05T21:00:06Z,2026-10-05,OTT @ BOS,65b60049b3c77a94c346f74d8b897e4b,p1_ml3,draw,,,bovada,173,,oddsapi
2026-10-05T21:00:06Z,2026-10-05,OTT @ BOS,65b60049b3c77a94c346f74d8b897e4b,p1_ml,BOS,,,bovada,-110,-120,oddsapi
2026-10-05T21:00:06Z,2026-10-05,OTT @ BOS,65b60049b3c77a94c346f74d8b897e4b,p1_ml,OTT,,,bovada,-120,-110,oddsapi
2026-10-05T21:00:06Z,2026-10-05,OTT @ BOS,65b60049b3c77a94c346f74d8b897e4b,p2_ml,BOS,,,bovada,-110,-120,oddsapi
2026-10-05T21:00:06Z,2026-10-05,OTT @ BOS,65b60049b3c77a94c346f74d8b897e4b,p2_ml,OTT,,,bovada,-120,-110,oddsapi
2026-10-05T21:00:06Z,2026-10-05,OTT @ BOS,65b60049b3c77a94c346f74d8b897e4b,p3_ml,BOS,,,bovada,-110,-120,oddsapi
2026-10-05T21:00:06Z,2026-10-05,OTT @ BOS,65b60049b3c77a94c346f74d8b897e4b,p3_ml,OTT,,,bovada,-120,-110,oddsapi
2026-10-05T21:00:06Z,2026-10-05,OTT @ BOS,65b60049b3c77a94c346f74d8b897e4b,ags,yes,Frederic Brunet,,bovada,1800,,oddsapi
2026-10-05T21:00:06Z,2026-10-05,OTT @ BOS,65b60049b3c77a94c346f74d8b897e4b,ags,yes,Matthew Poitras,,bovada,750,,oddsapi
2026-10-05T21:00:06Z,2026-10-05,OTT @ BOS,65b60049b3c77a94c346f74d8b897e4b,ags,yes,Drake Batherson,,bovada,220,,oddsapi
2026-10-05T21:00:06Z,2026-10-05,OTT @ BOS,65b60049b3c77a94c346f74d8b897e4b,ags,yes,Fabian Zetterlund,,bovada,400,,oddsapi
2026-10-05T21:00:06Z,2026-10-05,OTT @ BOS,65b60049b3c77a94c346f74d8b897e4b,ags,yes,Tyler Kleven,,bovada,1500,,oddsapi
2026-10-05T21:00:06Z,2026-10-05,OTT @ BOS,65b60049b3c77a94c346f74d8b897e4b,ags,yes,Marat Khusnutdinov,,bovada,700,,oddsapi
2026-10-05T21:00:06Z,2026-10-05,OTT @ BOS,65b60049b3c77a94c346f74d8b897e4b,ags,yes,Casey Mittelstadt,,bovada,450,,oddsapi
2026-10-05T21:00:06Z,2026-10-05,OTT @ BOS,65b60049b3c77a94c346f74d8b897e4b,ags,yes,Shane Pinto,,bovada,270,,oddsapi
2026-10-05T21:00:06Z,2026-10-05,OTT @ BOS,65b60049b3c77a94c346f74d8b897e4b,ags,yes,Nikolas Matinpalo,,bovada,1700,,oddsapi
2026-10-05T21:00:06Z,2026-10-05,OTT @ BOS,65b60049b3c77a94c346f74d8b897e4b,ags,yes,Sean Kuraly,,bovada,750,,oddsapi
2026-10-05T21:00:06Z,2026-10-05,OTT @ BOS,65b60049b3c77a94c346f74d8b897e4b,ags,yes,Jonathan Aspirot,,bovada,1200,,oddsapi
2026-10-05T21:00:06Z,2026-10-05,OTT @ BOS,65b60049b3c77a94c346f74d8b897e4b,ags,yes,Morgan Geekie,,bovada,225,,oddsapi
2026-10-05T21:00:06Z,2026-10-05,OTT @ BOS,65b60049b3c77a94c346f74d8b897e4b,ags,yes,Claude Giroux,,bovada,390,,oddsapi
2026-10-05T21:00:06Z,2026-10-05,OTT @ BOS,65b60049b3c77a94c346f74d8b897e4b,ags,yes,Hampus Lindholm,,bovada,725,,oddsapi
2026-10-05T21:00:06Z,2026-10-05,OTT @ BOS,65b60049b3c77a94c346f74d8b897e4b,ags,yes,JJ Peterka,,bovada,240,,oddsapi
2026-10-05T21:00:06Z,2026-10-05,OTT @ BOS,65b60049b3c77a94c346f74d8b897e4b,ags,yes,Jordan Spence,,bovada,1000,,oddsapi
2026-10-05T21:00:06Z,2026-10-05,OTT @ BOS,65b60049b3c77a94c346f74d8b897e4b,ags,yes,Stephen Halliday,,bovada,525,,oddsapi
2026-10-05T21:00:06Z,2026-10-05,OTT @ BOS,65b60049b3c77a94c346f74d8b897e4b,ags,yes,Mark Kastelic,,bovada,750,,oddsapi
2026-10-05T21:00:06Z,2026-10-05,OTT @ BOS,65b60049b3c77a94c346f74d8b897e4b,ags,yes,Tanner Jeannot,,bovada,825,,oddsapi
2026-10-05T21:00:06Z,2026-10-05,OTT @ BOS,65b60049b3c77a94c346f74d8b897e4b,ags,yes,Connor Clifton,,bovada,1300,,oddsapi
2026-10-05T21:00:06Z,2026-10-05,OTT @ BOS,65b60049b3c77a94c346f74d8b897e4b,ags,yes,Pavel Zacha,,bovada,260,,oddsapi
2026-10-05T21:00:06Z,2026-10-05,OTT @ BOS,65b60049b3c77a94c346f74d8b897e4b,ags,yes,David Pastrnak,,bovada,154,,oddsapi
2026-10-05T21:00:06Z,2026-10-05,OTT @ BOS,65b60049b3c77a94c346f74d8b897e4b,ags,yes,Carter Yakemchuk,,bovada,475,,oddsapi
2026-10-05T21:00:06Z,2026-10-05,OTT @ BOS,65b60049b3c77a94c346f74d8b897e4b,ags,yes,Tim Stützle,,bovada,205,,oddsapi
2026-10-05T21:00:06Z,2026-10-05,OTT @ BOS,65b60049b3c77a94c346f74d8b897e4b,ags,yes,James Hagens,,bovada,450,,oddsapi
2026-10-05T21:00:06Z,2026-10-05,OTT @ BOS,65b60049b3c77a94c346f74d8b897e4b,ags,yes,Will Borgen,,bovada,1300,,oddsapi
2026-10-05T21:00:06Z,2026-10-05,OTT @ BOS,65b60049b3c77a94c346f74d8b897e4b,ags,yes,Fraser Minten,,bovada,400,,oddsapi
2026-10-05T21:00:06Z,2026-10-05,OTT @ BOS,65b60049b3c77a94c346f74d8b897e4b,ags,yes,Dylan Cozens,,bovada,250,,oddsapi
2026-10-05T21:00:06Z,2026-10-05,OTT @ BOS,65b60049b3c77a94c346f74d8b897e4b,ags,yes,Warren Foegele,,bovada,405,,oddsapi
2026-10-05T21:00:06Z,2026-10-05,OTT @ BOS,65b60049b3c77a94c346f74d8b897e4b,ags,yes,Nick Cousins,,bovada,1000,,oddsapi
2026-10-05T21:00:06Z,2026-10-05,OTT @ BOS,65b60049b3c77a94c346f74d8b897e4b,ags,yes,Nikita Zadorov,,bovada,1300,,oddsapi
2026-10-05T21:00:06Z,2026-10-05,OTT @ BOS,65b60049b3c77a94c346f74d8b897e4b,ags,yes,William Eklund,,bovada,275,,oddsapi
2026-10-05T21:00:06Z,2026-10-05,OTT @ BOS,65b60049b3c77a94c346f74d8b897e4b,ags,yes,Michael Amadio,,bovada,575,,oddsapi
2026-10-05T21:00:06Z,2026-10-05,OTT @ BOS,65b60049b3c77a94c346f74d8b897e4b,ags,yes,Mason Lohrei,,bovada,750,,oddsapi
2026-10-05T21:00:06Z,2026-10-05,OTT @ BOS,65b60049b3c77a94c346f74d8b897e4b,ags,yes,Hayden Hodgson,,bovada,1100,,oddsapi
2026-10-05T21:00:06Z,2026-10-05,OTT @ BOS,65b60049b3c77a94c346f74d8b897e4b,ags,yes,Elias Lindholm,,bovada,295,,oddsapi
2026-10-05T21:00:06Z,2026-10-05,OTT @ BOS,65b60049b3c77a94c346f74d8b897e4b,ags,yes,Thomas Chabot,,bovada,435,,oddsapi
2026-10-05T21:00:06Z,2026-10-05,OTT @ BOS,65b60049b3c77a94c346f74d8b897e4b,ags,yes,Cameron Crotty,,bovada,875,,oddsapi
2026-10-05T21:00:06Z,2026-10-05,OTT @ BOS,65b60049b3c77a94c346f74d8b897e4b,fgs,yes,Frederic Brunet,,bovada,8000,,oddsapi
2026-10-05T21:00:06Z,2026-10-05,OTT @ BOS,65b60049b3c77a94c346f74d8b897e4b,fgs,yes,Matthew Poitras,,bovada,3500,,oddsapi
2026-10-05T21:00:06Z,2026-10-05,OTT @ BOS,65b60049b3c77a94c346f74d8b897e4b,fgs,yes,Pavel Zacha,,bovada,1800,,oddsapi
2026-10-05T21:00:06Z,2026-10-05,OTT @ BOS,65b60049b3c77a94c346f74d8b897e4b,fgs,yes,Hayden Hodgson,,bovada,5500,,oddsapi
2026-10-05T21:00:06Z,2026-10-05,OTT @ BOS,65b60049b3c77a94c346f74d8b897e4b,fgs,yes,Nikolas Matinpalo,,bovada,8000,,oddsapi
2026-10-05T21:00:06Z,2026-10-05,OTT @ BOS,65b60049b3c77a94c346f74d8b897e4b,fgs,yes,Elias Lindholm,,bovada,2000,,oddsapi
2026-10-05T21:00:06Z,2026-10-05,OTT @ BOS,65b60049b3c77a94c346f74d8b897e4b,fgs,yes,Mason Lohrei,,bovada,3500,,oddsapi
2026-10-05T21:00:06Z,2026-10-05,OTT @ BOS,65b60049b3c77a94c346f74d8b897e4b,fgs,yes,Tanner Jeannot,,bovada,5000,,oddsapi
2026-10-05T21:00:06Z,2026-10-05,OTT @ BOS,65b60049b3c77a94c346f74d8b897e4b,fgs,yes,Drake Batherson,,bovada,1400,,oddsapi
2026-10-05T21:00:06Z,2026-10-05,OTT @ BOS,65b60049b3c77a94c346f74d8b897e4b,fgs,yes,Michael Amadio,,bovada,3000,,oddsapi
2026-10-05T21:00:06Z,2026-10-05,OTT @ BOS,65b60049b3c77a94c346f74d8b897e4b,fgs,yes,Dylan Cozens,,bovada,1700,,oddsapi
2026-10-05T21:00:06Z,2026-10-05,OTT @ BOS,65b60049b3c77a94c346f74d8b897e4b,fgs,yes,Nick Cousins,,bovada,5000,,oddsapi
2026-10-05T21:00:06Z,2026-10-05,OTT @ BOS,65b60049b3c77a94c346f74d8b897e4b,fgs,yes,Claude Giroux,,bovada,2500,,oddsapi
2026-10-05T21:00:06Z,2026-10-05,OTT @ BOS,65b60049b3c77a94c346f74d8b897e4b,fgs,yes,Carter Yakemchuk,,bovada,2500,,oddsapi
2026-10-05T21:00:06Z,2026-10-05,OTT @ BOS,65b60049b3c77a94c346f74d8b897e4b,fgs,yes,Tim Stützle,,bovada,1300,,oddsapi
2026-10-05T21:00:06Z,2026-10-05,OTT @ BOS,65b60049b3c77a94c346f74d8b897e4b,fgs,yes,JJ Peterka,,bovada,1500,,oddsapi
2026-10-05T21:00:06Z,2026-10-05,OTT @ BOS,65b60049b3c77a94c346f74d8b897e4b,fgs,yes,Tyler Kleven,,bovada,8000,,oddsapi
2026-10-05T21:00:06Z,2026-10-05,OTT @ BOS,65b60049b3c77a94c346f74d8b897e4b,fgs,yes,Thomas Chabot,,bovada,2500,,oddsapi
2026-10-05T21:00:06Z,2026-10-05,OTT @ BOS,65b60049b3c77a94c346f74d8b897e4b,fgs,yes,Fabian Zetterlund,,bovada,2500,,oddsapi
2026-10-05T21:00:06Z,2026-10-05,OTT @ BOS,65b60049b3c77a94c346f74d8b897e4b,fgs,yes,William Eklund,,bovada,1600,,oddsapi
2026-10-05T21:00:06Z,2026-10-05,OTT @ BOS,65b60049b3c77a94c346f74d8b897e4b,fgs,yes,Morgan Geekie,,bovada,1500,,oddsapi
2026-10-05T21:00:06Z,2026-10-05,OTT @ BOS,65b60049b3c77a94c346f74d8b897e4b,fgs,yes,David Pastrnak,,bovada,1000,,oddsapi
2026-10-05T21:00:06Z,2026-10-05,OTT @ BOS,65b60049b3c77a94c346f74d8b897e4b,fgs,yes,Fraser Minten,,bovada,2200,,oddsapi
2026-10-05T21:00:06Z,2026-10-05,OTT @ BOS,65b60049b3c77a94c346f74d8b897e4b,fgs,yes,Casey Mittelstadt,,bovada,2500,,oddsapi
2026-10-05T21:00:06Z,2026-10-05,OTT @ BOS,65b60049b3c77a94c346f74d8b897e4b,fgs,yes,James Hagens,,bovada,2200,,oddsapi
2026-10-05T21:00:06Z,2026-10-05,OTT @ BOS,65b60049b3c77a94c346f74d8b897e4b,fgs,yes,Mark Kastelic,,bovada,5000,,oddsapi
2026-10-05T21:00:06Z,2026-10-05,OTT @ BOS,65b60049b3c77a94c346f74d8b897e4b,fgs,yes,Nikita Zadorov,,bovada,6500,,oddsapi
2026-10-05T21:00:06Z,2026-10-05,OTT @ BOS,65b60049b3c77a94c346f74d8b897e4b,fgs,yes,Warren Foegele,,bovada,2500,,oddsapi
2026-10-05T21:00:06Z,2026-10-05,OTT @ BOS,65b60049b3c77a94c346f74d8b897e4b,fgs,yes,Jordan Spence,,bovada,5000,,oddsapi
2026-10-05T21:00:06Z,2026-10-05,OTT @ BOS,65b60049b3c77a94c346f74d8b897e4b,fgs,yes,Will Borgen,,bovada,7000,,oddsapi
2026-10-05T21:00:06Z,2026-10-05,OTT @ BOS,65b60049b3c77a94c346f74d8b897e4b,fgs,yes,Connor Clifton,,bovada,6000,,oddsapi
2026-10-05T21:00:06Z,2026-10-05,OTT @ BOS,65b60049b3c77a94c346f74d8b897e4b,fgs,yes,Hampus Lindholm,,bovada,3300,,oddsapi
2026-10-05T21:00:06Z,2026-10-05,OTT @ BOS,65b60049b3c77a94c346f74d8b897e4b,fgs,yes,Shane Pinto,,bovada,1700,,oddsapi
2026-10-05T21:00:06Z,2026-10-05,OTT @ BOS,65b60049b3c77a94c346f74d8b897e4b,fgs,yes,Stephen Halliday,,bovada,3000,,oddsapi
2026-10-05T21:00:06Z,2026-10-05,OTT @ BOS,65b60049b3c77a94c346f74d8b897e4b,fgs,yes,Marat Khusnutdinov,,bovada,3500,,oddsapi
2026-10-05T21:00:06Z,2026-10-05,OTT @ BOS,65b60049b3c77a94c346f74d8b897e4b,sk_sog,over,David Pastrnak,3.5,bovada,115,-150,oddsapi
2026-10-05T21:00:06Z,2026-10-05,OTT @ BOS,65b60049b3c77a94c346f74d8b897e4b,sk_sog,under,David Pastrnak,3.5,bovada,-150,115,oddsapi
2026-10-05T21:00:06Z,2026-10-05,OTT @ BOS,65b60049b3c77a94c346f74d8b897e4b,sk_sog,over,Drake Batherson,2.5,bovada,130,-170,oddsapi
2026-10-05T21:00:06Z,2026-10-05,OTT @ BOS,65b60049b3c77a94c346f74d8b897e4b,sk_sog,under,Drake Batherson,2.5,bovada,-170,130,oddsapi
2026-10-05T21:00:06Z,2026-10-05,OTT @ BOS,65b60049b3c77a94c346f74d8b897e4b,sk_sog,over,Dylan Cozens,2.5,bovada,145,-190,oddsapi
2026-10-05T21:00:06Z,2026-10-05,OTT @ BOS,65b60049b3c77a94c346f74d8b897e4b,sk_sog,under,Dylan Cozens,2.5,bovada,-190,145,oddsapi
2026-10-05T21:00:06Z,2026-10-05,OTT @ BOS,65b60049b3c77a94c346f74d8b897e4b,sk_sog,over,Elias Lindholm,1.5,bovada,115,-150,oddsapi
2026-10-05T21:00:06Z,2026-10-05,OTT @ BOS,65b60049b3c77a94c346f74d8b897e4b,sk_sog,under,Elias Lindholm,1.5,bovada,-150,115,oddsapi
2026-10-05T21:00:06Z,2026-10-05,OTT @ BOS,65b60049b3c77a94c346f74d8b897e4b,sk_sog,over,Fabian Zetterlund,1.5,bovada,-120,-110,oddsapi
2026-10-05T21:00:06Z,2026-10-05,OTT @ BOS,65b60049b3c77a94c346f74d8b897e4b,sk_sog,under,Fabian Zetterlund,1.5,bovada,-110,-120,oddsapi
2026-10-05T21:00:06Z,2026-10-05,OTT @ BOS,65b60049b3c77a94c346f74d8b897e4b,sk_sog,over,Hampus Lindholm,1.5,bovada,145,-190,oddsapi
2026-10-05T21:00:06Z,2026-10-05,OTT @ BOS,65b60049b3c77a94c346f74d8b897e4b,sk_sog,under,Hampus Lindholm,1.5,bovada,-190,145,oddsapi
2026-10-05T21:00:06Z,2026-10-05,OTT @ BOS,65b60049b3c77a94c346f74d8b897e4b,sk_sog,over,JJ Peterka,1.5,bovada,-185,140,oddsapi
2026-10-05T21:00:06Z,2026-10-05,OTT @ BOS,65b60049b3c77a94c346f74d8b897e4b,sk_sog,under,JJ Peterka,1.5,bovada,140,-185,oddsapi
2026-10-05T21:00:06Z,2026-10-05,OTT @ BOS,65b60049b3c77a94c346f74d8b897e4b,sk_sog,over,Morgan Geekie,1.5,bovada,-155,120,oddsapi
2026-10-05T21:00:06Z,2026-10-05,OTT @ BOS,65b60049b3c77a94c346f74d8b897e4b,sk_sog,under,Morgan Geekie,1.5,bovada,120,-155,oddsapi
2026-10-05T21:00:06Z,2026-10-05,OTT @ BOS,65b60049b3c77a94c346f74d8b897e4b,sk_sog,over,Pavel Zacha,1.5,bovada,-145,110,oddsapi
2026-10-05T21:00:06Z,2026-10-05,OTT @ BOS,65b60049b3c77a94c346f74d8b897e4b,sk_sog,under,Pavel Zacha,1.5,bovada,110,-145,oddsapi
2026-10-05T21:00:06Z,2026-10-05,OTT @ BOS,65b60049b3c77a94c346f74d8b897e4b,sk_sog,over,Thomas Chabot,2.5,bovada,140,-185,oddsapi
2026-10-05T21:00:06Z,2026-10-05,OTT @ BOS,65b60049b3c77a94c346f74d8b897e4b,sk_sog,under,Thomas Chabot,2.5,bovada,-185,140,oddsapi
2026-10-05T21:00:06Z,2026-10-05,OTT @ BOS,65b60049b3c77a94c346f74d8b897e4b,sk_sog,over,Tim Stützle,2.5,bovada,145,-190,oddsapi
2026-10-05T21:00:06Z,2026-10-05,OTT @ BOS,65b60049b3c77a94c346f74d8b897e4b,sk_sog,under,Tim Stützle,2.5,bovada,-190,145,oddsapi
2026-10-05T21:00:06Z,2026-10-05,OTT @ BOS,65b60049b3c77a94c346f74d8b897e4b,sk_sog,over,Warren Foegele,1.5,bovada,-105,-125,oddsapi
2026-10-05T21:00:06Z,2026-10-05,OTT @ BOS,65b60049b3c77a94c346f74d8b897e4b,sk_sog,under,Warren Foegele,1.5,bovada,-125,-105,oddsapi
2026-10-05T21:00:06Z,2026-10-05,OTT @ BOS,65b60049b3c77a94c346f74d8b897e4b,sk_sog,over,William Eklund,1.5,bovada,-175,135,oddsapi
2026-10-05T21:00:06Z,2026-10-05,OTT @ BOS,65b60049b3c77a94c346f74d8b897e4b,sk_sog,under,William Eklund,1.5,bovada,135,-175,oddsapi
2026-10-05T21:00:06Z,2026-10-05,OTT @ BOS,65b60049b3c77a94c346f74d8b897e4b,g_saves,over,Jeremy Swayman,25.5,bovada,100,-130,oddsapi
2026-10-05T21:00:06Z,2026-10-05,OTT @ BOS,65b60049b3c77a94c346f74d8b897e4b,g_saves,under,Jeremy Swayman,25.5,bovada,-130,100,oddsapi
2026-10-05T21:00:06Z,2026-10-05,OTT @ BOS,65b60049b3c77a94c346f74d8b897e4b,g_saves,over,Linus Ullmark,21.5,bovada,-120,-110,oddsapi
2026-10-05T21:00:06Z,2026-10-05,OTT @ BOS,65b60049b3c77a94c346f74d8b897e4b,g_saves,under,Linus Ullmark,21.5,bovada,-110,-120,oddsapi
2026-10-05T21:00:06Z,2026-10-05,OTT @ BOS,65b60049b3c77a94c346f74d8b897e4b,p1_pl,BOS,,0.5,bovada,-230,170,oddsapi
2026-10-05T21:00:06Z,2026-10-05,OTT @ BOS,65b60049b3c77a94c346f74d8b897e4b,p1_pl,OTT,,-0.5,bovada,170,-230,oddsapi
2026-10-05T21:00:06Z,2026-10-05,OTT @ BOS,65b60049b3c77a94c346f74d8b897e4b,p2_pl,BOS,,0.5,bovada,-220,165,oddsapi
2026-10-05T21:00:06Z,2026-10-05,OTT @ BOS,65b60049b3c77a94c346f74d8b897e4b,p2_pl,OTT,,-0.5,bovada,165,-220,oddsapi
2026-10-05T21:00:06Z,2026-10-05,OTT @ BOS,65b60049b3c77a94c346f74d8b897e4b,p3_pl,BOS,,0.5,bovada,-200,150,oddsapi
2026-10-05T21:00:06Z,2026-10-05,OTT @ BOS,65b60049b3c77a94c346f74d8b897e4b,p3_pl,OTT,,-0.5,bovada,150,-200,oddsapi
2026-10-05T21:00:06Z,2026-10-05,OTT @ BOS,65b60049b3c77a94c346f74d8b897e4b,p1_total,over,,1.5,bovada,-115,-115,oddsapi
2026-10-05T21:00:06Z,2026-10-05,OTT @ BOS,65b60049b3c77a94c346f74d8b897e4b,p1_total,under,,1.5,bovada,-115,-115,oddsapi
2026-10-05T21:00:06Z,2026-10-05,OTT @ BOS,65b60049b3c77a94c346f74d8b897e4b,p2_total,over,,1.5,bovada,-150,115,oddsapi
2026-10-05T21:00:06Z,2026-10-05,OTT @ BOS,65b60049b3c77a94c346f74d8b897e4b,p2_total,under,,1.5,bovada,115,-150,oddsapi
2026-10-05T21:00:06Z,2026-10-05,OTT @ BOS,65b60049b3c77a94c346f74d8b897e4b,p3_total,over,,2,bovada,-115,-115,oddsapi
2026-10-05T21:00:06Z,2026-10-05,OTT @ BOS,65b60049b3c77a94c346f74d8b897e4b,p3_total,under,,2,bovada,-115,-115,oddsapi
2026-10-05T21:00:06Z,2026-10-05,OTT @ BOS,65b60049b3c77a94c346f74d8b897e4b,p1_ml,BOS,,,betus,-115,-115,oddsapi
2026-10-05T21:00:06Z,2026-10-05,OTT @ BOS,65b60049b3c77a94c346f74d8b897e4b,p1_ml,OTT,,,betus,-115,-115,oddsapi
2026-10-05T21:00:06Z,2026-10-05,OTT @ BOS,65b60049b3c77a94c346f74d8b897e4b,p1_pl,BOS,,0.5,betus,-210,165,oddsapi
2026-10-05T21:00:06Z,2026-10-05,OTT @ BOS,65b60049b3c77a94c346f74d8b897e4b,p1_pl,OTT,,-0.5,betus,165,-210,oddsapi
2026-10-05T21:00:06Z,2026-10-05,OTT @ BOS,65b60049b3c77a94c346f74d8b897e4b,p1_total,over,,1.5,betus,-115,-115,oddsapi
2026-10-05T21:00:06Z,2026-10-05,OTT @ BOS,65b60049b3c77a94c346f74d8b897e4b,p1_total,under,,1.5,betus,-115,-115,oddsapi
2026-10-05T21:00:06Z,2026-10-05,OTT @ BOS,65b60049b3c77a94c346f74d8b897e4b,team_total_alt,over,BOS,0.5,betmgm,-3000,800,oddsapi
2026-10-05T21:00:06Z,2026-10-05,OTT @ BOS,65b60049b3c77a94c346f74d8b897e4b,team_total_alt,under,BOS,0.5,betmgm,800,-3000,oddsapi
2026-10-05T21:00:06Z,2026-10-05,OTT @ BOS,65b60049b3c77a94c346f74d8b897e4b,team_total_alt,over,BOS,1,betmgm,-2500,725,oddsapi
2026-10-05T21:00:06Z,2026-10-05,OTT @ BOS,65b60049b3c77a94c346f74d8b897e4b,team_total_alt,under,BOS,1,betmgm,725,-2500,oddsapi
2026-10-05T21:00:06Z,2026-10-05,OTT @ BOS,65b60049b3c77a94c346f74d8b897e4b,team_total_alt,over,BOS,1.5,betmgm,-450,280,oddsapi
2026-10-05T21:00:06Z,2026-10-05,OTT @ BOS,65b60049b3c77a94c346f74d8b897e4b,team_total_alt,under,BOS,1.5,betmgm,280,-450,oddsapi
2026-10-05T21:00:06Z,2026-10-05,OTT @ BOS,65b60049b3c77a94c346f74d8b897e4b,team_total_alt,over,BOS,2,betmgm,-300,210,oddsapi
2026-10-05T21:00:06Z,2026-10-05,OTT @ BOS,65b60049b3c77a94c346f74d8b897e4b,team_total_alt,under,BOS,2,betmgm,210,-300,oddsapi
2026-10-05T21:00:06Z,2026-10-05,OTT @ BOS,65b60049b3c77a94c346f74d8b897e4b,team_total_alt,over,BOS,2.5,betmgm,-160,115,oddsapi
2026-10-05T21:00:06Z,2026-10-05,OTT @ BOS,65b60049b3c77a94c346f74d8b897e4b,team_total_alt,under,BOS,2.5,betmgm,115,-160,oddsapi
2026-10-05T21:00:06Z,2026-10-05,OTT @ BOS,65b60049b3c77a94c346f74d8b897e4b,team_total_alt,over,BOS,3,betmgm,100,-140,oddsapi
2026-10-05T21:00:06Z,2026-10-05,OTT @ BOS,65b60049b3c77a94c346f74d8b897e4b,team_total_alt,under,BOS,3,betmgm,-140,100,oddsapi
2026-10-05T21:00:06Z,2026-10-05,OTT @ BOS,65b60049b3c77a94c346f74d8b897e4b,team_total_alt,over,BOS,3.5,betmgm,145,-210,oddsapi
2026-10-05T21:00:06Z,2026-10-05,OTT @ BOS,65b60049b3c77a94c346f74d8b897e4b,team_total_alt,under,BOS,3.5,betmgm,-210,145,oddsapi
2026-10-05T21:00:06Z,2026-10-05,OTT @ BOS,65b60049b3c77a94c346f74d8b897e4b,team_total_alt,over,BOS,4,betmgm,260,-400,oddsapi
2026-10-05T21:00:06Z,2026-10-05,OTT @ BOS,65b60049b3c77a94c346f74d8b897e4b,team_total_alt,under,BOS,4,betmgm,-400,260,oddsapi
2026-10-05T21:00:06Z,2026-10-05,OTT @ BOS,65b60049b3c77a94c346f74d8b897e4b,team_total_alt,over,BOS,4.5,betmgm,320,-525,oddsapi
2026-10-05T21:00:06Z,2026-10-05,OTT @ BOS,65b60049b3c77a94c346f74d8b897e4b,team_total_alt,under,BOS,4.5,betmgm,-525,320,oddsapi
2026-10-05T21:00:06Z,2026-10-05,OTT @ BOS,65b60049b3c77a94c346f74d8b897e4b,team_total_alt,over,OTT,1,betmgm,-2500,750,oddsapi
2026-10-05T21:00:06Z,2026-10-05,OTT @ BOS,65b60049b3c77a94c346f74d8b897e4b,team_total_alt,under,OTT,1,betmgm,750,-2500,oddsapi
2026-10-05T21:00:06Z,2026-10-05,OTT @ BOS,65b60049b3c77a94c346f74d8b897e4b,team_total_alt,over,OTT,1.5,betmgm,-475,290,oddsapi
2026-10-05T21:00:06Z,2026-10-05,OTT @ BOS,65b60049b3c77a94c346f74d8b897e4b,team_total_alt,under,OTT,1.5,betmgm,290,-475,oddsapi
2026-10-05T21:00:06Z,2026-10-05,OTT @ BOS,65b60049b3c77a94c346f74d8b897e4b,team_total_alt,over,OTT,2,betmgm,-325,225,oddsapi
2026-10-05T21:00:06Z,2026-10-05,OTT @ BOS,65b60049b3c77a94c346f74d8b897e4b,team_total_alt,under,OTT,2,betmgm,225,-325,oddsapi
2026-10-05T21:00:06Z,2026-10-05,OTT @ BOS,65b60049b3c77a94c346f74d8b897e4b,team_total_alt,over,OTT,2.5,betmgm,-165,120,oddsapi
2026-10-05T21:00:06Z,2026-10-05,OTT @ BOS,65b60049b3c77a94c346f74d8b897e4b,team_total_alt,under,OTT,2.5,betmgm,120,-165,oddsapi
2026-10-05T21:00:06Z,2026-10-05,OTT @ BOS,65b60049b3c77a94c346f74d8b897e4b,team_total_alt,over,OTT,3,betmgm,-110,-125,oddsapi
2026-10-05T21:00:06Z,2026-10-05,OTT @ BOS,65b60049b3c77a94c346f74d8b897e4b,team_total_alt,under,OTT,3,betmgm,-125,-110,oddsapi
2026-10-05T21:00:06Z,2026-10-05,OTT @ BOS,65b60049b3c77a94c346f74d8b897e4b,team_total_alt,over,OTT,3.5,betmgm,135,-190,oddsapi
2026-10-05T21:00:06Z,2026-10-05,OTT @ BOS,65b60049b3c77a94c346f74d8b897e4b,team_total_alt,under,OTT,3.5,betmgm,-190,135,oddsapi
2026-10-05T21:00:06Z,2026-10-05,OTT @ BOS,65b60049b3c77a94c346f74d8b897e4b,team_total_alt,over,OTT,4,betmgm,240,-350,oddsapi
2026-10-05T21:00:06Z,2026-10-05,OTT @ BOS,65b60049b3c77a94c346f74d8b897e4b,team_total_alt,under,OTT,4,betmgm,-350,240,oddsapi
2026-10-05T21:00:06Z,2026-10-05,OTT @ BOS,65b60049b3c77a94c346f74d8b897e4b,team_total_alt,over,OTT,4.5,betmgm,300,-500,oddsapi
2026-10-05T21:00:06Z,2026-10-05,OTT @ BOS,65b60049b3c77a94c346f74d8b897e4b,team_total_alt,under,OTT,4.5,betmgm,-500,300,oddsapi
2026-10-05T21:00:06Z,2026-10-05,OTT @ BOS,65b60049b3c77a94c346f74d8b897e4b,team_total_alt,over,OTT,5,betmgm,600,-1400,oddsapi
2026-10-05T21:00:06Z,2026-10-05,OTT @ BOS,65b60049b3c77a94c346f74d8b897e4b,team_total_alt,under,OTT,5,betmgm,-1400,600,oddsapi
2026-10-05T21:00:06Z,2026-10-05,OTT @ BOS,65b60049b3c77a94c346f74d8b897e4b,game_ml3,BOS,,,betmgm,150,,oddsapi
2026-10-05T21:00:06Z,2026-10-05,OTT @ BOS,65b60049b3c77a94c346f74d8b897e4b,game_ml3,OTT,,,betmgm,135,,oddsapi
2026-10-05T21:00:06Z,2026-10-05,OTT @ BOS,65b60049b3c77a94c346f74d8b897e4b,game_ml3,draw,,,betmgm,290,,oddsapi
2026-10-05T21:00:06Z,2026-10-05,OTT @ BOS,65b60049b3c77a94c346f74d8b897e4b,p1_ml3,BOS,,,betmgm,175,,oddsapi
2026-10-05T21:00:06Z,2026-10-05,OTT @ BOS,65b60049b3c77a94c346f74d8b897e4b,p1_ml3,OTT,,,betmgm,165,,oddsapi
2026-10-05T21:00:06Z,2026-10-05,OTT @ BOS,65b60049b3c77a94c346f74d8b897e4b,p1_ml3,draw,,,betmgm,170,,oddsapi
2026-10-05T21:00:06Z,2026-10-05,OTT @ BOS,65b60049b3c77a94c346f74d8b897e4b,p2_ml3,BOS,,,betmgm,165,,oddsapi
2026-10-05T21:00:06Z,2026-10-05,OTT @ BOS,65b60049b3c77a94c346f74d8b897e4b,p2_ml3,OTT,,,betmgm,160,,oddsapi
2026-10-05T21:00:06Z,2026-10-05,OTT @ BOS,65b60049b3c77a94c346f74d8b897e4b,p2_ml3,draw,,,betmgm,185,,oddsapi
2026-10-05T21:00:06Z,2026-10-05,OTT @ BOS,65b60049b3c77a94c346f74d8b897e4b,p3_ml3,BOS,,,betmgm,155,,oddsapi
2026-10-05T21:00:06Z,2026-10-05,OTT @ BOS,65b60049b3c77a94c346f74d8b897e4b,p3_ml3,OTT,,,betmgm,145,,oddsapi
2026-10-05T21:00:06Z,2026-10-05,OTT @ BOS,65b60049b3c77a94c346f74d8b897e4b,p3_ml3,draw,,,betmgm,220,,oddsapi
2026-10-05T21:00:06Z,2026-10-05,OTT @ BOS,65b60049b3c77a94c346f74d8b897e4b,p1_ml,BOS,,,betmgm,-110,-118,oddsapi
2026-10-05T21:00:06Z,2026-10-05,OTT @ BOS,65b60049b3c77a94c346f74d8b897e4b,p1_ml,OTT,,,betmgm,-118,-110,oddsapi
2026-10-05T21:00:06Z,2026-10-05,OTT @ BOS,65b60049b3c77a94c346f74d8b897e4b,p2_ml,BOS,,,betmgm,-115,-120,oddsapi
2026-10-05T21:00:06Z,2026-10-05,OTT @ BOS,65b60049b3c77a94c346f74d8b897e4b,p2_ml,OTT,,,betmgm,-120,-115,oddsapi
2026-10-05T21:00:06Z,2026-10-05,OTT @ BOS,65b60049b3c77a94c346f74d8b897e4b,p3_ml,BOS,,,betmgm,-115,-120,oddsapi
2026-10-05T21:00:06Z,2026-10-05,OTT @ BOS,65b60049b3c77a94c346f74d8b897e4b,p3_ml,OTT,,,betmgm,-120,-115,oddsapi
2026-10-05T21:00:06Z,2026-10-05,OTT @ BOS,65b60049b3c77a94c346f74d8b897e4b,sk_a,over,Thomas Chabot,0.5,betmgm,125,-165,oddsapi
2026-10-05T21:00:06Z,2026-10-05,OTT @ BOS,65b60049b3c77a94c346f74d8b897e4b,sk_a,under,Thomas Chabot,0.5,betmgm,-165,125,oddsapi
2026-10-05T21:00:06Z,2026-10-05,OTT @ BOS,65b60049b3c77a94c346f74d8b897e4b,sk_a,over,Drake Batherson,0.5,betmgm,145,-200,oddsapi
2026-10-05T21:00:06Z,2026-10-05,OTT @ BOS,65b60049b3c77a94c346f74d8b897e4b,sk_a,under,Drake Batherson,0.5,betmgm,-200,145,oddsapi
2026-10-05T21:00:06Z,2026-10-05,OTT @ BOS,65b60049b3c77a94c346f74d8b897e4b,sk_a,over,Warren Foegele,0.5,betmgm,290,-500,oddsapi
2026-10-05T21:00:06Z,2026-10-05,OTT @ BOS,65b60049b3c77a94c346f74d8b897e4b,sk_a,under,Warren Foegele,0.5,betmgm,-500,290,oddsapi
2026-10-05T21:00:06Z,2026-10-05,OTT @ BOS,65b60049b3c77a94c346f74d8b897e4b,sk_a,over,JJ Peterka,0.5,betmgm,175,-250,oddsapi
2026-10-05T21:00:06Z,2026-10-05,OTT @ BOS,65b60049b3c77a94c346f74d8b897e4b,sk_a,under,JJ Peterka,0.5,betmgm,-250,175,oddsapi
2026-10-05T21:00:06Z,2026-10-05,OTT @ BOS,65b60049b3c77a94c346f74d8b897e4b,sk_a,over,Tyler Kleven,0.5,betmgm,270,-450,oddsapi
2026-10-05T21:00:06Z,2026-10-05,OTT @ BOS,65b60049b3c77a94c346f74d8b897e4b,sk_a,under,Tyler Kleven,0.5,betmgm,-450,270,oddsapi
2026-10-05T21:00:06Z,2026-10-05,OTT @ BOS,65b60049b3c77a94c346f74d8b897e4b,sk_a,over,Dylan Cozens,0.5,betmgm,160,-220,oddsapi
2026-10-05T21:00:06Z,2026-10-05,OTT @ BOS,65b60049b3c77a94c346f74d8b897e4b,sk_a,under,Dylan Cozens,0.5,betmgm,-220,160,oddsapi
2026-10-05T21:00:06Z,2026-10-05,OTT @ BOS,65b60049b3c77a94c346f74d8b897e4b,sk_a,over,Elias Lindholm,0.5,betmgm,210,-300,oddsapi
2026-10-05T21:00:06Z,2026-10-05,OTT @ BOS,65b60049b3c77a94c346f74d8b897e4b,sk_a,under,Elias Lindholm,0.5,betmgm,-300,210,oddsapi
2026-10-05T21:00:06Z,2026-10-05,OTT @ BOS,65b60049b3c77a94c346f74d8b897e4b,sk_a,over,Jordan Spence,0.5,betmgm,195,-285,oddsapi
2026-10-05T21:00:06Z,2026-10-05,OTT @ BOS,65b60049b3c77a94c346f74d8b897e4b,sk_a,under,Jordan Spence,0.5,betmgm,-285,195,oddsapi
2026-10-05T21:00:06Z,2026-10-05,OTT @ BOS,65b60049b3c77a94c346f74d8b897e4b,sk_a,over,Casey Mittelstadt,0.5,betmgm,180,-250,oddsapi
2026-10-05T21:00:06Z,2026-10-05,OTT @ BOS,65b60049b3c77a94c346f74d8b897e4b,sk_a,under,Casey Mittelstadt,0.5,betmgm,-250,180,oddsapi
2026-10-05T21:00:06Z,2026-10-05,OTT @ BOS,65b60049b3c77a94c346f74d8b897e4b,sk_a,over,Morgan Geekie,0.5,betmgm,170,-235,oddsapi
2026-10-05T21:00:06Z,2026-10-05,OTT @ BOS,65b60049b3c77a94c346f74d8b897e4b,sk_a,under,Morgan Geekie,0.5,betmgm,-235,170,oddsapi
2026-10-05T21:00:06Z,2026-10-05,OTT @ BOS,65b60049b3c77a94c346f74d8b897e4b,sk_a,over,Shane Pinto,0.5,betmgm,200,-295,oddsapi
2026-10-05T21:00:06Z,2026-10-05,OTT @ BOS,65b60049b3c77a94c346f74d8b897e4b,sk_a,under,Shane Pinto,0.5,betmgm,-295,200,oddsapi
2026-10-05T21:00:06Z,2026-10-05,OTT @ BOS,65b60049b3c77a94c346f74d8b897e4b,sk_a,over,Claude Giroux,0.5,betmgm,195,-275,oddsapi
2026-10-05T21:00:06Z,2026-10-05,OTT @ BOS,65b60049b3c77a94c346f74d8b897e4b,sk_a,under,Claude Giroux,0.5,betmgm,-275,195,oddsapi
2026-10-05T21:00:06Z,2026-10-05,OTT @ BOS,65b60049b3c77a94c346f74d8b897e4b,sk_a,over,David Pastrnak,0.5,betmgm,105,-140,oddsapi
2026-10-05T21:00:06Z,2026-10-05,OTT @ BOS,65b60049b3c77a94c346f74d8b897e4b,sk_a,under,David Pastrnak,0.5,betmgm,-140,105,oddsapi
2026-10-05T21:00:06Z,2026-10-05,OTT @ BOS,65b60049b3c77a94c346f74d8b897e4b,sk_a,over,William Eklund,0.5,betmgm,130,-175,oddsapi
2026-10-05T21:00:06Z,2026-10-05,OTT @ BOS,65b60049b3c77a94c346f74d8b897e4b,sk_a,under,William Eklund,0.5,betmgm,-175,130,oddsapi
2026-10-05T21:00:06Z,2026-10-05,OTT @ BOS,65b60049b3c77a94c346f74d8b897e4b,sk_a,over,Hampus Lindholm,0.5,betmgm,160,-220,oddsapi
2026-10-05T21:00:06Z,2026-10-05,OTT @ BOS,65b60049b3c77a94c346f74d8b897e4b,sk_a,under,Hampus Lindholm,0.5,betmgm,-220,160,oddsapi
2026-10-05T21:00:06Z,2026-10-05,OTT @ BOS,65b60049b3c77a94c346f74d8b897e4b,sk_a,over,Tim Stützle,0.5,betmgm,105,-140,oddsapi
2026-10-05T21:00:06Z,2026-10-05,OTT @ BOS,65b60049b3c77a94c346f74d8b897e4b,sk_a,under,Tim Stützle,0.5,betmgm,-140,105,oddsapi
2026-10-05T21:00:06Z,2026-10-05,OTT @ BOS,65b60049b3c77a94c346f74d8b897e4b,sk_a,over,Pavel Zacha,0.5,betmgm,160,-220,oddsapi
2026-10-05T21:00:06Z,2026-10-05,OTT @ BOS,65b60049b3c77a94c346f74d8b897e4b,sk_a,under,Pavel Zacha,0.5,betmgm,-220,160,oddsapi
2026-10-05T21:00:06Z,2026-10-05,OTT @ BOS,65b60049b3c77a94c346f74d8b897e4b,sk_a,over,Carter Yakemchuk,0.5,betmgm,240,-375,oddsapi
2026-10-05T21:00:06Z,2026-10-05,OTT @ BOS,65b60049b3c77a94c346f74d8b897e4b,sk_a,under,Carter Yakemchuk,0.5,betmgm,-375,240,oddsapi
2026-10-05T21:00:06Z,2026-10-05,OTT @ BOS,65b60049b3c77a94c346f74d8b897e4b,ags,yes,David Pastrnak,,betmgm,165,,oddsapi
2026-10-05T21:00:06Z,2026-10-05,OTT @ BOS,65b60049b3c77a94c346f74d8b897e4b,ags,yes,Tim Stützle,,betmgm,210,,oddsapi
2026-10-05T21:00:06Z,2026-10-05,OTT @ BOS,65b60049b3c77a94c346f74d8b897e4b,ags,yes,Morgan Geekie,,betmgm,220,,oddsapi
2026-10-05T21:00:06Z,2026-10-05,OTT @ BOS,65b60049b3c77a94c346f74d8b897e4b,ags,yes,Drake Batherson,,betmgm,225,,oddsapi
2026-10-05T21:00:06Z,2026-10-05,OTT @ BOS,65b60049b3c77a94c346f74d8b897e4b,ags,yes,JJ Peterka,,betmgm,230,,oddsapi
2026-10-05T21:00:06Z,2026-10-05,OTT @ BOS,65b60049b3c77a94c346f74d8b897e4b,ags,yes,Pavel Zacha,,betmgm,240,,oddsapi
2026-10-05T21:00:06Z,2026-10-05,OTT @ BOS,65b60049b3c77a94c346f74d8b897e4b,ags,yes,Dylan Cozens,,betmgm,260,,oddsapi
2026-10-05T21:00:06Z,2026-10-05,OTT @ BOS,65b60049b3c77a94c346f74d8b897e4b,ags,yes,Shane Pinto,,betmgm,270,,oddsapi
2026-10-05T21:00:06Z,2026-10-05,OTT @ BOS,65b60049b3c77a94c346f74d8b897e4b,ags,yes,William Eklund,,betmgm,275,,oddsapi
2026-10-05T21:00:06Z,2026-10-05,OTT @ BOS,65b60049b3c77a94c346f74d8b897e4b,ags,yes,Elias Lindholm,,betmgm,290,,oddsapi
2026-10-05T21:00:06Z,2026-10-05,OTT @ BOS,65b60049b3c77a94c346f74d8b897e4b,ags,yes,Fabian Zetterlund,,betmgm,400,,oddsapi
2026-10-05T21:00:06Z,2026-10-05,OTT @ BOS,65b60049b3c77a94c346f74d8b897e4b,ags,yes,Fraser Minten,,betmgm,400,,oddsapi
2026-10-05T21:00:06Z,2026-10-05,OTT @ BOS,65b60049b3c77a94c346f74d8b897e4b,ags,yes,Warren Foegele,,betmgm,400,,oddsapi
2026-10-05T21:00:06Z,2026-10-05,OTT @ BOS,65b60049b3c77a94c346f74d8b897e4b,ags,yes,Claude Giroux,,betmgm,400,,oddsapi
2026-10-05T21:00:06Z,2026-10-05,OTT @ BOS,65b60049b3c77a94c346f74d8b897e4b,ags,yes,James Hagens,,betmgm,450,,oddsapi
2026-10-05T21:00:06Z,2026-10-05,OTT @ BOS,65b60049b3c77a94c346f74d8b897e4b,ags,yes,Casey Mittelstadt,,betmgm,450,,oddsapi
2026-10-05T21:00:06Z,2026-10-05,OTT @ BOS,65b60049b3c77a94c346f74d8b897e4b,ags,yes,Thomas Chabot,,betmgm,450,,oddsapi
2026-10-05T21:00:06Z,2026-10-05,OTT @ BOS,65b60049b3c77a94c346f74d8b897e4b,ags,yes,Stephen Halliday,,betmgm,500,,oddsapi
2026-10-05T21:00:06Z,2026-10-05,OTT @ BOS,65b60049b3c77a94c346f74d8b897e4b,ags,yes,Carter Yakemchuk,,betmgm,525,,oddsapi
2026-10-05T21:00:06Z,2026-10-05,OTT @ BOS,65b60049b3c77a94c346f74d8b897e4b,ags,yes,Michael Amadio,,betmgm,625,,oddsapi
2026-10-05T21:00:06Z,2026-10-05,OTT @ BOS,65b60049b3c77a94c346f74d8b897e4b,ags,yes,Marat Khusnutdinov,,betmgm,700,,oddsapi
2026-10-05T21:00:06Z,2026-10-05,OTT @ BOS,65b60049b3c77a94c346f74d8b897e4b,ags,yes,Mark Kastelic,,betmgm,775,,oddsapi
2026-10-05T21:00:06Z,2026-10-05,OTT @ BOS,65b60049b3c77a94c346f74d8b897e4b,ags,yes,Hampus Lindholm,,betmgm,800,,oddsapi
2026-10-05T21:00:06Z,2026-10-05,OTT @ BOS,65b60049b3c77a94c346f74d8b897e4b,ags,yes,Mason Lohrei,,betmgm,825,,oddsapi
2026-10-05T21:00:06Z,2026-10-05,OTT @ BOS,65b60049b3c77a94c346f74d8b897e4b,ags,yes,Sean Kuraly,,betmgm,850,,oddsapi
2026-10-05T21:00:06Z,2026-10-05,OTT @ BOS,65b60049b3c77a94c346f74d8b897e4b,ags,yes,Cameron Crotty,,betmgm,875,,oddsapi
2026-10-05T21:00:06Z,2026-10-05,OTT @ BOS,65b60049b3c77a94c346f74d8b897e4b,ags,yes,Tanner Jeannot,,betmgm,875,,oddsapi
2026-10-05T21:00:06Z,2026-10-05,OTT @ BOS,65b60049b3c77a94c346f74d8b897e4b,ags,yes,Nick Cousins,,betmgm,1000,,oddsapi
2026-10-05T21:00:06Z,2026-10-05,OTT @ BOS,65b60049b3c77a94c346f74d8b897e4b,ags,yes,Jordan Spence,,betmgm,1050,,oddsapi
2026-10-05T21:00:06Z,2026-10-05,OTT @ BOS,65b60049b3c77a94c346f74d8b897e4b,ags,yes,Will Borgen,,betmgm,1250,,oddsapi
2026-10-05T21:00:06Z,2026-10-05,OTT @ BOS,65b60049b3c77a94c346f74d8b897e4b,ags,yes,Hayden Hodgson,,betmgm,1250,,oddsapi
2026-10-05T21:00:06Z,2026-10-05,OTT @ BOS,65b60049b3c77a94c346f74d8b897e4b,ags,yes,Jonathan Aspirot,,betmgm,1400,,oddsapi
2026-10-05T21:00:06Z,2026-10-05,OTT @ BOS,65b60049b3c77a94c346f74d8b897e4b,ags,yes,Nikolas Matinpalo,,betmgm,1400,,oddsapi
2026-10-05T21:00:06Z,2026-10-05,OTT @ BOS,65b60049b3c77a94c346f74d8b897e4b,ags,yes,Nikita Zadorov,,betmgm,1400,,oddsapi
2026-10-05T21:00:06Z,2026-10-05,OTT @ BOS,65b60049b3c77a94c346f74d8b897e4b,ags,yes,Connor Clifton,,betmgm,1400,,oddsapi
2026-10-05T21:00:06Z,2026-10-05,OTT @ BOS,65b60049b3c77a94c346f74d8b897e4b,ags,yes,Tyler Kleven,,betmgm,1600,,oddsapi
2026-10-05T21:00:06Z,2026-10-05,OTT @ BOS,65b60049b3c77a94c346f74d8b897e4b,fgs,yes,David Pastrnak,,betmgm,1000,,oddsapi
2026-10-05T21:00:06Z,2026-10-05,OTT @ BOS,65b60049b3c77a94c346f74d8b897e4b,fgs,yes,Tim Stützle,,betmgm,1150,,oddsapi
2026-10-05T21:00:06Z,2026-10-05,OTT @ BOS,65b60049b3c77a94c346f74d8b897e4b,fgs,yes,Drake Batherson,,betmgm,1250,,oddsapi
2026-10-05T21:00:06Z,2026-10-05,OTT @ BOS,65b60049b3c77a94c346f74d8b897e4b,fgs,yes,Morgan Geekie,,betmgm,1400,,oddsapi
2026-10-05T21:00:06Z,2026-10-05,OTT @ BOS,65b60049b3c77a94c346f74d8b897e4b,fgs,yes,Dylan Cozens,,betmgm,1450,,oddsapi
2026-10-05T21:00:06Z,2026-10-05,OTT @ BOS,65b60049b3c77a94c346f74d8b897e4b,fgs,yes,Pavel Zacha,,betmgm,1450,,oddsapi
2026-10-05T21:00:06Z,2026-10-05,OTT @ BOS,65b60049b3c77a94c346f74d8b897e4b,fgs,yes,JJ Peterka,,betmgm,1500,,oddsapi
2026-10-05T21:00:06Z,2026-10-05,OTT @ BOS,65b60049b3c77a94c346f74d8b897e4b,fgs,yes,Shane Pinto,,betmgm,1650,,oddsapi
2026-10-05T21:00:06Z,2026-10-05,OTT @ BOS,65b60049b3c77a94c346f74d8b897e4b,fgs,yes,William Eklund,,betmgm,1650,,oddsapi
2026-10-05T21:00:06Z,2026-10-05,OTT @ BOS,65b60049b3c77a94c346f74d8b897e4b,fgs,yes,Elias Lindholm,,betmgm,1700,,oddsapi
2026-10-05T21:00:06Z,2026-10-05,OTT @ BOS,65b60049b3c77a94c346f74d8b897e4b,fgs,yes,Fabian Zetterlund,,betmgm,2200,,oddsapi
2026-10-05T21:00:06Z,2026-10-05,OTT @ BOS,65b60049b3c77a94c346f74d8b897e4b,fgs,yes,Claude Giroux,,betmgm,2200,,oddsapi
2026-10-05T21:00:06Z,2026-10-05,OTT @ BOS,65b60049b3c77a94c346f74d8b897e4b,fgs,yes,Warren Foegele,,betmgm,2200,,oddsapi
2026-10-05T21:00:06Z,2026-10-05,OTT @ BOS,65b60049b3c77a94c346f74d8b897e4b,fgs,yes,Fraser Minten,,betmgm,2200,,oddsapi
2026-10-05T21:00:06Z,2026-10-05,OTT @ BOS,65b60049b3c77a94c346f74d8b897e4b,fgs,yes,Casey Mittelstadt,,betmgm,2500,,oddsapi
2026-10-05T21:00:06Z,2026-10-05,OTT @ BOS,65b60049b3c77a94c346f74d8b897e4b,fgs,yes,James Hagens,,betmgm,2500,,oddsapi
2026-10-05T21:00:06Z,2026-10-05,OTT @ BOS,65b60049b3c77a94c346f74d8b897e4b,fgs,yes,Stephen Halliday,,betmgm,2500,,oddsapi
2026-10-05T21:00:06Z,2026-10-05,OTT @ BOS,65b60049b3c77a94c346f74d8b897e4b,fgs,yes,Carter Yakemchuk,,betmgm,2800,,oddsapi
2026-10-05T21:00:06Z,2026-10-05,OTT @ BOS,65b60049b3c77a94c346f74d8b897e4b,fgs,yes,Thomas Chabot,,betmgm,2800,,oddsapi
2026-10-05T21:00:06Z,2026-10-05,OTT @ BOS,65b60049b3c77a94c346f74d8b897e4b,fgs,yes,Hampus Lindholm,,betmgm,3500,,oddsapi
2026-10-05T21:00:06Z,2026-10-05,OTT @ BOS,65b60049b3c77a94c346f74d8b897e4b,fgs,yes,Mason Lohrei,,betmgm,3500,,oddsapi
2026-10-05T21:00:06Z,2026-10-05,OTT @ BOS,65b60049b3c77a94c346f74d8b897e4b,fgs,yes,Michael Amadio,,betmgm,3500,,oddsapi
2026-10-05T21:00:06Z,2026-10-05,OTT @ BOS,65b60049b3c77a94c346f74d8b897e4b,fgs,yes,Mark Kastelic,,betmgm,4000,,oddsapi
2026-10-05T21:00:06Z,2026-10-05,OTT @ BOS,65b60049b3c77a94c346f74d8b897e4b,fgs,yes,Sean Kuraly,,betmgm,4000,,oddsapi
2026-10-05T21:00:06Z,2026-10-05,OTT @ BOS,65b60049b3c77a94c346f74d8b897e4b,fgs,yes,Marat Khusnutdinov,,betmgm,4000,,oddsapi
2026-10-05T21:00:06Z,2026-10-05,OTT @ BOS,65b60049b3c77a94c346f74d8b897e4b,fgs,yes,Tanner Jeannot,,betmgm,4500,,oddsapi
2026-10-05T21:00:06Z,2026-10-05,OTT @ BOS,65b60049b3c77a94c346f74d8b897e4b,fgs,yes,Nick Cousins,,betmgm,5500,,oddsapi
2026-10-05T21:00:06Z,2026-10-05,OTT @ BOS,65b60049b3c77a94c346f74d8b897e4b,fgs,yes,Nikita Zadorov,,betmgm,5500,,oddsapi
2026-10-05T21:00:06Z,2026-10-05,OTT @ BOS,65b60049b3c77a94c346f74d8b897e4b,fgs,yes,Hayden Hodgson,,betmgm,5500,,oddsapi
2026-10-05T21:00:06Z,2026-10-05,OTT @ BOS,65b60049b3c77a94c346f74d8b897e4b,fgs,yes,Jordan Spence,,betmgm,5500,,oddsapi
2026-10-05T21:00:06Z,2026-10-05,OTT @ BOS,65b60049b3c77a94c346f74d8b897e4b,fgs,yes,Will Borgen,,betmgm,6600,,oddsapi
2026-10-05T21:00:06Z,2026-10-05,OTT @ BOS,65b60049b3c77a94c346f74d8b897e4b,fgs,yes,Nikolas Matinpalo,,betmgm,8000,,oddsapi
2026-10-05T21:00:06Z,2026-10-05,OTT @ BOS,65b60049b3c77a94c346f74d8b897e4b,fgs,yes,Connor Clifton,,betmgm,8000,,oddsapi
2026-10-05T21:00:06Z,2026-10-05,OTT @ BOS,65b60049b3c77a94c346f74d8b897e4b,fgs,yes,Jonathan Aspirot,,betmgm,10000,,oddsapi
2026-10-05T21:00:06Z,2026-10-05,OTT @ BOS,65b60049b3c77a94c346f74d8b897e4b,fgs,yes,Tyler Kleven,,betmgm,10000,,oddsapi
2026-10-05T21:00:06Z,2026-10-05,OTT @ BOS,65b60049b3c77a94c346f74d8b897e4b,sk_pts,over,William Eklund,0.5,betmgm,-125,-105,oddsapi
2026-10-05T21:00:06Z,2026-10-05,OTT @ BOS,65b60049b3c77a94c346f74d8b897e4b,sk_pts,under,William Eklund,0.5,betmgm,-105,-125,oddsapi
2026-10-05T21:00:06Z,2026-10-05,OTT @ BOS,65b60049b3c77a94c346f74d8b897e4b,sk_pts,over,Thomas Chabot,0.5,betmgm,-110,-120,oddsapi
2026-10-05T21:00:06Z,2026-10-05,OTT @ BOS,65b60049b3c77a94c346f74d8b897e4b,sk_pts,under,Thomas Chabot,0.5,betmgm,-120,-110,oddsapi
2026-10-05T21:00:06Z,2026-10-05,OTT @ BOS,65b60049b3c77a94c346f74d8b897e4b,sk_pts,over,JJ Peterka,0.5,betmgm,-105,-130,oddsapi
2026-10-05T21:00:06Z,2026-10-05,OTT @ BOS,65b60049b3c77a94c346f74d8b897e4b,sk_pts,under,JJ Peterka,0.5,betmgm,-130,-105,oddsapi
2026-10-05T21:00:06Z,2026-10-05,OTT @ BOS,65b60049b3c77a94c346f74d8b897e4b,sk_pts,over,Dylan Cozens,0.5,betmgm,-120,-110,oddsapi
2026-10-05T21:00:06Z,2026-10-05,OTT @ BOS,65b60049b3c77a94c346f74d8b897e4b,sk_pts,under,Dylan Cozens,0.5,betmgm,-110,-120,oddsapi
2026-10-05T21:00:06Z,2026-10-05,OTT @ BOS,65b60049b3c77a94c346f74d8b897e4b,sk_pts,over,Morgan Geekie,0.5,betmgm,-125,-105,oddsapi
2026-10-05T21:00:06Z,2026-10-05,OTT @ BOS,65b60049b3c77a94c346f74d8b897e4b,sk_pts,under,Morgan Geekie,0.5,betmgm,-105,-125,oddsapi
2026-10-05T21:00:06Z,2026-10-05,OTT @ BOS,65b60049b3c77a94c346f74d8b897e4b,sk_pts,over,Hampus Lindholm,0.5,betmgm,125,-165,oddsapi
2026-10-05T21:00:06Z,2026-10-05,OTT @ BOS,65b60049b3c77a94c346f74d8b897e4b,sk_pts,under,Hampus Lindholm,0.5,betmgm,-165,125,oddsapi
2026-10-05T21:00:06Z,2026-10-05,OTT @ BOS,65b60049b3c77a94c346f74d8b897e4b,sk_pts,over,Jordan Spence,0.5,betmgm,160,-220,oddsapi
2026-10-05T21:00:06Z,2026-10-05,OTT @ BOS,65b60049b3c77a94c346f74d8b897e4b,sk_pts,under,Jordan Spence,0.5,betmgm,-220,160,oddsapi
2026-10-05T21:00:06Z,2026-10-05,OTT @ BOS,65b60049b3c77a94c346f74d8b897e4b,sk_pts,over,Shane Pinto,0.5,betmgm,105,-140,oddsapi
2026-10-05T21:00:06Z,2026-10-05,OTT @ BOS,65b60049b3c77a94c346f74d8b897e4b,sk_pts,under,Shane Pinto,0.5,betmgm,-140,105,oddsapi
2026-10-05T21:00:06Z,2026-10-05,OTT @ BOS,65b60049b3c77a94c346f74d8b897e4b,sk_pts,over,Warren Foegele,0.5,betmgm,165,-225,oddsapi
2026-10-05T21:00:06Z,2026-10-05,OTT @ BOS,65b60049b3c77a94c346f74d8b897e4b,sk_pts,under,Warren Foegele,0.5,betmgm,-225,165,oddsapi
2026-10-05T21:00:06Z,2026-10-05,OTT @ BOS,65b60049b3c77a94c346f74d8b897e4b,sk_pts,over,Drake Batherson,0.5,betmgm,-155,115,oddsapi
2026-10-05T21:00:06Z,2026-10-05,OTT @ BOS,65b60049b3c77a94c346f74d8b897e4b,sk_pts,under,Drake Batherson,0.5,betmgm,115,-155,oddsapi
2026-10-05T21:00:06Z,2026-10-05,OTT @ BOS,65b60049b3c77a94c346f74d8b897e4b,sk_pts,over,Tyler Kleven,0.5,betmgm,210,-300,oddsapi
2026-10-05T21:00:06Z,2026-10-05,OTT @ BOS,65b60049b3c77a94c346f74d8b897e4b,sk_pts,under,Tyler Kleven,0.5,betmgm,-300,210,oddsapi
2026-10-05T21:00:06Z,2026-10-05,OTT @ BOS,65b60049b3c77a94c346f74d8b897e4b,sk_pts,over,Claude Giroux,0.5,betmgm,110,-150,oddsapi
2026-10-05T21:00:06Z,2026-10-05,OTT @ BOS,65b60049b3c77a94c346f74d8b897e4b,sk_pts,under,Claude Giroux,0.5,betmgm,-150,110,oddsapi
2026-10-05T21:00:06Z,2026-10-05,OTT @ BOS,65b60049b3c77a94c346f74d8b897e4b,sk_pts,over,David Pastrnak,0.5,betmgm,-225,165,oddsapi
2026-10-05T21:00:06Z,2026-10-05,OTT @ BOS,65b60049b3c77a94c346f74d8b897e4b,sk_pts,under,David Pastrnak,0.5,betmgm,165,-225,oddsapi
2026-10-05T21:00:06Z,2026-10-05,OTT @ BOS,65b60049b3c77a94c346f74d8b897e4b,sk_pts,over,Elias Lindholm,0.5,betmgm,115,-155,oddsapi
2026-10-05T21:00:06Z,2026-10-05,OTT @ BOS,65b60049b3c77a94c346f74d8b897e4b,sk_pts,under,Elias Lindholm,0.5,betmgm,-155,115,oddsapi
2026-10-05T21:00:06Z,2026-10-05,OTT @ BOS,65b60049b3c77a94c346f74d8b897e4b,sk_pts,over,Casey Mittelstadt,0.5,betmgm,120,-160,oddsapi
2026-10-05T21:00:06Z,2026-10-05,OTT @ BOS,65b60049b3c77a94c346f74d8b897e4b,sk_pts,under,Casey Mittelstadt,0.5,betmgm,-160,120,oddsapi
2026-10-05T21:00:06Z,2026-10-05,OTT @ BOS,65b60049b3c77a94c346f74d8b897e4b,sk_pts,over,Pavel Zacha,0.5,betmgm,-118,-111,oddsapi
2026-10-05T21:00:06Z,2026-10-05,OTT @ BOS,65b60049b3c77a94c346f74d8b897e4b,sk_pts,under,Pavel Zacha,0.5,betmgm,-111,-118,oddsapi
2026-10-05T21:00:06Z,2026-10-05,OTT @ BOS,65b60049b3c77a94c346f74d8b897e4b,sk_pts,over,Carter Yakemchuk,0.5,betmgm,165,-225,oddsapi
2026-10-05T21:00:06Z,2026-10-05,OTT @ BOS,65b60049b3c77a94c346f74d8b897e4b,sk_pts,under,Carter Yakemchuk,0.5,betmgm,-225,165,oddsapi
2026-10-05T21:00:06Z,2026-10-05,OTT @ BOS,65b60049b3c77a94c346f74d8b897e4b,sk_pts,over,Tim Stützle,0.5,betmgm,-165,125,oddsapi
2026-10-05T21:00:06Z,2026-10-05,OTT @ BOS,65b60049b3c77a94c346f74d8b897e4b,sk_pts,under,Tim Stützle,0.5,betmgm,125,-165,oddsapi
2026-10-05T21:00:06Z,2026-10-05,OTT @ BOS,65b60049b3c77a94c346f74d8b897e4b,sk_ppp,over,William Eklund,0.5,betmgm,250,-375,oddsapi
2026-10-05T21:00:06Z,2026-10-05,OTT @ BOS,65b60049b3c77a94c346f74d8b897e4b,sk_ppp,under,William Eklund,0.5,betmgm,-375,250,oddsapi
2026-10-05T21:00:06Z,2026-10-05,OTT @ BOS,65b60049b3c77a94c346f74d8b897e4b,sk_ppp,over,JJ Peterka,0.5,betmgm,300,-525,oddsapi
2026-10-05T21:00:06Z,2026-10-05,OTT @ BOS,65b60049b3c77a94c346f74d8b897e4b,sk_ppp,under,JJ Peterka,0.5,betmgm,-525,300,oddsapi
2026-10-05T21:00:06Z,2026-10-05,OTT @ BOS,65b60049b3c77a94c346f74d8b897e4b,sk_ppp,over,Hampus Lindholm,0.5,betmgm,380,-1000,oddsapi
2026-10-05T21:00:06Z,2026-10-05,OTT @ BOS,65b60049b3c77a94c346f74d8b897e4b,sk_ppp,under,Hampus Lindholm,0.5,betmgm,-1000,380,oddsapi
2026-10-05T21:00:06Z,2026-10-05,OTT @ BOS,65b60049b3c77a94c346f74d8b897e4b,sk_ppp,over,Thomas Chabot,0.5,betmgm,310,-550,oddsapi
2026-10-05T21:00:06Z,2026-10-05,OTT @ BOS,65b60049b3c77a94c346f74d8b897e4b,sk_ppp,under,Thomas Chabot,0.5,betmgm,-550,310,oddsapi
2026-10-05T21:00:06Z,2026-10-05,OTT @ BOS,65b60049b3c77a94c346f74d8b897e4b,sk_ppp,over,Fraser Minten,0.5,betmgm,390,-2500,oddsapi
2026-10-05T21:00:06Z,2026-10-05,OTT @ BOS,65b60049b3c77a94c346f74d8b897e4b,sk_ppp,under,Fraser Minten,0.5,betmgm,-2500,390,oddsapi
2026-10-05T21:00:06Z,2026-10-05,OTT @ BOS,65b60049b3c77a94c346f74d8b897e4b,sk_ppp,over,Stephen Halliday,0.5,betmgm,390,-2000,oddsapi
2026-10-05T21:00:06Z,2026-10-05,OTT @ BOS,65b60049b3c77a94c346f74d8b897e4b,sk_ppp,under,Stephen Halliday,0.5,betmgm,-2000,390,oddsapi
2026-10-05T21:00:06Z,2026-10-05,OTT @ BOS,65b60049b3c77a94c346f74d8b897e4b,sk_ppp,over,Morgan Geekie,0.5,betmgm,250,-375,oddsapi
2026-10-05T21:00:06Z,2026-10-05,OTT @ BOS,65b60049b3c77a94c346f74d8b897e4b,sk_ppp,under,Morgan Geekie,0.5,betmgm,-375,250,oddsapi
2026-10-05T21:00:06Z,2026-10-05,OTT @ BOS,65b60049b3c77a94c346f74d8b897e4b,sk_ppp,over,Pavel Zacha,0.5,betmgm,230,-350,oddsapi
2026-10-05T21:00:06Z,2026-10-05,OTT @ BOS,65b60049b3c77a94c346f74d8b897e4b,sk_ppp,under,Pavel Zacha,0.5,betmgm,-350,230,oddsapi
2026-10-05T21:00:06Z,2026-10-05,OTT @ BOS,65b60049b3c77a94c346f74d8b897e4b,sk_ppp,over,Casey Mittelstadt,0.5,betmgm,380,-1200,oddsapi
2026-10-05T21:00:06Z,2026-10-05,OTT @ BOS,65b60049b3c77a94c346f74d8b897e4b,sk_ppp,under,Casey Mittelstadt,0.5,betmgm,-1200,380,oddsapi
2026-10-05T21:00:06Z,2026-10-05,OTT @ BOS,65b60049b3c77a94c346f74d8b897e4b,sk_ppp,over,Claude Giroux,0.5,betmgm,380,-2000,oddsapi
2026-10-05T21:00:06Z,2026-10-05,OTT @ BOS,65b60049b3c77a94c346f74d8b897e4b,sk_ppp,under,Claude Giroux,0.5,betmgm,-2000,380,oddsapi
2026-10-05T21:00:06Z,2026-10-05,OTT @ BOS,65b60049b3c77a94c346f74d8b897e4b,sk_ppp,over,Shane Pinto,0.5,betmgm,380,-900,oddsapi
2026-10-05T21:00:06Z,2026-10-05,OTT @ BOS,65b60049b3c77a94c346f74d8b897e4b,sk_ppp,under,Shane Pinto,0.5,betmgm,-900,380,oddsapi
2026-10-05T21:00:06Z,2026-10-05,OTT @ BOS,65b60049b3c77a94c346f74d8b897e4b,sk_ppp,over,Dylan Cozens,0.5,betmgm,300,-525,oddsapi
2026-10-05T21:00:06Z,2026-10-05,OTT @ BOS,65b60049b3c77a94c346f74d8b897e4b,sk_ppp,under,Dylan Cozens,0.5,betmgm,-525,300,oddsapi
2026-10-05T21:00:06Z,2026-10-05,OTT @ BOS,65b60049b3c77a94c346f74d8b897e4b,sk_ppp,over,Drake Batherson,0.5,betmgm,220,-325,oddsapi
2026-10-05T21:00:06Z,2026-10-05,OTT @ BOS,65b60049b3c77a94c346f74d8b897e4b,sk_ppp,under,Drake Batherson,0.5,betmgm,-325,220,oddsapi
2026-10-05T21:00:06Z,2026-10-05,OTT @ BOS,65b60049b3c77a94c346f74d8b897e4b,sk_ppp,over,Tim Stützle,0.5,betmgm,210,-300,oddsapi
2026-10-05T21:00:06Z,2026-10-05,OTT @ BOS,65b60049b3c77a94c346f74d8b897e4b,sk_ppp,under,Tim Stützle,0.5,betmgm,-300,210,oddsapi
2026-10-05T21:00:06Z,2026-10-05,OTT @ BOS,65b60049b3c77a94c346f74d8b897e4b,sk_ppp,over,David Pastrnak,0.5,betmgm,170,-235,oddsapi
2026-10-05T21:00:06Z,2026-10-05,OTT @ BOS,65b60049b3c77a94c346f74d8b897e4b,sk_ppp,under,David Pastrnak,0.5,betmgm,-235,170,oddsapi
2026-10-05T21:00:06Z,2026-10-05,OTT @ BOS,65b60049b3c77a94c346f74d8b897e4b,sk_sog,over,Warren Foegele,1.5,betmgm,-130,-111,oddsapi
2026-10-05T21:00:06Z,2026-10-05,OTT @ BOS,65b60049b3c77a94c346f74d8b897e4b,sk_sog,under,Warren Foegele,1.5,betmgm,-111,-130,oddsapi
2026-10-05T21:00:06Z,2026-10-05,OTT @ BOS,65b60049b3c77a94c346f74d8b897e4b,sk_sog,over,Drake Batherson,2.5,betmgm,110,-160,oddsapi
2026-10-05T21:00:06Z,2026-10-05,OTT @ BOS,65b60049b3c77a94c346f74d8b897e4b,sk_sog,under,Drake Batherson,2.5,betmgm,-160,110,oddsapi
2026-10-05T21:00:06Z,2026-10-05,OTT @ BOS,65b60049b3c77a94c346f74d8b897e4b,sk_sog,over,William Eklund,1.5,betmgm,-220,130,oddsapi
2026-10-05T21:00:06Z,2026-10-05,OTT @ BOS,65b60049b3c77a94c346f74d8b897e4b,sk_sog,under,William Eklund,1.5,betmgm,130,-220,oddsapi
2026-10-05T21:00:06Z,2026-10-05,OTT @ BOS,65b60049b3c77a94c346f74d8b897e4b,sk_sog,over,Thomas Chabot,1.5,betmgm,-235,130,oddsapi
2026-10-05T21:00:06Z,2026-10-05,OTT @ BOS,65b60049b3c77a94c346f74d8b897e4b,sk_sog,under,Thomas Chabot,1.5,betmgm,130,-235,oddsapi
2026-10-05T21:00:06Z,2026-10-05,OTT @ BOS,65b60049b3c77a94c346f74d8b897e4b,sk_sog,over,Morgan Geekie,1.5,betmgm,-210,130,oddsapi
2026-10-05T21:00:06Z,2026-10-05,OTT @ BOS,65b60049b3c77a94c346f74d8b897e4b,sk_sog,under,Morgan Geekie,1.5,betmgm,130,-210,oddsapi
2026-10-05T21:00:06Z,2026-10-05,OTT @ BOS,65b60049b3c77a94c346f74d8b897e4b,sk_sog,over,JJ Peterka,1.5,betmgm,-190,130,oddsapi
2026-10-05T21:00:06Z,2026-10-05,OTT @ BOS,65b60049b3c77a94c346f74d8b897e4b,sk_sog,under,JJ Peterka,1.5,betmgm,130,-190,oddsapi
2026-10-05T21:00:06Z,2026-10-05,OTT @ BOS,65b60049b3c77a94c346f74d8b897e4b,sk_sog,over,Tyler Kleven,1.5,betmgm,100,-145,oddsapi
2026-10-05T21:00:06Z,2026-10-05,OTT @ BOS,65b60049b3c77a94c346f74d8b897e4b,sk_sog,under,Tyler Kleven,1.5,betmgm,-145,100,oddsapi
2026-10-05T21:00:06Z,2026-10-05,OTT @ BOS,65b60049b3c77a94c346f74d8b897e4b,sk_sog,over,Tim Stützle,2.5,betmgm,110,-160,oddsapi
2026-10-05T21:00:06Z,2026-10-05,OTT @ BOS,65b60049b3c77a94c346f74d8b897e4b,sk_sog,under,Tim Stützle,2.5,betmgm,-160,110,oddsapi
2026-10-05T21:00:06Z,2026-10-05,OTT @ BOS,65b60049b3c77a94c346f74d8b897e4b,sk_sog,over,Dylan Cozens,2.5,betmgm,115,-165,oddsapi
2026-10-05T21:00:06Z,2026-10-05,OTT @ BOS,65b60049b3c77a94c346f74d8b897e4b,sk_sog,under,Dylan Cozens,2.5,betmgm,-165,115,oddsapi
2026-10-05T21:00:06Z,2026-10-05,OTT @ BOS,65b60049b3c77a94c346f74d8b897e4b,sk_sog,over,Jordan Spence,1.5,betmgm,100,-145,oddsapi
2026-10-05T21:00:06Z,2026-10-05,OTT @ BOS,65b60049b3c77a94c346f74d8b897e4b,sk_sog,under,Jordan Spence,1.5,betmgm,-145,100,oddsapi
2026-10-05T21:00:06Z,2026-10-05,OTT @ BOS,65b60049b3c77a94c346f74d8b897e4b,sk_sog,over,Claude Giroux,1.5,betmgm,-105,-140,oddsapi
2026-10-05T21:00:06Z,2026-10-05,OTT @ BOS,65b60049b3c77a94c346f74d8b897e4b,sk_sog,under,Claude Giroux,1.5,betmgm,-140,-105,oddsapi
2026-10-05T21:00:06Z,2026-10-05,OTT @ BOS,65b60049b3c77a94c346f74d8b897e4b,sk_sog,over,Shane Pinto,2.5,betmgm,120,-175,oddsapi
2026-10-05T21:00:06Z,2026-10-05,OTT @ BOS,65b60049b3c77a94c346f74d8b897e4b,sk_sog,under,Shane Pinto,2.5,betmgm,-175,120,oddsapi
2026-10-05T21:00:06Z,2026-10-05,OTT @ BOS,65b60049b3c77a94c346f74d8b897e4b,sk_sog,over,Hampus Lindholm,1.5,betmgm,110,-160,oddsapi
2026-10-05T21:00:06Z,2026-10-05,OTT @ BOS,65b60049b3c77a94c346f74d8b897e4b,sk_sog,under,Hampus Lindholm,1.5,betmgm,-160,110,oddsapi
2026-10-05T21:00:06Z,2026-10-05,OTT @ BOS,65b60049b3c77a94c346f74d8b897e4b,sk_sog,over,Elias Lindholm,1.5,betmgm,-110,-135,oddsapi
2026-10-05T21:00:06Z,2026-10-05,OTT @ BOS,65b60049b3c77a94c346f74d8b897e4b,sk_sog,under,Elias Lindholm,1.5,betmgm,-135,-110,oddsapi
2026-10-05T21:00:06Z,2026-10-05,OTT @ BOS,65b60049b3c77a94c346f74d8b897e4b,sk_sog,over,Pavel Zacha,1.5,betmgm,-145,100,oddsapi
2026-10-05T21:00:06Z,2026-10-05,OTT @ BOS,65b60049b3c77a94c346f74d8b897e4b,sk_sog,under,Pavel Zacha,1.5,betmgm,100,-145,oddsapi
2026-10-05T21:00:06Z,2026-10-05,OTT @ BOS,65b60049b3c77a94c346f74d8b897e4b,sk_sog,over,Carter Yakemchuk,1.5,betmgm,110,-160,oddsapi
2026-10-05T21:00:06Z,2026-10-05,OTT @ BOS,65b60049b3c77a94c346f74d8b897e4b,sk_sog,under,Carter Yakemchuk,1.5,betmgm,-160,110,oddsapi
2026-10-05T21:00:06Z,2026-10-05,OTT @ BOS,65b60049b3c77a94c346f74d8b897e4b,sk_sog,over,David Pastrnak,3.5,betmgm,100,-145,oddsapi
2026-10-05T21:00:06Z,2026-10-05,OTT @ BOS,65b60049b3c77a94c346f74d8b897e4b,sk_sog,under,David Pastrnak,3.5,betmgm,-145,100,oddsapi
2026-10-05T21:00:06Z,2026-10-05,OTT @ BOS,65b60049b3c77a94c346f74d8b897e4b,p1_pl,BOS,,1.5,betmgm,-1000,550,oddsapi
2026-10-05T21:00:06Z,2026-10-05,OTT @ BOS,65b60049b3c77a94c346f74d8b897e4b,p1_pl,OTT,,-1.5,betmgm,550,-1000,oddsapi
2026-10-05T21:00:06Z,2026-10-05,OTT @ BOS,65b60049b3c77a94c346f74d8b897e4b,p2_pl,BOS,,1.5,betmgm,-1000,475,oddsapi
2026-10-05T21:00:06Z,2026-10-05,OTT @ BOS,65b60049b3c77a94c346f74d8b897e4b,p2_pl,OTT,,-1.5,betmgm,475,-1000,oddsapi
2026-10-05T21:00:06Z,2026-10-05,OTT @ BOS,65b60049b3c77a94c346f74d8b897e4b,p3_pl,BOS,,1.5,betmgm,-700,400,oddsapi
2026-10-05T21:00:06Z,2026-10-05,OTT @ BOS,65b60049b3c77a94c346f74d8b897e4b,p3_pl,OTT,,-1.5,betmgm,400,-700,oddsapi
2026-10-05T21:00:06Z,2026-10-05,OTT @ BOS,65b60049b3c77a94c346f74d8b897e4b,team_total,over,BOS,3,betmgm,100,-140,oddsapi
2026-10-05T21:00:06Z,2026-10-05,OTT @ BOS,65b60049b3c77a94c346f74d8b897e4b,team_total,under,BOS,3,betmgm,-140,100,oddsapi
2026-10-05T21:00:06Z,2026-10-05,OTT @ BOS,65b60049b3c77a94c346f74d8b897e4b,team_total,over,OTT,3,betmgm,-110,-125,oddsapi
2026-10-05T21:00:06Z,2026-10-05,OTT @ BOS,65b60049b3c77a94c346f74d8b897e4b,team_total,under,OTT,3,betmgm,-125,-110,oddsapi
2026-10-05T21:00:06Z,2026-10-05,OTT @ BOS,65b60049b3c77a94c346f74d8b897e4b,p1_total,over,,2.5,betmgm,250,-350,oddsapi
2026-10-05T21:00:06Z,2026-10-05,OTT @ BOS,65b60049b3c77a94c346f74d8b897e4b,p1_total,under,,2.5,betmgm,-350,250,oddsapi
2026-10-05T21:00:06Z,2026-10-05,OTT @ BOS,65b60049b3c77a94c346f74d8b897e4b,p2_total,over,,3,betmgm,375,-650,oddsapi
2026-10-05T21:00:06Z,2026-10-05,OTT @ BOS,65b60049b3c77a94c346f74d8b897e4b,p2_total,under,,3,betmgm,-650,375,oddsapi
2026-10-05T21:00:06Z,2026-10-05,OTT @ BOS,65b60049b3c77a94c346f74d8b897e4b,p3_total,over,,3,betmgm,320,-525,oddsapi
2026-10-05T21:00:06Z,2026-10-05,OTT @ BOS,65b60049b3c77a94c346f74d8b897e4b,p3_total,under,,3,betmgm,-525,320,oddsapi
2026-10-05T21:00:06Z,2026-10-05,WPG @ PIT,3da179dc46d7f7a5f06637fcd97ce367,game_pl_alt,PIT,,3.5,draftkings,-3500,1100,oddsapi
2026-10-05T21:00:06Z,2026-10-05,WPG @ PIT,3da179dc46d7f7a5f06637fcd97ce367,game_pl_alt,PIT,,2.5,draftkings,-825,470,oddsapi
2026-10-05T21:00:06Z,2026-10-05,WPG @ PIT,3da179dc46d7f7a5f06637fcd97ce367,game_pl_alt,PIT,,1.5,draftkings,-430,290,oddsapi
2026-10-05T21:00:06Z,2026-10-05,WPG @ PIT,3da179dc46d7f7a5f06637fcd97ce367,game_pl_alt,PIT,,-2.5,draftkings,225,-320,oddsapi
2026-10-05T21:00:06Z,2026-10-05,WPG @ PIT,3da179dc46d7f7a5f06637fcd97ce367,game_pl_alt,PIT,,-3.5,draftkings,500,-900,oddsapi
2026-10-05T21:00:06Z,2026-10-05,WPG @ PIT,3da179dc46d7f7a5f06637fcd97ce367,game_pl_alt,WPG,,-3.5,draftkings,1100,-3500,oddsapi
2026-10-05T21:00:06Z,2026-10-05,WPG @ PIT,3da179dc46d7f7a5f06637fcd97ce367,game_pl_alt,WPG,,-2.5,draftkings,470,-825,oddsapi
2026-10-05T21:00:06Z,2026-10-05,WPG @ PIT,3da179dc46d7f7a5f06637fcd97ce367,game_pl_alt,WPG,,-1.5,draftkings,290,-430,oddsapi
2026-10-05T21:00:06Z,2026-10-05,WPG @ PIT,3da179dc46d7f7a5f06637fcd97ce367,game_pl_alt,WPG,,2.5,draftkings,-320,225,oddsapi
2026-10-05T21:00:06Z,2026-10-05,WPG @ PIT,3da179dc46d7f7a5f06637fcd97ce367,game_pl_alt,WPG,,3.5,draftkings,-900,500,oddsapi
2026-10-05T21:00:06Z,2026-10-05,WPG @ PIT,3da179dc46d7f7a5f06637fcd97ce367,team_total_alt,over,PIT,0.5,draftkings,-8000,1400,oddsapi
2026-10-05T21:00:06Z,2026-10-05,WPG @ PIT,3da179dc46d7f7a5f06637fcd97ce367,team_total_alt,under,PIT,0.5,draftkings,1400,-8000,oddsapi
2026-10-05T21:00:06Z,2026-10-05,WPG @ PIT,3da179dc46d7f7a5f06637fcd97ce367,team_total_alt,over,PIT,1.5,draftkings,-825,470,oddsapi
2026-10-05T21:00:06Z,2026-10-05,WPG @ PIT,3da179dc46d7f7a5f06637fcd97ce367,team_total_alt,under,PIT,1.5,draftkings,470,-825,oddsapi
2026-10-05T21:00:06Z,2026-10-05,WPG @ PIT,3da179dc46d7f7a5f06637fcd97ce367,team_total_alt,over,PIT,2.5,draftkings,-260,190,oddsapi
2026-10-05T21:00:06Z,2026-10-05,WPG @ PIT,3da179dc46d7f7a5f06637fcd97ce367,team_total_alt,under,PIT,2.5,draftkings,190,-260,oddsapi
2026-10-05T21:00:06Z,2026-10-05,WPG @ PIT,3da179dc46d7f7a5f06637fcd97ce367,team_total_alt,over,PIT,3.5,draftkings,-115,-125,oddsapi
2026-10-05T21:00:06Z,2026-10-05,WPG @ PIT,3da179dc46d7f7a5f06637fcd97ce367,team_total_alt,under,PIT,3.5,draftkings,-125,-115,oddsapi
2026-10-05T21:00:06Z,2026-10-05,WPG @ PIT,3da179dc46d7f7a5f06637fcd97ce367,team_total_alt,over,PIT,4.5,draftkings,205,-285,oddsapi
2026-10-05T21:00:06Z,2026-10-05,WPG @ PIT,3da179dc46d7f7a5f06637fcd97ce367,team_total_alt,under,PIT,4.5,draftkings,-285,205,oddsapi
2026-10-05T21:00:06Z,2026-10-05,WPG @ PIT,3da179dc46d7f7a5f06637fcd97ce367,team_total_alt,over,PIT,5.5,draftkings,450,-775,oddsapi
2026-10-05T21:00:06Z,2026-10-05,WPG @ PIT,3da179dc46d7f7a5f06637fcd97ce367,team_total_alt,under,PIT,5.5,draftkings,-775,450,oddsapi
2026-10-05T21:00:06Z,2026-10-05,WPG @ PIT,3da179dc46d7f7a5f06637fcd97ce367,team_total_alt,over,WPG,0.5,draftkings,-2800,1000,oddsapi
2026-10-05T21:00:06Z,2026-10-05,WPG @ PIT,3da179dc46d7f7a5f06637fcd97ce367,team_total_alt,under,WPG,0.5,draftkings,1000,-2800,oddsapi
2026-10-05T21:00:06Z,2026-10-05,WPG @ PIT,3da179dc46d7f7a5f06637fcd97ce367,team_total_alt,over,WPG,1.5,draftkings,-430,290,oddsapi
2026-10-05T21:00:06Z,2026-10-05,WPG @ PIT,3da179dc46d7f7a5f06637fcd97ce367,team_total_alt,under,WPG,1.5,draftkings,290,-430,oddsapi
2026-10-05T21:00:06Z,2026-10-05,WPG @ PIT,3da179dc46d7f7a5f06637fcd97ce367,team_total_alt,over,WPG,2.5,draftkings,-150,110,oddsapi
2026-10-05T21:00:06Z,2026-10-05,WPG @ PIT,3da179dc46d7f7a5f06637fcd97ce367,team_total_alt,under,WPG,2.5,draftkings,110,-150,oddsapi
2026-10-05T21:00:06Z,2026-10-05,WPG @ PIT,3da179dc46d7f7a5f06637fcd97ce367,team_total_alt,over,WPG,3.5,draftkings,165,-225,oddsapi
2026-10-05T21:00:06Z,2026-10-05,WPG @ PIT,3da179dc46d7f7a5f06637fcd97ce367,team_total_alt,under,WPG,3.5,draftkings,-225,165,oddsapi
2026-10-05T21:00:06Z,2026-10-05,WPG @ PIT,3da179dc46d7f7a5f06637fcd97ce367,team_total_alt,over,WPG,4.5,draftkings,370,-600,oddsapi
2026-10-05T21:00:06Z,2026-10-05,WPG @ PIT,3da179dc46d7f7a5f06637fcd97ce367,team_total_alt,under,WPG,4.5,draftkings,-600,370,oddsapi
2026-10-05T21:00:06Z,2026-10-05,WPG @ PIT,3da179dc46d7f7a5f06637fcd97ce367,team_total_alt,over,WPG,5.5,draftkings,850,-2000,oddsapi
2026-10-05T21:00:06Z,2026-10-05,WPG @ PIT,3da179dc46d7f7a5f06637fcd97ce367,team_total_alt,under,WPG,5.5,draftkings,-2000,850,oddsapi
2026-10-05T21:00:06Z,2026-10-05,WPG @ PIT,3da179dc46d7f7a5f06637fcd97ce367,game_total_alt,over,,3.5,draftkings,-1050,575,oddsapi
2026-10-05T21:00:06Z,2026-10-05,WPG @ PIT,3da179dc46d7f7a5f06637fcd97ce367,game_total_alt,over,,4.5,draftkings,-525,340,oddsapi
2026-10-05T21:00:06Z,2026-10-05,WPG @ PIT,3da179dc46d7f7a5f06637fcd97ce367,game_total_alt,over,,5.5,draftkings,-175,135,oddsapi
2026-10-05T21:00:06Z,2026-10-05,WPG @ PIT,3da179dc46d7f7a5f06637fcd97ce367,game_total_alt,over,,7.5,draftkings,210,-290,oddsapi
2026-10-05T21:00:06Z,2026-10-05,WPG @ PIT,3da179dc46d7f7a5f06637fcd97ce367,game_total_alt,over,,8.5,draftkings,320,-485,oddsapi
2026-10-05T21:00:06Z,2026-10-05,WPG @ PIT,3da179dc46d7f7a5f06637fcd97ce367,game_total_alt,over,,9.5,draftkings,675,-1350,oddsapi
2026-10-05T21:00:06Z,2026-10-05,WPG @ PIT,3da179dc46d7f7a5f06637fcd97ce367,game_total_alt,under,,3.5,draftkings,575,-1050,oddsapi
2026-10-05T21:00:06Z,2026-10-05,WPG @ PIT,3da179dc46d7f7a5f06637fcd97ce367,game_total_alt,under,,4.5,draftkings,340,-525,oddsapi
2026-10-05T21:00:06Z,2026-10-05,WPG @ PIT,3da179dc46d7f7a5f06637fcd97ce367,game_total_alt,under,,5.5,draftkings,135,-175,oddsapi
2026-10-05T21:00:06Z,2026-10-05,WPG @ PIT,3da179dc46d7f7a5f06637fcd97ce367,game_total_alt,under,,7.5,draftkings,-290,210,oddsapi
2026-10-05T21:00:06Z,2026-10-05,WPG @ PIT,3da179dc46d7f7a5f06637fcd97ce367,game_total_alt,under,,8.5,draftkings,-485,320,oddsapi
2026-10-05T21:00:06Z,2026-10-05,WPG @ PIT,3da179dc46d7f7a5f06637fcd97ce367,game_total_alt,under,,9.5,draftkings,-1350,675,oddsapi
2026-10-05T21:00:06Z,2026-10-05,WPG @ PIT,3da179dc46d7f7a5f06637fcd97ce367,game_ml3,PIT,,,draftkings,-105,,oddsapi
2026-10-05T21:00:06Z,2026-10-05,WPG @ PIT,3da179dc46d7f7a5f06637fcd97ce367,game_ml3,WPG,,,draftkings,195,,oddsapi
2026-10-05T21:00:06Z,2026-10-05,WPG @ PIT,3da179dc46d7f7a5f06637fcd97ce367,game_ml3,draw,,,draftkings,330,,oddsapi
2026-10-05T21:00:06Z,2026-10-05,WPG @ PIT,3da179dc46d7f7a5f06637fcd97ce367,p1_ml3,PIT,,,draftkings,145,,oddsapi
2026-10-05T21:00:06Z,2026-10-05,WPG @ PIT,3da179dc46d7f7a5f06637fcd97ce367,p1_ml3,WPG,,,draftkings,215,,oddsapi
2026-10-05T21:00:06Z,2026-10-05,WPG @ PIT,3da179dc46d7f7a5f06637fcd97ce367,p1_ml3,draw,,,draftkings,180,,oddsapi
2026-10-05T21:00:06Z,2026-10-05,WPG @ PIT,3da179dc46d7f7a5f06637fcd97ce367,p2_ml3,PIT,,,draftkings,135,,oddsapi
2026-10-05T21:00:06Z,2026-10-05,WPG @ PIT,3da179dc46d7f7a5f06637fcd97ce367,p2_ml3,WPG,,,draftkings,205,,oddsapi
2026-10-05T21:00:06Z,2026-10-05,WPG @ PIT,3da179dc46d7f7a5f06637fcd97ce367,p2_ml3,draw,,,draftkings,210,,oddsapi
2026-10-05T21:00:06Z,2026-10-05,WPG @ PIT,3da179dc46d7f7a5f06637fcd97ce367,p3_ml3,PIT,,,draftkings,120,,oddsapi
2026-10-05T21:00:06Z,2026-10-05,WPG @ PIT,3da179dc46d7f7a5f06637fcd97ce367,p3_ml3,WPG,,,draftkings,200,,oddsapi
2026-10-05T21:00:06Z,2026-10-05,WPG @ PIT,3da179dc46d7f7a5f06637fcd97ce367,p3_ml3,draw,,,draftkings,250,,oddsapi
2026-10-05T21:00:06Z,2026-10-05,WPG @ PIT,3da179dc46d7f7a5f06637fcd97ce367,sk_a,over,Mark Scheifele,0.5,draftkings,-125,-110,oddsapi
2026-10-05T21:00:06Z,2026-10-05,WPG @ PIT,3da179dc46d7f7a5f06637fcd97ce367,sk_a,under,Mark Scheifele,0.5,draftkings,-110,-125,oddsapi
2026-10-05T21:00:06Z,2026-10-05,WPG @ PIT,3da179dc46d7f7a5f06637fcd97ce367,sk_a,over,Sidney Crosby,0.5,draftkings,-115,-115,oddsapi
2026-10-05T21:00:06Z,2026-10-05,WPG @ PIT,3da179dc46d7f7a5f06637fcd97ce367,sk_a,under,Sidney Crosby,0.5,draftkings,-115,-115,oddsapi
2026-10-05T21:00:06Z,2026-10-05,WPG @ PIT,3da179dc46d7f7a5f06637fcd97ce367,sk_a,over,Erik Karlsson,0.5,draftkings,105,-145,oddsapi
2026-10-05T21:00:06Z,2026-10-05,WPG @ PIT,3da179dc46d7f7a5f06637fcd97ce367,sk_a,under,Erik Karlsson,0.5,draftkings,-145,105,oddsapi
2026-10-05T21:00:06Z,2026-10-05,WPG @ PIT,3da179dc46d7f7a5f06637fcd97ce367,sk_a,over,Josh Morrissey,0.5,draftkings,115,-160,oddsapi
2026-10-05T21:00:06Z,2026-10-05,WPG @ PIT,3da179dc46d7f7a5f06637fcd97ce367,sk_a,under,Josh Morrissey,0.5,draftkings,-160,115,oddsapi
2026-10-05T21:00:06Z,2026-10-05,WPG @ PIT,3da179dc46d7f7a5f06637fcd97ce367,sk_a,over,Evgeni Malkin,0.5,draftkings,125,-170,oddsapi
2026-10-05T21:00:06Z,2026-10-05,WPG @ PIT,3da179dc46d7f7a5f06637fcd97ce367,sk_a,under,Evgeni Malkin,0.5,draftkings,-170,125,oddsapi
2026-10-05T21:00:06Z,2026-10-05,WPG @ PIT,3da179dc46d7f7a5f06637fcd97ce367,sk_a,over,Kyle Connor,0.5,draftkings,130,-175,oddsapi
2026-10-05T21:00:06Z,2026-10-05,WPG @ PIT,3da179dc46d7f7a5f06637fcd97ce367,sk_a,under,Kyle Connor,0.5,draftkings,-175,130,oddsapi
2026-10-05T21:00:06Z,2026-10-05,WPG @ PIT,3da179dc46d7f7a5f06637fcd97ce367,sk_a,over,Rickard Rakell,0.5,draftkings,155,-210,oddsapi
2026-10-05T21:00:06Z,2026-10-05,WPG @ PIT,3da179dc46d7f7a5f06637fcd97ce367,sk_a,under,Rickard Rakell,0.5,draftkings,-210,155,oddsapi
2026-10-05T21:00:06Z,2026-10-05,WPG @ PIT,3da179dc46d7f7a5f06637fcd97ce367,sk_a,over,Cole Perfetti,0.5,draftkings,165,-225,oddsapi
2026-10-05T21:00:06Z,2026-10-05,WPG @ PIT,3da179dc46d7f7a5f06637fcd97ce367,sk_a,under,Cole Perfetti,0.5,draftkings,-225,165,oddsapi
2026-10-05T21:00:06Z,2026-10-05,WPG @ PIT,3da179dc46d7f7a5f06637fcd97ce367,sk_a,over,Tommy Novak,0.5,draftkings,170,-230,oddsapi
2026-10-05T21:00:06Z,2026-10-05,WPG @ PIT,3da179dc46d7f7a5f06637fcd97ce367,sk_a,under,Tommy Novak,0.5,draftkings,-230,170,oddsapi
2026-10-05T21:00:06Z,2026-10-05,WPG @ PIT,3da179dc46d7f7a5f06637fcd97ce367,sk_a,over,Gabriel Vilardi,0.5,draftkings,180,-250,oddsapi
2026-10-05T21:00:06Z,2026-10-05,WPG @ PIT,3da179dc46d7f7a5f06637fcd97ce367,sk_a,under,Gabriel Vilardi,0.5,draftkings,-250,180,oddsapi
2026-10-05T21:00:06Z,2026-10-05,WPG @ PIT,3da179dc46d7f7a5f06637fcd97ce367,sk_a,over,Yegor Chinakhov,0.5,draftkings,195,-270,oddsapi
2026-10-05T21:00:06Z,2026-10-05,WPG @ PIT,3da179dc46d7f7a5f06637fcd97ce367,sk_a,under,Yegor Chinakhov,0.5,draftkings,-270,195,oddsapi
2026-10-05T21:00:06Z,2026-10-05,WPG @ PIT,3da179dc46d7f7a5f06637fcd97ce367,sk_a,over,Ben Kindel,0.5,draftkings,270,-380,oddsapi
2026-10-05T21:00:06Z,2026-10-05,WPG @ PIT,3da179dc46d7f7a5f06637fcd97ce367,sk_a,under,Ben Kindel,0.5,draftkings,-380,270,oddsapi
2026-10-05T21:00:06Z,2026-10-05,WPG @ PIT,3da179dc46d7f7a5f06637fcd97ce367,ags,yes,Kyle Connor,,draftkings,150,,oddsapi
2026-10-05T21:00:06Z,2026-10-05,WPG @ PIT,3da179dc46d7f7a5f06637fcd97ce367,ags,yes,Sidney Crosby,,draftkings,170,,oddsapi
2026-10-05T21:00:06Z,2026-10-05,WPG @ PIT,3da179dc46d7f7a5f06637fcd97ce367,ags,yes,Rickard Rakell,,draftkings,185,,oddsapi
2026-10-05T21:00:06Z,2026-10-05,WPG @ PIT,3da179dc46d7f7a5f06637fcd97ce367,ags,yes,Evgeni Malkin,,draftkings,185,,oddsapi
2026-10-05T21:00:06Z,2026-10-05,WPG @ PIT,3da179dc46d7f7a5f06637fcd97ce367,ags,yes,Mark Scheifele,,draftkings,235,,oddsapi
2026-10-05T21:00:06Z,2026-10-05,WPG @ PIT,3da179dc46d7f7a5f06637fcd97ce367,ags,yes,Yegor Chinakhov,,draftkings,240,,oddsapi
2026-10-05T21:00:06Z,2026-10-05,WPG @ PIT,3da179dc46d7f7a5f06637fcd97ce367,ags,yes,Gabriel Vilardi,,draftkings,250,,oddsapi
2026-10-05T21:00:06Z,2026-10-05,WPG @ PIT,3da179dc46d7f7a5f06637fcd97ce367,ags,yes,Cole Perfetti,,draftkings,270,,oddsapi
2026-10-05T21:00:06Z,2026-10-05,WPG @ PIT,3da179dc46d7f7a5f06637fcd97ce367,ags,yes,Ben Kindel,,draftkings,280,,oddsapi
2026-10-05T21:00:06Z,2026-10-05,WPG @ PIT,3da179dc46d7f7a5f06637fcd97ce367,ags,yes,Nick Robertson,,draftkings,290,,oddsapi
2026-10-05T21:00:06Z,2026-10-05,WPG @ PIT,3da179dc46d7f7a5f06637fcd97ce367,ags,yes,Tommy Novak,,draftkings,290,,oddsapi
2026-10-05T21:00:06Z,2026-10-05,WPG @ PIT,3da179dc46d7f7a5f06637fcd97ce367,ags,yes,Andrei Kuzmenko,,draftkings,340,,oddsapi
2026-10-05T21:00:06Z,2026-10-05,WPG @ PIT,3da179dc46d7f7a5f06637fcd97ce367,ags,yes,Viggo Bjorck,,draftkings,400,,oddsapi
2026-10-05T21:00:06Z,2026-10-05,WPG @ PIT,3da179dc46d7f7a5f06637fcd97ce367,ags,yes,Erik Karlsson,,draftkings,425,,oddsapi
2026-10-05T21:00:06Z,2026-10-05,WPG @ PIT,3da179dc46d7f7a5f06637fcd97ce367,ags,yes,Hendrix Lapierre,,draftkings,425,,oddsapi
2026-10-05T21:00:06Z,2026-10-05,WPG @ PIT,3da179dc46d7f7a5f06637fcd97ce367,ags,yes,Isak Rosen,,draftkings,550,,oddsapi
2026-10-05T21:00:06Z,2026-10-05,WPG @ PIT,3da179dc46d7f7a5f06637fcd97ce367,ags,yes,Nino Niederreiter,,draftkings,550,,oddsapi
2026-10-05T21:00:06Z,2026-10-05,WPG @ PIT,3da179dc46d7f7a5f06637fcd97ce367,ags,yes,Josh Morrissey,,draftkings,550,,oddsapi
2026-10-05T21:00:06Z,2026-10-05,WPG @ PIT,3da179dc46d7f7a5f06637fcd97ce367,ags,yes,Connor Dewar,,draftkings,550,,oddsapi
2026-10-05T21:00:06Z,2026-10-05,WPG @ PIT,3da179dc46d7f7a5f06637fcd97ce367,ags,yes,Adam Lowry,,draftkings,550,,oddsapi
2026-10-05T21:00:06Z,2026-10-05,WPG @ PIT,3da179dc46d7f7a5f06637fcd97ce367,ags,yes,Ville Koivunen,,draftkings,600,,oddsapi
2026-10-05T21:00:06Z,2026-10-05,WPG @ PIT,3da179dc46d7f7a5f06637fcd97ce367,ags,yes,Blake Lizotte,,draftkings,600,,oddsapi
2026-10-05T21:00:06Z,2026-10-05,WPG @ PIT,3da179dc46d7f7a5f06637fcd97ce367,ags,yes,Alex Iafallo,,draftkings,600,,oddsapi
2026-10-05T21:00:06Z,2026-10-05,WPG @ PIT,3da179dc46d7f7a5f06637fcd97ce367,ags,yes,Vladislav Namestnikov,,draftkings,650,,oddsapi
2026-10-05T21:00:06Z,2026-10-05,WPG @ PIT,3da179dc46d7f7a5f06637fcd97ce367,ags,yes,Brad Lambert,,draftkings,700,,oddsapi
2026-10-05T21:00:06Z,2026-10-05,WPG @ PIT,3da179dc46d7f7a5f06637fcd97ce367,ags,yes,Morgan Barron,,draftkings,750,,oddsapi
2026-10-05T21:00:06Z,2026-10-05,WPG @ PIT,3da179dc46d7f7a5f06637fcd97ce367,ags,yes,Kris Letang,,draftkings,800,,oddsapi
2026-10-05T21:00:06Z,2026-10-05,WPG @ PIT,3da179dc46d7f7a5f06637fcd97ce367,ags,yes,Declan Carlile,,draftkings,900,,oddsapi
2026-10-05T21:00:06Z,2026-10-05,WPG @ PIT,3da179dc46d7f7a5f06637fcd97ce367,ags,yes,Neal Pionk,,draftkings,950,,oddsapi
2026-10-05T21:00:06Z,2026-10-05,WPG @ PIT,3da179dc46d7f7a5f06637fcd97ce367,ags,yes,Samuel Girard,,draftkings,1100,,oddsapi
2026-10-05T21:00:06Z,2026-10-05,WPG @ PIT,3da179dc46d7f7a5f06637fcd97ce367,ags,yes,Dylan DeMelo,,draftkings,1200,,oddsapi
2026-10-05T21:00:06Z,2026-10-05,WPG @ PIT,3da179dc46d7f7a5f06637fcd97ce367,ags,yes,Mario Ferraro,,draftkings,1400,,oddsapi
2026-10-05T21:00:06Z,2026-10-05,WPG @ PIT,3da179dc46d7f7a5f06637fcd97ce367,ags,yes,Tyrel Bauer,,draftkings,1500,,oddsapi
2026-10-05T21:00:06Z,2026-10-05,WPG @ PIT,3da179dc46d7f7a5f06637fcd97ce367,ags,yes,Dylan Samberg,,draftkings,1900,,oddsapi
2026-10-05T21:00:06Z,2026-10-05,WPG @ PIT,3da179dc46d7f7a5f06637fcd97ce367,ags,yes,Trevor van Riemsdyk,,draftkings,2000,,oddsapi
2026-10-05T21:00:06Z,2026-10-05,WPG @ PIT,3da179dc46d7f7a5f06637fcd97ce367,ags,yes,Kaedan Korczak,,draftkings,2200,,oddsapi
2026-10-05T21:00:06Z,2026-10-05,WPG @ PIT,3da179dc46d7f7a5f06637fcd97ce367,fgs,yes,Kyle Connor,,draftkings,1000,,oddsapi
2026-10-05T21:00:06Z,2026-10-05,WPG @ PIT,3da179dc46d7f7a5f06637fcd97ce367,fgs,yes,Sidney Crosby,,draftkings,1100,,oddsapi
2026-10-05T21:00:06Z,2026-10-05,WPG @ PIT,3da179dc46d7f7a5f06637fcd97ce367,fgs,yes,Rickard Rakell,,draftkings,1200,,oddsapi
2026-10-05T21:00:06Z,2026-10-05,WPG @ PIT,3da179dc46d7f7a5f06637fcd97ce367,fgs,yes,Mark Scheifele,,draftkings,1300,,oddsapi
2026-10-05T21:00:06Z,2026-10-05,WPG @ PIT,3da179dc46d7f7a5f06637fcd97ce367,fgs,yes,Evgeni Malkin,,draftkings,1400,,oddsapi
2026-10-05T21:00:06Z,2026-10-05,WPG @ PIT,3da179dc46d7f7a5f06637fcd97ce367,fgs,yes,Cole Perfetti,,draftkings,1500,,oddsapi
2026-10-05T21:00:06Z,2026-10-05,WPG @ PIT,3da179dc46d7f7a5f06637fcd97ce367,fgs,yes,Gabriel Vilardi,,draftkings,1600,,oddsapi
2026-10-05T21:00:06Z,2026-10-05,WPG @ PIT,3da179dc46d7f7a5f06637fcd97ce367,fgs,yes,Nick Robertson,,draftkings,1600,,oddsapi
2026-10-05T21:00:06Z,2026-10-05,WPG @ PIT,3da179dc46d7f7a5f06637fcd97ce367,fgs,yes,Yegor Chinakhov,,draftkings,1700,,oddsapi
2026-10-05T21:00:06Z,2026-10-05,WPG @ PIT,3da179dc46d7f7a5f06637fcd97ce367,fgs,yes,Ben Kindel,,draftkings,1800,,oddsapi
2026-10-05T21:00:06Z,2026-10-05,WPG @ PIT,3da179dc46d7f7a5f06637fcd97ce367,fgs,yes,Tommy Novak,,draftkings,1900,,oddsapi
2026-10-05T21:00:06Z,2026-10-05,WPG @ PIT,3da179dc46d7f7a5f06637fcd97ce367,fgs,yes,Andrei Kuzmenko,,draftkings,2200,,oddsapi
2026-10-05T21:00:06Z,2026-10-05,WPG @ PIT,3da179dc46d7f7a5f06637fcd97ce367,fgs,yes,Hendrix Lapierre,,draftkings,2500,,oddsapi
2026-10-05T21:00:06Z,2026-10-05,WPG @ PIT,3da179dc46d7f7a5f06637fcd97ce367,fgs,yes,Erik Karlsson,,draftkings,2500,,oddsapi
2026-10-05T21:00:06Z,2026-10-05,WPG @ PIT,3da179dc46d7f7a5f06637fcd97ce367,fgs,yes,Viggo Bjorck,,draftkings,2500,,oddsapi
2026-10-05T21:00:06Z,2026-10-05,WPG @ PIT,3da179dc46d7f7a5f06637fcd97ce367,fgs,yes,Connor Dewar,,draftkings,3000,,oddsapi
2026-10-05T21:00:06Z,2026-10-05,WPG @ PIT,3da179dc46d7f7a5f06637fcd97ce367,fgs,yes,Josh Morrissey,,draftkings,3000,,oddsapi
2026-10-05T21:00:06Z,2026-10-05,WPG @ PIT,3da179dc46d7f7a5f06637fcd97ce367,fgs,yes,Adam Lowry,,draftkings,3000,,oddsapi
2026-10-05T21:00:06Z,2026-10-05,WPG @ PIT,3da179dc46d7f7a5f06637fcd97ce367,fgs,yes,Isak Rosen,,draftkings,3000,,oddsapi
2026-10-05T21:00:06Z,2026-10-05,WPG @ PIT,3da179dc46d7f7a5f06637fcd97ce367,fgs,yes,Nino Niederreiter,,draftkings,3500,,oddsapi
2026-10-05T21:00:06Z,2026-10-05,WPG @ PIT,3da179dc46d7f7a5f06637fcd97ce367,fgs,yes,Blake Lizotte,,draftkings,3500,,oddsapi
2026-10-05T21:00:06Z,2026-10-05,WPG @ PIT,3da179dc46d7f7a5f06637fcd97ce367,fgs,yes,Alex Iafallo,,draftkings,3500,,oddsapi
2026-10-05T21:00:06Z,2026-10-05,WPG @ PIT,3da179dc46d7f7a5f06637fcd97ce367,fgs,yes,Vladislav Namestnikov,,draftkings,3500,,oddsapi
2026-10-05T21:00:06Z,2026-10-05,WPG @ PIT,3da179dc46d7f7a5f06637fcd97ce367,fgs,yes,Morgan Barron,,draftkings,4000,,oddsapi
2026-10-05T21:00:06Z,2026-10-05,WPG @ PIT,3da179dc46d7f7a5f06637fcd97ce367,fgs,yes,Brad Lambert,,draftkings,4000,,oddsapi
2026-10-05T21:00:06Z,2026-10-05,WPG @ PIT,3da179dc46d7f7a5f06637fcd97ce367,fgs,yes,Declan Carlile,,draftkings,4500,,oddsapi
2026-10-05T21:00:06Z,2026-10-05,WPG @ PIT,3da179dc46d7f7a5f06637fcd97ce367,fgs,yes,Kris Letang,,draftkings,4500,,oddsapi
2026-10-05T21:00:06Z,2026-10-05,WPG @ PIT,3da179dc46d7f7a5f06637fcd97ce367,fgs,yes,Neal Pionk,,draftkings,5000,,oddsapi
2026-10-05T21:00:06Z,2026-10-05,WPG @ PIT,3da179dc46d7f7a5f06637fcd97ce367,fgs,yes,Samuel Girard,,draftkings,5500,,oddsapi
2026-10-05T21:00:06Z,2026-10-05,WPG @ PIT,3da179dc46d7f7a5f06637fcd97ce367,fgs,yes,Dylan DeMelo,,draftkings,5500,,oddsapi
2026-10-05T21:00:06Z,2026-10-05,WPG @ PIT,3da179dc46d7f7a5f06637fcd97ce367,fgs,yes,Mario Ferraro,,draftkings,7000,,oddsapi
2026-10-05T21:00:06Z,2026-10-05,WPG @ PIT,3da179dc46d7f7a5f06637fcd97ce367,fgs,yes,Trevor van Riemsdyk,,draftkings,8000,,oddsapi
2026-10-05T21:00:06Z,2026-10-05,WPG @ PIT,3da179dc46d7f7a5f06637fcd97ce367,fgs,yes,Tyrel Bauer,,draftkings,8000,,oddsapi
2026-10-05T21:00:06Z,2026-10-05,WPG @ PIT,3da179dc46d7f7a5f06637fcd97ce367,fgs,yes,Kaedan Korczak,,draftkings,9000,,oddsapi
2026-10-05T21:00:06Z,2026-10-05,WPG @ PIT,3da179dc46d7f7a5f06637fcd97ce367,fgs,yes,Dylan Samberg,,draftkings,9000,,oddsapi
2026-10-05T21:00:06Z,2026-10-05,WPG @ PIT,3da179dc46d7f7a5f06637fcd97ce367,lgs,yes,Kyle Connor,,draftkings,950,,oddsapi
2026-10-05T21:00:06Z,2026-10-05,WPG @ PIT,3da179dc46d7f7a5f06637fcd97ce367,lgs,yes,Evgeni Malkin,,draftkings,1000,,oddsapi
2026-10-05T21:00:06Z,2026-10-05,WPG @ PIT,3da179dc46d7f7a5f06637fcd97ce367,lgs,yes,Sidney Crosby,,draftkings,1000,,oddsapi
2026-10-05T21:00:06Z,2026-10-05,WPG @ PIT,3da179dc46d7f7a5f06637fcd97ce367,lgs,yes,Rickard Rakell,,draftkings,1100,,oddsapi
2026-10-05T21:00:06Z,2026-10-05,WPG @ PIT,3da179dc46d7f7a5f06637fcd97ce367,lgs,yes,Yegor Chinakhov,,draftkings,1200,,oddsapi
2026-10-05T21:00:06Z,2026-10-05,WPG @ PIT,3da179dc46d7f7a5f06637fcd97ce367,lgs,yes,Nick Robertson,,draftkings,1400,,oddsapi
2026-10-05T21:00:06Z,2026-10-05,WPG @ PIT,3da179dc46d7f7a5f06637fcd97ce367,lgs,yes,Mark Scheifele,,draftkings,1400,,oddsapi
2026-10-05T21:00:06Z,2026-10-05,WPG @ PIT,3da179dc46d7f7a5f06637fcd97ce367,lgs,yes,Ben Kindel,,draftkings,1400,,oddsapi
2026-10-05T21:00:06Z,2026-10-05,WPG @ PIT,3da179dc46d7f7a5f06637fcd97ce367,lgs,yes,Gabriel Vilardi,,draftkings,1400,,oddsapi
2026-10-05T21:00:06Z,2026-10-05,WPG @ PIT,3da179dc46d7f7a5f06637fcd97ce367,lgs,yes,Cole Perfetti,,draftkings,1500,,oddsapi
2026-10-05T21:00:06Z,2026-10-05,WPG @ PIT,3da179dc46d7f7a5f06637fcd97ce367,lgs,yes,Andrei Kuzmenko,,draftkings,1600,,oddsapi
2026-10-05T21:00:06Z,2026-10-05,WPG @ PIT,3da179dc46d7f7a5f06637fcd97ce367,lgs,yes,Tommy Novak,,draftkings,1800,,oddsapi
2026-10-05T21:00:06Z,2026-10-05,WPG @ PIT,3da179dc46d7f7a5f06637fcd97ce367,lgs,yes,Hendrix Lapierre,,draftkings,1900,,oddsapi
2026-10-05T21:00:06Z,2026-10-05,WPG @ PIT,3da179dc46d7f7a5f06637fcd97ce367,lgs,yes,Viggo Bjorck,,draftkings,2000,,oddsapi
2026-10-05T21:00:06Z,2026-10-05,WPG @ PIT,3da179dc46d7f7a5f06637fcd97ce367,lgs,yes,Erik Karlsson,,draftkings,2000,,oddsapi
2026-10-05T21:00:06Z,2026-10-05,WPG @ PIT,3da179dc46d7f7a5f06637fcd97ce367,lgs,yes,Josh Morrissey,,draftkings,2200,,oddsapi
2026-10-05T21:00:06Z,2026-10-05,WPG @ PIT,3da179dc46d7f7a5f06637fcd97ce367,lgs,yes,Adam Lowry,,draftkings,2200,,oddsapi
2026-10-05T21:00:06Z,2026-10-05,WPG @ PIT,3da179dc46d7f7a5f06637fcd97ce367,lgs,yes,Connor Dewar,,draftkings,2200,,oddsapi
2026-10-05T21:00:06Z,2026-10-05,WPG @ PIT,3da179dc46d7f7a5f06637fcd97ce367,lgs,yes,Isak Rosen,,draftkings,2200,,oddsapi
2026-10-05T21:00:06Z,2026-10-05,WPG @ PIT,3da179dc46d7f7a5f06637fcd97ce367,lgs,yes,Blake Lizotte,,draftkings,2500,,oddsapi
2026-10-05T21:00:06Z,2026-10-05,WPG @ PIT,3da179dc46d7f7a5f06637fcd97ce367,lgs,yes,Nino Niederreiter,,draftkings,2500,,oddsapi
2026-10-05T21:00:06Z,2026-10-05,WPG @ PIT,3da179dc46d7f7a5f06637fcd97ce367,lgs,yes,Alex Iafallo,,draftkings,2800,,oddsapi
2026-10-05T21:00:06Z,2026-10-05,WPG @ PIT,3da179dc46d7f7a5f06637fcd97ce367,lgs,yes,Morgan Barron,,draftkings,2800,,oddsapi
2026-10-05T21:00:06Z,2026-10-05,WPG @ PIT,3da179dc46d7f7a5f06637fcd97ce367,lgs,yes,Vladislav Namestnikov,,draftkings,2800,,oddsapi
2026-10-05T21:00:06Z,2026-10-05,WPG @ PIT,3da179dc46d7f7a5f06637fcd97ce367,lgs,yes,Brad Lambert,,draftkings,2800,,oddsapi
2026-10-05T21:00:06Z,2026-10-05,WPG @ PIT,3da179dc46d7f7a5f06637fcd97ce367,lgs,yes,Kris Letang,,draftkings,3000,,oddsapi
2026-10-05T21:00:06Z,2026-10-05,WPG @ PIT,3da179dc46d7f7a5f06637fcd97ce367,lgs,yes,Samuel Girard,,draftkings,3500,,oddsapi
2026-10-05T21:00:06Z,2026-10-05,WPG @ PIT,3da179dc46d7f7a5f06637fcd97ce367,lgs,yes,Declan Carlile,,draftkings,3500,,oddsapi
2026-10-05T21:00:06Z,2026-10-05,WPG @ PIT,3da179dc46d7f7a5f06637fcd97ce367,lgs,yes,Neal Pionk,,draftkings,3500,,oddsapi
2026-10-05T21:00:06Z,2026-10-05,WPG @ PIT,3da179dc46d7f7a5f06637fcd97ce367,lgs,yes,Mario Ferraro,,draftkings,4000,,oddsapi
2026-10-05T21:00:06Z,2026-10-05,WPG @ PIT,3da179dc46d7f7a5f06637fcd97ce367,lgs,yes,Dylan DeMelo,,draftkings,4500,,oddsapi
2026-10-05T21:00:06Z,2026-10-05,WPG @ PIT,3da179dc46d7f7a5f06637fcd97ce367,lgs,yes,Tyrel Bauer,,draftkings,5000,,oddsapi
2026-10-05T21:00:06Z,2026-10-05,WPG @ PIT,3da179dc46d7f7a5f06637fcd97ce367,lgs,yes,Dylan Samberg,,draftkings,5500,,oddsapi
2026-10-05T21:00:06Z,2026-10-05,WPG @ PIT,3da179dc46d7f7a5f06637fcd97ce367,lgs,yes,Kaedan Korczak,,draftkings,6000,,oddsapi
2026-10-05T21:00:06Z,2026-10-05,WPG @ PIT,3da179dc46d7f7a5f06637fcd97ce367,lgs,yes,Trevor van Riemsdyk,,draftkings,6000,,oddsapi
2026-10-05T21:00:06Z,2026-10-05,WPG @ PIT,3da179dc46d7f7a5f06637fcd97ce367,sk_pts,over,Sidney Crosby,0.5,draftkings,-235,170,oddsapi
2026-10-05T21:00:06Z,2026-10-05,WPG @ PIT,3da179dc46d7f7a5f06637fcd97ce367,sk_pts,under,Sidney Crosby,0.5,draftkings,170,-235,oddsapi
2026-10-05T21:00:06Z,2026-10-05,WPG @ PIT,3da179dc46d7f7a5f06637fcd97ce367,sk_pts,over,Mark Scheifele,0.5,draftkings,-220,160,oddsapi
2026-10-05T21:00:06Z,2026-10-05,WPG @ PIT,3da179dc46d7f7a5f06637fcd97ce367,sk_pts,under,Mark Scheifele,0.5,draftkings,160,-220,oddsapi
2026-10-05T21:00:06Z,2026-10-05,WPG @ PIT,3da179dc46d7f7a5f06637fcd97ce367,sk_pts,over,Kyle Connor,0.5,draftkings,-185,135,oddsapi
2026-10-05T21:00:06Z,2026-10-05,WPG @ PIT,3da179dc46d7f7a5f06637fcd97ce367,sk_pts,under,Kyle Connor,0.5,draftkings,135,-185,oddsapi
2026-10-05T21:00:06Z,2026-10-05,WPG @ PIT,3da179dc46d7f7a5f06637fcd97ce367,sk_pts,over,Evgeni Malkin,0.5,draftkings,-165,120,oddsapi
2026-10-05T21:00:06Z,2026-10-05,WPG @ PIT,3da179dc46d7f7a5f06637fcd97ce367,sk_pts,under,Evgeni Malkin,0.5,draftkings,120,-165,oddsapi
2026-10-05T21:00:06Z,2026-10-05,WPG @ PIT,3da179dc46d7f7a5f06637fcd97ce367,sk_pts,over,Rickard Rakell,0.5,draftkings,-145,105,oddsapi
2026-10-05T21:00:06Z,2026-10-05,WPG @ PIT,3da179dc46d7f7a5f06637fcd97ce367,sk_pts,under,Rickard Rakell,0.5,draftkings,105,-145,oddsapi
2026-10-05T21:00:06Z,2026-10-05,WPG @ PIT,3da179dc46d7f7a5f06637fcd97ce367,sk_pts,over,Erik Karlsson,0.5,draftkings,-135,100,oddsapi
2026-10-05T21:00:06Z,2026-10-05,WPG @ PIT,3da179dc46d7f7a5f06637fcd97ce367,sk_pts,under,Erik Karlsson,0.5,draftkings,100,-135,oddsapi
2026-10-05T21:00:06Z,2026-10-05,WPG @ PIT,3da179dc46d7f7a5f06637fcd97ce367,sk_pts,over,Cole Perfetti,0.5,draftkings,-115,-120,oddsapi
2026-10-05T21:00:06Z,2026-10-05,WPG @ PIT,3da179dc46d7f7a5f06637fcd97ce367,sk_pts,under,Cole Perfetti,0.5,draftkings,-120,-115,oddsapi
2026-10-05T21:00:06Z,2026-10-05,WPG @ PIT,3da179dc46d7f7a5f06637fcd97ce367,sk_pts,over,Gabriel Vilardi,0.5,draftkings,-115,-115,oddsapi
2026-10-05T21:00:06Z,2026-10-05,WPG @ PIT,3da179dc46d7f7a5f06637fcd97ce367,sk_pts,under,Gabriel Vilardi,0.5,draftkings,-115,-115,oddsapi
2026-10-05T21:00:06Z,2026-10-05,WPG @ PIT,3da179dc46d7f7a5f06637fcd97ce367,sk_pts,over,Josh Morrissey,0.5,draftkings,-115,-115,oddsapi
2026-10-05T21:00:06Z,2026-10-05,WPG @ PIT,3da179dc46d7f7a5f06637fcd97ce367,sk_pts,under,Josh Morrissey,0.5,draftkings,-115,-115,oddsapi
2026-10-05T21:00:06Z,2026-10-05,WPG @ PIT,3da179dc46d7f7a5f06637fcd97ce367,sk_pts,over,Yegor Chinakhov,0.5,draftkings,-110,-125,oddsapi
2026-10-05T21:00:06Z,2026-10-05,WPG @ PIT,3da179dc46d7f7a5f06637fcd97ce367,sk_pts,under,Yegor Chinakhov,0.5,draftkings,-125,-110,oddsapi
2026-10-05T21:00:06Z,2026-10-05,WPG @ PIT,3da179dc46d7f7a5f06637fcd97ce367,sk_pts,over,Tommy Novak,0.5,draftkings,-105,-125,oddsapi
2026-10-05T21:00:06Z,2026-10-05,WPG @ PIT,3da179dc46d7f7a5f06637fcd97ce367,sk_pts,under,Tommy Novak,0.5,draftkings,-125,-105,oddsapi
2026-10-05T21:00:06Z,2026-10-05,WPG @ PIT,3da179dc46d7f7a5f06637fcd97ce367,sk_pts,over,Ben Kindel,0.5,draftkings,120,-160,oddsapi
2026-10-05T21:00:06Z,2026-10-05,WPG @ PIT,3da179dc46d7f7a5f06637fcd97ce367,sk_pts,under,Ben Kindel,0.5,draftkings,-160,120,oddsapi
2026-10-05T21:00:06Z,2026-10-05,WPG @ PIT,3da179dc46d7f7a5f06637fcd97ce367,sk_pts,over,Nick Robertson,0.5,draftkings,125,-175,oddsapi
2026-10-05T21:00:06Z,2026-10-05,WPG @ PIT,3da179dc46d7f7a5f06637fcd97ce367,sk_pts,under,Nick Robertson,0.5,draftkings,-175,125,oddsapi
2026-10-05T21:00:06Z,2026-10-05,WPG @ PIT,3da179dc46d7f7a5f06637fcd97ce367,sk_sog,over,Kyle Connor,3.5,draftkings,120,-160,oddsapi
2026-10-05T21:00:06Z,2026-10-05,WPG @ PIT,3da179dc46d7f7a5f06637fcd97ce367,sk_sog,under,Kyle Connor,3.5,draftkings,-160,120,oddsapi
2026-10-05T21:00:06Z,2026-10-05,WPG @ PIT,3da179dc46d7f7a5f06637fcd97ce367,sk_sog,over,Rickard Rakell,2.5,draftkings,-140,100,oddsapi
2026-10-05T21:00:06Z,2026-10-05,WPG @ PIT,3da179dc46d7f7a5f06637fcd97ce367,sk_sog,under,Rickard Rakell,2.5,draftkings,100,-140,oddsapi
2026-10-05T21:00:06Z,2026-10-05,WPG @ PIT,3da179dc46d7f7a5f06637fcd97ce367,sk_sog,over,Sidney Crosby,2.5,draftkings,-110,-125,oddsapi
2026-10-05T21:00:06Z,2026-10-05,WPG @ PIT,3da179dc46d7f7a5f06637fcd97ce367,sk_sog,under,Sidney Crosby,2.5,draftkings,-125,-110,oddsapi
2026-10-05T21:00:06Z,2026-10-05,WPG @ PIT,3da179dc46d7f7a5f06637fcd97ce367,sk_sog,over,Cole Perfetti,2.5,draftkings,110,-150,oddsapi
2026-10-05T21:00:06Z,2026-10-05,WPG @ PIT,3da179dc46d7f7a5f06637fcd97ce367,sk_sog,under,Cole Perfetti,2.5,draftkings,-150,110,oddsapi
2026-10-05T21:00:06Z,2026-10-05,WPG @ PIT,3da179dc46d7f7a5f06637fcd97ce367,sk_sog,over,Yegor Chinakhov,2.5,draftkings,120,-165,oddsapi
2026-10-05T21:00:06Z,2026-10-05,WPG @ PIT,3da179dc46d7f7a5f06637fcd97ce367,sk_sog,under,Yegor Chinakhov,2.5,draftkings,-165,120,oddsapi
2026-10-05T21:00:06Z,2026-10-05,WPG @ PIT,3da179dc46d7f7a5f06637fcd97ce367,sk_sog,over,Evgeni Malkin,2.5,draftkings,125,-170,oddsapi
2026-10-05T21:00:06Z,2026-10-05,WPG @ PIT,3da179dc46d7f7a5f06637fcd97ce367,sk_sog,under,Evgeni Malkin,2.5,draftkings,-170,125,oddsapi
2026-10-05T21:00:06Z,2026-10-05,WPG @ PIT,3da179dc46d7f7a5f06637fcd97ce367,sk_sog,over,Josh Morrissey,1.5,draftkings,-180,135,oddsapi
2026-10-05T21:00:06Z,2026-10-05,WPG @ PIT,3da179dc46d7f7a5f06637fcd97ce367,sk_sog,under,Josh Morrissey,1.5,draftkings,135,-180,oddsapi
2026-10-05T21:00:06Z,2026-10-05,WPG @ PIT,3da179dc46d7f7a5f06637fcd97ce367,sk_sog,over,Mark Scheifele,1.5,draftkings,-165,120,oddsapi
2026-10-05T21:00:06Z,2026-10-05,WPG @ PIT,3da179dc46d7f7a5f06637fcd97ce367,sk_sog,under,Mark Scheifele,1.5,draftkings,120,-165,oddsapi
2026-10-05T21:00:06Z,2026-10-05,WPG @ PIT,3da179dc46d7f7a5f06637fcd97ce367,sk_sog,over,Ben Kindel,1.5,draftkings,-155,115,oddsapi
2026-10-05T21:00:06Z,2026-10-05,WPG @ PIT,3da179dc46d7f7a5f06637fcd97ce367,sk_sog,under,Ben Kindel,1.5,draftkings,115,-155,oddsapi
2026-10-05T21:00:06Z,2026-10-05,WPG @ PIT,3da179dc46d7f7a5f06637fcd97ce367,sk_sog,over,Tommy Novak,1.5,draftkings,-120,-110,oddsapi
2026-10-05T21:00:06Z,2026-10-05,WPG @ PIT,3da179dc46d7f7a5f06637fcd97ce367,sk_sog,under,Tommy Novak,1.5,draftkings,-110,-120,oddsapi
2026-10-05T21:00:06Z,2026-10-05,WPG @ PIT,3da179dc46d7f7a5f06637fcd97ce367,sk_sog,over,Nick Robertson,1.5,draftkings,-115,-115,oddsapi
2026-10-05T21:00:06Z,2026-10-05,WPG @ PIT,3da179dc46d7f7a5f06637fcd97ce367,sk_sog,under,Nick Robertson,1.5,draftkings,-115,-115,oddsapi
2026-10-05T21:00:06Z,2026-10-05,WPG @ PIT,3da179dc46d7f7a5f06637fcd97ce367,g_saves,over,Sergei Murashov,22.5,draftkings,-115,-115,oddsapi
2026-10-05T21:00:06Z,2026-10-05,WPG @ PIT,3da179dc46d7f7a5f06637fcd97ce367,g_saves,under,Sergei Murashov,22.5,draftkings,-115,-115,oddsapi
2026-10-05T21:00:06Z,2026-10-05,WPG @ PIT,3da179dc46d7f7a5f06637fcd97ce367,p1_pl,PIT,,-0.5,draftkings,145,-188,oddsapi
2026-10-05T21:00:06Z,2026-10-05,WPG @ PIT,3da179dc46d7f7a5f06637fcd97ce367,p1_pl,WPG,,0.5,draftkings,-188,145,oddsapi
2026-10-05T21:00:06Z,2026-10-05,WPG @ PIT,3da179dc46d7f7a5f06637fcd97ce367,p2_pl,PIT,,-0.5,draftkings,130,-166,oddsapi
2026-10-05T21:00:06Z,2026-10-05,WPG @ PIT,3da179dc46d7f7a5f06637fcd97ce367,p2_pl,WPG,,0.5,draftkings,-166,130,oddsapi
2026-10-05T21:00:06Z,2026-10-05,WPG @ PIT,3da179dc46d7f7a5f06637fcd97ce367,p3_pl,PIT,,-0.5,draftkings,114,-145,oddsapi
2026-10-05T21:00:06Z,2026-10-05,WPG @ PIT,3da179dc46d7f7a5f06637fcd97ce367,p3_pl,WPG,,0.5,draftkings,-145,114,oddsapi
2026-10-05T21:00:06Z,2026-10-05,WPG @ PIT,3da179dc46d7f7a5f06637fcd97ce367,p1_team_total,over,PIT,0.5,draftkings,-200,150,oddsapi
2026-10-05T21:00:06Z,2026-10-05,WPG @ PIT,3da179dc46d7f7a5f06637fcd97ce367,p1_team_total,under,PIT,0.5,draftkings,150,-200,oddsapi
2026-10-05T21:00:06Z,2026-10-05,WPG @ PIT,3da179dc46d7f7a5f06637fcd97ce367,p1_team_total,over,WPG,0.5,draftkings,-155,115,oddsapi
2026-10-05T21:00:06Z,2026-10-05,WPG @ PIT,3da179dc46d7f7a5f06637fcd97ce367,p1_team_total,under,WPG,0.5,draftkings,115,-155,oddsapi
2026-10-05T21:00:06Z,2026-10-05,WPG @ PIT,3da179dc46d7f7a5f06637fcd97ce367,p1_total,over,,1.5,draftkings,-135,105,oddsapi
2026-10-05T21:00:06Z,2026-10-05,WPG @ PIT,3da179dc46d7f7a5f06637fcd97ce367,p1_total,under,,1.5,draftkings,105,-135,oddsapi
2026-10-05T21:00:06Z,2026-10-05,WPG @ PIT,3da179dc46d7f7a5f06637fcd97ce367,p2_total,over,,1.5,draftkings,-195,150,oddsapi
2026-10-05T21:00:06Z,2026-10-05,WPG @ PIT,3da179dc46d7f7a5f06637fcd97ce367,p2_total,under,,1.5,draftkings,150,-195,oddsapi
2026-10-05T21:00:06Z,2026-10-05,WPG @ PIT,3da179dc46d7f7a5f06637fcd97ce367,p3_total,over,,2.5,draftkings,130,-166,oddsapi
2026-10-05T21:00:06Z,2026-10-05,WPG @ PIT,3da179dc46d7f7a5f06637fcd97ce367,p3_total,under,,2.5,draftkings,-166,130,oddsapi
2026-10-05T21:00:06Z,2026-10-05,WPG @ PIT,3da179dc46d7f7a5f06637fcd97ce367,game_ml3,PIT,,,fanatics,-115,,oddsapi
2026-10-05T21:00:06Z,2026-10-05,WPG @ PIT,3da179dc46d7f7a5f06637fcd97ce367,game_ml3,WPG,,,fanatics,215,,oddsapi
2026-10-05T21:00:06Z,2026-10-05,WPG @ PIT,3da179dc46d7f7a5f06637fcd97ce367,game_ml3,draw,,,fanatics,290,,oddsapi
2026-10-05T21:00:06Z,2026-10-05,WPG @ PIT,3da179dc46d7f7a5f06637fcd97ce367,ags,yes,Erik Karlsson,,fanatics,390,,oddsapi
2026-10-05T21:00:06Z,2026-10-05,WPG @ PIT,3da179dc46d7f7a5f06637fcd97ce367,ags,yes,Rickard Rakell,,fanatics,185,,oddsapi
2026-10-05T21:00:06Z,2026-10-05,WPG @ PIT,3da179dc46d7f7a5f06637fcd97ce367,ags,yes,Evgeni Malkin,,fanatics,190,,oddsapi
2026-10-05T21:00:06Z,2026-10-05,WPG @ PIT,3da179dc46d7f7a5f06637fcd97ce367,ags,yes,Sidney Crosby,,fanatics,165,,oddsapi
2026-10-05T21:00:06Z,2026-10-05,WPG @ PIT,3da179dc46d7f7a5f06637fcd97ce367,ags,yes,Yegor Chinakhov,,fanatics,230,,oddsapi
2026-10-05T21:00:06Z,2026-10-05,WPG @ PIT,3da179dc46d7f7a5f06637fcd97ce367,ags,yes,Andrei Kuzmenko,,fanatics,340,,oddsapi
2026-10-05T21:00:06Z,2026-10-05,WPG @ PIT,3da179dc46d7f7a5f06637fcd97ce367,ags,yes,Blake Lizotte,,fanatics,575,,oddsapi
2026-10-05T21:00:06Z,2026-10-05,WPG @ PIT,3da179dc46d7f7a5f06637fcd97ce367,ags,yes,Declan Carlile,,fanatics,1000,,oddsapi
2026-10-05T21:00:06Z,2026-10-05,WPG @ PIT,3da179dc46d7f7a5f06637fcd97ce367,ags,yes,Hendrix Lapierre,,fanatics,500,,oddsapi
2026-10-05T21:00:06Z,2026-10-05,WPG @ PIT,3da179dc46d7f7a5f06637fcd97ce367,ags,yes,Filip Hallander,,fanatics,650,,oddsapi
2026-10-05T21:00:06Z,2026-10-05,WPG @ PIT,3da179dc46d7f7a5f06637fcd97ce367,ags,yes,Ben Kindel,,fanatics,275,,oddsapi
2026-10-05T21:00:06Z,2026-10-05,WPG @ PIT,3da179dc46d7f7a5f06637fcd97ce367,ags,yes,Connor Dewar,,fanatics,575,,oddsapi
2026-10-05T21:00:06Z,2026-10-05,WPG @ PIT,3da179dc46d7f7a5f06637fcd97ce367,ags,yes,Samuel Girard,,fanatics,850,,oddsapi
2026-10-05T21:00:06Z,2026-10-05,WPG @ PIT,3da179dc46d7f7a5f06637fcd97ce367,ags,yes,Trevor van Riemsdyk,,fanatics,1900,,oddsapi
2026-10-05T21:00:06Z,2026-10-05,WPG @ PIT,3da179dc46d7f7a5f06637fcd97ce367,ags,yes,Kris Letang,,fanatics,700,,oddsapi
2026-10-05T21:00:06Z,2026-10-05,WPG @ PIT,3da179dc46d7f7a5f06637fcd97ce367,ags,yes,Kaedan Korczak,,fanatics,2200,,oddsapi
2026-10-05T21:00:06Z,2026-10-05,WPG @ PIT,3da179dc46d7f7a5f06637fcd97ce367,ags,yes,Dylan DeMelo,,fanatics,1400,,oddsapi
2026-10-05T21:00:06Z,2026-10-05,WPG @ PIT,3da179dc46d7f7a5f06637fcd97ce367,ags,yes,Neal Pionk,,fanatics,850,,oddsapi
2026-10-05T21:00:06Z,2026-10-05,WPG @ PIT,3da179dc46d7f7a5f06637fcd97ce367,ags,yes,Vladislav Namestnikov,,fanatics,650,,oddsapi
2026-10-05T21:00:06Z,2026-10-05,WPG @ PIT,3da179dc46d7f7a5f06637fcd97ce367,ags,yes,Alex Iafallo,,fanatics,575,,oddsapi
2026-10-05T21:00:06Z,2026-10-05,WPG @ PIT,3da179dc46d7f7a5f06637fcd97ce367,ags,yes,Adam Lowry,,fanatics,525,,oddsapi
2026-10-05T21:00:06Z,2026-10-05,WPG @ PIT,3da179dc46d7f7a5f06637fcd97ce367,ags,yes,Dylan Samberg,,fanatics,2200,,oddsapi
2026-10-05T21:00:06Z,2026-10-05,WPG @ PIT,3da179dc46d7f7a5f06637fcd97ce367,ags,yes,Mark Scheifele,,fanatics,230,,oddsapi
2026-10-05T21:00:06Z,2026-10-05,WPG @ PIT,3da179dc46d7f7a5f06637fcd97ce367,ags,yes,Nino Niederreiter,,fanatics,500,,oddsapi
2026-10-05T21:00:06Z,2026-10-05,WPG @ PIT,3da179dc46d7f7a5f06637fcd97ce367,ags,yes,Kyle Connor,,fanatics,155,,oddsapi
2026-10-05T21:00:06Z,2026-10-05,WPG @ PIT,3da179dc46d7f7a5f06637fcd97ce367,ags,yes,Mario Ferraro,,fanatics,1600,,oddsapi
2026-10-05T21:00:06Z,2026-10-05,WPG @ PIT,3da179dc46d7f7a5f06637fcd97ce367,ags,yes,Isak Rosen,,fanatics,500,,oddsapi
2026-10-05T21:00:06Z,2026-10-05,WPG @ PIT,3da179dc46d7f7a5f06637fcd97ce367,ags,yes,Tyrel Bauer,,fanatics,1600,,oddsapi
2026-10-05T21:00:06Z,2026-10-05,WPG @ PIT,3da179dc46d7f7a5f06637fcd97ce367,ags,yes,Brad Lambert,,fanatics,650,,oddsapi
2026-10-05T21:00:06Z,2026-10-05,WPG @ PIT,3da179dc46d7f7a5f06637fcd97ce367,ags,yes,Cole Perfetti,,fanatics,260,,oddsapi
2026-10-05T21:00:06Z,2026-10-05,WPG @ PIT,3da179dc46d7f7a5f06637fcd97ce367,ags,yes,Gabriel Vilardi,,fanatics,250,,oddsapi
2026-10-05T21:00:06Z,2026-10-05,WPG @ PIT,3da179dc46d7f7a5f06637fcd97ce367,ags,yes,Josh Morrissey,,fanatics,575,,oddsapi
2026-10-05T21:00:06Z,2026-10-05,WPG @ PIT,3da179dc46d7f7a5f06637fcd97ce367,ags,yes,Viggo Bjorck,,fanatics,390,,oddsapi
2026-10-05T21:00:06Z,2026-10-05,WPG @ PIT,3da179dc46d7f7a5f06637fcd97ce367,ags,yes,Morgan Barron,,fanatics,800,,oddsapi
2026-10-05T21:00:06Z,2026-10-05,WPG @ PIT,3da179dc46d7f7a5f06637fcd97ce367,ags,yes,Ville Koivunen,,fanatics,525,,oddsapi
2026-10-05T21:00:06Z,2026-10-05,WPG @ PIT,3da179dc46d7f7a5f06637fcd97ce367,fgs,yes,Erik Karlsson,,fanatics,1900,,oddsapi
2026-10-05T21:00:06Z,2026-10-05,WPG @ PIT,3da179dc46d7f7a5f06637fcd97ce367,fgs,yes,Rickard Rakell,,fanatics,1100,,oddsapi
2026-10-05T21:00:06Z,2026-10-05,WPG @ PIT,3da179dc46d7f7a5f06637fcd97ce367,fgs,yes,Evgeni Malkin,,fanatics,1100,,oddsapi
2026-10-05T21:00:06Z,2026-10-05,WPG @ PIT,3da179dc46d7f7a5f06637fcd97ce367,fgs,yes,Sidney Crosby,,fanatics,950,,oddsapi
2026-10-05T21:00:06Z,2026-10-05,WPG @ PIT,3da179dc46d7f7a5f06637fcd97ce367,fgs,yes,Yegor Chinakhov,,fanatics,1300,,oddsapi
2026-10-05T21:00:06Z,2026-10-05,WPG @ PIT,3da179dc46d7f7a5f06637fcd97ce367,fgs,yes,Andrei Kuzmenko,,fanatics,1900,,oddsapi
2026-10-05T21:00:06Z,2026-10-05,WPG @ PIT,3da179dc46d7f7a5f06637fcd97ce367,fgs,yes,Blake Lizotte,,fanatics,2800,,oddsapi
2026-10-05T21:00:06Z,2026-10-05,WPG @ PIT,3da179dc46d7f7a5f06637fcd97ce367,fgs,yes,Declan Carlile,,fanatics,4500,,oddsapi
2026-10-05T21:00:06Z,2026-10-05,WPG @ PIT,3da179dc46d7f7a5f06637fcd97ce367,fgs,yes,Hendrix Lapierre,,fanatics,2500,,oddsapi
2026-10-05T21:00:06Z,2026-10-05,WPG @ PIT,3da179dc46d7f7a5f06637fcd97ce367,fgs,yes,Filip Hallander,,fanatics,3000,,oddsapi
2026-10-05T21:00:06Z,2026-10-05,WPG @ PIT,3da179dc46d7f7a5f06637fcd97ce367,fgs,yes,Ben Kindel,,fanatics,1500,,oddsapi
2026-10-05T21:00:06Z,2026-10-05,WPG @ PIT,3da179dc46d7f7a5f06637fcd97ce367,fgs,yes,No 1st Goal,,fanatics,20000,,oddsapi
2026-10-05T21:00:06Z,2026-10-05,WPG @ PIT,3da179dc46d7f7a5f06637fcd97ce367,fgs,yes,Connor Dewar,,fanatics,2800,,oddsapi
2026-10-05T21:00:06Z,2026-10-05,WPG @ PIT,3da179dc46d7f7a5f06637fcd97ce367,fgs,yes,Samuel Girard,,fanatics,4000,,oddsapi
2026-10-05T21:00:06Z,2026-10-05,WPG @ PIT,3da179dc46d7f7a5f06637fcd97ce367,fgs,yes,Trevor van Riemsdyk,,fanatics,8000,,oddsapi
2026-10-05T21:00:06Z,2026-10-05,WPG @ PIT,3da179dc46d7f7a5f06637fcd97ce367,fgs,yes,Kris Letang,,fanatics,3500,,oddsapi
2026-10-05T21:00:06Z,2026-10-05,WPG @ PIT,3da179dc46d7f7a5f06637fcd97ce367,fgs,yes,Kaedan Korczak,,fanatics,8000,,oddsapi
2026-10-05T21:00:06Z,2026-10-05,WPG @ PIT,3da179dc46d7f7a5f06637fcd97ce367,fgs,yes,Dylan DeMelo,,fanatics,6000,,oddsapi
2026-10-05T21:00:06Z,2026-10-05,WPG @ PIT,3da179dc46d7f7a5f06637fcd97ce367,fgs,yes,Neal Pionk,,fanatics,4000,,oddsapi
2026-10-05T21:00:06Z,2026-10-05,WPG @ PIT,3da179dc46d7f7a5f06637fcd97ce367,fgs,yes,Vladislav Namestnikov,,fanatics,3000,,oddsapi
2026-10-05T21:00:06Z,2026-10-05,WPG @ PIT,3da179dc46d7f7a5f06637fcd97ce367,fgs,yes,Alex Iafallo,,fanatics,2800,,oddsapi
2026-10-05T21:00:06Z,2026-10-05,WPG @ PIT,3da179dc46d7f7a5f06637fcd97ce367,fgs,yes,Adam Lowry,,fanatics,2800,,oddsapi
2026-10-05T21:00:06Z,2026-10-05,WPG @ PIT,3da179dc46d7f7a5f06637fcd97ce367,fgs,yes,Dylan Samberg,,fanatics,9000,,oddsapi
2026-10-05T21:00:06Z,2026-10-05,WPG @ PIT,3da179dc46d7f7a5f06637fcd97ce367,fgs,yes,Mark Scheifele,,fanatics,1300,,oddsapi
2026-10-05T21:00:06Z,2026-10-05,WPG @ PIT,3da179dc46d7f7a5f06637fcd97ce367,fgs,yes,Nino Niederreiter,,fanatics,2500,,oddsapi
2026-10-05T21:00:06Z,2026-10-05,WPG @ PIT,3da179dc46d7f7a5f06637fcd97ce367,fgs,yes,Kyle Connor,,fanatics,1000,,oddsapi
2026-10-05T21:00:06Z,2026-10-05,WPG @ PIT,3da179dc46d7f7a5f06637fcd97ce367,fgs,yes,Mario Ferraro,,fanatics,6000,,oddsapi
2026-10-05T21:00:06Z,2026-10-05,WPG @ PIT,3da179dc46d7f7a5f06637fcd97ce367,fgs,yes,Isak Rosen,,fanatics,2200,,oddsapi
2026-10-05T21:00:06Z,2026-10-05,WPG @ PIT,3da179dc46d7f7a5f06637fcd97ce367,fgs,yes,Tyrel Bauer,,fanatics,6000,,oddsapi
2026-10-05T21:00:06Z,2026-10-05,WPG @ PIT,3da179dc46d7f7a5f06637fcd97ce367,fgs,yes,Brad Lambert,,fanatics,3000,,oddsapi
2026-10-05T21:00:06Z,2026-10-05,WPG @ PIT,3da179dc46d7f7a5f06637fcd97ce367,fgs,yes,Cole Perfetti,,fanatics,1500,,oddsapi
2026-10-05T21:00:06Z,2026-10-05,WPG @ PIT,3da179dc46d7f7a5f06637fcd97ce367,fgs,yes,Gabriel Vilardi,,fanatics,1300,,oddsapi
2026-10-05T21:00:06Z,2026-10-05,WPG @ PIT,3da179dc46d7f7a5f06637fcd97ce367,fgs,yes,Josh Morrissey,,fanatics,2800,,oddsapi
2026-10-05T21:00:06Z,2026-10-05,WPG @ PIT,3da179dc46d7f7a5f06637fcd97ce367,fgs,yes,Viggo Bjorck,,fanatics,2200,,oddsapi
2026-10-05T21:00:06Z,2026-10-05,WPG @ PIT,3da179dc46d7f7a5f06637fcd97ce367,fgs,yes,Morgan Barron,,fanatics,3500,,oddsapi
2026-10-05T21:00:06Z,2026-10-05,WPG @ PIT,3da179dc46d7f7a5f06637fcd97ce367,fgs,yes,Ville Koivunen,,fanatics,2800,,oddsapi
2026-10-05T21:00:06Z,2026-10-05,WPG @ PIT,3da179dc46d7f7a5f06637fcd97ce367,team_total,over,PIT,2.5,fanatics,-275,200,oddsapi
2026-10-05T21:00:06Z,2026-10-05,WPG @ PIT,3da179dc46d7f7a5f06637fcd97ce367,team_total,under,PIT,2.5,fanatics,200,-275,oddsapi
2026-10-05T21:00:06Z,2026-10-05,WPG @ PIT,3da179dc46d7f7a5f06637fcd97ce367,team_total,over,WPG,1.5,fanatics,-400,280,oddsapi
2026-10-05T21:00:06Z,2026-10-05,WPG @ PIT,3da179dc46d7f7a5f06637fcd97ce367,team_total,under,WPG,1.5,fanatics,280,-400,oddsapi
2026-10-05T21:00:06Z,2026-10-05,WPG @ PIT,3da179dc46d7f7a5f06637fcd97ce367,game_ml3,PIT,,,williamhill_us,-113,,oddsapi
2026-10-05T21:00:06Z,2026-10-05,WPG @ PIT,3da179dc46d7f7a5f06637fcd97ce367,game_ml3,WPG,,,williamhill_us,188,,oddsapi
2026-10-05T21:00:06Z,2026-10-05,WPG @ PIT,3da179dc46d7f7a5f06637fcd97ce367,game_ml3,draw,,,williamhill_us,275,,oddsapi
2026-10-05T21:00:06Z,2026-10-05,WPG @ PIT,3da179dc46d7f7a5f06637fcd97ce367,p1_ml3,PIT,,,williamhill_us,134,,oddsapi
2026-10-05T21:00:06Z,2026-10-05,WPG @ PIT,3da179dc46d7f7a5f06637fcd97ce367,p1_ml3,WPG,,,williamhill_us,205,,oddsapi
2026-10-05T21:00:06Z,2026-10-05,WPG @ PIT,3da179dc46d7f7a5f06637fcd97ce367,p1_ml3,draw,,,williamhill_us,163,,oddsapi
2026-10-05T21:00:06Z,2026-10-05,WPG @ PIT,3da179dc46d7f7a5f06637fcd97ce367,ags,yes,Kyle Connor,,williamhill_us,154,,oddsapi
2026-10-05T21:00:06Z,2026-10-05,WPG @ PIT,3da179dc46d7f7a5f06637fcd97ce367,ags,yes,Sidney Crosby,,williamhill_us,169,,oddsapi
2026-10-05T21:00:06Z,2026-10-05,WPG @ PIT,3da179dc46d7f7a5f06637fcd97ce367,ags,yes,Rickard Rakell,,williamhill_us,184,,oddsapi
2026-10-05T21:00:06Z,2026-10-05,WPG @ PIT,3da179dc46d7f7a5f06637fcd97ce367,ags,yes,Evgeni Malkin,,williamhill_us,210,,oddsapi
2026-10-05T21:00:06Z,2026-10-05,WPG @ PIT,3da179dc46d7f7a5f06637fcd97ce367,ags,yes,Mark Scheifele,,williamhill_us,210,,oddsapi
2026-10-05T21:00:06Z,2026-10-05,WPG @ PIT,3da179dc46d7f7a5f06637fcd97ce367,ags,yes,Gabriel Vilardi,,williamhill_us,225,,oddsapi
2026-10-05T21:00:06Z,2026-10-05,WPG @ PIT,3da179dc46d7f7a5f06637fcd97ce367,ags,yes,Yegor Chinakhov,,williamhill_us,230,,oddsapi
2026-10-05T21:00:06Z,2026-10-05,WPG @ PIT,3da179dc46d7f7a5f06637fcd97ce367,ags,yes,Cole Perfetti,,williamhill_us,260,,oddsapi
2026-10-05T21:00:06Z,2026-10-05,WPG @ PIT,3da179dc46d7f7a5f06637fcd97ce367,ags,yes,Ben Kindel,,williamhill_us,260,,oddsapi
2026-10-05T21:00:06Z,2026-10-05,WPG @ PIT,3da179dc46d7f7a5f06637fcd97ce367,ags,yes,Nick Robertson,,williamhill_us,270,,oddsapi
2026-10-05T21:00:06Z,2026-10-05,WPG @ PIT,3da179dc46d7f7a5f06637fcd97ce367,ags,yes,Tommy Novak,,williamhill_us,285,,oddsapi
2026-10-05T21:00:06Z,2026-10-05,WPG @ PIT,3da179dc46d7f7a5f06637fcd97ce367,ags,yes,Andrei Kuzmenko,,williamhill_us,305,,oddsapi
2026-10-05T21:00:06Z,2026-10-05,WPG @ PIT,3da179dc46d7f7a5f06637fcd97ce367,ags,yes,Erik Karlsson,,williamhill_us,330,,oddsapi
2026-10-05T21:00:06Z,2026-10-05,WPG @ PIT,3da179dc46d7f7a5f06637fcd97ce367,ags,yes,Viggo Bjorck,,williamhill_us,375,,oddsapi
2026-10-05T21:00:06Z,2026-10-05,WPG @ PIT,3da179dc46d7f7a5f06637fcd97ce367,ags,yes,Nino Niederreiter,,williamhill_us,425,,oddsapi
2026-10-05T21:00:06Z,2026-10-05,WPG @ PIT,3da179dc46d7f7a5f06637fcd97ce367,ags,yes,Hendrix Lapierre,,williamhill_us,425,,oddsapi
2026-10-05T21:00:06Z,2026-10-05,WPG @ PIT,3da179dc46d7f7a5f06637fcd97ce367,ags,yes,Isak Rosen,,williamhill_us,425,,oddsapi
2026-10-05T21:00:06Z,2026-10-05,WPG @ PIT,3da179dc46d7f7a5f06637fcd97ce367,ags,yes,Vladislav Namestnikov,,williamhill_us,450,,oddsapi
2026-10-05T21:00:06Z,2026-10-05,WPG @ PIT,3da179dc46d7f7a5f06637fcd97ce367,ags,yes,Ville Koivunen,,williamhill_us,450,,oddsapi
2026-10-05T21:00:06Z,2026-10-05,WPG @ PIT,3da179dc46d7f7a5f06637fcd97ce367,ags,yes,Adam Lowry,,williamhill_us,450,,oddsapi
2026-10-05T21:00:06Z,2026-10-05,WPG @ PIT,3da179dc46d7f7a5f06637fcd97ce367,ags,yes,Connor Dewar,,williamhill_us,450,,oddsapi
2026-10-05T21:00:06Z,2026-10-05,WPG @ PIT,3da179dc46d7f7a5f06637fcd97ce367,ags,yes,Filip Hallander,,williamhill_us,475,,oddsapi
2026-10-05T21:00:06Z,2026-10-05,WPG @ PIT,3da179dc46d7f7a5f06637fcd97ce367,ags,yes,Josh Morrissey,,williamhill_us,475,,oddsapi
2026-10-05T21:00:06Z,2026-10-05,WPG @ PIT,3da179dc46d7f7a5f06637fcd97ce367,ags,yes,Alex Iafallo,,williamhill_us,475,,oddsapi
2026-10-05T21:00:06Z,2026-10-05,WPG @ PIT,3da179dc46d7f7a5f06637fcd97ce367,ags,yes,Blake Lizotte,,williamhill_us,475,,oddsapi
2026-10-05T21:00:06Z,2026-10-05,WPG @ PIT,3da179dc46d7f7a5f06637fcd97ce367,ags,yes,Morgan Barron,,williamhill_us,525,,oddsapi
2026-10-05T21:00:06Z,2026-10-05,WPG @ PIT,3da179dc46d7f7a5f06637fcd97ce367,ags,yes,Brad Lambert,,williamhill_us,550,,oddsapi
2026-10-05T21:00:06Z,2026-10-05,WPG @ PIT,3da179dc46d7f7a5f06637fcd97ce367,ags,yes,Kris Letang,,williamhill_us,600,,oddsapi
2026-10-05T21:00:06Z,2026-10-05,WPG @ PIT,3da179dc46d7f7a5f06637fcd97ce367,ags,yes,Neal Pionk,,williamhill_us,600,,oddsapi
2026-10-05T21:00:06Z,2026-10-05,WPG @ PIT,3da179dc46d7f7a5f06637fcd97ce367,ags,yes,Samuel Girard,,williamhill_us,650,,oddsapi
2026-10-05T21:00:06Z,2026-10-05,WPG @ PIT,3da179dc46d7f7a5f06637fcd97ce367,ags,yes,Declan Carlile,,williamhill_us,675,,oddsapi
2026-10-05T21:00:06Z,2026-10-05,WPG @ PIT,3da179dc46d7f7a5f06637fcd97ce367,ags,yes,Tyrel Bauer,,williamhill_us,800,,oddsapi
2026-10-05T21:00:06Z,2026-10-05,WPG @ PIT,3da179dc46d7f7a5f06637fcd97ce367,ags,yes,Mario Ferraro,,williamhill_us,800,,oddsapi
2026-10-05T21:00:06Z,2026-10-05,WPG @ PIT,3da179dc46d7f7a5f06637fcd97ce367,ags,yes,Kaedan Korczak,,williamhill_us,850,,oddsapi
2026-10-05T21:00:06Z,2026-10-05,WPG @ PIT,3da179dc46d7f7a5f06637fcd97ce367,ags,yes,Dylan DeMelo,,williamhill_us,850,,oddsapi
2026-10-05T21:00:06Z,2026-10-05,WPG @ PIT,3da179dc46d7f7a5f06637fcd97ce367,ags,yes,Trevor van Riemsdyk,,williamhill_us,850,,oddsapi
2026-10-05T21:00:06Z,2026-10-05,WPG @ PIT,3da179dc46d7f7a5f06637fcd97ce367,ags,yes,Dylan Samberg,,williamhill_us,900,,oddsapi
2026-10-05T21:00:06Z,2026-10-05,WPG @ PIT,3da179dc46d7f7a5f06637fcd97ce367,fgs,yes,Kyle Connor,,williamhill_us,1000,,oddsapi
2026-10-05T21:00:06Z,2026-10-05,WPG @ PIT,3da179dc46d7f7a5f06637fcd97ce367,fgs,yes,Rickard Rakell,,williamhill_us,1100,,oddsapi
2026-10-05T21:00:06Z,2026-10-05,WPG @ PIT,3da179dc46d7f7a5f06637fcd97ce367,fgs,yes,Sidney Crosby,,williamhill_us,1100,,oddsapi
2026-10-05T21:00:06Z,2026-10-05,WPG @ PIT,3da179dc46d7f7a5f06637fcd97ce367,fgs,yes,Mark Scheifele,,williamhill_us,1300,,oddsapi
2026-10-05T21:00:06Z,2026-10-05,WPG @ PIT,3da179dc46d7f7a5f06637fcd97ce367,fgs,yes,Evgeni Malkin,,williamhill_us,1400,,oddsapi
2026-10-05T21:00:06Z,2026-10-05,WPG @ PIT,3da179dc46d7f7a5f06637fcd97ce367,fgs,yes,Yegor Chinakhov,,williamhill_us,1500,,oddsapi
2026-10-05T21:00:06Z,2026-10-05,WPG @ PIT,3da179dc46d7f7a5f06637fcd97ce367,fgs,yes,Gabriel Vilardi,,williamhill_us,1600,,oddsapi
2026-10-05T21:00:06Z,2026-10-05,WPG @ PIT,3da179dc46d7f7a5f06637fcd97ce367,fgs,yes,Nick Robertson,,williamhill_us,1700,,oddsapi
2026-10-05T21:00:06Z,2026-10-05,WPG @ PIT,3da179dc46d7f7a5f06637fcd97ce367,fgs,yes,Cole Perfetti,,williamhill_us,1700,,oddsapi
2026-10-05T21:00:06Z,2026-10-05,WPG @ PIT,3da179dc46d7f7a5f06637fcd97ce367,fgs,yes,Ben Kindel,,williamhill_us,1800,,oddsapi
2026-10-05T21:00:06Z,2026-10-05,WPG @ PIT,3da179dc46d7f7a5f06637fcd97ce367,fgs,yes,Tommy Novak,,williamhill_us,1900,,oddsapi
2026-10-05T21:00:06Z,2026-10-05,WPG @ PIT,3da179dc46d7f7a5f06637fcd97ce367,fgs,yes,Andrei Kuzmenko,,williamhill_us,2100,,oddsapi
2026-10-05T21:00:06Z,2026-10-05,WPG @ PIT,3da179dc46d7f7a5f06637fcd97ce367,fgs,yes,Erik Karlsson,,williamhill_us,2200,,oddsapi
2026-10-05T21:00:06Z,2026-10-05,WPG @ PIT,3da179dc46d7f7a5f06637fcd97ce367,fgs,yes,Viggo Bjorck,,williamhill_us,2400,,oddsapi
2026-10-05T21:00:06Z,2026-10-05,WPG @ PIT,3da179dc46d7f7a5f06637fcd97ce367,fgs,yes,Filip Hallander,,williamhill_us,2800,,oddsapi
2026-10-05T21:00:06Z,2026-10-05,WPG @ PIT,3da179dc46d7f7a5f06637fcd97ce367,fgs,yes,Hendrix Lapierre,,williamhill_us,2800,,oddsapi
2026-10-05T21:00:06Z,2026-10-05,WPG @ PIT,3da179dc46d7f7a5f06637fcd97ce367,fgs,yes,Nino Niederreiter,,williamhill_us,2900,,oddsapi
2026-10-05T21:00:06Z,2026-10-05,WPG @ PIT,3da179dc46d7f7a5f06637fcd97ce367,fgs,yes,Connor Dewar,,williamhill_us,2900,,oddsapi
2026-10-05T21:00:06Z,2026-10-05,WPG @ PIT,3da179dc46d7f7a5f06637fcd97ce367,fgs,yes,Isak Rosen,,williamhill_us,2900,,oddsapi
2026-10-05T21:00:06Z,2026-10-05,WPG @ PIT,3da179dc46d7f7a5f06637fcd97ce367,fgs,yes,Josh Morrissey,,williamhill_us,3000,,oddsapi
2026-10-05T21:00:06Z,2026-10-05,WPG @ PIT,3da179dc46d7f7a5f06637fcd97ce367,fgs,yes,Adam Lowry,,williamhill_us,3300,,oddsapi
2026-10-05T21:00:06Z,2026-10-05,WPG @ PIT,3da179dc46d7f7a5f06637fcd97ce367,fgs,yes,Vladislav Namestnikov,,williamhill_us,3300,,oddsapi
2026-10-05T21:00:06Z,2026-10-05,WPG @ PIT,3da179dc46d7f7a5f06637fcd97ce367,fgs,yes,Alex Iafallo,,williamhill_us,3500,,oddsapi
2026-10-05T21:00:06Z,2026-10-05,WPG @ PIT,3da179dc46d7f7a5f06637fcd97ce367,fgs,yes,Blake Lizotte,,williamhill_us,3500,,oddsapi
2026-10-05T21:00:06Z,2026-10-05,WPG @ PIT,3da179dc46d7f7a5f06637fcd97ce367,fgs,yes,Kris Letang,,williamhill_us,4000,,oddsapi
2026-10-05T21:00:06Z,2026-10-05,WPG @ PIT,3da179dc46d7f7a5f06637fcd97ce367,fgs,yes,Morgan Barron,,williamhill_us,4000,,oddsapi
2026-10-05T21:00:06Z,2026-10-05,WPG @ PIT,3da179dc46d7f7a5f06637fcd97ce367,fgs,yes,Brad Lambert,,williamhill_us,4000,,oddsapi
2026-10-05T21:00:06Z,2026-10-05,WPG @ PIT,3da179dc46d7f7a5f06637fcd97ce367,fgs,yes,Samuel Girard,,williamhill_us,4500,,oddsapi
2026-10-05T21:00:06Z,2026-10-05,WPG @ PIT,3da179dc46d7f7a5f06637fcd97ce367,fgs,yes,Neal Pionk,,williamhill_us,4500,,oddsapi
2026-10-05T21:00:06Z,2026-10-05,WPG @ PIT,3da179dc46d7f7a5f06637fcd97ce367,fgs,yes,Declan Carlile,,williamhill_us,5000,,oddsapi
2026-10-05T21:00:06Z,2026-10-05,WPG @ PIT,3da179dc46d7f7a5f06637fcd97ce367,fgs,yes,Dylan DeMelo,,williamhill_us,7000,,oddsapi
2026-10-05T21:00:06Z,2026-10-05,WPG @ PIT,3da179dc46d7f7a5f06637fcd97ce367,fgs,yes,Trevor van Riemsdyk,,williamhill_us,7500,,oddsapi
2026-10-05T21:00:06Z,2026-10-05,WPG @ PIT,3da179dc46d7f7a5f06637fcd97ce367,fgs,yes,Kaedan Korczak,,williamhill_us,8000,,oddsapi
2026-10-05T21:00:06Z,2026-10-05,WPG @ PIT,3da179dc46d7f7a5f06637fcd97ce367,fgs,yes,Mario Ferraro,,williamhill_us,8000,,oddsapi
2026-10-05T21:00:06Z,2026-10-05,WPG @ PIT,3da179dc46d7f7a5f06637fcd97ce367,team_total,over,PIT,3.5,williamhill_us,-118,-118,oddsapi
2026-10-05T21:00:06Z,2026-10-05,WPG @ PIT,3da179dc46d7f7a5f06637fcd97ce367,team_total,under,PIT,3.5,williamhill_us,-118,-118,oddsapi
2026-10-05T21:00:06Z,2026-10-05,WPG @ PIT,3da179dc46d7f7a5f06637fcd97ce367,team_total,over,WPG,2.5,williamhill_us,-141,103,oddsapi
2026-10-05T21:00:06Z,2026-10-05,WPG @ PIT,3da179dc46d7f7a5f06637fcd97ce367,team_total,under,WPG,2.5,williamhill_us,103,-141,oddsapi
2026-10-05T21:00:06Z,2026-10-05,WPG @ PIT,3da179dc46d7f7a5f06637fcd97ce367,game_pl_alt,PIT,,1.5,fanduel,-460,340,oddsapi
2026-10-05T21:00:06Z,2026-10-05,WPG @ PIT,3da179dc46d7f7a5f06637fcd97ce367,game_pl_alt,PIT,,2.5,fanduel,-1100,570,oddsapi
2026-10-05T21:00:06Z,2026-10-05,WPG @ PIT,3da179dc46d7f7a5f06637fcd97ce367,game_pl_alt,PIT,,3.5,fanduel,-3500,1480,oddsapi
2026-10-05T21:00:06Z,2026-10-05,WPG @ PIT,3da179dc46d7f7a5f06637fcd97ce367,game_pl_alt,PIT,,4.5,fanduel,-20000,4900,oddsapi
2026-10-05T21:00:06Z,2026-10-05,WPG @ PIT,3da179dc46d7f7a5f06637fcd97ce367,game_pl_alt,PIT,,5.5,fanduel,-50000,,oddsapi
2026-10-05T21:00:06Z,2026-10-05,WPG @ PIT,3da179dc46d7f7a5f06637fcd97ce367,game_pl_alt,PIT,,-1.5,fanduel,136,-174,oddsapi
2026-10-05T21:00:06Z,2026-10-05,WPG @ PIT,3da179dc46d7f7a5f06637fcd97ce367,game_pl_alt,PIT,,-2.5,fanduel,215,-290,oddsapi
2026-10-05T21:00:06Z,2026-10-05,WPG @ PIT,3da179dc46d7f7a5f06637fcd97ce367,game_pl_alt,PIT,,-3.5,fanduel,590,-1100,oddsapi
2026-10-05T21:00:06Z,2026-10-05,WPG @ PIT,3da179dc46d7f7a5f06637fcd97ce367,game_pl_alt,PIT,,-4.5,fanduel,1400,-3500,oddsapi
2026-10-05T21:00:06Z,2026-10-05,WPG @ PIT,3da179dc46d7f7a5f06637fcd97ce367,game_pl_alt,PIT,,-5.5,fanduel,3100,-8000,oddsapi
2026-10-05T21:00:06Z,2026-10-05,WPG @ PIT,3da179dc46d7f7a5f06637fcd97ce367,game_pl_alt,WPG,,1.5,fanduel,-174,136,oddsapi
2026-10-05T21:00:06Z,2026-10-05,WPG @ PIT,3da179dc46d7f7a5f06637fcd97ce367,game_pl_alt,WPG,,2.5,fanduel,-290,215,oddsapi
2026-10-05T21:00:06Z,2026-10-05,WPG @ PIT,3da179dc46d7f7a5f06637fcd97ce367,game_pl_alt,WPG,,3.5,fanduel,-1100,590,oddsapi
2026-10-05T21:00:06Z,2026-10-05,WPG @ PIT,3da179dc46d7f7a5f06637fcd97ce367,game_pl_alt,WPG,,4.5,fanduel,-3500,1400,oddsapi
2026-10-05T21:00:06Z,2026-10-05,WPG @ PIT,3da179dc46d7f7a5f06637fcd97ce367,game_pl_alt,WPG,,5.5,fanduel,-8000,3100,oddsapi
2026-10-05T21:00:06Z,2026-10-05,WPG @ PIT,3da179dc46d7f7a5f06637fcd97ce367,game_pl_alt,WPG,,6.5,fanduel,-20000,,oddsapi
2026-10-05T21:00:06Z,2026-10-05,WPG @ PIT,3da179dc46d7f7a5f06637fcd97ce367,game_pl_alt,WPG,,-1.5,fanduel,340,-460,oddsapi
2026-10-05T21:00:06Z,2026-10-05,WPG @ PIT,3da179dc46d7f7a5f06637fcd97ce367,game_pl_alt,WPG,,-2.5,fanduel,570,-1100,oddsapi
2026-10-05T21:00:06Z,2026-10-05,WPG @ PIT,3da179dc46d7f7a5f06637fcd97ce367,game_pl_alt,WPG,,-3.5,fanduel,1480,-3500,oddsapi
2026-10-05T21:00:06Z,2026-10-05,WPG @ PIT,3da179dc46d7f7a5f06637fcd97ce367,game_pl_alt,WPG,,-4.5,fanduel,4900,-20000,oddsapi
2026-10-05T21:00:06Z,2026-10-05,WPG @ PIT,3da179dc46d7f7a5f06637fcd97ce367,team_total_alt,over,PIT,0.5,fanduel,-6000,2300,oddsapi
2026-10-05T21:00:06Z,2026-10-05,WPG @ PIT,3da179dc46d7f7a5f06637fcd97ce367,team_total_alt,over,PIT,1.5,fanduel,-1000,580,oddsapi
2026-10-05T21:00:06Z,2026-10-05,WPG @ PIT,3da179dc46d7f7a5f06637fcd97ce367,team_total_alt,over,PIT,3.5,fanduel,-116,-110,oddsapi
2026-10-05T21:00:06Z,2026-10-05,WPG @ PIT,3da179dc46d7f7a5f06637fcd97ce367,team_total_alt,over,PIT,4.5,fanduel,205,-280,oddsapi
2026-10-05T21:00:06Z,2026-10-05,WPG @ PIT,3da179dc46d7f7a5f06637fcd97ce367,team_total_alt,over,PIT,5.5,fanduel,500,-800,oddsapi
2026-10-05T21:00:06Z,2026-10-05,WPG @ PIT,3da179dc46d7f7a5f06637fcd97ce367,team_total_alt,over,PIT,6.5,fanduel,1240,-2400,oddsapi
2026-10-05T21:00:06Z,2026-10-05,WPG @ PIT,3da179dc46d7f7a5f06637fcd97ce367,team_total_alt,over,PIT,7.5,fanduel,3200,-8000,oddsapi
2026-10-05T21:00:06Z,2026-10-05,WPG @ PIT,3da179dc46d7f7a5f06637fcd97ce367,team_total_alt,under,PIT,0.5,fanduel,2300,-6000,oddsapi
2026-10-05T21:00:06Z,2026-10-05,WPG @ PIT,3da179dc46d7f7a5f06637fcd97ce367,team_total_alt,under,PIT,1.5,fanduel,580,-1000,oddsapi
2026-10-05T21:00:06Z,2026-10-05,WPG @ PIT,3da179dc46d7f7a5f06637fcd97ce367,team_total_alt,under,PIT,3.5,fanduel,-110,-116,oddsapi
2026-10-05T21:00:06Z,2026-10-05,WPG @ PIT,3da179dc46d7f7a5f06637fcd97ce367,team_total_alt,under,PIT,4.5,fanduel,-280,205,oddsapi
2026-10-05T21:00:06Z,2026-10-05,WPG @ PIT,3da179dc46d7f7a5f06637fcd97ce367,team_total_alt,under,PIT,5.5,fanduel,-800,500,oddsapi
2026-10-05T21:00:06Z,2026-10-05,WPG @ PIT,3da179dc46d7f7a5f06637fcd97ce367,team_total_alt,under,PIT,6.5,fanduel,-2400,1240,oddsapi
2026-10-05T21:00:06Z,2026-10-05,WPG @ PIT,3da179dc46d7f7a5f06637fcd97ce367,team_total_alt,under,PIT,7.5,fanduel,-8000,3200,oddsapi
2026-10-05T21:00:06Z,2026-10-05,WPG @ PIT,3da179dc46d7f7a5f06637fcd97ce367,team_total_alt,over,WPG,0.5,fanduel,-2400,1140,oddsapi
2026-10-05T21:00:06Z,2026-10-05,WPG @ PIT,3da179dc46d7f7a5f06637fcd97ce367,team_total_alt,over,WPG,1.5,fanduel,-400,280,oddsapi
2026-10-05T21:00:06Z,2026-10-05,WPG @ PIT,3da179dc46d7f7a5f06637fcd97ce367,team_total_alt,over,WPG,3.5,fanduel,178,-235,oddsapi
2026-10-05T21:00:06Z,2026-10-05,WPG @ PIT,3da179dc46d7f7a5f06637fcd97ce367,team_total_alt,over,WPG,4.5,fanduel,420,-650,oddsapi
2026-10-05T21:00:06Z,2026-10-05,WPG @ PIT,3da179dc46d7f7a5f06637fcd97ce367,team_total_alt,over,WPG,5.5,fanduel,1020,-2000,oddsapi
2026-10-05T21:00:06Z,2026-10-05,WPG @ PIT,3da179dc46d7f7a5f06637fcd97ce367,team_total_alt,over,WPG,6.5,fanduel,2400,-6000,oddsapi
2026-10-05T21:00:06Z,2026-10-05,WPG @ PIT,3da179dc46d7f7a5f06637fcd97ce367,team_total_alt,under,WPG,0.5,fanduel,1140,-2400,oddsapi
2026-10-05T21:00:06Z,2026-10-05,WPG @ PIT,3da179dc46d7f7a5f06637fcd97ce367,team_total_alt,under,WPG,1.5,fanduel,280,-400,oddsapi
2026-10-05T21:00:06Z,2026-10-05,WPG @ PIT,3da179dc46d7f7a5f06637fcd97ce367,team_total_alt,under,WPG,3.5,fanduel,-235,178,oddsapi
2026-10-05T21:00:06Z,2026-10-05,WPG @ PIT,3da179dc46d7f7a5f06637fcd97ce367,team_total_alt,under,WPG,4.5,fanduel,-650,420,oddsapi
2026-10-05T21:00:06Z,2026-10-05,WPG @ PIT,3da179dc46d7f7a5f06637fcd97ce367,team_total_alt,under,WPG,5.5,fanduel,-2000,1020,oddsapi
2026-10-05T21:00:06Z,2026-10-05,WPG @ PIT,3da179dc46d7f7a5f06637fcd97ce367,team_total_alt,under,WPG,6.5,fanduel,-6000,2400,oddsapi
2026-10-05T21:00:06Z,2026-10-05,WPG @ PIT,3da179dc46d7f7a5f06637fcd97ce367,game_total_alt,over,,2.5,fanduel,-8000,2700,oddsapi
2026-10-05T21:00:06Z,2026-10-05,WPG @ PIT,3da179dc46d7f7a5f06637fcd97ce367,game_total_alt,over,,3.5,fanduel,-1250,630,oddsapi
2026-10-05T21:00:06Z,2026-10-05,WPG @ PIT,3da179dc46d7f7a5f06637fcd97ce367,game_total_alt,over,,4.5,fanduel,-550,360,oddsapi
2026-10-05T21:00:06Z,2026-10-05,WPG @ PIT,3da179dc46d7f7a5f06637fcd97ce367,game_total_alt,over,,5.5,fanduel,-174,136,oddsapi
2026-10-05T21:00:06Z,2026-10-05,WPG @ PIT,3da179dc46d7f7a5f06637fcd97ce367,game_total_alt,over,,6.5,fanduel,-108,-118,oddsapi
2026-10-05T21:00:06Z,2026-10-05,WPG @ PIT,3da179dc46d7f7a5f06637fcd97ce367,game_total_alt,over,,7.5,fanduel,215,-290,oddsapi
2026-10-05T21:00:06Z,2026-10-05,WPG @ PIT,3da179dc46d7f7a5f06637fcd97ce367,game_total_alt,over,,8.5,fanduel,340,-550,oddsapi
2026-10-05T21:00:06Z,2026-10-05,WPG @ PIT,3da179dc46d7f7a5f06637fcd97ce367,game_total_alt,over,,9.5,fanduel,760,-1450,oddsapi
2026-10-05T21:00:06Z,2026-10-05,WPG @ PIT,3da179dc46d7f7a5f06637fcd97ce367,game_total_alt,over,,10.5,fanduel,1260,-3000,oddsapi
2026-10-05T21:00:06Z,2026-10-05,WPG @ PIT,3da179dc46d7f7a5f06637fcd97ce367,game_total_alt,over,,11.5,fanduel,2600,-6000,oddsapi
2026-10-05T21:00:06Z,2026-10-05,WPG @ PIT,3da179dc46d7f7a5f06637fcd97ce367,game_total_alt,over,,12.5,fanduel,4600,-8000,oddsapi
2026-10-05T21:00:06Z,2026-10-05,WPG @ PIT,3da179dc46d7f7a5f06637fcd97ce367,game_total_alt,under,,2.5,fanduel,2700,-8000,oddsapi
2026-10-05T21:00:06Z,2026-10-05,WPG @ PIT,3da179dc46d7f7a5f06637fcd97ce367,game_total_alt,under,,3.5,fanduel,630,-1250,oddsapi
2026-10-05T21:00:06Z,2026-10-05,WPG @ PIT,3da179dc46d7f7a5f06637fcd97ce367,game_total_alt,under,,4.5,fanduel,360,-550,oddsapi
2026-10-05T21:00:06Z,2026-10-05,WPG @ PIT,3da179dc46d7f7a5f06637fcd97ce367,game_total_alt,under,,5.5,fanduel,136,-174,oddsapi
2026-10-05T21:00:06Z,2026-10-05,WPG @ PIT,3da179dc46d7f7a5f06637fcd97ce367,game_total_alt,under,,6.5,fanduel,-118,-108,oddsapi
2026-10-05T21:00:06Z,2026-10-05,WPG @ PIT,3da179dc46d7f7a5f06637fcd97ce367,game_total_alt,under,,7.5,fanduel,-290,215,oddsapi
2026-10-05T21:00:06Z,2026-10-05,WPG @ PIT,3da179dc46d7f7a5f06637fcd97ce367,game_total_alt,under,,8.5,fanduel,-550,340,oddsapi
2026-10-05T21:00:06Z,2026-10-05,WPG @ PIT,3da179dc46d7f7a5f06637fcd97ce367,game_total_alt,under,,9.5,fanduel,-1450,760,oddsapi
2026-10-05T21:00:06Z,2026-10-05,WPG @ PIT,3da179dc46d7f7a5f06637fcd97ce367,game_total_alt,under,,10.5,fanduel,-3000,1260,oddsapi
2026-10-05T21:00:06Z,2026-10-05,WPG @ PIT,3da179dc46d7f7a5f06637fcd97ce367,game_total_alt,under,,11.5,fanduel,-6000,2600,oddsapi
2026-10-05T21:00:06Z,2026-10-05,WPG @ PIT,3da179dc46d7f7a5f06637fcd97ce367,game_total_alt,under,,12.5,fanduel,-8000,4600,oddsapi
2026-10-05T21:00:06Z,2026-10-05,WPG @ PIT,3da179dc46d7f7a5f06637fcd97ce367,game_ml3,PIT,,,fanduel,-120,,oddsapi
2026-10-05T21:00:06Z,2026-10-05,WPG @ PIT,3da179dc46d7f7a5f06637fcd97ce367,game_ml3,WPG,,,fanduel,220,,oddsapi
2026-10-05T21:00:06Z,2026-10-05,WPG @ PIT,3da179dc46d7f7a5f06637fcd97ce367,game_ml3,draw,,,fanduel,320,,oddsapi
2026-10-05T21:00:06Z,2026-10-05,WPG @ PIT,3da179dc46d7f7a5f06637fcd97ce367,p1_ml3,PIT,,,fanduel,140,,oddsapi
2026-10-05T21:00:06Z,2026-10-05,WPG @ PIT,3da179dc46d7f7a5f06637fcd97ce367,p1_ml3,WPG,,,fanduel,230,,oddsapi
2026-10-05T21:00:06Z,2026-10-05,WPG @ PIT,3da179dc46d7f7a5f06637fcd97ce367,p1_ml3,draw,,,fanduel,190,,oddsapi
2026-10-05T21:00:06Z,2026-10-05,WPG @ PIT,3da179dc46d7f7a5f06637fcd97ce367,p2_ml3,PIT,,,fanduel,130,,oddsapi
2026-10-05T21:00:06Z,2026-10-05,WPG @ PIT,3da179dc46d7f7a5f06637fcd97ce367,p2_ml3,WPG,,,fanduel,220,,oddsapi
2026-10-05T21:00:06Z,2026-10-05,WPG @ PIT,3da179dc46d7f7a5f06637fcd97ce367,p2_ml3,draw,,,fanduel,210,,oddsapi
2026-10-05T21:00:06Z,2026-10-05,WPG @ PIT,3da179dc46d7f7a5f06637fcd97ce367,p3_ml3,PIT,,,fanduel,110,,oddsapi
2026-10-05T21:00:06Z,2026-10-05,WPG @ PIT,3da179dc46d7f7a5f06637fcd97ce367,p3_ml3,WPG,,,fanduel,210,,oddsapi
2026-10-05T21:00:06Z,2026-10-05,WPG @ PIT,3da179dc46d7f7a5f06637fcd97ce367,p3_ml3,draw,,,fanduel,270,,oddsapi
2026-10-05T21:00:06Z,2026-10-05,WPG @ PIT,3da179dc46d7f7a5f06637fcd97ce367,p1_ml,PIT,,,fanduel,-164,128,oddsapi
2026-10-05T21:00:06Z,2026-10-05,WPG @ PIT,3da179dc46d7f7a5f06637fcd97ce367,p1_ml,WPG,,,fanduel,128,-164,oddsapi
2026-10-05T21:00:06Z,2026-10-05,WPG @ PIT,3da179dc46d7f7a5f06637fcd97ce367,p2_ml,PIT,,,fanduel,-164,128,oddsapi
2026-10-05T21:00:06Z,2026-10-05,WPG @ PIT,3da179dc46d7f7a5f06637fcd97ce367,p2_ml,WPG,,,fanduel,128,-164,oddsapi
2026-10-05T21:00:06Z,2026-10-05,WPG @ PIT,3da179dc46d7f7a5f06637fcd97ce367,p3_ml,PIT,,,fanduel,-168,132,oddsapi
2026-10-05T21:00:06Z,2026-10-05,WPG @ PIT,3da179dc46d7f7a5f06637fcd97ce367,p3_ml,WPG,,,fanduel,132,-168,oddsapi
2026-10-05T21:00:06Z,2026-10-05,WPG @ PIT,3da179dc46d7f7a5f06637fcd97ce367,ags,yes,Sidney Crosby,,fanduel,165,,oddsapi
2026-10-05T21:00:06Z,2026-10-05,WPG @ PIT,3da179dc46d7f7a5f06637fcd97ce367,ags,yes,Kyle Connor,,fanduel,170,,oddsapi
2026-10-05T21:00:06Z,2026-10-05,WPG @ PIT,3da179dc46d7f7a5f06637fcd97ce367,ags,yes,Rickard Rakell,,fanduel,195,,oddsapi
2026-10-05T21:00:06Z,2026-10-05,WPG @ PIT,3da179dc46d7f7a5f06637fcd97ce367,ags,yes,Evgeni Malkin,,fanduel,230,,oddsapi
2026-10-05T21:00:06Z,2026-10-05,WPG @ PIT,3da179dc46d7f7a5f06637fcd97ce367,ags,yes,Mark Scheifele,,fanduel,230,,oddsapi
2026-10-05T21:00:06Z,2026-10-05,WPG @ PIT,3da179dc46d7f7a5f06637fcd97ce367,ags,yes,Yegor Chinakhov,,fanduel,240,,oddsapi
2026-10-05T21:00:06Z,2026-10-05,WPG @ PIT,3da179dc46d7f7a5f06637fcd97ce367,ags,yes,Gabriel Vilardi,,fanduel,250,,oddsapi
2026-10-05T21:00:06Z,2026-10-05,WPG @ PIT,3da179dc46d7f7a5f06637fcd97ce367,ags,yes,Cole Perfetti,,fanduel,280,,oddsapi
2026-10-05T21:00:06Z,2026-10-05,WPG @ PIT,3da179dc46d7f7a5f06637fcd97ce367,ags,yes,Nick Robertson,,fanduel,290,,oddsapi
2026-10-05T21:00:06Z,2026-10-05,WPG @ PIT,3da179dc46d7f7a5f06637fcd97ce367,ags,yes,Ben Kindel,,fanduel,290,,oddsapi
2026-10-05T21:00:06Z,2026-10-05,WPG @ PIT,3da179dc46d7f7a5f06637fcd97ce367,ags,yes,Tommy Novak,,fanduel,300,,oddsapi
2026-10-05T21:00:06Z,2026-10-05,WPG @ PIT,3da179dc46d7f7a5f06637fcd97ce367,ags,yes,Andrei Kuzmenko,,fanduel,360,,oddsapi
2026-10-05T21:00:06Z,2026-10-05,WPG @ PIT,3da179dc46d7f7a5f06637fcd97ce367,ags,yes,Erik Karlsson,,fanduel,380,,oddsapi
2026-10-05T21:00:06Z,2026-10-05,WPG @ PIT,3da179dc46d7f7a5f06637fcd97ce367,ags,yes,Viggo Bjorck,,fanduel,400,,oddsapi
2026-10-05T21:00:06Z,2026-10-05,WPG @ PIT,3da179dc46d7f7a5f06637fcd97ce367,ags,yes,Isak Rosen,,fanduel,500,,oddsapi
2026-10-05T21:00:06Z,2026-10-05,WPG @ PIT,3da179dc46d7f7a5f06637fcd97ce367,ags,yes,Nino Niederreiter,,fanduel,500,,oddsapi
2026-10-05T21:00:06Z,2026-10-05,WPG @ PIT,3da179dc46d7f7a5f06637fcd97ce367,ags,yes,Ville Koivunen,,fanduel,525,,oddsapi
2026-10-05T21:00:06Z,2026-10-05,WPG @ PIT,3da179dc46d7f7a5f06637fcd97ce367,ags,yes,Josh Morrissey,,fanduel,550,,oddsapi
2026-10-05T21:00:06Z,2026-10-05,WPG @ PIT,3da179dc46d7f7a5f06637fcd97ce367,ags,yes,Hendrix Lapierre,,fanduel,575,,oddsapi
2026-10-05T21:00:06Z,2026-10-05,WPG @ PIT,3da179dc46d7f7a5f06637fcd97ce367,ags,yes,Vladislav Namestnikov,,fanduel,575,,oddsapi
2026-10-05T21:00:06Z,2026-10-05,WPG @ PIT,3da179dc46d7f7a5f06637fcd97ce367,ags,yes,Connor Dewar,,fanduel,600,,oddsapi
2026-10-05T21:00:06Z,2026-10-05,WPG @ PIT,3da179dc46d7f7a5f06637fcd97ce367,ags,yes,Adam Lowry,,fanduel,625,,oddsapi
2026-10-05T21:00:06Z,2026-10-05,WPG @ PIT,3da179dc46d7f7a5f06637fcd97ce367,ags,yes,Alex Iafallo,,fanduel,650,,oddsapi
2026-10-05T21:00:06Z,2026-10-05,WPG @ PIT,3da179dc46d7f7a5f06637fcd97ce367,ags,yes,Blake Lizotte,,fanduel,700,,oddsapi
2026-10-05T21:00:06Z,2026-10-05,WPG @ PIT,3da179dc46d7f7a5f06637fcd97ce367,ags,yes,Brad Lambert,,fanduel,725,,oddsapi
2026-10-05T21:00:06Z,2026-10-05,WPG @ PIT,3da179dc46d7f7a5f06637fcd97ce367,ags,yes,Kris Letang,,fanduel,750,,oddsapi
2026-10-05T21:00:06Z,2026-10-05,WPG @ PIT,3da179dc46d7f7a5f06637fcd97ce367,ags,yes,Morgan Barron,,fanduel,800,,oddsapi
2026-10-05T21:00:06Z,2026-10-05,WPG @ PIT,3da179dc46d7f7a5f06637fcd97ce367,ags,yes,Samuel Girard,,fanduel,850,,oddsapi
2026-10-05T21:00:06Z,2026-10-05,WPG @ PIT,3da179dc46d7f7a5f06637fcd97ce367,ags,yes,Neal Pionk,,fanduel,850,,oddsapi
2026-10-05T21:00:06Z,2026-10-05,WPG @ PIT,3da179dc46d7f7a5f06637fcd97ce367,ags,yes,Declan Carlile,,fanduel,1100,,oddsapi
2026-10-05T21:00:06Z,2026-10-05,WPG @ PIT,3da179dc46d7f7a5f06637fcd97ce367,ags,yes,Kaedan Korczak,,fanduel,1600,,oddsapi
2026-10-05T21:00:06Z,2026-10-05,WPG @ PIT,3da179dc46d7f7a5f06637fcd97ce367,ags,yes,Trevor van Riemsdyk,,fanduel,1700,,oddsapi
2026-10-05T21:00:06Z,2026-10-05,WPG @ PIT,3da179dc46d7f7a5f06637fcd97ce367,ags,yes,Mario Ferraro,,fanduel,1800,,oddsapi
2026-10-05T21:00:06Z,2026-10-05,WPG @ PIT,3da179dc46d7f7a5f06637fcd97ce367,ags,yes,Dylan Samberg,,fanduel,1800,,oddsapi
2026-10-05T21:00:06Z,2026-10-05,WPG @ PIT,3da179dc46d7f7a5f06637fcd97ce367,ags,yes,Dylan DeMelo,,fanduel,1900,,oddsapi
2026-10-05T21:00:06Z,2026-10-05,WPG @ PIT,3da179dc46d7f7a5f06637fcd97ce367,fgs,yes,Kyle Connor,,fanduel,1100,,oddsapi
2026-10-05T21:00:06Z,2026-10-05,WPG @ PIT,3da179dc46d7f7a5f06637fcd97ce367,fgs,yes,Sidney Crosby,,fanduel,1100,,oddsapi
2026-10-05T21:00:06Z,2026-10-05,WPG @ PIT,3da179dc46d7f7a5f06637fcd97ce367,fgs,yes,Evgeni Malkin,,fanduel,1400,,oddsapi
2026-10-05T21:00:06Z,2026-10-05,WPG @ PIT,3da179dc46d7f7a5f06637fcd97ce367,fgs,yes,Rickard Rakell,,fanduel,1400,,oddsapi
2026-10-05T21:00:06Z,2026-10-05,WPG @ PIT,3da179dc46d7f7a5f06637fcd97ce367,fgs,yes,Mark Scheifele,,fanduel,1500,,oddsapi
2026-10-05T21:00:06Z,2026-10-05,WPG @ PIT,3da179dc46d7f7a5f06637fcd97ce367,fgs,yes,Yegor Chinakhov,,fanduel,1700,,oddsapi
2026-10-05T21:00:06Z,2026-10-05,WPG @ PIT,3da179dc46d7f7a5f06637fcd97ce367,fgs,yes,Cole Perfetti,,fanduel,1800,,oddsapi
2026-10-05T21:00:06Z,2026-10-05,WPG @ PIT,3da179dc46d7f7a5f06637fcd97ce367,fgs,yes,Nick Robertson,,fanduel,1800,,oddsapi
2026-10-05T21:00:06Z,2026-10-05,WPG @ PIT,3da179dc46d7f7a5f06637fcd97ce367,fgs,yes,Gabriel Vilardi,,fanduel,1800,,oddsapi
2026-10-05T21:00:06Z,2026-10-05,WPG @ PIT,3da179dc46d7f7a5f06637fcd97ce367,fgs,yes,Ben Kindel,,fanduel,1900,,oddsapi
2026-10-05T21:00:06Z,2026-10-05,WPG @ PIT,3da179dc46d7f7a5f06637fcd97ce367,fgs,yes,Andrei Kuzmenko,,fanduel,2000,,oddsapi
2026-10-05T21:00:06Z,2026-10-05,WPG @ PIT,3da179dc46d7f7a5f06637fcd97ce367,fgs,yes,Tommy Novak,,fanduel,2000,,oddsapi
2026-10-05T21:00:06Z,2026-10-05,WPG @ PIT,3da179dc46d7f7a5f06637fcd97ce367,fgs,yes,Viggo Bjorck,,fanduel,2200,,oddsapi
2026-10-05T21:00:06Z,2026-10-05,WPG @ PIT,3da179dc46d7f7a5f06637fcd97ce367,fgs,yes,Erik Karlsson,,fanduel,2200,,oddsapi
2026-10-05T21:00:06Z,2026-10-05,WPG @ PIT,3da179dc46d7f7a5f06637fcd97ce367,fgs,yes,Nino Niederreiter,,fanduel,3000,,oddsapi
2026-10-05T21:00:06Z,2026-10-05,WPG @ PIT,3da179dc46d7f7a5f06637fcd97ce367,fgs,yes,Isak Rosen,,fanduel,3000,,oddsapi
2026-10-05T21:00:06Z,2026-10-05,WPG @ PIT,3da179dc46d7f7a5f06637fcd97ce367,fgs,yes,Josh Morrissey,,fanduel,3000,,oddsapi
2026-10-05T21:00:06Z,2026-10-05,WPG @ PIT,3da179dc46d7f7a5f06637fcd97ce367,fgs,yes,Ville Koivunen,,fanduel,3000,,oddsapi
2026-10-05T21:00:06Z,2026-10-05,WPG @ PIT,3da179dc46d7f7a5f06637fcd97ce367,fgs,yes,Hendrix Lapierre,,fanduel,3300,,oddsapi
2026-10-05T21:00:06Z,2026-10-05,WPG @ PIT,3da179dc46d7f7a5f06637fcd97ce367,fgs,yes,Connor Dewar,,fanduel,3300,,oddsapi
2026-10-05T21:00:06Z,2026-10-05,WPG @ PIT,3da179dc46d7f7a5f06637fcd97ce367,fgs,yes,Vladislav Namestnikov,,fanduel,3500,,oddsapi
2026-10-05T21:00:06Z,2026-10-05,WPG @ PIT,3da179dc46d7f7a5f06637fcd97ce367,fgs,yes,Blake Lizotte,,fanduel,3500,,oddsapi
2026-10-05T21:00:06Z,2026-10-05,WPG @ PIT,3da179dc46d7f7a5f06637fcd97ce367,fgs,yes,Adam Lowry,,fanduel,3500,,oddsapi
2026-10-05T21:00:06Z,2026-10-05,WPG @ PIT,3da179dc46d7f7a5f06637fcd97ce367,fgs,yes,Morgan Barron,,fanduel,4000,,oddsapi
2026-10-05T21:00:06Z,2026-10-05,WPG @ PIT,3da179dc46d7f7a5f06637fcd97ce367,fgs,yes,Kris Letang,,fanduel,4000,,oddsapi
2026-10-05T21:00:06Z,2026-10-05,WPG @ PIT,3da179dc46d7f7a5f06637fcd97ce367,fgs,yes,Alex Iafallo,,fanduel,4000,,oddsapi
2026-10-05T21:00:06Z,2026-10-05,WPG @ PIT,3da179dc46d7f7a5f06637fcd97ce367,fgs,yes,Brad Lambert,,fanduel,4000,,oddsapi
2026-10-05T21:00:06Z,2026-10-05,WPG @ PIT,3da179dc46d7f7a5f06637fcd97ce367,fgs,yes,Neal Pionk,,fanduel,4500,,oddsapi
2026-10-05T21:00:06Z,2026-10-05,WPG @ PIT,3da179dc46d7f7a5f06637fcd97ce367,fgs,yes,Samuel Girard,,fanduel,4500,,oddsapi
2026-10-05T21:00:06Z,2026-10-05,WPG @ PIT,3da179dc46d7f7a5f06637fcd97ce367,fgs,yes,Declan Carlile,,fanduel,7000,,oddsapi
2026-10-05T21:00:06Z,2026-10-05,WPG @ PIT,3da179dc46d7f7a5f06637fcd97ce367,fgs,yes,Kaedan Korczak,,fanduel,7500,,oddsapi
2026-10-05T21:00:06Z,2026-10-05,WPG @ PIT,3da179dc46d7f7a5f06637fcd97ce367,fgs,yes,Trevor van Riemsdyk,,fanduel,8000,,oddsapi
2026-10-05T21:00:06Z,2026-10-05,WPG @ PIT,3da179dc46d7f7a5f06637fcd97ce367,fgs,yes,Dylan Samberg,,fanduel,8000,,oddsapi
2026-10-05T21:00:06Z,2026-10-05,WPG @ PIT,3da179dc46d7f7a5f06637fcd97ce367,fgs,yes,Mario Ferraro,,fanduel,10000,,oddsapi
2026-10-05T21:00:06Z,2026-10-05,WPG @ PIT,3da179dc46d7f7a5f06637fcd97ce367,fgs,yes,Dylan DeMelo,,fanduel,10000,,oddsapi
2026-10-05T21:00:06Z,2026-10-05,WPG @ PIT,3da179dc46d7f7a5f06637fcd97ce367,sk_g,over,Mark Scheifele,0.5,fanduel,230,-320,oddsapi
2026-10-05T21:00:06Z,2026-10-05,WPG @ PIT,3da179dc46d7f7a5f06637fcd97ce367,sk_g,under,Mark Scheifele,0.5,fanduel,-320,230,oddsapi
2026-10-05T21:00:06Z,2026-10-05,WPG @ PIT,3da179dc46d7f7a5f06637fcd97ce367,sk_g,over,Cole Perfetti,0.5,fanduel,280,-420,oddsapi
2026-10-05T21:00:06Z,2026-10-05,WPG @ PIT,3da179dc46d7f7a5f06637fcd97ce367,sk_g,under,Cole Perfetti,0.5,fanduel,-420,280,oddsapi
2026-10-05T21:00:06Z,2026-10-05,WPG @ PIT,3da179dc46d7f7a5f06637fcd97ce367,sk_g,over,Gabriel Vilardi,0.5,fanduel,250,-360,oddsapi
2026-10-05T21:00:06Z,2026-10-05,WPG @ PIT,3da179dc46d7f7a5f06637fcd97ce367,sk_g,under,Gabriel Vilardi,0.5,fanduel,-360,250,oddsapi
2026-10-05T21:00:06Z,2026-10-05,WPG @ PIT,3da179dc46d7f7a5f06637fcd97ce367,sk_g,over,Yegor Chinakhov,0.5,fanduel,240,-350,oddsapi
2026-10-05T21:00:06Z,2026-10-05,WPG @ PIT,3da179dc46d7f7a5f06637fcd97ce367,sk_g,under,Yegor Chinakhov,0.5,fanduel,-350,240,oddsapi
2026-10-05T21:00:06Z,2026-10-05,WPG @ PIT,3da179dc46d7f7a5f06637fcd97ce367,sk_g,over,Evgeni Malkin,0.5,fanduel,230,-320,oddsapi
2026-10-05T21:00:06Z,2026-10-05,WPG @ PIT,3da179dc46d7f7a5f06637fcd97ce367,sk_g,under,Evgeni Malkin,0.5,fanduel,-320,230,oddsapi
2026-10-05T21:00:06Z,2026-10-05,WPG @ PIT,3da179dc46d7f7a5f06637fcd97ce367,sk_g,over,Sidney Crosby,0.5,fanduel,165,-230,oddsapi
2026-10-05T21:00:06Z,2026-10-05,WPG @ PIT,3da179dc46d7f7a5f06637fcd97ce367,sk_g,under,Sidney Crosby,0.5,fanduel,-230,165,oddsapi
2026-10-05T21:00:06Z,2026-10-05,WPG @ PIT,3da179dc46d7f7a5f06637fcd97ce367,sk_g,over,Rickard Rakell,0.5,fanduel,195,-270,oddsapi
2026-10-05T21:00:06Z,2026-10-05,WPG @ PIT,3da179dc46d7f7a5f06637fcd97ce367,sk_g,under,Rickard Rakell,0.5,fanduel,-270,195,oddsapi
2026-10-05T21:00:06Z,2026-10-05,WPG @ PIT,3da179dc46d7f7a5f06637fcd97ce367,sk_g,over,Kyle Connor,0.5,fanduel,170,-230,oddsapi
2026-10-05T21:00:06Z,2026-10-05,WPG @ PIT,3da179dc46d7f7a5f06637fcd97ce367,sk_g,under,Kyle Connor,0.5,fanduel,-230,170,oddsapi
2026-10-05T21:00:06Z,2026-10-05,WPG @ PIT,3da179dc46d7f7a5f06637fcd97ce367,sk_sog,over,Mark Scheifele,1.5,fanduel,-160,122,oddsapi
2026-10-05T21:00:06Z,2026-10-05,WPG @ PIT,3da179dc46d7f7a5f06637fcd97ce367,sk_sog,under,Mark Scheifele,1.5,fanduel,122,-160,oddsapi
2026-10-05T21:00:06Z,2026-10-05,WPG @ PIT,3da179dc46d7f7a5f06637fcd97ce367,sk_sog,over,Cole Perfetti,2.5,fanduel,120,-156,oddsapi
2026-10-05T21:00:06Z,2026-10-05,WPG @ PIT,3da179dc46d7f7a5f06637fcd97ce367,sk_sog,under,Cole Perfetti,2.5,fanduel,-156,120,oddsapi
2026-10-05T21:00:06Z,2026-10-05,WPG @ PIT,3da179dc46d7f7a5f06637fcd97ce367,sk_sog,over,Josh Morrissey,1.5,fanduel,-165,126,oddsapi
2026-10-05T21:00:06Z,2026-10-05,WPG @ PIT,3da179dc46d7f7a5f06637fcd97ce367,sk_sog,under,Josh Morrissey,1.5,fanduel,126,-165,oddsapi
2026-10-05T21:00:06Z,2026-10-05,WPG @ PIT,3da179dc46d7f7a5f06637fcd97ce367,sk_sog,over,Yegor Chinakhov,2.5,fanduel,114,-148,oddsapi
2026-10-05T21:00:06Z,2026-10-05,WPG @ PIT,3da179dc46d7f7a5f06637fcd97ce367,sk_sog,under,Yegor Chinakhov,2.5,fanduel,-148,114,oddsapi
2026-10-05T21:00:06Z,2026-10-05,WPG @ PIT,3da179dc46d7f7a5f06637fcd97ce367,sk_sog,over,Sidney Crosby,2.5,fanduel,-125,-104,oddsapi
2026-10-05T21:00:06Z,2026-10-05,WPG @ PIT,3da179dc46d7f7a5f06637fcd97ce367,sk_sog,under,Sidney Crosby,2.5,fanduel,-104,-125,oddsapi
2026-10-05T21:00:06Z,2026-10-05,WPG @ PIT,3da179dc46d7f7a5f06637fcd97ce367,sk_sog,over,Kyle Connor,3.5,fanduel,138,-182,oddsapi
2026-10-05T21:00:06Z,2026-10-05,WPG @ PIT,3da179dc46d7f7a5f06637fcd97ce367,sk_sog,under,Kyle Connor,3.5,fanduel,-182,138,oddsapi
2026-10-05T21:00:06Z,2026-10-05,WPG @ PIT,3da179dc46d7f7a5f06637fcd97ce367,sk_sog,over,Rickard Rakell,2.5,fanduel,-138,106,oddsapi
2026-10-05T21:00:06Z,2026-10-05,WPG @ PIT,3da179dc46d7f7a5f06637fcd97ce367,sk_sog,under,Rickard Rakell,2.5,fanduel,106,-138,oddsapi
2026-10-05T21:00:06Z,2026-10-05,WPG @ PIT,3da179dc46d7f7a5f06637fcd97ce367,sk_sog,over,Evgeni Malkin,2.5,fanduel,122,-160,oddsapi
2026-10-05T21:00:06Z,2026-10-05,WPG @ PIT,3da179dc46d7f7a5f06637fcd97ce367,sk_sog,under,Evgeni Malkin,2.5,fanduel,-160,122,oddsapi
2026-10-05T21:00:06Z,2026-10-05,WPG @ PIT,3da179dc46d7f7a5f06637fcd97ce367,sk_sog,over,Erik Karlsson,2.5,fanduel,-106,-122,oddsapi
2026-10-05T21:00:06Z,2026-10-05,WPG @ PIT,3da179dc46d7f7a5f06637fcd97ce367,sk_sog,under,Erik Karlsson,2.5,fanduel,-122,-106,oddsapi
2026-10-05T21:00:06Z,2026-10-05,WPG @ PIT,3da179dc46d7f7a5f06637fcd97ce367,g_saves,over,Sergei Murashov,22.5,fanduel,-118,-112,oddsapi
2026-10-05T21:00:06Z,2026-10-05,WPG @ PIT,3da179dc46d7f7a5f06637fcd97ce367,g_saves,under,Sergei Murashov,22.5,fanduel,-112,-118,oddsapi
2026-10-05T21:00:06Z,2026-10-05,WPG @ PIT,3da179dc46d7f7a5f06637fcd97ce367,p1_pl,PIT,,-0.5,fanduel,136,-174,oddsapi
2026-10-05T21:00:06Z,2026-10-05,WPG @ PIT,3da179dc46d7f7a5f06637fcd97ce367,p1_pl,WPG,,0.5,fanduel,-174,136,oddsapi
2026-10-05T21:00:06Z,2026-10-05,WPG @ PIT,3da179dc46d7f7a5f06637fcd97ce367,p2_pl,PIT,,-0.5,fanduel,128,-164,oddsapi
2026-10-05T21:00:06Z,2026-10-05,WPG @ PIT,3da179dc46d7f7a5f06637fcd97ce367,p2_pl,WPG,,0.5,fanduel,-164,128,oddsapi
2026-10-05T21:00:06Z,2026-10-05,WPG @ PIT,3da179dc46d7f7a5f06637fcd97ce367,p3_pl,PIT,,-0.5,fanduel,110,-140,oddsapi
2026-10-05T21:00:06Z,2026-10-05,WPG @ PIT,3da179dc46d7f7a5f06637fcd97ce367,p3_pl,WPG,,0.5,fanduel,-140,110,oddsapi
2026-10-05T21:00:06Z,2026-10-05,WPG @ PIT,3da179dc46d7f7a5f06637fcd97ce367,team_total,over,PIT,3.5,fanduel,-116,-110,oddsapi
2026-10-05T21:00:06Z,2026-10-05,WPG @ PIT,3da179dc46d7f7a5f06637fcd97ce367,team_total,under,PIT,3.5,fanduel,-110,-116,oddsapi
2026-10-05T21:00:06Z,2026-10-05,WPG @ PIT,3da179dc46d7f7a5f06637fcd97ce367,team_total,over,WPG,3.5,fanduel,178,-235,oddsapi
2026-10-05T21:00:06Z,2026-10-05,WPG @ PIT,3da179dc46d7f7a5f06637fcd97ce367,team_total,under,WPG,3.5,fanduel,-235,178,oddsapi
2026-10-05T21:00:06Z,2026-10-05,WPG @ PIT,3da179dc46d7f7a5f06637fcd97ce367,p1_team_total,over,PIT,0.5,fanduel,-215,162,oddsapi
2026-10-05T21:00:06Z,2026-10-05,WPG @ PIT,3da179dc46d7f7a5f06637fcd97ce367,p1_team_total,under,PIT,0.5,fanduel,162,-215,oddsapi
2026-10-05T21:00:06Z,2026-10-05,WPG @ PIT,3da179dc46d7f7a5f06637fcd97ce367,p1_team_total,over,WPG,0.5,fanduel,-144,114,oddsapi
2026-10-05T21:00:06Z,2026-10-05,WPG @ PIT,3da179dc46d7f7a5f06637fcd97ce367,p1_team_total,under,WPG,0.5,fanduel,114,-144,oddsapi
2026-10-05T21:00:06Z,2026-10-05,WPG @ PIT,3da179dc46d7f7a5f06637fcd97ce367,p1_total,over,,1.5,fanduel,-138,108,oddsapi
2026-10-05T21:00:06Z,2026-10-05,WPG @ PIT,3da179dc46d7f7a5f06637fcd97ce367,p1_total,under,,1.5,fanduel,108,-138,oddsapi
2026-10-05T21:00:06Z,2026-10-05,WPG @ PIT,3da179dc46d7f7a5f06637fcd97ce367,p2_total,over,,1.5,fanduel,-190,146,oddsapi
2026-10-05T21:00:06Z,2026-10-05,WPG @ PIT,3da179dc46d7f7a5f06637fcd97ce367,p2_total,under,,1.5,fanduel,146,-190,oddsapi
2026-10-05T21:00:06Z,2026-10-05,WPG @ PIT,3da179dc46d7f7a5f06637fcd97ce367,p3_total,over,,2.5,fanduel,132,-168,oddsapi
2026-10-05T21:00:06Z,2026-10-05,WPG @ PIT,3da179dc46d7f7a5f06637fcd97ce367,p3_total,under,,2.5,fanduel,-168,132,oddsapi
2026-10-05T21:00:06Z,2026-10-05,WPG @ PIT,3da179dc46d7f7a5f06637fcd97ce367,team_total_alt,over,PIT,2.5,betrivers,-315,215,oddsapi
2026-10-05T21:00:06Z,2026-10-05,WPG @ PIT,3da179dc46d7f7a5f06637fcd97ce367,team_total_alt,under,PIT,2.5,betrivers,215,-315,oddsapi
2026-10-05T21:00:06Z,2026-10-05,WPG @ PIT,3da179dc46d7f7a5f06637fcd97ce367,team_total_alt,over,PIT,3.5,betrivers,-124,-110,oddsapi
2026-10-05T21:00:06Z,2026-10-05,WPG @ PIT,3da179dc46d7f7a5f06637fcd97ce367,team_total_alt,under,PIT,3.5,betrivers,-110,-124,oddsapi
2026-10-05T21:00:06Z,2026-10-05,WPG @ PIT,3da179dc46d7f7a5f06637fcd97ce367,team_total_alt,over,PIT,4.5,betrivers,188,-275,oddsapi
2026-10-05T21:00:06Z,2026-10-05,WPG @ PIT,3da179dc46d7f7a5f06637fcd97ce367,team_total_alt,under,PIT,4.5,betrivers,-275,188,oddsapi
2026-10-05T21:00:06Z,2026-10-05,WPG @ PIT,3da179dc46d7f7a5f06637fcd97ce367,team_total_alt,over,PIT,5.5,betrivers,410,-770,oddsapi
2026-10-05T21:00:06Z,2026-10-05,WPG @ PIT,3da179dc46d7f7a5f06637fcd97ce367,team_total_alt,under,PIT,5.5,betrivers,-770,410,oddsapi
2026-10-05T21:00:06Z,2026-10-05,WPG @ PIT,3da179dc46d7f7a5f06637fcd97ce367,team_total_alt,over,WPG,2.5,betrivers,-137,102,oddsapi
2026-10-05T21:00:06Z,2026-10-05,WPG @ PIT,3da179dc46d7f7a5f06637fcd97ce367,team_total_alt,under,WPG,2.5,betrivers,102,-137,oddsapi
2026-10-05T21:00:06Z,2026-10-05,WPG @ PIT,3da179dc46d7f7a5f06637fcd97ce367,team_total_alt,over,WPG,1.5,betrivers,-435,285,oddsapi
2026-10-05T21:00:06Z,2026-10-05,WPG @ PIT,3da179dc46d7f7a5f06637fcd97ce367,team_total_alt,under,WPG,1.5,betrivers,285,-435,oddsapi
2026-10-05T21:00:06Z,2026-10-05,WPG @ PIT,3da179dc46d7f7a5f06637fcd97ce367,team_total_alt,over,WPG,3.5,betrivers,180,-265,oddsapi
2026-10-05T21:00:06Z,2026-10-05,WPG @ PIT,3da179dc46d7f7a5f06637fcd97ce367,team_total_alt,under,WPG,3.5,betrivers,-265,180,oddsapi
2026-10-05T21:00:06Z,2026-10-05,WPG @ PIT,3da179dc46d7f7a5f06637fcd97ce367,team_total_alt,over,WPG,4.5,betrivers,420,-770,oddsapi
2026-10-05T21:00:06Z,2026-10-05,WPG @ PIT,3da179dc46d7f7a5f06637fcd97ce367,team_total_alt,under,WPG,4.5,betrivers,-770,420,oddsapi
2026-10-05T21:00:06Z,2026-10-05,WPG @ PIT,3da179dc46d7f7a5f06637fcd97ce367,game_ml3,PIT,,,betrivers,-117,,oddsapi
2026-10-05T21:00:06Z,2026-10-05,WPG @ PIT,3da179dc46d7f7a5f06637fcd97ce367,game_ml3,WPG,,,betrivers,250,,oddsapi
2026-10-05T21:00:06Z,2026-10-05,WPG @ PIT,3da179dc46d7f7a5f06637fcd97ce367,game_ml3,draw,,,betrivers,325,,oddsapi
2026-10-05T21:00:06Z,2026-10-05,WPG @ PIT,3da179dc46d7f7a5f06637fcd97ce367,p1_ml3,PIT,,,betrivers,132,,oddsapi
2026-10-05T21:00:06Z,2026-10-05,WPG @ PIT,3da179dc46d7f7a5f06637fcd97ce367,p1_ml3,WPG,,,betrivers,230,,oddsapi
2026-10-05T21:00:06Z,2026-10-05,WPG @ PIT,3da179dc46d7f7a5f06637fcd97ce367,p1_ml3,draw,,,betrivers,190,,oddsapi
2026-10-05T21:00:06Z,2026-10-05,WPG @ PIT,3da179dc46d7f7a5f06637fcd97ce367,p2_ml3,PIT,,,betrivers,123,,oddsapi
2026-10-05T21:00:06Z,2026-10-05,WPG @ PIT,3da179dc46d7f7a5f06637fcd97ce367,p2_ml3,WPG,,,betrivers,220,,oddsapi
2026-10-05T21:00:06Z,2026-10-05,WPG @ PIT,3da179dc46d7f7a5f06637fcd97ce367,p2_ml3,draw,,,betrivers,215,,oddsapi
2026-10-05T21:00:06Z,2026-10-05,WPG @ PIT,3da179dc46d7f7a5f06637fcd97ce367,p3_ml3,PIT,,,betrivers,118,,oddsapi
2026-10-05T21:00:06Z,2026-10-05,WPG @ PIT,3da179dc46d7f7a5f06637fcd97ce367,p3_ml3,WPG,,,betrivers,215,,oddsapi
2026-10-05T21:00:06Z,2026-10-05,WPG @ PIT,3da179dc46d7f7a5f06637fcd97ce367,p3_ml3,draw,,,betrivers,235,,oddsapi
2026-10-05T21:00:06Z,2026-10-05,WPG @ PIT,3da179dc46d7f7a5f06637fcd97ce367,ags,yes,Erik Karlsson,,betrivers,410,,oddsapi
2026-10-05T21:00:06Z,2026-10-05,WPG @ PIT,3da179dc46d7f7a5f06637fcd97ce367,ags,yes,Cole Perfetti,,betrivers,255,,oddsapi
2026-10-05T21:00:06Z,2026-10-05,WPG @ PIT,3da179dc46d7f7a5f06637fcd97ce367,ags,yes,Neal Pionk,,betrivers,700,,oddsapi
2026-10-05T21:00:06Z,2026-10-05,WPG @ PIT,3da179dc46d7f7a5f06637fcd97ce367,ags,yes,Mark Scheifele,,betrivers,235,,oddsapi
2026-10-05T21:00:06Z,2026-10-05,WPG @ PIT,3da179dc46d7f7a5f06637fcd97ce367,ags,yes,Gabriel Vilardi,,betrivers,260,,oddsapi
2026-10-05T21:00:06Z,2026-10-05,WPG @ PIT,3da179dc46d7f7a5f06637fcd97ce367,ags,yes,Ben Kindel,,betrivers,300,,oddsapi
2026-10-05T21:00:06Z,2026-10-05,WPG @ PIT,3da179dc46d7f7a5f06637fcd97ce367,ags,yes,Rickard Rakell,,betrivers,200,,oddsapi
2026-10-05T21:00:06Z,2026-10-05,WPG @ PIT,3da179dc46d7f7a5f06637fcd97ce367,ags,yes,Tommy Novak,,betrivers,335,,oddsapi
2026-10-05T21:00:06Z,2026-10-05,WPG @ PIT,3da179dc46d7f7a5f06637fcd97ce367,ags,yes,Brad Lambert,,betrivers,600,,oddsapi
2026-10-05T21:00:06Z,2026-10-05,WPG @ PIT,3da179dc46d7f7a5f06637fcd97ce367,ags,yes,Nino Niederreiter,,betrivers,500,,oddsapi
2026-10-05T21:00:06Z,2026-10-05,WPG @ PIT,3da179dc46d7f7a5f06637fcd97ce367,ags,yes,Vladislav Namestnikov,,betrivers,575,,oddsapi
2026-10-05T21:00:06Z,2026-10-05,WPG @ PIT,3da179dc46d7f7a5f06637fcd97ce367,ags,yes,Dylan Samberg,,betrivers,800,,oddsapi
2026-10-05T21:00:06Z,2026-10-05,WPG @ PIT,3da179dc46d7f7a5f06637fcd97ce367,ags,yes,Kaedan Korczak,,betrivers,850,,oddsapi
2026-10-05T21:00:06Z,2026-10-05,WPG @ PIT,3da179dc46d7f7a5f06637fcd97ce367,ags,yes,Tyrel Bauer,,betrivers,900,,oddsapi
2026-10-05T21:00:06Z,2026-10-05,WPG @ PIT,3da179dc46d7f7a5f06637fcd97ce367,ags,yes,Blake Lizotte,,betrivers,480,,oddsapi
2026-10-05T21:00:06Z,2026-10-05,WPG @ PIT,3da179dc46d7f7a5f06637fcd97ce367,ags,yes,Hendrix Lapierre,,betrivers,510,,oddsapi
2026-10-05T21:00:06Z,2026-10-05,WPG @ PIT,3da179dc46d7f7a5f06637fcd97ce367,ags,yes,Filip Hallander,,betrivers,430,,oddsapi
2026-10-05T21:00:06Z,2026-10-05,WPG @ PIT,3da179dc46d7f7a5f06637fcd97ce367,ags,yes,Evgeni Malkin,,betrivers,210,,oddsapi
2026-10-05T21:00:06Z,2026-10-05,WPG @ PIT,3da179dc46d7f7a5f06637fcd97ce367,ags,yes,Dylan DeMelo,,betrivers,750,,oddsapi
2026-10-05T21:00:06Z,2026-10-05,WPG @ PIT,3da179dc46d7f7a5f06637fcd97ce367,ags,yes,Kyle Connor,,betrivers,155,,oddsapi
2026-10-05T21:00:06Z,2026-10-05,WPG @ PIT,3da179dc46d7f7a5f06637fcd97ce367,ags,yes,Isak Rosen,,betrivers,475,,oddsapi
2026-10-05T21:00:06Z,2026-10-05,WPG @ PIT,3da179dc46d7f7a5f06637fcd97ce367,ags,yes,Kris Letang,,betrivers,650,,oddsapi
2026-10-05T21:00:06Z,2026-10-05,WPG @ PIT,3da179dc46d7f7a5f06637fcd97ce367,ags,yes,Trevor van Riemsdyk,,betrivers,700,,oddsapi
2026-10-05T21:00:06Z,2026-10-05,WPG @ PIT,3da179dc46d7f7a5f06637fcd97ce367,ags,yes,Morgan Barron,,betrivers,650,,oddsapi
2026-10-05T21:00:06Z,2026-10-05,WPG @ PIT,3da179dc46d7f7a5f06637fcd97ce367,ags,yes,Viggo Bjorck,,betrivers,430,,oddsapi
2026-10-05T21:00:06Z,2026-10-05,WPG @ PIT,3da179dc46d7f7a5f06637fcd97ce367,ags,yes,Alex Iafallo,,betrivers,525,,oddsapi
2026-10-05T21:00:06Z,2026-10-05,WPG @ PIT,3da179dc46d7f7a5f06637fcd97ce367,ags,yes,Samuel Girard,,betrivers,700,,oddsapi
2026-10-05T21:00:06Z,2026-10-05,WPG @ PIT,3da179dc46d7f7a5f06637fcd97ce367,ags,yes,Declan Carlile,,betrivers,650,,oddsapi
2026-10-05T21:00:06Z,2026-10-05,WPG @ PIT,3da179dc46d7f7a5f06637fcd97ce367,ags,yes,Josh Morrissey,,betrivers,650,,oddsapi
2026-10-05T21:00:06Z,2026-10-05,WPG @ PIT,3da179dc46d7f7a5f06637fcd97ce367,ags,yes,Yegor Chinakhov,,betrivers,215,,oddsapi
2026-10-05T21:00:06Z,2026-10-05,WPG @ PIT,3da179dc46d7f7a5f06637fcd97ce367,ags,yes,Mario Ferraro,,betrivers,1000,,oddsapi
2026-10-05T21:00:06Z,2026-10-05,WPG @ PIT,3da179dc46d7f7a5f06637fcd97ce367,ags,yes,Adam Lowry,,betrivers,650,,oddsapi
2026-10-05T21:00:06Z,2026-10-05,WPG @ PIT,3da179dc46d7f7a5f06637fcd97ce367,ags,yes,Andrei Kuzmenko,,betrivers,325,,oddsapi
2026-10-05T21:00:06Z,2026-10-05,WPG @ PIT,3da179dc46d7f7a5f06637fcd97ce367,ags,yes,Sidney Crosby,,betrivers,170,,oddsapi
2026-10-05T21:00:06Z,2026-10-05,WPG @ PIT,3da179dc46d7f7a5f06637fcd97ce367,ags,yes,Connor Dewar,,betrivers,425,,oddsapi
2026-10-05T21:00:06Z,2026-10-05,WPG @ PIT,3da179dc46d7f7a5f06637fcd97ce367,ags,yes,Nick Robertson,,betrivers,270,,oddsapi
2026-10-05T21:00:06Z,2026-10-05,WPG @ PIT,3da179dc46d7f7a5f06637fcd97ce367,fgs,yes,Viggo Bjorck,,betrivers,1900,,oddsapi
2026-10-05T21:00:06Z,2026-10-05,WPG @ PIT,3da179dc46d7f7a5f06637fcd97ce367,fgs,yes,Trevor van Riemsdyk,,betrivers,3300,,oddsapi
2026-10-05T21:00:06Z,2026-10-05,WPG @ PIT,3da179dc46d7f7a5f06637fcd97ce367,fgs,yes,Evgeni Malkin,,betrivers,950,,oddsapi
2026-10-05T21:00:06Z,2026-10-05,WPG @ PIT,3da179dc46d7f7a5f06637fcd97ce367,fgs,yes,Mark Scheifele,,betrivers,1100,,oddsapi
2026-10-05T21:00:06Z,2026-10-05,WPG @ PIT,3da179dc46d7f7a5f06637fcd97ce367,fgs,yes,Ben Kindel,,betrivers,1300,,oddsapi
2026-10-05T21:00:06Z,2026-10-05,WPG @ PIT,3da179dc46d7f7a5f06637fcd97ce367,fgs,yes,Vladislav Namestnikov,,betrivers,2500,,oddsapi
2026-10-05T21:00:06Z,2026-10-05,WPG @ PIT,3da179dc46d7f7a5f06637fcd97ce367,fgs,yes,Sidney Crosby,,betrivers,800,,oddsapi
2026-10-05T21:00:06Z,2026-10-05,WPG @ PIT,3da179dc46d7f7a5f06637fcd97ce367,fgs,yes,Andrei Kuzmenko,,betrivers,1400,,oddsapi
2026-10-05T21:00:06Z,2026-10-05,WPG @ PIT,3da179dc46d7f7a5f06637fcd97ce367,fgs,yes,Morgan Barron,,betrivers,2900,,oddsapi
2026-10-05T21:00:06Z,2026-10-05,WPG @ PIT,3da179dc46d7f7a5f06637fcd97ce367,fgs,yes,Brad Lambert,,betrivers,2500,,oddsapi
2026-10-05T21:00:06Z,2026-10-05,WPG @ PIT,3da179dc46d7f7a5f06637fcd97ce367,fgs,yes,Kyle Connor,,betrivers,750,,oddsapi
2026-10-05T21:00:06Z,2026-10-05,WPG @ PIT,3da179dc46d7f7a5f06637fcd97ce367,fgs,yes,Samuel Girard,,betrivers,2900,,oddsapi
2026-10-05T21:00:06Z,2026-10-05,WPG @ PIT,3da179dc46d7f7a5f06637fcd97ce367,fgs,yes,Hendrix Lapierre,,betrivers,2000,,oddsapi
2026-10-05T21:00:06Z,2026-10-05,WPG @ PIT,3da179dc46d7f7a5f06637fcd97ce367,fgs,yes,Blake Lizotte,,betrivers,2000,,oddsapi
2026-10-05T21:00:06Z,2026-10-05,WPG @ PIT,3da179dc46d7f7a5f06637fcd97ce367,fgs,yes,Gabriel Vilardi,,betrivers,1200,,oddsapi
2026-10-05T21:00:06Z,2026-10-05,WPG @ PIT,3da179dc46d7f7a5f06637fcd97ce367,fgs,yes,Kris Letang,,betrivers,2500,,oddsapi
2026-10-05T21:00:06Z,2026-10-05,WPG @ PIT,3da179dc46d7f7a5f06637fcd97ce367,fgs,yes,Adam Lowry,,betrivers,2500,,oddsapi
2026-10-05T21:00:06Z,2026-10-05,WPG @ PIT,3da179dc46d7f7a5f06637fcd97ce367,fgs,yes,Tyrel Bauer,,betrivers,4000,,oddsapi
2026-10-05T21:00:06Z,2026-10-05,WPG @ PIT,3da179dc46d7f7a5f06637fcd97ce367,fgs,yes,Alex Iafallo,,betrivers,2200,,oddsapi
2026-10-05T21:00:06Z,2026-10-05,WPG @ PIT,3da179dc46d7f7a5f06637fcd97ce367,fgs,yes,Josh Morrissey,,betrivers,2900,,oddsapi
2026-10-05T21:00:06Z,2026-10-05,WPG @ PIT,3da179dc46d7f7a5f06637fcd97ce367,fgs,yes,Cole Perfetti,,betrivers,1200,,oddsapi
2026-10-05T21:00:06Z,2026-10-05,WPG @ PIT,3da179dc46d7f7a5f06637fcd97ce367,fgs,yes,Isak Rosen,,betrivers,2000,,oddsapi
2026-10-05T21:00:06Z,2026-10-05,WPG @ PIT,3da179dc46d7f7a5f06637fcd97ce367,fgs,yes,Nino Niederreiter,,betrivers,2000,,oddsapi
2026-10-05T21:00:06Z,2026-10-05,WPG @ PIT,3da179dc46d7f7a5f06637fcd97ce367,fgs,yes,Mario Ferraro,,betrivers,4500,,oddsapi
2026-10-05T21:00:06Z,2026-10-05,WPG @ PIT,3da179dc46d7f7a5f06637fcd97ce367,fgs,yes,Yegor Chinakhov,,betrivers,950,,oddsapi
2026-10-05T21:00:06Z,2026-10-05,WPG @ PIT,3da179dc46d7f7a5f06637fcd97ce367,fgs,yes,Declan Carlile,,betrivers,2800,,oddsapi
2026-10-05T21:00:06Z,2026-10-05,WPG @ PIT,3da179dc46d7f7a5f06637fcd97ce367,fgs,yes,Dylan DeMelo,,betrivers,3300,,oddsapi
2026-10-05T21:00:06Z,2026-10-05,WPG @ PIT,3da179dc46d7f7a5f06637fcd97ce367,fgs,yes,Dylan Samberg,,betrivers,4000,,oddsapi
2026-10-05T21:00:06Z,2026-10-05,WPG @ PIT,3da179dc46d7f7a5f06637fcd97ce367,fgs,yes,Filip Hallander,,betrivers,1800,,oddsapi
2026-10-05T21:00:06Z,2026-10-05,WPG @ PIT,3da179dc46d7f7a5f06637fcd97ce367,fgs,yes,Connor Dewar,,betrivers,1800,,oddsapi
2026-10-05T21:00:06Z,2026-10-05,WPG @ PIT,3da179dc46d7f7a5f06637fcd97ce367,fgs,yes,Neal Pionk,,betrivers,3000,,oddsapi
2026-10-05T21:00:06Z,2026-10-05,WPG @ PIT,3da179dc46d7f7a5f06637fcd97ce367,fgs,yes,Nick Robertson,,betrivers,1150,,oddsapi
2026-10-05T21:00:06Z,2026-10-05,WPG @ PIT,3da179dc46d7f7a5f06637fcd97ce367,fgs,yes,Tommy Novak,,betrivers,1400,,oddsapi
2026-10-05T21:00:06Z,2026-10-05,WPG @ PIT,3da179dc46d7f7a5f06637fcd97ce367,fgs,yes,Erik Karlsson,,betrivers,1700,,oddsapi
2026-10-05T21:00:06Z,2026-10-05,WPG @ PIT,3da179dc46d7f7a5f06637fcd97ce367,fgs,yes,Kaedan Korczak,,betrivers,3500,,oddsapi
2026-10-05T21:00:06Z,2026-10-05,WPG @ PIT,3da179dc46d7f7a5f06637fcd97ce367,fgs,yes,Rickard Rakell,,betrivers,950,,oddsapi
2026-10-05T21:00:06Z,2026-10-05,WPG @ PIT,3da179dc46d7f7a5f06637fcd97ce367,sk_g,over,Morgan Barron,1.5,betrivers,8000,,oddsapi
2026-10-05T21:00:06Z,2026-10-05,WPG @ PIT,3da179dc46d7f7a5f06637fcd97ce367,sk_g,over,Sidney Crosby,1.5,betrivers,850,,oddsapi
2026-10-05T21:00:06Z,2026-10-05,WPG @ PIT,3da179dc46d7f7a5f06637fcd97ce367,sk_g,over,Cole Perfetti,2.5,betrivers,12500,,oddsapi
2026-10-05T21:00:06Z,2026-10-05,WPG @ PIT,3da179dc46d7f7a5f06637fcd97ce367,sk_g,over,Kris Letang,1.5,betrivers,8000,,oddsapi
2026-10-05T21:00:06Z,2026-10-05,WPG @ PIT,3da179dc46d7f7a5f06637fcd97ce367,sk_g,over,Josh Morrissey,1.5,betrivers,9000,,oddsapi
2026-10-05T21:00:06Z,2026-10-05,WPG @ PIT,3da179dc46d7f7a5f06637fcd97ce367,sk_g,over,Kaedan Korczak,1.5,betrivers,15000,,oddsapi
2026-10-05T21:00:06Z,2026-10-05,WPG @ PIT,3da179dc46d7f7a5f06637fcd97ce367,sk_g,over,Yegor Chinakhov,2.5,betrivers,8000,,oddsapi
2026-10-05T21:00:06Z,2026-10-05,WPG @ PIT,3da179dc46d7f7a5f06637fcd97ce367,sk_g,over,Rickard Rakell,1.5,betrivers,1100,,oddsapi
2026-10-05T21:00:06Z,2026-10-05,WPG @ PIT,3da179dc46d7f7a5f06637fcd97ce367,sk_g,over,Samuel Girard,1.5,betrivers,10000,,oddsapi
2026-10-05T21:00:06Z,2026-10-05,WPG @ PIT,3da179dc46d7f7a5f06637fcd97ce367,sk_g,over,Nick Robertson,1.5,betrivers,1700,,oddsapi
2026-10-05T21:00:06Z,2026-10-05,WPG @ PIT,3da179dc46d7f7a5f06637fcd97ce367,sk_g,over,Nick Robertson,2.5,betrivers,14000,,oddsapi
2026-10-05T21:00:06Z,2026-10-05,WPG @ PIT,3da179dc46d7f7a5f06637fcd97ce367,sk_g,over,Vladislav Namestnikov,1.5,betrivers,6600,,oddsapi
2026-10-05T21:00:06Z,2026-10-05,WPG @ PIT,3da179dc46d7f7a5f06637fcd97ce367,sk_g,over,Isak Rosen,1.5,betrivers,4500,,oddsapi
2026-10-05T21:00:06Z,2026-10-05,WPG @ PIT,3da179dc46d7f7a5f06637fcd97ce367,sk_g,over,Brad Lambert,1.5,betrivers,7500,,oddsapi
2026-10-05T21:00:06Z,2026-10-05,WPG @ PIT,3da179dc46d7f7a5f06637fcd97ce367,sk_g,over,Alex Iafallo,1.5,betrivers,5500,,oddsapi
2026-10-05T21:00:06Z,2026-10-05,WPG @ PIT,3da179dc46d7f7a5f06637fcd97ce367,sk_g,over,Gabriel Vilardi,2.5,betrivers,12500,,oddsapi
2026-10-05T21:00:06Z,2026-10-05,WPG @ PIT,3da179dc46d7f7a5f06637fcd97ce367,sk_g,over,Tyrel Bauer,1.5,betrivers,15000,,oddsapi
2026-10-05T21:00:06Z,2026-10-05,WPG @ PIT,3da179dc46d7f7a5f06637fcd97ce367,sk_g,over,Gabriel Vilardi,1.5,betrivers,1700,,oddsapi
2026-10-05T21:00:06Z,2026-10-05,WPG @ PIT,3da179dc46d7f7a5f06637fcd97ce367,sk_g,over,Neal Pionk,1.5,betrivers,11000,,oddsapi
2026-10-05T21:00:06Z,2026-10-05,WPG @ PIT,3da179dc46d7f7a5f06637fcd97ce367,sk_g,over,Yegor Chinakhov,1.5,betrivers,1200,,oddsapi
2026-10-05T21:00:06Z,2026-10-05,WPG @ PIT,3da179dc46d7f7a5f06637fcd97ce367,sk_g,over,Nino Niederreiter,1.5,betrivers,5000,,oddsapi
2026-10-05T21:00:06Z,2026-10-05,WPG @ PIT,3da179dc46d7f7a5f06637fcd97ce367,sk_g,over,Filip Hallander,1.5,betrivers,3500,,oddsapi
2026-10-05T21:00:06Z,2026-10-05,WPG @ PIT,3da179dc46d7f7a5f06637fcd97ce367,sk_g,over,Hendrix Lapierre,1.5,betrivers,5000,,oddsapi
2026-10-05T21:00:06Z,2026-10-05,WPG @ PIT,3da179dc46d7f7a5f06637fcd97ce367,sk_g,over,Kyle Connor,1.5,betrivers,750,,oddsapi
2026-10-05T21:00:06Z,2026-10-05,WPG @ PIT,3da179dc46d7f7a5f06637fcd97ce367,sk_g,over,Evgeni Malkin,2.5,betrivers,8000,,oddsapi
2026-10-05T21:00:06Z,2026-10-05,WPG @ PIT,3da179dc46d7f7a5f06637fcd97ce367,sk_g,over,Kyle Connor,2.5,betrivers,4500,,oddsapi
2026-10-05T21:00:06Z,2026-10-05,WPG @ PIT,3da179dc46d7f7a5f06637fcd97ce367,sk_g,over,Adam Lowry,1.5,betrivers,8000,,oddsapi
2026-10-05T21:00:06Z,2026-10-05,WPG @ PIT,3da179dc46d7f7a5f06637fcd97ce367,sk_g,over,Andrei Kuzmenko,1.5,betrivers,2200,,oddsapi
2026-10-05T21:00:06Z,2026-10-05,WPG @ PIT,3da179dc46d7f7a5f06637fcd97ce367,sk_g,over,Cole Perfetti,1.5,betrivers,1600,,oddsapi
2026-10-05T21:00:06Z,2026-10-05,WPG @ PIT,3da179dc46d7f7a5f06637fcd97ce367,sk_g,over,Viggo Bjorck,1.5,betrivers,4000,,oddsapi
2026-10-05T21:00:06Z,2026-10-05,WPG @ PIT,3da179dc46d7f7a5f06637fcd97ce367,sk_g,over,Dylan Samberg,1.5,betrivers,14000,,oddsapi
2026-10-05T21:00:06Z,2026-10-05,WPG @ PIT,3da179dc46d7f7a5f06637fcd97ce367,sk_g,over,Trevor van Riemsdyk,1.5,betrivers,10000,,oddsapi
2026-10-05T21:00:06Z,2026-10-05,WPG @ PIT,3da179dc46d7f7a5f06637fcd97ce367,sk_g,over,Declan Carlile,1.5,betrivers,9000,,oddsapi
2026-10-05T21:00:06Z,2026-10-05,WPG @ PIT,3da179dc46d7f7a5f06637fcd97ce367,sk_g,over,Erik Karlsson,1.5,betrivers,3300,,oddsapi
2026-10-05T21:00:06Z,2026-10-05,WPG @ PIT,3da179dc46d7f7a5f06637fcd97ce367,sk_g,over,Evgeni Malkin,1.5,betrivers,1150,,oddsapi
2026-10-05T21:00:06Z,2026-10-05,WPG @ PIT,3da179dc46d7f7a5f06637fcd97ce367,sk_g,over,Ben Kindel,1.5,betrivers,2200,,oddsapi
2026-10-05T21:00:06Z,2026-10-05,WPG @ PIT,3da179dc46d7f7a5f06637fcd97ce367,sk_g,over,Mark Scheifele,2.5,betrivers,10000,,oddsapi
2026-10-05T21:00:06Z,2026-10-05,WPG @ PIT,3da179dc46d7f7a5f06637fcd97ce367,sk_g,over,Mark Scheifele,1.5,betrivers,1500,,oddsapi
2026-10-05T21:00:06Z,2026-10-05,WPG @ PIT,3da179dc46d7f7a5f06637fcd97ce367,sk_g,over,Rickard Rakell,2.5,betrivers,7500,,oddsapi
2026-10-05T21:00:06Z,2026-10-05,WPG @ PIT,3da179dc46d7f7a5f06637fcd97ce367,sk_g,over,Blake Lizotte,1.5,betrivers,4500,,oddsapi
2026-10-05T21:00:06Z,2026-10-05,WPG @ PIT,3da179dc46d7f7a5f06637fcd97ce367,sk_g,over,Dylan DeMelo,1.5,betrivers,12000,,oddsapi
2026-10-05T21:00:06Z,2026-10-05,WPG @ PIT,3da179dc46d7f7a5f06637fcd97ce367,sk_g,over,Tommy Novak,1.5,betrivers,2400,,oddsapi
2026-10-05T21:00:06Z,2026-10-05,WPG @ PIT,3da179dc46d7f7a5f06637fcd97ce367,sk_g,over,Sidney Crosby,2.5,betrivers,5000,,oddsapi
2026-10-05T21:00:06Z,2026-10-05,WPG @ PIT,3da179dc46d7f7a5f06637fcd97ce367,sk_g,over,Connor Dewar,1.5,betrivers,3500,,oddsapi
2026-10-05T21:00:06Z,2026-10-05,WPG @ PIT,3da179dc46d7f7a5f06637fcd97ce367,p1_total,over,,1.5,betrivers,-143,102,oddsapi
2026-10-05T21:00:06Z,2026-10-05,WPG @ PIT,3da179dc46d7f7a5f06637fcd97ce367,p1_total,under,,1.5,betrivers,102,-143,oddsapi
2026-10-05T21:00:06Z,2026-10-05,WPG @ PIT,3da179dc46d7f7a5f06637fcd97ce367,p2_total,over,,1.5,betrivers,-240,160,oddsapi
2026-10-05T21:00:06Z,2026-10-05,WPG @ PIT,3da179dc46d7f7a5f06637fcd97ce367,p2_total,under,,1.5,betrivers,160,-240,oddsapi
2026-10-05T21:00:06Z,2026-10-05,WPG @ PIT,3da179dc46d7f7a5f06637fcd97ce367,p3_total,over,,2.5,betrivers,130,-190,oddsapi
2026-10-05T21:00:06Z,2026-10-05,WPG @ PIT,3da179dc46d7f7a5f06637fcd97ce367,p3_total,under,,2.5,betrivers,-190,130,oddsapi
2026-10-05T21:00:06Z,2026-10-05,WPG @ PIT,3da179dc46d7f7a5f06637fcd97ce367,game_pl_alt,PIT,,1.5,bovada,-526,340,oddsapi
2026-10-05T21:00:06Z,2026-10-05,WPG @ PIT,3da179dc46d7f7a5f06637fcd97ce367,game_pl_alt,PIT,,2.5,bovada,-1000,550,oddsapi
2026-10-05T21:00:06Z,2026-10-05,WPG @ PIT,3da179dc46d7f7a5f06637fcd97ce367,game_pl_alt,PIT,,-2.5,bovada,230,-320,oddsapi
2026-10-05T21:00:06Z,2026-10-05,WPG @ PIT,3da179dc46d7f7a5f06637fcd97ce367,game_pl_alt,WPG,,-1.5,bovada,340,-526,oddsapi
2026-10-05T21:00:06Z,2026-10-05,WPG @ PIT,3da179dc46d7f7a5f06637fcd97ce367,game_pl_alt,WPG,,-2.5,bovada,550,-1000,oddsapi
2026-10-05T21:00:06Z,2026-10-05,WPG @ PIT,3da179dc46d7f7a5f06637fcd97ce367,game_pl_alt,WPG,,2.5,bovada,-320,230,oddsapi
2026-10-05T21:00:06Z,2026-10-05,WPG @ PIT,3da179dc46d7f7a5f06637fcd97ce367,team_total_alt,over,PIT,3.5,bovada,-115,-115,oddsapi
2026-10-05T21:00:06Z,2026-10-05,WPG @ PIT,3da179dc46d7f7a5f06637fcd97ce367,team_total_alt,under,PIT,3.5,bovada,-115,-115,oddsapi
2026-10-05T21:00:06Z,2026-10-05,WPG @ PIT,3da179dc46d7f7a5f06637fcd97ce367,team_total_alt,over,WPG,2.5,bovada,-135,105,oddsapi
2026-10-05T21:00:06Z,2026-10-05,WPG @ PIT,3da179dc46d7f7a5f06637fcd97ce367,team_total_alt,under,WPG,2.5,bovada,105,-135,oddsapi
2026-10-05T21:00:06Z,2026-10-05,WPG @ PIT,3da179dc46d7f7a5f06637fcd97ce367,game_total_alt,over,,4.5,bovada,-526,340,oddsapi
2026-10-05T21:00:06Z,2026-10-05,WPG @ PIT,3da179dc46d7f7a5f06637fcd97ce367,game_total_alt,over,,5.5,bovada,-170,130,oddsapi
2026-10-05T21:00:06Z,2026-10-05,WPG @ PIT,3da179dc46d7f7a5f06637fcd97ce367,game_total_alt,over,,6,bovada,-145,110,oddsapi
2026-10-05T21:00:06Z,2026-10-05,WPG @ PIT,3da179dc46d7f7a5f06637fcd97ce367,game_total_alt,over,,7,bovada,160,-210,oddsapi
2026-10-05T21:00:06Z,2026-10-05,WPG @ PIT,3da179dc46d7f7a5f06637fcd97ce367,game_total_alt,over,,7.5,bovada,220,-300,oddsapi
2026-10-05T21:00:06Z,2026-10-05,WPG @ PIT,3da179dc46d7f7a5f06637fcd97ce367,game_total_alt,over,,8.5,bovada,305,-460,oddsapi
2026-10-05T21:00:06Z,2026-10-05,WPG @ PIT,3da179dc46d7f7a5f06637fcd97ce367,game_total_alt,under,,4.5,bovada,340,-526,oddsapi
2026-10-05T21:00:06Z,2026-10-05,WPG @ PIT,3da179dc46d7f7a5f06637fcd97ce367,game_total_alt,under,,5.5,bovada,130,-170,oddsapi
2026-10-05T21:00:06Z,2026-10-05,WPG @ PIT,3da179dc46d7f7a5f06637fcd97ce367,game_total_alt,under,,6,bovada,110,-145,oddsapi
2026-10-05T21:00:06Z,2026-10-05,WPG @ PIT,3da179dc46d7f7a5f06637fcd97ce367,game_total_alt,under,,7,bovada,-210,160,oddsapi
2026-10-05T21:00:06Z,2026-10-05,WPG @ PIT,3da179dc46d7f7a5f06637fcd97ce367,game_total_alt,under,,7.5,bovada,-300,220,oddsapi
2026-10-05T21:00:06Z,2026-10-05,WPG @ PIT,3da179dc46d7f7a5f06637fcd97ce367,game_total_alt,under,,8.5,bovada,-460,305,oddsapi
2026-10-05T21:00:06Z,2026-10-05,WPG @ PIT,3da179dc46d7f7a5f06637fcd97ce367,game_ml3,PIT,,,bovada,-113,,oddsapi
2026-10-05T21:00:06Z,2026-10-05,WPG @ PIT,3da179dc46d7f7a5f06637fcd97ce367,game_ml3,WPG,,,bovada,220,,oddsapi
2026-10-05T21:00:06Z,2026-10-05,WPG @ PIT,3da179dc46d7f7a5f06637fcd97ce367,game_ml3,draw,,,bovada,330,,oddsapi
2026-10-05T21:00:06Z,2026-10-05,WPG @ PIT,3da179dc46d7f7a5f06637fcd97ce367,p1_ml3,PIT,,,bovada,143,,oddsapi
2026-10-05T21:00:06Z,2026-10-05,WPG @ PIT,3da179dc46d7f7a5f06637fcd97ce367,p1_ml3,WPG,,,bovada,215,,oddsapi
2026-10-05T21:00:06Z,2026-10-05,WPG @ PIT,3da179dc46d7f7a5f06637fcd97ce367,p1_ml3,draw,,,bovada,185,,oddsapi
2026-10-05T21:00:06Z,2026-10-05,WPG @ PIT,3da179dc46d7f7a5f06637fcd97ce367,p1_ml,PIT,,,bovada,-160,120,oddsapi
2026-10-05T21:00:06Z,2026-10-05,WPG @ PIT,3da179dc46d7f7a5f06637fcd97ce367,p1_ml,WPG,,,bovada,120,-160,oddsapi
2026-10-05T21:00:06Z,2026-10-05,WPG @ PIT,3da179dc46d7f7a5f06637fcd97ce367,p2_ml,PIT,,,bovada,-165,125,oddsapi
2026-10-05T21:00:06Z,2026-10-05,WPG @ PIT,3da179dc46d7f7a5f06637fcd97ce367,p2_ml,WPG,,,bovada,125,-165,oddsapi
2026-10-05T21:00:06Z,2026-10-05,WPG @ PIT,3da179dc46d7f7a5f06637fcd97ce367,p3_ml,PIT,,,bovada,-165,125,oddsapi
2026-10-05T21:00:06Z,2026-10-05,WPG @ PIT,3da179dc46d7f7a5f06637fcd97ce367,p3_ml,WPG,,,bovada,125,-165,oddsapi
2026-10-05T21:00:06Z,2026-10-05,WPG @ PIT,3da179dc46d7f7a5f06637fcd97ce367,ags,yes,Ville Koivunen,,bovada,500,,oddsapi
2026-10-05T21:00:06Z,2026-10-05,WPG @ PIT,3da179dc46d7f7a5f06637fcd97ce367,ags,yes,Adam Lowry,,bovada,550,,oddsapi
2026-10-05T21:00:06Z,2026-10-05,WPG @ PIT,3da179dc46d7f7a5f06637fcd97ce367,ags,yes,Kris Letang,,bovada,725,,oddsapi
2026-10-05T21:00:06Z,2026-10-05,WPG @ PIT,3da179dc46d7f7a5f06637fcd97ce367,ags,yes,Evgeni Malkin,,bovada,212,,oddsapi
2026-10-05T21:00:06Z,2026-10-05,WPG @ PIT,3da179dc46d7f7a5f06637fcd97ce367,ags,yes,Dylan DeMelo,,bovada,1500,,oddsapi
2026-10-05T21:00:06Z,2026-10-05,WPG @ PIT,3da179dc46d7f7a5f06637fcd97ce367,ags,yes,Trevor van Riemsdyk,,bovada,1500,,oddsapi
2026-10-05T21:00:06Z,2026-10-05,WPG @ PIT,3da179dc46d7f7a5f06637fcd97ce367,ags,yes,Gabriel Vilardi,,bovada,235,,oddsapi
2026-10-05T21:00:06Z,2026-10-05,WPG @ PIT,3da179dc46d7f7a5f06637fcd97ce367,ags,yes,Andrei Kuzmenko,,bovada,335,,oddsapi
2026-10-05T21:00:06Z,2026-10-05,WPG @ PIT,3da179dc46d7f7a5f06637fcd97ce367,ags,yes,Mario Ferraro,,bovada,1400,,oddsapi
2026-10-05T21:00:06Z,2026-10-05,WPG @ PIT,3da179dc46d7f7a5f06637fcd97ce367,ags,yes,Ben Kindel,,bovada,285,,oddsapi
2026-10-05T21:00:06Z,2026-10-05,WPG @ PIT,3da179dc46d7f7a5f06637fcd97ce367,ags,yes,Cole Perfetti,,bovada,270,,oddsapi
2026-10-05T21:00:06Z,2026-10-05,WPG @ PIT,3da179dc46d7f7a5f06637fcd97ce367,ags,yes,Isak Rosen,,bovada,475,,oddsapi
2026-10-05T21:00:06Z,2026-10-05,WPG @ PIT,3da179dc46d7f7a5f06637fcd97ce367,ags,yes,Neal Pionk,,bovada,800,,oddsapi
2026-10-05T21:00:06Z,2026-10-05,WPG @ PIT,3da179dc46d7f7a5f06637fcd97ce367,ags,yes,Alex Iafallo,,bovada,575,,oddsapi
2026-10-05T21:00:06Z,2026-10-05,WPG @ PIT,3da179dc46d7f7a5f06637fcd97ce367,ags,yes,Samuel Girard,,bovada,875,,oddsapi
2026-10-05T21:00:06Z,2026-10-05,WPG @ PIT,3da179dc46d7f7a5f06637fcd97ce367,ags,yes,Kyle Connor,,bovada,159,,oddsapi
2026-10-05T21:00:06Z,2026-10-05,WPG @ PIT,3da179dc46d7f7a5f06637fcd97ce367,ags,yes,Sidney Crosby,,bovada,168,,oddsapi
2026-10-05T21:00:06Z,2026-10-05,WPG @ PIT,3da179dc46d7f7a5f06637fcd97ce367,ags,yes,Hendrix Lapierre,,bovada,500,,oddsapi
2026-10-05T21:00:06Z,2026-10-05,WPG @ PIT,3da179dc46d7f7a5f06637fcd97ce367,ags,yes,Declan Carlile,,bovada,900,,oddsapi
2026-10-05T21:00:06Z,2026-10-05,WPG @ PIT,3da179dc46d7f7a5f06637fcd97ce367,ags,yes,Connor Dewar,,bovada,550,,oddsapi
2026-10-05T21:00:06Z,2026-10-05,WPG @ PIT,3da179dc46d7f7a5f06637fcd97ce367,ags,yes,Dylan Samberg,,bovada,1800,,oddsapi
2026-10-05T21:00:06Z,2026-10-05,WPG @ PIT,3da179dc46d7f7a5f06637fcd97ce367,ags,yes,Josh Morrissey,,bovada,525,,oddsapi
2026-10-05T21:00:06Z,2026-10-05,WPG @ PIT,3da179dc46d7f7a5f06637fcd97ce367,ags,yes,Rickard Rakell,,bovada,188,,oddsapi
2026-10-05T21:00:06Z,2026-10-05,WPG @ PIT,3da179dc46d7f7a5f06637fcd97ce367,ags,yes,Nino Niederreiter,,bovada,475,,oddsapi
2026-10-05T21:00:06Z,2026-10-05,WPG @ PIT,3da179dc46d7f7a5f06637fcd97ce367,ags,yes,Morgan Barron,,bovada,675,,oddsapi
2026-10-05T21:00:06Z,2026-10-05,WPG @ PIT,3da179dc46d7f7a5f06637fcd97ce367,ags,yes,Brad Lambert,,bovada,650,,oddsapi
2026-10-05T21:00:06Z,2026-10-05,WPG @ PIT,3da179dc46d7f7a5f06637fcd97ce367,ags,yes,Nick Robertson,,bovada,280,,oddsapi
2026-10-05T21:00:06Z,2026-10-05,WPG @ PIT,3da179dc46d7f7a5f06637fcd97ce367,ags,yes,Kaedan Korczak,,bovada,1500,,oddsapi
2026-10-05T21:00:06Z,2026-10-05,WPG @ PIT,3da179dc46d7f7a5f06637fcd97ce367,ags,yes,Mark Scheifele,,bovada,220,,oddsapi
2026-10-05T21:00:06Z,2026-10-05,WPG @ PIT,3da179dc46d7f7a5f06637fcd97ce367,ags,yes,Vladislav Namestnikov,,bovada,525,,oddsapi
2026-10-05T21:00:06Z,2026-10-05,WPG @ PIT,3da179dc46d7f7a5f06637fcd97ce367,ags,yes,Blake Lizotte,,bovada,600,,oddsapi
2026-10-05T21:00:06Z,2026-10-05,WPG @ PIT,3da179dc46d7f7a5f06637fcd97ce367,ags,yes,Erik Karlsson,,bovada,365,,oddsapi
2026-10-05T21:00:06Z,2026-10-05,WPG @ PIT,3da179dc46d7f7a5f06637fcd97ce367,ags,yes,Yegor Chinakhov,,bovada,235,,oddsapi
2026-10-05T21:00:06Z,2026-10-05,WPG @ PIT,3da179dc46d7f7a5f06637fcd97ce367,ags,yes,Viggo Bjorck,,bovada,400,,oddsapi
2026-10-05T21:00:06Z,2026-10-05,WPG @ PIT,3da179dc46d7f7a5f06637fcd97ce367,ags,yes,Tommy Novak,,bovada,295,,oddsapi
2026-10-05T21:00:06Z,2026-10-05,WPG @ PIT,3da179dc46d7f7a5f06637fcd97ce367,ags,yes,Filip Hallander,,bovada,525,,oddsapi
2026-10-05T21:00:06Z,2026-10-05,WPG @ PIT,3da179dc46d7f7a5f06637fcd97ce367,ags,yes,Tyrel Bauer,,bovada,1200,,oddsapi
2026-10-05T21:00:06Z,2026-10-05,WPG @ PIT,3da179dc46d7f7a5f06637fcd97ce367,fgs,yes,Ville Koivunen,,bovada,3000,,oddsapi
2026-10-05T21:00:06Z,2026-10-05,WPG @ PIT,3da179dc46d7f7a5f06637fcd97ce367,fgs,yes,Ben Kindel,,bovada,1900,,oddsapi
2026-10-05T21:00:06Z,2026-10-05,WPG @ PIT,3da179dc46d7f7a5f06637fcd97ce367,fgs,yes,Rickard Rakell,,bovada,1400,,oddsapi
2026-10-05T21:00:06Z,2026-10-05,WPG @ PIT,3da179dc46d7f7a5f06637fcd97ce367,fgs,yes,Kris Letang,,bovada,4000,,oddsapi
2026-10-05T21:00:06Z,2026-10-05,WPG @ PIT,3da179dc46d7f7a5f06637fcd97ce367,fgs,yes,Kaedan Korczak,,bovada,7500,,oddsapi
2026-10-05T21:00:06Z,2026-10-05,WPG @ PIT,3da179dc46d7f7a5f06637fcd97ce367,fgs,yes,Vladislav Namestnikov,,bovada,3500,,oddsapi
2026-10-05T21:00:06Z,2026-10-05,WPG @ PIT,3da179dc46d7f7a5f06637fcd97ce367,fgs,yes,Connor Dewar,,bovada,3300,,oddsapi
2026-10-05T21:00:06Z,2026-10-05,WPG @ PIT,3da179dc46d7f7a5f06637fcd97ce367,fgs,yes,Tommy Novak,,bovada,2000,,oddsapi
2026-10-05T21:00:06Z,2026-10-05,WPG @ PIT,3da179dc46d7f7a5f06637fcd97ce367,fgs,yes,Blake Lizotte,,bovada,3500,,oddsapi
2026-10-05T21:00:06Z,2026-10-05,WPG @ PIT,3da179dc46d7f7a5f06637fcd97ce367,fgs,yes,Alex Iafallo,,bovada,4000,,oddsapi
2026-10-05T21:00:06Z,2026-10-05,WPG @ PIT,3da179dc46d7f7a5f06637fcd97ce367,fgs,yes,Yegor Chinakhov,,bovada,1700,,oddsapi
2026-10-05T21:00:06Z,2026-10-05,WPG @ PIT,3da179dc46d7f7a5f06637fcd97ce367,fgs,yes,Neal Pionk,,bovada,4500,,oddsapi
2026-10-05T21:00:06Z,2026-10-05,WPG @ PIT,3da179dc46d7f7a5f06637fcd97ce367,fgs,yes,Andrei Kuzmenko,,bovada,2000,,oddsapi
2026-10-05T21:00:06Z,2026-10-05,WPG @ PIT,3da179dc46d7f7a5f06637fcd97ce367,fgs,yes,Kyle Connor,,bovada,1100,,oddsapi
2026-10-05T21:00:06Z,2026-10-05,WPG @ PIT,3da179dc46d7f7a5f06637fcd97ce367,fgs,yes,Mark Scheifele,,bovada,1500,,oddsapi
2026-10-05T21:00:06Z,2026-10-05,WPG @ PIT,3da179dc46d7f7a5f06637fcd97ce367,fgs,yes,Nick Robertson,,bovada,1800,,oddsapi
2026-10-05T21:00:06Z,2026-10-05,WPG @ PIT,3da179dc46d7f7a5f06637fcd97ce367,fgs,yes,Nino Niederreiter,,bovada,3000,,oddsapi
2026-10-05T21:00:06Z,2026-10-05,WPG @ PIT,3da179dc46d7f7a5f06637fcd97ce367,fgs,yes,Dylan DeMelo,,bovada,10000,,oddsapi
2026-10-05T21:00:06Z,2026-10-05,WPG @ PIT,3da179dc46d7f7a5f06637fcd97ce367,fgs,yes,Mario Ferraro,,bovada,10000,,oddsapi
2026-10-05T21:00:06Z,2026-10-05,WPG @ PIT,3da179dc46d7f7a5f06637fcd97ce367,fgs,yes,Evgeni Malkin,,bovada,1400,,oddsapi
2026-10-05T21:00:06Z,2026-10-05,WPG @ PIT,3da179dc46d7f7a5f06637fcd97ce367,fgs,yes,Erik Karlsson,,bovada,2200,,oddsapi
2026-10-05T21:00:06Z,2026-10-05,WPG @ PIT,3da179dc46d7f7a5f06637fcd97ce367,fgs,yes,Viggo Bjorck,,bovada,2200,,oddsapi
2026-10-05T21:00:06Z,2026-10-05,WPG @ PIT,3da179dc46d7f7a5f06637fcd97ce367,fgs,yes,Hendrix Lapierre,,bovada,3300,,oddsapi
2026-10-05T21:00:06Z,2026-10-05,WPG @ PIT,3da179dc46d7f7a5f06637fcd97ce367,fgs,yes,Gabriel Vilardi,,bovada,1800,,oddsapi
2026-10-05T21:00:06Z,2026-10-05,WPG @ PIT,3da179dc46d7f7a5f06637fcd97ce367,fgs,yes,Dylan Samberg,,bovada,8000,,oddsapi
2026-10-05T21:00:06Z,2026-10-05,WPG @ PIT,3da179dc46d7f7a5f06637fcd97ce367,fgs,yes,Josh Morrissey,,bovada,3000,,oddsapi
2026-10-05T21:00:06Z,2026-10-05,WPG @ PIT,3da179dc46d7f7a5f06637fcd97ce367,fgs,yes,Trevor van Riemsdyk,,bovada,8000,,oddsapi
2026-10-05T21:00:06Z,2026-10-05,WPG @ PIT,3da179dc46d7f7a5f06637fcd97ce367,fgs,yes,Cole Perfetti,,bovada,1800,,oddsapi
2026-10-05T21:00:06Z,2026-10-05,WPG @ PIT,3da179dc46d7f7a5f06637fcd97ce367,fgs,yes,Morgan Barron,,bovada,4000,,oddsapi
2026-10-05T21:00:06Z,2026-10-05,WPG @ PIT,3da179dc46d7f7a5f06637fcd97ce367,fgs,yes,Samuel Girard,,bovada,4500,,oddsapi
2026-10-05T21:00:06Z,2026-10-05,WPG @ PIT,3da179dc46d7f7a5f06637fcd97ce367,fgs,yes,Sidney Crosby,,bovada,1100,,oddsapi
2026-10-05T21:00:06Z,2026-10-05,WPG @ PIT,3da179dc46d7f7a5f06637fcd97ce367,fgs,yes,Adam Lowry,,bovada,3500,,oddsapi
2026-10-05T21:00:06Z,2026-10-05,WPG @ PIT,3da179dc46d7f7a5f06637fcd97ce367,fgs,yes,Declan Carlile,,bovada,7000,,oddsapi
2026-10-05T21:00:06Z,2026-10-05,WPG @ PIT,3da179dc46d7f7a5f06637fcd97ce367,fgs,yes,Isak Rosen,,bovada,3000,,oddsapi
2026-10-05T21:00:06Z,2026-10-05,WPG @ PIT,3da179dc46d7f7a5f06637fcd97ce367,fgs,yes,Brad Lambert,,bovada,4000,,oddsapi
2026-10-05T21:00:06Z,2026-10-05,WPG @ PIT,3da179dc46d7f7a5f06637fcd97ce367,sk_sog,over,Ben Kindel,1.5,bovada,-155,120,oddsapi
2026-10-05T21:00:06Z,2026-10-05,WPG @ PIT,3da179dc46d7f7a5f06637fcd97ce367,sk_sog,under,Ben Kindel,1.5,bovada,120,-155,oddsapi
2026-10-05T21:00:06Z,2026-10-05,WPG @ PIT,3da179dc46d7f7a5f06637fcd97ce367,sk_sog,over,Cole Perfetti,2.5,bovada,110,-145,oddsapi
2026-10-05T21:00:06Z,2026-10-05,WPG @ PIT,3da179dc46d7f7a5f06637fcd97ce367,sk_sog,under,Cole Perfetti,2.5,bovada,-145,110,oddsapi
2026-10-05T21:00:06Z,2026-10-05,WPG @ PIT,3da179dc46d7f7a5f06637fcd97ce367,sk_sog,over,Evgeni Malkin,2.5,bovada,130,-170,oddsapi
2026-10-05T21:00:06Z,2026-10-05,WPG @ PIT,3da179dc46d7f7a5f06637fcd97ce367,sk_sog,under,Evgeni Malkin,2.5,bovada,-170,130,oddsapi
2026-10-05T21:00:06Z,2026-10-05,WPG @ PIT,3da179dc46d7f7a5f06637fcd97ce367,sk_sog,over,Josh Morrissey,1.5,bovada,-175,135,oddsapi
2026-10-05T21:00:06Z,2026-10-05,WPG @ PIT,3da179dc46d7f7a5f06637fcd97ce367,sk_sog,under,Josh Morrissey,1.5,bovada,135,-175,oddsapi
2026-10-05T21:00:06Z,2026-10-05,WPG @ PIT,3da179dc46d7f7a5f06637fcd97ce367,sk_sog,over,Kyle Connor,3.5,bovada,120,-155,oddsapi
2026-10-05T21:00:06Z,2026-10-05,WPG @ PIT,3da179dc46d7f7a5f06637fcd97ce367,sk_sog,under,Kyle Connor,3.5,bovada,-155,120,oddsapi
2026-10-05T21:00:06Z,2026-10-05,WPG @ PIT,3da179dc46d7f7a5f06637fcd97ce367,sk_sog,over,Mark Scheifele,1.5,bovada,-165,125,oddsapi
2026-10-05T21:00:06Z,2026-10-05,WPG @ PIT,3da179dc46d7f7a5f06637fcd97ce367,sk_sog,under,Mark Scheifele,1.5,bovada,125,-165,oddsapi
2026-10-05T21:00:06Z,2026-10-05,WPG @ PIT,3da179dc46d7f7a5f06637fcd97ce367,sk_sog,over,Nick Robertson,1.5,bovada,-115,-115,oddsapi
2026-10-05T21:00:06Z,2026-10-05,WPG @ PIT,3da179dc46d7f7a5f06637fcd97ce367,sk_sog,under,Nick Robertson,1.5,bovada,-115,-115,oddsapi
2026-10-05T21:00:06Z,2026-10-05,WPG @ PIT,3da179dc46d7f7a5f06637fcd97ce367,sk_sog,over,Rickard Rakell,2.5,bovada,-120,-110,oddsapi
2026-10-05T21:00:06Z,2026-10-05,WPG @ PIT,3da179dc46d7f7a5f06637fcd97ce367,sk_sog,under,Rickard Rakell,2.5,bovada,-110,-120,oddsapi
2026-10-05T21:00:06Z,2026-10-05,WPG @ PIT,3da179dc46d7f7a5f06637fcd97ce367,sk_sog,over,Sidney Crosby,2.5,bovada,-115,-115,oddsapi
2026-10-05T21:00:06Z,2026-10-05,WPG @ PIT,3da179dc46d7f7a5f06637fcd97ce367,sk_sog,under,Sidney Crosby,2.5,bovada,-115,-115,oddsapi
2026-10-05T21:00:06Z,2026-10-05,WPG @ PIT,3da179dc46d7f7a5f06637fcd97ce367,sk_sog,over,Tommy Novak,1.5,bovada,-120,-110,oddsapi
2026-10-05T21:00:06Z,2026-10-05,WPG @ PIT,3da179dc46d7f7a5f06637fcd97ce367,sk_sog,under,Tommy Novak,1.5,bovada,-110,-120,oddsapi
2026-10-05T21:00:06Z,2026-10-05,WPG @ PIT,3da179dc46d7f7a5f06637fcd97ce367,sk_sog,over,Yegor Chinakhov,2.5,bovada,125,-165,oddsapi
2026-10-05T21:00:06Z,2026-10-05,WPG @ PIT,3da179dc46d7f7a5f06637fcd97ce367,sk_sog,under,Yegor Chinakhov,2.5,bovada,-165,125,oddsapi
2026-10-05T21:00:06Z,2026-10-05,WPG @ PIT,3da179dc46d7f7a5f06637fcd97ce367,g_saves,over,Sergei Murashov,22.5,bovada,-115,-115,oddsapi
2026-10-05T21:00:06Z,2026-10-05,WPG @ PIT,3da179dc46d7f7a5f06637fcd97ce367,g_saves,under,Sergei Murashov,22.5,bovada,-115,-115,oddsapi
2026-10-05T21:00:06Z,2026-10-05,WPG @ PIT,3da179dc46d7f7a5f06637fcd97ce367,p1_pl,PIT,,-0.5,bovada,135,-180,oddsapi
2026-10-05T21:00:06Z,2026-10-05,WPG @ PIT,3da179dc46d7f7a5f06637fcd97ce367,p1_pl,WPG,,0.5,bovada,-180,135,oddsapi
2026-10-05T21:00:06Z,2026-10-05,WPG @ PIT,3da179dc46d7f7a5f06637fcd97ce367,p2_pl,PIT,,-0.5,bovada,125,-165,oddsapi
2026-10-05T21:00:06Z,2026-10-05,WPG @ PIT,3da179dc46d7f7a5f06637fcd97ce367,p2_pl,WPG,,0.5,bovada,-165,125,oddsapi
2026-10-05T21:00:06Z,2026-10-05,WPG @ PIT,3da179dc46d7f7a5f06637fcd97ce367,p3_pl,PIT,,-0.5,bovada,110,-145,oddsapi
2026-10-05T21:00:06Z,2026-10-05,WPG @ PIT,3da179dc46d7f7a5f06637fcd97ce367,p3_pl,WPG,,0.5,bovada,-145,110,oddsapi
2026-10-05T21:00:06Z,2026-10-05,WPG @ PIT,3da179dc46d7f7a5f06637fcd97ce367,p1_total,over,,1.5,bovada,-150,115,oddsapi
2026-10-05T21:00:06Z,2026-10-05,WPG @ PIT,3da179dc46d7f7a5f06637fcd97ce367,p1_total,under,,1.5,bovada,115,-150,oddsapi
2026-10-05T21:00:06Z,2026-10-05,WPG @ PIT,3da179dc46d7f7a5f06637fcd97ce367,p2_total,over,,2,bovada,-105,-125,oddsapi
2026-10-05T21:00:06Z,2026-10-05,WPG @ PIT,3da179dc46d7f7a5f06637fcd97ce367,p2_total,under,,2,bovada,-125,-105,oddsapi
2026-10-05T21:00:06Z,2026-10-05,WPG @ PIT,3da179dc46d7f7a5f06637fcd97ce367,p3_total,over,,2,bovada,-145,110,oddsapi
2026-10-05T21:00:06Z,2026-10-05,WPG @ PIT,3da179dc46d7f7a5f06637fcd97ce367,p3_total,under,,2,bovada,110,-145,oddsapi
2026-10-05T21:00:06Z,2026-10-05,WPG @ PIT,3da179dc46d7f7a5f06637fcd97ce367,team_total_alt,over,PIT,1.5,betmgm,-900,450,oddsapi
2026-10-05T21:00:06Z,2026-10-05,WPG @ PIT,3da179dc46d7f7a5f06637fcd97ce367,team_total_alt,under,PIT,1.5,betmgm,450,-900,oddsapi
2026-10-05T21:00:06Z,2026-10-05,WPG @ PIT,3da179dc46d7f7a5f06637fcd97ce367,team_total_alt,over,PIT,2,betmgm,-650,375,oddsapi
2026-10-05T21:00:06Z,2026-10-05,WPG @ PIT,3da179dc46d7f7a5f06637fcd97ce367,team_total_alt,under,PIT,2,betmgm,375,-650,oddsapi
2026-10-05T21:00:06Z,2026-10-05,WPG @ PIT,3da179dc46d7f7a5f06637fcd97ce367,team_total_alt,over,PIT,2.5,betmgm,-275,190,oddsapi
2026-10-05T21:00:06Z,2026-10-05,WPG @ PIT,3da179dc46d7f7a5f06637fcd97ce367,team_total_alt,under,PIT,2.5,betmgm,190,-275,oddsapi
2026-10-05T21:00:06Z,2026-10-05,WPG @ PIT,3da179dc46d7f7a5f06637fcd97ce367,team_total_alt,over,PIT,3,betmgm,-200,140,oddsapi
2026-10-05T21:00:06Z,2026-10-05,WPG @ PIT,3da179dc46d7f7a5f06637fcd97ce367,team_total_alt,under,PIT,3,betmgm,140,-200,oddsapi
2026-10-05T21:00:06Z,2026-10-05,WPG @ PIT,3da179dc46d7f7a5f06637fcd97ce367,team_total_alt,over,PIT,3.5,betmgm,-120,-115,oddsapi
2026-10-05T21:00:06Z,2026-10-05,WPG @ PIT,3da179dc46d7f7a5f06637fcd97ce367,team_total_alt,under,PIT,3.5,betmgm,-115,-120,oddsapi
2026-10-05T21:00:06Z,2026-10-05,WPG @ PIT,3da179dc46d7f7a5f06637fcd97ce367,team_total_alt,over,PIT,4,betmgm,130,-185,oddsapi
2026-10-05T21:00:06Z,2026-10-05,WPG @ PIT,3da179dc46d7f7a5f06637fcd97ce367,team_total_alt,under,PIT,4,betmgm,-185,130,oddsapi
2026-10-05T21:00:06Z,2026-10-05,WPG @ PIT,3da179dc46d7f7a5f06637fcd97ce367,team_total_alt,over,PIT,4.5,betmgm,175,-250,oddsapi
2026-10-05T21:00:06Z,2026-10-05,WPG @ PIT,3da179dc46d7f7a5f06637fcd97ce367,team_total_alt,under,PIT,4.5,betmgm,-250,175,oddsapi
2026-10-05T21:00:06Z,2026-10-05,WPG @ PIT,3da179dc46d7f7a5f06637fcd97ce367,team_total_alt,over,PIT,5,betmgm,333,-550,oddsapi
2026-10-05T21:00:06Z,2026-10-05,WPG @ PIT,3da179dc46d7f7a5f06637fcd97ce367,team_total_alt,under,PIT,5,betmgm,-550,333,oddsapi
2026-10-05T21:00:06Z,2026-10-05,WPG @ PIT,3da179dc46d7f7a5f06637fcd97ce367,team_total_alt,over,PIT,5.5,betmgm,400,-700,oddsapi
2026-10-05T21:00:06Z,2026-10-05,WPG @ PIT,3da179dc46d7f7a5f06637fcd97ce367,team_total_alt,under,PIT,5.5,betmgm,-700,400,oddsapi
2026-10-05T21:00:06Z,2026-10-05,WPG @ PIT,3da179dc46d7f7a5f06637fcd97ce367,team_total_alt,over,WPG,0.5,betmgm,-2500,750,oddsapi
2026-10-05T21:00:06Z,2026-10-05,WPG @ PIT,3da179dc46d7f7a5f06637fcd97ce367,team_total_alt,under,WPG,0.5,betmgm,750,-2500,oddsapi
2026-10-05T21:00:06Z,2026-10-05,WPG @ PIT,3da179dc46d7f7a5f06637fcd97ce367,team_total_alt,over,WPG,1,betmgm,-1600,650,oddsapi
2026-10-05T21:00:06Z,2026-10-05,WPG @ PIT,3da179dc46d7f7a5f06637fcd97ce367,team_total_alt,under,WPG,1,betmgm,650,-1600,oddsapi
2026-10-05T21:00:06Z,2026-10-05,WPG @ PIT,3da179dc46d7f7a5f06637fcd97ce367,team_total_alt,over,WPG,1.5,betmgm,-375,250,oddsapi
2026-10-05T21:00:06Z,2026-10-05,WPG @ PIT,3da179dc46d7f7a5f06637fcd97ce367,team_total_alt,under,WPG,1.5,betmgm,250,-375,oddsapi
2026-10-05T21:00:06Z,2026-10-05,WPG @ PIT,3da179dc46d7f7a5f06637fcd97ce367,team_total_alt,over,WPG,2,betmgm,-250,175,oddsapi
2026-10-05T21:00:06Z,2026-10-05,WPG @ PIT,3da179dc46d7f7a5f06637fcd97ce367,team_total_alt,under,WPG,2,betmgm,175,-250,oddsapi
2026-10-05T21:00:06Z,2026-10-05,WPG @ PIT,3da179dc46d7f7a5f06637fcd97ce367,team_total_alt,over,WPG,2.5,betmgm,-140,100,oddsapi
2026-10-05T21:00:06Z,2026-10-05,WPG @ PIT,3da179dc46d7f7a5f06637fcd97ce367,team_total_alt,under,WPG,2.5,betmgm,100,-140,oddsapi
2026-10-05T21:00:06Z,2026-10-05,WPG @ PIT,3da179dc46d7f7a5f06637fcd97ce367,team_total_alt,over,WPG,3,betmgm,115,-160,oddsapi
2026-10-05T21:00:06Z,2026-10-05,WPG @ PIT,3da179dc46d7f7a5f06637fcd97ce367,team_total_alt,under,WPG,3,betmgm,-160,115,oddsapi
2026-10-05T21:00:06Z,2026-10-05,WPG @ PIT,3da179dc46d7f7a5f06637fcd97ce367,team_total_alt,over,WPG,3.5,betmgm,160,-225,oddsapi
2026-10-05T21:00:06Z,2026-10-05,WPG @ PIT,3da179dc46d7f7a5f06637fcd97ce367,team_total_alt,under,WPG,3.5,betmgm,-225,160,oddsapi
2026-10-05T21:00:06Z,2026-10-05,WPG @ PIT,3da179dc46d7f7a5f06637fcd97ce367,team_total_alt,over,WPG,4,betmgm,290,-475,oddsapi
2026-10-05T21:00:06Z,2026-10-05,WPG @ PIT,3da179dc46d7f7a5f06637fcd97ce367,team_total_alt,under,WPG,4,betmgm,-475,290,oddsapi
2026-10-05T21:00:06Z,2026-10-05,WPG @ PIT,3da179dc46d7f7a5f06637fcd97ce367,team_total_alt,over,WPG,4.5,betmgm,350,-625,oddsapi
2026-10-05T21:00:06Z,2026-10-05,WPG @ PIT,3da179dc46d7f7a5f06637fcd97ce367,team_total_alt,under,WPG,4.5,betmgm,-625,350,oddsapi
2026-10-05T21:00:06Z,2026-10-05,WPG @ PIT,3da179dc46d7f7a5f06637fcd97ce367,game_ml3,PIT,,,betmgm,-115,,oddsapi
2026-10-05T21:00:06Z,2026-10-05,WPG @ PIT,3da179dc46d7f7a5f06637fcd97ce367,game_ml3,WPG,,,betmgm,225,,oddsapi
2026-10-05T21:00:06Z,2026-10-05,WPG @ PIT,3da179dc46d7f7a5f06637fcd97ce367,game_ml3,draw,,,betmgm,320,,oddsapi
2026-10-05T21:00:06Z,2026-10-05,WPG @ PIT,3da179dc46d7f7a5f06637fcd97ce367,p1_ml3,PIT,,,betmgm,130,,oddsapi
2026-10-05T21:00:06Z,2026-10-05,WPG @ PIT,3da179dc46d7f7a5f06637fcd97ce367,p1_ml3,WPG,,,betmgm,210,,oddsapi
2026-10-05T21:00:06Z,2026-10-05,WPG @ PIT,3da179dc46d7f7a5f06637fcd97ce367,p1_ml3,draw,,,betmgm,185,,oddsapi
2026-10-05T21:00:06Z,2026-10-05,WPG @ PIT,3da179dc46d7f7a5f06637fcd97ce367,p2_ml3,PIT,,,betmgm,120,,oddsapi
2026-10-05T21:00:06Z,2026-10-05,WPG @ PIT,3da179dc46d7f7a5f06637fcd97ce367,p2_ml3,WPG,,,betmgm,210,,oddsapi
2026-10-05T21:00:06Z,2026-10-05,WPG @ PIT,3da179dc46d7f7a5f06637fcd97ce367,p2_ml3,draw,,,betmgm,200,,oddsapi
2026-10-05T21:00:06Z,2026-10-05,WPG @ PIT,3da179dc46d7f7a5f06637fcd97ce367,p3_ml3,PIT,,,betmgm,110,,oddsapi
2026-10-05T21:00:06Z,2026-10-05,WPG @ PIT,3da179dc46d7f7a5f06637fcd97ce367,p3_ml3,WPG,,,betmgm,195,,oddsapi
2026-10-05T21:00:06Z,2026-10-05,WPG @ PIT,3da179dc46d7f7a5f06637fcd97ce367,p3_ml3,draw,,,betmgm,240,,oddsapi
2026-10-05T21:00:06Z,2026-10-05,WPG @ PIT,3da179dc46d7f7a5f06637fcd97ce367,p1_ml,PIT,,,betmgm,-160,125,oddsapi
2026-10-05T21:00:06Z,2026-10-05,WPG @ PIT,3da179dc46d7f7a5f06637fcd97ce367,p1_ml,WPG,,,betmgm,125,-160,oddsapi
2026-10-05T21:00:06Z,2026-10-05,WPG @ PIT,3da179dc46d7f7a5f06637fcd97ce367,p2_ml,PIT,,,betmgm,-165,120,oddsapi
2026-10-05T21:00:06Z,2026-10-05,WPG @ PIT,3da179dc46d7f7a5f06637fcd97ce367,p2_ml,WPG,,,betmgm,120,-165,oddsapi
2026-10-05T21:00:06Z,2026-10-05,WPG @ PIT,3da179dc46d7f7a5f06637fcd97ce367,p3_ml,PIT,,,betmgm,-175,125,oddsapi
2026-10-05T21:00:06Z,2026-10-05,WPG @ PIT,3da179dc46d7f7a5f06637fcd97ce367,p3_ml,WPG,,,betmgm,125,-175,oddsapi
2026-10-05T21:00:06Z,2026-10-05,WPG @ PIT,3da179dc46d7f7a5f06637fcd97ce367,sk_a,over,Josh Morrissey,0.5,betmgm,100,-135,oddsapi
2026-10-05T21:00:06Z,2026-10-05,WPG @ PIT,3da179dc46d7f7a5f06637fcd97ce367,sk_a,under,Josh Morrissey,0.5,betmgm,-135,100,oddsapi
2026-10-05T21:00:06Z,2026-10-05,WPG @ PIT,3da179dc46d7f7a5f06637fcd97ce367,sk_a,over,Evgeni Malkin,0.5,betmgm,115,-155,oddsapi
2026-10-05T21:00:06Z,2026-10-05,WPG @ PIT,3da179dc46d7f7a5f06637fcd97ce367,sk_a,under,Evgeni Malkin,0.5,betmgm,-155,115,oddsapi
2026-10-05T21:00:06Z,2026-10-05,WPG @ PIT,3da179dc46d7f7a5f06637fcd97ce367,sk_a,over,Nino Niederreiter,0.5,betmgm,280,-500,oddsapi
2026-10-05T21:00:06Z,2026-10-05,WPG @ PIT,3da179dc46d7f7a5f06637fcd97ce367,sk_a,under,Nino Niederreiter,0.5,betmgm,-500,280,oddsapi
2026-10-05T21:00:06Z,2026-10-05,WPG @ PIT,3da179dc46d7f7a5f06637fcd97ce367,sk_a,over,Gabriel Vilardi,0.5,betmgm,160,-220,oddsapi
2026-10-05T21:00:06Z,2026-10-05,WPG @ PIT,3da179dc46d7f7a5f06637fcd97ce367,sk_a,under,Gabriel Vilardi,0.5,betmgm,-220,160,oddsapi
2026-10-05T21:00:06Z,2026-10-05,WPG @ PIT,3da179dc46d7f7a5f06637fcd97ce367,sk_a,over,Viggo Bjorck,0.5,betmgm,240,-375,oddsapi
2026-10-05T21:00:06Z,2026-10-05,WPG @ PIT,3da179dc46d7f7a5f06637fcd97ce367,sk_a,under,Viggo Bjorck,0.5,betmgm,-375,240,oddsapi
2026-10-05T21:00:06Z,2026-10-05,WPG @ PIT,3da179dc46d7f7a5f06637fcd97ce367,sk_a,over,Ben Kindel,0.5,betmgm,230,-350,oddsapi
2026-10-05T21:00:06Z,2026-10-05,WPG @ PIT,3da179dc46d7f7a5f06637fcd97ce367,sk_a,under,Ben Kindel,0.5,betmgm,-350,230,oddsapi
2026-10-05T21:00:06Z,2026-10-05,WPG @ PIT,3da179dc46d7f7a5f06637fcd97ce367,sk_a,over,Yegor Chinakhov,0.5,betmgm,175,-250,oddsapi
2026-10-05T21:00:06Z,2026-10-05,WPG @ PIT,3da179dc46d7f7a5f06637fcd97ce367,sk_a,under,Yegor Chinakhov,0.5,betmgm,-250,175,oddsapi
2026-10-05T21:00:06Z,2026-10-05,WPG @ PIT,3da179dc46d7f7a5f06637fcd97ce367,sk_a,over,Cole Perfetti,0.5,betmgm,165,-225,oddsapi
2026-10-05T21:00:06Z,2026-10-05,WPG @ PIT,3da179dc46d7f7a5f06637fcd97ce367,sk_a,under,Cole Perfetti,0.5,betmgm,-225,165,oddsapi
2026-10-05T21:00:06Z,2026-10-05,WPG @ PIT,3da179dc46d7f7a5f06637fcd97ce367,sk_a,over,Sidney Crosby,0.5,betmgm,-135,100,oddsapi
2026-10-05T21:00:06Z,2026-10-05,WPG @ PIT,3da179dc46d7f7a5f06637fcd97ce367,sk_a,under,Sidney Crosby,0.5,betmgm,100,-135,oddsapi
2026-10-05T21:00:06Z,2026-10-05,WPG @ PIT,3da179dc46d7f7a5f06637fcd97ce367,sk_a,over,Nick Robertson,0.5,betmgm,280,-500,oddsapi
2026-10-05T21:00:06Z,2026-10-05,WPG @ PIT,3da179dc46d7f7a5f06637fcd97ce367,sk_a,under,Nick Robertson,0.5,betmgm,-500,280,oddsapi
2026-10-05T21:00:06Z,2026-10-05,WPG @ PIT,3da179dc46d7f7a5f06637fcd97ce367,sk_a,over,Erik Karlsson,0.5,betmgm,-111,-120,oddsapi
2026-10-05T21:00:06Z,2026-10-05,WPG @ PIT,3da179dc46d7f7a5f06637fcd97ce367,sk_a,under,Erik Karlsson,0.5,betmgm,-120,-111,oddsapi
2026-10-05T21:00:06Z,2026-10-05,WPG @ PIT,3da179dc46d7f7a5f06637fcd97ce367,sk_a,over,Tommy Novak,0.5,betmgm,155,-220,oddsapi
2026-10-05T21:00:06Z,2026-10-05,WPG @ PIT,3da179dc46d7f7a5f06637fcd97ce367,sk_a,under,Tommy Novak,0.5,betmgm,-220,155,oddsapi
2026-10-05T21:00:06Z,2026-10-05,WPG @ PIT,3da179dc46d7f7a5f06637fcd97ce367,sk_a,over,Rickard Rakell,0.5,betmgm,130,-175,oddsapi
2026-10-05T21:00:06Z,2026-10-05,WPG @ PIT,3da179dc46d7f7a5f06637fcd97ce367,sk_a,under,Rickard Rakell,0.5,betmgm,-175,130,oddsapi
2026-10-05T21:00:06Z,2026-10-05,WPG @ PIT,3da179dc46d7f7a5f06637fcd97ce367,sk_a,over,Mark Scheifele,0.5,betmgm,-110,-120,oddsapi
2026-10-05T21:00:06Z,2026-10-05,WPG @ PIT,3da179dc46d7f7a5f06637fcd97ce367,sk_a,under,Mark Scheifele,0.5,betmgm,-120,-110,oddsapi
2026-10-05T21:00:06Z,2026-10-05,WPG @ PIT,3da179dc46d7f7a5f06637fcd97ce367,sk_a,over,Kyle Connor,0.5,betmgm,138,-190,oddsapi
2026-10-05T21:00:06Z,2026-10-05,WPG @ PIT,3da179dc46d7f7a5f06637fcd97ce367,sk_a,under,Kyle Connor,0.5,betmgm,-190,138,oddsapi
2026-10-05T21:00:06Z,2026-10-05,WPG @ PIT,3da179dc46d7f7a5f06637fcd97ce367,ags,yes,Kyle Connor,,betmgm,165,,oddsapi
2026-10-05T21:00:06Z,2026-10-05,WPG @ PIT,3da179dc46d7f7a5f06637fcd97ce367,ags,yes,Sidney Crosby,,betmgm,175,,oddsapi
2026-10-05T21:00:06Z,2026-10-05,WPG @ PIT,3da179dc46d7f7a5f06637fcd97ce367,ags,yes,Rickard Rakell,,betmgm,185,,oddsapi
2026-10-05T21:00:06Z,2026-10-05,WPG @ PIT,3da179dc46d7f7a5f06637fcd97ce367,ags,yes,Mark Scheifele,,betmgm,210,,oddsapi
2026-10-05T21:00:06Z,2026-10-05,WPG @ PIT,3da179dc46d7f7a5f06637fcd97ce367,ags,yes,Evgeni Malkin,,betmgm,220,,oddsapi
2026-10-05T21:00:06Z,2026-10-05,WPG @ PIT,3da179dc46d7f7a5f06637fcd97ce367,ags,yes,Gabriel Vilardi,,betmgm,230,,oddsapi
2026-10-05T21:00:06Z,2026-10-05,WPG @ PIT,3da179dc46d7f7a5f06637fcd97ce367,ags,yes,Yegor Chinakhov,,betmgm,240,,oddsapi
2026-10-05T21:00:06Z,2026-10-05,WPG @ PIT,3da179dc46d7f7a5f06637fcd97ce367,ags,yes,Cole Perfetti,,betmgm,275,,oddsapi
2026-10-05T21:00:06Z,2026-10-05,WPG @ PIT,3da179dc46d7f7a5f06637fcd97ce367,ags,yes,Nick Robertson,,betmgm,290,,oddsapi
2026-10-05T21:00:06Z,2026-10-05,WPG @ PIT,3da179dc46d7f7a5f06637fcd97ce367,ags,yes,Tommy Novak,,betmgm,310,,oddsapi
2026-10-05T21:00:06Z,2026-10-05,WPG @ PIT,3da179dc46d7f7a5f06637fcd97ce367,ags,yes,Ben Kindel,,betmgm,310,,oddsapi
2026-10-05T21:00:06Z,2026-10-05,WPG @ PIT,3da179dc46d7f7a5f06637fcd97ce367,ags,yes,Andrei Kuzmenko,,betmgm,333,,oddsapi
2026-10-05T21:00:06Z,2026-10-05,WPG @ PIT,3da179dc46d7f7a5f06637fcd97ce367,ags,yes,Erik Karlsson,,betmgm,360,,oddsapi
2026-10-05T21:00:06Z,2026-10-05,WPG @ PIT,3da179dc46d7f7a5f06637fcd97ce367,ags,yes,Viggo Bjorck,,betmgm,425,,oddsapi
2026-10-05T21:00:06Z,2026-10-05,WPG @ PIT,3da179dc46d7f7a5f06637fcd97ce367,ags,yes,Nino Niederreiter,,betmgm,500,,oddsapi
2026-10-05T21:00:06Z,2026-10-05,WPG @ PIT,3da179dc46d7f7a5f06637fcd97ce367,ags,yes,Isak Rosen,,betmgm,525,,oddsapi
2026-10-05T21:00:06Z,2026-10-05,WPG @ PIT,3da179dc46d7f7a5f06637fcd97ce367,ags,yes,Hendrix Lapierre,,betmgm,550,,oddsapi
2026-10-05T21:00:06Z,2026-10-05,WPG @ PIT,3da179dc46d7f7a5f06637fcd97ce367,ags,yes,Vladislav Namestnikov,,betmgm,550,,oddsapi
2026-10-05T21:00:06Z,2026-10-05,WPG @ PIT,3da179dc46d7f7a5f06637fcd97ce367,ags,yes,Adam Lowry,,betmgm,575,,oddsapi
2026-10-05T21:00:06Z,2026-10-05,WPG @ PIT,3da179dc46d7f7a5f06637fcd97ce367,ags,yes,Alex Iafallo,,betmgm,575,,oddsapi
2026-10-05T21:00:06Z,2026-10-05,WPG @ PIT,3da179dc46d7f7a5f06637fcd97ce367,ags,yes,Filip Hallander,,betmgm,575,,oddsapi
2026-10-05T21:00:06Z,2026-10-05,WPG @ PIT,3da179dc46d7f7a5f06637fcd97ce367,ags,yes,Connor Dewar,,betmgm,575,,oddsapi
2026-10-05T21:00:06Z,2026-10-05,WPG @ PIT,3da179dc46d7f7a5f06637fcd97ce367,ags,yes,Blake Lizotte,,betmgm,600,,oddsapi
2026-10-05T21:00:06Z,2026-10-05,WPG @ PIT,3da179dc46d7f7a5f06637fcd97ce367,ags,yes,Josh Morrissey,,betmgm,600,,oddsapi
2026-10-05T21:00:06Z,2026-10-05,WPG @ PIT,3da179dc46d7f7a5f06637fcd97ce367,ags,yes,Morgan Barron,,betmgm,675,,oddsapi
2026-10-05T21:00:06Z,2026-10-05,WPG @ PIT,3da179dc46d7f7a5f06637fcd97ce367,ags,yes,Brad Lambert,,betmgm,700,,oddsapi
2026-10-05T21:00:06Z,2026-10-05,WPG @ PIT,3da179dc46d7f7a5f06637fcd97ce367,ags,yes,Kris Letang,,betmgm,800,,oddsapi
2026-10-05T21:00:06Z,2026-10-05,WPG @ PIT,3da179dc46d7f7a5f06637fcd97ce367,ags,yes,Neal Pionk,,betmgm,825,,oddsapi
2026-10-05T21:00:06Z,2026-10-05,WPG @ PIT,3da179dc46d7f7a5f06637fcd97ce367,ags,yes,Samuel Girard,,betmgm,950,,oddsapi
2026-10-05T21:00:06Z,2026-10-05,WPG @ PIT,3da179dc46d7f7a5f06637fcd97ce367,ags,yes,Declan Carlile,,betmgm,1000,,oddsapi
2026-10-05T21:00:06Z,2026-10-05,WPG @ PIT,3da179dc46d7f7a5f06637fcd97ce367,ags,yes,Tyrel Bauer,,betmgm,1150,,oddsapi
2026-10-05T21:00:06Z,2026-10-05,WPG @ PIT,3da179dc46d7f7a5f06637fcd97ce367,ags,yes,Mario Ferraro,,betmgm,1450,,oddsapi
2026-10-05T21:00:06Z,2026-10-05,WPG @ PIT,3da179dc46d7f7a5f06637fcd97ce367,ags,yes,Trevor van Riemsdyk,,betmgm,1600,,oddsapi
2026-10-05T21:00:06Z,2026-10-05,WPG @ PIT,3da179dc46d7f7a5f06637fcd97ce367,ags,yes,Kaedan Korczak,,betmgm,1650,,oddsapi
2026-10-05T21:00:06Z,2026-10-05,WPG @ PIT,3da179dc46d7f7a5f06637fcd97ce367,ags,yes,Dylan DeMelo,,betmgm,1750,,oddsapi
2026-10-05T21:00:06Z,2026-10-05,WPG @ PIT,3da179dc46d7f7a5f06637fcd97ce367,ags,yes,Dylan Samberg,,betmgm,1800,,oddsapi
2026-10-05T21:00:06Z,2026-10-05,WPG @ PIT,3da179dc46d7f7a5f06637fcd97ce367,fgs,yes,Kyle Connor,,betmgm,1100,,oddsapi
2026-10-05T21:00:06Z,2026-10-05,WPG @ PIT,3da179dc46d7f7a5f06637fcd97ce367,fgs,yes,Rickard Rakell,,betmgm,1150,,oddsapi
2026-10-05T21:00:06Z,2026-10-05,WPG @ PIT,3da179dc46d7f7a5f06637fcd97ce367,fgs,yes,Sidney Crosby,,betmgm,1150,,oddsapi
2026-10-05T21:00:06Z,2026-10-05,WPG @ PIT,3da179dc46d7f7a5f06637fcd97ce367,fgs,yes,Evgeni Malkin,,betmgm,1300,,oddsapi
2026-10-05T21:00:06Z,2026-10-05,WPG @ PIT,3da179dc46d7f7a5f06637fcd97ce367,fgs,yes,Mark Scheifele,,betmgm,1450,,oddsapi
2026-10-05T21:00:06Z,2026-10-05,WPG @ PIT,3da179dc46d7f7a5f06637fcd97ce367,fgs,yes,Yegor Chinakhov,,betmgm,1450,,oddsapi
2026-10-05T21:00:06Z,2026-10-05,WPG @ PIT,3da179dc46d7f7a5f06637fcd97ce367,fgs,yes,Gabriel Vilardi,,betmgm,1650,,oddsapi
2026-10-05T21:00:06Z,2026-10-05,WPG @ PIT,3da179dc46d7f7a5f06637fcd97ce367,fgs,yes,Nick Robertson,,betmgm,1800,,oddsapi
2026-10-05T21:00:06Z,2026-10-05,WPG @ PIT,3da179dc46d7f7a5f06637fcd97ce367,fgs,yes,Cole Perfetti,,betmgm,1850,,oddsapi
2026-10-05T21:00:06Z,2026-10-05,WPG @ PIT,3da179dc46d7f7a5f06637fcd97ce367,fgs,yes,Ben Kindel,,betmgm,1850,,oddsapi
2026-10-05T21:00:06Z,2026-10-05,WPG @ PIT,3da179dc46d7f7a5f06637fcd97ce367,fgs,yes,Tommy Novak,,betmgm,1900,,oddsapi
2026-10-05T21:00:06Z,2026-10-05,WPG @ PIT,3da179dc46d7f7a5f06637fcd97ce367,fgs,yes,Andrei Kuzmenko,,betmgm,2200,,oddsapi
2026-10-05T21:00:06Z,2026-10-05,WPG @ PIT,3da179dc46d7f7a5f06637fcd97ce367,fgs,yes,Erik Karlsson,,betmgm,2200,,oddsapi
2026-10-05T21:00:06Z,2026-10-05,WPG @ PIT,3da179dc46d7f7a5f06637fcd97ce367,fgs,yes,Viggo Bjorck,,betmgm,2500,,oddsapi
2026-10-05T21:00:06Z,2026-10-05,WPG @ PIT,3da179dc46d7f7a5f06637fcd97ce367,fgs,yes,Hendrix Lapierre,,betmgm,2800,,oddsapi
2026-10-05T21:00:06Z,2026-10-05,WPG @ PIT,3da179dc46d7f7a5f06637fcd97ce367,fgs,yes,Isak Rosen,,betmgm,3000,,oddsapi
2026-10-05T21:00:06Z,2026-10-05,WPG @ PIT,3da179dc46d7f7a5f06637fcd97ce367,fgs,yes,Nino Niederreiter,,betmgm,3000,,oddsapi
2026-10-05T21:00:06Z,2026-10-05,WPG @ PIT,3da179dc46d7f7a5f06637fcd97ce367,fgs,yes,Filip Hallander,,betmgm,3000,,oddsapi
2026-10-05T21:00:06Z,2026-10-05,WPG @ PIT,3da179dc46d7f7a5f06637fcd97ce367,fgs,yes,Josh Morrissey,,betmgm,3300,,oddsapi
2026-10-05T21:00:06Z,2026-10-05,WPG @ PIT,3da179dc46d7f7a5f06637fcd97ce367,fgs,yes,Adam Lowry,,betmgm,3300,,oddsapi
2026-10-05T21:00:06Z,2026-10-05,WPG @ PIT,3da179dc46d7f7a5f06637fcd97ce367,fgs,yes,Connor Dewar,,betmgm,3300,,oddsapi
2026-10-05T21:00:06Z,2026-10-05,WPG @ PIT,3da179dc46d7f7a5f06637fcd97ce367,fgs,yes,Vladislav Namestnikov,,betmgm,3300,,oddsapi
2026-10-05T21:00:06Z,2026-10-05,WPG @ PIT,3da179dc46d7f7a5f06637fcd97ce367,fgs,yes,Blake Lizotte,,betmgm,3500,,oddsapi
2026-10-05T21:00:06Z,2026-10-05,WPG @ PIT,3da179dc46d7f7a5f06637fcd97ce367,fgs,yes,Alex Iafallo,,betmgm,3500,,oddsapi
2026-10-05T21:00:06Z,2026-10-05,WPG @ PIT,3da179dc46d7f7a5f06637fcd97ce367,fgs,yes,Morgan Barron,,betmgm,4000,,oddsapi
2026-10-05T21:00:06Z,2026-10-05,WPG @ PIT,3da179dc46d7f7a5f06637fcd97ce367,fgs,yes,Neal Pionk,,betmgm,4000,,oddsapi
2026-10-05T21:00:06Z,2026-10-05,WPG @ PIT,3da179dc46d7f7a5f06637fcd97ce367,fgs,yes,Kris Letang,,betmgm,4000,,oddsapi
2026-10-05T21:00:06Z,2026-10-05,WPG @ PIT,3da179dc46d7f7a5f06637fcd97ce367,fgs,yes,Brad Lambert,,betmgm,4000,,oddsapi
2026-10-05T21:00:06Z,2026-10-05,WPG @ PIT,3da179dc46d7f7a5f06637fcd97ce367,fgs,yes,Samuel Girard,,betmgm,4500,,oddsapi
2026-10-05T21:00:06Z,2026-10-05,WPG @ PIT,3da179dc46d7f7a5f06637fcd97ce367,fgs,yes,Declan Carlile,,betmgm,6600,,oddsapi
2026-10-05T21:00:06Z,2026-10-05,WPG @ PIT,3da179dc46d7f7a5f06637fcd97ce367,fgs,yes,Trevor van Riemsdyk,,betmgm,8000,,oddsapi
2026-10-05T21:00:06Z,2026-10-05,WPG @ PIT,3da179dc46d7f7a5f06637fcd97ce367,fgs,yes,Dylan DeMelo,,betmgm,8000,,oddsapi
2026-10-05T21:00:06Z,2026-10-05,WPG @ PIT,3da179dc46d7f7a5f06637fcd97ce367,fgs,yes,Kaedan Korczak,,betmgm,8000,,oddsapi
2026-10-05T21:00:06Z,2026-10-05,WPG @ PIT,3da179dc46d7f7a5f06637fcd97ce367,fgs,yes,Dylan Samberg,,betmgm,10000,,oddsapi
2026-10-05T21:00:06Z,2026-10-05,WPG @ PIT,3da179dc46d7f7a5f06637fcd97ce367,fgs,yes,Mario Ferraro,,betmgm,10000,,oddsapi
2026-10-05T21:00:06Z,2026-10-05,WPG @ PIT,3da179dc46d7f7a5f06637fcd97ce367,sk_pts,over,Cole Perfetti,0.5,betmgm,-110,-120,oddsapi
2026-10-05T21:00:06Z,2026-10-05,WPG @ PIT,3da179dc46d7f7a5f06637fcd97ce367,sk_pts,under,Cole Perfetti,0.5,betmgm,-120,-110,oddsapi
2026-10-05T21:00:06Z,2026-10-05,WPG @ PIT,3da179dc46d7f7a5f06637fcd97ce367,sk_pts,over,Nick Robertson,0.5,betmgm,145,-200,oddsapi
2026-10-05T21:00:06Z,2026-10-05,WPG @ PIT,3da179dc46d7f7a5f06637fcd97ce367,sk_pts,under,Nick Robertson,0.5,betmgm,-200,145,oddsapi
2026-10-05T21:00:06Z,2026-10-05,WPG @ PIT,3da179dc46d7f7a5f06637fcd97ce367,sk_pts,over,Ben Kindel,0.5,betmgm,135,-185,oddsapi
2026-10-05T21:00:06Z,2026-10-05,WPG @ PIT,3da179dc46d7f7a5f06637fcd97ce367,sk_pts,under,Ben Kindel,0.5,betmgm,-185,135,oddsapi
2026-10-05T21:00:06Z,2026-10-05,WPG @ PIT,3da179dc46d7f7a5f06637fcd97ce367,sk_pts,over,Kyle Connor,0.5,betmgm,-190,140,oddsapi
2026-10-05T21:00:06Z,2026-10-05,WPG @ PIT,3da179dc46d7f7a5f06637fcd97ce367,sk_pts,under,Kyle Connor,0.5,betmgm,140,-190,oddsapi
2026-10-05T21:00:06Z,2026-10-05,WPG @ PIT,3da179dc46d7f7a5f06637fcd97ce367,sk_pts,over,Yegor Chinakhov,0.5,betmgm,-110,-120,oddsapi
2026-10-05T21:00:06Z,2026-10-05,WPG @ PIT,3da179dc46d7f7a5f06637fcd97ce367,sk_pts,under,Yegor Chinakhov,0.5,betmgm,-120,-110,oddsapi
2026-10-05T21:00:06Z,2026-10-05,WPG @ PIT,3da179dc46d7f7a5f06637fcd97ce367,sk_pts,over,Erik Karlsson,0.5,betmgm,-160,120,oddsapi
2026-10-05T21:00:06Z,2026-10-05,WPG @ PIT,3da179dc46d7f7a5f06637fcd97ce367,sk_pts,under,Erik Karlsson,0.5,betmgm,120,-160,oddsapi
2026-10-05T21:00:06Z,2026-10-05,WPG @ PIT,3da179dc46d7f7a5f06637fcd97ce367,sk_pts,over,Rickard Rakell,0.5,betmgm,-190,140,oddsapi
2026-10-05T21:00:06Z,2026-10-05,WPG @ PIT,3da179dc46d7f7a5f06637fcd97ce367,sk_pts,under,Rickard Rakell,0.5,betmgm,140,-190,oddsapi
2026-10-05T21:00:06Z,2026-10-05,WPG @ PIT,3da179dc46d7f7a5f06637fcd97ce367,sk_pts,over,Nino Niederreiter,0.5,betmgm,160,-220,oddsapi
2026-10-05T21:00:06Z,2026-10-05,WPG @ PIT,3da179dc46d7f7a5f06637fcd97ce367,sk_pts,under,Nino Niederreiter,0.5,betmgm,-220,160,oddsapi
2026-10-05T21:00:06Z,2026-10-05,WPG @ PIT,3da179dc46d7f7a5f06637fcd97ce367,sk_pts,over,Gabriel Vilardi,0.5,betmgm,-135,100,oddsapi
2026-10-05T21:00:06Z,2026-10-05,WPG @ PIT,3da179dc46d7f7a5f06637fcd97ce367,sk_pts,under,Gabriel Vilardi,0.5,betmgm,100,-135,oddsapi
2026-10-05T21:00:06Z,2026-10-05,WPG @ PIT,3da179dc46d7f7a5f06637fcd97ce367,sk_pts,over,Josh Morrissey,0.5,betmgm,-125,-105,oddsapi
2026-10-05T21:00:06Z,2026-10-05,WPG @ PIT,3da179dc46d7f7a5f06637fcd97ce367,sk_pts,under,Josh Morrissey,0.5,betmgm,-105,-125,oddsapi
2026-10-05T21:00:06Z,2026-10-05,WPG @ PIT,3da179dc46d7f7a5f06637fcd97ce367,sk_pts,over,Viggo Bjorck,0.5,betmgm,160,-220,oddsapi
2026-10-05T21:00:06Z,2026-10-05,WPG @ PIT,3da179dc46d7f7a5f06637fcd97ce367,sk_pts,under,Viggo Bjorck,0.5,betmgm,-220,160,oddsapi
2026-10-05T21:00:06Z,2026-10-05,WPG @ PIT,3da179dc46d7f7a5f06637fcd97ce367,sk_pts,over,Evgeni Malkin,0.5,betmgm,-175,130,oddsapi
2026-10-05T21:00:06Z,2026-10-05,WPG @ PIT,3da179dc46d7f7a5f06637fcd97ce367,sk_pts,under,Evgeni Malkin,0.5,betmgm,130,-175,oddsapi
2026-10-05T21:00:06Z,2026-10-05,WPG @ PIT,3da179dc46d7f7a5f06637fcd97ce367,sk_pts,over,Mark Scheifele,0.5,betmgm,-185,135,oddsapi
2026-10-05T21:00:06Z,2026-10-05,WPG @ PIT,3da179dc46d7f7a5f06637fcd97ce367,sk_pts,under,Mark Scheifele,0.5,betmgm,135,-185,oddsapi
2026-10-05T21:00:06Z,2026-10-05,WPG @ PIT,3da179dc46d7f7a5f06637fcd97ce367,sk_pts,over,Tommy Novak,0.5,betmgm,-120,-110,oddsapi
2026-10-05T21:00:06Z,2026-10-05,WPG @ PIT,3da179dc46d7f7a5f06637fcd97ce367,sk_pts,under,Tommy Novak,0.5,betmgm,-110,-120,oddsapi
2026-10-05T21:00:06Z,2026-10-05,WPG @ PIT,3da179dc46d7f7a5f06637fcd97ce367,sk_pts,over,Sidney Crosby,0.5,betmgm,-285,200,oddsapi
2026-10-05T21:00:06Z,2026-10-05,WPG @ PIT,3da179dc46d7f7a5f06637fcd97ce367,sk_pts,under,Sidney Crosby,0.5,betmgm,200,-285,oddsapi
2026-10-05T21:00:06Z,2026-10-05,WPG @ PIT,3da179dc46d7f7a5f06637fcd97ce367,sk_ppp,over,Kyle Connor,0.5,betmgm,225,-325,oddsapi
2026-10-05T21:00:06Z,2026-10-05,WPG @ PIT,3da179dc46d7f7a5f06637fcd97ce367,sk_ppp,under,Kyle Connor,0.5,betmgm,-325,225,oddsapi
2026-10-05T21:00:06Z,2026-10-05,WPG @ PIT,3da179dc46d7f7a5f06637fcd97ce367,sk_ppp,over,Rickard Rakell,0.5,betmgm,230,-350,oddsapi
2026-10-05T21:00:06Z,2026-10-05,WPG @ PIT,3da179dc46d7f7a5f06637fcd97ce367,sk_ppp,under,Rickard Rakell,0.5,betmgm,-350,230,oddsapi
2026-10-05T21:00:06Z,2026-10-05,WPG @ PIT,3da179dc46d7f7a5f06637fcd97ce367,sk_ppp,over,Yegor Chinakhov,0.5,betmgm,375,-900,oddsapi
2026-10-05T21:00:06Z,2026-10-05,WPG @ PIT,3da179dc46d7f7a5f06637fcd97ce367,sk_ppp,under,Yegor Chinakhov,0.5,betmgm,-900,375,oddsapi
2026-10-05T21:00:06Z,2026-10-05,WPG @ PIT,3da179dc46d7f7a5f06637fcd97ce367,sk_ppp,over,Ben Kindel,0.5,betmgm,380,-2000,oddsapi
2026-10-05T21:00:06Z,2026-10-05,WPG @ PIT,3da179dc46d7f7a5f06637fcd97ce367,sk_ppp,under,Ben Kindel,0.5,betmgm,-2000,380,oddsapi
2026-10-05T21:00:06Z,2026-10-05,WPG @ PIT,3da179dc46d7f7a5f06637fcd97ce367,sk_ppp,over,Andrei Kuzmenko,0.5,betmgm,375,-750,oddsapi
2026-10-05T21:00:06Z,2026-10-05,WPG @ PIT,3da179dc46d7f7a5f06637fcd97ce367,sk_ppp,under,Andrei Kuzmenko,0.5,betmgm,-750,375,oddsapi
2026-10-05T21:00:06Z,2026-10-05,WPG @ PIT,3da179dc46d7f7a5f06637fcd97ce367,sk_ppp,over,Mark Scheifele,0.5,betmgm,210,-300,oddsapi
2026-10-05T21:00:06Z,2026-10-05,WPG @ PIT,3da179dc46d7f7a5f06637fcd97ce367,sk_ppp,under,Mark Scheifele,0.5,betmgm,-300,210,oddsapi
2026-10-05T21:00:06Z,2026-10-05,WPG @ PIT,3da179dc46d7f7a5f06637fcd97ce367,sk_ppp,over,Evgeni Malkin,0.5,betmgm,270,-400,oddsapi
2026-10-05T21:00:06Z,2026-10-05,WPG @ PIT,3da179dc46d7f7a5f06637fcd97ce367,sk_ppp,under,Evgeni Malkin,0.5,betmgm,-400,270,oddsapi
2026-10-05T21:00:06Z,2026-10-05,WPG @ PIT,3da179dc46d7f7a5f06637fcd97ce367,sk_ppp,over,Sidney Crosby,0.5,betmgm,180,-250,oddsapi
2026-10-05T21:00:06Z,2026-10-05,WPG @ PIT,3da179dc46d7f7a5f06637fcd97ce367,sk_ppp,under,Sidney Crosby,0.5,betmgm,-250,180,oddsapi
2026-10-05T21:00:06Z,2026-10-05,WPG @ PIT,3da179dc46d7f7a5f06637fcd97ce367,sk_ppp,over,Josh Morrissey,0.5,betmgm,250,-350,oddsapi
2026-10-05T21:00:06Z,2026-10-05,WPG @ PIT,3da179dc46d7f7a5f06637fcd97ce367,sk_ppp,under,Josh Morrissey,0.5,betmgm,-350,250,oddsapi
2026-10-05T21:00:06Z,2026-10-05,WPG @ PIT,3da179dc46d7f7a5f06637fcd97ce367,sk_ppp,over,Gabriel Vilardi,0.5,betmgm,270,-450,oddsapi
2026-10-05T21:00:06Z,2026-10-05,WPG @ PIT,3da179dc46d7f7a5f06637fcd97ce367,sk_ppp,under,Gabriel Vilardi,0.5,betmgm,-450,270,oddsapi
2026-10-05T21:00:06Z,2026-10-05,WPG @ PIT,3da179dc46d7f7a5f06637fcd97ce367,sk_ppp,over,Cole Perfetti,0.5,betmgm,325,-600,oddsapi
2026-10-05T21:00:06Z,2026-10-05,WPG @ PIT,3da179dc46d7f7a5f06637fcd97ce367,sk_ppp,under,Cole Perfetti,0.5,betmgm,-600,325,oddsapi
2026-10-05T21:00:06Z,2026-10-05,WPG @ PIT,3da179dc46d7f7a5f06637fcd97ce367,sk_ppp,over,Erik Karlsson,0.5,betmgm,250,-375,oddsapi
2026-10-05T21:00:06Z,2026-10-05,WPG @ PIT,3da179dc46d7f7a5f06637fcd97ce367,sk_ppp,under,Erik Karlsson,0.5,betmgm,-375,250,oddsapi
2026-10-05T21:00:06Z,2026-10-05,WPG @ PIT,3da179dc46d7f7a5f06637fcd97ce367,sk_ppp,over,Tommy Novak,0.5,betmgm,360,-700,oddsapi
2026-10-05T21:00:06Z,2026-10-05,WPG @ PIT,3da179dc46d7f7a5f06637fcd97ce367,sk_ppp,under,Tommy Novak,0.5,betmgm,-700,360,oddsapi
2026-10-05T21:00:06Z,2026-10-05,WPG @ PIT,3da179dc46d7f7a5f06637fcd97ce367,sk_sog,over,Sidney Crosby,2.5,betmgm,-145,100,oddsapi
2026-10-05T21:00:06Z,2026-10-05,WPG @ PIT,3da179dc46d7f7a5f06637fcd97ce367,sk_sog,under,Sidney Crosby,2.5,betmgm,100,-145,oddsapi
2026-10-05T21:00:06Z,2026-10-05,WPG @ PIT,3da179dc46d7f7a5f06637fcd97ce367,sk_sog,over,Nino Niederreiter,1.5,betmgm,105,-155,oddsapi
2026-10-05T21:00:06Z,2026-10-05,WPG @ PIT,3da179dc46d7f7a5f06637fcd97ce367,sk_sog,under,Nino Niederreiter,1.5,betmgm,-155,105,oddsapi
2026-10-05T21:00:06Z,2026-10-05,WPG @ PIT,3da179dc46d7f7a5f06637fcd97ce367,sk_sog,over,Gabriel Vilardi,1.5,betmgm,-145,100,oddsapi
2026-10-05T21:00:06Z,2026-10-05,WPG @ PIT,3da179dc46d7f7a5f06637fcd97ce367,sk_sog,under,Gabriel Vilardi,1.5,betmgm,100,-145,oddsapi
2026-10-05T21:00:06Z,2026-10-05,WPG @ PIT,3da179dc46d7f7a5f06637fcd97ce367,sk_sog,over,Viggo Bjorck,1.5,betmgm,120,-175,oddsapi
2026-10-05T21:00:06Z,2026-10-05,WPG @ PIT,3da179dc46d7f7a5f06637fcd97ce367,sk_sog,under,Viggo Bjorck,1.5,betmgm,-175,120,oddsapi
2026-10-05T21:00:06Z,2026-10-05,WPG @ PIT,3da179dc46d7f7a5f06637fcd97ce367,sk_sog,over,Yegor Chinakhov,2.5,betmgm,100,-145,oddsapi
2026-10-05T21:00:06Z,2026-10-05,WPG @ PIT,3da179dc46d7f7a5f06637fcd97ce367,sk_sog,under,Yegor Chinakhov,2.5,betmgm,-145,100,oddsapi
2026-10-05T21:00:06Z,2026-10-05,WPG @ PIT,3da179dc46d7f7a5f06637fcd97ce367,sk_sog,over,Cole Perfetti,1.5,betmgm,-250,150,oddsapi
2026-10-05T21:00:06Z,2026-10-05,WPG @ PIT,3da179dc46d7f7a5f06637fcd97ce367,sk_sog,under,Cole Perfetti,1.5,betmgm,150,-250,oddsapi
2026-10-05T21:00:06Z,2026-10-05,WPG @ PIT,3da179dc46d7f7a5f06637fcd97ce367,sk_sog,over,Erik Karlsson,2.5,betmgm,-120,-120,oddsapi
2026-10-05T21:00:06Z,2026-10-05,WPG @ PIT,3da179dc46d7f7a5f06637fcd97ce367,sk_sog,under,Erik Karlsson,2.5,betmgm,-120,-120,oddsapi
2026-10-05T21:00:06Z,2026-10-05,WPG @ PIT,3da179dc46d7f7a5f06637fcd97ce367,sk_sog,over,Nick Robertson,1.5,betmgm,-125,-115,oddsapi
2026-10-05T21:00:06Z,2026-10-05,WPG @ PIT,3da179dc46d7f7a5f06637fcd97ce367,sk_sog,under,Nick Robertson,1.5,betmgm,-115,-125,oddsapi
2026-10-05T21:00:06Z,2026-10-05,WPG @ PIT,3da179dc46d7f7a5f06637fcd97ce367,sk_sog,over,Ben Kindel,1.5,betmgm,-125,-115,oddsapi
2026-10-05T21:00:06Z,2026-10-05,WPG @ PIT,3da179dc46d7f7a5f06637fcd97ce367,sk_sog,under,Ben Kindel,1.5,betmgm,-115,-125,oddsapi
2026-10-05T21:00:06Z,2026-10-05,WPG @ PIT,3da179dc46d7f7a5f06637fcd97ce367,sk_sog,over,Rickard Rakell,2.5,betmgm,-160,110,oddsapi
2026-10-05T21:00:06Z,2026-10-05,WPG @ PIT,3da179dc46d7f7a5f06637fcd97ce367,sk_sog,under,Rickard Rakell,2.5,betmgm,110,-160,oddsapi
2026-10-05T21:00:06Z,2026-10-05,WPG @ PIT,3da179dc46d7f7a5f06637fcd97ce367,sk_sog,over,Josh Morrissey,1.5,betmgm,-175,120,oddsapi
2026-10-05T21:00:06Z,2026-10-05,WPG @ PIT,3da179dc46d7f7a5f06637fcd97ce367,sk_sog,under,Josh Morrissey,1.5,betmgm,120,-175,oddsapi
2026-10-05T21:00:06Z,2026-10-05,WPG @ PIT,3da179dc46d7f7a5f06637fcd97ce367,sk_sog,over,Kyle Connor,2.5,betmgm,-200,130,oddsapi
2026-10-05T21:00:06Z,2026-10-05,WPG @ PIT,3da179dc46d7f7a5f06637fcd97ce367,sk_sog,under,Kyle Connor,2.5,betmgm,130,-200,oddsapi
2026-10-05T21:00:06Z,2026-10-05,WPG @ PIT,3da179dc46d7f7a5f06637fcd97ce367,sk_sog,over,Tommy Novak,1.5,betmgm,-140,-105,oddsapi
2026-10-05T21:00:06Z,2026-10-05,WPG @ PIT,3da179dc46d7f7a5f06637fcd97ce367,sk_sog,under,Tommy Novak,1.5,betmgm,-105,-140,oddsapi
2026-10-05T21:00:06Z,2026-10-05,WPG @ PIT,3da179dc46d7f7a5f06637fcd97ce367,sk_sog,over,Mark Scheifele,1.5,betmgm,-175,120,oddsapi
2026-10-05T21:00:06Z,2026-10-05,WPG @ PIT,3da179dc46d7f7a5f06637fcd97ce367,sk_sog,under,Mark Scheifele,1.5,betmgm,120,-175,oddsapi
2026-10-05T21:00:06Z,2026-10-05,WPG @ PIT,3da179dc46d7f7a5f06637fcd97ce367,sk_sog,over,Evgeni Malkin,1.5,betmgm,-235,130,oddsapi
2026-10-05T21:00:06Z,2026-10-05,WPG @ PIT,3da179dc46d7f7a5f06637fcd97ce367,sk_sog,under,Evgeni Malkin,1.5,betmgm,130,-235,oddsapi
2026-10-05T21:00:06Z,2026-10-05,WPG @ PIT,3da179dc46d7f7a5f06637fcd97ce367,p1_pl,PIT,,1.5,betmgm,-1400,675,oddsapi
2026-10-05T21:00:06Z,2026-10-05,WPG @ PIT,3da179dc46d7f7a5f06637fcd97ce367,p1_pl,WPG,,-1.5,betmgm,675,-1400,oddsapi
2026-10-05T21:00:06Z,2026-10-05,WPG @ PIT,3da179dc46d7f7a5f06637fcd97ce367,p2_pl,PIT,,-2,betmgm,775,-2500,oddsapi
2026-10-05T21:00:06Z,2026-10-05,WPG @ PIT,3da179dc46d7f7a5f06637fcd97ce367,p2_pl,WPG,,2,betmgm,-2500,775,oddsapi
2026-10-05T21:00:06Z,2026-10-05,WPG @ PIT,3da179dc46d7f7a5f06637fcd97ce367,p3_pl,PIT,,-2,betmgm,675,-2000,oddsapi
2026-10-05T21:00:06Z,2026-10-05,WPG @ PIT,3da179dc46d7f7a5f06637fcd97ce367,p3_pl,WPG,,2,betmgm,-2000,675,oddsapi
2026-10-05T21:00:06Z,2026-10-05,WPG @ PIT,3da179dc46d7f7a5f06637fcd97ce367,team_total,over,PIT,3.5,betmgm,-120,-115,oddsapi
2026-10-05T21:00:06Z,2026-10-05,WPG @ PIT,3da179dc46d7f7a5f06637fcd97ce367,team_total,under,PIT,3.5,betmgm,-115,-120,oddsapi
2026-10-05T21:00:06Z,2026-10-05,WPG @ PIT,3da179dc46d7f7a5f06637fcd97ce367,team_total,over,WPG,2.5,betmgm,-140,100,oddsapi
2026-10-05T21:00:06Z,2026-10-05,WPG @ PIT,3da179dc46d7f7a5f06637fcd97ce367,team_total,under,WPG,2.5,betmgm,100,-140,oddsapi
2026-10-05T21:00:06Z,2026-10-05,WPG @ PIT,3da179dc46d7f7a5f06637fcd97ce367,p1_total,over,,2.5,betmgm,220,-300,oddsapi
2026-10-05T21:00:06Z,2026-10-05,WPG @ PIT,3da179dc46d7f7a5f06637fcd97ce367,p1_total,under,,2.5,betmgm,-300,220,oddsapi
2026-10-05T21:00:06Z,2026-10-05,WPG @ PIT,3da179dc46d7f7a5f06637fcd97ce367,p2_total,over,,3,betmgm,300,-475,oddsapi
2026-10-05T21:00:06Z,2026-10-05,WPG @ PIT,3da179dc46d7f7a5f06637fcd97ce367,p2_total,under,,3,betmgm,-475,300,oddsapi
2026-10-05T21:00:06Z,2026-10-05,WPG @ PIT,3da179dc46d7f7a5f06637fcd97ce367,p3_total,over,,3,betmgm,260,-400,oddsapi
2026-10-05T21:00:06Z,2026-10-05,WPG @ PIT,3da179dc46d7f7a5f06637fcd97ce367,p3_total,under,,3,betmgm,-400,260,oddsapi
2026-10-05T21:00:06Z,2026-10-05,WPG @ PIT,3da179dc46d7f7a5f06637fcd97ce367,p1_ml,PIT,,,betonlineag,-145,125,oddsapi
2026-10-05T21:00:06Z,2026-10-05,WPG @ PIT,3da179dc46d7f7a5f06637fcd97ce367,p1_ml,WPG,,,betonlineag,125,-145,oddsapi
2026-10-05T21:00:06Z,2026-10-05,WPG @ PIT,3da179dc46d7f7a5f06637fcd97ce367,sk_pts,over,Josh Morrissey,0.5,betonlineag,-115,-112,oddsapi
2026-10-05T21:00:06Z,2026-10-05,WPG @ PIT,3da179dc46d7f7a5f06637fcd97ce367,sk_pts,under,Josh Morrissey,0.5,betonlineag,-112,-115,oddsapi
2026-10-05T21:00:06Z,2026-10-05,WPG @ PIT,3da179dc46d7f7a5f06637fcd97ce367,sk_pts,over,Gabriel Vilardi,0.5,betonlineag,-112,-115,oddsapi
2026-10-05T21:00:06Z,2026-10-05,WPG @ PIT,3da179dc46d7f7a5f06637fcd97ce367,sk_pts,under,Gabriel Vilardi,0.5,betonlineag,-115,-112,oddsapi
2026-10-05T21:00:06Z,2026-10-05,WPG @ PIT,3da179dc46d7f7a5f06637fcd97ce367,sk_pts,over,Cole Perfetti,0.5,betonlineag,-110,-118,oddsapi
2026-10-05T21:00:06Z,2026-10-05,WPG @ PIT,3da179dc46d7f7a5f06637fcd97ce367,sk_pts,under,Cole Perfetti,0.5,betonlineag,-118,-110,oddsapi
2026-10-05T21:00:06Z,2026-10-05,WPG @ PIT,3da179dc46d7f7a5f06637fcd97ce367,sk_pts,over,Erik Karlsson,0.5,betonlineag,-143,110,oddsapi
2026-10-05T21:00:06Z,2026-10-05,WPG @ PIT,3da179dc46d7f7a5f06637fcd97ce367,sk_pts,under,Erik Karlsson,0.5,betonlineag,110,-143,oddsapi
2026-10-05T21:00:06Z,2026-10-05,WPG @ PIT,3da179dc46d7f7a5f06637fcd97ce367,sk_pts,over,Rickard Rakell,0.5,betonlineag,-156,121,oddsapi
2026-10-05T21:00:06Z,2026-10-05,WPG @ PIT,3da179dc46d7f7a5f06637fcd97ce367,sk_pts,under,Rickard Rakell,0.5,betonlineag,121,-156,oddsapi
2026-10-05T21:00:06Z,2026-10-05,WPG @ PIT,3da179dc46d7f7a5f06637fcd97ce367,sk_pts,over,Evgeni Malkin,0.5,betonlineag,-161,124,oddsapi
2026-10-05T21:00:06Z,2026-10-05,WPG @ PIT,3da179dc46d7f7a5f06637fcd97ce367,sk_pts,under,Evgeni Malkin,0.5,betonlineag,124,-161,oddsapi
2026-10-05T21:00:06Z,2026-10-05,WPG @ PIT,3da179dc46d7f7a5f06637fcd97ce367,sk_pts,over,Sidney Crosby,1.5,betonlineag,182,-244,oddsapi
2026-10-05T21:00:06Z,2026-10-05,WPG @ PIT,3da179dc46d7f7a5f06637fcd97ce367,sk_pts,under,Sidney Crosby,1.5,betonlineag,-244,182,oddsapi
2026-10-05T21:00:06Z,2026-10-05,WPG @ PIT,3da179dc46d7f7a5f06637fcd97ce367,sk_pts,over,Kyle Connor,0.5,betonlineag,-179,136,oddsapi
2026-10-05T21:00:06Z,2026-10-05,WPG @ PIT,3da179dc46d7f7a5f06637fcd97ce367,sk_pts,under,Kyle Connor,0.5,betonlineag,136,-179,oddsapi
2026-10-05T21:00:06Z,2026-10-05,WPG @ PIT,3da179dc46d7f7a5f06637fcd97ce367,sk_pts,over,Mark Scheifele,0.5,betonlineag,-185,142,oddsapi
2026-10-05T21:00:06Z,2026-10-05,WPG @ PIT,3da179dc46d7f7a5f06637fcd97ce367,sk_pts,under,Mark Scheifele,0.5,betonlineag,142,-185,oddsapi
2026-10-05T21:00:06Z,2026-10-05,WPG @ PIT,3da179dc46d7f7a5f06637fcd97ce367,sk_pts,over,Ben Kindel,0.5,betonlineag,124,-161,oddsapi
2026-10-05T21:00:06Z,2026-10-05,WPG @ PIT,3da179dc46d7f7a5f06637fcd97ce367,sk_pts,under,Ben Kindel,0.5,betonlineag,-161,124,oddsapi
2026-10-05T21:00:06Z,2026-10-05,WPG @ PIT,3da179dc46d7f7a5f06637fcd97ce367,sk_pts,over,Yegor Chinakhov,0.5,betonlineag,-109,-119,oddsapi
2026-10-05T21:00:06Z,2026-10-05,WPG @ PIT,3da179dc46d7f7a5f06637fcd97ce367,sk_pts,under,Yegor Chinakhov,0.5,betonlineag,-119,-109,oddsapi
2026-10-05T21:00:06Z,2026-10-05,WPG @ PIT,3da179dc46d7f7a5f06637fcd97ce367,sk_pts,over,Tommy Novak,0.5,betonlineag,-114,-114,oddsapi
2026-10-05T21:00:06Z,2026-10-05,WPG @ PIT,3da179dc46d7f7a5f06637fcd97ce367,sk_pts,under,Tommy Novak,0.5,betonlineag,-114,-114,oddsapi
2026-10-05T21:00:06Z,2026-10-05,WPG @ PIT,3da179dc46d7f7a5f06637fcd97ce367,sk_pts,over,Nick Robertson,0.5,betonlineag,130,-169,oddsapi
2026-10-05T21:00:06Z,2026-10-05,WPG @ PIT,3da179dc46d7f7a5f06637fcd97ce367,sk_pts,under,Nick Robertson,0.5,betonlineag,-169,130,oddsapi
2026-10-05T21:00:06Z,2026-10-05,WPG @ PIT,3da179dc46d7f7a5f06637fcd97ce367,sk_sog,over,Kyle Connor,3.5,betonlineag,130,-169,oddsapi
2026-10-05T21:00:06Z,2026-10-05,WPG @ PIT,3da179dc46d7f7a5f06637fcd97ce367,sk_sog,under,Kyle Connor,3.5,betonlineag,-169,130,oddsapi
2026-10-05T21:00:06Z,2026-10-05,WPG @ PIT,3da179dc46d7f7a5f06637fcd97ce367,sk_sog,over,Evgeni Malkin,2.5,betonlineag,152,-200,oddsapi
2026-10-05T21:00:06Z,2026-10-05,WPG @ PIT,3da179dc46d7f7a5f06637fcd97ce367,sk_sog,under,Evgeni Malkin,2.5,betonlineag,-200,152,oddsapi
2026-10-05T21:00:06Z,2026-10-05,WPG @ PIT,3da179dc46d7f7a5f06637fcd97ce367,sk_sog,over,Mark Scheifele,1.5,betonlineag,-154,118,oddsapi
2026-10-05T21:00:06Z,2026-10-05,WPG @ PIT,3da179dc46d7f7a5f06637fcd97ce367,sk_sog,under,Mark Scheifele,1.5,betonlineag,118,-154,oddsapi
2026-10-05T21:00:06Z,2026-10-05,WPG @ PIT,3da179dc46d7f7a5f06637fcd97ce367,sk_sog,over,Yegor Chinakhov,2.5,betonlineag,126,-164,oddsapi
2026-10-05T21:00:06Z,2026-10-05,WPG @ PIT,3da179dc46d7f7a5f06637fcd97ce367,sk_sog,under,Yegor Chinakhov,2.5,betonlineag,-164,126,oddsapi
2026-10-05T21:00:06Z,2026-10-05,WPG @ PIT,3da179dc46d7f7a5f06637fcd97ce367,sk_sog,over,Erik Karlsson,2.5,betonlineag,-101,-128,oddsapi
2026-10-05T21:00:06Z,2026-10-05,WPG @ PIT,3da179dc46d7f7a5f06637fcd97ce367,sk_sog,under,Erik Karlsson,2.5,betonlineag,-128,-101,oddsapi
2026-10-05T21:00:06Z,2026-10-05,WPG @ PIT,3da179dc46d7f7a5f06637fcd97ce367,sk_sog,over,Sidney Crosby,2.5,betonlineag,-115,-112,oddsapi
2026-10-05T21:00:06Z,2026-10-05,WPG @ PIT,3da179dc46d7f7a5f06637fcd97ce367,sk_sog,under,Sidney Crosby,2.5,betonlineag,-112,-115,oddsapi
2026-10-05T21:00:06Z,2026-10-05,WPG @ PIT,3da179dc46d7f7a5f06637fcd97ce367,sk_sog,over,Rickard Rakell,2.5,betonlineag,-130,100,oddsapi
2026-10-05T21:00:06Z,2026-10-05,WPG @ PIT,3da179dc46d7f7a5f06637fcd97ce367,sk_sog,under,Rickard Rakell,2.5,betonlineag,100,-130,oddsapi
2026-10-05T21:00:06Z,2026-10-05,WPG @ PIT,3da179dc46d7f7a5f06637fcd97ce367,sk_sog,over,Cole Perfetti,2.5,betonlineag,126,-164,oddsapi
2026-10-05T21:00:06Z,2026-10-05,WPG @ PIT,3da179dc46d7f7a5f06637fcd97ce367,sk_sog,under,Cole Perfetti,2.5,betonlineag,-164,126,oddsapi
2026-10-05T21:00:06Z,2026-10-05,WPG @ PIT,3da179dc46d7f7a5f06637fcd97ce367,sk_sog,over,Josh Morrissey,1.5,betonlineag,-164,125,oddsapi
2026-10-05T21:00:06Z,2026-10-05,WPG @ PIT,3da179dc46d7f7a5f06637fcd97ce367,sk_sog,under,Josh Morrissey,1.5,betonlineag,125,-164,oddsapi
2026-10-05T21:00:06Z,2026-10-05,WPG @ PIT,3da179dc46d7f7a5f06637fcd97ce367,sk_sog,over,Nick Robertson,1.5,betonlineag,-125,-103,oddsapi
2026-10-05T21:00:06Z,2026-10-05,WPG @ PIT,3da179dc46d7f7a5f06637fcd97ce367,sk_sog,under,Nick Robertson,1.5,betonlineag,-103,-125,oddsapi
2026-10-05T21:00:06Z,2026-10-05,WPG @ PIT,3da179dc46d7f7a5f06637fcd97ce367,sk_sog,over,Tommy Novak,1.5,betonlineag,-122,-106,oddsapi
2026-10-05T21:00:06Z,2026-10-05,WPG @ PIT,3da179dc46d7f7a5f06637fcd97ce367,sk_sog,under,Tommy Novak,1.5,betonlineag,-106,-122,oddsapi
2026-10-05T21:00:06Z,2026-10-05,WPG @ PIT,3da179dc46d7f7a5f06637fcd97ce367,sk_sog,over,Gabriel Vilardi,1.5,betonlineag,-145,111,oddsapi
2026-10-05T21:00:06Z,2026-10-05,WPG @ PIT,3da179dc46d7f7a5f06637fcd97ce367,sk_sog,under,Gabriel Vilardi,1.5,betonlineag,111,-145,oddsapi
2026-10-05T21:00:06Z,2026-10-05,WPG @ PIT,3da179dc46d7f7a5f06637fcd97ce367,sk_sog,over,Viggo Bjorck,1.5,betonlineag,106,-137,oddsapi
2026-10-05T21:00:06Z,2026-10-05,WPG @ PIT,3da179dc46d7f7a5f06637fcd97ce367,sk_sog,under,Viggo Bjorck,1.5,betonlineag,-137,106,oddsapi
2026-10-05T21:00:06Z,2026-10-05,WPG @ PIT,3da179dc46d7f7a5f06637fcd97ce367,sk_sog,over,Ben Kindel,2.5,betonlineag,152,-200,oddsapi
2026-10-05T21:00:06Z,2026-10-05,WPG @ PIT,3da179dc46d7f7a5f06637fcd97ce367,sk_sog,under,Ben Kindel,2.5,betonlineag,-200,152,oddsapi
2026-10-05T21:00:06Z,2026-10-05,WPG @ PIT,3da179dc46d7f7a5f06637fcd97ce367,g_saves,over,Sergei Murashov,22.5,betonlineag,-106,-122,oddsapi
2026-10-05T21:00:06Z,2026-10-05,WPG @ PIT,3da179dc46d7f7a5f06637fcd97ce367,g_saves,under,Sergei Murashov,22.5,betonlineag,-122,-106,oddsapi
2026-10-05T21:00:06Z,2026-10-05,WPG @ PIT,3da179dc46d7f7a5f06637fcd97ce367,p1_pl,PIT,,-0.5,betonlineag,145,-165,oddsapi
2026-10-05T21:00:06Z,2026-10-05,WPG @ PIT,3da179dc46d7f7a5f06637fcd97ce367,p1_pl,WPG,,0.5,betonlineag,-165,145,oddsapi
2026-10-05T21:00:06Z,2026-10-05,WPG @ PIT,3da179dc46d7f7a5f06637fcd97ce367,team_total,over,PIT,3.5,betonlineag,-116,-114,oddsapi
2026-10-05T21:00:06Z,2026-10-05,WPG @ PIT,3da179dc46d7f7a5f06637fcd97ce367,team_total,under,PIT,3.5,betonlineag,-114,-116,oddsapi
2026-10-05T21:00:06Z,2026-10-05,WPG @ PIT,3da179dc46d7f7a5f06637fcd97ce367,team_total,over,WPG,2.5,betonlineag,-133,103,oddsapi
2026-10-05T21:00:06Z,2026-10-05,WPG @ PIT,3da179dc46d7f7a5f06637fcd97ce367,team_total,under,WPG,2.5,betonlineag,103,-133,oddsapi
2026-10-05T21:00:06Z,2026-10-05,WPG @ PIT,3da179dc46d7f7a5f06637fcd97ce367,p1_total,over,,1.5,betonlineag,-136,116,oddsapi
2026-10-05T21:00:06Z,2026-10-05,WPG @ PIT,3da179dc46d7f7a5f06637fcd97ce367,p1_total,under,,1.5,betonlineag,116,-136,oddsapi
2026-10-05T21:00:06Z,2026-10-05,WPG @ PIT,3da179dc46d7f7a5f06637fcd97ce367,p1_ml,PIT,,,betus,-145,115,oddsapi
2026-10-05T21:00:06Z,2026-10-05,WPG @ PIT,3da179dc46d7f7a5f06637fcd97ce367,p1_ml,WPG,,,betus,115,-145,oddsapi
2026-10-05T21:00:06Z,2026-10-05,WPG @ PIT,3da179dc46d7f7a5f06637fcd97ce367,p1_pl,PIT,,-0.5,betus,135,-165,oddsapi
2026-10-05T21:00:06Z,2026-10-05,WPG @ PIT,3da179dc46d7f7a5f06637fcd97ce367,p1_pl,WPG,,0.5,betus,-165,135,oddsapi
2026-10-05T21:00:06Z,2026-10-05,WPG @ PIT,3da179dc46d7f7a5f06637fcd97ce367,p1_total,over,,1.5,betus,-135,105,oddsapi
2026-10-05T21:00:06Z,2026-10-05,WPG @ PIT,3da179dc46d7f7a5f06637fcd97ce367,p1_total,under,,1.5,betus,105,-135,oddsapi
2026-10-05T21:00:06Z,2026-10-05,SJS @ DAL,db6ecbc6d2657c39084510cf3e94f510,game_pl_alt,DAL,,3.5,draftkings,-6000,1300,oddsapi
2026-10-05T21:00:06Z,2026-10-05,SJS @ DAL,db6ecbc6d2657c39084510cf3e94f510,game_pl_alt,DAL,,2.5,draftkings,-1050,575,oddsapi
2026-10-05T21:00:06Z,2026-10-05,SJS @ DAL,db6ecbc6d2657c39084510cf3e94f510,game_pl_alt,DAL,,1.5,draftkings,-525,340,oddsapi
2026-10-05T21:00:06Z,2026-10-05,SJS @ DAL,db6ecbc6d2657c39084510cf3e94f510,game_pl_alt,DAL,,-2.5,draftkings,205,-285,oddsapi
2026-10-05T21:00:06Z,2026-10-05,SJS @ DAL,db6ecbc6d2657c39084510cf3e94f510,game_pl_alt,DAL,,-3.5,draftkings,450,-775,oddsapi
2026-10-05T21:00:06Z,2026-10-05,SJS @ DAL,db6ecbc6d2657c39084510cf3e94f510,game_pl_alt,SJS,,-3.5,draftkings,1300,-6000,oddsapi
2026-10-05T21:00:06Z,2026-10-05,SJS @ DAL,db6ecbc6d2657c39084510cf3e94f510,game_pl_alt,SJS,,-2.5,draftkings,575,-1050,oddsapi
2026-10-05T21:00:06Z,2026-10-05,SJS @ DAL,db6ecbc6d2657c39084510cf3e94f510,game_pl_alt,SJS,,-1.5,draftkings,340,-525,oddsapi
2026-10-05T21:00:06Z,2026-10-05,SJS @ DAL,db6ecbc6d2657c39084510cf3e94f510,game_pl_alt,SJS,,2.5,draftkings,-285,205,oddsapi
2026-10-05T21:00:06Z,2026-10-05,SJS @ DAL,db6ecbc6d2657c39084510cf3e94f510,game_pl_alt,SJS,,3.5,draftkings,-775,450,oddsapi
2026-10-05T21:00:06Z,2026-10-05,SJS @ DAL,db6ecbc6d2657c39084510cf3e94f510,team_total_alt,over,DAL,0.5,draftkings,-9000,1500,oddsapi
2026-10-05T21:00:06Z,2026-10-05,SJS @ DAL,db6ecbc6d2657c39084510cf3e94f510,team_total_alt,under,DAL,0.5,draftkings,1500,-9000,oddsapi
2026-10-05T21:00:06Z,2026-10-05,SJS @ DAL,db6ecbc6d2657c39084510cf3e94f510,team_total_alt,over,DAL,1.5,draftkings,-850,480,oddsapi
2026-10-05T21:00:06Z,2026-10-05,SJS @ DAL,db6ecbc6d2657c39084510cf3e94f510,team_total_alt,under,DAL,1.5,draftkings,480,-850,oddsapi
2026-10-05T21:00:06Z,2026-10-05,SJS @ DAL,db6ecbc6d2657c39084510cf3e94f510,team_total_alt,over,DAL,2.5,draftkings,-280,200,oddsapi
2026-10-05T21:00:06Z,2026-10-05,SJS @ DAL,db6ecbc6d2657c39084510cf3e94f510,team_total_alt,under,DAL,2.5,draftkings,200,-280,oddsapi
2026-10-05T21:00:06Z,2026-10-05,SJS @ DAL,db6ecbc6d2657c39084510cf3e94f510,team_total_alt,over,DAL,3.5,draftkings,-120,-120,oddsapi
2026-10-05T21:00:06Z,2026-10-05,SJS @ DAL,db6ecbc6d2657c39084510cf3e94f510,team_total_alt,under,DAL,3.5,draftkings,-120,-120,oddsapi
2026-10-05T21:00:06Z,2026-10-05,SJS @ DAL,db6ecbc6d2657c39084510cf3e94f510,team_total_alt,over,DAL,4.5,draftkings,195,-270,oddsapi
2026-10-05T21:00:06Z,2026-10-05,SJS @ DAL,db6ecbc6d2657c39084510cf3e94f510,team_total_alt,under,DAL,4.5,draftkings,-270,195,oddsapi
2026-10-05T21:00:06Z,2026-10-05,SJS @ DAL,db6ecbc6d2657c39084510cf3e94f510,team_total_alt,over,DAL,5.5,draftkings,440,-750,oddsapi
2026-10-05T21:00:06Z,2026-10-05,SJS @ DAL,db6ecbc6d2657c39084510cf3e94f510,team_total_alt,under,DAL,5.5,draftkings,-750,440,oddsapi
2026-10-05T21:00:06Z,2026-10-05,SJS @ DAL,db6ecbc6d2657c39084510cf3e94f510,team_total_alt,over,SJS,0.5,draftkings,-2200,900,oddsapi
2026-10-05T21:00:06Z,2026-10-05,SJS @ DAL,db6ecbc6d2657c39084510cf3e94f510,team_total_alt,under,SJS,0.5,draftkings,900,-2200,oddsapi
2026-10-05T21:00:06Z,2026-10-05,SJS @ DAL,db6ecbc6d2657c39084510cf3e94f510,team_total_alt,over,SJS,1.5,draftkings,-385,265,oddsapi
2026-10-05T21:00:06Z,2026-10-05,SJS @ DAL,db6ecbc6d2657c39084510cf3e94f510,team_total_alt,under,SJS,1.5,draftkings,265,-385,oddsapi
2026-10-05T21:00:06Z,2026-10-05,SJS @ DAL,db6ecbc6d2657c39084510cf3e94f510,team_total_alt,over,SJS,2.5,draftkings,-135,-105,oddsapi
2026-10-05T21:00:06Z,2026-10-05,SJS @ DAL,db6ecbc6d2657c39084510cf3e94f510,team_total_alt,under,SJS,2.5,draftkings,-105,-135,oddsapi
2026-10-05T21:00:06Z,2026-10-05,SJS @ DAL,db6ecbc6d2657c39084510cf3e94f510,team_total_alt,over,SJS,3.5,draftkings,185,-255,oddsapi
2026-10-05T21:00:06Z,2026-10-05,SJS @ DAL,db6ecbc6d2657c39084510cf3e94f510,team_total_alt,under,SJS,3.5,draftkings,-255,185,oddsapi
2026-10-05T21:00:06Z,2026-10-05,SJS @ DAL,db6ecbc6d2657c39084510cf3e94f510,team_total_alt,over,SJS,4.5,draftkings,430,-725,oddsapi
2026-10-05T21:00:06Z,2026-10-05,SJS @ DAL,db6ecbc6d2657c39084510cf3e94f510,team_total_alt,under,SJS,4.5,draftkings,-725,430,oddsapi
2026-10-05T21:00:06Z,2026-10-05,SJS @ DAL,db6ecbc6d2657c39084510cf3e94f510,team_total_alt,over,SJS,5.5,draftkings,1000,-2800,oddsapi
2026-10-05T21:00:06Z,2026-10-05,SJS @ DAL,db6ecbc6d2657c39084510cf3e94f510,team_total_alt,under,SJS,5.5,draftkings,-2800,1000,oddsapi
2026-10-05T21:00:06Z,2026-10-05,SJS @ DAL,db6ecbc6d2657c39084510cf3e94f510,game_total_alt,over,,3.5,draftkings,-975,540,oddsapi
2026-10-05T21:00:06Z,2026-10-05,SJS @ DAL,db6ecbc6d2657c39084510cf3e94f510,game_total_alt,over,,4.5,draftkings,-485,320,oddsapi
2026-10-05T21:00:06Z,2026-10-05,SJS @ DAL,db6ecbc6d2657c39084510cf3e94f510,game_total_alt,over,,5.5,draftkings,-165,125,oddsapi
2026-10-05T21:00:06Z,2026-10-05,SJS @ DAL,db6ecbc6d2657c39084510cf3e94f510,game_total_alt,over,,7.5,draftkings,220,-310,oddsapi
2026-10-05T21:00:06Z,2026-10-05,SJS @ DAL,db6ecbc6d2657c39084510cf3e94f510,game_total_alt,over,,8.5,draftkings,340,-525,oddsapi
2026-10-05T21:00:06Z,2026-10-05,SJS @ DAL,db6ecbc6d2657c39084510cf3e94f510,game_total_alt,over,,9.5,draftkings,750,-1600,oddsapi
2026-10-05T21:00:06Z,2026-10-05,SJS @ DAL,db6ecbc6d2657c39084510cf3e94f510,game_total_alt,under,,3.5,draftkings,540,-975,oddsapi
2026-10-05T21:00:06Z,2026-10-05,SJS @ DAL,db6ecbc6d2657c39084510cf3e94f510,game_total_alt,under,,4.5,draftkings,320,-485,oddsapi
2026-10-05T21:00:06Z,2026-10-05,SJS @ DAL,db6ecbc6d2657c39084510cf3e94f510,game_total_alt,under,,5.5,draftkings,125,-165,oddsapi
2026-10-05T21:00:06Z,2026-10-05,SJS @ DAL,db6ecbc6d2657c39084510cf3e94f510,game_total_alt,under,,7.5,draftkings,-310,220,oddsapi
2026-10-05T21:00:06Z,2026-10-05,SJS @ DAL,db6ecbc6d2657c39084510cf3e94f510,game_total_alt,under,,8.5,draftkings,-525,340,oddsapi
2026-10-05T21:00:06Z,2026-10-05,SJS @ DAL,db6ecbc6d2657c39084510cf3e94f510,game_total_alt,under,,9.5,draftkings,-1600,750,oddsapi
2026-10-05T21:00:06Z,2026-10-05,SJS @ DAL,db6ecbc6d2657c39084510cf3e94f510,game_ml3,DAL,,,draftkings,-120,,oddsapi
2026-10-05T21:00:06Z,2026-10-05,SJS @ DAL,db6ecbc6d2657c39084510cf3e94f510,game_ml3,SJS,,,draftkings,225,,oddsapi
2026-10-05T21:00:06Z,2026-10-05,SJS @ DAL,db6ecbc6d2657c39084510cf3e94f510,game_ml3,draw,,,draftkings,330,,oddsapi
2026-10-05T21:00:06Z,2026-10-05,SJS @ DAL,db6ecbc6d2657c39084510cf3e94f510,p1_ml3,DAL,,,draftkings,135,,oddsapi
2026-10-05T21:00:06Z,2026-10-05,SJS @ DAL,db6ecbc6d2657c39084510cf3e94f510,p1_ml3,SJS,,,draftkings,230,,oddsapi
2026-10-05T21:00:06Z,2026-10-05,SJS @ DAL,db6ecbc6d2657c39084510cf3e94f510,p1_ml3,draw,,,draftkings,190,,oddsapi
2026-10-05T21:00:06Z,2026-10-05,SJS @ DAL,db6ecbc6d2657c39084510cf3e94f510,p2_ml3,DAL,,,draftkings,125,,oddsapi
2026-10-05T21:00:06Z,2026-10-05,SJS @ DAL,db6ecbc6d2657c39084510cf3e94f510,p2_ml3,SJS,,,draftkings,225,,oddsapi
2026-10-05T21:00:06Z,2026-10-05,SJS @ DAL,db6ecbc6d2657c39084510cf3e94f510,p2_ml3,draw,,,draftkings,210,,oddsapi
2026-10-05T21:00:06Z,2026-10-05,SJS @ DAL,db6ecbc6d2657c39084510cf3e94f510,p3_ml3,DAL,,,draftkings,115,,oddsapi
2026-10-05T21:00:06Z,2026-10-05,SJS @ DAL,db6ecbc6d2657c39084510cf3e94f510,p3_ml3,SJS,,,draftkings,210,,oddsapi
2026-10-05T21:00:06Z,2026-10-05,SJS @ DAL,db6ecbc6d2657c39084510cf3e94f510,p3_ml3,draw,,,draftkings,250,,oddsapi
2026-10-05T21:00:06Z,2026-10-05,SJS @ DAL,db6ecbc6d2657c39084510cf3e94f510,sk_a,over,Miro Heiskanen,0.5,draftkings,-130,-105,oddsapi
2026-10-05T21:00:06Z,2026-10-05,SJS @ DAL,db6ecbc6d2657c39084510cf3e94f510,sk_a,under,Miro Heiskanen,0.5,draftkings,-105,-130,oddsapi
2026-10-05T21:00:06Z,2026-10-05,SJS @ DAL,db6ecbc6d2657c39084510cf3e94f510,sk_a,over,Jason Robertson,0.5,draftkings,-125,-110,oddsapi
2026-10-05T21:00:06Z,2026-10-05,SJS @ DAL,db6ecbc6d2657c39084510cf3e94f510,sk_a,under,Jason Robertson,0.5,draftkings,-110,-125,oddsapi
2026-10-05T21:00:06Z,2026-10-05,SJS @ DAL,db6ecbc6d2657c39084510cf3e94f510,sk_a,over,Mikko Rantanen,0.5,draftkings,-125,-105,oddsapi
2026-10-05T21:00:06Z,2026-10-05,SJS @ DAL,db6ecbc6d2657c39084510cf3e94f510,sk_a,under,Mikko Rantanen,0.5,draftkings,-105,-125,oddsapi
2026-10-05T21:00:06Z,2026-10-05,SJS @ DAL,db6ecbc6d2657c39084510cf3e94f510,sk_a,over,Macklin Celebrini,0.5,draftkings,-110,-125,oddsapi
2026-10-05T21:00:06Z,2026-10-05,SJS @ DAL,db6ecbc6d2657c39084510cf3e94f510,sk_a,under,Macklin Celebrini,0.5,draftkings,-125,-110,oddsapi
2026-10-05T21:00:06Z,2026-10-05,SJS @ DAL,db6ecbc6d2657c39084510cf3e94f510,sk_a,over,Roope Hintz,0.5,draftkings,110,-150,oddsapi
2026-10-05T21:00:06Z,2026-10-05,SJS @ DAL,db6ecbc6d2657c39084510cf3e94f510,sk_a,under,Roope Hintz,0.5,draftkings,-150,110,oddsapi
2026-10-05T21:00:06Z,2026-10-05,SJS @ DAL,db6ecbc6d2657c39084510cf3e94f510,sk_a,over,Wyatt Johnston,0.5,draftkings,125,-170,oddsapi
2026-10-05T21:00:06Z,2026-10-05,SJS @ DAL,db6ecbc6d2657c39084510cf3e94f510,sk_a,under,Wyatt Johnston,0.5,draftkings,-170,125,oddsapi
2026-10-05T21:00:06Z,2026-10-05,SJS @ DAL,db6ecbc6d2657c39084510cf3e94f510,sk_a,over,Will Smith,0.5,draftkings,130,-175,oddsapi
2026-10-05T21:00:06Z,2026-10-05,SJS @ DAL,db6ecbc6d2657c39084510cf3e94f510,sk_a,under,Will Smith,0.5,draftkings,-175,130,oddsapi
2026-10-05T21:00:06Z,2026-10-05,SJS @ DAL,db6ecbc6d2657c39084510cf3e94f510,sk_a,over,Thomas Harley,0.5,draftkings,160,-220,oddsapi
2026-10-05T21:00:06Z,2026-10-05,SJS @ DAL,db6ecbc6d2657c39084510cf3e94f510,sk_a,under,Thomas Harley,0.5,draftkings,-220,160,oddsapi
2026-10-05T21:00:06Z,2026-10-05,SJS @ DAL,db6ecbc6d2657c39084510cf3e94f510,sk_a,over,Mason Marchment,0.5,draftkings,190,-260,oddsapi
2026-10-05T21:00:06Z,2026-10-05,SJS @ DAL,db6ecbc6d2657c39084510cf3e94f510,sk_a,under,Mason Marchment,0.5,draftkings,-260,190,oddsapi
2026-10-05T21:00:06Z,2026-10-05,SJS @ DAL,db6ecbc6d2657c39084510cf3e94f510,sk_a,over,Alex Wennberg,0.5,draftkings,225,-320,oddsapi
2026-10-05T21:00:06Z,2026-10-05,SJS @ DAL,db6ecbc6d2657c39084510cf3e94f510,sk_a,under,Alex Wennberg,0.5,draftkings,-320,225,oddsapi
2026-10-05T21:00:06Z,2026-10-05,SJS @ DAL,db6ecbc6d2657c39084510cf3e94f510,sk_a,over,Ivar Stenberg,0.5,draftkings,235,-330,oddsapi
2026-10-05T21:00:06Z,2026-10-05,SJS @ DAL,db6ecbc6d2657c39084510cf3e94f510,sk_a,under,Ivar Stenberg,0.5,draftkings,-330,235,oddsapi
2026-10-05T21:00:06Z,2026-10-05,SJS @ DAL,db6ecbc6d2657c39084510cf3e94f510,sk_a,over,Luca Cagnoni,0.5,draftkings,240,-340,oddsapi
2026-10-05T21:00:06Z,2026-10-05,SJS @ DAL,db6ecbc6d2657c39084510cf3e94f510,sk_a,under,Luca Cagnoni,0.5,draftkings,-340,240,oddsapi
2026-10-05T21:00:06Z,2026-10-05,SJS @ DAL,db6ecbc6d2657c39084510cf3e94f510,sk_a,over,Dmitry Orlov,0.5,draftkings,255,-360,oddsapi
2026-10-05T21:00:06Z,2026-10-05,SJS @ DAL,db6ecbc6d2657c39084510cf3e94f510,sk_a,under,Dmitry Orlov,0.5,draftkings,-360,255,oddsapi
2026-10-05T21:00:06Z,2026-10-05,SJS @ DAL,db6ecbc6d2657c39084510cf3e94f510,sk_a,over,Igor Chernyshov,0.5,draftkings,265,-380,oddsapi
2026-10-05T21:00:06Z,2026-10-05,SJS @ DAL,db6ecbc6d2657c39084510cf3e94f510,sk_a,under,Igor Chernyshov,0.5,draftkings,-380,265,oddsapi
2026-10-05T21:00:06Z,2026-10-05,SJS @ DAL,db6ecbc6d2657c39084510cf3e94f510,sk_a,over,Darnell Nurse,0.5,draftkings,340,-500,oddsapi
2026-10-05T21:00:06Z,2026-10-05,SJS @ DAL,db6ecbc6d2657c39084510cf3e94f510,sk_a,under,Darnell Nurse,0.5,draftkings,-500,340,oddsapi
2026-10-05T21:00:06Z,2026-10-05,SJS @ DAL,db6ecbc6d2657c39084510cf3e94f510,ags,yes,Jason Robertson,,draftkings,105,,oddsapi
2026-10-05T21:00:06Z,2026-10-05,SJS @ DAL,db6ecbc6d2657c39084510cf3e94f510,ags,yes,Wyatt Johnston,,draftkings,140,,oddsapi
2026-10-05T21:00:06Z,2026-10-05,SJS @ DAL,db6ecbc6d2657c39084510cf3e94f510,ags,yes,Macklin Celebrini,,draftkings,150,,oddsapi
2026-10-05T21:00:06Z,2026-10-05,SJS @ DAL,db6ecbc6d2657c39084510cf3e94f510,ags,yes,Mikko Rantanen,,draftkings,165,,oddsapi
2026-10-05T21:00:06Z,2026-10-05,SJS @ DAL,db6ecbc6d2657c39084510cf3e94f510,ags,yes,Roope Hintz,,draftkings,210,,oddsapi
2026-10-05T21:00:06Z,2026-10-05,SJS @ DAL,db6ecbc6d2657c39084510cf3e94f510,ags,yes,Will Smith,,draftkings,225,,oddsapi
2026-10-05T21:00:06Z,2026-10-05,SJS @ DAL,db6ecbc6d2657c39084510cf3e94f510,ags,yes,Tyler Seguin,,draftkings,255,,oddsapi
2026-10-05T21:00:06Z,2026-10-05,SJS @ DAL,db6ecbc6d2657c39084510cf3e94f510,ags,yes,Mason Marchment,,draftkings,340,,oddsapi
2026-10-05T21:00:06Z,2026-10-05,SJS @ DAL,db6ecbc6d2657c39084510cf3e94f510,ags,yes,Tyler Toffoli,,draftkings,350,,oddsapi
2026-10-05T21:00:06Z,2026-10-05,SJS @ DAL,db6ecbc6d2657c39084510cf3e94f510,ags,yes,Justin Hryckowian,,draftkings,360,,oddsapi
2026-10-05T21:00:06Z,2026-10-05,SJS @ DAL,db6ecbc6d2657c39084510cf3e94f510,ags,yes,Igor Chernyshov,,draftkings,400,,oddsapi
2026-10-05T21:00:06Z,2026-10-05,SJS @ DAL,db6ecbc6d2657c39084510cf3e94f510,ags,yes,Alex Wennberg,,draftkings,425,,oddsapi
2026-10-05T21:00:06Z,2026-10-05,SJS @ DAL,db6ecbc6d2657c39084510cf3e94f510,ags,yes,Jamie Benn,,draftkings,425,,oddsapi
2026-10-05T21:00:06Z,2026-10-05,SJS @ DAL,db6ecbc6d2657c39084510cf3e94f510,ags,yes,Ivar Stenberg,,draftkings,450,,oddsapi
2026-10-05T21:00:06Z,2026-10-05,SJS @ DAL,db6ecbc6d2657c39084510cf3e94f510,ags,yes,Michael Misa,,draftkings,500,,oddsapi
2026-10-05T21:00:06Z,2026-10-05,SJS @ DAL,db6ecbc6d2657c39084510cf3e94f510,ags,yes,Sam Steel,,draftkings,550,,oddsapi
2026-10-05T21:00:06Z,2026-10-05,SJS @ DAL,db6ecbc6d2657c39084510cf3e94f510,ags,yes,Miro Heiskanen,,draftkings,550,,oddsapi
2026-10-05T21:00:06Z,2026-10-05,SJS @ DAL,db6ecbc6d2657c39084510cf3e94f510,ags,yes,Kiefer Sherwood,,draftkings,550,,oddsapi
2026-10-05T21:00:06Z,2026-10-05,SJS @ DAL,db6ecbc6d2657c39084510cf3e94f510,ags,yes,Collin Graf,,draftkings,600,,oddsapi
2026-10-05T21:00:06Z,2026-10-05,SJS @ DAL,db6ecbc6d2657c39084510cf3e94f510,ags,yes,Arttu Hyry,,draftkings,800,,oddsapi
2026-10-05T21:00:06Z,2026-10-05,SJS @ DAL,db6ecbc6d2657c39084510cf3e94f510,ags,yes,Thomas Harley,,draftkings,800,,oddsapi
2026-10-05T21:00:06Z,2026-10-05,SJS @ DAL,db6ecbc6d2657c39084510cf3e94f510,ags,yes,Luca Cagnoni,,draftkings,850,,oddsapi
2026-10-05T21:00:06Z,2026-10-05,SJS @ DAL,db6ecbc6d2657c39084510cf3e94f510,ags,yes,Colin Blackwell,,draftkings,900,,oddsapi
2026-10-05T21:00:06Z,2026-10-05,SJS @ DAL,db6ecbc6d2657c39084510cf3e94f510,ags,yes,Oskar Back,,draftkings,1000,,oddsapi
2026-10-05T21:00:06Z,2026-10-05,SJS @ DAL,db6ecbc6d2657c39084510cf3e94f510,ags,yes,Radek Faksa,,draftkings,1000,,oddsapi
2026-10-05T21:00:06Z,2026-10-05,SJS @ DAL,db6ecbc6d2657c39084510cf3e94f510,ags,yes,Dmitry Orlov,,draftkings,1200,,oddsapi
2026-10-05T21:00:06Z,2026-10-05,SJS @ DAL,db6ecbc6d2657c39084510cf3e94f510,ags,yes,Esa Lindell,,draftkings,1200,,oddsapi
2026-10-05T21:00:06Z,2026-10-05,SJS @ DAL,db6ecbc6d2657c39084510cf3e94f510,ags,yes,Barclay Goodrow,,draftkings,1300,,oddsapi
2026-10-05T21:00:06Z,2026-10-05,SJS @ DAL,db6ecbc6d2657c39084510cf3e94f510,ags,yes,Jacob Trouba,,draftkings,1400,,oddsapi
2026-10-05T21:00:06Z,2026-10-05,SJS @ DAL,db6ecbc6d2657c39084510cf3e94f510,ags,yes,Darnell Nurse,,draftkings,1700,,oddsapi
2026-10-05T21:00:06Z,2026-10-05,SJS @ DAL,db6ecbc6d2657c39084510cf3e94f510,ags,yes,Lian Bichsel,,draftkings,1800,,oddsapi
2026-10-05T21:00:06Z,2026-10-05,SJS @ DAL,db6ecbc6d2657c39084510cf3e94f510,ags,yes,Zack Ostapchuk,,draftkings,1800,,oddsapi
2026-10-05T21:00:06Z,2026-10-05,SJS @ DAL,db6ecbc6d2657c39084510cf3e94f510,ags,yes,Michael Kesselring,,draftkings,2000,,oddsapi
2026-10-05T21:00:06Z,2026-10-05,SJS @ DAL,db6ecbc6d2657c39084510cf3e94f510,ags,yes,Nils Lundkvist,,draftkings,2000,,oddsapi
2026-10-05T21:00:06Z,2026-10-05,SJS @ DAL,db6ecbc6d2657c39084510cf3e94f510,ags,yes,Tyler Myers,,draftkings,2000,,oddsapi
2026-10-05T21:00:06Z,2026-10-05,SJS @ DAL,db6ecbc6d2657c39084510cf3e94f510,ags,yes,Nolan Allan,,draftkings,2200,,oddsapi
2026-10-05T21:00:06Z,2026-10-05,SJS @ DAL,db6ecbc6d2657c39084510cf3e94f510,fgs,yes,Jason Robertson,,draftkings,700,,oddsapi
2026-10-05T21:00:06Z,2026-10-05,SJS @ DAL,db6ecbc6d2657c39084510cf3e94f510,fgs,yes,Macklin Celebrini,,draftkings,900,,oddsapi
2026-10-05T21:00:06Z,2026-10-05,SJS @ DAL,db6ecbc6d2657c39084510cf3e94f510,fgs,yes,Wyatt Johnston,,draftkings,1000,,oddsapi
2026-10-05T21:00:06Z,2026-10-05,SJS @ DAL,db6ecbc6d2657c39084510cf3e94f510,fgs,yes,Roope Hintz,,draftkings,1200,,oddsapi
2026-10-05T21:00:06Z,2026-10-05,SJS @ DAL,db6ecbc6d2657c39084510cf3e94f510,fgs,yes,Mikko Rantanen,,draftkings,1200,,oddsapi
2026-10-05T21:00:06Z,2026-10-05,SJS @ DAL,db6ecbc6d2657c39084510cf3e94f510,fgs,yes,Will Smith,,draftkings,1300,,oddsapi
2026-10-05T21:00:06Z,2026-10-05,SJS @ DAL,db6ecbc6d2657c39084510cf3e94f510,fgs,yes,Tyler Seguin,,draftkings,1600,,oddsapi
2026-10-05T21:00:06Z,2026-10-05,SJS @ DAL,db6ecbc6d2657c39084510cf3e94f510,fgs,yes,Mason Marchment,,draftkings,1800,,oddsapi
2026-10-05T21:00:06Z,2026-10-05,SJS @ DAL,db6ecbc6d2657c39084510cf3e94f510,fgs,yes,Jamie Benn,,draftkings,2000,,oddsapi
2026-10-05T21:00:06Z,2026-10-05,SJS @ DAL,db6ecbc6d2657c39084510cf3e94f510,fgs,yes,Igor Chernyshov,,draftkings,2200,,oddsapi
2026-10-05T21:00:06Z,2026-10-05,SJS @ DAL,db6ecbc6d2657c39084510cf3e94f510,fgs,yes,Justin Hryckowian,,draftkings,2200,,oddsapi
2026-10-05T21:00:06Z,2026-10-05,SJS @ DAL,db6ecbc6d2657c39084510cf3e94f510,fgs,yes,Tyler Toffoli,,draftkings,2200,,oddsapi
2026-10-05T21:00:06Z,2026-10-05,SJS @ DAL,db6ecbc6d2657c39084510cf3e94f510,fgs,yes,Alex Wennberg,,draftkings,2500,,oddsapi
2026-10-05T21:00:06Z,2026-10-05,SJS @ DAL,db6ecbc6d2657c39084510cf3e94f510,fgs,yes,Michael Misa,,draftkings,2800,,oddsapi
2026-10-05T21:00:06Z,2026-10-05,SJS @ DAL,db6ecbc6d2657c39084510cf3e94f510,fgs,yes,Ivar Stenberg,,draftkings,2800,,oddsapi
2026-10-05T21:00:06Z,2026-10-05,SJS @ DAL,db6ecbc6d2657c39084510cf3e94f510,fgs,yes,Miro Heiskanen,,draftkings,2800,,oddsapi
2026-10-05T21:00:06Z,2026-10-05,SJS @ DAL,db6ecbc6d2657c39084510cf3e94f510,fgs,yes,Sam Steel,,draftkings,3000,,oddsapi
2026-10-05T21:00:06Z,2026-10-05,SJS @ DAL,db6ecbc6d2657c39084510cf3e94f510,fgs,yes,Collin Graf,,draftkings,3000,,oddsapi
2026-10-05T21:00:06Z,2026-10-05,SJS @ DAL,db6ecbc6d2657c39084510cf3e94f510,fgs,yes,Kiefer Sherwood,,draftkings,3000,,oddsapi
2026-10-05T21:00:06Z,2026-10-05,SJS @ DAL,db6ecbc6d2657c39084510cf3e94f510,fgs,yes,Colin Blackwell,,draftkings,4500,,oddsapi
2026-10-05T21:00:06Z,2026-10-05,SJS @ DAL,db6ecbc6d2657c39084510cf3e94f510,fgs,yes,Arttu Hyry,,draftkings,4500,,oddsapi
2026-10-05T21:00:06Z,2026-10-05,SJS @ DAL,db6ecbc6d2657c39084510cf3e94f510,fgs,yes,Luca Cagnoni,,draftkings,4500,,oddsapi
2026-10-05T21:00:06Z,2026-10-05,SJS @ DAL,db6ecbc6d2657c39084510cf3e94f510,fgs,yes,Thomas Harley,,draftkings,4500,,oddsapi
2026-10-05T21:00:06Z,2026-10-05,SJS @ DAL,db6ecbc6d2657c39084510cf3e94f510,fgs,yes,Oskar Back,,draftkings,5000,,oddsapi
2026-10-05T21:00:06Z,2026-10-05,SJS @ DAL,db6ecbc6d2657c39084510cf3e94f510,fgs,yes,Radek Faksa,,draftkings,5000,,oddsapi
2026-10-05T21:00:06Z,2026-10-05,SJS @ DAL,db6ecbc6d2657c39084510cf3e94f510,fgs,yes,Barclay Goodrow,,draftkings,6000,,oddsapi
2026-10-05T21:00:06Z,2026-10-05,SJS @ DAL,db6ecbc6d2657c39084510cf3e94f510,fgs,yes,Esa Lindell,,draftkings,6000,,oddsapi
2026-10-05T21:00:06Z,2026-10-05,SJS @ DAL,db6ecbc6d2657c39084510cf3e94f510,fgs,yes,Dmitry Orlov,,draftkings,6500,,oddsapi
2026-10-05T21:00:06Z,2026-10-05,SJS @ DAL,db6ecbc6d2657c39084510cf3e94f510,fgs,yes,Jacob Trouba,,draftkings,7000,,oddsapi
2026-10-05T21:00:06Z,2026-10-05,SJS @ DAL,db6ecbc6d2657c39084510cf3e94f510,fgs,yes,Darnell Nurse,,draftkings,7000,,oddsapi
2026-10-05T21:00:06Z,2026-10-05,SJS @ DAL,db6ecbc6d2657c39084510cf3e94f510,fgs,yes,Zack Ostapchuk,,draftkings,8000,,oddsapi
2026-10-05T21:00:06Z,2026-10-05,SJS @ DAL,db6ecbc6d2657c39084510cf3e94f510,fgs,yes,Tyler Myers,,draftkings,9000,,oddsapi
2026-10-05T21:00:06Z,2026-10-05,SJS @ DAL,db6ecbc6d2657c39084510cf3e94f510,fgs,yes,Michael Kesselring,,draftkings,9000,,oddsapi
2026-10-05T21:00:06Z,2026-10-05,SJS @ DAL,db6ecbc6d2657c39084510cf3e94f510,fgs,yes,Lian Bichsel,,draftkings,9000,,oddsapi
2026-10-05T21:00:06Z,2026-10-05,SJS @ DAL,db6ecbc6d2657c39084510cf3e94f510,fgs,yes,Nils Lundkvist,,draftkings,9000,,oddsapi
2026-10-05T21:00:06Z,2026-10-05,SJS @ DAL,db6ecbc6d2657c39084510cf3e94f510,fgs,yes,Nolan Allan,,draftkings,10000,,oddsapi
2026-10-05T21:00:06Z,2026-10-05,SJS @ DAL,db6ecbc6d2657c39084510cf3e94f510,lgs,yes,Jason Robertson,,draftkings,700,,oddsapi
2026-10-05T21:00:06Z,2026-10-05,SJS @ DAL,db6ecbc6d2657c39084510cf3e94f510,lgs,yes,Wyatt Johnston,,draftkings,800,,oddsapi
2026-10-05T21:00:06Z,2026-10-05,SJS @ DAL,db6ecbc6d2657c39084510cf3e94f510,lgs,yes,Mikko Rantanen,,draftkings,900,,oddsapi
2026-10-05T21:00:06Z,2026-10-05,SJS @ DAL,db6ecbc6d2657c39084510cf3e94f510,lgs,yes,Macklin Celebrini,,draftkings,900,,oddsapi
2026-10-05T21:00:06Z,2026-10-05,SJS @ DAL,db6ecbc6d2657c39084510cf3e94f510,lgs,yes,Roope Hintz,,draftkings,1100,,oddsapi
2026-10-05T21:00:06Z,2026-10-05,SJS @ DAL,db6ecbc6d2657c39084510cf3e94f510,lgs,yes,Tyler Seguin,,draftkings,1200,,oddsapi
2026-10-05T21:00:06Z,2026-10-05,SJS @ DAL,db6ecbc6d2657c39084510cf3e94f510,lgs,yes,Will Smith,,draftkings,1300,,oddsapi
2026-10-05T21:00:06Z,2026-10-05,SJS @ DAL,db6ecbc6d2657c39084510cf3e94f510,lgs,yes,Tyler Toffoli,,draftkings,1600,,oddsapi
2026-10-05T21:00:06Z,2026-10-05,SJS @ DAL,db6ecbc6d2657c39084510cf3e94f510,lgs,yes,Justin Hryckowian,,draftkings,1600,,oddsapi
2026-10-05T21:00:06Z,2026-10-05,SJS @ DAL,db6ecbc6d2657c39084510cf3e94f510,lgs,yes,Mason Marchment,,draftkings,1700,,oddsapi
2026-10-05T21:00:06Z,2026-10-05,SJS @ DAL,db6ecbc6d2657c39084510cf3e94f510,lgs,yes,Ivar Stenberg,,draftkings,1900,,oddsapi
2026-10-05T21:00:06Z,2026-10-05,SJS @ DAL,db6ecbc6d2657c39084510cf3e94f510,lgs,yes,Igor Chernyshov,,draftkings,2000,,oddsapi
2026-10-05T21:00:06Z,2026-10-05,SJS @ DAL,db6ecbc6d2657c39084510cf3e94f510,lgs,yes,Jamie Benn,,draftkings,2000,,oddsapi
2026-10-05T21:00:06Z,2026-10-05,SJS @ DAL,db6ecbc6d2657c39084510cf3e94f510,lgs,yes,Alex Wennberg,,draftkings,2000,,oddsapi
2026-10-05T21:00:06Z,2026-10-05,SJS @ DAL,db6ecbc6d2657c39084510cf3e94f510,lgs,yes,Sam Steel,,draftkings,2200,,oddsapi
2026-10-05T21:00:06Z,2026-10-05,SJS @ DAL,db6ecbc6d2657c39084510cf3e94f510,lgs,yes,Michael Misa,,draftkings,2200,,oddsapi
2026-10-05T21:00:06Z,2026-10-05,SJS @ DAL,db6ecbc6d2657c39084510cf3e94f510,lgs,yes,Miro Heiskanen,,draftkings,2200,,oddsapi
2026-10-05T21:00:06Z,2026-10-05,SJS @ DAL,db6ecbc6d2657c39084510cf3e94f510,lgs,yes,Kiefer Sherwood,,draftkings,2200,,oddsapi
2026-10-05T21:00:06Z,2026-10-05,SJS @ DAL,db6ecbc6d2657c39084510cf3e94f510,lgs,yes,Thomas Harley,,draftkings,2500,,oddsapi
2026-10-05T21:00:06Z,2026-10-05,SJS @ DAL,db6ecbc6d2657c39084510cf3e94f510,lgs,yes,Collin Graf,,draftkings,2500,,oddsapi
2026-10-05T21:00:06Z,2026-10-05,SJS @ DAL,db6ecbc6d2657c39084510cf3e94f510,lgs,yes,Luca Cagnoni,,draftkings,3000,,oddsapi
2026-10-05T21:00:06Z,2026-10-05,SJS @ DAL,db6ecbc6d2657c39084510cf3e94f510,lgs,yes,Arttu Hyry,,draftkings,3000,,oddsapi
2026-10-05T21:00:06Z,2026-10-05,SJS @ DAL,db6ecbc6d2657c39084510cf3e94f510,lgs,yes,Colin Blackwell,,draftkings,3000,,oddsapi
2026-10-05T21:00:06Z,2026-10-05,SJS @ DAL,db6ecbc6d2657c39084510cf3e94f510,lgs,yes,Radek Faksa,,draftkings,3500,,oddsapi
2026-10-05T21:00:06Z,2026-10-05,SJS @ DAL,db6ecbc6d2657c39084510cf3e94f510,lgs,yes,Oskar Back,,draftkings,3500,,oddsapi
2026-10-05T21:00:06Z,2026-10-05,SJS @ DAL,db6ecbc6d2657c39084510cf3e94f510,lgs,yes,Dmitry Orlov,,draftkings,4000,,oddsapi
2026-10-05T21:00:06Z,2026-10-05,SJS @ DAL,db6ecbc6d2657c39084510cf3e94f510,lgs,yes,Esa Lindell,,draftkings,4000,,oddsapi
2026-10-05T21:00:06Z,2026-10-05,SJS @ DAL,db6ecbc6d2657c39084510cf3e94f510,lgs,yes,Jacob Trouba,,draftkings,4500,,oddsapi
2026-10-05T21:00:06Z,2026-10-05,SJS @ DAL,db6ecbc6d2657c39084510cf3e94f510,lgs,yes,Barclay Goodrow,,draftkings,5000,,oddsapi
2026-10-05T21:00:06Z,2026-10-05,SJS @ DAL,db6ecbc6d2657c39084510cf3e94f510,lgs,yes,Darnell Nurse,,draftkings,5000,,oddsapi
2026-10-05T21:00:06Z,2026-10-05,SJS @ DAL,db6ecbc6d2657c39084510cf3e94f510,lgs,yes,Lian Bichsel,,draftkings,5000,,oddsapi
2026-10-05T21:00:06Z,2026-10-05,SJS @ DAL,db6ecbc6d2657c39084510cf3e94f510,lgs,yes,Zack Ostapchuk,,draftkings,5500,,oddsapi
2026-10-05T21:00:06Z,2026-10-05,SJS @ DAL,db6ecbc6d2657c39084510cf3e94f510,lgs,yes,Tyler Myers,,draftkings,5500,,oddsapi
2026-10-05T21:00:06Z,2026-10-05,SJS @ DAL,db6ecbc6d2657c39084510cf3e94f510,lgs,yes,Nils Lundkvist,,draftkings,5500,,oddsapi
2026-10-05T21:00:06Z,2026-10-05,SJS @ DAL,db6ecbc6d2657c39084510cf3e94f510,lgs,yes,Michael Kesselring,,draftkings,5500,,oddsapi
2026-10-05T21:00:06Z,2026-10-05,SJS @ DAL,db6ecbc6d2657c39084510cf3e94f510,lgs,yes,Nolan Allan,,draftkings,6500,,oddsapi
2026-10-05T21:00:06Z,2026-10-05,SJS @ DAL,db6ecbc6d2657c39084510cf3e94f510,sk_pts,over,Jason Robertson,1.5,draftkings,135,-185,oddsapi
2026-10-05T21:00:06Z,2026-10-05,SJS @ DAL,db6ecbc6d2657c39084510cf3e94f510,sk_pts,under,Jason Robertson,1.5,draftkings,-185,135,oddsapi
2026-10-05T21:00:06Z,2026-10-05,SJS @ DAL,db6ecbc6d2657c39084510cf3e94f510,sk_pts,over,Mikko Rantanen,1.5,draftkings,180,-245,oddsapi
2026-10-05T21:00:06Z,2026-10-05,SJS @ DAL,db6ecbc6d2657c39084510cf3e94f510,sk_pts,under,Mikko Rantanen,1.5,draftkings,-245,180,oddsapi
2026-10-05T21:00:06Z,2026-10-05,SJS @ DAL,db6ecbc6d2657c39084510cf3e94f510,sk_pts,over,Macklin Celebrini,0.5,draftkings,-245,180,oddsapi
2026-10-05T21:00:06Z,2026-10-05,SJS @ DAL,db6ecbc6d2657c39084510cf3e94f510,sk_pts,under,Macklin Celebrini,0.5,draftkings,180,-245,oddsapi
2026-10-05T21:00:06Z,2026-10-05,SJS @ DAL,db6ecbc6d2657c39084510cf3e94f510,sk_pts,over,Wyatt Johnston,0.5,draftkings,-200,150,oddsapi
2026-10-05T21:00:06Z,2026-10-05,SJS @ DAL,db6ecbc6d2657c39084510cf3e94f510,sk_pts,under,Wyatt Johnston,0.5,draftkings,150,-200,oddsapi
2026-10-05T21:00:06Z,2026-10-05,SJS @ DAL,db6ecbc6d2657c39084510cf3e94f510,sk_pts,over,Roope Hintz,0.5,draftkings,-180,130,oddsapi
2026-10-05T21:00:06Z,2026-10-05,SJS @ DAL,db6ecbc6d2657c39084510cf3e94f510,sk_pts,under,Roope Hintz,0.5,draftkings,130,-180,oddsapi
2026-10-05T21:00:06Z,2026-10-05,SJS @ DAL,db6ecbc6d2657c39084510cf3e94f510,sk_pts,over,Miro Heiskanen,0.5,draftkings,-170,125,oddsapi
2026-10-05T21:00:06Z,2026-10-05,SJS @ DAL,db6ecbc6d2657c39084510cf3e94f510,sk_pts,under,Miro Heiskanen,0.5,draftkings,125,-170,oddsapi
2026-10-05T21:00:06Z,2026-10-05,SJS @ DAL,db6ecbc6d2657c39084510cf3e94f510,sk_pts,over,Will Smith,0.5,draftkings,-150,110,oddsapi
2026-10-05T21:00:06Z,2026-10-05,SJS @ DAL,db6ecbc6d2657c39084510cf3e94f510,sk_pts,under,Will Smith,0.5,draftkings,110,-150,oddsapi
2026-10-05T21:00:06Z,2026-10-05,SJS @ DAL,db6ecbc6d2657c39084510cf3e94f510,sk_pts,over,Mason Marchment,0.5,draftkings,110,-145,oddsapi
2026-10-05T21:00:06Z,2026-10-05,SJS @ DAL,db6ecbc6d2657c39084510cf3e94f510,sk_pts,under,Mason Marchment,0.5,draftkings,-145,110,oddsapi
2026-10-05T21:00:06Z,2026-10-05,SJS @ DAL,db6ecbc6d2657c39084510cf3e94f510,sk_pts,over,Thomas Harley,0.5,draftkings,125,-170,oddsapi
2026-10-05T21:00:06Z,2026-10-05,SJS @ DAL,db6ecbc6d2657c39084510cf3e94f510,sk_pts,under,Thomas Harley,0.5,draftkings,-170,125,oddsapi
2026-10-05T21:00:06Z,2026-10-05,SJS @ DAL,db6ecbc6d2657c39084510cf3e94f510,sk_pts,over,Alex Wennberg,0.5,draftkings,135,-185,oddsapi
2026-10-05T21:00:06Z,2026-10-05,SJS @ DAL,db6ecbc6d2657c39084510cf3e94f510,sk_pts,under,Alex Wennberg,0.5,draftkings,-185,135,oddsapi
2026-10-05T21:00:06Z,2026-10-05,SJS @ DAL,db6ecbc6d2657c39084510cf3e94f510,sk_pts,over,Igor Chernyshov,0.5,draftkings,145,-195,oddsapi
2026-10-05T21:00:06Z,2026-10-05,SJS @ DAL,db6ecbc6d2657c39084510cf3e94f510,sk_pts,under,Igor Chernyshov,0.5,draftkings,-195,145,oddsapi
2026-10-05T21:00:06Z,2026-10-05,SJS @ DAL,db6ecbc6d2657c39084510cf3e94f510,sk_pts,over,Ivar Stenberg,0.5,draftkings,145,-195,oddsapi
2026-10-05T21:00:06Z,2026-10-05,SJS @ DAL,db6ecbc6d2657c39084510cf3e94f510,sk_pts,under,Ivar Stenberg,0.5,draftkings,-195,145,oddsapi
2026-10-05T21:00:06Z,2026-10-05,SJS @ DAL,db6ecbc6d2657c39084510cf3e94f510,sk_pts,over,Luca Cagnoni,0.5,draftkings,180,-245,oddsapi
2026-10-05T21:00:06Z,2026-10-05,SJS @ DAL,db6ecbc6d2657c39084510cf3e94f510,sk_pts,under,Luca Cagnoni,0.5,draftkings,-245,180,oddsapi
2026-10-05T21:00:06Z,2026-10-05,SJS @ DAL,db6ecbc6d2657c39084510cf3e94f510,sk_pts,over,Dmitry Orlov,0.5,draftkings,200,-275,oddsapi
2026-10-05T21:00:06Z,2026-10-05,SJS @ DAL,db6ecbc6d2657c39084510cf3e94f510,sk_pts,under,Dmitry Orlov,0.5,draftkings,-275,200,oddsapi
2026-10-05T21:00:06Z,2026-10-05,SJS @ DAL,db6ecbc6d2657c39084510cf3e94f510,sk_pts,over,Darnell Nurse,0.5,draftkings,285,-400,oddsapi
2026-10-05T21:00:06Z,2026-10-05,SJS @ DAL,db6ecbc6d2657c39084510cf3e94f510,sk_pts,under,Darnell Nurse,0.5,draftkings,-400,285,oddsapi
2026-10-05T21:00:06Z,2026-10-05,SJS @ DAL,db6ecbc6d2657c39084510cf3e94f510,sk_sog,over,Jason Robertson,3.5,draftkings,105,-140,oddsapi
2026-10-05T21:00:06Z,2026-10-05,SJS @ DAL,db6ecbc6d2657c39084510cf3e94f510,sk_sog,under,Jason Robertson,3.5,draftkings,-140,105,oddsapi
2026-10-05T21:00:06Z,2026-10-05,SJS @ DAL,db6ecbc6d2657c39084510cf3e94f510,sk_sog,over,Macklin Celebrini,2.5,draftkings,-175,130,oddsapi
2026-10-05T21:00:06Z,2026-10-05,SJS @ DAL,db6ecbc6d2657c39084510cf3e94f510,sk_sog,under,Macklin Celebrini,2.5,draftkings,130,-175,oddsapi
2026-10-05T21:00:06Z,2026-10-05,SJS @ DAL,db6ecbc6d2657c39084510cf3e94f510,sk_sog,over,Wyatt Johnston,2.5,draftkings,-115,-115,oddsapi
2026-10-05T21:00:06Z,2026-10-05,SJS @ DAL,db6ecbc6d2657c39084510cf3e94f510,sk_sog,under,Wyatt Johnston,2.5,draftkings,-115,-115,oddsapi
2026-10-05T21:00:06Z,2026-10-05,SJS @ DAL,db6ecbc6d2657c39084510cf3e94f510,sk_sog,over,Mikko Rantanen,2.5,draftkings,130,-175,oddsapi
2026-10-05T21:00:06Z,2026-10-05,SJS @ DAL,db6ecbc6d2657c39084510cf3e94f510,sk_sog,under,Mikko Rantanen,2.5,draftkings,-175,130,oddsapi
2026-10-05T21:00:06Z,2026-10-05,SJS @ DAL,db6ecbc6d2657c39084510cf3e94f510,sk_sog,over,Will Smith,1.5,draftkings,-190,140,oddsapi
2026-10-05T21:00:06Z,2026-10-05,SJS @ DAL,db6ecbc6d2657c39084510cf3e94f510,sk_sog,under,Will Smith,1.5,draftkings,140,-190,oddsapi
2026-10-05T21:00:06Z,2026-10-05,SJS @ DAL,db6ecbc6d2657c39084510cf3e94f510,sk_sog,over,Roope Hintz,1.5,draftkings,-185,140,oddsapi
2026-10-05T21:00:06Z,2026-10-05,SJS @ DAL,db6ecbc6d2657c39084510cf3e94f510,sk_sog,under,Roope Hintz,1.5,draftkings,140,-185,oddsapi
2026-10-05T21:00:06Z,2026-10-05,SJS @ DAL,db6ecbc6d2657c39084510cf3e94f510,sk_sog,over,Miro Heiskanen,1.5,draftkings,-165,120,oddsapi
2026-10-05T21:00:06Z,2026-10-05,SJS @ DAL,db6ecbc6d2657c39084510cf3e94f510,sk_sog,under,Miro Heiskanen,1.5,draftkings,120,-165,oddsapi
2026-10-05T21:00:06Z,2026-10-05,SJS @ DAL,db6ecbc6d2657c39084510cf3e94f510,sk_sog,over,Thomas Harley,1.5,draftkings,-135,100,oddsapi
2026-10-05T21:00:06Z,2026-10-05,SJS @ DAL,db6ecbc6d2657c39084510cf3e94f510,sk_sog,under,Thomas Harley,1.5,draftkings,100,-135,oddsapi
2026-10-05T21:00:06Z,2026-10-05,SJS @ DAL,db6ecbc6d2657c39084510cf3e94f510,sk_sog,over,Mason Marchment,1.5,draftkings,-115,-120,oddsapi
2026-10-05T21:00:06Z,2026-10-05,SJS @ DAL,db6ecbc6d2657c39084510cf3e94f510,sk_sog,under,Mason Marchment,1.5,draftkings,-120,-115,oddsapi
2026-10-05T21:00:06Z,2026-10-05,SJS @ DAL,db6ecbc6d2657c39084510cf3e94f510,sk_sog,over,Darnell Nurse,1.5,draftkings,-105,-130,oddsapi
2026-10-05T21:00:06Z,2026-10-05,SJS @ DAL,db6ecbc6d2657c39084510cf3e94f510,sk_sog,under,Darnell Nurse,1.5,draftkings,-130,-105,oddsapi
2026-10-05T21:00:06Z,2026-10-05,SJS @ DAL,db6ecbc6d2657c39084510cf3e94f510,sk_sog,over,Tyler Toffoli,1.5,draftkings,105,-140,oddsapi
2026-10-05T21:00:06Z,2026-10-05,SJS @ DAL,db6ecbc6d2657c39084510cf3e94f510,sk_sog,under,Tyler Toffoli,1.5,draftkings,-140,105,oddsapi
2026-10-05T21:00:06Z,2026-10-05,SJS @ DAL,db6ecbc6d2657c39084510cf3e94f510,sk_sog,over,Luca Cagnoni,1.5,draftkings,110,-150,oddsapi
2026-10-05T21:00:06Z,2026-10-05,SJS @ DAL,db6ecbc6d2657c39084510cf3e94f510,sk_sog,under,Luca Cagnoni,1.5,draftkings,-150,110,oddsapi
2026-10-05T21:00:06Z,2026-10-05,SJS @ DAL,db6ecbc6d2657c39084510cf3e94f510,g_saves,over,Yaroslav Askarov,23.5,draftkings,-130,-105,oddsapi
2026-10-05T21:00:06Z,2026-10-05,SJS @ DAL,db6ecbc6d2657c39084510cf3e94f510,g_saves,under,Yaroslav Askarov,23.5,draftkings,-105,-130,oddsapi
2026-10-05T21:00:06Z,2026-10-05,SJS @ DAL,db6ecbc6d2657c39084510cf3e94f510,g_saves,over,Jake Oettinger,21.5,draftkings,-120,-115,oddsapi
2026-10-05T21:00:06Z,2026-10-05,SJS @ DAL,db6ecbc6d2657c39084510cf3e94f510,g_saves,under,Jake Oettinger,21.5,draftkings,-115,-120,oddsapi
2026-10-05T21:00:06Z,2026-10-05,SJS @ DAL,db6ecbc6d2657c39084510cf3e94f510,p1_pl,DAL,,-0.5,draftkings,135,-175,oddsapi
2026-10-05T21:00:06Z,2026-10-05,SJS @ DAL,db6ecbc6d2657c39084510cf3e94f510,p1_pl,SJS,,0.5,draftkings,-175,135,oddsapi
2026-10-05T21:00:06Z,2026-10-05,SJS @ DAL,db6ecbc6d2657c39084510cf3e94f510,p2_pl,DAL,,-0.5,draftkings,124,-160,oddsapi
2026-10-05T21:00:06Z,2026-10-05,SJS @ DAL,db6ecbc6d2657c39084510cf3e94f510,p2_pl,SJS,,0.5,draftkings,-160,124,oddsapi
2026-10-05T21:00:06Z,2026-10-05,SJS @ DAL,db6ecbc6d2657c39084510cf3e94f510,p3_pl,DAL,,-0.5,draftkings,110,-140,oddsapi
2026-10-05T21:00:06Z,2026-10-05,SJS @ DAL,db6ecbc6d2657c39084510cf3e94f510,p3_pl,SJS,,0.5,draftkings,-140,110,oddsapi
2026-10-05T21:00:06Z,2026-10-05,SJS @ DAL,db6ecbc6d2657c39084510cf3e94f510,p1_team_total,over,DAL,0.5,draftkings,-225,165,oddsapi
2026-10-05T21:00:06Z,2026-10-05,SJS @ DAL,db6ecbc6d2657c39084510cf3e94f510,p1_team_total,under,DAL,0.5,draftkings,165,-225,oddsapi
2026-10-05T21:00:06Z,2026-10-05,SJS @ DAL,db6ecbc6d2657c39084510cf3e94f510,p1_team_total,over,SJS,0.5,draftkings,-155,115,oddsapi
2026-10-05T21:00:06Z,2026-10-05,SJS @ DAL,db6ecbc6d2657c39084510cf3e94f510,p1_team_total,under,SJS,0.5,draftkings,115,-155,oddsapi
2026-10-05T21:00:06Z,2026-10-05,SJS @ DAL,db6ecbc6d2657c39084510cf3e94f510,p1_total,over,,1.5,draftkings,-154,120,oddsapi
2026-10-05T21:00:06Z,2026-10-05,SJS @ DAL,db6ecbc6d2657c39084510cf3e94f510,p1_total,under,,1.5,draftkings,120,-154,oddsapi
2026-10-05T21:00:06Z,2026-10-05,SJS @ DAL,db6ecbc6d2657c39084510cf3e94f510,p2_total,over,,1.5,draftkings,-175,135,oddsapi
2026-10-05T21:00:06Z,2026-10-05,SJS @ DAL,db6ecbc6d2657c39084510cf3e94f510,p2_total,under,,1.5,draftkings,135,-175,oddsapi
2026-10-05T21:00:06Z,2026-10-05,SJS @ DAL,db6ecbc6d2657c39084510cf3e94f510,p3_total,over,,2.5,draftkings,135,-175,oddsapi
2026-10-05T21:00:06Z,2026-10-05,SJS @ DAL,db6ecbc6d2657c39084510cf3e94f510,p3_total,under,,2.5,draftkings,-175,135,oddsapi
2026-10-05T21:00:06Z,2026-10-05,SJS @ DAL,db6ecbc6d2657c39084510cf3e94f510,game_ml3,DAL,,,fanatics,-125,,oddsapi
2026-10-05T21:00:06Z,2026-10-05,SJS @ DAL,db6ecbc6d2657c39084510cf3e94f510,game_ml3,SJS,,,fanatics,250,,oddsapi
2026-10-05T21:00:06Z,2026-10-05,SJS @ DAL,db6ecbc6d2657c39084510cf3e94f510,game_ml3,draw,,,fanatics,290,,oddsapi
2026-10-05T21:00:06Z,2026-10-05,SJS @ DAL,db6ecbc6d2657c39084510cf3e94f510,ags,yes,Mason Marchment,,fanatics,325,,oddsapi
2026-10-05T21:00:06Z,2026-10-05,SJS @ DAL,db6ecbc6d2657c39084510cf3e94f510,ags,yes,Jacob Trouba,,fanatics,1400,,oddsapi
2026-10-05T21:00:06Z,2026-10-05,SJS @ DAL,db6ecbc6d2657c39084510cf3e94f510,ags,yes,Barclay Goodrow,,fanatics,1400,,oddsapi
2026-10-05T21:00:06Z,2026-10-05,SJS @ DAL,db6ecbc6d2657c39084510cf3e94f510,ags,yes,Dmitry Orlov,,fanatics,1100,,oddsapi
2026-10-05T21:00:06Z,2026-10-05,SJS @ DAL,db6ecbc6d2657c39084510cf3e94f510,ags,yes,Tyler Toffoli,,fanatics,390,,oddsapi
2026-10-05T21:00:06Z,2026-10-05,SJS @ DAL,db6ecbc6d2657c39084510cf3e94f510,ags,yes,Darnell Nurse,,fanatics,1400,,oddsapi
2026-10-05T21:00:06Z,2026-10-05,SJS @ DAL,db6ecbc6d2657c39084510cf3e94f510,ags,yes,Alexander Wennberg,,fanatics,430,,oddsapi
2026-10-05T21:00:06Z,2026-10-05,SJS @ DAL,db6ecbc6d2657c39084510cf3e94f510,ags,yes,Kiefer Sherwood,,fanatics,575,,oddsapi
2026-10-05T21:00:06Z,2026-10-05,SJS @ DAL,db6ecbc6d2657c39084510cf3e94f510,ags,yes,Nolan Allan,,fanatics,2500,,oddsapi
2026-10-05T21:00:06Z,2026-10-05,SJS @ DAL,db6ecbc6d2657c39084510cf3e94f510,ags,yes,Luca Cagnoni,,fanatics,800,,oddsapi
2026-10-05T21:00:06Z,2026-10-05,SJS @ DAL,db6ecbc6d2657c39084510cf3e94f510,ags,yes,Zack Ostapchuk,,fanatics,1600,,oddsapi
2026-10-05T21:00:06Z,2026-10-05,SJS @ DAL,db6ecbc6d2657c39084510cf3e94f510,ags,yes,Michael Kesselring,,fanatics,2200,,oddsapi
2026-10-05T21:00:06Z,2026-10-05,SJS @ DAL,db6ecbc6d2657c39084510cf3e94f510,ags,yes,Collin Graf,,fanatics,575,,oddsapi
2026-10-05T21:00:06Z,2026-10-05,SJS @ DAL,db6ecbc6d2657c39084510cf3e94f510,ags,yes,Macklin Celebrini,,fanatics,150,,oddsapi
2026-10-05T21:00:06Z,2026-10-05,SJS @ DAL,db6ecbc6d2657c39084510cf3e94f510,ags,yes,Igor Chernyshov,,fanatics,390,,oddsapi
2026-10-05T21:00:06Z,2026-10-05,SJS @ DAL,db6ecbc6d2657c39084510cf3e94f510,ags,yes,Will Smith,,fanatics,210,,oddsapi
2026-10-05T21:00:06Z,2026-10-05,SJS @ DAL,db6ecbc6d2657c39084510cf3e94f510,ags,yes,Michael Misa,,fanatics,430,,oddsapi
2026-10-05T21:00:06Z,2026-10-05,SJS @ DAL,db6ecbc6d2657c39084510cf3e94f510,ags,yes,Ivar Stenberg,,fanatics,410,,oddsapi
2026-10-05T21:00:06Z,2026-10-05,SJS @ DAL,db6ecbc6d2657c39084510cf3e94f510,ags,yes,Mikko Rantanen,,fanatics,160,,oddsapi
2026-10-05T21:00:06Z,2026-10-05,SJS @ DAL,db6ecbc6d2657c39084510cf3e94f510,ags,yes,Miro Heiskanen,,fanatics,500,,oddsapi
2026-10-05T21:00:06Z,2026-10-05,SJS @ DAL,db6ecbc6d2657c39084510cf3e94f510,ags,yes,Nils Lundkvist,,fanatics,1600,,oddsapi
2026-10-05T21:00:06Z,2026-10-05,SJS @ DAL,db6ecbc6d2657c39084510cf3e94f510,ags,yes,Radek Faksa,,fanatics,900,,oddsapi
2026-10-05T21:00:06Z,2026-10-05,SJS @ DAL,db6ecbc6d2657c39084510cf3e94f510,ags,yes,Jamie Benn,,fanatics,390,,oddsapi
2026-10-05T21:00:06Z,2026-10-05,SJS @ DAL,db6ecbc6d2657c39084510cf3e94f510,ags,yes,Sam Steel,,fanatics,430,,oddsapi
2026-10-05T21:00:06Z,2026-10-05,SJS @ DAL,db6ecbc6d2657c39084510cf3e94f510,ags,yes,Jason Robertson,,fanatics,100,,oddsapi
2026-10-05T21:00:06Z,2026-10-05,SJS @ DAL,db6ecbc6d2657c39084510cf3e94f510,ags,yes,Esa Lindell,,fanatics,1000,,oddsapi
2026-10-05T21:00:06Z,2026-10-05,SJS @ DAL,db6ecbc6d2657c39084510cf3e94f510,ags,yes,Roope Hintz,,fanatics,200,,oddsapi
2026-10-05T21:00:06Z,2026-10-05,SJS @ DAL,db6ecbc6d2657c39084510cf3e94f510,ags,yes,Oskar Back,,fanatics,900,,oddsapi
2026-10-05T21:00:06Z,2026-10-05,SJS @ DAL,db6ecbc6d2657c39084510cf3e94f510,ags,yes,Wyatt Johnston,,fanatics,130,,oddsapi
2026-10-05T21:00:06Z,2026-10-05,SJS @ DAL,db6ecbc6d2657c39084510cf3e94f510,ags,yes,Thomas Harley,,fanatics,700,,oddsapi
2026-10-05T21:00:06Z,2026-10-05,SJS @ DAL,db6ecbc6d2657c39084510cf3e94f510,ags,yes,Tyler Seguin,,fanatics,230,,oddsapi
2026-10-05T21:00:06Z,2026-10-05,SJS @ DAL,db6ecbc6d2657c39084510cf3e94f510,ags,yes,Tyler Myers,,fanatics,1800,,oddsapi
2026-10-05T21:00:06Z,2026-10-05,SJS @ DAL,db6ecbc6d2657c39084510cf3e94f510,ags,yes,Lian Bichsel,,fanatics,1700,,oddsapi
2026-10-05T21:00:06Z,2026-10-05,SJS @ DAL,db6ecbc6d2657c39084510cf3e94f510,ags,yes,Colin Blackwell,,fanatics,700,,oddsapi
2026-10-05T21:00:06Z,2026-10-05,SJS @ DAL,db6ecbc6d2657c39084510cf3e94f510,ags,yes,Justin Hryckowian,,fanatics,325,,oddsapi
2026-10-05T21:00:06Z,2026-10-05,SJS @ DAL,db6ecbc6d2657c39084510cf3e94f510,ags,yes,Arttu Hyry,,fanatics,700,,oddsapi
2026-10-05T21:00:06Z,2026-10-05,SJS @ DAL,db6ecbc6d2657c39084510cf3e94f510,ags,yes,Joel Kiviranta,,fanatics,800,,oddsapi
2026-10-05T21:00:06Z,2026-10-05,SJS @ DAL,db6ecbc6d2657c39084510cf3e94f510,fgs,yes,Mason Marchment,,fanatics,1700,,oddsapi
2026-10-05T21:00:06Z,2026-10-05,SJS @ DAL,db6ecbc6d2657c39084510cf3e94f510,fgs,yes,Jacob Trouba,,fanatics,7000,,oddsapi
2026-10-05T21:00:06Z,2026-10-05,SJS @ DAL,db6ecbc6d2657c39084510cf3e94f510,fgs,yes,Barclay Goodrow,,fanatics,6000,,oddsapi
2026-10-05T21:00:06Z,2026-10-05,SJS @ DAL,db6ecbc6d2657c39084510cf3e94f510,fgs,yes,Dmitry Orlov,,fanatics,4000,,oddsapi
2026-10-05T21:00:06Z,2026-10-05,SJS @ DAL,db6ecbc6d2657c39084510cf3e94f510,fgs,yes,Tyler Toffoli,,fanatics,2200,,oddsapi
2026-10-05T21:00:06Z,2026-10-05,SJS @ DAL,db6ecbc6d2657c39084510cf3e94f510,fgs,yes,Darnell Nurse,,fanatics,6000,,oddsapi
2026-10-05T21:00:06Z,2026-10-05,SJS @ DAL,db6ecbc6d2657c39084510cf3e94f510,fgs,yes,Alexander Wennberg,,fanatics,2200,,oddsapi
2026-10-05T21:00:06Z,2026-10-05,SJS @ DAL,db6ecbc6d2657c39084510cf3e94f510,fgs,yes,Kiefer Sherwood,,fanatics,2500,,oddsapi
2026-10-05T21:00:06Z,2026-10-05,SJS @ DAL,db6ecbc6d2657c39084510cf3e94f510,fgs,yes,Nolan Allan,,fanatics,8000,,oddsapi
2026-10-05T21:00:06Z,2026-10-05,SJS @ DAL,db6ecbc6d2657c39084510cf3e94f510,fgs,yes,Luca Cagnoni,,fanatics,3500,,oddsapi
2026-10-05T21:00:06Z,2026-10-05,SJS @ DAL,db6ecbc6d2657c39084510cf3e94f510,fgs,yes,Zack Ostapchuk,,fanatics,6000,,oddsapi
2026-10-05T21:00:06Z,2026-10-05,SJS @ DAL,db6ecbc6d2657c39084510cf3e94f510,fgs,yes,Michael Kesselring,,fanatics,9000,,oddsapi
2026-10-05T21:00:06Z,2026-10-05,SJS @ DAL,db6ecbc6d2657c39084510cf3e94f510,fgs,yes,Collin Graf,,fanatics,2500,,oddsapi
2026-10-05T21:00:06Z,2026-10-05,SJS @ DAL,db6ecbc6d2657c39084510cf3e94f510,fgs,yes,Macklin Celebrini,,fanatics,900,,oddsapi
2026-10-05T21:00:06Z,2026-10-05,SJS @ DAL,db6ecbc6d2657c39084510cf3e94f510,fgs,yes,Igor Chernyshov,,fanatics,1900,,oddsapi
2026-10-05T21:00:06Z,2026-10-05,SJS @ DAL,db6ecbc6d2657c39084510cf3e94f510,fgs,yes,Will Smith,,fanatics,1200,,oddsapi
2026-10-05T21:00:06Z,2026-10-05,SJS @ DAL,db6ecbc6d2657c39084510cf3e94f510,fgs,yes,Michael Misa,,fanatics,2200,,oddsapi
2026-10-05T21:00:06Z,2026-10-05,SJS @ DAL,db6ecbc6d2657c39084510cf3e94f510,fgs,yes,Ivar Stenberg,,fanatics,1900,,oddsapi
2026-10-05T21:00:06Z,2026-10-05,SJS @ DAL,db6ecbc6d2657c39084510cf3e94f510,fgs,yes,No 1st Goal,,fanatics,20000,,oddsapi
2026-10-05T21:00:06Z,2026-10-05,SJS @ DAL,db6ecbc6d2657c39084510cf3e94f510,fgs,yes,Mikko Rantanen,,fanatics,1000,,oddsapi
2026-10-05T21:00:06Z,2026-10-05,SJS @ DAL,db6ecbc6d2657c39084510cf3e94f510,fgs,yes,Miro Heiskanen,,fanatics,2800,,oddsapi
2026-10-05T21:00:06Z,2026-10-05,SJS @ DAL,db6ecbc6d2657c39084510cf3e94f510,fgs,yes,Nils Lundkvist,,fanatics,6000,,oddsapi
2026-10-05T21:00:06Z,2026-10-05,SJS @ DAL,db6ecbc6d2657c39084510cf3e94f510,fgs,yes,Radek Faksa,,fanatics,4000,,oddsapi
2026-10-05T21:00:06Z,2026-10-05,SJS @ DAL,db6ecbc6d2657c39084510cf3e94f510,fgs,yes,Jamie Benn,,fanatics,1900,,oddsapi
2026-10-05T21:00:06Z,2026-10-05,SJS @ DAL,db6ecbc6d2657c39084510cf3e94f510,fgs,yes,Sam Steel,,fanatics,2200,,oddsapi
2026-10-05T21:00:06Z,2026-10-05,SJS @ DAL,db6ecbc6d2657c39084510cf3e94f510,fgs,yes,Jason Robertson,,fanatics,700,,oddsapi
2026-10-05T21:00:06Z,2026-10-05,SJS @ DAL,db6ecbc6d2657c39084510cf3e94f510,fgs,yes,Esa Lindell,,fanatics,4500,,oddsapi
2026-10-05T21:00:06Z,2026-10-05,SJS @ DAL,db6ecbc6d2657c39084510cf3e94f510,fgs,yes,Roope Hintz,,fanatics,1200,,oddsapi
2026-10-05T21:00:06Z,2026-10-05,SJS @ DAL,db6ecbc6d2657c39084510cf3e94f510,fgs,yes,Oskar Back,,fanatics,4000,,oddsapi
2026-10-05T21:00:06Z,2026-10-05,SJS @ DAL,db6ecbc6d2657c39084510cf3e94f510,fgs,yes,Wyatt Johnston,,fanatics,800,,oddsapi
2026-10-05T21:00:06Z,2026-10-05,SJS @ DAL,db6ecbc6d2657c39084510cf3e94f510,fgs,yes,Thomas Harley,,fanatics,3000,,oddsapi
2026-10-05T21:00:06Z,2026-10-05,SJS @ DAL,db6ecbc6d2657c39084510cf3e94f510,fgs,yes,Tyler Seguin,,fanatics,1300,,oddsapi
2026-10-05T21:00:06Z,2026-10-05,SJS @ DAL,db6ecbc6d2657c39084510cf3e94f510,fgs,yes,Tyler Myers,,fanatics,7000,,oddsapi
2026-10-05T21:00:06Z,2026-10-05,SJS @ DAL,db6ecbc6d2657c39084510cf3e94f510,fgs,yes,Lian Bichsel,,fanatics,8000,,oddsapi
2026-10-05T21:00:06Z,2026-10-05,SJS @ DAL,db6ecbc6d2657c39084510cf3e94f510,fgs,yes,Colin Blackwell,,fanatics,3000,,oddsapi
2026-10-05T21:00:06Z,2026-10-05,SJS @ DAL,db6ecbc6d2657c39084510cf3e94f510,fgs,yes,Justin Hryckowian,,fanatics,1700,,oddsapi
2026-10-05T21:00:06Z,2026-10-05,SJS @ DAL,db6ecbc6d2657c39084510cf3e94f510,fgs,yes,Arttu Hyry,,fanatics,3000,,oddsapi
2026-10-05T21:00:06Z,2026-10-05,SJS @ DAL,db6ecbc6d2657c39084510cf3e94f510,fgs,yes,Joel Kiviranta,,fanatics,4000,,oddsapi
2026-10-05T21:00:06Z,2026-10-05,SJS @ DAL,db6ecbc6d2657c39084510cf3e94f510,team_total,over,DAL,3.5,fanatics,-120,-110,oddsapi
2026-10-05T21:00:06Z,2026-10-05,SJS @ DAL,db6ecbc6d2657c39084510cf3e94f510,team_total,under,DAL,3.5,fanatics,-110,-120,oddsapi
2026-10-05T21:00:06Z,2026-10-05,SJS @ DAL,db6ecbc6d2657c39084510cf3e94f510,team_total,over,SJS,2.5,fanatics,-125,-105,oddsapi
2026-10-05T21:00:06Z,2026-10-05,SJS @ DAL,db6ecbc6d2657c39084510cf3e94f510,team_total,under,SJS,2.5,fanatics,-105,-125,oddsapi
2026-10-05T21:00:06Z,2026-10-05,SJS @ DAL,db6ecbc6d2657c39084510cf3e94f510,game_ml3,DAL,,,williamhill_us,-125,,oddsapi
2026-10-05T21:00:06Z,2026-10-05,SJS @ DAL,db6ecbc6d2657c39084510cf3e94f510,game_ml3,SJS,,,williamhill_us,205,,oddsapi
2026-10-05T21:00:06Z,2026-10-05,SJS @ DAL,db6ecbc6d2657c39084510cf3e94f510,game_ml3,draw,,,williamhill_us,275,,oddsapi
2026-10-05T21:00:06Z,2026-10-05,SJS @ DAL,db6ecbc6d2657c39084510cf3e94f510,p1_ml3,DAL,,,williamhill_us,126,,oddsapi
2026-10-05T21:00:06Z,2026-10-05,SJS @ DAL,db6ecbc6d2657c39084510cf3e94f510,p1_ml3,SJS,,,williamhill_us,220,,oddsapi
2026-10-05T21:00:06Z,2026-10-05,SJS @ DAL,db6ecbc6d2657c39084510cf3e94f510,p1_ml3,draw,,,williamhill_us,165,,oddsapi
2026-10-05T21:00:06Z,2026-10-05,SJS @ DAL,db6ecbc6d2657c39084510cf3e94f510,ags,yes,Jason Robertson,,williamhill_us,120,,oddsapi
2026-10-05T21:00:06Z,2026-10-05,SJS @ DAL,db6ecbc6d2657c39084510cf3e94f510,ags,yes,Wyatt Johnston,,williamhill_us,136,,oddsapi
2026-10-05T21:00:06Z,2026-10-05,SJS @ DAL,db6ecbc6d2657c39084510cf3e94f510,ags,yes,Macklin Celebrini,,williamhill_us,149,,oddsapi
2026-10-05T21:00:06Z,2026-10-05,SJS @ DAL,db6ecbc6d2657c39084510cf3e94f510,ags,yes,Mikko Rantanen,,williamhill_us,174,,oddsapi
2026-10-05T21:00:06Z,2026-10-05,SJS @ DAL,db6ecbc6d2657c39084510cf3e94f510,ags,yes,Roope Hintz,,williamhill_us,205,,oddsapi
2026-10-05T21:00:06Z,2026-10-05,SJS @ DAL,db6ecbc6d2657c39084510cf3e94f510,ags,yes,Will Smith,,williamhill_us,210,,oddsapi
2026-10-05T21:00:06Z,2026-10-05,SJS @ DAL,db6ecbc6d2657c39084510cf3e94f510,ags,yes,Tyler Seguin,,williamhill_us,255,,oddsapi
2026-10-05T21:00:06Z,2026-10-05,SJS @ DAL,db6ecbc6d2657c39084510cf3e94f510,ags,yes,Mason Marchment,,williamhill_us,295,,oddsapi
2026-10-05T21:00:06Z,2026-10-05,SJS @ DAL,db6ecbc6d2657c39084510cf3e94f510,ags,yes,Igor Chernyshov,,williamhill_us,305,,oddsapi
2026-10-05T21:00:06Z,2026-10-05,SJS @ DAL,db6ecbc6d2657c39084510cf3e94f510,ags,yes,Tyler Toffoli,,williamhill_us,330,,oddsapi
2026-10-05T21:00:06Z,2026-10-05,SJS @ DAL,db6ecbc6d2657c39084510cf3e94f510,ags,yes,Justin Hryckowian,,williamhill_us,340,,oddsapi
2026-10-05T21:00:06Z,2026-10-05,SJS @ DAL,db6ecbc6d2657c39084510cf3e94f510,ags,yes,Michael Misa,,williamhill_us,350,,oddsapi
2026-10-05T21:00:06Z,2026-10-05,SJS @ DAL,db6ecbc6d2657c39084510cf3e94f510,ags,yes,Jamie Benn,,williamhill_us,350,,oddsapi
2026-10-05T21:00:06Z,2026-10-05,SJS @ DAL,db6ecbc6d2657c39084510cf3e94f510,ags,yes,Ivar Stenberg,,williamhill_us,360,,oddsapi
2026-10-05T21:00:06Z,2026-10-05,SJS @ DAL,db6ecbc6d2657c39084510cf3e94f510,ags,yes,Alex Wennberg,,williamhill_us,375,,oddsapi
2026-10-05T21:00:06Z,2026-10-05,SJS @ DAL,db6ecbc6d2657c39084510cf3e94f510,ags,yes,Sam Steel,,williamhill_us,390,,oddsapi
2026-10-05T21:00:06Z,2026-10-05,SJS @ DAL,db6ecbc6d2657c39084510cf3e94f510,ags,yes,Miro Heiskanen,,williamhill_us,400,,oddsapi
2026-10-05T21:00:06Z,2026-10-05,SJS @ DAL,db6ecbc6d2657c39084510cf3e94f510,ags,yes,Collin Graf,,williamhill_us,425,,oddsapi
2026-10-05T21:00:06Z,2026-10-05,SJS @ DAL,db6ecbc6d2657c39084510cf3e94f510,ags,yes,Kiefer Sherwood,,williamhill_us,475,,oddsapi
2026-10-05T21:00:06Z,2026-10-05,SJS @ DAL,db6ecbc6d2657c39084510cf3e94f510,ags,yes,Thomas Harley,,williamhill_us,500,,oddsapi
2026-10-05T21:00:06Z,2026-10-05,SJS @ DAL,db6ecbc6d2657c39084510cf3e94f510,ags,yes,Arttu Hyry,,williamhill_us,500,,oddsapi
2026-10-05T21:00:06Z,2026-10-05,SJS @ DAL,db6ecbc6d2657c39084510cf3e94f510,ags,yes,Colin Blackwell,,williamhill_us,525,,oddsapi
2026-10-05T21:00:06Z,2026-10-05,SJS @ DAL,db6ecbc6d2657c39084510cf3e94f510,ags,yes,Luca Cagnoni,,williamhill_us,550,,oddsapi
2026-10-05T21:00:06Z,2026-10-05,SJS @ DAL,db6ecbc6d2657c39084510cf3e94f510,ags,yes,Radek Faksa,,williamhill_us,600,,oddsapi
2026-10-05T21:00:06Z,2026-10-05,SJS @ DAL,db6ecbc6d2657c39084510cf3e94f510,ags,yes,Joel Kiviranta,,williamhill_us,600,,oddsapi
2026-10-05T21:00:06Z,2026-10-05,SJS @ DAL,db6ecbc6d2657c39084510cf3e94f510,ags,yes,Oskar Back,,williamhill_us,625,,oddsapi
2026-10-05T21:00:06Z,2026-10-05,SJS @ DAL,db6ecbc6d2657c39084510cf3e94f510,ags,yes,Esa Lindell,,williamhill_us,650,,oddsapi
2026-10-05T21:00:06Z,2026-10-05,SJS @ DAL,db6ecbc6d2657c39084510cf3e94f510,ags,yes,Barclay Goodrow,,williamhill_us,675,,oddsapi
2026-10-05T21:00:06Z,2026-10-05,SJS @ DAL,db6ecbc6d2657c39084510cf3e94f510,ags,yes,Dmitry Orlov,,williamhill_us,700,,oddsapi
2026-10-05T21:00:06Z,2026-10-05,SJS @ DAL,db6ecbc6d2657c39084510cf3e94f510,ags,yes,Jacob Trouba,,williamhill_us,750,,oddsapi
2026-10-05T21:00:06Z,2026-10-05,SJS @ DAL,db6ecbc6d2657c39084510cf3e94f510,ags,yes,Darnell Nurse,,williamhill_us,750,,oddsapi
2026-10-05T21:00:06Z,2026-10-05,SJS @ DAL,db6ecbc6d2657c39084510cf3e94f510,ags,yes,Zack Ostapchuk,,williamhill_us,750,,oddsapi
2026-10-05T21:00:06Z,2026-10-05,SJS @ DAL,db6ecbc6d2657c39084510cf3e94f510,ags,yes,Nils Lundkvist,,williamhill_us,800,,oddsapi
2026-10-05T21:00:06Z,2026-10-05,SJS @ DAL,db6ecbc6d2657c39084510cf3e94f510,ags,yes,Lian Bichsel,,williamhill_us,800,,oddsapi
2026-10-05T21:00:06Z,2026-10-05,SJS @ DAL,db6ecbc6d2657c39084510cf3e94f510,ags,yes,Michael Kesselring,,williamhill_us,850,,oddsapi
2026-10-05T21:00:06Z,2026-10-05,SJS @ DAL,db6ecbc6d2657c39084510cf3e94f510,ags,yes,Tyler Myers,,williamhill_us,900,,oddsapi
2026-10-05T21:00:06Z,2026-10-05,SJS @ DAL,db6ecbc6d2657c39084510cf3e94f510,ags,yes,Nolan Allan,,williamhill_us,900,,oddsapi
2026-10-05T21:00:06Z,2026-10-05,SJS @ DAL,db6ecbc6d2657c39084510cf3e94f510,fgs,yes,Jason Robertson,,williamhill_us,800,,oddsapi
2026-10-05T21:00:06Z,2026-10-05,SJS @ DAL,db6ecbc6d2657c39084510cf3e94f510,fgs,yes,Macklin Celebrini,,williamhill_us,950,,oddsapi
2026-10-05T21:00:06Z,2026-10-05,SJS @ DAL,db6ecbc6d2657c39084510cf3e94f510,fgs,yes,Wyatt Johnston,,williamhill_us,950,,oddsapi
2026-10-05T21:00:06Z,2026-10-05,SJS @ DAL,db6ecbc6d2657c39084510cf3e94f510,fgs,yes,Mikko Rantanen,,williamhill_us,1000,,oddsapi
2026-10-05T21:00:06Z,2026-10-05,SJS @ DAL,db6ecbc6d2657c39084510cf3e94f510,fgs,yes,Will Smith,,williamhill_us,1300,,oddsapi
2026-10-05T21:00:06Z,2026-10-05,SJS @ DAL,db6ecbc6d2657c39084510cf3e94f510,fgs,yes,Roope Hintz,,williamhill_us,1300,,oddsapi
2026-10-05T21:00:06Z,2026-10-05,SJS @ DAL,db6ecbc6d2657c39084510cf3e94f510,fgs,yes,Tyler Seguin,,williamhill_us,1500,,oddsapi
2026-10-05T21:00:06Z,2026-10-05,SJS @ DAL,db6ecbc6d2657c39084510cf3e94f510,fgs,yes,Mason Marchment,,williamhill_us,1800,,oddsapi
2026-10-05T21:00:06Z,2026-10-05,SJS @ DAL,db6ecbc6d2657c39084510cf3e94f510,fgs,yes,Justin Hryckowian,,williamhill_us,2100,,oddsapi
2026-10-05T21:00:06Z,2026-10-05,SJS @ DAL,db6ecbc6d2657c39084510cf3e94f510,fgs,yes,Jamie Benn,,williamhill_us,2100,,oddsapi
2026-10-05T21:00:06Z,2026-10-05,SJS @ DAL,db6ecbc6d2657c39084510cf3e94f510,fgs,yes,Tyler Toffoli,,williamhill_us,2100,,oddsapi
2026-10-05T21:00:06Z,2026-10-05,SJS @ DAL,db6ecbc6d2657c39084510cf3e94f510,fgs,yes,Igor Chernyshov,,williamhill_us,2100,,oddsapi
2026-10-05T21:00:06Z,2026-10-05,SJS @ DAL,db6ecbc6d2657c39084510cf3e94f510,fgs,yes,Ivar Stenberg,,williamhill_us,2300,,oddsapi
2026-10-05T21:00:06Z,2026-10-05,SJS @ DAL,db6ecbc6d2657c39084510cf3e94f510,fgs,yes,Alex Wennberg,,williamhill_us,2400,,oddsapi
2026-10-05T21:00:06Z,2026-10-05,SJS @ DAL,db6ecbc6d2657c39084510cf3e94f510,fgs,yes,Miro Heiskanen,,williamhill_us,2400,,oddsapi
2026-10-05T21:00:06Z,2026-10-05,SJS @ DAL,db6ecbc6d2657c39084510cf3e94f510,fgs,yes,Michael Misa,,williamhill_us,2400,,oddsapi
2026-10-05T21:00:06Z,2026-10-05,SJS @ DAL,db6ecbc6d2657c39084510cf3e94f510,fgs,yes,Sam Steel,,williamhill_us,2500,,oddsapi
2026-10-05T21:00:06Z,2026-10-05,SJS @ DAL,db6ecbc6d2657c39084510cf3e94f510,fgs,yes,Collin Graf,,williamhill_us,2900,,oddsapi
2026-10-05T21:00:06Z,2026-10-05,SJS @ DAL,db6ecbc6d2657c39084510cf3e94f510,fgs,yes,Kiefer Sherwood,,williamhill_us,3000,,oddsapi
2026-10-05T21:00:06Z,2026-10-05,SJS @ DAL,db6ecbc6d2657c39084510cf3e94f510,fgs,yes,Arttu Hyry,,williamhill_us,3300,,oddsapi
2026-10-05T21:00:06Z,2026-10-05,SJS @ DAL,db6ecbc6d2657c39084510cf3e94f510,fgs,yes,Thomas Harley,,williamhill_us,3500,,oddsapi
2026-10-05T21:00:06Z,2026-10-05,SJS @ DAL,db6ecbc6d2657c39084510cf3e94f510,fgs,yes,Luca Cagnoni,,williamhill_us,4000,,oddsapi
2026-10-05T21:00:06Z,2026-10-05,SJS @ DAL,db6ecbc6d2657c39084510cf3e94f510,fgs,yes,Colin Blackwell,,williamhill_us,4000,,oddsapi
2026-10-05T21:00:06Z,2026-10-05,SJS @ DAL,db6ecbc6d2657c39084510cf3e94f510,fgs,yes,Oskar Back,,williamhill_us,4500,,oddsapi
2026-10-05T21:00:06Z,2026-10-05,SJS @ DAL,db6ecbc6d2657c39084510cf3e94f510,fgs,yes,Esa Lindell,,williamhill_us,5000,,oddsapi
2026-10-05T21:00:06Z,2026-10-05,SJS @ DAL,db6ecbc6d2657c39084510cf3e94f510,fgs,yes,Radek Faksa,,williamhill_us,5000,,oddsapi
2026-10-05T21:00:06Z,2026-10-05,SJS @ DAL,db6ecbc6d2657c39084510cf3e94f510,fgs,yes,Dmitry Orlov,,williamhill_us,5500,,oddsapi
2026-10-05T21:00:06Z,2026-10-05,SJS @ DAL,db6ecbc6d2657c39084510cf3e94f510,fgs,yes,Jacob Trouba,,williamhill_us,6000,,oddsapi
2026-10-05T21:00:06Z,2026-10-05,SJS @ DAL,db6ecbc6d2657c39084510cf3e94f510,fgs,yes,Barclay Goodrow,,williamhill_us,6000,,oddsapi
2026-10-05T21:00:06Z,2026-10-05,SJS @ DAL,db6ecbc6d2657c39084510cf3e94f510,fgs,yes,Darnell Nurse,,williamhill_us,7000,,oddsapi
2026-10-05T21:00:06Z,2026-10-05,SJS @ DAL,db6ecbc6d2657c39084510cf3e94f510,fgs,yes,Zack Ostapchuk,,williamhill_us,7500,,oddsapi
2026-10-05T21:00:06Z,2026-10-05,SJS @ DAL,db6ecbc6d2657c39084510cf3e94f510,fgs,yes,Nils Lundkvist,,williamhill_us,8000,,oddsapi
2026-10-05T21:00:06Z,2026-10-05,SJS @ DAL,db6ecbc6d2657c39084510cf3e94f510,fgs,yes,Lian Bichsel,,williamhill_us,8000,,oddsapi
2026-10-05T21:00:06Z,2026-10-05,SJS @ DAL,db6ecbc6d2657c39084510cf3e94f510,team_total,over,DAL,3.5,williamhill_us,-125,-112,oddsapi
2026-10-05T21:00:06Z,2026-10-05,SJS @ DAL,db6ecbc6d2657c39084510cf3e94f510,team_total,under,DAL,3.5,williamhill_us,-112,-125,oddsapi
2026-10-05T21:00:06Z,2026-10-05,SJS @ DAL,db6ecbc6d2657c39084510cf3e94f510,team_total,over,SJS,2.5,williamhill_us,-129,-108,oddsapi
2026-10-05T21:00:06Z,2026-10-05,SJS @ DAL,db6ecbc6d2657c39084510cf3e94f510,team_total,under,SJS,2.5,williamhill_us,-108,-129,oddsapi
2026-10-05T21:00:06Z,2026-10-05,SJS @ DAL,db6ecbc6d2657c39084510cf3e94f510,p1_ml,DAL,,,betonlineag,-155,135,oddsapi
2026-10-05T21:00:06Z,2026-10-05,SJS @ DAL,db6ecbc6d2657c39084510cf3e94f510,p1_ml,SJS,,,betonlineag,135,-155,oddsapi
2026-10-05T21:00:06Z,2026-10-05,SJS @ DAL,db6ecbc6d2657c39084510cf3e94f510,sk_pts,over,Jason Robertson,1.5,betonlineag,161,-213,oddsapi
2026-10-05T21:00:06Z,2026-10-05,SJS @ DAL,db6ecbc6d2657c39084510cf3e94f510,sk_pts,under,Jason Robertson,1.5,betonlineag,-213,161,oddsapi
2026-10-05T21:00:06Z,2026-10-05,SJS @ DAL,db6ecbc6d2657c39084510cf3e94f510,sk_pts,over,Will Smith,0.5,betonlineag,-137,106,oddsapi
2026-10-05T21:00:06Z,2026-10-05,SJS @ DAL,db6ecbc6d2657c39084510cf3e94f510,sk_pts,under,Will Smith,0.5,betonlineag,106,-137,oddsapi
2026-10-05T21:00:06Z,2026-10-05,SJS @ DAL,db6ecbc6d2657c39084510cf3e94f510,sk_pts,over,Luca Cagnoni,0.5,betonlineag,171,-227,oddsapi
2026-10-05T21:00:06Z,2026-10-05,SJS @ DAL,db6ecbc6d2657c39084510cf3e94f510,sk_pts,under,Luca Cagnoni,0.5,betonlineag,-227,171,oddsapi
2026-10-05T21:00:06Z,2026-10-05,SJS @ DAL,db6ecbc6d2657c39084510cf3e94f510,sk_pts,over,Mason Marchment,0.5,betonlineag,103,-133,oddsapi
2026-10-05T21:00:06Z,2026-10-05,SJS @ DAL,db6ecbc6d2657c39084510cf3e94f510,sk_pts,under,Mason Marchment,0.5,betonlineag,-133,103,oddsapi
2026-10-05T21:00:06Z,2026-10-05,SJS @ DAL,db6ecbc6d2657c39084510cf3e94f510,sk_pts,over,Wyatt Johnston,0.5,betonlineag,-217,163,oddsapi
2026-10-05T21:00:06Z,2026-10-05,SJS @ DAL,db6ecbc6d2657c39084510cf3e94f510,sk_pts,under,Wyatt Johnston,0.5,betonlineag,163,-217,oddsapi
2026-10-05T21:00:06Z,2026-10-05,SJS @ DAL,db6ecbc6d2657c39084510cf3e94f510,sk_pts,over,Roope Hintz,0.5,betonlineag,-164,126,oddsapi
2026-10-05T21:00:06Z,2026-10-05,SJS @ DAL,db6ecbc6d2657c39084510cf3e94f510,sk_pts,under,Roope Hintz,0.5,betonlineag,126,-164,oddsapi
2026-10-05T21:00:06Z,2026-10-05,SJS @ DAL,db6ecbc6d2657c39084510cf3e94f510,sk_pts,over,Miro Heiskanen,0.5,betonlineag,-175,134,oddsapi
2026-10-05T21:00:06Z,2026-10-05,SJS @ DAL,db6ecbc6d2657c39084510cf3e94f510,sk_pts,under,Miro Heiskanen,0.5,betonlineag,134,-175,oddsapi
2026-10-05T21:00:06Z,2026-10-05,SJS @ DAL,db6ecbc6d2657c39084510cf3e94f510,sk_pts,over,Thomas Harley,0.5,betonlineag,117,-152,oddsapi
2026-10-05T21:00:06Z,2026-10-05,SJS @ DAL,db6ecbc6d2657c39084510cf3e94f510,sk_pts,under,Thomas Harley,0.5,betonlineag,-152,117,oddsapi
2026-10-05T21:00:06Z,2026-10-05,SJS @ DAL,db6ecbc6d2657c39084510cf3e94f510,sk_pts,over,Ivar Stenberg,0.5,betonlineag,141,-185,oddsapi
2026-10-05T21:00:06Z,2026-10-05,SJS @ DAL,db6ecbc6d2657c39084510cf3e94f510,sk_pts,under,Ivar Stenberg,0.5,betonlineag,-185,141,oddsapi
2026-10-05T21:00:06Z,2026-10-05,SJS @ DAL,db6ecbc6d2657c39084510cf3e94f510,sk_pts,over,Igor Chernyshov,0.5,betonlineag,141,-185,oddsapi
2026-10-05T21:00:06Z,2026-10-05,SJS @ DAL,db6ecbc6d2657c39084510cf3e94f510,sk_pts,under,Igor Chernyshov,0.5,betonlineag,-185,141,oddsapi
2026-10-05T21:00:06Z,2026-10-05,SJS @ DAL,db6ecbc6d2657c39084510cf3e94f510,sk_pts,over,Mikko Rantanen,1.5,betonlineag,171,-227,oddsapi
2026-10-05T21:00:06Z,2026-10-05,SJS @ DAL,db6ecbc6d2657c39084510cf3e94f510,sk_pts,under,Mikko Rantanen,1.5,betonlineag,-227,171,oddsapi
2026-10-05T21:00:06Z,2026-10-05,SJS @ DAL,db6ecbc6d2657c39084510cf3e94f510,sk_pts,over,Dmitry Orlov,0.5,betonlineag,190,-256,oddsapi
2026-10-05T21:00:06Z,2026-10-05,SJS @ DAL,db6ecbc6d2657c39084510cf3e94f510,sk_pts,under,Dmitry Orlov,0.5,betonlineag,-256,190,oddsapi
2026-10-05T21:00:06Z,2026-10-05,SJS @ DAL,db6ecbc6d2657c39084510cf3e94f510,sk_pts,over,Alex Wennberg,0.5,betonlineag,132,-172,oddsapi
2026-10-05T21:00:06Z,2026-10-05,SJS @ DAL,db6ecbc6d2657c39084510cf3e94f510,sk_pts,under,Alex Wennberg,0.5,betonlineag,-172,132,oddsapi
2026-10-05T21:00:06Z,2026-10-05,SJS @ DAL,db6ecbc6d2657c39084510cf3e94f510,sk_pts,over,Darnell Nurse,0.5,betonlineag,215,-294,oddsapi
2026-10-05T21:00:06Z,2026-10-05,SJS @ DAL,db6ecbc6d2657c39084510cf3e94f510,sk_pts,under,Darnell Nurse,0.5,betonlineag,-294,215,oddsapi
2026-10-05T21:00:06Z,2026-10-05,SJS @ DAL,db6ecbc6d2657c39084510cf3e94f510,sk_pts,over,Macklin Celebrini,0.5,betonlineag,-227,170,oddsapi
2026-10-05T21:00:06Z,2026-10-05,SJS @ DAL,db6ecbc6d2657c39084510cf3e94f510,sk_pts,under,Macklin Celebrini,0.5,betonlineag,170,-227,oddsapi
2026-10-05T21:00:06Z,2026-10-05,SJS @ DAL,db6ecbc6d2657c39084510cf3e94f510,sk_sog,over,Wyatt Johnston,2.5,betonlineag,-119,-109,oddsapi
2026-10-05T21:00:06Z,2026-10-05,SJS @ DAL,db6ecbc6d2657c39084510cf3e94f510,sk_sog,under,Wyatt Johnston,2.5,betonlineag,-109,-119,oddsapi
2026-10-05T21:00:06Z,2026-10-05,SJS @ DAL,db6ecbc6d2657c39084510cf3e94f510,sk_sog,over,Jason Robertson,3.5,betonlineag,124,-161,oddsapi
2026-10-05T21:00:06Z,2026-10-05,SJS @ DAL,db6ecbc6d2657c39084510cf3e94f510,sk_sog,under,Jason Robertson,3.5,betonlineag,-161,124,oddsapi
2026-10-05T21:00:06Z,2026-10-05,SJS @ DAL,db6ecbc6d2657c39084510cf3e94f510,sk_sog,over,Will Smith,2.5,betonlineag,141,-185,oddsapi
2026-10-05T21:00:06Z,2026-10-05,SJS @ DAL,db6ecbc6d2657c39084510cf3e94f510,sk_sog,under,Will Smith,2.5,betonlineag,-185,141,oddsapi
2026-10-05T21:00:06Z,2026-10-05,SJS @ DAL,db6ecbc6d2657c39084510cf3e94f510,sk_sog,over,Mikko Rantanen,2.5,betonlineag,120,-156,oddsapi
2026-10-05T21:00:06Z,2026-10-05,SJS @ DAL,db6ecbc6d2657c39084510cf3e94f510,sk_sog,under,Mikko Rantanen,2.5,betonlineag,-156,120,oddsapi
2026-10-05T21:00:06Z,2026-10-05,SJS @ DAL,db6ecbc6d2657c39084510cf3e94f510,sk_sog,over,Macklin Celebrini,3.5,betonlineag,126,-164,oddsapi
2026-10-05T21:00:06Z,2026-10-05,SJS @ DAL,db6ecbc6d2657c39084510cf3e94f510,sk_sog,under,Macklin Celebrini,3.5,betonlineag,-164,126,oddsapi
2026-10-05T21:00:06Z,2026-10-05,SJS @ DAL,db6ecbc6d2657c39084510cf3e94f510,sk_sog,over,Mason Marchment,1.5,betonlineag,-118,-110,oddsapi
2026-10-05T21:00:06Z,2026-10-05,SJS @ DAL,db6ecbc6d2657c39084510cf3e94f510,sk_sog,under,Mason Marchment,1.5,betonlineag,-110,-118,oddsapi
2026-10-05T21:00:06Z,2026-10-05,SJS @ DAL,db6ecbc6d2657c39084510cf3e94f510,sk_sog,over,Roope Hintz,1.5,betonlineag,-196,149,oddsapi
2026-10-05T21:00:06Z,2026-10-05,SJS @ DAL,db6ecbc6d2657c39084510cf3e94f510,sk_sog,under,Roope Hintz,1.5,betonlineag,149,-196,oddsapi
2026-10-05T21:00:06Z,2026-10-05,SJS @ DAL,db6ecbc6d2657c39084510cf3e94f510,sk_sog,over,Tyler Toffoli,1.5,betonlineag,-118,-110,oddsapi
2026-10-05T21:00:06Z,2026-10-05,SJS @ DAL,db6ecbc6d2657c39084510cf3e94f510,sk_sog,under,Tyler Toffoli,1.5,betonlineag,-110,-118,oddsapi
2026-10-05T21:00:06Z,2026-10-05,SJS @ DAL,db6ecbc6d2657c39084510cf3e94f510,sk_sog,over,Darnell Nurse,1.5,betonlineag,-103,-125,oddsapi
2026-10-05T21:00:06Z,2026-10-05,SJS @ DAL,db6ecbc6d2657c39084510cf3e94f510,sk_sog,under,Darnell Nurse,1.5,betonlineag,-125,-103,oddsapi
2026-10-05T21:00:06Z,2026-10-05,SJS @ DAL,db6ecbc6d2657c39084510cf3e94f510,sk_sog,over,Igor Chernyshov,1.5,betonlineag,-110,-118,oddsapi
2026-10-05T21:00:06Z,2026-10-05,SJS @ DAL,db6ecbc6d2657c39084510cf3e94f510,sk_sog,under,Igor Chernyshov,1.5,betonlineag,-118,-110,oddsapi
2026-10-05T21:00:06Z,2026-10-05,SJS @ DAL,db6ecbc6d2657c39084510cf3e94f510,sk_sog,over,Miro Heiskanen,1.5,betonlineag,-164,125,oddsapi
2026-10-05T21:00:06Z,2026-10-05,SJS @ DAL,db6ecbc6d2657c39084510cf3e94f510,sk_sog,under,Miro Heiskanen,1.5,betonlineag,125,-164,oddsapi
2026-10-05T21:00:06Z,2026-10-05,SJS @ DAL,db6ecbc6d2657c39084510cf3e94f510,sk_sog,over,Thomas Harley,1.5,betonlineag,-130,100,oddsapi
2026-10-05T21:00:06Z,2026-10-05,SJS @ DAL,db6ecbc6d2657c39084510cf3e94f510,sk_sog,under,Thomas Harley,1.5,betonlineag,100,-130,oddsapi
2026-10-05T21:00:06Z,2026-10-05,SJS @ DAL,db6ecbc6d2657c39084510cf3e94f510,sk_sog,over,Luca Cagnoni,1.5,betonlineag,103,-133,oddsapi
2026-10-05T21:00:06Z,2026-10-05,SJS @ DAL,db6ecbc6d2657c39084510cf3e94f510,sk_sog,under,Luca Cagnoni,1.5,betonlineag,-133,103,oddsapi
2026-10-05T21:00:06Z,2026-10-05,SJS @ DAL,db6ecbc6d2657c39084510cf3e94f510,sk_sog,over,Ivar Stenberg,1.5,betonlineag,102,-132,oddsapi
2026-10-05T21:00:06Z,2026-10-05,SJS @ DAL,db6ecbc6d2657c39084510cf3e94f510,sk_sog,under,Ivar Stenberg,1.5,betonlineag,-132,102,oddsapi
2026-10-05T21:00:06Z,2026-10-05,SJS @ DAL,db6ecbc6d2657c39084510cf3e94f510,g_saves,over,Yaroslav Askarov,23.5,betonlineag,-123,-105,oddsapi
2026-10-05T21:00:06Z,2026-10-05,SJS @ DAL,db6ecbc6d2657c39084510cf3e94f510,g_saves,under,Yaroslav Askarov,23.5,betonlineag,-105,-123,oddsapi
2026-10-05T21:00:06Z,2026-10-05,SJS @ DAL,db6ecbc6d2657c39084510cf3e94f510,g_saves,over,Jake Oettinger,22.5,betonlineag,100,-130,oddsapi
2026-10-05T21:00:06Z,2026-10-05,SJS @ DAL,db6ecbc6d2657c39084510cf3e94f510,g_saves,under,Jake Oettinger,22.5,betonlineag,-130,100,oddsapi
2026-10-05T21:00:06Z,2026-10-05,SJS @ DAL,db6ecbc6d2657c39084510cf3e94f510,p1_pl,DAL,,-0.5,betonlineag,140,-160,oddsapi
2026-10-05T21:00:06Z,2026-10-05,SJS @ DAL,db6ecbc6d2657c39084510cf3e94f510,p1_pl,SJS,,0.5,betonlineag,-160,140,oddsapi
2026-10-05T21:00:06Z,2026-10-05,SJS @ DAL,db6ecbc6d2657c39084510cf3e94f510,team_total,over,DAL,3.5,betonlineag,-110,-120,oddsapi
2026-10-05T21:00:06Z,2026-10-05,SJS @ DAL,db6ecbc6d2657c39084510cf3e94f510,team_total,under,DAL,3.5,betonlineag,-120,-110,oddsapi
2026-10-05T21:00:06Z,2026-10-05,SJS @ DAL,db6ecbc6d2657c39084510cf3e94f510,team_total,over,SJS,2.5,betonlineag,-123,-107,oddsapi
2026-10-05T21:00:06Z,2026-10-05,SJS @ DAL,db6ecbc6d2657c39084510cf3e94f510,team_total,under,SJS,2.5,betonlineag,-107,-123,oddsapi
2026-10-05T21:00:06Z,2026-10-05,SJS @ DAL,db6ecbc6d2657c39084510cf3e94f510,p1_total,over,,1.5,betonlineag,-146,126,oddsapi
2026-10-05T21:00:06Z,2026-10-05,SJS @ DAL,db6ecbc6d2657c39084510cf3e94f510,p1_total,under,,1.5,betonlineag,126,-146,oddsapi
2026-10-05T21:00:06Z,2026-10-05,SJS @ DAL,db6ecbc6d2657c39084510cf3e94f510,game_pl_alt,DAL,,1.5,fanduel,-600,370,oddsapi
2026-10-05T21:00:06Z,2026-10-05,SJS @ DAL,db6ecbc6d2657c39084510cf3e94f510,game_pl_alt,DAL,,2.5,fanduel,-1200,660,oddsapi
2026-10-05T21:00:06Z,2026-10-05,SJS @ DAL,db6ecbc6d2657c39084510cf3e94f510,game_pl_alt,DAL,,3.5,fanduel,-4500,1750,oddsapi
2026-10-05T21:00:06Z,2026-10-05,SJS @ DAL,db6ecbc6d2657c39084510cf3e94f510,game_pl_alt,DAL,,4.5,fanduel,-20000,5500,oddsapi
2026-10-05T21:00:06Z,2026-10-05,SJS @ DAL,db6ecbc6d2657c39084510cf3e94f510,game_pl_alt,DAL,,5.5,fanduel,-50000,,oddsapi
2026-10-05T21:00:06Z,2026-10-05,SJS @ DAL,db6ecbc6d2657c39084510cf3e94f510,game_pl_alt,DAL,,-1.5,fanduel,118,-150,oddsapi
2026-10-05T21:00:06Z,2026-10-05,SJS @ DAL,db6ecbc6d2657c39084510cf3e94f510,game_pl_alt,DAL,,-2.5,fanduel,205,-280,oddsapi
2026-10-05T21:00:06Z,2026-10-05,SJS @ DAL,db6ecbc6d2657c39084510cf3e94f510,game_pl_alt,DAL,,-3.5,fanduel,480,-800,oddsapi
2026-10-05T21:00:06Z,2026-10-05,SJS @ DAL,db6ecbc6d2657c39084510cf3e94f510,game_pl_alt,DAL,,-4.5,fanduel,1120,-2400,oddsapi
2026-10-05T21:00:06Z,2026-10-05,SJS @ DAL,db6ecbc6d2657c39084510cf3e94f510,game_pl_alt,DAL,,-5.5,fanduel,2100,-5000,oddsapi
2026-10-05T21:00:06Z,2026-10-05,SJS @ DAL,db6ecbc6d2657c39084510cf3e94f510,game_pl_alt,DAL,,-6.5,fanduel,5000,-20000,oddsapi
2026-10-05T21:00:06Z,2026-10-05,SJS @ DAL,db6ecbc6d2657c39084510cf3e94f510,game_pl_alt,SJS,,1.5,fanduel,-150,118,oddsapi
2026-10-05T21:00:06Z,2026-10-05,SJS @ DAL,db6ecbc6d2657c39084510cf3e94f510,game_pl_alt,SJS,,2.5,fanduel,-280,205,oddsapi
2026-10-05T21:00:06Z,2026-10-05,SJS @ DAL,db6ecbc6d2657c39084510cf3e94f510,game_pl_alt,SJS,,3.5,fanduel,-800,480,oddsapi
2026-10-05T21:00:06Z,2026-10-05,SJS @ DAL,db6ecbc6d2657c39084510cf3e94f510,game_pl_alt,SJS,,4.5,fanduel,-2400,1120,oddsapi
2026-10-05T21:00:06Z,2026-10-05,SJS @ DAL,db6ecbc6d2657c39084510cf3e94f510,game_pl_alt,SJS,,5.5,fanduel,-5000,2100,oddsapi
2026-10-05T21:00:06Z,2026-10-05,SJS @ DAL,db6ecbc6d2657c39084510cf3e94f510,game_pl_alt,SJS,,6.5,fanduel,-20000,5000,oddsapi
2026-10-05T21:00:06Z,2026-10-05,SJS @ DAL,db6ecbc6d2657c39084510cf3e94f510,game_pl_alt,SJS,,-1.5,fanduel,370,-600,oddsapi
2026-10-05T21:00:06Z,2026-10-05,SJS @ DAL,db6ecbc6d2657c39084510cf3e94f510,game_pl_alt,SJS,,-2.5,fanduel,660,-1200,oddsapi
2026-10-05T21:00:06Z,2026-10-05,SJS @ DAL,db6ecbc6d2657c39084510cf3e94f510,game_pl_alt,SJS,,-3.5,fanduel,1750,-4500,oddsapi
2026-10-05T21:00:06Z,2026-10-05,SJS @ DAL,db6ecbc6d2657c39084510cf3e94f510,game_pl_alt,SJS,,-4.5,fanduel,5500,-20000,oddsapi
2026-10-05T21:00:06Z,2026-10-05,SJS @ DAL,db6ecbc6d2657c39084510cf3e94f510,team_total_alt,over,DAL,0.5,fanduel,-6000,2500,oddsapi
2026-10-05T21:00:06Z,2026-10-05,SJS @ DAL,db6ecbc6d2657c39084510cf3e94f510,team_total_alt,over,DAL,1.5,fanduel,-1200,660,oddsapi
2026-10-05T21:00:06Z,2026-10-05,SJS @ DAL,db6ecbc6d2657c39084510cf3e94f510,team_total_alt,over,DAL,3.5,fanduel,-122,-104,oddsapi
2026-10-05T21:00:06Z,2026-10-05,SJS @ DAL,db6ecbc6d2657c39084510cf3e94f510,team_total_alt,over,DAL,4.5,fanduel,186,-250,oddsapi
2026-10-05T21:00:06Z,2026-10-05,SJS @ DAL,db6ecbc6d2657c39084510cf3e94f510,team_total_alt,over,DAL,5.5,fanduel,450,-700,oddsapi
2026-10-05T21:00:06Z,2026-10-05,SJS @ DAL,db6ecbc6d2657c39084510cf3e94f510,team_total_alt,over,DAL,6.5,fanduel,1040,-2000,oddsapi
2026-10-05T21:00:06Z,2026-10-05,SJS @ DAL,db6ecbc6d2657c39084510cf3e94f510,team_total_alt,over,DAL,7.5,fanduel,2600,-6000,oddsapi
2026-10-05T21:00:06Z,2026-10-05,SJS @ DAL,db6ecbc6d2657c39084510cf3e94f510,team_total_alt,under,DAL,0.5,fanduel,2500,-6000,oddsapi
2026-10-05T21:00:06Z,2026-10-05,SJS @ DAL,db6ecbc6d2657c39084510cf3e94f510,team_total_alt,under,DAL,1.5,fanduel,660,-1200,oddsapi
2026-10-05T21:00:06Z,2026-10-05,SJS @ DAL,db6ecbc6d2657c39084510cf3e94f510,team_total_alt,under,DAL,3.5,fanduel,-104,-122,oddsapi
2026-10-05T21:00:06Z,2026-10-05,SJS @ DAL,db6ecbc6d2657c39084510cf3e94f510,team_total_alt,under,DAL,4.5,fanduel,-250,186,oddsapi
2026-10-05T21:00:06Z,2026-10-05,SJS @ DAL,db6ecbc6d2657c39084510cf3e94f510,team_total_alt,under,DAL,5.5,fanduel,-700,450,oddsapi
2026-10-05T21:00:06Z,2026-10-05,SJS @ DAL,db6ecbc6d2657c39084510cf3e94f510,team_total_alt,under,DAL,6.5,fanduel,-2000,1040,oddsapi
2026-10-05T21:00:06Z,2026-10-05,SJS @ DAL,db6ecbc6d2657c39084510cf3e94f510,team_total_alt,under,DAL,7.5,fanduel,-6000,2600,oddsapi
2026-10-05T21:00:06Z,2026-10-05,SJS @ DAL,db6ecbc6d2657c39084510cf3e94f510,team_total_alt,over,SJS,0.5,fanduel,-2000,1000,oddsapi
2026-10-05T21:00:06Z,2026-10-05,SJS @ DAL,db6ecbc6d2657c39084510cf3e94f510,team_total_alt,over,SJS,1.5,fanduel,-350,250,oddsapi
2026-10-05T21:00:06Z,2026-10-05,SJS @ DAL,db6ecbc6d2657c39084510cf3e94f510,team_total_alt,over,SJS,3.5,fanduel,200,-280,oddsapi
2026-10-05T21:00:06Z,2026-10-05,SJS @ DAL,db6ecbc6d2657c39084510cf3e94f510,team_total_alt,over,SJS,4.5,fanduel,470,-750,oddsapi
2026-10-05T21:00:06Z,2026-10-05,SJS @ DAL,db6ecbc6d2657c39084510cf3e94f510,team_total_alt,over,SJS,5.5,fanduel,1200,-2400,oddsapi
2026-10-05T21:00:06Z,2026-10-05,SJS @ DAL,db6ecbc6d2657c39084510cf3e94f510,team_total_alt,over,SJS,6.5,fanduel,3200,-8000,oddsapi
2026-10-05T21:00:06Z,2026-10-05,SJS @ DAL,db6ecbc6d2657c39084510cf3e94f510,team_total_alt,under,SJS,0.5,fanduel,1000,-2000,oddsapi
2026-10-05T21:00:06Z,2026-10-05,SJS @ DAL,db6ecbc6d2657c39084510cf3e94f510,team_total_alt,under,SJS,1.5,fanduel,250,-350,oddsapi
2026-10-05T21:00:06Z,2026-10-05,SJS @ DAL,db6ecbc6d2657c39084510cf3e94f510,team_total_alt,under,SJS,3.5,fanduel,-280,200,oddsapi
2026-10-05T21:00:06Z,2026-10-05,SJS @ DAL,db6ecbc6d2657c39084510cf3e94f510,team_total_alt,under,SJS,4.5,fanduel,-750,470,oddsapi
2026-10-05T21:00:06Z,2026-10-05,SJS @ DAL,db6ecbc6d2657c39084510cf3e94f510,team_total_alt,under,SJS,5.5,fanduel,-2400,1200,oddsapi
2026-10-05T21:00:06Z,2026-10-05,SJS @ DAL,db6ecbc6d2657c39084510cf3e94f510,team_total_alt,under,SJS,6.5,fanduel,-8000,3200,oddsapi
2026-10-05T21:00:06Z,2026-10-05,SJS @ DAL,db6ecbc6d2657c39084510cf3e94f510,game_total_alt,over,,2.5,fanduel,-6000,2700,oddsapi
2026-10-05T21:00:06Z,2026-10-05,SJS @ DAL,db6ecbc6d2657c39084510cf3e94f510,game_total_alt,over,,3.5,fanduel,-1200,660,oddsapi
2026-10-05T21:00:06Z,2026-10-05,SJS @ DAL,db6ecbc6d2657c39084510cf3e94f510,game_total_alt,over,,4.5,fanduel,-600,370,oddsapi
2026-10-05T21:00:06Z,2026-10-05,SJS @ DAL,db6ecbc6d2657c39084510cf3e94f510,game_total_alt,over,,5.5,fanduel,-174,136,oddsapi
2026-10-05T21:00:06Z,2026-10-05,SJS @ DAL,db6ecbc6d2657c39084510cf3e94f510,game_total_alt,over,,6.5,fanduel,-108,-118,oddsapi
2026-10-05T21:00:06Z,2026-10-05,SJS @ DAL,db6ecbc6d2657c39084510cf3e94f510,game_total_alt,over,,7.5,fanduel,215,-300,oddsapi
2026-10-05T21:00:06Z,2026-10-05,SJS @ DAL,db6ecbc6d2657c39084510cf3e94f510,game_total_alt,over,,8.5,fanduel,350,-550,oddsapi
2026-10-05T21:00:06Z,2026-10-05,SJS @ DAL,db6ecbc6d2657c39084510cf3e94f510,game_total_alt,over,,9.5,fanduel,770,-1450,oddsapi
2026-10-05T21:00:06Z,2026-10-05,SJS @ DAL,db6ecbc6d2657c39084510cf3e94f510,game_total_alt,over,,10.5,fanduel,1260,-3000,oddsapi
2026-10-05T21:00:06Z,2026-10-05,SJS @ DAL,db6ecbc6d2657c39084510cf3e94f510,game_total_alt,over,,11.5,fanduel,2900,-8000,oddsapi
2026-10-05T21:00:06Z,2026-10-05,SJS @ DAL,db6ecbc6d2657c39084510cf3e94f510,game_total_alt,over,,12.5,fanduel,5000,,oddsapi
2026-10-05T21:00:06Z,2026-10-05,SJS @ DAL,db6ecbc6d2657c39084510cf3e94f510,game_total_alt,under,,2.5,fanduel,2700,-6000,oddsapi
2026-10-05T21:00:06Z,2026-10-05,SJS @ DAL,db6ecbc6d2657c39084510cf3e94f510,game_total_alt,under,,3.5,fanduel,660,-1200,oddsapi
2026-10-05T21:00:06Z,2026-10-05,SJS @ DAL,db6ecbc6d2657c39084510cf3e94f510,game_total_alt,under,,4.5,fanduel,370,-600,oddsapi
2026-10-05T21:00:06Z,2026-10-05,SJS @ DAL,db6ecbc6d2657c39084510cf3e94f510,game_total_alt,under,,5.5,fanduel,136,-174,oddsapi
2026-10-05T21:00:06Z,2026-10-05,SJS @ DAL,db6ecbc6d2657c39084510cf3e94f510,game_total_alt,under,,6.5,fanduel,-118,-108,oddsapi
2026-10-05T21:00:06Z,2026-10-05,SJS @ DAL,db6ecbc6d2657c39084510cf3e94f510,game_total_alt,under,,7.5,fanduel,-300,215,oddsapi
2026-10-05T21:00:06Z,2026-10-05,SJS @ DAL,db6ecbc6d2657c39084510cf3e94f510,game_total_alt,under,,8.5,fanduel,-550,350,oddsapi
2026-10-05T21:00:06Z,2026-10-05,SJS @ DAL,db6ecbc6d2657c39084510cf3e94f510,game_total_alt,under,,9.5,fanduel,-1450,770,oddsapi
2026-10-05T21:00:06Z,2026-10-05,SJS @ DAL,db6ecbc6d2657c39084510cf3e94f510,game_total_alt,under,,10.5,fanduel,-3000,1260,oddsapi
2026-10-05T21:00:06Z,2026-10-05,SJS @ DAL,db6ecbc6d2657c39084510cf3e94f510,game_total_alt,under,,11.5,fanduel,-8000,2900,oddsapi
2026-10-05T21:00:06Z,2026-10-05,SJS @ DAL,db6ecbc6d2657c39084510cf3e94f510,game_ml3,DAL,,,fanduel,-145,,oddsapi
2026-10-05T21:00:06Z,2026-10-05,SJS @ DAL,db6ecbc6d2657c39084510cf3e94f510,game_ml3,SJS,,,fanduel,250,,oddsapi
2026-10-05T21:00:06Z,2026-10-05,SJS @ DAL,db6ecbc6d2657c39084510cf3e94f510,game_ml3,draw,,,fanduel,350,,oddsapi
2026-10-05T21:00:06Z,2026-10-05,SJS @ DAL,db6ecbc6d2657c39084510cf3e94f510,p1_ml3,DAL,,,fanduel,130,,oddsapi
2026-10-05T21:00:06Z,2026-10-05,SJS @ DAL,db6ecbc6d2657c39084510cf3e94f510,p1_ml3,SJS,,,fanduel,250,,oddsapi
2026-10-05T21:00:06Z,2026-10-05,SJS @ DAL,db6ecbc6d2657c39084510cf3e94f510,p1_ml3,draw,,,fanduel,185,,oddsapi
2026-10-05T21:00:06Z,2026-10-05,SJS @ DAL,db6ecbc6d2657c39084510cf3e94f510,p2_ml3,DAL,,,fanduel,115,,oddsapi
2026-10-05T21:00:06Z,2026-10-05,SJS @ DAL,db6ecbc6d2657c39084510cf3e94f510,p2_ml3,SJS,,,fanduel,240,,oddsapi
2026-10-05T21:00:06Z,2026-10-05,SJS @ DAL,db6ecbc6d2657c39084510cf3e94f510,p2_ml3,draw,,,fanduel,220,,oddsapi
2026-10-05T21:00:06Z,2026-10-05,SJS @ DAL,db6ecbc6d2657c39084510cf3e94f510,p3_ml3,DAL,,,fanduel,105,,oddsapi
2026-10-05T21:00:06Z,2026-10-05,SJS @ DAL,db6ecbc6d2657c39084510cf3e94f510,p3_ml3,SJS,,,fanduel,230,,oddsapi
2026-10-05T21:00:06Z,2026-10-05,SJS @ DAL,db6ecbc6d2657c39084510cf3e94f510,p3_ml3,draw,,,fanduel,260,,oddsapi
2026-10-05T21:00:06Z,2026-10-05,SJS @ DAL,db6ecbc6d2657c39084510cf3e94f510,p1_ml,DAL,,,fanduel,-166,128,oddsapi
2026-10-05T21:00:06Z,2026-10-05,SJS @ DAL,db6ecbc6d2657c39084510cf3e94f510,p1_ml,SJS,,,fanduel,128,-166,oddsapi
2026-10-05T21:00:06Z,2026-10-05,SJS @ DAL,db6ecbc6d2657c39084510cf3e94f510,p2_ml,DAL,,,fanduel,-180,140,oddsapi
2026-10-05T21:00:06Z,2026-10-05,SJS @ DAL,db6ecbc6d2657c39084510cf3e94f510,p2_ml,SJS,,,fanduel,140,-180,oddsapi
2026-10-05T21:00:06Z,2026-10-05,SJS @ DAL,db6ecbc6d2657c39084510cf3e94f510,p3_ml,DAL,,,fanduel,-190,146,oddsapi
2026-10-05T21:00:06Z,2026-10-05,SJS @ DAL,db6ecbc6d2657c39084510cf3e94f510,p3_ml,SJS,,,fanduel,146,-190,oddsapi
2026-10-05T21:00:06Z,2026-10-05,SJS @ DAL,db6ecbc6d2657c39084510cf3e94f510,ags,yes,Jason Robertson,,fanduel,120,,oddsapi
2026-10-05T21:00:06Z,2026-10-05,SJS @ DAL,db6ecbc6d2657c39084510cf3e94f510,ags,yes,Wyatt Johnston,,fanduel,130,,oddsapi
2026-10-05T21:00:06Z,2026-10-05,SJS @ DAL,db6ecbc6d2657c39084510cf3e94f510,ags,yes,Macklin Celebrini,,fanduel,160,,oddsapi
2026-10-05T21:00:06Z,2026-10-05,SJS @ DAL,db6ecbc6d2657c39084510cf3e94f510,ags,yes,Mikko Rantanen,,fanduel,160,,oddsapi
2026-10-05T21:00:06Z,2026-10-05,SJS @ DAL,db6ecbc6d2657c39084510cf3e94f510,ags,yes,Roope Hintz,,fanduel,210,,oddsapi
2026-10-05T21:00:06Z,2026-10-05,SJS @ DAL,db6ecbc6d2657c39084510cf3e94f510,ags,yes,Will Smith,,fanduel,220,,oddsapi
2026-10-05T21:00:06Z,2026-10-05,SJS @ DAL,db6ecbc6d2657c39084510cf3e94f510,ags,yes,Tyler Seguin,,fanduel,240,,oddsapi
2026-10-05T21:00:06Z,2026-10-05,SJS @ DAL,db6ecbc6d2657c39084510cf3e94f510,ags,yes,Mason Marchment,,fanduel,330,,oddsapi
2026-10-05T21:00:06Z,2026-10-05,SJS @ DAL,db6ecbc6d2657c39084510cf3e94f510,ags,yes,Justin Hryckowian,,fanduel,350,,oddsapi
2026-10-05T21:00:06Z,2026-10-05,SJS @ DAL,db6ecbc6d2657c39084510cf3e94f510,ags,yes,Jamie Benn,,fanduel,370,,oddsapi
2026-10-05T21:00:06Z,2026-10-05,SJS @ DAL,db6ecbc6d2657c39084510cf3e94f510,ags,yes,Igor Chernyshov,,fanduel,380,,oddsapi
2026-10-05T21:00:06Z,2026-10-05,SJS @ DAL,db6ecbc6d2657c39084510cf3e94f510,ags,yes,Sam Steel,,fanduel,380,,oddsapi
2026-10-05T21:00:06Z,2026-10-05,SJS @ DAL,db6ecbc6d2657c39084510cf3e94f510,ags,yes,Michael Misa,,fanduel,430,,oddsapi
2026-10-05T21:00:06Z,2026-10-05,SJS @ DAL,db6ecbc6d2657c39084510cf3e94f510,ags,yes,Tyler Toffoli,,fanduel,430,,oddsapi
2026-10-05T21:00:06Z,2026-10-05,SJS @ DAL,db6ecbc6d2657c39084510cf3e94f510,ags,yes,Miro Heiskanen,,fanduel,440,,oddsapi
2026-10-05T21:00:06Z,2026-10-05,SJS @ DAL,db6ecbc6d2657c39084510cf3e94f510,ags,yes,Ivar Stenberg,,fanduel,450,,oddsapi
2026-10-05T21:00:06Z,2026-10-05,SJS @ DAL,db6ecbc6d2657c39084510cf3e94f510,ags,yes,Alex Wennberg,,fanduel,500,,oddsapi
2026-10-05T21:00:06Z,2026-10-05,SJS @ DAL,db6ecbc6d2657c39084510cf3e94f510,ags,yes,Collin Graf,,fanduel,525,,oddsapi
2026-10-05T21:00:06Z,2026-10-05,SJS @ DAL,db6ecbc6d2657c39084510cf3e94f510,ags,yes,Arttu Hyry,,fanduel,575,,oddsapi
2026-10-05T21:00:06Z,2026-10-05,SJS @ DAL,db6ecbc6d2657c39084510cf3e94f510,ags,yes,Kiefer Sherwood,,fanduel,575,,oddsapi
2026-10-05T21:00:06Z,2026-10-05,SJS @ DAL,db6ecbc6d2657c39084510cf3e94f510,ags,yes,Thomas Harley,,fanduel,625,,oddsapi
2026-10-05T21:00:06Z,2026-10-05,SJS @ DAL,db6ecbc6d2657c39084510cf3e94f510,ags,yes,Luca Cagnoni,,fanduel,725,,oddsapi
2026-10-05T21:00:06Z,2026-10-05,SJS @ DAL,db6ecbc6d2657c39084510cf3e94f510,ags,yes,Joel Kiviranta,,fanduel,800,,oddsapi
2026-10-05T21:00:06Z,2026-10-05,SJS @ DAL,db6ecbc6d2657c39084510cf3e94f510,ags,yes,Esa Lindell,,fanduel,900,,oddsapi
2026-10-05T21:00:06Z,2026-10-05,SJS @ DAL,db6ecbc6d2657c39084510cf3e94f510,ags,yes,Oskar Back,,fanduel,900,,oddsapi
2026-10-05T21:00:06Z,2026-10-05,SJS @ DAL,db6ecbc6d2657c39084510cf3e94f510,ags,yes,Radek Faksa,,fanduel,1000,,oddsapi
2026-10-05T21:00:06Z,2026-10-05,SJS @ DAL,db6ecbc6d2657c39084510cf3e94f510,ags,yes,Dmitry Orlov,,fanduel,1100,,oddsapi
2026-10-05T21:00:06Z,2026-10-05,SJS @ DAL,db6ecbc6d2657c39084510cf3e94f510,ags,yes,Jacob Trouba,,fanduel,1300,,oddsapi
2026-10-05T21:00:06Z,2026-10-05,SJS @ DAL,db6ecbc6d2657c39084510cf3e94f510,ags,yes,Barclay Goodrow,,fanduel,1300,,oddsapi
2026-10-05T21:00:06Z,2026-10-05,SJS @ DAL,db6ecbc6d2657c39084510cf3e94f510,ags,yes,Darnell Nurse,,fanduel,1400,,oddsapi
2026-10-05T21:00:06Z,2026-10-05,SJS @ DAL,db6ecbc6d2657c39084510cf3e94f510,ags,yes,Zack Ostapchuk,,fanduel,1500,,oddsapi
2026-10-05T21:00:06Z,2026-10-05,SJS @ DAL,db6ecbc6d2657c39084510cf3e94f510,ags,yes,Nils Lundkvist,,fanduel,1500,,oddsapi
2026-10-05T21:00:06Z,2026-10-05,SJS @ DAL,db6ecbc6d2657c39084510cf3e94f510,ags,yes,Michael Kesselring,,fanduel,1800,,oddsapi
2026-10-05T21:00:06Z,2026-10-05,SJS @ DAL,db6ecbc6d2657c39084510cf3e94f510,fgs,yes,Jason Robertson,,fanduel,950,,oddsapi
2026-10-05T21:00:06Z,2026-10-05,SJS @ DAL,db6ecbc6d2657c39084510cf3e94f510,fgs,yes,Wyatt Johnston,,fanduel,950,,oddsapi
2026-10-05T21:00:06Z,2026-10-05,SJS @ DAL,db6ecbc6d2657c39084510cf3e94f510,fgs,yes,Mikko Rantanen,,fanduel,1100,,oddsapi
2026-10-05T21:00:06Z,2026-10-05,SJS @ DAL,db6ecbc6d2657c39084510cf3e94f510,fgs,yes,Macklin Celebrini,,fanduel,1100,,oddsapi
2026-10-05T21:00:06Z,2026-10-05,SJS @ DAL,db6ecbc6d2657c39084510cf3e94f510,fgs,yes,Roope Hintz,,fanduel,1400,,oddsapi
2026-10-05T21:00:06Z,2026-10-05,SJS @ DAL,db6ecbc6d2657c39084510cf3e94f510,fgs,yes,Will Smith,,fanduel,1500,,oddsapi
2026-10-05T21:00:06Z,2026-10-05,SJS @ DAL,db6ecbc6d2657c39084510cf3e94f510,fgs,yes,Tyler Seguin,,fanduel,1600,,oddsapi
2026-10-05T21:00:06Z,2026-10-05,SJS @ DAL,db6ecbc6d2657c39084510cf3e94f510,fgs,yes,Mason Marchment,,fanduel,2000,,oddsapi
2026-10-05T21:00:06Z,2026-10-05,SJS @ DAL,db6ecbc6d2657c39084510cf3e94f510,fgs,yes,Justin Hryckowian,,fanduel,2200,,oddsapi
2026-10-05T21:00:06Z,2026-10-05,SJS @ DAL,db6ecbc6d2657c39084510cf3e94f510,fgs,yes,Igor Chernyshov,,fanduel,2200,,oddsapi
2026-10-05T21:00:06Z,2026-10-05,SJS @ DAL,db6ecbc6d2657c39084510cf3e94f510,fgs,yes,Sam Steel,,fanduel,2200,,oddsapi
2026-10-05T21:00:06Z,2026-10-05,SJS @ DAL,db6ecbc6d2657c39084510cf3e94f510,fgs,yes,Jamie Benn,,fanduel,2200,,oddsapi
2026-10-05T21:00:06Z,2026-10-05,SJS @ DAL,db6ecbc6d2657c39084510cf3e94f510,fgs,yes,Tyler Toffoli,,fanduel,2500,,oddsapi
2026-10-05T21:00:06Z,2026-10-05,SJS @ DAL,db6ecbc6d2657c39084510cf3e94f510,fgs,yes,Michael Misa,,fanduel,2500,,oddsapi
2026-10-05T21:00:06Z,2026-10-05,SJS @ DAL,db6ecbc6d2657c39084510cf3e94f510,fgs,yes,Ivar Stenberg,,fanduel,2700,,oddsapi
2026-10-05T21:00:06Z,2026-10-05,SJS @ DAL,db6ecbc6d2657c39084510cf3e94f510,fgs,yes,Miro Heiskanen,,fanduel,2700,,oddsapi
2026-10-05T21:00:06Z,2026-10-05,SJS @ DAL,db6ecbc6d2657c39084510cf3e94f510,fgs,yes,Collin Graf,,fanduel,3000,,oddsapi
2026-10-05T21:00:06Z,2026-10-05,SJS @ DAL,db6ecbc6d2657c39084510cf3e94f510,fgs,yes,Arttu Hyry,,fanduel,3000,,oddsapi
2026-10-05T21:00:06Z,2026-10-05,SJS @ DAL,db6ecbc6d2657c39084510cf3e94f510,fgs,yes,Alex Wennberg,,fanduel,3000,,oddsapi
2026-10-05T21:00:06Z,2026-10-05,SJS @ DAL,db6ecbc6d2657c39084510cf3e94f510,fgs,yes,Kiefer Sherwood,,fanduel,3300,,oddsapi
2026-10-05T21:00:06Z,2026-10-05,SJS @ DAL,db6ecbc6d2657c39084510cf3e94f510,fgs,yes,Thomas Harley,,fanduel,3500,,oddsapi
2026-10-05T21:00:06Z,2026-10-05,SJS @ DAL,db6ecbc6d2657c39084510cf3e94f510,fgs,yes,Luca Cagnoni,,fanduel,3500,,oddsapi
2026-10-05T21:00:06Z,2026-10-05,SJS @ DAL,db6ecbc6d2657c39084510cf3e94f510,fgs,yes,Joel Kiviranta,,fanduel,4000,,oddsapi
2026-10-05T21:00:06Z,2026-10-05,SJS @ DAL,db6ecbc6d2657c39084510cf3e94f510,fgs,yes,Oskar Back,,fanduel,4500,,oddsapi
2026-10-05T21:00:06Z,2026-10-05,SJS @ DAL,db6ecbc6d2657c39084510cf3e94f510,fgs,yes,Esa Lindell,,fanduel,4500,,oddsapi
2026-10-05T21:00:06Z,2026-10-05,SJS @ DAL,db6ecbc6d2657c39084510cf3e94f510,fgs,yes,Radek Faksa,,fanduel,4500,,oddsapi
2026-10-05T21:00:06Z,2026-10-05,SJS @ DAL,db6ecbc6d2657c39084510cf3e94f510,fgs,yes,Jacob Trouba,,fanduel,6000,,oddsapi
2026-10-05T21:00:06Z,2026-10-05,SJS @ DAL,db6ecbc6d2657c39084510cf3e94f510,fgs,yes,Dmitry Orlov,,fanduel,6000,,oddsapi
2026-10-05T21:00:06Z,2026-10-05,SJS @ DAL,db6ecbc6d2657c39084510cf3e94f510,fgs,yes,Zack Ostapchuk,,fanduel,7000,,oddsapi
2026-10-05T21:00:06Z,2026-10-05,SJS @ DAL,db6ecbc6d2657c39084510cf3e94f510,fgs,yes,Barclay Goodrow,,fanduel,7000,,oddsapi
2026-10-05T21:00:06Z,2026-10-05,SJS @ DAL,db6ecbc6d2657c39084510cf3e94f510,fgs,yes,Darnell Nurse,,fanduel,7500,,oddsapi
2026-10-05T21:00:06Z,2026-10-05,SJS @ DAL,db6ecbc6d2657c39084510cf3e94f510,fgs,yes,Nils Lundkvist,,fanduel,7500,,oddsapi
2026-10-05T21:00:06Z,2026-10-05,SJS @ DAL,db6ecbc6d2657c39084510cf3e94f510,fgs,yes,Michael Kesselring,,fanduel,8000,,oddsapi
2026-10-05T21:00:06Z,2026-10-05,SJS @ DAL,db6ecbc6d2657c39084510cf3e94f510,sk_g,over,Roope Hintz,0.5,fanduel,210,-290,oddsapi
2026-10-05T21:00:06Z,2026-10-05,SJS @ DAL,db6ecbc6d2657c39084510cf3e94f510,sk_g,under,Roope Hintz,0.5,fanduel,-290,210,oddsapi
2026-10-05T21:00:06Z,2026-10-05,SJS @ DAL,db6ecbc6d2657c39084510cf3e94f510,sk_g,over,Macklin Celebrini,0.5,fanduel,160,-220,oddsapi
2026-10-05T21:00:06Z,2026-10-05,SJS @ DAL,db6ecbc6d2657c39084510cf3e94f510,sk_g,under,Macklin Celebrini,0.5,fanduel,-220,160,oddsapi
2026-10-05T21:00:06Z,2026-10-05,SJS @ DAL,db6ecbc6d2657c39084510cf3e94f510,sk_g,over,Mikko Rantanen,0.5,fanduel,160,-220,oddsapi
2026-10-05T21:00:06Z,2026-10-05,SJS @ DAL,db6ecbc6d2657c39084510cf3e94f510,sk_g,under,Mikko Rantanen,0.5,fanduel,-220,160,oddsapi
2026-10-05T21:00:06Z,2026-10-05,SJS @ DAL,db6ecbc6d2657c39084510cf3e94f510,sk_g,over,Wyatt Johnston,0.5,fanduel,130,-170,oddsapi
2026-10-05T21:00:06Z,2026-10-05,SJS @ DAL,db6ecbc6d2657c39084510cf3e94f510,sk_g,under,Wyatt Johnston,0.5,fanduel,-170,130,oddsapi
2026-10-05T21:00:06Z,2026-10-05,SJS @ DAL,db6ecbc6d2657c39084510cf3e94f510,sk_g,over,Will Smith,0.5,fanduel,220,-310,oddsapi
2026-10-05T21:00:06Z,2026-10-05,SJS @ DAL,db6ecbc6d2657c39084510cf3e94f510,sk_g,under,Will Smith,0.5,fanduel,-310,220,oddsapi
2026-10-05T21:00:06Z,2026-10-05,SJS @ DAL,db6ecbc6d2657c39084510cf3e94f510,sk_g,over,Mason Marchment,0.5,fanduel,330,-500,oddsapi
2026-10-05T21:00:06Z,2026-10-05,SJS @ DAL,db6ecbc6d2657c39084510cf3e94f510,sk_g,under,Mason Marchment,0.5,fanduel,-500,330,oddsapi
2026-10-05T21:00:06Z,2026-10-05,SJS @ DAL,db6ecbc6d2657c39084510cf3e94f510,sk_g,over,Jason Robertson,0.5,fanduel,120,-160,oddsapi
2026-10-05T21:00:06Z,2026-10-05,SJS @ DAL,db6ecbc6d2657c39084510cf3e94f510,sk_g,under,Jason Robertson,0.5,fanduel,-160,120,oddsapi
2026-10-05T21:00:06Z,2026-10-05,SJS @ DAL,db6ecbc6d2657c39084510cf3e94f510,sk_sog,over,Roope Hintz,1.5,fanduel,-196,148,oddsapi
2026-10-05T21:00:06Z,2026-10-05,SJS @ DAL,db6ecbc6d2657c39084510cf3e94f510,sk_sog,under,Roope Hintz,1.5,fanduel,148,-196,oddsapi
2026-10-05T21:00:06Z,2026-10-05,SJS @ DAL,db6ecbc6d2657c39084510cf3e94f510,sk_sog,over,Will Smith,2.5,fanduel,142,-188,oddsapi
2026-10-05T21:00:06Z,2026-10-05,SJS @ DAL,db6ecbc6d2657c39084510cf3e94f510,sk_sog,under,Will Smith,2.5,fanduel,-188,142,oddsapi
2026-10-05T21:00:06Z,2026-10-05,SJS @ DAL,db6ecbc6d2657c39084510cf3e94f510,sk_sog,over,Jason Robertson,3.5,fanduel,128,-168,oddsapi
2026-10-05T21:00:06Z,2026-10-05,SJS @ DAL,db6ecbc6d2657c39084510cf3e94f510,sk_sog,under,Jason Robertson,3.5,fanduel,-168,128,oddsapi
2026-10-05T21:00:06Z,2026-10-05,SJS @ DAL,db6ecbc6d2657c39084510cf3e94f510,sk_sog,over,Wyatt Johnston,2.5,fanduel,-114,-114,oddsapi
2026-10-05T21:00:06Z,2026-10-05,SJS @ DAL,db6ecbc6d2657c39084510cf3e94f510,sk_sog,under,Wyatt Johnston,2.5,fanduel,-114,-114,oddsapi
2026-10-05T21:00:06Z,2026-10-05,SJS @ DAL,db6ecbc6d2657c39084510cf3e94f510,sk_sog,over,Mikko Rantanen,2.5,fanduel,122,-160,oddsapi
2026-10-05T21:00:06Z,2026-10-05,SJS @ DAL,db6ecbc6d2657c39084510cf3e94f510,sk_sog,under,Mikko Rantanen,2.5,fanduel,-160,122,oddsapi
2026-10-05T21:00:06Z,2026-10-05,SJS @ DAL,db6ecbc6d2657c39084510cf3e94f510,sk_sog,over,Macklin Celebrini,2.5,fanduel,-182,138,oddsapi
2026-10-05T21:00:06Z,2026-10-05,SJS @ DAL,db6ecbc6d2657c39084510cf3e94f510,sk_sog,under,Macklin Celebrini,2.5,fanduel,138,-182,oddsapi
2026-10-05T21:00:06Z,2026-10-05,SJS @ DAL,db6ecbc6d2657c39084510cf3e94f510,g_saves,over,Jake Oettinger,22.5,fanduel,-102,-130,oddsapi
2026-10-05T21:00:06Z,2026-10-05,SJS @ DAL,db6ecbc6d2657c39084510cf3e94f510,g_saves,under,Jake Oettinger,22.5,fanduel,-130,-102,oddsapi
2026-10-05T21:00:06Z,2026-10-05,SJS @ DAL,db6ecbc6d2657c39084510cf3e94f510,g_saves,over,Yaroslav Askarov,23.5,fanduel,-130,-102,oddsapi
2026-10-05T21:00:06Z,2026-10-05,SJS @ DAL,db6ecbc6d2657c39084510cf3e94f510,g_saves,under,Yaroslav Askarov,23.5,fanduel,-102,-130,oddsapi
2026-10-05T21:00:06Z,2026-10-05,SJS @ DAL,db6ecbc6d2657c39084510cf3e94f510,p1_pl,DAL,,-0.5,fanduel,134,-174,oddsapi
2026-10-05T21:00:06Z,2026-10-05,SJS @ DAL,db6ecbc6d2657c39084510cf3e94f510,p1_pl,SJS,,0.5,fanduel,-174,134,oddsapi
2026-10-05T21:00:06Z,2026-10-05,SJS @ DAL,db6ecbc6d2657c39084510cf3e94f510,p2_pl,DAL,,-0.5,fanduel,116,-148,oddsapi
2026-10-05T21:00:06Z,2026-10-05,SJS @ DAL,db6ecbc6d2657c39084510cf3e94f510,p2_pl,SJS,,0.5,fanduel,-148,116,oddsapi
2026-10-05T21:00:06Z,2026-10-05,SJS @ DAL,db6ecbc6d2657c39084510cf3e94f510,p3_pl,DAL,,-0.5,fanduel,104,-134,oddsapi
2026-10-05T21:00:06Z,2026-10-05,SJS @ DAL,db6ecbc6d2657c39084510cf3e94f510,p3_pl,SJS,,0.5,fanduel,-134,104,oddsapi
2026-10-05T21:00:06Z,2026-10-05,SJS @ DAL,db6ecbc6d2657c39084510cf3e94f510,team_total,over,DAL,3.5,fanduel,-122,-104,oddsapi
2026-10-05T21:00:06Z,2026-10-05,SJS @ DAL,db6ecbc6d2657c39084510cf3e94f510,team_total,under,DAL,3.5,fanduel,-104,-122,oddsapi
2026-10-05T21:00:06Z,2026-10-05,SJS @ DAL,db6ecbc6d2657c39084510cf3e94f510,team_total,over,SJS,3.5,fanduel,200,-280,oddsapi
2026-10-05T21:00:06Z,2026-10-05,SJS @ DAL,db6ecbc6d2657c39084510cf3e94f510,team_total,under,SJS,3.5,fanduel,-280,200,oddsapi
2026-10-05T21:00:06Z,2026-10-05,SJS @ DAL,db6ecbc6d2657c39084510cf3e94f510,p1_team_total,over,DAL,0.5,fanduel,-220,170,oddsapi
2026-10-05T21:00:06Z,2026-10-05,SJS @ DAL,db6ecbc6d2657c39084510cf3e94f510,p1_team_total,under,DAL,0.5,fanduel,170,-220,oddsapi
2026-10-05T21:00:06Z,2026-10-05,SJS @ DAL,db6ecbc6d2657c39084510cf3e94f510,p1_team_total,over,SJS,0.5,fanduel,-134,106,oddsapi
2026-10-05T21:00:06Z,2026-10-05,SJS @ DAL,db6ecbc6d2657c39084510cf3e94f510,p1_team_total,under,SJS,0.5,fanduel,106,-134,oddsapi
2026-10-05T21:00:06Z,2026-10-05,SJS @ DAL,db6ecbc6d2657c39084510cf3e94f510,p1_total,over,,1.5,fanduel,-150,116,oddsapi
2026-10-05T21:00:06Z,2026-10-05,SJS @ DAL,db6ecbc6d2657c39084510cf3e94f510,p1_total,under,,1.5,fanduel,116,-150,oddsapi
2026-10-05T21:00:06Z,2026-10-05,SJS @ DAL,db6ecbc6d2657c39084510cf3e94f510,p2_total,over,,1.5,fanduel,-192,150,oddsapi
2026-10-05T21:00:06Z,2026-10-05,SJS @ DAL,db6ecbc6d2657c39084510cf3e94f510,p2_total,under,,1.5,fanduel,150,-192,oddsapi
2026-10-05T21:00:06Z,2026-10-05,SJS @ DAL,db6ecbc6d2657c39084510cf3e94f510,p3_total,over,,2.5,fanduel,134,-172,oddsapi
2026-10-05T21:00:06Z,2026-10-05,SJS @ DAL,db6ecbc6d2657c39084510cf3e94f510,p3_total,under,,2.5,fanduel,-172,134,oddsapi
2026-10-05T21:00:06Z,2026-10-05,SJS @ DAL,db6ecbc6d2657c39084510cf3e94f510,team_total_alt,over,DAL,3.5,betrivers,-121,-112,oddsapi
2026-10-05T21:00:06Z,2026-10-05,SJS @ DAL,db6ecbc6d2657c39084510cf3e94f510,team_total_alt,under,DAL,3.5,betrivers,-112,-121,oddsapi
2026-10-05T21:00:06Z,2026-10-05,SJS @ DAL,db6ecbc6d2657c39084510cf3e94f510,team_total_alt,over,DAL,4.5,betrivers,195,-278,oddsapi
2026-10-05T21:00:06Z,2026-10-05,SJS @ DAL,db6ecbc6d2657c39084510cf3e94f510,team_total_alt,under,DAL,4.5,betrivers,-278,195,oddsapi
2026-10-05T21:00:06Z,2026-10-05,SJS @ DAL,db6ecbc6d2657c39084510cf3e94f510,team_total_alt,over,DAL,2.5,betrivers,-315,215,oddsapi
2026-10-05T21:00:06Z,2026-10-05,SJS @ DAL,db6ecbc6d2657c39084510cf3e94f510,team_total_alt,under,DAL,2.5,betrivers,215,-315,oddsapi
2026-10-05T21:00:06Z,2026-10-05,SJS @ DAL,db6ecbc6d2657c39084510cf3e94f510,team_total_alt,over,DAL,5.5,betrivers,430,-770,oddsapi
2026-10-05T21:00:06Z,2026-10-05,SJS @ DAL,db6ecbc6d2657c39084510cf3e94f510,team_total_alt,under,DAL,5.5,betrivers,-770,430,oddsapi
2026-10-05T21:00:06Z,2026-10-05,SJS @ DAL,db6ecbc6d2657c39084510cf3e94f510,team_total_alt,over,SJS,2.5,betrivers,-136,-103,oddsapi
2026-10-05T21:00:06Z,2026-10-05,SJS @ DAL,db6ecbc6d2657c39084510cf3e94f510,team_total_alt,under,SJS,2.5,betrivers,-103,-136,oddsapi
2026-10-05T21:00:06Z,2026-10-05,SJS @ DAL,db6ecbc6d2657c39084510cf3e94f510,team_total_alt,over,SJS,1.5,betrivers,-420,275,oddsapi
2026-10-05T21:00:06Z,2026-10-05,SJS @ DAL,db6ecbc6d2657c39084510cf3e94f510,team_total_alt,under,SJS,1.5,betrivers,275,-420,oddsapi
2026-10-05T21:00:06Z,2026-10-05,SJS @ DAL,db6ecbc6d2657c39084510cf3e94f510,team_total_alt,over,SJS,3.5,betrivers,188,-265,oddsapi
2026-10-05T21:00:06Z,2026-10-05,SJS @ DAL,db6ecbc6d2657c39084510cf3e94f510,team_total_alt,under,SJS,3.5,betrivers,-265,188,oddsapi
2026-10-05T21:00:06Z,2026-10-05,SJS @ DAL,db6ecbc6d2657c39084510cf3e94f510,team_total_alt,over,SJS,4.5,betrivers,430,-770,oddsapi
2026-10-05T21:00:06Z,2026-10-05,SJS @ DAL,db6ecbc6d2657c39084510cf3e94f510,team_total_alt,under,SJS,4.5,betrivers,-770,430,oddsapi
2026-10-05T21:00:06Z,2026-10-05,SJS @ DAL,db6ecbc6d2657c39084510cf3e94f510,game_ml3,DAL,,,betrivers,-118,,oddsapi
2026-10-05T21:00:06Z,2026-10-05,SJS @ DAL,db6ecbc6d2657c39084510cf3e94f510,game_ml3,SJS,,,betrivers,255,,oddsapi
2026-10-05T21:00:06Z,2026-10-05,SJS @ DAL,db6ecbc6d2657c39084510cf3e94f510,game_ml3,draw,,,betrivers,320,,oddsapi
2026-10-05T21:00:06Z,2026-10-05,SJS @ DAL,db6ecbc6d2657c39084510cf3e94f510,p1_ml3,DAL,,,betrivers,125,,oddsapi
2026-10-05T21:00:06Z,2026-10-05,SJS @ DAL,db6ecbc6d2657c39084510cf3e94f510,p1_ml3,SJS,,,betrivers,235,,oddsapi
2026-10-05T21:00:06Z,2026-10-05,SJS @ DAL,db6ecbc6d2657c39084510cf3e94f510,p1_ml3,draw,,,betrivers,200,,oddsapi
2026-10-05T21:00:06Z,2026-10-05,SJS @ DAL,db6ecbc6d2657c39084510cf3e94f510,p2_ml3,DAL,,,betrivers,125,,oddsapi
2026-10-05T21:00:06Z,2026-10-05,SJS @ DAL,db6ecbc6d2657c39084510cf3e94f510,p2_ml3,SJS,,,betrivers,225,,oddsapi
2026-10-05T21:00:06Z,2026-10-05,SJS @ DAL,db6ecbc6d2657c39084510cf3e94f510,p2_ml3,draw,,,betrivers,210,,oddsapi
2026-10-05T21:00:06Z,2026-10-05,SJS @ DAL,db6ecbc6d2657c39084510cf3e94f510,p3_ml3,DAL,,,betrivers,120,,oddsapi
2026-10-05T21:00:06Z,2026-10-05,SJS @ DAL,db6ecbc6d2657c39084510cf3e94f510,p3_ml3,SJS,,,betrivers,215,,oddsapi
2026-10-05T21:00:06Z,2026-10-05,SJS @ DAL,db6ecbc6d2657c39084510cf3e94f510,p3_ml3,draw,,,betrivers,230,,oddsapi
2026-10-05T21:00:06Z,2026-10-05,SJS @ DAL,db6ecbc6d2657c39084510cf3e94f510,ags,yes,Michael Misa,,betrivers,390,,oddsapi
2026-10-05T21:00:06Z,2026-10-05,SJS @ DAL,db6ecbc6d2657c39084510cf3e94f510,ags,yes,Justin Hryckowian,,betrivers,360,,oddsapi
2026-10-05T21:00:06Z,2026-10-05,SJS @ DAL,db6ecbc6d2657c39084510cf3e94f510,ags,yes,Nils Lundkvist,,betrivers,650,,oddsapi
2026-10-05T21:00:06Z,2026-10-05,SJS @ DAL,db6ecbc6d2657c39084510cf3e94f510,ags,yes,Oskar Back,,betrivers,650,,oddsapi
2026-10-05T21:00:06Z,2026-10-05,SJS @ DAL,db6ecbc6d2657c39084510cf3e94f510,ags,yes,Thomas Harley,,betrivers,575,,oddsapi
2026-10-05T21:00:06Z,2026-10-05,SJS @ DAL,db6ecbc6d2657c39084510cf3e94f510,ags,yes,Michael Kesselring,,betrivers,1200,,oddsapi
2026-10-05T21:00:06Z,2026-10-05,SJS @ DAL,db6ecbc6d2657c39084510cf3e94f510,ags,yes,Nolan Allan,,betrivers,1150,,oddsapi
2026-10-05T21:00:06Z,2026-10-05,SJS @ DAL,db6ecbc6d2657c39084510cf3e94f510,ags,yes,Will Smith,,betrivers,230,,oddsapi
2026-10-05T21:00:06Z,2026-10-05,SJS @ DAL,db6ecbc6d2657c39084510cf3e94f510,ags,yes,Kiefer Sherwood,,betrivers,575,,oddsapi
2026-10-05T21:00:06Z,2026-10-05,SJS @ DAL,db6ecbc6d2657c39084510cf3e94f510,ags,yes,Miro Heiskanen,,betrivers,475,,oddsapi
2026-10-05T21:00:06Z,2026-10-05,SJS @ DAL,db6ecbc6d2657c39084510cf3e94f510,ags,yes,Jacob Trouba,,betrivers,850,,oddsapi
2026-10-05T21:00:06Z,2026-10-05,SJS @ DAL,db6ecbc6d2657c39084510cf3e94f510,ags,yes,Joel Kiviranta,,betrivers,600,,oddsapi
2026-10-05T21:00:06Z,2026-10-05,SJS @ DAL,db6ecbc6d2657c39084510cf3e94f510,ags,yes,Mason Marchment,,betrivers,320,,oddsapi
2026-10-05T21:00:06Z,2026-10-05,SJS @ DAL,db6ecbc6d2657c39084510cf3e94f510,ags,yes,Zack Ostapchuk,,betrivers,650,,oddsapi
2026-10-05T21:00:06Z,2026-10-05,SJS @ DAL,db6ecbc6d2657c39084510cf3e94f510,ags,yes,Arttu Hyry,,betrivers,600,,oddsapi
2026-10-05T21:00:06Z,2026-10-05,SJS @ DAL,db6ecbc6d2657c39084510cf3e94f510,ags,yes,Alexander Wennberg,,betrivers,480,,oddsapi
2026-10-05T21:00:06Z,2026-10-05,SJS @ DAL,db6ecbc6d2657c39084510cf3e94f510,ags,yes,Mikko Rantanen,,betrivers,185,,oddsapi
2026-10-05T21:00:06Z,2026-10-05,SJS @ DAL,db6ecbc6d2657c39084510cf3e94f510,ags,yes,Tyler Seguin,,betrivers,290,,oddsapi
2026-10-05T21:00:06Z,2026-10-05,SJS @ DAL,db6ecbc6d2657c39084510cf3e94f510,ags,yes,Sam Steel,,betrivers,480,,oddsapi
2026-10-05T21:00:06Z,2026-10-05,SJS @ DAL,db6ecbc6d2657c39084510cf3e94f510,ags,yes,Jamie Benn,,betrivers,375,,oddsapi
2026-10-05T21:00:06Z,2026-10-05,SJS @ DAL,db6ecbc6d2657c39084510cf3e94f510,ags,yes,Darnell Nurse,,betrivers,850,,oddsapi
2026-10-05T21:00:06Z,2026-10-05,SJS @ DAL,db6ecbc6d2657c39084510cf3e94f510,ags,yes,Roope Hintz,,betrivers,200,,oddsapi
2026-10-05T21:00:06Z,2026-10-05,SJS @ DAL,db6ecbc6d2657c39084510cf3e94f510,ags,yes,Radek Faksa,,betrivers,600,,oddsapi
2026-10-05T21:00:06Z,2026-10-05,SJS @ DAL,db6ecbc6d2657c39084510cf3e94f510,ags,yes,Ivar Stenberg,,betrivers,420,,oddsapi
2026-10-05T21:00:06Z,2026-10-05,SJS @ DAL,db6ecbc6d2657c39084510cf3e94f510,ags,yes,Igor Chernyshov,,betrivers,350,,oddsapi
2026-10-05T21:00:06Z,2026-10-05,SJS @ DAL,db6ecbc6d2657c39084510cf3e94f510,ags,yes,Macklin Celebrini,,betrivers,160,,oddsapi
2026-10-05T21:00:06Z,2026-10-05,SJS @ DAL,db6ecbc6d2657c39084510cf3e94f510,ags,yes,Dmitry Orlov,,betrivers,1000,,oddsapi
2026-10-05T21:00:06Z,2026-10-05,SJS @ DAL,db6ecbc6d2657c39084510cf3e94f510,ags,yes,Lian Bichsel,,betrivers,700,,oddsapi
2026-10-05T21:00:06Z,2026-10-05,SJS @ DAL,db6ecbc6d2657c39084510cf3e94f510,ags,yes,Jason Robertson,,betrivers,123,,oddsapi
2026-10-05T21:00:06Z,2026-10-05,SJS @ DAL,db6ecbc6d2657c39084510cf3e94f510,ags,yes,Tyler Myers,,betrivers,750,,oddsapi
2026-10-05T21:00:06Z,2026-10-05,SJS @ DAL,db6ecbc6d2657c39084510cf3e94f510,ags,yes,Tyler Toffoli,,betrivers,380,,oddsapi
2026-10-05T21:00:06Z,2026-10-05,SJS @ DAL,db6ecbc6d2657c39084510cf3e94f510,ags,yes,Collin Graf,,betrivers,475,,oddsapi
2026-10-05T21:00:06Z,2026-10-05,SJS @ DAL,db6ecbc6d2657c39084510cf3e94f510,ags,yes,Luca Cagnoni,,betrivers,575,,oddsapi
2026-10-05T21:00:06Z,2026-10-05,SJS @ DAL,db6ecbc6d2657c39084510cf3e94f510,ags,yes,Barclay Goodrow,,betrivers,600,,oddsapi
2026-10-05T21:00:06Z,2026-10-05,SJS @ DAL,db6ecbc6d2657c39084510cf3e94f510,ags,yes,Wyatt Johnston,,betrivers,140,,oddsapi
2026-10-05T21:00:06Z,2026-10-05,SJS @ DAL,db6ecbc6d2657c39084510cf3e94f510,ags,yes,Esa Lindell,,betrivers,600,,oddsapi
2026-10-05T21:00:06Z,2026-10-05,SJS @ DAL,db6ecbc6d2657c39084510cf3e94f510,fgs,yes,Jacob Trouba,,betrivers,4000,,oddsapi
2026-10-05T21:00:06Z,2026-10-05,SJS @ DAL,db6ecbc6d2657c39084510cf3e94f510,fgs,yes,Dmitry Orlov,,betrivers,4000,,oddsapi
2026-10-05T21:00:06Z,2026-10-05,SJS @ DAL,db6ecbc6d2657c39084510cf3e94f510,fgs,yes,Sam Steel,,betrivers,2000,,oddsapi
2026-10-05T21:00:06Z,2026-10-05,SJS @ DAL,db6ecbc6d2657c39084510cf3e94f510,fgs,yes,Lian Bichsel,,betrivers,3000,,oddsapi
2026-10-05T21:00:06Z,2026-10-05,SJS @ DAL,db6ecbc6d2657c39084510cf3e94f510,fgs,yes,Zack Ostapchuk,,betrivers,2800,,oddsapi
2026-10-05T21:00:06Z,2026-10-05,SJS @ DAL,db6ecbc6d2657c39084510cf3e94f510,fgs,yes,Nolan Allan,,betrivers,5000,,oddsapi
2026-10-05T21:00:06Z,2026-10-05,SJS @ DAL,db6ecbc6d2657c39084510cf3e94f510,fgs,yes,Will Smith,,betrivers,1050,,oddsapi
2026-10-05T21:00:06Z,2026-10-05,SJS @ DAL,db6ecbc6d2657c39084510cf3e94f510,fgs,yes,Jamie Benn,,betrivers,1500,,oddsapi
2026-10-05T21:00:06Z,2026-10-05,SJS @ DAL,db6ecbc6d2657c39084510cf3e94f510,fgs,yes,Igor Chernyshov,,betrivers,1500,,oddsapi
2026-10-05T21:00:06Z,2026-10-05,SJS @ DAL,db6ecbc6d2657c39084510cf3e94f510,fgs,yes,Darnell Nurse,,betrivers,4000,,oddsapi
2026-10-05T21:00:06Z,2026-10-05,SJS @ DAL,db6ecbc6d2657c39084510cf3e94f510,fgs,yes,Nils Lundkvist,,betrivers,2900,,oddsapi
2026-10-05T21:00:06Z,2026-10-05,SJS @ DAL,db6ecbc6d2657c39084510cf3e94f510,fgs,yes,Jason Robertson,,betrivers,600,,oddsapi
2026-10-05T21:00:06Z,2026-10-05,SJS @ DAL,db6ecbc6d2657c39084510cf3e94f510,fgs,yes,Arttu Hyry,,betrivers,2800,,oddsapi
2026-10-05T21:00:06Z,2026-10-05,SJS @ DAL,db6ecbc6d2657c39084510cf3e94f510,fgs,yes,Ivar Stenberg,,betrivers,1800,,oddsapi
2026-10-05T21:00:06Z,2026-10-05,SJS @ DAL,db6ecbc6d2657c39084510cf3e94f510,fgs,yes,Roope Hintz,,betrivers,900,,oddsapi
2026-10-05T21:00:06Z,2026-10-05,SJS @ DAL,db6ecbc6d2657c39084510cf3e94f510,fgs,yes,Barclay Goodrow,,betrivers,2500,,oddsapi
2026-10-05T21:00:06Z,2026-10-05,SJS @ DAL,db6ecbc6d2657c39084510cf3e94f510,fgs,yes,Justin Hryckowian,,betrivers,1500,,oddsapi
2026-10-05T21:00:06Z,2026-10-05,SJS @ DAL,db6ecbc6d2657c39084510cf3e94f510,fgs,yes,Radek Faksa,,betrivers,2800,,oddsapi
2026-10-05T21:00:06Z,2026-10-05,SJS @ DAL,db6ecbc6d2657c39084510cf3e94f510,fgs,yes,Oskar Back,,betrivers,2500,,oddsapi
2026-10-05T21:00:06Z,2026-10-05,SJS @ DAL,db6ecbc6d2657c39084510cf3e94f510,fgs,yes,Tyler Myers,,betrivers,3400,,oddsapi
2026-10-05T21:00:06Z,2026-10-05,SJS @ DAL,db6ecbc6d2657c39084510cf3e94f510,fgs,yes,Collin Graf,,betrivers,2000,,oddsapi
2026-10-05T21:00:06Z,2026-10-05,SJS @ DAL,db6ecbc6d2657c39084510cf3e94f510,fgs,yes,Esa Lindell,,betrivers,2500,,oddsapi
2026-10-05T21:00:06Z,2026-10-05,SJS @ DAL,db6ecbc6d2657c39084510cf3e94f510,fgs,yes,Kiefer Sherwood,,betrivers,2400,,oddsapi
2026-10-05T21:00:06Z,2026-10-05,SJS @ DAL,db6ecbc6d2657c39084510cf3e94f510,fgs,yes,Michael Misa,,betrivers,1600,,oddsapi
2026-10-05T21:00:06Z,2026-10-05,SJS @ DAL,db6ecbc6d2657c39084510cf3e94f510,fgs,yes,Mikko Rantanen,,betrivers,850,,oddsapi
2026-10-05T21:00:06Z,2026-10-05,SJS @ DAL,db6ecbc6d2657c39084510cf3e94f510,fgs,yes,Tyler Toffoli,,betrivers,1600,,oddsapi
2026-10-05T21:00:06Z,2026-10-05,SJS @ DAL,db6ecbc6d2657c39084510cf3e94f510,fgs,yes,Luca Cagnoni,,betrivers,2400,,oddsapi
2026-10-05T21:00:06Z,2026-10-05,SJS @ DAL,db6ecbc6d2657c39084510cf3e94f510,fgs,yes,Miro Heiskanen,,betrivers,1900,,oddsapi
2026-10-05T21:00:06Z,2026-10-05,SJS @ DAL,db6ecbc6d2657c39084510cf3e94f510,fgs,yes,Alexander Wennberg,,betrivers,2000,,oddsapi
2026-10-05T21:00:06Z,2026-10-05,SJS @ DAL,db6ecbc6d2657c39084510cf3e94f510,fgs,yes,Tyler Seguin,,betrivers,1200,,oddsapi
2026-10-05T21:00:06Z,2026-10-05,SJS @ DAL,db6ecbc6d2657c39084510cf3e94f510,fgs,yes,Macklin Celebrini,,betrivers,800,,oddsapi
2026-10-05T21:00:06Z,2026-10-05,SJS @ DAL,db6ecbc6d2657c39084510cf3e94f510,fgs,yes,Mason Marchment,,betrivers,1400,,oddsapi
2026-10-05T21:00:06Z,2026-10-05,SJS @ DAL,db6ecbc6d2657c39084510cf3e94f510,fgs,yes,Wyatt Johnston,,betrivers,700,,oddsapi
2026-10-05T21:00:06Z,2026-10-05,SJS @ DAL,db6ecbc6d2657c39084510cf3e94f510,fgs,yes,Thomas Harley,,betrivers,2400,,oddsapi
2026-10-05T21:00:06Z,2026-10-05,SJS @ DAL,db6ecbc6d2657c39084510cf3e94f510,fgs,yes,Michael Kesselring,,betrivers,4500,,oddsapi
2026-10-05T21:00:06Z,2026-10-05,SJS @ DAL,db6ecbc6d2657c39084510cf3e94f510,fgs,yes,Joel Kiviranta,,betrivers,2500,,oddsapi
2026-10-05T21:00:06Z,2026-10-05,SJS @ DAL,db6ecbc6d2657c39084510cf3e94f510,sk_g,over,Roope Hintz,2.5,betrivers,6600,,oddsapi
2026-10-05T21:00:06Z,2026-10-05,SJS @ DAL,db6ecbc6d2657c39084510cf3e94f510,sk_g,over,Oskar Back,1.5,betrivers,8000,,oddsapi
2026-10-05T21:00:06Z,2026-10-05,SJS @ DAL,db6ecbc6d2657c39084510cf3e94f510,sk_g,over,Collin Graf,1.5,betrivers,4500,,oddsapi
2026-10-05T21:00:06Z,2026-10-05,SJS @ DAL,db6ecbc6d2657c39084510cf3e94f510,sk_g,over,Macklin Celebrini,2.5,betrivers,5000,,oddsapi
2026-10-05T21:00:06Z,2026-10-05,SJS @ DAL,db6ecbc6d2657c39084510cf3e94f510,sk_g,over,Will Smith,2.5,betrivers,12500,,oddsapi
2026-10-05T21:00:06Z,2026-10-05,SJS @ DAL,db6ecbc6d2657c39084510cf3e94f510,sk_g,over,Darnell Nurse,1.5,betrivers,18000,,oddsapi
2026-10-05T21:00:06Z,2026-10-05,SJS @ DAL,db6ecbc6d2657c39084510cf3e94f510,sk_g,over,Alexander Wennberg,1.5,betrivers,4500,,oddsapi
2026-10-05T21:00:06Z,2026-10-05,SJS @ DAL,db6ecbc6d2657c39084510cf3e94f510,sk_g,over,Roope Hintz,1.5,betrivers,1100,,oddsapi
2026-10-05T21:00:06Z,2026-10-05,SJS @ DAL,db6ecbc6d2657c39084510cf3e94f510,sk_g,over,Zack Ostapchuk,1.5,betrivers,8000,,oddsapi
2026-10-05T21:00:06Z,2026-10-05,SJS @ DAL,db6ecbc6d2657c39084510cf3e94f510,sk_g,over,Lian Bichsel,1.5,betrivers,10000,,oddsapi
2026-10-05T21:00:06Z,2026-10-05,SJS @ DAL,db6ecbc6d2657c39084510cf3e94f510,sk_g,over,Miro Heiskanen,1.5,betrivers,4500,,oddsapi
2026-10-05T21:00:06Z,2026-10-05,SJS @ DAL,db6ecbc6d2657c39084510cf3e94f510,sk_g,over,Tyler Myers,1.5,betrivers,11000,,oddsapi
2026-10-05T21:00:06Z,2026-10-05,SJS @ DAL,db6ecbc6d2657c39084510cf3e94f510,sk_g,over,Sam Steel,1.5,betrivers,4500,,oddsapi
2026-10-05T21:00:06Z,2026-10-05,SJS @ DAL,db6ecbc6d2657c39084510cf3e94f510,sk_g,over,Joel Kiviranta,1.5,betrivers,7500,,oddsapi
2026-10-05T21:00:06Z,2026-10-05,SJS @ DAL,db6ecbc6d2657c39084510cf3e94f510,sk_g,over,Jacob Trouba,1.5,betrivers,13000,,oddsapi
2026-10-05T21:00:06Z,2026-10-05,SJS @ DAL,db6ecbc6d2657c39084510cf3e94f510,sk_g,over,Tyler Seguin,1.5,betrivers,1900,,oddsapi
2026-10-05T21:00:06Z,2026-10-05,SJS @ DAL,db6ecbc6d2657c39084510cf3e94f510,sk_g,over,Tyler Seguin,2.5,betrivers,15000,,oddsapi
2026-10-05T21:00:06Z,2026-10-05,SJS @ DAL,db6ecbc6d2657c39084510cf3e94f510,sk_g,over,Jamie Benn,1.5,betrivers,2900,,oddsapi
2026-10-05T21:00:06Z,2026-10-05,SJS @ DAL,db6ecbc6d2657c39084510cf3e94f510,sk_g,over,Jason Robertson,1.5,betrivers,600,,oddsapi
2026-10-05T21:00:06Z,2026-10-05,SJS @ DAL,db6ecbc6d2657c39084510cf3e94f510,sk_g,over,Arttu Hyry,1.5,betrivers,8000,,oddsapi
2026-10-05T21:00:06Z,2026-10-05,SJS @ DAL,db6ecbc6d2657c39084510cf3e94f510,sk_g,over,Mason Marchment,1.5,betrivers,2200,,oddsapi
2026-10-05T21:00:06Z,2026-10-05,SJS @ DAL,db6ecbc6d2657c39084510cf3e94f510,sk_g,over,Will Smith,1.5,betrivers,1400,,oddsapi
2026-10-05T21:00:06Z,2026-10-05,SJS @ DAL,db6ecbc6d2657c39084510cf3e94f510,sk_g,over,Mikko Rantanen,1.5,betrivers,1000,,oddsapi
2026-10-05T21:00:06Z,2026-10-05,SJS @ DAL,db6ecbc6d2657c39084510cf3e94f510,sk_g,over,Radek Faksa,1.5,betrivers,8000,,oddsapi
2026-10-05T21:00:06Z,2026-10-05,SJS @ DAL,db6ecbc6d2657c39084510cf3e94f510,sk_g,over,Justin Hryckowian,1.5,betrivers,2800,,oddsapi
2026-10-05T21:00:06Z,2026-10-05,SJS @ DAL,db6ecbc6d2657c39084510cf3e94f510,sk_g,over,Michael Misa,1.5,betrivers,2800,,oddsapi
2026-10-05T21:00:06Z,2026-10-05,SJS @ DAL,db6ecbc6d2657c39084510cf3e94f510,sk_g,over,Tyler Toffoli,1.5,betrivers,3000,,oddsapi
2026-10-05T21:00:06Z,2026-10-05,SJS @ DAL,db6ecbc6d2657c39084510cf3e94f510,sk_g,over,Nils Lundkvist,1.5,betrivers,8000,,oddsapi
2026-10-05T21:00:06Z,2026-10-05,SJS @ DAL,db6ecbc6d2657c39084510cf3e94f510,sk_g,over,Igor Chernyshov,1.5,betrivers,2800,,oddsapi
2026-10-05T21:00:06Z,2026-10-05,SJS @ DAL,db6ecbc6d2657c39084510cf3e94f510,sk_g,over,Barclay Goodrow,1.5,betrivers,7500,,oddsapi
2026-10-05T21:00:06Z,2026-10-05,SJS @ DAL,db6ecbc6d2657c39084510cf3e94f510,sk_g,over,Wyatt Johnston,2.5,betrivers,3400,,oddsapi
2026-10-05T21:00:06Z,2026-10-05,SJS @ DAL,db6ecbc6d2657c39084510cf3e94f510,sk_g,over,Kiefer Sherwood,1.5,betrivers,6000,,oddsapi
2026-10-05T21:00:06Z,2026-10-05,SJS @ DAL,db6ecbc6d2657c39084510cf3e94f510,sk_g,over,Jason Robertson,2.5,betrivers,2900,,oddsapi
2026-10-05T21:00:06Z,2026-10-05,SJS @ DAL,db6ecbc6d2657c39084510cf3e94f510,sk_g,over,Mikko Rantanen,2.5,betrivers,6000,,oddsapi
2026-10-05T21:00:06Z,2026-10-05,SJS @ DAL,db6ecbc6d2657c39084510cf3e94f510,sk_g,over,Ivar Stenberg,1.5,betrivers,4000,,oddsapi
2026-10-05T21:00:06Z,2026-10-05,SJS @ DAL,db6ecbc6d2657c39084510cf3e94f510,sk_g,over,Luca Cagnoni,1.5,betrivers,7000,,oddsapi
2026-10-05T21:00:06Z,2026-10-05,SJS @ DAL,db6ecbc6d2657c39084510cf3e94f510,sk_g,over,Macklin Celebrini,1.5,betrivers,800,,oddsapi
2026-10-05T21:00:06Z,2026-10-05,SJS @ DAL,db6ecbc6d2657c39084510cf3e94f510,sk_g,over,Thomas Harley,1.5,betrivers,8000,,oddsapi
2026-10-05T21:00:06Z,2026-10-05,SJS @ DAL,db6ecbc6d2657c39084510cf3e94f510,sk_g,over,Esa Lindell,1.5,betrivers,6600,,oddsapi
2026-10-05T21:00:06Z,2026-10-05,SJS @ DAL,db6ecbc6d2657c39084510cf3e94f510,sk_g,over,Wyatt Johnston,1.5,betrivers,700,,oddsapi
2026-10-05T21:00:06Z,2026-10-05,SJS @ DAL,db6ecbc6d2657c39084510cf3e94f510,p1_total,over,,1.5,betrivers,-165,114,oddsapi
2026-10-05T21:00:06Z,2026-10-05,SJS @ DAL,db6ecbc6d2657c39084510cf3e94f510,p1_total,under,,1.5,betrivers,114,-165,oddsapi
2026-10-05T21:00:06Z,2026-10-05,SJS @ DAL,db6ecbc6d2657c39084510cf3e94f510,p2_total,over,,2.5,betrivers,155,-230,oddsapi
2026-10-05T21:00:06Z,2026-10-05,SJS @ DAL,db6ecbc6d2657c39084510cf3e94f510,p2_total,under,,2.5,betrivers,-230,155,oddsapi
2026-10-05T21:00:06Z,2026-10-05,SJS @ DAL,db6ecbc6d2657c39084510cf3e94f510,p3_total,over,,1.5,betrivers,-230,155,oddsapi
2026-10-05T21:00:06Z,2026-10-05,SJS @ DAL,db6ecbc6d2657c39084510cf3e94f510,p3_total,under,,1.5,betrivers,155,-230,oddsapi
2026-10-05T21:00:06Z,2026-10-05,SJS @ DAL,db6ecbc6d2657c39084510cf3e94f510,game_pl_alt,DAL,,1.5,bovada,-575,360,oddsapi
2026-10-05T21:00:06Z,2026-10-05,SJS @ DAL,db6ecbc6d2657c39084510cf3e94f510,game_pl_alt,DAL,,2.5,bovada,-1100,575,oddsapi
2026-10-05T21:00:06Z,2026-10-05,SJS @ DAL,db6ecbc6d2657c39084510cf3e94f510,game_pl_alt,DAL,,-2.5,bovada,215,-300,oddsapi
2026-10-05T21:00:06Z,2026-10-05,SJS @ DAL,db6ecbc6d2657c39084510cf3e94f510,game_pl_alt,SJS,,-1.5,bovada,360,-575,oddsapi
2026-10-05T21:00:06Z,2026-10-05,SJS @ DAL,db6ecbc6d2657c39084510cf3e94f510,game_pl_alt,SJS,,-2.5,bovada,575,-1100,oddsapi
2026-10-05T21:00:06Z,2026-10-05,SJS @ DAL,db6ecbc6d2657c39084510cf3e94f510,game_pl_alt,SJS,,2.5,bovada,-300,215,oddsapi
2026-10-05T21:00:06Z,2026-10-05,SJS @ DAL,db6ecbc6d2657c39084510cf3e94f510,team_total_alt,over,DAL,3.5,bovada,-125,-105,oddsapi
2026-10-05T21:00:06Z,2026-10-05,SJS @ DAL,db6ecbc6d2657c39084510cf3e94f510,team_total_alt,under,DAL,3.5,bovada,-105,-125,oddsapi
2026-10-05T21:00:06Z,2026-10-05,SJS @ DAL,db6ecbc6d2657c39084510cf3e94f510,team_total_alt,over,SJS,2.5,bovada,-125,-105,oddsapi
2026-10-05T21:00:06Z,2026-10-05,SJS @ DAL,db6ecbc6d2657c39084510cf3e94f510,team_total_alt,under,SJS,2.5,bovada,-105,-125,oddsapi
2026-10-05T21:00:06Z,2026-10-05,SJS @ DAL,db6ecbc6d2657c39084510cf3e94f510,game_total_alt,over,,4.5,bovada,-500,325,oddsapi
2026-10-05T21:00:06Z,2026-10-05,SJS @ DAL,db6ecbc6d2657c39084510cf3e94f510,game_total_alt,over,,5.5,bovada,-165,125,oddsapi
2026-10-05T21:00:06Z,2026-10-05,SJS @ DAL,db6ecbc6d2657c39084510cf3e94f510,game_total_alt,over,,6,bovada,-135,105,oddsapi
2026-10-05T21:00:06Z,2026-10-05,SJS @ DAL,db6ecbc6d2657c39084510cf3e94f510,game_total_alt,over,,7,bovada,165,-220,oddsapi
2026-10-05T21:00:06Z,2026-10-05,SJS @ DAL,db6ecbc6d2657c39084510cf3e94f510,game_total_alt,over,,7.5,bovada,225,-310,oddsapi
2026-10-05T21:00:06Z,2026-10-05,SJS @ DAL,db6ecbc6d2657c39084510cf3e94f510,game_total_alt,over,,8.5,bovada,340,-526,oddsapi
2026-10-05T21:00:06Z,2026-10-05,SJS @ DAL,db6ecbc6d2657c39084510cf3e94f510,game_total_alt,under,,4.5,bovada,325,-500,oddsapi
2026-10-05T21:00:06Z,2026-10-05,SJS @ DAL,db6ecbc6d2657c39084510cf3e94f510,game_total_alt,under,,5.5,bovada,125,-165,oddsapi
2026-10-05T21:00:06Z,2026-10-05,SJS @ DAL,db6ecbc6d2657c39084510cf3e94f510,game_total_alt,under,,6,bovada,105,-135,oddsapi
2026-10-05T21:00:06Z,2026-10-05,SJS @ DAL,db6ecbc6d2657c39084510cf3e94f510,game_total_alt,under,,7,bovada,-220,165,oddsapi
2026-10-05T21:00:06Z,2026-10-05,SJS @ DAL,db6ecbc6d2657c39084510cf3e94f510,game_total_alt,under,,7.5,bovada,-310,225,oddsapi
2026-10-05T21:00:06Z,2026-10-05,SJS @ DAL,db6ecbc6d2657c39084510cf3e94f510,game_total_alt,under,,8.5,bovada,-526,340,oddsapi
2026-10-05T21:00:06Z,2026-10-05,SJS @ DAL,db6ecbc6d2657c39084510cf3e94f510,game_ml3,DAL,,,bovada,-125,,oddsapi
2026-10-05T21:00:06Z,2026-10-05,SJS @ DAL,db6ecbc6d2657c39084510cf3e94f510,game_ml3,SJS,,,bovada,250,,oddsapi
2026-10-05T21:00:06Z,2026-10-05,SJS @ DAL,db6ecbc6d2657c39084510cf3e94f510,game_ml3,draw,,,bovada,330,,oddsapi
2026-10-05T21:00:06Z,2026-10-05,SJS @ DAL,db6ecbc6d2657c39084510cf3e94f510,p1_ml3,DAL,,,bovada,137,,oddsapi
2026-10-05T21:00:06Z,2026-10-05,SJS @ DAL,db6ecbc6d2657c39084510cf3e94f510,p1_ml3,SJS,,,bovada,225,,oddsapi
2026-10-05T21:00:06Z,2026-10-05,SJS @ DAL,db6ecbc6d2657c39084510cf3e94f510,p1_ml3,draw,,,bovada,185,,oddsapi
2026-10-05T21:00:06Z,2026-10-05,SJS @ DAL,db6ecbc6d2657c39084510cf3e94f510,p1_ml,DAL,,,bovada,-165,125,oddsapi
2026-10-05T21:00:06Z,2026-10-05,SJS @ DAL,db6ecbc6d2657c39084510cf3e94f510,p1_ml,SJS,,,bovada,125,-165,oddsapi
2026-10-05T21:00:06Z,2026-10-05,SJS @ DAL,db6ecbc6d2657c39084510cf3e94f510,p2_ml,DAL,,,bovada,-170,130,oddsapi
2026-10-05T21:00:06Z,2026-10-05,SJS @ DAL,db6ecbc6d2657c39084510cf3e94f510,p2_ml,SJS,,,bovada,130,-170,oddsapi
2026-10-05T21:00:06Z,2026-10-05,SJS @ DAL,db6ecbc6d2657c39084510cf3e94f510,p3_ml,DAL,,,bovada,-170,130,oddsapi
2026-10-05T21:00:06Z,2026-10-05,SJS @ DAL,db6ecbc6d2657c39084510cf3e94f510,p3_ml,SJS,,,bovada,130,-170,oddsapi
2026-10-05T21:00:06Z,2026-10-05,SJS @ DAL,db6ecbc6d2657c39084510cf3e94f510,ags,yes,Joel Kiviranta,,bovada,700,,oddsapi
2026-10-05T21:00:06Z,2026-10-05,SJS @ DAL,db6ecbc6d2657c39084510cf3e94f510,ags,yes,Luca Cagnoni,,bovada,700,,oddsapi
2026-10-05T21:00:06Z,2026-10-05,SJS @ DAL,db6ecbc6d2657c39084510cf3e94f510,ags,yes,Zack Ostapchuk,,bovada,1300,,oddsapi
2026-10-05T21:00:06Z,2026-10-05,SJS @ DAL,db6ecbc6d2657c39084510cf3e94f510,ags,yes,Macklin Celebrini,,bovada,150,,oddsapi
2026-10-05T21:00:06Z,2026-10-05,SJS @ DAL,db6ecbc6d2657c39084510cf3e94f510,ags,yes,Michael Misa,,bovada,410,,oddsapi
2026-10-05T21:00:06Z,2026-10-05,SJS @ DAL,db6ecbc6d2657c39084510cf3e94f510,ags,yes,Arttu Hyry,,bovada,575,,oddsapi
2026-10-05T21:00:06Z,2026-10-05,SJS @ DAL,db6ecbc6d2657c39084510cf3e94f510,ags,yes,Nils Lundkvist,,bovada,1400,,oddsapi
2026-10-05T21:00:06Z,2026-10-05,SJS @ DAL,db6ecbc6d2657c39084510cf3e94f510,ags,yes,Michael Kesselring,,bovada,1500,,oddsapi
2026-10-05T21:00:06Z,2026-10-05,SJS @ DAL,db6ecbc6d2657c39084510cf3e94f510,ags,yes,Collin Graf,,bovada,500,,oddsapi
2026-10-05T21:00:06Z,2026-10-05,SJS @ DAL,db6ecbc6d2657c39084510cf3e94f510,ags,yes,Barclay Goodrow,,bovada,1000,,oddsapi
2026-10-05T21:00:06Z,2026-10-05,SJS @ DAL,db6ecbc6d2657c39084510cf3e94f510,ags,yes,Darnell Nurse,,bovada,1300,,oddsapi
2026-10-05T21:00:06Z,2026-10-05,SJS @ DAL,db6ecbc6d2657c39084510cf3e94f510,ags,yes,Roope Hintz,,bovada,205,,oddsapi
2026-10-05T21:00:06Z,2026-10-05,SJS @ DAL,db6ecbc6d2657c39084510cf3e94f510,ags,yes,Jason Robertson,,bovada,120,,oddsapi
2026-10-05T21:00:06Z,2026-10-05,SJS @ DAL,db6ecbc6d2657c39084510cf3e94f510,ags,yes,Mason Marchment,,bovada,315,,oddsapi
2026-10-05T21:00:06Z,2026-10-05,SJS @ DAL,db6ecbc6d2657c39084510cf3e94f510,ags,yes,Tyler Myers,,bovada,1900,,oddsapi
2026-10-05T21:00:06Z,2026-10-05,SJS @ DAL,db6ecbc6d2657c39084510cf3e94f510,ags,yes,Will Smith,,bovada,215,,oddsapi
2026-10-05T21:00:06Z,2026-10-05,SJS @ DAL,db6ecbc6d2657c39084510cf3e94f510,ags,yes,Colin Blackwell,,bovada,700,,oddsapi
2026-10-05T21:00:06Z,2026-10-05,SJS @ DAL,db6ecbc6d2657c39084510cf3e94f510,ags,yes,Lian Bichsel,,bovada,1300,,oddsapi
2026-10-05T21:00:06Z,2026-10-05,SJS @ DAL,db6ecbc6d2657c39084510cf3e94f510,ags,yes,Tyler Toffoli,,bovada,370,,oddsapi
2026-10-05T21:00:06Z,2026-10-05,SJS @ DAL,db6ecbc6d2657c39084510cf3e94f510,ags,yes,Tyler Seguin,,bovada,250,,oddsapi
2026-10-05T21:00:06Z,2026-10-05,SJS @ DAL,db6ecbc6d2657c39084510cf3e94f510,ags,yes,Mikko Rantanen,,bovada,168,,oddsapi
2026-10-05T21:00:06Z,2026-10-05,SJS @ DAL,db6ecbc6d2657c39084510cf3e94f510,ags,yes,Esa Lindell,,bovada,900,,oddsapi
2026-10-05T21:00:06Z,2026-10-05,SJS @ DAL,db6ecbc6d2657c39084510cf3e94f510,ags,yes,Wyatt Johnston,,bovada,133,,oddsapi
2026-10-05T21:00:06Z,2026-10-05,SJS @ DAL,db6ecbc6d2657c39084510cf3e94f510,ags,yes,Igor Chernyshov,,bovada,350,,oddsapi
2026-10-05T21:00:06Z,2026-10-05,SJS @ DAL,db6ecbc6d2657c39084510cf3e94f510,ags,yes,Radek Faksa,,bovada,850,,oddsapi
2026-10-05T21:00:06Z,2026-10-05,SJS @ DAL,db6ecbc6d2657c39084510cf3e94f510,ags,yes,Justin Hryckowian,,bovada,360,,oddsapi
2026-10-05T21:00:06Z,2026-10-05,SJS @ DAL,db6ecbc6d2657c39084510cf3e94f510,ags,yes,Sam Steel,,bovada,445,,oddsapi
2026-10-05T21:00:06Z,2026-10-05,SJS @ DAL,db6ecbc6d2657c39084510cf3e94f510,ags,yes,Ivar Stenberg,,bovada,410,,oddsapi
2026-10-05T21:00:06Z,2026-10-05,SJS @ DAL,db6ecbc6d2657c39084510cf3e94f510,ags,yes,Thomas Harley,,bovada,600,,oddsapi
2026-10-05T21:00:06Z,2026-10-05,SJS @ DAL,db6ecbc6d2657c39084510cf3e94f510,ags,yes,Jacob Trouba,,bovada,1100,,oddsapi
2026-10-05T21:00:06Z,2026-10-05,SJS @ DAL,db6ecbc6d2657c39084510cf3e94f510,ags,yes,Dmitry Orlov,,bovada,1000,,oddsapi
2026-10-05T21:00:06Z,2026-10-05,SJS @ DAL,db6ecbc6d2657c39084510cf3e94f510,ags,yes,Jamie Benn,,bovada,380,,oddsapi
2026-10-05T21:00:06Z,2026-10-05,SJS @ DAL,db6ecbc6d2657c39084510cf3e94f510,ags,yes,Kiefer Sherwood,,bovada,550,,oddsapi
2026-10-05T21:00:06Z,2026-10-05,SJS @ DAL,db6ecbc6d2657c39084510cf3e94f510,ags,yes,Miro Heiskanen,,bovada,440,,oddsapi
2026-10-05T21:00:06Z,2026-10-05,SJS @ DAL,db6ecbc6d2657c39084510cf3e94f510,ags,yes,Oskar Back,,bovada,825,,oddsapi
2026-10-05T21:00:06Z,2026-10-05,SJS @ DAL,db6ecbc6d2657c39084510cf3e94f510,ags,yes,Alexander Wennberg,,bovada,425,,oddsapi
2026-10-05T21:00:06Z,2026-10-05,SJS @ DAL,db6ecbc6d2657c39084510cf3e94f510,fgs,yes,Joel Kiviranta,,bovada,4000,,oddsapi
2026-10-05T21:00:06Z,2026-10-05,SJS @ DAL,db6ecbc6d2657c39084510cf3e94f510,fgs,yes,Igor Chernyshov,,bovada,2200,,oddsapi
2026-10-05T21:00:06Z,2026-10-05,SJS @ DAL,db6ecbc6d2657c39084510cf3e94f510,fgs,yes,Jamie Benn,,bovada,2200,,oddsapi
2026-10-05T21:00:06Z,2026-10-05,SJS @ DAL,db6ecbc6d2657c39084510cf3e94f510,fgs,yes,Roope Hintz,,bovada,1400,,oddsapi
2026-10-05T21:00:06Z,2026-10-05,SJS @ DAL,db6ecbc6d2657c39084510cf3e94f510,fgs,yes,Tyler Toffoli,,bovada,2500,,oddsapi
2026-10-05T21:00:06Z,2026-10-05,SJS @ DAL,db6ecbc6d2657c39084510cf3e94f510,fgs,yes,Darnell Nurse,,bovada,7500,,oddsapi
2026-10-05T21:00:06Z,2026-10-05,SJS @ DAL,db6ecbc6d2657c39084510cf3e94f510,fgs,yes,Luca Cagnoni,,bovada,3500,,oddsapi
2026-10-05T21:00:06Z,2026-10-05,SJS @ DAL,db6ecbc6d2657c39084510cf3e94f510,fgs,yes,Mason Marchment,,bovada,2000,,oddsapi
2026-10-05T21:00:06Z,2026-10-05,SJS @ DAL,db6ecbc6d2657c39084510cf3e94f510,fgs,yes,Arttu Hyry,,bovada,3000,,oddsapi
2026-10-05T21:00:06Z,2026-10-05,SJS @ DAL,db6ecbc6d2657c39084510cf3e94f510,fgs,yes,Mikko Rantanen,,bovada,1100,,oddsapi
2026-10-05T21:00:06Z,2026-10-05,SJS @ DAL,db6ecbc6d2657c39084510cf3e94f510,fgs,yes,Michael Misa,,bovada,2500,,oddsapi
2026-10-05T21:00:06Z,2026-10-05,SJS @ DAL,db6ecbc6d2657c39084510cf3e94f510,fgs,yes,Zack Ostapchuk,,bovada,7000,,oddsapi
2026-10-05T21:00:06Z,2026-10-05,SJS @ DAL,db6ecbc6d2657c39084510cf3e94f510,fgs,yes,Kiefer Sherwood,,bovada,3300,,oddsapi
2026-10-05T21:00:06Z,2026-10-05,SJS @ DAL,db6ecbc6d2657c39084510cf3e94f510,fgs,yes,Wyatt Johnston,,bovada,1000,,oddsapi
2026-10-05T21:00:06Z,2026-10-05,SJS @ DAL,db6ecbc6d2657c39084510cf3e94f510,fgs,yes,Esa Lindell,,bovada,4500,,oddsapi
2026-10-05T21:00:06Z,2026-10-05,SJS @ DAL,db6ecbc6d2657c39084510cf3e94f510,fgs,yes,Miro Heiskanen,,bovada,2500,,oddsapi
2026-10-05T21:00:06Z,2026-10-05,SJS @ DAL,db6ecbc6d2657c39084510cf3e94f510,fgs,yes,Ivar Stenberg,,bovada,2500,,oddsapi
2026-10-05T21:00:06Z,2026-10-05,SJS @ DAL,db6ecbc6d2657c39084510cf3e94f510,fgs,yes,Sam Steel,,bovada,2200,,oddsapi
2026-10-05T21:00:06Z,2026-10-05,SJS @ DAL,db6ecbc6d2657c39084510cf3e94f510,fgs,yes,Nils Lundkvist,,bovada,7500,,oddsapi
2026-10-05T21:00:06Z,2026-10-05,SJS @ DAL,db6ecbc6d2657c39084510cf3e94f510,fgs,yes,Macklin Celebrini,,bovada,1100,,oddsapi
2026-10-05T21:00:06Z,2026-10-05,SJS @ DAL,db6ecbc6d2657c39084510cf3e94f510,fgs,yes,Tyler Seguin,,bovada,1600,,oddsapi
2026-10-05T21:00:06Z,2026-10-05,SJS @ DAL,db6ecbc6d2657c39084510cf3e94f510,fgs,yes,Michael Kesselring,,bovada,8000,,oddsapi
2026-10-05T21:00:06Z,2026-10-05,SJS @ DAL,db6ecbc6d2657c39084510cf3e94f510,fgs,yes,Will Smith,,bovada,1500,,oddsapi
2026-10-05T21:00:06Z,2026-10-05,SJS @ DAL,db6ecbc6d2657c39084510cf3e94f510,fgs,yes,Barclay Goodrow,,bovada,7000,,oddsapi
2026-10-05T21:00:06Z,2026-10-05,SJS @ DAL,db6ecbc6d2657c39084510cf3e94f510,fgs,yes,Jacob Trouba,,bovada,6000,,oddsapi
2026-10-05T21:00:06Z,2026-10-05,SJS @ DAL,db6ecbc6d2657c39084510cf3e94f510,fgs,yes,Collin Graf,,bovada,3000,,oddsapi
2026-10-05T21:00:06Z,2026-10-05,SJS @ DAL,db6ecbc6d2657c39084510cf3e94f510,fgs,yes,Radek Faksa,,bovada,4500,,oddsapi
2026-10-05T21:00:06Z,2026-10-05,SJS @ DAL,db6ecbc6d2657c39084510cf3e94f510,fgs,yes,Dmitry Orlov,,bovada,6000,,oddsapi
2026-10-05T21:00:06Z,2026-10-05,SJS @ DAL,db6ecbc6d2657c39084510cf3e94f510,fgs,yes,Jason Robertson,,bovada,1000,,oddsapi
2026-10-05T21:00:06Z,2026-10-05,SJS @ DAL,db6ecbc6d2657c39084510cf3e94f510,fgs,yes,Justin Hryckowian,,bovada,2200,,oddsapi
2026-10-05T21:00:06Z,2026-10-05,SJS @ DAL,db6ecbc6d2657c39084510cf3e94f510,fgs,yes,Thomas Harley,,bovada,3500,,oddsapi
2026-10-05T21:00:06Z,2026-10-05,SJS @ DAL,db6ecbc6d2657c39084510cf3e94f510,fgs,yes,Alexander Wennberg,,bovada,3000,,oddsapi
2026-10-05T21:00:06Z,2026-10-05,SJS @ DAL,db6ecbc6d2657c39084510cf3e94f510,fgs,yes,Oskar Back,,bovada,4500,,oddsapi
2026-10-05T21:00:06Z,2026-10-05,SJS @ DAL,db6ecbc6d2657c39084510cf3e94f510,sk_sog,over,Darnell Nurse,1.5,bovada,100,-130,oddsapi
2026-10-05T21:00:06Z,2026-10-05,SJS @ DAL,db6ecbc6d2657c39084510cf3e94f510,sk_sog,under,Darnell Nurse,1.5,bovada,-130,100,oddsapi
2026-10-05T21:00:06Z,2026-10-05,SJS @ DAL,db6ecbc6d2657c39084510cf3e94f510,sk_sog,over,Jason Robertson,3.5,bovada,125,-165,oddsapi
2026-10-05T21:00:06Z,2026-10-05,SJS @ DAL,db6ecbc6d2657c39084510cf3e94f510,sk_sog,under,Jason Robertson,3.5,bovada,-165,125,oddsapi
2026-10-05T21:00:06Z,2026-10-05,SJS @ DAL,db6ecbc6d2657c39084510cf3e94f510,sk_sog,over,Luca Cagnoni,1.5,bovada,115,-150,oddsapi
2026-10-05T21:00:06Z,2026-10-05,SJS @ DAL,db6ecbc6d2657c39084510cf3e94f510,sk_sog,under,Luca Cagnoni,1.5,bovada,-150,115,oddsapi
2026-10-05T21:00:06Z,2026-10-05,SJS @ DAL,db6ecbc6d2657c39084510cf3e94f510,sk_sog,over,Mason Marchment,1.5,bovada,-110,-120,oddsapi
2026-10-05T21:00:06Z,2026-10-05,SJS @ DAL,db6ecbc6d2657c39084510cf3e94f510,sk_sog,under,Mason Marchment,1.5,bovada,-120,-110,oddsapi
2026-10-05T21:00:06Z,2026-10-05,SJS @ DAL,db6ecbc6d2657c39084510cf3e94f510,sk_sog,over,Mikko Rantanen,2.5,bovada,125,-165,oddsapi
2026-10-05T21:00:06Z,2026-10-05,SJS @ DAL,db6ecbc6d2657c39084510cf3e94f510,sk_sog,under,Mikko Rantanen,2.5,bovada,-165,125,oddsapi
2026-10-05T21:00:06Z,2026-10-05,SJS @ DAL,db6ecbc6d2657c39084510cf3e94f510,sk_sog,over,Roope Hintz,1.5,bovada,-185,140,oddsapi
2026-10-05T21:00:06Z,2026-10-05,SJS @ DAL,db6ecbc6d2657c39084510cf3e94f510,sk_sog,under,Roope Hintz,1.5,bovada,140,-185,oddsapi
2026-10-05T21:00:06Z,2026-10-05,SJS @ DAL,db6ecbc6d2657c39084510cf3e94f510,sk_sog,over,Tyler Toffoli,1.5,bovada,105,-135,oddsapi
2026-10-05T21:00:06Z,2026-10-05,SJS @ DAL,db6ecbc6d2657c39084510cf3e94f510,sk_sog,under,Tyler Toffoli,1.5,bovada,-135,105,oddsapi
2026-10-05T21:00:06Z,2026-10-05,SJS @ DAL,db6ecbc6d2657c39084510cf3e94f510,sk_sog,over,Will Smith,1.5,bovada,-170,130,oddsapi
2026-10-05T21:00:06Z,2026-10-05,SJS @ DAL,db6ecbc6d2657c39084510cf3e94f510,sk_sog,under,Will Smith,1.5,bovada,130,-170,oddsapi
2026-10-05T21:00:06Z,2026-10-05,SJS @ DAL,db6ecbc6d2657c39084510cf3e94f510,sk_sog,over,Wyatt Johnston,2.5,bovada,-120,-110,oddsapi
2026-10-05T21:00:06Z,2026-10-05,SJS @ DAL,db6ecbc6d2657c39084510cf3e94f510,sk_sog,under,Wyatt Johnston,2.5,bovada,-110,-120,oddsapi
2026-10-05T21:00:06Z,2026-10-05,SJS @ DAL,db6ecbc6d2657c39084510cf3e94f510,g_saves,over,Jake Oettinger,21.5,bovada,-125,-105,oddsapi
2026-10-05T21:00:06Z,2026-10-05,SJS @ DAL,db6ecbc6d2657c39084510cf3e94f510,g_saves,under,Jake Oettinger,21.5,bovada,-105,-125,oddsapi
2026-10-05T21:00:06Z,2026-10-05,SJS @ DAL,db6ecbc6d2657c39084510cf3e94f510,g_saves,over,Yaroslav Askarov,23.5,bovada,-130,100,oddsapi
2026-10-05T21:00:06Z,2026-10-05,SJS @ DAL,db6ecbc6d2657c39084510cf3e94f510,g_saves,under,Yaroslav Askarov,23.5,bovada,100,-130,oddsapi
2026-10-05T21:00:06Z,2026-10-05,SJS @ DAL,db6ecbc6d2657c39084510cf3e94f510,p1_pl,DAL,,-0.5,bovada,130,-170,oddsapi
2026-10-05T21:00:06Z,2026-10-05,SJS @ DAL,db6ecbc6d2657c39084510cf3e94f510,p1_pl,SJS,,0.5,bovada,-170,130,oddsapi
2026-10-05T21:00:06Z,2026-10-05,SJS @ DAL,db6ecbc6d2657c39084510cf3e94f510,p2_pl,DAL,,-0.5,bovada,120,-160,oddsapi
2026-10-05T21:00:06Z,2026-10-05,SJS @ DAL,db6ecbc6d2657c39084510cf3e94f510,p2_pl,SJS,,0.5,bovada,-160,120,oddsapi
2026-10-05T21:00:06Z,2026-10-05,SJS @ DAL,db6ecbc6d2657c39084510cf3e94f510,p3_pl,DAL,,-0.5,bovada,110,-145,oddsapi
2026-10-05T21:00:06Z,2026-10-05,SJS @ DAL,db6ecbc6d2657c39084510cf3e94f510,p3_pl,SJS,,0.5,bovada,-145,110,oddsapi
2026-10-05T21:00:06Z,2026-10-05,SJS @ DAL,db6ecbc6d2657c39084510cf3e94f510,p1_total,over,,1.5,bovada,-145,110,oddsapi
2026-10-05T21:00:06Z,2026-10-05,SJS @ DAL,db6ecbc6d2657c39084510cf3e94f510,p1_total,under,,1.5,bovada,110,-145,oddsapi
2026-10-05T21:00:06Z,2026-10-05,SJS @ DAL,db6ecbc6d2657c39084510cf3e94f510,p2_total,over,,2,bovada,100,-130,oddsapi
2026-10-05T21:00:06Z,2026-10-05,SJS @ DAL,db6ecbc6d2657c39084510cf3e94f510,p2_total,under,,2,bovada,-130,100,oddsapi
2026-10-05T21:00:06Z,2026-10-05,SJS @ DAL,db6ecbc6d2657c39084510cf3e94f510,p3_total,over,,2,bovada,-145,110,oddsapi
2026-10-05T21:00:06Z,2026-10-05,SJS @ DAL,db6ecbc6d2657c39084510cf3e94f510,p3_total,under,,2,bovada,110,-145,oddsapi
2026-10-05T21:00:06Z,2026-10-05,SJS @ DAL,db6ecbc6d2657c39084510cf3e94f510,p1_ml,DAL,,,betus,-155,125,oddsapi
2026-10-05T21:00:06Z,2026-10-05,SJS @ DAL,db6ecbc6d2657c39084510cf3e94f510,p1_ml,SJS,,,betus,125,-155,oddsapi
2026-10-05T21:00:06Z,2026-10-05,SJS @ DAL,db6ecbc6d2657c39084510cf3e94f510,p1_pl,DAL,,-0.5,betus,130,-160,oddsapi
2026-10-05T21:00:06Z,2026-10-05,SJS @ DAL,db6ecbc6d2657c39084510cf3e94f510,p1_pl,SJS,,0.5,betus,-160,130,oddsapi
2026-10-05T21:00:06Z,2026-10-05,SJS @ DAL,db6ecbc6d2657c39084510cf3e94f510,p1_total,over,,1.5,betus,-145,115,oddsapi
2026-10-05T21:00:06Z,2026-10-05,SJS @ DAL,db6ecbc6d2657c39084510cf3e94f510,p1_total,under,,1.5,betus,115,-145,oddsapi
2026-10-05T21:00:06Z,2026-10-05,SJS @ DAL,db6ecbc6d2657c39084510cf3e94f510,team_total_alt,over,DAL,1.5,betmgm,-900,450,oddsapi
2026-10-05T21:00:06Z,2026-10-05,SJS @ DAL,db6ecbc6d2657c39084510cf3e94f510,team_total_alt,under,DAL,1.5,betmgm,450,-900,oddsapi
2026-10-05T21:00:06Z,2026-10-05,SJS @ DAL,db6ecbc6d2657c39084510cf3e94f510,team_total_alt,over,DAL,2,betmgm,-700,400,oddsapi
2026-10-05T21:00:06Z,2026-10-05,SJS @ DAL,db6ecbc6d2657c39084510cf3e94f510,team_total_alt,under,DAL,2,betmgm,400,-700,oddsapi
2026-10-05T21:00:06Z,2026-10-05,SJS @ DAL,db6ecbc6d2657c39084510cf3e94f510,team_total_alt,over,DAL,2.5,betmgm,-285,195,oddsapi
2026-10-05T21:00:06Z,2026-10-05,SJS @ DAL,db6ecbc6d2657c39084510cf3e94f510,team_total_alt,under,DAL,2.5,betmgm,195,-285,oddsapi
2026-10-05T21:00:06Z,2026-10-05,SJS @ DAL,db6ecbc6d2657c39084510cf3e94f510,team_total_alt,over,DAL,3,betmgm,-210,145,oddsapi
2026-10-05T21:00:06Z,2026-10-05,SJS @ DAL,db6ecbc6d2657c39084510cf3e94f510,team_total_alt,under,DAL,3,betmgm,145,-210,oddsapi
2026-10-05T21:00:06Z,2026-10-05,SJS @ DAL,db6ecbc6d2657c39084510cf3e94f510,team_total_alt,over,DAL,3.5,betmgm,-120,-115,oddsapi
2026-10-05T21:00:06Z,2026-10-05,SJS @ DAL,db6ecbc6d2657c39084510cf3e94f510,team_total_alt,under,DAL,3.5,betmgm,-115,-120,oddsapi
2026-10-05T21:00:06Z,2026-10-05,SJS @ DAL,db6ecbc6d2657c39084510cf3e94f510,team_total_alt,over,DAL,4,betmgm,130,-185,oddsapi
2026-10-05T21:00:06Z,2026-10-05,SJS @ DAL,db6ecbc6d2657c39084510cf3e94f510,team_total_alt,under,DAL,4,betmgm,-185,130,oddsapi
2026-10-05T21:00:06Z,2026-10-05,SJS @ DAL,db6ecbc6d2657c39084510cf3e94f510,team_total_alt,over,DAL,4.5,betmgm,175,-250,oddsapi
2026-10-05T21:00:06Z,2026-10-05,SJS @ DAL,db6ecbc6d2657c39084510cf3e94f510,team_total_alt,under,DAL,4.5,betmgm,-250,175,oddsapi
2026-10-05T21:00:06Z,2026-10-05,SJS @ DAL,db6ecbc6d2657c39084510cf3e94f510,team_total_alt,over,DAL,5.5,betmgm,400,-700,oddsapi
2026-10-05T21:00:06Z,2026-10-05,SJS @ DAL,db6ecbc6d2657c39084510cf3e94f510,team_total_alt,under,DAL,5.5,betmgm,-700,400,oddsapi
2026-10-05T21:00:06Z,2026-10-05,SJS @ DAL,db6ecbc6d2657c39084510cf3e94f510,team_total_alt,over,DAL,5,betmgm,333,-550,oddsapi
2026-10-05T21:00:06Z,2026-10-05,SJS @ DAL,db6ecbc6d2657c39084510cf3e94f510,team_total_alt,under,DAL,5,betmgm,-550,333,oddsapi
2026-10-05T21:00:06Z,2026-10-05,SJS @ DAL,db6ecbc6d2657c39084510cf3e94f510,team_total_alt,over,SJS,0.5,betmgm,-2000,700,oddsapi
2026-10-05T21:00:06Z,2026-10-05,SJS @ DAL,db6ecbc6d2657c39084510cf3e94f510,team_total_alt,under,SJS,0.5,betmgm,700,-2000,oddsapi
2026-10-05T21:00:06Z,2026-10-05,SJS @ DAL,db6ecbc6d2657c39084510cf3e94f510,team_total_alt,over,SJS,1,betmgm,-1600,625,oddsapi
2026-10-05T21:00:06Z,2026-10-05,SJS @ DAL,db6ecbc6d2657c39084510cf3e94f510,team_total_alt,under,SJS,1,betmgm,625,-1600,oddsapi
2026-10-05T21:00:06Z,2026-10-05,SJS @ DAL,db6ecbc6d2657c39084510cf3e94f510,team_total_alt,over,SJS,1.5,betmgm,-350,230,oddsapi
2026-10-05T21:00:06Z,2026-10-05,SJS @ DAL,db6ecbc6d2657c39084510cf3e94f510,team_total_alt,under,SJS,1.5,betmgm,230,-350,oddsapi
2026-10-05T21:00:06Z,2026-10-05,SJS @ DAL,db6ecbc6d2657c39084510cf3e94f510,team_total_alt,over,SJS,2,betmgm,-235,165,oddsapi
2026-10-05T21:00:06Z,2026-10-05,SJS @ DAL,db6ecbc6d2657c39084510cf3e94f510,team_total_alt,under,SJS,2,betmgm,165,-235,oddsapi
2026-10-05T21:00:06Z,2026-10-05,SJS @ DAL,db6ecbc6d2657c39084510cf3e94f510,team_total_alt,over,SJS,2.5,betmgm,-125,-110,oddsapi
2026-10-05T21:00:06Z,2026-10-05,SJS @ DAL,db6ecbc6d2657c39084510cf3e94f510,team_total_alt,under,SJS,2.5,betmgm,-110,-125,oddsapi
2026-10-05T21:00:06Z,2026-10-05,SJS @ DAL,db6ecbc6d2657c39084510cf3e94f510,team_total_alt,over,SJS,3,betmgm,125,-175,oddsapi
2026-10-05T21:00:06Z,2026-10-05,SJS @ DAL,db6ecbc6d2657c39084510cf3e94f510,team_total_alt,under,SJS,3,betmgm,-175,125,oddsapi
2026-10-05T21:00:06Z,2026-10-05,SJS @ DAL,db6ecbc6d2657c39084510cf3e94f510,team_total_alt,over,SJS,3.5,betmgm,175,-250,oddsapi
2026-10-05T21:00:06Z,2026-10-05,SJS @ DAL,db6ecbc6d2657c39084510cf3e94f510,team_total_alt,under,SJS,3.5,betmgm,-250,175,oddsapi
2026-10-05T21:00:06Z,2026-10-05,SJS @ DAL,db6ecbc6d2657c39084510cf3e94f510,team_total_alt,over,SJS,4,betmgm,320,-525,oddsapi
2026-10-05T21:00:06Z,2026-10-05,SJS @ DAL,db6ecbc6d2657c39084510cf3e94f510,team_total_alt,under,SJS,4,betmgm,-525,320,oddsapi
2026-10-05T21:00:06Z,2026-10-05,SJS @ DAL,db6ecbc6d2657c39084510cf3e94f510,team_total_alt,over,SJS,4.5,betmgm,375,-650,oddsapi
2026-10-05T21:00:06Z,2026-10-05,SJS @ DAL,db6ecbc6d2657c39084510cf3e94f510,team_total_alt,under,SJS,4.5,betmgm,-650,375,oddsapi
2026-10-05T21:00:06Z,2026-10-05,SJS @ DAL,db6ecbc6d2657c39084510cf3e94f510,game_ml3,DAL,,,betmgm,-125,,oddsapi
2026-10-05T21:00:06Z,2026-10-05,SJS @ DAL,db6ecbc6d2657c39084510cf3e94f510,game_ml3,SJS,,,betmgm,250,,oddsapi
2026-10-05T21:00:06Z,2026-10-05,SJS @ DAL,db6ecbc6d2657c39084510cf3e94f510,game_ml3,draw,,,betmgm,320,,oddsapi
2026-10-05T21:00:06Z,2026-10-05,SJS @ DAL,db6ecbc6d2657c39084510cf3e94f510,p1_ml3,DAL,,,betmgm,120,,oddsapi
2026-10-05T21:00:06Z,2026-10-05,SJS @ DAL,db6ecbc6d2657c39084510cf3e94f510,p1_ml3,SJS,,,betmgm,220,,oddsapi
2026-10-05T21:00:06Z,2026-10-05,SJS @ DAL,db6ecbc6d2657c39084510cf3e94f510,p1_ml3,draw,,,betmgm,190,,oddsapi
2026-10-05T21:00:06Z,2026-10-05,SJS @ DAL,db6ecbc6d2657c39084510cf3e94f510,p2_ml3,DAL,,,betmgm,118,,oddsapi
2026-10-05T21:00:06Z,2026-10-05,SJS @ DAL,db6ecbc6d2657c39084510cf3e94f510,p2_ml3,SJS,,,betmgm,210,,oddsapi
2026-10-05T21:00:06Z,2026-10-05,SJS @ DAL,db6ecbc6d2657c39084510cf3e94f510,p2_ml3,draw,,,betmgm,200,,oddsapi
2026-10-05T21:00:06Z,2026-10-05,SJS @ DAL,db6ecbc6d2657c39084510cf3e94f510,p3_ml3,DAL,,,betmgm,105,,oddsapi
2026-10-05T21:00:06Z,2026-10-05,SJS @ DAL,db6ecbc6d2657c39084510cf3e94f510,p3_ml3,SJS,,,betmgm,210,,oddsapi
2026-10-05T21:00:06Z,2026-10-05,SJS @ DAL,db6ecbc6d2657c39084510cf3e94f510,p3_ml3,draw,,,betmgm,230,,oddsapi
2026-10-05T21:00:06Z,2026-10-05,SJS @ DAL,db6ecbc6d2657c39084510cf3e94f510,p1_ml,DAL,,,betmgm,-170,130,oddsapi
2026-10-05T21:00:06Z,2026-10-05,SJS @ DAL,db6ecbc6d2657c39084510cf3e94f510,p1_ml,SJS,,,betmgm,130,-170,oddsapi
2026-10-05T21:00:06Z,2026-10-05,SJS @ DAL,db6ecbc6d2657c39084510cf3e94f510,p2_ml,DAL,,,betmgm,-185,130,oddsapi
2026-10-05T21:00:06Z,2026-10-05,SJS @ DAL,db6ecbc6d2657c39084510cf3e94f510,p2_ml,SJS,,,betmgm,130,-185,oddsapi
2026-10-05T21:00:06Z,2026-10-05,SJS @ DAL,db6ecbc6d2657c39084510cf3e94f510,p3_ml,DAL,,,betmgm,-185,130,oddsapi
2026-10-05T21:00:06Z,2026-10-05,SJS @ DAL,db6ecbc6d2657c39084510cf3e94f510,p3_ml,SJS,,,betmgm,130,-185,oddsapi
2026-10-05T21:00:06Z,2026-10-05,SJS @ DAL,db6ecbc6d2657c39084510cf3e94f510,sk_a,over,Igor Chernyshov,0.5,betmgm,270,-450,oddsapi
2026-10-05T21:00:06Z,2026-10-05,SJS @ DAL,db6ecbc6d2657c39084510cf3e94f510,sk_a,under,Igor Chernyshov,0.5,betmgm,-450,270,oddsapi
2026-10-05T21:00:06Z,2026-10-05,SJS @ DAL,db6ecbc6d2657c39084510cf3e94f510,sk_a,over,Wyatt Johnston,0.5,betmgm,110,-150,oddsapi
2026-10-05T21:00:06Z,2026-10-05,SJS @ DAL,db6ecbc6d2657c39084510cf3e94f510,sk_a,under,Wyatt Johnston,0.5,betmgm,-150,110,oddsapi
2026-10-05T21:00:06Z,2026-10-05,SJS @ DAL,db6ecbc6d2657c39084510cf3e94f510,sk_a,over,Darnell Nurse,0.5,betmgm,230,-350,oddsapi
2026-10-05T21:00:06Z,2026-10-05,SJS @ DAL,db6ecbc6d2657c39084510cf3e94f510,sk_a,under,Darnell Nurse,0.5,betmgm,-350,230,oddsapi
2026-10-05T21:00:06Z,2026-10-05,SJS @ DAL,db6ecbc6d2657c39084510cf3e94f510,sk_a,over,Alex Wennberg,0.5,betmgm,170,-235,oddsapi
2026-10-05T21:00:06Z,2026-10-05,SJS @ DAL,db6ecbc6d2657c39084510cf3e94f510,sk_a,under,Alex Wennberg,0.5,betmgm,-235,170,oddsapi
2026-10-05T21:00:06Z,2026-10-05,SJS @ DAL,db6ecbc6d2657c39084510cf3e94f510,sk_a,over,Zack Ostapchuk,0.5,betmgm,340,-700,oddsapi
2026-10-05T21:00:06Z,2026-10-05,SJS @ DAL,db6ecbc6d2657c39084510cf3e94f510,sk_a,under,Zack Ostapchuk,0.5,betmgm,-700,340,oddsapi
2026-10-05T21:00:06Z,2026-10-05,SJS @ DAL,db6ecbc6d2657c39084510cf3e94f510,sk_a,over,Ivar Stenberg,0.5,betmgm,220,-325,oddsapi
2026-10-05T21:00:06Z,2026-10-05,SJS @ DAL,db6ecbc6d2657c39084510cf3e94f510,sk_a,under,Ivar Stenberg,0.5,betmgm,-325,220,oddsapi
2026-10-05T21:00:06Z,2026-10-05,SJS @ DAL,db6ecbc6d2657c39084510cf3e94f510,sk_a,over,Thomas Harley,0.5,betmgm,145,-200,oddsapi
2026-10-05T21:00:06Z,2026-10-05,SJS @ DAL,db6ecbc6d2657c39084510cf3e94f510,sk_a,under,Thomas Harley,0.5,betmgm,-200,145,oddsapi
2026-10-05T21:00:06Z,2026-10-05,SJS @ DAL,db6ecbc6d2657c39084510cf3e94f510,sk_a,over,Miro Heiskanen,0.5,betmgm,-135,100,oddsapi
2026-10-05T21:00:06Z,2026-10-05,SJS @ DAL,db6ecbc6d2657c39084510cf3e94f510,sk_a,under,Miro Heiskanen,0.5,betmgm,100,-135,oddsapi
2026-10-05T21:00:06Z,2026-10-05,SJS @ DAL,db6ecbc6d2657c39084510cf3e94f510,sk_a,over,Mason Marchment,0.5,betmgm,150,-210,oddsapi
2026-10-05T21:00:06Z,2026-10-05,SJS @ DAL,db6ecbc6d2657c39084510cf3e94f510,sk_a,under,Mason Marchment,0.5,betmgm,-210,150,oddsapi
2026-10-05T21:00:06Z,2026-10-05,SJS @ DAL,db6ecbc6d2657c39084510cf3e94f510,sk_a,over,Dmitry Orlov,0.5,betmgm,195,-275,oddsapi
2026-10-05T21:00:06Z,2026-10-05,SJS @ DAL,db6ecbc6d2657c39084510cf3e94f510,sk_a,under,Dmitry Orlov,0.5,betmgm,-275,195,oddsapi
2026-10-05T21:00:06Z,2026-10-05,SJS @ DAL,db6ecbc6d2657c39084510cf3e94f510,sk_a,over,Roope Hintz,0.5,betmgm,115,-155,oddsapi
2026-10-05T21:00:06Z,2026-10-05,SJS @ DAL,db6ecbc6d2657c39084510cf3e94f510,sk_a,under,Roope Hintz,0.5,betmgm,-155,115,oddsapi
2026-10-05T21:00:06Z,2026-10-05,SJS @ DAL,db6ecbc6d2657c39084510cf3e94f510,sk_a,over,Jason Robertson,0.5,betmgm,-111,-120,oddsapi
2026-10-05T21:00:06Z,2026-10-05,SJS @ DAL,db6ecbc6d2657c39084510cf3e94f510,sk_a,under,Jason Robertson,0.5,betmgm,-120,-111,oddsapi
2026-10-05T21:00:06Z,2026-10-05,SJS @ DAL,db6ecbc6d2657c39084510cf3e94f510,sk_a,over,Macklin Celebrini,0.5,betmgm,-105,-125,oddsapi
2026-10-05T21:00:06Z,2026-10-05,SJS @ DAL,db6ecbc6d2657c39084510cf3e94f510,sk_a,under,Macklin Celebrini,0.5,betmgm,-125,-105,oddsapi
2026-10-05T21:00:06Z,2026-10-05,SJS @ DAL,db6ecbc6d2657c39084510cf3e94f510,sk_a,over,Luca Cagnoni,0.5,betmgm,240,-375,oddsapi
2026-10-05T21:00:06Z,2026-10-05,SJS @ DAL,db6ecbc6d2657c39084510cf3e94f510,sk_a,under,Luca Cagnoni,0.5,betmgm,-375,240,oddsapi
2026-10-05T21:00:06Z,2026-10-05,SJS @ DAL,db6ecbc6d2657c39084510cf3e94f510,sk_a,over,Mikko Rantanen,0.5,betmgm,-135,100,oddsapi
2026-10-05T21:00:06Z,2026-10-05,SJS @ DAL,db6ecbc6d2657c39084510cf3e94f510,sk_a,under,Mikko Rantanen,0.5,betmgm,100,-135,oddsapi
2026-10-05T21:00:06Z,2026-10-05,SJS @ DAL,db6ecbc6d2657c39084510cf3e94f510,sk_a,over,Will Smith,0.5,betmgm,140,-190,oddsapi
2026-10-05T21:00:06Z,2026-10-05,SJS @ DAL,db6ecbc6d2657c39084510cf3e94f510,sk_a,under,Will Smith,0.5,betmgm,-190,140,oddsapi
2026-10-05T21:00:06Z,2026-10-05,SJS @ DAL,db6ecbc6d2657c39084510cf3e94f510,ags,yes,Jason Robertson,,betmgm,135,,oddsapi
2026-10-05T21:00:06Z,2026-10-05,SJS @ DAL,db6ecbc6d2657c39084510cf3e94f510,ags,yes,Wyatt Johnston,,betmgm,140,,oddsapi
2026-10-05T21:00:06Z,2026-10-05,SJS @ DAL,db6ecbc6d2657c39084510cf3e94f510,ags,yes,Macklin Celebrini,,betmgm,150,,oddsapi
2026-10-05T21:00:06Z,2026-10-05,SJS @ DAL,db6ecbc6d2657c39084510cf3e94f510,ags,yes,Mikko Rantanen,,betmgm,180,,oddsapi
2026-10-05T21:00:06Z,2026-10-05,SJS @ DAL,db6ecbc6d2657c39084510cf3e94f510,ags,yes,Will Smith,,betmgm,220,,oddsapi
2026-10-05T21:00:06Z,2026-10-05,SJS @ DAL,db6ecbc6d2657c39084510cf3e94f510,ags,yes,Roope Hintz,,betmgm,220,,oddsapi
2026-10-05T21:00:06Z,2026-10-05,SJS @ DAL,db6ecbc6d2657c39084510cf3e94f510,ags,yes,Tyler Seguin,,betmgm,270,,oddsapi
2026-10-05T21:00:06Z,2026-10-05,SJS @ DAL,db6ecbc6d2657c39084510cf3e94f510,ags,yes,Mason Marchment,,betmgm,310,,oddsapi
2026-10-05T21:00:06Z,2026-10-05,SJS @ DAL,db6ecbc6d2657c39084510cf3e94f510,ags,yes,Igor Chernyshov,,betmgm,333,,oddsapi
2026-10-05T21:00:06Z,2026-10-05,SJS @ DAL,db6ecbc6d2657c39084510cf3e94f510,ags,yes,Tyler Toffoli,,betmgm,360,,oddsapi
2026-10-05T21:00:06Z,2026-10-05,SJS @ DAL,db6ecbc6d2657c39084510cf3e94f510,ags,yes,Ivar Stenberg,,betmgm,400,,oddsapi
2026-10-05T21:00:06Z,2026-10-05,SJS @ DAL,db6ecbc6d2657c39084510cf3e94f510,ags,yes,Jamie Benn,,betmgm,400,,oddsapi
2026-10-05T21:00:06Z,2026-10-05,SJS @ DAL,db6ecbc6d2657c39084510cf3e94f510,ags,yes,Michael Misa,,betmgm,400,,oddsapi
2026-10-05T21:00:06Z,2026-10-05,SJS @ DAL,db6ecbc6d2657c39084510cf3e94f510,ags,yes,Justin Hryckowian,,betmgm,400,,oddsapi
2026-10-05T21:00:06Z,2026-10-05,SJS @ DAL,db6ecbc6d2657c39084510cf3e94f510,ags,yes,Alex Wennberg,,betmgm,400,,oddsapi
2026-10-05T21:00:06Z,2026-10-05,SJS @ DAL,db6ecbc6d2657c39084510cf3e94f510,ags,yes,Miro Heiskanen,,betmgm,425,,oddsapi
2026-10-05T21:00:06Z,2026-10-05,SJS @ DAL,db6ecbc6d2657c39084510cf3e94f510,ags,yes,Collin Graf,,betmgm,500,,oddsapi
2026-10-05T21:00:06Z,2026-10-05,SJS @ DAL,db6ecbc6d2657c39084510cf3e94f510,ags,yes,Sam Steel,,betmgm,500,,oddsapi
2026-10-05T21:00:06Z,2026-10-05,SJS @ DAL,db6ecbc6d2657c39084510cf3e94f510,ags,yes,Thomas Harley,,betmgm,600,,oddsapi
2026-10-05T21:00:06Z,2026-10-05,SJS @ DAL,db6ecbc6d2657c39084510cf3e94f510,ags,yes,Arttu Hyry,,betmgm,600,,oddsapi
2026-10-05T21:00:06Z,2026-10-05,SJS @ DAL,db6ecbc6d2657c39084510cf3e94f510,ags,yes,Kiefer Sherwood,,betmgm,625,,oddsapi
2026-10-05T21:00:06Z,2026-10-05,SJS @ DAL,db6ecbc6d2657c39084510cf3e94f510,ags,yes,Colin Blackwell,,betmgm,700,,oddsapi
2026-10-05T21:00:06Z,2026-10-05,SJS @ DAL,db6ecbc6d2657c39084510cf3e94f510,ags,yes,Luca Cagnoni,,betmgm,725,,oddsapi
2026-10-05T21:00:06Z,2026-10-05,SJS @ DAL,db6ecbc6d2657c39084510cf3e94f510,ags,yes,Radek Faksa,,betmgm,850,,oddsapi
2026-10-05T21:00:06Z,2026-10-05,SJS @ DAL,db6ecbc6d2657c39084510cf3e94f510,ags,yes,Oskar Back,,betmgm,875,,oddsapi
2026-10-05T21:00:06Z,2026-10-05,SJS @ DAL,db6ecbc6d2657c39084510cf3e94f510,ags,yes,Barclay Goodrow,,betmgm,950,,oddsapi
2026-10-05T21:00:06Z,2026-10-05,SJS @ DAL,db6ecbc6d2657c39084510cf3e94f510,ags,yes,Esa Lindell,,betmgm,1000,,oddsapi
2026-10-05T21:00:06Z,2026-10-05,SJS @ DAL,db6ecbc6d2657c39084510cf3e94f510,ags,yes,Dmitry Orlov,,betmgm,1050,,oddsapi
2026-10-05T21:00:06Z,2026-10-05,SJS @ DAL,db6ecbc6d2657c39084510cf3e94f510,ags,yes,Jacob Trouba,,betmgm,1150,,oddsapi
2026-10-05T21:00:06Z,2026-10-05,SJS @ DAL,db6ecbc6d2657c39084510cf3e94f510,ags,yes,Zack Ostapchuk,,betmgm,1200,,oddsapi
2026-10-05T21:00:06Z,2026-10-05,SJS @ DAL,db6ecbc6d2657c39084510cf3e94f510,ags,yes,Darnell Nurse,,betmgm,1250,,oddsapi
2026-10-05T21:00:06Z,2026-10-05,SJS @ DAL,db6ecbc6d2657c39084510cf3e94f510,ags,yes,Lian Bichsel,,betmgm,1300,,oddsapi
2026-10-05T21:00:06Z,2026-10-05,SJS @ DAL,db6ecbc6d2657c39084510cf3e94f510,ags,yes,Nils Lundkvist,,betmgm,1450,,oddsapi
2026-10-05T21:00:06Z,2026-10-05,SJS @ DAL,db6ecbc6d2657c39084510cf3e94f510,ags,yes,Michael Kesselring,,betmgm,1500,,oddsapi
2026-10-05T21:00:06Z,2026-10-05,SJS @ DAL,db6ecbc6d2657c39084510cf3e94f510,ags,yes,Nolan Allan,,betmgm,1800,,oddsapi
2026-10-05T21:00:06Z,2026-10-05,SJS @ DAL,db6ecbc6d2657c39084510cf3e94f510,ags,yes,Tyler Myers,,betmgm,1900,,oddsapi
2026-10-05T21:00:06Z,2026-10-05,SJS @ DAL,db6ecbc6d2657c39084510cf3e94f510,fgs,yes,Jason Robertson,,betmgm,900,,oddsapi
2026-10-05T21:00:06Z,2026-10-05,SJS @ DAL,db6ecbc6d2657c39084510cf3e94f510,fgs,yes,Macklin Celebrini,,betmgm,950,,oddsapi
2026-10-05T21:00:06Z,2026-10-05,SJS @ DAL,db6ecbc6d2657c39084510cf3e94f510,fgs,yes,Wyatt Johnston,,betmgm,950,,oddsapi
2026-10-05T21:00:06Z,2026-10-05,SJS @ DAL,db6ecbc6d2657c39084510cf3e94f510,fgs,yes,Mikko Rantanen,,betmgm,1150,,oddsapi
2026-10-05T21:00:06Z,2026-10-05,SJS @ DAL,db6ecbc6d2657c39084510cf3e94f510,fgs,yes,Will Smith,,betmgm,1350,,oddsapi
2026-10-05T21:00:06Z,2026-10-05,SJS @ DAL,db6ecbc6d2657c39084510cf3e94f510,fgs,yes,Roope Hintz,,betmgm,1350,,oddsapi
2026-10-05T21:00:06Z,2026-10-05,SJS @ DAL,db6ecbc6d2657c39084510cf3e94f510,fgs,yes,Tyler Seguin,,betmgm,1750,,oddsapi
2026-10-05T21:00:06Z,2026-10-05,SJS @ DAL,db6ecbc6d2657c39084510cf3e94f510,fgs,yes,Mason Marchment,,betmgm,1800,,oddsapi
2026-10-05T21:00:06Z,2026-10-05,SJS @ DAL,db6ecbc6d2657c39084510cf3e94f510,fgs,yes,Michael Misa,,betmgm,2200,,oddsapi
2026-10-05T21:00:06Z,2026-10-05,SJS @ DAL,db6ecbc6d2657c39084510cf3e94f510,fgs,yes,Tyler Toffoli,,betmgm,2200,,oddsapi
2026-10-05T21:00:06Z,2026-10-05,SJS @ DAL,db6ecbc6d2657c39084510cf3e94f510,fgs,yes,Justin Hryckowian,,betmgm,2200,,oddsapi
2026-10-05T21:00:06Z,2026-10-05,SJS @ DAL,db6ecbc6d2657c39084510cf3e94f510,fgs,yes,Igor Chernyshov,,betmgm,2200,,oddsapi
2026-10-05T21:00:06Z,2026-10-05,SJS @ DAL,db6ecbc6d2657c39084510cf3e94f510,fgs,yes,Jamie Benn,,betmgm,2500,,oddsapi
2026-10-05T21:00:06Z,2026-10-05,SJS @ DAL,db6ecbc6d2657c39084510cf3e94f510,fgs,yes,Miro Heiskanen,,betmgm,2500,,oddsapi
2026-10-05T21:00:06Z,2026-10-05,SJS @ DAL,db6ecbc6d2657c39084510cf3e94f510,fgs,yes,Ivar Stenberg,,betmgm,2500,,oddsapi
2026-10-05T21:00:06Z,2026-10-05,SJS @ DAL,db6ecbc6d2657c39084510cf3e94f510,fgs,yes,Alex Wennberg,,betmgm,2500,,oddsapi
2026-10-05T21:00:06Z,2026-10-05,SJS @ DAL,db6ecbc6d2657c39084510cf3e94f510,fgs,yes,Collin Graf,,betmgm,3000,,oddsapi
2026-10-05T21:00:06Z,2026-10-05,SJS @ DAL,db6ecbc6d2657c39084510cf3e94f510,fgs,yes,Sam Steel,,betmgm,3000,,oddsapi
2026-10-05T21:00:06Z,2026-10-05,SJS @ DAL,db6ecbc6d2657c39084510cf3e94f510,fgs,yes,Arttu Hyry,,betmgm,3300,,oddsapi
2026-10-05T21:00:06Z,2026-10-05,SJS @ DAL,db6ecbc6d2657c39084510cf3e94f510,fgs,yes,Thomas Harley,,betmgm,3500,,oddsapi
2026-10-05T21:00:06Z,2026-10-05,SJS @ DAL,db6ecbc6d2657c39084510cf3e94f510,fgs,yes,Kiefer Sherwood,,betmgm,3500,,oddsapi
2026-10-05T21:00:06Z,2026-10-05,SJS @ DAL,db6ecbc6d2657c39084510cf3e94f510,fgs,yes,Colin Blackwell,,betmgm,3500,,oddsapi
2026-10-05T21:00:06Z,2026-10-05,SJS @ DAL,db6ecbc6d2657c39084510cf3e94f510,fgs,yes,Luca Cagnoni,,betmgm,4000,,oddsapi
2026-10-05T21:00:06Z,2026-10-05,SJS @ DAL,db6ecbc6d2657c39084510cf3e94f510,fgs,yes,Oskar Back,,betmgm,5000,,oddsapi
2026-10-05T21:00:06Z,2026-10-05,SJS @ DAL,db6ecbc6d2657c39084510cf3e94f510,fgs,yes,Radek Faksa,,betmgm,5000,,oddsapi
2026-10-05T21:00:06Z,2026-10-05,SJS @ DAL,db6ecbc6d2657c39084510cf3e94f510,fgs,yes,Esa Lindell,,betmgm,5500,,oddsapi
2026-10-05T21:00:06Z,2026-10-05,SJS @ DAL,db6ecbc6d2657c39084510cf3e94f510,fgs,yes,Barclay Goodrow,,betmgm,5500,,oddsapi
2026-10-05T21:00:06Z,2026-10-05,SJS @ DAL,db6ecbc6d2657c39084510cf3e94f510,fgs,yes,Dmitry Orlov,,betmgm,5500,,oddsapi
2026-10-05T21:00:06Z,2026-10-05,SJS @ DAL,db6ecbc6d2657c39084510cf3e94f510,fgs,yes,Jacob Trouba,,betmgm,6600,,oddsapi
2026-10-05T21:00:06Z,2026-10-05,SJS @ DAL,db6ecbc6d2657c39084510cf3e94f510,fgs,yes,Darnell Nurse,,betmgm,6600,,oddsapi
2026-10-05T21:00:06Z,2026-10-05,SJS @ DAL,db6ecbc6d2657c39084510cf3e94f510,fgs,yes,Nils Lundkvist,,betmgm,8000,,oddsapi
2026-10-05T21:00:06Z,2026-10-05,SJS @ DAL,db6ecbc6d2657c39084510cf3e94f510,fgs,yes,Lian Bichsel,,betmgm,8000,,oddsapi
2026-10-05T21:00:06Z,2026-10-05,SJS @ DAL,db6ecbc6d2657c39084510cf3e94f510,fgs,yes,Zack Ostapchuk,,betmgm,8000,,oddsapi
2026-10-05T21:00:06Z,2026-10-05,SJS @ DAL,db6ecbc6d2657c39084510cf3e94f510,fgs,yes,Michael Kesselring,,betmgm,10000,,oddsapi
2026-10-05T21:00:06Z,2026-10-05,SJS @ DAL,db6ecbc6d2657c39084510cf3e94f510,fgs,yes,Tyler Myers,,betmgm,10000,,oddsapi
2026-10-05T21:00:06Z,2026-10-05,SJS @ DAL,db6ecbc6d2657c39084510cf3e94f510,fgs,yes,Nolan Allan,,betmgm,12500,,oddsapi
2026-10-05T21:00:06Z,2026-10-05,SJS @ DAL,db6ecbc6d2657c39084510cf3e94f510,sk_pts,over,Igor Chernyshov,0.5,betmgm,140,-190,oddsapi
2026-10-05T21:00:06Z,2026-10-05,SJS @ DAL,db6ecbc6d2657c39084510cf3e94f510,sk_pts,under,Igor Chernyshov,0.5,betmgm,-190,140,oddsapi
2026-10-05T21:00:06Z,2026-10-05,SJS @ DAL,db6ecbc6d2657c39084510cf3e94f510,sk_pts,over,Wyatt Johnston,0.5,betmgm,-250,180,oddsapi
2026-10-05T21:00:06Z,2026-10-05,SJS @ DAL,db6ecbc6d2657c39084510cf3e94f510,sk_pts,under,Wyatt Johnston,0.5,betmgm,180,-250,oddsapi
2026-10-05T21:00:06Z,2026-10-05,SJS @ DAL,db6ecbc6d2657c39084510cf3e94f510,sk_pts,over,Roope Hintz,0.5,betmgm,-165,125,oddsapi
2026-10-05T21:00:06Z,2026-10-05,SJS @ DAL,db6ecbc6d2657c39084510cf3e94f510,sk_pts,under,Roope Hintz,0.5,betmgm,125,-165,oddsapi
2026-10-05T21:00:06Z,2026-10-05,SJS @ DAL,db6ecbc6d2657c39084510cf3e94f510,sk_pts,over,Alex Wennberg,0.5,betmgm,115,-155,oddsapi
2026-10-05T21:00:06Z,2026-10-05,SJS @ DAL,db6ecbc6d2657c39084510cf3e94f510,sk_pts,under,Alex Wennberg,0.5,betmgm,-155,115,oddsapi
2026-10-05T21:00:06Z,2026-10-05,SJS @ DAL,db6ecbc6d2657c39084510cf3e94f510,sk_pts,over,Thomas Harley,0.5,betmgm,110,-150,oddsapi
2026-10-05T21:00:06Z,2026-10-05,SJS @ DAL,db6ecbc6d2657c39084510cf3e94f510,sk_pts,under,Thomas Harley,0.5,betmgm,-150,110,oddsapi
2026-10-05T21:00:06Z,2026-10-05,SJS @ DAL,db6ecbc6d2657c39084510cf3e94f510,sk_pts,over,Ivar Stenberg,0.5,betmgm,135,-185,oddsapi
2026-10-05T21:00:06Z,2026-10-05,SJS @ DAL,db6ecbc6d2657c39084510cf3e94f510,sk_pts,under,Ivar Stenberg,0.5,betmgm,-185,135,oddsapi
2026-10-05T21:00:06Z,2026-10-05,SJS @ DAL,db6ecbc6d2657c39084510cf3e94f510,sk_pts,over,Luca Cagnoni,0.5,betmgm,170,-235,oddsapi
2026-10-05T21:00:06Z,2026-10-05,SJS @ DAL,db6ecbc6d2657c39084510cf3e94f510,sk_pts,under,Luca Cagnoni,0.5,betmgm,-235,170,oddsapi
2026-10-05T21:00:06Z,2026-10-05,SJS @ DAL,db6ecbc6d2657c39084510cf3e94f510,sk_pts,over,Zack Ostapchuk,0.5,betmgm,240,-375,oddsapi
2026-10-05T21:00:06Z,2026-10-05,SJS @ DAL,db6ecbc6d2657c39084510cf3e94f510,sk_pts,under,Zack Ostapchuk,0.5,betmgm,-375,240,oddsapi
2026-10-05T21:00:06Z,2026-10-05,SJS @ DAL,db6ecbc6d2657c39084510cf3e94f510,sk_pts,over,Dmitry Orlov,0.5,betmgm,155,-210,oddsapi
2026-10-05T21:00:06Z,2026-10-05,SJS @ DAL,db6ecbc6d2657c39084510cf3e94f510,sk_pts,under,Dmitry Orlov,0.5,betmgm,-210,155,oddsapi
2026-10-05T21:00:06Z,2026-10-05,SJS @ DAL,db6ecbc6d2657c39084510cf3e94f510,sk_pts,over,Jason Robertson,1.5,betmgm,170,-235,oddsapi
2026-10-05T21:00:06Z,2026-10-05,SJS @ DAL,db6ecbc6d2657c39084510cf3e94f510,sk_pts,under,Jason Robertson,1.5,betmgm,-235,170,oddsapi
2026-10-05T21:00:06Z,2026-10-05,SJS @ DAL,db6ecbc6d2657c39084510cf3e94f510,sk_pts,over,Darnell Nurse,0.5,betmgm,188,-275,oddsapi
2026-10-05T21:00:06Z,2026-10-05,SJS @ DAL,db6ecbc6d2657c39084510cf3e94f510,sk_pts,under,Darnell Nurse,0.5,betmgm,-275,188,oddsapi
2026-10-05T21:00:06Z,2026-10-05,SJS @ DAL,db6ecbc6d2657c39084510cf3e94f510,sk_pts,over,Mikko Rantanen,1.5,betmgm,150,-210,oddsapi
2026-10-05T21:00:06Z,2026-10-05,SJS @ DAL,db6ecbc6d2657c39084510cf3e94f510,sk_pts,under,Mikko Rantanen,1.5,betmgm,-210,150,oddsapi
2026-10-05T21:00:06Z,2026-10-05,SJS @ DAL,db6ecbc6d2657c39084510cf3e94f510,sk_pts,over,Macklin Celebrini,0.5,betmgm,-210,155,oddsapi
2026-10-05T21:00:06Z,2026-10-05,SJS @ DAL,db6ecbc6d2657c39084510cf3e94f510,sk_pts,under,Macklin Celebrini,0.5,betmgm,155,-210,oddsapi
2026-10-05T21:00:06Z,2026-10-05,SJS @ DAL,db6ecbc6d2657c39084510cf3e94f510,sk_pts,over,Miro Heiskanen,0.5,betmgm,-185,135,oddsapi
2026-10-05T21:00:06Z,2026-10-05,SJS @ DAL,db6ecbc6d2657c39084510cf3e94f510,sk_pts,under,Miro Heiskanen,0.5,betmgm,135,-185,oddsapi
2026-10-05T21:00:06Z,2026-10-05,SJS @ DAL,db6ecbc6d2657c39084510cf3e94f510,sk_pts,over,Mason Marchment,0.5,betmgm,-111,-120,oddsapi
2026-10-05T21:00:06Z,2026-10-05,SJS @ DAL,db6ecbc6d2657c39084510cf3e94f510,sk_pts,under,Mason Marchment,0.5,betmgm,-120,-111,oddsapi
2026-10-05T21:00:06Z,2026-10-05,SJS @ DAL,db6ecbc6d2657c39084510cf3e94f510,sk_pts,over,Will Smith,0.5,betmgm,-125,-105,oddsapi
2026-10-05T21:00:06Z,2026-10-05,SJS @ DAL,db6ecbc6d2657c39084510cf3e94f510,sk_pts,under,Will Smith,0.5,betmgm,-105,-125,oddsapi
2026-10-05T21:00:06Z,2026-10-05,SJS @ DAL,db6ecbc6d2657c39084510cf3e94f510,sk_ppp,over,Mikko Rantanen,0.5,betmgm,120,-160,oddsapi
2026-10-05T21:00:06Z,2026-10-05,SJS @ DAL,db6ecbc6d2657c39084510cf3e94f510,sk_ppp,under,Mikko Rantanen,0.5,betmgm,-160,120,oddsapi
2026-10-05T21:00:06Z,2026-10-05,SJS @ DAL,db6ecbc6d2657c39084510cf3e94f510,sk_ppp,over,Alex Wennberg,0.5,betmgm,375,-750,oddsapi
2026-10-05T21:00:06Z,2026-10-05,SJS @ DAL,db6ecbc6d2657c39084510cf3e94f510,sk_ppp,under,Alex Wennberg,0.5,betmgm,-750,375,oddsapi
2026-10-05T21:00:06Z,2026-10-05,SJS @ DAL,db6ecbc6d2657c39084510cf3e94f510,sk_ppp,over,Miro Heiskanen,0.5,betmgm,175,-235,oddsapi
2026-10-05T21:00:06Z,2026-10-05,SJS @ DAL,db6ecbc6d2657c39084510cf3e94f510,sk_ppp,under,Miro Heiskanen,0.5,betmgm,-235,175,oddsapi
2026-10-05T21:00:06Z,2026-10-05,SJS @ DAL,db6ecbc6d2657c39084510cf3e94f510,sk_ppp,over,Jason Robertson,0.5,betmgm,120,-160,oddsapi
2026-10-05T21:00:06Z,2026-10-05,SJS @ DAL,db6ecbc6d2657c39084510cf3e94f510,sk_ppp,under,Jason Robertson,0.5,betmgm,-160,120,oddsapi
2026-10-05T21:00:06Z,2026-10-05,SJS @ DAL,db6ecbc6d2657c39084510cf3e94f510,sk_ppp,over,Dmitry Orlov,0.5,betmgm,380,-2000,oddsapi
2026-10-05T21:00:06Z,2026-10-05,SJS @ DAL,db6ecbc6d2657c39084510cf3e94f510,sk_ppp,under,Dmitry Orlov,0.5,betmgm,-2000,380,oddsapi
2026-10-05T21:00:06Z,2026-10-05,SJS @ DAL,db6ecbc6d2657c39084510cf3e94f510,sk_ppp,over,Will Smith,0.5,betmgm,250,-350,oddsapi
2026-10-05T21:00:06Z,2026-10-05,SJS @ DAL,db6ecbc6d2657c39084510cf3e94f510,sk_ppp,under,Will Smith,0.5,betmgm,-350,250,oddsapi
2026-10-05T21:00:06Z,2026-10-05,SJS @ DAL,db6ecbc6d2657c39084510cf3e94f510,sk_ppp,over,Wyatt Johnston,0.5,betmgm,135,-185,oddsapi
2026-10-05T21:00:06Z,2026-10-05,SJS @ DAL,db6ecbc6d2657c39084510cf3e94f510,sk_ppp,under,Wyatt Johnston,0.5,betmgm,-185,135,oddsapi
2026-10-05T21:00:06Z,2026-10-05,SJS @ DAL,db6ecbc6d2657c39084510cf3e94f510,sk_ppp,over,Ivar Stenberg,0.5,betmgm,380,-1200,oddsapi
2026-10-05T21:00:06Z,2026-10-05,SJS @ DAL,db6ecbc6d2657c39084510cf3e94f510,sk_ppp,under,Ivar Stenberg,0.5,betmgm,-1200,380,oddsapi
2026-10-05T21:00:06Z,2026-10-05,SJS @ DAL,db6ecbc6d2657c39084510cf3e94f510,sk_ppp,over,Roope Hintz,0.5,betmgm,188,-275,oddsapi
2026-10-05T21:00:06Z,2026-10-05,SJS @ DAL,db6ecbc6d2657c39084510cf3e94f510,sk_ppp,under,Roope Hintz,0.5,betmgm,-275,188,oddsapi
2026-10-05T21:00:06Z,2026-10-05,SJS @ DAL,db6ecbc6d2657c39084510cf3e94f510,sk_ppp,over,Tyler Seguin,0.5,betmgm,290,-500,oddsapi
2026-10-05T21:00:06Z,2026-10-05,SJS @ DAL,db6ecbc6d2657c39084510cf3e94f510,sk_ppp,under,Tyler Seguin,0.5,betmgm,-500,290,oddsapi
2026-10-05T21:00:06Z,2026-10-05,SJS @ DAL,db6ecbc6d2657c39084510cf3e94f510,sk_ppp,over,Macklin Celebrini,0.5,betmgm,230,-350,oddsapi
2026-10-05T21:00:06Z,2026-10-05,SJS @ DAL,db6ecbc6d2657c39084510cf3e94f510,sk_ppp,under,Macklin Celebrini,0.5,betmgm,-350,230,oddsapi
2026-10-05T21:00:06Z,2026-10-05,SJS @ DAL,db6ecbc6d2657c39084510cf3e94f510,sk_ppp,over,Mason Marchment,0.5,betmgm,325,-500,oddsapi
2026-10-05T21:00:06Z,2026-10-05,SJS @ DAL,db6ecbc6d2657c39084510cf3e94f510,sk_ppp,under,Mason Marchment,0.5,betmgm,-500,325,oddsapi
2026-10-05T21:00:06Z,2026-10-05,SJS @ DAL,db6ecbc6d2657c39084510cf3e94f510,sk_sog,over,Wyatt Johnston,2.5,betmgm,-140,-105,oddsapi
2026-10-05T21:00:06Z,2026-10-05,SJS @ DAL,db6ecbc6d2657c39084510cf3e94f510,sk_sog,under,Wyatt Johnston,2.5,betmgm,-105,-140,oddsapi
2026-10-05T21:00:06Z,2026-10-05,SJS @ DAL,db6ecbc6d2657c39084510cf3e94f510,sk_sog,over,Darnell Nurse,1.5,betmgm,-135,-110,oddsapi
2026-10-05T21:00:06Z,2026-10-05,SJS @ DAL,db6ecbc6d2657c39084510cf3e94f510,sk_sog,under,Darnell Nurse,1.5,betmgm,-110,-135,oddsapi
2026-10-05T21:00:06Z,2026-10-05,SJS @ DAL,db6ecbc6d2657c39084510cf3e94f510,sk_sog,over,Luca Cagnoni,1.5,betmgm,-120,-120,oddsapi
2026-10-05T21:00:06Z,2026-10-05,SJS @ DAL,db6ecbc6d2657c39084510cf3e94f510,sk_sog,under,Luca Cagnoni,1.5,betmgm,-120,-120,oddsapi
2026-10-05T21:00:06Z,2026-10-05,SJS @ DAL,db6ecbc6d2657c39084510cf3e94f510,sk_sog,over,Ivar Stenberg,1.5,betmgm,-118,-120,oddsapi
2026-10-05T21:00:06Z,2026-10-05,SJS @ DAL,db6ecbc6d2657c39084510cf3e94f510,sk_sog,under,Ivar Stenberg,1.5,betmgm,-120,-118,oddsapi
2026-10-05T21:00:06Z,2026-10-05,SJS @ DAL,db6ecbc6d2657c39084510cf3e94f510,sk_sog,over,Miro Heiskanen,1.5,betmgm,-235,130,oddsapi
2026-10-05T21:00:06Z,2026-10-05,SJS @ DAL,db6ecbc6d2657c39084510cf3e94f510,sk_sog,under,Miro Heiskanen,1.5,betmgm,130,-235,oddsapi
2026-10-05T21:00:06Z,2026-10-05,SJS @ DAL,db6ecbc6d2657c39084510cf3e94f510,sk_sog,over,Roope Hintz,2.5,betmgm,135,-200,oddsapi
2026-10-05T21:00:06Z,2026-10-05,SJS @ DAL,db6ecbc6d2657c39084510cf3e94f510,sk_sog,under,Roope Hintz,2.5,betmgm,-200,135,oddsapi
2026-10-05T21:00:06Z,2026-10-05,SJS @ DAL,db6ecbc6d2657c39084510cf3e94f510,sk_sog,over,Mason Marchment,1.5,betmgm,-145,100,oddsapi
2026-10-05T21:00:06Z,2026-10-05,SJS @ DAL,db6ecbc6d2657c39084510cf3e94f510,sk_sog,under,Mason Marchment,1.5,betmgm,100,-145,oddsapi
2026-10-05T21:00:06Z,2026-10-05,SJS @ DAL,db6ecbc6d2657c39084510cf3e94f510,sk_sog,over,Igor Chernyshov,1.5,betmgm,100,-145,oddsapi
2026-10-05T21:00:06Z,2026-10-05,SJS @ DAL,db6ecbc6d2657c39084510cf3e94f510,sk_sog,under,Igor Chernyshov,1.5,betmgm,-145,100,oddsapi
2026-10-05T21:00:06Z,2026-10-05,SJS @ DAL,db6ecbc6d2657c39084510cf3e94f510,sk_sog,over,Macklin Celebrini,2.5,betmgm,-160,110,oddsapi
2026-10-05T21:00:06Z,2026-10-05,SJS @ DAL,db6ecbc6d2657c39084510cf3e94f510,sk_sog,under,Macklin Celebrini,2.5,betmgm,110,-160,oddsapi
2026-10-05T21:00:06Z,2026-10-05,SJS @ DAL,db6ecbc6d2657c39084510cf3e94f510,sk_sog,over,Mikko Rantanen,2.5,betmgm,105,-155,oddsapi
2026-10-05T21:00:06Z,2026-10-05,SJS @ DAL,db6ecbc6d2657c39084510cf3e94f510,sk_sog,under,Mikko Rantanen,2.5,betmgm,-155,105,oddsapi
2026-10-05T21:00:06Z,2026-10-05,SJS @ DAL,db6ecbc6d2657c39084510cf3e94f510,sk_sog,over,Jason Robertson,2.5,betmgm,-250,150,oddsapi
2026-10-05T21:00:06Z,2026-10-05,SJS @ DAL,db6ecbc6d2657c39084510cf3e94f510,sk_sog,under,Jason Robertson,2.5,betmgm,150,-250,oddsapi
2026-10-05T21:00:06Z,2026-10-05,SJS @ DAL,db6ecbc6d2657c39084510cf3e94f510,sk_sog,over,Thomas Harley,1.5,betmgm,-160,110,oddsapi
2026-10-05T21:00:06Z,2026-10-05,SJS @ DAL,db6ecbc6d2657c39084510cf3e94f510,sk_sog,under,Thomas Harley,1.5,betmgm,110,-160,oddsapi
2026-10-05T21:00:06Z,2026-10-05,SJS @ DAL,db6ecbc6d2657c39084510cf3e94f510,sk_sog,over,Will Smith,1.5,betmgm,-185,125,oddsapi
2026-10-05T21:00:06Z,2026-10-05,SJS @ DAL,db6ecbc6d2657c39084510cf3e94f510,sk_sog,under,Will Smith,1.5,betmgm,125,-185,oddsapi
2026-10-05T21:00:06Z,2026-10-05,SJS @ DAL,db6ecbc6d2657c39084510cf3e94f510,sk_sog,over,Tyler Toffoli,1.5,betmgm,-140,-105,oddsapi
2026-10-05T21:00:06Z,2026-10-05,SJS @ DAL,db6ecbc6d2657c39084510cf3e94f510,sk_sog,under,Tyler Toffoli,1.5,betmgm,-105,-140,oddsapi
2026-10-05T21:00:06Z,2026-10-05,SJS @ DAL,db6ecbc6d2657c39084510cf3e94f510,sk_sog,over,Dmitry Orlov,1.5,betmgm,125,-190,oddsapi
2026-10-05T21:00:06Z,2026-10-05,SJS @ DAL,db6ecbc6d2657c39084510cf3e94f510,sk_sog,under,Dmitry Orlov,1.5,betmgm,-190,125,oddsapi
2026-10-05T21:00:06Z,2026-10-05,SJS @ DAL,db6ecbc6d2657c39084510cf3e94f510,p1_pl,DAL,,-2,betmgm,950,-3000,oddsapi
2026-10-05T21:00:06Z,2026-10-05,SJS @ DAL,db6ecbc6d2657c39084510cf3e94f510,p1_pl,SJS,,2,betmgm,-3000,950,oddsapi
2026-10-05T21:00:06Z,2026-10-05,SJS @ DAL,db6ecbc6d2657c39084510cf3e94f510,p2_pl,DAL,,-2,betmgm,775,-2500,oddsapi
2026-10-05T21:00:06Z,2026-10-05,SJS @ DAL,db6ecbc6d2657c39084510cf3e94f510,p2_pl,SJS,,2,betmgm,-2500,775,oddsapi
2026-10-05T21:00:06Z,2026-10-05,SJS @ DAL,db6ecbc6d2657c39084510cf3e94f510,p3_pl,DAL,,-2,betmgm,675,-2000,oddsapi
2026-10-05T21:00:06Z,2026-10-05,SJS @ DAL,db6ecbc6d2657c39084510cf3e94f510,p3_pl,SJS,,2,betmgm,-2000,675,oddsapi
2026-10-05T21:00:06Z,2026-10-05,SJS @ DAL,db6ecbc6d2657c39084510cf3e94f510,team_total,over,DAL,3.5,betmgm,-120,-115,oddsapi
2026-10-05T21:00:06Z,2026-10-05,SJS @ DAL,db6ecbc6d2657c39084510cf3e94f510,team_total,under,DAL,3.5,betmgm,-115,-120,oddsapi
2026-10-05T21:00:06Z,2026-10-05,SJS @ DAL,db6ecbc6d2657c39084510cf3e94f510,team_total,over,SJS,2.5,betmgm,-125,-110,oddsapi
2026-10-05T21:00:06Z,2026-10-05,SJS @ DAL,db6ecbc6d2657c39084510cf3e94f510,team_total,under,SJS,2.5,betmgm,-110,-125,oddsapi
2026-10-05T21:00:06Z,2026-10-05,SJS @ DAL,db6ecbc6d2657c39084510cf3e94f510,p1_total,over,,2.5,betmgm,200,-275,oddsapi
2026-10-05T21:00:06Z,2026-10-05,SJS @ DAL,db6ecbc6d2657c39084510cf3e94f510,p1_total,under,,2.5,betmgm,-275,200,oddsapi
2026-10-05T21:00:06Z,2026-10-05,SJS @ DAL,db6ecbc6d2657c39084510cf3e94f510,p2_total,over,,3,betmgm,325,-550,oddsapi
2026-10-05T21:00:06Z,2026-10-05,SJS @ DAL,db6ecbc6d2657c39084510cf3e94f510,p2_total,under,,3,betmgm,-550,325,oddsapi
2026-10-05T21:00:06Z,2026-10-05,SJS @ DAL,db6ecbc6d2657c39084510cf3e94f510,p3_total,over,,3,betmgm,280,-450,oddsapi
2026-10-05T21:00:06Z,2026-10-05,SJS @ DAL,db6ecbc6d2657c39084510cf3e94f510,p3_total,under,,3,betmgm,-450,280,oddsapi
