captured_at,game_date,matchup,event_id,market,side,entity,line,book,american,opposite_american,source
2026-10-10T16:00:06Z,2026-10-10,PHI @ BOS,d85b0a6ad02d473031876a3286f80638,game_ml,BOS,,,draftkings,-135,114,oddsapi
2026-10-10T16:00:06Z,2026-10-10,PHI @ BOS,d85b0a6ad02d473031876a3286f80638,game_ml,PHI,,,draftkings,114,-135,oddsapi
2026-10-10T16:00:06Z,2026-10-10,PHI @ BOS,d85b0a6ad02d473031876a3286f80638,game_pl,BOS,,-1.5,draftkings,195,-238,oddsapi
2026-10-10T16:00:06Z,2026-10-10,PHI @ BOS,d85b0a6ad02d473031876a3286f80638,game_pl,PHI,,1.5,draftkings,-238,195,oddsapi
2026-10-10T16:00:06Z,2026-10-10,PHI @ BOS,d85b0a6ad02d473031876a3286f80638,game_total,over,,5.5,draftkings,-115,-105,oddsapi
2026-10-10T16:00:06Z,2026-10-10,PHI @ BOS,d85b0a6ad02d473031876a3286f80638,game_total,under,,5.5,draftkings,-105,-115,oddsapi
2026-10-10T16:00:06Z,2026-10-10,PHI @ BOS,d85b0a6ad02d473031876a3286f80638,game_ml,BOS,,,fanatics,-140,115,oddsapi
2026-10-10T16:00:06Z,2026-10-10,PHI @ BOS,d85b0a6ad02d473031876a3286f80638,game_ml,PHI,,,fanatics,115,-140,oddsapi
2026-10-10T16:00:06Z,2026-10-10,PHI @ BOS,d85b0a6ad02d473031876a3286f80638,game_pl,BOS,,-1.5,fanatics,190,-240,oddsapi
2026-10-10T16:00:06Z,2026-10-10,PHI @ BOS,d85b0a6ad02d473031876a3286f80638,game_pl,PHI,,1.5,fanatics,-240,190,oddsapi
2026-10-10T16:00:06Z,2026-10-10,PHI @ BOS,d85b0a6ad02d473031876a3286f80638,game_total,over,,5.5,fanatics,-115,-105,oddsapi
2026-10-10T16:00:06Z,2026-10-10,PHI @ BOS,d85b0a6ad02d473031876a3286f80638,game_total,under,,5.5,fanatics,-105,-115,oddsapi
2026-10-10T16:00:06Z,2026-10-10,PHI @ BOS,d85b0a6ad02d473031876a3286f80638,game_ml,BOS,,,williamhill_us,-136,116,oddsapi
2026-10-10T16:00:06Z,2026-10-10,PHI @ BOS,d85b0a6ad02d473031876a3286f80638,game_ml,PHI,,,williamhill_us,116,-136,oddsapi
2026-10-10T16:00:06Z,2026-10-10,PHI @ BOS,d85b0a6ad02d473031876a3286f80638,game_total,over,,5.5,williamhill_us,-121,-102,oddsapi
2026-10-10T16:00:06Z,2026-10-10,PHI @ BOS,d85b0a6ad02d473031876a3286f80638,game_total,under,,5.5,williamhill_us,-102,-121,oddsapi
2026-10-10T16:00:06Z,2026-10-10,PHI @ BOS,d85b0a6ad02d473031876a3286f80638,game_ml,BOS,,,betrivers,-148,125,oddsapi
2026-10-10T16:00:06Z,2026-10-10,PHI @ BOS,d85b0a6ad02d473031876a3286f80638,game_ml,PHI,,,betrivers,125,-148,oddsapi
2026-10-10T16:00:06Z,2026-10-10,PHI @ BOS,d85b0a6ad02d473031876a3286f80638,game_pl,BOS,,-1.5,betrivers,175,-220,oddsapi
2026-10-10T16:00:06Z,2026-10-10,PHI @ BOS,d85b0a6ad02d473031876a3286f80638,game_pl,PHI,,1.5,betrivers,-220,175,oddsapi
2026-10-10T16:00:06Z,2026-10-10,PHI @ BOS,d85b0a6ad02d473031876a3286f80638,game_total,over,,5.5,betrivers,-124,100,oddsapi
2026-10-10T16:00:06Z,2026-10-10,PHI @ BOS,d85b0a6ad02d473031876a3286f80638,game_total,under,,5.5,betrivers,100,-124,oddsapi
2026-10-10T16:00:06Z,2026-10-10,PHI @ BOS,d85b0a6ad02d473031876a3286f80638,game_ml,BOS,,,betmgm,-135,115,oddsapi
2026-10-10T16:00:06Z,2026-10-10,PHI @ BOS,d85b0a6ad02d473031876a3286f80638,game_ml,PHI,,,betmgm,115,-135,oddsapi
2026-10-10T16:00:06Z,2026-10-10,PHI @ BOS,d85b0a6ad02d473031876a3286f80638,game_pl,BOS,,-1.5,betmgm,185,-225,oddsapi
2026-10-10T16:00:06Z,2026-10-10,PHI @ BOS,d85b0a6ad02d473031876a3286f80638,game_pl,PHI,,1.5,betmgm,-225,185,oddsapi
2026-10-10T16:00:06Z,2026-10-10,PHI @ BOS,d85b0a6ad02d473031876a3286f80638,game_total,over,,5.5,betmgm,-115,-105,oddsapi
2026-10-10T16:00:06Z,2026-10-10,PHI @ BOS,d85b0a6ad02d473031876a3286f80638,game_total,under,,5.5,betmgm,-105,-115,oddsapi
2026-10-10T16:00:06Z,2026-10-10,PHI @ BOS,d85b0a6ad02d473031876a3286f80638,game_ml,BOS,,,betonlineag,-131,116,oddsapi
2026-10-10T16:00:06Z,2026-10-10,PHI @ BOS,d85b0a6ad02d473031876a3286f80638,game_ml,PHI,,,betonlineag,116,-131,oddsapi
2026-10-10T16:00:06Z,2026-10-10,PHI @ BOS,d85b0a6ad02d473031876a3286f80638,game_pl,BOS,,-1.5,betonlineag,195,-235,oddsapi
2026-10-10T16:00:06Z,2026-10-10,PHI @ BOS,d85b0a6ad02d473031876a3286f80638,game_pl,PHI,,1.5,betonlineag,-235,195,oddsapi
2026-10-10T16:00:06Z,2026-10-10,PHI @ BOS,d85b0a6ad02d473031876a3286f80638,game_total,over,,5.5,betonlineag,-116,100,oddsapi
2026-10-10T16:00:06Z,2026-10-10,PHI @ BOS,d85b0a6ad02d473031876a3286f80638,game_total,under,,5.5,betonlineag,100,-116,oddsapi
2026-10-10T16:00:06Z,2026-10-10,PHI @ BOS,d85b0a6ad02d473031876a3286f80638,game_ml,BOS,,,lowvig,-131,116,oddsapi
2026-10-10T16:00:06Z,2026-10-10,PHI @ BOS,d85b0a6ad02d473031876a3286f80638,game_ml,PHI,,,lowvig,116,-131,oddsapi
2026-10-10T16:00:06Z,2026-10-10,PHI @ BOS,d85b0a6ad02d473031876a3286f80638,game_pl,BOS,,-1.5,lowvig,195,-235,oddsapi
2026-10-10T16:00:06Z,2026-10-10,PHI @ BOS,d85b0a6ad02d473031876a3286f80638,game_pl,PHI,,1.5,lowvig,-235,195,oddsapi
2026-10-10T16:00:06Z,2026-10-10,PHI @ BOS,d85b0a6ad02d473031876a3286f80638,game_total,over,,5.5,lowvig,-116,100,oddsapi
2026-10-10T16:00:06Z,2026-10-10,PHI @ BOS,d85b0a6ad02d473031876a3286f80638,game_total,under,,5.5,lowvig,100,-116,oddsapi
2026-10-10T16:00:06Z,2026-10-10,PHI @ BOS,d85b0a6ad02d473031876a3286f80638,game_ml,BOS,,,fanduel,-140,116,oddsapi
2026-10-10T16:00:06Z,2026-10-10,PHI @ BOS,d85b0a6ad02d473031876a3286f80638,game_ml,PHI,,,fanduel,116,-140,oddsapi
2026-10-10T16:00:06Z,2026-10-10,PHI @ BOS,d85b0a6ad02d473031876a3286f80638,game_pl,BOS,,-1.5,fanduel,194,-245,oddsapi
2026-10-10T16:00:06Z,2026-10-10,PHI @ BOS,d85b0a6ad02d473031876a3286f80638,game_pl,PHI,,1.5,fanduel,-245,194,oddsapi
2026-10-10T16:00:06Z,2026-10-10,PHI @ BOS,d85b0a6ad02d473031876a3286f80638,game_total,over,,5.5,fanduel,-115,-105,oddsapi
2026-10-10T16:00:06Z,2026-10-10,PHI @ BOS,d85b0a6ad02d473031876a3286f80638,game_total,under,,5.5,fanduel,-105,-115,oddsapi
2026-10-10T16:00:06Z,2026-10-10,PHI @ BOS,d85b0a6ad02d473031876a3286f80638,game_ml,BOS,,,mybookieag,-135,110,oddsapi
2026-10-10T16:00:06Z,2026-10-10,PHI @ BOS,d85b0a6ad02d473031876a3286f80638,game_ml,PHI,,,mybookieag,110,-135,oddsapi
2026-10-10T16:00:06Z,2026-10-10,PHI @ BOS,d85b0a6ad02d473031876a3286f80638,game_pl,BOS,,-1.5,mybookieag,191,-242,oddsapi
2026-10-10T16:00:06Z,2026-10-10,PHI @ BOS,d85b0a6ad02d473031876a3286f80638,game_pl,PHI,,1.5,mybookieag,-242,191,oddsapi
2026-10-10T16:00:06Z,2026-10-10,PHI @ BOS,d85b0a6ad02d473031876a3286f80638,game_total,over,,5.5,mybookieag,-117,-105,oddsapi
2026-10-10T16:00:06Z,2026-10-10,PHI @ BOS,d85b0a6ad02d473031876a3286f80638,game_total,under,,5.5,mybookieag,-105,-117,oddsapi
2026-10-10T16:00:06Z,2026-10-10,PHI @ BOS,d85b0a6ad02d473031876a3286f80638,game_ml,BOS,,,betus,-135,115,oddsapi
2026-10-10T16:00:06Z,2026-10-10,PHI @ BOS,d85b0a6ad02d473031876a3286f80638,game_ml,PHI,,,betus,115,-135,oddsapi
2026-10-10T16:00:06Z,2026-10-10,PHI @ BOS,d85b0a6ad02d473031876a3286f80638,game_pl,BOS,,-1.5,betus,200,-235,oddsapi
2026-10-10T16:00:06Z,2026-10-10,PHI @ BOS,d85b0a6ad02d473031876a3286f80638,game_pl,PHI,,1.5,betus,-235,200,oddsapi
2026-10-10T16:00:06Z,2026-10-10,PHI @ BOS,d85b0a6ad02d473031876a3286f80638,game_total,over,,5.5,betus,-115,-105,oddsapi
2026-10-10T16:00:06Z,2026-10-10,PHI @ BOS,d85b0a6ad02d473031876a3286f80638,game_total,under,,5.5,betus,-105,-115,oddsapi
2026-10-10T16:00:06Z,2026-10-10,PHI @ BOS,d85b0a6ad02d473031876a3286f80638,game_ml,BOS,,,bovada,-135,115,oddsapi
2026-10-10T16:00:06Z,2026-10-10,PHI @ BOS,d85b0a6ad02d473031876a3286f80638,game_ml,PHI,,,bovada,115,-135,oddsapi
2026-10-10T16:00:06Z,2026-10-10,PHI @ BOS,d85b0a6ad02d473031876a3286f80638,game_pl,BOS,,-1.5,bovada,195,-235,oddsapi
2026-10-10T16:00:06Z,2026-10-10,PHI @ BOS,d85b0a6ad02d473031876a3286f80638,game_pl,PHI,,1.5,bovada,-235,195,oddsapi
2026-10-10T16:00:06Z,2026-10-10,PHI @ BOS,d85b0a6ad02d473031876a3286f80638,game_total,over,,5.5,bovada,-117,-103,oddsapi
2026-10-10T16:00:06Z,2026-10-10,PHI @ BOS,d85b0a6ad02d473031876a3286f80638,game_total,under,,5.5,bovada,-103,-117,oddsapi
2026-10-10T16:00:06Z,2026-10-10,VAN @ NJD,c7f455eb3013583ec1f49f025b777801,game_ml,NJD,,,draftkings,-298,240,oddsapi
2026-10-10T16:00:06Z,2026-10-10,VAN @ NJD,c7f455eb3013583ec1f49f025b777801,game_ml,VAN,,,draftkings,240,-298,oddsapi
2026-10-10T16:00:06Z,2026-10-10,VAN @ NJD,c7f455eb3013583ec1f49f025b777801,game_pl,NJD,,-1.5,draftkings,-112,-108,oddsapi
2026-10-10T16:00:06Z,2026-10-10,VAN @ NJD,c7f455eb3013583ec1f49f025b777801,game_pl,VAN,,1.5,draftkings,-108,-112,oddsapi
2026-10-10T16:00:06Z,2026-10-10,VAN @ NJD,c7f455eb3013583ec1f49f025b777801,game_total,over,,6.5,draftkings,-102,-118,oddsapi
2026-10-10T16:00:06Z,2026-10-10,VAN @ NJD,c7f455eb3013583ec1f49f025b777801,game_total,under,,6.5,draftkings,-118,-102,oddsapi
2026-10-10T16:00:06Z,2026-10-10,VAN @ NJD,c7f455eb3013583ec1f49f025b777801,game_ml,NJD,,,fanatics,-285,230,oddsapi
2026-10-10T16:00:06Z,2026-10-10,VAN @ NJD,c7f455eb3013583ec1f49f025b777801,game_ml,VAN,,,fanatics,230,-285,oddsapi
2026-10-10T16:00:06Z,2026-10-10,VAN @ NJD,c7f455eb3013583ec1f49f025b777801,game_pl,NJD,,-1.5,fanatics,-110,-110,oddsapi
2026-10-10T16:00:06Z,2026-10-10,VAN @ NJD,c7f455eb3013583ec1f49f025b777801,game_pl,VAN,,1.5,fanatics,-110,-110,oddsapi
2026-10-10T16:00:06Z,2026-10-10,VAN @ NJD,c7f455eb3013583ec1f49f025b777801,game_total,over,,6.5,fanatics,100,-120,oddsapi
2026-10-10T16:00:06Z,2026-10-10,VAN @ NJD,c7f455eb3013583ec1f49f025b777801,game_total,under,,6.5,fanatics,-120,100,oddsapi
2026-10-10T16:00:06Z,2026-10-10,VAN @ NJD,c7f455eb3013583ec1f49f025b777801,game_ml,NJD,,,williamhill_us,-295,235,oddsapi
2026-10-10T16:00:06Z,2026-10-10,VAN @ NJD,c7f455eb3013583ec1f49f025b777801,game_ml,VAN,,,williamhill_us,235,-295,oddsapi
2026-10-10T16:00:06Z,2026-10-10,VAN @ NJD,c7f455eb3013583ec1f49f025b777801,game_total,over,,6.5,williamhill_us,-102,-118,oddsapi
2026-10-10T16:00:06Z,2026-10-10,VAN @ NJD,c7f455eb3013583ec1f49f025b777801,game_total,under,,6.5,williamhill_us,-118,-102,oddsapi
2026-10-10T16:00:06Z,2026-10-10,VAN @ NJD,c7f455eb3013583ec1f49f025b777801,game_ml,NJD,,,betrivers,-295,235,oddsapi
2026-10-10T16:00:06Z,2026-10-10,VAN @ NJD,c7f455eb3013583ec1f49f025b777801,game_ml,VAN,,,betrivers,235,-295,oddsapi
2026-10-10T16:00:06Z,2026-10-10,VAN @ NJD,c7f455eb3013583ec1f49f025b777801,game_pl,NJD,,-1.5,betrivers,-109,-113,oddsapi
2026-10-10T16:00:06Z,2026-10-10,VAN @ NJD,c7f455eb3013583ec1f49f025b777801,game_pl,VAN,,1.5,betrivers,-113,-109,oddsapi
2026-10-10T16:00:06Z,2026-10-10,VAN @ NJD,c7f455eb3013583ec1f49f025b777801,game_total,over,,6.5,betrivers,100,-124,oddsapi
2026-10-10T16:00:06Z,2026-10-10,VAN @ NJD,c7f455eb3013583ec1f49f025b777801,game_total,under,,6.5,betrivers,-124,100,oddsapi
2026-10-10T16:00:06Z,2026-10-10,VAN @ NJD,c7f455eb3013583ec1f49f025b777801,game_ml,NJD,,,betmgm,-285,230,oddsapi
2026-10-10T16:00:06Z,2026-10-10,VAN @ NJD,c7f455eb3013583ec1f49f025b777801,game_ml,VAN,,,betmgm,230,-285,oddsapi
2026-10-10T16:00:06Z,2026-10-10,VAN @ NJD,c7f455eb3013583ec1f49f025b777801,game_pl,NJD,,-1.5,betmgm,-118,-102,oddsapi
2026-10-10T16:00:06Z,2026-10-10,VAN @ NJD,c7f455eb3013583ec1f49f025b777801,game_pl,VAN,,1.5,betmgm,-102,-118,oddsapi
2026-10-10T16:00:06Z,2026-10-10,VAN @ NJD,c7f455eb3013583ec1f49f025b777801,game_total,over,,6.5,betmgm,100,-120,oddsapi
2026-10-10T16:00:06Z,2026-10-10,VAN @ NJD,c7f455eb3013583ec1f49f025b777801,game_total,under,,6.5,betmgm,-120,100,oddsapi
2026-10-10T16:00:06Z,2026-10-10,VAN @ NJD,c7f455eb3013583ec1f49f025b777801,game_ml,NJD,,,betonlineag,-285,244,oddsapi
2026-10-10T16:00:06Z,2026-10-10,VAN @ NJD,c7f455eb3013583ec1f49f025b777801,game_ml,VAN,,,betonlineag,244,-285,oddsapi
2026-10-10T16:00:06Z,2026-10-10,VAN @ NJD,c7f455eb3013583ec1f49f025b777801,game_pl,NJD,,-1.5,betonlineag,-115,-105,oddsapi
2026-10-10T16:00:06Z,2026-10-10,VAN @ NJD,c7f455eb3013583ec1f49f025b777801,game_pl,VAN,,1.5,betonlineag,-105,-115,oddsapi
2026-10-10T16:00:06Z,2026-10-10,VAN @ NJD,c7f455eb3013583ec1f49f025b777801,game_total,over,,6.5,betonlineag,102,-118,oddsapi
2026-10-10T16:00:06Z,2026-10-10,VAN @ NJD,c7f455eb3013583ec1f49f025b777801,game_total,under,,6.5,betonlineag,-118,102,oddsapi
2026-10-10T16:00:06Z,2026-10-10,VAN @ NJD,c7f455eb3013583ec1f49f025b777801,game_ml,NJD,,,lowvig,-285,244,oddsapi
2026-10-10T16:00:06Z,2026-10-10,VAN @ NJD,c7f455eb3013583ec1f49f025b777801,game_ml,VAN,,,lowvig,244,-285,oddsapi
2026-10-10T16:00:06Z,2026-10-10,VAN @ NJD,c7f455eb3013583ec1f49f025b777801,game_pl,NJD,,-1.5,lowvig,-115,-105,oddsapi
2026-10-10T16:00:06Z,2026-10-10,VAN @ NJD,c7f455eb3013583ec1f49f025b777801,game_pl,VAN,,1.5,lowvig,-105,-115,oddsapi
2026-10-10T16:00:06Z,2026-10-10,VAN @ NJD,c7f455eb3013583ec1f49f025b777801,game_total,over,,6.5,lowvig,102,-118,oddsapi
2026-10-10T16:00:06Z,2026-10-10,VAN @ NJD,c7f455eb3013583ec1f49f025b777801,game_total,under,,6.5,lowvig,-118,102,oddsapi
2026-10-10T16:00:06Z,2026-10-10,VAN @ NJD,c7f455eb3013583ec1f49f025b777801,game_ml,NJD,,,fanduel,-280,225,oddsapi
2026-10-10T16:00:06Z,2026-10-10,VAN @ NJD,c7f455eb3013583ec1f49f025b777801,game_ml,VAN,,,fanduel,225,-280,oddsapi
2026-10-10T16:00:06Z,2026-10-10,VAN @ NJD,c7f455eb3013583ec1f49f025b777801,game_pl,NJD,,-1.5,fanduel,-106,-115,oddsapi
2026-10-10T16:00:06Z,2026-10-10,VAN @ NJD,c7f455eb3013583ec1f49f025b777801,game_pl,VAN,,1.5,fanduel,-115,-106,oddsapi
2026-10-10T16:00:06Z,2026-10-10,VAN @ NJD,c7f455eb3013583ec1f49f025b777801,game_total,over,,6.5,fanduel,100,-122,oddsapi
2026-10-10T16:00:06Z,2026-10-10,VAN @ NJD,c7f455eb3013583ec1f49f025b777801,game_total,under,,6.5,fanduel,-122,100,oddsapi
2026-10-10T16:00:06Z,2026-10-10,VAN @ NJD,c7f455eb3013583ec1f49f025b777801,game_ml,NJD,,,betus,-285,238,oddsapi
2026-10-10T16:00:06Z,2026-10-10,VAN @ NJD,c7f455eb3013583ec1f49f025b777801,game_ml,VAN,,,betus,238,-285,oddsapi
2026-10-10T16:00:06Z,2026-10-10,VAN @ NJD,c7f455eb3013583ec1f49f025b777801,game_pl,NJD,,-1.5,betus,-115,-105,oddsapi
2026-10-10T16:00:06Z,2026-10-10,VAN @ NJD,c7f455eb3013583ec1f49f025b777801,game_pl,VAN,,1.5,betus,-105,-115,oddsapi
2026-10-10T16:00:06Z,2026-10-10,VAN @ NJD,c7f455eb3013583ec1f49f025b777801,game_total,over,,6.5,betus,100,-120,oddsapi
2026-10-10T16:00:06Z,2026-10-10,VAN @ NJD,c7f455eb3013583ec1f49f025b777801,game_total,under,,6.5,betus,-120,100,oddsapi
2026-10-10T16:00:06Z,2026-10-10,VAN @ NJD,c7f455eb3013583ec1f49f025b777801,game_ml,NJD,,,mybookieag,-285,224,oddsapi
2026-10-10T16:00:06Z,2026-10-10,VAN @ NJD,c7f455eb3013583ec1f49f025b777801,game_ml,VAN,,,mybookieag,224,-285,oddsapi
2026-10-10T16:00:06Z,2026-10-10,VAN @ NJD,c7f455eb3013583ec1f49f025b777801,game_pl,NJD,,-1.5,mybookieag,-110,-111,oddsapi
2026-10-10T16:00:06Z,2026-10-10,VAN @ NJD,c7f455eb3013583ec1f49f025b777801,game_pl,VAN,,1.5,mybookieag,-111,-110,oddsapi
2026-10-10T16:00:06Z,2026-10-10,VAN @ NJD,c7f455eb3013583ec1f49f025b777801,game_total,over,,6.5,mybookieag,-101,-121,oddsapi
2026-10-10T16:00:06Z,2026-10-10,VAN @ NJD,c7f455eb3013583ec1f49f025b777801,game_total,under,,6.5,mybookieag,-121,-101,oddsapi
2026-10-10T16:00:06Z,2026-10-10,VAN @ NJD,c7f455eb3013583ec1f49f025b777801,game_ml,NJD,,,bovada,-290,240,oddsapi
2026-10-10T16:00:06Z,2026-10-10,VAN @ NJD,c7f455eb3013583ec1f49f025b777801,game_ml,VAN,,,bovada,240,-290,oddsapi
2026-10-10T16:00:06Z,2026-10-10,VAN @ NJD,c7f455eb3013583ec1f49f025b777801,game_pl,NJD,,-1.5,bovada,-108,-112,oddsapi
2026-10-10T16:00:06Z,2026-10-10,VAN @ NJD,c7f455eb3013583ec1f49f025b777801,game_pl,VAN,,1.5,bovada,-112,-108,oddsapi
2026-10-10T16:00:06Z,2026-10-10,VAN @ NJD,c7f455eb3013583ec1f49f025b777801,game_total,over,,6.5,bovada,100,-120,oddsapi
2026-10-10T16:00:06Z,2026-10-10,VAN @ NJD,c7f455eb3013583ec1f49f025b777801,game_total,under,,6.5,bovada,-120,100,oddsapi
2026-10-10T16:00:06Z,2026-10-10,EDM @ SJS,08385500bdc8f9cbcab43927a7d21671,game_ml,EDM,,,draftkings,-155,130,oddsapi
2026-10-10T16:00:06Z,2026-10-10,EDM @ SJS,08385500bdc8f9cbcab43927a7d21671,game_ml,SJS,,,draftkings,130,-155,oddsapi
2026-10-10T16:00:06Z,2026-10-10,EDM @ SJS,08385500bdc8f9cbcab43927a7d21671,game_pl,EDM,,-1.5,draftkings,154,-185,oddsapi
2026-10-10T16:00:06Z,2026-10-10,EDM @ SJS,08385500bdc8f9cbcab43927a7d21671,game_pl,SJS,,1.5,draftkings,-185,154,oddsapi
2026-10-10T16:00:06Z,2026-10-10,EDM @ SJS,08385500bdc8f9cbcab43927a7d21671,game_total,over,,6.5,draftkings,-118,-102,oddsapi
2026-10-10T16:00:06Z,2026-10-10,EDM @ SJS,08385500bdc8f9cbcab43927a7d21671,game_total,under,,6.5,draftkings,-102,-118,oddsapi
2026-10-10T16:00:06Z,2026-10-10,EDM @ SJS,08385500bdc8f9cbcab43927a7d21671,game_ml,EDM,,,fanatics,-155,130,oddsapi
2026-10-10T16:00:06Z,2026-10-10,EDM @ SJS,08385500bdc8f9cbcab43927a7d21671,game_ml,SJS,,,fanatics,130,-155,oddsapi
2026-10-10T16:00:06Z,2026-10-10,EDM @ SJS,08385500bdc8f9cbcab43927a7d21671,game_pl,EDM,,-1.5,fanatics,155,-190,oddsapi
2026-10-10T16:00:06Z,2026-10-10,EDM @ SJS,08385500bdc8f9cbcab43927a7d21671,game_pl,SJS,,1.5,fanatics,-190,155,oddsapi
2026-10-10T16:00:06Z,2026-10-10,EDM @ SJS,08385500bdc8f9cbcab43927a7d21671,game_total,over,,6.5,fanatics,-120,100,oddsapi
2026-10-10T16:00:06Z,2026-10-10,EDM @ SJS,08385500bdc8f9cbcab43927a7d21671,game_total,under,,6.5,fanatics,100,-120,oddsapi
2026-10-10T16:00:06Z,2026-10-10,EDM @ SJS,08385500bdc8f9cbcab43927a7d21671,game_ml,EDM,,,williamhill_us,-154,130,oddsapi
2026-10-10T16:00:06Z,2026-10-10,EDM @ SJS,08385500bdc8f9cbcab43927a7d21671,game_ml,SJS,,,williamhill_us,130,-154,oddsapi
2026-10-10T16:00:06Z,2026-10-10,EDM @ SJS,08385500bdc8f9cbcab43927a7d21671,game_total,over,,6.5,williamhill_us,-125,105,oddsapi
2026-10-10T16:00:06Z,2026-10-10,EDM @ SJS,08385500bdc8f9cbcab43927a7d21671,game_total,under,,6.5,williamhill_us,105,-125,oddsapi
2026-10-10T16:00:06Z,2026-10-10,EDM @ SJS,08385500bdc8f9cbcab43927a7d21671,game_ml,EDM,,,betmgm,-160,135,oddsapi
2026-10-10T16:00:06Z,2026-10-10,EDM @ SJS,08385500bdc8f9cbcab43927a7d21671,game_ml,SJS,,,betmgm,135,-160,oddsapi
2026-10-10T16:00:06Z,2026-10-10,EDM @ SJS,08385500bdc8f9cbcab43927a7d21671,game_pl,EDM,,-1.5,betmgm,145,-175,oddsapi
2026-10-10T16:00:06Z,2026-10-10,EDM @ SJS,08385500bdc8f9cbcab43927a7d21671,game_pl,SJS,,1.5,betmgm,-175,145,oddsapi
2026-10-10T16:00:06Z,2026-10-10,EDM @ SJS,08385500bdc8f9cbcab43927a7d21671,game_total,over,,6.5,betmgm,-120,100,oddsapi
2026-10-10T16:00:06Z,2026-10-10,EDM @ SJS,08385500bdc8f9cbcab43927a7d21671,game_total,under,,6.5,betmgm,100,-120,oddsapi
2026-10-10T16:00:06Z,2026-10-10,EDM @ SJS,08385500bdc8f9cbcab43927a7d21671,game_ml,EDM,,,betrivers,-159,135,oddsapi
2026-10-10T16:00:06Z,2026-10-10,EDM @ SJS,08385500bdc8f9cbcab43927a7d21671,game_ml,SJS,,,betrivers,135,-159,oddsapi
2026-10-10T16:00:06Z,2026-10-10,EDM @ SJS,08385500bdc8f9cbcab43927a7d21671,game_pl,EDM,,-1.5,betrivers,148,-186,oddsapi
2026-10-10T16:00:06Z,2026-10-10,EDM @ SJS,08385500bdc8f9cbcab43927a7d21671,game_pl,SJS,,1.5,betrivers,-186,148,oddsapi
2026-10-10T16:00:06Z,2026-10-10,EDM @ SJS,08385500bdc8f9cbcab43927a7d21671,game_total,over,,6.5,betrivers,-122,-103,oddsapi
2026-10-10T16:00:06Z,2026-10-10,EDM @ SJS,08385500bdc8f9cbcab43927a7d21671,game_total,under,,6.5,betrivers,-103,-122,oddsapi
2026-10-10T16:00:06Z,2026-10-10,EDM @ SJS,08385500bdc8f9cbcab43927a7d21671,game_ml,EDM,,,betonlineag,-155,136,oddsapi
2026-10-10T16:00:06Z,2026-10-10,EDM @ SJS,08385500bdc8f9cbcab43927a7d21671,game_ml,SJS,,,betonlineag,136,-155,oddsapi
2026-10-10T16:00:06Z,2026-10-10,EDM @ SJS,08385500bdc8f9cbcab43927a7d21671,game_pl,EDM,,-1.5,betonlineag,159,-182,oddsapi
2026-10-10T16:00:06Z,2026-10-10,EDM @ SJS,08385500bdc8f9cbcab43927a7d21671,game_pl,SJS,,1.5,betonlineag,-182,159,oddsapi
2026-10-10T16:00:06Z,2026-10-10,EDM @ SJS,08385500bdc8f9cbcab43927a7d21671,game_total,over,,6.5,betonlineag,-121,105,oddsapi
2026-10-10T16:00:06Z,2026-10-10,EDM @ SJS,08385500bdc8f9cbcab43927a7d21671,game_total,under,,6.5,betonlineag,105,-121,oddsapi
2026-10-10T16:00:06Z,2026-10-10,EDM @ SJS,08385500bdc8f9cbcab43927a7d21671,game_ml,EDM,,,lowvig,-155,136,oddsapi
2026-10-10T16:00:06Z,2026-10-10,EDM @ SJS,08385500bdc8f9cbcab43927a7d21671,game_ml,SJS,,,lowvig,136,-155,oddsapi
2026-10-10T16:00:06Z,2026-10-10,EDM @ SJS,08385500bdc8f9cbcab43927a7d21671,game_pl,EDM,,-1.5,lowvig,159,-182,oddsapi
2026-10-10T16:00:06Z,2026-10-10,EDM @ SJS,08385500bdc8f9cbcab43927a7d21671,game_pl,SJS,,1.5,lowvig,-182,159,oddsapi
2026-10-10T16:00:06Z,2026-10-10,EDM @ SJS,08385500bdc8f9cbcab43927a7d21671,game_total,over,,6.5,lowvig,-121,105,oddsapi
2026-10-10T16:00:06Z,2026-10-10,EDM @ SJS,08385500bdc8f9cbcab43927a7d21671,game_total,under,,6.5,lowvig,105,-121,oddsapi
2026-10-10T16:00:06Z,2026-10-10,EDM @ SJS,08385500bdc8f9cbcab43927a7d21671,game_ml,EDM,,,fanduel,-154,128,oddsapi
2026-10-10T16:00:06Z,2026-10-10,EDM @ SJS,08385500bdc8f9cbcab43927a7d21671,game_ml,SJS,,,fanduel,128,-154,oddsapi
2026-10-10T16:00:06Z,2026-10-10,EDM @ SJS,08385500bdc8f9cbcab43927a7d21671,game_pl,EDM,,-1.5,fanduel,152,-188,oddsapi
2026-10-10T16:00:06Z,2026-10-10,EDM @ SJS,08385500bdc8f9cbcab43927a7d21671,game_pl,SJS,,1.5,fanduel,-188,152,oddsapi
2026-10-10T16:00:06Z,2026-10-10,EDM @ SJS,08385500bdc8f9cbcab43927a7d21671,game_total,over,,6.5,fanduel,-120,-102,oddsapi
2026-10-10T16:00:06Z,2026-10-10,EDM @ SJS,08385500bdc8f9cbcab43927a7d21671,game_total,under,,6.5,fanduel,-102,-120,oddsapi
2026-10-10T16:00:06Z,2026-10-10,EDM @ SJS,08385500bdc8f9cbcab43927a7d21671,game_ml,EDM,,,betus,-155,134,oddsapi
2026-10-10T16:00:06Z,2026-10-10,EDM @ SJS,08385500bdc8f9cbcab43927a7d21671,game_ml,SJS,,,betus,134,-155,oddsapi
2026-10-10T16:00:06Z,2026-10-10,EDM @ SJS,08385500bdc8f9cbcab43927a7d21671,game_pl,EDM,,-1.5,betus,156,-180,oddsapi
2026-10-10T16:00:06Z,2026-10-10,EDM @ SJS,08385500bdc8f9cbcab43927a7d21671,game_pl,SJS,,1.5,betus,-180,156,oddsapi
2026-10-10T16:00:06Z,2026-10-10,EDM @ SJS,08385500bdc8f9cbcab43927a7d21671,game_total,over,,6.5,betus,-120,100,oddsapi
2026-10-10T16:00:06Z,2026-10-10,EDM @ SJS,08385500bdc8f9cbcab43927a7d21671,game_total,under,,6.5,betus,100,-120,oddsapi
2026-10-10T16:00:06Z,2026-10-10,EDM @ SJS,08385500bdc8f9cbcab43927a7d21671,game_ml,EDM,,,mybookieag,-156,127,oddsapi
2026-10-10T16:00:06Z,2026-10-10,EDM @ SJS,08385500bdc8f9cbcab43927a7d21671,game_ml,SJS,,,mybookieag,127,-156,oddsapi
2026-10-10T16:00:06Z,2026-10-10,EDM @ SJS,08385500bdc8f9cbcab43927a7d21671,game_pl,EDM,,-1.5,mybookieag,147,-182,oddsapi
2026-10-10T16:00:06Z,2026-10-10,EDM @ SJS,08385500bdc8f9cbcab43927a7d21671,game_pl,SJS,,1.5,mybookieag,-182,147,oddsapi
2026-10-10T16:00:06Z,2026-10-10,EDM @ SJS,08385500bdc8f9cbcab43927a7d21671,game_total,over,,6.5,mybookieag,-120,-102,oddsapi
2026-10-10T16:00:06Z,2026-10-10,EDM @ SJS,08385500bdc8f9cbcab43927a7d21671,game_total,under,,6.5,mybookieag,-102,-120,oddsapi
2026-10-10T16:00:06Z,2026-10-10,EDM @ SJS,08385500bdc8f9cbcab43927a7d21671,game_ml,EDM,,,bovada,-155,133,oddsapi
2026-10-10T16:00:06Z,2026-10-10,EDM @ SJS,08385500bdc8f9cbcab43927a7d21671,game_ml,SJS,,,bovada,133,-155,oddsapi
2026-10-10T16:00:06Z,2026-10-10,EDM @ SJS,08385500bdc8f9cbcab43927a7d21671,game_pl,EDM,,-1.5,bovada,158,-183,oddsapi
2026-10-10T16:00:06Z,2026-10-10,EDM @ SJS,08385500bdc8f9cbcab43927a7d21671,game_pl,SJS,,1.5,bovada,-183,158,oddsapi
2026-10-10T16:00:06Z,2026-10-10,EDM @ SJS,08385500bdc8f9cbcab43927a7d21671,game_total,over,,6.5,bovada,-120,100,oddsapi
2026-10-10T16:00:06Z,2026-10-10,EDM @ SJS,08385500bdc8f9cbcab43927a7d21671,game_total,under,,6.5,bovada,100,-120,oddsapi
2026-10-10T16:00:06Z,2026-10-10,MIN @ FLA,4951992db982c394e261970cbfb52332,game_ml,FLA,,,draftkings,-135,114,oddsapi
2026-10-10T16:00:06Z,2026-10-10,MIN @ FLA,4951992db982c394e261970cbfb52332,game_ml,MIN,,,draftkings,114,-135,oddsapi
2026-10-10T16:00:06Z,2026-10-10,MIN @ FLA,4951992db982c394e261970cbfb52332,game_pl,FLA,,-1.5,draftkings,190,-230,oddsapi
2026-10-10T16:00:06Z,2026-10-10,MIN @ FLA,4951992db982c394e261970cbfb52332,game_pl,MIN,,1.5,draftkings,-230,190,oddsapi
2026-10-10T16:00:06Z,2026-10-10,MIN @ FLA,4951992db982c394e261970cbfb52332,game_total,over,,5.5,draftkings,-122,102,oddsapi
2026-10-10T16:00:06Z,2026-10-10,MIN @ FLA,4951992db982c394e261970cbfb52332,game_total,under,,5.5,draftkings,102,-122,oddsapi
2026-10-10T16:00:06Z,2026-10-10,MIN @ FLA,4951992db982c394e261970cbfb52332,game_ml,FLA,,,fanatics,-140,115,oddsapi
2026-10-10T16:00:06Z,2026-10-10,MIN @ FLA,4951992db982c394e261970cbfb52332,game_ml,MIN,,,fanatics,115,-140,oddsapi
2026-10-10T16:00:06Z,2026-10-10,MIN @ FLA,4951992db982c394e261970cbfb52332,game_pl,FLA,,-1.5,fanatics,180,-225,oddsapi
2026-10-10T16:00:06Z,2026-10-10,MIN @ FLA,4951992db982c394e261970cbfb52332,game_pl,MIN,,1.5,fanatics,-225,180,oddsapi
2026-10-10T16:00:06Z,2026-10-10,MIN @ FLA,4951992db982c394e261970cbfb52332,game_total,over,,5.5,fanatics,-125,105,oddsapi
2026-10-10T16:00:06Z,2026-10-10,MIN @ FLA,4951992db982c394e261970cbfb52332,game_total,under,,5.5,fanatics,105,-125,oddsapi
2026-10-10T16:00:06Z,2026-10-10,MIN @ FLA,4951992db982c394e261970cbfb52332,game_ml,FLA,,,williamhill_us,-139,118,oddsapi
2026-10-10T16:00:06Z,2026-10-10,MIN @ FLA,4951992db982c394e261970cbfb52332,game_ml,MIN,,,williamhill_us,118,-139,oddsapi
2026-10-10T16:00:06Z,2026-10-10,MIN @ FLA,4951992db982c394e261970cbfb52332,game_total,over,,5.5,williamhill_us,-126,106,oddsapi
2026-10-10T16:00:06Z,2026-10-10,MIN @ FLA,4951992db982c394e261970cbfb52332,game_total,under,,5.5,williamhill_us,106,-126,oddsapi
2026-10-10T16:00:06Z,2026-10-10,MIN @ FLA,4951992db982c394e261970cbfb52332,game_ml,FLA,,,betmgm,-130,110,oddsapi
2026-10-10T16:00:06Z,2026-10-10,MIN @ FLA,4951992db982c394e261970cbfb52332,game_ml,MIN,,,betmgm,110,-130,oddsapi
2026-10-10T16:00:06Z,2026-10-10,MIN @ FLA,4951992db982c394e261970cbfb52332,game_pl,FLA,,-1.5,betmgm,190,-235,oddsapi
2026-10-10T16:00:06Z,2026-10-10,MIN @ FLA,4951992db982c394e261970cbfb52332,game_pl,MIN,,1.5,betmgm,-235,190,oddsapi
2026-10-10T16:00:06Z,2026-10-10,MIN @ FLA,4951992db982c394e261970cbfb52332,game_total,over,,5.5,betmgm,-120,100,oddsapi
2026-10-10T16:00:06Z,2026-10-10,MIN @ FLA,4951992db982c394e261970cbfb52332,game_total,under,,5.5,betmgm,100,-120,oddsapi
2026-10-10T16:00:06Z,2026-10-10,MIN @ FLA,4951992db982c394e261970cbfb52332,game_ml,FLA,,,betonlineag,-136,120,oddsapi
2026-10-10T16:00:06Z,2026-10-10,MIN @ FLA,4951992db982c394e261970cbfb52332,game_ml,MIN,,,betonlineag,120,-136,oddsapi
2026-10-10T16:00:06Z,2026-10-10,MIN @ FLA,4951992db982c394e261970cbfb52332,game_pl,FLA,,-1.5,betonlineag,192,-230,oddsapi
2026-10-10T16:00:06Z,2026-10-10,MIN @ FLA,4951992db982c394e261970cbfb52332,game_pl,MIN,,1.5,betonlineag,-230,192,oddsapi
2026-10-10T16:00:06Z,2026-10-10,MIN @ FLA,4951992db982c394e261970cbfb52332,game_total,over,,5.5,betonlineag,-121,105,oddsapi
2026-10-10T16:00:06Z,2026-10-10,MIN @ FLA,4951992db982c394e261970cbfb52332,game_total,under,,5.5,betonlineag,105,-121,oddsapi
2026-10-10T16:00:06Z,2026-10-10,MIN @ FLA,4951992db982c394e261970cbfb52332,game_ml,FLA,,,lowvig,-136,120,oddsapi
2026-10-10T16:00:06Z,2026-10-10,MIN @ FLA,4951992db982c394e261970cbfb52332,game_ml,MIN,,,lowvig,120,-136,oddsapi
2026-10-10T16:00:06Z,2026-10-10,MIN @ FLA,4951992db982c394e261970cbfb52332,game_pl,FLA,,-1.5,lowvig,192,-230,oddsapi
2026-10-10T16:00:06Z,2026-10-10,MIN @ FLA,4951992db982c394e261970cbfb52332,game_pl,MIN,,1.5,lowvig,-230,192,oddsapi
2026-10-10T16:00:06Z,2026-10-10,MIN @ FLA,4951992db982c394e261970cbfb52332,game_total,over,,5.5,lowvig,-121,105,oddsapi
2026-10-10T16:00:06Z,2026-10-10,MIN @ FLA,4951992db982c394e261970cbfb52332,game_total,under,,5.5,lowvig,105,-121,oddsapi
2026-10-10T16:00:06Z,2026-10-10,MIN @ FLA,4951992db982c394e261970cbfb52332,game_ml,FLA,,,fanduel,-137,114,oddsapi
2026-10-10T16:00:06Z,2026-10-10,MIN @ FLA,4951992db982c394e261970cbfb52332,game_ml,MIN,,,fanduel,114,-137,oddsapi
2026-10-10T16:00:06Z,2026-10-10,MIN @ FLA,4951992db982c394e261970cbfb52332,game_pl,FLA,,-1.5,fanduel,176,-220,oddsapi
2026-10-10T16:00:06Z,2026-10-10,MIN @ FLA,4951992db982c394e261970cbfb52332,game_pl,MIN,,1.5,fanduel,-220,176,oddsapi
2026-10-10T16:00:06Z,2026-10-10,MIN @ FLA,4951992db982c394e261970cbfb52332,game_total,over,,5.5,fanduel,-122,100,oddsapi
2026-10-10T16:00:06Z,2026-10-10,MIN @ FLA,4951992db982c394e261970cbfb52332,game_total,under,,5.5,fanduel,100,-122,oddsapi
2026-10-10T16:00:06Z,2026-10-10,MIN @ FLA,4951992db982c394e261970cbfb52332,game_ml,FLA,,,betrivers,-143,120,oddsapi
2026-10-10T16:00:06Z,2026-10-10,MIN @ FLA,4951992db982c394e261970cbfb52332,game_ml,MIN,,,betrivers,120,-143,oddsapi
2026-10-10T16:00:06Z,2026-10-10,MIN @ FLA,4951992db982c394e261970cbfb52332,game_pl,FLA,,-1.5,betrivers,185,-235,oddsapi
2026-10-10T16:00:06Z,2026-10-10,MIN @ FLA,4951992db982c394e261970cbfb52332,game_pl,MIN,,1.5,betrivers,-235,185,oddsapi
2026-10-10T16:00:06Z,2026-10-10,MIN @ FLA,4951992db982c394e261970cbfb52332,game_total,over,,5.5,betrivers,-129,104,oddsapi
2026-10-10T16:00:06Z,2026-10-10,MIN @ FLA,4951992db982c394e261970cbfb52332,game_total,under,,5.5,betrivers,104,-129,oddsapi
2026-10-10T16:00:06Z,2026-10-10,MIN @ FLA,4951992db982c394e261970cbfb52332,game_ml,FLA,,,betus,-135,115,oddsapi
2026-10-10T16:00:06Z,2026-10-10,MIN @ FLA,4951992db982c394e261970cbfb52332,game_ml,MIN,,,betus,115,-135,oddsapi
2026-10-10T16:00:06Z,2026-10-10,MIN @ FLA,4951992db982c394e261970cbfb52332,game_pl,FLA,,-1.5,betus,196,-230,oddsapi
2026-10-10T16:00:06Z,2026-10-10,MIN @ FLA,4951992db982c394e261970cbfb52332,game_pl,MIN,,1.5,betus,-230,196,oddsapi
2026-10-10T16:00:06Z,2026-10-10,MIN @ FLA,4951992db982c394e261970cbfb52332,game_total,over,,5.5,betus,-120,100,oddsapi
2026-10-10T16:00:06Z,2026-10-10,MIN @ FLA,4951992db982c394e261970cbfb52332,game_total,under,,5.5,betus,100,-120,oddsapi
2026-10-10T16:00:06Z,2026-10-10,MIN @ FLA,4951992db982c394e261970cbfb52332,game_ml,FLA,,,mybookieag,-136,111,oddsapi
2026-10-10T16:00:06Z,2026-10-10,MIN @ FLA,4951992db982c394e261970cbfb52332,game_ml,MIN,,,mybookieag,111,-136,oddsapi
2026-10-10T16:00:06Z,2026-10-10,MIN @ FLA,4951992db982c394e261970cbfb52332,game_pl,FLA,,-1.5,mybookieag,188,-237,oddsapi
2026-10-10T16:00:06Z,2026-10-10,MIN @ FLA,4951992db982c394e261970cbfb52332,game_pl,MIN,,1.5,mybookieag,-237,188,oddsapi
2026-10-10T16:00:06Z,2026-10-10,MIN @ FLA,4951992db982c394e261970cbfb52332,game_total,over,,6,mybookieag,102,-124,oddsapi
2026-10-10T16:00:06Z,2026-10-10,MIN @ FLA,4951992db982c394e261970cbfb52332,game_total,under,,6,mybookieag,-124,102,oddsapi
2026-10-10T16:00:06Z,2026-10-10,MIN @ FLA,4951992db982c394e261970cbfb52332,game_ml,FLA,,,bovada,-138,117,oddsapi
2026-10-10T16:00:06Z,2026-10-10,MIN @ FLA,4951992db982c394e261970cbfb52332,game_ml,MIN,,,bovada,117,-138,oddsapi
2026-10-10T16:00:06Z,2026-10-10,MIN @ FLA,4951992db982c394e261970cbfb52332,game_pl,FLA,,-1.5,bovada,185,-225,oddsapi
2026-10-10T16:00:06Z,2026-10-10,MIN @ FLA,4951992db982c394e261970cbfb52332,game_pl,MIN,,1.5,bovada,-225,185,oddsapi
2026-10-10T16:00:06Z,2026-10-10,MIN @ FLA,4951992db982c394e261970cbfb52332,game_total,over,,5.5,bovada,-122,102,oddsapi
2026-10-10T16:00:06Z,2026-10-10,MIN @ FLA,4951992db982c394e261970cbfb52332,game_total,under,,5.5,bovada,102,-122,oddsapi
2026-10-10T16:00:06Z,2026-10-10,UTA @ BUF,7895b6bd10de620acba34059d4ad4e09,game_ml,BUF,,,draftkings,-112,-108,oddsapi
2026-10-10T16:00:06Z,2026-10-10,UTA @ BUF,7895b6bd10de620acba34059d4ad4e09,game_ml,UTA,,,draftkings,-108,-112,oddsapi
2026-10-10T16:00:06Z,2026-10-10,UTA @ BUF,7895b6bd10de620acba34059d4ad4e09,game_pl,BUF,,1.5,draftkings,-270,220,oddsapi
2026-10-10T16:00:06Z,2026-10-10,UTA @ BUF,7895b6bd10de620acba34059d4ad4e09,game_pl,UTA,,-1.5,draftkings,220,-270,oddsapi
2026-10-10T16:00:06Z,2026-10-10,UTA @ BUF,7895b6bd10de620acba34059d4ad4e09,game_total,over,,6.5,draftkings,102,-122,oddsapi
2026-10-10T16:00:06Z,2026-10-10,UTA @ BUF,7895b6bd10de620acba34059d4ad4e09,game_total,under,,6.5,draftkings,-122,102,oddsapi
2026-10-10T16:00:06Z,2026-10-10,UTA @ BUF,7895b6bd10de620acba34059d4ad4e09,game_ml,BUF,,,fanatics,-110,-110,oddsapi
2026-10-10T16:00:06Z,2026-10-10,UTA @ BUF,7895b6bd10de620acba34059d4ad4e09,game_ml,UTA,,,fanatics,-110,-110,oddsapi
2026-10-10T16:00:06Z,2026-10-10,UTA @ BUF,7895b6bd10de620acba34059d4ad4e09,game_pl,BUF,,-1.5,fanatics,210,-270,oddsapi
2026-10-10T16:00:06Z,2026-10-10,UTA @ BUF,7895b6bd10de620acba34059d4ad4e09,game_pl,UTA,,1.5,fanatics,-270,210,oddsapi
2026-10-10T16:00:06Z,2026-10-10,UTA @ BUF,7895b6bd10de620acba34059d4ad4e09,game_total,over,,6.5,fanatics,100,-120,oddsapi
2026-10-10T16:00:06Z,2026-10-10,UTA @ BUF,7895b6bd10de620acba34059d4ad4e09,game_total,under,,6.5,fanatics,-120,100,oddsapi
2026-10-10T16:00:06Z,2026-10-10,UTA @ BUF,7895b6bd10de620acba34059d4ad4e09,game_ml,BUF,,,williamhill_us,-109,-108,oddsapi
2026-10-10T16:00:06Z,2026-10-10,UTA @ BUF,7895b6bd10de620acba34059d4ad4e09,game_ml,UTA,,,williamhill_us,-108,-109,oddsapi
2026-10-10T16:00:06Z,2026-10-10,UTA @ BUF,7895b6bd10de620acba34059d4ad4e09,game_total,over,,6.5,williamhill_us,101,-124,oddsapi
2026-10-10T16:00:06Z,2026-10-10,UTA @ BUF,7895b6bd10de620acba34059d4ad4e09,game_total,under,,6.5,williamhill_us,-124,101,oddsapi
2026-10-10T16:00:06Z,2026-10-10,UTA @ BUF,7895b6bd10de620acba34059d4ad4e09,game_ml,BUF,,,betmgm,-110,-110,oddsapi
2026-10-10T16:00:06Z,2026-10-10,UTA @ BUF,7895b6bd10de620acba34059d4ad4e09,game_ml,UTA,,,betmgm,-110,-110,oddsapi
2026-10-10T16:00:06Z,2026-10-10,UTA @ BUF,7895b6bd10de620acba34059d4ad4e09,game_pl,BUF,,1.5,betmgm,-250,200,oddsapi
2026-10-10T16:00:06Z,2026-10-10,UTA @ BUF,7895b6bd10de620acba34059d4ad4e09,game_pl,UTA,,-1.5,betmgm,200,-250,oddsapi
2026-10-10T16:00:06Z,2026-10-10,UTA @ BUF,7895b6bd10de620acba34059d4ad4e09,game_total,over,,6.5,betmgm,100,-120,oddsapi
2026-10-10T16:00:06Z,2026-10-10,UTA @ BUF,7895b6bd10de620acba34059d4ad4e09,game_total,under,,6.5,betmgm,-120,100,oddsapi
2026-10-10T16:00:06Z,2026-10-10,UTA @ BUF,7895b6bd10de620acba34059d4ad4e09,game_ml,BUF,,,betonlineag,-106,-108,oddsapi
2026-10-10T16:00:06Z,2026-10-10,UTA @ BUF,7895b6bd10de620acba34059d4ad4e09,game_ml,UTA,,,betonlineag,-108,-106,oddsapi
2026-10-10T16:00:06Z,2026-10-10,UTA @ BUF,7895b6bd10de620acba34059d4ad4e09,game_pl,BUF,,1.5,betonlineag,-265,219,oddsapi
2026-10-10T16:00:06Z,2026-10-10,UTA @ BUF,7895b6bd10de620acba34059d4ad4e09,game_pl,UTA,,-1.5,betonlineag,219,-265,oddsapi
2026-10-10T16:00:06Z,2026-10-10,UTA @ BUF,7895b6bd10de620acba34059d4ad4e09,game_total,over,,6.5,betonlineag,-101,-115,oddsapi
2026-10-10T16:00:06Z,2026-10-10,UTA @ BUF,7895b6bd10de620acba34059d4ad4e09,game_total,under,,6.5,betonlineag,-115,-101,oddsapi
2026-10-10T16:00:06Z,2026-10-10,UTA @ BUF,7895b6bd10de620acba34059d4ad4e09,game_ml,BUF,,,lowvig,-106,-108,oddsapi
2026-10-10T16:00:06Z,2026-10-10,UTA @ BUF,7895b6bd10de620acba34059d4ad4e09,game_ml,UTA,,,lowvig,-108,-106,oddsapi
2026-10-10T16:00:06Z,2026-10-10,UTA @ BUF,7895b6bd10de620acba34059d4ad4e09,game_pl,BUF,,1.5,lowvig,-265,219,oddsapi
2026-10-10T16:00:06Z,2026-10-10,UTA @ BUF,7895b6bd10de620acba34059d4ad4e09,game_pl,UTA,,-1.5,lowvig,219,-265,oddsapi
2026-10-10T16:00:06Z,2026-10-10,UTA @ BUF,7895b6bd10de620acba34059d4ad4e09,game_total,over,,6.5,lowvig,-101,-115,oddsapi
2026-10-10T16:00:06Z,2026-10-10,UTA @ BUF,7895b6bd10de620acba34059d4ad4e09,game_total,under,,6.5,lowvig,-115,-101,oddsapi
2026-10-10T16:00:06Z,2026-10-10,UTA @ BUF,7895b6bd10de620acba34059d4ad4e09,game_ml,BUF,,,betrivers,-113,-106,oddsapi
2026-10-10T16:00:06Z,2026-10-10,UTA @ BUF,7895b6bd10de620acba34059d4ad4e09,game_ml,UTA,,,betrivers,-106,-113,oddsapi
2026-10-10T16:00:06Z,2026-10-10,UTA @ BUF,7895b6bd10de620acba34059d4ad4e09,game_pl,BUF,,-1.5,betrivers,220,-286,oddsapi
2026-10-10T16:00:06Z,2026-10-10,UTA @ BUF,7895b6bd10de620acba34059d4ad4e09,game_pl,UTA,,1.5,betrivers,-286,220,oddsapi
2026-10-10T16:00:06Z,2026-10-10,UTA @ BUF,7895b6bd10de620acba34059d4ad4e09,game_total,over,,6.5,betrivers,102,-127,oddsapi
2026-10-10T16:00:06Z,2026-10-10,UTA @ BUF,7895b6bd10de620acba34059d4ad4e09,game_total,under,,6.5,betrivers,-127,102,oddsapi
2026-10-10T16:00:06Z,2026-10-10,UTA @ BUF,7895b6bd10de620acba34059d4ad4e09,game_ml,BUF,,,fanduel,-104,-115,oddsapi
2026-10-10T16:00:06Z,2026-10-10,UTA @ BUF,7895b6bd10de620acba34059d4ad4e09,game_ml,UTA,,,fanduel,-115,-104,oddsapi
2026-10-10T16:00:06Z,2026-10-10,UTA @ BUF,7895b6bd10de620acba34059d4ad4e09,game_pl,BUF,,1.5,fanduel,-265,210,oddsapi
2026-10-10T16:00:06Z,2026-10-10,UTA @ BUF,7895b6bd10de620acba34059d4ad4e09,game_pl,UTA,,-1.5,fanduel,210,-265,oddsapi
2026-10-10T16:00:06Z,2026-10-10,UTA @ BUF,7895b6bd10de620acba34059d4ad4e09,game_total,over,,6.5,fanduel,102,-124,oddsapi
2026-10-10T16:00:06Z,2026-10-10,UTA @ BUF,7895b6bd10de620acba34059d4ad4e09,game_total,under,,6.5,fanduel,-124,102,oddsapi
2026-10-10T16:00:06Z,2026-10-10,UTA @ BUF,7895b6bd10de620acba34059d4ad4e09,game_ml,BUF,,,betus,-110,-110,oddsapi
2026-10-10T16:00:06Z,2026-10-10,UTA @ BUF,7895b6bd10de620acba34059d4ad4e09,game_ml,UTA,,,betus,-110,-110,oddsapi
2026-10-10T16:00:06Z,2026-10-10,UTA @ BUF,7895b6bd10de620acba34059d4ad4e09,game_pl,BUF,,1.5,betus,-265,224,oddsapi
2026-10-10T16:00:06Z,2026-10-10,UTA @ BUF,7895b6bd10de620acba34059d4ad4e09,game_pl,UTA,,-1.5,betus,224,-265,oddsapi
2026-10-10T16:00:06Z,2026-10-10,UTA @ BUF,7895b6bd10de620acba34059d4ad4e09,game_total,over,,6.5,betus,-105,-115,oddsapi
2026-10-10T16:00:06Z,2026-10-10,UTA @ BUF,7895b6bd10de620acba34059d4ad4e09,game_total,under,,6.5,betus,-115,-105,oddsapi
2026-10-10T16:00:06Z,2026-10-10,UTA @ BUF,7895b6bd10de620acba34059d4ad4e09,game_ml,BUF,,,bovada,-110,-110,oddsapi
2026-10-10T16:00:06Z,2026-10-10,UTA @ BUF,7895b6bd10de620acba34059d4ad4e09,game_ml,UTA,,,bovada,-110,-110,oddsapi
2026-10-10T16:00:06Z,2026-10-10,UTA @ BUF,7895b6bd10de620acba34059d4ad4e09,game_pl,BUF,,-1.5,bovada,230,-280,oddsapi
2026-10-10T16:00:06Z,2026-10-10,UTA @ BUF,7895b6bd10de620acba34059d4ad4e09,game_pl,UTA,,1.5,bovada,-280,230,oddsapi
2026-10-10T16:00:06Z,2026-10-10,UTA @ BUF,7895b6bd10de620acba34059d4ad4e09,game_total,over,,6.5,bovada,102,-122,oddsapi
2026-10-10T16:00:06Z,2026-10-10,UTA @ BUF,7895b6bd10de620acba34059d4ad4e09,game_total,under,,6.5,bovada,-122,102,oddsapi
2026-10-10T16:00:06Z,2026-10-10,UTA @ BUF,7895b6bd10de620acba34059d4ad4e09,game_ml,BUF,,,mybookieag,-110,-111,oddsapi
2026-10-10T16:00:06Z,2026-10-10,UTA @ BUF,7895b6bd10de620acba34059d4ad4e09,game_ml,UTA,,,mybookieag,-111,-110,oddsapi
2026-10-10T16:00:06Z,2026-10-10,UTA @ BUF,7895b6bd10de620acba34059d4ad4e09,game_pl,BUF,,1.5,mybookieag,-265,210,oddsapi
2026-10-10T16:00:06Z,2026-10-10,UTA @ BUF,7895b6bd10de620acba34059d4ad4e09,game_pl,UTA,,-1.5,mybookieag,210,-265,oddsapi
2026-10-10T16:00:06Z,2026-10-10,UTA @ BUF,7895b6bd10de620acba34059d4ad4e09,game_total,over,,6.5,mybookieag,-101,-121,oddsapi
2026-10-10T16:00:06Z,2026-10-10,UTA @ BUF,7895b6bd10de620acba34059d4ad4e09,game_total,under,,6.5,mybookieag,-121,-101,oddsapi
2026-10-10T16:00:06Z,2026-10-10,CAR @ CHI,7824aa2e736cf181d6d0e9e45b228f2b,game_ml,CAR,,,draftkings,-245,200,oddsapi
2026-10-10T16:00:06Z,2026-10-10,CAR @ CHI,7824aa2e736cf181d6d0e9e45b228f2b,game_ml,CHI,,,draftkings,200,-245,oddsapi
2026-10-10T16:00:06Z,2026-10-10,CAR @ CHI,7824aa2e736cf181d6d0e9e45b228f2b,game_pl,CAR,,-1.5,draftkings,105,-125,oddsapi
2026-10-10T16:00:06Z,2026-10-10,CAR @ CHI,7824aa2e736cf181d6d0e9e45b228f2b,game_pl,CHI,,1.5,draftkings,-125,105,oddsapi
2026-10-10T16:00:06Z,2026-10-10,CAR @ CHI,7824aa2e736cf181d6d0e9e45b228f2b,game_total,over,,5.5,draftkings,-135,114,oddsapi
2026-10-10T16:00:06Z,2026-10-10,CAR @ CHI,7824aa2e736cf181d6d0e9e45b228f2b,game_total,under,,5.5,draftkings,114,-135,oddsapi
2026-10-10T16:00:06Z,2026-10-10,CAR @ CHI,7824aa2e736cf181d6d0e9e45b228f2b,game_ml,CAR,,,fanatics,-245,200,oddsapi
2026-10-10T16:00:06Z,2026-10-10,CAR @ CHI,7824aa2e736cf181d6d0e9e45b228f2b,game_ml,CHI,,,fanatics,200,-245,oddsapi
2026-10-10T16:00:06Z,2026-10-10,CAR @ CHI,7824aa2e736cf181d6d0e9e45b228f2b,game_pl,CAR,,-1.5,fanatics,100,-120,oddsapi
2026-10-10T16:00:06Z,2026-10-10,CAR @ CHI,7824aa2e736cf181d6d0e9e45b228f2b,game_pl,CHI,,1.5,fanatics,-120,100,oddsapi
2026-10-10T16:00:06Z,2026-10-10,CAR @ CHI,7824aa2e736cf181d6d0e9e45b228f2b,game_total,over,,5.5,fanatics,-125,105,oddsapi
2026-10-10T16:00:06Z,2026-10-10,CAR @ CHI,7824aa2e736cf181d6d0e9e45b228f2b,game_total,under,,5.5,fanatics,105,-125,oddsapi
2026-10-10T16:00:06Z,2026-10-10,CAR @ CHI,7824aa2e736cf181d6d0e9e45b228f2b,game_ml,CAR,,,williamhill_us,-250,205,oddsapi
2026-10-10T16:00:06Z,2026-10-10,CAR @ CHI,7824aa2e736cf181d6d0e9e45b228f2b,game_ml,CHI,,,williamhill_us,205,-250,oddsapi
2026-10-10T16:00:06Z,2026-10-10,CAR @ CHI,7824aa2e736cf181d6d0e9e45b228f2b,game_total,over,,6,williamhill_us,100,-120,oddsapi
2026-10-10T16:00:06Z,2026-10-10,CAR @ CHI,7824aa2e736cf181d6d0e9e45b228f2b,game_total,under,,6,williamhill_us,-120,100,oddsapi
2026-10-10T16:00:06Z,2026-10-10,CAR @ CHI,7824aa2e736cf181d6d0e9e45b228f2b,game_ml,CAR,,,betmgm,-250,200,oddsapi
2026-10-10T16:00:06Z,2026-10-10,CAR @ CHI,7824aa2e736cf181d6d0e9e45b228f2b,game_ml,CHI,,,betmgm,200,-250,oddsapi
2026-10-10T16:00:06Z,2026-10-10,CAR @ CHI,7824aa2e736cf181d6d0e9e45b228f2b,game_pl,CAR,,-1.5,betmgm,-102,-118,oddsapi
2026-10-10T16:00:06Z,2026-10-10,CAR @ CHI,7824aa2e736cf181d6d0e9e45b228f2b,game_pl,CHI,,1.5,betmgm,-118,-102,oddsapi
2026-10-10T16:00:06Z,2026-10-10,CAR @ CHI,7824aa2e736cf181d6d0e9e45b228f2b,game_total,over,,6,betmgm,-102,-118,oddsapi
2026-10-10T16:00:06Z,2026-10-10,CAR @ CHI,7824aa2e736cf181d6d0e9e45b228f2b,game_total,under,,6,betmgm,-118,-102,oddsapi
2026-10-10T16:00:06Z,2026-10-10,CAR @ CHI,7824aa2e736cf181d6d0e9e45b228f2b,game_ml,CAR,,,betonlineag,-238,206,oddsapi
2026-10-10T16:00:06Z,2026-10-10,CAR @ CHI,7824aa2e736cf181d6d0e9e45b228f2b,game_ml,CHI,,,betonlineag,206,-238,oddsapi
2026-10-10T16:00:06Z,2026-10-10,CAR @ CHI,7824aa2e736cf181d6d0e9e45b228f2b,game_pl,CAR,,-1.5,betonlineag,107,-127,oddsapi
2026-10-10T16:00:06Z,2026-10-10,CAR @ CHI,7824aa2e736cf181d6d0e9e45b228f2b,game_pl,CHI,,1.5,betonlineag,-127,107,oddsapi
2026-10-10T16:00:06Z,2026-10-10,CAR @ CHI,7824aa2e736cf181d6d0e9e45b228f2b,game_total,over,,6,betonlineag,104,-120,oddsapi
2026-10-10T16:00:06Z,2026-10-10,CAR @ CHI,7824aa2e736cf181d6d0e9e45b228f2b,game_total,under,,6,betonlineag,-120,104,oddsapi
2026-10-10T16:00:06Z,2026-10-10,CAR @ CHI,7824aa2e736cf181d6d0e9e45b228f2b,game_ml,CAR,,,lowvig,-238,206,oddsapi
2026-10-10T16:00:06Z,2026-10-10,CAR @ CHI,7824aa2e736cf181d6d0e9e45b228f2b,game_ml,CHI,,,lowvig,206,-238,oddsapi
2026-10-10T16:00:06Z,2026-10-10,CAR @ CHI,7824aa2e736cf181d6d0e9e45b228f2b,game_pl,CAR,,-1.5,lowvig,107,-127,oddsapi
2026-10-10T16:00:06Z,2026-10-10,CAR @ CHI,7824aa2e736cf181d6d0e9e45b228f2b,game_pl,CHI,,1.5,lowvig,-127,107,oddsapi
2026-10-10T16:00:06Z,2026-10-10,CAR @ CHI,7824aa2e736cf181d6d0e9e45b228f2b,game_total,over,,6,lowvig,104,-120,oddsapi
2026-10-10T16:00:06Z,2026-10-10,CAR @ CHI,7824aa2e736cf181d6d0e9e45b228f2b,game_total,under,,6,lowvig,-120,104,oddsapi
2026-10-10T16:00:06Z,2026-10-10,CAR @ CHI,7824aa2e736cf181d6d0e9e45b228f2b,game_ml,CAR,,,fanduel,-255,205,oddsapi
2026-10-10T16:00:06Z,2026-10-10,CAR @ CHI,7824aa2e736cf181d6d0e9e45b228f2b,game_ml,CHI,,,fanduel,205,-255,oddsapi
2026-10-10T16:00:06Z,2026-10-10,CAR @ CHI,7824aa2e736cf181d6d0e9e45b228f2b,game_pl,CAR,,-1.5,fanduel,100,-122,oddsapi
2026-10-10T16:00:06Z,2026-10-10,CAR @ CHI,7824aa2e736cf181d6d0e9e45b228f2b,game_pl,CHI,,1.5,fanduel,-122,100,oddsapi
2026-10-10T16:00:06Z,2026-10-10,CAR @ CHI,7824aa2e736cf181d6d0e9e45b228f2b,game_total,over,,5.5,fanduel,-132,108,oddsapi
2026-10-10T16:00:06Z,2026-10-10,CAR @ CHI,7824aa2e736cf181d6d0e9e45b228f2b,game_total,under,,5.5,fanduel,108,-132,oddsapi
2026-10-10T16:00:06Z,2026-10-10,CAR @ CHI,7824aa2e736cf181d6d0e9e45b228f2b,game_ml,CAR,,,betrivers,-250,210,oddsapi
2026-10-10T16:00:06Z,2026-10-10,CAR @ CHI,7824aa2e736cf181d6d0e9e45b228f2b,game_ml,CHI,,,betrivers,210,-250,oddsapi
2026-10-10T16:00:06Z,2026-10-10,CAR @ CHI,7824aa2e736cf181d6d0e9e45b228f2b,game_pl,CAR,,-1.5,betrivers,100,-124,oddsapi
2026-10-10T16:00:06Z,2026-10-10,CAR @ CHI,7824aa2e736cf181d6d0e9e45b228f2b,game_pl,CHI,,1.5,betrivers,-124,100,oddsapi
2026-10-10T16:00:06Z,2026-10-10,CAR @ CHI,7824aa2e736cf181d6d0e9e45b228f2b,game_total,over,,5.5,betrivers,-137,110,oddsapi
2026-10-10T16:00:06Z,2026-10-10,CAR @ CHI,7824aa2e736cf181d6d0e9e45b228f2b,game_total,under,,5.5,betrivers,110,-137,oddsapi
2026-10-10T16:00:06Z,2026-10-10,CAR @ CHI,7824aa2e736cf181d6d0e9e45b228f2b,game_ml,CAR,,,betus,-245,205,oddsapi
2026-10-10T16:00:06Z,2026-10-10,CAR @ CHI,7824aa2e736cf181d6d0e9e45b228f2b,game_ml,CHI,,,betus,205,-245,oddsapi
2026-10-10T16:00:06Z,2026-10-10,CAR @ CHI,7824aa2e736cf181d6d0e9e45b228f2b,game_pl,CAR,,-1.5,betus,105,-125,oddsapi
2026-10-10T16:00:06Z,2026-10-10,CAR @ CHI,7824aa2e736cf181d6d0e9e45b228f2b,game_pl,CHI,,1.5,betus,-125,105,oddsapi
2026-10-10T16:00:06Z,2026-10-10,CAR @ CHI,7824aa2e736cf181d6d0e9e45b228f2b,game_total,over,,6,betus,100,-120,oddsapi
2026-10-10T16:00:06Z,2026-10-10,CAR @ CHI,7824aa2e736cf181d6d0e9e45b228f2b,game_total,under,,6,betus,-120,100,oddsapi
2026-10-10T16:00:06Z,2026-10-10,CAR @ CHI,7824aa2e736cf181d6d0e9e45b228f2b,game_ml,CAR,,,bovada,-260,215,oddsapi
2026-10-10T16:00:06Z,2026-10-10,CAR @ CHI,7824aa2e736cf181d6d0e9e45b228f2b,game_ml,CHI,,,bovada,215,-260,oddsapi
2026-10-10T16:00:06Z,2026-10-10,CAR @ CHI,7824aa2e736cf181d6d0e9e45b228f2b,game_pl,CAR,,-1.5,bovada,100,-120,oddsapi
2026-10-10T16:00:06Z,2026-10-10,CAR @ CHI,7824aa2e736cf181d6d0e9e45b228f2b,game_pl,CHI,,1.5,bovada,-120,100,oddsapi
2026-10-10T16:00:06Z,2026-10-10,CAR @ CHI,7824aa2e736cf181d6d0e9e45b228f2b,game_total,over,,6,bovada,100,-120,oddsapi
2026-10-10T16:00:06Z,2026-10-10,CAR @ CHI,7824aa2e736cf181d6d0e9e45b228f2b,game_total,under,,6,bovada,-120,100,oddsapi
2026-10-10T16:00:06Z,2026-10-10,CAR @ CHI,7824aa2e736cf181d6d0e9e45b228f2b,game_ml,CAR,,,mybookieag,-250,200,oddsapi
2026-10-10T16:00:06Z,2026-10-10,CAR @ CHI,7824aa2e736cf181d6d0e9e45b228f2b,game_ml,CHI,,,mybookieag,200,-250,oddsapi
2026-10-10T16:00:06Z,2026-10-10,CAR @ CHI,7824aa2e736cf181d6d0e9e45b228f2b,game_pl,CAR,,-1.5,mybookieag,101,-124,oddsapi
2026-10-10T16:00:06Z,2026-10-10,CAR @ CHI,7824aa2e736cf181d6d0e9e45b228f2b,game_pl,CHI,,1.5,mybookieag,-124,101,oddsapi
2026-10-10T16:00:06Z,2026-10-10,CAR @ CHI,7824aa2e736cf181d6d0e9e45b228f2b,game_total,over,,6,mybookieag,-102,-120,oddsapi
2026-10-10T16:00:06Z,2026-10-10,CAR @ CHI,7824aa2e736cf181d6d0e9e45b228f2b,game_total,under,,6,mybookieag,-120,-102,oddsapi
2026-10-10T16:00:06Z,2026-10-10,TOR @ COL,525f2399515c855c7a1ae5b984deeb6a,game_ml,COL,,,draftkings,-218,180,oddsapi
2026-10-10T16:00:06Z,2026-10-10,TOR @ COL,525f2399515c855c7a1ae5b984deeb6a,game_ml,TOR,,,draftkings,180,-218,oddsapi
2026-10-10T16:00:06Z,2026-10-10,TOR @ COL,525f2399515c855c7a1ae5b984deeb6a,game_pl,COL,,-1.5,draftkings,114,-135,oddsapi
2026-10-10T16:00:06Z,2026-10-10,TOR @ COL,525f2399515c855c7a1ae5b984deeb6a,game_pl,TOR,,1.5,draftkings,-135,114,oddsapi
2026-10-10T16:00:06Z,2026-10-10,TOR @ COL,525f2399515c855c7a1ae5b984deeb6a,game_total,over,,6.5,draftkings,-125,105,oddsapi
2026-10-10T16:00:06Z,2026-10-10,TOR @ COL,525f2399515c855c7a1ae5b984deeb6a,game_total,under,,6.5,draftkings,105,-125,oddsapi
2026-10-10T16:00:06Z,2026-10-10,TOR @ COL,525f2399515c855c7a1ae5b984deeb6a,game_ml,COL,,,fanatics,-220,180,oddsapi
2026-10-10T16:00:06Z,2026-10-10,TOR @ COL,525f2399515c855c7a1ae5b984deeb6a,game_ml,TOR,,,fanatics,180,-220,oddsapi
2026-10-10T16:00:06Z,2026-10-10,TOR @ COL,525f2399515c855c7a1ae5b984deeb6a,game_pl,COL,,-1.5,fanatics,110,-135,oddsapi
2026-10-10T16:00:06Z,2026-10-10,TOR @ COL,525f2399515c855c7a1ae5b984deeb6a,game_pl,TOR,,1.5,fanatics,-135,110,oddsapi
2026-10-10T16:00:06Z,2026-10-10,TOR @ COL,525f2399515c855c7a1ae5b984deeb6a,game_total,over,,6.5,fanatics,-125,105,oddsapi
2026-10-10T16:00:06Z,2026-10-10,TOR @ COL,525f2399515c855c7a1ae5b984deeb6a,game_total,under,,6.5,fanatics,105,-125,oddsapi
2026-10-10T16:00:06Z,2026-10-10,TOR @ COL,525f2399515c855c7a1ae5b984deeb6a,game_ml,COL,,,williamhill_us,-209,173,oddsapi
2026-10-10T16:00:06Z,2026-10-10,TOR @ COL,525f2399515c855c7a1ae5b984deeb6a,game_ml,TOR,,,williamhill_us,173,-209,oddsapi
2026-10-10T16:00:06Z,2026-10-10,TOR @ COL,525f2399515c855c7a1ae5b984deeb6a,game_total,over,,6.5,williamhill_us,-122,100,oddsapi
2026-10-10T16:00:06Z,2026-10-10,TOR @ COL,525f2399515c855c7a1ae5b984deeb6a,game_total,under,,6.5,williamhill_us,100,-122,oddsapi
2026-10-10T16:00:06Z,2026-10-10,TOR @ COL,525f2399515c855c7a1ae5b984deeb6a,game_ml,COL,,,betmgm,-220,180,oddsapi
2026-10-10T16:00:06Z,2026-10-10,TOR @ COL,525f2399515c855c7a1ae5b984deeb6a,game_ml,TOR,,,betmgm,180,-220,oddsapi
2026-10-10T16:00:06Z,2026-10-10,TOR @ COL,525f2399515c855c7a1ae5b984deeb6a,game_pl,COL,,-1.5,betmgm,110,-135,oddsapi
2026-10-10T16:00:06Z,2026-10-10,TOR @ COL,525f2399515c855c7a1ae5b984deeb6a,game_pl,TOR,,1.5,betmgm,-135,110,oddsapi
2026-10-10T16:00:06Z,2026-10-10,TOR @ COL,525f2399515c855c7a1ae5b984deeb6a,game_total,over,,6.5,betmgm,-125,105,oddsapi
2026-10-10T16:00:06Z,2026-10-10,TOR @ COL,525f2399515c855c7a1ae5b984deeb6a,game_total,under,,6.5,betmgm,105,-125,oddsapi
2026-10-10T16:00:06Z,2026-10-10,TOR @ COL,525f2399515c855c7a1ae5b984deeb6a,game_ml,COL,,,betonlineag,-205,179,oddsapi
2026-10-10T16:00:06Z,2026-10-10,TOR @ COL,525f2399515c855c7a1ae5b984deeb6a,game_ml,TOR,,,betonlineag,179,-205,oddsapi
2026-10-10T16:00:06Z,2026-10-10,TOR @ COL,525f2399515c855c7a1ae5b984deeb6a,game_pl,COL,,-1.5,betonlineag,113,-133,oddsapi
2026-10-10T16:00:06Z,2026-10-10,TOR @ COL,525f2399515c855c7a1ae5b984deeb6a,game_pl,TOR,,1.5,betonlineag,-133,113,oddsapi
2026-10-10T16:00:06Z,2026-10-10,TOR @ COL,525f2399515c855c7a1ae5b984deeb6a,game_total,over,,6.5,betonlineag,-122,106,oddsapi
2026-10-10T16:00:06Z,2026-10-10,TOR @ COL,525f2399515c855c7a1ae5b984deeb6a,game_total,under,,6.5,betonlineag,106,-122,oddsapi
2026-10-10T16:00:06Z,2026-10-10,TOR @ COL,525f2399515c855c7a1ae5b984deeb6a,game_ml,COL,,,lowvig,-205,179,oddsapi
2026-10-10T16:00:06Z,2026-10-10,TOR @ COL,525f2399515c855c7a1ae5b984deeb6a,game_ml,TOR,,,lowvig,179,-205,oddsapi
2026-10-10T16:00:06Z,2026-10-10,TOR @ COL,525f2399515c855c7a1ae5b984deeb6a,game_pl,COL,,-1.5,lowvig,113,-133,oddsapi
2026-10-10T16:00:06Z,2026-10-10,TOR @ COL,525f2399515c855c7a1ae5b984deeb6a,game_pl,TOR,,1.5,lowvig,-133,113,oddsapi
2026-10-10T16:00:06Z,2026-10-10,TOR @ COL,525f2399515c855c7a1ae5b984deeb6a,game_total,over,,6.5,lowvig,-122,106,oddsapi
2026-10-10T16:00:06Z,2026-10-10,TOR @ COL,525f2399515c855c7a1ae5b984deeb6a,game_total,under,,6.5,lowvig,106,-122,oddsapi
2026-10-10T16:00:06Z,2026-10-10,TOR @ COL,525f2399515c855c7a1ae5b984deeb6a,game_ml,COL,,,betrivers,-235,195,oddsapi
2026-10-10T16:00:06Z,2026-10-10,TOR @ COL,525f2399515c855c7a1ae5b984deeb6a,game_ml,TOR,,,betrivers,195,-235,oddsapi
2026-10-10T16:00:06Z,2026-10-10,TOR @ COL,525f2399515c855c7a1ae5b984deeb6a,game_pl,COL,,-1.5,betrivers,110,-137,oddsapi
2026-10-10T16:00:06Z,2026-10-10,TOR @ COL,525f2399515c855c7a1ae5b984deeb6a,game_pl,TOR,,1.5,betrivers,-137,110,oddsapi
2026-10-10T16:00:06Z,2026-10-10,TOR @ COL,525f2399515c855c7a1ae5b984deeb6a,game_total,over,,6.5,betrivers,-121,-104,oddsapi
2026-10-10T16:00:06Z,2026-10-10,TOR @ COL,525f2399515c855c7a1ae5b984deeb6a,game_total,under,,6.5,betrivers,-104,-121,oddsapi
2026-10-10T16:00:06Z,2026-10-10,TOR @ COL,525f2399515c855c7a1ae5b984deeb6a,game_ml,COL,,,fanduel,-215,176,oddsapi
2026-10-10T16:00:06Z,2026-10-10,TOR @ COL,525f2399515c855c7a1ae5b984deeb6a,game_ml,TOR,,,fanduel,176,-215,oddsapi
2026-10-10T16:00:06Z,2026-10-10,TOR @ COL,525f2399515c855c7a1ae5b984deeb6a,game_pl,COL,,-1.5,fanduel,116,-142,oddsapi
2026-10-10T16:00:06Z,2026-10-10,TOR @ COL,525f2399515c855c7a1ae5b984deeb6a,game_pl,TOR,,1.5,fanduel,-142,116,oddsapi
2026-10-10T16:00:06Z,2026-10-10,TOR @ COL,525f2399515c855c7a1ae5b984deeb6a,game_total,over,,6.5,fanduel,-128,104,oddsapi
2026-10-10T16:00:06Z,2026-10-10,TOR @ COL,525f2399515c855c7a1ae5b984deeb6a,game_total,under,,6.5,fanduel,104,-128,oddsapi
2026-10-10T16:00:06Z,2026-10-10,TOR @ COL,525f2399515c855c7a1ae5b984deeb6a,game_ml,COL,,,betus,-210,180,oddsapi
2026-10-10T16:00:06Z,2026-10-10,TOR @ COL,525f2399515c855c7a1ae5b984deeb6a,game_ml,TOR,,,betus,180,-210,oddsapi
2026-10-10T16:00:06Z,2026-10-10,TOR @ COL,525f2399515c855c7a1ae5b984deeb6a,game_pl,COL,,-1.5,betus,115,-135,oddsapi
2026-10-10T16:00:06Z,2026-10-10,TOR @ COL,525f2399515c855c7a1ae5b984deeb6a,game_pl,TOR,,1.5,betus,-135,115,oddsapi
2026-10-10T16:00:06Z,2026-10-10,TOR @ COL,525f2399515c855c7a1ae5b984deeb6a,game_total,over,,6.5,betus,-120,100,oddsapi
2026-10-10T16:00:06Z,2026-10-10,TOR @ COL,525f2399515c855c7a1ae5b984deeb6a,game_total,under,,6.5,betus,100,-120,oddsapi
2026-10-10T16:00:06Z,2026-10-10,TOR @ COL,525f2399515c855c7a1ae5b984deeb6a,game_ml,COL,,,bovada,-225,185,oddsapi
2026-10-10T16:00:06Z,2026-10-10,TOR @ COL,525f2399515c855c7a1ae5b984deeb6a,game_ml,TOR,,,bovada,185,-225,oddsapi
2026-10-10T16:00:06Z,2026-10-10,TOR @ COL,525f2399515c855c7a1ae5b984deeb6a,game_pl,COL,,-1.5,bovada,112,-133,oddsapi
2026-10-10T16:00:06Z,2026-10-10,TOR @ COL,525f2399515c855c7a1ae5b984deeb6a,game_pl,TOR,,1.5,bovada,-133,112,oddsapi
2026-10-10T16:00:06Z,2026-10-10,TOR @ COL,525f2399515c855c7a1ae5b984deeb6a,game_total,over,,6.5,bovada,-122,102,oddsapi
2026-10-10T16:00:06Z,2026-10-10,TOR @ COL,525f2399515c855c7a1ae5b984deeb6a,game_total,under,,6.5,bovada,102,-122,oddsapi
2026-10-10T16:00:06Z,2026-10-10,TOR @ COL,525f2399515c855c7a1ae5b984deeb6a,game_ml,COL,,,mybookieag,-214,172,oddsapi
2026-10-10T16:00:06Z,2026-10-10,TOR @ COL,525f2399515c855c7a1ae5b984deeb6a,game_ml,TOR,,,mybookieag,172,-214,oddsapi
2026-10-10T16:00:06Z,2026-10-10,TOR @ COL,525f2399515c855c7a1ae5b984deeb6a,game_pl,COL,,-1.5,mybookieag,113,-137,oddsapi
2026-10-10T16:00:06Z,2026-10-10,TOR @ COL,525f2399515c855c7a1ae5b984deeb6a,game_pl,TOR,,1.5,mybookieag,-137,113,oddsapi
2026-10-10T16:00:06Z,2026-10-10,TOR @ COL,525f2399515c855c7a1ae5b984deeb6a,game_total,over,,6.5,mybookieag,-124,101,oddsapi
2026-10-10T16:00:06Z,2026-10-10,TOR @ COL,525f2399515c855c7a1ae5b984deeb6a,game_total,under,,6.5,mybookieag,101,-124,oddsapi
2026-10-10T16:00:06Z,2026-10-10,CBJ @ STL,5ea535b759f889f989e5c6ed8f046bf7,game_ml,CBJ,,,draftkings,105,-125,oddsapi
2026-10-10T16:00:06Z,2026-10-10,CBJ @ STL,5ea535b759f889f989e5c6ed8f046bf7,game_ml,STL,,,draftkings,-125,105,oddsapi
2026-10-10T16:00:06Z,2026-10-10,CBJ @ STL,5ea535b759f889f989e5c6ed8f046bf7,game_pl,CBJ,,1.5,draftkings,-238,195,oddsapi
2026-10-10T16:00:06Z,2026-10-10,CBJ @ STL,5ea535b759f889f989e5c6ed8f046bf7,game_pl,STL,,-1.5,draftkings,195,-238,oddsapi
2026-10-10T16:00:06Z,2026-10-10,CBJ @ STL,5ea535b759f889f989e5c6ed8f046bf7,game_total,over,,5.5,draftkings,-135,114,oddsapi
2026-10-10T16:00:06Z,2026-10-10,CBJ @ STL,5ea535b759f889f989e5c6ed8f046bf7,game_total,under,,5.5,draftkings,114,-135,oddsapi
2026-10-10T16:00:06Z,2026-10-10,CBJ @ STL,5ea535b759f889f989e5c6ed8f046bf7,game_ml,CBJ,,,fanatics,105,-125,oddsapi
2026-10-10T16:00:06Z,2026-10-10,CBJ @ STL,5ea535b759f889f989e5c6ed8f046bf7,game_ml,STL,,,fanatics,-125,105,oddsapi
2026-10-10T16:00:06Z,2026-10-10,CBJ @ STL,5ea535b759f889f989e5c6ed8f046bf7,game_pl,CBJ,,1.5,fanatics,-255,200,oddsapi
2026-10-10T16:00:06Z,2026-10-10,CBJ @ STL,5ea535b759f889f989e5c6ed8f046bf7,game_pl,STL,,-1.5,fanatics,200,-255,oddsapi
2026-10-10T16:00:06Z,2026-10-10,CBJ @ STL,5ea535b759f889f989e5c6ed8f046bf7,game_total,over,,5.5,fanatics,-135,110,oddsapi
2026-10-10T16:00:06Z,2026-10-10,CBJ @ STL,5ea535b759f889f989e5c6ed8f046bf7,game_total,under,,5.5,fanatics,110,-135,oddsapi
2026-10-10T16:00:06Z,2026-10-10,CBJ @ STL,5ea535b759f889f989e5c6ed8f046bf7,game_ml,CBJ,,,betmgm,100,-120,oddsapi
2026-10-10T16:00:06Z,2026-10-10,CBJ @ STL,5ea535b759f889f989e5c6ed8f046bf7,game_ml,STL,,,betmgm,-120,100,oddsapi
2026-10-10T16:00:06Z,2026-10-10,CBJ @ STL,5ea535b759f889f989e5c6ed8f046bf7,game_pl,CBJ,,1.5,betmgm,-235,195,oddsapi
2026-10-10T16:00:06Z,2026-10-10,CBJ @ STL,5ea535b759f889f989e5c6ed8f046bf7,game_pl,STL,,-1.5,betmgm,195,-235,oddsapi
2026-10-10T16:00:06Z,2026-10-10,CBJ @ STL,5ea535b759f889f989e5c6ed8f046bf7,game_total,over,,6,betmgm,-110,-110,oddsapi
2026-10-10T16:00:06Z,2026-10-10,CBJ @ STL,5ea535b759f889f989e5c6ed8f046bf7,game_total,under,,6,betmgm,-110,-110,oddsapi
2026-10-10T16:00:06Z,2026-10-10,CBJ @ STL,5ea535b759f889f989e5c6ed8f046bf7,game_ml,CBJ,,,williamhill_us,111,-130,oddsapi
2026-10-10T16:00:06Z,2026-10-10,CBJ @ STL,5ea535b759f889f989e5c6ed8f046bf7,game_ml,STL,,,williamhill_us,-130,111,oddsapi
2026-10-10T16:00:06Z,2026-10-10,CBJ @ STL,5ea535b759f889f989e5c6ed8f046bf7,game_total,over,,6,williamhill_us,-110,-110,oddsapi
2026-10-10T16:00:06Z,2026-10-10,CBJ @ STL,5ea535b759f889f989e5c6ed8f046bf7,game_total,under,,6,williamhill_us,-110,-110,oddsapi
2026-10-10T16:00:06Z,2026-10-10,CBJ @ STL,5ea535b759f889f989e5c6ed8f046bf7,game_ml,CBJ,,,betrivers,110,-130,oddsapi
2026-10-10T16:00:06Z,2026-10-10,CBJ @ STL,5ea535b759f889f989e5c6ed8f046bf7,game_ml,STL,,,betrivers,-130,110,oddsapi
2026-10-10T16:00:06Z,2026-10-10,CBJ @ STL,5ea535b759f889f989e5c6ed8f046bf7,game_pl,CBJ,,1.5,betrivers,-245,190,oddsapi
2026-10-10T16:00:06Z,2026-10-10,CBJ @ STL,5ea535b759f889f989e5c6ed8f046bf7,game_pl,STL,,-1.5,betrivers,190,-245,oddsapi
2026-10-10T16:00:06Z,2026-10-10,CBJ @ STL,5ea535b759f889f989e5c6ed8f046bf7,game_total,over,,5.5,betrivers,-134,108,oddsapi
2026-10-10T16:00:06Z,2026-10-10,CBJ @ STL,5ea535b759f889f989e5c6ed8f046bf7,game_total,under,,5.5,betrivers,108,-134,oddsapi
2026-10-10T16:00:06Z,2026-10-10,CBJ @ STL,5ea535b759f889f989e5c6ed8f046bf7,game_ml,CBJ,,,fanduel,106,-128,oddsapi
2026-10-10T16:00:06Z,2026-10-10,CBJ @ STL,5ea535b759f889f989e5c6ed8f046bf7,game_ml,STL,,,fanduel,-128,106,oddsapi
2026-10-10T16:00:06Z,2026-10-10,CBJ @ STL,5ea535b759f889f989e5c6ed8f046bf7,game_pl,CBJ,,1.5,fanduel,-260,205,oddsapi
2026-10-10T16:00:06Z,2026-10-10,CBJ @ STL,5ea535b759f889f989e5c6ed8f046bf7,game_pl,STL,,-1.5,fanduel,205,-260,oddsapi
2026-10-10T16:00:06Z,2026-10-10,CBJ @ STL,5ea535b759f889f989e5c6ed8f046bf7,game_total,over,,5.5,fanduel,-142,116,oddsapi
2026-10-10T16:00:06Z,2026-10-10,CBJ @ STL,5ea535b759f889f989e5c6ed8f046bf7,game_total,under,,5.5,fanduel,116,-142,oddsapi
2026-10-10T16:00:06Z,2026-10-10,CBJ @ STL,5ea535b759f889f989e5c6ed8f046bf7,game_ml,CBJ,,,bovada,107,-128,oddsapi
2026-10-10T16:00:06Z,2026-10-10,CBJ @ STL,5ea535b759f889f989e5c6ed8f046bf7,game_ml,STL,,,bovada,-128,107,oddsapi
2026-10-10T16:00:06Z,2026-10-10,CBJ @ STL,5ea535b759f889f989e5c6ed8f046bf7,game_pl,CBJ,,1.5,bovada,-245,205,oddsapi
2026-10-10T16:00:06Z,2026-10-10,CBJ @ STL,5ea535b759f889f989e5c6ed8f046bf7,game_pl,STL,,-1.5,bovada,205,-245,oddsapi
2026-10-10T16:00:06Z,2026-10-10,CBJ @ STL,5ea535b759f889f989e5c6ed8f046bf7,game_total,over,,6,bovada,-105,-115,oddsapi
2026-10-10T16:00:06Z,2026-10-10,CBJ @ STL,5ea535b759f889f989e5c6ed8f046bf7,game_total,under,,6,bovada,-115,-105,oddsapi
2026-10-10T16:00:06Z,2026-10-10,CBJ @ STL,5ea535b759f889f989e5c6ed8f046bf7,game_ml,CBJ,,,mybookieag,104,-128,oddsapi
2026-10-10T16:00:06Z,2026-10-10,CBJ @ STL,5ea535b759f889f989e5c6ed8f046bf7,game_ml,STL,,,mybookieag,-128,104,oddsapi
2026-10-10T16:00:06Z,2026-10-10,CBJ @ STL,5ea535b759f889f989e5c6ed8f046bf7,game_pl,CBJ,,1.5,mybookieag,-240,191,oddsapi
2026-10-10T16:00:06Z,2026-10-10,CBJ @ STL,5ea535b759f889f989e5c6ed8f046bf7,game_pl,STL,,-1.5,mybookieag,191,-240,oddsapi
2026-10-10T16:00:06Z,2026-10-10,CBJ @ STL,5ea535b759f889f989e5c6ed8f046bf7,game_total,over,,6,mybookieag,-108,-113,oddsapi
2026-10-10T16:00:06Z,2026-10-10,CBJ @ STL,5ea535b759f889f989e5c6ed8f046bf7,game_total,under,,6,mybookieag,-113,-108,oddsapi
2026-10-10T16:00:06Z,2026-10-10,CBJ @ STL,5ea535b759f889f989e5c6ed8f046bf7,game_ml,CBJ,,,lowvig,110,-125,oddsapi
2026-10-10T16:00:06Z,2026-10-10,CBJ @ STL,5ea535b759f889f989e5c6ed8f046bf7,game_ml,STL,,,lowvig,-125,110,oddsapi
2026-10-10T16:00:06Z,2026-10-10,CBJ @ STL,5ea535b759f889f989e5c6ed8f046bf7,game_pl,CBJ,,1.5,lowvig,-245,203,oddsapi
2026-10-10T16:00:06Z,2026-10-10,CBJ @ STL,5ea535b759f889f989e5c6ed8f046bf7,game_pl,STL,,-1.5,lowvig,203,-245,oddsapi
2026-10-10T16:00:06Z,2026-10-10,CBJ @ STL,5ea535b759f889f989e5c6ed8f046bf7,game_total,over,,6,lowvig,-106,-110,oddsapi
2026-10-10T16:00:06Z,2026-10-10,CBJ @ STL,5ea535b759f889f989e5c6ed8f046bf7,game_total,under,,6,lowvig,-110,-106,oddsapi
2026-10-10T16:00:06Z,2026-10-10,CBJ @ STL,5ea535b759f889f989e5c6ed8f046bf7,game_ml,CBJ,,,betonlineag,110,-125,oddsapi
2026-10-10T16:00:06Z,2026-10-10,CBJ @ STL,5ea535b759f889f989e5c6ed8f046bf7,game_ml,STL,,,betonlineag,-125,110,oddsapi
2026-10-10T16:00:06Z,2026-10-10,CBJ @ STL,5ea535b759f889f989e5c6ed8f046bf7,game_pl,CBJ,,1.5,betonlineag,-245,203,oddsapi
2026-10-10T16:00:06Z,2026-10-10,CBJ @ STL,5ea535b759f889f989e5c6ed8f046bf7,game_pl,STL,,-1.5,betonlineag,203,-245,oddsapi
2026-10-10T16:00:06Z,2026-10-10,CBJ @ STL,5ea535b759f889f989e5c6ed8f046bf7,game_total,over,,6,betonlineag,-106,-110,oddsapi
2026-10-10T16:00:06Z,2026-10-10,CBJ @ STL,5ea535b759f889f989e5c6ed8f046bf7,game_total,under,,6,betonlineag,-110,-106,oddsapi
2026-10-10T16:00:06Z,2026-10-10,CBJ @ STL,5ea535b759f889f989e5c6ed8f046bf7,game_ml,CBJ,,,betus,110,-130,oddsapi
2026-10-10T16:00:06Z,2026-10-10,CBJ @ STL,5ea535b759f889f989e5c6ed8f046bf7,game_ml,STL,,,betus,-130,110,oddsapi
2026-10-10T16:00:06Z,2026-10-10,CBJ @ STL,5ea535b759f889f989e5c6ed8f046bf7,game_pl,CBJ,,1.5,betus,-245,208,oddsapi
2026-10-10T16:00:06Z,2026-10-10,CBJ @ STL,5ea535b759f889f989e5c6ed8f046bf7,game_pl,STL,,-1.5,betus,208,-245,oddsapi
2026-10-10T16:00:06Z,2026-10-10,CBJ @ STL,5ea535b759f889f989e5c6ed8f046bf7,game_total,over,,6,betus,-110,-110,oddsapi
2026-10-10T16:00:06Z,2026-10-10,CBJ @ STL,5ea535b759f889f989e5c6ed8f046bf7,game_total,under,,6,betus,-110,-110,oddsapi
2026-10-10T16:00:06Z,2026-10-10,DAL @ PIT,1e0601b21b573df36bc79e769dcd5e4b,game_ml,DAL,,,draftkings,-180,150,oddsapi
2026-10-10T16:00:06Z,2026-10-10,DAL @ PIT,1e0601b21b573df36bc79e769dcd5e4b,game_ml,PIT,,,draftkings,150,-180,oddsapi
2026-10-10T16:00:06Z,2026-10-10,DAL @ PIT,1e0601b21b573df36bc79e769dcd5e4b,game_pl,DAL,,-1.5,draftkings,145,-175,oddsapi
2026-10-10T16:00:06Z,2026-10-10,DAL @ PIT,1e0601b21b573df36bc79e769dcd5e4b,game_pl,PIT,,1.5,draftkings,-175,145,oddsapi
2026-10-10T16:00:06Z,2026-10-10,DAL @ PIT,1e0601b21b573df36bc79e769dcd5e4b,game_total,over,,6.5,draftkings,100,-120,oddsapi
2026-10-10T16:00:06Z,2026-10-10,DAL @ PIT,1e0601b21b573df36bc79e769dcd5e4b,game_total,under,,6.5,draftkings,-120,100,oddsapi
2026-10-10T16:00:06Z,2026-10-10,DAL @ PIT,1e0601b21b573df36bc79e769dcd5e4b,game_ml,DAL,,,fanatics,-180,150,oddsapi
2026-10-10T16:00:06Z,2026-10-10,DAL @ PIT,1e0601b21b573df36bc79e769dcd5e4b,game_ml,PIT,,,fanatics,150,-180,oddsapi
2026-10-10T16:00:06Z,2026-10-10,DAL @ PIT,1e0601b21b573df36bc79e769dcd5e4b,game_pl,DAL,,-1.5,fanatics,140,-170,oddsapi
2026-10-10T16:00:06Z,2026-10-10,DAL @ PIT,1e0601b21b573df36bc79e769dcd5e4b,game_pl,PIT,,1.5,fanatics,-170,140,oddsapi
2026-10-10T16:00:06Z,2026-10-10,DAL @ PIT,1e0601b21b573df36bc79e769dcd5e4b,game_total,over,,6.5,fanatics,100,-120,oddsapi
2026-10-10T16:00:06Z,2026-10-10,DAL @ PIT,1e0601b21b573df36bc79e769dcd5e4b,game_total,under,,6.5,fanatics,-120,100,oddsapi
2026-10-10T16:00:06Z,2026-10-10,DAL @ PIT,1e0601b21b573df36bc79e769dcd5e4b,game_ml,DAL,,,williamhill_us,-183,153,oddsapi
2026-10-10T16:00:06Z,2026-10-10,DAL @ PIT,1e0601b21b573df36bc79e769dcd5e4b,game_ml,PIT,,,williamhill_us,153,-183,oddsapi
2026-10-10T16:00:06Z,2026-10-10,DAL @ PIT,1e0601b21b573df36bc79e769dcd5e4b,game_total,over,,6.5,williamhill_us,102,-125,oddsapi
2026-10-10T16:00:06Z,2026-10-10,DAL @ PIT,1e0601b21b573df36bc79e769dcd5e4b,game_total,under,,6.5,williamhill_us,-125,102,oddsapi
2026-10-10T16:00:06Z,2026-10-10,DAL @ PIT,1e0601b21b573df36bc79e769dcd5e4b,game_ml,DAL,,,betmgm,-185,150,oddsapi
2026-10-10T16:00:06Z,2026-10-10,DAL @ PIT,1e0601b21b573df36bc79e769dcd5e4b,game_ml,PIT,,,betmgm,150,-185,oddsapi
2026-10-10T16:00:06Z,2026-10-10,DAL @ PIT,1e0601b21b573df36bc79e769dcd5e4b,game_pl,DAL,,-1.5,betmgm,135,-160,oddsapi
2026-10-10T16:00:06Z,2026-10-10,DAL @ PIT,1e0601b21b573df36bc79e769dcd5e4b,game_pl,PIT,,1.5,betmgm,-160,135,oddsapi
2026-10-10T16:00:06Z,2026-10-10,DAL @ PIT,1e0601b21b573df36bc79e769dcd5e4b,game_total,over,,6.5,betmgm,-102,-118,oddsapi
2026-10-10T16:00:06Z,2026-10-10,DAL @ PIT,1e0601b21b573df36bc79e769dcd5e4b,game_total,under,,6.5,betmgm,-118,-102,oddsapi
2026-10-10T16:00:06Z,2026-10-10,DAL @ PIT,1e0601b21b573df36bc79e769dcd5e4b,game_ml,DAL,,,betrivers,-182,150,oddsapi
2026-10-10T16:00:06Z,2026-10-10,DAL @ PIT,1e0601b21b573df36bc79e769dcd5e4b,game_ml,PIT,,,betrivers,150,-182,oddsapi
2026-10-10T16:00:06Z,2026-10-10,DAL @ PIT,1e0601b21b573df36bc79e769dcd5e4b,game_pl,DAL,,-1.5,betrivers,138,-175,oddsapi
2026-10-10T16:00:06Z,2026-10-10,DAL @ PIT,1e0601b21b573df36bc79e769dcd5e4b,game_pl,PIT,,1.5,betrivers,-175,138,oddsapi
2026-10-10T16:00:06Z,2026-10-10,DAL @ PIT,1e0601b21b573df36bc79e769dcd5e4b,game_total,over,,6.5,betrivers,-103,-122,oddsapi
2026-10-10T16:00:06Z,2026-10-10,DAL @ PIT,1e0601b21b573df36bc79e769dcd5e4b,game_total,under,,6.5,betrivers,-122,-103,oddsapi
2026-10-10T16:00:06Z,2026-10-10,DAL @ PIT,1e0601b21b573df36bc79e769dcd5e4b,game_ml,DAL,,,fanduel,-178,146,oddsapi
2026-10-10T16:00:06Z,2026-10-10,DAL @ PIT,1e0601b21b573df36bc79e769dcd5e4b,game_ml,PIT,,,fanduel,146,-178,oddsapi
2026-10-10T16:00:06Z,2026-10-10,DAL @ PIT,1e0601b21b573df36bc79e769dcd5e4b,game_pl,DAL,,-1.5,fanduel,136,-168,oddsapi
2026-10-10T16:00:06Z,2026-10-10,DAL @ PIT,1e0601b21b573df36bc79e769dcd5e4b,game_pl,PIT,,1.5,fanduel,-168,136,oddsapi
2026-10-10T16:00:06Z,2026-10-10,DAL @ PIT,1e0601b21b573df36bc79e769dcd5e4b,game_total,over,,6.5,fanduel,-102,-120,oddsapi
2026-10-10T16:00:06Z,2026-10-10,DAL @ PIT,1e0601b21b573df36bc79e769dcd5e4b,game_total,under,,6.5,fanduel,-120,-102,oddsapi
2026-10-10T16:00:06Z,2026-10-10,DAL @ PIT,1e0601b21b573df36bc79e769dcd5e4b,game_ml,DAL,,,bovada,-183,158,oddsapi
2026-10-10T16:00:06Z,2026-10-10,DAL @ PIT,1e0601b21b573df36bc79e769dcd5e4b,game_ml,PIT,,,bovada,158,-183,oddsapi
2026-10-10T16:00:06Z,2026-10-10,DAL @ PIT,1e0601b21b573df36bc79e769dcd5e4b,game_pl,DAL,,-1.5,bovada,147,-172,oddsapi
2026-10-10T16:00:06Z,2026-10-10,DAL @ PIT,1e0601b21b573df36bc79e769dcd5e4b,game_pl,PIT,,1.5,bovada,-172,147,oddsapi
2026-10-10T16:00:06Z,2026-10-10,DAL @ PIT,1e0601b21b573df36bc79e769dcd5e4b,game_total,over,,6.5,bovada,100,-120,oddsapi
2026-10-10T16:00:06Z,2026-10-10,DAL @ PIT,1e0601b21b573df36bc79e769dcd5e4b,game_total,under,,6.5,bovada,-120,100,oddsapi
2026-10-10T16:00:06Z,2026-10-10,DAL @ PIT,1e0601b21b573df36bc79e769dcd5e4b,game_ml,DAL,,,mybookieag,-179,145,oddsapi
2026-10-10T16:00:06Z,2026-10-10,DAL @ PIT,1e0601b21b573df36bc79e769dcd5e4b,game_ml,PIT,,,mybookieag,145,-179,oddsapi
2026-10-10T16:00:06Z,2026-10-10,DAL @ PIT,1e0601b21b573df36bc79e769dcd5e4b,game_pl,DAL,,-1.5,mybookieag,142,-177,oddsapi
2026-10-10T16:00:06Z,2026-10-10,DAL @ PIT,1e0601b21b573df36bc79e769dcd5e4b,game_pl,PIT,,1.5,mybookieag,-177,142,oddsapi
2026-10-10T16:00:06Z,2026-10-10,DAL @ PIT,1e0601b21b573df36bc79e769dcd5e4b,game_total,over,,6.5,mybookieag,101,-123,oddsapi
2026-10-10T16:00:06Z,2026-10-10,DAL @ PIT,1e0601b21b573df36bc79e769dcd5e4b,game_total,under,,6.5,mybookieag,-123,101,oddsapi
2026-10-10T16:00:06Z,2026-10-10,DAL @ PIT,1e0601b21b573df36bc79e769dcd5e4b,game_ml,DAL,,,betonlineag,-177,155,oddsapi
2026-10-10T16:00:06Z,2026-10-10,DAL @ PIT,1e0601b21b573df36bc79e769dcd5e4b,game_ml,PIT,,,betonlineag,155,-177,oddsapi
2026-10-10T16:00:06Z,2026-10-10,DAL @ PIT,1e0601b21b573df36bc79e769dcd5e4b,game_pl,DAL,,-1.5,betonlineag,145,-165,oddsapi
2026-10-10T16:00:06Z,2026-10-10,DAL @ PIT,1e0601b21b573df36bc79e769dcd5e4b,game_pl,PIT,,1.5,betonlineag,-165,145,oddsapi
2026-10-10T16:00:06Z,2026-10-10,DAL @ PIT,1e0601b21b573df36bc79e769dcd5e4b,game_total,over,,6.5,betonlineag,101,-117,oddsapi
2026-10-10T16:00:06Z,2026-10-10,DAL @ PIT,1e0601b21b573df36bc79e769dcd5e4b,game_total,under,,6.5,betonlineag,-117,101,oddsapi
2026-10-10T16:00:06Z,2026-10-10,DAL @ PIT,1e0601b21b573df36bc79e769dcd5e4b,game_ml,DAL,,,lowvig,-177,155,oddsapi
2026-10-10T16:00:06Z,2026-10-10,DAL @ PIT,1e0601b21b573df36bc79e769dcd5e4b,game_ml,PIT,,,lowvig,155,-177,oddsapi
2026-10-10T16:00:06Z,2026-10-10,DAL @ PIT,1e0601b21b573df36bc79e769dcd5e4b,game_pl,DAL,,-1.5,lowvig,145,-165,oddsapi
2026-10-10T16:00:06Z,2026-10-10,DAL @ PIT,1e0601b21b573df36bc79e769dcd5e4b,game_pl,PIT,,1.5,lowvig,-165,145,oddsapi
2026-10-10T16:00:06Z,2026-10-10,DAL @ PIT,1e0601b21b573df36bc79e769dcd5e4b,game_total,over,,6.5,lowvig,101,-117,oddsapi
2026-10-10T16:00:06Z,2026-10-10,DAL @ PIT,1e0601b21b573df36bc79e769dcd5e4b,game_total,under,,6.5,lowvig,-117,101,oddsapi
2026-10-10T16:00:06Z,2026-10-10,DAL @ PIT,1e0601b21b573df36bc79e769dcd5e4b,game_ml,DAL,,,betus,-180,155,oddsapi
2026-10-10T16:00:06Z,2026-10-10,DAL @ PIT,1e0601b21b573df36bc79e769dcd5e4b,game_ml,PIT,,,betus,155,-180,oddsapi
2026-10-10T16:00:06Z,2026-10-10,DAL @ PIT,1e0601b21b573df36bc79e769dcd5e4b,game_pl,DAL,,-1.5,betus,144,-165,oddsapi
2026-10-10T16:00:06Z,2026-10-10,DAL @ PIT,1e0601b21b573df36bc79e769dcd5e4b,game_pl,PIT,,1.5,betus,-165,144,oddsapi
2026-10-10T16:00:06Z,2026-10-10,DAL @ PIT,1e0601b21b573df36bc79e769dcd5e4b,game_total,over,,6.5,betus,-105,-115,oddsapi
2026-10-10T16:00:06Z,2026-10-10,DAL @ PIT,1e0601b21b573df36bc79e769dcd5e4b,game_total,under,,6.5,betus,-115,-105,oddsapi
2026-10-10T16:00:06Z,2026-10-10,DET @ MTL,b75f9f59f0f845e2ba7dc5f8e5b3e35d,game_ml,DET,,,draftkings,164,-198,oddsapi
2026-10-10T16:00:06Z,2026-10-10,DET @ MTL,b75f9f59f0f845e2ba7dc5f8e5b3e35d,game_ml,MTL,,,draftkings,-198,164,oddsapi
2026-10-10T16:00:06Z,2026-10-10,DET @ MTL,b75f9f59f0f845e2ba7dc5f8e5b3e35d,game_pl,DET,,1.5,draftkings,-155,130,oddsapi
2026-10-10T16:00:06Z,2026-10-10,DET @ MTL,b75f9f59f0f845e2ba7dc5f8e5b3e35d,game_pl,MTL,,-1.5,draftkings,130,-155,oddsapi
2026-10-10T16:00:06Z,2026-10-10,DET @ MTL,b75f9f59f0f845e2ba7dc5f8e5b3e35d,game_total,over,,6.5,draftkings,102,-122,oddsapi
2026-10-10T16:00:06Z,2026-10-10,DET @ MTL,b75f9f59f0f845e2ba7dc5f8e5b3e35d,game_total,under,,6.5,draftkings,-122,102,oddsapi
2026-10-10T16:00:06Z,2026-10-10,DET @ MTL,b75f9f59f0f845e2ba7dc5f8e5b3e35d,game_ml,DET,,,fanatics,165,-200,oddsapi
2026-10-10T16:00:06Z,2026-10-10,DET @ MTL,b75f9f59f0f845e2ba7dc5f8e5b3e35d,game_ml,MTL,,,fanatics,-200,165,oddsapi
2026-10-10T16:00:06Z,2026-10-10,DET @ MTL,b75f9f59f0f845e2ba7dc5f8e5b3e35d,game_pl,DET,,1.5,fanatics,-150,125,oddsapi
2026-10-10T16:00:06Z,2026-10-10,DET @ MTL,b75f9f59f0f845e2ba7dc5f8e5b3e35d,game_pl,MTL,,-1.5,fanatics,125,-150,oddsapi
2026-10-10T16:00:06Z,2026-10-10,DET @ MTL,b75f9f59f0f845e2ba7dc5f8e5b3e35d,game_total,over,,6.5,fanatics,100,-120,oddsapi
2026-10-10T16:00:06Z,2026-10-10,DET @ MTL,b75f9f59f0f845e2ba7dc5f8e5b3e35d,game_total,under,,6.5,fanatics,-120,100,oddsapi
2026-10-10T16:00:06Z,2026-10-10,DET @ MTL,b75f9f59f0f845e2ba7dc5f8e5b3e35d,game_ml,DET,,,betmgm,165,-200,oddsapi
2026-10-10T16:00:06Z,2026-10-10,DET @ MTL,b75f9f59f0f845e2ba7dc5f8e5b3e35d,game_ml,MTL,,,betmgm,-200,165,oddsapi
2026-10-10T16:00:06Z,2026-10-10,DET @ MTL,b75f9f59f0f845e2ba7dc5f8e5b3e35d,game_pl,DET,,1.5,betmgm,-145,120,oddsapi
2026-10-10T16:00:06Z,2026-10-10,DET @ MTL,b75f9f59f0f845e2ba7dc5f8e5b3e35d,game_pl,MTL,,-1.5,betmgm,120,-145,oddsapi
2026-10-10T16:00:06Z,2026-10-10,DET @ MTL,b75f9f59f0f845e2ba7dc5f8e5b3e35d,game_total,over,,6.5,betmgm,100,-120,oddsapi
2026-10-10T16:00:06Z,2026-10-10,DET @ MTL,b75f9f59f0f845e2ba7dc5f8e5b3e35d,game_total,under,,6.5,betmgm,-120,100,oddsapi
2026-10-10T16:00:06Z,2026-10-10,DET @ MTL,b75f9f59f0f845e2ba7dc5f8e5b3e35d,game_ml,DET,,,williamhill_us,172,-205,oddsapi
2026-10-10T16:00:06Z,2026-10-10,DET @ MTL,b75f9f59f0f845e2ba7dc5f8e5b3e35d,game_ml,MTL,,,williamhill_us,-205,172,oddsapi
2026-10-10T16:00:06Z,2026-10-10,DET @ MTL,b75f9f59f0f845e2ba7dc5f8e5b3e35d,game_total,over,,6.5,williamhill_us,102,-125,oddsapi
2026-10-10T16:00:06Z,2026-10-10,DET @ MTL,b75f9f59f0f845e2ba7dc5f8e5b3e35d,game_total,under,,6.5,williamhill_us,-125,102,oddsapi
2026-10-10T16:00:06Z,2026-10-10,DET @ MTL,b75f9f59f0f845e2ba7dc5f8e5b3e35d,game_ml,DET,,,betrivers,180,-220,oddsapi
2026-10-10T16:00:06Z,2026-10-10,DET @ MTL,b75f9f59f0f845e2ba7dc5f8e5b3e35d,game_ml,MTL,,,betrivers,-220,180,oddsapi
2026-10-10T16:00:06Z,2026-10-10,DET @ MTL,b75f9f59f0f845e2ba7dc5f8e5b3e35d,game_pl,DET,,1.5,betrivers,-148,117,oddsapi
2026-10-10T16:00:06Z,2026-10-10,DET @ MTL,b75f9f59f0f845e2ba7dc5f8e5b3e35d,game_pl,MTL,,-1.5,betrivers,117,-148,oddsapi
2026-10-10T16:00:06Z,2026-10-10,DET @ MTL,b75f9f59f0f845e2ba7dc5f8e5b3e35d,game_total,over,,6.5,betrivers,104,-129,oddsapi
2026-10-10T16:00:06Z,2026-10-10,DET @ MTL,b75f9f59f0f845e2ba7dc5f8e5b3e35d,game_total,under,,6.5,betrivers,-129,104,oddsapi
2026-10-10T16:00:06Z,2026-10-10,DET @ MTL,b75f9f59f0f845e2ba7dc5f8e5b3e35d,game_ml,DET,,,fanduel,168,-205,oddsapi
2026-10-10T16:00:06Z,2026-10-10,DET @ MTL,b75f9f59f0f845e2ba7dc5f8e5b3e35d,game_ml,MTL,,,fanduel,-205,168,oddsapi
2026-10-10T16:00:06Z,2026-10-10,DET @ MTL,b75f9f59f0f845e2ba7dc5f8e5b3e35d,game_pl,DET,,1.5,fanduel,-150,122,oddsapi
2026-10-10T16:00:06Z,2026-10-10,DET @ MTL,b75f9f59f0f845e2ba7dc5f8e5b3e35d,game_pl,MTL,,-1.5,fanduel,122,-150,oddsapi
2026-10-10T16:00:06Z,2026-10-10,DET @ MTL,b75f9f59f0f845e2ba7dc5f8e5b3e35d,game_total,over,,6.5,fanduel,104,-128,oddsapi
2026-10-10T16:00:06Z,2026-10-10,DET @ MTL,b75f9f59f0f845e2ba7dc5f8e5b3e35d,game_total,under,,6.5,fanduel,-128,104,oddsapi
2026-10-10T16:00:06Z,2026-10-10,DET @ MTL,b75f9f59f0f845e2ba7dc5f8e5b3e35d,game_ml,DET,,,bovada,170,-200,oddsapi
2026-10-10T16:00:06Z,2026-10-10,DET @ MTL,b75f9f59f0f845e2ba7dc5f8e5b3e35d,game_ml,MTL,,,bovada,-200,170,oddsapi
2026-10-10T16:00:06Z,2026-10-10,DET @ MTL,b75f9f59f0f845e2ba7dc5f8e5b3e35d,game_pl,DET,,1.5,bovada,-145,125,oddsapi
2026-10-10T16:00:06Z,2026-10-10,DET @ MTL,b75f9f59f0f845e2ba7dc5f8e5b3e35d,game_pl,MTL,,-1.5,bovada,125,-145,oddsapi
2026-10-10T16:00:06Z,2026-10-10,DET @ MTL,b75f9f59f0f845e2ba7dc5f8e5b3e35d,game_total,over,,6.5,bovada,102,-122,oddsapi
2026-10-10T16:00:06Z,2026-10-10,DET @ MTL,b75f9f59f0f845e2ba7dc5f8e5b3e35d,game_total,under,,6.5,bovada,-122,102,oddsapi
2026-10-10T16:00:06Z,2026-10-10,DET @ MTL,b75f9f59f0f845e2ba7dc5f8e5b3e35d,game_ml,DET,,,mybookieag,159,-197,oddsapi
2026-10-10T16:00:06Z,2026-10-10,DET @ MTL,b75f9f59f0f845e2ba7dc5f8e5b3e35d,game_ml,MTL,,,mybookieag,-197,159,oddsapi
2026-10-10T16:00:06Z,2026-10-10,DET @ MTL,b75f9f59f0f845e2ba7dc5f8e5b3e35d,game_pl,DET,,1.5,mybookieag,-160,130,oddsapi
2026-10-10T16:00:06Z,2026-10-10,DET @ MTL,b75f9f59f0f845e2ba7dc5f8e5b3e35d,game_pl,MTL,,-1.5,mybookieag,130,-160,oddsapi
2026-10-10T16:00:06Z,2026-10-10,DET @ MTL,b75f9f59f0f845e2ba7dc5f8e5b3e35d,game_total,over,,6,mybookieag,-125,102,oddsapi
2026-10-10T16:00:06Z,2026-10-10,DET @ MTL,b75f9f59f0f845e2ba7dc5f8e5b3e35d,game_total,under,,6,mybookieag,102,-125,oddsapi
2026-10-10T16:00:06Z,2026-10-10,DET @ MTL,b75f9f59f0f845e2ba7dc5f8e5b3e35d,game_ml,DET,,,betonlineag,162,-185,oddsapi
2026-10-10T16:00:06Z,2026-10-10,DET @ MTL,b75f9f59f0f845e2ba7dc5f8e5b3e35d,game_ml,MTL,,,betonlineag,-185,162,oddsapi
2026-10-10T16:00:06Z,2026-10-10,DET @ MTL,b75f9f59f0f845e2ba7dc5f8e5b3e35d,game_pl,DET,,1.5,betonlineag,-155,135,oddsapi
2026-10-10T16:00:06Z,2026-10-10,DET @ MTL,b75f9f59f0f845e2ba7dc5f8e5b3e35d,game_pl,MTL,,-1.5,betonlineag,135,-155,oddsapi
2026-10-10T16:00:06Z,2026-10-10,DET @ MTL,b75f9f59f0f845e2ba7dc5f8e5b3e35d,game_total,over,,6.5,betonlineag,102,-118,oddsapi
2026-10-10T16:00:06Z,2026-10-10,DET @ MTL,b75f9f59f0f845e2ba7dc5f8e5b3e35d,game_total,under,,6.5,betonlineag,-118,102,oddsapi
2026-10-10T16:00:06Z,2026-10-10,DET @ MTL,b75f9f59f0f845e2ba7dc5f8e5b3e35d,game_ml,DET,,,lowvig,162,-185,oddsapi
2026-10-10T16:00:06Z,2026-10-10,DET @ MTL,b75f9f59f0f845e2ba7dc5f8e5b3e35d,game_ml,MTL,,,lowvig,-185,162,oddsapi
2026-10-10T16:00:06Z,2026-10-10,DET @ MTL,b75f9f59f0f845e2ba7dc5f8e5b3e35d,game_pl,DET,,1.5,lowvig,-155,135,oddsapi
2026-10-10T16:00:06Z,2026-10-10,DET @ MTL,b75f9f59f0f845e2ba7dc5f8e5b3e35d,game_pl,MTL,,-1.5,lowvig,135,-155,oddsapi
2026-10-10T16:00:06Z,2026-10-10,DET @ MTL,b75f9f59f0f845e2ba7dc5f8e5b3e35d,game_total,over,,6.5,lowvig,102,-118,oddsapi
2026-10-10T16:00:06Z,2026-10-10,DET @ MTL,b75f9f59f0f845e2ba7dc5f8e5b3e35d,game_total,under,,6.5,lowvig,-118,102,oddsapi
2026-10-10T16:00:06Z,2026-10-10,DET @ MTL,b75f9f59f0f845e2ba7dc5f8e5b3e35d,game_ml,DET,,,betus,167,-195,oddsapi
2026-10-10T16:00:06Z,2026-10-10,DET @ MTL,b75f9f59f0f845e2ba7dc5f8e5b3e35d,game_ml,MTL,,,betus,-195,167,oddsapi
2026-10-10T16:00:06Z,2026-10-10,DET @ MTL,b75f9f59f0f845e2ba7dc5f8e5b3e35d,game_pl,DET,,1.5,betus,-155,135,oddsapi
2026-10-10T16:00:06Z,2026-10-10,DET @ MTL,b75f9f59f0f845e2ba7dc5f8e5b3e35d,game_pl,MTL,,-1.5,betus,135,-155,oddsapi
2026-10-10T16:00:06Z,2026-10-10,DET @ MTL,b75f9f59f0f845e2ba7dc5f8e5b3e35d,game_total,over,,6.5,betus,100,-120,oddsapi
2026-10-10T16:00:06Z,2026-10-10,DET @ MTL,b75f9f59f0f845e2ba7dc5f8e5b3e35d,game_total,under,,6.5,betus,-120,100,oddsapi
2026-10-10T16:00:06Z,2026-10-10,NSH @ OTT,a0b4b7224d0d849d54511cd9a4780531,game_ml,NSH,,,draftkings,136,-162,oddsapi
2026-10-10T16:00:06Z,2026-10-10,NSH @ OTT,a0b4b7224d0d849d54511cd9a4780531,game_ml,OTT,,,draftkings,-162,136,oddsapi
2026-10-10T16:00:06Z,2026-10-10,NSH @ OTT,a0b4b7224d0d849d54511cd9a4780531,game_pl,NSH,,1.5,draftkings,-192,160,oddsapi
2026-10-10T16:00:06Z,2026-10-10,NSH @ OTT,a0b4b7224d0d849d54511cd9a4780531,game_pl,OTT,,-1.5,draftkings,160,-192,oddsapi
2026-10-10T16:00:06Z,2026-10-10,NSH @ OTT,a0b4b7224d0d849d54511cd9a4780531,game_total,over,,5.5,draftkings,-130,110,oddsapi
2026-10-10T16:00:06Z,2026-10-10,NSH @ OTT,a0b4b7224d0d849d54511cd9a4780531,game_total,under,,5.5,draftkings,110,-130,oddsapi
2026-10-10T16:00:06Z,2026-10-10,NSH @ OTT,a0b4b7224d0d849d54511cd9a4780531,game_ml,NSH,,,fanatics,135,-165,oddsapi
2026-10-10T16:00:06Z,2026-10-10,NSH @ OTT,a0b4b7224d0d849d54511cd9a4780531,game_ml,OTT,,,fanatics,-165,135,oddsapi
2026-10-10T16:00:06Z,2026-10-10,NSH @ OTT,a0b4b7224d0d849d54511cd9a4780531,game_pl,NSH,,1.5,fanatics,-190,155,oddsapi
2026-10-10T16:00:06Z,2026-10-10,NSH @ OTT,a0b4b7224d0d849d54511cd9a4780531,game_pl,OTT,,-1.5,fanatics,155,-190,oddsapi
2026-10-10T16:00:06Z,2026-10-10,NSH @ OTT,a0b4b7224d0d849d54511cd9a4780531,game_total,over,,5.5,fanatics,-125,105,oddsapi
2026-10-10T16:00:06Z,2026-10-10,NSH @ OTT,a0b4b7224d0d849d54511cd9a4780531,game_total,under,,5.5,fanatics,105,-125,oddsapi
2026-10-10T16:00:06Z,2026-10-10,NSH @ OTT,a0b4b7224d0d849d54511cd9a4780531,game_ml,NSH,,,betmgm,130,-155,oddsapi
2026-10-10T16:00:06Z,2026-10-10,NSH @ OTT,a0b4b7224d0d849d54511cd9a4780531,game_ml,OTT,,,betmgm,-155,130,oddsapi
2026-10-10T16:00:06Z,2026-10-10,NSH @ OTT,a0b4b7224d0d849d54511cd9a4780531,game_pl,NSH,,1.5,betmgm,-190,154,oddsapi
2026-10-10T16:00:06Z,2026-10-10,NSH @ OTT,a0b4b7224d0d849d54511cd9a4780531,game_pl,OTT,,-1.5,betmgm,154,-190,oddsapi
2026-10-10T16:00:06Z,2026-10-10,NSH @ OTT,a0b4b7224d0d849d54511cd9a4780531,game_total,over,,6,betmgm,100,-120,oddsapi
2026-10-10T16:00:06Z,2026-10-10,NSH @ OTT,a0b4b7224d0d849d54511cd9a4780531,game_total,under,,6,betmgm,-120,100,oddsapi
2026-10-10T16:00:06Z,2026-10-10,NSH @ OTT,a0b4b7224d0d849d54511cd9a4780531,game_ml,NSH,,,williamhill_us,136,-162,oddsapi
2026-10-10T16:00:06Z,2026-10-10,NSH @ OTT,a0b4b7224d0d849d54511cd9a4780531,game_ml,OTT,,,williamhill_us,-162,136,oddsapi
2026-10-10T16:00:06Z,2026-10-10,NSH @ OTT,a0b4b7224d0d849d54511cd9a4780531,game_total,over,,6,williamhill_us,100,-120,oddsapi
2026-10-10T16:00:06Z,2026-10-10,NSH @ OTT,a0b4b7224d0d849d54511cd9a4780531,game_total,under,,6,williamhill_us,-120,100,oddsapi
2026-10-10T16:00:06Z,2026-10-10,NSH @ OTT,a0b4b7224d0d849d54511cd9a4780531,game_ml,NSH,,,betonlineag,139,-158,oddsapi
2026-10-10T16:00:06Z,2026-10-10,NSH @ OTT,a0b4b7224d0d849d54511cd9a4780531,game_ml,OTT,,,betonlineag,-158,139,oddsapi
2026-10-10T16:00:06Z,2026-10-10,NSH @ OTT,a0b4b7224d0d849d54511cd9a4780531,game_pl,NSH,,1.5,betonlineag,-190,165,oddsapi
2026-10-10T16:00:06Z,2026-10-10,NSH @ OTT,a0b4b7224d0d849d54511cd9a4780531,game_pl,OTT,,-1.5,betonlineag,165,-190,oddsapi
2026-10-10T16:00:06Z,2026-10-10,NSH @ OTT,a0b4b7224d0d849d54511cd9a4780531,game_total,over,,6,betonlineag,100,-116,oddsapi
2026-10-10T16:00:06Z,2026-10-10,NSH @ OTT,a0b4b7224d0d849d54511cd9a4780531,game_total,under,,6,betonlineag,-116,100,oddsapi
2026-10-10T16:00:06Z,2026-10-10,NSH @ OTT,a0b4b7224d0d849d54511cd9a4780531,game_ml,NSH,,,lowvig,139,-158,oddsapi
2026-10-10T16:00:06Z,2026-10-10,NSH @ OTT,a0b4b7224d0d849d54511cd9a4780531,game_ml,OTT,,,lowvig,-158,139,oddsapi
2026-10-10T16:00:06Z,2026-10-10,NSH @ OTT,a0b4b7224d0d849d54511cd9a4780531,game_pl,NSH,,1.5,lowvig,-190,165,oddsapi
2026-10-10T16:00:06Z,2026-10-10,NSH @ OTT,a0b4b7224d0d849d54511cd9a4780531,game_pl,OTT,,-1.5,lowvig,165,-190,oddsapi
2026-10-10T16:00:06Z,2026-10-10,NSH @ OTT,a0b4b7224d0d849d54511cd9a4780531,game_total,over,,6,lowvig,100,-116,oddsapi
2026-10-10T16:00:06Z,2026-10-10,NSH @ OTT,a0b4b7224d0d849d54511cd9a4780531,game_total,under,,6,lowvig,-116,100,oddsapi
2026-10-10T16:00:06Z,2026-10-10,NSH @ OTT,a0b4b7224d0d849d54511cd9a4780531,game_ml,NSH,,,betrivers,138,-165,oddsapi
2026-10-10T16:00:06Z,2026-10-10,NSH @ OTT,a0b4b7224d0d849d54511cd9a4780531,game_ml,OTT,,,betrivers,-165,138,oddsapi
2026-10-10T16:00:06Z,2026-10-10,NSH @ OTT,a0b4b7224d0d849d54511cd9a4780531,game_pl,NSH,,1.5,betrivers,-195,155,oddsapi
2026-10-10T16:00:06Z,2026-10-10,NSH @ OTT,a0b4b7224d0d849d54511cd9a4780531,game_pl,OTT,,-1.5,betrivers,155,-195,oddsapi
2026-10-10T16:00:06Z,2026-10-10,NSH @ OTT,a0b4b7224d0d849d54511cd9a4780531,game_total,over,,5.5,betrivers,-134,108,oddsapi
2026-10-10T16:00:06Z,2026-10-10,NSH @ OTT,a0b4b7224d0d849d54511cd9a4780531,game_total,under,,5.5,betrivers,108,-134,oddsapi
2026-10-10T16:00:06Z,2026-10-10,NSH @ OTT,a0b4b7224d0d849d54511cd9a4780531,game_ml,NSH,,,fanduel,130,-160,oddsapi
2026-10-10T16:00:06Z,2026-10-10,NSH @ OTT,a0b4b7224d0d849d54511cd9a4780531,game_ml,OTT,,,fanduel,-160,130,oddsapi
2026-10-10T16:00:06Z,2026-10-10,NSH @ OTT,a0b4b7224d0d849d54511cd9a4780531,game_pl,NSH,,1.5,fanduel,-192,154,oddsapi
2026-10-10T16:00:06Z,2026-10-10,NSH @ OTT,a0b4b7224d0d849d54511cd9a4780531,game_pl,OTT,,-1.5,fanduel,154,-192,oddsapi
2026-10-10T16:00:06Z,2026-10-10,NSH @ OTT,a0b4b7224d0d849d54511cd9a4780531,game_total,over,,5.5,fanduel,-128,104,oddsapi
2026-10-10T16:00:06Z,2026-10-10,NSH @ OTT,a0b4b7224d0d849d54511cd9a4780531,game_total,under,,5.5,fanduel,104,-128,oddsapi
2026-10-10T16:00:06Z,2026-10-10,NSH @ OTT,a0b4b7224d0d849d54511cd9a4780531,game_ml,NSH,,,betus,138,-160,oddsapi
2026-10-10T16:00:06Z,2026-10-10,NSH @ OTT,a0b4b7224d0d849d54511cd9a4780531,game_ml,OTT,,,betus,-160,138,oddsapi
2026-10-10T16:00:06Z,2026-10-10,NSH @ OTT,a0b4b7224d0d849d54511cd9a4780531,game_pl,NSH,,1.5,betus,-190,164,oddsapi
2026-10-10T16:00:06Z,2026-10-10,NSH @ OTT,a0b4b7224d0d849d54511cd9a4780531,game_pl,OTT,,-1.5,betus,164,-190,oddsapi
2026-10-10T16:00:06Z,2026-10-10,NSH @ OTT,a0b4b7224d0d849d54511cd9a4780531,game_total,over,,6,betus,-105,-115,oddsapi
2026-10-10T16:00:06Z,2026-10-10,NSH @ OTT,a0b4b7224d0d849d54511cd9a4780531,game_total,under,,6,betus,-115,-105,oddsapi
2026-10-10T16:00:06Z,2026-10-10,NSH @ OTT,a0b4b7224d0d849d54511cd9a4780531,game_ml,NSH,,,bovada,140,-165,oddsapi
2026-10-10T16:00:06Z,2026-10-10,NSH @ OTT,a0b4b7224d0d849d54511cd9a4780531,game_ml,OTT,,,bovada,-165,140,oddsapi
2026-10-10T16:00:06Z,2026-10-10,NSH @ OTT,a0b4b7224d0d849d54511cd9a4780531,game_pl,NSH,,1.5,bovada,-190,163,oddsapi
2026-10-10T16:00:06Z,2026-10-10,NSH @ OTT,a0b4b7224d0d849d54511cd9a4780531,game_pl,OTT,,-1.5,bovada,163,-190,oddsapi
2026-10-10T16:00:06Z,2026-10-10,NSH @ OTT,a0b4b7224d0d849d54511cd9a4780531,game_total,over,,6,bovada,100,-120,oddsapi
2026-10-10T16:00:06Z,2026-10-10,NSH @ OTT,a0b4b7224d0d849d54511cd9a4780531,game_total,under,,6,bovada,-120,100,oddsapi
2026-10-10T16:00:06Z,2026-10-10,NSH @ OTT,a0b4b7224d0d849d54511cd9a4780531,game_ml,NSH,,,mybookieag,129,-158,oddsapi
2026-10-10T16:00:06Z,2026-10-10,NSH @ OTT,a0b4b7224d0d849d54511cd9a4780531,game_ml,OTT,,,mybookieag,-158,129,oddsapi
2026-10-10T16:00:06Z,2026-10-10,NSH @ OTT,a0b4b7224d0d849d54511cd9a4780531,game_pl,NSH,,1.5,mybookieag,-189,153,oddsapi
2026-10-10T16:00:06Z,2026-10-10,NSH @ OTT,a0b4b7224d0d849d54511cd9a4780531,game_pl,OTT,,-1.5,mybookieag,153,-189,oddsapi
2026-10-10T16:00:06Z,2026-10-10,NSH @ OTT,a0b4b7224d0d849d54511cd9a4780531,game_total,over,,6,mybookieag,-101,-121,oddsapi
2026-10-10T16:00:06Z,2026-10-10,NSH @ OTT,a0b4b7224d0d849d54511cd9a4780531,game_total,under,,6,mybookieag,-121,-101,oddsapi
2026-10-10T16:00:06Z,2026-10-10,TBL @ NYI,15f36c06476a3c7811b74283878ee66e,game_ml,NYI,,,draftkings,142,-170,oddsapi
2026-10-10T16:00:06Z,2026-10-10,TBL @ NYI,15f36c06476a3c7811b74283878ee66e,game_ml,TBL,,,draftkings,-170,142,oddsapi
2026-10-10T16:00:06Z,2026-10-10,TBL @ NYI,15f36c06476a3c7811b74283878ee66e,game_pl,NYI,,1.5,draftkings,-192,160,oddsapi
2026-10-10T16:00:06Z,2026-10-10,TBL @ NYI,15f36c06476a3c7811b74283878ee66e,game_pl,TBL,,-1.5,draftkings,160,-192,oddsapi
2026-10-10T16:00:06Z,2026-10-10,TBL @ NYI,15f36c06476a3c7811b74283878ee66e,game_total,over,,5.5,draftkings,-112,-108,oddsapi
2026-10-10T16:00:06Z,2026-10-10,TBL @ NYI,15f36c06476a3c7811b74283878ee66e,game_total,under,,5.5,draftkings,-108,-112,oddsapi
2026-10-10T16:00:06Z,2026-10-10,TBL @ NYI,15f36c06476a3c7811b74283878ee66e,game_ml,NYI,,,fanatics,140,-170,oddsapi
2026-10-10T16:00:06Z,2026-10-10,TBL @ NYI,15f36c06476a3c7811b74283878ee66e,game_ml,TBL,,,fanatics,-170,140,oddsapi
2026-10-10T16:00:06Z,2026-10-10,TBL @ NYI,15f36c06476a3c7811b74283878ee66e,game_pl,NYI,,1.5,fanatics,-185,150,oddsapi
2026-10-10T16:00:06Z,2026-10-10,TBL @ NYI,15f36c06476a3c7811b74283878ee66e,game_pl,TBL,,-1.5,fanatics,150,-185,oddsapi
2026-10-10T16:00:06Z,2026-10-10,TBL @ NYI,15f36c06476a3c7811b74283878ee66e,game_total,over,,5.5,fanatics,-115,-105,oddsapi
2026-10-10T16:00:06Z,2026-10-10,TBL @ NYI,15f36c06476a3c7811b74283878ee66e,game_total,under,,5.5,fanatics,-105,-115,oddsapi
2026-10-10T16:00:06Z,2026-10-10,TBL @ NYI,15f36c06476a3c7811b74283878ee66e,game_ml,NYI,,,williamhill_us,143,-170,oddsapi
2026-10-10T16:00:06Z,2026-10-10,TBL @ NYI,15f36c06476a3c7811b74283878ee66e,game_ml,TBL,,,williamhill_us,-170,143,oddsapi
2026-10-10T16:00:06Z,2026-10-10,TBL @ NYI,15f36c06476a3c7811b74283878ee66e,game_total,over,,5.5,williamhill_us,-110,-110,oddsapi
2026-10-10T16:00:06Z,2026-10-10,TBL @ NYI,15f36c06476a3c7811b74283878ee66e,game_total,under,,5.5,williamhill_us,-110,-110,oddsapi
2026-10-10T16:00:06Z,2026-10-10,TBL @ NYI,15f36c06476a3c7811b74283878ee66e,game_ml,NYI,,,betmgm,145,-175,oddsapi
2026-10-10T16:00:06Z,2026-10-10,TBL @ NYI,15f36c06476a3c7811b74283878ee66e,game_ml,TBL,,,betmgm,-175,145,oddsapi
2026-10-10T16:00:06Z,2026-10-10,TBL @ NYI,15f36c06476a3c7811b74283878ee66e,game_pl,NYI,,1.5,betmgm,-170,140,oddsapi
2026-10-10T16:00:06Z,2026-10-10,TBL @ NYI,15f36c06476a3c7811b74283878ee66e,game_pl,TBL,,-1.5,betmgm,140,-170,oddsapi
2026-10-10T16:00:06Z,2026-10-10,TBL @ NYI,15f36c06476a3c7811b74283878ee66e,game_total,over,,5.5,betmgm,-115,-105,oddsapi
2026-10-10T16:00:06Z,2026-10-10,TBL @ NYI,15f36c06476a3c7811b74283878ee66e,game_total,under,,5.5,betmgm,-105,-115,oddsapi
2026-10-10T16:00:06Z,2026-10-10,TBL @ NYI,15f36c06476a3c7811b74283878ee66e,game_ml,NYI,,,lowvig,153,-175,oddsapi
2026-10-10T16:00:06Z,2026-10-10,TBL @ NYI,15f36c06476a3c7811b74283878ee66e,game_ml,TBL,,,lowvig,-175,153,oddsapi
2026-10-10T16:00:06Z,2026-10-10,TBL @ NYI,15f36c06476a3c7811b74283878ee66e,game_pl,NYI,,1.5,lowvig,-180,157,oddsapi
2026-10-10T16:00:06Z,2026-10-10,TBL @ NYI,15f36c06476a3c7811b74283878ee66e,game_pl,TBL,,-1.5,lowvig,157,-180,oddsapi
2026-10-10T16:00:06Z,2026-10-10,TBL @ NYI,15f36c06476a3c7811b74283878ee66e,game_total,over,,5.5,lowvig,-110,-106,oddsapi
2026-10-10T16:00:06Z,2026-10-10,TBL @ NYI,15f36c06476a3c7811b74283878ee66e,game_total,under,,5.5,lowvig,-106,-110,oddsapi
2026-10-10T16:00:06Z,2026-10-10,TBL @ NYI,15f36c06476a3c7811b74283878ee66e,game_ml,NYI,,,betonlineag,153,-175,oddsapi
2026-10-10T16:00:06Z,2026-10-10,TBL @ NYI,15f36c06476a3c7811b74283878ee66e,game_ml,TBL,,,betonlineag,-175,153,oddsapi
2026-10-10T16:00:06Z,2026-10-10,TBL @ NYI,15f36c06476a3c7811b74283878ee66e,game_pl,NYI,,1.5,betonlineag,-180,157,oddsapi
2026-10-10T16:00:06Z,2026-10-10,TBL @ NYI,15f36c06476a3c7811b74283878ee66e,game_pl,TBL,,-1.5,betonlineag,157,-180,oddsapi
2026-10-10T16:00:06Z,2026-10-10,TBL @ NYI,15f36c06476a3c7811b74283878ee66e,game_total,over,,5.5,betonlineag,-110,-106,oddsapi
2026-10-10T16:00:06Z,2026-10-10,TBL @ NYI,15f36c06476a3c7811b74283878ee66e,game_total,under,,5.5,betonlineag,-106,-110,oddsapi
2026-10-10T16:00:06Z,2026-10-10,TBL @ NYI,15f36c06476a3c7811b74283878ee66e,game_ml,NYI,,,betrivers,140,-167,oddsapi
2026-10-10T16:00:06Z,2026-10-10,TBL @ NYI,15f36c06476a3c7811b74283878ee66e,game_ml,TBL,,,betrivers,-167,140,oddsapi
2026-10-10T16:00:06Z,2026-10-10,TBL @ NYI,15f36c06476a3c7811b74283878ee66e,game_pl,NYI,,1.5,betrivers,-195,155,oddsapi
2026-10-10T16:00:06Z,2026-10-10,TBL @ NYI,15f36c06476a3c7811b74283878ee66e,game_pl,TBL,,-1.5,betrivers,155,-195,oddsapi
2026-10-10T16:00:06Z,2026-10-10,TBL @ NYI,15f36c06476a3c7811b74283878ee66e,game_total,over,,5.5,betrivers,-115,-108,oddsapi
2026-10-10T16:00:06Z,2026-10-10,TBL @ NYI,15f36c06476a3c7811b74283878ee66e,game_total,under,,5.5,betrivers,-108,-115,oddsapi
2026-10-10T16:00:06Z,2026-10-10,TBL @ NYI,15f36c06476a3c7811b74283878ee66e,game_ml,NYI,,,betus,150,-175,oddsapi
2026-10-10T16:00:06Z,2026-10-10,TBL @ NYI,15f36c06476a3c7811b74283878ee66e,game_ml,TBL,,,betus,-175,150,oddsapi
2026-10-10T16:00:06Z,2026-10-10,TBL @ NYI,15f36c06476a3c7811b74283878ee66e,game_pl,NYI,,1.5,betus,-180,156,oddsapi
2026-10-10T16:00:06Z,2026-10-10,TBL @ NYI,15f36c06476a3c7811b74283878ee66e,game_pl,TBL,,-1.5,betus,156,-180,oddsapi
2026-10-10T16:00:06Z,2026-10-10,TBL @ NYI,15f36c06476a3c7811b74283878ee66e,game_total,over,,5.5,betus,-110,-110,oddsapi
2026-10-10T16:00:06Z,2026-10-10,TBL @ NYI,15f36c06476a3c7811b74283878ee66e,game_total,under,,5.5,betus,-110,-110,oddsapi
2026-10-10T16:00:06Z,2026-10-10,TBL @ NYI,15f36c06476a3c7811b74283878ee66e,game_ml,NYI,,,fanduel,140,-170,oddsapi
2026-10-10T16:00:06Z,2026-10-10,TBL @ NYI,15f36c06476a3c7811b74283878ee66e,game_ml,TBL,,,fanduel,-170,140,oddsapi
2026-10-10T16:00:06Z,2026-10-10,TBL @ NYI,15f36c06476a3c7811b74283878ee66e,game_pl,NYI,,1.5,fanduel,-188,152,oddsapi
2026-10-10T16:00:06Z,2026-10-10,TBL @ NYI,15f36c06476a3c7811b74283878ee66e,game_pl,TBL,,-1.5,fanduel,152,-188,oddsapi
2026-10-10T16:00:06Z,2026-10-10,TBL @ NYI,15f36c06476a3c7811b74283878ee66e,game_total,over,,5.5,fanduel,-115,-105,oddsapi
2026-10-10T16:00:06Z,2026-10-10,TBL @ NYI,15f36c06476a3c7811b74283878ee66e,game_total,under,,5.5,fanduel,-105,-115,oddsapi
2026-10-10T16:00:06Z,2026-10-10,TBL @ NYI,15f36c06476a3c7811b74283878ee66e,game_ml,NYI,,,bovada,145,-170,oddsapi
2026-10-10T16:00:06Z,2026-10-10,TBL @ NYI,15f36c06476a3c7811b74283878ee66e,game_ml,TBL,,,bovada,-170,145,oddsapi
2026-10-10T16:00:06Z,2026-10-10,TBL @ NYI,15f36c06476a3c7811b74283878ee66e,game_pl,NYI,,1.5,bovada,-183,158,oddsapi
2026-10-10T16:00:06Z,2026-10-10,TBL @ NYI,15f36c06476a3c7811b74283878ee66e,game_pl,TBL,,-1.5,bovada,158,-183,oddsapi
2026-10-10T16:00:06Z,2026-10-10,TBL @ NYI,15f36c06476a3c7811b74283878ee66e,game_total,over,,5.5,bovada,-115,-105,oddsapi
2026-10-10T16:00:06Z,2026-10-10,TBL @ NYI,15f36c06476a3c7811b74283878ee66e,game_total,under,,5.5,bovada,-105,-115,oddsapi
2026-10-10T16:00:06Z,2026-10-10,TBL @ NYI,15f36c06476a3c7811b74283878ee66e,game_ml,NYI,,,mybookieag,141,-174,oddsapi
2026-10-10T16:00:06Z,2026-10-10,TBL @ NYI,15f36c06476a3c7811b74283878ee66e,game_ml,TBL,,,mybookieag,-174,141,oddsapi
2026-10-10T16:00:06Z,2026-10-10,TBL @ NYI,15f36c06476a3c7811b74283878ee66e,game_pl,NYI,,1.5,mybookieag,-185,149,oddsapi
2026-10-10T16:00:06Z,2026-10-10,TBL @ NYI,15f36c06476a3c7811b74283878ee66e,game_pl,TBL,,-1.5,mybookieag,149,-185,oddsapi
2026-10-10T16:00:06Z,2026-10-10,TBL @ NYI,15f36c06476a3c7811b74283878ee66e,game_total,over,,5.5,mybookieag,-114,-107,oddsapi
2026-10-10T16:00:06Z,2026-10-10,TBL @ NYI,15f36c06476a3c7811b74283878ee66e,game_total,under,,5.5,mybookieag,-107,-114,oddsapi
2026-10-10T16:00:06Z,2026-10-10,ANA @ CGY,7ff1567200cc7c7c7d901f32f81ad4d4,game_ml,ANA,,,draftkings,-122,102,oddsapi
2026-10-10T16:00:06Z,2026-10-10,ANA @ CGY,7ff1567200cc7c7c7d901f32f81ad4d4,game_ml,CGY,,,draftkings,102,-122,oddsapi
2026-10-10T16:00:06Z,2026-10-10,ANA @ CGY,7ff1567200cc7c7c7d901f32f81ad4d4,game_pl,ANA,,-1.5,draftkings,205,-250,oddsapi
2026-10-10T16:00:06Z,2026-10-10,ANA @ CGY,7ff1567200cc7c7c7d901f32f81ad4d4,game_pl,CGY,,1.5,draftkings,-250,205,oddsapi
2026-10-10T16:00:06Z,2026-10-10,ANA @ CGY,7ff1567200cc7c7c7d901f32f81ad4d4,game_total,over,,6.5,draftkings,-105,-115,oddsapi
2026-10-10T16:00:06Z,2026-10-10,ANA @ CGY,7ff1567200cc7c7c7d901f32f81ad4d4,game_total,under,,6.5,draftkings,-115,-105,oddsapi
2026-10-10T16:00:06Z,2026-10-10,ANA @ CGY,7ff1567200cc7c7c7d901f32f81ad4d4,game_ml,ANA,,,fanatics,-120,100,oddsapi
2026-10-10T16:00:06Z,2026-10-10,ANA @ CGY,7ff1567200cc7c7c7d901f32f81ad4d4,game_ml,CGY,,,fanatics,100,-120,oddsapi
2026-10-10T16:00:06Z,2026-10-10,ANA @ CGY,7ff1567200cc7c7c7d901f32f81ad4d4,game_pl,ANA,,-1.5,fanatics,200,-255,oddsapi
2026-10-10T16:00:06Z,2026-10-10,ANA @ CGY,7ff1567200cc7c7c7d901f32f81ad4d4,game_pl,CGY,,1.5,fanatics,-255,200,oddsapi
2026-10-10T16:00:06Z,2026-10-10,ANA @ CGY,7ff1567200cc7c7c7d901f32f81ad4d4,game_total,over,,6.5,fanatics,-105,-115,oddsapi
2026-10-10T16:00:06Z,2026-10-10,ANA @ CGY,7ff1567200cc7c7c7d901f32f81ad4d4,game_total,under,,6.5,fanatics,-115,-105,oddsapi
2026-10-10T16:00:06Z,2026-10-10,ANA @ CGY,7ff1567200cc7c7c7d901f32f81ad4d4,game_ml,ANA,,,williamhill_us,-125,106,oddsapi
2026-10-10T16:00:06Z,2026-10-10,ANA @ CGY,7ff1567200cc7c7c7d901f32f81ad4d4,game_ml,CGY,,,williamhill_us,106,-125,oddsapi
2026-10-10T16:00:06Z,2026-10-10,ANA @ CGY,7ff1567200cc7c7c7d901f32f81ad4d4,game_total,over,,6.5,williamhill_us,-102,-122,oddsapi
2026-10-10T16:00:06Z,2026-10-10,ANA @ CGY,7ff1567200cc7c7c7d901f32f81ad4d4,game_total,under,,6.5,williamhill_us,-122,-102,oddsapi
2026-10-10T16:00:06Z,2026-10-10,ANA @ CGY,7ff1567200cc7c7c7d901f32f81ad4d4,game_ml,ANA,,,betmgm,-120,100,oddsapi
2026-10-10T16:00:06Z,2026-10-10,ANA @ CGY,7ff1567200cc7c7c7d901f32f81ad4d4,game_ml,CGY,,,betmgm,100,-120,oddsapi
2026-10-10T16:00:06Z,2026-10-10,ANA @ CGY,7ff1567200cc7c7c7d901f32f81ad4d4,game_pl,ANA,,-1.5,betmgm,190,-235,oddsapi
2026-10-10T16:00:06Z,2026-10-10,ANA @ CGY,7ff1567200cc7c7c7d901f32f81ad4d4,game_pl,CGY,,1.5,betmgm,-235,190,oddsapi
2026-10-10T16:00:06Z,2026-10-10,ANA @ CGY,7ff1567200cc7c7c7d901f32f81ad4d4,game_total,over,,6.5,betmgm,-105,-115,oddsapi
2026-10-10T16:00:06Z,2026-10-10,ANA @ CGY,7ff1567200cc7c7c7d901f32f81ad4d4,game_total,under,,6.5,betmgm,-115,-105,oddsapi
2026-10-10T16:00:06Z,2026-10-10,ANA @ CGY,7ff1567200cc7c7c7d901f32f81ad4d4,game_ml,ANA,,,betrivers,-129,108,oddsapi
2026-10-10T16:00:06Z,2026-10-10,ANA @ CGY,7ff1567200cc7c7c7d901f32f81ad4d4,game_ml,CGY,,,betrivers,108,-129,oddsapi
2026-10-10T16:00:06Z,2026-10-10,ANA @ CGY,7ff1567200cc7c7c7d901f32f81ad4d4,game_pl,ANA,,-1.5,betrivers,188,-240,oddsapi
2026-10-10T16:00:06Z,2026-10-10,ANA @ CGY,7ff1567200cc7c7c7d901f32f81ad4d4,game_pl,CGY,,1.5,betrivers,-240,188,oddsapi
2026-10-10T16:00:06Z,2026-10-10,ANA @ CGY,7ff1567200cc7c7c7d901f32f81ad4d4,game_total,over,,6.5,betrivers,-104,-121,oddsapi
2026-10-10T16:00:06Z,2026-10-10,ANA @ CGY,7ff1567200cc7c7c7d901f32f81ad4d4,game_total,under,,6.5,betrivers,-121,-104,oddsapi
2026-10-10T16:00:06Z,2026-10-10,ANA @ CGY,7ff1567200cc7c7c7d901f32f81ad4d4,game_ml,ANA,,,fanduel,-118,100,oddsapi
2026-10-10T16:00:06Z,2026-10-10,ANA @ CGY,7ff1567200cc7c7c7d901f32f81ad4d4,game_ml,CGY,,,fanduel,100,-118,oddsapi
2026-10-10T16:00:06Z,2026-10-10,ANA @ CGY,7ff1567200cc7c7c7d901f32f81ad4d4,game_pl,ANA,,-1.5,fanduel,210,-265,oddsapi
2026-10-10T16:00:06Z,2026-10-10,ANA @ CGY,7ff1567200cc7c7c7d901f32f81ad4d4,game_pl,CGY,,1.5,fanduel,-265,210,oddsapi
2026-10-10T16:00:06Z,2026-10-10,ANA @ CGY,7ff1567200cc7c7c7d901f32f81ad4d4,game_total,over,,6.5,fanduel,-105,-115,oddsapi
2026-10-10T16:00:06Z,2026-10-10,ANA @ CGY,7ff1567200cc7c7c7d901f32f81ad4d4,game_total,under,,6.5,fanduel,-115,-105,oddsapi
2026-10-10T16:00:06Z,2026-10-10,ANA @ CGY,7ff1567200cc7c7c7d901f32f81ad4d4,game_ml,ANA,,,bovada,-117,-103,oddsapi
2026-10-10T16:00:06Z,2026-10-10,ANA @ CGY,7ff1567200cc7c7c7d901f32f81ad4d4,game_ml,CGY,,,bovada,-103,-117,oddsapi
2026-10-10T16:00:06Z,2026-10-10,ANA @ CGY,7ff1567200cc7c7c7d901f32f81ad4d4,game_pl,ANA,,-1.5,bovada,210,-250,oddsapi
2026-10-10T16:00:06Z,2026-10-10,ANA @ CGY,7ff1567200cc7c7c7d901f32f81ad4d4,game_pl,CGY,,1.5,bovada,-250,210,oddsapi
2026-10-10T16:00:06Z,2026-10-10,ANA @ CGY,7ff1567200cc7c7c7d901f32f81ad4d4,game_total,over,,6.5,bovada,-105,-115,oddsapi
2026-10-10T16:00:06Z,2026-10-10,ANA @ CGY,7ff1567200cc7c7c7d901f32f81ad4d4,game_total,under,,6.5,bovada,-115,-105,oddsapi
2026-10-10T16:00:06Z,2026-10-10,ANA @ CGY,7ff1567200cc7c7c7d901f32f81ad4d4,game_ml,ANA,,,mybookieag,-119,-103,oddsapi
2026-10-10T16:00:06Z,2026-10-10,ANA @ CGY,7ff1567200cc7c7c7d901f32f81ad4d4,game_ml,CGY,,,mybookieag,-103,-119,oddsapi
2026-10-10T16:00:06Z,2026-10-10,ANA @ CGY,7ff1567200cc7c7c7d901f32f81ad4d4,game_pl,ANA,,-1.5,mybookieag,195,-246,oddsapi
2026-10-10T16:00:06Z,2026-10-10,ANA @ CGY,7ff1567200cc7c7c7d901f32f81ad4d4,game_pl,CGY,,1.5,mybookieag,-246,195,oddsapi
2026-10-10T16:00:06Z,2026-10-10,ANA @ CGY,7ff1567200cc7c7c7d901f32f81ad4d4,game_total,over,,6.5,mybookieag,-106,-115,oddsapi
2026-10-10T16:00:06Z,2026-10-10,ANA @ CGY,7ff1567200cc7c7c7d901f32f81ad4d4,game_total,under,,6.5,mybookieag,-115,-106,oddsapi
2026-10-10T16:00:06Z,2026-10-10,ANA @ CGY,7ff1567200cc7c7c7d901f32f81ad4d4,game_ml,ANA,,,lowvig,-118,104,oddsapi
2026-10-10T16:00:06Z,2026-10-10,ANA @ CGY,7ff1567200cc7c7c7d901f32f81ad4d4,game_ml,CGY,,,lowvig,104,-118,oddsapi
2026-10-10T16:00:06Z,2026-10-10,ANA @ CGY,7ff1567200cc7c7c7d901f32f81ad4d4,game_pl,ANA,,-1.5,lowvig,203,-245,oddsapi
2026-10-10T16:00:06Z,2026-10-10,ANA @ CGY,7ff1567200cc7c7c7d901f32f81ad4d4,game_pl,CGY,,1.5,lowvig,-245,203,oddsapi
2026-10-10T16:00:06Z,2026-10-10,ANA @ CGY,7ff1567200cc7c7c7d901f32f81ad4d4,game_total,over,,6.5,lowvig,-106,-110,oddsapi
2026-10-10T16:00:06Z,2026-10-10,ANA @ CGY,7ff1567200cc7c7c7d901f32f81ad4d4,game_total,under,,6.5,lowvig,-110,-106,oddsapi
2026-10-10T16:00:06Z,2026-10-10,ANA @ CGY,7ff1567200cc7c7c7d901f32f81ad4d4,game_ml,ANA,,,betonlineag,-118,104,oddsapi
2026-10-10T16:00:06Z,2026-10-10,ANA @ CGY,7ff1567200cc7c7c7d901f32f81ad4d4,game_ml,CGY,,,betonlineag,104,-118,oddsapi
2026-10-10T16:00:06Z,2026-10-10,ANA @ CGY,7ff1567200cc7c7c7d901f32f81ad4d4,game_pl,ANA,,-1.5,betonlineag,203,-245,oddsapi
2026-10-10T16:00:06Z,2026-10-10,ANA @ CGY,7ff1567200cc7c7c7d901f32f81ad4d4,game_pl,CGY,,1.5,betonlineag,-245,203,oddsapi
2026-10-10T16:00:06Z,2026-10-10,ANA @ CGY,7ff1567200cc7c7c7d901f32f81ad4d4,game_total,over,,6.5,betonlineag,-106,-110,oddsapi
2026-10-10T16:00:06Z,2026-10-10,ANA @ CGY,7ff1567200cc7c7c7d901f32f81ad4d4,game_total,under,,6.5,betonlineag,-110,-106,oddsapi
2026-10-10T16:00:06Z,2026-10-10,ANA @ CGY,7ff1567200cc7c7c7d901f32f81ad4d4,game_ml,ANA,,,betus,-120,100,oddsapi
2026-10-10T16:00:06Z,2026-10-10,ANA @ CGY,7ff1567200cc7c7c7d901f32f81ad4d4,game_ml,CGY,,,betus,100,-120,oddsapi
2026-10-10T16:00:06Z,2026-10-10,ANA @ CGY,7ff1567200cc7c7c7d901f32f81ad4d4,game_pl,ANA,,-1.5,betus,208,-245,oddsapi
2026-10-10T16:00:06Z,2026-10-10,ANA @ CGY,7ff1567200cc7c7c7d901f32f81ad4d4,game_pl,CGY,,1.5,betus,-245,208,oddsapi
2026-10-10T16:00:06Z,2026-10-10,ANA @ CGY,7ff1567200cc7c7c7d901f32f81ad4d4,game_total,over,,6.5,betus,-110,-110,oddsapi
2026-10-10T16:00:06Z,2026-10-10,ANA @ CGY,7ff1567200cc7c7c7d901f32f81ad4d4,game_total,under,,6.5,betus,-110,-110,oddsapi
2026-10-10T16:00:06Z,2026-10-10,LAK @ VGK,d9285582597ee00291a57aaf08f4bd50,game_ml,LAK,,,draftkings,136,-162,oddsapi
2026-10-10T16:00:06Z,2026-10-10,LAK @ VGK,d9285582597ee00291a57aaf08f4bd50,game_ml,VGK,,,draftkings,-162,136,oddsapi
2026-10-10T16:00:06Z,2026-10-10,LAK @ VGK,d9285582597ee00291a57aaf08f4bd50,game_pl,LAK,,1.5,draftkings,-185,154,oddsapi
2026-10-10T16:00:06Z,2026-10-10,LAK @ VGK,d9285582597ee00291a57aaf08f4bd50,game_pl,VGK,,-1.5,draftkings,154,-185,oddsapi
2026-10-10T16:00:06Z,2026-10-10,LAK @ VGK,d9285582597ee00291a57aaf08f4bd50,game_total,over,,6.5,draftkings,114,-135,oddsapi
2026-10-10T16:00:06Z,2026-10-10,LAK @ VGK,d9285582597ee00291a57aaf08f4bd50,game_total,under,,6.5,draftkings,-135,114,oddsapi
2026-10-10T16:00:06Z,2026-10-10,LAK @ VGK,d9285582597ee00291a57aaf08f4bd50,game_ml,LAK,,,fanatics,140,-170,oddsapi
2026-10-10T16:00:06Z,2026-10-10,LAK @ VGK,d9285582597ee00291a57aaf08f4bd50,game_ml,VGK,,,fanatics,-170,140,oddsapi
2026-10-10T16:00:06Z,2026-10-10,LAK @ VGK,d9285582597ee00291a57aaf08f4bd50,game_pl,LAK,,1.5,fanatics,-190,155,oddsapi
2026-10-10T16:00:06Z,2026-10-10,LAK @ VGK,d9285582597ee00291a57aaf08f4bd50,game_pl,VGK,,-1.5,fanatics,155,-190,oddsapi
2026-10-10T16:00:06Z,2026-10-10,LAK @ VGK,d9285582597ee00291a57aaf08f4bd50,game_total,over,,6.5,fanatics,110,-135,oddsapi
2026-10-10T16:00:06Z,2026-10-10,LAK @ VGK,d9285582597ee00291a57aaf08f4bd50,game_total,under,,6.5,fanatics,-135,110,oddsapi
2026-10-10T16:00:06Z,2026-10-10,LAK @ VGK,d9285582597ee00291a57aaf08f4bd50,game_ml,LAK,,,betmgm,140,-170,oddsapi
2026-10-10T16:00:06Z,2026-10-10,LAK @ VGK,d9285582597ee00291a57aaf08f4bd50,game_ml,VGK,,,betmgm,-170,140,oddsapi
2026-10-10T16:00:06Z,2026-10-10,LAK @ VGK,d9285582597ee00291a57aaf08f4bd50,game_pl,LAK,,1.5,betmgm,-170,140,oddsapi
2026-10-10T16:00:06Z,2026-10-10,LAK @ VGK,d9285582597ee00291a57aaf08f4bd50,game_pl,VGK,,-1.5,betmgm,140,-170,oddsapi
2026-10-10T16:00:06Z,2026-10-10,LAK @ VGK,d9285582597ee00291a57aaf08f4bd50,game_total,over,,6,betmgm,-118,-102,oddsapi
2026-10-10T16:00:06Z,2026-10-10,LAK @ VGK,d9285582597ee00291a57aaf08f4bd50,game_total,under,,6,betmgm,-102,-118,oddsapi
2026-10-10T16:00:06Z,2026-10-10,LAK @ VGK,d9285582597ee00291a57aaf08f4bd50,game_ml,LAK,,,betrivers,135,-162,oddsapi
2026-10-10T16:00:06Z,2026-10-10,LAK @ VGK,d9285582597ee00291a57aaf08f4bd50,game_ml,VGK,,,betrivers,-162,135,oddsapi
2026-10-10T16:00:06Z,2026-10-10,LAK @ VGK,d9285582597ee00291a57aaf08f4bd50,game_pl,LAK,,1.5,betrivers,-195,155,oddsapi
2026-10-10T16:00:06Z,2026-10-10,LAK @ VGK,d9285582597ee00291a57aaf08f4bd50,game_pl,VGK,,-1.5,betrivers,155,-195,oddsapi
2026-10-10T16:00:06Z,2026-10-10,LAK @ VGK,d9285582597ee00291a57aaf08f4bd50,game_total,over,,5.5,betrivers,-130,105,oddsapi
2026-10-10T16:00:06Z,2026-10-10,LAK @ VGK,d9285582597ee00291a57aaf08f4bd50,game_total,under,,5.5,betrivers,105,-130,oddsapi
2026-10-10T16:00:06Z,2026-10-10,LAK @ VGK,d9285582597ee00291a57aaf08f4bd50,game_ml,LAK,,,williamhill_us,141,-170,oddsapi
2026-10-10T16:00:06Z,2026-10-10,LAK @ VGK,d9285582597ee00291a57aaf08f4bd50,game_ml,VGK,,,williamhill_us,-170,141,oddsapi
2026-10-10T16:00:06Z,2026-10-10,LAK @ VGK,d9285582597ee00291a57aaf08f4bd50,game_total,over,,6,williamhill_us,-113,-109,oddsapi
2026-10-10T16:00:06Z,2026-10-10,LAK @ VGK,d9285582597ee00291a57aaf08f4bd50,game_total,under,,6,williamhill_us,-109,-113,oddsapi
2026-10-10T16:00:06Z,2026-10-10,LAK @ VGK,d9285582597ee00291a57aaf08f4bd50,game_ml,LAK,,,lowvig,140,-159,oddsapi
2026-10-10T16:00:06Z,2026-10-10,LAK @ VGK,d9285582597ee00291a57aaf08f4bd50,game_ml,VGK,,,lowvig,-159,140,oddsapi
2026-10-10T16:00:06Z,2026-10-10,LAK @ VGK,d9285582597ee00291a57aaf08f4bd50,game_pl,LAK,,1.5,lowvig,-185,161,oddsapi
2026-10-10T16:00:06Z,2026-10-10,LAK @ VGK,d9285582597ee00291a57aaf08f4bd50,game_pl,VGK,,-1.5,lowvig,161,-185,oddsapi
2026-10-10T16:00:06Z,2026-10-10,LAK @ VGK,d9285582597ee00291a57aaf08f4bd50,game_total,over,,6,lowvig,-115,-101,oddsapi
2026-10-10T16:00:06Z,2026-10-10,LAK @ VGK,d9285582597ee00291a57aaf08f4bd50,game_total,under,,6,lowvig,-101,-115,oddsapi
2026-10-10T16:00:06Z,2026-10-10,LAK @ VGK,d9285582597ee00291a57aaf08f4bd50,game_ml,LAK,,,betonlineag,140,-159,oddsapi
2026-10-10T16:00:06Z,2026-10-10,LAK @ VGK,d9285582597ee00291a57aaf08f4bd50,game_ml,VGK,,,betonlineag,-159,140,oddsapi
2026-10-10T16:00:06Z,2026-10-10,LAK @ VGK,d9285582597ee00291a57aaf08f4bd50,game_pl,LAK,,1.5,betonlineag,-185,161,oddsapi
2026-10-10T16:00:06Z,2026-10-10,LAK @ VGK,d9285582597ee00291a57aaf08f4bd50,game_pl,VGK,,-1.5,betonlineag,161,-185,oddsapi
2026-10-10T16:00:06Z,2026-10-10,LAK @ VGK,d9285582597ee00291a57aaf08f4bd50,game_total,over,,6,betonlineag,-115,-101,oddsapi
2026-10-10T16:00:06Z,2026-10-10,LAK @ VGK,d9285582597ee00291a57aaf08f4bd50,game_total,under,,6,betonlineag,-101,-115,oddsapi
2026-10-10T16:00:06Z,2026-10-10,LAK @ VGK,d9285582597ee00291a57aaf08f4bd50,game_ml,LAK,,,betus,142,-165,oddsapi
2026-10-10T16:00:06Z,2026-10-10,LAK @ VGK,d9285582597ee00291a57aaf08f4bd50,game_ml,VGK,,,betus,-165,142,oddsapi
2026-10-10T16:00:06Z,2026-10-10,LAK @ VGK,d9285582597ee00291a57aaf08f4bd50,game_pl,LAK,,1.5,betus,-185,160,oddsapi
2026-10-10T16:00:06Z,2026-10-10,LAK @ VGK,d9285582597ee00291a57aaf08f4bd50,game_pl,VGK,,-1.5,betus,160,-185,oddsapi
2026-10-10T16:00:06Z,2026-10-10,LAK @ VGK,d9285582597ee00291a57aaf08f4bd50,game_total,over,,6,betus,-115,-105,oddsapi
2026-10-10T16:00:06Z,2026-10-10,LAK @ VGK,d9285582597ee00291a57aaf08f4bd50,game_total,under,,6,betus,-105,-115,oddsapi
2026-10-10T16:00:06Z,2026-10-10,LAK @ VGK,d9285582597ee00291a57aaf08f4bd50,game_ml,LAK,,,fanduel,138,-166,oddsapi
2026-10-10T16:00:06Z,2026-10-10,LAK @ VGK,d9285582597ee00291a57aaf08f4bd50,game_ml,VGK,,,fanduel,-166,138,oddsapi
2026-10-10T16:00:06Z,2026-10-10,LAK @ VGK,d9285582597ee00291a57aaf08f4bd50,game_pl,LAK,,1.5,fanduel,-188,152,oddsapi
2026-10-10T16:00:06Z,2026-10-10,LAK @ VGK,d9285582597ee00291a57aaf08f4bd50,game_pl,VGK,,-1.5,fanduel,152,-188,oddsapi
2026-10-10T16:00:06Z,2026-10-10,LAK @ VGK,d9285582597ee00291a57aaf08f4bd50,game_total,over,,6.5,fanduel,108,-132,oddsapi
2026-10-10T16:00:06Z,2026-10-10,LAK @ VGK,d9285582597ee00291a57aaf08f4bd50,game_total,under,,6.5,fanduel,-132,108,oddsapi
2026-10-10T16:00:06Z,2026-10-10,LAK @ VGK,d9285582597ee00291a57aaf08f4bd50,game_ml,LAK,,,bovada,142,-168,oddsapi
2026-10-10T16:00:06Z,2026-10-10,LAK @ VGK,d9285582597ee00291a57aaf08f4bd50,game_ml,VGK,,,bovada,-168,142,oddsapi
2026-10-10T16:00:06Z,2026-10-10,LAK @ VGK,d9285582597ee00291a57aaf08f4bd50,game_pl,LAK,,1.5,bovada,-183,158,oddsapi
2026-10-10T16:00:06Z,2026-10-10,LAK @ VGK,d9285582597ee00291a57aaf08f4bd50,game_pl,VGK,,-1.5,bovada,158,-183,oddsapi
2026-10-10T16:00:06Z,2026-10-10,LAK @ VGK,d9285582597ee00291a57aaf08f4bd50,game_total,over,,6,bovada,-115,-105,oddsapi
2026-10-10T16:00:06Z,2026-10-10,LAK @ VGK,d9285582597ee00291a57aaf08f4bd50,game_total,under,,6,bovada,-105,-115,oddsapi
2026-10-10T16:00:06Z,2026-10-10,LAK @ VGK,d9285582597ee00291a57aaf08f4bd50,game_ml,LAK,,,mybookieag,135,-166,oddsapi
2026-10-10T16:00:06Z,2026-10-10,LAK @ VGK,d9285582597ee00291a57aaf08f4bd50,game_ml,VGK,,,mybookieag,-166,135,oddsapi
2026-10-10T16:00:06Z,2026-10-10,LAK @ VGK,d9285582597ee00291a57aaf08f4bd50,game_pl,LAK,,1.5,mybookieag,-188,152,oddsapi
2026-10-10T16:00:06Z,2026-10-10,LAK @ VGK,d9285582597ee00291a57aaf08f4bd50,game_pl,VGK,,-1.5,mybookieag,152,-188,oddsapi
2026-10-10T16:00:06Z,2026-10-10,LAK @ VGK,d9285582597ee00291a57aaf08f4bd50,game_total,over,,6,mybookieag,-115,-106,oddsapi
2026-10-10T16:00:06Z,2026-10-10,LAK @ VGK,d9285582597ee00291a57aaf08f4bd50,game_total,under,,6,mybookieag,-106,-115,oddsapi
