captured_at,game_date,matchup,event_id,market,side,entity,line,book,american,opposite_american,source
2026-10-07T21:00:07Z,2026-10-07,COL @ WPG,c8c270e79cd56ca57baa21a49a0d1d9d,team_total_alt,over,COL,3.5,betrivers,-139,104,oddsapi
2026-10-07T21:00:07Z,2026-10-07,COL @ WPG,c8c270e79cd56ca57baa21a49a0d1d9d,team_total_alt,under,COL,3.5,betrivers,104,-139,oddsapi
2026-10-07T21:00:07Z,2026-10-07,COL @ WPG,c8c270e79cd56ca57baa21a49a0d1d9d,team_total_alt,over,COL,5.5,betrivers,375,-625,oddsapi
2026-10-07T21:00:07Z,2026-10-07,COL @ WPG,c8c270e79cd56ca57baa21a49a0d1d9d,team_total_alt,under,COL,5.5,betrivers,-625,375,oddsapi
2026-10-07T21:00:07Z,2026-10-07,COL @ WPG,c8c270e79cd56ca57baa21a49a0d1d9d,team_total_alt,over,COL,4.5,betrivers,170,-240,oddsapi
2026-10-07T21:00:07Z,2026-10-07,COL @ WPG,c8c270e79cd56ca57baa21a49a0d1d9d,team_total_alt,under,COL,4.5,betrivers,-240,170,oddsapi
2026-10-07T21:00:07Z,2026-10-07,COL @ WPG,c8c270e79cd56ca57baa21a49a0d1d9d,team_total_alt,over,COL,2.5,betrivers,-375,245,oddsapi
2026-10-07T21:00:07Z,2026-10-07,COL @ WPG,c8c270e79cd56ca57baa21a49a0d1d9d,team_total_alt,under,COL,2.5,betrivers,245,-375,oddsapi
2026-10-07T21:00:07Z,2026-10-07,COL @ WPG,c8c270e79cd56ca57baa21a49a0d1d9d,team_total_alt,over,WPG,2.5,betrivers,-132,-103,oddsapi
2026-10-07T21:00:07Z,2026-10-07,COL @ WPG,c8c270e79cd56ca57baa21a49a0d1d9d,team_total_alt,under,WPG,2.5,betrivers,-103,-132,oddsapi
2026-10-07T21:00:07Z,2026-10-07,COL @ WPG,c8c270e79cd56ca57baa21a49a0d1d9d,team_total_alt,over,WPG,3.5,betrivers,180,-265,oddsapi
2026-10-07T21:00:07Z,2026-10-07,COL @ WPG,c8c270e79cd56ca57baa21a49a0d1d9d,team_total_alt,under,WPG,3.5,betrivers,-265,180,oddsapi
2026-10-07T21:00:07Z,2026-10-07,COL @ WPG,c8c270e79cd56ca57baa21a49a0d1d9d,team_total_alt,over,WPG,1.5,betrivers,-400,265,oddsapi
2026-10-07T21:00:07Z,2026-10-07,COL @ WPG,c8c270e79cd56ca57baa21a49a0d1d9d,team_total_alt,under,WPG,1.5,betrivers,265,-400,oddsapi
2026-10-07T21:00:07Z,2026-10-07,COL @ WPG,c8c270e79cd56ca57baa21a49a0d1d9d,game_ml3,COL,,,betrivers,-130,,oddsapi
2026-10-07T21:00:07Z,2026-10-07,COL @ WPG,c8c270e79cd56ca57baa21a49a0d1d9d,game_ml3,WPG,,,betrivers,280,,oddsapi
2026-10-07T21:00:07Z,2026-10-07,COL @ WPG,c8c270e79cd56ca57baa21a49a0d1d9d,game_ml3,draw,,,betrivers,335,,oddsapi
2026-10-07T21:00:07Z,2026-10-07,COL @ WPG,c8c270e79cd56ca57baa21a49a0d1d9d,p1_ml3,COL,,,betrivers,125,,oddsapi
2026-10-07T21:00:07Z,2026-10-07,COL @ WPG,c8c270e79cd56ca57baa21a49a0d1d9d,p1_ml3,WPG,,,betrivers,230,,oddsapi
2026-10-07T21:00:07Z,2026-10-07,COL @ WPG,c8c270e79cd56ca57baa21a49a0d1d9d,p1_ml3,draw,,,betrivers,205,,oddsapi
2026-10-07T21:00:07Z,2026-10-07,COL @ WPG,c8c270e79cd56ca57baa21a49a0d1d9d,p2_ml3,COL,,,betrivers,112,,oddsapi
2026-10-07T21:00:07Z,2026-10-07,COL @ WPG,c8c270e79cd56ca57baa21a49a0d1d9d,p2_ml3,WPG,,,betrivers,240,,oddsapi
2026-10-07T21:00:07Z,2026-10-07,COL @ WPG,c8c270e79cd56ca57baa21a49a0d1d9d,p2_ml3,draw,,,betrivers,225,,oddsapi
2026-10-07T21:00:07Z,2026-10-07,COL @ WPG,c8c270e79cd56ca57baa21a49a0d1d9d,p3_ml3,COL,,,betrivers,108,,oddsapi
2026-10-07T21:00:07Z,2026-10-07,COL @ WPG,c8c270e79cd56ca57baa21a49a0d1d9d,p3_ml3,WPG,,,betrivers,235,,oddsapi
2026-10-07T21:00:07Z,2026-10-07,COL @ WPG,c8c270e79cd56ca57baa21a49a0d1d9d,p3_ml3,draw,,,betrivers,235,,oddsapi
2026-10-07T21:00:07Z,2026-10-07,COL @ WPG,c8c270e79cd56ca57baa21a49a0d1d9d,ags,yes,Artturi Lehkonen,,betrivers,230,,oddsapi
2026-10-07T21:00:07Z,2026-10-07,COL @ WPG,c8c270e79cd56ca57baa21a49a0d1d9d,ags,yes,Nathan MacKinnon,,betrivers,106,,oddsapi
2026-10-07T21:00:07Z,2026-10-07,COL @ WPG,c8c270e79cd56ca57baa21a49a0d1d9d,ags,yes,Jaden Schwartz,,betrivers,370,,oddsapi
2026-10-07T21:00:07Z,2026-10-07,COL @ WPG,c8c270e79cd56ca57baa21a49a0d1d9d,ags,yes,Brock Nelson,,betrivers,230,,oddsapi
2026-10-07T21:00:07Z,2026-10-07,COL @ WPG,c8c270e79cd56ca57baa21a49a0d1d9d,ags,yes,Devon Toews,,betrivers,575,,oddsapi
2026-10-07T21:00:07Z,2026-10-07,COL @ WPG,c8c270e79cd56ca57baa21a49a0d1d9d,ags,yes,Josh Manson,,betrivers,850,,oddsapi
2026-10-07T21:00:07Z,2026-10-07,COL @ WPG,c8c270e79cd56ca57baa21a49a0d1d9d,ags,yes,Cole Koepke,,betrivers,650,,oddsapi
2026-10-07T21:00:07Z,2026-10-07,COL @ WPG,c8c270e79cd56ca57baa21a49a0d1d9d,ags,yes,Nicolas Roy,,betrivers,525,,oddsapi
2026-10-07T21:00:07Z,2026-10-07,COL @ WPG,c8c270e79cd56ca57baa21a49a0d1d9d,ags,yes,Nazem Kadri,,betrivers,235,,oddsapi
2026-10-07T21:00:07Z,2026-10-07,COL @ WPG,c8c270e79cd56ca57baa21a49a0d1d9d,ags,yes,Martin Necas,,betrivers,133,,oddsapi
2026-10-07T21:00:07Z,2026-10-07,COL @ WPG,c8c270e79cd56ca57baa21a49a0d1d9d,ags,yes,Brett Kulak,,betrivers,700,,oddsapi
2026-10-07T21:00:07Z,2026-10-07,COL @ WPG,c8c270e79cd56ca57baa21a49a0d1d9d,ags,yes,Cole Perfetti,,betrivers,265,,oddsapi
2026-10-07T21:00:07Z,2026-10-07,COL @ WPG,c8c270e79cd56ca57baa21a49a0d1d9d,ags,yes,Brent Burns,,betrivers,700,,oddsapi
2026-10-07T21:00:07Z,2026-10-07,COL @ WPG,c8c270e79cd56ca57baa21a49a0d1d9d,ags,yes,Viggo Bjorck,,betrivers,450,,oddsapi
2026-10-07T21:00:07Z,2026-10-07,COL @ WPG,c8c270e79cd56ca57baa21a49a0d1d9d,ags,yes,Kyle Connor,,betrivers,160,,oddsapi
2026-10-07T21:00:07Z,2026-10-07,COL @ WPG,c8c270e79cd56ca57baa21a49a0d1d9d,ags,yes,Vladislav Namestnikov,,betrivers,650,,oddsapi
2026-10-07T21:00:07Z,2026-10-07,COL @ WPG,c8c270e79cd56ca57baa21a49a0d1d9d,ags,yes,Gabriel Landeskog,,betrivers,285,,oddsapi
2026-10-07T21:00:07Z,2026-10-07,COL @ WPG,c8c270e79cd56ca57baa21a49a0d1d9d,ags,yes,Josh Morrissey,,betrivers,600,,oddsapi
2026-10-07T21:00:07Z,2026-10-07,COL @ WPG,c8c270e79cd56ca57baa21a49a0d1d9d,ags,yes,Morgan Barron,,betrivers,750,,oddsapi
2026-10-07T21:00:07Z,2026-10-07,COL @ WPG,c8c270e79cd56ca57baa21a49a0d1d9d,ags,yes,Mark Scheifele,,betrivers,225,,oddsapi
2026-10-07T21:00:07Z,2026-10-07,COL @ WPG,c8c270e79cd56ca57baa21a49a0d1d9d,ags,yes,Fedor Svechkov,,betrivers,600,,oddsapi
2026-10-07T21:00:07Z,2026-10-07,COL @ WPG,c8c270e79cd56ca57baa21a49a0d1d9d,ags,yes,Alex Iafallo,,betrivers,525,,oddsapi
2026-10-07T21:00:07Z,2026-10-07,COL @ WPG,c8c270e79cd56ca57baa21a49a0d1d9d,ags,yes,Brad Lambert,,betrivers,600,,oddsapi
2026-10-07T21:00:07Z,2026-10-07,COL @ WPG,c8c270e79cd56ca57baa21a49a0d1d9d,ags,yes,Mario Ferraro,,betrivers,900,,oddsapi
2026-10-07T21:00:07Z,2026-10-07,COL @ WPG,c8c270e79cd56ca57baa21a49a0d1d9d,ags,yes,Cale Makar,,betrivers,335,,oddsapi
2026-10-07T21:00:07Z,2026-10-07,COL @ WPG,c8c270e79cd56ca57baa21a49a0d1d9d,ags,yes,Jack St. Ivany,,betrivers,650,,oddsapi
2026-10-07T21:00:07Z,2026-10-07,COL @ WPG,c8c270e79cd56ca57baa21a49a0d1d9d,ags,yes,Sam Malinski,,betrivers,700,,oddsapi
2026-10-07T21:00:07Z,2026-10-07,COL @ WPG,c8c270e79cd56ca57baa21a49a0d1d9d,ags,yes,Dylan DeMelo,,betrivers,850,,oddsapi
2026-10-07T21:00:07Z,2026-10-07,COL @ WPG,c8c270e79cd56ca57baa21a49a0d1d9d,ags,yes,Dylan Samberg,,betrivers,750,,oddsapi
2026-10-07T21:00:07Z,2026-10-07,COL @ WPG,c8c270e79cd56ca57baa21a49a0d1d9d,ags,yes,Gabriel Vilardi,,betrivers,250,,oddsapi
2026-10-07T21:00:07Z,2026-10-07,COL @ WPG,c8c270e79cd56ca57baa21a49a0d1d9d,ags,yes,Neal Pionk,,betrivers,700,,oddsapi
2026-10-07T21:00:07Z,2026-10-07,COL @ WPG,c8c270e79cd56ca57baa21a49a0d1d9d,ags,yes,Parker Kelly,,betrivers,550,,oddsapi
2026-10-07T21:00:07Z,2026-10-07,COL @ WPG,c8c270e79cd56ca57baa21a49a0d1d9d,ags,yes,T.J. Hughes,,betrivers,450,,oddsapi
2026-10-07T21:00:07Z,2026-10-07,COL @ WPG,c8c270e79cd56ca57baa21a49a0d1d9d,ags,yes,Isak Rosen,,betrivers,510,,oddsapi
2026-10-07T21:00:07Z,2026-10-07,COL @ WPG,c8c270e79cd56ca57baa21a49a0d1d9d,ags,yes,Adam Lowry,,betrivers,575,,oddsapi
2026-10-07T21:00:07Z,2026-10-07,COL @ WPG,c8c270e79cd56ca57baa21a49a0d1d9d,fgs,yes,Gabriel Vilardi,,betrivers,1100,,oddsapi
2026-10-07T21:00:07Z,2026-10-07,COL @ WPG,c8c270e79cd56ca57baa21a49a0d1d9d,fgs,yes,Dylan DeMelo,,betrivers,3500,,oddsapi
2026-10-07T21:00:07Z,2026-10-07,COL @ WPG,c8c270e79cd56ca57baa21a49a0d1d9d,fgs,yes,Viggo Bjorck,,betrivers,1900,,oddsapi
2026-10-07T21:00:07Z,2026-10-07,COL @ WPG,c8c270e79cd56ca57baa21a49a0d1d9d,fgs,yes,Jack St. Ivany,,betrivers,3000,,oddsapi
2026-10-07T21:00:07Z,2026-10-07,COL @ WPG,c8c270e79cd56ca57baa21a49a0d1d9d,fgs,yes,Cale Makar,,betrivers,1400,,oddsapi
2026-10-07T21:00:07Z,2026-10-07,COL @ WPG,c8c270e79cd56ca57baa21a49a0d1d9d,fgs,yes,Devon Toews,,betrivers,2500,,oddsapi
2026-10-07T21:00:07Z,2026-10-07,COL @ WPG,c8c270e79cd56ca57baa21a49a0d1d9d,fgs,yes,Brett Kulak,,betrivers,3400,,oddsapi
2026-10-07T21:00:07Z,2026-10-07,COL @ WPG,c8c270e79cd56ca57baa21a49a0d1d9d,fgs,yes,Morgan Barron,,betrivers,2900,,oddsapi
2026-10-07T21:00:07Z,2026-10-07,COL @ WPG,c8c270e79cd56ca57baa21a49a0d1d9d,fgs,yes,Vladislav Namestnikov,,betrivers,2500,,oddsapi
2026-10-07T21:00:07Z,2026-10-07,COL @ WPG,c8c270e79cd56ca57baa21a49a0d1d9d,fgs,yes,Fedor Svechkov,,betrivers,2500,,oddsapi
2026-10-07T21:00:07Z,2026-10-07,COL @ WPG,c8c270e79cd56ca57baa21a49a0d1d9d,fgs,yes,Cole Perfetti,,betrivers,1100,,oddsapi
2026-10-07T21:00:07Z,2026-10-07,COL @ WPG,c8c270e79cd56ca57baa21a49a0d1d9d,fgs,yes,Brent Burns,,betrivers,3000,,oddsapi
2026-10-07T21:00:07Z,2026-10-07,COL @ WPG,c8c270e79cd56ca57baa21a49a0d1d9d,fgs,yes,Nicolas Roy,,betrivers,2200,,oddsapi
2026-10-07T21:00:07Z,2026-10-07,COL @ WPG,c8c270e79cd56ca57baa21a49a0d1d9d,fgs,yes,Kyle Connor,,betrivers,750,,oddsapi
2026-10-07T21:00:07Z,2026-10-07,COL @ WPG,c8c270e79cd56ca57baa21a49a0d1d9d,fgs,yes,Parker Kelly,,betrivers,2400,,oddsapi
2026-10-07T21:00:07Z,2026-10-07,COL @ WPG,c8c270e79cd56ca57baa21a49a0d1d9d,fgs,yes,Mark Scheifele,,betrivers,1050,,oddsapi
2026-10-07T21:00:07Z,2026-10-07,COL @ WPG,c8c270e79cd56ca57baa21a49a0d1d9d,fgs,yes,Brad Lambert,,betrivers,2400,,oddsapi
2026-10-07T21:00:07Z,2026-10-07,COL @ WPG,c8c270e79cd56ca57baa21a49a0d1d9d,fgs,yes,Martin Necas,,betrivers,700,,oddsapi
2026-10-07T21:00:07Z,2026-10-07,COL @ WPG,c8c270e79cd56ca57baa21a49a0d1d9d,fgs,yes,Sam Malinski,,betrivers,3000,,oddsapi
2026-10-07T21:00:07Z,2026-10-07,COL @ WPG,c8c270e79cd56ca57baa21a49a0d1d9d,fgs,yes,Nazem Kadri,,betrivers,1150,,oddsapi
2026-10-07T21:00:07Z,2026-10-07,COL @ WPG,c8c270e79cd56ca57baa21a49a0d1d9d,fgs,yes,Isak Rosen,,betrivers,2200,,oddsapi
2026-10-07T21:00:07Z,2026-10-07,COL @ WPG,c8c270e79cd56ca57baa21a49a0d1d9d,fgs,yes,Nathan MacKinnon,,betrivers,575,,oddsapi
2026-10-07T21:00:07Z,2026-10-07,COL @ WPG,c8c270e79cd56ca57baa21a49a0d1d9d,fgs,yes,Josh Morrissey,,betrivers,2500,,oddsapi
2026-10-07T21:00:07Z,2026-10-07,COL @ WPG,c8c270e79cd56ca57baa21a49a0d1d9d,fgs,yes,Neal Pionk,,betrivers,2900,,oddsapi
2026-10-07T21:00:07Z,2026-10-07,COL @ WPG,c8c270e79cd56ca57baa21a49a0d1d9d,fgs,yes,Cole Koepke,,betrivers,2900,,oddsapi
2026-10-07T21:00:07Z,2026-10-07,COL @ WPG,c8c270e79cd56ca57baa21a49a0d1d9d,fgs,yes,Josh Manson,,betrivers,3500,,oddsapi
2026-10-07T21:00:07Z,2026-10-07,COL @ WPG,c8c270e79cd56ca57baa21a49a0d1d9d,fgs,yes,Artturi Lehkonen,,betrivers,1100,,oddsapi
2026-10-07T21:00:07Z,2026-10-07,COL @ WPG,c8c270e79cd56ca57baa21a49a0d1d9d,fgs,yes,Dylan Samberg,,betrivers,3000,,oddsapi
2026-10-07T21:00:07Z,2026-10-07,COL @ WPG,c8c270e79cd56ca57baa21a49a0d1d9d,fgs,yes,T.J. Hughes,,betrivers,2000,,oddsapi
2026-10-07T21:00:07Z,2026-10-07,COL @ WPG,c8c270e79cd56ca57baa21a49a0d1d9d,fgs,yes,Gabriel Landeskog,,betrivers,1300,,oddsapi
2026-10-07T21:00:07Z,2026-10-07,COL @ WPG,c8c270e79cd56ca57baa21a49a0d1d9d,fgs,yes,Adam Lowry,,betrivers,2500,,oddsapi
2026-10-07T21:00:07Z,2026-10-07,COL @ WPG,c8c270e79cd56ca57baa21a49a0d1d9d,fgs,yes,Brock Nelson,,betrivers,1100,,oddsapi
2026-10-07T21:00:07Z,2026-10-07,COL @ WPG,c8c270e79cd56ca57baa21a49a0d1d9d,fgs,yes,Mario Ferraro,,betrivers,4000,,oddsapi
2026-10-07T21:00:07Z,2026-10-07,COL @ WPG,c8c270e79cd56ca57baa21a49a0d1d9d,fgs,yes,Jaden Schwartz,,betrivers,1600,,oddsapi
2026-10-07T21:00:07Z,2026-10-07,COL @ WPG,c8c270e79cd56ca57baa21a49a0d1d9d,fgs,yes,Alex Iafallo,,betrivers,2000,,oddsapi
2026-10-07T21:00:07Z,2026-10-07,COL @ WPG,c8c270e79cd56ca57baa21a49a0d1d9d,sk_g,over,Brett Kulak,1.5,betrivers,11000,,oddsapi
2026-10-07T21:00:07Z,2026-10-07,COL @ WPG,c8c270e79cd56ca57baa21a49a0d1d9d,sk_g,over,Alex Iafallo,1.5,betrivers,5000,,oddsapi
2026-10-07T21:00:07Z,2026-10-07,COL @ WPG,c8c270e79cd56ca57baa21a49a0d1d9d,sk_g,over,Nathan MacKinnon,2.5,betrivers,2200,,oddsapi
2026-10-07T21:00:07Z,2026-10-07,COL @ WPG,c8c270e79cd56ca57baa21a49a0d1d9d,sk_g,over,Jaden Schwartz,1.5,betrivers,2900,,oddsapi
2026-10-07T21:00:07Z,2026-10-07,COL @ WPG,c8c270e79cd56ca57baa21a49a0d1d9d,sk_g,over,Nazem Kadri,1.5,betrivers,1400,,oddsapi
2026-10-07T21:00:07Z,2026-10-07,COL @ WPG,c8c270e79cd56ca57baa21a49a0d1d9d,sk_g,over,Devon Toews,1.5,betrivers,6600,,oddsapi
2026-10-07T21:00:07Z,2026-10-07,COL @ WPG,c8c270e79cd56ca57baa21a49a0d1d9d,sk_g,over,Gabriel Landeskog,2.5,betrivers,14000,,oddsapi
2026-10-07T21:00:07Z,2026-10-07,COL @ WPG,c8c270e79cd56ca57baa21a49a0d1d9d,sk_g,over,Dylan DeMelo,1.5,betrivers,14000,,oddsapi
2026-10-07T21:00:07Z,2026-10-07,COL @ WPG,c8c270e79cd56ca57baa21a49a0d1d9d,sk_g,over,Mark Scheifele,1.5,betrivers,1300,,oddsapi
2026-10-07T21:00:07Z,2026-10-07,COL @ WPG,c8c270e79cd56ca57baa21a49a0d1d9d,sk_g,over,Nicolas Roy,1.5,betrivers,5000,,oddsapi
2026-10-07T21:00:07Z,2026-10-07,COL @ WPG,c8c270e79cd56ca57baa21a49a0d1d9d,sk_g,over,Fedor Svechkov,1.5,betrivers,7500,,oddsapi
2026-10-07T21:00:07Z,2026-10-07,COL @ WPG,c8c270e79cd56ca57baa21a49a0d1d9d,sk_g,over,Dylan Samberg,1.5,betrivers,11000,,oddsapi
2026-10-07T21:00:07Z,2026-10-07,COL @ WPG,c8c270e79cd56ca57baa21a49a0d1d9d,sk_g,over,Cale Makar,1.5,betrivers,2400,,oddsapi
2026-10-07T21:00:07Z,2026-10-07,COL @ WPG,c8c270e79cd56ca57baa21a49a0d1d9d,sk_g,over,Sam Malinski,1.5,betrivers,9000,,oddsapi
2026-10-07T21:00:07Z,2026-10-07,COL @ WPG,c8c270e79cd56ca57baa21a49a0d1d9d,sk_g,over,T.J. Hughes,1.5,betrivers,4000,,oddsapi
2026-10-07T21:00:07Z,2026-10-07,COL @ WPG,c8c270e79cd56ca57baa21a49a0d1d9d,sk_g,over,Parker Kelly,1.5,betrivers,6600,,oddsapi
2026-10-07T21:00:07Z,2026-10-07,COL @ WPG,c8c270e79cd56ca57baa21a49a0d1d9d,sk_g,over,Kyle Connor,2.5,betrivers,4000,,oddsapi
2026-10-07T21:00:07Z,2026-10-07,COL @ WPG,c8c270e79cd56ca57baa21a49a0d1d9d,sk_g,over,Josh Manson,1.5,betrivers,14000,,oddsapi
2026-10-07T21:00:07Z,2026-10-07,COL @ WPG,c8c270e79cd56ca57baa21a49a0d1d9d,sk_g,over,Brock Nelson,1.5,betrivers,1400,,oddsapi
2026-10-07T21:00:07Z,2026-10-07,COL @ WPG,c8c270e79cd56ca57baa21a49a0d1d9d,sk_g,over,Josh Morrissey,1.5,betrivers,7000,,oddsapi
2026-10-07T21:00:07Z,2026-10-07,COL @ WPG,c8c270e79cd56ca57baa21a49a0d1d9d,sk_g,over,Artturi Lehkonen,2.5,betrivers,8000,,oddsapi
2026-10-07T21:00:07Z,2026-10-07,COL @ WPG,c8c270e79cd56ca57baa21a49a0d1d9d,sk_g,over,Brad Lambert,1.5,betrivers,6600,,oddsapi
2026-10-07T21:00:07Z,2026-10-07,COL @ WPG,c8c270e79cd56ca57baa21a49a0d1d9d,sk_g,over,Gabriel Vilardi,1.5,betrivers,1500,,oddsapi
2026-10-07T21:00:07Z,2026-10-07,COL @ WPG,c8c270e79cd56ca57baa21a49a0d1d9d,sk_g,over,Brent Burns,1.5,betrivers,10000,,oddsapi
2026-10-07T21:00:07Z,2026-10-07,COL @ WPG,c8c270e79cd56ca57baa21a49a0d1d9d,sk_g,over,Viggo Bjorck,1.5,betrivers,4000,,oddsapi
2026-10-07T21:00:07Z,2026-10-07,COL @ WPG,c8c270e79cd56ca57baa21a49a0d1d9d,sk_g,over,Gabriel Landeskog,1.5,betrivers,1900,,oddsapi
2026-10-07T21:00:07Z,2026-10-07,COL @ WPG,c8c270e79cd56ca57baa21a49a0d1d9d,sk_g,over,Martin Necas,2.5,betrivers,3300,,oddsapi
2026-10-07T21:00:07Z,2026-10-07,COL @ WPG,c8c270e79cd56ca57baa21a49a0d1d9d,sk_g,over,Brock Nelson,2.5,betrivers,10000,,oddsapi
2026-10-07T21:00:07Z,2026-10-07,COL @ WPG,c8c270e79cd56ca57baa21a49a0d1d9d,sk_g,over,Morgan Barron,1.5,betrivers,13000,,oddsapi
2026-10-07T21:00:07Z,2026-10-07,COL @ WPG,c8c270e79cd56ca57baa21a49a0d1d9d,sk_g,over,Artturi Lehkonen,1.5,betrivers,1300,,oddsapi
2026-10-07T21:00:07Z,2026-10-07,COL @ WPG,c8c270e79cd56ca57baa21a49a0d1d9d,sk_g,over,Cole Perfetti,2.5,betrivers,15000,,oddsapi
2026-10-07T21:00:07Z,2026-10-07,COL @ WPG,c8c270e79cd56ca57baa21a49a0d1d9d,sk_g,over,Gabriel Vilardi,2.5,betrivers,10000,,oddsapi
2026-10-07T21:00:07Z,2026-10-07,COL @ WPG,c8c270e79cd56ca57baa21a49a0d1d9d,sk_g,over,Nathan MacKinnon,1.5,betrivers,510,,oddsapi
2026-10-07T21:00:07Z,2026-10-07,COL @ WPG,c8c270e79cd56ca57baa21a49a0d1d9d,sk_g,over,Mark Scheifele,2.5,betrivers,9000,,oddsapi
2026-10-07T21:00:07Z,2026-10-07,COL @ WPG,c8c270e79cd56ca57baa21a49a0d1d9d,sk_g,over,Martin Necas,1.5,betrivers,650,,oddsapi
2026-10-07T21:00:07Z,2026-10-07,COL @ WPG,c8c270e79cd56ca57baa21a49a0d1d9d,sk_g,over,Nazem Kadri,2.5,betrivers,10000,,oddsapi
2026-10-07T21:00:07Z,2026-10-07,COL @ WPG,c8c270e79cd56ca57baa21a49a0d1d9d,sk_g,over,Cole Perfetti,1.5,betrivers,1700,,oddsapi
2026-10-07T21:00:07Z,2026-10-07,COL @ WPG,c8c270e79cd56ca57baa21a49a0d1d9d,sk_g,over,Cole Koepke,1.5,betrivers,8000,,oddsapi
2026-10-07T21:00:07Z,2026-10-07,COL @ WPG,c8c270e79cd56ca57baa21a49a0d1d9d,sk_g,over,Isak Rosen,1.5,betrivers,5000,,oddsapi
2026-10-07T21:00:07Z,2026-10-07,COL @ WPG,c8c270e79cd56ca57baa21a49a0d1d9d,sk_g,over,Vladislav Namestnikov,1.5,betrivers,7000,,oddsapi
2026-10-07T21:00:07Z,2026-10-07,COL @ WPG,c8c270e79cd56ca57baa21a49a0d1d9d,sk_g,over,Adam Lowry,1.5,betrivers,6600,,oddsapi
2026-10-07T21:00:07Z,2026-10-07,COL @ WPG,c8c270e79cd56ca57baa21a49a0d1d9d,sk_g,over,Jack St. Ivany,1.5,betrivers,9000,,oddsapi
2026-10-07T21:00:07Z,2026-10-07,COL @ WPG,c8c270e79cd56ca57baa21a49a0d1d9d,sk_g,over,Neal Pionk,1.5,betrivers,10000,,oddsapi
2026-10-07T21:00:07Z,2026-10-07,COL @ WPG,c8c270e79cd56ca57baa21a49a0d1d9d,sk_g,over,Kyle Connor,1.5,betrivers,800,,oddsapi
2026-10-07T21:00:07Z,2026-10-07,COL @ WPG,c8c270e79cd56ca57baa21a49a0d1d9d,p1_total,over,,1.5,betrivers,-167,115,oddsapi
2026-10-07T21:00:07Z,2026-10-07,COL @ WPG,c8c270e79cd56ca57baa21a49a0d1d9d,p1_total,under,,1.5,betrivers,115,-167,oddsapi
2026-10-07T21:00:07Z,2026-10-07,COL @ WPG,c8c270e79cd56ca57baa21a49a0d1d9d,p2_total,over,,1.5,betrivers,-235,160,oddsapi
2026-10-07T21:00:07Z,2026-10-07,COL @ WPG,c8c270e79cd56ca57baa21a49a0d1d9d,p2_total,under,,1.5,betrivers,160,-235,oddsapi
2026-10-07T21:00:07Z,2026-10-07,COL @ WPG,c8c270e79cd56ca57baa21a49a0d1d9d,p3_total,over,,1.5,betrivers,-235,155,oddsapi
2026-10-07T21:00:07Z,2026-10-07,COL @ WPG,c8c270e79cd56ca57baa21a49a0d1d9d,p3_total,under,,1.5,betrivers,155,-235,oddsapi
2026-10-07T21:00:07Z,2026-10-07,COL @ WPG,c8c270e79cd56ca57baa21a49a0d1d9d,p1_ml,COL,,,betonlineag,-155,135,oddsapi
2026-10-07T21:00:07Z,2026-10-07,COL @ WPG,c8c270e79cd56ca57baa21a49a0d1d9d,p1_ml,WPG,,,betonlineag,135,-155,oddsapi
2026-10-07T21:00:07Z,2026-10-07,COL @ WPG,c8c270e79cd56ca57baa21a49a0d1d9d,sk_pts,over,Mark Scheifele,0.5,betonlineag,-189,144,oddsapi
2026-10-07T21:00:07Z,2026-10-07,COL @ WPG,c8c270e79cd56ca57baa21a49a0d1d9d,sk_pts,under,Mark Scheifele,0.5,betonlineag,144,-189,oddsapi
2026-10-07T21:00:07Z,2026-10-07,COL @ WPG,c8c270e79cd56ca57baa21a49a0d1d9d,sk_pts,over,Cole Perfetti,0.5,betonlineag,-114,-114,oddsapi
2026-10-07T21:00:07Z,2026-10-07,COL @ WPG,c8c270e79cd56ca57baa21a49a0d1d9d,sk_pts,under,Cole Perfetti,0.5,betonlineag,-114,-114,oddsapi
2026-10-07T21:00:07Z,2026-10-07,COL @ WPG,c8c270e79cd56ca57baa21a49a0d1d9d,sk_pts,over,Nathan MacKinnon,1.5,betonlineag,109,-141,oddsapi
2026-10-07T21:00:07Z,2026-10-07,COL @ WPG,c8c270e79cd56ca57baa21a49a0d1d9d,sk_pts,under,Nathan MacKinnon,1.5,betonlineag,-141,109,oddsapi
2026-10-07T21:00:07Z,2026-10-07,COL @ WPG,c8c270e79cd56ca57baa21a49a0d1d9d,sk_pts,over,Nazem Kadri,0.5,betonlineag,-123,-104,oddsapi
2026-10-07T21:00:07Z,2026-10-07,COL @ WPG,c8c270e79cd56ca57baa21a49a0d1d9d,sk_pts,under,Nazem Kadri,0.5,betonlineag,-104,-123,oddsapi
2026-10-07T21:00:07Z,2026-10-07,COL @ WPG,c8c270e79cd56ca57baa21a49a0d1d9d,sk_pts,over,Josh Morrissey,0.5,betonlineag,-106,-122,oddsapi
2026-10-07T21:00:07Z,2026-10-07,COL @ WPG,c8c270e79cd56ca57baa21a49a0d1d9d,sk_pts,under,Josh Morrissey,0.5,betonlineag,-122,-106,oddsapi
2026-10-07T21:00:07Z,2026-10-07,COL @ WPG,c8c270e79cd56ca57baa21a49a0d1d9d,sk_pts,over,Artturi Lehkonen,0.5,betonlineag,-119,-109,oddsapi
2026-10-07T21:00:07Z,2026-10-07,COL @ WPG,c8c270e79cd56ca57baa21a49a0d1d9d,sk_pts,under,Artturi Lehkonen,0.5,betonlineag,-109,-119,oddsapi
2026-10-07T21:00:07Z,2026-10-07,COL @ WPG,c8c270e79cd56ca57baa21a49a0d1d9d,sk_pts,over,Gabriel Vilardi,0.5,betonlineag,-111,-116,oddsapi
2026-10-07T21:00:07Z,2026-10-07,COL @ WPG,c8c270e79cd56ca57baa21a49a0d1d9d,sk_pts,under,Gabriel Vilardi,0.5,betonlineag,-116,-111,oddsapi
2026-10-07T21:00:07Z,2026-10-07,COL @ WPG,c8c270e79cd56ca57baa21a49a0d1d9d,sk_pts,over,Martin Necas,1.5,betonlineag,161,-213,oddsapi
2026-10-07T21:00:07Z,2026-10-07,COL @ WPG,c8c270e79cd56ca57baa21a49a0d1d9d,sk_pts,under,Martin Necas,1.5,betonlineag,-213,161,oddsapi
2026-10-07T21:00:07Z,2026-10-07,COL @ WPG,c8c270e79cd56ca57baa21a49a0d1d9d,sk_pts,over,Brock Nelson,0.5,betonlineag,-105,-123,oddsapi
2026-10-07T21:00:07Z,2026-10-07,COL @ WPG,c8c270e79cd56ca57baa21a49a0d1d9d,sk_pts,under,Brock Nelson,0.5,betonlineag,-123,-105,oddsapi
2026-10-07T21:00:07Z,2026-10-07,COL @ WPG,c8c270e79cd56ca57baa21a49a0d1d9d,sk_pts,over,Viggo Bjorck,0.5,betonlineag,164,-217,oddsapi
2026-10-07T21:00:07Z,2026-10-07,COL @ WPG,c8c270e79cd56ca57baa21a49a0d1d9d,sk_pts,under,Viggo Bjorck,0.5,betonlineag,-217,164,oddsapi
2026-10-07T21:00:07Z,2026-10-07,COL @ WPG,c8c270e79cd56ca57baa21a49a0d1d9d,sk_pts,over,Devon Toews,0.5,betonlineag,120,-156,oddsapi
2026-10-07T21:00:07Z,2026-10-07,COL @ WPG,c8c270e79cd56ca57baa21a49a0d1d9d,sk_pts,under,Devon Toews,0.5,betonlineag,-156,120,oddsapi
2026-10-07T21:00:07Z,2026-10-07,COL @ WPG,c8c270e79cd56ca57baa21a49a0d1d9d,sk_pts,over,T.J. Hughes,0.5,betonlineag,130,-169,oddsapi
2026-10-07T21:00:07Z,2026-10-07,COL @ WPG,c8c270e79cd56ca57baa21a49a0d1d9d,sk_pts,under,T.J. Hughes,0.5,betonlineag,-169,130,oddsapi
2026-10-07T21:00:07Z,2026-10-07,COL @ WPG,c8c270e79cd56ca57baa21a49a0d1d9d,sk_pts,over,Gabriel Landeskog,0.5,betonlineag,106,-137,oddsapi
2026-10-07T21:00:07Z,2026-10-07,COL @ WPG,c8c270e79cd56ca57baa21a49a0d1d9d,sk_pts,under,Gabriel Landeskog,0.5,betonlineag,-137,106,oddsapi
2026-10-07T21:00:07Z,2026-10-07,COL @ WPG,c8c270e79cd56ca57baa21a49a0d1d9d,sk_pts,over,Kyle Connor,0.5,betonlineag,-196,148,oddsapi
2026-10-07T21:00:07Z,2026-10-07,COL @ WPG,c8c270e79cd56ca57baa21a49a0d1d9d,sk_pts,under,Kyle Connor,0.5,betonlineag,148,-196,oddsapi
2026-10-07T21:00:07Z,2026-10-07,COL @ WPG,c8c270e79cd56ca57baa21a49a0d1d9d,sk_pts,over,Cale Makar,1.5,betonlineag,186,-250,oddsapi
2026-10-07T21:00:07Z,2026-10-07,COL @ WPG,c8c270e79cd56ca57baa21a49a0d1d9d,sk_pts,under,Cale Makar,1.5,betonlineag,-250,186,oddsapi
2026-10-07T21:00:07Z,2026-10-07,COL @ WPG,c8c270e79cd56ca57baa21a49a0d1d9d,sk_sog,over,Josh Morrissey,1.5,betonlineag,-164,126,oddsapi
2026-10-07T21:00:07Z,2026-10-07,COL @ WPG,c8c270e79cd56ca57baa21a49a0d1d9d,sk_sog,under,Josh Morrissey,1.5,betonlineag,126,-164,oddsapi
2026-10-07T21:00:07Z,2026-10-07,COL @ WPG,c8c270e79cd56ca57baa21a49a0d1d9d,sk_sog,over,Cale Makar,2.5,betonlineag,104,-135,oddsapi
2026-10-07T21:00:07Z,2026-10-07,COL @ WPG,c8c270e79cd56ca57baa21a49a0d1d9d,sk_sog,under,Cale Makar,2.5,betonlineag,-135,104,oddsapi
2026-10-07T21:00:07Z,2026-10-07,COL @ WPG,c8c270e79cd56ca57baa21a49a0d1d9d,sk_sog,over,Gabriel Landeskog,1.5,betonlineag,-152,116,oddsapi
2026-10-07T21:00:07Z,2026-10-07,COL @ WPG,c8c270e79cd56ca57baa21a49a0d1d9d,sk_sog,under,Gabriel Landeskog,1.5,betonlineag,116,-152,oddsapi
2026-10-07T21:00:07Z,2026-10-07,COL @ WPG,c8c270e79cd56ca57baa21a49a0d1d9d,sk_sog,over,Kyle Connor,3.5,betonlineag,110,-143,oddsapi
2026-10-07T21:00:07Z,2026-10-07,COL @ WPG,c8c270e79cd56ca57baa21a49a0d1d9d,sk_sog,under,Kyle Connor,3.5,betonlineag,-143,110,oddsapi
2026-10-07T21:00:07Z,2026-10-07,COL @ WPG,c8c270e79cd56ca57baa21a49a0d1d9d,sk_sog,over,Mark Scheifele,1.5,betonlineag,-169,130,oddsapi
2026-10-07T21:00:07Z,2026-10-07,COL @ WPG,c8c270e79cd56ca57baa21a49a0d1d9d,sk_sog,under,Mark Scheifele,1.5,betonlineag,130,-169,oddsapi
2026-10-07T21:00:07Z,2026-10-07,COL @ WPG,c8c270e79cd56ca57baa21a49a0d1d9d,sk_sog,over,Cole Perfetti,2.5,betonlineag,126,-164,oddsapi
2026-10-07T21:00:07Z,2026-10-07,COL @ WPG,c8c270e79cd56ca57baa21a49a0d1d9d,sk_sog,under,Cole Perfetti,2.5,betonlineag,-164,126,oddsapi
2026-10-07T21:00:07Z,2026-10-07,COL @ WPG,c8c270e79cd56ca57baa21a49a0d1d9d,sk_sog,over,Nazem Kadri,2.5,betonlineag,115,-149,oddsapi
2026-10-07T21:00:07Z,2026-10-07,COL @ WPG,c8c270e79cd56ca57baa21a49a0d1d9d,sk_sog,under,Nazem Kadri,2.5,betonlineag,-149,115,oddsapi
2026-10-07T21:00:07Z,2026-10-07,COL @ WPG,c8c270e79cd56ca57baa21a49a0d1d9d,sk_sog,over,Nathan MacKinnon,3.5,betonlineag,-125,-103,oddsapi
2026-10-07T21:00:07Z,2026-10-07,COL @ WPG,c8c270e79cd56ca57baa21a49a0d1d9d,sk_sog,under,Nathan MacKinnon,3.5,betonlineag,-103,-125,oddsapi
2026-10-07T21:00:07Z,2026-10-07,COL @ WPG,c8c270e79cd56ca57baa21a49a0d1d9d,sk_sog,over,Artturi Lehkonen,1.5,betonlineag,-149,115,oddsapi
2026-10-07T21:00:07Z,2026-10-07,COL @ WPG,c8c270e79cd56ca57baa21a49a0d1d9d,sk_sog,under,Artturi Lehkonen,1.5,betonlineag,115,-149,oddsapi
2026-10-07T21:00:07Z,2026-10-07,COL @ WPG,c8c270e79cd56ca57baa21a49a0d1d9d,sk_sog,over,Gabriel Vilardi,1.5,betonlineag,-133,103,oddsapi
2026-10-07T21:00:07Z,2026-10-07,COL @ WPG,c8c270e79cd56ca57baa21a49a0d1d9d,sk_sog,under,Gabriel Vilardi,1.5,betonlineag,103,-133,oddsapi
2026-10-07T21:00:07Z,2026-10-07,COL @ WPG,c8c270e79cd56ca57baa21a49a0d1d9d,sk_sog,over,Brock Nelson,1.5,betonlineag,-149,115,oddsapi
2026-10-07T21:00:07Z,2026-10-07,COL @ WPG,c8c270e79cd56ca57baa21a49a0d1d9d,sk_sog,under,Brock Nelson,1.5,betonlineag,115,-149,oddsapi
2026-10-07T21:00:07Z,2026-10-07,COL @ WPG,c8c270e79cd56ca57baa21a49a0d1d9d,sk_sog,over,Martin Necas,2.5,betonlineag,-125,-103,oddsapi
2026-10-07T21:00:07Z,2026-10-07,COL @ WPG,c8c270e79cd56ca57baa21a49a0d1d9d,sk_sog,under,Martin Necas,2.5,betonlineag,-103,-125,oddsapi
2026-10-07T21:00:07Z,2026-10-07,COL @ WPG,c8c270e79cd56ca57baa21a49a0d1d9d,sk_sog,over,T.J. Hughes,1.5,betonlineag,-143,110,oddsapi
2026-10-07T21:00:07Z,2026-10-07,COL @ WPG,c8c270e79cd56ca57baa21a49a0d1d9d,sk_sog,under,T.J. Hughes,1.5,betonlineag,110,-143,oddsapi
2026-10-07T21:00:07Z,2026-10-07,COL @ WPG,c8c270e79cd56ca57baa21a49a0d1d9d,sk_sog,over,Sam Malinski,1.5,betonlineag,-120,-108,oddsapi
2026-10-07T21:00:07Z,2026-10-07,COL @ WPG,c8c270e79cd56ca57baa21a49a0d1d9d,sk_sog,under,Sam Malinski,1.5,betonlineag,-108,-120,oddsapi
2026-10-07T21:00:07Z,2026-10-07,COL @ WPG,c8c270e79cd56ca57baa21a49a0d1d9d,sk_sog,over,Devon Toews,1.5,betonlineag,-102,-127,oddsapi
2026-10-07T21:00:07Z,2026-10-07,COL @ WPG,c8c270e79cd56ca57baa21a49a0d1d9d,sk_sog,under,Devon Toews,1.5,betonlineag,-127,-102,oddsapi
2026-10-07T21:00:07Z,2026-10-07,COL @ WPG,c8c270e79cd56ca57baa21a49a0d1d9d,sk_sog,over,Brent Burns,1.5,betonlineag,-110,-118,oddsapi
2026-10-07T21:00:07Z,2026-10-07,COL @ WPG,c8c270e79cd56ca57baa21a49a0d1d9d,sk_sog,under,Brent Burns,1.5,betonlineag,-118,-110,oddsapi
2026-10-07T21:00:07Z,2026-10-07,COL @ WPG,c8c270e79cd56ca57baa21a49a0d1d9d,g_saves,over,Mackenzie Blackwood,23.5,betonlineag,-116,-111,oddsapi
2026-10-07T21:00:07Z,2026-10-07,COL @ WPG,c8c270e79cd56ca57baa21a49a0d1d9d,g_saves,under,Mackenzie Blackwood,23.5,betonlineag,-111,-116,oddsapi
2026-10-07T21:00:07Z,2026-10-07,COL @ WPG,c8c270e79cd56ca57baa21a49a0d1d9d,g_saves,over,Stuart Skinner,28.5,betonlineag,-105,-123,oddsapi
2026-10-07T21:00:07Z,2026-10-07,COL @ WPG,c8c270e79cd56ca57baa21a49a0d1d9d,g_saves,under,Stuart Skinner,28.5,betonlineag,-123,-105,oddsapi
2026-10-07T21:00:07Z,2026-10-07,COL @ WPG,c8c270e79cd56ca57baa21a49a0d1d9d,p1_pl,COL,,-0.5,betonlineag,140,-160,oddsapi
2026-10-07T21:00:07Z,2026-10-07,COL @ WPG,c8c270e79cd56ca57baa21a49a0d1d9d,p1_pl,WPG,,0.5,betonlineag,-160,140,oddsapi
2026-10-07T21:00:07Z,2026-10-07,COL @ WPG,c8c270e79cd56ca57baa21a49a0d1d9d,team_total,over,COL,3.5,betonlineag,-120,-110,oddsapi
2026-10-07T21:00:07Z,2026-10-07,COL @ WPG,c8c270e79cd56ca57baa21a49a0d1d9d,team_total,under,COL,3.5,betonlineag,-110,-120,oddsapi
2026-10-07T21:00:07Z,2026-10-07,COL @ WPG,c8c270e79cd56ca57baa21a49a0d1d9d,team_total,over,WPG,2.5,betonlineag,-128,-102,oddsapi
2026-10-07T21:00:07Z,2026-10-07,COL @ WPG,c8c270e79cd56ca57baa21a49a0d1d9d,team_total,under,WPG,2.5,betonlineag,-102,-128,oddsapi
2026-10-07T21:00:07Z,2026-10-07,COL @ WPG,c8c270e79cd56ca57baa21a49a0d1d9d,p1_total,over,,1.5,betonlineag,-138,118,oddsapi
2026-10-07T21:00:07Z,2026-10-07,COL @ WPG,c8c270e79cd56ca57baa21a49a0d1d9d,p1_total,under,,1.5,betonlineag,118,-138,oddsapi
2026-10-07T21:00:07Z,2026-10-07,COL @ WPG,c8c270e79cd56ca57baa21a49a0d1d9d,game_ml3,COL,,,fanatics,-125,,oddsapi
2026-10-07T21:00:07Z,2026-10-07,COL @ WPG,c8c270e79cd56ca57baa21a49a0d1d9d,game_ml3,WPG,,,fanatics,235,,oddsapi
2026-10-07T21:00:07Z,2026-10-07,COL @ WPG,c8c270e79cd56ca57baa21a49a0d1d9d,game_ml3,draw,,,fanatics,290,,oddsapi
2026-10-07T21:00:07Z,2026-10-07,COL @ WPG,c8c270e79cd56ca57baa21a49a0d1d9d,ags,yes,Dylan DeMelo,,fanatics,1900,,oddsapi
2026-10-07T21:00:07Z,2026-10-07,COL @ WPG,c8c270e79cd56ca57baa21a49a0d1d9d,ags,yes,Neal Pionk,,fanatics,800,,oddsapi
2026-10-07T21:00:07Z,2026-10-07,COL @ WPG,c8c270e79cd56ca57baa21a49a0d1d9d,ags,yes,Vladislav Namestnikov,,fanatics,525,,oddsapi
2026-10-07T21:00:07Z,2026-10-07,COL @ WPG,c8c270e79cd56ca57baa21a49a0d1d9d,ags,yes,Alex Iafallo,,fanatics,450,,oddsapi
2026-10-07T21:00:07Z,2026-10-07,COL @ WPG,c8c270e79cd56ca57baa21a49a0d1d9d,ags,yes,Gabriel Vilardi,,fanatics,250,,oddsapi
2026-10-07T21:00:07Z,2026-10-07,COL @ WPG,c8c270e79cd56ca57baa21a49a0d1d9d,ags,yes,Adam Lowry,,fanatics,600,,oddsapi
2026-10-07T21:00:07Z,2026-10-07,COL @ WPG,c8c270e79cd56ca57baa21a49a0d1d9d,ags,yes,Morgan Barron,,fanatics,650,,oddsapi
2026-10-07T21:00:07Z,2026-10-07,COL @ WPG,c8c270e79cd56ca57baa21a49a0d1d9d,ags,yes,Josh Morrissey,,fanatics,600,,oddsapi
2026-10-07T21:00:07Z,2026-10-07,COL @ WPG,c8c270e79cd56ca57baa21a49a0d1d9d,ags,yes,Dylan Samberg,,fanatics,2000,,oddsapi
2026-10-07T21:00:07Z,2026-10-07,COL @ WPG,c8c270e79cd56ca57baa21a49a0d1d9d,ags,yes,Mark Scheifele,,fanatics,200,,oddsapi
2026-10-07T21:00:07Z,2026-10-07,COL @ WPG,c8c270e79cd56ca57baa21a49a0d1d9d,ags,yes,Kyle Connor,,fanatics,160,,oddsapi
2026-10-07T21:00:07Z,2026-10-07,COL @ WPG,c8c270e79cd56ca57baa21a49a0d1d9d,ags,yes,Mario Ferraro,,fanatics,1400,,oddsapi
2026-10-07T21:00:07Z,2026-10-07,COL @ WPG,c8c270e79cd56ca57baa21a49a0d1d9d,ags,yes,Isak Rosen,,fanatics,525,,oddsapi
2026-10-07T21:00:07Z,2026-10-07,COL @ WPG,c8c270e79cd56ca57baa21a49a0d1d9d,ags,yes,Tyrel Bauer,,fanatics,2500,,oddsapi
2026-10-07T21:00:07Z,2026-10-07,COL @ WPG,c8c270e79cd56ca57baa21a49a0d1d9d,ags,yes,Brad Lambert,,fanatics,800,,oddsapi
2026-10-07T21:00:07Z,2026-10-07,COL @ WPG,c8c270e79cd56ca57baa21a49a0d1d9d,ags,yes,Cole Perfetti,,fanatics,275,,oddsapi
2026-10-07T21:00:07Z,2026-10-07,COL @ WPG,c8c270e79cd56ca57baa21a49a0d1d9d,ags,yes,Viggo Bjorck,,fanatics,450,,oddsapi
2026-10-07T21:00:07Z,2026-10-07,COL @ WPG,c8c270e79cd56ca57baa21a49a0d1d9d,ags,yes,Devon Toews,,fanatics,650,,oddsapi
2026-10-07T21:00:07Z,2026-10-07,COL @ WPG,c8c270e79cd56ca57baa21a49a0d1d9d,ags,yes,Cale Makar,,fanatics,310,,oddsapi
2026-10-07T21:00:07Z,2026-10-07,COL @ WPG,c8c270e79cd56ca57baa21a49a0d1d9d,ags,yes,Nathan MacKinnon,,fanatics,115,,oddsapi
2026-10-07T21:00:07Z,2026-10-07,COL @ WPG,c8c270e79cd56ca57baa21a49a0d1d9d,ags,yes,Josh Manson,,fanatics,1600,,oddsapi
2026-10-07T21:00:07Z,2026-10-07,COL @ WPG,c8c270e79cd56ca57baa21a49a0d1d9d,ags,yes,Artturi Lehkonen,,fanatics,250,,oddsapi
2026-10-07T21:00:07Z,2026-10-07,COL @ WPG,c8c270e79cd56ca57baa21a49a0d1d9d,ags,yes,Fedor Svechkov,,fanatics,650,,oddsapi
2026-10-07T21:00:07Z,2026-10-07,COL @ WPG,c8c270e79cd56ca57baa21a49a0d1d9d,ags,yes,Brent Burns,,fanatics,1100,,oddsapi
2026-10-07T21:00:07Z,2026-10-07,COL @ WPG,c8c270e79cd56ca57baa21a49a0d1d9d,ags,yes,Martin Necas,,fanatics,130,,oddsapi
2026-10-07T21:00:07Z,2026-10-07,COL @ WPG,c8c270e79cd56ca57baa21a49a0d1d9d,ags,yes,Brock Nelson,,fanatics,230,,oddsapi
2026-10-07T21:00:07Z,2026-10-07,COL @ WPG,c8c270e79cd56ca57baa21a49a0d1d9d,ags,yes,Brett Kulak,,fanatics,2200,,oddsapi
2026-10-07T21:00:07Z,2026-10-07,COL @ WPG,c8c270e79cd56ca57baa21a49a0d1d9d,ags,yes,Nicolas Roy,,fanatics,575,,oddsapi
2026-10-07T21:00:07Z,2026-10-07,COL @ WPG,c8c270e79cd56ca57baa21a49a0d1d9d,ags,yes,Jaden Schwartz,,fanatics,360,,oddsapi
2026-10-07T21:00:07Z,2026-10-07,COL @ WPG,c8c270e79cd56ca57baa21a49a0d1d9d,ags,yes,Nazem Kadri,,fanatics,250,,oddsapi
2026-10-07T21:00:07Z,2026-10-07,COL @ WPG,c8c270e79cd56ca57baa21a49a0d1d9d,ags,yes,Sam Malinski,,fanatics,1000,,oddsapi
2026-10-07T21:00:07Z,2026-10-07,COL @ WPG,c8c270e79cd56ca57baa21a49a0d1d9d,ags,yes,Parker Kelly,,fanatics,575,,oddsapi
2026-10-07T21:00:07Z,2026-10-07,COL @ WPG,c8c270e79cd56ca57baa21a49a0d1d9d,ags,yes,Gabriel Landeskog,,fanatics,275,,oddsapi
2026-10-07T21:00:07Z,2026-10-07,COL @ WPG,c8c270e79cd56ca57baa21a49a0d1d9d,ags,yes,T.J. Hughes,,fanatics,450,,oddsapi
2026-10-07T21:00:07Z,2026-10-07,COL @ WPG,c8c270e79cd56ca57baa21a49a0d1d9d,ags,yes,Cole Koepke,,fanatics,800,,oddsapi
2026-10-07T21:00:07Z,2026-10-07,COL @ WPG,c8c270e79cd56ca57baa21a49a0d1d9d,ags,yes,Jack St. Ivany,,fanatics,1900,,oddsapi
2026-10-07T21:00:07Z,2026-10-07,COL @ WPG,c8c270e79cd56ca57baa21a49a0d1d9d,fgs,yes,Dylan DeMelo,,fanatics,8000,,oddsapi
2026-10-07T21:00:07Z,2026-10-07,COL @ WPG,c8c270e79cd56ca57baa21a49a0d1d9d,fgs,yes,Neal Pionk,,fanatics,3500,,oddsapi
2026-10-07T21:00:07Z,2026-10-07,COL @ WPG,c8c270e79cd56ca57baa21a49a0d1d9d,fgs,yes,Vladislav Namestnikov,,fanatics,2500,,oddsapi
2026-10-07T21:00:07Z,2026-10-07,COL @ WPG,c8c270e79cd56ca57baa21a49a0d1d9d,fgs,yes,Alex Iafallo,,fanatics,2200,,oddsapi
2026-10-07T21:00:07Z,2026-10-07,COL @ WPG,c8c270e79cd56ca57baa21a49a0d1d9d,fgs,yes,Gabriel Vilardi,,fanatics,1300,,oddsapi
2026-10-07T21:00:07Z,2026-10-07,COL @ WPG,c8c270e79cd56ca57baa21a49a0d1d9d,fgs,yes,Adam Lowry,,fanatics,2800,,oddsapi
2026-10-07T21:00:07Z,2026-10-07,COL @ WPG,c8c270e79cd56ca57baa21a49a0d1d9d,fgs,yes,Morgan Barron,,fanatics,3500,,oddsapi
2026-10-07T21:00:07Z,2026-10-07,COL @ WPG,c8c270e79cd56ca57baa21a49a0d1d9d,fgs,yes,Josh Morrissey,,fanatics,2800,,oddsapi
2026-10-07T21:00:07Z,2026-10-07,COL @ WPG,c8c270e79cd56ca57baa21a49a0d1d9d,fgs,yes,Dylan Samberg,,fanatics,8000,,oddsapi
2026-10-07T21:00:07Z,2026-10-07,COL @ WPG,c8c270e79cd56ca57baa21a49a0d1d9d,fgs,yes,Mark Scheifele,,fanatics,1100,,oddsapi
2026-10-07T21:00:07Z,2026-10-07,COL @ WPG,c8c270e79cd56ca57baa21a49a0d1d9d,fgs,yes,Kyle Connor,,fanatics,950,,oddsapi
2026-10-07T21:00:07Z,2026-10-07,COL @ WPG,c8c270e79cd56ca57baa21a49a0d1d9d,fgs,yes,Mario Ferraro,,fanatics,6000,,oddsapi
2026-10-07T21:00:07Z,2026-10-07,COL @ WPG,c8c270e79cd56ca57baa21a49a0d1d9d,fgs,yes,Isak Rosen,,fanatics,2500,,oddsapi
2026-10-07T21:00:07Z,2026-10-07,COL @ WPG,c8c270e79cd56ca57baa21a49a0d1d9d,fgs,yes,Tyrel Bauer,,fanatics,9000,,oddsapi
2026-10-07T21:00:07Z,2026-10-07,COL @ WPG,c8c270e79cd56ca57baa21a49a0d1d9d,fgs,yes,Brad Lambert,,fanatics,3500,,oddsapi
2026-10-07T21:00:07Z,2026-10-07,COL @ WPG,c8c270e79cd56ca57baa21a49a0d1d9d,fgs,yes,Cole Perfetti,,fanatics,1500,,oddsapi
2026-10-07T21:00:07Z,2026-10-07,COL @ WPG,c8c270e79cd56ca57baa21a49a0d1d9d,fgs,yes,Viggo Bjorck,,fanatics,2200,,oddsapi
2026-10-07T21:00:07Z,2026-10-07,COL @ WPG,c8c270e79cd56ca57baa21a49a0d1d9d,fgs,yes,Devon Toews,,fanatics,3000,,oddsapi
2026-10-07T21:00:07Z,2026-10-07,COL @ WPG,c8c270e79cd56ca57baa21a49a0d1d9d,fgs,yes,Cale Makar,,fanatics,1700,,oddsapi
2026-10-07T21:00:07Z,2026-10-07,COL @ WPG,c8c270e79cd56ca57baa21a49a0d1d9d,fgs,yes,Nathan MacKinnon,,fanatics,800,,oddsapi
2026-10-07T21:00:07Z,2026-10-07,COL @ WPG,c8c270e79cd56ca57baa21a49a0d1d9d,fgs,yes,Josh Manson,,fanatics,7000,,oddsapi
2026-10-07T21:00:07Z,2026-10-07,COL @ WPG,c8c270e79cd56ca57baa21a49a0d1d9d,fgs,yes,Artturi Lehkonen,,fanatics,1300,,oddsapi
2026-10-07T21:00:07Z,2026-10-07,COL @ WPG,c8c270e79cd56ca57baa21a49a0d1d9d,fgs,yes,Fedor Svechkov,,fanatics,3000,,oddsapi
2026-10-07T21:00:07Z,2026-10-07,COL @ WPG,c8c270e79cd56ca57baa21a49a0d1d9d,fgs,yes,Brent Burns,,fanatics,5000,,oddsapi
2026-10-07T21:00:07Z,2026-10-07,COL @ WPG,c8c270e79cd56ca57baa21a49a0d1d9d,fgs,yes,Martin Necas,,fanatics,900,,oddsapi
2026-10-07T21:00:07Z,2026-10-07,COL @ WPG,c8c270e79cd56ca57baa21a49a0d1d9d,fgs,yes,Brock Nelson,,fanatics,1500,,oddsapi
2026-10-07T21:00:07Z,2026-10-07,COL @ WPG,c8c270e79cd56ca57baa21a49a0d1d9d,fgs,yes,Brett Kulak,,fanatics,8000,,oddsapi
2026-10-07T21:00:07Z,2026-10-07,COL @ WPG,c8c270e79cd56ca57baa21a49a0d1d9d,fgs,yes,Nicolas Roy,,fanatics,2500,,oddsapi
2026-10-07T21:00:07Z,2026-10-07,COL @ WPG,c8c270e79cd56ca57baa21a49a0d1d9d,fgs,yes,Jaden Schwartz,,fanatics,2200,,oddsapi
2026-10-07T21:00:07Z,2026-10-07,COL @ WPG,c8c270e79cd56ca57baa21a49a0d1d9d,fgs,yes,Nazem Kadri,,fanatics,1500,,oddsapi
2026-10-07T21:00:07Z,2026-10-07,COL @ WPG,c8c270e79cd56ca57baa21a49a0d1d9d,fgs,yes,Sam Malinski,,fanatics,5000,,oddsapi
2026-10-07T21:00:07Z,2026-10-07,COL @ WPG,c8c270e79cd56ca57baa21a49a0d1d9d,fgs,yes,Parker Kelly,,fanatics,3000,,oddsapi
2026-10-07T21:00:07Z,2026-10-07,COL @ WPG,c8c270e79cd56ca57baa21a49a0d1d9d,fgs,yes,Gabriel Landeskog,,fanatics,1500,,oddsapi
2026-10-07T21:00:07Z,2026-10-07,COL @ WPG,c8c270e79cd56ca57baa21a49a0d1d9d,fgs,yes,T.J. Hughes,,fanatics,2200,,oddsapi
2026-10-07T21:00:07Z,2026-10-07,COL @ WPG,c8c270e79cd56ca57baa21a49a0d1d9d,fgs,yes,No 1st Goal,,fanatics,15000,,oddsapi
2026-10-07T21:00:07Z,2026-10-07,COL @ WPG,c8c270e79cd56ca57baa21a49a0d1d9d,fgs,yes,Cole Koepke,,fanatics,3500,,oddsapi
2026-10-07T21:00:07Z,2026-10-07,COL @ WPG,c8c270e79cd56ca57baa21a49a0d1d9d,fgs,yes,Jack St. Ivany,,fanatics,8000,,oddsapi
2026-10-07T21:00:07Z,2026-10-07,COL @ WPG,c8c270e79cd56ca57baa21a49a0d1d9d,team_total,over,COL,2.5,fanatics,-310,225,oddsapi
2026-10-07T21:00:07Z,2026-10-07,COL @ WPG,c8c270e79cd56ca57baa21a49a0d1d9d,team_total,under,COL,2.5,fanatics,225,-310,oddsapi
2026-10-07T21:00:07Z,2026-10-07,COL @ WPG,c8c270e79cd56ca57baa21a49a0d1d9d,team_total,over,WPG,0.5,fanatics,-2200,1000,oddsapi
2026-10-07T21:00:07Z,2026-10-07,COL @ WPG,c8c270e79cd56ca57baa21a49a0d1d9d,team_total,under,WPG,0.5,fanatics,1000,-2200,oddsapi
2026-10-07T21:00:07Z,2026-10-07,COL @ WPG,c8c270e79cd56ca57baa21a49a0d1d9d,game_pl_alt,COL,,-3.5,draftkings,480,-850,oddsapi
2026-10-07T21:00:07Z,2026-10-07,COL @ WPG,c8c270e79cd56ca57baa21a49a0d1d9d,game_pl_alt,COL,,-2.5,draftkings,200,-280,oddsapi
2026-10-07T21:00:07Z,2026-10-07,COL @ WPG,c8c270e79cd56ca57baa21a49a0d1d9d,game_pl_alt,COL,,1.5,draftkings,-475,310,oddsapi
2026-10-07T21:00:07Z,2026-10-07,COL @ WPG,c8c270e79cd56ca57baa21a49a0d1d9d,game_pl_alt,COL,,2.5,draftkings,-950,530,oddsapi
2026-10-07T21:00:07Z,2026-10-07,COL @ WPG,c8c270e79cd56ca57baa21a49a0d1d9d,game_pl_alt,COL,,3.5,draftkings,-3500,1100,oddsapi
2026-10-07T21:00:07Z,2026-10-07,COL @ WPG,c8c270e79cd56ca57baa21a49a0d1d9d,game_pl_alt,WPG,,3.5,draftkings,-850,480,oddsapi
2026-10-07T21:00:07Z,2026-10-07,COL @ WPG,c8c270e79cd56ca57baa21a49a0d1d9d,game_pl_alt,WPG,,2.5,draftkings,-280,200,oddsapi
2026-10-07T21:00:07Z,2026-10-07,COL @ WPG,c8c270e79cd56ca57baa21a49a0d1d9d,game_pl_alt,WPG,,-1.5,draftkings,310,-475,oddsapi
2026-10-07T21:00:07Z,2026-10-07,COL @ WPG,c8c270e79cd56ca57baa21a49a0d1d9d,game_pl_alt,WPG,,-2.5,draftkings,530,-950,oddsapi
2026-10-07T21:00:07Z,2026-10-07,COL @ WPG,c8c270e79cd56ca57baa21a49a0d1d9d,game_pl_alt,WPG,,-3.5,draftkings,1100,-3500,oddsapi
2026-10-07T21:00:07Z,2026-10-07,COL @ WPG,c8c270e79cd56ca57baa21a49a0d1d9d,team_total_alt,over,COL,0.5,draftkings,-10000,1600,oddsapi
2026-10-07T21:00:07Z,2026-10-07,COL @ WPG,c8c270e79cd56ca57baa21a49a0d1d9d,team_total_alt,under,COL,0.5,draftkings,1600,-10000,oddsapi
2026-10-07T21:00:07Z,2026-10-07,COL @ WPG,c8c270e79cd56ca57baa21a49a0d1d9d,team_total_alt,over,COL,1.5,draftkings,-920,510,oddsapi
2026-10-07T21:00:07Z,2026-10-07,COL @ WPG,c8c270e79cd56ca57baa21a49a0d1d9d,team_total_alt,under,COL,1.5,draftkings,510,-920,oddsapi
2026-10-07T21:00:07Z,2026-10-07,COL @ WPG,c8c270e79cd56ca57baa21a49a0d1d9d,team_total_alt,over,COL,2.5,draftkings,-285,205,oddsapi
2026-10-07T21:00:07Z,2026-10-07,COL @ WPG,c8c270e79cd56ca57baa21a49a0d1d9d,team_total_alt,under,COL,2.5,draftkings,205,-285,oddsapi
2026-10-07T21:00:07Z,2026-10-07,COL @ WPG,c8c270e79cd56ca57baa21a49a0d1d9d,team_total_alt,over,COL,3.5,draftkings,-125,-115,oddsapi
2026-10-07T21:00:07Z,2026-10-07,COL @ WPG,c8c270e79cd56ca57baa21a49a0d1d9d,team_total_alt,under,COL,3.5,draftkings,-115,-125,oddsapi
2026-10-07T21:00:07Z,2026-10-07,COL @ WPG,c8c270e79cd56ca57baa21a49a0d1d9d,team_total_alt,over,COL,4.5,draftkings,185,-255,oddsapi
2026-10-07T21:00:07Z,2026-10-07,COL @ WPG,c8c270e79cd56ca57baa21a49a0d1d9d,team_total_alt,under,COL,4.5,draftkings,-255,185,oddsapi
2026-10-07T21:00:07Z,2026-10-07,COL @ WPG,c8c270e79cd56ca57baa21a49a0d1d9d,team_total_alt,over,COL,5.5,draftkings,440,-750,oddsapi
2026-10-07T21:00:07Z,2026-10-07,COL @ WPG,c8c270e79cd56ca57baa21a49a0d1d9d,team_total_alt,under,COL,5.5,draftkings,-750,440,oddsapi
2026-10-07T21:00:07Z,2026-10-07,COL @ WPG,c8c270e79cd56ca57baa21a49a0d1d9d,team_total_alt,over,WPG,0.5,draftkings,-2800,1000,oddsapi
2026-10-07T21:00:07Z,2026-10-07,COL @ WPG,c8c270e79cd56ca57baa21a49a0d1d9d,team_total_alt,under,WPG,0.5,draftkings,1000,-2800,oddsapi
2026-10-07T21:00:07Z,2026-10-07,COL @ WPG,c8c270e79cd56ca57baa21a49a0d1d9d,team_total_alt,over,WPG,1.5,draftkings,-410,275,oddsapi
2026-10-07T21:00:07Z,2026-10-07,COL @ WPG,c8c270e79cd56ca57baa21a49a0d1d9d,team_total_alt,under,WPG,1.5,draftkings,275,-410,oddsapi
2026-10-07T21:00:07Z,2026-10-07,COL @ WPG,c8c270e79cd56ca57baa21a49a0d1d9d,team_total_alt,over,WPG,2.5,draftkings,-140,100,oddsapi
2026-10-07T21:00:07Z,2026-10-07,COL @ WPG,c8c270e79cd56ca57baa21a49a0d1d9d,team_total_alt,under,WPG,2.5,draftkings,100,-140,oddsapi
2026-10-07T21:00:07Z,2026-10-07,COL @ WPG,c8c270e79cd56ca57baa21a49a0d1d9d,team_total_alt,over,WPG,3.5,draftkings,175,-240,oddsapi
2026-10-07T21:00:07Z,2026-10-07,COL @ WPG,c8c270e79cd56ca57baa21a49a0d1d9d,team_total_alt,under,WPG,3.5,draftkings,-240,175,oddsapi
2026-10-07T21:00:07Z,2026-10-07,COL @ WPG,c8c270e79cd56ca57baa21a49a0d1d9d,team_total_alt,over,WPG,4.5,draftkings,380,-615,oddsapi
2026-10-07T21:00:07Z,2026-10-07,COL @ WPG,c8c270e79cd56ca57baa21a49a0d1d9d,team_total_alt,under,WPG,4.5,draftkings,-615,380,oddsapi
2026-10-07T21:00:07Z,2026-10-07,COL @ WPG,c8c270e79cd56ca57baa21a49a0d1d9d,team_total_alt,over,WPG,5.5,draftkings,900,-2200,oddsapi
2026-10-07T21:00:07Z,2026-10-07,COL @ WPG,c8c270e79cd56ca57baa21a49a0d1d9d,team_total_alt,under,WPG,5.5,draftkings,-2200,900,oddsapi
2026-10-07T21:00:07Z,2026-10-07,COL @ WPG,c8c270e79cd56ca57baa21a49a0d1d9d,game_total_alt,over,,3.5,draftkings,-1050,575,oddsapi
2026-10-07T21:00:07Z,2026-10-07,COL @ WPG,c8c270e79cd56ca57baa21a49a0d1d9d,game_total_alt,over,,4.5,draftkings,-550,350,oddsapi
2026-10-07T21:00:07Z,2026-10-07,COL @ WPG,c8c270e79cd56ca57baa21a49a0d1d9d,game_total_alt,over,,5.5,draftkings,-180,140,oddsapi
2026-10-07T21:00:07Z,2026-10-07,COL @ WPG,c8c270e79cd56ca57baa21a49a0d1d9d,game_total_alt,over,,7.5,draftkings,205,-285,oddsapi
2026-10-07T21:00:07Z,2026-10-07,COL @ WPG,c8c270e79cd56ca57baa21a49a0d1d9d,game_total_alt,over,,8.5,draftkings,310,-475,oddsapi
2026-10-07T21:00:07Z,2026-10-07,COL @ WPG,c8c270e79cd56ca57baa21a49a0d1d9d,game_total_alt,over,,9.5,draftkings,700,-1400,oddsapi
2026-10-07T21:00:07Z,2026-10-07,COL @ WPG,c8c270e79cd56ca57baa21a49a0d1d9d,game_total_alt,under,,3.5,draftkings,575,-1050,oddsapi
2026-10-07T21:00:07Z,2026-10-07,COL @ WPG,c8c270e79cd56ca57baa21a49a0d1d9d,game_total_alt,under,,4.5,draftkings,350,-550,oddsapi
2026-10-07T21:00:07Z,2026-10-07,COL @ WPG,c8c270e79cd56ca57baa21a49a0d1d9d,game_total_alt,under,,5.5,draftkings,140,-180,oddsapi
2026-10-07T21:00:07Z,2026-10-07,COL @ WPG,c8c270e79cd56ca57baa21a49a0d1d9d,game_total_alt,under,,7.5,draftkings,-285,205,oddsapi
2026-10-07T21:00:07Z,2026-10-07,COL @ WPG,c8c270e79cd56ca57baa21a49a0d1d9d,game_total_alt,under,,8.5,draftkings,-475,310,oddsapi
2026-10-07T21:00:07Z,2026-10-07,COL @ WPG,c8c270e79cd56ca57baa21a49a0d1d9d,game_total_alt,under,,9.5,draftkings,-1400,700,oddsapi
2026-10-07T21:00:07Z,2026-10-07,COL @ WPG,c8c270e79cd56ca57baa21a49a0d1d9d,game_ml3,COL,,,draftkings,-120,,oddsapi
2026-10-07T21:00:07Z,2026-10-07,COL @ WPG,c8c270e79cd56ca57baa21a49a0d1d9d,game_ml3,WPG,,,draftkings,225,,oddsapi
2026-10-07T21:00:07Z,2026-10-07,COL @ WPG,c8c270e79cd56ca57baa21a49a0d1d9d,game_ml3,draw,,,draftkings,340,,oddsapi
2026-10-07T21:00:07Z,2026-10-07,COL @ WPG,c8c270e79cd56ca57baa21a49a0d1d9d,p1_ml3,COL,,,draftkings,140,,oddsapi
2026-10-07T21:00:07Z,2026-10-07,COL @ WPG,c8c270e79cd56ca57baa21a49a0d1d9d,p1_ml3,WPG,,,draftkings,225,,oddsapi
2026-10-07T21:00:07Z,2026-10-07,COL @ WPG,c8c270e79cd56ca57baa21a49a0d1d9d,p1_ml3,draw,,,draftkings,185,,oddsapi
2026-10-07T21:00:07Z,2026-10-07,COL @ WPG,c8c270e79cd56ca57baa21a49a0d1d9d,p2_ml3,COL,,,draftkings,130,,oddsapi
2026-10-07T21:00:07Z,2026-10-07,COL @ WPG,c8c270e79cd56ca57baa21a49a0d1d9d,p2_ml3,WPG,,,draftkings,210,,oddsapi
2026-10-07T21:00:07Z,2026-10-07,COL @ WPG,c8c270e79cd56ca57baa21a49a0d1d9d,p2_ml3,draw,,,draftkings,215,,oddsapi
2026-10-07T21:00:07Z,2026-10-07,COL @ WPG,c8c270e79cd56ca57baa21a49a0d1d9d,p3_ml3,COL,,,draftkings,105,,oddsapi
2026-10-07T21:00:07Z,2026-10-07,COL @ WPG,c8c270e79cd56ca57baa21a49a0d1d9d,p3_ml3,WPG,,,draftkings,215,,oddsapi
2026-10-07T21:00:07Z,2026-10-07,COL @ WPG,c8c270e79cd56ca57baa21a49a0d1d9d,p3_ml3,draw,,,draftkings,265,,oddsapi
2026-10-07T21:00:07Z,2026-10-07,COL @ WPG,c8c270e79cd56ca57baa21a49a0d1d9d,sk_a,over,Nathan MacKinnon,0.5,draftkings,-180,130,oddsapi
2026-10-07T21:00:07Z,2026-10-07,COL @ WPG,c8c270e79cd56ca57baa21a49a0d1d9d,sk_a,under,Nathan MacKinnon,0.5,draftkings,130,-180,oddsapi
2026-10-07T21:00:07Z,2026-10-07,COL @ WPG,c8c270e79cd56ca57baa21a49a0d1d9d,sk_a,over,Cale Makar,0.5,draftkings,-170,125,oddsapi
2026-10-07T21:00:07Z,2026-10-07,COL @ WPG,c8c270e79cd56ca57baa21a49a0d1d9d,sk_a,under,Cale Makar,0.5,draftkings,125,-170,oddsapi
2026-10-07T21:00:07Z,2026-10-07,COL @ WPG,c8c270e79cd56ca57baa21a49a0d1d9d,sk_a,over,Martin Necas,0.5,draftkings,-130,-105,oddsapi
2026-10-07T21:00:07Z,2026-10-07,COL @ WPG,c8c270e79cd56ca57baa21a49a0d1d9d,sk_a,under,Martin Necas,0.5,draftkings,-105,-130,oddsapi
2026-10-07T21:00:07Z,2026-10-07,COL @ WPG,c8c270e79cd56ca57baa21a49a0d1d9d,sk_a,over,Mark Scheifele,0.5,draftkings,100,-135,oddsapi
2026-10-07T21:00:07Z,2026-10-07,COL @ WPG,c8c270e79cd56ca57baa21a49a0d1d9d,sk_a,under,Mark Scheifele,0.5,draftkings,-135,100,oddsapi
2026-10-07T21:00:07Z,2026-10-07,COL @ WPG,c8c270e79cd56ca57baa21a49a0d1d9d,sk_a,over,Kyle Connor,0.5,draftkings,115,-155,oddsapi
2026-10-07T21:00:07Z,2026-10-07,COL @ WPG,c8c270e79cd56ca57baa21a49a0d1d9d,sk_a,under,Kyle Connor,0.5,draftkings,-155,115,oddsapi
2026-10-07T21:00:07Z,2026-10-07,COL @ WPG,c8c270e79cd56ca57baa21a49a0d1d9d,sk_a,over,Josh Morrissey,0.5,draftkings,120,-160,oddsapi
2026-10-07T21:00:07Z,2026-10-07,COL @ WPG,c8c270e79cd56ca57baa21a49a0d1d9d,sk_a,under,Josh Morrissey,0.5,draftkings,-160,120,oddsapi
2026-10-07T21:00:07Z,2026-10-07,COL @ WPG,c8c270e79cd56ca57baa21a49a0d1d9d,sk_a,over,Nazem Kadri,0.5,draftkings,150,-205,oddsapi
2026-10-07T21:00:07Z,2026-10-07,COL @ WPG,c8c270e79cd56ca57baa21a49a0d1d9d,sk_a,under,Nazem Kadri,0.5,draftkings,-205,150,oddsapi
2026-10-07T21:00:07Z,2026-10-07,COL @ WPG,c8c270e79cd56ca57baa21a49a0d1d9d,sk_a,over,Artturi Lehkonen,0.5,draftkings,155,-210,oddsapi
2026-10-07T21:00:07Z,2026-10-07,COL @ WPG,c8c270e79cd56ca57baa21a49a0d1d9d,sk_a,under,Artturi Lehkonen,0.5,draftkings,-210,155,oddsapi
2026-10-07T21:00:07Z,2026-10-07,COL @ WPG,c8c270e79cd56ca57baa21a49a0d1d9d,sk_a,over,Devon Toews,0.5,draftkings,155,-210,oddsapi
2026-10-07T21:00:07Z,2026-10-07,COL @ WPG,c8c270e79cd56ca57baa21a49a0d1d9d,sk_a,under,Devon Toews,0.5,draftkings,-210,155,oddsapi
2026-10-07T21:00:07Z,2026-10-07,COL @ WPG,c8c270e79cd56ca57baa21a49a0d1d9d,sk_a,over,Gabriel Vilardi,0.5,draftkings,180,-245,oddsapi
2026-10-07T21:00:07Z,2026-10-07,COL @ WPG,c8c270e79cd56ca57baa21a49a0d1d9d,sk_a,under,Gabriel Vilardi,0.5,draftkings,-245,180,oddsapi
2026-10-07T21:00:07Z,2026-10-07,COL @ WPG,c8c270e79cd56ca57baa21a49a0d1d9d,sk_a,over,Brock Nelson,0.5,draftkings,185,-255,oddsapi
2026-10-07T21:00:07Z,2026-10-07,COL @ WPG,c8c270e79cd56ca57baa21a49a0d1d9d,sk_a,under,Brock Nelson,0.5,draftkings,-255,185,oddsapi
2026-10-07T21:00:07Z,2026-10-07,COL @ WPG,c8c270e79cd56ca57baa21a49a0d1d9d,sk_a,over,Cole Perfetti,0.5,draftkings,195,-270,oddsapi
2026-10-07T21:00:07Z,2026-10-07,COL @ WPG,c8c270e79cd56ca57baa21a49a0d1d9d,sk_a,under,Cole Perfetti,0.5,draftkings,-270,195,oddsapi
2026-10-07T21:00:07Z,2026-10-07,COL @ WPG,c8c270e79cd56ca57baa21a49a0d1d9d,sk_a,over,Gabriel Landeskog,0.5,draftkings,215,-295,oddsapi
2026-10-07T21:00:07Z,2026-10-07,COL @ WPG,c8c270e79cd56ca57baa21a49a0d1d9d,sk_a,under,Gabriel Landeskog,0.5,draftkings,-295,215,oddsapi
2026-10-07T21:00:07Z,2026-10-07,COL @ WPG,c8c270e79cd56ca57baa21a49a0d1d9d,sk_a,over,T.J. Hughes,0.5,draftkings,240,-330,oddsapi
2026-10-07T21:00:07Z,2026-10-07,COL @ WPG,c8c270e79cd56ca57baa21a49a0d1d9d,sk_a,under,T.J. Hughes,0.5,draftkings,-330,240,oddsapi
2026-10-07T21:00:07Z,2026-10-07,COL @ WPG,c8c270e79cd56ca57baa21a49a0d1d9d,ags,yes,Nathan MacKinnon,,draftkings,115,,oddsapi
2026-10-07T21:00:07Z,2026-10-07,COL @ WPG,c8c270e79cd56ca57baa21a49a0d1d9d,ags,yes,Martin Necas,,draftkings,145,,oddsapi
2026-10-07T21:00:07Z,2026-10-07,COL @ WPG,c8c270e79cd56ca57baa21a49a0d1d9d,ags,yes,Kyle Connor,,draftkings,155,,oddsapi
2026-10-07T21:00:07Z,2026-10-07,COL @ WPG,c8c270e79cd56ca57baa21a49a0d1d9d,ags,yes,Mark Scheifele,,draftkings,210,,oddsapi
2026-10-07T21:00:07Z,2026-10-07,COL @ WPG,c8c270e79cd56ca57baa21a49a0d1d9d,ags,yes,Brock Nelson,,draftkings,230,,oddsapi
2026-10-07T21:00:07Z,2026-10-07,COL @ WPG,c8c270e79cd56ca57baa21a49a0d1d9d,ags,yes,Nazem Kadri,,draftkings,245,,oddsapi
2026-10-07T21:00:07Z,2026-10-07,COL @ WPG,c8c270e79cd56ca57baa21a49a0d1d9d,ags,yes,Gabriel Vilardi,,draftkings,245,,oddsapi
2026-10-07T21:00:07Z,2026-10-07,COL @ WPG,c8c270e79cd56ca57baa21a49a0d1d9d,ags,yes,Artturi Lehkonen,,draftkings,245,,oddsapi
2026-10-07T21:00:07Z,2026-10-07,COL @ WPG,c8c270e79cd56ca57baa21a49a0d1d9d,ags,yes,Cole Perfetti,,draftkings,270,,oddsapi
2026-10-07T21:00:07Z,2026-10-07,COL @ WPG,c8c270e79cd56ca57baa21a49a0d1d9d,ags,yes,Gabriel Landeskog,,draftkings,290,,oddsapi
2026-10-07T21:00:07Z,2026-10-07,COL @ WPG,c8c270e79cd56ca57baa21a49a0d1d9d,ags,yes,Cale Makar,,draftkings,310,,oddsapi
2026-10-07T21:00:07Z,2026-10-07,COL @ WPG,c8c270e79cd56ca57baa21a49a0d1d9d,ags,yes,Jaden Schwartz,,draftkings,400,,oddsapi
2026-10-07T21:00:07Z,2026-10-07,COL @ WPG,c8c270e79cd56ca57baa21a49a0d1d9d,ags,yes,T.J. Hughes,,draftkings,425,,oddsapi
2026-10-07T21:00:07Z,2026-10-07,COL @ WPG,c8c270e79cd56ca57baa21a49a0d1d9d,ags,yes,Viggo Bjorck,,draftkings,450,,oddsapi
2026-10-07T21:00:07Z,2026-10-07,COL @ WPG,c8c270e79cd56ca57baa21a49a0d1d9d,ags,yes,Alex Iafallo,,draftkings,475,,oddsapi
2026-10-07T21:00:07Z,2026-10-07,COL @ WPG,c8c270e79cd56ca57baa21a49a0d1d9d,ags,yes,Vladislav Namestnikov,,draftkings,500,,oddsapi
2026-10-07T21:00:07Z,2026-10-07,COL @ WPG,c8c270e79cd56ca57baa21a49a0d1d9d,ags,yes,Nicolas Roy,,draftkings,500,,oddsapi
2026-10-07T21:00:07Z,2026-10-07,COL @ WPG,c8c270e79cd56ca57baa21a49a0d1d9d,ags,yes,Isak Rosen,,draftkings,550,,oddsapi
2026-10-07T21:00:07Z,2026-10-07,COL @ WPG,c8c270e79cd56ca57baa21a49a0d1d9d,ags,yes,Adam Lowry,,draftkings,600,,oddsapi
2026-10-07T21:00:07Z,2026-10-07,COL @ WPG,c8c270e79cd56ca57baa21a49a0d1d9d,ags,yes,Josh Morrissey,,draftkings,600,,oddsapi
2026-10-07T21:00:07Z,2026-10-07,COL @ WPG,c8c270e79cd56ca57baa21a49a0d1d9d,ags,yes,Parker Kelly,,draftkings,600,,oddsapi
2026-10-07T21:00:07Z,2026-10-07,COL @ WPG,c8c270e79cd56ca57baa21a49a0d1d9d,ags,yes,Cole Koepke,,draftkings,650,,oddsapi
2026-10-07T21:00:07Z,2026-10-07,COL @ WPG,c8c270e79cd56ca57baa21a49a0d1d9d,ags,yes,Morgan Barron,,draftkings,650,,oddsapi
2026-10-07T21:00:07Z,2026-10-07,COL @ WPG,c8c270e79cd56ca57baa21a49a0d1d9d,ags,yes,Devon Toews,,draftkings,700,,oddsapi
2026-10-07T21:00:07Z,2026-10-07,COL @ WPG,c8c270e79cd56ca57baa21a49a0d1d9d,ags,yes,Fedor Svechkov,,draftkings,700,,oddsapi
2026-10-07T21:00:07Z,2026-10-07,COL @ WPG,c8c270e79cd56ca57baa21a49a0d1d9d,ags,yes,Brad Lambert,,draftkings,850,,oddsapi
2026-10-07T21:00:07Z,2026-10-07,COL @ WPG,c8c270e79cd56ca57baa21a49a0d1d9d,ags,yes,Neal Pionk,,draftkings,850,,oddsapi
2026-10-07T21:00:07Z,2026-10-07,COL @ WPG,c8c270e79cd56ca57baa21a49a0d1d9d,ags,yes,Sam Malinski,,draftkings,950,,oddsapi
2026-10-07T21:00:07Z,2026-10-07,COL @ WPG,c8c270e79cd56ca57baa21a49a0d1d9d,ags,yes,Brent Burns,,draftkings,1000,,oddsapi
2026-10-07T21:00:07Z,2026-10-07,COL @ WPG,c8c270e79cd56ca57baa21a49a0d1d9d,ags,yes,Mario Ferraro,,draftkings,1200,,oddsapi
2026-10-07T21:00:07Z,2026-10-07,COL @ WPG,c8c270e79cd56ca57baa21a49a0d1d9d,ags,yes,Dylan DeMelo,,draftkings,1400,,oddsapi
2026-10-07T21:00:07Z,2026-10-07,COL @ WPG,c8c270e79cd56ca57baa21a49a0d1d9d,ags,yes,Josh Manson,,draftkings,1400,,oddsapi
2026-10-07T21:00:07Z,2026-10-07,COL @ WPG,c8c270e79cd56ca57baa21a49a0d1d9d,ags,yes,Brett Kulak,,draftkings,1700,,oddsapi
2026-10-07T21:00:07Z,2026-10-07,COL @ WPG,c8c270e79cd56ca57baa21a49a0d1d9d,ags,yes,Jack St. Ivany,,draftkings,1800,,oddsapi
2026-10-07T21:00:07Z,2026-10-07,COL @ WPG,c8c270e79cd56ca57baa21a49a0d1d9d,ags,yes,Dylan Samberg,,draftkings,2000,,oddsapi
2026-10-07T21:00:07Z,2026-10-07,COL @ WPG,c8c270e79cd56ca57baa21a49a0d1d9d,fgs,yes,Nathan MacKinnon,,draftkings,950,,oddsapi
2026-10-07T21:00:07Z,2026-10-07,COL @ WPG,c8c270e79cd56ca57baa21a49a0d1d9d,fgs,yes,Martin Necas,,draftkings,1100,,oddsapi
2026-10-07T21:00:07Z,2026-10-07,COL @ WPG,c8c270e79cd56ca57baa21a49a0d1d9d,fgs,yes,Kyle Connor,,draftkings,1100,,oddsapi
2026-10-07T21:00:07Z,2026-10-07,COL @ WPG,c8c270e79cd56ca57baa21a49a0d1d9d,fgs,yes,Mark Scheifele,,draftkings,1400,,oddsapi
2026-10-07T21:00:07Z,2026-10-07,COL @ WPG,c8c270e79cd56ca57baa21a49a0d1d9d,fgs,yes,Gabriel Vilardi,,draftkings,1500,,oddsapi
2026-10-07T21:00:07Z,2026-10-07,COL @ WPG,c8c270e79cd56ca57baa21a49a0d1d9d,fgs,yes,Brock Nelson,,draftkings,1600,,oddsapi
2026-10-07T21:00:07Z,2026-10-07,COL @ WPG,c8c270e79cd56ca57baa21a49a0d1d9d,fgs,yes,Cole Perfetti,,draftkings,1700,,oddsapi
2026-10-07T21:00:07Z,2026-10-07,COL @ WPG,c8c270e79cd56ca57baa21a49a0d1d9d,fgs,yes,Nazem Kadri,,draftkings,1700,,oddsapi
2026-10-07T21:00:07Z,2026-10-07,COL @ WPG,c8c270e79cd56ca57baa21a49a0d1d9d,fgs,yes,Artturi Lehkonen,,draftkings,1700,,oddsapi
2026-10-07T21:00:07Z,2026-10-07,COL @ WPG,c8c270e79cd56ca57baa21a49a0d1d9d,fgs,yes,Gabriel Landeskog,,draftkings,1900,,oddsapi
2026-10-07T21:00:07Z,2026-10-07,COL @ WPG,c8c270e79cd56ca57baa21a49a0d1d9d,fgs,yes,Cale Makar,,draftkings,2000,,oddsapi
2026-10-07T21:00:07Z,2026-10-07,COL @ WPG,c8c270e79cd56ca57baa21a49a0d1d9d,fgs,yes,Jaden Schwartz,,draftkings,2500,,oddsapi
2026-10-07T21:00:07Z,2026-10-07,COL @ WPG,c8c270e79cd56ca57baa21a49a0d1d9d,fgs,yes,Viggo Bjorck,,draftkings,2500,,oddsapi
2026-10-07T21:00:07Z,2026-10-07,COL @ WPG,c8c270e79cd56ca57baa21a49a0d1d9d,fgs,yes,Alex Iafallo,,draftkings,2800,,oddsapi
2026-10-07T21:00:07Z,2026-10-07,COL @ WPG,c8c270e79cd56ca57baa21a49a0d1d9d,fgs,yes,Vladislav Namestnikov,,draftkings,2800,,oddsapi
2026-10-07T21:00:07Z,2026-10-07,COL @ WPG,c8c270e79cd56ca57baa21a49a0d1d9d,fgs,yes,T.J. Hughes,,draftkings,2800,,oddsapi
2026-10-07T21:00:07Z,2026-10-07,COL @ WPG,c8c270e79cd56ca57baa21a49a0d1d9d,fgs,yes,Nicolas Roy,,draftkings,3000,,oddsapi
2026-10-07T21:00:07Z,2026-10-07,COL @ WPG,c8c270e79cd56ca57baa21a49a0d1d9d,fgs,yes,Isak Rosen,,draftkings,3000,,oddsapi
2026-10-07T21:00:07Z,2026-10-07,COL @ WPG,c8c270e79cd56ca57baa21a49a0d1d9d,fgs,yes,Adam Lowry,,draftkings,3000,,oddsapi
2026-10-07T21:00:07Z,2026-10-07,COL @ WPG,c8c270e79cd56ca57baa21a49a0d1d9d,fgs,yes,Cole Koepke,,draftkings,3500,,oddsapi
2026-10-07T21:00:07Z,2026-10-07,COL @ WPG,c8c270e79cd56ca57baa21a49a0d1d9d,fgs,yes,Morgan Barron,,draftkings,3500,,oddsapi
2026-10-07T21:00:07Z,2026-10-07,COL @ WPG,c8c270e79cd56ca57baa21a49a0d1d9d,fgs,yes,Josh Morrissey,,draftkings,3500,,oddsapi
2026-10-07T21:00:07Z,2026-10-07,COL @ WPG,c8c270e79cd56ca57baa21a49a0d1d9d,fgs,yes,Parker Kelly,,draftkings,3500,,oddsapi
2026-10-07T21:00:07Z,2026-10-07,COL @ WPG,c8c270e79cd56ca57baa21a49a0d1d9d,fgs,yes,Fedor Svechkov,,draftkings,3500,,oddsapi
2026-10-07T21:00:07Z,2026-10-07,COL @ WPG,c8c270e79cd56ca57baa21a49a0d1d9d,fgs,yes,Devon Toews,,draftkings,4000,,oddsapi
2026-10-07T21:00:07Z,2026-10-07,COL @ WPG,c8c270e79cd56ca57baa21a49a0d1d9d,fgs,yes,Neal Pionk,,draftkings,4500,,oddsapi
2026-10-07T21:00:07Z,2026-10-07,COL @ WPG,c8c270e79cd56ca57baa21a49a0d1d9d,fgs,yes,Brad Lambert,,draftkings,4500,,oddsapi
2026-10-07T21:00:07Z,2026-10-07,COL @ WPG,c8c270e79cd56ca57baa21a49a0d1d9d,fgs,yes,Sam Malinski,,draftkings,5000,,oddsapi
2026-10-07T21:00:07Z,2026-10-07,COL @ WPG,c8c270e79cd56ca57baa21a49a0d1d9d,fgs,yes,Brent Burns,,draftkings,5500,,oddsapi
2026-10-07T21:00:07Z,2026-10-07,COL @ WPG,c8c270e79cd56ca57baa21a49a0d1d9d,fgs,yes,Mario Ferraro,,draftkings,5500,,oddsapi
2026-10-07T21:00:07Z,2026-10-07,COL @ WPG,c8c270e79cd56ca57baa21a49a0d1d9d,fgs,yes,Jack St. Ivany,,draftkings,7000,,oddsapi
2026-10-07T21:00:07Z,2026-10-07,COL @ WPG,c8c270e79cd56ca57baa21a49a0d1d9d,fgs,yes,Dylan DeMelo,,draftkings,7000,,oddsapi
2026-10-07T21:00:07Z,2026-10-07,COL @ WPG,c8c270e79cd56ca57baa21a49a0d1d9d,fgs,yes,Josh Manson,,draftkings,7000,,oddsapi
2026-10-07T21:00:07Z,2026-10-07,COL @ WPG,c8c270e79cd56ca57baa21a49a0d1d9d,fgs,yes,Dylan Samberg,,draftkings,8000,,oddsapi
2026-10-07T21:00:07Z,2026-10-07,COL @ WPG,c8c270e79cd56ca57baa21a49a0d1d9d,fgs,yes,Brett Kulak,,draftkings,8000,,oddsapi
2026-10-07T21:00:07Z,2026-10-07,COL @ WPG,c8c270e79cd56ca57baa21a49a0d1d9d,lgs,yes,Nathan MacKinnon,,draftkings,800,,oddsapi
2026-10-07T21:00:07Z,2026-10-07,COL @ WPG,c8c270e79cd56ca57baa21a49a0d1d9d,lgs,yes,Martin Necas,,draftkings,900,,oddsapi
2026-10-07T21:00:07Z,2026-10-07,COL @ WPG,c8c270e79cd56ca57baa21a49a0d1d9d,lgs,yes,Kyle Connor,,draftkings,1000,,oddsapi
2026-10-07T21:00:07Z,2026-10-07,COL @ WPG,c8c270e79cd56ca57baa21a49a0d1d9d,lgs,yes,Brock Nelson,,draftkings,1200,,oddsapi
2026-10-07T21:00:07Z,2026-10-07,COL @ WPG,c8c270e79cd56ca57baa21a49a0d1d9d,lgs,yes,Nazem Kadri,,draftkings,1300,,oddsapi
2026-10-07T21:00:07Z,2026-10-07,COL @ WPG,c8c270e79cd56ca57baa21a49a0d1d9d,lgs,yes,Mark Scheifele,,draftkings,1300,,oddsapi
2026-10-07T21:00:07Z,2026-10-07,COL @ WPG,c8c270e79cd56ca57baa21a49a0d1d9d,lgs,yes,Artturi Lehkonen,,draftkings,1400,,oddsapi
2026-10-07T21:00:07Z,2026-10-07,COL @ WPG,c8c270e79cd56ca57baa21a49a0d1d9d,lgs,yes,Gabriel Landeskog,,draftkings,1400,,oddsapi
2026-10-07T21:00:07Z,2026-10-07,COL @ WPG,c8c270e79cd56ca57baa21a49a0d1d9d,lgs,yes,Gabriel Vilardi,,draftkings,1500,,oddsapi
2026-10-07T21:00:07Z,2026-10-07,COL @ WPG,c8c270e79cd56ca57baa21a49a0d1d9d,lgs,yes,Cale Makar,,draftkings,1600,,oddsapi
2026-10-07T21:00:07Z,2026-10-07,COL @ WPG,c8c270e79cd56ca57baa21a49a0d1d9d,lgs,yes,Cole Perfetti,,draftkings,1600,,oddsapi
2026-10-07T21:00:07Z,2026-10-07,COL @ WPG,c8c270e79cd56ca57baa21a49a0d1d9d,lgs,yes,Jaden Schwartz,,draftkings,1800,,oddsapi
2026-10-07T21:00:07Z,2026-10-07,COL @ WPG,c8c270e79cd56ca57baa21a49a0d1d9d,lgs,yes,T.J. Hughes,,draftkings,2000,,oddsapi
2026-10-07T21:00:07Z,2026-10-07,COL @ WPG,c8c270e79cd56ca57baa21a49a0d1d9d,lgs,yes,Nicolas Roy,,draftkings,2000,,oddsapi
2026-10-07T21:00:07Z,2026-10-07,COL @ WPG,c8c270e79cd56ca57baa21a49a0d1d9d,lgs,yes,Viggo Bjorck,,draftkings,2200,,oddsapi
2026-10-07T21:00:07Z,2026-10-07,COL @ WPG,c8c270e79cd56ca57baa21a49a0d1d9d,lgs,yes,Parker Kelly,,draftkings,2200,,oddsapi
2026-10-07T21:00:07Z,2026-10-07,COL @ WPG,c8c270e79cd56ca57baa21a49a0d1d9d,lgs,yes,Alex Iafallo,,draftkings,2200,,oddsapi
2026-10-07T21:00:07Z,2026-10-07,COL @ WPG,c8c270e79cd56ca57baa21a49a0d1d9d,lgs,yes,Vladislav Namestnikov,,draftkings,2500,,oddsapi
2026-10-07T21:00:07Z,2026-10-07,COL @ WPG,c8c270e79cd56ca57baa21a49a0d1d9d,lgs,yes,Isak Rosen,,draftkings,2500,,oddsapi
2026-10-07T21:00:07Z,2026-10-07,COL @ WPG,c8c270e79cd56ca57baa21a49a0d1d9d,lgs,yes,Adam Lowry,,draftkings,2500,,oddsapi
2026-10-07T21:00:07Z,2026-10-07,COL @ WPG,c8c270e79cd56ca57baa21a49a0d1d9d,lgs,yes,Devon Toews,,draftkings,2500,,oddsapi
2026-10-07T21:00:07Z,2026-10-07,COL @ WPG,c8c270e79cd56ca57baa21a49a0d1d9d,lgs,yes,Josh Morrissey,,draftkings,2800,,oddsapi
2026-10-07T21:00:07Z,2026-10-07,COL @ WPG,c8c270e79cd56ca57baa21a49a0d1d9d,lgs,yes,Cole Koepke,,draftkings,2800,,oddsapi
2026-10-07T21:00:07Z,2026-10-07,COL @ WPG,c8c270e79cd56ca57baa21a49a0d1d9d,lgs,yes,Fedor Svechkov,,draftkings,2800,,oddsapi
2026-10-07T21:00:07Z,2026-10-07,COL @ WPG,c8c270e79cd56ca57baa21a49a0d1d9d,lgs,yes,Neal Pionk,,draftkings,3000,,oddsapi
2026-10-07T21:00:07Z,2026-10-07,COL @ WPG,c8c270e79cd56ca57baa21a49a0d1d9d,lgs,yes,Sam Malinski,,draftkings,3000,,oddsapi
2026-10-07T21:00:07Z,2026-10-07,COL @ WPG,c8c270e79cd56ca57baa21a49a0d1d9d,lgs,yes,Brent Burns,,draftkings,3000,,oddsapi
2026-10-07T21:00:07Z,2026-10-07,COL @ WPG,c8c270e79cd56ca57baa21a49a0d1d9d,lgs,yes,Morgan Barron,,draftkings,3000,,oddsapi
2026-10-07T21:00:07Z,2026-10-07,COL @ WPG,c8c270e79cd56ca57baa21a49a0d1d9d,lgs,yes,Brad Lambert,,draftkings,3500,,oddsapi
2026-10-07T21:00:07Z,2026-10-07,COL @ WPG,c8c270e79cd56ca57baa21a49a0d1d9d,lgs,yes,Dylan DeMelo,,draftkings,4500,,oddsapi
2026-10-07T21:00:07Z,2026-10-07,COL @ WPG,c8c270e79cd56ca57baa21a49a0d1d9d,lgs,yes,Josh Manson,,draftkings,4500,,oddsapi
2026-10-07T21:00:07Z,2026-10-07,COL @ WPG,c8c270e79cd56ca57baa21a49a0d1d9d,lgs,yes,Mario Ferraro,,draftkings,4500,,oddsapi
2026-10-07T21:00:07Z,2026-10-07,COL @ WPG,c8c270e79cd56ca57baa21a49a0d1d9d,lgs,yes,Brett Kulak,,draftkings,5000,,oddsapi
2026-10-07T21:00:07Z,2026-10-07,COL @ WPG,c8c270e79cd56ca57baa21a49a0d1d9d,lgs,yes,Jack St. Ivany,,draftkings,5000,,oddsapi
2026-10-07T21:00:07Z,2026-10-07,COL @ WPG,c8c270e79cd56ca57baa21a49a0d1d9d,lgs,yes,Dylan Samberg,,draftkings,6500,,oddsapi
2026-10-07T21:00:07Z,2026-10-07,COL @ WPG,c8c270e79cd56ca57baa21a49a0d1d9d,sk_pts,over,Nathan MacKinnon,1.5,draftkings,110,-150,oddsapi
2026-10-07T21:00:07Z,2026-10-07,COL @ WPG,c8c270e79cd56ca57baa21a49a0d1d9d,sk_pts,under,Nathan MacKinnon,1.5,draftkings,-150,110,oddsapi
2026-10-07T21:00:07Z,2026-10-07,COL @ WPG,c8c270e79cd56ca57baa21a49a0d1d9d,sk_pts,over,Martin Necas,1.5,draftkings,155,-215,oddsapi
2026-10-07T21:00:07Z,2026-10-07,COL @ WPG,c8c270e79cd56ca57baa21a49a0d1d9d,sk_pts,under,Martin Necas,1.5,draftkings,-215,155,oddsapi
2026-10-07T21:00:07Z,2026-10-07,COL @ WPG,c8c270e79cd56ca57baa21a49a0d1d9d,sk_pts,over,Cale Makar,0.5,draftkings,-245,180,oddsapi
2026-10-07T21:00:07Z,2026-10-07,COL @ WPG,c8c270e79cd56ca57baa21a49a0d1d9d,sk_pts,under,Cale Makar,0.5,draftkings,180,-245,oddsapi
2026-10-07T21:00:07Z,2026-10-07,COL @ WPG,c8c270e79cd56ca57baa21a49a0d1d9d,sk_pts,over,Kyle Connor,0.5,draftkings,-200,150,oddsapi
2026-10-07T21:00:07Z,2026-10-07,COL @ WPG,c8c270e79cd56ca57baa21a49a0d1d9d,sk_pts,under,Kyle Connor,0.5,draftkings,150,-200,oddsapi
2026-10-07T21:00:07Z,2026-10-07,COL @ WPG,c8c270e79cd56ca57baa21a49a0d1d9d,sk_pts,over,Mark Scheifele,0.5,draftkings,-190,140,oddsapi
2026-10-07T21:00:07Z,2026-10-07,COL @ WPG,c8c270e79cd56ca57baa21a49a0d1d9d,sk_pts,under,Mark Scheifele,0.5,draftkings,140,-190,oddsapi
2026-10-07T21:00:07Z,2026-10-07,COL @ WPG,c8c270e79cd56ca57baa21a49a0d1d9d,sk_pts,over,Nazem Kadri,0.5,draftkings,-130,100,oddsapi
2026-10-07T21:00:07Z,2026-10-07,COL @ WPG,c8c270e79cd56ca57baa21a49a0d1d9d,sk_pts,under,Nazem Kadri,0.5,draftkings,100,-130,oddsapi
2026-10-07T21:00:07Z,2026-10-07,COL @ WPG,c8c270e79cd56ca57baa21a49a0d1d9d,sk_pts,over,Artturi Lehkonen,0.5,draftkings,-125,-110,oddsapi
2026-10-07T21:00:07Z,2026-10-07,COL @ WPG,c8c270e79cd56ca57baa21a49a0d1d9d,sk_pts,under,Artturi Lehkonen,0.5,draftkings,-110,-125,oddsapi
2026-10-07T21:00:07Z,2026-10-07,COL @ WPG,c8c270e79cd56ca57baa21a49a0d1d9d,sk_pts,over,Brock Nelson,0.5,draftkings,-115,-115,oddsapi
2026-10-07T21:00:07Z,2026-10-07,COL @ WPG,c8c270e79cd56ca57baa21a49a0d1d9d,sk_pts,under,Brock Nelson,0.5,draftkings,-115,-115,oddsapi
2026-10-07T21:00:07Z,2026-10-07,COL @ WPG,c8c270e79cd56ca57baa21a49a0d1d9d,sk_pts,over,Gabriel Vilardi,0.5,draftkings,-115,-120,oddsapi
2026-10-07T21:00:07Z,2026-10-07,COL @ WPG,c8c270e79cd56ca57baa21a49a0d1d9d,sk_pts,under,Gabriel Vilardi,0.5,draftkings,-120,-115,oddsapi
2026-10-07T21:00:07Z,2026-10-07,COL @ WPG,c8c270e79cd56ca57baa21a49a0d1d9d,sk_pts,over,Josh Morrissey,0.5,draftkings,-110,-120,oddsapi
2026-10-07T21:00:07Z,2026-10-07,COL @ WPG,c8c270e79cd56ca57baa21a49a0d1d9d,sk_pts,under,Josh Morrissey,0.5,draftkings,-120,-110,oddsapi
2026-10-07T21:00:07Z,2026-10-07,COL @ WPG,c8c270e79cd56ca57baa21a49a0d1d9d,sk_pts,over,Cole Perfetti,0.5,draftkings,100,-135,oddsapi
2026-10-07T21:00:07Z,2026-10-07,COL @ WPG,c8c270e79cd56ca57baa21a49a0d1d9d,sk_pts,under,Cole Perfetti,0.5,draftkings,-135,100,oddsapi
2026-10-07T21:00:07Z,2026-10-07,COL @ WPG,c8c270e79cd56ca57baa21a49a0d1d9d,sk_pts,over,Gabriel Landeskog,0.5,draftkings,110,-145,oddsapi
2026-10-07T21:00:07Z,2026-10-07,COL @ WPG,c8c270e79cd56ca57baa21a49a0d1d9d,sk_pts,under,Gabriel Landeskog,0.5,draftkings,-145,110,oddsapi
2026-10-07T21:00:07Z,2026-10-07,COL @ WPG,c8c270e79cd56ca57baa21a49a0d1d9d,sk_pts,over,Devon Toews,0.5,draftkings,120,-160,oddsapi
2026-10-07T21:00:07Z,2026-10-07,COL @ WPG,c8c270e79cd56ca57baa21a49a0d1d9d,sk_pts,under,Devon Toews,0.5,draftkings,-160,120,oddsapi
2026-10-07T21:00:07Z,2026-10-07,COL @ WPG,c8c270e79cd56ca57baa21a49a0d1d9d,sk_pts,over,T.J. Hughes,0.5,draftkings,140,-190,oddsapi
2026-10-07T21:00:07Z,2026-10-07,COL @ WPG,c8c270e79cd56ca57baa21a49a0d1d9d,sk_pts,under,T.J. Hughes,0.5,draftkings,-190,140,oddsapi
2026-10-07T21:00:07Z,2026-10-07,COL @ WPG,c8c270e79cd56ca57baa21a49a0d1d9d,sk_sog,over,Nathan MacKinnon,3.5,draftkings,-140,105,oddsapi
2026-10-07T21:00:07Z,2026-10-07,COL @ WPG,c8c270e79cd56ca57baa21a49a0d1d9d,sk_sog,under,Nathan MacKinnon,3.5,draftkings,105,-140,oddsapi
2026-10-07T21:00:07Z,2026-10-07,COL @ WPG,c8c270e79cd56ca57baa21a49a0d1d9d,sk_sog,over,Kyle Connor,3.5,draftkings,105,-145,oddsapi
2026-10-07T21:00:07Z,2026-10-07,COL @ WPG,c8c270e79cd56ca57baa21a49a0d1d9d,sk_sog,under,Kyle Connor,3.5,draftkings,-145,105,oddsapi
2026-10-07T21:00:07Z,2026-10-07,COL @ WPG,c8c270e79cd56ca57baa21a49a0d1d9d,sk_sog,over,Martin Necas,2.5,draftkings,-125,-110,oddsapi
2026-10-07T21:00:07Z,2026-10-07,COL @ WPG,c8c270e79cd56ca57baa21a49a0d1d9d,sk_sog,under,Martin Necas,2.5,draftkings,-110,-125,oddsapi
2026-10-07T21:00:07Z,2026-10-07,COL @ WPG,c8c270e79cd56ca57baa21a49a0d1d9d,sk_sog,over,Cale Makar,2.5,draftkings,105,-140,oddsapi
2026-10-07T21:00:07Z,2026-10-07,COL @ WPG,c8c270e79cd56ca57baa21a49a0d1d9d,sk_sog,under,Cale Makar,2.5,draftkings,-140,105,oddsapi
2026-10-07T21:00:07Z,2026-10-07,COL @ WPG,c8c270e79cd56ca57baa21a49a0d1d9d,sk_sog,over,Nazem Kadri,2.5,draftkings,105,-140,oddsapi
2026-10-07T21:00:07Z,2026-10-07,COL @ WPG,c8c270e79cd56ca57baa21a49a0d1d9d,sk_sog,under,Nazem Kadri,2.5,draftkings,-140,105,oddsapi
2026-10-07T21:00:07Z,2026-10-07,COL @ WPG,c8c270e79cd56ca57baa21a49a0d1d9d,sk_sog,over,Cole Perfetti,2.5,draftkings,120,-165,oddsapi
2026-10-07T21:00:07Z,2026-10-07,COL @ WPG,c8c270e79cd56ca57baa21a49a0d1d9d,sk_sog,under,Cole Perfetti,2.5,draftkings,-165,120,oddsapi
2026-10-07T21:00:07Z,2026-10-07,COL @ WPG,c8c270e79cd56ca57baa21a49a0d1d9d,sk_sog,over,Mark Scheifele,1.5,draftkings,-185,135,oddsapi
2026-10-07T21:00:07Z,2026-10-07,COL @ WPG,c8c270e79cd56ca57baa21a49a0d1d9d,sk_sog,under,Mark Scheifele,1.5,draftkings,135,-185,oddsapi
2026-10-07T21:00:07Z,2026-10-07,COL @ WPG,c8c270e79cd56ca57baa21a49a0d1d9d,sk_sog,over,Brock Nelson,1.5,draftkings,-175,130,oddsapi
2026-10-07T21:00:07Z,2026-10-07,COL @ WPG,c8c270e79cd56ca57baa21a49a0d1d9d,sk_sog,under,Brock Nelson,1.5,draftkings,130,-175,oddsapi
2026-10-07T21:00:07Z,2026-10-07,COL @ WPG,c8c270e79cd56ca57baa21a49a0d1d9d,sk_sog,over,Josh Morrissey,1.5,draftkings,-175,130,oddsapi
2026-10-07T21:00:07Z,2026-10-07,COL @ WPG,c8c270e79cd56ca57baa21a49a0d1d9d,sk_sog,under,Josh Morrissey,1.5,draftkings,130,-175,oddsapi
2026-10-07T21:00:07Z,2026-10-07,COL @ WPG,c8c270e79cd56ca57baa21a49a0d1d9d,sk_sog,over,T.J. Hughes,1.5,draftkings,-165,120,oddsapi
2026-10-07T21:00:07Z,2026-10-07,COL @ WPG,c8c270e79cd56ca57baa21a49a0d1d9d,sk_sog,under,T.J. Hughes,1.5,draftkings,120,-165,oddsapi
2026-10-07T21:00:07Z,2026-10-07,COL @ WPG,c8c270e79cd56ca57baa21a49a0d1d9d,sk_sog,over,Artturi Lehkonen,1.5,draftkings,-150,110,oddsapi
2026-10-07T21:00:07Z,2026-10-07,COL @ WPG,c8c270e79cd56ca57baa21a49a0d1d9d,sk_sog,under,Artturi Lehkonen,1.5,draftkings,110,-150,oddsapi
2026-10-07T21:00:07Z,2026-10-07,COL @ WPG,c8c270e79cd56ca57baa21a49a0d1d9d,sk_sog,over,Gabriel Landeskog,1.5,draftkings,-135,100,oddsapi
2026-10-07T21:00:07Z,2026-10-07,COL @ WPG,c8c270e79cd56ca57baa21a49a0d1d9d,sk_sog,under,Gabriel Landeskog,1.5,draftkings,100,-135,oddsapi
2026-10-07T21:00:07Z,2026-10-07,COL @ WPG,c8c270e79cd56ca57baa21a49a0d1d9d,sk_sog,over,Gabriel Vilardi,1.5,draftkings,-130,-105,oddsapi
2026-10-07T21:00:07Z,2026-10-07,COL @ WPG,c8c270e79cd56ca57baa21a49a0d1d9d,sk_sog,under,Gabriel Vilardi,1.5,draftkings,-105,-130,oddsapi
2026-10-07T21:00:07Z,2026-10-07,COL @ WPG,c8c270e79cd56ca57baa21a49a0d1d9d,sk_sog,over,Sam Malinski,1.5,draftkings,-125,-105,oddsapi
2026-10-07T21:00:07Z,2026-10-07,COL @ WPG,c8c270e79cd56ca57baa21a49a0d1d9d,sk_sog,under,Sam Malinski,1.5,draftkings,-105,-125,oddsapi
2026-10-07T21:00:07Z,2026-10-07,COL @ WPG,c8c270e79cd56ca57baa21a49a0d1d9d,sk_sog,over,Brent Burns,1.5,draftkings,-120,-115,oddsapi
2026-10-07T21:00:07Z,2026-10-07,COL @ WPG,c8c270e79cd56ca57baa21a49a0d1d9d,sk_sog,under,Brent Burns,1.5,draftkings,-115,-120,oddsapi
2026-10-07T21:00:07Z,2026-10-07,COL @ WPG,c8c270e79cd56ca57baa21a49a0d1d9d,sk_sog,over,Devon Toews,1.5,draftkings,-105,-130,oddsapi
2026-10-07T21:00:07Z,2026-10-07,COL @ WPG,c8c270e79cd56ca57baa21a49a0d1d9d,sk_sog,under,Devon Toews,1.5,draftkings,-130,-105,oddsapi
2026-10-07T21:00:07Z,2026-10-07,COL @ WPG,c8c270e79cd56ca57baa21a49a0d1d9d,g_saves,over,Stuart Skinner,28.5,draftkings,-105,-130,oddsapi
2026-10-07T21:00:07Z,2026-10-07,COL @ WPG,c8c270e79cd56ca57baa21a49a0d1d9d,g_saves,under,Stuart Skinner,28.5,draftkings,-130,-105,oddsapi
2026-10-07T21:00:07Z,2026-10-07,COL @ WPG,c8c270e79cd56ca57baa21a49a0d1d9d,g_saves,over,Mackenzie Blackwood,23.5,draftkings,-125,-105,oddsapi
2026-10-07T21:00:07Z,2026-10-07,COL @ WPG,c8c270e79cd56ca57baa21a49a0d1d9d,g_saves,under,Mackenzie Blackwood,23.5,draftkings,-105,-125,oddsapi
2026-10-07T21:00:07Z,2026-10-07,COL @ WPG,c8c270e79cd56ca57baa21a49a0d1d9d,p1_pl,COL,,-0.5,draftkings,140,-180,oddsapi
2026-10-07T21:00:07Z,2026-10-07,COL @ WPG,c8c270e79cd56ca57baa21a49a0d1d9d,p1_pl,WPG,,0.5,draftkings,-180,140,oddsapi
2026-10-07T21:00:07Z,2026-10-07,COL @ WPG,c8c270e79cd56ca57baa21a49a0d1d9d,p2_pl,COL,,-0.5,draftkings,130,-166,oddsapi
2026-10-07T21:00:07Z,2026-10-07,COL @ WPG,c8c270e79cd56ca57baa21a49a0d1d9d,p2_pl,WPG,,0.5,draftkings,-166,130,oddsapi
2026-10-07T21:00:07Z,2026-10-07,COL @ WPG,c8c270e79cd56ca57baa21a49a0d1d9d,p3_pl,COL,,-0.5,draftkings,105,-135,oddsapi
2026-10-07T21:00:07Z,2026-10-07,COL @ WPG,c8c270e79cd56ca57baa21a49a0d1d9d,p3_pl,WPG,,0.5,draftkings,-135,105,oddsapi
2026-10-07T21:00:07Z,2026-10-07,COL @ WPG,c8c270e79cd56ca57baa21a49a0d1d9d,p1_team_total,over,COL,0.5,draftkings,-215,160,oddsapi
2026-10-07T21:00:07Z,2026-10-07,COL @ WPG,c8c270e79cd56ca57baa21a49a0d1d9d,p1_team_total,under,COL,0.5,draftkings,160,-215,oddsapi
2026-10-07T21:00:07Z,2026-10-07,COL @ WPG,c8c270e79cd56ca57baa21a49a0d1d9d,p1_team_total,over,WPG,0.5,draftkings,-155,115,oddsapi
2026-10-07T21:00:07Z,2026-10-07,COL @ WPG,c8c270e79cd56ca57baa21a49a0d1d9d,p1_team_total,under,WPG,0.5,draftkings,115,-155,oddsapi
2026-10-07T21:00:07Z,2026-10-07,COL @ WPG,c8c270e79cd56ca57baa21a49a0d1d9d,p1_total,over,,1.5,draftkings,-140,110,oddsapi
2026-10-07T21:00:07Z,2026-10-07,COL @ WPG,c8c270e79cd56ca57baa21a49a0d1d9d,p1_total,under,,1.5,draftkings,110,-140,oddsapi
2026-10-07T21:00:07Z,2026-10-07,COL @ WPG,c8c270e79cd56ca57baa21a49a0d1d9d,p2_total,over,,1.5,draftkings,-188,145,oddsapi
2026-10-07T21:00:07Z,2026-10-07,COL @ WPG,c8c270e79cd56ca57baa21a49a0d1d9d,p2_total,under,,1.5,draftkings,145,-188,oddsapi
2026-10-07T21:00:07Z,2026-10-07,COL @ WPG,c8c270e79cd56ca57baa21a49a0d1d9d,p3_total,over,,2.5,draftkings,130,-166,oddsapi
2026-10-07T21:00:07Z,2026-10-07,COL @ WPG,c8c270e79cd56ca57baa21a49a0d1d9d,p3_total,under,,2.5,draftkings,-166,130,oddsapi
2026-10-07T21:00:07Z,2026-10-07,COL @ WPG,c8c270e79cd56ca57baa21a49a0d1d9d,game_ml3,COL,,,williamhill_us,-125,,oddsapi
2026-10-07T21:00:07Z,2026-10-07,COL @ WPG,c8c270e79cd56ca57baa21a49a0d1d9d,game_ml3,WPG,,,williamhill_us,205,,oddsapi
2026-10-07T21:00:07Z,2026-10-07,COL @ WPG,c8c270e79cd56ca57baa21a49a0d1d9d,game_ml3,draw,,,williamhill_us,280,,oddsapi
2026-10-07T21:00:07Z,2026-10-07,COL @ WPG,c8c270e79cd56ca57baa21a49a0d1d9d,p1_ml3,COL,,,williamhill_us,127,,oddsapi
2026-10-07T21:00:07Z,2026-10-07,COL @ WPG,c8c270e79cd56ca57baa21a49a0d1d9d,p1_ml3,WPG,,,williamhill_us,210,,oddsapi
2026-10-07T21:00:07Z,2026-10-07,COL @ WPG,c8c270e79cd56ca57baa21a49a0d1d9d,p1_ml3,draw,,,williamhill_us,169,,oddsapi
2026-10-07T21:00:07Z,2026-10-07,COL @ WPG,c8c270e79cd56ca57baa21a49a0d1d9d,ags,yes,Nathan MacKinnon,,williamhill_us,120,,oddsapi
2026-10-07T21:00:07Z,2026-10-07,COL @ WPG,c8c270e79cd56ca57baa21a49a0d1d9d,ags,yes,Martin Necas,,williamhill_us,145,,oddsapi
2026-10-07T21:00:07Z,2026-10-07,COL @ WPG,c8c270e79cd56ca57baa21a49a0d1d9d,ags,yes,Kyle Connor,,williamhill_us,152,,oddsapi
2026-10-07T21:00:07Z,2026-10-07,COL @ WPG,c8c270e79cd56ca57baa21a49a0d1d9d,ags,yes,Mark Scheifele,,williamhill_us,205,,oddsapi
2026-10-07T21:00:07Z,2026-10-07,COL @ WPG,c8c270e79cd56ca57baa21a49a0d1d9d,ags,yes,Brock Nelson,,williamhill_us,220,,oddsapi
2026-10-07T21:00:07Z,2026-10-07,COL @ WPG,c8c270e79cd56ca57baa21a49a0d1d9d,ags,yes,Artturi Lehkonen,,williamhill_us,230,,oddsapi
2026-10-07T21:00:07Z,2026-10-07,COL @ WPG,c8c270e79cd56ca57baa21a49a0d1d9d,ags,yes,Nazem Kadri,,williamhill_us,230,,oddsapi
2026-10-07T21:00:07Z,2026-10-07,COL @ WPG,c8c270e79cd56ca57baa21a49a0d1d9d,ags,yes,Gabriel Vilardi,,williamhill_us,245,,oddsapi
2026-10-07T21:00:07Z,2026-10-07,COL @ WPG,c8c270e79cd56ca57baa21a49a0d1d9d,ags,yes,Cole Perfetti,,williamhill_us,255,,oddsapi
2026-10-07T21:00:07Z,2026-10-07,COL @ WPG,c8c270e79cd56ca57baa21a49a0d1d9d,ags,yes,Gabriel Landeskog,,williamhill_us,260,,oddsapi
2026-10-07T21:00:07Z,2026-10-07,COL @ WPG,c8c270e79cd56ca57baa21a49a0d1d9d,ags,yes,Cale Makar,,williamhill_us,285,,oddsapi
2026-10-07T21:00:07Z,2026-10-07,COL @ WPG,c8c270e79cd56ca57baa21a49a0d1d9d,ags,yes,T.J. Hughes,,williamhill_us,340,,oddsapi
2026-10-07T21:00:07Z,2026-10-07,COL @ WPG,c8c270e79cd56ca57baa21a49a0d1d9d,ags,yes,Jaden Schwartz,,williamhill_us,340,,oddsapi
2026-10-07T21:00:07Z,2026-10-07,COL @ WPG,c8c270e79cd56ca57baa21a49a0d1d9d,ags,yes,Viggo Bjorck,,williamhill_us,360,,oddsapi
2026-10-07T21:00:07Z,2026-10-07,COL @ WPG,c8c270e79cd56ca57baa21a49a0d1d9d,ags,yes,Alex Iafallo,,williamhill_us,400,,oddsapi
2026-10-07T21:00:07Z,2026-10-07,COL @ WPG,c8c270e79cd56ca57baa21a49a0d1d9d,ags,yes,Isak Rosen,,williamhill_us,425,,oddsapi
2026-10-07T21:00:07Z,2026-10-07,COL @ WPG,c8c270e79cd56ca57baa21a49a0d1d9d,ags,yes,Nicolas Roy,,williamhill_us,425,,oddsapi
2026-10-07T21:00:07Z,2026-10-07,COL @ WPG,c8c270e79cd56ca57baa21a49a0d1d9d,ags,yes,Josh Morrissey,,williamhill_us,450,,oddsapi
2026-10-07T21:00:07Z,2026-10-07,COL @ WPG,c8c270e79cd56ca57baa21a49a0d1d9d,ags,yes,Vladislav Namestnikov,,williamhill_us,450,,oddsapi
2026-10-07T21:00:07Z,2026-10-07,COL @ WPG,c8c270e79cd56ca57baa21a49a0d1d9d,ags,yes,Adam Lowry,,williamhill_us,475,,oddsapi
2026-10-07T21:00:07Z,2026-10-07,COL @ WPG,c8c270e79cd56ca57baa21a49a0d1d9d,ags,yes,Parker Kelly,,williamhill_us,475,,oddsapi
2026-10-07T21:00:07Z,2026-10-07,COL @ WPG,c8c270e79cd56ca57baa21a49a0d1d9d,ags,yes,Fedor Svechkov,,williamhill_us,525,,oddsapi
2026-10-07T21:00:07Z,2026-10-07,COL @ WPG,c8c270e79cd56ca57baa21a49a0d1d9d,ags,yes,Devon Toews,,williamhill_us,525,,oddsapi
2026-10-07T21:00:07Z,2026-10-07,COL @ WPG,c8c270e79cd56ca57baa21a49a0d1d9d,ags,yes,Cole Koepke,,williamhill_us,525,,oddsapi
2026-10-07T21:00:07Z,2026-10-07,COL @ WPG,c8c270e79cd56ca57baa21a49a0d1d9d,ags,yes,Morgan Barron,,williamhill_us,550,,oddsapi
2026-10-07T21:00:07Z,2026-10-07,COL @ WPG,c8c270e79cd56ca57baa21a49a0d1d9d,ags,yes,Brad Lambert,,williamhill_us,550,,oddsapi
2026-10-07T21:00:07Z,2026-10-07,COL @ WPG,c8c270e79cd56ca57baa21a49a0d1d9d,ags,yes,Neal Pionk,,williamhill_us,575,,oddsapi
2026-10-07T21:00:07Z,2026-10-07,COL @ WPG,c8c270e79cd56ca57baa21a49a0d1d9d,ags,yes,Sam Malinski,,williamhill_us,625,,oddsapi
2026-10-07T21:00:07Z,2026-10-07,COL @ WPG,c8c270e79cd56ca57baa21a49a0d1d9d,ags,yes,Brent Burns,,williamhill_us,650,,oddsapi
2026-10-07T21:00:07Z,2026-10-07,COL @ WPG,c8c270e79cd56ca57baa21a49a0d1d9d,ags,yes,Mario Ferraro,,williamhill_us,800,,oddsapi
2026-10-07T21:00:07Z,2026-10-07,COL @ WPG,c8c270e79cd56ca57baa21a49a0d1d9d,ags,yes,Dylan Samberg,,williamhill_us,850,,oddsapi
2026-10-07T21:00:07Z,2026-10-07,COL @ WPG,c8c270e79cd56ca57baa21a49a0d1d9d,ags,yes,Josh Manson,,williamhill_us,850,,oddsapi
2026-10-07T21:00:07Z,2026-10-07,COL @ WPG,c8c270e79cd56ca57baa21a49a0d1d9d,ags,yes,Brett Kulak,,williamhill_us,850,,oddsapi
2026-10-07T21:00:07Z,2026-10-07,COL @ WPG,c8c270e79cd56ca57baa21a49a0d1d9d,ags,yes,Jack St. Ivany,,williamhill_us,850,,oddsapi
2026-10-07T21:00:07Z,2026-10-07,COL @ WPG,c8c270e79cd56ca57baa21a49a0d1d9d,ags,yes,Dylan DeMelo,,williamhill_us,850,,oddsapi
2026-10-07T21:00:07Z,2026-10-07,COL @ WPG,c8c270e79cd56ca57baa21a49a0d1d9d,ags,yes,Tyrel Bauer,,williamhill_us,900,,oddsapi
2026-10-07T21:00:07Z,2026-10-07,COL @ WPG,c8c270e79cd56ca57baa21a49a0d1d9d,fgs,yes,Nathan MacKinnon,,williamhill_us,850,,oddsapi
2026-10-07T21:00:07Z,2026-10-07,COL @ WPG,c8c270e79cd56ca57baa21a49a0d1d9d,fgs,yes,Martin Necas,,williamhill_us,1000,,oddsapi
2026-10-07T21:00:07Z,2026-10-07,COL @ WPG,c8c270e79cd56ca57baa21a49a0d1d9d,fgs,yes,Kyle Connor,,williamhill_us,1100,,oddsapi
2026-10-07T21:00:07Z,2026-10-07,COL @ WPG,c8c270e79cd56ca57baa21a49a0d1d9d,fgs,yes,Mark Scheifele,,williamhill_us,1400,,oddsapi
2026-10-07T21:00:07Z,2026-10-07,COL @ WPG,c8c270e79cd56ca57baa21a49a0d1d9d,fgs,yes,Nazem Kadri,,williamhill_us,1500,,oddsapi
2026-10-07T21:00:07Z,2026-10-07,COL @ WPG,c8c270e79cd56ca57baa21a49a0d1d9d,fgs,yes,Brock Nelson,,williamhill_us,1500,,oddsapi
2026-10-07T21:00:07Z,2026-10-07,COL @ WPG,c8c270e79cd56ca57baa21a49a0d1d9d,fgs,yes,Gabriel Vilardi,,williamhill_us,1600,,oddsapi
2026-10-07T21:00:07Z,2026-10-07,COL @ WPG,c8c270e79cd56ca57baa21a49a0d1d9d,fgs,yes,Cole Perfetti,,williamhill_us,1600,,oddsapi
2026-10-07T21:00:07Z,2026-10-07,COL @ WPG,c8c270e79cd56ca57baa21a49a0d1d9d,fgs,yes,Artturi Lehkonen,,williamhill_us,1600,,oddsapi
2026-10-07T21:00:07Z,2026-10-07,COL @ WPG,c8c270e79cd56ca57baa21a49a0d1d9d,fgs,yes,Gabriel Landeskog,,williamhill_us,1800,,oddsapi
2026-10-07T21:00:07Z,2026-10-07,COL @ WPG,c8c270e79cd56ca57baa21a49a0d1d9d,fgs,yes,Cale Makar,,williamhill_us,1900,,oddsapi
2026-10-07T21:00:07Z,2026-10-07,COL @ WPG,c8c270e79cd56ca57baa21a49a0d1d9d,fgs,yes,T.J. Hughes,,williamhill_us,2100,,oddsapi
2026-10-07T21:00:07Z,2026-10-07,COL @ WPG,c8c270e79cd56ca57baa21a49a0d1d9d,fgs,yes,Jaden Schwartz,,williamhill_us,2200,,oddsapi
2026-10-07T21:00:07Z,2026-10-07,COL @ WPG,c8c270e79cd56ca57baa21a49a0d1d9d,fgs,yes,Viggo Bjorck,,williamhill_us,2600,,oddsapi
2026-10-07T21:00:07Z,2026-10-07,COL @ WPG,c8c270e79cd56ca57baa21a49a0d1d9d,fgs,yes,Alex Iafallo,,williamhill_us,2800,,oddsapi
2026-10-07T21:00:07Z,2026-10-07,COL @ WPG,c8c270e79cd56ca57baa21a49a0d1d9d,fgs,yes,Isak Rosen,,williamhill_us,2900,,oddsapi
2026-10-07T21:00:07Z,2026-10-07,COL @ WPG,c8c270e79cd56ca57baa21a49a0d1d9d,fgs,yes,Nicolas Roy,,williamhill_us,3000,,oddsapi
2026-10-07T21:00:07Z,2026-10-07,COL @ WPG,c8c270e79cd56ca57baa21a49a0d1d9d,fgs,yes,Vladislav Namestnikov,,williamhill_us,3000,,oddsapi
2026-10-07T21:00:07Z,2026-10-07,COL @ WPG,c8c270e79cd56ca57baa21a49a0d1d9d,fgs,yes,Josh Morrissey,,williamhill_us,3000,,oddsapi
2026-10-07T21:00:07Z,2026-10-07,COL @ WPG,c8c270e79cd56ca57baa21a49a0d1d9d,fgs,yes,Adam Lowry,,williamhill_us,3000,,oddsapi
2026-10-07T21:00:07Z,2026-10-07,COL @ WPG,c8c270e79cd56ca57baa21a49a0d1d9d,fgs,yes,Parker Kelly,,williamhill_us,3500,,oddsapi
2026-10-07T21:00:07Z,2026-10-07,COL @ WPG,c8c270e79cd56ca57baa21a49a0d1d9d,fgs,yes,Cole Koepke,,williamhill_us,3500,,oddsapi
2026-10-07T21:00:07Z,2026-10-07,COL @ WPG,c8c270e79cd56ca57baa21a49a0d1d9d,fgs,yes,Devon Toews,,williamhill_us,4000,,oddsapi
2026-10-07T21:00:07Z,2026-10-07,COL @ WPG,c8c270e79cd56ca57baa21a49a0d1d9d,fgs,yes,Brad Lambert,,williamhill_us,4000,,oddsapi
2026-10-07T21:00:07Z,2026-10-07,COL @ WPG,c8c270e79cd56ca57baa21a49a0d1d9d,fgs,yes,Neal Pionk,,williamhill_us,4000,,oddsapi
2026-10-07T21:00:07Z,2026-10-07,COL @ WPG,c8c270e79cd56ca57baa21a49a0d1d9d,fgs,yes,Morgan Barron,,williamhill_us,4000,,oddsapi
2026-10-07T21:00:07Z,2026-10-07,COL @ WPG,c8c270e79cd56ca57baa21a49a0d1d9d,fgs,yes,Fedor Svechkov,,williamhill_us,4000,,oddsapi
2026-10-07T21:00:07Z,2026-10-07,COL @ WPG,c8c270e79cd56ca57baa21a49a0d1d9d,fgs,yes,Sam Malinski,,williamhill_us,5000,,oddsapi
2026-10-07T21:00:07Z,2026-10-07,COL @ WPG,c8c270e79cd56ca57baa21a49a0d1d9d,fgs,yes,Brent Burns,,williamhill_us,5000,,oddsapi
2026-10-07T21:00:07Z,2026-10-07,COL @ WPG,c8c270e79cd56ca57baa21a49a0d1d9d,fgs,yes,Dylan DeMelo,,williamhill_us,7500,,oddsapi
2026-10-07T21:00:07Z,2026-10-07,COL @ WPG,c8c270e79cd56ca57baa21a49a0d1d9d,fgs,yes,Mario Ferraro,,williamhill_us,7500,,oddsapi
2026-10-07T21:00:07Z,2026-10-07,COL @ WPG,c8c270e79cd56ca57baa21a49a0d1d9d,fgs,yes,Josh Manson,,williamhill_us,7500,,oddsapi
2026-10-07T21:00:07Z,2026-10-07,COL @ WPG,c8c270e79cd56ca57baa21a49a0d1d9d,team_total,over,COL,3.5,williamhill_us,-132,-106,oddsapi
2026-10-07T21:00:07Z,2026-10-07,COL @ WPG,c8c270e79cd56ca57baa21a49a0d1d9d,team_total,under,COL,3.5,williamhill_us,-106,-132,oddsapi
2026-10-07T21:00:07Z,2026-10-07,COL @ WPG,c8c270e79cd56ca57baa21a49a0d1d9d,team_total,over,WPG,2.5,williamhill_us,-136,-103,oddsapi
2026-10-07T21:00:07Z,2026-10-07,COL @ WPG,c8c270e79cd56ca57baa21a49a0d1d9d,team_total,under,WPG,2.5,williamhill_us,-103,-136,oddsapi
2026-10-07T21:00:07Z,2026-10-07,COL @ WPG,c8c270e79cd56ca57baa21a49a0d1d9d,team_total_alt,over,COL,1.5,betmgm,-1000,500,oddsapi
2026-10-07T21:00:07Z,2026-10-07,COL @ WPG,c8c270e79cd56ca57baa21a49a0d1d9d,team_total_alt,under,COL,1.5,betmgm,500,-1000,oddsapi
2026-10-07T21:00:07Z,2026-10-07,COL @ WPG,c8c270e79cd56ca57baa21a49a0d1d9d,team_total_alt,over,COL,2,betmgm,-750,425,oddsapi
2026-10-07T21:00:07Z,2026-10-07,COL @ WPG,c8c270e79cd56ca57baa21a49a0d1d9d,team_total_alt,under,COL,2,betmgm,425,-750,oddsapi
2026-10-07T21:00:07Z,2026-10-07,COL @ WPG,c8c270e79cd56ca57baa21a49a0d1d9d,team_total_alt,over,COL,2.5,betmgm,-300,210,oddsapi
2026-10-07T21:00:07Z,2026-10-07,COL @ WPG,c8c270e79cd56ca57baa21a49a0d1d9d,team_total_alt,under,COL,2.5,betmgm,210,-300,oddsapi
2026-10-07T21:00:07Z,2026-10-07,COL @ WPG,c8c270e79cd56ca57baa21a49a0d1d9d,team_total_alt,over,COL,3,betmgm,-220,155,oddsapi
2026-10-07T21:00:07Z,2026-10-07,COL @ WPG,c8c270e79cd56ca57baa21a49a0d1d9d,team_total_alt,under,COL,3,betmgm,155,-220,oddsapi
2026-10-07T21:00:07Z,2026-10-07,COL @ WPG,c8c270e79cd56ca57baa21a49a0d1d9d,team_total_alt,over,COL,3.5,betmgm,-135,-105,oddsapi
2026-10-07T21:00:07Z,2026-10-07,COL @ WPG,c8c270e79cd56ca57baa21a49a0d1d9d,team_total_alt,under,COL,3.5,betmgm,-105,-135,oddsapi
2026-10-07T21:00:07Z,2026-10-07,COL @ WPG,c8c270e79cd56ca57baa21a49a0d1d9d,team_total_alt,over,COL,4,betmgm,120,-165,oddsapi
2026-10-07T21:00:07Z,2026-10-07,COL @ WPG,c8c270e79cd56ca57baa21a49a0d1d9d,team_total_alt,under,COL,4,betmgm,-165,120,oddsapi
2026-10-07T21:00:07Z,2026-10-07,COL @ WPG,c8c270e79cd56ca57baa21a49a0d1d9d,team_total_alt,over,COL,4.5,betmgm,165,-235,oddsapi
2026-10-07T21:00:07Z,2026-10-07,COL @ WPG,c8c270e79cd56ca57baa21a49a0d1d9d,team_total_alt,under,COL,4.5,betmgm,-235,165,oddsapi
2026-10-07T21:00:07Z,2026-10-07,COL @ WPG,c8c270e79cd56ca57baa21a49a0d1d9d,team_total_alt,over,COL,5,betmgm,300,-500,oddsapi
2026-10-07T21:00:07Z,2026-10-07,COL @ WPG,c8c270e79cd56ca57baa21a49a0d1d9d,team_total_alt,under,COL,5,betmgm,-500,300,oddsapi
2026-10-07T21:00:07Z,2026-10-07,COL @ WPG,c8c270e79cd56ca57baa21a49a0d1d9d,team_total_alt,over,COL,5.5,betmgm,360,-625,oddsapi
2026-10-07T21:00:07Z,2026-10-07,COL @ WPG,c8c270e79cd56ca57baa21a49a0d1d9d,team_total_alt,under,COL,5.5,betmgm,-625,360,oddsapi
2026-10-07T21:00:07Z,2026-10-07,COL @ WPG,c8c270e79cd56ca57baa21a49a0d1d9d,team_total_alt,over,WPG,0.5,betmgm,-2500,725,oddsapi
2026-10-07T21:00:07Z,2026-10-07,COL @ WPG,c8c270e79cd56ca57baa21a49a0d1d9d,team_total_alt,under,WPG,0.5,betmgm,725,-2500,oddsapi
2026-10-07T21:00:07Z,2026-10-07,COL @ WPG,c8c270e79cd56ca57baa21a49a0d1d9d,team_total_alt,over,WPG,1,betmgm,-1600,625,oddsapi
2026-10-07T21:00:07Z,2026-10-07,COL @ WPG,c8c270e79cd56ca57baa21a49a0d1d9d,team_total_alt,under,WPG,1,betmgm,625,-1600,oddsapi
2026-10-07T21:00:07Z,2026-10-07,COL @ WPG,c8c270e79cd56ca57baa21a49a0d1d9d,team_total_alt,over,WPG,1.5,betmgm,-350,240,oddsapi
2026-10-07T21:00:07Z,2026-10-07,COL @ WPG,c8c270e79cd56ca57baa21a49a0d1d9d,team_total_alt,under,WPG,1.5,betmgm,240,-350,oddsapi
2026-10-07T21:00:07Z,2026-10-07,COL @ WPG,c8c270e79cd56ca57baa21a49a0d1d9d,team_total_alt,over,WPG,2,betmgm,-250,170,oddsapi
2026-10-07T21:00:07Z,2026-10-07,COL @ WPG,c8c270e79cd56ca57baa21a49a0d1d9d,team_total_alt,under,WPG,2,betmgm,170,-250,oddsapi
2026-10-07T21:00:07Z,2026-10-07,COL @ WPG,c8c270e79cd56ca57baa21a49a0d1d9d,team_total_alt,over,WPG,2.5,betmgm,-135,-105,oddsapi
2026-10-07T21:00:07Z,2026-10-07,COL @ WPG,c8c270e79cd56ca57baa21a49a0d1d9d,team_total_alt,under,WPG,2.5,betmgm,-105,-135,oddsapi
2026-10-07T21:00:07Z,2026-10-07,COL @ WPG,c8c270e79cd56ca57baa21a49a0d1d9d,team_total_alt,over,WPG,3,betmgm,120,-165,oddsapi
2026-10-07T21:00:07Z,2026-10-07,COL @ WPG,c8c270e79cd56ca57baa21a49a0d1d9d,team_total_alt,under,WPG,3,betmgm,-165,120,oddsapi
2026-10-07T21:00:07Z,2026-10-07,COL @ WPG,c8c270e79cd56ca57baa21a49a0d1d9d,team_total_alt,over,WPG,3.5,betmgm,170,-250,oddsapi
2026-10-07T21:00:07Z,2026-10-07,COL @ WPG,c8c270e79cd56ca57baa21a49a0d1d9d,team_total_alt,under,WPG,3.5,betmgm,-250,170,oddsapi
2026-10-07T21:00:07Z,2026-10-07,COL @ WPG,c8c270e79cd56ca57baa21a49a0d1d9d,team_total_alt,over,WPG,4,betmgm,310,-500,oddsapi
2026-10-07T21:00:07Z,2026-10-07,COL @ WPG,c8c270e79cd56ca57baa21a49a0d1d9d,team_total_alt,under,WPG,4,betmgm,-500,310,oddsapi
2026-10-07T21:00:07Z,2026-10-07,COL @ WPG,c8c270e79cd56ca57baa21a49a0d1d9d,team_total_alt,over,WPG,4.5,betmgm,375,-650,oddsapi
2026-10-07T21:00:07Z,2026-10-07,COL @ WPG,c8c270e79cd56ca57baa21a49a0d1d9d,team_total_alt,under,WPG,4.5,betmgm,-650,375,oddsapi
2026-10-07T21:00:07Z,2026-10-07,COL @ WPG,c8c270e79cd56ca57baa21a49a0d1d9d,game_ml3,COL,,,betmgm,-130,,oddsapi
2026-10-07T21:00:07Z,2026-10-07,COL @ WPG,c8c270e79cd56ca57baa21a49a0d1d9d,game_ml3,WPG,,,betmgm,250,,oddsapi
2026-10-07T21:00:07Z,2026-10-07,COL @ WPG,c8c270e79cd56ca57baa21a49a0d1d9d,game_ml3,draw,,,betmgm,325,,oddsapi
2026-10-07T21:00:07Z,2026-10-07,COL @ WPG,c8c270e79cd56ca57baa21a49a0d1d9d,p1_ml3,COL,,,betmgm,120,,oddsapi
2026-10-07T21:00:07Z,2026-10-07,COL @ WPG,c8c270e79cd56ca57baa21a49a0d1d9d,p1_ml3,WPG,,,betmgm,220,,oddsapi
2026-10-07T21:00:07Z,2026-10-07,COL @ WPG,c8c270e79cd56ca57baa21a49a0d1d9d,p1_ml3,draw,,,betmgm,190,,oddsapi
2026-10-07T21:00:07Z,2026-10-07,COL @ WPG,c8c270e79cd56ca57baa21a49a0d1d9d,p2_ml3,COL,,,betmgm,115,,oddsapi
2026-10-07T21:00:07Z,2026-10-07,COL @ WPG,c8c270e79cd56ca57baa21a49a0d1d9d,p2_ml3,WPG,,,betmgm,220,,oddsapi
2026-10-07T21:00:07Z,2026-10-07,COL @ WPG,c8c270e79cd56ca57baa21a49a0d1d9d,p2_ml3,draw,,,betmgm,200,,oddsapi
2026-10-07T21:00:07Z,2026-10-07,COL @ WPG,c8c270e79cd56ca57baa21a49a0d1d9d,p3_ml3,COL,,,betmgm,105,,oddsapi
2026-10-07T21:00:07Z,2026-10-07,COL @ WPG,c8c270e79cd56ca57baa21a49a0d1d9d,p3_ml3,WPG,,,betmgm,210,,oddsapi
2026-10-07T21:00:07Z,2026-10-07,COL @ WPG,c8c270e79cd56ca57baa21a49a0d1d9d,p3_ml3,draw,,,betmgm,230,,oddsapi
2026-10-07T21:00:07Z,2026-10-07,COL @ WPG,c8c270e79cd56ca57baa21a49a0d1d9d,p1_ml,COL,,,betmgm,-175,135,oddsapi
2026-10-07T21:00:07Z,2026-10-07,COL @ WPG,c8c270e79cd56ca57baa21a49a0d1d9d,p1_ml,WPG,,,betmgm,135,-175,oddsapi
2026-10-07T21:00:07Z,2026-10-07,COL @ WPG,c8c270e79cd56ca57baa21a49a0d1d9d,p2_ml,COL,,,betmgm,-185,130,oddsapi
2026-10-07T21:00:07Z,2026-10-07,COL @ WPG,c8c270e79cd56ca57baa21a49a0d1d9d,p2_ml,WPG,,,betmgm,130,-185,oddsapi
2026-10-07T21:00:07Z,2026-10-07,COL @ WPG,c8c270e79cd56ca57baa21a49a0d1d9d,p3_ml,COL,,,betmgm,-190,135,oddsapi
2026-10-07T21:00:07Z,2026-10-07,COL @ WPG,c8c270e79cd56ca57baa21a49a0d1d9d,p3_ml,WPG,,,betmgm,135,-190,oddsapi
2026-10-07T21:00:07Z,2026-10-07,COL @ WPG,c8c270e79cd56ca57baa21a49a0d1d9d,sk_a,over,Cale Makar,0.5,betmgm,-135,100,oddsapi
2026-10-07T21:00:07Z,2026-10-07,COL @ WPG,c8c270e79cd56ca57baa21a49a0d1d9d,sk_a,under,Cale Makar,0.5,betmgm,100,-135,oddsapi
2026-10-07T21:00:07Z,2026-10-07,COL @ WPG,c8c270e79cd56ca57baa21a49a0d1d9d,sk_a,over,Mark Scheifele,0.5,betmgm,-110,-120,oddsapi
2026-10-07T21:00:07Z,2026-10-07,COL @ WPG,c8c270e79cd56ca57baa21a49a0d1d9d,sk_a,under,Mark Scheifele,0.5,betmgm,-120,-110,oddsapi
2026-10-07T21:00:07Z,2026-10-07,COL @ WPG,c8c270e79cd56ca57baa21a49a0d1d9d,sk_a,over,T.J. Hughes,0.5,betmgm,210,-295,oddsapi
2026-10-07T21:00:07Z,2026-10-07,COL @ WPG,c8c270e79cd56ca57baa21a49a0d1d9d,sk_a,under,T.J. Hughes,0.5,betmgm,-295,210,oddsapi
2026-10-07T21:00:07Z,2026-10-07,COL @ WPG,c8c270e79cd56ca57baa21a49a0d1d9d,sk_a,over,Nazem Kadri,0.5,betmgm,145,-200,oddsapi
2026-10-07T21:00:07Z,2026-10-07,COL @ WPG,c8c270e79cd56ca57baa21a49a0d1d9d,sk_a,under,Nazem Kadri,0.5,betmgm,-200,145,oddsapi
2026-10-07T21:00:07Z,2026-10-07,COL @ WPG,c8c270e79cd56ca57baa21a49a0d1d9d,sk_a,over,Brock Nelson,0.5,betmgm,220,-325,oddsapi
2026-10-07T21:00:07Z,2026-10-07,COL @ WPG,c8c270e79cd56ca57baa21a49a0d1d9d,sk_a,under,Brock Nelson,0.5,betmgm,-325,220,oddsapi
2026-10-07T21:00:07Z,2026-10-07,COL @ WPG,c8c270e79cd56ca57baa21a49a0d1d9d,sk_a,over,Nathan MacKinnon,0.5,betmgm,-185,135,oddsapi
2026-10-07T21:00:07Z,2026-10-07,COL @ WPG,c8c270e79cd56ca57baa21a49a0d1d9d,sk_a,under,Nathan MacKinnon,0.5,betmgm,135,-185,oddsapi
2026-10-07T21:00:07Z,2026-10-07,COL @ WPG,c8c270e79cd56ca57baa21a49a0d1d9d,sk_a,over,Josh Morrissey,0.5,betmgm,100,-135,oddsapi
2026-10-07T21:00:07Z,2026-10-07,COL @ WPG,c8c270e79cd56ca57baa21a49a0d1d9d,sk_a,under,Josh Morrissey,0.5,betmgm,-135,100,oddsapi
2026-10-07T21:00:07Z,2026-10-07,COL @ WPG,c8c270e79cd56ca57baa21a49a0d1d9d,sk_a,over,Cole Perfetti,0.5,betmgm,160,-220,oddsapi
2026-10-07T21:00:07Z,2026-10-07,COL @ WPG,c8c270e79cd56ca57baa21a49a0d1d9d,sk_a,under,Cole Perfetti,0.5,betmgm,-220,160,oddsapi
2026-10-07T21:00:07Z,2026-10-07,COL @ WPG,c8c270e79cd56ca57baa21a49a0d1d9d,sk_a,over,Gabriel Landeskog,0.5,betmgm,210,-295,oddsapi
2026-10-07T21:00:07Z,2026-10-07,COL @ WPG,c8c270e79cd56ca57baa21a49a0d1d9d,sk_a,under,Gabriel Landeskog,0.5,betmgm,-295,210,oddsapi
2026-10-07T21:00:07Z,2026-10-07,COL @ WPG,c8c270e79cd56ca57baa21a49a0d1d9d,sk_a,over,Devon Toews,0.5,betmgm,145,-200,oddsapi
2026-10-07T21:00:07Z,2026-10-07,COL @ WPG,c8c270e79cd56ca57baa21a49a0d1d9d,sk_a,under,Devon Toews,0.5,betmgm,-200,145,oddsapi
2026-10-07T21:00:07Z,2026-10-07,COL @ WPG,c8c270e79cd56ca57baa21a49a0d1d9d,sk_a,over,Artturi Lehkonen,0.5,betmgm,220,-300,oddsapi
2026-10-07T21:00:07Z,2026-10-07,COL @ WPG,c8c270e79cd56ca57baa21a49a0d1d9d,sk_a,under,Artturi Lehkonen,0.5,betmgm,-300,220,oddsapi
2026-10-07T21:00:07Z,2026-10-07,COL @ WPG,c8c270e79cd56ca57baa21a49a0d1d9d,sk_a,over,Gabriel Vilardi,0.5,betmgm,180,-250,oddsapi
2026-10-07T21:00:07Z,2026-10-07,COL @ WPG,c8c270e79cd56ca57baa21a49a0d1d9d,sk_a,under,Gabriel Vilardi,0.5,betmgm,-250,180,oddsapi
2026-10-07T21:00:07Z,2026-10-07,COL @ WPG,c8c270e79cd56ca57baa21a49a0d1d9d,sk_a,over,Kyle Connor,0.5,betmgm,115,-155,oddsapi
2026-10-07T21:00:07Z,2026-10-07,COL @ WPG,c8c270e79cd56ca57baa21a49a0d1d9d,sk_a,under,Kyle Connor,0.5,betmgm,-155,115,oddsapi
2026-10-07T21:00:07Z,2026-10-07,COL @ WPG,c8c270e79cd56ca57baa21a49a0d1d9d,sk_a,over,Martin Necas,0.5,betmgm,-110,-120,oddsapi
2026-10-07T21:00:07Z,2026-10-07,COL @ WPG,c8c270e79cd56ca57baa21a49a0d1d9d,sk_a,under,Martin Necas,0.5,betmgm,-120,-110,oddsapi
2026-10-07T21:00:07Z,2026-10-07,COL @ WPG,c8c270e79cd56ca57baa21a49a0d1d9d,ags,yes,Nathan MacKinnon,,betmgm,120,,oddsapi
2026-10-07T21:00:07Z,2026-10-07,COL @ WPG,c8c270e79cd56ca57baa21a49a0d1d9d,ags,yes,Martin Necas,,betmgm,140,,oddsapi
2026-10-07T21:00:07Z,2026-10-07,COL @ WPG,c8c270e79cd56ca57baa21a49a0d1d9d,ags,yes,Kyle Connor,,betmgm,165,,oddsapi
2026-10-07T21:00:07Z,2026-10-07,COL @ WPG,c8c270e79cd56ca57baa21a49a0d1d9d,ags,yes,Brock Nelson,,betmgm,225,,oddsapi
2026-10-07T21:00:07Z,2026-10-07,COL @ WPG,c8c270e79cd56ca57baa21a49a0d1d9d,ags,yes,Mark Scheifele,,betmgm,225,,oddsapi
2026-10-07T21:00:07Z,2026-10-07,COL @ WPG,c8c270e79cd56ca57baa21a49a0d1d9d,ags,yes,Nazem Kadri,,betmgm,230,,oddsapi
2026-10-07T21:00:07Z,2026-10-07,COL @ WPG,c8c270e79cd56ca57baa21a49a0d1d9d,ags,yes,Gabriel Vilardi,,betmgm,250,,oddsapi
2026-10-07T21:00:07Z,2026-10-07,COL @ WPG,c8c270e79cd56ca57baa21a49a0d1d9d,ags,yes,Cole Perfetti,,betmgm,260,,oddsapi
2026-10-07T21:00:07Z,2026-10-07,COL @ WPG,c8c270e79cd56ca57baa21a49a0d1d9d,ags,yes,Artturi Lehkonen,,betmgm,260,,oddsapi
2026-10-07T21:00:07Z,2026-10-07,COL @ WPG,c8c270e79cd56ca57baa21a49a0d1d9d,ags,yes,Gabriel Landeskog,,betmgm,275,,oddsapi
2026-10-07T21:00:07Z,2026-10-07,COL @ WPG,c8c270e79cd56ca57baa21a49a0d1d9d,ags,yes,Cale Makar,,betmgm,333,,oddsapi
2026-10-07T21:00:07Z,2026-10-07,COL @ WPG,c8c270e79cd56ca57baa21a49a0d1d9d,ags,yes,T.J. Hughes,,betmgm,360,,oddsapi
2026-10-07T21:00:07Z,2026-10-07,COL @ WPG,c8c270e79cd56ca57baa21a49a0d1d9d,ags,yes,Jaden Schwartz,,betmgm,375,,oddsapi
2026-10-07T21:00:07Z,2026-10-07,COL @ WPG,c8c270e79cd56ca57baa21a49a0d1d9d,ags,yes,Viggo Bjorck,,betmgm,400,,oddsapi
2026-10-07T21:00:07Z,2026-10-07,COL @ WPG,c8c270e79cd56ca57baa21a49a0d1d9d,ags,yes,Nino Niederreiter,,betmgm,450,,oddsapi
2026-10-07T21:00:07Z,2026-10-07,COL @ WPG,c8c270e79cd56ca57baa21a49a0d1d9d,ags,yes,Isak Rosen,,betmgm,475,,oddsapi
2026-10-07T21:00:07Z,2026-10-07,COL @ WPG,c8c270e79cd56ca57baa21a49a0d1d9d,ags,yes,Nicolas Roy,,betmgm,525,,oddsapi
2026-10-07T21:00:07Z,2026-10-07,COL @ WPG,c8c270e79cd56ca57baa21a49a0d1d9d,ags,yes,Josh Morrissey,,betmgm,525,,oddsapi
2026-10-07T21:00:07Z,2026-10-07,COL @ WPG,c8c270e79cd56ca57baa21a49a0d1d9d,ags,yes,Alex Iafallo,,betmgm,525,,oddsapi
2026-10-07T21:00:07Z,2026-10-07,COL @ WPG,c8c270e79cd56ca57baa21a49a0d1d9d,ags,yes,Adam Lowry,,betmgm,525,,oddsapi
2026-10-07T21:00:07Z,2026-10-07,COL @ WPG,c8c270e79cd56ca57baa21a49a0d1d9d,ags,yes,Vladislav Namestnikov,,betmgm,550,,oddsapi
2026-10-07T21:00:07Z,2026-10-07,COL @ WPG,c8c270e79cd56ca57baa21a49a0d1d9d,ags,yes,Parker Kelly,,betmgm,600,,oddsapi
2026-10-07T21:00:07Z,2026-10-07,COL @ WPG,c8c270e79cd56ca57baa21a49a0d1d9d,ags,yes,Fedor Svechkov,,betmgm,600,,oddsapi
2026-10-07T21:00:07Z,2026-10-07,COL @ WPG,c8c270e79cd56ca57baa21a49a0d1d9d,ags,yes,Brad Lambert,,betmgm,650,,oddsapi
2026-10-07T21:00:07Z,2026-10-07,COL @ WPG,c8c270e79cd56ca57baa21a49a0d1d9d,ags,yes,Morgan Barron,,betmgm,650,,oddsapi
2026-10-07T21:00:07Z,2026-10-07,COL @ WPG,c8c270e79cd56ca57baa21a49a0d1d9d,ags,yes,Neal Pionk,,betmgm,675,,oddsapi
2026-10-07T21:00:07Z,2026-10-07,COL @ WPG,c8c270e79cd56ca57baa21a49a0d1d9d,ags,yes,Devon Toews,,betmgm,700,,oddsapi
2026-10-07T21:00:07Z,2026-10-07,COL @ WPG,c8c270e79cd56ca57baa21a49a0d1d9d,ags,yes,Sam Malinski,,betmgm,825,,oddsapi
2026-10-07T21:00:07Z,2026-10-07,COL @ WPG,c8c270e79cd56ca57baa21a49a0d1d9d,ags,yes,Brent Burns,,betmgm,825,,oddsapi
2026-10-07T21:00:07Z,2026-10-07,COL @ WPG,c8c270e79cd56ca57baa21a49a0d1d9d,ags,yes,Josh Manson,,betmgm,1200,,oddsapi
2026-10-07T21:00:07Z,2026-10-07,COL @ WPG,c8c270e79cd56ca57baa21a49a0d1d9d,ags,yes,Mario Ferraro,,betmgm,1250,,oddsapi
2026-10-07T21:00:07Z,2026-10-07,COL @ WPG,c8c270e79cd56ca57baa21a49a0d1d9d,ags,yes,Dylan DeMelo,,betmgm,1300,,oddsapi
2026-10-07T21:00:07Z,2026-10-07,COL @ WPG,c8c270e79cd56ca57baa21a49a0d1d9d,ags,yes,Dylan Samberg,,betmgm,1350,,oddsapi
2026-10-07T21:00:07Z,2026-10-07,COL @ WPG,c8c270e79cd56ca57baa21a49a0d1d9d,ags,yes,Tyrel Bauer,,betmgm,1400,,oddsapi
2026-10-07T21:00:07Z,2026-10-07,COL @ WPG,c8c270e79cd56ca57baa21a49a0d1d9d,ags,yes,Brett Kulak,,betmgm,1450,,oddsapi
2026-10-07T21:00:07Z,2026-10-07,COL @ WPG,c8c270e79cd56ca57baa21a49a0d1d9d,fgs,yes,Nathan MacKinnon,,betmgm,850,,oddsapi
2026-10-07T21:00:07Z,2026-10-07,COL @ WPG,c8c270e79cd56ca57baa21a49a0d1d9d,fgs,yes,Martin Necas,,betmgm,1000,,oddsapi
2026-10-07T21:00:07Z,2026-10-07,COL @ WPG,c8c270e79cd56ca57baa21a49a0d1d9d,fgs,yes,Kyle Connor,,betmgm,1100,,oddsapi
2026-10-07T21:00:07Z,2026-10-07,COL @ WPG,c8c270e79cd56ca57baa21a49a0d1d9d,fgs,yes,Mark Scheifele,,betmgm,1450,,oddsapi
2026-10-07T21:00:07Z,2026-10-07,COL @ WPG,c8c270e79cd56ca57baa21a49a0d1d9d,fgs,yes,Brock Nelson,,betmgm,1500,,oddsapi
2026-10-07T21:00:07Z,2026-10-07,COL @ WPG,c8c270e79cd56ca57baa21a49a0d1d9d,fgs,yes,Artturi Lehkonen,,betmgm,1650,,oddsapi
2026-10-07T21:00:07Z,2026-10-07,COL @ WPG,c8c270e79cd56ca57baa21a49a0d1d9d,fgs,yes,Nazem Kadri,,betmgm,1650,,oddsapi
2026-10-07T21:00:07Z,2026-10-07,COL @ WPG,c8c270e79cd56ca57baa21a49a0d1d9d,fgs,yes,Gabriel Vilardi,,betmgm,1700,,oddsapi
2026-10-07T21:00:07Z,2026-10-07,COL @ WPG,c8c270e79cd56ca57baa21a49a0d1d9d,fgs,yes,Cole Perfetti,,betmgm,1700,,oddsapi
2026-10-07T21:00:07Z,2026-10-07,COL @ WPG,c8c270e79cd56ca57baa21a49a0d1d9d,fgs,yes,Gabriel Landeskog,,betmgm,1750,,oddsapi
2026-10-07T21:00:07Z,2026-10-07,COL @ WPG,c8c270e79cd56ca57baa21a49a0d1d9d,fgs,yes,Cale Makar,,betmgm,1900,,oddsapi
2026-10-07T21:00:07Z,2026-10-07,COL @ WPG,c8c270e79cd56ca57baa21a49a0d1d9d,fgs,yes,T.J. Hughes,,betmgm,2200,,oddsapi
2026-10-07T21:00:07Z,2026-10-07,COL @ WPG,c8c270e79cd56ca57baa21a49a0d1d9d,fgs,yes,Jaden Schwartz,,betmgm,2200,,oddsapi
2026-10-07T21:00:07Z,2026-10-07,COL @ WPG,c8c270e79cd56ca57baa21a49a0d1d9d,fgs,yes,Nino Niederreiter,,betmgm,2500,,oddsapi
2026-10-07T21:00:07Z,2026-10-07,COL @ WPG,c8c270e79cd56ca57baa21a49a0d1d9d,fgs,yes,Viggo Bjorck,,betmgm,2500,,oddsapi
2026-10-07T21:00:07Z,2026-10-07,COL @ WPG,c8c270e79cd56ca57baa21a49a0d1d9d,fgs,yes,Isak Rosen,,betmgm,3000,,oddsapi
2026-10-07T21:00:07Z,2026-10-07,COL @ WPG,c8c270e79cd56ca57baa21a49a0d1d9d,fgs,yes,Josh Morrissey,,betmgm,3000,,oddsapi
2026-10-07T21:00:07Z,2026-10-07,COL @ WPG,c8c270e79cd56ca57baa21a49a0d1d9d,fgs,yes,Adam Lowry,,betmgm,3000,,oddsapi
2026-10-07T21:00:07Z,2026-10-07,COL @ WPG,c8c270e79cd56ca57baa21a49a0d1d9d,fgs,yes,Vladislav Namestnikov,,betmgm,3300,,oddsapi
2026-10-07T21:00:07Z,2026-10-07,COL @ WPG,c8c270e79cd56ca57baa21a49a0d1d9d,fgs,yes,Alex Iafallo,,betmgm,3300,,oddsapi
2026-10-07T21:00:07Z,2026-10-07,COL @ WPG,c8c270e79cd56ca57baa21a49a0d1d9d,fgs,yes,Nicolas Roy,,betmgm,3500,,oddsapi
2026-10-07T21:00:07Z,2026-10-07,COL @ WPG,c8c270e79cd56ca57baa21a49a0d1d9d,fgs,yes,Brad Lambert,,betmgm,4000,,oddsapi
2026-10-07T21:00:07Z,2026-10-07,COL @ WPG,c8c270e79cd56ca57baa21a49a0d1d9d,fgs,yes,Fedor Svechkov,,betmgm,4000,,oddsapi
2026-10-07T21:00:07Z,2026-10-07,COL @ WPG,c8c270e79cd56ca57baa21a49a0d1d9d,fgs,yes,Morgan Barron,,betmgm,4000,,oddsapi
2026-10-07T21:00:07Z,2026-10-07,COL @ WPG,c8c270e79cd56ca57baa21a49a0d1d9d,fgs,yes,Parker Kelly,,betmgm,4000,,oddsapi
2026-10-07T21:00:07Z,2026-10-07,COL @ WPG,c8c270e79cd56ca57baa21a49a0d1d9d,fgs,yes,Neal Pionk,,betmgm,4000,,oddsapi
2026-10-07T21:00:07Z,2026-10-07,COL @ WPG,c8c270e79cd56ca57baa21a49a0d1d9d,fgs,yes,Devon Toews,,betmgm,4000,,oddsapi
2026-10-07T21:00:07Z,2026-10-07,COL @ WPG,c8c270e79cd56ca57baa21a49a0d1d9d,fgs,yes,Brent Burns,,betmgm,4500,,oddsapi
2026-10-07T21:00:07Z,2026-10-07,COL @ WPG,c8c270e79cd56ca57baa21a49a0d1d9d,fgs,yes,Sam Malinski,,betmgm,5000,,oddsapi
2026-10-07T21:00:07Z,2026-10-07,COL @ WPG,c8c270e79cd56ca57baa21a49a0d1d9d,fgs,yes,Dylan DeMelo,,betmgm,8000,,oddsapi
2026-10-07T21:00:07Z,2026-10-07,COL @ WPG,c8c270e79cd56ca57baa21a49a0d1d9d,fgs,yes,Josh Manson,,betmgm,8000,,oddsapi
2026-10-07T21:00:07Z,2026-10-07,COL @ WPG,c8c270e79cd56ca57baa21a49a0d1d9d,fgs,yes,Brett Kulak,,betmgm,10000,,oddsapi
2026-10-07T21:00:07Z,2026-10-07,COL @ WPG,c8c270e79cd56ca57baa21a49a0d1d9d,fgs,yes,Mario Ferraro,,betmgm,10000,,oddsapi
2026-10-07T21:00:07Z,2026-10-07,COL @ WPG,c8c270e79cd56ca57baa21a49a0d1d9d,fgs,yes,Dylan Samberg,,betmgm,10000,,oddsapi
2026-10-07T21:00:07Z,2026-10-07,COL @ WPG,c8c270e79cd56ca57baa21a49a0d1d9d,fgs,yes,Tyrel Bauer,,betmgm,10000,,oddsapi
2026-10-07T21:00:07Z,2026-10-07,COL @ WPG,c8c270e79cd56ca57baa21a49a0d1d9d,sk_pts,over,Cole Perfetti,0.5,betmgm,-125,-105,oddsapi
2026-10-07T21:00:07Z,2026-10-07,COL @ WPG,c8c270e79cd56ca57baa21a49a0d1d9d,sk_pts,under,Cole Perfetti,0.5,betmgm,-105,-125,oddsapi
2026-10-07T21:00:07Z,2026-10-07,COL @ WPG,c8c270e79cd56ca57baa21a49a0d1d9d,sk_pts,over,Cale Makar,0.5,betmgm,-220,160,oddsapi
2026-10-07T21:00:07Z,2026-10-07,COL @ WPG,c8c270e79cd56ca57baa21a49a0d1d9d,sk_pts,under,Cale Makar,0.5,betmgm,160,-220,oddsapi
2026-10-07T21:00:07Z,2026-10-07,COL @ WPG,c8c270e79cd56ca57baa21a49a0d1d9d,sk_pts,over,T.J. Hughes,0.5,betmgm,135,-185,oddsapi
2026-10-07T21:00:07Z,2026-10-07,COL @ WPG,c8c270e79cd56ca57baa21a49a0d1d9d,sk_pts,under,T.J. Hughes,0.5,betmgm,-185,135,oddsapi
2026-10-07T21:00:07Z,2026-10-07,COL @ WPG,c8c270e79cd56ca57baa21a49a0d1d9d,sk_pts,over,Gabriel Vilardi,0.5,betmgm,-115,-115,oddsapi
2026-10-07T21:00:07Z,2026-10-07,COL @ WPG,c8c270e79cd56ca57baa21a49a0d1d9d,sk_pts,under,Gabriel Vilardi,0.5,betmgm,-115,-115,oddsapi
2026-10-07T21:00:07Z,2026-10-07,COL @ WPG,c8c270e79cd56ca57baa21a49a0d1d9d,sk_pts,over,Brock Nelson,0.5,betmgm,-105,-130,oddsapi
2026-10-07T21:00:07Z,2026-10-07,COL @ WPG,c8c270e79cd56ca57baa21a49a0d1d9d,sk_pts,under,Brock Nelson,0.5,betmgm,-130,-105,oddsapi
2026-10-07T21:00:07Z,2026-10-07,COL @ WPG,c8c270e79cd56ca57baa21a49a0d1d9d,sk_pts,over,Kyle Connor,0.5,betmgm,-210,150,oddsapi
2026-10-07T21:00:07Z,2026-10-07,COL @ WPG,c8c270e79cd56ca57baa21a49a0d1d9d,sk_pts,under,Kyle Connor,0.5,betmgm,150,-210,oddsapi
2026-10-07T21:00:07Z,2026-10-07,COL @ WPG,c8c270e79cd56ca57baa21a49a0d1d9d,sk_pts,over,Josh Morrissey,0.5,betmgm,-120,-110,oddsapi
2026-10-07T21:00:07Z,2026-10-07,COL @ WPG,c8c270e79cd56ca57baa21a49a0d1d9d,sk_pts,under,Josh Morrissey,0.5,betmgm,-110,-120,oddsapi
2026-10-07T21:00:07Z,2026-10-07,COL @ WPG,c8c270e79cd56ca57baa21a49a0d1d9d,sk_pts,over,Mark Scheifele,0.5,betmgm,-200,145,oddsapi
2026-10-07T21:00:07Z,2026-10-07,COL @ WPG,c8c270e79cd56ca57baa21a49a0d1d9d,sk_pts,under,Mark Scheifele,0.5,betmgm,145,-200,oddsapi
2026-10-07T21:00:07Z,2026-10-07,COL @ WPG,c8c270e79cd56ca57baa21a49a0d1d9d,sk_pts,over,Martin Necas,0.5,betmgm,-250,180,oddsapi
2026-10-07T21:00:07Z,2026-10-07,COL @ WPG,c8c270e79cd56ca57baa21a49a0d1d9d,sk_pts,under,Martin Necas,0.5,betmgm,180,-250,oddsapi
2026-10-07T21:00:07Z,2026-10-07,COL @ WPG,c8c270e79cd56ca57baa21a49a0d1d9d,sk_pts,over,Nazem Kadri,0.5,betmgm,-125,-105,oddsapi
2026-10-07T21:00:07Z,2026-10-07,COL @ WPG,c8c270e79cd56ca57baa21a49a0d1d9d,sk_pts,under,Nazem Kadri,0.5,betmgm,-105,-125,oddsapi
2026-10-07T21:00:07Z,2026-10-07,COL @ WPG,c8c270e79cd56ca57baa21a49a0d1d9d,sk_pts,over,Artturi Lehkonen,0.5,betmgm,-105,-125,oddsapi
2026-10-07T21:00:07Z,2026-10-07,COL @ WPG,c8c270e79cd56ca57baa21a49a0d1d9d,sk_pts,under,Artturi Lehkonen,0.5,betmgm,-125,-105,oddsapi
2026-10-07T21:00:07Z,2026-10-07,COL @ WPG,c8c270e79cd56ca57baa21a49a0d1d9d,sk_pts,over,Nathan MacKinnon,1.5,betmgm,105,-140,oddsapi
2026-10-07T21:00:07Z,2026-10-07,COL @ WPG,c8c270e79cd56ca57baa21a49a0d1d9d,sk_pts,under,Nathan MacKinnon,1.5,betmgm,-140,105,oddsapi
2026-10-07T21:00:07Z,2026-10-07,COL @ WPG,c8c270e79cd56ca57baa21a49a0d1d9d,sk_pts,over,Gabriel Landeskog,0.5,betmgm,-111,-120,oddsapi
2026-10-07T21:00:07Z,2026-10-07,COL @ WPG,c8c270e79cd56ca57baa21a49a0d1d9d,sk_pts,under,Gabriel Landeskog,0.5,betmgm,-120,-111,oddsapi
2026-10-07T21:00:07Z,2026-10-07,COL @ WPG,c8c270e79cd56ca57baa21a49a0d1d9d,sk_pts,over,Devon Toews,0.5,betmgm,115,-155,oddsapi
2026-10-07T21:00:07Z,2026-10-07,COL @ WPG,c8c270e79cd56ca57baa21a49a0d1d9d,sk_pts,under,Devon Toews,0.5,betmgm,-155,115,oddsapi
2026-10-07T21:00:07Z,2026-10-07,COL @ WPG,c8c270e79cd56ca57baa21a49a0d1d9d,sk_ppp,over,T.J. Hughes,0.5,betmgm,325,-600,oddsapi
2026-10-07T21:00:07Z,2026-10-07,COL @ WPG,c8c270e79cd56ca57baa21a49a0d1d9d,sk_ppp,under,T.J. Hughes,0.5,betmgm,-600,325,oddsapi
2026-10-07T21:00:07Z,2026-10-07,COL @ WPG,c8c270e79cd56ca57baa21a49a0d1d9d,sk_ppp,over,Josh Morrissey,0.5,betmgm,275,-450,oddsapi
2026-10-07T21:00:07Z,2026-10-07,COL @ WPG,c8c270e79cd56ca57baa21a49a0d1d9d,sk_ppp,under,Josh Morrissey,0.5,betmgm,-450,275,oddsapi
2026-10-07T21:00:07Z,2026-10-07,COL @ WPG,c8c270e79cd56ca57baa21a49a0d1d9d,sk_ppp,over,Nazem Kadri,0.5,betmgm,250,-400,oddsapi
2026-10-07T21:00:07Z,2026-10-07,COL @ WPG,c8c270e79cd56ca57baa21a49a0d1d9d,sk_ppp,under,Nazem Kadri,0.5,betmgm,-400,250,oddsapi
2026-10-07T21:00:07Z,2026-10-07,COL @ WPG,c8c270e79cd56ca57baa21a49a0d1d9d,sk_ppp,over,Cole Perfetti,0.5,betmgm,240,-350,oddsapi
2026-10-07T21:00:07Z,2026-10-07,COL @ WPG,c8c270e79cd56ca57baa21a49a0d1d9d,sk_ppp,under,Cole Perfetti,0.5,betmgm,-350,240,oddsapi
2026-10-07T21:00:07Z,2026-10-07,COL @ WPG,c8c270e79cd56ca57baa21a49a0d1d9d,sk_ppp,over,Cale Makar,0.5,betmgm,200,-275,oddsapi
2026-10-07T21:00:07Z,2026-10-07,COL @ WPG,c8c270e79cd56ca57baa21a49a0d1d9d,sk_ppp,under,Cale Makar,0.5,betmgm,-275,200,oddsapi
2026-10-07T21:00:07Z,2026-10-07,COL @ WPG,c8c270e79cd56ca57baa21a49a0d1d9d,sk_ppp,over,Gabriel Vilardi,0.5,betmgm,225,-325,oddsapi
2026-10-07T21:00:07Z,2026-10-07,COL @ WPG,c8c270e79cd56ca57baa21a49a0d1d9d,sk_ppp,under,Gabriel Vilardi,0.5,betmgm,-325,225,oddsapi
2026-10-07T21:00:07Z,2026-10-07,COL @ WPG,c8c270e79cd56ca57baa21a49a0d1d9d,sk_ppp,over,Kyle Connor,0.5,betmgm,180,-250,oddsapi
2026-10-07T21:00:07Z,2026-10-07,COL @ WPG,c8c270e79cd56ca57baa21a49a0d1d9d,sk_ppp,under,Kyle Connor,0.5,betmgm,-250,180,oddsapi
2026-10-07T21:00:07Z,2026-10-07,COL @ WPG,c8c270e79cd56ca57baa21a49a0d1d9d,sk_ppp,over,Martin Necas,0.5,betmgm,210,-300,oddsapi
2026-10-07T21:00:07Z,2026-10-07,COL @ WPG,c8c270e79cd56ca57baa21a49a0d1d9d,sk_ppp,under,Martin Necas,0.5,betmgm,-300,210,oddsapi
2026-10-07T21:00:07Z,2026-10-07,COL @ WPG,c8c270e79cd56ca57baa21a49a0d1d9d,sk_ppp,over,Mark Scheifele,0.5,betmgm,180,-250,oddsapi
2026-10-07T21:00:07Z,2026-10-07,COL @ WPG,c8c270e79cd56ca57baa21a49a0d1d9d,sk_ppp,under,Mark Scheifele,0.5,betmgm,-250,180,oddsapi
2026-10-07T21:00:07Z,2026-10-07,COL @ WPG,c8c270e79cd56ca57baa21a49a0d1d9d,sk_ppp,over,Nathan MacKinnon,0.5,betmgm,180,-250,oddsapi
2026-10-07T21:00:07Z,2026-10-07,COL @ WPG,c8c270e79cd56ca57baa21a49a0d1d9d,sk_ppp,under,Nathan MacKinnon,0.5,betmgm,-250,180,oddsapi
2026-10-07T21:00:07Z,2026-10-07,COL @ WPG,c8c270e79cd56ca57baa21a49a0d1d9d,sk_ppp,over,Gabriel Landeskog,0.5,betmgm,310,-550,oddsapi
2026-10-07T21:00:07Z,2026-10-07,COL @ WPG,c8c270e79cd56ca57baa21a49a0d1d9d,sk_ppp,under,Gabriel Landeskog,0.5,betmgm,-550,310,oddsapi
2026-10-07T21:00:07Z,2026-10-07,COL @ WPG,c8c270e79cd56ca57baa21a49a0d1d9d,sk_sog,over,T.J. Hughes,1.5,betmgm,-150,105,oddsapi
2026-10-07T21:00:07Z,2026-10-07,COL @ WPG,c8c270e79cd56ca57baa21a49a0d1d9d,sk_sog,under,T.J. Hughes,1.5,betmgm,105,-150,oddsapi
2026-10-07T21:00:07Z,2026-10-07,COL @ WPG,c8c270e79cd56ca57baa21a49a0d1d9d,sk_sog,over,Cale Makar,2.5,betmgm,-111,-130,oddsapi
2026-10-07T21:00:07Z,2026-10-07,COL @ WPG,c8c270e79cd56ca57baa21a49a0d1d9d,sk_sog,under,Cale Makar,2.5,betmgm,-130,-111,oddsapi
2026-10-07T21:00:07Z,2026-10-07,COL @ WPG,c8c270e79cd56ca57baa21a49a0d1d9d,sk_sog,over,Cole Perfetti,1.5,betmgm,-235,150,oddsapi
2026-10-07T21:00:07Z,2026-10-07,COL @ WPG,c8c270e79cd56ca57baa21a49a0d1d9d,sk_sog,under,Cole Perfetti,1.5,betmgm,150,-235,oddsapi
2026-10-07T21:00:07Z,2026-10-07,COL @ WPG,c8c270e79cd56ca57baa21a49a0d1d9d,sk_sog,over,Devon Toews,1.5,betmgm,-111,-130,oddsapi
2026-10-07T21:00:07Z,2026-10-07,COL @ WPG,c8c270e79cd56ca57baa21a49a0d1d9d,sk_sog,under,Devon Toews,1.5,betmgm,-130,-111,oddsapi
2026-10-07T21:00:07Z,2026-10-07,COL @ WPG,c8c270e79cd56ca57baa21a49a0d1d9d,sk_sog,over,Gabriel Landeskog,1.5,betmgm,-165,115,oddsapi
2026-10-07T21:00:07Z,2026-10-07,COL @ WPG,c8c270e79cd56ca57baa21a49a0d1d9d,sk_sog,under,Gabriel Landeskog,1.5,betmgm,115,-165,oddsapi
2026-10-07T21:00:07Z,2026-10-07,COL @ WPG,c8c270e79cd56ca57baa21a49a0d1d9d,sk_sog,over,Josh Morrissey,1.5,betmgm,-200,130,oddsapi
2026-10-07T21:00:07Z,2026-10-07,COL @ WPG,c8c270e79cd56ca57baa21a49a0d1d9d,sk_sog,under,Josh Morrissey,1.5,betmgm,130,-200,oddsapi
2026-10-07T21:00:07Z,2026-10-07,COL @ WPG,c8c270e79cd56ca57baa21a49a0d1d9d,sk_sog,over,Nazem Kadri,2.5,betmgm,115,-165,oddsapi
2026-10-07T21:00:07Z,2026-10-07,COL @ WPG,c8c270e79cd56ca57baa21a49a0d1d9d,sk_sog,under,Nazem Kadri,2.5,betmgm,-165,115,oddsapi
2026-10-07T21:00:07Z,2026-10-07,COL @ WPG,c8c270e79cd56ca57baa21a49a0d1d9d,sk_sog,over,Brock Nelson,1.5,betmgm,-155,105,oddsapi
2026-10-07T21:00:07Z,2026-10-07,COL @ WPG,c8c270e79cd56ca57baa21a49a0d1d9d,sk_sog,under,Brock Nelson,1.5,betmgm,105,-155,oddsapi
2026-10-07T21:00:07Z,2026-10-07,COL @ WPG,c8c270e79cd56ca57baa21a49a0d1d9d,sk_sog,over,Nathan MacKinnon,3.5,betmgm,-140,-105,oddsapi
2026-10-07T21:00:07Z,2026-10-07,COL @ WPG,c8c270e79cd56ca57baa21a49a0d1d9d,sk_sog,under,Nathan MacKinnon,3.5,betmgm,-105,-140,oddsapi
2026-10-07T21:00:07Z,2026-10-07,COL @ WPG,c8c270e79cd56ca57baa21a49a0d1d9d,sk_sog,over,Mark Scheifele,1.5,betmgm,-210,130,oddsapi
2026-10-07T21:00:07Z,2026-10-07,COL @ WPG,c8c270e79cd56ca57baa21a49a0d1d9d,sk_sog,under,Mark Scheifele,1.5,betmgm,130,-210,oddsapi
2026-10-07T21:00:07Z,2026-10-07,COL @ WPG,c8c270e79cd56ca57baa21a49a0d1d9d,sk_sog,over,Kyle Connor,3.5,betmgm,-105,-140,oddsapi
2026-10-07T21:00:07Z,2026-10-07,COL @ WPG,c8c270e79cd56ca57baa21a49a0d1d9d,sk_sog,under,Kyle Connor,3.5,betmgm,-140,-105,oddsapi
2026-10-07T21:00:07Z,2026-10-07,COL @ WPG,c8c270e79cd56ca57baa21a49a0d1d9d,sk_sog,over,Martin Necas,2.5,betmgm,-118,-118,oddsapi
2026-10-07T21:00:07Z,2026-10-07,COL @ WPG,c8c270e79cd56ca57baa21a49a0d1d9d,sk_sog,under,Martin Necas,2.5,betmgm,-118,-118,oddsapi
2026-10-07T21:00:07Z,2026-10-07,COL @ WPG,c8c270e79cd56ca57baa21a49a0d1d9d,sk_sog,over,Artturi Lehkonen,1.5,betmgm,-130,-111,oddsapi
2026-10-07T21:00:07Z,2026-10-07,COL @ WPG,c8c270e79cd56ca57baa21a49a0d1d9d,sk_sog,under,Artturi Lehkonen,1.5,betmgm,-111,-130,oddsapi
2026-10-07T21:00:07Z,2026-10-07,COL @ WPG,c8c270e79cd56ca57baa21a49a0d1d9d,sk_sog,over,Gabriel Vilardi,1.5,betmgm,-145,100,oddsapi
2026-10-07T21:00:07Z,2026-10-07,COL @ WPG,c8c270e79cd56ca57baa21a49a0d1d9d,sk_sog,under,Gabriel Vilardi,1.5,betmgm,100,-145,oddsapi
2026-10-07T21:00:07Z,2026-10-07,COL @ WPG,c8c270e79cd56ca57baa21a49a0d1d9d,p1_pl,COL,,-2,betmgm,900,-2500,oddsapi
2026-10-07T21:00:07Z,2026-10-07,COL @ WPG,c8c270e79cd56ca57baa21a49a0d1d9d,p1_pl,WPG,,2,betmgm,-2500,900,oddsapi
2026-10-07T21:00:07Z,2026-10-07,COL @ WPG,c8c270e79cd56ca57baa21a49a0d1d9d,p2_pl,COL,,-2,betmgm,750,-2500,oddsapi
2026-10-07T21:00:07Z,2026-10-07,COL @ WPG,c8c270e79cd56ca57baa21a49a0d1d9d,p2_pl,WPG,,2,betmgm,-2500,750,oddsapi
2026-10-07T21:00:07Z,2026-10-07,COL @ WPG,c8c270e79cd56ca57baa21a49a0d1d9d,p3_pl,COL,,-2,betmgm,650,-1600,oddsapi
2026-10-07T21:00:07Z,2026-10-07,COL @ WPG,c8c270e79cd56ca57baa21a49a0d1d9d,p3_pl,WPG,,2,betmgm,-1600,650,oddsapi
2026-10-07T21:00:07Z,2026-10-07,COL @ WPG,c8c270e79cd56ca57baa21a49a0d1d9d,team_total,over,COL,3.5,betmgm,-135,-105,oddsapi
2026-10-07T21:00:07Z,2026-10-07,COL @ WPG,c8c270e79cd56ca57baa21a49a0d1d9d,team_total,under,COL,3.5,betmgm,-105,-135,oddsapi
2026-10-07T21:00:07Z,2026-10-07,COL @ WPG,c8c270e79cd56ca57baa21a49a0d1d9d,team_total,over,WPG,2.5,betmgm,-135,-105,oddsapi
2026-10-07T21:00:07Z,2026-10-07,COL @ WPG,c8c270e79cd56ca57baa21a49a0d1d9d,team_total,under,WPG,2.5,betmgm,-105,-135,oddsapi
2026-10-07T21:00:07Z,2026-10-07,COL @ WPG,c8c270e79cd56ca57baa21a49a0d1d9d,p1_total,over,,2.5,betmgm,200,-275,oddsapi
2026-10-07T21:00:07Z,2026-10-07,COL @ WPG,c8c270e79cd56ca57baa21a49a0d1d9d,p1_total,under,,2.5,betmgm,-275,200,oddsapi
2026-10-07T21:00:07Z,2026-10-07,COL @ WPG,c8c270e79cd56ca57baa21a49a0d1d9d,p2_total,over,,3,betmgm,300,-475,oddsapi
2026-10-07T21:00:07Z,2026-10-07,COL @ WPG,c8c270e79cd56ca57baa21a49a0d1d9d,p2_total,under,,3,betmgm,-475,300,oddsapi
2026-10-07T21:00:07Z,2026-10-07,COL @ WPG,c8c270e79cd56ca57baa21a49a0d1d9d,p3_total,over,,3,betmgm,260,-400,oddsapi
2026-10-07T21:00:07Z,2026-10-07,COL @ WPG,c8c270e79cd56ca57baa21a49a0d1d9d,p3_total,under,,3,betmgm,-400,260,oddsapi
2026-10-07T21:00:07Z,2026-10-07,COL @ WPG,c8c270e79cd56ca57baa21a49a0d1d9d,game_pl_alt,COL,,1.5,fanduel,-550,360,oddsapi
2026-10-07T21:00:07Z,2026-10-07,COL @ WPG,c8c270e79cd56ca57baa21a49a0d1d9d,game_pl_alt,COL,,2.5,fanduel,-1250,630,oddsapi
2026-10-07T21:00:07Z,2026-10-07,COL @ WPG,c8c270e79cd56ca57baa21a49a0d1d9d,game_pl_alt,COL,,3.5,fanduel,-4500,1600,oddsapi
2026-10-07T21:00:07Z,2026-10-07,COL @ WPG,c8c270e79cd56ca57baa21a49a0d1d9d,game_pl_alt,COL,,4.5,fanduel,-8000,4600,oddsapi
2026-10-07T21:00:07Z,2026-10-07,COL @ WPG,c8c270e79cd56ca57baa21a49a0d1d9d,game_pl_alt,COL,,5.5,fanduel,-50000,,oddsapi
2026-10-07T21:00:07Z,2026-10-07,COL @ WPG,c8c270e79cd56ca57baa21a49a0d1d9d,game_pl_alt,COL,,-1.5,fanduel,126,-160,oddsapi
2026-10-07T21:00:07Z,2026-10-07,COL @ WPG,c8c270e79cd56ca57baa21a49a0d1d9d,game_pl_alt,COL,,-2.5,fanduel,196,-260,oddsapi
2026-10-07T21:00:07Z,2026-10-07,COL @ WPG,c8c270e79cd56ca57baa21a49a0d1d9d,game_pl_alt,COL,,-3.5,fanduel,510,-850,oddsapi
2026-10-07T21:00:07Z,2026-10-07,COL @ WPG,c8c270e79cd56ca57baa21a49a0d1d9d,game_pl_alt,COL,,-4.5,fanduel,1220,-2400,oddsapi
2026-10-07T21:00:07Z,2026-10-07,COL @ WPG,c8c270e79cd56ca57baa21a49a0d1d9d,game_pl_alt,COL,,-5.5,fanduel,2500,-6000,oddsapi
2026-10-07T21:00:07Z,2026-10-07,COL @ WPG,c8c270e79cd56ca57baa21a49a0d1d9d,game_pl_alt,COL,,-6.5,fanduel,6000,-20000,oddsapi
2026-10-07T21:00:07Z,2026-10-07,COL @ WPG,c8c270e79cd56ca57baa21a49a0d1d9d,game_pl_alt,WPG,,1.5,fanduel,-160,126,oddsapi
2026-10-07T21:00:07Z,2026-10-07,COL @ WPG,c8c270e79cd56ca57baa21a49a0d1d9d,game_pl_alt,WPG,,2.5,fanduel,-260,196,oddsapi
2026-10-07T21:00:07Z,2026-10-07,COL @ WPG,c8c270e79cd56ca57baa21a49a0d1d9d,game_pl_alt,WPG,,3.5,fanduel,-850,510,oddsapi
2026-10-07T21:00:07Z,2026-10-07,COL @ WPG,c8c270e79cd56ca57baa21a49a0d1d9d,game_pl_alt,WPG,,4.5,fanduel,-2400,1220,oddsapi
2026-10-07T21:00:07Z,2026-10-07,COL @ WPG,c8c270e79cd56ca57baa21a49a0d1d9d,game_pl_alt,WPG,,5.5,fanduel,-6000,2500,oddsapi
2026-10-07T21:00:07Z,2026-10-07,COL @ WPG,c8c270e79cd56ca57baa21a49a0d1d9d,game_pl_alt,WPG,,6.5,fanduel,-20000,6000,oddsapi
2026-10-07T21:00:07Z,2026-10-07,COL @ WPG,c8c270e79cd56ca57baa21a49a0d1d9d,game_pl_alt,WPG,,-1.5,fanduel,360,-550,oddsapi
2026-10-07T21:00:07Z,2026-10-07,COL @ WPG,c8c270e79cd56ca57baa21a49a0d1d9d,game_pl_alt,WPG,,-2.5,fanduel,630,-1250,oddsapi
2026-10-07T21:00:07Z,2026-10-07,COL @ WPG,c8c270e79cd56ca57baa21a49a0d1d9d,game_pl_alt,WPG,,-3.5,fanduel,1600,-4500,oddsapi
2026-10-07T21:00:07Z,2026-10-07,COL @ WPG,c8c270e79cd56ca57baa21a49a0d1d9d,game_pl_alt,WPG,,-4.5,fanduel,4600,-8000,oddsapi
2026-10-07T21:00:07Z,2026-10-07,COL @ WPG,c8c270e79cd56ca57baa21a49a0d1d9d,team_total_alt,over,COL,0.5,fanduel,-6000,2400,oddsapi
2026-10-07T21:00:07Z,2026-10-07,COL @ WPG,c8c270e79cd56ca57baa21a49a0d1d9d,team_total_alt,over,COL,1.5,fanduel,-1100,610,oddsapi
2026-10-07T21:00:07Z,2026-10-07,COL @ WPG,c8c270e79cd56ca57baa21a49a0d1d9d,team_total_alt,over,COL,2.5,fanduel,-320,,oddsapi
2026-10-07T21:00:07Z,2026-10-07,COL @ WPG,c8c270e79cd56ca57baa21a49a0d1d9d,team_total_alt,over,COL,3.5,fanduel,-126,-102,oddsapi
2026-10-07T21:00:07Z,2026-10-07,COL @ WPG,c8c270e79cd56ca57baa21a49a0d1d9d,team_total_alt,over,COL,4.5,fanduel,188,-250,oddsapi
2026-10-07T21:00:07Z,2026-10-07,COL @ WPG,c8c270e79cd56ca57baa21a49a0d1d9d,team_total_alt,over,COL,5.5,fanduel,460,-750,oddsapi
2026-10-07T21:00:07Z,2026-10-07,COL @ WPG,c8c270e79cd56ca57baa21a49a0d1d9d,team_total_alt,over,COL,6.5,fanduel,1120,-2400,oddsapi
2026-10-07T21:00:07Z,2026-10-07,COL @ WPG,c8c270e79cd56ca57baa21a49a0d1d9d,team_total_alt,over,COL,7.5,fanduel,2800,-8000,oddsapi
2026-10-07T21:00:07Z,2026-10-07,COL @ WPG,c8c270e79cd56ca57baa21a49a0d1d9d,team_total_alt,under,COL,0.5,fanduel,2400,-6000,oddsapi
2026-10-07T21:00:07Z,2026-10-07,COL @ WPG,c8c270e79cd56ca57baa21a49a0d1d9d,team_total_alt,under,COL,1.5,fanduel,610,-1100,oddsapi
2026-10-07T21:00:07Z,2026-10-07,COL @ WPG,c8c270e79cd56ca57baa21a49a0d1d9d,team_total_alt,under,COL,3.5,fanduel,-102,-126,oddsapi
2026-10-07T21:00:07Z,2026-10-07,COL @ WPG,c8c270e79cd56ca57baa21a49a0d1d9d,team_total_alt,under,COL,4.5,fanduel,-250,188,oddsapi
2026-10-07T21:00:07Z,2026-10-07,COL @ WPG,c8c270e79cd56ca57baa21a49a0d1d9d,team_total_alt,under,COL,5.5,fanduel,-750,460,oddsapi
2026-10-07T21:00:07Z,2026-10-07,COL @ WPG,c8c270e79cd56ca57baa21a49a0d1d9d,team_total_alt,under,COL,6.5,fanduel,-2400,1120,oddsapi
2026-10-07T21:00:07Z,2026-10-07,COL @ WPG,c8c270e79cd56ca57baa21a49a0d1d9d,team_total_alt,under,COL,7.5,fanduel,-8000,2800,oddsapi
2026-10-07T21:00:07Z,2026-10-07,COL @ WPG,c8c270e79cd56ca57baa21a49a0d1d9d,team_total_alt,over,WPG,0.5,fanduel,-2400,1120,oddsapi
2026-10-07T21:00:07Z,2026-10-07,COL @ WPG,c8c270e79cd56ca57baa21a49a0d1d9d,team_total_alt,over,WPG,1.5,fanduel,-400,270,oddsapi
2026-10-07T21:00:07Z,2026-10-07,COL @ WPG,c8c270e79cd56ca57baa21a49a0d1d9d,team_total_alt,over,WPG,2.5,fanduel,-128,,oddsapi
2026-10-07T21:00:07Z,2026-10-07,COL @ WPG,c8c270e79cd56ca57baa21a49a0d1d9d,team_total_alt,over,WPG,3.5,fanduel,192,-260,oddsapi
2026-10-07T21:00:07Z,2026-10-07,COL @ WPG,c8c270e79cd56ca57baa21a49a0d1d9d,team_total_alt,over,WPG,4.5,fanduel,450,-750,oddsapi
2026-10-07T21:00:07Z,2026-10-07,COL @ WPG,c8c270e79cd56ca57baa21a49a0d1d9d,team_total_alt,over,WPG,5.5,fanduel,1120,-2400,oddsapi
2026-10-07T21:00:07Z,2026-10-07,COL @ WPG,c8c270e79cd56ca57baa21a49a0d1d9d,team_total_alt,over,WPG,6.5,fanduel,2900,-8000,oddsapi
2026-10-07T21:00:07Z,2026-10-07,COL @ WPG,c8c270e79cd56ca57baa21a49a0d1d9d,team_total_alt,under,WPG,0.5,fanduel,1120,-2400,oddsapi
2026-10-07T21:00:07Z,2026-10-07,COL @ WPG,c8c270e79cd56ca57baa21a49a0d1d9d,team_total_alt,under,WPG,1.5,fanduel,270,-400,oddsapi
2026-10-07T21:00:07Z,2026-10-07,COL @ WPG,c8c270e79cd56ca57baa21a49a0d1d9d,team_total_alt,under,WPG,3.5,fanduel,-260,192,oddsapi
2026-10-07T21:00:07Z,2026-10-07,COL @ WPG,c8c270e79cd56ca57baa21a49a0d1d9d,team_total_alt,under,WPG,4.5,fanduel,-750,450,oddsapi
2026-10-07T21:00:07Z,2026-10-07,COL @ WPG,c8c270e79cd56ca57baa21a49a0d1d9d,team_total_alt,under,WPG,5.5,fanduel,-2400,1120,oddsapi
2026-10-07T21:00:07Z,2026-10-07,COL @ WPG,c8c270e79cd56ca57baa21a49a0d1d9d,team_total_alt,under,WPG,6.5,fanduel,-8000,2900,oddsapi
2026-10-07T21:00:07Z,2026-10-07,COL @ WPG,c8c270e79cd56ca57baa21a49a0d1d9d,game_total_alt,over,,2.5,fanduel,-8000,2800,oddsapi
2026-10-07T21:00:07Z,2026-10-07,COL @ WPG,c8c270e79cd56ca57baa21a49a0d1d9d,game_total_alt,over,,3.5,fanduel,-1200,680,oddsapi
2026-10-07T21:00:07Z,2026-10-07,COL @ WPG,c8c270e79cd56ca57baa21a49a0d1d9d,game_total_alt,over,,4.5,fanduel,-600,380,oddsapi
2026-10-07T21:00:07Z,2026-10-07,COL @ WPG,c8c270e79cd56ca57baa21a49a0d1d9d,game_total_alt,over,,5.5,fanduel,-180,140,oddsapi
2026-10-07T21:00:07Z,2026-10-07,COL @ WPG,c8c270e79cd56ca57baa21a49a0d1d9d,game_total_alt,over,,6.5,fanduel,-110,-116,oddsapi
2026-10-07T21:00:07Z,2026-10-07,COL @ WPG,c8c270e79cd56ca57baa21a49a0d1d9d,game_total_alt,over,,7.5,fanduel,210,-290,oddsapi
2026-10-07T21:00:07Z,2026-10-07,COL @ WPG,c8c270e79cd56ca57baa21a49a0d1d9d,game_total_alt,over,,8.5,fanduel,340,-550,oddsapi
2026-10-07T21:00:07Z,2026-10-07,COL @ WPG,c8c270e79cd56ca57baa21a49a0d1d9d,game_total_alt,over,,9.5,fanduel,780,-1450,oddsapi
2026-10-07T21:00:07Z,2026-10-07,COL @ WPG,c8c270e79cd56ca57baa21a49a0d1d9d,game_total_alt,over,,10.5,fanduel,1260,-3000,oddsapi
2026-10-07T21:00:07Z,2026-10-07,COL @ WPG,c8c270e79cd56ca57baa21a49a0d1d9d,game_total_alt,over,,11.5,fanduel,2800,-8000,oddsapi
2026-10-07T21:00:07Z,2026-10-07,COL @ WPG,c8c270e79cd56ca57baa21a49a0d1d9d,game_total_alt,over,,12.5,fanduel,4900,,oddsapi
2026-10-07T21:00:07Z,2026-10-07,COL @ WPG,c8c270e79cd56ca57baa21a49a0d1d9d,game_total_alt,under,,2.5,fanduel,2800,-8000,oddsapi
2026-10-07T21:00:07Z,2026-10-07,COL @ WPG,c8c270e79cd56ca57baa21a49a0d1d9d,game_total_alt,under,,3.5,fanduel,680,-1200,oddsapi
2026-10-07T21:00:07Z,2026-10-07,COL @ WPG,c8c270e79cd56ca57baa21a49a0d1d9d,game_total_alt,under,,4.5,fanduel,380,-600,oddsapi
2026-10-07T21:00:07Z,2026-10-07,COL @ WPG,c8c270e79cd56ca57baa21a49a0d1d9d,game_total_alt,under,,5.5,fanduel,140,-180,oddsapi
2026-10-07T21:00:07Z,2026-10-07,COL @ WPG,c8c270e79cd56ca57baa21a49a0d1d9d,game_total_alt,under,,6.5,fanduel,-116,-110,oddsapi
2026-10-07T21:00:07Z,2026-10-07,COL @ WPG,c8c270e79cd56ca57baa21a49a0d1d9d,game_total_alt,under,,7.5,fanduel,-290,210,oddsapi
2026-10-07T21:00:07Z,2026-10-07,COL @ WPG,c8c270e79cd56ca57baa21a49a0d1d9d,game_total_alt,under,,8.5,fanduel,-550,340,oddsapi
2026-10-07T21:00:07Z,2026-10-07,COL @ WPG,c8c270e79cd56ca57baa21a49a0d1d9d,game_total_alt,under,,9.5,fanduel,-1450,780,oddsapi
2026-10-07T21:00:07Z,2026-10-07,COL @ WPG,c8c270e79cd56ca57baa21a49a0d1d9d,game_total_alt,under,,10.5,fanduel,-3000,1260,oddsapi
2026-10-07T21:00:07Z,2026-10-07,COL @ WPG,c8c270e79cd56ca57baa21a49a0d1d9d,game_total_alt,under,,11.5,fanduel,-8000,2800,oddsapi
2026-10-07T21:00:07Z,2026-10-07,COL @ WPG,c8c270e79cd56ca57baa21a49a0d1d9d,game_ml3,COL,,,fanduel,-125,,oddsapi
2026-10-07T21:00:07Z,2026-10-07,COL @ WPG,c8c270e79cd56ca57baa21a49a0d1d9d,game_ml3,WPG,,,fanduel,250,,oddsapi
2026-10-07T21:00:07Z,2026-10-07,COL @ WPG,c8c270e79cd56ca57baa21a49a0d1d9d,game_ml3,draw,,,fanduel,320,,oddsapi
2026-10-07T21:00:07Z,2026-10-07,COL @ WPG,c8c270e79cd56ca57baa21a49a0d1d9d,p1_ml3,COL,,,fanduel,135,,oddsapi
2026-10-07T21:00:07Z,2026-10-07,COL @ WPG,c8c270e79cd56ca57baa21a49a0d1d9d,p1_ml3,WPG,,,fanduel,250,,oddsapi
2026-10-07T21:00:07Z,2026-10-07,COL @ WPG,c8c270e79cd56ca57baa21a49a0d1d9d,p1_ml3,draw,,,fanduel,180,,oddsapi
2026-10-07T21:00:07Z,2026-10-07,COL @ WPG,c8c270e79cd56ca57baa21a49a0d1d9d,p2_ml3,COL,,,fanduel,120,,oddsapi
2026-10-07T21:00:07Z,2026-10-07,COL @ WPG,c8c270e79cd56ca57baa21a49a0d1d9d,p2_ml3,WPG,,,fanduel,230,,oddsapi
2026-10-07T21:00:07Z,2026-10-07,COL @ WPG,c8c270e79cd56ca57baa21a49a0d1d9d,p2_ml3,draw,,,fanduel,220,,oddsapi
2026-10-07T21:00:07Z,2026-10-07,COL @ WPG,c8c270e79cd56ca57baa21a49a0d1d9d,p3_ml3,COL,,,fanduel,110,,oddsapi
2026-10-07T21:00:07Z,2026-10-07,COL @ WPG,c8c270e79cd56ca57baa21a49a0d1d9d,p3_ml3,WPG,,,fanduel,220,,oddsapi
2026-10-07T21:00:07Z,2026-10-07,COL @ WPG,c8c270e79cd56ca57baa21a49a0d1d9d,p3_ml3,draw,,,fanduel,270,,oddsapi
2026-10-07T21:00:07Z,2026-10-07,COL @ WPG,c8c270e79cd56ca57baa21a49a0d1d9d,p1_ml,COL,,,fanduel,-174,136,oddsapi
2026-10-07T21:00:07Z,2026-10-07,COL @ WPG,c8c270e79cd56ca57baa21a49a0d1d9d,p1_ml,WPG,,,fanduel,136,-174,oddsapi
2026-10-07T21:00:07Z,2026-10-07,COL @ WPG,c8c270e79cd56ca57baa21a49a0d1d9d,p2_ml,COL,,,fanduel,-174,136,oddsapi
2026-10-07T21:00:07Z,2026-10-07,COL @ WPG,c8c270e79cd56ca57baa21a49a0d1d9d,p2_ml,WPG,,,fanduel,136,-174,oddsapi
2026-10-07T21:00:07Z,2026-10-07,COL @ WPG,c8c270e79cd56ca57baa21a49a0d1d9d,p3_ml,COL,,,fanduel,-176,138,oddsapi
2026-10-07T21:00:07Z,2026-10-07,COL @ WPG,c8c270e79cd56ca57baa21a49a0d1d9d,p3_ml,WPG,,,fanduel,138,-176,oddsapi
2026-10-07T21:00:07Z,2026-10-07,COL @ WPG,c8c270e79cd56ca57baa21a49a0d1d9d,ags,yes,Nathan MacKinnon,,fanduel,120,,oddsapi
2026-10-07T21:00:07Z,2026-10-07,COL @ WPG,c8c270e79cd56ca57baa21a49a0d1d9d,ags,yes,Martin Necas,,fanduel,140,,oddsapi
2026-10-07T21:00:07Z,2026-10-07,COL @ WPG,c8c270e79cd56ca57baa21a49a0d1d9d,ags,yes,Kyle Connor,,fanduel,165,,oddsapi
2026-10-07T21:00:07Z,2026-10-07,COL @ WPG,c8c270e79cd56ca57baa21a49a0d1d9d,ags,yes,Mark Scheifele,,fanduel,210,,oddsapi
2026-10-07T21:00:07Z,2026-10-07,COL @ WPG,c8c270e79cd56ca57baa21a49a0d1d9d,ags,yes,Brock Nelson,,fanduel,230,,oddsapi
2026-10-07T21:00:07Z,2026-10-07,COL @ WPG,c8c270e79cd56ca57baa21a49a0d1d9d,ags,yes,Nazem Kadri,,fanduel,250,,oddsapi
2026-10-07T21:00:07Z,2026-10-07,COL @ WPG,c8c270e79cd56ca57baa21a49a0d1d9d,ags,yes,Gabriel Vilardi,,fanduel,260,,oddsapi
2026-10-07T21:00:07Z,2026-10-07,COL @ WPG,c8c270e79cd56ca57baa21a49a0d1d9d,ags,yes,Artturi Lehkonen,,fanduel,270,,oddsapi
2026-10-07T21:00:07Z,2026-10-07,COL @ WPG,c8c270e79cd56ca57baa21a49a0d1d9d,ags,yes,Cole Perfetti,,fanduel,280,,oddsapi
2026-10-07T21:00:07Z,2026-10-07,COL @ WPG,c8c270e79cd56ca57baa21a49a0d1d9d,ags,yes,Gabriel Landeskog,,fanduel,290,,oddsapi
2026-10-07T21:00:07Z,2026-10-07,COL @ WPG,c8c270e79cd56ca57baa21a49a0d1d9d,ags,yes,Cale Makar,,fanduel,340,,oddsapi
2026-10-07T21:00:07Z,2026-10-07,COL @ WPG,c8c270e79cd56ca57baa21a49a0d1d9d,ags,yes,Jaden Schwartz,,fanduel,380,,oddsapi
2026-10-07T21:00:07Z,2026-10-07,COL @ WPG,c8c270e79cd56ca57baa21a49a0d1d9d,ags,yes,T.J. Hughes,,fanduel,400,,oddsapi
2026-10-07T21:00:07Z,2026-10-07,COL @ WPG,c8c270e79cd56ca57baa21a49a0d1d9d,ags,yes,Viggo Bjorck,,fanduel,440,,oddsapi
2026-10-07T21:00:07Z,2026-10-07,COL @ WPG,c8c270e79cd56ca57baa21a49a0d1d9d,ags,yes,Alex Iafallo,,fanduel,470,,oddsapi
2026-10-07T21:00:07Z,2026-10-07,COL @ WPG,c8c270e79cd56ca57baa21a49a0d1d9d,ags,yes,Isak Rosen,,fanduel,550,,oddsapi
2026-10-07T21:00:07Z,2026-10-07,COL @ WPG,c8c270e79cd56ca57baa21a49a0d1d9d,ags,yes,Adam Lowry,,fanduel,600,,oddsapi
2026-10-07T21:00:07Z,2026-10-07,COL @ WPG,c8c270e79cd56ca57baa21a49a0d1d9d,ags,yes,Josh Morrissey,,fanduel,625,,oddsapi
2026-10-07T21:00:07Z,2026-10-07,COL @ WPG,c8c270e79cd56ca57baa21a49a0d1d9d,ags,yes,Nicolas Roy,,fanduel,625,,oddsapi
2026-10-07T21:00:07Z,2026-10-07,COL @ WPG,c8c270e79cd56ca57baa21a49a0d1d9d,ags,yes,Vladislav Namestnikov,,fanduel,650,,oddsapi
2026-10-07T21:00:07Z,2026-10-07,COL @ WPG,c8c270e79cd56ca57baa21a49a0d1d9d,ags,yes,Parker Kelly,,fanduel,650,,oddsapi
2026-10-07T21:00:07Z,2026-10-07,COL @ WPG,c8c270e79cd56ca57baa21a49a0d1d9d,ags,yes,Devon Toews,,fanduel,700,,oddsapi
2026-10-07T21:00:07Z,2026-10-07,COL @ WPG,c8c270e79cd56ca57baa21a49a0d1d9d,ags,yes,Fedor Svechkov,,fanduel,725,,oddsapi
2026-10-07T21:00:07Z,2026-10-07,COL @ WPG,c8c270e79cd56ca57baa21a49a0d1d9d,ags,yes,Neal Pionk,,fanduel,800,,oddsapi
2026-10-07T21:00:07Z,2026-10-07,COL @ WPG,c8c270e79cd56ca57baa21a49a0d1d9d,ags,yes,Cole Koepke,,fanduel,800,,oddsapi
2026-10-07T21:00:07Z,2026-10-07,COL @ WPG,c8c270e79cd56ca57baa21a49a0d1d9d,ags,yes,Brad Lambert,,fanduel,850,,oddsapi
2026-10-07T21:00:07Z,2026-10-07,COL @ WPG,c8c270e79cd56ca57baa21a49a0d1d9d,ags,yes,Morgan Barron,,fanduel,850,,oddsapi
2026-10-07T21:00:07Z,2026-10-07,COL @ WPG,c8c270e79cd56ca57baa21a49a0d1d9d,ags,yes,Sam Malinski,,fanduel,1000,,oddsapi
2026-10-07T21:00:07Z,2026-10-07,COL @ WPG,c8c270e79cd56ca57baa21a49a0d1d9d,ags,yes,Brent Burns,,fanduel,1000,,oddsapi
2026-10-07T21:00:07Z,2026-10-07,COL @ WPG,c8c270e79cd56ca57baa21a49a0d1d9d,ags,yes,Josh Manson,,fanduel,1800,,oddsapi
2026-10-07T21:00:07Z,2026-10-07,COL @ WPG,c8c270e79cd56ca57baa21a49a0d1d9d,ags,yes,Mario Ferraro,,fanduel,1800,,oddsapi
2026-10-07T21:00:07Z,2026-10-07,COL @ WPG,c8c270e79cd56ca57baa21a49a0d1d9d,ags,yes,Dylan DeMelo,,fanduel,2000,,oddsapi
2026-10-07T21:00:07Z,2026-10-07,COL @ WPG,c8c270e79cd56ca57baa21a49a0d1d9d,ags,yes,Dylan Samberg,,fanduel,2000,,oddsapi
2026-10-07T21:00:07Z,2026-10-07,COL @ WPG,c8c270e79cd56ca57baa21a49a0d1d9d,ags,yes,Tyrel Bauer,,fanduel,2300,,oddsapi
2026-10-07T21:00:07Z,2026-10-07,COL @ WPG,c8c270e79cd56ca57baa21a49a0d1d9d,fgs,yes,Nathan MacKinnon,,fanduel,900,,oddsapi
2026-10-07T21:00:07Z,2026-10-07,COL @ WPG,c8c270e79cd56ca57baa21a49a0d1d9d,fgs,yes,Martin Necas,,fanduel,1000,,oddsapi
2026-10-07T21:00:07Z,2026-10-07,COL @ WPG,c8c270e79cd56ca57baa21a49a0d1d9d,fgs,yes,Kyle Connor,,fanduel,1100,,oddsapi
2026-10-07T21:00:07Z,2026-10-07,COL @ WPG,c8c270e79cd56ca57baa21a49a0d1d9d,fgs,yes,Brock Nelson,,fanduel,1500,,oddsapi
2026-10-07T21:00:07Z,2026-10-07,COL @ WPG,c8c270e79cd56ca57baa21a49a0d1d9d,fgs,yes,Mark Scheifele,,fanduel,1500,,oddsapi
2026-10-07T21:00:07Z,2026-10-07,COL @ WPG,c8c270e79cd56ca57baa21a49a0d1d9d,fgs,yes,Nazem Kadri,,fanduel,1700,,oddsapi
2026-10-07T21:00:07Z,2026-10-07,COL @ WPG,c8c270e79cd56ca57baa21a49a0d1d9d,fgs,yes,Cole Perfetti,,fanduel,1800,,oddsapi
2026-10-07T21:00:07Z,2026-10-07,COL @ WPG,c8c270e79cd56ca57baa21a49a0d1d9d,fgs,yes,Artturi Lehkonen,,fanduel,1800,,oddsapi
2026-10-07T21:00:07Z,2026-10-07,COL @ WPG,c8c270e79cd56ca57baa21a49a0d1d9d,fgs,yes,Gabriel Vilardi,,fanduel,1900,,oddsapi
2026-10-07T21:00:07Z,2026-10-07,COL @ WPG,c8c270e79cd56ca57baa21a49a0d1d9d,fgs,yes,Gabriel Landeskog,,fanduel,1900,,oddsapi
2026-10-07T21:00:07Z,2026-10-07,COL @ WPG,c8c270e79cd56ca57baa21a49a0d1d9d,fgs,yes,Cale Makar,,fanduel,2200,,oddsapi
2026-10-07T21:00:07Z,2026-10-07,COL @ WPG,c8c270e79cd56ca57baa21a49a0d1d9d,fgs,yes,Viggo Bjorck,,fanduel,2500,,oddsapi
2026-10-07T21:00:07Z,2026-10-07,COL @ WPG,c8c270e79cd56ca57baa21a49a0d1d9d,fgs,yes,T.J. Hughes,,fanduel,2500,,oddsapi
2026-10-07T21:00:07Z,2026-10-07,COL @ WPG,c8c270e79cd56ca57baa21a49a0d1d9d,fgs,yes,Jaden Schwartz,,fanduel,2700,,oddsapi
2026-10-07T21:00:07Z,2026-10-07,COL @ WPG,c8c270e79cd56ca57baa21a49a0d1d9d,fgs,yes,Alex Iafallo,,fanduel,2700,,oddsapi
2026-10-07T21:00:07Z,2026-10-07,COL @ WPG,c8c270e79cd56ca57baa21a49a0d1d9d,fgs,yes,Isak Rosen,,fanduel,3000,,oddsapi
2026-10-07T21:00:07Z,2026-10-07,COL @ WPG,c8c270e79cd56ca57baa21a49a0d1d9d,fgs,yes,Nicolas Roy,,fanduel,3300,,oddsapi
2026-10-07T21:00:07Z,2026-10-07,COL @ WPG,c8c270e79cd56ca57baa21a49a0d1d9d,fgs,yes,Adam Lowry,,fanduel,3300,,oddsapi
2026-10-07T21:00:07Z,2026-10-07,COL @ WPG,c8c270e79cd56ca57baa21a49a0d1d9d,fgs,yes,Vladislav Namestnikov,,fanduel,3500,,oddsapi
2026-10-07T21:00:07Z,2026-10-07,COL @ WPG,c8c270e79cd56ca57baa21a49a0d1d9d,fgs,yes,Parker Kelly,,fanduel,3500,,oddsapi
2026-10-07T21:00:07Z,2026-10-07,COL @ WPG,c8c270e79cd56ca57baa21a49a0d1d9d,fgs,yes,Devon Toews,,fanduel,3500,,oddsapi
2026-10-07T21:00:07Z,2026-10-07,COL @ WPG,c8c270e79cd56ca57baa21a49a0d1d9d,fgs,yes,Neal Pionk,,fanduel,4000,,oddsapi
2026-10-07T21:00:07Z,2026-10-07,COL @ WPG,c8c270e79cd56ca57baa21a49a0d1d9d,fgs,yes,Josh Morrissey,,fanduel,4000,,oddsapi
2026-10-07T21:00:07Z,2026-10-07,COL @ WPG,c8c270e79cd56ca57baa21a49a0d1d9d,fgs,yes,Fedor Svechkov,,fanduel,4000,,oddsapi
2026-10-07T21:00:07Z,2026-10-07,COL @ WPG,c8c270e79cd56ca57baa21a49a0d1d9d,fgs,yes,Cole Koepke,,fanduel,4000,,oddsapi
2026-10-07T21:00:07Z,2026-10-07,COL @ WPG,c8c270e79cd56ca57baa21a49a0d1d9d,fgs,yes,Morgan Barron,,fanduel,4500,,oddsapi
2026-10-07T21:00:07Z,2026-10-07,COL @ WPG,c8c270e79cd56ca57baa21a49a0d1d9d,fgs,yes,Brad Lambert,,fanduel,4500,,oddsapi
2026-10-07T21:00:07Z,2026-10-07,COL @ WPG,c8c270e79cd56ca57baa21a49a0d1d9d,fgs,yes,Sam Malinski,,fanduel,5000,,oddsapi
2026-10-07T21:00:07Z,2026-10-07,COL @ WPG,c8c270e79cd56ca57baa21a49a0d1d9d,fgs,yes,Brent Burns,,fanduel,6000,,oddsapi
2026-10-07T21:00:07Z,2026-10-07,COL @ WPG,c8c270e79cd56ca57baa21a49a0d1d9d,fgs,yes,Dylan Samberg,,fanduel,8000,,oddsapi
2026-10-07T21:00:07Z,2026-10-07,COL @ WPG,c8c270e79cd56ca57baa21a49a0d1d9d,fgs,yes,Mario Ferraro,,fanduel,8000,,oddsapi
2026-10-07T21:00:07Z,2026-10-07,COL @ WPG,c8c270e79cd56ca57baa21a49a0d1d9d,fgs,yes,Dylan DeMelo,,fanduel,8000,,oddsapi
2026-10-07T21:00:07Z,2026-10-07,COL @ WPG,c8c270e79cd56ca57baa21a49a0d1d9d,fgs,yes,Josh Manson,,fanduel,10000,,oddsapi
2026-10-07T21:00:07Z,2026-10-07,COL @ WPG,c8c270e79cd56ca57baa21a49a0d1d9d,fgs,yes,Tyrel Bauer,,fanduel,12500,,oddsapi
2026-10-07T21:00:07Z,2026-10-07,COL @ WPG,c8c270e79cd56ca57baa21a49a0d1d9d,sk_g,over,Nazem Kadri,0.5,fanduel,250,-360,oddsapi
2026-10-07T21:00:07Z,2026-10-07,COL @ WPG,c8c270e79cd56ca57baa21a49a0d1d9d,sk_g,under,Nazem Kadri,0.5,fanduel,-360,250,oddsapi
2026-10-07T21:00:07Z,2026-10-07,COL @ WPG,c8c270e79cd56ca57baa21a49a0d1d9d,sk_g,over,Gabriel Vilardi,0.5,fanduel,260,-400,oddsapi
2026-10-07T21:00:07Z,2026-10-07,COL @ WPG,c8c270e79cd56ca57baa21a49a0d1d9d,sk_g,under,Gabriel Vilardi,0.5,fanduel,-400,260,oddsapi
2026-10-07T21:00:07Z,2026-10-07,COL @ WPG,c8c270e79cd56ca57baa21a49a0d1d9d,sk_g,over,Cole Perfetti,0.5,fanduel,280,-420,oddsapi
2026-10-07T21:00:07Z,2026-10-07,COL @ WPG,c8c270e79cd56ca57baa21a49a0d1d9d,sk_g,under,Cole Perfetti,0.5,fanduel,-420,280,oddsapi
2026-10-07T21:00:07Z,2026-10-07,COL @ WPG,c8c270e79cd56ca57baa21a49a0d1d9d,sk_g,over,Martin Necas,0.5,fanduel,140,-190,oddsapi
2026-10-07T21:00:07Z,2026-10-07,COL @ WPG,c8c270e79cd56ca57baa21a49a0d1d9d,sk_g,under,Martin Necas,0.5,fanduel,-190,140,oddsapi
2026-10-07T21:00:07Z,2026-10-07,COL @ WPG,c8c270e79cd56ca57baa21a49a0d1d9d,sk_g,over,Mark Scheifele,0.5,fanduel,210,-300,oddsapi
2026-10-07T21:00:07Z,2026-10-07,COL @ WPG,c8c270e79cd56ca57baa21a49a0d1d9d,sk_g,under,Mark Scheifele,0.5,fanduel,-300,210,oddsapi
2026-10-07T21:00:07Z,2026-10-07,COL @ WPG,c8c270e79cd56ca57baa21a49a0d1d9d,sk_g,over,Artturi Lehkonen,0.5,fanduel,270,-400,oddsapi
2026-10-07T21:00:07Z,2026-10-07,COL @ WPG,c8c270e79cd56ca57baa21a49a0d1d9d,sk_g,under,Artturi Lehkonen,0.5,fanduel,-400,270,oddsapi
2026-10-07T21:00:07Z,2026-10-07,COL @ WPG,c8c270e79cd56ca57baa21a49a0d1d9d,sk_g,over,Kyle Connor,0.5,fanduel,165,-230,oddsapi
2026-10-07T21:00:07Z,2026-10-07,COL @ WPG,c8c270e79cd56ca57baa21a49a0d1d9d,sk_g,under,Kyle Connor,0.5,fanduel,-230,165,oddsapi
2026-10-07T21:00:07Z,2026-10-07,COL @ WPG,c8c270e79cd56ca57baa21a49a0d1d9d,sk_g,over,Brock Nelson,0.5,fanduel,230,-320,oddsapi
2026-10-07T21:00:07Z,2026-10-07,COL @ WPG,c8c270e79cd56ca57baa21a49a0d1d9d,sk_g,under,Brock Nelson,0.5,fanduel,-320,230,oddsapi
2026-10-07T21:00:07Z,2026-10-07,COL @ WPG,c8c270e79cd56ca57baa21a49a0d1d9d,sk_g,over,Nathan MacKinnon,0.5,fanduel,120,-160,oddsapi
2026-10-07T21:00:07Z,2026-10-07,COL @ WPG,c8c270e79cd56ca57baa21a49a0d1d9d,sk_g,under,Nathan MacKinnon,0.5,fanduel,-160,120,oddsapi
2026-10-07T21:00:07Z,2026-10-07,COL @ WPG,c8c270e79cd56ca57baa21a49a0d1d9d,sk_sog,over,Cale Makar,2.5,fanduel,100,-130,oddsapi
2026-10-07T21:00:07Z,2026-10-07,COL @ WPG,c8c270e79cd56ca57baa21a49a0d1d9d,sk_sog,under,Cale Makar,2.5,fanduel,-130,100,oddsapi
2026-10-07T21:00:07Z,2026-10-07,COL @ WPG,c8c270e79cd56ca57baa21a49a0d1d9d,sk_sog,over,Martin Necas,2.5,fanduel,-135,104,oddsapi
2026-10-07T21:00:07Z,2026-10-07,COL @ WPG,c8c270e79cd56ca57baa21a49a0d1d9d,sk_sog,under,Martin Necas,2.5,fanduel,104,-135,oddsapi
2026-10-07T21:00:07Z,2026-10-07,COL @ WPG,c8c270e79cd56ca57baa21a49a0d1d9d,sk_sog,over,Nathan MacKinnon,3.5,fanduel,-130,100,oddsapi
2026-10-07T21:00:07Z,2026-10-07,COL @ WPG,c8c270e79cd56ca57baa21a49a0d1d9d,sk_sog,under,Nathan MacKinnon,3.5,fanduel,100,-130,oddsapi
2026-10-07T21:00:07Z,2026-10-07,COL @ WPG,c8c270e79cd56ca57baa21a49a0d1d9d,sk_sog,over,Nazem Kadri,2.5,fanduel,102,-132,oddsapi
2026-10-07T21:00:07Z,2026-10-07,COL @ WPG,c8c270e79cd56ca57baa21a49a0d1d9d,sk_sog,under,Nazem Kadri,2.5,fanduel,-132,102,oddsapi
2026-10-07T21:00:07Z,2026-10-07,COL @ WPG,c8c270e79cd56ca57baa21a49a0d1d9d,sk_sog,over,Josh Morrissey,1.5,fanduel,-160,122,oddsapi
2026-10-07T21:00:07Z,2026-10-07,COL @ WPG,c8c270e79cd56ca57baa21a49a0d1d9d,sk_sog,under,Josh Morrissey,1.5,fanduel,122,-160,oddsapi
2026-10-07T21:00:07Z,2026-10-07,COL @ WPG,c8c270e79cd56ca57baa21a49a0d1d9d,sk_sog,over,Mark Scheifele,1.5,fanduel,-164,125,oddsapi
2026-10-07T21:00:07Z,2026-10-07,COL @ WPG,c8c270e79cd56ca57baa21a49a0d1d9d,sk_sog,under,Mark Scheifele,1.5,fanduel,125,-164,oddsapi
2026-10-07T21:00:07Z,2026-10-07,COL @ WPG,c8c270e79cd56ca57baa21a49a0d1d9d,sk_sog,over,Cole Perfetti,2.5,fanduel,126,-165,oddsapi
2026-10-07T21:00:07Z,2026-10-07,COL @ WPG,c8c270e79cd56ca57baa21a49a0d1d9d,sk_sog,under,Cole Perfetti,2.5,fanduel,-165,126,oddsapi
2026-10-07T21:00:07Z,2026-10-07,COL @ WPG,c8c270e79cd56ca57baa21a49a0d1d9d,sk_sog,over,Kyle Connor,3.5,fanduel,114,-148,oddsapi
2026-10-07T21:00:07Z,2026-10-07,COL @ WPG,c8c270e79cd56ca57baa21a49a0d1d9d,sk_sog,under,Kyle Connor,3.5,fanduel,-148,114,oddsapi
2026-10-07T21:00:07Z,2026-10-07,COL @ WPG,c8c270e79cd56ca57baa21a49a0d1d9d,g_saves,over,Stuart Skinner,27.5,fanduel,-130,-102,oddsapi
2026-10-07T21:00:07Z,2026-10-07,COL @ WPG,c8c270e79cd56ca57baa21a49a0d1d9d,g_saves,under,Stuart Skinner,27.5,fanduel,-102,-130,oddsapi
2026-10-07T21:00:07Z,2026-10-07,COL @ WPG,c8c270e79cd56ca57baa21a49a0d1d9d,g_saves,over,Mackenzie Blackwood,23.5,fanduel,-128,-104,oddsapi
2026-10-07T21:00:07Z,2026-10-07,COL @ WPG,c8c270e79cd56ca57baa21a49a0d1d9d,g_saves,under,Mackenzie Blackwood,23.5,fanduel,-104,-128,oddsapi
2026-10-07T21:00:07Z,2026-10-07,COL @ WPG,c8c270e79cd56ca57baa21a49a0d1d9d,p1_pl,COL,,-0.5,fanduel,134,-172,oddsapi
2026-10-07T21:00:07Z,2026-10-07,COL @ WPG,c8c270e79cd56ca57baa21a49a0d1d9d,p1_pl,WPG,,0.5,fanduel,-172,134,oddsapi
2026-10-07T21:00:07Z,2026-10-07,COL @ WPG,c8c270e79cd56ca57baa21a49a0d1d9d,p2_pl,COL,,-0.5,fanduel,120,-152,oddsapi
2026-10-07T21:00:07Z,2026-10-07,COL @ WPG,c8c270e79cd56ca57baa21a49a0d1d9d,p2_pl,WPG,,0.5,fanduel,-152,120,oddsapi
2026-10-07T21:00:07Z,2026-10-07,COL @ WPG,c8c270e79cd56ca57baa21a49a0d1d9d,p3_pl,COL,,-0.5,fanduel,108,-138,oddsapi
2026-10-07T21:00:07Z,2026-10-07,COL @ WPG,c8c270e79cd56ca57baa21a49a0d1d9d,p3_pl,WPG,,0.5,fanduel,-138,108,oddsapi
2026-10-07T21:00:07Z,2026-10-07,COL @ WPG,c8c270e79cd56ca57baa21a49a0d1d9d,team_total,over,COL,3.5,fanduel,-126,,oddsapi
2026-10-07T21:00:07Z,2026-10-07,COL @ WPG,c8c270e79cd56ca57baa21a49a0d1d9d,team_total,under,COL,4.5,fanduel,-250,,oddsapi
2026-10-07T21:00:07Z,2026-10-07,COL @ WPG,c8c270e79cd56ca57baa21a49a0d1d9d,team_total,over,WPG,2.5,fanduel,-128,,oddsapi
2026-10-07T21:00:07Z,2026-10-07,COL @ WPG,c8c270e79cd56ca57baa21a49a0d1d9d,team_total,under,WPG,3.5,fanduel,-260,,oddsapi
2026-10-07T21:00:07Z,2026-10-07,COL @ WPG,c8c270e79cd56ca57baa21a49a0d1d9d,p1_team_total,over,COL,0.5,fanduel,-225,172,oddsapi
2026-10-07T21:00:07Z,2026-10-07,COL @ WPG,c8c270e79cd56ca57baa21a49a0d1d9d,p1_team_total,under,COL,0.5,fanduel,172,-225,oddsapi
2026-10-07T21:00:07Z,2026-10-07,COL @ WPG,c8c270e79cd56ca57baa21a49a0d1d9d,p1_team_total,over,WPG,0.5,fanduel,-144,114,oddsapi
2026-10-07T21:00:07Z,2026-10-07,COL @ WPG,c8c270e79cd56ca57baa21a49a0d1d9d,p1_team_total,under,WPG,0.5,fanduel,114,-144,oddsapi
2026-10-07T21:00:07Z,2026-10-07,COL @ WPG,c8c270e79cd56ca57baa21a49a0d1d9d,p1_total,over,,1.5,fanduel,-164,128,oddsapi
2026-10-07T21:00:07Z,2026-10-07,COL @ WPG,c8c270e79cd56ca57baa21a49a0d1d9d,p1_total,under,,1.5,fanduel,128,-164,oddsapi
2026-10-07T21:00:07Z,2026-10-07,COL @ WPG,c8c270e79cd56ca57baa21a49a0d1d9d,p2_total,over,,1.5,fanduel,-200,154,oddsapi
2026-10-07T21:00:07Z,2026-10-07,COL @ WPG,c8c270e79cd56ca57baa21a49a0d1d9d,p2_total,under,,1.5,fanduel,154,-200,oddsapi
2026-10-07T21:00:07Z,2026-10-07,COL @ WPG,c8c270e79cd56ca57baa21a49a0d1d9d,p3_total,over,,2.5,fanduel,128,-166,oddsapi
2026-10-07T21:00:07Z,2026-10-07,COL @ WPG,c8c270e79cd56ca57baa21a49a0d1d9d,p3_total,under,,2.5,fanduel,-166,128,oddsapi
2026-10-07T21:00:07Z,2026-10-07,COL @ WPG,c8c270e79cd56ca57baa21a49a0d1d9d,p1_ml,COL,,,betus,-160,130,oddsapi
2026-10-07T21:00:07Z,2026-10-07,COL @ WPG,c8c270e79cd56ca57baa21a49a0d1d9d,p1_ml,WPG,,,betus,130,-160,oddsapi
2026-10-07T21:00:07Z,2026-10-07,COL @ WPG,c8c270e79cd56ca57baa21a49a0d1d9d,p1_pl,COL,,-0.5,betus,130,-160,oddsapi
2026-10-07T21:00:07Z,2026-10-07,COL @ WPG,c8c270e79cd56ca57baa21a49a0d1d9d,p1_pl,WPG,,0.5,betus,-160,130,oddsapi
2026-10-07T21:00:07Z,2026-10-07,COL @ WPG,c8c270e79cd56ca57baa21a49a0d1d9d,p1_total,over,,1.5,betus,-145,115,oddsapi
2026-10-07T21:00:07Z,2026-10-07,COL @ WPG,c8c270e79cd56ca57baa21a49a0d1d9d,p1_total,under,,1.5,betus,115,-145,oddsapi
2026-10-07T21:00:07Z,2026-10-07,COL @ WPG,c8c270e79cd56ca57baa21a49a0d1d9d,game_pl_alt,COL,,1.5,bovada,-575,360,oddsapi
2026-10-07T21:00:07Z,2026-10-07,COL @ WPG,c8c270e79cd56ca57baa21a49a0d1d9d,game_pl_alt,COL,,2.5,bovada,-1100,575,oddsapi
2026-10-07T21:00:07Z,2026-10-07,COL @ WPG,c8c270e79cd56ca57baa21a49a0d1d9d,game_pl_alt,COL,,-2.5,bovada,210,-290,oddsapi
2026-10-07T21:00:07Z,2026-10-07,COL @ WPG,c8c270e79cd56ca57baa21a49a0d1d9d,game_pl_alt,WPG,,-1.5,bovada,360,-575,oddsapi
2026-10-07T21:00:07Z,2026-10-07,COL @ WPG,c8c270e79cd56ca57baa21a49a0d1d9d,game_pl_alt,WPG,,-2.5,bovada,575,-1100,oddsapi
2026-10-07T21:00:07Z,2026-10-07,COL @ WPG,c8c270e79cd56ca57baa21a49a0d1d9d,game_pl_alt,WPG,,2.5,bovada,-290,210,oddsapi
2026-10-07T21:00:07Z,2026-10-07,COL @ WPG,c8c270e79cd56ca57baa21a49a0d1d9d,team_total_alt,over,COL,2.5,bovada,-310,225,oddsapi
2026-10-07T21:00:07Z,2026-10-07,COL @ WPG,c8c270e79cd56ca57baa21a49a0d1d9d,team_total_alt,under,COL,2.5,bovada,225,-310,oddsapi
2026-10-07T21:00:07Z,2026-10-07,COL @ WPG,c8c270e79cd56ca57baa21a49a0d1d9d,team_total_alt,over,COL,3.5,bovada,-125,-105,oddsapi
2026-10-07T21:00:07Z,2026-10-07,COL @ WPG,c8c270e79cd56ca57baa21a49a0d1d9d,team_total_alt,under,COL,3.5,bovada,-105,-125,oddsapi
2026-10-07T21:00:07Z,2026-10-07,COL @ WPG,c8c270e79cd56ca57baa21a49a0d1d9d,team_total_alt,over,COL,4.5,bovada,190,-260,oddsapi
2026-10-07T21:00:07Z,2026-10-07,COL @ WPG,c8c270e79cd56ca57baa21a49a0d1d9d,team_total_alt,under,COL,4.5,bovada,-260,190,oddsapi
2026-10-07T21:00:07Z,2026-10-07,COL @ WPG,c8c270e79cd56ca57baa21a49a0d1d9d,team_total_alt,over,WPG,1.5,bovada,-385,265,oddsapi
2026-10-07T21:00:07Z,2026-10-07,COL @ WPG,c8c270e79cd56ca57baa21a49a0d1d9d,team_total_alt,under,WPG,1.5,bovada,265,-385,oddsapi
2026-10-07T21:00:07Z,2026-10-07,COL @ WPG,c8c270e79cd56ca57baa21a49a0d1d9d,team_total_alt,over,WPG,2.5,bovada,-130,100,oddsapi
2026-10-07T21:00:07Z,2026-10-07,COL @ WPG,c8c270e79cd56ca57baa21a49a0d1d9d,team_total_alt,under,WPG,2.5,bovada,100,-130,oddsapi
2026-10-07T21:00:07Z,2026-10-07,COL @ WPG,c8c270e79cd56ca57baa21a49a0d1d9d,team_total_alt,over,WPG,3.5,bovada,190,-260,oddsapi
2026-10-07T21:00:07Z,2026-10-07,COL @ WPG,c8c270e79cd56ca57baa21a49a0d1d9d,team_total_alt,under,WPG,3.5,bovada,-260,190,oddsapi
2026-10-07T21:00:07Z,2026-10-07,COL @ WPG,c8c270e79cd56ca57baa21a49a0d1d9d,game_total_alt,over,,4.5,bovada,-550,350,oddsapi
2026-10-07T21:00:07Z,2026-10-07,COL @ WPG,c8c270e79cd56ca57baa21a49a0d1d9d,game_total_alt,over,,5.5,bovada,-175,135,oddsapi
2026-10-07T21:00:07Z,2026-10-07,COL @ WPG,c8c270e79cd56ca57baa21a49a0d1d9d,game_total_alt,over,,6,bovada,-145,110,oddsapi
2026-10-07T21:00:07Z,2026-10-07,COL @ WPG,c8c270e79cd56ca57baa21a49a0d1d9d,game_total_alt,over,,7,bovada,150,-200,oddsapi
2026-10-07T21:00:07Z,2026-10-07,COL @ WPG,c8c270e79cd56ca57baa21a49a0d1d9d,game_total_alt,over,,7.5,bovada,200,-275,oddsapi
2026-10-07T21:00:07Z,2026-10-07,COL @ WPG,c8c270e79cd56ca57baa21a49a0d1d9d,game_total_alt,over,,8.5,bovada,305,-460,oddsapi
2026-10-07T21:00:07Z,2026-10-07,COL @ WPG,c8c270e79cd56ca57baa21a49a0d1d9d,game_total_alt,under,,4.5,bovada,350,-550,oddsapi
2026-10-07T21:00:07Z,2026-10-07,COL @ WPG,c8c270e79cd56ca57baa21a49a0d1d9d,game_total_alt,under,,5.5,bovada,135,-175,oddsapi
2026-10-07T21:00:07Z,2026-10-07,COL @ WPG,c8c270e79cd56ca57baa21a49a0d1d9d,game_total_alt,under,,6,bovada,110,-145,oddsapi
2026-10-07T21:00:07Z,2026-10-07,COL @ WPG,c8c270e79cd56ca57baa21a49a0d1d9d,game_total_alt,under,,7,bovada,-200,150,oddsapi
2026-10-07T21:00:07Z,2026-10-07,COL @ WPG,c8c270e79cd56ca57baa21a49a0d1d9d,game_total_alt,under,,7.5,bovada,-275,200,oddsapi
2026-10-07T21:00:07Z,2026-10-07,COL @ WPG,c8c270e79cd56ca57baa21a49a0d1d9d,game_total_alt,under,,8.5,bovada,-460,305,oddsapi
2026-10-07T21:00:07Z,2026-10-07,COL @ WPG,c8c270e79cd56ca57baa21a49a0d1d9d,game_ml3,COL,,,bovada,-121,,oddsapi
2026-10-07T21:00:07Z,2026-10-07,COL @ WPG,c8c270e79cd56ca57baa21a49a0d1d9d,game_ml3,WPG,,,bovada,235,,oddsapi
2026-10-07T21:00:07Z,2026-10-07,COL @ WPG,c8c270e79cd56ca57baa21a49a0d1d9d,game_ml3,draw,,,bovada,335,,oddsapi
2026-10-07T21:00:07Z,2026-10-07,COL @ WPG,c8c270e79cd56ca57baa21a49a0d1d9d,p1_ml3,COL,,,bovada,139,,oddsapi
2026-10-07T21:00:07Z,2026-10-07,COL @ WPG,c8c270e79cd56ca57baa21a49a0d1d9d,p1_ml3,WPG,,,bovada,225,,oddsapi
2026-10-07T21:00:07Z,2026-10-07,COL @ WPG,c8c270e79cd56ca57baa21a49a0d1d9d,p1_ml3,draw,,,bovada,180,,oddsapi
2026-10-07T21:00:07Z,2026-10-07,COL @ WPG,c8c270e79cd56ca57baa21a49a0d1d9d,p1_ml,COL,,,bovada,-165,125,oddsapi
2026-10-07T21:00:07Z,2026-10-07,COL @ WPG,c8c270e79cd56ca57baa21a49a0d1d9d,p1_ml,WPG,,,bovada,125,-165,oddsapi
2026-10-07T21:00:07Z,2026-10-07,COL @ WPG,c8c270e79cd56ca57baa21a49a0d1d9d,p2_ml,COL,,,bovada,-170,130,oddsapi
2026-10-07T21:00:07Z,2026-10-07,COL @ WPG,c8c270e79cd56ca57baa21a49a0d1d9d,p2_ml,WPG,,,bovada,130,-170,oddsapi
2026-10-07T21:00:07Z,2026-10-07,COL @ WPG,c8c270e79cd56ca57baa21a49a0d1d9d,p3_ml,COL,,,bovada,-180,135,oddsapi
2026-10-07T21:00:07Z,2026-10-07,COL @ WPG,c8c270e79cd56ca57baa21a49a0d1d9d,p3_ml,WPG,,,bovada,135,-180,oddsapi
2026-10-07T21:00:07Z,2026-10-07,COL @ WPG,c8c270e79cd56ca57baa21a49a0d1d9d,ags,yes,Dylan Samberg,,bovada,1500,,oddsapi
2026-10-07T21:00:07Z,2026-10-07,COL @ WPG,c8c270e79cd56ca57baa21a49a0d1d9d,ags,yes,Vladislav Namestnikov,,bovada,550,,oddsapi
2026-10-07T21:00:07Z,2026-10-07,COL @ WPG,c8c270e79cd56ca57baa21a49a0d1d9d,ags,yes,Artturi Lehkonen,,bovada,250,,oddsapi
2026-10-07T21:00:07Z,2026-10-07,COL @ WPG,c8c270e79cd56ca57baa21a49a0d1d9d,ags,yes,Brad Lambert,,bovada,700,,oddsapi
2026-10-07T21:00:07Z,2026-10-07,COL @ WPG,c8c270e79cd56ca57baa21a49a0d1d9d,ags,yes,Devon Toews,,bovada,650,,oddsapi
2026-10-07T21:00:07Z,2026-10-07,COL @ WPG,c8c270e79cd56ca57baa21a49a0d1d9d,ags,yes,Nazem Kadri,,bovada,235,,oddsapi
2026-10-07T21:00:07Z,2026-10-07,COL @ WPG,c8c270e79cd56ca57baa21a49a0d1d9d,ags,yes,Tyrel Bauer,,bovada,1600,,oddsapi
2026-10-07T21:00:07Z,2026-10-07,COL @ WPG,c8c270e79cd56ca57baa21a49a0d1d9d,ags,yes,Dylan DeMelo,,bovada,1400,,oddsapi
2026-10-07T21:00:07Z,2026-10-07,COL @ WPG,c8c270e79cd56ca57baa21a49a0d1d9d,ags,yes,Isak Rosen,,bovada,475,,oddsapi
2026-10-07T21:00:07Z,2026-10-07,COL @ WPG,c8c270e79cd56ca57baa21a49a0d1d9d,ags,yes,Cale Makar,,bovada,320,,oddsapi
2026-10-07T21:00:07Z,2026-10-07,COL @ WPG,c8c270e79cd56ca57baa21a49a0d1d9d,ags,yes,Martin Necas,,bovada,140,,oddsapi
2026-10-07T21:00:07Z,2026-10-07,COL @ WPG,c8c270e79cd56ca57baa21a49a0d1d9d,ags,yes,T.J. Hughes,,bovada,370,,oddsapi
2026-10-07T21:00:07Z,2026-10-07,COL @ WPG,c8c270e79cd56ca57baa21a49a0d1d9d,ags,yes,Sam Malinski,,bovada,825,,oddsapi
2026-10-07T21:00:07Z,2026-10-07,COL @ WPG,c8c270e79cd56ca57baa21a49a0d1d9d,ags,yes,Fedor Svechkov,,bovada,625,,oddsapi
2026-10-07T21:00:07Z,2026-10-07,COL @ WPG,c8c270e79cd56ca57baa21a49a0d1d9d,ags,yes,Gabriel Landeskog,,bovada,280,,oddsapi
2026-10-07T21:00:07Z,2026-10-07,COL @ WPG,c8c270e79cd56ca57baa21a49a0d1d9d,ags,yes,Gabriel Vilardi,,bovada,250,,oddsapi
2026-10-07T21:00:07Z,2026-10-07,COL @ WPG,c8c270e79cd56ca57baa21a49a0d1d9d,ags,yes,Nicolas Roy,,bovada,525,,oddsapi
2026-10-07T21:00:07Z,2026-10-07,COL @ WPG,c8c270e79cd56ca57baa21a49a0d1d9d,ags,yes,Cole Perfetti,,bovada,265,,oddsapi
2026-10-07T21:00:07Z,2026-10-07,COL @ WPG,c8c270e79cd56ca57baa21a49a0d1d9d,ags,yes,Jaden Schwartz,,bovada,370,,oddsapi
2026-10-07T21:00:07Z,2026-10-07,COL @ WPG,c8c270e79cd56ca57baa21a49a0d1d9d,ags,yes,Parker Kelly,,bovada,575,,oddsapi
2026-10-07T21:00:07Z,2026-10-07,COL @ WPG,c8c270e79cd56ca57baa21a49a0d1d9d,ags,yes,Mario Ferraro,,bovada,1300,,oddsapi
2026-10-07T21:00:07Z,2026-10-07,COL @ WPG,c8c270e79cd56ca57baa21a49a0d1d9d,ags,yes,Morgan Barron,,bovada,675,,oddsapi
2026-10-07T21:00:07Z,2026-10-07,COL @ WPG,c8c270e79cd56ca57baa21a49a0d1d9d,ags,yes,Adam Lowry,,bovada,525,,oddsapi
2026-10-07T21:00:07Z,2026-10-07,COL @ WPG,c8c270e79cd56ca57baa21a49a0d1d9d,ags,yes,Brent Burns,,bovada,850,,oddsapi
2026-10-07T21:00:07Z,2026-10-07,COL @ WPG,c8c270e79cd56ca57baa21a49a0d1d9d,ags,yes,Mark Scheifele,,bovada,212,,oddsapi
2026-10-07T21:00:07Z,2026-10-07,COL @ WPG,c8c270e79cd56ca57baa21a49a0d1d9d,ags,yes,Brock Nelson,,bovada,225,,oddsapi
2026-10-07T21:00:07Z,2026-10-07,COL @ WPG,c8c270e79cd56ca57baa21a49a0d1d9d,ags,yes,Brett Kulak,,bovada,1400,,oddsapi
2026-10-07T21:00:07Z,2026-10-07,COL @ WPG,c8c270e79cd56ca57baa21a49a0d1d9d,ags,yes,Josh Morrissey,,bovada,525,,oddsapi
2026-10-07T21:00:07Z,2026-10-07,COL @ WPG,c8c270e79cd56ca57baa21a49a0d1d9d,ags,yes,Kyle Connor,,bovada,160,,oddsapi
2026-10-07T21:00:07Z,2026-10-07,COL @ WPG,c8c270e79cd56ca57baa21a49a0d1d9d,ags,yes,Alex Iafallo,,bovada,475,,oddsapi
2026-10-07T21:00:07Z,2026-10-07,COL @ WPG,c8c270e79cd56ca57baa21a49a0d1d9d,ags,yes,Josh Manson,,bovada,1300,,oddsapi
2026-10-07T21:00:07Z,2026-10-07,COL @ WPG,c8c270e79cd56ca57baa21a49a0d1d9d,ags,yes,Neal Pionk,,bovada,700,,oddsapi
2026-10-07T21:00:07Z,2026-10-07,COL @ WPG,c8c270e79cd56ca57baa21a49a0d1d9d,ags,yes,Nathan MacKinnon,,bovada,117,,oddsapi
2026-10-07T21:00:07Z,2026-10-07,COL @ WPG,c8c270e79cd56ca57baa21a49a0d1d9d,ags,yes,Viggo Bjorck,,bovada,405,,oddsapi
2026-10-07T21:00:07Z,2026-10-07,COL @ WPG,c8c270e79cd56ca57baa21a49a0d1d9d,ags,yes,Cole Koepke,,bovada,650,,oddsapi
2026-10-07T21:00:07Z,2026-10-07,COL @ WPG,c8c270e79cd56ca57baa21a49a0d1d9d,ags,yes,Jack St. Ivany,,bovada,1300,,oddsapi
2026-10-07T21:00:07Z,2026-10-07,COL @ WPG,c8c270e79cd56ca57baa21a49a0d1d9d,fgs,yes,Artturi Lehkonen,,bovada,1800,,oddsapi
2026-10-07T21:00:07Z,2026-10-07,COL @ WPG,c8c270e79cd56ca57baa21a49a0d1d9d,fgs,yes,Neal Pionk,,bovada,4000,,oddsapi
2026-10-07T21:00:07Z,2026-10-07,COL @ WPG,c8c270e79cd56ca57baa21a49a0d1d9d,fgs,yes,Tyrel Bauer,,bovada,12500,,oddsapi
2026-10-07T21:00:07Z,2026-10-07,COL @ WPG,c8c270e79cd56ca57baa21a49a0d1d9d,fgs,yes,Brent Burns,,bovada,6000,,oddsapi
2026-10-07T21:00:07Z,2026-10-07,COL @ WPG,c8c270e79cd56ca57baa21a49a0d1d9d,fgs,yes,Kyle Connor,,bovada,1100,,oddsapi
2026-10-07T21:00:07Z,2026-10-07,COL @ WPG,c8c270e79cd56ca57baa21a49a0d1d9d,fgs,yes,T.J. Hughes,,bovada,2500,,oddsapi
2026-10-07T21:00:07Z,2026-10-07,COL @ WPG,c8c270e79cd56ca57baa21a49a0d1d9d,fgs,yes,Josh Manson,,bovada,10000,,oddsapi
2026-10-07T21:00:07Z,2026-10-07,COL @ WPG,c8c270e79cd56ca57baa21a49a0d1d9d,fgs,yes,Gabriel Landeskog,,bovada,1900,,oddsapi
2026-10-07T21:00:07Z,2026-10-07,COL @ WPG,c8c270e79cd56ca57baa21a49a0d1d9d,fgs,yes,Isak Rosen,,bovada,3000,,oddsapi
2026-10-07T21:00:07Z,2026-10-07,COL @ WPG,c8c270e79cd56ca57baa21a49a0d1d9d,fgs,yes,Cale Makar,,bovada,2200,,oddsapi
2026-10-07T21:00:07Z,2026-10-07,COL @ WPG,c8c270e79cd56ca57baa21a49a0d1d9d,fgs,yes,Alex Iafallo,,bovada,2500,,oddsapi
2026-10-07T21:00:07Z,2026-10-07,COL @ WPG,c8c270e79cd56ca57baa21a49a0d1d9d,fgs,yes,Dylan DeMelo,,bovada,8000,,oddsapi
2026-10-07T21:00:07Z,2026-10-07,COL @ WPG,c8c270e79cd56ca57baa21a49a0d1d9d,fgs,yes,Brock Nelson,,bovada,1500,,oddsapi
2026-10-07T21:00:07Z,2026-10-07,COL @ WPG,c8c270e79cd56ca57baa21a49a0d1d9d,fgs,yes,Morgan Barron,,bovada,4500,,oddsapi
2026-10-07T21:00:07Z,2026-10-07,COL @ WPG,c8c270e79cd56ca57baa21a49a0d1d9d,fgs,yes,Gabriel Vilardi,,bovada,1900,,oddsapi
2026-10-07T21:00:07Z,2026-10-07,COL @ WPG,c8c270e79cd56ca57baa21a49a0d1d9d,fgs,yes,Martin Necas,,bovada,1000,,oddsapi
2026-10-07T21:00:07Z,2026-10-07,COL @ WPG,c8c270e79cd56ca57baa21a49a0d1d9d,fgs,yes,Vladislav Namestnikov,,bovada,3500,,oddsapi
2026-10-07T21:00:07Z,2026-10-07,COL @ WPG,c8c270e79cd56ca57baa21a49a0d1d9d,fgs,yes,Josh Morrissey,,bovada,4000,,oddsapi
2026-10-07T21:00:07Z,2026-10-07,COL @ WPG,c8c270e79cd56ca57baa21a49a0d1d9d,fgs,yes,Sam Malinski,,bovada,5000,,oddsapi
2026-10-07T21:00:07Z,2026-10-07,COL @ WPG,c8c270e79cd56ca57baa21a49a0d1d9d,fgs,yes,Nicolas Roy,,bovada,3300,,oddsapi
2026-10-07T21:00:07Z,2026-10-07,COL @ WPG,c8c270e79cd56ca57baa21a49a0d1d9d,fgs,yes,Dylan Samberg,,bovada,8000,,oddsapi
2026-10-07T21:00:07Z,2026-10-07,COL @ WPG,c8c270e79cd56ca57baa21a49a0d1d9d,fgs,yes,Adam Lowry,,bovada,3300,,oddsapi
2026-10-07T21:00:07Z,2026-10-07,COL @ WPG,c8c270e79cd56ca57baa21a49a0d1d9d,fgs,yes,Fedor Svechkov,,bovada,4000,,oddsapi
2026-10-07T21:00:07Z,2026-10-07,COL @ WPG,c8c270e79cd56ca57baa21a49a0d1d9d,fgs,yes,Nazem Kadri,,bovada,1700,,oddsapi
2026-10-07T21:00:07Z,2026-10-07,COL @ WPG,c8c270e79cd56ca57baa21a49a0d1d9d,fgs,yes,Mario Ferraro,,bovada,8000,,oddsapi
2026-10-07T21:00:07Z,2026-10-07,COL @ WPG,c8c270e79cd56ca57baa21a49a0d1d9d,fgs,yes,Devon Toews,,bovada,3500,,oddsapi
2026-10-07T21:00:07Z,2026-10-07,COL @ WPG,c8c270e79cd56ca57baa21a49a0d1d9d,fgs,yes,Brad Lambert,,bovada,4500,,oddsapi
2026-10-07T21:00:07Z,2026-10-07,COL @ WPG,c8c270e79cd56ca57baa21a49a0d1d9d,fgs,yes,Jaden Schwartz,,bovada,2500,,oddsapi
2026-10-07T21:00:07Z,2026-10-07,COL @ WPG,c8c270e79cd56ca57baa21a49a0d1d9d,fgs,yes,Cole Perfetti,,bovada,1800,,oddsapi
2026-10-07T21:00:07Z,2026-10-07,COL @ WPG,c8c270e79cd56ca57baa21a49a0d1d9d,fgs,yes,Parker Kelly,,bovada,3500,,oddsapi
2026-10-07T21:00:07Z,2026-10-07,COL @ WPG,c8c270e79cd56ca57baa21a49a0d1d9d,fgs,yes,Mark Scheifele,,bovada,1500,,oddsapi
2026-10-07T21:00:07Z,2026-10-07,COL @ WPG,c8c270e79cd56ca57baa21a49a0d1d9d,fgs,yes,Nathan MacKinnon,,bovada,900,,oddsapi
2026-10-07T21:00:07Z,2026-10-07,COL @ WPG,c8c270e79cd56ca57baa21a49a0d1d9d,fgs,yes,Viggo Bjorck,,bovada,2500,,oddsapi
2026-10-07T21:00:07Z,2026-10-07,COL @ WPG,c8c270e79cd56ca57baa21a49a0d1d9d,fgs,yes,Cole Koepke,,bovada,4000,,oddsapi
2026-10-07T21:00:07Z,2026-10-07,COL @ WPG,c8c270e79cd56ca57baa21a49a0d1d9d,sk_sog,over,Artturi Lehkonen,1.5,bovada,-165,125,oddsapi
2026-10-07T21:00:07Z,2026-10-07,COL @ WPG,c8c270e79cd56ca57baa21a49a0d1d9d,sk_sog,under,Artturi Lehkonen,1.5,bovada,125,-165,oddsapi
2026-10-07T21:00:07Z,2026-10-07,COL @ WPG,c8c270e79cd56ca57baa21a49a0d1d9d,sk_sog,over,Brock Nelson,1.5,bovada,-175,135,oddsapi
2026-10-07T21:00:07Z,2026-10-07,COL @ WPG,c8c270e79cd56ca57baa21a49a0d1d9d,sk_sog,under,Brock Nelson,1.5,bovada,135,-175,oddsapi
2026-10-07T21:00:07Z,2026-10-07,COL @ WPG,c8c270e79cd56ca57baa21a49a0d1d9d,sk_sog,over,Cale Makar,2.5,bovada,-105,-125,oddsapi
2026-10-07T21:00:07Z,2026-10-07,COL @ WPG,c8c270e79cd56ca57baa21a49a0d1d9d,sk_sog,under,Cale Makar,2.5,bovada,-125,-105,oddsapi
2026-10-07T21:00:07Z,2026-10-07,COL @ WPG,c8c270e79cd56ca57baa21a49a0d1d9d,sk_sog,over,Gabriel Landeskog,1.5,bovada,-170,130,oddsapi
2026-10-07T21:00:07Z,2026-10-07,COL @ WPG,c8c270e79cd56ca57baa21a49a0d1d9d,sk_sog,under,Gabriel Landeskog,1.5,bovada,130,-170,oddsapi
2026-10-07T21:00:07Z,2026-10-07,COL @ WPG,c8c270e79cd56ca57baa21a49a0d1d9d,sk_sog,over,Gabriel Vilardi,1.5,bovada,-115,-115,oddsapi
2026-10-07T21:00:07Z,2026-10-07,COL @ WPG,c8c270e79cd56ca57baa21a49a0d1d9d,sk_sog,under,Gabriel Vilardi,1.5,bovada,-115,-115,oddsapi
2026-10-07T21:00:07Z,2026-10-07,COL @ WPG,c8c270e79cd56ca57baa21a49a0d1d9d,sk_sog,over,Josh Morrissey,1.5,bovada,-170,130,oddsapi
2026-10-07T21:00:07Z,2026-10-07,COL @ WPG,c8c270e79cd56ca57baa21a49a0d1d9d,sk_sog,under,Josh Morrissey,1.5,bovada,130,-170,oddsapi
2026-10-07T21:00:07Z,2026-10-07,COL @ WPG,c8c270e79cd56ca57baa21a49a0d1d9d,sk_sog,over,Kyle Connor,3.5,bovada,120,-155,oddsapi
2026-10-07T21:00:07Z,2026-10-07,COL @ WPG,c8c270e79cd56ca57baa21a49a0d1d9d,sk_sog,under,Kyle Connor,3.5,bovada,-155,120,oddsapi
2026-10-07T21:00:07Z,2026-10-07,COL @ WPG,c8c270e79cd56ca57baa21a49a0d1d9d,sk_sog,over,Mark Scheifele,1.5,bovada,-170,130,oddsapi
2026-10-07T21:00:07Z,2026-10-07,COL @ WPG,c8c270e79cd56ca57baa21a49a0d1d9d,sk_sog,under,Mark Scheifele,1.5,bovada,130,-170,oddsapi
2026-10-07T21:00:07Z,2026-10-07,COL @ WPG,c8c270e79cd56ca57baa21a49a0d1d9d,sk_sog,over,Martin Necas,2.5,bovada,-120,-110,oddsapi
2026-10-07T21:00:07Z,2026-10-07,COL @ WPG,c8c270e79cd56ca57baa21a49a0d1d9d,sk_sog,under,Martin Necas,2.5,bovada,-110,-120,oddsapi
2026-10-07T21:00:07Z,2026-10-07,COL @ WPG,c8c270e79cd56ca57baa21a49a0d1d9d,sk_sog,over,Nathan MacKinnon,3.5,bovada,-115,-115,oddsapi
2026-10-07T21:00:07Z,2026-10-07,COL @ WPG,c8c270e79cd56ca57baa21a49a0d1d9d,sk_sog,under,Nathan MacKinnon,3.5,bovada,-115,-115,oddsapi
2026-10-07T21:00:07Z,2026-10-07,COL @ WPG,c8c270e79cd56ca57baa21a49a0d1d9d,sk_sog,over,Nazem Kadri,2.5,bovada,115,-150,oddsapi
2026-10-07T21:00:07Z,2026-10-07,COL @ WPG,c8c270e79cd56ca57baa21a49a0d1d9d,sk_sog,under,Nazem Kadri,2.5,bovada,-150,115,oddsapi
2026-10-07T21:00:07Z,2026-10-07,COL @ WPG,c8c270e79cd56ca57baa21a49a0d1d9d,g_saves,over,Mackenzie Blackwood,23.5,bovada,-125,-105,oddsapi
2026-10-07T21:00:07Z,2026-10-07,COL @ WPG,c8c270e79cd56ca57baa21a49a0d1d9d,g_saves,under,Mackenzie Blackwood,23.5,bovada,-105,-125,oddsapi
2026-10-07T21:00:07Z,2026-10-07,COL @ WPG,c8c270e79cd56ca57baa21a49a0d1d9d,g_saves,over,Stuart Skinner,28.5,bovada,-105,-125,oddsapi
2026-10-07T21:00:07Z,2026-10-07,COL @ WPG,c8c270e79cd56ca57baa21a49a0d1d9d,g_saves,under,Stuart Skinner,28.5,bovada,-125,-105,oddsapi
2026-10-07T21:00:07Z,2026-10-07,COL @ WPG,c8c270e79cd56ca57baa21a49a0d1d9d,p1_pl,COL,,-0.5,bovada,130,-170,oddsapi
2026-10-07T21:00:07Z,2026-10-07,COL @ WPG,c8c270e79cd56ca57baa21a49a0d1d9d,p1_pl,WPG,,0.5,bovada,-170,130,oddsapi
2026-10-07T21:00:07Z,2026-10-07,COL @ WPG,c8c270e79cd56ca57baa21a49a0d1d9d,p2_pl,COL,,-0.5,bovada,120,-160,oddsapi
2026-10-07T21:00:07Z,2026-10-07,COL @ WPG,c8c270e79cd56ca57baa21a49a0d1d9d,p2_pl,WPG,,0.5,bovada,-160,120,oddsapi
2026-10-07T21:00:07Z,2026-10-07,COL @ WPG,c8c270e79cd56ca57baa21a49a0d1d9d,p3_pl,COL,,-0.5,bovada,105,-135,oddsapi
2026-10-07T21:00:07Z,2026-10-07,COL @ WPG,c8c270e79cd56ca57baa21a49a0d1d9d,p3_pl,WPG,,0.5,bovada,-135,105,oddsapi
2026-10-07T21:00:07Z,2026-10-07,COL @ WPG,c8c270e79cd56ca57baa21a49a0d1d9d,p1_total,over,,1.5,bovada,-145,110,oddsapi
2026-10-07T21:00:07Z,2026-10-07,COL @ WPG,c8c270e79cd56ca57baa21a49a0d1d9d,p1_total,under,,1.5,bovada,110,-145,oddsapi
2026-10-07T21:00:07Z,2026-10-07,COL @ WPG,c8c270e79cd56ca57baa21a49a0d1d9d,p2_total,over,,2,bovada,-105,-125,oddsapi
2026-10-07T21:00:07Z,2026-10-07,COL @ WPG,c8c270e79cd56ca57baa21a49a0d1d9d,p2_total,under,,2,bovada,-125,-105,oddsapi
2026-10-07T21:00:07Z,2026-10-07,COL @ WPG,c8c270e79cd56ca57baa21a49a0d1d9d,p3_total,over,,2,bovada,-145,110,oddsapi
2026-10-07T21:00:07Z,2026-10-07,COL @ WPG,c8c270e79cd56ca57baa21a49a0d1d9d,p3_total,under,,2,bovada,110,-145,oddsapi
2026-10-07T21:00:07Z,2026-10-07,PIT @ WSH,8112572f236320d4d4c99b6eb0989b94,game_pl_alt,PIT,,-3.5,draftkings,1000,-2800,oddsapi
2026-10-07T21:00:07Z,2026-10-07,PIT @ WSH,8112572f236320d4d4c99b6eb0989b94,game_pl_alt,PIT,,-2.5,draftkings,440,-750,oddsapi
2026-10-07T21:00:07Z,2026-10-07,PIT @ WSH,8112572f236320d4d4c99b6eb0989b94,game_pl_alt,PIT,,-1.5,draftkings,270,-400,oddsapi
2026-10-07T21:00:07Z,2026-10-07,PIT @ WSH,8112572f236320d4d4c99b6eb0989b94,game_pl_alt,PIT,,2.5,draftkings,-335,235,oddsapi
2026-10-07T21:00:07Z,2026-10-07,PIT @ WSH,8112572f236320d4d4c99b6eb0989b94,game_pl_alt,PIT,,3.5,draftkings,-950,530,oddsapi
2026-10-07T21:00:07Z,2026-10-07,PIT @ WSH,8112572f236320d4d4c99b6eb0989b94,game_pl_alt,WSH,,3.5,draftkings,-2800,1000,oddsapi
2026-10-07T21:00:07Z,2026-10-07,PIT @ WSH,8112572f236320d4d4c99b6eb0989b94,game_pl_alt,WSH,,2.5,draftkings,-750,440,oddsapi
2026-10-07T21:00:07Z,2026-10-07,PIT @ WSH,8112572f236320d4d4c99b6eb0989b94,game_pl_alt,WSH,,1.5,draftkings,-400,270,oddsapi
2026-10-07T21:00:07Z,2026-10-07,PIT @ WSH,8112572f236320d4d4c99b6eb0989b94,game_pl_alt,WSH,,-2.5,draftkings,235,-335,oddsapi
2026-10-07T21:00:07Z,2026-10-07,PIT @ WSH,8112572f236320d4d4c99b6eb0989b94,game_pl_alt,WSH,,-3.5,draftkings,530,-950,oddsapi
2026-10-07T21:00:07Z,2026-10-07,PIT @ WSH,8112572f236320d4d4c99b6eb0989b94,team_total_alt,over,PIT,0.5,draftkings,-2800,1000,oddsapi
2026-10-07T21:00:07Z,2026-10-07,PIT @ WSH,8112572f236320d4d4c99b6eb0989b94,team_total_alt,under,PIT,0.5,draftkings,1000,-2800,oddsapi
2026-10-07T21:00:07Z,2026-10-07,PIT @ WSH,8112572f236320d4d4c99b6eb0989b94,team_total_alt,over,PIT,1.5,draftkings,-450,300,oddsapi
2026-10-07T21:00:07Z,2026-10-07,PIT @ WSH,8112572f236320d4d4c99b6eb0989b94,team_total_alt,under,PIT,1.5,draftkings,300,-450,oddsapi
2026-10-07T21:00:07Z,2026-10-07,PIT @ WSH,8112572f236320d4d4c99b6eb0989b94,team_total_alt,over,PIT,2.5,draftkings,-160,120,oddsapi
2026-10-07T21:00:07Z,2026-10-07,PIT @ WSH,8112572f236320d4d4c99b6eb0989b94,team_total_alt,under,PIT,2.5,draftkings,120,-160,oddsapi
2026-10-07T21:00:07Z,2026-10-07,PIT @ WSH,8112572f236320d4d4c99b6eb0989b94,team_total_alt,over,PIT,3.5,draftkings,150,-200,oddsapi
2026-10-07T21:00:07Z,2026-10-07,PIT @ WSH,8112572f236320d4d4c99b6eb0989b94,team_total_alt,under,PIT,3.5,draftkings,-200,150,oddsapi
2026-10-07T21:00:07Z,2026-10-07,PIT @ WSH,8112572f236320d4d4c99b6eb0989b94,team_total_alt,over,PIT,4.5,draftkings,330,-505,oddsapi
2026-10-07T21:00:07Z,2026-10-07,PIT @ WSH,8112572f236320d4d4c99b6eb0989b94,team_total_alt,under,PIT,4.5,draftkings,-505,330,oddsapi
2026-10-07T21:00:07Z,2026-10-07,PIT @ WSH,8112572f236320d4d4c99b6eb0989b94,team_total_alt,over,PIT,5.5,draftkings,800,-1800,oddsapi
2026-10-07T21:00:07Z,2026-10-07,PIT @ WSH,8112572f236320d4d4c99b6eb0989b94,team_total_alt,under,PIT,5.5,draftkings,-1800,800,oddsapi
2026-10-07T21:00:07Z,2026-10-07,PIT @ WSH,8112572f236320d4d4c99b6eb0989b94,team_total_alt,over,WSH,0.5,draftkings,-9000,1500,oddsapi
2026-10-07T21:00:07Z,2026-10-07,PIT @ WSH,8112572f236320d4d4c99b6eb0989b94,team_total_alt,under,WSH,0.5,draftkings,1500,-9000,oddsapi
2026-10-07T21:00:07Z,2026-10-07,PIT @ WSH,8112572f236320d4d4c99b6eb0989b94,team_total_alt,over,WSH,1.5,draftkings,-875,490,oddsapi
2026-10-07T21:00:07Z,2026-10-07,PIT @ WSH,8112572f236320d4d4c99b6eb0989b94,team_total_alt,under,WSH,1.5,draftkings,490,-875,oddsapi
2026-10-07T21:00:07Z,2026-10-07,PIT @ WSH,8112572f236320d4d4c99b6eb0989b94,team_total_alt,over,WSH,2.5,draftkings,-270,195,oddsapi
2026-10-07T21:00:07Z,2026-10-07,PIT @ WSH,8112572f236320d4d4c99b6eb0989b94,team_total_alt,under,WSH,2.5,draftkings,195,-270,oddsapi
2026-10-07T21:00:07Z,2026-10-07,PIT @ WSH,8112572f236320d4d4c99b6eb0989b94,team_total_alt,over,WSH,3.5,draftkings,-115,-125,oddsapi
2026-10-07T21:00:07Z,2026-10-07,PIT @ WSH,8112572f236320d4d4c99b6eb0989b94,team_total_alt,under,WSH,3.5,draftkings,-125,-115,oddsapi
2026-10-07T21:00:07Z,2026-10-07,PIT @ WSH,8112572f236320d4d4c99b6eb0989b94,team_total_alt,over,WSH,4.5,draftkings,200,-280,oddsapi
2026-10-07T21:00:07Z,2026-10-07,PIT @ WSH,8112572f236320d4d4c99b6eb0989b94,team_total_alt,under,WSH,4.5,draftkings,-280,200,oddsapi
2026-10-07T21:00:07Z,2026-10-07,PIT @ WSH,8112572f236320d4d4c99b6eb0989b94,team_total_alt,over,WSH,5.5,draftkings,450,-775,oddsapi
2026-10-07T21:00:07Z,2026-10-07,PIT @ WSH,8112572f236320d4d4c99b6eb0989b94,team_total_alt,under,WSH,5.5,draftkings,-775,450,oddsapi
2026-10-07T21:00:07Z,2026-10-07,PIT @ WSH,8112572f236320d4d4c99b6eb0989b94,game_total_alt,over,,3.5,draftkings,-1150,600,oddsapi
2026-10-07T21:00:07Z,2026-10-07,PIT @ WSH,8112572f236320d4d4c99b6eb0989b94,game_total_alt,over,,4.5,draftkings,-550,350,oddsapi
2026-10-07T21:00:07Z,2026-10-07,PIT @ WSH,8112572f236320d4d4c99b6eb0989b94,game_total_alt,over,,5.5,draftkings,-190,145,oddsapi
2026-10-07T21:00:07Z,2026-10-07,PIT @ WSH,8112572f236320d4d4c99b6eb0989b94,game_total_alt,over,,7.5,draftkings,195,-270,oddsapi
2026-10-07T21:00:07Z,2026-10-07,PIT @ WSH,8112572f236320d4d4c99b6eb0989b94,game_total_alt,over,,8.5,draftkings,295,-440,oddsapi
2026-10-07T21:00:07Z,2026-10-07,PIT @ WSH,8112572f236320d4d4c99b6eb0989b94,game_total_alt,over,,9.5,draftkings,675,-1350,oddsapi
2026-10-07T21:00:07Z,2026-10-07,PIT @ WSH,8112572f236320d4d4c99b6eb0989b94,game_total_alt,under,,3.5,draftkings,600,-1150,oddsapi
2026-10-07T21:00:07Z,2026-10-07,PIT @ WSH,8112572f236320d4d4c99b6eb0989b94,game_total_alt,under,,4.5,draftkings,350,-550,oddsapi
2026-10-07T21:00:07Z,2026-10-07,PIT @ WSH,8112572f236320d4d4c99b6eb0989b94,game_total_alt,under,,5.5,draftkings,145,-190,oddsapi
2026-10-07T21:00:07Z,2026-10-07,PIT @ WSH,8112572f236320d4d4c99b6eb0989b94,game_total_alt,under,,7.5,draftkings,-270,195,oddsapi
2026-10-07T21:00:07Z,2026-10-07,PIT @ WSH,8112572f236320d4d4c99b6eb0989b94,game_total_alt,under,,8.5,draftkings,-440,295,oddsapi
2026-10-07T21:00:07Z,2026-10-07,PIT @ WSH,8112572f236320d4d4c99b6eb0989b94,game_total_alt,under,,9.5,draftkings,-1350,675,oddsapi
2026-10-07T21:00:07Z,2026-10-07,PIT @ WSH,8112572f236320d4d4c99b6eb0989b94,game_ml3,PIT,,,draftkings,190,,oddsapi
2026-10-07T21:00:07Z,2026-10-07,PIT @ WSH,8112572f236320d4d4c99b6eb0989b94,game_ml3,WSH,,,draftkings,100,,oddsapi
2026-10-07T21:00:07Z,2026-10-07,PIT @ WSH,8112572f236320d4d4c99b6eb0989b94,game_ml3,draw,,,draftkings,330,,oddsapi
2026-10-07T21:00:07Z,2026-10-07,PIT @ WSH,8112572f236320d4d4c99b6eb0989b94,p1_ml3,PIT,,,draftkings,210,,oddsapi
2026-10-07T21:00:07Z,2026-10-07,PIT @ WSH,8112572f236320d4d4c99b6eb0989b94,p1_ml3,WSH,,,draftkings,145,,oddsapi
2026-10-07T21:00:07Z,2026-10-07,PIT @ WSH,8112572f236320d4d4c99b6eb0989b94,p1_ml3,draw,,,draftkings,190,,oddsapi
2026-10-07T21:00:07Z,2026-10-07,PIT @ WSH,8112572f236320d4d4c99b6eb0989b94,p2_ml3,PIT,,,draftkings,205,,oddsapi
2026-10-07T21:00:07Z,2026-10-07,PIT @ WSH,8112572f236320d4d4c99b6eb0989b94,p2_ml3,WSH,,,draftkings,135,,oddsapi
2026-10-07T21:00:07Z,2026-10-07,PIT @ WSH,8112572f236320d4d4c99b6eb0989b94,p2_ml3,draw,,,draftkings,215,,oddsapi
2026-10-07T21:00:07Z,2026-10-07,PIT @ WSH,8112572f236320d4d4c99b6eb0989b94,p3_ml3,PIT,,,draftkings,185,,oddsapi
2026-10-07T21:00:07Z,2026-10-07,PIT @ WSH,8112572f236320d4d4c99b6eb0989b94,p3_ml3,WSH,,,draftkings,125,,oddsapi
2026-10-07T21:00:07Z,2026-10-07,PIT @ WSH,8112572f236320d4d4c99b6eb0989b94,p3_ml3,draw,,,draftkings,260,,oddsapi
2026-10-07T21:00:07Z,2026-10-07,PIT @ WSH,8112572f236320d4d4c99b6eb0989b94,sk_a,over,Sidney Crosby,0.5,draftkings,100,-135,oddsapi
2026-10-07T21:00:07Z,2026-10-07,PIT @ WSH,8112572f236320d4d4c99b6eb0989b94,sk_a,under,Sidney Crosby,0.5,draftkings,-135,100,oddsapi
2026-10-07T21:00:07Z,2026-10-07,PIT @ WSH,8112572f236320d4d4c99b6eb0989b94,sk_a,over,Jakob Chychrun,0.5,draftkings,110,-150,oddsapi
2026-10-07T21:00:07Z,2026-10-07,PIT @ WSH,8112572f236320d4d4c99b6eb0989b94,sk_a,under,Jakob Chychrun,0.5,draftkings,-150,110,oddsapi
2026-10-07T21:00:07Z,2026-10-07,PIT @ WSH,8112572f236320d4d4c99b6eb0989b94,sk_a,over,Erik Karlsson,0.5,draftkings,120,-165,oddsapi
2026-10-07T21:00:07Z,2026-10-07,PIT @ WSH,8112572f236320d4d4c99b6eb0989b94,sk_a,under,Erik Karlsson,0.5,draftkings,-165,120,oddsapi
2026-10-07T21:00:07Z,2026-10-07,PIT @ WSH,8112572f236320d4d4c99b6eb0989b94,sk_a,over,Tom Wilson,0.5,draftkings,125,-175,oddsapi
2026-10-07T21:00:07Z,2026-10-07,PIT @ WSH,8112572f236320d4d4c99b6eb0989b94,sk_a,under,Tom Wilson,0.5,draftkings,-175,125,oddsapi
2026-10-07T21:00:07Z,2026-10-07,PIT @ WSH,8112572f236320d4d4c99b6eb0989b94,sk_a,over,Dylan Strome,0.5,draftkings,130,-175,oddsapi
2026-10-07T21:00:07Z,2026-10-07,PIT @ WSH,8112572f236320d4d4c99b6eb0989b94,sk_a,under,Dylan Strome,0.5,draftkings,-175,130,oddsapi
2026-10-07T21:00:07Z,2026-10-07,PIT @ WSH,8112572f236320d4d4c99b6eb0989b94,sk_a,over,Pierre-Luc Dubois,0.5,draftkings,135,-180,oddsapi
2026-10-07T21:00:07Z,2026-10-07,PIT @ WSH,8112572f236320d4d4c99b6eb0989b94,sk_a,under,Pierre-Luc Dubois,0.5,draftkings,-180,135,oddsapi
2026-10-07T21:00:07Z,2026-10-07,PIT @ WSH,8112572f236320d4d4c99b6eb0989b94,sk_a,over,Evgeni Malkin,0.5,draftkings,150,-205,oddsapi
2026-10-07T21:00:07Z,2026-10-07,PIT @ WSH,8112572f236320d4d4c99b6eb0989b94,sk_a,under,Evgeni Malkin,0.5,draftkings,-205,150,oddsapi
2026-10-07T21:00:07Z,2026-10-07,PIT @ WSH,8112572f236320d4d4c99b6eb0989b94,sk_a,over,Alex Tuch,0.5,draftkings,160,-215,oddsapi
2026-10-07T21:00:07Z,2026-10-07,PIT @ WSH,8112572f236320d4d4c99b6eb0989b94,sk_a,under,Alex Tuch,0.5,draftkings,-215,160,oddsapi
2026-10-07T21:00:07Z,2026-10-07,PIT @ WSH,8112572f236320d4d4c99b6eb0989b94,sk_a,over,Alex Ovechkin,0.5,draftkings,175,-240,oddsapi
2026-10-07T21:00:07Z,2026-10-07,PIT @ WSH,8112572f236320d4d4c99b6eb0989b94,sk_a,under,Alex Ovechkin,0.5,draftkings,-240,175,oddsapi
2026-10-07T21:00:07Z,2026-10-07,PIT @ WSH,8112572f236320d4d4c99b6eb0989b94,sk_a,over,Rickard Rakell,0.5,draftkings,185,-255,oddsapi
2026-10-07T21:00:07Z,2026-10-07,PIT @ WSH,8112572f236320d4d4c99b6eb0989b94,sk_a,under,Rickard Rakell,0.5,draftkings,-255,185,oddsapi
2026-10-07T21:00:07Z,2026-10-07,PIT @ WSH,8112572f236320d4d4c99b6eb0989b94,sk_a,over,Jordan Kyrou,0.5,draftkings,190,-260,oddsapi
2026-10-07T21:00:07Z,2026-10-07,PIT @ WSH,8112572f236320d4d4c99b6eb0989b94,sk_a,under,Jordan Kyrou,0.5,draftkings,-260,190,oddsapi
2026-10-07T21:00:07Z,2026-10-07,PIT @ WSH,8112572f236320d4d4c99b6eb0989b94,sk_a,over,Cole Hutson,0.5,draftkings,195,-270,oddsapi
2026-10-07T21:00:07Z,2026-10-07,PIT @ WSH,8112572f236320d4d4c99b6eb0989b94,sk_a,under,Cole Hutson,0.5,draftkings,-270,195,oddsapi
2026-10-07T21:00:07Z,2026-10-07,PIT @ WSH,8112572f236320d4d4c99b6eb0989b94,sk_a,over,Kris Letang,0.5,draftkings,210,-290,oddsapi
2026-10-07T21:00:07Z,2026-10-07,PIT @ WSH,8112572f236320d4d4c99b6eb0989b94,sk_a,under,Kris Letang,0.5,draftkings,-290,210,oddsapi
2026-10-07T21:00:07Z,2026-10-07,PIT @ WSH,8112572f236320d4d4c99b6eb0989b94,sk_a,over,Bryan Rust,0.5,draftkings,220,-310,oddsapi
2026-10-07T21:00:07Z,2026-10-07,PIT @ WSH,8112572f236320d4d4c99b6eb0989b94,sk_a,under,Bryan Rust,0.5,draftkings,-310,220,oddsapi
2026-10-07T21:00:07Z,2026-10-07,PIT @ WSH,8112572f236320d4d4c99b6eb0989b94,sk_a,over,Ilya Protas,0.5,draftkings,220,-310,oddsapi
2026-10-07T21:00:07Z,2026-10-07,PIT @ WSH,8112572f236320d4d4c99b6eb0989b94,sk_a,under,Ilya Protas,0.5,draftkings,-310,220,oddsapi
2026-10-07T21:00:07Z,2026-10-07,PIT @ WSH,8112572f236320d4d4c99b6eb0989b94,sk_a,over,Aliaksei Protas,0.5,draftkings,225,-310,oddsapi
2026-10-07T21:00:07Z,2026-10-07,PIT @ WSH,8112572f236320d4d4c99b6eb0989b94,sk_a,under,Aliaksei Protas,0.5,draftkings,-310,225,oddsapi
2026-10-07T21:00:07Z,2026-10-07,PIT @ WSH,8112572f236320d4d4c99b6eb0989b94,sk_a,over,Tommy Novak,0.5,draftkings,240,-340,oddsapi
2026-10-07T21:00:07Z,2026-10-07,PIT @ WSH,8112572f236320d4d4c99b6eb0989b94,sk_a,under,Tommy Novak,0.5,draftkings,-340,240,oddsapi
2026-10-07T21:00:07Z,2026-10-07,PIT @ WSH,8112572f236320d4d4c99b6eb0989b94,sk_a,over,Justin Sourdif,0.5,draftkings,245,-350,oddsapi
2026-10-07T21:00:07Z,2026-10-07,PIT @ WSH,8112572f236320d4d4c99b6eb0989b94,sk_a,under,Justin Sourdif,0.5,draftkings,-350,245,oddsapi
2026-10-07T21:00:07Z,2026-10-07,PIT @ WSH,8112572f236320d4d4c99b6eb0989b94,sk_a,over,Ben Kindel,0.5,draftkings,275,-390,oddsapi
2026-10-07T21:00:07Z,2026-10-07,PIT @ WSH,8112572f236320d4d4c99b6eb0989b94,sk_a,under,Ben Kindel,0.5,draftkings,-390,275,oddsapi
2026-10-07T21:00:07Z,2026-10-07,PIT @ WSH,8112572f236320d4d4c99b6eb0989b94,sk_a,over,Ryan Leonard,0.5,draftkings,285,-400,oddsapi
2026-10-07T21:00:07Z,2026-10-07,PIT @ WSH,8112572f236320d4d4c99b6eb0989b94,sk_a,under,Ryan Leonard,0.5,draftkings,-400,285,oddsapi
2026-10-07T21:00:07Z,2026-10-07,PIT @ WSH,8112572f236320d4d4c99b6eb0989b94,sk_a,over,Martin Fehervary,0.5,draftkings,290,-425,oddsapi
2026-10-07T21:00:07Z,2026-10-07,PIT @ WSH,8112572f236320d4d4c99b6eb0989b94,sk_a,under,Martin Fehervary,0.5,draftkings,-425,290,oddsapi
2026-10-07T21:00:07Z,2026-10-07,PIT @ WSH,8112572f236320d4d4c99b6eb0989b94,sk_a,over,Anthony Beauvillier,0.5,draftkings,300,-450,oddsapi
2026-10-07T21:00:07Z,2026-10-07,PIT @ WSH,8112572f236320d4d4c99b6eb0989b94,sk_a,under,Anthony Beauvillier,0.5,draftkings,-450,300,oddsapi
2026-10-07T21:00:07Z,2026-10-07,PIT @ WSH,8112572f236320d4d4c99b6eb0989b94,sk_a,over,Trevor van Riemsdyk,0.5,draftkings,330,-475,oddsapi
2026-10-07T21:00:07Z,2026-10-07,PIT @ WSH,8112572f236320d4d4c99b6eb0989b94,sk_a,under,Trevor van Riemsdyk,0.5,draftkings,-475,330,oddsapi
2026-10-07T21:00:07Z,2026-10-07,PIT @ WSH,8112572f236320d4d4c99b6eb0989b94,sk_a,over,Yegor Chinakhov,0.5,draftkings,340,-500,oddsapi
2026-10-07T21:00:07Z,2026-10-07,PIT @ WSH,8112572f236320d4d4c99b6eb0989b94,sk_a,under,Yegor Chinakhov,0.5,draftkings,-500,340,oddsapi
2026-10-07T21:00:07Z,2026-10-07,PIT @ WSH,8112572f236320d4d4c99b6eb0989b94,ags,yes,Alex Tuch,,draftkings,175,,oddsapi
2026-10-07T21:00:07Z,2026-10-07,PIT @ WSH,8112572f236320d4d4c99b6eb0989b94,ags,yes,Alex Ovechkin,,draftkings,200,,oddsapi
2026-10-07T21:00:07Z,2026-10-07,PIT @ WSH,8112572f236320d4d4c99b6eb0989b94,ags,yes,Bryan Rust,,draftkings,210,,oddsapi
2026-10-07T21:00:07Z,2026-10-07,PIT @ WSH,8112572f236320d4d4c99b6eb0989b94,ags,yes,Sidney Crosby,,draftkings,235,,oddsapi
2026-10-07T21:00:07Z,2026-10-07,PIT @ WSH,8112572f236320d4d4c99b6eb0989b94,ags,yes,Tom Wilson,,draftkings,245,,oddsapi
2026-10-07T21:00:07Z,2026-10-07,PIT @ WSH,8112572f236320d4d4c99b6eb0989b94,ags,yes,Rickard Rakell,,draftkings,245,,oddsapi
2026-10-07T21:00:07Z,2026-10-07,PIT @ WSH,8112572f236320d4d4c99b6eb0989b94,ags,yes,Ilya Protas,,draftkings,275,,oddsapi
2026-10-07T21:00:07Z,2026-10-07,PIT @ WSH,8112572f236320d4d4c99b6eb0989b94,ags,yes,Jordan Kyrou,,draftkings,275,,oddsapi
2026-10-07T21:00:07Z,2026-10-07,PIT @ WSH,8112572f236320d4d4c99b6eb0989b94,ags,yes,Evgeni Malkin,,draftkings,280,,oddsapi
2026-10-07T21:00:07Z,2026-10-07,PIT @ WSH,8112572f236320d4d4c99b6eb0989b94,ags,yes,Ryan Leonard,,draftkings,285,,oddsapi
2026-10-07T21:00:07Z,2026-10-07,PIT @ WSH,8112572f236320d4d4c99b6eb0989b94,ags,yes,Jakob Chychrun,,draftkings,295,,oddsapi
2026-10-07T21:00:07Z,2026-10-07,PIT @ WSH,8112572f236320d4d4c99b6eb0989b94,ags,yes,Yegor Chinakhov,,draftkings,295,,oddsapi
2026-10-07T21:00:07Z,2026-10-07,PIT @ WSH,8112572f236320d4d4c99b6eb0989b94,ags,yes,Dylan Strome,,draftkings,300,,oddsapi
2026-10-07T21:00:07Z,2026-10-07,PIT @ WSH,8112572f236320d4d4c99b6eb0989b94,ags,yes,Pierre-Luc Dubois,,draftkings,330,,oddsapi
2026-10-07T21:00:07Z,2026-10-07,PIT @ WSH,8112572f236320d4d4c99b6eb0989b94,ags,yes,Aliaksei Protas,,draftkings,360,,oddsapi
2026-10-07T21:00:07Z,2026-10-07,PIT @ WSH,8112572f236320d4d4c99b6eb0989b94,ags,yes,Ben Kindel,,draftkings,370,,oddsapi
2026-10-07T21:00:07Z,2026-10-07,PIT @ WSH,8112572f236320d4d4c99b6eb0989b94,ags,yes,Nick Robertson,,draftkings,400,,oddsapi
2026-10-07T21:00:07Z,2026-10-07,PIT @ WSH,8112572f236320d4d4c99b6eb0989b94,ags,yes,Tommy Novak,,draftkings,400,,oddsapi
2026-10-07T21:00:07Z,2026-10-07,PIT @ WSH,8112572f236320d4d4c99b6eb0989b94,ags,yes,Anthony Beauvillier,,draftkings,425,,oddsapi
2026-10-07T21:00:07Z,2026-10-07,PIT @ WSH,8112572f236320d4d4c99b6eb0989b94,ags,yes,Hendrix Lapierre,,draftkings,450,,oddsapi
2026-10-07T21:00:07Z,2026-10-07,PIT @ WSH,8112572f236320d4d4c99b6eb0989b94,ags,yes,Cole Hutson,,draftkings,500,,oddsapi
2026-10-07T21:00:07Z,2026-10-07,PIT @ WSH,8112572f236320d4d4c99b6eb0989b94,ags,yes,Justin Sourdif,,draftkings,550,,oddsapi
2026-10-07T21:00:07Z,2026-10-07,PIT @ WSH,8112572f236320d4d4c99b6eb0989b94,ags,yes,Ville Koivunen,,draftkings,550,,oddsapi
2026-10-07T21:00:07Z,2026-10-07,PIT @ WSH,8112572f236320d4d4c99b6eb0989b94,ags,yes,Erik Karlsson,,draftkings,550,,oddsapi
2026-10-07T21:00:07Z,2026-10-07,PIT @ WSH,8112572f236320d4d4c99b6eb0989b94,ags,yes,Boone Jenner,,draftkings,600,,oddsapi
2026-10-07T21:00:07Z,2026-10-07,PIT @ WSH,8112572f236320d4d4c99b6eb0989b94,ags,yes,Connor Dewar,,draftkings,700,,oddsapi
2026-10-07T21:00:07Z,2026-10-07,PIT @ WSH,8112572f236320d4d4c99b6eb0989b94,ags,yes,Blake Lizotte,,draftkings,850,,oddsapi
2026-10-07T21:00:07Z,2026-10-07,PIT @ WSH,8112572f236320d4d4c99b6eb0989b94,ags,yes,Samuel Girard,,draftkings,1100,,oddsapi
2026-10-07T21:00:07Z,2026-10-07,PIT @ WSH,8112572f236320d4d4c99b6eb0989b94,ags,yes,Kris Letang,,draftkings,1100,,oddsapi
2026-10-07T21:00:07Z,2026-10-07,PIT @ WSH,8112572f236320d4d4c99b6eb0989b94,ags,yes,Martin Fehervary,,draftkings,1600,,oddsapi
2026-10-07T21:00:07Z,2026-10-07,PIT @ WSH,8112572f236320d4d4c99b6eb0989b94,ags,yes,Declan Carlile,,draftkings,1600,,oddsapi
2026-10-07T21:00:07Z,2026-10-07,PIT @ WSH,8112572f236320d4d4c99b6eb0989b94,ags,yes,Dylan McIlrath,,draftkings,1800,,oddsapi
2026-10-07T21:00:07Z,2026-10-07,PIT @ WSH,8112572f236320d4d4c99b6eb0989b94,ags,yes,Timothy Liljegren,,draftkings,2000,,oddsapi
2026-10-07T21:00:07Z,2026-10-07,PIT @ WSH,8112572f236320d4d4c99b6eb0989b94,ags,yes,Vincent Desharnais,,draftkings,2200,,oddsapi
2026-10-07T21:00:07Z,2026-10-07,PIT @ WSH,8112572f236320d4d4c99b6eb0989b94,ags,yes,Trevor van Riemsdyk,,draftkings,2500,,oddsapi
2026-10-07T21:00:07Z,2026-10-07,PIT @ WSH,8112572f236320d4d4c99b6eb0989b94,ags,yes,Kaedan Korczak,,draftkings,2500,,oddsapi
2026-10-07T21:00:07Z,2026-10-07,PIT @ WSH,8112572f236320d4d4c99b6eb0989b94,fgs,yes,Alex Tuch,,draftkings,1200,,oddsapi
2026-10-07T21:00:07Z,2026-10-07,PIT @ WSH,8112572f236320d4d4c99b6eb0989b94,fgs,yes,Alex Ovechkin,,draftkings,1400,,oddsapi
2026-10-07T21:00:07Z,2026-10-07,PIT @ WSH,8112572f236320d4d4c99b6eb0989b94,fgs,yes,Bryan Rust,,draftkings,1400,,oddsapi
2026-10-07T21:00:07Z,2026-10-07,PIT @ WSH,8112572f236320d4d4c99b6eb0989b94,fgs,yes,Rickard Rakell,,draftkings,1500,,oddsapi
2026-10-07T21:00:07Z,2026-10-07,PIT @ WSH,8112572f236320d4d4c99b6eb0989b94,fgs,yes,Tom Wilson,,draftkings,1600,,oddsapi
2026-10-07T21:00:07Z,2026-10-07,PIT @ WSH,8112572f236320d4d4c99b6eb0989b94,fgs,yes,Sidney Crosby,,draftkings,1600,,oddsapi
2026-10-07T21:00:07Z,2026-10-07,PIT @ WSH,8112572f236320d4d4c99b6eb0989b94,fgs,yes,Evgeni Malkin,,draftkings,1700,,oddsapi
2026-10-07T21:00:07Z,2026-10-07,PIT @ WSH,8112572f236320d4d4c99b6eb0989b94,fgs,yes,Ryan Leonard,,draftkings,1800,,oddsapi
2026-10-07T21:00:07Z,2026-10-07,PIT @ WSH,8112572f236320d4d4c99b6eb0989b94,fgs,yes,Ilya Protas,,draftkings,1800,,oddsapi
2026-10-07T21:00:07Z,2026-10-07,PIT @ WSH,8112572f236320d4d4c99b6eb0989b94,fgs,yes,Yegor Chinakhov,,draftkings,1900,,oddsapi
2026-10-07T21:00:07Z,2026-10-07,PIT @ WSH,8112572f236320d4d4c99b6eb0989b94,fgs,yes,Dylan Strome,,draftkings,1900,,oddsapi
2026-10-07T21:00:07Z,2026-10-07,PIT @ WSH,8112572f236320d4d4c99b6eb0989b94,fgs,yes,Jakob Chychrun,,draftkings,1900,,oddsapi
2026-10-07T21:00:07Z,2026-10-07,PIT @ WSH,8112572f236320d4d4c99b6eb0989b94,fgs,yes,Jordan Kyrou,,draftkings,2000,,oddsapi
2026-10-07T21:00:07Z,2026-10-07,PIT @ WSH,8112572f236320d4d4c99b6eb0989b94,fgs,yes,Ben Kindel,,draftkings,2200,,oddsapi
2026-10-07T21:00:07Z,2026-10-07,PIT @ WSH,8112572f236320d4d4c99b6eb0989b94,fgs,yes,Pierre-Luc Dubois,,draftkings,2200,,oddsapi
2026-10-07T21:00:07Z,2026-10-07,PIT @ WSH,8112572f236320d4d4c99b6eb0989b94,fgs,yes,Aliaksei Protas,,draftkings,2200,,oddsapi
2026-10-07T21:00:07Z,2026-10-07,PIT @ WSH,8112572f236320d4d4c99b6eb0989b94,fgs,yes,Tommy Novak,,draftkings,2500,,oddsapi
2026-10-07T21:00:07Z,2026-10-07,PIT @ WSH,8112572f236320d4d4c99b6eb0989b94,fgs,yes,Anthony Beauvillier,,draftkings,2500,,oddsapi
2026-10-07T21:00:07Z,2026-10-07,PIT @ WSH,8112572f236320d4d4c99b6eb0989b94,fgs,yes,Nick Robertson,,draftkings,2500,,oddsapi
2026-10-07T21:00:07Z,2026-10-07,PIT @ WSH,8112572f236320d4d4c99b6eb0989b94,fgs,yes,Hendrix Lapierre,,draftkings,2800,,oddsapi
2026-10-07T21:00:07Z,2026-10-07,PIT @ WSH,8112572f236320d4d4c99b6eb0989b94,fgs,yes,Ville Koivunen,,draftkings,3000,,oddsapi
2026-10-07T21:00:07Z,2026-10-07,PIT @ WSH,8112572f236320d4d4c99b6eb0989b94,fgs,yes,Justin Sourdif,,draftkings,3000,,oddsapi
2026-10-07T21:00:07Z,2026-10-07,PIT @ WSH,8112572f236320d4d4c99b6eb0989b94,fgs,yes,Cole Hutson,,draftkings,3000,,oddsapi
2026-10-07T21:00:07Z,2026-10-07,PIT @ WSH,8112572f236320d4d4c99b6eb0989b94,fgs,yes,Erik Karlsson,,draftkings,3000,,oddsapi
2026-10-07T21:00:07Z,2026-10-07,PIT @ WSH,8112572f236320d4d4c99b6eb0989b94,fgs,yes,Boone Jenner,,draftkings,3500,,oddsapi
2026-10-07T21:00:07Z,2026-10-07,PIT @ WSH,8112572f236320d4d4c99b6eb0989b94,fgs,yes,Connor Dewar,,draftkings,4000,,oddsapi
2026-10-07T21:00:07Z,2026-10-07,PIT @ WSH,8112572f236320d4d4c99b6eb0989b94,fgs,yes,Blake Lizotte,,draftkings,4000,,oddsapi
2026-10-07T21:00:07Z,2026-10-07,PIT @ WSH,8112572f236320d4d4c99b6eb0989b94,fgs,yes,Kris Letang,,draftkings,6000,,oddsapi
2026-10-07T21:00:07Z,2026-10-07,PIT @ WSH,8112572f236320d4d4c99b6eb0989b94,fgs,yes,Samuel Girard,,draftkings,6000,,oddsapi
2026-10-07T21:00:07Z,2026-10-07,PIT @ WSH,8112572f236320d4d4c99b6eb0989b94,fgs,yes,Declan Carlile,,draftkings,7500,,oddsapi
2026-10-07T21:00:07Z,2026-10-07,PIT @ WSH,8112572f236320d4d4c99b6eb0989b94,fgs,yes,Martin Fehervary,,draftkings,8000,,oddsapi
2026-10-07T21:00:07Z,2026-10-07,PIT @ WSH,8112572f236320d4d4c99b6eb0989b94,fgs,yes,Dylan McIlrath,,draftkings,8000,,oddsapi
2026-10-07T21:00:07Z,2026-10-07,PIT @ WSH,8112572f236320d4d4c99b6eb0989b94,fgs,yes,Kaedan Korczak,,draftkings,9000,,oddsapi
2026-10-07T21:00:07Z,2026-10-07,PIT @ WSH,8112572f236320d4d4c99b6eb0989b94,fgs,yes,Vincent Desharnais,,draftkings,9000,,oddsapi
2026-10-07T21:00:07Z,2026-10-07,PIT @ WSH,8112572f236320d4d4c99b6eb0989b94,fgs,yes,Timothy Liljegren,,draftkings,9000,,oddsapi
2026-10-07T21:00:07Z,2026-10-07,PIT @ WSH,8112572f236320d4d4c99b6eb0989b94,fgs,yes,Trevor van Riemsdyk,,draftkings,10000,,oddsapi
2026-10-07T21:00:07Z,2026-10-07,PIT @ WSH,8112572f236320d4d4c99b6eb0989b94,lgs,yes,Alex Tuch,,draftkings,1000,,oddsapi
2026-10-07T21:00:07Z,2026-10-07,PIT @ WSH,8112572f236320d4d4c99b6eb0989b94,lgs,yes,Bryan Rust,,draftkings,1200,,oddsapi
2026-10-07T21:00:07Z,2026-10-07,PIT @ WSH,8112572f236320d4d4c99b6eb0989b94,lgs,yes,Alex Ovechkin,,draftkings,1200,,oddsapi
2026-10-07T21:00:07Z,2026-10-07,PIT @ WSH,8112572f236320d4d4c99b6eb0989b94,lgs,yes,Tom Wilson,,draftkings,1300,,oddsapi
2026-10-07T21:00:07Z,2026-10-07,PIT @ WSH,8112572f236320d4d4c99b6eb0989b94,lgs,yes,Sidney Crosby,,draftkings,1300,,oddsapi
2026-10-07T21:00:07Z,2026-10-07,PIT @ WSH,8112572f236320d4d4c99b6eb0989b94,lgs,yes,Ryan Leonard,,draftkings,1300,,oddsapi
2026-10-07T21:00:07Z,2026-10-07,PIT @ WSH,8112572f236320d4d4c99b6eb0989b94,lgs,yes,Rickard Rakell,,draftkings,1400,,oddsapi
2026-10-07T21:00:07Z,2026-10-07,PIT @ WSH,8112572f236320d4d4c99b6eb0989b94,lgs,yes,Dylan Strome,,draftkings,1500,,oddsapi
2026-10-07T21:00:07Z,2026-10-07,PIT @ WSH,8112572f236320d4d4c99b6eb0989b94,lgs,yes,Ilya Protas,,draftkings,1500,,oddsapi
2026-10-07T21:00:07Z,2026-10-07,PIT @ WSH,8112572f236320d4d4c99b6eb0989b94,lgs,yes,Yegor Chinakhov,,draftkings,1500,,oddsapi
2026-10-07T21:00:07Z,2026-10-07,PIT @ WSH,8112572f236320d4d4c99b6eb0989b94,lgs,yes,Jordan Kyrou,,draftkings,1500,,oddsapi
2026-10-07T21:00:07Z,2026-10-07,PIT @ WSH,8112572f236320d4d4c99b6eb0989b94,lgs,yes,Evgeni Malkin,,draftkings,1500,,oddsapi
2026-10-07T21:00:07Z,2026-10-07,PIT @ WSH,8112572f236320d4d4c99b6eb0989b94,lgs,yes,Jakob Chychrun,,draftkings,1600,,oddsapi
2026-10-07T21:00:07Z,2026-10-07,PIT @ WSH,8112572f236320d4d4c99b6eb0989b94,lgs,yes,Aliaksei Protas,,draftkings,1700,,oddsapi
2026-10-07T21:00:07Z,2026-10-07,PIT @ WSH,8112572f236320d4d4c99b6eb0989b94,lgs,yes,Pierre-Luc Dubois,,draftkings,1700,,oddsapi
2026-10-07T21:00:07Z,2026-10-07,PIT @ WSH,8112572f236320d4d4c99b6eb0989b94,lgs,yes,Anthony Beauvillier,,draftkings,1900,,oddsapi
2026-10-07T21:00:07Z,2026-10-07,PIT @ WSH,8112572f236320d4d4c99b6eb0989b94,lgs,yes,Ben Kindel,,draftkings,2000,,oddsapi
2026-10-07T21:00:07Z,2026-10-07,PIT @ WSH,8112572f236320d4d4c99b6eb0989b94,lgs,yes,Tommy Novak,,draftkings,2000,,oddsapi
2026-10-07T21:00:07Z,2026-10-07,PIT @ WSH,8112572f236320d4d4c99b6eb0989b94,lgs,yes,Nick Robertson,,draftkings,2000,,oddsapi
2026-10-07T21:00:07Z,2026-10-07,PIT @ WSH,8112572f236320d4d4c99b6eb0989b94,lgs,yes,Justin Sourdif,,draftkings,2200,,oddsapi
2026-10-07T21:00:07Z,2026-10-07,PIT @ WSH,8112572f236320d4d4c99b6eb0989b94,lgs,yes,Hendrix Lapierre,,draftkings,2200,,oddsapi
2026-10-07T21:00:07Z,2026-10-07,PIT @ WSH,8112572f236320d4d4c99b6eb0989b94,lgs,yes,Cole Hutson,,draftkings,2200,,oddsapi
2026-10-07T21:00:07Z,2026-10-07,PIT @ WSH,8112572f236320d4d4c99b6eb0989b94,lgs,yes,Ville Koivunen,,draftkings,2500,,oddsapi
2026-10-07T21:00:07Z,2026-10-07,PIT @ WSH,8112572f236320d4d4c99b6eb0989b94,lgs,yes,Erik Karlsson,,draftkings,2500,,oddsapi
2026-10-07T21:00:07Z,2026-10-07,PIT @ WSH,8112572f236320d4d4c99b6eb0989b94,lgs,yes,Boone Jenner,,draftkings,2500,,oddsapi
2026-10-07T21:00:07Z,2026-10-07,PIT @ WSH,8112572f236320d4d4c99b6eb0989b94,lgs,yes,Connor Dewar,,draftkings,2800,,oddsapi
2026-10-07T21:00:07Z,2026-10-07,PIT @ WSH,8112572f236320d4d4c99b6eb0989b94,lgs,yes,Blake Lizotte,,draftkings,3000,,oddsapi
2026-10-07T21:00:07Z,2026-10-07,PIT @ WSH,8112572f236320d4d4c99b6eb0989b94,lgs,yes,Kris Letang,,draftkings,4000,,oddsapi
2026-10-07T21:00:07Z,2026-10-07,PIT @ WSH,8112572f236320d4d4c99b6eb0989b94,lgs,yes,Samuel Girard,,draftkings,4000,,oddsapi
2026-10-07T21:00:07Z,2026-10-07,PIT @ WSH,8112572f236320d4d4c99b6eb0989b94,lgs,yes,Martin Fehervary,,draftkings,5000,,oddsapi
2026-10-07T21:00:07Z,2026-10-07,PIT @ WSH,8112572f236320d4d4c99b6eb0989b94,lgs,yes,Declan Carlile,,draftkings,5000,,oddsapi
2026-10-07T21:00:07Z,2026-10-07,PIT @ WSH,8112572f236320d4d4c99b6eb0989b94,lgs,yes,Dylan McIlrath,,draftkings,5500,,oddsapi
2026-10-07T21:00:07Z,2026-10-07,PIT @ WSH,8112572f236320d4d4c99b6eb0989b94,lgs,yes,Vincent Desharnais,,draftkings,6000,,oddsapi
2026-10-07T21:00:07Z,2026-10-07,PIT @ WSH,8112572f236320d4d4c99b6eb0989b94,lgs,yes,Timothy Liljegren,,draftkings,6500,,oddsapi
2026-10-07T21:00:07Z,2026-10-07,PIT @ WSH,8112572f236320d4d4c99b6eb0989b94,lgs,yes,Kaedan Korczak,,draftkings,7000,,oddsapi
2026-10-07T21:00:07Z,2026-10-07,PIT @ WSH,8112572f236320d4d4c99b6eb0989b94,lgs,yes,Trevor van Riemsdyk,,draftkings,8000,,oddsapi
2026-10-07T21:00:07Z,2026-10-07,PIT @ WSH,8112572f236320d4d4c99b6eb0989b94,sk_pts,over,Sidney Crosby,0.5,draftkings,-180,135,oddsapi
2026-10-07T21:00:07Z,2026-10-07,PIT @ WSH,8112572f236320d4d4c99b6eb0989b94,sk_pts,under,Sidney Crosby,0.5,draftkings,135,-180,oddsapi
2026-10-07T21:00:07Z,2026-10-07,PIT @ WSH,8112572f236320d4d4c99b6eb0989b94,sk_pts,over,Jakob Chychrun,0.5,draftkings,-155,115,oddsapi
2026-10-07T21:00:07Z,2026-10-07,PIT @ WSH,8112572f236320d4d4c99b6eb0989b94,sk_pts,under,Jakob Chychrun,0.5,draftkings,115,-155,oddsapi
2026-10-07T21:00:07Z,2026-10-07,PIT @ WSH,8112572f236320d4d4c99b6eb0989b94,sk_pts,over,Alex Tuch,0.5,draftkings,-150,110,oddsapi
2026-10-07T21:00:07Z,2026-10-07,PIT @ WSH,8112572f236320d4d4c99b6eb0989b94,sk_pts,under,Alex Tuch,0.5,draftkings,110,-150,oddsapi
2026-10-07T21:00:07Z,2026-10-07,PIT @ WSH,8112572f236320d4d4c99b6eb0989b94,sk_pts,over,Tom Wilson,0.5,draftkings,-145,105,oddsapi
2026-10-07T21:00:07Z,2026-10-07,PIT @ WSH,8112572f236320d4d4c99b6eb0989b94,sk_pts,under,Tom Wilson,0.5,draftkings,105,-145,oddsapi
2026-10-07T21:00:07Z,2026-10-07,PIT @ WSH,8112572f236320d4d4c99b6eb0989b94,sk_pts,over,Alex Ovechkin,0.5,draftkings,-130,-105,oddsapi
2026-10-07T21:00:07Z,2026-10-07,PIT @ WSH,8112572f236320d4d4c99b6eb0989b94,sk_pts,under,Alex Ovechkin,0.5,draftkings,-105,-130,oddsapi
2026-10-07T21:00:07Z,2026-10-07,PIT @ WSH,8112572f236320d4d4c99b6eb0989b94,sk_pts,over,Dylan Strome,0.5,draftkings,-130,-105,oddsapi
2026-10-07T21:00:07Z,2026-10-07,PIT @ WSH,8112572f236320d4d4c99b6eb0989b94,sk_pts,under,Dylan Strome,0.5,draftkings,-105,-130,oddsapi
2026-10-07T21:00:07Z,2026-10-07,PIT @ WSH,8112572f236320d4d4c99b6eb0989b94,sk_pts,over,Evgeni Malkin,0.5,draftkings,-120,-115,oddsapi
2026-10-07T21:00:07Z,2026-10-07,PIT @ WSH,8112572f236320d4d4c99b6eb0989b94,sk_pts,under,Evgeni Malkin,0.5,draftkings,-115,-120,oddsapi
2026-10-07T21:00:07Z,2026-10-07,PIT @ WSH,8112572f236320d4d4c99b6eb0989b94,sk_pts,over,Pierre-Luc Dubois,0.5,draftkings,-120,-110,oddsapi
2026-10-07T21:00:07Z,2026-10-07,PIT @ WSH,8112572f236320d4d4c99b6eb0989b94,sk_pts,under,Pierre-Luc Dubois,0.5,draftkings,-110,-120,oddsapi
2026-10-07T21:00:07Z,2026-10-07,PIT @ WSH,8112572f236320d4d4c99b6eb0989b94,sk_pts,over,Rickard Rakell,0.5,draftkings,-115,-120,oddsapi
2026-10-07T21:00:07Z,2026-10-07,PIT @ WSH,8112572f236320d4d4c99b6eb0989b94,sk_pts,under,Rickard Rakell,0.5,draftkings,-120,-115,oddsapi
2026-10-07T21:00:07Z,2026-10-07,PIT @ WSH,8112572f236320d4d4c99b6eb0989b94,sk_pts,over,Bryan Rust,0.5,draftkings,-110,-125,oddsapi
2026-10-07T21:00:07Z,2026-10-07,PIT @ WSH,8112572f236320d4d4c99b6eb0989b94,sk_pts,under,Bryan Rust,0.5,draftkings,-125,-110,oddsapi
2026-10-07T21:00:07Z,2026-10-07,PIT @ WSH,8112572f236320d4d4c99b6eb0989b94,sk_pts,over,Erik Karlsson,0.5,draftkings,-110,-120,oddsapi
2026-10-07T21:00:07Z,2026-10-07,PIT @ WSH,8112572f236320d4d4c99b6eb0989b94,sk_pts,under,Erik Karlsson,0.5,draftkings,-120,-110,oddsapi
2026-10-07T21:00:07Z,2026-10-07,PIT @ WSH,8112572f236320d4d4c99b6eb0989b94,sk_pts,over,Jordan Kyrou,0.5,draftkings,-105,-130,oddsapi
2026-10-07T21:00:07Z,2026-10-07,PIT @ WSH,8112572f236320d4d4c99b6eb0989b94,sk_pts,under,Jordan Kyrou,0.5,draftkings,-130,-105,oddsapi
2026-10-07T21:00:07Z,2026-10-07,PIT @ WSH,8112572f236320d4d4c99b6eb0989b94,sk_pts,over,Ilya Protas,0.5,draftkings,110,-145,oddsapi
2026-10-07T21:00:07Z,2026-10-07,PIT @ WSH,8112572f236320d4d4c99b6eb0989b94,sk_pts,under,Ilya Protas,0.5,draftkings,-145,110,oddsapi
2026-10-07T21:00:07Z,2026-10-07,PIT @ WSH,8112572f236320d4d4c99b6eb0989b94,sk_pts,over,Aliaksei Protas,0.5,draftkings,125,-170,oddsapi
2026-10-07T21:00:07Z,2026-10-07,PIT @ WSH,8112572f236320d4d4c99b6eb0989b94,sk_pts,under,Aliaksei Protas,0.5,draftkings,-170,125,oddsapi
2026-10-07T21:00:07Z,2026-10-07,PIT @ WSH,8112572f236320d4d4c99b6eb0989b94,sk_pts,over,Ryan Leonard,0.5,draftkings,125,-165,oddsapi
2026-10-07T21:00:07Z,2026-10-07,PIT @ WSH,8112572f236320d4d4c99b6eb0989b94,sk_pts,under,Ryan Leonard,0.5,draftkings,-165,125,oddsapi
2026-10-07T21:00:07Z,2026-10-07,PIT @ WSH,8112572f236320d4d4c99b6eb0989b94,sk_pts,over,Cole Hutson,0.5,draftkings,130,-180,oddsapi
2026-10-07T21:00:07Z,2026-10-07,PIT @ WSH,8112572f236320d4d4c99b6eb0989b94,sk_pts,under,Cole Hutson,0.5,draftkings,-180,130,oddsapi
2026-10-07T21:00:07Z,2026-10-07,PIT @ WSH,8112572f236320d4d4c99b6eb0989b94,sk_pts,over,Tommy Novak,0.5,draftkings,135,-180,oddsapi
2026-10-07T21:00:07Z,2026-10-07,PIT @ WSH,8112572f236320d4d4c99b6eb0989b94,sk_pts,under,Tommy Novak,0.5,draftkings,-180,135,oddsapi
2026-10-07T21:00:07Z,2026-10-07,PIT @ WSH,8112572f236320d4d4c99b6eb0989b94,sk_pts,over,Ben Kindel,0.5,draftkings,145,-200,oddsapi
2026-10-07T21:00:07Z,2026-10-07,PIT @ WSH,8112572f236320d4d4c99b6eb0989b94,sk_pts,under,Ben Kindel,0.5,draftkings,-200,145,oddsapi
2026-10-07T21:00:07Z,2026-10-07,PIT @ WSH,8112572f236320d4d4c99b6eb0989b94,sk_pts,over,Yegor Chinakhov,0.5,draftkings,145,-195,oddsapi
2026-10-07T21:00:07Z,2026-10-07,PIT @ WSH,8112572f236320d4d4c99b6eb0989b94,sk_pts,under,Yegor Chinakhov,0.5,draftkings,-195,145,oddsapi
2026-10-07T21:00:07Z,2026-10-07,PIT @ WSH,8112572f236320d4d4c99b6eb0989b94,sk_pts,over,Justin Sourdif,0.5,draftkings,155,-210,oddsapi
2026-10-07T21:00:07Z,2026-10-07,PIT @ WSH,8112572f236320d4d4c99b6eb0989b94,sk_pts,under,Justin Sourdif,0.5,draftkings,-210,155,oddsapi
2026-10-07T21:00:07Z,2026-10-07,PIT @ WSH,8112572f236320d4d4c99b6eb0989b94,sk_pts,over,Anthony Beauvillier,0.5,draftkings,160,-220,oddsapi
2026-10-07T21:00:07Z,2026-10-07,PIT @ WSH,8112572f236320d4d4c99b6eb0989b94,sk_pts,under,Anthony Beauvillier,0.5,draftkings,-220,160,oddsapi
2026-10-07T21:00:07Z,2026-10-07,PIT @ WSH,8112572f236320d4d4c99b6eb0989b94,sk_pts,over,Kris Letang,0.5,draftkings,170,-235,oddsapi
2026-10-07T21:00:07Z,2026-10-07,PIT @ WSH,8112572f236320d4d4c99b6eb0989b94,sk_pts,under,Kris Letang,0.5,draftkings,-235,170,oddsapi
2026-10-07T21:00:07Z,2026-10-07,PIT @ WSH,8112572f236320d4d4c99b6eb0989b94,sk_pts,over,Martin Fehervary,0.5,draftkings,240,-340,oddsapi
2026-10-07T21:00:07Z,2026-10-07,PIT @ WSH,8112572f236320d4d4c99b6eb0989b94,sk_pts,under,Martin Fehervary,0.5,draftkings,-340,240,oddsapi
2026-10-07T21:00:07Z,2026-10-07,PIT @ WSH,8112572f236320d4d4c99b6eb0989b94,sk_pts,over,Trevor van Riemsdyk,0.5,draftkings,295,-425,oddsapi
2026-10-07T21:00:07Z,2026-10-07,PIT @ WSH,8112572f236320d4d4c99b6eb0989b94,sk_pts,under,Trevor van Riemsdyk,0.5,draftkings,-425,295,oddsapi
2026-10-07T21:00:07Z,2026-10-07,PIT @ WSH,8112572f236320d4d4c99b6eb0989b94,sk_sog,over,Alex Ovechkin,2.5,draftkings,-155,115,oddsapi
2026-10-07T21:00:07Z,2026-10-07,PIT @ WSH,8112572f236320d4d4c99b6eb0989b94,sk_sog,under,Alex Ovechkin,2.5,draftkings,115,-155,oddsapi
2026-10-07T21:00:07Z,2026-10-07,PIT @ WSH,8112572f236320d4d4c99b6eb0989b94,sk_sog,over,Jakob Chychrun,2.5,draftkings,-110,-120,oddsapi
2026-10-07T21:00:07Z,2026-10-07,PIT @ WSH,8112572f236320d4d4c99b6eb0989b94,sk_sog,under,Jakob Chychrun,2.5,draftkings,-120,-110,oddsapi
2026-10-07T21:00:07Z,2026-10-07,PIT @ WSH,8112572f236320d4d4c99b6eb0989b94,sk_sog,over,Sidney Crosby,2.5,draftkings,-105,-130,oddsapi
2026-10-07T21:00:07Z,2026-10-07,PIT @ WSH,8112572f236320d4d4c99b6eb0989b94,sk_sog,under,Sidney Crosby,2.5,draftkings,-130,-105,oddsapi
2026-10-07T21:00:07Z,2026-10-07,PIT @ WSH,8112572f236320d4d4c99b6eb0989b94,sk_sog,over,Alex Tuch,2.5,draftkings,105,-140,oddsapi
2026-10-07T21:00:07Z,2026-10-07,PIT @ WSH,8112572f236320d4d4c99b6eb0989b94,sk_sog,under,Alex Tuch,2.5,draftkings,-140,105,oddsapi
2026-10-07T21:00:07Z,2026-10-07,PIT @ WSH,8112572f236320d4d4c99b6eb0989b94,sk_sog,over,Rickard Rakell,2.5,draftkings,110,-145,oddsapi
2026-10-07T21:00:07Z,2026-10-07,PIT @ WSH,8112572f236320d4d4c99b6eb0989b94,sk_sog,under,Rickard Rakell,2.5,draftkings,-145,110,oddsapi
2026-10-07T21:00:07Z,2026-10-07,PIT @ WSH,8112572f236320d4d4c99b6eb0989b94,sk_sog,over,Erik Karlsson,2.5,draftkings,140,-190,oddsapi
2026-10-07T21:00:07Z,2026-10-07,PIT @ WSH,8112572f236320d4d4c99b6eb0989b94,sk_sog,under,Erik Karlsson,2.5,draftkings,-190,140,oddsapi
2026-10-07T21:00:07Z,2026-10-07,PIT @ WSH,8112572f236320d4d4c99b6eb0989b94,sk_sog,over,Tom Wilson,1.5,draftkings,-195,145,oddsapi
2026-10-07T21:00:07Z,2026-10-07,PIT @ WSH,8112572f236320d4d4c99b6eb0989b94,sk_sog,under,Tom Wilson,1.5,draftkings,145,-195,oddsapi
2026-10-07T21:00:07Z,2026-10-07,PIT @ WSH,8112572f236320d4d4c99b6eb0989b94,sk_sog,over,Bryan Rust,1.5,draftkings,-185,135,oddsapi
2026-10-07T21:00:07Z,2026-10-07,PIT @ WSH,8112572f236320d4d4c99b6eb0989b94,sk_sog,under,Bryan Rust,1.5,draftkings,135,-185,oddsapi
2026-10-07T21:00:07Z,2026-10-07,PIT @ WSH,8112572f236320d4d4c99b6eb0989b94,sk_sog,over,Ben Kindel,1.5,draftkings,-170,125,oddsapi
2026-10-07T21:00:07Z,2026-10-07,PIT @ WSH,8112572f236320d4d4c99b6eb0989b94,sk_sog,under,Ben Kindel,1.5,draftkings,125,-170,oddsapi
2026-10-07T21:00:07Z,2026-10-07,PIT @ WSH,8112572f236320d4d4c99b6eb0989b94,sk_sog,over,Yegor Chinakhov,1.5,draftkings,-170,125,oddsapi
2026-10-07T21:00:07Z,2026-10-07,PIT @ WSH,8112572f236320d4d4c99b6eb0989b94,sk_sog,under,Yegor Chinakhov,1.5,draftkings,125,-170,oddsapi
2026-10-07T21:00:07Z,2026-10-07,PIT @ WSH,8112572f236320d4d4c99b6eb0989b94,sk_sog,over,Evgeni Malkin,1.5,draftkings,-165,120,oddsapi
2026-10-07T21:00:07Z,2026-10-07,PIT @ WSH,8112572f236320d4d4c99b6eb0989b94,sk_sog,under,Evgeni Malkin,1.5,draftkings,120,-165,oddsapi
2026-10-07T21:00:07Z,2026-10-07,PIT @ WSH,8112572f236320d4d4c99b6eb0989b94,sk_sog,over,Jordan Kyrou,1.5,draftkings,-160,120,oddsapi
2026-10-07T21:00:07Z,2026-10-07,PIT @ WSH,8112572f236320d4d4c99b6eb0989b94,sk_sog,under,Jordan Kyrou,1.5,draftkings,120,-160,oddsapi
2026-10-07T21:00:07Z,2026-10-07,PIT @ WSH,8112572f236320d4d4c99b6eb0989b94,sk_sog,over,Dylan Strome,1.5,draftkings,-140,100,oddsapi
2026-10-07T21:00:07Z,2026-10-07,PIT @ WSH,8112572f236320d4d4c99b6eb0989b94,sk_sog,under,Dylan Strome,1.5,draftkings,100,-140,oddsapi
2026-10-07T21:00:07Z,2026-10-07,PIT @ WSH,8112572f236320d4d4c99b6eb0989b94,sk_sog,over,Cole Hutson,1.5,draftkings,-130,-105,oddsapi
2026-10-07T21:00:07Z,2026-10-07,PIT @ WSH,8112572f236320d4d4c99b6eb0989b94,sk_sog,under,Cole Hutson,1.5,draftkings,-105,-130,oddsapi
2026-10-07T21:00:07Z,2026-10-07,PIT @ WSH,8112572f236320d4d4c99b6eb0989b94,sk_sog,over,Pierre-Luc Dubois,1.5,draftkings,-125,-110,oddsapi
2026-10-07T21:00:07Z,2026-10-07,PIT @ WSH,8112572f236320d4d4c99b6eb0989b94,sk_sog,under,Pierre-Luc Dubois,1.5,draftkings,-110,-125,oddsapi
2026-10-07T21:00:07Z,2026-10-07,PIT @ WSH,8112572f236320d4d4c99b6eb0989b94,sk_sog,over,Ryan Leonard,1.5,draftkings,-125,-105,oddsapi
2026-10-07T21:00:07Z,2026-10-07,PIT @ WSH,8112572f236320d4d4c99b6eb0989b94,sk_sog,under,Ryan Leonard,1.5,draftkings,-105,-125,oddsapi
2026-10-07T21:00:07Z,2026-10-07,PIT @ WSH,8112572f236320d4d4c99b6eb0989b94,sk_sog,over,Anthony Beauvillier,1.5,draftkings,-115,-120,oddsapi
2026-10-07T21:00:07Z,2026-10-07,PIT @ WSH,8112572f236320d4d4c99b6eb0989b94,sk_sog,under,Anthony Beauvillier,1.5,draftkings,-120,-115,oddsapi
2026-10-07T21:00:07Z,2026-10-07,PIT @ WSH,8112572f236320d4d4c99b6eb0989b94,sk_sog,over,Tommy Novak,1.5,draftkings,-115,-120,oddsapi
2026-10-07T21:00:07Z,2026-10-07,PIT @ WSH,8112572f236320d4d4c99b6eb0989b94,sk_sog,under,Tommy Novak,1.5,draftkings,-120,-115,oddsapi
2026-10-07T21:00:07Z,2026-10-07,PIT @ WSH,8112572f236320d4d4c99b6eb0989b94,sk_sog,over,Aliaksei Protas,1.5,draftkings,-110,-120,oddsapi
2026-10-07T21:00:07Z,2026-10-07,PIT @ WSH,8112572f236320d4d4c99b6eb0989b94,sk_sog,under,Aliaksei Protas,1.5,draftkings,-120,-110,oddsapi
2026-10-07T21:00:07Z,2026-10-07,PIT @ WSH,8112572f236320d4d4c99b6eb0989b94,sk_sog,over,Kris Letang,1.5,draftkings,100,-135,oddsapi
2026-10-07T21:00:07Z,2026-10-07,PIT @ WSH,8112572f236320d4d4c99b6eb0989b94,sk_sog,under,Kris Letang,1.5,draftkings,-135,100,oddsapi
2026-10-07T21:00:07Z,2026-10-07,PIT @ WSH,8112572f236320d4d4c99b6eb0989b94,sk_sog,over,Justin Sourdif,1.5,draftkings,130,-175,oddsapi
2026-10-07T21:00:07Z,2026-10-07,PIT @ WSH,8112572f236320d4d4c99b6eb0989b94,sk_sog,under,Justin Sourdif,1.5,draftkings,-175,130,oddsapi
2026-10-07T21:00:07Z,2026-10-07,PIT @ WSH,8112572f236320d4d4c99b6eb0989b94,g_saves,over,Arturs Silovs,26.5,draftkings,-120,-115,oddsapi
2026-10-07T21:00:07Z,2026-10-07,PIT @ WSH,8112572f236320d4d4c99b6eb0989b94,g_saves,under,Arturs Silovs,26.5,draftkings,-115,-120,oddsapi
2026-10-07T21:00:07Z,2026-10-07,PIT @ WSH,8112572f236320d4d4c99b6eb0989b94,g_saves,over,Logan Thompson,24.5,draftkings,-105,-130,oddsapi
2026-10-07T21:00:07Z,2026-10-07,PIT @ WSH,8112572f236320d4d4c99b6eb0989b94,g_saves,under,Logan Thompson,24.5,draftkings,-130,-105,oddsapi
2026-10-07T21:00:07Z,2026-10-07,PIT @ WSH,8112572f236320d4d4c99b6eb0989b94,p1_pl,PIT,,0.5,draftkings,-188,145,oddsapi
2026-10-07T21:00:07Z,2026-10-07,PIT @ WSH,8112572f236320d4d4c99b6eb0989b94,p1_pl,WSH,,-0.5,draftkings,145,-188,oddsapi
2026-10-07T21:00:07Z,2026-10-07,PIT @ WSH,8112572f236320d4d4c99b6eb0989b94,p2_pl,PIT,,0.5,draftkings,-166,130,oddsapi
2026-10-07T21:00:07Z,2026-10-07,PIT @ WSH,8112572f236320d4d4c99b6eb0989b94,p2_pl,WSH,,-0.5,draftkings,130,-166,oddsapi
2026-10-07T21:00:07Z,2026-10-07,PIT @ WSH,8112572f236320d4d4c99b6eb0989b94,p3_pl,PIT,,0.5,draftkings,-154,120,oddsapi
2026-10-07T21:00:07Z,2026-10-07,PIT @ WSH,8112572f236320d4d4c99b6eb0989b94,p3_pl,WSH,,-0.5,draftkings,120,-154,oddsapi
2026-10-07T21:00:07Z,2026-10-07,PIT @ WSH,8112572f236320d4d4c99b6eb0989b94,p1_team_total,over,PIT,0.5,draftkings,-160,120,oddsapi
2026-10-07T21:00:07Z,2026-10-07,PIT @ WSH,8112572f236320d4d4c99b6eb0989b94,p1_team_total,under,PIT,0.5,draftkings,120,-160,oddsapi
2026-10-07T21:00:07Z,2026-10-07,PIT @ WSH,8112572f236320d4d4c99b6eb0989b94,p1_team_total,over,WSH,0.5,draftkings,-210,155,oddsapi
2026-10-07T21:00:07Z,2026-10-07,PIT @ WSH,8112572f236320d4d4c99b6eb0989b94,p1_team_total,under,WSH,0.5,draftkings,155,-210,oddsapi
2026-10-07T21:00:07Z,2026-10-07,PIT @ WSH,8112572f236320d4d4c99b6eb0989b94,p1_total,over,,1.5,draftkings,-154,120,oddsapi
2026-10-07T21:00:07Z,2026-10-07,PIT @ WSH,8112572f236320d4d4c99b6eb0989b94,p1_total,under,,1.5,draftkings,120,-154,oddsapi
2026-10-07T21:00:07Z,2026-10-07,PIT @ WSH,8112572f236320d4d4c99b6eb0989b94,p2_total,over,,1.5,draftkings,-188,145,oddsapi
2026-10-07T21:00:07Z,2026-10-07,PIT @ WSH,8112572f236320d4d4c99b6eb0989b94,p2_total,under,,1.5,draftkings,145,-188,oddsapi
2026-10-07T21:00:07Z,2026-10-07,PIT @ WSH,8112572f236320d4d4c99b6eb0989b94,p3_total,over,,2.5,draftkings,124,-160,oddsapi
2026-10-07T21:00:07Z,2026-10-07,PIT @ WSH,8112572f236320d4d4c99b6eb0989b94,p3_total,under,,2.5,draftkings,-160,124,oddsapi
2026-10-07T21:00:07Z,2026-10-07,PIT @ WSH,8112572f236320d4d4c99b6eb0989b94,game_ml3,PIT,,,williamhill_us,182,,oddsapi
2026-10-07T21:00:07Z,2026-10-07,PIT @ WSH,8112572f236320d4d4c99b6eb0989b94,game_ml3,WSH,,,williamhill_us,-110,,oddsapi
2026-10-07T21:00:07Z,2026-10-07,PIT @ WSH,8112572f236320d4d4c99b6eb0989b94,game_ml3,draw,,,williamhill_us,275,,oddsapi
2026-10-07T21:00:07Z,2026-10-07,PIT @ WSH,8112572f236320d4d4c99b6eb0989b94,p1_ml3,PIT,,,williamhill_us,200,,oddsapi
2026-10-07T21:00:07Z,2026-10-07,PIT @ WSH,8112572f236320d4d4c99b6eb0989b94,p1_ml3,WSH,,,williamhill_us,134,,oddsapi
2026-10-07T21:00:07Z,2026-10-07,PIT @ WSH,8112572f236320d4d4c99b6eb0989b94,p1_ml3,draw,,,williamhill_us,170,,oddsapi
2026-10-07T21:00:07Z,2026-10-07,PIT @ WSH,8112572f236320d4d4c99b6eb0989b94,ags,yes,Alex Tuch,,williamhill_us,185,,oddsapi
2026-10-07T21:00:07Z,2026-10-07,PIT @ WSH,8112572f236320d4d4c99b6eb0989b94,ags,yes,Alex Ovechkin,,williamhill_us,191,,oddsapi
2026-10-07T21:00:07Z,2026-10-07,PIT @ WSH,8112572f236320d4d4c99b6eb0989b94,ags,yes,Tom Wilson,,williamhill_us,215,,oddsapi
2026-10-07T21:00:07Z,2026-10-07,PIT @ WSH,8112572f236320d4d4c99b6eb0989b94,ags,yes,Bryan Rust,,williamhill_us,215,,oddsapi
2026-10-07T21:00:07Z,2026-10-07,PIT @ WSH,8112572f236320d4d4c99b6eb0989b94,ags,yes,Sidney Crosby,,williamhill_us,215,,oddsapi
2026-10-07T21:00:07Z,2026-10-07,PIT @ WSH,8112572f236320d4d4c99b6eb0989b94,ags,yes,Rickard Rakell,,williamhill_us,230,,oddsapi
2026-10-07T21:00:07Z,2026-10-07,PIT @ WSH,8112572f236320d4d4c99b6eb0989b94,ags,yes,Ilya Protas,,williamhill_us,255,,oddsapi
2026-10-07T21:00:07Z,2026-10-07,PIT @ WSH,8112572f236320d4d4c99b6eb0989b94,ags,yes,Jordan Kyrou,,williamhill_us,255,,oddsapi
2026-10-07T21:00:07Z,2026-10-07,PIT @ WSH,8112572f236320d4d4c99b6eb0989b94,ags,yes,Ryan Leonard,,williamhill_us,260,,oddsapi
2026-10-07T21:00:07Z,2026-10-07,PIT @ WSH,8112572f236320d4d4c99b6eb0989b94,ags,yes,Evgeni Malkin,,williamhill_us,260,,oddsapi
2026-10-07T21:00:07Z,2026-10-07,PIT @ WSH,8112572f236320d4d4c99b6eb0989b94,ags,yes,Dylan Strome,,williamhill_us,260,,oddsapi
2026-10-07T21:00:07Z,2026-10-07,PIT @ WSH,8112572f236320d4d4c99b6eb0989b94,ags,yes,Yegor Chinakhov,,williamhill_us,290,,oddsapi
2026-10-07T21:00:07Z,2026-10-07,PIT @ WSH,8112572f236320d4d4c99b6eb0989b94,ags,yes,Pierre-Luc Dubois,,williamhill_us,295,,oddsapi
2026-10-07T21:00:07Z,2026-10-07,PIT @ WSH,8112572f236320d4d4c99b6eb0989b94,ags,yes,Jakob Chychrun,,williamhill_us,295,,oddsapi
2026-10-07T21:00:07Z,2026-10-07,PIT @ WSH,8112572f236320d4d4c99b6eb0989b94,ags,yes,Ben Kindel,,williamhill_us,330,,oddsapi
2026-10-07T21:00:07Z,2026-10-07,PIT @ WSH,8112572f236320d4d4c99b6eb0989b94,ags,yes,Aliaksei Protas,,williamhill_us,330,,oddsapi
2026-10-07T21:00:07Z,2026-10-07,PIT @ WSH,8112572f236320d4d4c99b6eb0989b94,ags,yes,Tommy Novak,,williamhill_us,350,,oddsapi
2026-10-07T21:00:07Z,2026-10-07,PIT @ WSH,8112572f236320d4d4c99b6eb0989b94,ags,yes,Anthony Beauvillier,,williamhill_us,350,,oddsapi
2026-10-07T21:00:07Z,2026-10-07,PIT @ WSH,8112572f236320d4d4c99b6eb0989b94,ags,yes,Hendrix Lapierre,,williamhill_us,360,,oddsapi
2026-10-07T21:00:07Z,2026-10-07,PIT @ WSH,8112572f236320d4d4c99b6eb0989b94,ags,yes,Erik Karlsson,,williamhill_us,400,,oddsapi
2026-10-07T21:00:07Z,2026-10-07,PIT @ WSH,8112572f236320d4d4c99b6eb0989b94,ags,yes,Nick Robertson,,williamhill_us,400,,oddsapi
2026-10-07T21:00:07Z,2026-10-07,PIT @ WSH,8112572f236320d4d4c99b6eb0989b94,ags,yes,Cole Hutson,,williamhill_us,425,,oddsapi
2026-10-07T21:00:07Z,2026-10-07,PIT @ WSH,8112572f236320d4d4c99b6eb0989b94,ags,yes,Ville Koivunen,,williamhill_us,425,,oddsapi
2026-10-07T21:00:07Z,2026-10-07,PIT @ WSH,8112572f236320d4d4c99b6eb0989b94,ags,yes,Justin Sourdif,,williamhill_us,450,,oddsapi
2026-10-07T21:00:07Z,2026-10-07,PIT @ WSH,8112572f236320d4d4c99b6eb0989b94,ags,yes,Boone Jenner,,williamhill_us,450,,oddsapi
2026-10-07T21:00:07Z,2026-10-07,PIT @ WSH,8112572f236320d4d4c99b6eb0989b94,ags,yes,Connor Dewar,,williamhill_us,525,,oddsapi
2026-10-07T21:00:07Z,2026-10-07,PIT @ WSH,8112572f236320d4d4c99b6eb0989b94,ags,yes,Blake Lizotte,,williamhill_us,575,,oddsapi
2026-10-07T21:00:07Z,2026-10-07,PIT @ WSH,8112572f236320d4d4c99b6eb0989b94,ags,yes,Kris Letang,,williamhill_us,625,,oddsapi
2026-10-07T21:00:07Z,2026-10-07,PIT @ WSH,8112572f236320d4d4c99b6eb0989b94,ags,yes,Samuel Girard,,williamhill_us,650,,oddsapi
2026-10-07T21:00:07Z,2026-10-07,PIT @ WSH,8112572f236320d4d4c99b6eb0989b94,ags,yes,Declan Carlile,,williamhill_us,750,,oddsapi
2026-10-07T21:00:07Z,2026-10-07,PIT @ WSH,8112572f236320d4d4c99b6eb0989b94,ags,yes,Martin Fehervary,,williamhill_us,800,,oddsapi
2026-10-07T21:00:07Z,2026-10-07,PIT @ WSH,8112572f236320d4d4c99b6eb0989b94,ags,yes,Dylan McIlrath,,williamhill_us,850,,oddsapi
2026-10-07T21:00:07Z,2026-10-07,PIT @ WSH,8112572f236320d4d4c99b6eb0989b94,ags,yes,Timothy Liljegren,,williamhill_us,850,,oddsapi
2026-10-07T21:00:07Z,2026-10-07,PIT @ WSH,8112572f236320d4d4c99b6eb0989b94,ags,yes,Kaedan Korczak,,williamhill_us,900,,oddsapi
2026-10-07T21:00:07Z,2026-10-07,PIT @ WSH,8112572f236320d4d4c99b6eb0989b94,ags,yes,Vincent Desharnais,,williamhill_us,950,,oddsapi
2026-10-07T21:00:07Z,2026-10-07,PIT @ WSH,8112572f236320d4d4c99b6eb0989b94,ags,yes,Trevor van Riemsdyk,,williamhill_us,1000,,oddsapi
2026-10-07T21:00:07Z,2026-10-07,PIT @ WSH,8112572f236320d4d4c99b6eb0989b94,fgs,yes,Alex Ovechkin,,williamhill_us,1200,,oddsapi
2026-10-07T21:00:07Z,2026-10-07,PIT @ WSH,8112572f236320d4d4c99b6eb0989b94,fgs,yes,Alex Tuch,,williamhill_us,1200,,oddsapi
2026-10-07T21:00:07Z,2026-10-07,PIT @ WSH,8112572f236320d4d4c99b6eb0989b94,fgs,yes,Bryan Rust,,williamhill_us,1400,,oddsapi
2026-10-07T21:00:07Z,2026-10-07,PIT @ WSH,8112572f236320d4d4c99b6eb0989b94,fgs,yes,Sidney Crosby,,williamhill_us,1400,,oddsapi
2026-10-07T21:00:07Z,2026-10-07,PIT @ WSH,8112572f236320d4d4c99b6eb0989b94,fgs,yes,Tom Wilson,,williamhill_us,1500,,oddsapi
2026-10-07T21:00:07Z,2026-10-07,PIT @ WSH,8112572f236320d4d4c99b6eb0989b94,fgs,yes,Rickard Rakell,,williamhill_us,1500,,oddsapi
2026-10-07T21:00:07Z,2026-10-07,PIT @ WSH,8112572f236320d4d4c99b6eb0989b94,fgs,yes,Jordan Kyrou,,williamhill_us,1600,,oddsapi
2026-10-07T21:00:07Z,2026-10-07,PIT @ WSH,8112572f236320d4d4c99b6eb0989b94,fgs,yes,Dylan Strome,,williamhill_us,1750,,oddsapi
2026-10-07T21:00:07Z,2026-10-07,PIT @ WSH,8112572f236320d4d4c99b6eb0989b94,fgs,yes,Evgeni Malkin,,williamhill_us,1750,,oddsapi
2026-10-07T21:00:07Z,2026-10-07,PIT @ WSH,8112572f236320d4d4c99b6eb0989b94,fgs,yes,Ryan Leonard,,williamhill_us,1750,,oddsapi
2026-10-07T21:00:07Z,2026-10-07,PIT @ WSH,8112572f236320d4d4c99b6eb0989b94,fgs,yes,Ilya Protas,,williamhill_us,1800,,oddsapi
2026-10-07T21:00:07Z,2026-10-07,PIT @ WSH,8112572f236320d4d4c99b6eb0989b94,fgs,yes,Yegor Chinakhov,,williamhill_us,1900,,oddsapi
2026-10-07T21:00:07Z,2026-10-07,PIT @ WSH,8112572f236320d4d4c99b6eb0989b94,fgs,yes,Jakob Chychrun,,williamhill_us,2000,,oddsapi
2026-10-07T21:00:07Z,2026-10-07,PIT @ WSH,8112572f236320d4d4c99b6eb0989b94,fgs,yes,Anthony Beauvillier,,williamhill_us,2000,,oddsapi
2026-10-07T21:00:07Z,2026-10-07,PIT @ WSH,8112572f236320d4d4c99b6eb0989b94,fgs,yes,Pierre-Luc Dubois,,williamhill_us,2000,,oddsapi
2026-10-07T21:00:07Z,2026-10-07,PIT @ WSH,8112572f236320d4d4c99b6eb0989b94,fgs,yes,Ben Kindel,,williamhill_us,2100,,oddsapi
2026-10-07T21:00:07Z,2026-10-07,PIT @ WSH,8112572f236320d4d4c99b6eb0989b94,fgs,yes,Tommy Novak,,williamhill_us,2200,,oddsapi
2026-10-07T21:00:07Z,2026-10-07,PIT @ WSH,8112572f236320d4d4c99b6eb0989b94,fgs,yes,Aliaksei Protas,,williamhill_us,2200,,oddsapi
2026-10-07T21:00:07Z,2026-10-07,PIT @ WSH,8112572f236320d4d4c99b6eb0989b94,fgs,yes,Hendrix Lapierre,,williamhill_us,2200,,oddsapi
2026-10-07T21:00:07Z,2026-10-07,PIT @ WSH,8112572f236320d4d4c99b6eb0989b94,fgs,yes,Nick Robertson,,williamhill_us,2500,,oddsapi
2026-10-07T21:00:07Z,2026-10-07,PIT @ WSH,8112572f236320d4d4c99b6eb0989b94,fgs,yes,Erik Karlsson,,williamhill_us,2700,,oddsapi
2026-10-07T21:00:07Z,2026-10-07,PIT @ WSH,8112572f236320d4d4c99b6eb0989b94,fgs,yes,Cole Hutson,,williamhill_us,3000,,oddsapi
2026-10-07T21:00:07Z,2026-10-07,PIT @ WSH,8112572f236320d4d4c99b6eb0989b94,fgs,yes,Justin Sourdif,,williamhill_us,3000,,oddsapi
2026-10-07T21:00:07Z,2026-10-07,PIT @ WSH,8112572f236320d4d4c99b6eb0989b94,fgs,yes,Ville Koivunen,,williamhill_us,3300,,oddsapi
2026-10-07T21:00:07Z,2026-10-07,PIT @ WSH,8112572f236320d4d4c99b6eb0989b94,fgs,yes,Boone Jenner,,williamhill_us,3300,,oddsapi
2026-10-07T21:00:07Z,2026-10-07,PIT @ WSH,8112572f236320d4d4c99b6eb0989b94,fgs,yes,Connor Dewar,,williamhill_us,3500,,oddsapi
2026-10-07T21:00:07Z,2026-10-07,PIT @ WSH,8112572f236320d4d4c99b6eb0989b94,fgs,yes,Samuel Girard,,williamhill_us,5000,,oddsapi
2026-10-07T21:00:07Z,2026-10-07,PIT @ WSH,8112572f236320d4d4c99b6eb0989b94,fgs,yes,Kris Letang,,williamhill_us,5000,,oddsapi
2026-10-07T21:00:07Z,2026-10-07,PIT @ WSH,8112572f236320d4d4c99b6eb0989b94,fgs,yes,Declan Carlile,,williamhill_us,7500,,oddsapi
2026-10-07T21:00:07Z,2026-10-07,PIT @ WSH,8112572f236320d4d4c99b6eb0989b94,team_total,over,PIT,2.5,williamhill_us,-157,112,oddsapi
2026-10-07T21:00:07Z,2026-10-07,PIT @ WSH,8112572f236320d4d4c99b6eb0989b94,team_total,under,PIT,2.5,williamhill_us,112,-157,oddsapi
2026-10-07T21:00:07Z,2026-10-07,PIT @ WSH,8112572f236320d4d4c99b6eb0989b94,team_total,over,WSH,3.5,williamhill_us,-120,-117,oddsapi
2026-10-07T21:00:07Z,2026-10-07,PIT @ WSH,8112572f236320d4d4c99b6eb0989b94,team_total,under,WSH,3.5,williamhill_us,-117,-120,oddsapi
2026-10-07T21:00:07Z,2026-10-07,PIT @ WSH,8112572f236320d4d4c99b6eb0989b94,game_ml3,PIT,,,fanatics,200,,oddsapi
2026-10-07T21:00:07Z,2026-10-07,PIT @ WSH,8112572f236320d4d4c99b6eb0989b94,game_ml3,WSH,,,fanatics,-105,,oddsapi
2026-10-07T21:00:07Z,2026-10-07,PIT @ WSH,8112572f236320d4d4c99b6eb0989b94,game_ml3,draw,,,fanatics,290,,oddsapi
2026-10-07T21:00:07Z,2026-10-07,PIT @ WSH,8112572f236320d4d4c99b6eb0989b94,ags,yes,Timothy Liljegren,,fanatics,2200,,oddsapi
2026-10-07T21:00:07Z,2026-10-07,PIT @ WSH,8112572f236320d4d4c99b6eb0989b94,ags,yes,Alex Tuch,,fanatics,180,,oddsapi
2026-10-07T21:00:07Z,2026-10-07,PIT @ WSH,8112572f236320d4d4c99b6eb0989b94,ags,yes,Jakob Chychrun,,fanatics,310,,oddsapi
2026-10-07T21:00:07Z,2026-10-07,PIT @ WSH,8112572f236320d4d4c99b6eb0989b94,ags,yes,Jordan Kyrou,,fanatics,260,,oddsapi
2026-10-07T21:00:07Z,2026-10-07,PIT @ WSH,8112572f236320d4d4c99b6eb0989b94,ags,yes,Alex Ovechkin,,fanatics,185,,oddsapi
2026-10-07T21:00:07Z,2026-10-07,PIT @ WSH,8112572f236320d4d4c99b6eb0989b94,ags,yes,Dylan Strome,,fanatics,310,,oddsapi
2026-10-07T21:00:07Z,2026-10-07,PIT @ WSH,8112572f236320d4d4c99b6eb0989b94,ags,yes,Martin Fehervary,,fanatics,1800,,oddsapi
2026-10-07T21:00:07Z,2026-10-07,PIT @ WSH,8112572f236320d4d4c99b6eb0989b94,ags,yes,Tom Wilson,,fanatics,220,,oddsapi
2026-10-07T21:00:07Z,2026-10-07,PIT @ WSH,8112572f236320d4d4c99b6eb0989b94,ags,yes,Boone Jenner,,fanatics,525,,oddsapi
2026-10-07T21:00:07Z,2026-10-07,PIT @ WSH,8112572f236320d4d4c99b6eb0989b94,ags,yes,Anthony Beauvillier,,fanatics,390,,oddsapi
2026-10-07T21:00:07Z,2026-10-07,PIT @ WSH,8112572f236320d4d4c99b6eb0989b94,ags,yes,Pierre-Luc Dubois,,fanatics,325,,oddsapi
2026-10-07T21:00:07Z,2026-10-07,PIT @ WSH,8112572f236320d4d4c99b6eb0989b94,ags,yes,Justin Sourdif,,fanatics,525,,oddsapi
2026-10-07T21:00:07Z,2026-10-07,PIT @ WSH,8112572f236320d4d4c99b6eb0989b94,ags,yes,Aliaksei Protas,,fanatics,360,,oddsapi
2026-10-07T21:00:07Z,2026-10-07,PIT @ WSH,8112572f236320d4d4c99b6eb0989b94,ags,yes,Ilya Protas,,fanatics,275,,oddsapi
2026-10-07T21:00:07Z,2026-10-07,PIT @ WSH,8112572f236320d4d4c99b6eb0989b94,ags,yes,Ryan Leonard,,fanatics,285,,oddsapi
2026-10-07T21:00:07Z,2026-10-07,PIT @ WSH,8112572f236320d4d4c99b6eb0989b94,ags,yes,Cole Hutson,,fanatics,500,,oddsapi
2026-10-07T21:00:07Z,2026-10-07,PIT @ WSH,8112572f236320d4d4c99b6eb0989b94,ags,yes,Samuel Girard,,fanatics,1100,,oddsapi
2026-10-07T21:00:07Z,2026-10-07,PIT @ WSH,8112572f236320d4d4c99b6eb0989b94,ags,yes,Connor Dewar,,fanatics,650,,oddsapi
2026-10-07T21:00:07Z,2026-10-07,PIT @ WSH,8112572f236320d4d4c99b6eb0989b94,ags,yes,Ville Koivunen,,fanatics,525,,oddsapi
2026-10-07T21:00:07Z,2026-10-07,PIT @ WSH,8112572f236320d4d4c99b6eb0989b94,ags,yes,Bryan Rust,,fanatics,215,,oddsapi
2026-10-07T21:00:07Z,2026-10-07,PIT @ WSH,8112572f236320d4d4c99b6eb0989b94,ags,yes,Kris Letang,,fanatics,1000,,oddsapi
2026-10-07T21:00:07Z,2026-10-07,PIT @ WSH,8112572f236320d4d4c99b6eb0989b94,ags,yes,Erik Karlsson,,fanatics,525,,oddsapi
2026-10-07T21:00:07Z,2026-10-07,PIT @ WSH,8112572f236320d4d4c99b6eb0989b94,ags,yes,Rickard Rakell,,fanatics,250,,oddsapi
2026-10-07T21:00:07Z,2026-10-07,PIT @ WSH,8112572f236320d4d4c99b6eb0989b94,ags,yes,Evgeni Malkin,,fanatics,285,,oddsapi
2026-10-07T21:00:07Z,2026-10-07,PIT @ WSH,8112572f236320d4d4c99b6eb0989b94,ags,yes,Sidney Crosby,,fanatics,230,,oddsapi
2026-10-07T21:00:07Z,2026-10-07,PIT @ WSH,8112572f236320d4d4c99b6eb0989b94,ags,yes,Yegor Chinakhov,,fanatics,285,,oddsapi
2026-10-07T21:00:07Z,2026-10-07,PIT @ WSH,8112572f236320d4d4c99b6eb0989b94,ags,yes,Kaedan Korczak,,fanatics,2500,,oddsapi
2026-10-07T21:00:07Z,2026-10-07,PIT @ WSH,8112572f236320d4d4c99b6eb0989b94,ags,yes,Declan Carlile,,fanatics,1400,,oddsapi
2026-10-07T21:00:07Z,2026-10-07,PIT @ WSH,8112572f236320d4d4c99b6eb0989b94,ags,yes,Ben Kindel,,fanatics,340,,oddsapi
2026-10-07T21:00:07Z,2026-10-07,PIT @ WSH,8112572f236320d4d4c99b6eb0989b94,ags,yes,Vincent Desharnais,,fanatics,2200,,oddsapi
2026-10-07T21:00:07Z,2026-10-07,PIT @ WSH,8112572f236320d4d4c99b6eb0989b94,ags,yes,Dylan McIlrath,,fanatics,1800,,oddsapi
2026-10-07T21:00:07Z,2026-10-07,PIT @ WSH,8112572f236320d4d4c99b6eb0989b94,ags,yes,Trevor van Riemsdyk,,fanatics,2800,,oddsapi
2026-10-07T21:00:07Z,2026-10-07,PIT @ WSH,8112572f236320d4d4c99b6eb0989b94,ags,yes,Blake Lizotte,,fanatics,800,,oddsapi
2026-10-07T21:00:07Z,2026-10-07,PIT @ WSH,8112572f236320d4d4c99b6eb0989b94,ags,yes,Hendrix Lapierre,,fanatics,430,,oddsapi
2026-10-07T21:00:07Z,2026-10-07,PIT @ WSH,8112572f236320d4d4c99b6eb0989b94,ags,yes,Tommy Novak,,fanatics,475,,oddsapi
2026-10-07T21:00:07Z,2026-10-07,PIT @ WSH,8112572f236320d4d4c99b6eb0989b94,ags,yes,Nick Robertson,,fanatics,500,,oddsapi
2026-10-07T21:00:07Z,2026-10-07,PIT @ WSH,8112572f236320d4d4c99b6eb0989b94,fgs,yes,Timothy Liljegren,,fanatics,9000,,oddsapi
2026-10-07T21:00:07Z,2026-10-07,PIT @ WSH,8112572f236320d4d4c99b6eb0989b94,fgs,yes,Alex Tuch,,fanatics,1000,,oddsapi
2026-10-07T21:00:07Z,2026-10-07,PIT @ WSH,8112572f236320d4d4c99b6eb0989b94,fgs,yes,Jakob Chychrun,,fanatics,1700,,oddsapi
2026-10-07T21:00:07Z,2026-10-07,PIT @ WSH,8112572f236320d4d4c99b6eb0989b94,fgs,yes,Jordan Kyrou,,fanatics,1300,,oddsapi
2026-10-07T21:00:07Z,2026-10-07,PIT @ WSH,8112572f236320d4d4c99b6eb0989b94,fgs,yes,Alex Ovechkin,,fanatics,1100,,oddsapi
2026-10-07T21:00:07Z,2026-10-07,PIT @ WSH,8112572f236320d4d4c99b6eb0989b94,fgs,yes,Dylan Strome,,fanatics,1700,,oddsapi
2026-10-07T21:00:07Z,2026-10-07,PIT @ WSH,8112572f236320d4d4c99b6eb0989b94,fgs,yes,Martin Fehervary,,fanatics,7000,,oddsapi
2026-10-07T21:00:07Z,2026-10-07,PIT @ WSH,8112572f236320d4d4c99b6eb0989b94,fgs,yes,Tom Wilson,,fanatics,1300,,oddsapi
2026-10-07T21:00:07Z,2026-10-07,PIT @ WSH,8112572f236320d4d4c99b6eb0989b94,fgs,yes,Boone Jenner,,fanatics,2500,,oddsapi
2026-10-07T21:00:07Z,2026-10-07,PIT @ WSH,8112572f236320d4d4c99b6eb0989b94,fgs,yes,Anthony Beauvillier,,fanatics,1900,,oddsapi
2026-10-07T21:00:07Z,2026-10-07,PIT @ WSH,8112572f236320d4d4c99b6eb0989b94,fgs,yes,Pierre-Luc Dubois,,fanatics,1500,,oddsapi
2026-10-07T21:00:07Z,2026-10-07,PIT @ WSH,8112572f236320d4d4c99b6eb0989b94,fgs,yes,Justin Sourdif,,fanatics,2500,,oddsapi
2026-10-07T21:00:07Z,2026-10-07,PIT @ WSH,8112572f236320d4d4c99b6eb0989b94,fgs,yes,Aliaksei Protas,,fanatics,1900,,oddsapi
2026-10-07T21:00:07Z,2026-10-07,PIT @ WSH,8112572f236320d4d4c99b6eb0989b94,fgs,yes,Ilya Protas,,fanatics,1500,,oddsapi
2026-10-07T21:00:07Z,2026-10-07,PIT @ WSH,8112572f236320d4d4c99b6eb0989b94,fgs,yes,Ryan Leonard,,fanatics,1500,,oddsapi
2026-10-07T21:00:07Z,2026-10-07,PIT @ WSH,8112572f236320d4d4c99b6eb0989b94,fgs,yes,Cole Hutson,,fanatics,2200,,oddsapi
2026-10-07T21:00:07Z,2026-10-07,PIT @ WSH,8112572f236320d4d4c99b6eb0989b94,fgs,yes,Samuel Girard,,fanatics,5000,,oddsapi
2026-10-07T21:00:07Z,2026-10-07,PIT @ WSH,8112572f236320d4d4c99b6eb0989b94,fgs,yes,Connor Dewar,,fanatics,3000,,oddsapi
2026-10-07T21:00:07Z,2026-10-07,PIT @ WSH,8112572f236320d4d4c99b6eb0989b94,fgs,yes,Ville Koivunen,,fanatics,2800,,oddsapi
2026-10-07T21:00:07Z,2026-10-07,PIT @ WSH,8112572f236320d4d4c99b6eb0989b94,fgs,yes,Bryan Rust,,fanatics,1200,,oddsapi
2026-10-07T21:00:07Z,2026-10-07,PIT @ WSH,8112572f236320d4d4c99b6eb0989b94,fgs,yes,Kris Letang,,fanatics,4500,,oddsapi
2026-10-07T21:00:07Z,2026-10-07,PIT @ WSH,8112572f236320d4d4c99b6eb0989b94,fgs,yes,Erik Karlsson,,fanatics,2800,,oddsapi
2026-10-07T21:00:07Z,2026-10-07,PIT @ WSH,8112572f236320d4d4c99b6eb0989b94,fgs,yes,Rickard Rakell,,fanatics,1300,,oddsapi
2026-10-07T21:00:07Z,2026-10-07,PIT @ WSH,8112572f236320d4d4c99b6eb0989b94,fgs,yes,Evgeni Malkin,,fanatics,1500,,oddsapi
2026-10-07T21:00:07Z,2026-10-07,PIT @ WSH,8112572f236320d4d4c99b6eb0989b94,fgs,yes,Sidney Crosby,,fanatics,1300,,oddsapi
2026-10-07T21:00:07Z,2026-10-07,PIT @ WSH,8112572f236320d4d4c99b6eb0989b94,fgs,yes,Yegor Chinakhov,,fanatics,1500,,oddsapi
2026-10-07T21:00:07Z,2026-10-07,PIT @ WSH,8112572f236320d4d4c99b6eb0989b94,fgs,yes,Kaedan Korczak,,fanatics,10000,,oddsapi
2026-10-07T21:00:07Z,2026-10-07,PIT @ WSH,8112572f236320d4d4c99b6eb0989b94,fgs,yes,Declan Carlile,,fanatics,6000,,oddsapi
2026-10-07T21:00:07Z,2026-10-07,PIT @ WSH,8112572f236320d4d4c99b6eb0989b94,fgs,yes,Ben Kindel,,fanatics,1700,,oddsapi
2026-10-07T21:00:07Z,2026-10-07,PIT @ WSH,8112572f236320d4d4c99b6eb0989b94,fgs,yes,No 1st Goal,,fanatics,15000,,oddsapi
2026-10-07T21:00:07Z,2026-10-07,PIT @ WSH,8112572f236320d4d4c99b6eb0989b94,fgs,yes,Vincent Desharnais,,fanatics,8000,,oddsapi
2026-10-07T21:00:07Z,2026-10-07,PIT @ WSH,8112572f236320d4d4c99b6eb0989b94,fgs,yes,Dylan McIlrath,,fanatics,8000,,oddsapi
2026-10-07T21:00:07Z,2026-10-07,PIT @ WSH,8112572f236320d4d4c99b6eb0989b94,fgs,yes,Trevor van Riemsdyk,,fanatics,10000,,oddsapi
2026-10-07T21:00:07Z,2026-10-07,PIT @ WSH,8112572f236320d4d4c99b6eb0989b94,fgs,yes,Blake Lizotte,,fanatics,3500,,oddsapi
2026-10-07T21:00:07Z,2026-10-07,PIT @ WSH,8112572f236320d4d4c99b6eb0989b94,fgs,yes,Hendrix Lapierre,,fanatics,2200,,oddsapi
2026-10-07T21:00:07Z,2026-10-07,PIT @ WSH,8112572f236320d4d4c99b6eb0989b94,fgs,yes,Tommy Novak,,fanatics,2500,,oddsapi
2026-10-07T21:00:07Z,2026-10-07,PIT @ WSH,8112572f236320d4d4c99b6eb0989b94,fgs,yes,Nick Robertson,,fanatics,2500,,oddsapi
2026-10-07T21:00:07Z,2026-10-07,PIT @ WSH,8112572f236320d4d4c99b6eb0989b94,team_total,over,PIT,2.5,fanatics,-150,115,oddsapi
2026-10-07T21:00:07Z,2026-10-07,PIT @ WSH,8112572f236320d4d4c99b6eb0989b94,team_total,under,PIT,2.5,fanatics,115,-150,oddsapi
2026-10-07T21:00:07Z,2026-10-07,PIT @ WSH,8112572f236320d4d4c99b6eb0989b94,team_total,over,WSH,3.5,fanatics,-110,-120,oddsapi
2026-10-07T21:00:07Z,2026-10-07,PIT @ WSH,8112572f236320d4d4c99b6eb0989b94,team_total,under,WSH,3.5,fanatics,-120,-110,oddsapi
2026-10-07T21:00:07Z,2026-10-07,PIT @ WSH,8112572f236320d4d4c99b6eb0989b94,team_total_alt,over,PIT,2.5,betrivers,-155,114,oddsapi
2026-10-07T21:00:07Z,2026-10-07,PIT @ WSH,8112572f236320d4d4c99b6eb0989b94,team_total_alt,under,PIT,2.5,betrivers,114,-155,oddsapi
2026-10-07T21:00:07Z,2026-10-07,PIT @ WSH,8112572f236320d4d4c99b6eb0989b94,team_total_alt,over,PIT,4.5,betrivers,375,-625,oddsapi
2026-10-07T21:00:07Z,2026-10-07,PIT @ WSH,8112572f236320d4d4c99b6eb0989b94,team_total_alt,under,PIT,4.5,betrivers,-625,375,oddsapi
2026-10-07T21:00:07Z,2026-10-07,PIT @ WSH,8112572f236320d4d4c99b6eb0989b94,team_total_alt,over,PIT,3.5,betrivers,160,-230,oddsapi
2026-10-07T21:00:07Z,2026-10-07,PIT @ WSH,8112572f236320d4d4c99b6eb0989b94,team_total_alt,under,PIT,3.5,betrivers,-230,160,oddsapi
2026-10-07T21:00:07Z,2026-10-07,PIT @ WSH,8112572f236320d4d4c99b6eb0989b94,team_total_alt,over,PIT,1.5,betrivers,-500,310,oddsapi
2026-10-07T21:00:07Z,2026-10-07,PIT @ WSH,8112572f236320d4d4c99b6eb0989b94,team_total_alt,under,PIT,1.5,betrivers,310,-500,oddsapi
2026-10-07T21:00:07Z,2026-10-07,PIT @ WSH,8112572f236320d4d4c99b6eb0989b94,team_total_alt,over,WSH,3.5,betrivers,-117,-117,oddsapi
2026-10-07T21:00:07Z,2026-10-07,PIT @ WSH,8112572f236320d4d4c99b6eb0989b94,team_total_alt,under,WSH,3.5,betrivers,-117,-117,oddsapi
2026-10-07T21:00:07Z,2026-10-07,PIT @ WSH,8112572f236320d4d4c99b6eb0989b94,team_total_alt,over,WSH,2.5,betrivers,-295,205,oddsapi
2026-10-07T21:00:07Z,2026-10-07,PIT @ WSH,8112572f236320d4d4c99b6eb0989b94,team_total_alt,under,WSH,2.5,betrivers,205,-295,oddsapi
2026-10-07T21:00:07Z,2026-10-07,PIT @ WSH,8112572f236320d4d4c99b6eb0989b94,team_total_alt,over,WSH,5.5,betrivers,430,-835,oddsapi
2026-10-07T21:00:07Z,2026-10-07,PIT @ WSH,8112572f236320d4d4c99b6eb0989b94,team_total_alt,under,WSH,5.5,betrivers,-835,430,oddsapi
2026-10-07T21:00:07Z,2026-10-07,PIT @ WSH,8112572f236320d4d4c99b6eb0989b94,team_total_alt,over,WSH,4.5,betrivers,200,-286,oddsapi
2026-10-07T21:00:07Z,2026-10-07,PIT @ WSH,8112572f236320d4d4c99b6eb0989b94,team_total_alt,under,WSH,4.5,betrivers,-286,200,oddsapi
2026-10-07T21:00:07Z,2026-10-07,PIT @ WSH,8112572f236320d4d4c99b6eb0989b94,game_ml3,PIT,,,betrivers,220,,oddsapi
2026-10-07T21:00:07Z,2026-10-07,PIT @ WSH,8112572f236320d4d4c99b6eb0989b94,game_ml3,WSH,,,betrivers,-105,,oddsapi
2026-10-07T21:00:07Z,2026-10-07,PIT @ WSH,8112572f236320d4d4c99b6eb0989b94,game_ml3,draw,,,betrivers,320,,oddsapi
2026-10-07T21:00:07Z,2026-10-07,PIT @ WSH,8112572f236320d4d4c99b6eb0989b94,p1_ml3,PIT,,,betrivers,220,,oddsapi
2026-10-07T21:00:07Z,2026-10-07,PIT @ WSH,8112572f236320d4d4c99b6eb0989b94,p1_ml3,WSH,,,betrivers,133,,oddsapi
2026-10-07T21:00:07Z,2026-10-07,PIT @ WSH,8112572f236320d4d4c99b6eb0989b94,p1_ml3,draw,,,betrivers,200,,oddsapi
2026-10-07T21:00:07Z,2026-10-07,PIT @ WSH,8112572f236320d4d4c99b6eb0989b94,p2_ml3,PIT,,,betrivers,200,,oddsapi
2026-10-07T21:00:07Z,2026-10-07,PIT @ WSH,8112572f236320d4d4c99b6eb0989b94,p2_ml3,WSH,,,betrivers,133,,oddsapi
2026-10-07T21:00:07Z,2026-10-07,PIT @ WSH,8112572f236320d4d4c99b6eb0989b94,p2_ml3,draw,,,betrivers,220,,oddsapi
2026-10-07T21:00:07Z,2026-10-07,PIT @ WSH,8112572f236320d4d4c99b6eb0989b94,p3_ml3,PIT,,,betrivers,200,,oddsapi
2026-10-07T21:00:07Z,2026-10-07,PIT @ WSH,8112572f236320d4d4c99b6eb0989b94,p3_ml3,WSH,,,betrivers,130,,oddsapi
2026-10-07T21:00:07Z,2026-10-07,PIT @ WSH,8112572f236320d4d4c99b6eb0989b94,p3_ml3,draw,,,betrivers,225,,oddsapi
2026-10-07T21:00:07Z,2026-10-07,PIT @ WSH,8112572f236320d4d4c99b6eb0989b94,ags,yes,Martin Fehervary,,betrivers,750,,oddsapi
2026-10-07T21:00:07Z,2026-10-07,PIT @ WSH,8112572f236320d4d4c99b6eb0989b94,ags,yes,Trevor van Riemsdyk,,betrivers,900,,oddsapi
2026-10-07T21:00:07Z,2026-10-07,PIT @ WSH,8112572f236320d4d4c99b6eb0989b94,ags,yes,Connor Dewar,,betrivers,700,,oddsapi
2026-10-07T21:00:07Z,2026-10-07,PIT @ WSH,8112572f236320d4d4c99b6eb0989b94,ags,yes,Yegor Chinakhov,,betrivers,310,,oddsapi
2026-10-07T21:00:07Z,2026-10-07,PIT @ WSH,8112572f236320d4d4c99b6eb0989b94,ags,yes,Jakob Chychrun,,betrivers,340,,oddsapi
2026-10-07T21:00:07Z,2026-10-07,PIT @ WSH,8112572f236320d4d4c99b6eb0989b94,ags,yes,Nick Robertson,,betrivers,480,,oddsapi
2026-10-07T21:00:07Z,2026-10-07,PIT @ WSH,8112572f236320d4d4c99b6eb0989b94,ags,yes,Dylan Strome,,betrivers,325,,oddsapi
2026-10-07T21:00:07Z,2026-10-07,PIT @ WSH,8112572f236320d4d4c99b6eb0989b94,ags,yes,Kaedan Korczak,,betrivers,1050,,oddsapi
2026-10-07T21:00:07Z,2026-10-07,PIT @ WSH,8112572f236320d4d4c99b6eb0989b94,ags,yes,Tommy Novak,,betrivers,390,,oddsapi
2026-10-07T21:00:07Z,2026-10-07,PIT @ WSH,8112572f236320d4d4c99b6eb0989b94,ags,yes,Declan Carlile,,betrivers,800,,oddsapi
2026-10-07T21:00:07Z,2026-10-07,PIT @ WSH,8112572f236320d4d4c99b6eb0989b94,ags,yes,Bryan Rust,,betrivers,235,,oddsapi
2026-10-07T21:00:07Z,2026-10-07,PIT @ WSH,8112572f236320d4d4c99b6eb0989b94,ags,yes,Ville Koivunen,,betrivers,510,,oddsapi
2026-10-07T21:00:07Z,2026-10-07,PIT @ WSH,8112572f236320d4d4c99b6eb0989b94,ags,yes,Dylan McIlrath,,betrivers,1050,,oddsapi
2026-10-07T21:00:07Z,2026-10-07,PIT @ WSH,8112572f236320d4d4c99b6eb0989b94,ags,yes,Evgeni Malkin,,betrivers,310,,oddsapi
2026-10-07T21:00:07Z,2026-10-07,PIT @ WSH,8112572f236320d4d4c99b6eb0989b94,ags,yes,Blake Lizotte,,betrivers,600,,oddsapi
2026-10-07T21:00:07Z,2026-10-07,PIT @ WSH,8112572f236320d4d4c99b6eb0989b94,ags,yes,Ben Kindel,,betrivers,375,,oddsapi
2026-10-07T21:00:07Z,2026-10-07,PIT @ WSH,8112572f236320d4d4c99b6eb0989b94,ags,yes,Aliaksei Protas,,betrivers,380,,oddsapi
2026-10-07T21:00:07Z,2026-10-07,PIT @ WSH,8112572f236320d4d4c99b6eb0989b94,ags,yes,Tom Wilson,,betrivers,245,,oddsapi
2026-10-07T21:00:07Z,2026-10-07,PIT @ WSH,8112572f236320d4d4c99b6eb0989b94,ags,yes,Cole Hutson,,betrivers,525,,oddsapi
2026-10-07T21:00:07Z,2026-10-07,PIT @ WSH,8112572f236320d4d4c99b6eb0989b94,ags,yes,Ryan Leonard,,betrivers,320,,oddsapi
2026-10-07T21:00:07Z,2026-10-07,PIT @ WSH,8112572f236320d4d4c99b6eb0989b94,ags,yes,Vincent Desharnais,,betrivers,800,,oddsapi
2026-10-07T21:00:07Z,2026-10-07,PIT @ WSH,8112572f236320d4d4c99b6eb0989b94,ags,yes,Samuel Girard,,betrivers,900,,oddsapi
2026-10-07T21:00:07Z,2026-10-07,PIT @ WSH,8112572f236320d4d4c99b6eb0989b94,ags,yes,Pierre-Luc Dubois,,betrivers,325,,oddsapi
2026-10-07T21:00:07Z,2026-10-07,PIT @ WSH,8112572f236320d4d4c99b6eb0989b94,ags,yes,Anthony Beauvillier,,betrivers,300,,oddsapi
2026-10-07T21:00:07Z,2026-10-07,PIT @ WSH,8112572f236320d4d4c99b6eb0989b94,ags,yes,Hendrix Lapierre,,betrivers,360,,oddsapi
2026-10-07T21:00:07Z,2026-10-07,PIT @ WSH,8112572f236320d4d4c99b6eb0989b94,ags,yes,Ilya Protas,,betrivers,290,,oddsapi
2026-10-07T21:00:07Z,2026-10-07,PIT @ WSH,8112572f236320d4d4c99b6eb0989b94,ags,yes,Sidney Crosby,,betrivers,250,,oddsapi
2026-10-07T21:00:07Z,2026-10-07,PIT @ WSH,8112572f236320d4d4c99b6eb0989b94,ags,yes,Timothy Liljegren,,betrivers,850,,oddsapi
2026-10-07T21:00:07Z,2026-10-07,PIT @ WSH,8112572f236320d4d4c99b6eb0989b94,ags,yes,Alex Ovechkin,,betrivers,195,,oddsapi
2026-10-07T21:00:07Z,2026-10-07,PIT @ WSH,8112572f236320d4d4c99b6eb0989b94,ags,yes,Kris Letang,,betrivers,750,,oddsapi
2026-10-07T21:00:07Z,2026-10-07,PIT @ WSH,8112572f236320d4d4c99b6eb0989b94,ags,yes,Justin Sourdif,,betrivers,540,,oddsapi
2026-10-07T21:00:07Z,2026-10-07,PIT @ WSH,8112572f236320d4d4c99b6eb0989b94,ags,yes,Erik Karlsson,,betrivers,460,,oddsapi
2026-10-07T21:00:07Z,2026-10-07,PIT @ WSH,8112572f236320d4d4c99b6eb0989b94,ags,yes,Alex Tuch,,betrivers,190,,oddsapi
2026-10-07T21:00:07Z,2026-10-07,PIT @ WSH,8112572f236320d4d4c99b6eb0989b94,ags,yes,Jordan Kyrou,,betrivers,225,,oddsapi
2026-10-07T21:00:07Z,2026-10-07,PIT @ WSH,8112572f236320d4d4c99b6eb0989b94,ags,yes,Boone Jenner,,betrivers,550,,oddsapi
2026-10-07T21:00:07Z,2026-10-07,PIT @ WSH,8112572f236320d4d4c99b6eb0989b94,ags,yes,Rickard Rakell,,betrivers,250,,oddsapi
2026-10-07T21:00:07Z,2026-10-07,PIT @ WSH,8112572f236320d4d4c99b6eb0989b94,fgs,yes,Timothy Liljegren,,betrivers,3500,,oddsapi
2026-10-07T21:00:07Z,2026-10-07,PIT @ WSH,8112572f236320d4d4c99b6eb0989b94,fgs,yes,Anthony Beauvillier,,betrivers,1200,,oddsapi
2026-10-07T21:00:07Z,2026-10-07,PIT @ WSH,8112572f236320d4d4c99b6eb0989b94,fgs,yes,Boone Jenner,,betrivers,2400,,oddsapi
2026-10-07T21:00:07Z,2026-10-07,PIT @ WSH,8112572f236320d4d4c99b6eb0989b94,fgs,yes,Aliaksei Protas,,betrivers,1600,,oddsapi
2026-10-07T21:00:07Z,2026-10-07,PIT @ WSH,8112572f236320d4d4c99b6eb0989b94,fgs,yes,Alex Ovechkin,,betrivers,900,,oddsapi
2026-10-07T21:00:07Z,2026-10-07,PIT @ WSH,8112572f236320d4d4c99b6eb0989b94,fgs,yes,Sidney Crosby,,betrivers,1100,,oddsapi
2026-10-07T21:00:07Z,2026-10-07,PIT @ WSH,8112572f236320d4d4c99b6eb0989b94,fgs,yes,Declan Carlile,,betrivers,3500,,oddsapi
2026-10-07T21:00:07Z,2026-10-07,PIT @ WSH,8112572f236320d4d4c99b6eb0989b94,fgs,yes,Trevor van Riemsdyk,,betrivers,4000,,oddsapi
2026-10-07T21:00:07Z,2026-10-07,PIT @ WSH,8112572f236320d4d4c99b6eb0989b94,fgs,yes,Ben Kindel,,betrivers,1600,,oddsapi
2026-10-07T21:00:07Z,2026-10-07,PIT @ WSH,8112572f236320d4d4c99b6eb0989b94,fgs,yes,Ilya Protas,,betrivers,1200,,oddsapi
2026-10-07T21:00:07Z,2026-10-07,PIT @ WSH,8112572f236320d4d4c99b6eb0989b94,fgs,yes,Rickard Rakell,,betrivers,1200,,oddsapi
2026-10-07T21:00:07Z,2026-10-07,PIT @ WSH,8112572f236320d4d4c99b6eb0989b94,fgs,yes,Yegor Chinakhov,,betrivers,1400,,oddsapi
2026-10-07T21:00:07Z,2026-10-07,PIT @ WSH,8112572f236320d4d4c99b6eb0989b94,fgs,yes,Evgeni Malkin,,betrivers,1400,,oddsapi
2026-10-07T21:00:07Z,2026-10-07,PIT @ WSH,8112572f236320d4d4c99b6eb0989b94,fgs,yes,Alex Tuch,,betrivers,850,,oddsapi
2026-10-07T21:00:07Z,2026-10-07,PIT @ WSH,8112572f236320d4d4c99b6eb0989b94,fgs,yes,Ryan Leonard,,betrivers,1300,,oddsapi
2026-10-07T21:00:07Z,2026-10-07,PIT @ WSH,8112572f236320d4d4c99b6eb0989b94,fgs,yes,Justin Sourdif,,betrivers,2200,,oddsapi
2026-10-07T21:00:07Z,2026-10-07,PIT @ WSH,8112572f236320d4d4c99b6eb0989b94,fgs,yes,Pierre-Luc Dubois,,betrivers,1400,,oddsapi
2026-10-07T21:00:07Z,2026-10-07,PIT @ WSH,8112572f236320d4d4c99b6eb0989b94,fgs,yes,Cole Hutson,,betrivers,2200,,oddsapi
2026-10-07T21:00:07Z,2026-10-07,PIT @ WSH,8112572f236320d4d4c99b6eb0989b94,fgs,yes,Kris Letang,,betrivers,3300,,oddsapi
2026-10-07T21:00:07Z,2026-10-07,PIT @ WSH,8112572f236320d4d4c99b6eb0989b94,fgs,yes,Martin Fehervary,,betrivers,3500,,oddsapi
2026-10-07T21:00:07Z,2026-10-07,PIT @ WSH,8112572f236320d4d4c99b6eb0989b94,fgs,yes,Erik Karlsson,,betrivers,2000,,oddsapi
2026-10-07T21:00:07Z,2026-10-07,PIT @ WSH,8112572f236320d4d4c99b6eb0989b94,fgs,yes,Blake Lizotte,,betrivers,2500,,oddsapi
2026-10-07T21:00:07Z,2026-10-07,PIT @ WSH,8112572f236320d4d4c99b6eb0989b94,fgs,yes,Vincent Desharnais,,betrivers,3400,,oddsapi
2026-10-07T21:00:07Z,2026-10-07,PIT @ WSH,8112572f236320d4d4c99b6eb0989b94,fgs,yes,Jakob Chychrun,,betrivers,1400,,oddsapi
2026-10-07T21:00:07Z,2026-10-07,PIT @ WSH,8112572f236320d4d4c99b6eb0989b94,fgs,yes,Hendrix Lapierre,,betrivers,1500,,oddsapi
2026-10-07T21:00:07Z,2026-10-07,PIT @ WSH,8112572f236320d4d4c99b6eb0989b94,fgs,yes,Connor Dewar,,betrivers,3400,,oddsapi
2026-10-07T21:00:07Z,2026-10-07,PIT @ WSH,8112572f236320d4d4c99b6eb0989b94,fgs,yes,Jordan Kyrou,,betrivers,1050,,oddsapi
2026-10-07T21:00:07Z,2026-10-07,PIT @ WSH,8112572f236320d4d4c99b6eb0989b94,fgs,yes,Nick Robertson,,betrivers,2000,,oddsapi
2026-10-07T21:00:07Z,2026-10-07,PIT @ WSH,8112572f236320d4d4c99b6eb0989b94,fgs,yes,Kaedan Korczak,,betrivers,4500,,oddsapi
2026-10-07T21:00:07Z,2026-10-07,PIT @ WSH,8112572f236320d4d4c99b6eb0989b94,fgs,yes,Dylan Strome,,betrivers,1400,,oddsapi
2026-10-07T21:00:07Z,2026-10-07,PIT @ WSH,8112572f236320d4d4c99b6eb0989b94,fgs,yes,Tom Wilson,,betrivers,1100,,oddsapi
2026-10-07T21:00:07Z,2026-10-07,PIT @ WSH,8112572f236320d4d4c99b6eb0989b94,fgs,yes,Tommy Novak,,betrivers,1700,,oddsapi
2026-10-07T21:00:07Z,2026-10-07,PIT @ WSH,8112572f236320d4d4c99b6eb0989b94,fgs,yes,Samuel Girard,,betrivers,4000,,oddsapi
2026-10-07T21:00:07Z,2026-10-07,PIT @ WSH,8112572f236320d4d4c99b6eb0989b94,fgs,yes,Ville Koivunen,,betrivers,2200,,oddsapi
2026-10-07T21:00:07Z,2026-10-07,PIT @ WSH,8112572f236320d4d4c99b6eb0989b94,fgs,yes,Bryan Rust,,betrivers,1100,,oddsapi
2026-10-07T21:00:07Z,2026-10-07,PIT @ WSH,8112572f236320d4d4c99b6eb0989b94,fgs,yes,Dylan McIlrath,,betrivers,4500,,oddsapi
2026-10-07T21:00:07Z,2026-10-07,PIT @ WSH,8112572f236320d4d4c99b6eb0989b94,sk_g,over,Sidney Crosby,2.5,betrivers,11000,,oddsapi
2026-10-07T21:00:07Z,2026-10-07,PIT @ WSH,8112572f236320d4d4c99b6eb0989b94,sk_g,over,Ben Kindel,1.5,betrivers,3000,,oddsapi
2026-10-07T21:00:07Z,2026-10-07,PIT @ WSH,8112572f236320d4d4c99b6eb0989b94,sk_g,over,Aliaksei Protas,1.5,betrivers,3000,,oddsapi
2026-10-07T21:00:07Z,2026-10-07,PIT @ WSH,8112572f236320d4d4c99b6eb0989b94,sk_g,over,Alex Ovechkin,2.5,betrivers,6600,,oddsapi
2026-10-07T21:00:07Z,2026-10-07,PIT @ WSH,8112572f236320d4d4c99b6eb0989b94,sk_g,over,Martin Fehervary,1.5,betrivers,11000,,oddsapi
2026-10-07T21:00:07Z,2026-10-07,PIT @ WSH,8112572f236320d4d4c99b6eb0989b94,sk_g,over,Alex Tuch,1.5,betrivers,1000,,oddsapi
2026-10-07T21:00:07Z,2026-10-07,PIT @ WSH,8112572f236320d4d4c99b6eb0989b94,sk_g,over,Jakob Chychrun,1.5,betrivers,2500,,oddsapi
2026-10-07T21:00:07Z,2026-10-07,PIT @ WSH,8112572f236320d4d4c99b6eb0989b94,sk_g,over,Bryan Rust,2.5,betrivers,9000,,oddsapi
2026-10-07T21:00:07Z,2026-10-07,PIT @ WSH,8112572f236320d4d4c99b6eb0989b94,sk_g,over,Kris Letang,1.5,betrivers,11000,,oddsapi
2026-10-07T21:00:07Z,2026-10-07,PIT @ WSH,8112572f236320d4d4c99b6eb0989b94,sk_g,over,Trevor van Riemsdyk,1.5,betrivers,16000,,oddsapi
2026-10-07T21:00:07Z,2026-10-07,PIT @ WSH,8112572f236320d4d4c99b6eb0989b94,sk_g,over,Ilya Protas,2.5,betrivers,14000,,oddsapi
2026-10-07T21:00:07Z,2026-10-07,PIT @ WSH,8112572f236320d4d4c99b6eb0989b94,sk_g,over,Samuel Girard,1.5,betrivers,15000,,oddsapi
2026-10-07T21:00:07Z,2026-10-07,PIT @ WSH,8112572f236320d4d4c99b6eb0989b94,sk_g,over,Bryan Rust,1.5,betrivers,1300,,oddsapi
2026-10-07T21:00:07Z,2026-10-07,PIT @ WSH,8112572f236320d4d4c99b6eb0989b94,sk_g,over,Anthony Beauvillier,2.5,betrivers,16000,,oddsapi
2026-10-07T21:00:07Z,2026-10-07,PIT @ WSH,8112572f236320d4d4c99b6eb0989b94,sk_g,over,Ville Koivunen,1.5,betrivers,5000,,oddsapi
2026-10-07T21:00:07Z,2026-10-07,PIT @ WSH,8112572f236320d4d4c99b6eb0989b94,sk_g,over,Hendrix Lapierre,1.5,betrivers,2900,,oddsapi
2026-10-07T21:00:07Z,2026-10-07,PIT @ WSH,8112572f236320d4d4c99b6eb0989b94,sk_g,over,Evgeni Malkin,1.5,betrivers,2200,,oddsapi
2026-10-07T21:00:07Z,2026-10-07,PIT @ WSH,8112572f236320d4d4c99b6eb0989b94,sk_g,over,Sidney Crosby,1.5,betrivers,1500,,oddsapi
2026-10-07T21:00:07Z,2026-10-07,PIT @ WSH,8112572f236320d4d4c99b6eb0989b94,sk_g,over,Alex Ovechkin,1.5,betrivers,1050,,oddsapi
2026-10-07T21:00:07Z,2026-10-07,PIT @ WSH,8112572f236320d4d4c99b6eb0989b94,sk_g,over,Rickard Rakell,1.5,betrivers,1600,,oddsapi
2026-10-07T21:00:07Z,2026-10-07,PIT @ WSH,8112572f236320d4d4c99b6eb0989b94,sk_g,over,Yegor Chinakhov,1.5,betrivers,2200,,oddsapi
2026-10-07T21:00:07Z,2026-10-07,PIT @ WSH,8112572f236320d4d4c99b6eb0989b94,sk_g,over,Tom Wilson,2.5,betrivers,11000,,oddsapi
2026-10-07T21:00:07Z,2026-10-07,PIT @ WSH,8112572f236320d4d4c99b6eb0989b94,sk_g,over,Tom Wilson,1.5,betrivers,1500,,oddsapi
2026-10-07T21:00:07Z,2026-10-07,PIT @ WSH,8112572f236320d4d4c99b6eb0989b94,sk_g,over,Rickard Rakell,2.5,betrivers,11000,,oddsapi
2026-10-07T21:00:07Z,2026-10-07,PIT @ WSH,8112572f236320d4d4c99b6eb0989b94,sk_g,over,Ilya Protas,1.5,betrivers,1900,,oddsapi
2026-10-07T21:00:07Z,2026-10-07,PIT @ WSH,8112572f236320d4d4c99b6eb0989b94,sk_g,over,Boone Jenner,1.5,betrivers,6000,,oddsapi
2026-10-07T21:00:07Z,2026-10-07,PIT @ WSH,8112572f236320d4d4c99b6eb0989b94,sk_g,over,Alex Tuch,2.5,betrivers,6000,,oddsapi
2026-10-07T21:00:07Z,2026-10-07,PIT @ WSH,8112572f236320d4d4c99b6eb0989b94,sk_g,over,Vincent Desharnais,1.5,betrivers,16000,,oddsapi
2026-10-07T21:00:07Z,2026-10-07,PIT @ WSH,8112572f236320d4d4c99b6eb0989b94,sk_g,over,Pierre-Luc Dubois,1.5,betrivers,2400,,oddsapi
2026-10-07T21:00:07Z,2026-10-07,PIT @ WSH,8112572f236320d4d4c99b6eb0989b94,sk_g,over,Connor Dewar,1.5,betrivers,11000,,oddsapi
2026-10-07T21:00:07Z,2026-10-07,PIT @ WSH,8112572f236320d4d4c99b6eb0989b94,sk_g,over,Timothy Liljegren,1.5,betrivers,18000,,oddsapi
2026-10-07T21:00:07Z,2026-10-07,PIT @ WSH,8112572f236320d4d4c99b6eb0989b94,sk_g,over,Erik Karlsson,1.5,betrivers,4500,,oddsapi
2026-10-07T21:00:07Z,2026-10-07,PIT @ WSH,8112572f236320d4d4c99b6eb0989b94,sk_g,over,Justin Sourdif,1.5,betrivers,6000,,oddsapi
2026-10-07T21:00:07Z,2026-10-07,PIT @ WSH,8112572f236320d4d4c99b6eb0989b94,sk_g,over,Ryan Leonard,1.5,betrivers,2200,,oddsapi
2026-10-07T21:00:07Z,2026-10-07,PIT @ WSH,8112572f236320d4d4c99b6eb0989b94,sk_g,over,Cole Hutson,1.5,betrivers,5000,,oddsapi
2026-10-07T21:00:07Z,2026-10-07,PIT @ WSH,8112572f236320d4d4c99b6eb0989b94,sk_g,over,Tommy Novak,1.5,betrivers,3300,,oddsapi
2026-10-07T21:00:07Z,2026-10-07,PIT @ WSH,8112572f236320d4d4c99b6eb0989b94,sk_g,over,Dylan Strome,1.5,betrivers,2400,,oddsapi
2026-10-07T21:00:07Z,2026-10-07,PIT @ WSH,8112572f236320d4d4c99b6eb0989b94,sk_g,over,Nick Robertson,1.5,betrivers,4500,,oddsapi
2026-10-07T21:00:07Z,2026-10-07,PIT @ WSH,8112572f236320d4d4c99b6eb0989b94,sk_g,over,Anthony Beauvillier,1.5,betrivers,2000,,oddsapi
2026-10-07T21:00:07Z,2026-10-07,PIT @ WSH,8112572f236320d4d4c99b6eb0989b94,sk_g,over,Jordan Kyrou,2.5,betrivers,9000,,oddsapi
2026-10-07T21:00:07Z,2026-10-07,PIT @ WSH,8112572f236320d4d4c99b6eb0989b94,sk_g,over,Jordan Kyrou,1.5,betrivers,1300,,oddsapi
2026-10-07T21:00:07Z,2026-10-07,PIT @ WSH,8112572f236320d4d4c99b6eb0989b94,sk_g,over,Declan Carlile,1.5,betrivers,12000,,oddsapi
2026-10-07T21:00:07Z,2026-10-07,PIT @ WSH,8112572f236320d4d4c99b6eb0989b94,sk_g,over,Blake Lizotte,1.5,betrivers,7000,,oddsapi
2026-10-07T21:00:07Z,2026-10-07,PIT @ WSH,8112572f236320d4d4c99b6eb0989b94,p1_total,over,,1.5,betrivers,-175,120,oddsapi
2026-10-07T21:00:07Z,2026-10-07,PIT @ WSH,8112572f236320d4d4c99b6eb0989b94,p1_total,under,,1.5,betrivers,120,-175,oddsapi
2026-10-07T21:00:07Z,2026-10-07,PIT @ WSH,8112572f236320d4d4c99b6eb0989b94,p2_total,over,,2.5,betrivers,143,-205,oddsapi
2026-10-07T21:00:07Z,2026-10-07,PIT @ WSH,8112572f236320d4d4c99b6eb0989b94,p2_total,under,,2.5,betrivers,-205,143,oddsapi
2026-10-07T21:00:07Z,2026-10-07,PIT @ WSH,8112572f236320d4d4c99b6eb0989b94,p3_total,over,,2.5,betrivers,143,-210,oddsapi
2026-10-07T21:00:07Z,2026-10-07,PIT @ WSH,8112572f236320d4d4c99b6eb0989b94,p3_total,under,,2.5,betrivers,-210,143,oddsapi
2026-10-07T21:00:07Z,2026-10-07,PIT @ WSH,8112572f236320d4d4c99b6eb0989b94,p1_ml,PIT,,,betonlineag,119,-139,oddsapi
2026-10-07T21:00:07Z,2026-10-07,PIT @ WSH,8112572f236320d4d4c99b6eb0989b94,p1_ml,WSH,,,betonlineag,-139,119,oddsapi
2026-10-07T21:00:07Z,2026-10-07,PIT @ WSH,8112572f236320d4d4c99b6eb0989b94,sk_pts,over,Evgeni Malkin,0.5,betonlineag,-120,-108,oddsapi
2026-10-07T21:00:07Z,2026-10-07,PIT @ WSH,8112572f236320d4d4c99b6eb0989b94,sk_pts,under,Evgeni Malkin,0.5,betonlineag,-108,-120,oddsapi
2026-10-07T21:00:07Z,2026-10-07,PIT @ WSH,8112572f236320d4d4c99b6eb0989b94,sk_pts,over,Sidney Crosby,0.5,betonlineag,-169,130,oddsapi
2026-10-07T21:00:07Z,2026-10-07,PIT @ WSH,8112572f236320d4d4c99b6eb0989b94,sk_pts,under,Sidney Crosby,0.5,betonlineag,130,-169,oddsapi
2026-10-07T21:00:07Z,2026-10-07,PIT @ WSH,8112572f236320d4d4c99b6eb0989b94,sk_pts,over,Kris Letang,0.5,betonlineag,164,-217,oddsapi
2026-10-07T21:00:07Z,2026-10-07,PIT @ WSH,8112572f236320d4d4c99b6eb0989b94,sk_pts,under,Kris Letang,0.5,betonlineag,-217,164,oddsapi
2026-10-07T21:00:07Z,2026-10-07,PIT @ WSH,8112572f236320d4d4c99b6eb0989b94,sk_pts,over,Rickard Rakell,0.5,betonlineag,-110,-118,oddsapi
2026-10-07T21:00:07Z,2026-10-07,PIT @ WSH,8112572f236320d4d4c99b6eb0989b94,sk_pts,under,Rickard Rakell,0.5,betonlineag,-118,-110,oddsapi
2026-10-07T21:00:07Z,2026-10-07,PIT @ WSH,8112572f236320d4d4c99b6eb0989b94,sk_pts,over,Tom Wilson,0.5,betonlineag,-145,112,oddsapi
2026-10-07T21:00:07Z,2026-10-07,PIT @ WSH,8112572f236320d4d4c99b6eb0989b94,sk_pts,under,Tom Wilson,0.5,betonlineag,112,-145,oddsapi
2026-10-07T21:00:07Z,2026-10-07,PIT @ WSH,8112572f236320d4d4c99b6eb0989b94,sk_pts,over,Alex Ovechkin,0.5,betonlineag,-130,101,oddsapi
2026-10-07T21:00:07Z,2026-10-07,PIT @ WSH,8112572f236320d4d4c99b6eb0989b94,sk_pts,under,Alex Ovechkin,0.5,betonlineag,101,-130,oddsapi
2026-10-07T21:00:07Z,2026-10-07,PIT @ WSH,8112572f236320d4d4c99b6eb0989b94,sk_pts,over,Tommy Novak,0.5,betonlineag,124,-161,oddsapi
2026-10-07T21:00:07Z,2026-10-07,PIT @ WSH,8112572f236320d4d4c99b6eb0989b94,sk_pts,under,Tommy Novak,0.5,betonlineag,-161,124,oddsapi
2026-10-07T21:00:07Z,2026-10-07,PIT @ WSH,8112572f236320d4d4c99b6eb0989b94,sk_pts,over,Dylan Strome,0.5,betonlineag,-135,104,oddsapi
2026-10-07T21:00:07Z,2026-10-07,PIT @ WSH,8112572f236320d4d4c99b6eb0989b94,sk_pts,under,Dylan Strome,0.5,betonlineag,104,-135,oddsapi
2026-10-07T21:00:07Z,2026-10-07,PIT @ WSH,8112572f236320d4d4c99b6eb0989b94,sk_pts,over,Pierre-Luc Dubois,0.5,betonlineag,-127,-102,oddsapi
2026-10-07T21:00:07Z,2026-10-07,PIT @ WSH,8112572f236320d4d4c99b6eb0989b94,sk_pts,under,Pierre-Luc Dubois,0.5,betonlineag,-102,-127,oddsapi
2026-10-07T21:00:07Z,2026-10-07,PIT @ WSH,8112572f236320d4d4c99b6eb0989b94,sk_pts,over,Ben Kindel,0.5,betonlineag,149,-196,oddsapi
2026-10-07T21:00:07Z,2026-10-07,PIT @ WSH,8112572f236320d4d4c99b6eb0989b94,sk_pts,under,Ben Kindel,0.5,betonlineag,-196,149,oddsapi
2026-10-07T21:00:07Z,2026-10-07,PIT @ WSH,8112572f236320d4d4c99b6eb0989b94,sk_pts,over,Erik Karlsson,0.5,betonlineag,-118,-110,oddsapi
2026-10-07T21:00:07Z,2026-10-07,PIT @ WSH,8112572f236320d4d4c99b6eb0989b94,sk_pts,under,Erik Karlsson,0.5,betonlineag,-110,-118,oddsapi
2026-10-07T21:00:07Z,2026-10-07,PIT @ WSH,8112572f236320d4d4c99b6eb0989b94,sk_pts,over,Jakob Chychrun,0.5,betonlineag,-141,109,oddsapi
2026-10-07T21:00:07Z,2026-10-07,PIT @ WSH,8112572f236320d4d4c99b6eb0989b94,sk_pts,under,Jakob Chychrun,0.5,betonlineag,109,-141,oddsapi
2026-10-07T21:00:07Z,2026-10-07,PIT @ WSH,8112572f236320d4d4c99b6eb0989b94,sk_pts,over,Jordan Kyrou,0.5,betonlineag,100,-130,oddsapi
2026-10-07T21:00:07Z,2026-10-07,PIT @ WSH,8112572f236320d4d4c99b6eb0989b94,sk_pts,under,Jordan Kyrou,0.5,betonlineag,-130,100,oddsapi
2026-10-07T21:00:07Z,2026-10-07,PIT @ WSH,8112572f236320d4d4c99b6eb0989b94,sk_pts,over,Yegor Chinakhov,0.5,betonlineag,136,-179,oddsapi
2026-10-07T21:00:07Z,2026-10-07,PIT @ WSH,8112572f236320d4d4c99b6eb0989b94,sk_pts,under,Yegor Chinakhov,0.5,betonlineag,-179,136,oddsapi
2026-10-07T21:00:07Z,2026-10-07,PIT @ WSH,8112572f236320d4d4c99b6eb0989b94,sk_pts,over,Cole Hutson,0.5,betonlineag,130,-169,oddsapi
2026-10-07T21:00:07Z,2026-10-07,PIT @ WSH,8112572f236320d4d4c99b6eb0989b94,sk_pts,under,Cole Hutson,0.5,betonlineag,-169,130,oddsapi
2026-10-07T21:00:07Z,2026-10-07,PIT @ WSH,8112572f236320d4d4c99b6eb0989b94,sk_pts,over,Alex Tuch,0.5,betonlineag,-152,117,oddsapi
2026-10-07T21:00:07Z,2026-10-07,PIT @ WSH,8112572f236320d4d4c99b6eb0989b94,sk_pts,under,Alex Tuch,0.5,betonlineag,117,-152,oddsapi
2026-10-07T21:00:07Z,2026-10-07,PIT @ WSH,8112572f236320d4d4c99b6eb0989b94,sk_pts,over,Anthony Beauvillier,0.5,betonlineag,161,-213,oddsapi
2026-10-07T21:00:07Z,2026-10-07,PIT @ WSH,8112572f236320d4d4c99b6eb0989b94,sk_pts,under,Anthony Beauvillier,0.5,betonlineag,-213,161,oddsapi
2026-10-07T21:00:07Z,2026-10-07,PIT @ WSH,8112572f236320d4d4c99b6eb0989b94,sk_pts,over,Ryan Leonard,0.5,betonlineag,134,-175,oddsapi
2026-10-07T21:00:07Z,2026-10-07,PIT @ WSH,8112572f236320d4d4c99b6eb0989b94,sk_pts,under,Ryan Leonard,0.5,betonlineag,-175,134,oddsapi
2026-10-07T21:00:07Z,2026-10-07,PIT @ WSH,8112572f236320d4d4c99b6eb0989b94,sk_pts,over,Ilya Protas,0.5,betonlineag,118,-154,oddsapi
2026-10-07T21:00:07Z,2026-10-07,PIT @ WSH,8112572f236320d4d4c99b6eb0989b94,sk_pts,under,Ilya Protas,0.5,betonlineag,-154,118,oddsapi
2026-10-07T21:00:07Z,2026-10-07,PIT @ WSH,8112572f236320d4d4c99b6eb0989b94,sk_pts,over,Aliaksei Protas,0.5,betonlineag,132,-172,oddsapi
2026-10-07T21:00:07Z,2026-10-07,PIT @ WSH,8112572f236320d4d4c99b6eb0989b94,sk_pts,under,Aliaksei Protas,0.5,betonlineag,-172,132,oddsapi
2026-10-07T21:00:07Z,2026-10-07,PIT @ WSH,8112572f236320d4d4c99b6eb0989b94,sk_pts,over,Hendrix Lapierre,0.5,betonlineag,171,-227,oddsapi
2026-10-07T21:00:07Z,2026-10-07,PIT @ WSH,8112572f236320d4d4c99b6eb0989b94,sk_pts,under,Hendrix Lapierre,0.5,betonlineag,-227,171,oddsapi
2026-10-07T21:00:07Z,2026-10-07,PIT @ WSH,8112572f236320d4d4c99b6eb0989b94,sk_pts,over,Justin Sourdif,0.5,betonlineag,164,-217,oddsapi
2026-10-07T21:00:07Z,2026-10-07,PIT @ WSH,8112572f236320d4d4c99b6eb0989b94,sk_pts,under,Justin Sourdif,0.5,betonlineag,-217,164,oddsapi
2026-10-07T21:00:07Z,2026-10-07,PIT @ WSH,8112572f236320d4d4c99b6eb0989b94,sk_pts,over,Martin Fehervary,0.5,betonlineag,226,-312,oddsapi
2026-10-07T21:00:07Z,2026-10-07,PIT @ WSH,8112572f236320d4d4c99b6eb0989b94,sk_pts,under,Martin Fehervary,0.5,betonlineag,-312,226,oddsapi
2026-10-07T21:00:07Z,2026-10-07,PIT @ WSH,8112572f236320d4d4c99b6eb0989b94,sk_sog,over,Sidney Crosby,2.5,betonlineag,120,-156,oddsapi
2026-10-07T21:00:07Z,2026-10-07,PIT @ WSH,8112572f236320d4d4c99b6eb0989b94,sk_sog,under,Sidney Crosby,2.5,betonlineag,-156,120,oddsapi
2026-10-07T21:00:07Z,2026-10-07,PIT @ WSH,8112572f236320d4d4c99b6eb0989b94,sk_sog,over,Evgeni Malkin,1.5,betonlineag,-164,125,oddsapi
2026-10-07T21:00:07Z,2026-10-07,PIT @ WSH,8112572f236320d4d4c99b6eb0989b94,sk_sog,under,Evgeni Malkin,1.5,betonlineag,125,-164,oddsapi
2026-10-07T21:00:07Z,2026-10-07,PIT @ WSH,8112572f236320d4d4c99b6eb0989b94,sk_sog,over,Tom Wilson,2.5,betonlineag,149,-196,oddsapi
2026-10-07T21:00:07Z,2026-10-07,PIT @ WSH,8112572f236320d4d4c99b6eb0989b94,sk_sog,under,Tom Wilson,2.5,betonlineag,-196,149,oddsapi
2026-10-07T21:00:07Z,2026-10-07,PIT @ WSH,8112572f236320d4d4c99b6eb0989b94,sk_sog,over,Rickard Rakell,2.5,betonlineag,113,-147,oddsapi
2026-10-07T21:00:07Z,2026-10-07,PIT @ WSH,8112572f236320d4d4c99b6eb0989b94,sk_sog,under,Rickard Rakell,2.5,betonlineag,-147,113,oddsapi
2026-10-07T21:00:07Z,2026-10-07,PIT @ WSH,8112572f236320d4d4c99b6eb0989b94,sk_sog,over,Dylan Strome,1.5,betonlineag,-128,-101,oddsapi
2026-10-07T21:00:07Z,2026-10-07,PIT @ WSH,8112572f236320d4d4c99b6eb0989b94,sk_sog,under,Dylan Strome,1.5,betonlineag,-101,-128,oddsapi
2026-10-07T21:00:07Z,2026-10-07,PIT @ WSH,8112572f236320d4d4c99b6eb0989b94,sk_sog,over,Ben Kindel,1.5,betonlineag,-161,124,oddsapi
2026-10-07T21:00:07Z,2026-10-07,PIT @ WSH,8112572f236320d4d4c99b6eb0989b94,sk_sog,under,Ben Kindel,1.5,betonlineag,124,-161,oddsapi
2026-10-07T21:00:07Z,2026-10-07,PIT @ WSH,8112572f236320d4d4c99b6eb0989b94,sk_sog,over,Pierre-Luc Dubois,1.5,betonlineag,-114,-114,oddsapi
2026-10-07T21:00:07Z,2026-10-07,PIT @ WSH,8112572f236320d4d4c99b6eb0989b94,sk_sog,under,Pierre-Luc Dubois,1.5,betonlineag,-114,-114,oddsapi
2026-10-07T21:00:07Z,2026-10-07,PIT @ WSH,8112572f236320d4d4c99b6eb0989b94,sk_sog,over,Jakob Chychrun,2.5,betonlineag,110,-143,oddsapi
2026-10-07T21:00:07Z,2026-10-07,PIT @ WSH,8112572f236320d4d4c99b6eb0989b94,sk_sog,under,Jakob Chychrun,2.5,betonlineag,-143,110,oddsapi
2026-10-07T21:00:07Z,2026-10-07,PIT @ WSH,8112572f236320d4d4c99b6eb0989b94,sk_sog,over,Tommy Novak,1.5,betonlineag,-125,-103,oddsapi
2026-10-07T21:00:07Z,2026-10-07,PIT @ WSH,8112572f236320d4d4c99b6eb0989b94,sk_sog,under,Tommy Novak,1.5,betonlineag,-103,-125,oddsapi
2026-10-07T21:00:07Z,2026-10-07,PIT @ WSH,8112572f236320d4d4c99b6eb0989b94,sk_sog,over,Erik Karlsson,2.5,betonlineag,136,-179,oddsapi
2026-10-07T21:00:07Z,2026-10-07,PIT @ WSH,8112572f236320d4d4c99b6eb0989b94,sk_sog,under,Erik Karlsson,2.5,betonlineag,-179,136,oddsapi
2026-10-07T21:00:07Z,2026-10-07,PIT @ WSH,8112572f236320d4d4c99b6eb0989b94,sk_sog,over,Jordan Kyrou,1.5,betonlineag,-172,132,oddsapi
2026-10-07T21:00:07Z,2026-10-07,PIT @ WSH,8112572f236320d4d4c99b6eb0989b94,sk_sog,under,Jordan Kyrou,1.5,betonlineag,132,-172,oddsapi
2026-10-07T21:00:07Z,2026-10-07,PIT @ WSH,8112572f236320d4d4c99b6eb0989b94,sk_sog,over,Yegor Chinakhov,1.5,betonlineag,-159,122,oddsapi
2026-10-07T21:00:07Z,2026-10-07,PIT @ WSH,8112572f236320d4d4c99b6eb0989b94,sk_sog,under,Yegor Chinakhov,1.5,betonlineag,122,-159,oddsapi
2026-10-07T21:00:07Z,2026-10-07,PIT @ WSH,8112572f236320d4d4c99b6eb0989b94,sk_sog,over,Alex Tuch,2.5,betonlineag,122,-159,oddsapi
2026-10-07T21:00:07Z,2026-10-07,PIT @ WSH,8112572f236320d4d4c99b6eb0989b94,sk_sog,under,Alex Tuch,2.5,betonlineag,-159,122,oddsapi
2026-10-07T21:00:07Z,2026-10-07,PIT @ WSH,8112572f236320d4d4c99b6eb0989b94,sk_sog,over,Cole Hutson,1.5,betonlineag,-123,-105,oddsapi
2026-10-07T21:00:07Z,2026-10-07,PIT @ WSH,8112572f236320d4d4c99b6eb0989b94,sk_sog,under,Cole Hutson,1.5,betonlineag,-105,-123,oddsapi
2026-10-07T21:00:07Z,2026-10-07,PIT @ WSH,8112572f236320d4d4c99b6eb0989b94,sk_sog,over,Alex Ovechkin,2.5,betonlineag,-116,-111,oddsapi
2026-10-07T21:00:07Z,2026-10-07,PIT @ WSH,8112572f236320d4d4c99b6eb0989b94,sk_sog,under,Alex Ovechkin,2.5,betonlineag,-111,-116,oddsapi
2026-10-07T21:00:07Z,2026-10-07,PIT @ WSH,8112572f236320d4d4c99b6eb0989b94,sk_sog,over,Anthony Beauvillier,1.5,betonlineag,-108,-120,oddsapi
2026-10-07T21:00:07Z,2026-10-07,PIT @ WSH,8112572f236320d4d4c99b6eb0989b94,sk_sog,under,Anthony Beauvillier,1.5,betonlineag,-120,-108,oddsapi
2026-10-07T21:00:07Z,2026-10-07,PIT @ WSH,8112572f236320d4d4c99b6eb0989b94,sk_sog,over,Aliaksei Protas,1.5,betonlineag,100,-130,oddsapi
2026-10-07T21:00:07Z,2026-10-07,PIT @ WSH,8112572f236320d4d4c99b6eb0989b94,sk_sog,under,Aliaksei Protas,1.5,betonlineag,-130,100,oddsapi
2026-10-07T21:00:07Z,2026-10-07,PIT @ WSH,8112572f236320d4d4c99b6eb0989b94,sk_sog,over,Ryan Leonard,1.5,betonlineag,-143,110,oddsapi
2026-10-07T21:00:07Z,2026-10-07,PIT @ WSH,8112572f236320d4d4c99b6eb0989b94,sk_sog,under,Ryan Leonard,1.5,betonlineag,110,-143,oddsapi
2026-10-07T21:00:07Z,2026-10-07,PIT @ WSH,8112572f236320d4d4c99b6eb0989b94,sk_sog,over,Justin Sourdif,1.5,betonlineag,136,-179,oddsapi
2026-10-07T21:00:07Z,2026-10-07,PIT @ WSH,8112572f236320d4d4c99b6eb0989b94,sk_sog,under,Justin Sourdif,1.5,betonlineag,-179,136,oddsapi
2026-10-07T21:00:07Z,2026-10-07,PIT @ WSH,8112572f236320d4d4c99b6eb0989b94,sk_sog,over,Kris Letang,1.5,betonlineag,103,-133,oddsapi
2026-10-07T21:00:07Z,2026-10-07,PIT @ WSH,8112572f236320d4d4c99b6eb0989b94,sk_sog,under,Kris Letang,1.5,betonlineag,-133,103,oddsapi
2026-10-07T21:00:07Z,2026-10-07,PIT @ WSH,8112572f236320d4d4c99b6eb0989b94,g_saves,over,Arturs Silovs,26.5,betonlineag,103,-133,oddsapi
2026-10-07T21:00:07Z,2026-10-07,PIT @ WSH,8112572f236320d4d4c99b6eb0989b94,g_saves,under,Arturs Silovs,26.5,betonlineag,-133,103,oddsapi
2026-10-07T21:00:07Z,2026-10-07,PIT @ WSH,8112572f236320d4d4c99b6eb0989b94,g_saves,over,Logan Thompson,24.5,betonlineag,-109,-119,oddsapi
2026-10-07T21:00:07Z,2026-10-07,PIT @ WSH,8112572f236320d4d4c99b6eb0989b94,g_saves,under,Logan Thompson,24.5,betonlineag,-119,-109,oddsapi
2026-10-07T21:00:07Z,2026-10-07,PIT @ WSH,8112572f236320d4d4c99b6eb0989b94,p1_pl,PIT,,0.5,betonlineag,-172,151,oddsapi
2026-10-07T21:00:07Z,2026-10-07,PIT @ WSH,8112572f236320d4d4c99b6eb0989b94,p1_pl,WSH,,-0.5,betonlineag,151,-172,oddsapi
2026-10-07T21:00:07Z,2026-10-07,PIT @ WSH,8112572f236320d4d4c99b6eb0989b94,team_total,over,PIT,2.5,betonlineag,-146,114,oddsapi
2026-10-07T21:00:07Z,2026-10-07,PIT @ WSH,8112572f236320d4d4c99b6eb0989b94,team_total,under,PIT,2.5,betonlineag,114,-146,oddsapi
2026-10-07T21:00:07Z,2026-10-07,PIT @ WSH,8112572f236320d4d4c99b6eb0989b94,team_total,over,WSH,3.5,betonlineag,-115,-115,oddsapi
2026-10-07T21:00:07Z,2026-10-07,PIT @ WSH,8112572f236320d4d4c99b6eb0989b94,team_total,under,WSH,3.5,betonlineag,-115,-115,oddsapi
2026-10-07T21:00:07Z,2026-10-07,PIT @ WSH,8112572f236320d4d4c99b6eb0989b94,p1_total,over,,1.5,betonlineag,-144,124,oddsapi
2026-10-07T21:00:07Z,2026-10-07,PIT @ WSH,8112572f236320d4d4c99b6eb0989b94,p1_total,under,,1.5,betonlineag,124,-144,oddsapi
2026-10-07T21:00:07Z,2026-10-07,PIT @ WSH,8112572f236320d4d4c99b6eb0989b94,team_total_alt,over,PIT,0.5,betmgm,-3000,800,oddsapi
2026-10-07T21:00:07Z,2026-10-07,PIT @ WSH,8112572f236320d4d4c99b6eb0989b94,team_total_alt,under,PIT,0.5,betmgm,800,-3000,oddsapi
2026-10-07T21:00:07Z,2026-10-07,PIT @ WSH,8112572f236320d4d4c99b6eb0989b94,team_total_alt,over,PIT,1,betmgm,-2000,700,oddsapi
2026-10-07T21:00:07Z,2026-10-07,PIT @ WSH,8112572f236320d4d4c99b6eb0989b94,team_total_alt,under,PIT,1,betmgm,700,-2000,oddsapi
2026-10-07T21:00:07Z,2026-10-07,PIT @ WSH,8112572f236320d4d4c99b6eb0989b94,team_total_alt,over,PIT,1.5,betmgm,-425,270,oddsapi
2026-10-07T21:00:07Z,2026-10-07,PIT @ WSH,8112572f236320d4d4c99b6eb0989b94,team_total_alt,under,PIT,1.5,betmgm,270,-425,oddsapi
2026-10-07T21:00:07Z,2026-10-07,PIT @ WSH,8112572f236320d4d4c99b6eb0989b94,team_total_alt,over,PIT,2,betmgm,-295,200,oddsapi
2026-10-07T21:00:07Z,2026-10-07,PIT @ WSH,8112572f236320d4d4c99b6eb0989b94,team_total_alt,under,PIT,2,betmgm,200,-295,oddsapi
2026-10-07T21:00:07Z,2026-10-07,PIT @ WSH,8112572f236320d4d4c99b6eb0989b94,team_total_alt,over,PIT,2.5,betmgm,-155,110,oddsapi
2026-10-07T21:00:07Z,2026-10-07,PIT @ WSH,8112572f236320d4d4c99b6eb0989b94,team_total_alt,under,PIT,2.5,betmgm,110,-155,oddsapi
2026-10-07T21:00:07Z,2026-10-07,PIT @ WSH,8112572f236320d4d4c99b6eb0989b94,team_total_alt,over,PIT,3,betmgm,105,-145,oddsapi
2026-10-07T21:00:07Z,2026-10-07,PIT @ WSH,8112572f236320d4d4c99b6eb0989b94,team_total_alt,under,PIT,3,betmgm,-145,105,oddsapi
2026-10-07T21:00:07Z,2026-10-07,PIT @ WSH,8112572f236320d4d4c99b6eb0989b94,team_total_alt,over,PIT,3.5,betmgm,150,-210,oddsapi
2026-10-07T21:00:07Z,2026-10-07,PIT @ WSH,8112572f236320d4d4c99b6eb0989b94,team_total_alt,under,PIT,3.5,betmgm,-210,150,oddsapi
2026-10-07T21:00:07Z,2026-10-07,PIT @ WSH,8112572f236320d4d4c99b6eb0989b94,team_total_alt,over,PIT,4,betmgm,260,-425,oddsapi
2026-10-07T21:00:07Z,2026-10-07,PIT @ WSH,8112572f236320d4d4c99b6eb0989b94,team_total_alt,under,PIT,4,betmgm,-425,260,oddsapi
2026-10-07T21:00:07Z,2026-10-07,PIT @ WSH,8112572f236320d4d4c99b6eb0989b94,team_total_alt,over,PIT,4.5,betmgm,320,-525,oddsapi
2026-10-07T21:00:07Z,2026-10-07,PIT @ WSH,8112572f236320d4d4c99b6eb0989b94,team_total_alt,under,PIT,4.5,betmgm,-525,320,oddsapi
2026-10-07T21:00:07Z,2026-10-07,PIT @ WSH,8112572f236320d4d4c99b6eb0989b94,team_total_alt,over,WSH,1.5,betmgm,-800,425,oddsapi
2026-10-07T21:00:07Z,2026-10-07,PIT @ WSH,8112572f236320d4d4c99b6eb0989b94,team_total_alt,under,WSH,1.5,betmgm,425,-800,oddsapi
2026-10-07T21:00:07Z,2026-10-07,PIT @ WSH,8112572f236320d4d4c99b6eb0989b94,team_total_alt,over,WSH,2,betmgm,-625,360,oddsapi
2026-10-07T21:00:07Z,2026-10-07,PIT @ WSH,8112572f236320d4d4c99b6eb0989b94,team_total_alt,under,WSH,2,betmgm,360,-625,oddsapi
2026-10-07T21:00:07Z,2026-10-07,PIT @ WSH,8112572f236320d4d4c99b6eb0989b94,team_total_alt,over,WSH,2.5,betmgm,-275,190,oddsapi
2026-10-07T21:00:07Z,2026-10-07,PIT @ WSH,8112572f236320d4d4c99b6eb0989b94,team_total_alt,under,WSH,2.5,betmgm,190,-275,oddsapi
2026-10-07T21:00:07Z,2026-10-07,PIT @ WSH,8112572f236320d4d4c99b6eb0989b94,team_total_alt,over,WSH,3,betmgm,-190,135,oddsapi
2026-10-07T21:00:07Z,2026-10-07,PIT @ WSH,8112572f236320d4d4c99b6eb0989b94,team_total_alt,under,WSH,3,betmgm,135,-190,oddsapi
2026-10-07T21:00:07Z,2026-10-07,PIT @ WSH,8112572f236320d4d4c99b6eb0989b94,team_total_alt,over,WSH,3.5,betmgm,-115,-120,oddsapi
2026-10-07T21:00:07Z,2026-10-07,PIT @ WSH,8112572f236320d4d4c99b6eb0989b94,team_total_alt,under,WSH,3.5,betmgm,-120,-115,oddsapi
2026-10-07T21:00:07Z,2026-10-07,PIT @ WSH,8112572f236320d4d4c99b6eb0989b94,team_total_alt,over,WSH,4,betmgm,140,-200,oddsapi
2026-10-07T21:00:07Z,2026-10-07,PIT @ WSH,8112572f236320d4d4c99b6eb0989b94,team_total_alt,under,WSH,4,betmgm,-200,140,oddsapi
2026-10-07T21:00:07Z,2026-10-07,PIT @ WSH,8112572f236320d4d4c99b6eb0989b94,team_total_alt,over,WSH,4.5,betmgm,190,-275,oddsapi
2026-10-07T21:00:07Z,2026-10-07,PIT @ WSH,8112572f236320d4d4c99b6eb0989b94,team_total_alt,under,WSH,4.5,betmgm,-275,190,oddsapi
2026-10-07T21:00:07Z,2026-10-07,PIT @ WSH,8112572f236320d4d4c99b6eb0989b94,team_total_alt,over,WSH,5,betmgm,350,-600,oddsapi
2026-10-07T21:00:07Z,2026-10-07,PIT @ WSH,8112572f236320d4d4c99b6eb0989b94,team_total_alt,under,WSH,5,betmgm,-600,350,oddsapi
2026-10-07T21:00:07Z,2026-10-07,PIT @ WSH,8112572f236320d4d4c99b6eb0989b94,team_total_alt,over,WSH,5.5,betmgm,400,-700,oddsapi
2026-10-07T21:00:07Z,2026-10-07,PIT @ WSH,8112572f236320d4d4c99b6eb0989b94,team_total_alt,under,WSH,5.5,betmgm,-700,400,oddsapi
2026-10-07T21:00:07Z,2026-10-07,PIT @ WSH,8112572f236320d4d4c99b6eb0989b94,game_ml3,PIT,,,betmgm,200,,oddsapi
2026-10-07T21:00:07Z,2026-10-07,PIT @ WSH,8112572f236320d4d4c99b6eb0989b94,game_ml3,WSH,,,betmgm,-102,,oddsapi
2026-10-07T21:00:07Z,2026-10-07,PIT @ WSH,8112572f236320d4d4c99b6eb0989b94,game_ml3,draw,,,betmgm,310,,oddsapi
2026-10-07T21:00:07Z,2026-10-07,PIT @ WSH,8112572f236320d4d4c99b6eb0989b94,p1_ml3,PIT,,,betmgm,200,,oddsapi
2026-10-07T21:00:07Z,2026-10-07,PIT @ WSH,8112572f236320d4d4c99b6eb0989b94,p1_ml3,WSH,,,betmgm,135,,oddsapi
2026-10-07T21:00:07Z,2026-10-07,PIT @ WSH,8112572f236320d4d4c99b6eb0989b94,p1_ml3,draw,,,betmgm,185,,oddsapi
2026-10-07T21:00:07Z,2026-10-07,PIT @ WSH,8112572f236320d4d4c99b6eb0989b94,p2_ml3,PIT,,,betmgm,195,,oddsapi
2026-10-07T21:00:07Z,2026-10-07,PIT @ WSH,8112572f236320d4d4c99b6eb0989b94,p2_ml3,WSH,,,betmgm,130,,oddsapi
2026-10-07T21:00:07Z,2026-10-07,PIT @ WSH,8112572f236320d4d4c99b6eb0989b94,p2_ml3,draw,,,betmgm,200,,oddsapi
2026-10-07T21:00:07Z,2026-10-07,PIT @ WSH,8112572f236320d4d4c99b6eb0989b94,p3_ml3,PIT,,,betmgm,185,,oddsapi
2026-10-07T21:00:07Z,2026-10-07,PIT @ WSH,8112572f236320d4d4c99b6eb0989b94,p3_ml3,WSH,,,betmgm,115,,oddsapi
2026-10-07T21:00:07Z,2026-10-07,PIT @ WSH,8112572f236320d4d4c99b6eb0989b94,p3_ml3,draw,,,betmgm,240,,oddsapi
2026-10-07T21:00:07Z,2026-10-07,PIT @ WSH,8112572f236320d4d4c99b6eb0989b94,p1_ml,PIT,,,betmgm,115,-150,oddsapi
2026-10-07T21:00:07Z,2026-10-07,PIT @ WSH,8112572f236320d4d4c99b6eb0989b94,p1_ml,WSH,,,betmgm,-150,115,oddsapi
2026-10-07T21:00:07Z,2026-10-07,PIT @ WSH,8112572f236320d4d4c99b6eb0989b94,p2_ml,PIT,,,betmgm,110,-155,oddsapi
2026-10-07T21:00:07Z,2026-10-07,PIT @ WSH,8112572f236320d4d4c99b6eb0989b94,p2_ml,WSH,,,betmgm,-155,110,oddsapi
2026-10-07T21:00:07Z,2026-10-07,PIT @ WSH,8112572f236320d4d4c99b6eb0989b94,p3_ml,PIT,,,betmgm,115,-160,oddsapi
2026-10-07T21:00:07Z,2026-10-07,PIT @ WSH,8112572f236320d4d4c99b6eb0989b94,p3_ml,WSH,,,betmgm,-160,115,oddsapi
2026-10-07T21:00:07Z,2026-10-07,PIT @ WSH,8112572f236320d4d4c99b6eb0989b94,sk_a,over,Trevor van Riemsdyk,0.5,betmgm,290,-500,oddsapi
2026-10-07T21:00:07Z,2026-10-07,PIT @ WSH,8112572f236320d4d4c99b6eb0989b94,sk_a,under,Trevor van Riemsdyk,0.5,betmgm,-500,290,oddsapi
2026-10-07T21:00:07Z,2026-10-07,PIT @ WSH,8112572f236320d4d4c99b6eb0989b94,sk_a,over,Tom Wilson,0.5,betmgm,115,-155,oddsapi
2026-10-07T21:00:07Z,2026-10-07,PIT @ WSH,8112572f236320d4d4c99b6eb0989b94,sk_a,under,Tom Wilson,0.5,betmgm,-155,115,oddsapi
2026-10-07T21:00:07Z,2026-10-07,PIT @ WSH,8112572f236320d4d4c99b6eb0989b94,sk_a,over,Jakob Chychrun,0.5,betmgm,110,-150,oddsapi
2026-10-07T21:00:07Z,2026-10-07,PIT @ WSH,8112572f236320d4d4c99b6eb0989b94,sk_a,under,Jakob Chychrun,0.5,betmgm,-150,110,oddsapi
2026-10-07T21:00:07Z,2026-10-07,PIT @ WSH,8112572f236320d4d4c99b6eb0989b94,sk_a,over,Alex Ovechkin,0.5,betmgm,145,-200,oddsapi
2026-10-07T21:00:07Z,2026-10-07,PIT @ WSH,8112572f236320d4d4c99b6eb0989b94,sk_a,under,Alex Ovechkin,0.5,betmgm,-200,145,oddsapi
2026-10-07T21:00:07Z,2026-10-07,PIT @ WSH,8112572f236320d4d4c99b6eb0989b94,sk_a,over,Kris Letang,0.5,betmgm,190,-275,oddsapi
2026-10-07T21:00:07Z,2026-10-07,PIT @ WSH,8112572f236320d4d4c99b6eb0989b94,sk_a,under,Kris Letang,0.5,betmgm,-275,190,oddsapi
2026-10-07T21:00:07Z,2026-10-07,PIT @ WSH,8112572f236320d4d4c99b6eb0989b94,sk_a,over,Tommy Novak,0.5,betmgm,195,-285,oddsapi
2026-10-07T21:00:07Z,2026-10-07,PIT @ WSH,8112572f236320d4d4c99b6eb0989b94,sk_a,under,Tommy Novak,0.5,betmgm,-285,195,oddsapi
2026-10-07T21:00:07Z,2026-10-07,PIT @ WSH,8112572f236320d4d4c99b6eb0989b94,sk_a,over,Anthony Beauvillier,0.5,betmgm,270,-450,oddsapi
2026-10-07T21:00:07Z,2026-10-07,PIT @ WSH,8112572f236320d4d4c99b6eb0989b94,sk_a,under,Anthony Beauvillier,0.5,betmgm,-450,270,oddsapi
2026-10-07T21:00:07Z,2026-10-07,PIT @ WSH,8112572f236320d4d4c99b6eb0989b94,sk_a,over,Yegor Chinakhov,0.5,betmgm,260,-375,oddsapi
2026-10-07T21:00:07Z,2026-10-07,PIT @ WSH,8112572f236320d4d4c99b6eb0989b94,sk_a,under,Yegor Chinakhov,0.5,betmgm,-375,260,oddsapi
2026-10-07T21:00:07Z,2026-10-07,PIT @ WSH,8112572f236320d4d4c99b6eb0989b94,sk_a,over,Jordan Kyrou,0.5,betmgm,195,-285,oddsapi
2026-10-07T21:00:07Z,2026-10-07,PIT @ WSH,8112572f236320d4d4c99b6eb0989b94,sk_a,under,Jordan Kyrou,0.5,betmgm,-285,195,oddsapi
2026-10-07T21:00:07Z,2026-10-07,PIT @ WSH,8112572f236320d4d4c99b6eb0989b94,sk_a,over,Rickard Rakell,0.5,betmgm,165,-225,oddsapi
2026-10-07T21:00:07Z,2026-10-07,PIT @ WSH,8112572f236320d4d4c99b6eb0989b94,sk_a,under,Rickard Rakell,0.5,betmgm,-225,165,oddsapi
2026-10-07T21:00:07Z,2026-10-07,PIT @ WSH,8112572f236320d4d4c99b6eb0989b94,sk_a,over,Ilya Protas,0.5,betmgm,200,-295,oddsapi
2026-10-07T21:00:07Z,2026-10-07,PIT @ WSH,8112572f236320d4d4c99b6eb0989b94,sk_a,under,Ilya Protas,0.5,betmgm,-295,200,oddsapi
2026-10-07T21:00:07Z,2026-10-07,PIT @ WSH,8112572f236320d4d4c99b6eb0989b94,sk_a,over,Pierre-Luc Dubois,0.5,betmgm,120,-160,oddsapi
2026-10-07T21:00:07Z,2026-10-07,PIT @ WSH,8112572f236320d4d4c99b6eb0989b94,sk_a,under,Pierre-Luc Dubois,0.5,betmgm,-160,120,oddsapi
2026-10-07T21:00:07Z,2026-10-07,PIT @ WSH,8112572f236320d4d4c99b6eb0989b94,sk_a,over,Martin Fehervary,0.5,betmgm,230,-350,oddsapi
2026-10-07T21:00:07Z,2026-10-07,PIT @ WSH,8112572f236320d4d4c99b6eb0989b94,sk_a,under,Martin Fehervary,0.5,betmgm,-350,230,oddsapi
2026-10-07T21:00:07Z,2026-10-07,PIT @ WSH,8112572f236320d4d4c99b6eb0989b94,sk_a,over,Cole Hutson,0.5,betmgm,170,-235,oddsapi
2026-10-07T21:00:07Z,2026-10-07,PIT @ WSH,8112572f236320d4d4c99b6eb0989b94,sk_a,under,Cole Hutson,0.5,betmgm,-235,170,oddsapi
2026-10-07T21:00:07Z,2026-10-07,PIT @ WSH,8112572f236320d4d4c99b6eb0989b94,sk_a,over,Erik Karlsson,0.5,betmgm,100,-135,oddsapi
2026-10-07T21:00:07Z,2026-10-07,PIT @ WSH,8112572f236320d4d4c99b6eb0989b94,sk_a,under,Erik Karlsson,0.5,betmgm,-135,100,oddsapi
2026-10-07T21:00:07Z,2026-10-07,PIT @ WSH,8112572f236320d4d4c99b6eb0989b94,sk_a,over,Ben Kindel,0.5,betmgm,260,-375,oddsapi
2026-10-07T21:00:07Z,2026-10-07,PIT @ WSH,8112572f236320d4d4c99b6eb0989b94,sk_a,under,Ben Kindel,0.5,betmgm,-375,260,oddsapi
2026-10-07T21:00:07Z,2026-10-07,PIT @ WSH,8112572f236320d4d4c99b6eb0989b94,sk_a,over,Evgeni Malkin,0.5,betmgm,125,-165,oddsapi
2026-10-07T21:00:07Z,2026-10-07,PIT @ WSH,8112572f236320d4d4c99b6eb0989b94,sk_a,under,Evgeni Malkin,0.5,betmgm,-165,125,oddsapi
2026-10-07T21:00:07Z,2026-10-07,PIT @ WSH,8112572f236320d4d4c99b6eb0989b94,sk_a,over,Alex Tuch,0.5,betmgm,165,-225,oddsapi
2026-10-07T21:00:07Z,2026-10-07,PIT @ WSH,8112572f236320d4d4c99b6eb0989b94,sk_a,under,Alex Tuch,0.5,betmgm,-225,165,oddsapi
2026-10-07T21:00:07Z,2026-10-07,PIT @ WSH,8112572f236320d4d4c99b6eb0989b94,sk_a,over,Sidney Crosby,0.5,betmgm,100,-135,oddsapi
2026-10-07T21:00:07Z,2026-10-07,PIT @ WSH,8112572f236320d4d4c99b6eb0989b94,sk_a,under,Sidney Crosby,0.5,betmgm,-135,100,oddsapi
2026-10-07T21:00:07Z,2026-10-07,PIT @ WSH,8112572f236320d4d4c99b6eb0989b94,sk_a,over,Dylan Strome,0.5,betmgm,115,-155,oddsapi
2026-10-07T21:00:07Z,2026-10-07,PIT @ WSH,8112572f236320d4d4c99b6eb0989b94,sk_a,under,Dylan Strome,0.5,betmgm,-155,115,oddsapi
2026-10-07T21:00:07Z,2026-10-07,PIT @ WSH,8112572f236320d4d4c99b6eb0989b94,sk_a,over,Justin Sourdif,0.5,betmgm,210,-300,oddsapi
2026-10-07T21:00:07Z,2026-10-07,PIT @ WSH,8112572f236320d4d4c99b6eb0989b94,sk_a,under,Justin Sourdif,0.5,betmgm,-300,210,oddsapi
2026-10-07T21:00:07Z,2026-10-07,PIT @ WSH,8112572f236320d4d4c99b6eb0989b94,sk_a,over,Ryan Leonard,0.5,betmgm,260,-375,oddsapi
2026-10-07T21:00:07Z,2026-10-07,PIT @ WSH,8112572f236320d4d4c99b6eb0989b94,sk_a,under,Ryan Leonard,0.5,betmgm,-375,260,oddsapi
2026-10-07T21:00:07Z,2026-10-07,PIT @ WSH,8112572f236320d4d4c99b6eb0989b94,sk_a,over,Hendrix Lapierre,0.5,betmgm,310,-600,oddsapi
2026-10-07T21:00:07Z,2026-10-07,PIT @ WSH,8112572f236320d4d4c99b6eb0989b94,sk_a,under,Hendrix Lapierre,0.5,betmgm,-600,310,oddsapi
2026-10-07T21:00:07Z,2026-10-07,PIT @ WSH,8112572f236320d4d4c99b6eb0989b94,sk_a,over,Ville Koivunen,0.5,betmgm,290,-525,oddsapi
2026-10-07T21:00:07Z,2026-10-07,PIT @ WSH,8112572f236320d4d4c99b6eb0989b94,sk_a,under,Ville Koivunen,0.5,betmgm,-525,290,oddsapi
2026-10-07T21:00:07Z,2026-10-07,PIT @ WSH,8112572f236320d4d4c99b6eb0989b94,sk_a,over,Nick Robertson,0.5,betmgm,325,-625,oddsapi
2026-10-07T21:00:07Z,2026-10-07,PIT @ WSH,8112572f236320d4d4c99b6eb0989b94,sk_a,under,Nick Robertson,0.5,betmgm,-625,325,oddsapi
2026-10-07T21:00:07Z,2026-10-07,PIT @ WSH,8112572f236320d4d4c99b6eb0989b94,sk_a,over,Declan Carlile,0.5,betmgm,333,-650,oddsapi
2026-10-07T21:00:07Z,2026-10-07,PIT @ WSH,8112572f236320d4d4c99b6eb0989b94,sk_a,under,Declan Carlile,0.5,betmgm,-650,333,oddsapi
2026-10-07T21:00:07Z,2026-10-07,PIT @ WSH,8112572f236320d4d4c99b6eb0989b94,sk_a,over,Timothy Liljegren,0.5,betmgm,180,-250,oddsapi
2026-10-07T21:00:07Z,2026-10-07,PIT @ WSH,8112572f236320d4d4c99b6eb0989b94,sk_a,under,Timothy Liljegren,0.5,betmgm,-250,180,oddsapi
2026-10-07T21:00:07Z,2026-10-07,PIT @ WSH,8112572f236320d4d4c99b6eb0989b94,sk_a,over,Vincent Desharnais,0.5,betmgm,290,-500,oddsapi
2026-10-07T21:00:07Z,2026-10-07,PIT @ WSH,8112572f236320d4d4c99b6eb0989b94,sk_a,under,Vincent Desharnais,0.5,betmgm,-500,290,oddsapi
2026-10-07T21:00:07Z,2026-10-07,PIT @ WSH,8112572f236320d4d4c99b6eb0989b94,sk_a,over,Kaedan Korczak,0.5,betmgm,340,-700,oddsapi
2026-10-07T21:00:07Z,2026-10-07,PIT @ WSH,8112572f236320d4d4c99b6eb0989b94,sk_a,under,Kaedan Korczak,0.5,betmgm,-700,340,oddsapi
2026-10-07T21:00:07Z,2026-10-07,PIT @ WSH,8112572f236320d4d4c99b6eb0989b94,sk_a,over,Connor Dewar,0.5,betmgm,310,-600,oddsapi
2026-10-07T21:00:07Z,2026-10-07,PIT @ WSH,8112572f236320d4d4c99b6eb0989b94,sk_a,under,Connor Dewar,0.5,betmgm,-600,310,oddsapi
2026-10-07T21:00:07Z,2026-10-07,PIT @ WSH,8112572f236320d4d4c99b6eb0989b94,sk_a,over,Boone Jenner,0.5,betmgm,240,-375,oddsapi
2026-10-07T21:00:07Z,2026-10-07,PIT @ WSH,8112572f236320d4d4c99b6eb0989b94,sk_a,under,Boone Jenner,0.5,betmgm,-375,240,oddsapi
2026-10-07T21:00:07Z,2026-10-07,PIT @ WSH,8112572f236320d4d4c99b6eb0989b94,sk_a,over,Samuel Girard,0.5,betmgm,240,-375,oddsapi
2026-10-07T21:00:07Z,2026-10-07,PIT @ WSH,8112572f236320d4d4c99b6eb0989b94,sk_a,under,Samuel Girard,0.5,betmgm,-375,240,oddsapi
2026-10-07T21:00:07Z,2026-10-07,PIT @ WSH,8112572f236320d4d4c99b6eb0989b94,sk_a,over,Blake Lizotte,0.5,betmgm,270,-450,oddsapi
2026-10-07T21:00:07Z,2026-10-07,PIT @ WSH,8112572f236320d4d4c99b6eb0989b94,sk_a,under,Blake Lizotte,0.5,betmgm,-450,270,oddsapi
2026-10-07T21:00:07Z,2026-10-07,PIT @ WSH,8112572f236320d4d4c99b6eb0989b94,sk_a,over,Bryan Rust,0.5,betmgm,240,-350,oddsapi
2026-10-07T21:00:07Z,2026-10-07,PIT @ WSH,8112572f236320d4d4c99b6eb0989b94,sk_a,under,Bryan Rust,0.5,betmgm,-350,240,oddsapi
2026-10-07T21:00:07Z,2026-10-07,PIT @ WSH,8112572f236320d4d4c99b6eb0989b94,sk_a,over,Aliaksei Protas,0.5,betmgm,200,-295,oddsapi
2026-10-07T21:00:07Z,2026-10-07,PIT @ WSH,8112572f236320d4d4c99b6eb0989b94,sk_a,under,Aliaksei Protas,0.5,betmgm,-295,200,oddsapi
2026-10-07T21:00:07Z,2026-10-07,PIT @ WSH,8112572f236320d4d4c99b6eb0989b94,sk_a,over,Dylan McIlrath,0.5,betmgm,300,-550,oddsapi
2026-10-07T21:00:07Z,2026-10-07,PIT @ WSH,8112572f236320d4d4c99b6eb0989b94,sk_a,under,Dylan McIlrath,0.5,betmgm,-550,300,oddsapi
2026-10-07T21:00:07Z,2026-10-07,PIT @ WSH,8112572f236320d4d4c99b6eb0989b94,ags,yes,Alex Ovechkin,,betmgm,185,,oddsapi
2026-10-07T21:00:07Z,2026-10-07,PIT @ WSH,8112572f236320d4d4c99b6eb0989b94,ags,yes,Alex Tuch,,betmgm,190,,oddsapi
2026-10-07T21:00:07Z,2026-10-07,PIT @ WSH,8112572f236320d4d4c99b6eb0989b94,ags,yes,Sidney Crosby,,betmgm,220,,oddsapi
2026-10-07T21:00:07Z,2026-10-07,PIT @ WSH,8112572f236320d4d4c99b6eb0989b94,ags,yes,Bryan Rust,,betmgm,230,,oddsapi
2026-10-07T21:00:07Z,2026-10-07,PIT @ WSH,8112572f236320d4d4c99b6eb0989b94,ags,yes,Tom Wilson,,betmgm,230,,oddsapi
2026-10-07T21:00:07Z,2026-10-07,PIT @ WSH,8112572f236320d4d4c99b6eb0989b94,ags,yes,Jordan Kyrou,,betmgm,250,,oddsapi
2026-10-07T21:00:07Z,2026-10-07,PIT @ WSH,8112572f236320d4d4c99b6eb0989b94,ags,yes,Rickard Rakell,,betmgm,250,,oddsapi
2026-10-07T21:00:07Z,2026-10-07,PIT @ WSH,8112572f236320d4d4c99b6eb0989b94,ags,yes,Dylan Strome,,betmgm,270,,oddsapi
2026-10-07T21:00:07Z,2026-10-07,PIT @ WSH,8112572f236320d4d4c99b6eb0989b94,ags,yes,Evgeni Malkin,,betmgm,275,,oddsapi
2026-10-07T21:00:07Z,2026-10-07,PIT @ WSH,8112572f236320d4d4c99b6eb0989b94,ags,yes,Ilya Protas,,betmgm,275,,oddsapi
2026-10-07T21:00:07Z,2026-10-07,PIT @ WSH,8112572f236320d4d4c99b6eb0989b94,ags,yes,Ryan Leonard,,betmgm,280,,oddsapi
2026-10-07T21:00:07Z,2026-10-07,PIT @ WSH,8112572f236320d4d4c99b6eb0989b94,ags,yes,Pierre-Luc Dubois,,betmgm,310,,oddsapi
2026-10-07T21:00:07Z,2026-10-07,PIT @ WSH,8112572f236320d4d4c99b6eb0989b94,ags,yes,Jakob Chychrun,,betmgm,320,,oddsapi
2026-10-07T21:00:07Z,2026-10-07,PIT @ WSH,8112572f236320d4d4c99b6eb0989b94,ags,yes,Yegor Chinakhov,,betmgm,320,,oddsapi
2026-10-07T21:00:07Z,2026-10-07,PIT @ WSH,8112572f236320d4d4c99b6eb0989b94,ags,yes,Anthony Beauvillier,,betmgm,340,,oddsapi
2026-10-07T21:00:07Z,2026-10-07,PIT @ WSH,8112572f236320d4d4c99b6eb0989b94,ags,yes,Aliaksei Protas,,betmgm,360,,oddsapi
2026-10-07T21:00:07Z,2026-10-07,PIT @ WSH,8112572f236320d4d4c99b6eb0989b94,ags,yes,Hendrix Lapierre,,betmgm,375,,oddsapi
2026-10-07T21:00:07Z,2026-10-07,PIT @ WSH,8112572f236320d4d4c99b6eb0989b94,ags,yes,Ben Kindel,,betmgm,375,,oddsapi
2026-10-07T21:00:07Z,2026-10-07,PIT @ WSH,8112572f236320d4d4c99b6eb0989b94,ags,yes,Tommy Novak,,betmgm,400,,oddsapi
2026-10-07T21:00:07Z,2026-10-07,PIT @ WSH,8112572f236320d4d4c99b6eb0989b94,ags,yes,Nick Robertson,,betmgm,500,,oddsapi
2026-10-07T21:00:07Z,2026-10-07,PIT @ WSH,8112572f236320d4d4c99b6eb0989b94,ags,yes,Cole Hutson,,betmgm,500,,oddsapi
2026-10-07T21:00:07Z,2026-10-07,PIT @ WSH,8112572f236320d4d4c99b6eb0989b94,ags,yes,Erik Karlsson,,betmgm,500,,oddsapi
2026-10-07T21:00:07Z,2026-10-07,PIT @ WSH,8112572f236320d4d4c99b6eb0989b94,ags,yes,Justin Sourdif,,betmgm,525,,oddsapi
2026-10-07T21:00:07Z,2026-10-07,PIT @ WSH,8112572f236320d4d4c99b6eb0989b94,ags,yes,Boone Jenner,,betmgm,575,,oddsapi
2026-10-07T21:00:07Z,2026-10-07,PIT @ WSH,8112572f236320d4d4c99b6eb0989b94,ags,yes,Ville Koivunen,,betmgm,575,,oddsapi
2026-10-07T21:00:07Z,2026-10-07,PIT @ WSH,8112572f236320d4d4c99b6eb0989b94,ags,yes,Connor Dewar,,betmgm,750,,oddsapi
2026-10-07T21:00:07Z,2026-10-07,PIT @ WSH,8112572f236320d4d4c99b6eb0989b94,ags,yes,Samuel Girard,,betmgm,800,,oddsapi
2026-10-07T21:00:07Z,2026-10-07,PIT @ WSH,8112572f236320d4d4c99b6eb0989b94,ags,yes,Kris Letang,,betmgm,900,,oddsapi
2026-10-07T21:00:07Z,2026-10-07,PIT @ WSH,8112572f236320d4d4c99b6eb0989b94,ags,yes,Declan Carlile,,betmgm,1000,,oddsapi
2026-10-07T21:00:07Z,2026-10-07,PIT @ WSH,8112572f236320d4d4c99b6eb0989b94,ags,yes,Martin Fehervary,,betmgm,1600,,oddsapi
2026-10-07T21:00:07Z,2026-10-07,PIT @ WSH,8112572f236320d4d4c99b6eb0989b94,ags,yes,Timothy Liljegren,,betmgm,1700,,oddsapi
2026-10-07T21:00:07Z,2026-10-07,PIT @ WSH,8112572f236320d4d4c99b6eb0989b94,ags,yes,Kaedan Korczak,,betmgm,2200,,oddsapi
2026-10-07T21:00:07Z,2026-10-07,PIT @ WSH,8112572f236320d4d4c99b6eb0989b94,fgs,yes,Alex Tuch,,betmgm,1250,,oddsapi
2026-10-07T21:00:07Z,2026-10-07,PIT @ WSH,8112572f236320d4d4c99b6eb0989b94,fgs,yes,Alex Ovechkin,,betmgm,1300,,oddsapi
2026-10-07T21:00:07Z,2026-10-07,PIT @ WSH,8112572f236320d4d4c99b6eb0989b94,fgs,yes,Sidney Crosby,,betmgm,1500,,oddsapi
2026-10-07T21:00:07Z,2026-10-07,PIT @ WSH,8112572f236320d4d4c99b6eb0989b94,fgs,yes,Bryan Rust,,betmgm,1600,,oddsapi
2026-10-07T21:00:07Z,2026-10-07,PIT @ WSH,8112572f236320d4d4c99b6eb0989b94,fgs,yes,Tom Wilson,,betmgm,1600,,oddsapi
2026-10-07T21:00:07Z,2026-10-07,PIT @ WSH,8112572f236320d4d4c99b6eb0989b94,fgs,yes,Jordan Kyrou,,betmgm,1650,,oddsapi
2026-10-07T21:00:07Z,2026-10-07,PIT @ WSH,8112572f236320d4d4c99b6eb0989b94,fgs,yes,Rickard Rakell,,betmgm,1700,,oddsapi
2026-10-07T21:00:07Z,2026-10-07,PIT @ WSH,8112572f236320d4d4c99b6eb0989b94,fgs,yes,Ilya Protas,,betmgm,1750,,oddsapi
2026-10-07T21:00:07Z,2026-10-07,PIT @ WSH,8112572f236320d4d4c99b6eb0989b94,fgs,yes,Dylan Strome,,betmgm,1800,,oddsapi
2026-10-07T21:00:07Z,2026-10-07,PIT @ WSH,8112572f236320d4d4c99b6eb0989b94,fgs,yes,Evgeni Malkin,,betmgm,1800,,oddsapi
2026-10-07T21:00:07Z,2026-10-07,PIT @ WSH,8112572f236320d4d4c99b6eb0989b94,fgs,yes,Ryan Leonard,,betmgm,1800,,oddsapi
2026-10-07T21:00:07Z,2026-10-07,PIT @ WSH,8112572f236320d4d4c99b6eb0989b94,fgs,yes,Yegor Chinakhov,,betmgm,2000,,oddsapi
2026-10-07T21:00:07Z,2026-10-07,PIT @ WSH,8112572f236320d4d4c99b6eb0989b94,fgs,yes,Jakob Chychrun,,betmgm,2000,,oddsapi
2026-10-07T21:00:07Z,2026-10-07,PIT @ WSH,8112572f236320d4d4c99b6eb0989b94,fgs,yes,Pierre-Luc Dubois,,betmgm,2000,,oddsapi
2026-10-07T21:00:07Z,2026-10-07,PIT @ WSH,8112572f236320d4d4c99b6eb0989b94,fgs,yes,Anthony Beauvillier,,betmgm,2000,,oddsapi
2026-10-07T21:00:07Z,2026-10-07,PIT @ WSH,8112572f236320d4d4c99b6eb0989b94,fgs,yes,Hendrix Lapierre,,betmgm,2200,,oddsapi
2026-10-07T21:00:07Z,2026-10-07,PIT @ WSH,8112572f236320d4d4c99b6eb0989b94,fgs,yes,Aliaksei Protas,,betmgm,2200,,oddsapi
2026-10-07T21:00:07Z,2026-10-07,PIT @ WSH,8112572f236320d4d4c99b6eb0989b94,fgs,yes,Ben Kindel,,betmgm,2200,,oddsapi
2026-10-07T21:00:07Z,2026-10-07,PIT @ WSH,8112572f236320d4d4c99b6eb0989b94,fgs,yes,Tommy Novak,,betmgm,2500,,oddsapi
2026-10-07T21:00:07Z,2026-10-07,PIT @ WSH,8112572f236320d4d4c99b6eb0989b94,fgs,yes,Nick Robertson,,betmgm,2500,,oddsapi
2026-10-07T21:00:07Z,2026-10-07,PIT @ WSH,8112572f236320d4d4c99b6eb0989b94,fgs,yes,Cole Hutson,,betmgm,2800,,oddsapi
2026-10-07T21:00:07Z,2026-10-07,PIT @ WSH,8112572f236320d4d4c99b6eb0989b94,fgs,yes,Ville Koivunen,,betmgm,3000,,oddsapi
2026-10-07T21:00:07Z,2026-10-07,PIT @ WSH,8112572f236320d4d4c99b6eb0989b94,fgs,yes,Erik Karlsson,,betmgm,3000,,oddsapi
2026-10-07T21:00:07Z,2026-10-07,PIT @ WSH,8112572f236320d4d4c99b6eb0989b94,fgs,yes,Justin Sourdif,,betmgm,3300,,oddsapi
2026-10-07T21:00:07Z,2026-10-07,PIT @ WSH,8112572f236320d4d4c99b6eb0989b94,fgs,yes,Boone Jenner,,betmgm,3500,,oddsapi
2026-10-07T21:00:07Z,2026-10-07,PIT @ WSH,8112572f236320d4d4c99b6eb0989b94,fgs,yes,Connor Dewar,,betmgm,4000,,oddsapi
2026-10-07T21:00:07Z,2026-10-07,PIT @ WSH,8112572f236320d4d4c99b6eb0989b94,fgs,yes,Kris Letang,,betmgm,4500,,oddsapi
2026-10-07T21:00:07Z,2026-10-07,PIT @ WSH,8112572f236320d4d4c99b6eb0989b94,fgs,yes,Samuel Girard,,betmgm,5000,,oddsapi
2026-10-07T21:00:07Z,2026-10-07,PIT @ WSH,8112572f236320d4d4c99b6eb0989b94,fgs,yes,Declan Carlile,,betmgm,6600,,oddsapi
2026-10-07T21:00:07Z,2026-10-07,PIT @ WSH,8112572f236320d4d4c99b6eb0989b94,fgs,yes,Martin Fehervary,,betmgm,8000,,oddsapi
2026-10-07T21:00:07Z,2026-10-07,PIT @ WSH,8112572f236320d4d4c99b6eb0989b94,fgs,yes,Timothy Liljegren,,betmgm,8000,,oddsapi
2026-10-07T21:00:07Z,2026-10-07,PIT @ WSH,8112572f236320d4d4c99b6eb0989b94,fgs,yes,Kaedan Korczak,,betmgm,10000,,oddsapi
2026-10-07T21:00:07Z,2026-10-07,PIT @ WSH,8112572f236320d4d4c99b6eb0989b94,sk_pts,over,Jakob Chychrun,0.5,betmgm,-135,100,oddsapi
2026-10-07T21:00:07Z,2026-10-07,PIT @ WSH,8112572f236320d4d4c99b6eb0989b94,sk_pts,under,Jakob Chychrun,0.5,betmgm,100,-135,oddsapi
2026-10-07T21:00:07Z,2026-10-07,PIT @ WSH,8112572f236320d4d4c99b6eb0989b94,sk_pts,over,Rickard Rakell,0.5,betmgm,-120,-110,oddsapi
2026-10-07T21:00:07Z,2026-10-07,PIT @ WSH,8112572f236320d4d4c99b6eb0989b94,sk_pts,under,Rickard Rakell,0.5,betmgm,-110,-120,oddsapi
2026-10-07T21:00:07Z,2026-10-07,PIT @ WSH,8112572f236320d4d4c99b6eb0989b94,sk_pts,over,Alex Ovechkin,0.5,betmgm,-120,-110,oddsapi
2026-10-07T21:00:07Z,2026-10-07,PIT @ WSH,8112572f236320d4d4c99b6eb0989b94,sk_pts,under,Alex Ovechkin,0.5,betmgm,-110,-120,oddsapi
2026-10-07T21:00:07Z,2026-10-07,PIT @ WSH,8112572f236320d4d4c99b6eb0989b94,sk_pts,over,Yegor Chinakhov,0.5,betmgm,125,-165,oddsapi
2026-10-07T21:00:07Z,2026-10-07,PIT @ WSH,8112572f236320d4d4c99b6eb0989b94,sk_pts,under,Yegor Chinakhov,0.5,betmgm,-165,125,oddsapi
2026-10-07T21:00:07Z,2026-10-07,PIT @ WSH,8112572f236320d4d4c99b6eb0989b94,sk_pts,over,Alex Tuch,0.5,betmgm,-145,105,oddsapi
2026-10-07T21:00:07Z,2026-10-07,PIT @ WSH,8112572f236320d4d4c99b6eb0989b94,sk_pts,under,Alex Tuch,0.5,betmgm,105,-145,oddsapi
2026-10-07T21:00:07Z,2026-10-07,PIT @ WSH,8112572f236320d4d4c99b6eb0989b94,sk_pts,over,Kris Letang,0.5,betmgm,150,-210,oddsapi
2026-10-07T21:00:07Z,2026-10-07,PIT @ WSH,8112572f236320d4d4c99b6eb0989b94,sk_pts,under,Kris Letang,0.5,betmgm,-210,150,oddsapi
2026-10-07T21:00:07Z,2026-10-07,PIT @ WSH,8112572f236320d4d4c99b6eb0989b94,sk_pts,over,Sidney Crosby,0.5,betmgm,-190,138,oddsapi
2026-10-07T21:00:07Z,2026-10-07,PIT @ WSH,8112572f236320d4d4c99b6eb0989b94,sk_pts,under,Sidney Crosby,0.5,betmgm,138,-190,oddsapi
2026-10-07T21:00:07Z,2026-10-07,PIT @ WSH,8112572f236320d4d4c99b6eb0989b94,sk_pts,over,Pierre-Luc Dubois,0.5,betmgm,-145,105,oddsapi
2026-10-07T21:00:07Z,2026-10-07,PIT @ WSH,8112572f236320d4d4c99b6eb0989b94,sk_pts,under,Pierre-Luc Dubois,0.5,betmgm,105,-145,oddsapi
2026-10-07T21:00:07Z,2026-10-07,PIT @ WSH,8112572f236320d4d4c99b6eb0989b94,sk_pts,over,Tommy Novak,0.5,betmgm,115,-155,oddsapi
2026-10-07T21:00:07Z,2026-10-07,PIT @ WSH,8112572f236320d4d4c99b6eb0989b94,sk_pts,under,Tommy Novak,0.5,betmgm,-155,115,oddsapi
2026-10-07T21:00:07Z,2026-10-07,PIT @ WSH,8112572f236320d4d4c99b6eb0989b94,sk_pts,over,Anthony Beauvillier,0.5,betmgm,155,-210,oddsapi
2026-10-07T21:00:07Z,2026-10-07,PIT @ WSH,8112572f236320d4d4c99b6eb0989b94,sk_pts,under,Anthony Beauvillier,0.5,betmgm,-210,155,oddsapi
2026-10-07T21:00:07Z,2026-10-07,PIT @ WSH,8112572f236320d4d4c99b6eb0989b94,sk_pts,over,Erik Karlsson,0.5,betmgm,-145,105,oddsapi
2026-10-07T21:00:07Z,2026-10-07,PIT @ WSH,8112572f236320d4d4c99b6eb0989b94,sk_pts,under,Erik Karlsson,0.5,betmgm,105,-145,oddsapi
2026-10-07T21:00:07Z,2026-10-07,PIT @ WSH,8112572f236320d4d4c99b6eb0989b94,sk_pts,over,Ilya Protas,0.5,betmgm,130,-175,oddsapi
2026-10-07T21:00:07Z,2026-10-07,PIT @ WSH,8112572f236320d4d4c99b6eb0989b94,sk_pts,under,Ilya Protas,0.5,betmgm,-175,130,oddsapi
2026-10-07T21:00:07Z,2026-10-07,PIT @ WSH,8112572f236320d4d4c99b6eb0989b94,sk_pts,over,Dylan Strome,0.5,betmgm,-155,115,oddsapi
2026-10-07T21:00:07Z,2026-10-07,PIT @ WSH,8112572f236320d4d4c99b6eb0989b94,sk_pts,under,Dylan Strome,0.5,betmgm,115,-155,oddsapi
2026-10-07T21:00:07Z,2026-10-07,PIT @ WSH,8112572f236320d4d4c99b6eb0989b94,sk_pts,over,Evgeni Malkin,0.5,betmgm,-135,100,oddsapi
2026-10-07T21:00:07Z,2026-10-07,PIT @ WSH,8112572f236320d4d4c99b6eb0989b94,sk_pts,under,Evgeni Malkin,0.5,betmgm,100,-135,oddsapi
2026-10-07T21:00:07Z,2026-10-07,PIT @ WSH,8112572f236320d4d4c99b6eb0989b94,sk_pts,over,Cole Hutson,0.5,betmgm,110,-150,oddsapi
2026-10-07T21:00:07Z,2026-10-07,PIT @ WSH,8112572f236320d4d4c99b6eb0989b94,sk_pts,under,Cole Hutson,0.5,betmgm,-150,110,oddsapi
2026-10-07T21:00:07Z,2026-10-07,PIT @ WSH,8112572f236320d4d4c99b6eb0989b94,sk_pts,over,Tom Wilson,0.5,betmgm,-140,105,oddsapi
2026-10-07T21:00:07Z,2026-10-07,PIT @ WSH,8112572f236320d4d4c99b6eb0989b94,sk_pts,under,Tom Wilson,0.5,betmgm,105,-140,oddsapi
2026-10-07T21:00:07Z,2026-10-07,PIT @ WSH,8112572f236320d4d4c99b6eb0989b94,sk_pts,over,Jordan Kyrou,0.5,betmgm,110,-150,oddsapi
2026-10-07T21:00:07Z,2026-10-07,PIT @ WSH,8112572f236320d4d4c99b6eb0989b94,sk_pts,under,Jordan Kyrou,0.5,betmgm,-150,110,oddsapi
2026-10-07T21:00:07Z,2026-10-07,PIT @ WSH,8112572f236320d4d4c99b6eb0989b94,sk_pts,over,Trevor van Riemsdyk,0.5,betmgm,240,-375,oddsapi
2026-10-07T21:00:07Z,2026-10-07,PIT @ WSH,8112572f236320d4d4c99b6eb0989b94,sk_pts,under,Trevor van Riemsdyk,0.5,betmgm,-375,240,oddsapi
2026-10-07T21:00:07Z,2026-10-07,PIT @ WSH,8112572f236320d4d4c99b6eb0989b94,sk_pts,over,Ben Kindel,0.5,betmgm,140,-190,oddsapi
2026-10-07T21:00:07Z,2026-10-07,PIT @ WSH,8112572f236320d4d4c99b6eb0989b94,sk_pts,under,Ben Kindel,0.5,betmgm,-190,140,oddsapi
2026-10-07T21:00:07Z,2026-10-07,PIT @ WSH,8112572f236320d4d4c99b6eb0989b94,sk_pts,over,Martin Fehervary,0.5,betmgm,200,-295,oddsapi
2026-10-07T21:00:07Z,2026-10-07,PIT @ WSH,8112572f236320d4d4c99b6eb0989b94,sk_pts,under,Martin Fehervary,0.5,betmgm,-295,200,oddsapi
2026-10-07T21:00:07Z,2026-10-07,PIT @ WSH,8112572f236320d4d4c99b6eb0989b94,sk_pts,over,Ryan Leonard,0.5,betmgm,140,-190,oddsapi
2026-10-07T21:00:07Z,2026-10-07,PIT @ WSH,8112572f236320d4d4c99b6eb0989b94,sk_pts,under,Ryan Leonard,0.5,betmgm,-190,140,oddsapi
2026-10-07T21:00:07Z,2026-10-07,PIT @ WSH,8112572f236320d4d4c99b6eb0989b94,sk_pts,over,Justin Sourdif,0.5,betmgm,155,-210,oddsapi
2026-10-07T21:00:07Z,2026-10-07,PIT @ WSH,8112572f236320d4d4c99b6eb0989b94,sk_pts,under,Justin Sourdif,0.5,betmgm,-210,155,oddsapi
2026-10-07T21:00:07Z,2026-10-07,PIT @ WSH,8112572f236320d4d4c99b6eb0989b94,sk_pts,over,Hendrix Lapierre,0.5,betmgm,195,-275,oddsapi
2026-10-07T21:00:07Z,2026-10-07,PIT @ WSH,8112572f236320d4d4c99b6eb0989b94,sk_pts,under,Hendrix Lapierre,0.5,betmgm,-275,195,oddsapi
2026-10-07T21:00:07Z,2026-10-07,PIT @ WSH,8112572f236320d4d4c99b6eb0989b94,sk_pts,over,Ville Koivunen,0.5,betmgm,210,-300,oddsapi
2026-10-07T21:00:07Z,2026-10-07,PIT @ WSH,8112572f236320d4d4c99b6eb0989b94,sk_pts,under,Ville Koivunen,0.5,betmgm,-300,210,oddsapi
2026-10-07T21:00:07Z,2026-10-07,PIT @ WSH,8112572f236320d4d4c99b6eb0989b94,sk_pts,over,Nick Robertson,0.5,betmgm,190,-275,oddsapi
2026-10-07T21:00:07Z,2026-10-07,PIT @ WSH,8112572f236320d4d4c99b6eb0989b94,sk_pts,under,Nick Robertson,0.5,betmgm,-275,190,oddsapi
2026-10-07T21:00:07Z,2026-10-07,PIT @ WSH,8112572f236320d4d4c99b6eb0989b94,sk_pts,over,Boone Jenner,0.5,betmgm,165,-220,oddsapi
2026-10-07T21:00:07Z,2026-10-07,PIT @ WSH,8112572f236320d4d4c99b6eb0989b94,sk_pts,under,Boone Jenner,0.5,betmgm,-220,165,oddsapi
2026-10-07T21:00:07Z,2026-10-07,PIT @ WSH,8112572f236320d4d4c99b6eb0989b94,sk_pts,over,Bryan Rust,0.5,betmgm,-120,-111,oddsapi
2026-10-07T21:00:07Z,2026-10-07,PIT @ WSH,8112572f236320d4d4c99b6eb0989b94,sk_pts,under,Bryan Rust,0.5,betmgm,-111,-120,oddsapi
2026-10-07T21:00:07Z,2026-10-07,PIT @ WSH,8112572f236320d4d4c99b6eb0989b94,sk_pts,over,Declan Carlile,0.5,betmgm,270,-450,oddsapi
2026-10-07T21:00:07Z,2026-10-07,PIT @ WSH,8112572f236320d4d4c99b6eb0989b94,sk_pts,under,Declan Carlile,0.5,betmgm,-450,270,oddsapi
2026-10-07T21:00:07Z,2026-10-07,PIT @ WSH,8112572f236320d4d4c99b6eb0989b94,sk_pts,over,Kaedan Korczak,0.5,betmgm,310,-600,oddsapi
2026-10-07T21:00:07Z,2026-10-07,PIT @ WSH,8112572f236320d4d4c99b6eb0989b94,sk_pts,under,Kaedan Korczak,0.5,betmgm,-600,310,oddsapi
2026-10-07T21:00:07Z,2026-10-07,PIT @ WSH,8112572f236320d4d4c99b6eb0989b94,sk_pts,over,Blake Lizotte,0.5,betmgm,188,-275,oddsapi
2026-10-07T21:00:07Z,2026-10-07,PIT @ WSH,8112572f236320d4d4c99b6eb0989b94,sk_pts,under,Blake Lizotte,0.5,betmgm,-275,188,oddsapi
2026-10-07T21:00:07Z,2026-10-07,PIT @ WSH,8112572f236320d4d4c99b6eb0989b94,sk_pts,over,Timothy Liljegren,0.5,betmgm,175,-235,oddsapi
2026-10-07T21:00:07Z,2026-10-07,PIT @ WSH,8112572f236320d4d4c99b6eb0989b94,sk_pts,under,Timothy Liljegren,0.5,betmgm,-235,175,oddsapi
2026-10-07T21:00:07Z,2026-10-07,PIT @ WSH,8112572f236320d4d4c99b6eb0989b94,sk_pts,over,Vincent Desharnais,0.5,betmgm,250,-400,oddsapi
2026-10-07T21:00:07Z,2026-10-07,PIT @ WSH,8112572f236320d4d4c99b6eb0989b94,sk_pts,under,Vincent Desharnais,0.5,betmgm,-400,250,oddsapi
2026-10-07T21:00:07Z,2026-10-07,PIT @ WSH,8112572f236320d4d4c99b6eb0989b94,sk_pts,over,Connor Dewar,0.5,betmgm,200,-295,oddsapi
2026-10-07T21:00:07Z,2026-10-07,PIT @ WSH,8112572f236320d4d4c99b6eb0989b94,sk_pts,under,Connor Dewar,0.5,betmgm,-295,200,oddsapi
2026-10-07T21:00:07Z,2026-10-07,PIT @ WSH,8112572f236320d4d4c99b6eb0989b94,sk_pts,over,Samuel Girard,0.5,betmgm,210,-300,oddsapi
2026-10-07T21:00:07Z,2026-10-07,PIT @ WSH,8112572f236320d4d4c99b6eb0989b94,sk_pts,under,Samuel Girard,0.5,betmgm,-300,210,oddsapi
2026-10-07T21:00:07Z,2026-10-07,PIT @ WSH,8112572f236320d4d4c99b6eb0989b94,sk_pts,over,Aliaksei Protas,0.5,betmgm,125,-165,oddsapi
2026-10-07T21:00:07Z,2026-10-07,PIT @ WSH,8112572f236320d4d4c99b6eb0989b94,sk_pts,under,Aliaksei Protas,0.5,betmgm,-165,125,oddsapi
2026-10-07T21:00:07Z,2026-10-07,PIT @ WSH,8112572f236320d4d4c99b6eb0989b94,sk_pts,over,Dylan McIlrath,0.5,betmgm,250,-400,oddsapi
2026-10-07T21:00:07Z,2026-10-07,PIT @ WSH,8112572f236320d4d4c99b6eb0989b94,sk_pts,under,Dylan McIlrath,0.5,betmgm,-400,250,oddsapi
2026-10-07T21:00:07Z,2026-10-07,PIT @ WSH,8112572f236320d4d4c99b6eb0989b94,sk_ppp,over,Sidney Crosby,0.5,betmgm,220,-325,oddsapi
2026-10-07T21:00:07Z,2026-10-07,PIT @ WSH,8112572f236320d4d4c99b6eb0989b94,sk_ppp,under,Sidney Crosby,0.5,betmgm,-325,220,oddsapi
2026-10-07T21:00:07Z,2026-10-07,PIT @ WSH,8112572f236320d4d4c99b6eb0989b94,sk_ppp,over,Rickard Rakell,0.5,betmgm,280,-450,oddsapi
2026-10-07T21:00:07Z,2026-10-07,PIT @ WSH,8112572f236320d4d4c99b6eb0989b94,sk_ppp,under,Rickard Rakell,0.5,betmgm,-450,280,oddsapi
2026-10-07T21:00:07Z,2026-10-07,PIT @ WSH,8112572f236320d4d4c99b6eb0989b94,sk_ppp,over,Yegor Chinakhov,0.5,betmgm,380,-1400,oddsapi
2026-10-07T21:00:07Z,2026-10-07,PIT @ WSH,8112572f236320d4d4c99b6eb0989b94,sk_ppp,under,Yegor Chinakhov,0.5,betmgm,-1400,380,oddsapi
2026-10-07T21:00:07Z,2026-10-07,PIT @ WSH,8112572f236320d4d4c99b6eb0989b94,sk_ppp,over,Tommy Novak,0.5,betmgm,375,-1000,oddsapi
2026-10-07T21:00:07Z,2026-10-07,PIT @ WSH,8112572f236320d4d4c99b6eb0989b94,sk_ppp,under,Tommy Novak,0.5,betmgm,-1000,375,oddsapi
2026-10-07T21:00:07Z,2026-10-07,PIT @ WSH,8112572f236320d4d4c99b6eb0989b94,sk_ppp,over,Dylan Strome,0.5,betmgm,240,-375,oddsapi
2026-10-07T21:00:07Z,2026-10-07,PIT @ WSH,8112572f236320d4d4c99b6eb0989b94,sk_ppp,under,Dylan Strome,0.5,betmgm,-375,240,oddsapi
2026-10-07T21:00:07Z,2026-10-07,PIT @ WSH,8112572f236320d4d4c99b6eb0989b94,sk_ppp,over,Alex Ovechkin,0.5,betmgm,220,-325,oddsapi
2026-10-07T21:00:07Z,2026-10-07,PIT @ WSH,8112572f236320d4d4c99b6eb0989b94,sk_ppp,under,Alex Ovechkin,0.5,betmgm,-325,220,oddsapi
2026-10-07T21:00:07Z,2026-10-07,PIT @ WSH,8112572f236320d4d4c99b6eb0989b94,sk_ppp,over,Jakob Chychrun,0.5,betmgm,195,-275,oddsapi
2026-10-07T21:00:07Z,2026-10-07,PIT @ WSH,8112572f236320d4d4c99b6eb0989b94,sk_ppp,under,Jakob Chychrun,0.5,betmgm,-275,195,oddsapi
2026-10-07T21:00:07Z,2026-10-07,PIT @ WSH,8112572f236320d4d4c99b6eb0989b94,sk_ppp,over,Tom Wilson,0.5,betmgm,290,-500,oddsapi
2026-10-07T21:00:07Z,2026-10-07,PIT @ WSH,8112572f236320d4d4c99b6eb0989b94,sk_ppp,under,Tom Wilson,0.5,betmgm,-500,290,oddsapi
2026-10-07T21:00:07Z,2026-10-07,PIT @ WSH,8112572f236320d4d4c99b6eb0989b94,sk_ppp,over,Evgeni Malkin,0.5,betmgm,200,-295,oddsapi
2026-10-07T21:00:07Z,2026-10-07,PIT @ WSH,8112572f236320d4d4c99b6eb0989b94,sk_ppp,under,Evgeni Malkin,0.5,betmgm,-295,200,oddsapi
2026-10-07T21:00:07Z,2026-10-07,PIT @ WSH,8112572f236320d4d4c99b6eb0989b94,sk_ppp,over,Erik Karlsson,0.5,betmgm,290,-500,oddsapi
2026-10-07T21:00:07Z,2026-10-07,PIT @ WSH,8112572f236320d4d4c99b6eb0989b94,sk_ppp,under,Erik Karlsson,0.5,betmgm,-500,290,oddsapi
2026-10-07T21:00:07Z,2026-10-07,PIT @ WSH,8112572f236320d4d4c99b6eb0989b94,sk_ppp,over,Pierre-Luc Dubois,0.5,betmgm,240,-350,oddsapi
2026-10-07T21:00:07Z,2026-10-07,PIT @ WSH,8112572f236320d4d4c99b6eb0989b94,sk_ppp,under,Pierre-Luc Dubois,0.5,betmgm,-350,240,oddsapi
2026-10-07T21:00:07Z,2026-10-07,PIT @ WSH,8112572f236320d4d4c99b6eb0989b94,sk_ppp,over,Jordan Kyrou,0.5,betmgm,325,-500,oddsapi
2026-10-07T21:00:07Z,2026-10-07,PIT @ WSH,8112572f236320d4d4c99b6eb0989b94,sk_ppp,under,Jordan Kyrou,0.5,betmgm,-500,325,oddsapi
2026-10-07T21:00:07Z,2026-10-07,PIT @ WSH,8112572f236320d4d4c99b6eb0989b94,sk_ppp,over,Justin Sourdif,0.5,betmgm,360,-700,oddsapi
2026-10-07T21:00:07Z,2026-10-07,PIT @ WSH,8112572f236320d4d4c99b6eb0989b94,sk_ppp,under,Justin Sourdif,0.5,betmgm,-700,360,oddsapi
2026-10-07T21:00:07Z,2026-10-07,PIT @ WSH,8112572f236320d4d4c99b6eb0989b94,sk_ppp,over,Bryan Rust,0.5,betmgm,310,-550,oddsapi
2026-10-07T21:00:07Z,2026-10-07,PIT @ WSH,8112572f236320d4d4c99b6eb0989b94,sk_ppp,under,Bryan Rust,0.5,betmgm,-550,310,oddsapi
2026-10-07T21:00:07Z,2026-10-07,PIT @ WSH,8112572f236320d4d4c99b6eb0989b94,sk_sog,over,Evgeni Malkin,1.5,betmgm,-200,130,oddsapi
2026-10-07T21:00:07Z,2026-10-07,PIT @ WSH,8112572f236320d4d4c99b6eb0989b94,sk_sog,under,Evgeni Malkin,1.5,betmgm,130,-200,oddsapi
2026-10-07T21:00:07Z,2026-10-07,PIT @ WSH,8112572f236320d4d4c99b6eb0989b94,sk_sog,over,Alex Ovechkin,2.5,betmgm,-130,-111,oddsapi
2026-10-07T21:00:07Z,2026-10-07,PIT @ WSH,8112572f236320d4d4c99b6eb0989b94,sk_sog,under,Alex Ovechkin,2.5,betmgm,-111,-130,oddsapi
2026-10-07T21:00:07Z,2026-10-07,PIT @ WSH,8112572f236320d4d4c99b6eb0989b94,sk_sog,over,Alex Tuch,1.5,betmgm,-300,150,oddsapi
2026-10-07T21:00:07Z,2026-10-07,PIT @ WSH,8112572f236320d4d4c99b6eb0989b94,sk_sog,under,Alex Tuch,1.5,betmgm,150,-300,oddsapi
2026-10-07T21:00:07Z,2026-10-07,PIT @ WSH,8112572f236320d4d4c99b6eb0989b94,sk_sog,over,Jakob Chychrun,2.5,betmgm,-110,-135,oddsapi
2026-10-07T21:00:07Z,2026-10-07,PIT @ WSH,8112572f236320d4d4c99b6eb0989b94,sk_sog,under,Jakob Chychrun,2.5,betmgm,-135,-110,oddsapi
2026-10-07T21:00:07Z,2026-10-07,PIT @ WSH,8112572f236320d4d4c99b6eb0989b94,sk_sog,over,Kris Letang,1.5,betmgm,100,-145,oddsapi
2026-10-07T21:00:07Z,2026-10-07,PIT @ WSH,8112572f236320d4d4c99b6eb0989b94,sk_sog,under,Kris Letang,1.5,betmgm,-145,100,oddsapi
2026-10-07T21:00:07Z,2026-10-07,PIT @ WSH,8112572f236320d4d4c99b6eb0989b94,sk_sog,over,Rickard Rakell,2.5,betmgm,115,-165,oddsapi
2026-10-07T21:00:07Z,2026-10-07,PIT @ WSH,8112572f236320d4d4c99b6eb0989b94,sk_sog,under,Rickard Rakell,2.5,betmgm,-165,115,oddsapi
2026-10-07T21:00:07Z,2026-10-07,PIT @ WSH,8112572f236320d4d4c99b6eb0989b94,sk_sog,over,Sidney Crosby,2.5,betmgm,120,-175,oddsapi
2026-10-07T21:00:07Z,2026-10-07,PIT @ WSH,8112572f236320d4d4c99b6eb0989b94,sk_sog,under,Sidney Crosby,2.5,betmgm,-175,120,oddsapi
2026-10-07T21:00:07Z,2026-10-07,PIT @ WSH,8112572f236320d4d4c99b6eb0989b94,sk_sog,over,Tommy Novak,1.5,betmgm,-115,-125,oddsapi
2026-10-07T21:00:07Z,2026-10-07,PIT @ WSH,8112572f236320d4d4c99b6eb0989b94,sk_sog,under,Tommy Novak,1.5,betmgm,-125,-115,oddsapi
2026-10-07T21:00:07Z,2026-10-07,PIT @ WSH,8112572f236320d4d4c99b6eb0989b94,sk_sog,over,Anthony Beauvillier,1.5,betmgm,100,-145,oddsapi
2026-10-07T21:00:07Z,2026-10-07,PIT @ WSH,8112572f236320d4d4c99b6eb0989b94,sk_sog,under,Anthony Beauvillier,1.5,betmgm,-145,100,oddsapi
2026-10-07T21:00:07Z,2026-10-07,PIT @ WSH,8112572f236320d4d4c99b6eb0989b94,sk_sog,over,Tom Wilson,1.5,betmgm,-200,135,oddsapi
2026-10-07T21:00:07Z,2026-10-07,PIT @ WSH,8112572f236320d4d4c99b6eb0989b94,sk_sog,under,Tom Wilson,1.5,betmgm,135,-200,oddsapi
2026-10-07T21:00:07Z,2026-10-07,PIT @ WSH,8112572f236320d4d4c99b6eb0989b94,sk_sog,over,Dylan Strome,1.5,betmgm,-135,-110,oddsapi
2026-10-07T21:00:07Z,2026-10-07,PIT @ WSH,8112572f236320d4d4c99b6eb0989b94,sk_sog,under,Dylan Strome,1.5,betmgm,-110,-135,oddsapi
2026-10-07T21:00:07Z,2026-10-07,PIT @ WSH,8112572f236320d4d4c99b6eb0989b94,sk_sog,over,Pierre-Luc Dubois,1.5,betmgm,-145,100,oddsapi
2026-10-07T21:00:07Z,2026-10-07,PIT @ WSH,8112572f236320d4d4c99b6eb0989b94,sk_sog,under,Pierre-Luc Dubois,1.5,betmgm,100,-145,oddsapi
2026-10-07T21:00:07Z,2026-10-07,PIT @ WSH,8112572f236320d4d4c99b6eb0989b94,sk_sog,over,Jordan Kyrou,1.5,betmgm,-175,120,oddsapi
2026-10-07T21:00:07Z,2026-10-07,PIT @ WSH,8112572f236320d4d4c99b6eb0989b94,sk_sog,under,Jordan Kyrou,1.5,betmgm,120,-175,oddsapi
2026-10-07T21:00:07Z,2026-10-07,PIT @ WSH,8112572f236320d4d4c99b6eb0989b94,sk_sog,over,Erik Karlsson,2.5,betmgm,105,-155,oddsapi
2026-10-07T21:00:07Z,2026-10-07,PIT @ WSH,8112572f236320d4d4c99b6eb0989b94,sk_sog,under,Erik Karlsson,2.5,betmgm,-155,105,oddsapi
2026-10-07T21:00:07Z,2026-10-07,PIT @ WSH,8112572f236320d4d4c99b6eb0989b94,sk_sog,over,Ben Kindel,1.5,betmgm,-165,115,oddsapi
2026-10-07T21:00:07Z,2026-10-07,PIT @ WSH,8112572f236320d4d4c99b6eb0989b94,sk_sog,under,Ben Kindel,1.5,betmgm,115,-165,oddsapi
2026-10-07T21:00:07Z,2026-10-07,PIT @ WSH,8112572f236320d4d4c99b6eb0989b94,sk_sog,over,Ryan Leonard,1.5,betmgm,-115,-125,oddsapi
2026-10-07T21:00:07Z,2026-10-07,PIT @ WSH,8112572f236320d4d4c99b6eb0989b94,sk_sog,under,Ryan Leonard,1.5,betmgm,-125,-115,oddsapi
2026-10-07T21:00:07Z,2026-10-07,PIT @ WSH,8112572f236320d4d4c99b6eb0989b94,sk_sog,over,Justin Sourdif,1.5,betmgm,115,-165,oddsapi
2026-10-07T21:00:07Z,2026-10-07,PIT @ WSH,8112572f236320d4d4c99b6eb0989b94,sk_sog,under,Justin Sourdif,1.5,betmgm,-165,115,oddsapi
2026-10-07T21:00:07Z,2026-10-07,PIT @ WSH,8112572f236320d4d4c99b6eb0989b94,sk_sog,over,Nick Robertson,1.5,betmgm,-105,-140,oddsapi
2026-10-07T21:00:07Z,2026-10-07,PIT @ WSH,8112572f236320d4d4c99b6eb0989b94,sk_sog,under,Nick Robertson,1.5,betmgm,-140,-105,oddsapi
2026-10-07T21:00:07Z,2026-10-07,PIT @ WSH,8112572f236320d4d4c99b6eb0989b94,sk_sog,over,Boone Jenner,1.5,betmgm,-110,-135,oddsapi
2026-10-07T21:00:07Z,2026-10-07,PIT @ WSH,8112572f236320d4d4c99b6eb0989b94,sk_sog,under,Boone Jenner,1.5,betmgm,-135,-110,oddsapi
2026-10-07T21:00:07Z,2026-10-07,PIT @ WSH,8112572f236320d4d4c99b6eb0989b94,sk_sog,over,Connor Dewar,1.5,betmgm,-105,-140,oddsapi
2026-10-07T21:00:07Z,2026-10-07,PIT @ WSH,8112572f236320d4d4c99b6eb0989b94,sk_sog,under,Connor Dewar,1.5,betmgm,-140,-105,oddsapi
2026-10-07T21:00:07Z,2026-10-07,PIT @ WSH,8112572f236320d4d4c99b6eb0989b94,sk_sog,over,Bryan Rust,2.5,betmgm,-120,-120,oddsapi
2026-10-07T21:00:07Z,2026-10-07,PIT @ WSH,8112572f236320d4d4c99b6eb0989b94,sk_sog,under,Bryan Rust,2.5,betmgm,-120,-120,oddsapi
2026-10-07T21:00:07Z,2026-10-07,PIT @ WSH,8112572f236320d4d4c99b6eb0989b94,sk_sog,over,Aliaksei Protas,1.5,betmgm,110,-160,oddsapi
2026-10-07T21:00:07Z,2026-10-07,PIT @ WSH,8112572f236320d4d4c99b6eb0989b94,sk_sog,under,Aliaksei Protas,1.5,betmgm,-160,110,oddsapi
2026-10-07T21:00:07Z,2026-10-07,PIT @ WSH,8112572f236320d4d4c99b6eb0989b94,sk_sog,over,Yegor Chinakhov,1.5,betmgm,-235,135,oddsapi
2026-10-07T21:00:07Z,2026-10-07,PIT @ WSH,8112572f236320d4d4c99b6eb0989b94,sk_sog,under,Yegor Chinakhov,1.5,betmgm,135,-235,oddsapi
2026-10-07T21:00:07Z,2026-10-07,PIT @ WSH,8112572f236320d4d4c99b6eb0989b94,sk_sog,over,Cole Hutson,1.5,betmgm,-111,-130,oddsapi
2026-10-07T21:00:07Z,2026-10-07,PIT @ WSH,8112572f236320d4d4c99b6eb0989b94,sk_sog,under,Cole Hutson,1.5,betmgm,-130,-111,oddsapi
2026-10-07T21:00:07Z,2026-10-07,PIT @ WSH,8112572f236320d4d4c99b6eb0989b94,sk_sog,over,Ilya Protas,1.5,betmgm,125,-190,oddsapi
2026-10-07T21:00:07Z,2026-10-07,PIT @ WSH,8112572f236320d4d4c99b6eb0989b94,sk_sog,under,Ilya Protas,1.5,betmgm,-190,125,oddsapi
2026-10-07T21:00:07Z,2026-10-07,PIT @ WSH,8112572f236320d4d4c99b6eb0989b94,p1_pl,PIT,,-1.5,betmgm,625,-1200,oddsapi
2026-10-07T21:00:07Z,2026-10-07,PIT @ WSH,8112572f236320d4d4c99b6eb0989b94,p1_pl,WSH,,1.5,betmgm,-1200,625,oddsapi
2026-10-07T21:00:07Z,2026-10-07,PIT @ WSH,8112572f236320d4d4c99b6eb0989b94,p2_pl,PIT,,-1.5,betmgm,550,-1200,oddsapi
2026-10-07T21:00:07Z,2026-10-07,PIT @ WSH,8112572f236320d4d4c99b6eb0989b94,p2_pl,WSH,,1.5,betmgm,-1200,550,oddsapi
2026-10-07T21:00:07Z,2026-10-07,PIT @ WSH,8112572f236320d4d4c99b6eb0989b94,p3_pl,PIT,,2,betmgm,-2000,700,oddsapi
2026-10-07T21:00:07Z,2026-10-07,PIT @ WSH,8112572f236320d4d4c99b6eb0989b94,p3_pl,WSH,,-2,betmgm,700,-2000,oddsapi
2026-10-07T21:00:07Z,2026-10-07,PIT @ WSH,8112572f236320d4d4c99b6eb0989b94,team_total,over,PIT,3,betmgm,105,-145,oddsapi
2026-10-07T21:00:07Z,2026-10-07,PIT @ WSH,8112572f236320d4d4c99b6eb0989b94,team_total,under,PIT,3,betmgm,-145,105,oddsapi
2026-10-07T21:00:07Z,2026-10-07,PIT @ WSH,8112572f236320d4d4c99b6eb0989b94,team_total,over,WSH,3.5,betmgm,-115,-120,oddsapi
2026-10-07T21:00:07Z,2026-10-07,PIT @ WSH,8112572f236320d4d4c99b6eb0989b94,team_total,under,WSH,3.5,betmgm,-120,-115,oddsapi
2026-10-07T21:00:07Z,2026-10-07,PIT @ WSH,8112572f236320d4d4c99b6eb0989b94,p1_total,over,,2.5,betmgm,200,-275,oddsapi
2026-10-07T21:00:07Z,2026-10-07,PIT @ WSH,8112572f236320d4d4c99b6eb0989b94,p1_total,under,,2.5,betmgm,-275,200,oddsapi
2026-10-07T21:00:07Z,2026-10-07,PIT @ WSH,8112572f236320d4d4c99b6eb0989b94,p2_total,over,,3,betmgm,300,-475,oddsapi
2026-10-07T21:00:07Z,2026-10-07,PIT @ WSH,8112572f236320d4d4c99b6eb0989b94,p2_total,under,,3,betmgm,-475,300,oddsapi
2026-10-07T21:00:07Z,2026-10-07,PIT @ WSH,8112572f236320d4d4c99b6eb0989b94,p3_total,over,,3,betmgm,260,-400,oddsapi
2026-10-07T21:00:07Z,2026-10-07,PIT @ WSH,8112572f236320d4d4c99b6eb0989b94,p3_total,under,,3,betmgm,-400,260,oddsapi
2026-10-07T21:00:07Z,2026-10-07,PIT @ WSH,8112572f236320d4d4c99b6eb0989b94,game_pl_alt,PIT,,1.5,fanduel,-190,146,oddsapi
2026-10-07T21:00:07Z,2026-10-07,PIT @ WSH,8112572f236320d4d4c99b6eb0989b94,game_pl_alt,PIT,,2.5,fanduel,-340,240,oddsapi
2026-10-07T21:00:07Z,2026-10-07,PIT @ WSH,8112572f236320d4d4c99b6eb0989b94,game_pl_alt,PIT,,3.5,fanduel,-1250,630,oddsapi
2026-10-07T21:00:07Z,2026-10-07,PIT @ WSH,8112572f236320d4d4c99b6eb0989b94,game_pl_alt,PIT,,4.5,fanduel,-3500,1460,oddsapi
2026-10-07T21:00:07Z,2026-10-07,PIT @ WSH,8112572f236320d4d4c99b6eb0989b94,game_pl_alt,PIT,,5.5,fanduel,-8000,3200,oddsapi
2026-10-07T21:00:07Z,2026-10-07,PIT @ WSH,8112572f236320d4d4c99b6eb0989b94,game_pl_alt,PIT,,6.5,fanduel,-20000,,oddsapi
2026-10-07T21:00:07Z,2026-10-07,PIT @ WSH,8112572f236320d4d4c99b6eb0989b94,game_pl_alt,PIT,,-1.5,fanduel,310,-450,oddsapi
2026-10-07T21:00:07Z,2026-10-07,PIT @ WSH,8112572f236320d4d4c99b6eb0989b94,game_pl_alt,PIT,,-2.5,fanduel,510,-850,oddsapi
2026-10-07T21:00:07Z,2026-10-07,PIT @ WSH,8112572f236320d4d4c99b6eb0989b94,game_pl_alt,PIT,,-3.5,fanduel,1400,-3000,oddsapi
2026-10-07T21:00:07Z,2026-10-07,PIT @ WSH,8112572f236320d4d4c99b6eb0989b94,game_pl_alt,PIT,,-4.5,fanduel,4000,-8000,oddsapi
2026-10-07T21:00:07Z,2026-10-07,PIT @ WSH,8112572f236320d4d4c99b6eb0989b94,game_pl_alt,WSH,,1.5,fanduel,-450,310,oddsapi
2026-10-07T21:00:07Z,2026-10-07,PIT @ WSH,8112572f236320d4d4c99b6eb0989b94,game_pl_alt,WSH,,2.5,fanduel,-850,510,oddsapi
2026-10-07T21:00:07Z,2026-10-07,PIT @ WSH,8112572f236320d4d4c99b6eb0989b94,game_pl_alt,WSH,,3.5,fanduel,-3000,1400,oddsapi
2026-10-07T21:00:07Z,2026-10-07,PIT @ WSH,8112572f236320d4d4c99b6eb0989b94,game_pl_alt,WSH,,4.5,fanduel,-8000,4000,oddsapi
2026-10-07T21:00:07Z,2026-10-07,PIT @ WSH,8112572f236320d4d4c99b6eb0989b94,game_pl_alt,WSH,,5.5,fanduel,-50000,,oddsapi
2026-10-07T21:00:07Z,2026-10-07,PIT @ WSH,8112572f236320d4d4c99b6eb0989b94,game_pl_alt,WSH,,-1.5,fanduel,146,-190,oddsapi
2026-10-07T21:00:07Z,2026-10-07,PIT @ WSH,8112572f236320d4d4c99b6eb0989b94,game_pl_alt,WSH,,-2.5,fanduel,240,-340,oddsapi
2026-10-07T21:00:07Z,2026-10-07,PIT @ WSH,8112572f236320d4d4c99b6eb0989b94,game_pl_alt,WSH,,-3.5,fanduel,630,-1250,oddsapi
2026-10-07T21:00:07Z,2026-10-07,PIT @ WSH,8112572f236320d4d4c99b6eb0989b94,game_pl_alt,WSH,,-4.5,fanduel,1460,-3500,oddsapi
2026-10-07T21:00:07Z,2026-10-07,PIT @ WSH,8112572f236320d4d4c99b6eb0989b94,game_pl_alt,WSH,,-5.5,fanduel,3200,-8000,oddsapi
2026-10-07T21:00:07Z,2026-10-07,PIT @ WSH,8112572f236320d4d4c99b6eb0989b94,team_total_alt,over,PIT,0.5,fanduel,-3000,1260,oddsapi
2026-10-07T21:00:07Z,2026-10-07,PIT @ WSH,8112572f236320d4d4c99b6eb0989b94,team_total_alt,over,PIT,1.5,fanduel,-480,330,oddsapi
2026-10-07T21:00:07Z,2026-10-07,PIT @ WSH,8112572f236320d4d4c99b6eb0989b94,team_total_alt,over,PIT,2.5,fanduel,-148,,oddsapi
2026-10-07T21:00:07Z,2026-10-07,PIT @ WSH,8112572f236320d4d4c99b6eb0989b94,team_total_alt,over,PIT,3.5,fanduel,164,-215,oddsapi
2026-10-07T21:00:07Z,2026-10-07,PIT @ WSH,8112572f236320d4d4c99b6eb0989b94,team_total_alt,over,PIT,4.5,fanduel,390,-650,oddsapi
2026-10-07T21:00:07Z,2026-10-07,PIT @ WSH,8112572f236320d4d4c99b6eb0989b94,team_total_alt,over,PIT,5.5,fanduel,940,-1800,oddsapi
2026-10-07T21:00:07Z,2026-10-07,PIT @ WSH,8112572f236320d4d4c99b6eb0989b94,team_total_alt,over,PIT,6.5,fanduel,2300,-6000,oddsapi
2026-10-07T21:00:07Z,2026-10-07,PIT @ WSH,8112572f236320d4d4c99b6eb0989b94,team_total_alt,under,PIT,0.5,fanduel,1260,-3000,oddsapi
2026-10-07T21:00:07Z,2026-10-07,PIT @ WSH,8112572f236320d4d4c99b6eb0989b94,team_total_alt,under,PIT,1.5,fanduel,330,-480,oddsapi
2026-10-07T21:00:07Z,2026-10-07,PIT @ WSH,8112572f236320d4d4c99b6eb0989b94,team_total_alt,under,PIT,3.5,fanduel,-215,164,oddsapi
2026-10-07T21:00:07Z,2026-10-07,PIT @ WSH,8112572f236320d4d4c99b6eb0989b94,team_total_alt,under,PIT,4.5,fanduel,-650,390,oddsapi
2026-10-07T21:00:07Z,2026-10-07,PIT @ WSH,8112572f236320d4d4c99b6eb0989b94,team_total_alt,under,PIT,5.5,fanduel,-1800,940,oddsapi
2026-10-07T21:00:07Z,2026-10-07,PIT @ WSH,8112572f236320d4d4c99b6eb0989b94,team_total_alt,under,PIT,6.5,fanduel,-6000,2300,oddsapi
2026-10-07T21:00:07Z,2026-10-07,PIT @ WSH,8112572f236320d4d4c99b6eb0989b94,team_total_alt,over,WSH,0.5,fanduel,-5000,2100,oddsapi
2026-10-07T21:00:07Z,2026-10-07,PIT @ WSH,8112572f236320d4d4c99b6eb0989b94,team_total_alt,over,WSH,1.5,fanduel,-950,540,oddsapi
2026-10-07T21:00:07Z,2026-10-07,PIT @ WSH,8112572f236320d4d4c99b6eb0989b94,team_total_alt,over,WSH,2.5,fanduel,-270,,oddsapi
2026-10-07T21:00:07Z,2026-10-07,PIT @ WSH,8112572f236320d4d4c99b6eb0989b94,team_total_alt,over,WSH,3.5,fanduel,-108,-118,oddsapi
2026-10-07T21:00:07Z,2026-10-07,PIT @ WSH,8112572f236320d4d4c99b6eb0989b94,team_total_alt,over,WSH,4.5,fanduel,215,-300,oddsapi
2026-10-07T21:00:07Z,2026-10-07,PIT @ WSH,8112572f236320d4d4c99b6eb0989b94,team_total_alt,over,WSH,5.5,fanduel,510,-850,oddsapi
2026-10-07T21:00:07Z,2026-10-07,PIT @ WSH,8112572f236320d4d4c99b6eb0989b94,team_total_alt,over,WSH,6.5,fanduel,1300,-3000,oddsapi
2026-10-07T21:00:07Z,2026-10-07,PIT @ WSH,8112572f236320d4d4c99b6eb0989b94,team_total_alt,over,WSH,7.5,fanduel,3100,-8000,oddsapi
2026-10-07T21:00:07Z,2026-10-07,PIT @ WSH,8112572f236320d4d4c99b6eb0989b94,team_total_alt,under,WSH,0.5,fanduel,2100,-5000,oddsapi
2026-10-07T21:00:07Z,2026-10-07,PIT @ WSH,8112572f236320d4d4c99b6eb0989b94,team_total_alt,under,WSH,1.5,fanduel,540,-950,oddsapi
2026-10-07T21:00:07Z,2026-10-07,PIT @ WSH,8112572f236320d4d4c99b6eb0989b94,team_total_alt,under,WSH,3.5,fanduel,-118,-108,oddsapi
2026-10-07T21:00:07Z,2026-10-07,PIT @ WSH,8112572f236320d4d4c99b6eb0989b94,team_total_alt,under,WSH,4.5,fanduel,-300,215,oddsapi
2026-10-07T21:00:07Z,2026-10-07,PIT @ WSH,8112572f236320d4d4c99b6eb0989b94,team_total_alt,under,WSH,5.5,fanduel,-850,510,oddsapi
2026-10-07T21:00:07Z,2026-10-07,PIT @ WSH,8112572f236320d4d4c99b6eb0989b94,team_total_alt,under,WSH,6.5,fanduel,-3000,1300,oddsapi
2026-10-07T21:00:07Z,2026-10-07,PIT @ WSH,8112572f236320d4d4c99b6eb0989b94,team_total_alt,under,WSH,7.5,fanduel,-8000,3100,oddsapi
2026-10-07T21:00:07Z,2026-10-07,PIT @ WSH,8112572f236320d4d4c99b6eb0989b94,game_total_alt,over,,2.5,fanduel,-6000,2600,oddsapi
2026-10-07T21:00:07Z,2026-10-07,PIT @ WSH,8112572f236320d4d4c99b6eb0989b94,game_total_alt,over,,3.5,fanduel,-1200,660,oddsapi
2026-10-07T21:00:07Z,2026-10-07,PIT @ WSH,8112572f236320d4d4c99b6eb0989b94,game_total_alt,over,,4.5,fanduel,-600,380,oddsapi
2026-10-07T21:00:07Z,2026-10-07,PIT @ WSH,8112572f236320d4d4c99b6eb0989b94,game_total_alt,over,,5.5,fanduel,-176,138,oddsapi
2026-10-07T21:00:07Z,2026-10-07,PIT @ WSH,8112572f236320d4d4c99b6eb0989b94,game_total_alt,over,,6.5,fanduel,-112,-112,oddsapi
2026-10-07T21:00:07Z,2026-10-07,PIT @ WSH,8112572f236320d4d4c99b6eb0989b94,game_total_alt,over,,7.5,fanduel,210,-280,oddsapi
2026-10-07T21:00:07Z,2026-10-07,PIT @ WSH,8112572f236320d4d4c99b6eb0989b94,game_total_alt,over,,8.5,fanduel,330,-480,oddsapi
2026-10-07T21:00:07Z,2026-10-07,PIT @ WSH,8112572f236320d4d4c99b6eb0989b94,game_total_alt,over,,9.5,fanduel,740,-1450,oddsapi
2026-10-07T21:00:07Z,2026-10-07,PIT @ WSH,8112572f236320d4d4c99b6eb0989b94,game_total_alt,over,,10.5,fanduel,1200,-2400,oddsapi
2026-10-07T21:00:07Z,2026-10-07,PIT @ WSH,8112572f236320d4d4c99b6eb0989b94,game_total_alt,over,,11.5,fanduel,2700,-8000,oddsapi
2026-10-07T21:00:07Z,2026-10-07,PIT @ WSH,8112572f236320d4d4c99b6eb0989b94,game_total_alt,over,,12.5,fanduel,4900,,oddsapi
2026-10-07T21:00:07Z,2026-10-07,PIT @ WSH,8112572f236320d4d4c99b6eb0989b94,game_total_alt,under,,2.5,fanduel,2600,-6000,oddsapi
2026-10-07T21:00:07Z,2026-10-07,PIT @ WSH,8112572f236320d4d4c99b6eb0989b94,game_total_alt,under,,3.5,fanduel,660,-1200,oddsapi
2026-10-07T21:00:07Z,2026-10-07,PIT @ WSH,8112572f236320d4d4c99b6eb0989b94,game_total_alt,under,,4.5,fanduel,380,-600,oddsapi
2026-10-07T21:00:07Z,2026-10-07,PIT @ WSH,8112572f236320d4d4c99b6eb0989b94,game_total_alt,under,,5.5,fanduel,138,-176,oddsapi
2026-10-07T21:00:07Z,2026-10-07,PIT @ WSH,8112572f236320d4d4c99b6eb0989b94,game_total_alt,under,,6.5,fanduel,-112,-112,oddsapi
2026-10-07T21:00:07Z,2026-10-07,PIT @ WSH,8112572f236320d4d4c99b6eb0989b94,game_total_alt,under,,7.5,fanduel,-280,210,oddsapi
2026-10-07T21:00:07Z,2026-10-07,PIT @ WSH,8112572f236320d4d4c99b6eb0989b94,game_total_alt,under,,8.5,fanduel,-480,330,oddsapi
2026-10-07T21:00:07Z,2026-10-07,PIT @ WSH,8112572f236320d4d4c99b6eb0989b94,game_total_alt,under,,9.5,fanduel,-1450,740,oddsapi
2026-10-07T21:00:07Z,2026-10-07,PIT @ WSH,8112572f236320d4d4c99b6eb0989b94,game_total_alt,under,,10.5,fanduel,-2400,1200,oddsapi
2026-10-07T21:00:07Z,2026-10-07,PIT @ WSH,8112572f236320d4d4c99b6eb0989b94,game_total_alt,under,,11.5,fanduel,-8000,2700,oddsapi
2026-10-07T21:00:07Z,2026-10-07,PIT @ WSH,8112572f236320d4d4c99b6eb0989b94,game_ml3,PIT,,,fanduel,220,,oddsapi
2026-10-07T21:00:07Z,2026-10-07,PIT @ WSH,8112572f236320d4d4c99b6eb0989b94,game_ml3,WSH,,,fanduel,100,,oddsapi
2026-10-07T21:00:07Z,2026-10-07,PIT @ WSH,8112572f236320d4d4c99b6eb0989b94,game_ml3,draw,,,fanduel,290,,oddsapi
2026-10-07T21:00:07Z,2026-10-07,PIT @ WSH,8112572f236320d4d4c99b6eb0989b94,p1_ml3,PIT,,,fanduel,220,,oddsapi
2026-10-07T21:00:07Z,2026-10-07,PIT @ WSH,8112572f236320d4d4c99b6eb0989b94,p1_ml3,WSH,,,fanduel,145,,oddsapi
2026-10-07T21:00:07Z,2026-10-07,PIT @ WSH,8112572f236320d4d4c99b6eb0989b94,p1_ml3,draw,,,fanduel,185,,oddsapi
2026-10-07T21:00:07Z,2026-10-07,PIT @ WSH,8112572f236320d4d4c99b6eb0989b94,p2_ml3,PIT,,,fanduel,210,,oddsapi
2026-10-07T21:00:07Z,2026-10-07,PIT @ WSH,8112572f236320d4d4c99b6eb0989b94,p2_ml3,WSH,,,fanduel,135,,oddsapi
2026-10-07T21:00:07Z,2026-10-07,PIT @ WSH,8112572f236320d4d4c99b6eb0989b94,p2_ml3,draw,,,fanduel,210,,oddsapi
2026-10-07T21:00:07Z,2026-10-07,PIT @ WSH,8112572f236320d4d4c99b6eb0989b94,p3_ml3,PIT,,,fanduel,185,,oddsapi
2026-10-07T21:00:07Z,2026-10-07,PIT @ WSH,8112572f236320d4d4c99b6eb0989b94,p3_ml3,WSH,,,fanduel,120,,oddsapi
2026-10-07T21:00:07Z,2026-10-07,PIT @ WSH,8112572f236320d4d4c99b6eb0989b94,p3_ml3,draw,,,fanduel,280,,oddsapi
2026-10-07T21:00:07Z,2026-10-07,PIT @ WSH,8112572f236320d4d4c99b6eb0989b94,p1_ml,PIT,,,fanduel,120,-152,oddsapi
2026-10-07T21:00:07Z,2026-10-07,PIT @ WSH,8112572f236320d4d4c99b6eb0989b94,p1_ml,WSH,,,fanduel,-152,120,oddsapi
2026-10-07T21:00:07Z,2026-10-07,PIT @ WSH,8112572f236320d4d4c99b6eb0989b94,p2_ml,PIT,,,fanduel,120,-154,oddsapi
2026-10-07T21:00:07Z,2026-10-07,PIT @ WSH,8112572f236320d4d4c99b6eb0989b94,p2_ml,WSH,,,fanduel,-154,120,oddsapi
2026-10-07T21:00:07Z,2026-10-07,PIT @ WSH,8112572f236320d4d4c99b6eb0989b94,p3_ml,PIT,,,fanduel,114,-146,oddsapi
2026-10-07T21:00:07Z,2026-10-07,PIT @ WSH,8112572f236320d4d4c99b6eb0989b94,p3_ml,WSH,,,fanduel,-146,114,oddsapi
2026-10-07T21:00:07Z,2026-10-07,PIT @ WSH,8112572f236320d4d4c99b6eb0989b94,ags,yes,Alex Ovechkin,,fanduel,195,,oddsapi
2026-10-07T21:00:07Z,2026-10-07,PIT @ WSH,8112572f236320d4d4c99b6eb0989b94,ags,yes,Alex Tuch,,fanduel,200,,oddsapi
2026-10-07T21:00:07Z,2026-10-07,PIT @ WSH,8112572f236320d4d4c99b6eb0989b94,ags,yes,Tom Wilson,,fanduel,230,,oddsapi
2026-10-07T21:00:07Z,2026-10-07,PIT @ WSH,8112572f236320d4d4c99b6eb0989b94,ags,yes,Bryan Rust,,fanduel,230,,oddsapi
2026-10-07T21:00:07Z,2026-10-07,PIT @ WSH,8112572f236320d4d4c99b6eb0989b94,ags,yes,Sidney Crosby,,fanduel,230,,oddsapi
2026-10-07T21:00:07Z,2026-10-07,PIT @ WSH,8112572f236320d4d4c99b6eb0989b94,ags,yes,Rickard Rakell,,fanduel,240,,oddsapi
2026-10-07T21:00:07Z,2026-10-07,PIT @ WSH,8112572f236320d4d4c99b6eb0989b94,ags,yes,Jordan Kyrou,,fanduel,260,,oddsapi
2026-10-07T21:00:07Z,2026-10-07,PIT @ WSH,8112572f236320d4d4c99b6eb0989b94,ags,yes,Dylan Strome,,fanduel,290,,oddsapi
2026-10-07T21:00:07Z,2026-10-07,PIT @ WSH,8112572f236320d4d4c99b6eb0989b94,ags,yes,Yegor Chinakhov,,fanduel,300,,oddsapi
2026-10-07T21:00:07Z,2026-10-07,PIT @ WSH,8112572f236320d4d4c99b6eb0989b94,ags,yes,Ilya Protas,,fanduel,300,,oddsapi
2026-10-07T21:00:07Z,2026-10-07,PIT @ WSH,8112572f236320d4d4c99b6eb0989b94,ags,yes,Evgeni Malkin,,fanduel,300,,oddsapi
2026-10-07T21:00:07Z,2026-10-07,PIT @ WSH,8112572f236320d4d4c99b6eb0989b94,ags,yes,Ryan Leonard,,fanduel,320,,oddsapi
2026-10-07T21:00:07Z,2026-10-07,PIT @ WSH,8112572f236320d4d4c99b6eb0989b94,ags,yes,Jakob Chychrun,,fanduel,330,,oddsapi
2026-10-07T21:00:07Z,2026-10-07,PIT @ WSH,8112572f236320d4d4c99b6eb0989b94,ags,yes,Pierre-Luc Dubois,,fanduel,330,,oddsapi
2026-10-07T21:00:07Z,2026-10-07,PIT @ WSH,8112572f236320d4d4c99b6eb0989b94,ags,yes,Anthony Beauvillier,,fanduel,360,,oddsapi
2026-10-07T21:00:07Z,2026-10-07,PIT @ WSH,8112572f236320d4d4c99b6eb0989b94,ags,yes,Ben Kindel,,fanduel,360,,oddsapi
2026-10-07T21:00:07Z,2026-10-07,PIT @ WSH,8112572f236320d4d4c99b6eb0989b94,ags,yes,Hendrix Lapierre,,fanduel,380,,oddsapi
2026-10-07T21:00:07Z,2026-10-07,PIT @ WSH,8112572f236320d4d4c99b6eb0989b94,ags,yes,Tommy Novak,,fanduel,400,,oddsapi
2026-10-07T21:00:07Z,2026-10-07,PIT @ WSH,8112572f236320d4d4c99b6eb0989b94,ags,yes,Aliaksei Protas,,fanduel,410,,oddsapi
2026-10-07T21:00:07Z,2026-10-07,PIT @ WSH,8112572f236320d4d4c99b6eb0989b94,ags,yes,Nick Robertson,,fanduel,470,,oddsapi
2026-10-07T21:00:07Z,2026-10-07,PIT @ WSH,8112572f236320d4d4c99b6eb0989b94,ags,yes,Erik Karlsson,,fanduel,500,,oddsapi
2026-10-07T21:00:07Z,2026-10-07,PIT @ WSH,8112572f236320d4d4c99b6eb0989b94,ags,yes,Boone Jenner,,fanduel,500,,oddsapi
2026-10-07T21:00:07Z,2026-10-07,PIT @ WSH,8112572f236320d4d4c99b6eb0989b94,ags,yes,Cole Hutson,,fanduel,525,,oddsapi
2026-10-07T21:00:07Z,2026-10-07,PIT @ WSH,8112572f236320d4d4c99b6eb0989b94,ags,yes,Justin Sourdif,,fanduel,550,,oddsapi
2026-10-07T21:00:07Z,2026-10-07,PIT @ WSH,8112572f236320d4d4c99b6eb0989b94,ags,yes,Ville Koivunen,,fanduel,575,,oddsapi
2026-10-07T21:00:07Z,2026-10-07,PIT @ WSH,8112572f236320d4d4c99b6eb0989b94,ags,yes,Connor Dewar,,fanduel,700,,oddsapi
2026-10-07T21:00:07Z,2026-10-07,PIT @ WSH,8112572f236320d4d4c99b6eb0989b94,ags,yes,Kris Letang,,fanduel,900,,oddsapi
2026-10-07T21:00:07Z,2026-10-07,PIT @ WSH,8112572f236320d4d4c99b6eb0989b94,ags,yes,Samuel Girard,,fanduel,1100,,oddsapi
2026-10-07T21:00:07Z,2026-10-07,PIT @ WSH,8112572f236320d4d4c99b6eb0989b94,ags,yes,Declan Carlile,,fanduel,1400,,oddsapi
2026-10-07T21:00:07Z,2026-10-07,PIT @ WSH,8112572f236320d4d4c99b6eb0989b94,ags,yes,Martin Fehervary,,fanduel,1900,,oddsapi
2026-10-07T21:00:07Z,2026-10-07,PIT @ WSH,8112572f236320d4d4c99b6eb0989b94,ags,yes,Timothy Liljegren,,fanduel,2000,,oddsapi
2026-10-07T21:00:07Z,2026-10-07,PIT @ WSH,8112572f236320d4d4c99b6eb0989b94,ags,yes,Kaedan Korczak,,fanduel,2300,,oddsapi
2026-10-07T21:00:07Z,2026-10-07,PIT @ WSH,8112572f236320d4d4c99b6eb0989b94,fgs,yes,Alex Ovechkin,,fanduel,1300,,oddsapi
2026-10-07T21:00:07Z,2026-10-07,PIT @ WSH,8112572f236320d4d4c99b6eb0989b94,fgs,yes,Alex Tuch,,fanduel,1400,,oddsapi
2026-10-07T21:00:07Z,2026-10-07,PIT @ WSH,8112572f236320d4d4c99b6eb0989b94,fgs,yes,Tom Wilson,,fanduel,1500,,oddsapi
2026-10-07T21:00:07Z,2026-10-07,PIT @ WSH,8112572f236320d4d4c99b6eb0989b94,fgs,yes,Bryan Rust,,fanduel,1600,,oddsapi
2026-10-07T21:00:07Z,2026-10-07,PIT @ WSH,8112572f236320d4d4c99b6eb0989b94,fgs,yes,Rickard Rakell,,fanduel,1600,,oddsapi
2026-10-07T21:00:07Z,2026-10-07,PIT @ WSH,8112572f236320d4d4c99b6eb0989b94,fgs,yes,Sidney Crosby,,fanduel,1600,,oddsapi
2026-10-07T21:00:07Z,2026-10-07,PIT @ WSH,8112572f236320d4d4c99b6eb0989b94,fgs,yes,Jordan Kyrou,,fanduel,1700,,oddsapi
2026-10-07T21:00:07Z,2026-10-07,PIT @ WSH,8112572f236320d4d4c99b6eb0989b94,fgs,yes,Yegor Chinakhov,,fanduel,1900,,oddsapi
2026-10-07T21:00:07Z,2026-10-07,PIT @ WSH,8112572f236320d4d4c99b6eb0989b94,fgs,yes,Ilya Protas,,fanduel,1900,,oddsapi
2026-10-07T21:00:07Z,2026-10-07,PIT @ WSH,8112572f236320d4d4c99b6eb0989b94,fgs,yes,Dylan Strome,,fanduel,1900,,oddsapi
2026-10-07T21:00:07Z,2026-10-07,PIT @ WSH,8112572f236320d4d4c99b6eb0989b94,fgs,yes,Jakob Chychrun,,fanduel,2000,,oddsapi
2026-10-07T21:00:07Z,2026-10-07,PIT @ WSH,8112572f236320d4d4c99b6eb0989b94,fgs,yes,Ryan Leonard,,fanduel,2000,,oddsapi
2026-10-07T21:00:07Z,2026-10-07,PIT @ WSH,8112572f236320d4d4c99b6eb0989b94,fgs,yes,Evgeni Malkin,,fanduel,2000,,oddsapi
2026-10-07T21:00:07Z,2026-10-07,PIT @ WSH,8112572f236320d4d4c99b6eb0989b94,fgs,yes,Tommy Novak,,fanduel,2200,,oddsapi
2026-10-07T21:00:07Z,2026-10-07,PIT @ WSH,8112572f236320d4d4c99b6eb0989b94,fgs,yes,Pierre-Luc Dubois,,fanduel,2200,,oddsapi
2026-10-07T21:00:07Z,2026-10-07,PIT @ WSH,8112572f236320d4d4c99b6eb0989b94,fgs,yes,Anthony Beauvillier,,fanduel,2200,,oddsapi
2026-10-07T21:00:07Z,2026-10-07,PIT @ WSH,8112572f236320d4d4c99b6eb0989b94,fgs,yes,Hendrix Lapierre,,fanduel,2200,,oddsapi
2026-10-07T21:00:07Z,2026-10-07,PIT @ WSH,8112572f236320d4d4c99b6eb0989b94,fgs,yes,Ben Kindel,,fanduel,2200,,oddsapi
2026-10-07T21:00:07Z,2026-10-07,PIT @ WSH,8112572f236320d4d4c99b6eb0989b94,fgs,yes,Nick Robertson,,fanduel,2700,,oddsapi
2026-10-07T21:00:07Z,2026-10-07,PIT @ WSH,8112572f236320d4d4c99b6eb0989b94,fgs,yes,Aliaksei Protas,,fanduel,2700,,oddsapi
2026-10-07T21:00:07Z,2026-10-07,PIT @ WSH,8112572f236320d4d4c99b6eb0989b94,fgs,yes,Boone Jenner,,fanduel,3000,,oddsapi
2026-10-07T21:00:07Z,2026-10-07,PIT @ WSH,8112572f236320d4d4c99b6eb0989b94,fgs,yes,Erik Karlsson,,fanduel,3000,,oddsapi
2026-10-07T21:00:07Z,2026-10-07,PIT @ WSH,8112572f236320d4d4c99b6eb0989b94,fgs,yes,Cole Hutson,,fanduel,3000,,oddsapi
2026-10-07T21:00:07Z,2026-10-07,PIT @ WSH,8112572f236320d4d4c99b6eb0989b94,fgs,yes,Justin Sourdif,,fanduel,3000,,oddsapi
2026-10-07T21:00:07Z,2026-10-07,PIT @ WSH,8112572f236320d4d4c99b6eb0989b94,fgs,yes,Ville Koivunen,,fanduel,3300,,oddsapi
2026-10-07T21:00:07Z,2026-10-07,PIT @ WSH,8112572f236320d4d4c99b6eb0989b94,fgs,yes,Connor Dewar,,fanduel,4000,,oddsapi
2026-10-07T21:00:07Z,2026-10-07,PIT @ WSH,8112572f236320d4d4c99b6eb0989b94,fgs,yes,Kris Letang,,fanduel,5000,,oddsapi
2026-10-07T21:00:07Z,2026-10-07,PIT @ WSH,8112572f236320d4d4c99b6eb0989b94,fgs,yes,Samuel Girard,,fanduel,5500,,oddsapi
2026-10-07T21:00:07Z,2026-10-07,PIT @ WSH,8112572f236320d4d4c99b6eb0989b94,fgs,yes,Declan Carlile,,fanduel,7500,,oddsapi
2026-10-07T21:00:07Z,2026-10-07,PIT @ WSH,8112572f236320d4d4c99b6eb0989b94,fgs,yes,Martin Fehervary,,fanduel,10000,,oddsapi
2026-10-07T21:00:07Z,2026-10-07,PIT @ WSH,8112572f236320d4d4c99b6eb0989b94,fgs,yes,Kaedan Korczak,,fanduel,12500,,oddsapi
2026-10-07T21:00:07Z,2026-10-07,PIT @ WSH,8112572f236320d4d4c99b6eb0989b94,fgs,yes,Timothy Liljegren,,fanduel,12500,,oddsapi
2026-10-07T21:00:07Z,2026-10-07,PIT @ WSH,8112572f236320d4d4c99b6eb0989b94,sk_g,over,Alex Tuch,0.5,fanduel,200,-270,oddsapi
2026-10-07T21:00:07Z,2026-10-07,PIT @ WSH,8112572f236320d4d4c99b6eb0989b94,sk_g,under,Alex Tuch,0.5,fanduel,-270,200,oddsapi
2026-10-07T21:00:07Z,2026-10-07,PIT @ WSH,8112572f236320d4d4c99b6eb0989b94,sk_g,over,Tom Wilson,0.5,fanduel,230,-330,oddsapi
2026-10-07T21:00:07Z,2026-10-07,PIT @ WSH,8112572f236320d4d4c99b6eb0989b94,sk_g,under,Tom Wilson,0.5,fanduel,-330,230,oddsapi
2026-10-07T21:00:07Z,2026-10-07,PIT @ WSH,8112572f236320d4d4c99b6eb0989b94,sk_g,over,Dylan Strome,0.5,fanduel,290,-440,oddsapi
2026-10-07T21:00:07Z,2026-10-07,PIT @ WSH,8112572f236320d4d4c99b6eb0989b94,sk_g,under,Dylan Strome,0.5,fanduel,-440,290,oddsapi
2026-10-07T21:00:07Z,2026-10-07,PIT @ WSH,8112572f236320d4d4c99b6eb0989b94,sk_sog,over,Ben Kindel,1.5,fanduel,-174,132,oddsapi
2026-10-07T21:00:07Z,2026-10-07,PIT @ WSH,8112572f236320d4d4c99b6eb0989b94,sk_sog,under,Ben Kindel,1.5,fanduel,132,-174,oddsapi
2026-10-07T21:00:07Z,2026-10-07,PIT @ WSH,8112572f236320d4d4c99b6eb0989b94,sk_sog,over,Sidney Crosby,2.5,fanduel,116,-152,oddsapi
2026-10-07T21:00:07Z,2026-10-07,PIT @ WSH,8112572f236320d4d4c99b6eb0989b94,sk_sog,under,Sidney Crosby,2.5,fanduel,-152,116,oddsapi
2026-10-07T21:00:07Z,2026-10-07,PIT @ WSH,8112572f236320d4d4c99b6eb0989b94,sk_sog,over,Erik Karlsson,2.5,fanduel,140,-184,oddsapi
2026-10-07T21:00:07Z,2026-10-07,PIT @ WSH,8112572f236320d4d4c99b6eb0989b94,sk_sog,under,Erik Karlsson,2.5,fanduel,-184,140,oddsapi
2026-10-07T21:00:07Z,2026-10-07,PIT @ WSH,8112572f236320d4d4c99b6eb0989b94,sk_sog,over,Evgeni Malkin,1.5,fanduel,-156,120,oddsapi
2026-10-07T21:00:07Z,2026-10-07,PIT @ WSH,8112572f236320d4d4c99b6eb0989b94,sk_sog,under,Evgeni Malkin,1.5,fanduel,120,-156,oddsapi
2026-10-07T21:00:07Z,2026-10-07,PIT @ WSH,8112572f236320d4d4c99b6eb0989b94,sk_sog,over,Rickard Rakell,2.5,fanduel,118,-154,oddsapi
2026-10-07T21:00:07Z,2026-10-07,PIT @ WSH,8112572f236320d4d4c99b6eb0989b94,sk_sog,under,Rickard Rakell,2.5,fanduel,-154,118,oddsapi
2026-10-07T21:00:07Z,2026-10-07,PIT @ WSH,8112572f236320d4d4c99b6eb0989b94,g_saves,over,Logan Thompson,24.5,fanduel,-118,-112,oddsapi
2026-10-07T21:00:07Z,2026-10-07,PIT @ WSH,8112572f236320d4d4c99b6eb0989b94,g_saves,under,Logan Thompson,24.5,fanduel,-112,-118,oddsapi
2026-10-07T21:00:07Z,2026-10-07,PIT @ WSH,8112572f236320d4d4c99b6eb0989b94,g_saves,over,Arturs Silovs,26.5,fanduel,-112,-118,oddsapi
2026-10-07T21:00:07Z,2026-10-07,PIT @ WSH,8112572f236320d4d4c99b6eb0989b94,g_saves,under,Arturs Silovs,26.5,fanduel,-118,-112,oddsapi
2026-10-07T21:00:07Z,2026-10-07,PIT @ WSH,8112572f236320d4d4c99b6eb0989b94,p1_pl,PIT,,0.5,fanduel,-186,146,oddsapi
2026-10-07T21:00:07Z,2026-10-07,PIT @ WSH,8112572f236320d4d4c99b6eb0989b94,p1_pl,WSH,,-0.5,fanduel,146,-186,oddsapi
2026-10-07T21:00:07Z,2026-10-07,PIT @ WSH,8112572f236320d4d4c99b6eb0989b94,p2_pl,PIT,,0.5,fanduel,-172,134,oddsapi
2026-10-07T21:00:07Z,2026-10-07,PIT @ WSH,8112572f236320d4d4c99b6eb0989b94,p2_pl,WSH,,-0.5,fanduel,134,-172,oddsapi
2026-10-07T21:00:07Z,2026-10-07,PIT @ WSH,8112572f236320d4d4c99b6eb0989b94,p3_pl,PIT,,0.5,fanduel,-154,120,oddsapi
2026-10-07T21:00:07Z,2026-10-07,PIT @ WSH,8112572f236320d4d4c99b6eb0989b94,p3_pl,WSH,,-0.5,fanduel,120,-154,oddsapi
2026-10-07T21:00:07Z,2026-10-07,PIT @ WSH,8112572f236320d4d4c99b6eb0989b94,team_total,over,PIT,2.5,fanduel,-148,,oddsapi
2026-10-07T21:00:07Z,2026-10-07,PIT @ WSH,8112572f236320d4d4c99b6eb0989b94,team_total,under,PIT,3.5,fanduel,-215,,oddsapi
2026-10-07T21:00:07Z,2026-10-07,PIT @ WSH,8112572f236320d4d4c99b6eb0989b94,team_total,over,WSH,2.5,fanduel,-270,,oddsapi
2026-10-07T21:00:07Z,2026-10-07,PIT @ WSH,8112572f236320d4d4c99b6eb0989b94,team_total,under,WSH,3.5,fanduel,-118,,oddsapi
2026-10-07T21:00:07Z,2026-10-07,PIT @ WSH,8112572f236320d4d4c99b6eb0989b94,p1_team_total,over,PIT,0.5,fanduel,-150,118,oddsapi
2026-10-07T21:00:07Z,2026-10-07,PIT @ WSH,8112572f236320d4d4c99b6eb0989b94,p1_team_total,under,PIT,0.5,fanduel,118,-150,oddsapi
2026-10-07T21:00:07Z,2026-10-07,PIT @ WSH,8112572f236320d4d4c99b6eb0989b94,p1_team_total,over,WSH,0.5,fanduel,-196,152,oddsapi
2026-10-07T21:00:07Z,2026-10-07,PIT @ WSH,8112572f236320d4d4c99b6eb0989b94,p1_team_total,under,WSH,0.5,fanduel,152,-196,oddsapi
2026-10-07T21:00:07Z,2026-10-07,PIT @ WSH,8112572f236320d4d4c99b6eb0989b94,p1_total,over,,1.5,fanduel,-156,122,oddsapi
2026-10-07T21:00:07Z,2026-10-07,PIT @ WSH,8112572f236320d4d4c99b6eb0989b94,p1_total,under,,1.5,fanduel,122,-156,oddsapi
2026-10-07T21:00:07Z,2026-10-07,PIT @ WSH,8112572f236320d4d4c99b6eb0989b94,p2_total,over,,1.5,fanduel,-205,156,oddsapi
2026-10-07T21:00:07Z,2026-10-07,PIT @ WSH,8112572f236320d4d4c99b6eb0989b94,p2_total,under,,1.5,fanduel,156,-205,oddsapi
2026-10-07T21:00:07Z,2026-10-07,PIT @ WSH,8112572f236320d4d4c99b6eb0989b94,p3_total,over,,2.5,fanduel,130,-166,oddsapi
2026-10-07T21:00:07Z,2026-10-07,PIT @ WSH,8112572f236320d4d4c99b6eb0989b94,p3_total,under,,2.5,fanduel,-166,130,oddsapi
2026-10-07T21:00:07Z,2026-10-07,PIT @ WSH,8112572f236320d4d4c99b6eb0989b94,p1_ml,PIT,,,betus,115,-145,oddsapi
2026-10-07T21:00:07Z,2026-10-07,PIT @ WSH,8112572f236320d4d4c99b6eb0989b94,p1_ml,WSH,,,betus,-145,115,oddsapi
2026-10-07T21:00:07Z,2026-10-07,PIT @ WSH,8112572f236320d4d4c99b6eb0989b94,p1_pl,PIT,,0.5,betus,-170,140,oddsapi
2026-10-07T21:00:07Z,2026-10-07,PIT @ WSH,8112572f236320d4d4c99b6eb0989b94,p1_pl,WSH,,-0.5,betus,140,-170,oddsapi
2026-10-07T21:00:07Z,2026-10-07,PIT @ WSH,8112572f236320d4d4c99b6eb0989b94,p1_total,over,,1.5,betus,-145,115,oddsapi
2026-10-07T21:00:07Z,2026-10-07,PIT @ WSH,8112572f236320d4d4c99b6eb0989b94,p1_total,under,,1.5,betus,115,-145,oddsapi
2026-10-07T21:00:07Z,2026-10-07,PIT @ WSH,8112572f236320d4d4c99b6eb0989b94,game_pl_alt,PIT,,-1.5,bovada,290,-430,oddsapi
2026-10-07T21:00:07Z,2026-10-07,PIT @ WSH,8112572f236320d4d4c99b6eb0989b94,game_pl_alt,PIT,,-2.5,bovada,475,-900,oddsapi
2026-10-07T21:00:07Z,2026-10-07,PIT @ WSH,8112572f236320d4d4c99b6eb0989b94,game_pl_alt,PIT,,2.5,bovada,-350,245,oddsapi
2026-10-07T21:00:07Z,2026-10-07,PIT @ WSH,8112572f236320d4d4c99b6eb0989b94,game_pl_alt,WSH,,1.5,bovada,-430,290,oddsapi
2026-10-07T21:00:07Z,2026-10-07,PIT @ WSH,8112572f236320d4d4c99b6eb0989b94,game_pl_alt,WSH,,2.5,bovada,-900,475,oddsapi
2026-10-07T21:00:07Z,2026-10-07,PIT @ WSH,8112572f236320d4d4c99b6eb0989b94,game_pl_alt,WSH,,-2.5,bovada,245,-350,oddsapi
2026-10-07T21:00:07Z,2026-10-07,PIT @ WSH,8112572f236320d4d4c99b6eb0989b94,team_total_alt,under,PIT,1.5,bovada,320,,oddsapi
2026-10-07T21:00:07Z,2026-10-07,PIT @ WSH,8112572f236320d4d4c99b6eb0989b94,team_total_alt,over,PIT,2.5,bovada,-150,115,oddsapi
2026-10-07T21:00:07Z,2026-10-07,PIT @ WSH,8112572f236320d4d4c99b6eb0989b94,team_total_alt,under,PIT,2.5,bovada,115,-150,oddsapi
2026-10-07T21:00:07Z,2026-10-07,PIT @ WSH,8112572f236320d4d4c99b6eb0989b94,team_total_alt,over,PIT,3.5,bovada,160,-210,oddsapi
2026-10-07T21:00:07Z,2026-10-07,PIT @ WSH,8112572f236320d4d4c99b6eb0989b94,team_total_alt,under,PIT,3.5,bovada,-210,160,oddsapi
2026-10-07T21:00:07Z,2026-10-07,PIT @ WSH,8112572f236320d4d4c99b6eb0989b94,team_total_alt,over,WSH,2.5,bovada,-285,210,oddsapi
2026-10-07T21:00:07Z,2026-10-07,PIT @ WSH,8112572f236320d4d4c99b6eb0989b94,team_total_alt,under,WSH,2.5,bovada,210,-285,oddsapi
2026-10-07T21:00:07Z,2026-10-07,PIT @ WSH,8112572f236320d4d4c99b6eb0989b94,team_total_alt,over,WSH,3.5,bovada,-110,-120,oddsapi
2026-10-07T21:00:07Z,2026-10-07,PIT @ WSH,8112572f236320d4d4c99b6eb0989b94,team_total_alt,under,WSH,3.5,bovada,-120,-110,oddsapi
2026-10-07T21:00:07Z,2026-10-07,PIT @ WSH,8112572f236320d4d4c99b6eb0989b94,team_total_alt,over,WSH,4.5,bovada,210,-285,oddsapi
2026-10-07T21:00:07Z,2026-10-07,PIT @ WSH,8112572f236320d4d4c99b6eb0989b94,team_total_alt,under,WSH,4.5,bovada,-285,210,oddsapi
2026-10-07T21:00:07Z,2026-10-07,PIT @ WSH,8112572f236320d4d4c99b6eb0989b94,game_total_alt,over,,4.5,bovada,-550,350,oddsapi
2026-10-07T21:00:07Z,2026-10-07,PIT @ WSH,8112572f236320d4d4c99b6eb0989b94,game_total_alt,over,,5.5,bovada,-200,150,oddsapi
2026-10-07T21:00:07Z,2026-10-07,PIT @ WSH,8112572f236320d4d4c99b6eb0989b94,game_total_alt,over,,6,bovada,-145,110,oddsapi
2026-10-07T21:00:07Z,2026-10-07,PIT @ WSH,8112572f236320d4d4c99b6eb0989b94,game_total_alt,over,,7,bovada,145,-190,oddsapi
2026-10-07T21:00:07Z,2026-10-07,PIT @ WSH,8112572f236320d4d4c99b6eb0989b94,game_total_alt,over,,7.5,bovada,200,-275,oddsapi
2026-10-07T21:00:07Z,2026-10-07,PIT @ WSH,8112572f236320d4d4c99b6eb0989b94,game_total_alt,over,,8.5,bovada,290,-435,oddsapi
2026-10-07T21:00:07Z,2026-10-07,PIT @ WSH,8112572f236320d4d4c99b6eb0989b94,game_total_alt,under,,4.5,bovada,350,-550,oddsapi
2026-10-07T21:00:07Z,2026-10-07,PIT @ WSH,8112572f236320d4d4c99b6eb0989b94,game_total_alt,under,,5.5,bovada,150,-200,oddsapi
2026-10-07T21:00:07Z,2026-10-07,PIT @ WSH,8112572f236320d4d4c99b6eb0989b94,game_total_alt,under,,6,bovada,110,-145,oddsapi
2026-10-07T21:00:07Z,2026-10-07,PIT @ WSH,8112572f236320d4d4c99b6eb0989b94,game_total_alt,under,,7,bovada,-190,145,oddsapi
2026-10-07T21:00:07Z,2026-10-07,PIT @ WSH,8112572f236320d4d4c99b6eb0989b94,game_total_alt,under,,7.5,bovada,-275,200,oddsapi
2026-10-07T21:00:07Z,2026-10-07,PIT @ WSH,8112572f236320d4d4c99b6eb0989b94,game_total_alt,under,,8.5,bovada,-435,290,oddsapi
2026-10-07T21:00:07Z,2026-10-07,PIT @ WSH,8112572f236320d4d4c99b6eb0989b94,game_ml3,PIT,,,bovada,200,,oddsapi
2026-10-07T21:00:07Z,2026-10-07,PIT @ WSH,8112572f236320d4d4c99b6eb0989b94,game_ml3,WSH,,,bovada,-103,,oddsapi
2026-10-07T21:00:07Z,2026-10-07,PIT @ WSH,8112572f236320d4d4c99b6eb0989b94,game_ml3,draw,,,bovada,330,,oddsapi
2026-10-07T21:00:07Z,2026-10-07,PIT @ WSH,8112572f236320d4d4c99b6eb0989b94,p1_ml3,PIT,,,bovada,212,,oddsapi
2026-10-07T21:00:07Z,2026-10-07,PIT @ WSH,8112572f236320d4d4c99b6eb0989b94,p1_ml3,WSH,,,bovada,146,,oddsapi
2026-10-07T21:00:07Z,2026-10-07,PIT @ WSH,8112572f236320d4d4c99b6eb0989b94,p1_ml3,draw,,,bovada,185,,oddsapi
2026-10-07T21:00:07Z,2026-10-07,PIT @ WSH,8112572f236320d4d4c99b6eb0989b94,p1_ml,PIT,,,bovada,115,-150,oddsapi
2026-10-07T21:00:07Z,2026-10-07,PIT @ WSH,8112572f236320d4d4c99b6eb0989b94,p1_ml,WSH,,,bovada,-150,115,oddsapi
2026-10-07T21:00:07Z,2026-10-07,PIT @ WSH,8112572f236320d4d4c99b6eb0989b94,p2_ml,PIT,,,bovada,115,-150,oddsapi
2026-10-07T21:00:07Z,2026-10-07,PIT @ WSH,8112572f236320d4d4c99b6eb0989b94,p2_ml,WSH,,,bovada,-150,115,oddsapi
2026-10-07T21:00:07Z,2026-10-07,PIT @ WSH,8112572f236320d4d4c99b6eb0989b94,p3_ml,PIT,,,bovada,120,-160,oddsapi
2026-10-07T21:00:07Z,2026-10-07,PIT @ WSH,8112572f236320d4d4c99b6eb0989b94,p3_ml,WSH,,,bovada,-160,120,oddsapi
2026-10-07T21:00:07Z,2026-10-07,PIT @ WSH,8112572f236320d4d4c99b6eb0989b94,ags,yes,Cole Hutson,,bovada,475,,oddsapi
2026-10-07T21:00:07Z,2026-10-07,PIT @ WSH,8112572f236320d4d4c99b6eb0989b94,ags,yes,Boone Jenner,,bovada,525,,oddsapi
2026-10-07T21:00:07Z,2026-10-07,PIT @ WSH,8112572f236320d4d4c99b6eb0989b94,ags,yes,Declan Carlile,,bovada,1200,,oddsapi
2026-10-07T21:00:07Z,2026-10-07,PIT @ WSH,8112572f236320d4d4c99b6eb0989b94,ags,yes,Hendrix Lapierre,,bovada,390,,oddsapi
2026-10-07T21:00:07Z,2026-10-07,PIT @ WSH,8112572f236320d4d4c99b6eb0989b94,ags,yes,Rickard Rakell,,bovada,240,,oddsapi
2026-10-07T21:00:07Z,2026-10-07,PIT @ WSH,8112572f236320d4d4c99b6eb0989b94,ags,yes,Kris Letang,,bovada,875,,oddsapi
2026-10-07T21:00:07Z,2026-10-07,PIT @ WSH,8112572f236320d4d4c99b6eb0989b94,ags,yes,Alex Ovechkin,,bovada,190,,oddsapi
2026-10-07T21:00:07Z,2026-10-07,PIT @ WSH,8112572f236320d4d4c99b6eb0989b94,ags,yes,Aliaksei Protas,,bovada,365,,oddsapi
2026-10-07T21:00:07Z,2026-10-07,PIT @ WSH,8112572f236320d4d4c99b6eb0989b94,ags,yes,Yegor Chinakhov,,bovada,305,,oddsapi
2026-10-07T21:00:07Z,2026-10-07,PIT @ WSH,8112572f236320d4d4c99b6eb0989b94,ags,yes,Tommy Novak,,bovada,390,,oddsapi
2026-10-07T21:00:07Z,2026-10-07,PIT @ WSH,8112572f236320d4d4c99b6eb0989b94,ags,yes,Pierre-Luc Dubois,,bovada,315,,oddsapi
2026-10-07T21:00:07Z,2026-10-07,PIT @ WSH,8112572f236320d4d4c99b6eb0989b94,ags,yes,Jakob Chychrun,,bovada,310,,oddsapi
2026-10-07T21:00:07Z,2026-10-07,PIT @ WSH,8112572f236320d4d4c99b6eb0989b94,ags,yes,Anthony Beauvillier,,bovada,360,,oddsapi
2026-10-07T21:00:07Z,2026-10-07,PIT @ WSH,8112572f236320d4d4c99b6eb0989b94,ags,yes,Dylan Strome,,bovada,280,,oddsapi
2026-10-07T21:00:07Z,2026-10-07,PIT @ WSH,8112572f236320d4d4c99b6eb0989b94,ags,yes,Martin Fehervary,,bovada,1700,,oddsapi
2026-10-07T21:00:07Z,2026-10-07,PIT @ WSH,8112572f236320d4d4c99b6eb0989b94,ags,yes,Sidney Crosby,,bovada,225,,oddsapi
2026-10-07T21:00:07Z,2026-10-07,PIT @ WSH,8112572f236320d4d4c99b6eb0989b94,ags,yes,Ryan Leonard,,bovada,280,,oddsapi
2026-10-07T21:00:07Z,2026-10-07,PIT @ WSH,8112572f236320d4d4c99b6eb0989b94,ags,yes,Jordan Kyrou,,bovada,260,,oddsapi
2026-10-07T21:00:07Z,2026-10-07,PIT @ WSH,8112572f236320d4d4c99b6eb0989b94,ags,yes,Samuel Girard,,bovada,875,,oddsapi
2026-10-07T21:00:07Z,2026-10-07,PIT @ WSH,8112572f236320d4d4c99b6eb0989b94,ags,yes,Evgeni Malkin,,bovada,275,,oddsapi
2026-10-07T21:00:07Z,2026-10-07,PIT @ WSH,8112572f236320d4d4c99b6eb0989b94,ags,yes,Ben Kindel,,bovada,360,,oddsapi
2026-10-07T21:00:07Z,2026-10-07,PIT @ WSH,8112572f236320d4d4c99b6eb0989b94,ags,yes,Justin Sourdif,,bovada,500,,oddsapi
2026-10-07T21:00:07Z,2026-10-07,PIT @ WSH,8112572f236320d4d4c99b6eb0989b94,ags,yes,Nick Robertson,,bovada,450,,oddsapi
2026-10-07T21:00:07Z,2026-10-07,PIT @ WSH,8112572f236320d4d4c99b6eb0989b94,ags,yes,Bryan Rust,,bovada,220,,oddsapi
2026-10-07T21:00:07Z,2026-10-07,PIT @ WSH,8112572f236320d4d4c99b6eb0989b94,ags,yes,Tom Wilson,,bovada,230,,oddsapi
2026-10-07T21:00:07Z,2026-10-07,PIT @ WSH,8112572f236320d4d4c99b6eb0989b94,ags,yes,Timothy Liljegren,,bovada,1900,,oddsapi
2026-10-07T21:00:07Z,2026-10-07,PIT @ WSH,8112572f236320d4d4c99b6eb0989b94,ags,yes,Alex Tuch,,bovada,185,,oddsapi
2026-10-07T21:00:07Z,2026-10-07,PIT @ WSH,8112572f236320d4d4c99b6eb0989b94,ags,yes,Connor Dewar,,bovada,675,,oddsapi
2026-10-07T21:00:07Z,2026-10-07,PIT @ WSH,8112572f236320d4d4c99b6eb0989b94,ags,yes,Ville Koivunen,,bovada,525,,oddsapi
2026-10-07T21:00:07Z,2026-10-07,PIT @ WSH,8112572f236320d4d4c99b6eb0989b94,ags,yes,Ilya Protas,,bovada,275,,oddsapi
2026-10-07T21:00:07Z,2026-10-07,PIT @ WSH,8112572f236320d4d4c99b6eb0989b94,ags,yes,Kaedan Korczak,,bovada,2300,,oddsapi
2026-10-07T21:00:07Z,2026-10-07,PIT @ WSH,8112572f236320d4d4c99b6eb0989b94,ags,yes,Erik Karlsson,,bovada,475,,oddsapi
2026-10-07T21:00:07Z,2026-10-07,PIT @ WSH,8112572f236320d4d4c99b6eb0989b94,ags,yes,Blake Lizotte,,bovada,700,,oddsapi
2026-10-07T21:00:07Z,2026-10-07,PIT @ WSH,8112572f236320d4d4c99b6eb0989b94,ags,yes,Trevor van Riemsdyk,,bovada,1700,,oddsapi
2026-10-07T21:00:07Z,2026-10-07,PIT @ WSH,8112572f236320d4d4c99b6eb0989b94,ags,yes,Vincent Desharnais,,bovada,1600,,oddsapi
2026-10-07T21:00:07Z,2026-10-07,PIT @ WSH,8112572f236320d4d4c99b6eb0989b94,ags,yes,Dylan McIlrath,,bovada,1300,,oddsapi
2026-10-07T21:00:07Z,2026-10-07,PIT @ WSH,8112572f236320d4d4c99b6eb0989b94,fgs,yes,Kaedan Korczak,,bovada,12500,,oddsapi
2026-10-07T21:00:07Z,2026-10-07,PIT @ WSH,8112572f236320d4d4c99b6eb0989b94,fgs,yes,Kris Letang,,bovada,5000,,oddsapi
2026-10-07T21:00:07Z,2026-10-07,PIT @ WSH,8112572f236320d4d4c99b6eb0989b94,fgs,yes,Tommy Novak,,bovada,2200,,oddsapi
2026-10-07T21:00:07Z,2026-10-07,PIT @ WSH,8112572f236320d4d4c99b6eb0989b94,fgs,yes,Ryan Leonard,,bovada,2000,,oddsapi
2026-10-07T21:00:07Z,2026-10-07,PIT @ WSH,8112572f236320d4d4c99b6eb0989b94,fgs,yes,Declan Carlile,,bovada,7500,,oddsapi
2026-10-07T21:00:07Z,2026-10-07,PIT @ WSH,8112572f236320d4d4c99b6eb0989b94,fgs,yes,Connor Dewar,,bovada,4000,,oddsapi
2026-10-07T21:00:07Z,2026-10-07,PIT @ WSH,8112572f236320d4d4c99b6eb0989b94,fgs,yes,Hendrix Lapierre,,bovada,2200,,oddsapi
2026-10-07T21:00:07Z,2026-10-07,PIT @ WSH,8112572f236320d4d4c99b6eb0989b94,fgs,yes,Rickard Rakell,,bovada,1600,,oddsapi
2026-10-07T21:00:07Z,2026-10-07,PIT @ WSH,8112572f236320d4d4c99b6eb0989b94,fgs,yes,Alex Ovechkin,,bovada,1300,,oddsapi
2026-10-07T21:00:07Z,2026-10-07,PIT @ WSH,8112572f236320d4d4c99b6eb0989b94,fgs,yes,Sidney Crosby,,bovada,1600,,oddsapi
2026-10-07T21:00:07Z,2026-10-07,PIT @ WSH,8112572f236320d4d4c99b6eb0989b94,fgs,yes,Timothy Liljegren,,bovada,12500,,oddsapi
2026-10-07T21:00:07Z,2026-10-07,PIT @ WSH,8112572f236320d4d4c99b6eb0989b94,fgs,yes,Dylan Strome,,bovada,1900,,oddsapi
2026-10-07T21:00:07Z,2026-10-07,PIT @ WSH,8112572f236320d4d4c99b6eb0989b94,fgs,yes,Bryan Rust,,bovada,1600,,oddsapi
2026-10-07T21:00:07Z,2026-10-07,PIT @ WSH,8112572f236320d4d4c99b6eb0989b94,fgs,yes,Aliaksei Protas,,bovada,2500,,oddsapi
2026-10-07T21:00:07Z,2026-10-07,PIT @ WSH,8112572f236320d4d4c99b6eb0989b94,fgs,yes,Samuel Girard,,bovada,5500,,oddsapi
2026-10-07T21:00:07Z,2026-10-07,PIT @ WSH,8112572f236320d4d4c99b6eb0989b94,fgs,yes,Jordan Kyrou,,bovada,1700,,oddsapi
2026-10-07T21:00:07Z,2026-10-07,PIT @ WSH,8112572f236320d4d4c99b6eb0989b94,fgs,yes,Erik Karlsson,,bovada,3000,,oddsapi
2026-10-07T21:00:07Z,2026-10-07,PIT @ WSH,8112572f236320d4d4c99b6eb0989b94,fgs,yes,Pierre-Luc Dubois,,bovada,2200,,oddsapi
2026-10-07T21:00:07Z,2026-10-07,PIT @ WSH,8112572f236320d4d4c99b6eb0989b94,fgs,yes,Ben Kindel,,bovada,2200,,oddsapi
2026-10-07T21:00:07Z,2026-10-07,PIT @ WSH,8112572f236320d4d4c99b6eb0989b94,fgs,yes,Martin Fehervary,,bovada,10000,,oddsapi
2026-10-07T21:00:07Z,2026-10-07,PIT @ WSH,8112572f236320d4d4c99b6eb0989b94,fgs,yes,Anthony Beauvillier,,bovada,2200,,oddsapi
2026-10-07T21:00:07Z,2026-10-07,PIT @ WSH,8112572f236320d4d4c99b6eb0989b94,fgs,yes,Nick Robertson,,bovada,2500,,oddsapi
2026-10-07T21:00:07Z,2026-10-07,PIT @ WSH,8112572f236320d4d4c99b6eb0989b94,fgs,yes,Ville Koivunen,,bovada,3300,,oddsapi
2026-10-07T21:00:07Z,2026-10-07,PIT @ WSH,8112572f236320d4d4c99b6eb0989b94,fgs,yes,Tom Wilson,,bovada,1500,,oddsapi
2026-10-07T21:00:07Z,2026-10-07,PIT @ WSH,8112572f236320d4d4c99b6eb0989b94,fgs,yes,Yegor Chinakhov,,bovada,1900,,oddsapi
2026-10-07T21:00:07Z,2026-10-07,PIT @ WSH,8112572f236320d4d4c99b6eb0989b94,fgs,yes,Ilya Protas,,bovada,1900,,oddsapi
2026-10-07T21:00:07Z,2026-10-07,PIT @ WSH,8112572f236320d4d4c99b6eb0989b94,fgs,yes,Cole Hutson,,bovada,3000,,oddsapi
2026-10-07T21:00:07Z,2026-10-07,PIT @ WSH,8112572f236320d4d4c99b6eb0989b94,fgs,yes,Evgeni Malkin,,bovada,2000,,oddsapi
2026-10-07T21:00:07Z,2026-10-07,PIT @ WSH,8112572f236320d4d4c99b6eb0989b94,fgs,yes,Alex Tuch,,bovada,1400,,oddsapi
2026-10-07T21:00:07Z,2026-10-07,PIT @ WSH,8112572f236320d4d4c99b6eb0989b94,fgs,yes,Jakob Chychrun,,bovada,2000,,oddsapi
2026-10-07T21:00:07Z,2026-10-07,PIT @ WSH,8112572f236320d4d4c99b6eb0989b94,fgs,yes,Justin Sourdif,,bovada,3000,,oddsapi
2026-10-07T21:00:07Z,2026-10-07,PIT @ WSH,8112572f236320d4d4c99b6eb0989b94,fgs,yes,Boone Jenner,,bovada,3000,,oddsapi
2026-10-07T21:00:07Z,2026-10-07,PIT @ WSH,8112572f236320d4d4c99b6eb0989b94,sk_sog,over,Pierre-Luc Dubois,1.5,bovada,-120,-110,oddsapi
2026-10-07T21:00:07Z,2026-10-07,PIT @ WSH,8112572f236320d4d4c99b6eb0989b94,sk_sog,under,Pierre-Luc Dubois,1.5,bovada,-110,-120,oddsapi
2026-10-07T21:00:07Z,2026-10-07,PIT @ WSH,8112572f236320d4d4c99b6eb0989b94,sk_sog,over,Alex Ovechkin,2.5,bovada,-145,110,oddsapi
2026-10-07T21:00:07Z,2026-10-07,PIT @ WSH,8112572f236320d4d4c99b6eb0989b94,sk_sog,under,Alex Ovechkin,2.5,bovada,110,-145,oddsapi
2026-10-07T21:00:07Z,2026-10-07,PIT @ WSH,8112572f236320d4d4c99b6eb0989b94,sk_sog,over,Alex Tuch,2.5,bovada,110,-145,oddsapi
2026-10-07T21:00:07Z,2026-10-07,PIT @ WSH,8112572f236320d4d4c99b6eb0989b94,sk_sog,under,Alex Tuch,2.5,bovada,-145,110,oddsapi
2026-10-07T21:00:07Z,2026-10-07,PIT @ WSH,8112572f236320d4d4c99b6eb0989b94,sk_sog,over,Ben Kindel,1.5,bovada,-170,130,oddsapi
2026-10-07T21:00:07Z,2026-10-07,PIT @ WSH,8112572f236320d4d4c99b6eb0989b94,sk_sog,under,Ben Kindel,1.5,bovada,130,-170,oddsapi
2026-10-07T21:00:07Z,2026-10-07,PIT @ WSH,8112572f236320d4d4c99b6eb0989b94,sk_sog,over,Bryan Rust,1.5,bovada,-155,120,oddsapi
2026-10-07T21:00:07Z,2026-10-07,PIT @ WSH,8112572f236320d4d4c99b6eb0989b94,sk_sog,under,Bryan Rust,1.5,bovada,120,-155,oddsapi
2026-10-07T21:00:07Z,2026-10-07,PIT @ WSH,8112572f236320d4d4c99b6eb0989b94,sk_sog,over,Cole Hutson,1.5,bovada,-120,-110,oddsapi
2026-10-07T21:00:07Z,2026-10-07,PIT @ WSH,8112572f236320d4d4c99b6eb0989b94,sk_sog,under,Cole Hutson,1.5,bovada,-110,-120,oddsapi
2026-10-07T21:00:07Z,2026-10-07,PIT @ WSH,8112572f236320d4d4c99b6eb0989b94,sk_sog,over,Dylan Strome,1.5,bovada,-135,105,oddsapi
2026-10-07T21:00:07Z,2026-10-07,PIT @ WSH,8112572f236320d4d4c99b6eb0989b94,sk_sog,under,Dylan Strome,1.5,bovada,105,-135,oddsapi
2026-10-07T21:00:07Z,2026-10-07,PIT @ WSH,8112572f236320d4d4c99b6eb0989b94,sk_sog,over,Erik Karlsson,2.5,bovada,135,-175,oddsapi
2026-10-07T21:00:07Z,2026-10-07,PIT @ WSH,8112572f236320d4d4c99b6eb0989b94,sk_sog,under,Erik Karlsson,2.5,bovada,-175,135,oddsapi
2026-10-07T21:00:07Z,2026-10-07,PIT @ WSH,8112572f236320d4d4c99b6eb0989b94,sk_sog,over,Evgeni Malkin,1.5,bovada,-155,120,oddsapi
2026-10-07T21:00:07Z,2026-10-07,PIT @ WSH,8112572f236320d4d4c99b6eb0989b94,sk_sog,under,Evgeni Malkin,1.5,bovada,120,-155,oddsapi
2026-10-07T21:00:07Z,2026-10-07,PIT @ WSH,8112572f236320d4d4c99b6eb0989b94,sk_sog,over,Jakob Chychrun,2.5,bovada,-105,-125,oddsapi
2026-10-07T21:00:07Z,2026-10-07,PIT @ WSH,8112572f236320d4d4c99b6eb0989b94,sk_sog,under,Jakob Chychrun,2.5,bovada,-125,-105,oddsapi
2026-10-07T21:00:07Z,2026-10-07,PIT @ WSH,8112572f236320d4d4c99b6eb0989b94,sk_sog,over,Jordan Kyrou,1.5,bovada,-155,120,oddsapi
2026-10-07T21:00:07Z,2026-10-07,PIT @ WSH,8112572f236320d4d4c99b6eb0989b94,sk_sog,under,Jordan Kyrou,1.5,bovada,120,-155,oddsapi
2026-10-07T21:00:07Z,2026-10-07,PIT @ WSH,8112572f236320d4d4c99b6eb0989b94,sk_sog,over,Rickard Rakell,2.5,bovada,105,-135,oddsapi
2026-10-07T21:00:07Z,2026-10-07,PIT @ WSH,8112572f236320d4d4c99b6eb0989b94,sk_sog,under,Rickard Rakell,2.5,bovada,-135,105,oddsapi
2026-10-07T21:00:07Z,2026-10-07,PIT @ WSH,8112572f236320d4d4c99b6eb0989b94,sk_sog,over,Sidney Crosby,2.5,bovada,135,-175,oddsapi
2026-10-07T21:00:07Z,2026-10-07,PIT @ WSH,8112572f236320d4d4c99b6eb0989b94,sk_sog,under,Sidney Crosby,2.5,bovada,-175,135,oddsapi
2026-10-07T21:00:07Z,2026-10-07,PIT @ WSH,8112572f236320d4d4c99b6eb0989b94,sk_sog,over,Tom Wilson,2.5,bovada,135,-175,oddsapi
2026-10-07T21:00:07Z,2026-10-07,PIT @ WSH,8112572f236320d4d4c99b6eb0989b94,sk_sog,under,Tom Wilson,2.5,bovada,-175,135,oddsapi
2026-10-07T21:00:07Z,2026-10-07,PIT @ WSH,8112572f236320d4d4c99b6eb0989b94,sk_sog,over,Yegor Chinakhov,1.5,bovada,-175,135,oddsapi
2026-10-07T21:00:07Z,2026-10-07,PIT @ WSH,8112572f236320d4d4c99b6eb0989b94,sk_sog,under,Yegor Chinakhov,1.5,bovada,135,-175,oddsapi
2026-10-07T21:00:07Z,2026-10-07,PIT @ WSH,8112572f236320d4d4c99b6eb0989b94,g_saves,over,Arturs Silovs,26.5,bovada,-120,-110,oddsapi
2026-10-07T21:00:07Z,2026-10-07,PIT @ WSH,8112572f236320d4d4c99b6eb0989b94,g_saves,under,Arturs Silovs,26.5,bovada,-110,-120,oddsapi
2026-10-07T21:00:07Z,2026-10-07,PIT @ WSH,8112572f236320d4d4c99b6eb0989b94,g_saves,over,Logan Thompson,23.5,bovada,-130,100,oddsapi
2026-10-07T21:00:07Z,2026-10-07,PIT @ WSH,8112572f236320d4d4c99b6eb0989b94,g_saves,under,Logan Thompson,23.5,bovada,100,-130,oddsapi
2026-10-07T21:00:07Z,2026-10-07,PIT @ WSH,8112572f236320d4d4c99b6eb0989b94,p1_pl,PIT,,0.5,bovada,-185,140,oddsapi
2026-10-07T21:00:07Z,2026-10-07,PIT @ WSH,8112572f236320d4d4c99b6eb0989b94,p1_pl,WSH,,-0.5,bovada,140,-185,oddsapi
2026-10-07T21:00:07Z,2026-10-07,PIT @ WSH,8112572f236320d4d4c99b6eb0989b94,p2_pl,PIT,,0.5,bovada,-170,130,oddsapi
2026-10-07T21:00:07Z,2026-10-07,PIT @ WSH,8112572f236320d4d4c99b6eb0989b94,p2_pl,WSH,,-0.5,bovada,130,-170,oddsapi
2026-10-07T21:00:07Z,2026-10-07,PIT @ WSH,8112572f236320d4d4c99b6eb0989b94,p3_pl,PIT,,0.5,bovada,-150,115,oddsapi
2026-10-07T21:00:07Z,2026-10-07,PIT @ WSH,8112572f236320d4d4c99b6eb0989b94,p3_pl,WSH,,-0.5,bovada,115,-150,oddsapi
2026-10-07T21:00:07Z,2026-10-07,PIT @ WSH,8112572f236320d4d4c99b6eb0989b94,p1_total,over,,1.5,bovada,-150,115,oddsapi
2026-10-07T21:00:07Z,2026-10-07,PIT @ WSH,8112572f236320d4d4c99b6eb0989b94,p1_total,under,,1.5,bovada,115,-150,oddsapi
2026-10-07T21:00:07Z,2026-10-07,PIT @ WSH,8112572f236320d4d4c99b6eb0989b94,p2_total,over,,2,bovada,-115,-115,oddsapi
2026-10-07T21:00:07Z,2026-10-07,PIT @ WSH,8112572f236320d4d4c99b6eb0989b94,p2_total,under,,2,bovada,-115,-115,oddsapi
2026-10-07T21:00:07Z,2026-10-07,PIT @ WSH,8112572f236320d4d4c99b6eb0989b94,p3_total,over,,2,bovada,-160,120,oddsapi
2026-10-07T21:00:07Z,2026-10-07,PIT @ WSH,8112572f236320d4d4c99b6eb0989b94,p3_total,under,,2,bovada,120,-160,oddsapi
2026-10-07T21:00:07Z,2026-10-07,EDM @ ANA,db23cd7cb712b5c14c297aa6eece3627,p1_ml,ANA,,,betonlineag,105,-125,oddsapi
2026-10-07T21:00:07Z,2026-10-07,EDM @ ANA,db23cd7cb712b5c14c297aa6eece3627,p1_ml,EDM,,,betonlineag,-125,105,oddsapi
2026-10-07T21:00:07Z,2026-10-07,EDM @ ANA,db23cd7cb712b5c14c297aa6eece3627,sk_pts,over,Leon Draisaitl,1.5,betonlineag,113,-147,oddsapi
2026-10-07T21:00:07Z,2026-10-07,EDM @ ANA,db23cd7cb712b5c14c297aa6eece3627,sk_pts,under,Leon Draisaitl,1.5,betonlineag,-147,113,oddsapi
2026-10-07T21:00:07Z,2026-10-07,EDM @ ANA,db23cd7cb712b5c14c297aa6eece3627,sk_pts,over,Leo Carlsson,0.5,betonlineag,-185,142,oddsapi
2026-10-07T21:00:07Z,2026-10-07,EDM @ ANA,db23cd7cb712b5c14c297aa6eece3627,sk_pts,under,Leo Carlsson,0.5,betonlineag,142,-185,oddsapi
2026-10-07T21:00:07Z,2026-10-07,EDM @ ANA,db23cd7cb712b5c14c297aa6eece3627,sk_pts,over,Alex Killorn,0.5,betonlineag,136,-179,oddsapi
2026-10-07T21:00:07Z,2026-10-07,EDM @ ANA,db23cd7cb712b5c14c297aa6eece3627,sk_pts,under,Alex Killorn,0.5,betonlineag,-179,136,oddsapi
2026-10-07T21:00:07Z,2026-10-07,EDM @ ANA,db23cd7cb712b5c14c297aa6eece3627,sk_pts,over,Evan Bouchard,1.5,betonlineag,167,-222,oddsapi
2026-10-07T21:00:07Z,2026-10-07,EDM @ ANA,db23cd7cb712b5c14c297aa6eece3627,sk_pts,under,Evan Bouchard,1.5,betonlineag,-222,167,oddsapi
2026-10-07T21:00:07Z,2026-10-07,EDM @ ANA,db23cd7cb712b5c14c297aa6eece3627,sk_pts,over,Jackson LaCombe,0.5,betonlineag,-145,111,oddsapi
2026-10-07T21:00:07Z,2026-10-07,EDM @ ANA,db23cd7cb712b5c14c297aa6eece3627,sk_pts,under,Jackson LaCombe,0.5,betonlineag,111,-145,oddsapi
2026-10-07T21:00:07Z,2026-10-07,EDM @ ANA,db23cd7cb712b5c14c297aa6eece3627,sk_pts,over,Mattias Ekholm,0.5,betonlineag,174,-233,oddsapi
2026-10-07T21:00:07Z,2026-10-07,EDM @ ANA,db23cd7cb712b5c14c297aa6eece3627,sk_pts,under,Mattias Ekholm,0.5,betonlineag,-233,174,oddsapi
2026-10-07T21:00:07Z,2026-10-07,EDM @ ANA,db23cd7cb712b5c14c297aa6eece3627,sk_pts,over,Connor McDavid,1.5,betonlineag,-116,-111,oddsapi
2026-10-07T21:00:07Z,2026-10-07,EDM @ ANA,db23cd7cb712b5c14c297aa6eece3627,sk_pts,under,Connor McDavid,1.5,betonlineag,-111,-116,oddsapi
2026-10-07T21:00:07Z,2026-10-07,EDM @ ANA,db23cd7cb712b5c14c297aa6eece3627,sk_pts,over,Vasily Podkolzin,0.5,betonlineag,-164,125,oddsapi
2026-10-07T21:00:07Z,2026-10-07,EDM @ ANA,db23cd7cb712b5c14c297aa6eece3627,sk_pts,under,Vasily Podkolzin,0.5,betonlineag,125,-164,oddsapi
2026-10-07T21:00:07Z,2026-10-07,EDM @ ANA,db23cd7cb712b5c14c297aa6eece3627,sk_pts,over,Mikael Granlund,0.5,betonlineag,-127,-102,oddsapi
2026-10-07T21:00:07Z,2026-10-07,EDM @ ANA,db23cd7cb712b5c14c297aa6eece3627,sk_pts,under,Mikael Granlund,0.5,betonlineag,-102,-127,oddsapi
2026-10-07T21:00:07Z,2026-10-07,EDM @ ANA,db23cd7cb712b5c14c297aa6eece3627,sk_pts,over,Kasperi Kapanen,0.5,betonlineag,102,-132,oddsapi
2026-10-07T21:00:07Z,2026-10-07,EDM @ ANA,db23cd7cb712b5c14c297aa6eece3627,sk_pts,under,Kasperi Kapanen,0.5,betonlineag,-132,102,oddsapi
2026-10-07T21:00:07Z,2026-10-07,EDM @ ANA,db23cd7cb712b5c14c297aa6eece3627,sk_pts,over,Beckett Sennecke,0.5,betonlineag,-164,125,oddsapi
2026-10-07T21:00:07Z,2026-10-07,EDM @ ANA,db23cd7cb712b5c14c297aa6eece3627,sk_pts,under,Beckett Sennecke,0.5,betonlineag,125,-164,oddsapi
2026-10-07T21:00:07Z,2026-10-07,EDM @ ANA,db23cd7cb712b5c14c297aa6eece3627,sk_pts,over,Cutter Gauthier,0.5,betonlineag,-204,154,oddsapi
2026-10-07T21:00:07Z,2026-10-07,EDM @ ANA,db23cd7cb712b5c14c297aa6eece3627,sk_pts,under,Cutter Gauthier,0.5,betonlineag,154,-204,oddsapi
2026-10-07T21:00:07Z,2026-10-07,EDM @ ANA,db23cd7cb712b5c14c297aa6eece3627,sk_pts,over,A.J. Greer,0.5,betonlineag,146,-192,oddsapi
2026-10-07T21:00:07Z,2026-10-07,EDM @ ANA,db23cd7cb712b5c14c297aa6eece3627,sk_pts,under,A.J. Greer,0.5,betonlineag,-192,146,oddsapi
2026-10-07T21:00:07Z,2026-10-07,EDM @ ANA,db23cd7cb712b5c14c297aa6eece3627,sk_sog,over,Alex Killorn,1.5,betonlineag,-122,-106,oddsapi
2026-10-07T21:00:07Z,2026-10-07,EDM @ ANA,db23cd7cb712b5c14c297aa6eece3627,sk_sog,under,Alex Killorn,1.5,betonlineag,-106,-122,oddsapi
2026-10-07T21:00:07Z,2026-10-07,EDM @ ANA,db23cd7cb712b5c14c297aa6eece3627,sk_sog,over,Leon Draisaitl,3.5,betonlineag,128,-167,oddsapi
2026-10-07T21:00:07Z,2026-10-07,EDM @ ANA,db23cd7cb712b5c14c297aa6eece3627,sk_sog,under,Leon Draisaitl,3.5,betonlineag,-167,128,oddsapi
2026-10-07T21:00:07Z,2026-10-07,EDM @ ANA,db23cd7cb712b5c14c297aa6eece3627,sk_sog,over,Leo Carlsson,2.5,betonlineag,113,-147,oddsapi
2026-10-07T21:00:07Z,2026-10-07,EDM @ ANA,db23cd7cb712b5c14c297aa6eece3627,sk_sog,under,Leo Carlsson,2.5,betonlineag,-147,113,oddsapi
2026-10-07T21:00:07Z,2026-10-07,EDM @ ANA,db23cd7cb712b5c14c297aa6eece3627,sk_sog,over,Jackson LaCombe,1.5,betonlineag,-149,115,oddsapi
2026-10-07T21:00:07Z,2026-10-07,EDM @ ANA,db23cd7cb712b5c14c297aa6eece3627,sk_sog,under,Jackson LaCombe,1.5,betonlineag,115,-149,oddsapi
2026-10-07T21:00:07Z,2026-10-07,EDM @ ANA,db23cd7cb712b5c14c297aa6eece3627,sk_sog,over,Evan Bouchard,2.5,betonlineag,-127,-102,oddsapi
2026-10-07T21:00:07Z,2026-10-07,EDM @ ANA,db23cd7cb712b5c14c297aa6eece3627,sk_sog,under,Evan Bouchard,2.5,betonlineag,-102,-127,oddsapi
2026-10-07T21:00:07Z,2026-10-07,EDM @ ANA,db23cd7cb712b5c14c297aa6eece3627,sk_sog,over,Connor McDavid,3.5,betonlineag,113,-147,oddsapi
2026-10-07T21:00:07Z,2026-10-07,EDM @ ANA,db23cd7cb712b5c14c297aa6eece3627,sk_sog,under,Connor McDavid,3.5,betonlineag,-147,113,oddsapi
2026-10-07T21:00:07Z,2026-10-07,EDM @ ANA,db23cd7cb712b5c14c297aa6eece3627,sk_sog,over,Cutter Gauthier,3.5,betonlineag,-108,-120,oddsapi
2026-10-07T21:00:07Z,2026-10-07,EDM @ ANA,db23cd7cb712b5c14c297aa6eece3627,sk_sog,under,Cutter Gauthier,3.5,betonlineag,-120,-108,oddsapi
2026-10-07T21:00:07Z,2026-10-07,EDM @ ANA,db23cd7cb712b5c14c297aa6eece3627,sk_sog,over,Vasily Podkolzin,2.5,betonlineag,-103,-125,oddsapi
2026-10-07T21:00:07Z,2026-10-07,EDM @ ANA,db23cd7cb712b5c14c297aa6eece3627,sk_sog,under,Vasily Podkolzin,2.5,betonlineag,-125,-103,oddsapi
2026-10-07T21:00:07Z,2026-10-07,EDM @ ANA,db23cd7cb712b5c14c297aa6eece3627,sk_sog,over,Beckett Sennecke,2.5,betonlineag,117,-152,oddsapi
2026-10-07T21:00:07Z,2026-10-07,EDM @ ANA,db23cd7cb712b5c14c297aa6eece3627,sk_sog,under,Beckett Sennecke,2.5,betonlineag,-152,117,oddsapi
2026-10-07T21:00:07Z,2026-10-07,EDM @ ANA,db23cd7cb712b5c14c297aa6eece3627,sk_sog,over,Mikael Granlund,1.5,betonlineag,-139,107,oddsapi
2026-10-07T21:00:07Z,2026-10-07,EDM @ ANA,db23cd7cb712b5c14c297aa6eece3627,sk_sog,under,Mikael Granlund,1.5,betonlineag,107,-139,oddsapi
2026-10-07T21:00:07Z,2026-10-07,EDM @ ANA,db23cd7cb712b5c14c297aa6eece3627,sk_sog,over,Kasperi Kapanen,1.5,betonlineag,-135,104,oddsapi
2026-10-07T21:00:07Z,2026-10-07,EDM @ ANA,db23cd7cb712b5c14c297aa6eece3627,sk_sog,under,Kasperi Kapanen,1.5,betonlineag,104,-135,oddsapi
2026-10-07T21:00:07Z,2026-10-07,EDM @ ANA,db23cd7cb712b5c14c297aa6eece3627,g_saves,over,Lukas Dostal,25.5,betonlineag,-116,-111,oddsapi
2026-10-07T21:00:07Z,2026-10-07,EDM @ ANA,db23cd7cb712b5c14c297aa6eece3627,g_saves,under,Lukas Dostal,25.5,betonlineag,-111,-116,oddsapi
2026-10-07T21:00:07Z,2026-10-07,EDM @ ANA,db23cd7cb712b5c14c297aa6eece3627,g_saves,over,Devon Levi,23.5,betonlineag,-115,-112,oddsapi
2026-10-07T21:00:07Z,2026-10-07,EDM @ ANA,db23cd7cb712b5c14c297aa6eece3627,g_saves,under,Devon Levi,23.5,betonlineag,-112,-115,oddsapi
2026-10-07T21:00:07Z,2026-10-07,EDM @ ANA,db23cd7cb712b5c14c297aa6eece3627,p1_pl,ANA,,0.5,betonlineag,-180,157,oddsapi
2026-10-07T21:00:07Z,2026-10-07,EDM @ ANA,db23cd7cb712b5c14c297aa6eece3627,p1_pl,EDM,,-0.5,betonlineag,157,-180,oddsapi
2026-10-07T21:00:07Z,2026-10-07,EDM @ ANA,db23cd7cb712b5c14c297aa6eece3627,team_total,over,ANA,3.5,betonlineag,113,-145,oddsapi
2026-10-07T21:00:07Z,2026-10-07,EDM @ ANA,db23cd7cb712b5c14c297aa6eece3627,team_total,under,ANA,3.5,betonlineag,-145,113,oddsapi
2026-10-07T21:00:07Z,2026-10-07,EDM @ ANA,db23cd7cb712b5c14c297aa6eece3627,team_total,over,EDM,3.5,betonlineag,-105,-125,oddsapi
2026-10-07T21:00:07Z,2026-10-07,EDM @ ANA,db23cd7cb712b5c14c297aa6eece3627,team_total,under,EDM,3.5,betonlineag,-125,-105,oddsapi
2026-10-07T21:00:07Z,2026-10-07,EDM @ ANA,db23cd7cb712b5c14c297aa6eece3627,p1_total,over,,1.5,betonlineag,-165,145,oddsapi
2026-10-07T21:00:07Z,2026-10-07,EDM @ ANA,db23cd7cb712b5c14c297aa6eece3627,p1_total,under,,1.5,betonlineag,145,-165,oddsapi
2026-10-07T21:00:07Z,2026-10-07,EDM @ ANA,db23cd7cb712b5c14c297aa6eece3627,team_total_alt,over,ANA,2.5,betrivers,-200,145,oddsapi
2026-10-07T21:00:07Z,2026-10-07,EDM @ ANA,db23cd7cb712b5c14c297aa6eece3627,team_total_alt,under,ANA,2.5,betrivers,145,-200,oddsapi
2026-10-07T21:00:07Z,2026-10-07,EDM @ ANA,db23cd7cb712b5c14c297aa6eece3627,team_total_alt,over,ANA,1.5,betrivers,-625,375,oddsapi
2026-10-07T21:00:07Z,2026-10-07,EDM @ ANA,db23cd7cb712b5c14c297aa6eece3627,team_total_alt,under,ANA,1.5,betrivers,375,-625,oddsapi
2026-10-07T21:00:07Z,2026-10-07,EDM @ ANA,db23cd7cb712b5c14c297aa6eece3627,team_total_alt,over,ANA,4.5,betrivers,270,-420,oddsapi
2026-10-07T21:00:07Z,2026-10-07,EDM @ ANA,db23cd7cb712b5c14c297aa6eece3627,team_total_alt,under,ANA,4.5,betrivers,-420,270,oddsapi
2026-10-07T21:00:07Z,2026-10-07,EDM @ ANA,db23cd7cb712b5c14c297aa6eece3627,team_total_alt,over,ANA,3.5,betrivers,120,-165,oddsapi
2026-10-07T21:00:07Z,2026-10-07,EDM @ ANA,db23cd7cb712b5c14c297aa6eece3627,team_total_alt,under,ANA,3.5,betrivers,-165,120,oddsapi
2026-10-07T21:00:07Z,2026-10-07,EDM @ ANA,db23cd7cb712b5c14c297aa6eece3627,team_total_alt,over,EDM,2.5,betrivers,-286,195,oddsapi
2026-10-07T21:00:07Z,2026-10-07,EDM @ ANA,db23cd7cb712b5c14c297aa6eece3627,team_total_alt,under,EDM,2.5,betrivers,195,-286,oddsapi
2026-10-07T21:00:07Z,2026-10-07,EDM @ ANA,db23cd7cb712b5c14c297aa6eece3627,team_total_alt,over,EDM,4.5,betrivers,210,-305,oddsapi
2026-10-07T21:00:07Z,2026-10-07,EDM @ ANA,db23cd7cb712b5c14c297aa6eece3627,team_total_alt,under,EDM,4.5,betrivers,-305,210,oddsapi
2026-10-07T21:00:07Z,2026-10-07,EDM @ ANA,db23cd7cb712b5c14c297aa6eece3627,team_total_alt,over,EDM,3.5,betrivers,-112,-121,oddsapi
2026-10-07T21:00:07Z,2026-10-07,EDM @ ANA,db23cd7cb712b5c14c297aa6eece3627,team_total_alt,under,EDM,3.5,betrivers,-121,-112,oddsapi
2026-10-07T21:00:07Z,2026-10-07,EDM @ ANA,db23cd7cb712b5c14c297aa6eece3627,team_total_alt,over,EDM,5.5,betrivers,460,-910,oddsapi
2026-10-07T21:00:07Z,2026-10-07,EDM @ ANA,db23cd7cb712b5c14c297aa6eece3627,team_total_alt,under,EDM,5.5,betrivers,-910,460,oddsapi
2026-10-07T21:00:07Z,2026-10-07,EDM @ ANA,db23cd7cb712b5c14c297aa6eece3627,game_ml3,ANA,,,betrivers,175,,oddsapi
2026-10-07T21:00:07Z,2026-10-07,EDM @ ANA,db23cd7cb712b5c14c297aa6eece3627,game_ml3,EDM,,,betrivers,117,,oddsapi
2026-10-07T21:00:07Z,2026-10-07,EDM @ ANA,db23cd7cb712b5c14c297aa6eece3627,game_ml3,draw,,,betrivers,320,,oddsapi
2026-10-07T21:00:07Z,2026-10-07,EDM @ ANA,db23cd7cb712b5c14c297aa6eece3627,p1_ml3,ANA,,,betrivers,180,,oddsapi
2026-10-07T21:00:07Z,2026-10-07,EDM @ ANA,db23cd7cb712b5c14c297aa6eece3627,p1_ml3,EDM,,,betrivers,155,,oddsapi
2026-10-07T21:00:07Z,2026-10-07,EDM @ ANA,db23cd7cb712b5c14c297aa6eece3627,p1_ml3,draw,,,betrivers,205,,oddsapi
2026-10-07T21:00:07Z,2026-10-07,EDM @ ANA,db23cd7cb712b5c14c297aa6eece3627,p2_ml3,ANA,,,betrivers,180,,oddsapi
2026-10-07T21:00:07Z,2026-10-07,EDM @ ANA,db23cd7cb712b5c14c297aa6eece3627,p2_ml3,EDM,,,betrivers,145,,oddsapi
2026-10-07T21:00:07Z,2026-10-07,EDM @ ANA,db23cd7cb712b5c14c297aa6eece3627,p2_ml3,draw,,,betrivers,220,,oddsapi
2026-10-07T21:00:07Z,2026-10-07,EDM @ ANA,db23cd7cb712b5c14c297aa6eece3627,p3_ml3,ANA,,,betrivers,180,,oddsapi
2026-10-07T21:00:07Z,2026-10-07,EDM @ ANA,db23cd7cb712b5c14c297aa6eece3627,p3_ml3,EDM,,,betrivers,135,,oddsapi
2026-10-07T21:00:07Z,2026-10-07,EDM @ ANA,db23cd7cb712b5c14c297aa6eece3627,p3_ml3,draw,,,betrivers,240,,oddsapi
2026-10-07T21:00:07Z,2026-10-07,EDM @ ANA,db23cd7cb712b5c14c297aa6eece3627,ags,yes,Noah Warren,,betrivers,850,,oddsapi
2026-10-07T21:00:07Z,2026-10-07,EDM @ ANA,db23cd7cb712b5c14c297aa6eece3627,ags,yes,Cutter Gauthier,,betrivers,115,,oddsapi
2026-10-07T21:00:07Z,2026-10-07,EDM @ ANA,db23cd7cb712b5c14c297aa6eece3627,ags,yes,Pavel Mintyukov,,betrivers,800,,oddsapi
2026-10-07T21:00:07Z,2026-10-07,EDM @ ANA,db23cd7cb712b5c14c297aa6eece3627,ags,yes,Isaac Howard,,betrivers,500,,oddsapi
2026-10-07T21:00:07Z,2026-10-07,EDM @ ANA,db23cd7cb712b5c14c297aa6eece3627,ags,yes,Mathieu Joseph,,betrivers,510,,oddsapi
2026-10-07T21:00:07Z,2026-10-07,EDM @ ANA,db23cd7cb712b5c14c297aa6eece3627,ags,yes,Leo Carlsson,,betrivers,180,,oddsapi
2026-10-07T21:00:07Z,2026-10-07,EDM @ ANA,db23cd7cb712b5c14c297aa6eece3627,ags,yes,Jeff Malott,,betrivers,650,,oddsapi
2026-10-07T21:00:07Z,2026-10-07,EDM @ ANA,db23cd7cb712b5c14c297aa6eece3627,ags,yes,Ryan Shea,,betrivers,650,,oddsapi
2026-10-07T21:00:07Z,2026-10-07,EDM @ ANA,db23cd7cb712b5c14c297aa6eece3627,ags,yes,Leon Draisaitl,,betrivers,104,,oddsapi
2026-10-07T21:00:07Z,2026-10-07,EDM @ ANA,db23cd7cb712b5c14c297aa6eece3627,ags,yes,Jackson LaCombe,,betrivers,500,,oddsapi
2026-10-07T21:00:07Z,2026-10-07,EDM @ ANA,db23cd7cb712b5c14c297aa6eece3627,ags,yes,Tristan Luneau,,betrivers,700,,oddsapi
2026-10-07T21:00:07Z,2026-10-07,EDM @ ANA,db23cd7cb712b5c14c297aa6eece3627,ags,yes,Mikael Granlund,,betrivers,255,,oddsapi
2026-10-07T21:00:07Z,2026-10-07,EDM @ ANA,db23cd7cb712b5c14c297aa6eece3627,ags,yes,Josh Samanski,,betrivers,850,,oddsapi
2026-10-07T21:00:07Z,2026-10-07,EDM @ ANA,db23cd7cb712b5c14c297aa6eece3627,ags,yes,Connor McDavid,,betrivers,116,,oddsapi
2026-10-07T21:00:07Z,2026-10-07,EDM @ ANA,db23cd7cb712b5c14c297aa6eece3627,ags,yes,Tyson Hinds,,betrivers,700,,oddsapi
2026-10-07T21:00:07Z,2026-10-07,EDM @ ANA,db23cd7cb712b5c14c297aa6eece3627,ags,yes,Jason Dickinson,,betrivers,380,,oddsapi
2026-10-07T21:00:07Z,2026-10-07,EDM @ ANA,db23cd7cb712b5c14c297aa6eece3627,ags,yes,Ryan Poehling,,betrivers,430,,oddsapi
2026-10-07T21:00:07Z,2026-10-07,EDM @ ANA,db23cd7cb712b5c14c297aa6eece3627,ags,yes,Alex Killorn,,betrivers,340,,oddsapi
2026-10-07T21:00:07Z,2026-10-07,EDM @ ANA,db23cd7cb712b5c14c297aa6eece3627,ags,yes,Kasperi Kapanen,,betrivers,275,,oddsapi
2026-10-07T21:00:07Z,2026-10-07,EDM @ ANA,db23cd7cb712b5c14c297aa6eece3627,ags,yes,Connor Murphy,,betrivers,850,,oddsapi
2026-10-07T21:00:07Z,2026-10-07,EDM @ ANA,db23cd7cb712b5c14c297aa6eece3627,ags,yes,Tim Washe,,betrivers,750,,oddsapi
2026-10-07T21:00:07Z,2026-10-07,EDM @ ANA,db23cd7cb712b5c14c297aa6eece3627,ags,yes,Travis Mitchell,,betrivers,900,,oddsapi
2026-10-07T21:00:07Z,2026-10-07,EDM @ ANA,db23cd7cb712b5c14c297aa6eece3627,ags,yes,Trent Frederic,,betrivers,360,,oddsapi
2026-10-07T21:00:07Z,2026-10-07,EDM @ ANA,db23cd7cb712b5c14c297aa6eece3627,ags,yes,Nikita Nesterenko,,betrivers,600,,oddsapi
2026-10-07T21:00:07Z,2026-10-07,EDM @ ANA,db23cd7cb712b5c14c297aa6eece3627,ags,yes,Owen Michaels,,betrivers,480,,oddsapi
2026-10-07T21:00:07Z,2026-10-07,EDM @ ANA,db23cd7cb712b5c14c297aa6eece3627,ags,yes,Alex Formenton,,betrivers,700,,oddsapi
2026-10-07T21:00:07Z,2026-10-07,EDM @ ANA,db23cd7cb712b5c14c297aa6eece3627,ags,yes,Vasily Podkolzin,,betrivers,195,,oddsapi
2026-10-07T21:00:07Z,2026-10-07,EDM @ ANA,db23cd7cb712b5c14c297aa6eece3627,ags,yes,Judd Caulfield,,betrivers,950,,oddsapi
2026-10-07T21:00:07Z,2026-10-07,EDM @ ANA,db23cd7cb712b5c14c297aa6eece3627,ags,yes,Evan Bouchard,,betrivers,290,,oddsapi
2026-10-07T21:00:07Z,2026-10-07,EDM @ ANA,db23cd7cb712b5c14c297aa6eece3627,ags,yes,Mattias Ekholm,,betrivers,700,,oddsapi
2026-10-07T21:00:07Z,2026-10-07,EDM @ ANA,db23cd7cb712b5c14c297aa6eece3627,ags,yes,Jake Walman,,betrivers,650,,oddsapi
2026-10-07T21:00:07Z,2026-10-07,EDM @ ANA,db23cd7cb712b5c14c297aa6eece3627,ags,yes,Ty Emberson,,betrivers,900,,oddsapi
2026-10-07T21:00:07Z,2026-10-07,EDM @ ANA,db23cd7cb712b5c14c297aa6eece3627,ags,yes,A.J. Greer,,betrivers,460,,oddsapi
2026-10-07T21:00:07Z,2026-10-07,EDM @ ANA,db23cd7cb712b5c14c297aa6eece3627,ags,yes,Beckett Sennecke,,betrivers,215,,oddsapi
2026-10-07T21:00:07Z,2026-10-07,EDM @ ANA,db23cd7cb712b5c14c297aa6eece3627,fgs,yes,Josh Samanski,,betrivers,4000,,oddsapi
2026-10-07T21:00:07Z,2026-10-07,EDM @ ANA,db23cd7cb712b5c14c297aa6eece3627,fgs,yes,Tim Washe,,betrivers,3400,,oddsapi
2026-10-07T21:00:07Z,2026-10-07,EDM @ ANA,db23cd7cb712b5c14c297aa6eece3627,fgs,yes,Noah Warren,,betrivers,4000,,oddsapi
2026-10-07T21:00:07Z,2026-10-07,EDM @ ANA,db23cd7cb712b5c14c297aa6eece3627,fgs,yes,Kasperi Kapanen,,betrivers,1300,,oddsapi
2026-10-07T21:00:07Z,2026-10-07,EDM @ ANA,db23cd7cb712b5c14c297aa6eece3627,fgs,yes,Tyson Hinds,,betrivers,3000,,oddsapi
2026-10-07T21:00:07Z,2026-10-07,EDM @ ANA,db23cd7cb712b5c14c297aa6eece3627,fgs,yes,Mathieu Joseph,,betrivers,2200,,oddsapi
2026-10-07T21:00:07Z,2026-10-07,EDM @ ANA,db23cd7cb712b5c14c297aa6eece3627,fgs,yes,Connor Murphy,,betrivers,4000,,oddsapi
2026-10-07T21:00:07Z,2026-10-07,EDM @ ANA,db23cd7cb712b5c14c297aa6eece3627,fgs,yes,Mattias Ekholm,,betrivers,3300,,oddsapi
2026-10-07T21:00:07Z,2026-10-07,EDM @ ANA,db23cd7cb712b5c14c297aa6eece3627,fgs,yes,Beckett Sennecke,,betrivers,1000,,oddsapi
2026-10-07T21:00:07Z,2026-10-07,EDM @ ANA,db23cd7cb712b5c14c297aa6eece3627,fgs,yes,Leon Draisaitl,,betrivers,600,,oddsapi
2026-10-07T21:00:07Z,2026-10-07,EDM @ ANA,db23cd7cb712b5c14c297aa6eece3627,fgs,yes,Ty Emberson,,betrivers,4000,,oddsapi
2026-10-07T21:00:07Z,2026-10-07,EDM @ ANA,db23cd7cb712b5c14c297aa6eece3627,fgs,yes,Ryan Shea,,betrivers,2900,,oddsapi
2026-10-07T21:00:07Z,2026-10-07,EDM @ ANA,db23cd7cb712b5c14c297aa6eece3627,fgs,yes,Alex Killorn,,betrivers,1500,,oddsapi
2026-10-07T21:00:07Z,2026-10-07,EDM @ ANA,db23cd7cb712b5c14c297aa6eece3627,fgs,yes,Tristan Luneau,,betrivers,3000,,oddsapi
2026-10-07T21:00:07Z,2026-10-07,EDM @ ANA,db23cd7cb712b5c14c297aa6eece3627,fgs,yes,Leo Carlsson,,betrivers,850,,oddsapi
2026-10-07T21:00:07Z,2026-10-07,EDM @ ANA,db23cd7cb712b5c14c297aa6eece3627,fgs,yes,Travis Mitchell,,betrivers,4000,,oddsapi
2026-10-07T21:00:07Z,2026-10-07,EDM @ ANA,db23cd7cb712b5c14c297aa6eece3627,fgs,yes,Alex Formenton,,betrivers,3300,,oddsapi
2026-10-07T21:00:07Z,2026-10-07,EDM @ ANA,db23cd7cb712b5c14c297aa6eece3627,fgs,yes,Jeff Malott,,betrivers,2900,,oddsapi
2026-10-07T21:00:07Z,2026-10-07,EDM @ ANA,db23cd7cb712b5c14c297aa6eece3627,fgs,yes,Evan Bouchard,,betrivers,1300,,oddsapi
2026-10-07T21:00:07Z,2026-10-07,EDM @ ANA,db23cd7cb712b5c14c297aa6eece3627,fgs,yes,Vasily Podkolzin,,betrivers,950,,oddsapi
2026-10-07T21:00:07Z,2026-10-07,EDM @ ANA,db23cd7cb712b5c14c297aa6eece3627,fgs,yes,Nikita Nesterenko,,betrivers,2500,,oddsapi
2026-10-07T21:00:07Z,2026-10-07,EDM @ ANA,db23cd7cb712b5c14c297aa6eece3627,fgs,yes,Jake Walman,,betrivers,2900,,oddsapi
2026-10-07T21:00:07Z,2026-10-07,EDM @ ANA,db23cd7cb712b5c14c297aa6eece3627,fgs,yes,Cutter Gauthier,,betrivers,600,,oddsapi
2026-10-07T21:00:07Z,2026-10-07,EDM @ ANA,db23cd7cb712b5c14c297aa6eece3627,fgs,yes,Pavel Mintyukov,,betrivers,4000,,oddsapi
2026-10-07T21:00:07Z,2026-10-07,EDM @ ANA,db23cd7cb712b5c14c297aa6eece3627,fgs,yes,Mikael Granlund,,betrivers,1150,,oddsapi
2026-10-07T21:00:07Z,2026-10-07,EDM @ ANA,db23cd7cb712b5c14c297aa6eece3627,fgs,yes,A.J. Greer,,betrivers,2000,,oddsapi
2026-10-07T21:00:07Z,2026-10-07,EDM @ ANA,db23cd7cb712b5c14c297aa6eece3627,fgs,yes,Ryan Poehling,,betrivers,1800,,oddsapi
2026-10-07T21:00:07Z,2026-10-07,EDM @ ANA,db23cd7cb712b5c14c297aa6eece3627,fgs,yes,Jackson LaCombe,,betrivers,2000,,oddsapi
2026-10-07T21:00:07Z,2026-10-07,EDM @ ANA,db23cd7cb712b5c14c297aa6eece3627,fgs,yes,Trent Frederic,,betrivers,1600,,oddsapi
2026-10-07T21:00:07Z,2026-10-07,EDM @ ANA,db23cd7cb712b5c14c297aa6eece3627,fgs,yes,Owen Michaels,,betrivers,2000,,oddsapi
2026-10-07T21:00:07Z,2026-10-07,EDM @ ANA,db23cd7cb712b5c14c297aa6eece3627,fgs,yes,Connor McDavid,,betrivers,650,,oddsapi
2026-10-07T21:00:07Z,2026-10-07,EDM @ ANA,db23cd7cb712b5c14c297aa6eece3627,fgs,yes,Isaac Howard,,betrivers,2200,,oddsapi
2026-10-07T21:00:07Z,2026-10-07,EDM @ ANA,db23cd7cb712b5c14c297aa6eece3627,fgs,yes,Judd Caulfield,,betrivers,4000,,oddsapi
2026-10-07T21:00:07Z,2026-10-07,EDM @ ANA,db23cd7cb712b5c14c297aa6eece3627,fgs,yes,Jason Dickinson,,betrivers,1700,,oddsapi
2026-10-07T21:00:07Z,2026-10-07,EDM @ ANA,db23cd7cb712b5c14c297aa6eece3627,sk_g,over,Cutter Gauthier,1.5,betrivers,550,,oddsapi
2026-10-07T21:00:07Z,2026-10-07,EDM @ ANA,db23cd7cb712b5c14c297aa6eece3627,sk_g,over,Jake Walman,1.5,betrivers,9000,,oddsapi
2026-10-07T21:00:07Z,2026-10-07,EDM @ ANA,db23cd7cb712b5c14c297aa6eece3627,sk_g,over,Kasperi Kapanen,1.5,betrivers,1900,,oddsapi
2026-10-07T21:00:07Z,2026-10-07,EDM @ ANA,db23cd7cb712b5c14c297aa6eece3627,sk_g,over,Ryan Shea,1.5,betrivers,10000,,oddsapi
2026-10-07T21:00:07Z,2026-10-07,EDM @ ANA,db23cd7cb712b5c14c297aa6eece3627,sk_g,over,Mikael Granlund,1.5,betrivers,1500,,oddsapi
2026-10-07T21:00:07Z,2026-10-07,EDM @ ANA,db23cd7cb712b5c14c297aa6eece3627,sk_g,over,Mikael Granlund,2.5,betrivers,10000,,oddsapi
2026-10-07T21:00:07Z,2026-10-07,EDM @ ANA,db23cd7cb712b5c14c297aa6eece3627,sk_g,over,Mathieu Joseph,1.5,betrivers,5000,,oddsapi
2026-10-07T21:00:07Z,2026-10-07,EDM @ ANA,db23cd7cb712b5c14c297aa6eece3627,sk_g,over,Connor McDavid,1.5,betrivers,575,,oddsapi
2026-10-07T21:00:07Z,2026-10-07,EDM @ ANA,db23cd7cb712b5c14c297aa6eece3627,sk_g,over,Trent Frederic,1.5,betrivers,2800,,oddsapi
2026-10-07T21:00:07Z,2026-10-07,EDM @ ANA,db23cd7cb712b5c14c297aa6eece3627,sk_g,over,Josh Samanski,1.5,betrivers,16000,,oddsapi
2026-10-07T21:00:07Z,2026-10-07,EDM @ ANA,db23cd7cb712b5c14c297aa6eece3627,sk_g,over,Nikita Nesterenko,1.5,betrivers,7500,,oddsapi
2026-10-07T21:00:07Z,2026-10-07,EDM @ ANA,db23cd7cb712b5c14c297aa6eece3627,sk_g,over,Owen Michaels,1.5,betrivers,5000,,oddsapi
2026-10-07T21:00:07Z,2026-10-07,EDM @ ANA,db23cd7cb712b5c14c297aa6eece3627,sk_g,over,Pavel Mintyukov,1.5,betrivers,14000,,oddsapi
2026-10-07T21:00:07Z,2026-10-07,EDM @ ANA,db23cd7cb712b5c14c297aa6eece3627,sk_g,over,Beckett Sennecke,2.5,betrivers,8000,,oddsapi
2026-10-07T21:00:07Z,2026-10-07,EDM @ ANA,db23cd7cb712b5c14c297aa6eece3627,sk_g,over,Beckett Sennecke,1.5,betrivers,1300,,oddsapi
2026-10-07T21:00:07Z,2026-10-07,EDM @ ANA,db23cd7cb712b5c14c297aa6eece3627,sk_g,over,Evan Bouchard,1.5,betrivers,2000,,oddsapi
2026-10-07T21:00:07Z,2026-10-07,EDM @ ANA,db23cd7cb712b5c14c297aa6eece3627,sk_g,over,Tyson Hinds,1.5,betrivers,12500,,oddsapi
2026-10-07T21:00:07Z,2026-10-07,EDM @ ANA,db23cd7cb712b5c14c297aa6eece3627,sk_g,over,Cutter Gauthier,2.5,betrivers,2400,,oddsapi
2026-10-07T21:00:07Z,2026-10-07,EDM @ ANA,db23cd7cb712b5c14c297aa6eece3627,sk_g,over,Mattias Ekholm,1.5,betrivers,9000,,oddsapi
2026-10-07T21:00:07Z,2026-10-07,EDM @ ANA,db23cd7cb712b5c14c297aa6eece3627,sk_g,over,Kasperi Kapanen,2.5,betrivers,18000,,oddsapi
2026-10-07T21:00:07Z,2026-10-07,EDM @ ANA,db23cd7cb712b5c14c297aa6eece3627,sk_g,over,Noah Warren,1.5,betrivers,14000,,oddsapi
2026-10-07T21:00:07Z,2026-10-07,EDM @ ANA,db23cd7cb712b5c14c297aa6eece3627,sk_g,over,Jeff Malott,1.5,betrivers,9000,,oddsapi
2026-10-07T21:00:07Z,2026-10-07,EDM @ ANA,db23cd7cb712b5c14c297aa6eece3627,sk_g,over,Travis Mitchell,1.5,betrivers,18000,,oddsapi
2026-10-07T21:00:07Z,2026-10-07,EDM @ ANA,db23cd7cb712b5c14c297aa6eece3627,sk_g,over,Isaac Howard,1.5,betrivers,5000,,oddsapi
2026-10-07T21:00:07Z,2026-10-07,EDM @ ANA,db23cd7cb712b5c14c297aa6eece3627,sk_g,over,Leo Carlsson,1.5,betrivers,950,,oddsapi
2026-10-07T21:00:07Z,2026-10-07,EDM @ ANA,db23cd7cb712b5c14c297aa6eece3627,sk_g,over,Alex Formenton,1.5,betrivers,9000,,oddsapi
2026-10-07T21:00:07Z,2026-10-07,EDM @ ANA,db23cd7cb712b5c14c297aa6eece3627,sk_g,over,Jason Dickinson,1.5,betrivers,3300,,oddsapi
2026-10-07T21:00:07Z,2026-10-07,EDM @ ANA,db23cd7cb712b5c14c297aa6eece3627,sk_g,over,Connor Murphy,1.5,betrivers,15000,,oddsapi
2026-10-07T21:00:07Z,2026-10-07,EDM @ ANA,db23cd7cb712b5c14c297aa6eece3627,sk_g,over,Ty Emberson,1.5,betrivers,16000,,oddsapi
2026-10-07T21:00:07Z,2026-10-07,EDM @ ANA,db23cd7cb712b5c14c297aa6eece3627,sk_g,over,Evan Bouchard,2.5,betrivers,16000,,oddsapi
2026-10-07T21:00:07Z,2026-10-07,EDM @ ANA,db23cd7cb712b5c14c297aa6eece3627,sk_g,over,Ryan Poehling,1.5,betrivers,3500,,oddsapi
2026-10-07T21:00:07Z,2026-10-07,EDM @ ANA,db23cd7cb712b5c14c297aa6eece3627,sk_g,over,A.J. Greer,1.5,betrivers,4000,,oddsapi
2026-10-07T21:00:07Z,2026-10-07,EDM @ ANA,db23cd7cb712b5c14c297aa6eece3627,sk_g,over,Leon Draisaitl,2.5,betrivers,2000,,oddsapi
2026-10-07T21:00:07Z,2026-10-07,EDM @ ANA,db23cd7cb712b5c14c297aa6eece3627,sk_g,over,Alex Killorn,1.5,betrivers,2500,,oddsapi
2026-10-07T21:00:07Z,2026-10-07,EDM @ ANA,db23cd7cb712b5c14c297aa6eece3627,sk_g,over,Tim Washe,1.5,betrivers,10000,,oddsapi
2026-10-07T21:00:07Z,2026-10-07,EDM @ ANA,db23cd7cb712b5c14c297aa6eece3627,sk_g,over,Jackson LaCombe,1.5,betrivers,5000,,oddsapi
2026-10-07T21:00:07Z,2026-10-07,EDM @ ANA,db23cd7cb712b5c14c297aa6eece3627,sk_g,over,Leo Carlsson,2.5,betrivers,6000,,oddsapi
2026-10-07T21:00:07Z,2026-10-07,EDM @ ANA,db23cd7cb712b5c14c297aa6eece3627,sk_g,over,Tristan Luneau,1.5,betrivers,9000,,oddsapi
2026-10-07T21:00:07Z,2026-10-07,EDM @ ANA,db23cd7cb712b5c14c297aa6eece3627,sk_g,over,Connor McDavid,2.5,betrivers,2500,,oddsapi
2026-10-07T21:00:07Z,2026-10-07,EDM @ ANA,db23cd7cb712b5c14c297aa6eece3627,sk_g,over,Vasily Podkolzin,1.5,betrivers,1050,,oddsapi
2026-10-07T21:00:07Z,2026-10-07,EDM @ ANA,db23cd7cb712b5c14c297aa6eece3627,sk_g,over,Vasily Podkolzin,2.5,betrivers,6600,,oddsapi
2026-10-07T21:00:07Z,2026-10-07,EDM @ ANA,db23cd7cb712b5c14c297aa6eece3627,sk_g,over,Leon Draisaitl,1.5,betrivers,510,,oddsapi
2026-10-07T21:00:07Z,2026-10-07,EDM @ ANA,db23cd7cb712b5c14c297aa6eece3627,p1_total,over,,1.5,betrivers,-186,130,oddsapi
2026-10-07T21:00:07Z,2026-10-07,EDM @ ANA,db23cd7cb712b5c14c297aa6eece3627,p1_total,under,,1.5,betrivers,130,-186,oddsapi
2026-10-07T21:00:07Z,2026-10-07,EDM @ ANA,db23cd7cb712b5c14c297aa6eece3627,p2_total,over,,1.5,betrivers,-235,155,oddsapi
2026-10-07T21:00:07Z,2026-10-07,EDM @ ANA,db23cd7cb712b5c14c297aa6eece3627,p2_total,under,,1.5,betrivers,155,-235,oddsapi
2026-10-07T21:00:07Z,2026-10-07,EDM @ ANA,db23cd7cb712b5c14c297aa6eece3627,p3_total,over,,2.5,betrivers,125,-180,oddsapi
2026-10-07T21:00:07Z,2026-10-07,EDM @ ANA,db23cd7cb712b5c14c297aa6eece3627,p3_total,under,,2.5,betrivers,-180,125,oddsapi
2026-10-07T21:00:07Z,2026-10-07,EDM @ ANA,db23cd7cb712b5c14c297aa6eece3627,game_ml3,ANA,,,fanatics,165,,oddsapi
2026-10-07T21:00:07Z,2026-10-07,EDM @ ANA,db23cd7cb712b5c14c297aa6eece3627,game_ml3,EDM,,,fanatics,115,,oddsapi
2026-10-07T21:00:07Z,2026-10-07,EDM @ ANA,db23cd7cb712b5c14c297aa6eece3627,game_ml3,draw,,,fanatics,290,,oddsapi
2026-10-07T21:00:07Z,2026-10-07,EDM @ ANA,db23cd7cb712b5c14c297aa6eece3627,ags,yes,A.J. Greer,,fanatics,475,,oddsapi
2026-10-07T21:00:07Z,2026-10-07,EDM @ ANA,db23cd7cb712b5c14c297aa6eece3627,ags,yes,Ryan Poehling,,fanatics,410,,oddsapi
2026-10-07T21:00:07Z,2026-10-07,EDM @ ANA,db23cd7cb712b5c14c297aa6eece3627,ags,yes,Travis Mitchell,,fanatics,1400,,oddsapi
2026-10-07T21:00:07Z,2026-10-07,EDM @ ANA,db23cd7cb712b5c14c297aa6eece3627,ags,yes,Mikael Granlund,,fanatics,250,,oddsapi
2026-10-07T21:00:07Z,2026-10-07,EDM @ ANA,db23cd7cb712b5c14c297aa6eece3627,ags,yes,Leo Carlsson,,fanatics,175,,oddsapi
2026-10-07T21:00:07Z,2026-10-07,EDM @ ANA,db23cd7cb712b5c14c297aa6eece3627,ags,yes,Alex Killorn,,fanatics,350,,oddsapi
2026-10-07T21:00:07Z,2026-10-07,EDM @ ANA,db23cd7cb712b5c14c297aa6eece3627,ags,yes,Noah Warren,,fanatics,1900,,oddsapi
2026-10-07T21:00:07Z,2026-10-07,EDM @ ANA,db23cd7cb712b5c14c297aa6eece3627,ags,yes,Jackson LaCombe,,fanatics,475,,oddsapi
2026-10-07T21:00:07Z,2026-10-07,EDM @ ANA,db23cd7cb712b5c14c297aa6eece3627,ags,yes,Nikita Nesterenko,,fanatics,600,,oddsapi
2026-10-07T21:00:07Z,2026-10-07,EDM @ ANA,db23cd7cb712b5c14c297aa6eece3627,ags,yes,Tristan Luneau,,fanatics,850,,oddsapi
2026-10-07T21:00:07Z,2026-10-07,EDM @ ANA,db23cd7cb712b5c14c297aa6eece3627,ags,yes,Pavel Mintyukov,,fanatics,1000,,oddsapi
2026-10-07T21:00:07Z,2026-10-07,EDM @ ANA,db23cd7cb712b5c14c297aa6eece3627,ags,yes,Judd Caulfield,,fanatics,1000,,oddsapi
2026-10-07T21:00:07Z,2026-10-07,EDM @ ANA,db23cd7cb712b5c14c297aa6eece3627,ags,yes,Jeff Malott,,fanatics,1000,,oddsapi
2026-10-07T21:00:07Z,2026-10-07,EDM @ ANA,db23cd7cb712b5c14c297aa6eece3627,ags,yes,Cutter Gauthier,,fanatics,105,,oddsapi
2026-10-07T21:00:07Z,2026-10-07,EDM @ ANA,db23cd7cb712b5c14c297aa6eece3627,ags,yes,Beckett Sennecke,,fanatics,175,,oddsapi
2026-10-07T21:00:07Z,2026-10-07,EDM @ ANA,db23cd7cb712b5c14c297aa6eece3627,ags,yes,Tim Washe,,fanatics,900,,oddsapi
2026-10-07T21:00:07Z,2026-10-07,EDM @ ANA,db23cd7cb712b5c14c297aa6eece3627,ags,yes,Trent Frederic,,fanatics,430,,oddsapi
2026-10-07T21:00:07Z,2026-10-07,EDM @ ANA,db23cd7cb712b5c14c297aa6eece3627,ags,yes,Jake Walman,,fanatics,850,,oddsapi
2026-10-07T21:00:07Z,2026-10-07,EDM @ ANA,db23cd7cb712b5c14c297aa6eece3627,ags,yes,Mathieu Joseph,,fanatics,700,,oddsapi
2026-10-07T21:00:07Z,2026-10-07,EDM @ ANA,db23cd7cb712b5c14c297aa6eece3627,ags,yes,Kasperi Kapanen,,fanatics,285,,oddsapi
2026-10-07T21:00:07Z,2026-10-07,EDM @ ANA,db23cd7cb712b5c14c297aa6eece3627,ags,yes,Ryan Shea,,fanatics,900,,oddsapi
2026-10-07T21:00:07Z,2026-10-07,EDM @ ANA,db23cd7cb712b5c14c297aa6eece3627,ags,yes,Evan Bouchard,,fanatics,260,,oddsapi
2026-10-07T21:00:07Z,2026-10-07,EDM @ ANA,db23cd7cb712b5c14c297aa6eece3627,ags,yes,Mattias Ekholm,,fanatics,900,,oddsapi
2026-10-07T21:00:07Z,2026-10-07,EDM @ ANA,db23cd7cb712b5c14c297aa6eece3627,ags,yes,Leon Draisaitl,,fanatics,-105,,oddsapi
2026-10-07T21:00:07Z,2026-10-07,EDM @ ANA,db23cd7cb712b5c14c297aa6eece3627,ags,yes,Connor McDavid,,fanatics,100,,oddsapi
2026-10-07T21:00:07Z,2026-10-07,EDM @ ANA,db23cd7cb712b5c14c297aa6eece3627,ags,yes,Vasily Podkolzin,,fanatics,190,,oddsapi
2026-10-07T21:00:07Z,2026-10-07,EDM @ ANA,db23cd7cb712b5c14c297aa6eece3627,ags,yes,Colton Dach,,fanatics,700,,oddsapi
2026-10-07T21:00:07Z,2026-10-07,EDM @ ANA,db23cd7cb712b5c14c297aa6eece3627,ags,yes,Isaac Howard,,fanatics,525,,oddsapi
2026-10-07T21:00:07Z,2026-10-07,EDM @ ANA,db23cd7cb712b5c14c297aa6eece3627,ags,yes,Josh Samanski,,fanatics,650,,oddsapi
2026-10-07T21:00:07Z,2026-10-07,EDM @ ANA,db23cd7cb712b5c14c297aa6eece3627,ags,yes,Owen Michaels,,fanatics,475,,oddsapi
2026-10-07T21:00:07Z,2026-10-07,EDM @ ANA,db23cd7cb712b5c14c297aa6eece3627,ags,yes,Alex Formenton,,fanatics,600,,oddsapi
2026-10-07T21:00:07Z,2026-10-07,EDM @ ANA,db23cd7cb712b5c14c297aa6eece3627,ags,yes,Connor Murphy,,fanatics,1400,,oddsapi
2026-10-07T21:00:07Z,2026-10-07,EDM @ ANA,db23cd7cb712b5c14c297aa6eece3627,ags,yes,Ty Emberson,,fanatics,1200,,oddsapi
2026-10-07T21:00:07Z,2026-10-07,EDM @ ANA,db23cd7cb712b5c14c297aa6eece3627,ags,yes,Tyson Hinds,,fanatics,1600,,oddsapi
2026-10-07T21:00:07Z,2026-10-07,EDM @ ANA,db23cd7cb712b5c14c297aa6eece3627,ags,yes,Jason Dickinson,,fanatics,360,,oddsapi
2026-10-07T21:00:07Z,2026-10-07,EDM @ ANA,db23cd7cb712b5c14c297aa6eece3627,fgs,yes,A.J. Greer,,fanatics,2500,,oddsapi
2026-10-07T21:00:07Z,2026-10-07,EDM @ ANA,db23cd7cb712b5c14c297aa6eece3627,fgs,yes,Ryan Poehling,,fanatics,2200,,oddsapi
2026-10-07T21:00:07Z,2026-10-07,EDM @ ANA,db23cd7cb712b5c14c297aa6eece3627,fgs,yes,Travis Mitchell,,fanatics,7000,,oddsapi
2026-10-07T21:00:07Z,2026-10-07,EDM @ ANA,db23cd7cb712b5c14c297aa6eece3627,fgs,yes,Mikael Granlund,,fanatics,1500,,oddsapi
2026-10-07T21:00:07Z,2026-10-07,EDM @ ANA,db23cd7cb712b5c14c297aa6eece3627,fgs,yes,Leo Carlsson,,fanatics,1100,,oddsapi
2026-10-07T21:00:07Z,2026-10-07,EDM @ ANA,db23cd7cb712b5c14c297aa6eece3627,fgs,yes,Alex Killorn,,fanatics,1900,,oddsapi
2026-10-07T21:00:07Z,2026-10-07,EDM @ ANA,db23cd7cb712b5c14c297aa6eece3627,fgs,yes,Noah Warren,,fanatics,8000,,oddsapi
2026-10-07T21:00:07Z,2026-10-07,EDM @ ANA,db23cd7cb712b5c14c297aa6eece3627,fgs,yes,Jackson LaCombe,,fanatics,2500,,oddsapi
2026-10-07T21:00:07Z,2026-10-07,EDM @ ANA,db23cd7cb712b5c14c297aa6eece3627,fgs,yes,Nikita Nesterenko,,fanatics,2800,,oddsapi
2026-10-07T21:00:07Z,2026-10-07,EDM @ ANA,db23cd7cb712b5c14c297aa6eece3627,fgs,yes,Tristan Luneau,,fanatics,3500,,oddsapi
2026-10-07T21:00:07Z,2026-10-07,EDM @ ANA,db23cd7cb712b5c14c297aa6eece3627,fgs,yes,Pavel Mintyukov,,fanatics,5000,,oddsapi
2026-10-07T21:00:07Z,2026-10-07,EDM @ ANA,db23cd7cb712b5c14c297aa6eece3627,fgs,yes,Judd Caulfield,,fanatics,4500,,oddsapi
2026-10-07T21:00:07Z,2026-10-07,EDM @ ANA,db23cd7cb712b5c14c297aa6eece3627,fgs,yes,Jeff Malott,,fanatics,5000,,oddsapi
2026-10-07T21:00:07Z,2026-10-07,EDM @ ANA,db23cd7cb712b5c14c297aa6eece3627,fgs,yes,Cutter Gauthier,,fanatics,750,,oddsapi
2026-10-07T21:00:07Z,2026-10-07,EDM @ ANA,db23cd7cb712b5c14c297aa6eece3627,fgs,yes,Beckett Sennecke,,fanatics,1100,,oddsapi
2026-10-07T21:00:07Z,2026-10-07,EDM @ ANA,db23cd7cb712b5c14c297aa6eece3627,fgs,yes,Tim Washe,,fanatics,4500,,oddsapi
2026-10-07T21:00:07Z,2026-10-07,EDM @ ANA,db23cd7cb712b5c14c297aa6eece3627,fgs,yes,Trent Frederic,,fanatics,2200,,oddsapi
2026-10-07T21:00:07Z,2026-10-07,EDM @ ANA,db23cd7cb712b5c14c297aa6eece3627,fgs,yes,Jake Walman,,fanatics,4000,,oddsapi
2026-10-07T21:00:07Z,2026-10-07,EDM @ ANA,db23cd7cb712b5c14c297aa6eece3627,fgs,yes,Mathieu Joseph,,fanatics,3500,,oddsapi
2026-10-07T21:00:07Z,2026-10-07,EDM @ ANA,db23cd7cb712b5c14c297aa6eece3627,fgs,yes,Kasperi Kapanen,,fanatics,1700,,oddsapi
2026-10-07T21:00:07Z,2026-10-07,EDM @ ANA,db23cd7cb712b5c14c297aa6eece3627,fgs,yes,Ryan Shea,,fanatics,4000,,oddsapi
2026-10-07T21:00:07Z,2026-10-07,EDM @ ANA,db23cd7cb712b5c14c297aa6eece3627,fgs,yes,Evan Bouchard,,fanatics,1500,,oddsapi
2026-10-07T21:00:07Z,2026-10-07,EDM @ ANA,db23cd7cb712b5c14c297aa6eece3627,fgs,yes,Mattias Ekholm,,fanatics,4000,,oddsapi
2026-10-07T21:00:07Z,2026-10-07,EDM @ ANA,db23cd7cb712b5c14c297aa6eece3627,fgs,yes,Leon Draisaitl,,fanatics,750,,oddsapi
2026-10-07T21:00:07Z,2026-10-07,EDM @ ANA,db23cd7cb712b5c14c297aa6eece3627,fgs,yes,Connor McDavid,,fanatics,750,,oddsapi
2026-10-07T21:00:07Z,2026-10-07,EDM @ ANA,db23cd7cb712b5c14c297aa6eece3627,fgs,yes,Vasily Podkolzin,,fanatics,1200,,oddsapi
2026-10-07T21:00:07Z,2026-10-07,EDM @ ANA,db23cd7cb712b5c14c297aa6eece3627,fgs,yes,Colton Dach,,fanatics,3000,,oddsapi
2026-10-07T21:00:07Z,2026-10-07,EDM @ ANA,db23cd7cb712b5c14c297aa6eece3627,fgs,yes,Isaac Howard,,fanatics,2500,,oddsapi
2026-10-07T21:00:07Z,2026-10-07,EDM @ ANA,db23cd7cb712b5c14c297aa6eece3627,fgs,yes,Josh Samanski,,fanatics,3000,,oddsapi
2026-10-07T21:00:07Z,2026-10-07,EDM @ ANA,db23cd7cb712b5c14c297aa6eece3627,fgs,yes,Owen Michaels,,fanatics,2800,,oddsapi
2026-10-07T21:00:07Z,2026-10-07,EDM @ ANA,db23cd7cb712b5c14c297aa6eece3627,fgs,yes,Alex Formenton,,fanatics,2800,,oddsapi
2026-10-07T21:00:07Z,2026-10-07,EDM @ ANA,db23cd7cb712b5c14c297aa6eece3627,fgs,yes,No 1st Goal,,fanatics,25000,,oddsapi
2026-10-07T21:00:07Z,2026-10-07,EDM @ ANA,db23cd7cb712b5c14c297aa6eece3627,fgs,yes,Connor Murphy,,fanatics,7000,,oddsapi
2026-10-07T21:00:07Z,2026-10-07,EDM @ ANA,db23cd7cb712b5c14c297aa6eece3627,fgs,yes,Ty Emberson,,fanatics,5000,,oddsapi
2026-10-07T21:00:07Z,2026-10-07,EDM @ ANA,db23cd7cb712b5c14c297aa6eece3627,fgs,yes,Tyson Hinds,,fanatics,7000,,oddsapi
2026-10-07T21:00:07Z,2026-10-07,EDM @ ANA,db23cd7cb712b5c14c297aa6eece3627,fgs,yes,Jason Dickinson,,fanatics,2200,,oddsapi
2026-10-07T21:00:07Z,2026-10-07,EDM @ ANA,db23cd7cb712b5c14c297aa6eece3627,team_total,over,ANA,3.5,fanatics,120,-160,oddsapi
2026-10-07T21:00:07Z,2026-10-07,EDM @ ANA,db23cd7cb712b5c14c297aa6eece3627,team_total,under,ANA,3.5,fanatics,-160,120,oddsapi
2026-10-07T21:00:07Z,2026-10-07,EDM @ ANA,db23cd7cb712b5c14c297aa6eece3627,team_total,over,EDM,2.5,fanatics,-275,200,oddsapi
2026-10-07T21:00:07Z,2026-10-07,EDM @ ANA,db23cd7cb712b5c14c297aa6eece3627,team_total,under,EDM,2.5,fanatics,200,-275,oddsapi
2026-10-07T21:00:07Z,2026-10-07,EDM @ ANA,db23cd7cb712b5c14c297aa6eece3627,game_pl_alt,ANA,,3.5,draftkings,-1200,625,oddsapi
2026-10-07T21:00:07Z,2026-10-07,EDM @ ANA,db23cd7cb712b5c14c297aa6eece3627,game_pl_alt,ANA,,2.5,draftkings,-410,275,oddsapi
2026-10-07T21:00:07Z,2026-10-07,EDM @ ANA,db23cd7cb712b5c14c297aa6eece3627,game_pl_alt,ANA,,-1.5,draftkings,215,-300,oddsapi
2026-10-07T21:00:07Z,2026-10-07,EDM @ ANA,db23cd7cb712b5c14c297aa6eece3627,game_pl_alt,ANA,,-2.5,draftkings,350,-550,oddsapi
2026-10-07T21:00:07Z,2026-10-07,EDM @ ANA,db23cd7cb712b5c14c297aa6eece3627,game_pl_alt,ANA,,-3.5,draftkings,800,-1800,oddsapi
2026-10-07T21:00:07Z,2026-10-07,EDM @ ANA,db23cd7cb712b5c14c297aa6eece3627,game_pl_alt,EDM,,-3.5,draftkings,625,-1200,oddsapi
2026-10-07T21:00:07Z,2026-10-07,EDM @ ANA,db23cd7cb712b5c14c297aa6eece3627,game_pl_alt,EDM,,-2.5,draftkings,275,-410,oddsapi
2026-10-07T21:00:07Z,2026-10-07,EDM @ ANA,db23cd7cb712b5c14c297aa6eece3627,game_pl_alt,EDM,,1.5,draftkings,-300,215,oddsapi
2026-10-07T21:00:07Z,2026-10-07,EDM @ ANA,db23cd7cb712b5c14c297aa6eece3627,game_pl_alt,EDM,,2.5,draftkings,-550,350,oddsapi
2026-10-07T21:00:07Z,2026-10-07,EDM @ ANA,db23cd7cb712b5c14c297aa6eece3627,game_pl_alt,EDM,,3.5,draftkings,-1800,800,oddsapi
2026-10-07T21:00:07Z,2026-10-07,EDM @ ANA,db23cd7cb712b5c14c297aa6eece3627,team_total_alt,over,ANA,0.5,draftkings,-6000,1300,oddsapi
2026-10-07T21:00:07Z,2026-10-07,EDM @ ANA,db23cd7cb712b5c14c297aa6eece3627,team_total_alt,under,ANA,0.5,draftkings,1300,-6000,oddsapi
2026-10-07T21:00:07Z,2026-10-07,EDM @ ANA,db23cd7cb712b5c14c297aa6eece3627,team_total_alt,over,ANA,1.5,draftkings,-630,390,oddsapi
2026-10-07T21:00:07Z,2026-10-07,EDM @ ANA,db23cd7cb712b5c14c297aa6eece3627,team_total_alt,under,ANA,1.5,draftkings,390,-630,oddsapi
2026-10-07T21:00:07Z,2026-10-07,EDM @ ANA,db23cd7cb712b5c14c297aa6eece3627,team_total_alt,over,ANA,2.5,draftkings,-215,160,oddsapi
2026-10-07T21:00:07Z,2026-10-07,EDM @ ANA,db23cd7cb712b5c14c297aa6eece3627,team_total_alt,under,ANA,2.5,draftkings,160,-215,oddsapi
2026-10-07T21:00:07Z,2026-10-07,EDM @ ANA,db23cd7cb712b5c14c297aa6eece3627,team_total_alt,over,ANA,3.5,draftkings,110,-150,oddsapi
2026-10-07T21:00:07Z,2026-10-07,EDM @ ANA,db23cd7cb712b5c14c297aa6eece3627,team_total_alt,under,ANA,3.5,draftkings,-150,110,oddsapi
2026-10-07T21:00:07Z,2026-10-07,EDM @ ANA,db23cd7cb712b5c14c297aa6eece3627,team_total_alt,over,ANA,4.5,draftkings,240,-340,oddsapi
2026-10-07T21:00:07Z,2026-10-07,EDM @ ANA,db23cd7cb712b5c14c297aa6eece3627,team_total_alt,under,ANA,4.5,draftkings,-340,240,oddsapi
2026-10-07T21:00:07Z,2026-10-07,EDM @ ANA,db23cd7cb712b5c14c297aa6eece3627,team_total_alt,over,ANA,5.5,draftkings,530,-950,oddsapi
2026-10-07T21:00:07Z,2026-10-07,EDM @ ANA,db23cd7cb712b5c14c297aa6eece3627,team_total_alt,under,ANA,5.5,draftkings,-950,530,oddsapi
2026-10-07T21:00:07Z,2026-10-07,EDM @ ANA,db23cd7cb712b5c14c297aa6eece3627,team_total_alt,over,EDM,0.5,draftkings,-10000,1600,oddsapi
2026-10-07T21:00:07Z,2026-10-07,EDM @ ANA,db23cd7cb712b5c14c297aa6eece3627,team_total_alt,under,EDM,0.5,draftkings,1600,-10000,oddsapi
2026-10-07T21:00:07Z,2026-10-07,EDM @ ANA,db23cd7cb712b5c14c297aa6eece3627,team_total_alt,over,EDM,1.5,draftkings,-920,510,oddsapi
2026-10-07T21:00:07Z,2026-10-07,EDM @ ANA,db23cd7cb712b5c14c297aa6eece3627,team_total_alt,under,EDM,1.5,draftkings,510,-920,oddsapi
2026-10-07T21:00:07Z,2026-10-07,EDM @ ANA,db23cd7cb712b5c14c297aa6eece3627,team_total_alt,over,EDM,2.5,draftkings,-270,195,oddsapi
2026-10-07T21:00:07Z,2026-10-07,EDM @ ANA,db23cd7cb712b5c14c297aa6eece3627,team_total_alt,under,EDM,2.5,draftkings,195,-270,oddsapi
2026-10-07T21:00:07Z,2026-10-07,EDM @ ANA,db23cd7cb712b5c14c297aa6eece3627,team_total_alt,over,EDM,3.5,draftkings,-120,-120,oddsapi
2026-10-07T21:00:07Z,2026-10-07,EDM @ ANA,db23cd7cb712b5c14c297aa6eece3627,team_total_alt,under,EDM,3.5,draftkings,-120,-120,oddsapi
2026-10-07T21:00:07Z,2026-10-07,EDM @ ANA,db23cd7cb712b5c14c297aa6eece3627,team_total_alt,over,EDM,4.5,draftkings,205,-285,oddsapi
2026-10-07T21:00:07Z,2026-10-07,EDM @ ANA,db23cd7cb712b5c14c297aa6eece3627,team_total_alt,under,EDM,4.5,draftkings,-285,205,oddsapi
2026-10-07T21:00:07Z,2026-10-07,EDM @ ANA,db23cd7cb712b5c14c297aa6eece3627,team_total_alt,over,EDM,5.5,draftkings,460,-800,oddsapi
2026-10-07T21:00:07Z,2026-10-07,EDM @ ANA,db23cd7cb712b5c14c297aa6eece3627,team_total_alt,under,EDM,5.5,draftkings,-800,460,oddsapi
2026-10-07T21:00:07Z,2026-10-07,EDM @ ANA,db23cd7cb712b5c14c297aa6eece3627,game_total_alt,over,,3.5,draftkings,-1600,750,oddsapi
2026-10-07T21:00:07Z,2026-10-07,EDM @ ANA,db23cd7cb712b5c14c297aa6eece3627,game_total_alt,over,,4.5,draftkings,-775,450,oddsapi
2026-10-07T21:00:07Z,2026-10-07,EDM @ ANA,db23cd7cb712b5c14c297aa6eece3627,game_total_alt,over,,5.5,draftkings,-240,175,oddsapi
2026-10-07T21:00:07Z,2026-10-07,EDM @ ANA,db23cd7cb712b5c14c297aa6eece3627,game_total_alt,over,,7.5,draftkings,155,-210,oddsapi
2026-10-07T21:00:07Z,2026-10-07,EDM @ ANA,db23cd7cb712b5c14c297aa6eece3627,game_total_alt,over,,8.5,draftkings,240,-340,oddsapi
2026-10-07T21:00:07Z,2026-10-07,EDM @ ANA,db23cd7cb712b5c14c297aa6eece3627,game_total_alt,over,,9.5,draftkings,500,-900,oddsapi
2026-10-07T21:00:07Z,2026-10-07,EDM @ ANA,db23cd7cb712b5c14c297aa6eece3627,game_total_alt,under,,3.5,draftkings,750,-1600,oddsapi
2026-10-07T21:00:07Z,2026-10-07,EDM @ ANA,db23cd7cb712b5c14c297aa6eece3627,game_total_alt,under,,4.5,draftkings,450,-775,oddsapi
2026-10-07T21:00:07Z,2026-10-07,EDM @ ANA,db23cd7cb712b5c14c297aa6eece3627,game_total_alt,under,,5.5,draftkings,175,-240,oddsapi
2026-10-07T21:00:07Z,2026-10-07,EDM @ ANA,db23cd7cb712b5c14c297aa6eece3627,game_total_alt,under,,7.5,draftkings,-210,155,oddsapi
2026-10-07T21:00:07Z,2026-10-07,EDM @ ANA,db23cd7cb712b5c14c297aa6eece3627,game_total_alt,under,,8.5,draftkings,-340,240,oddsapi
2026-10-07T21:00:07Z,2026-10-07,EDM @ ANA,db23cd7cb712b5c14c297aa6eece3627,game_total_alt,under,,9.5,draftkings,-900,500,oddsapi
2026-10-07T21:00:07Z,2026-10-07,EDM @ ANA,db23cd7cb712b5c14c297aa6eece3627,game_ml3,ANA,,,draftkings,155,,oddsapi
2026-10-07T21:00:07Z,2026-10-07,EDM @ ANA,db23cd7cb712b5c14c297aa6eece3627,game_ml3,EDM,,,draftkings,115,,oddsapi
2026-10-07T21:00:07Z,2026-10-07,EDM @ ANA,db23cd7cb712b5c14c297aa6eece3627,game_ml3,draw,,,draftkings,340,,oddsapi
2026-10-07T21:00:07Z,2026-10-07,EDM @ ANA,db23cd7cb712b5c14c297aa6eece3627,p1_ml3,ANA,,,draftkings,185,,oddsapi
2026-10-07T21:00:07Z,2026-10-07,EDM @ ANA,db23cd7cb712b5c14c297aa6eece3627,p1_ml3,EDM,,,draftkings,155,,oddsapi
2026-10-07T21:00:07Z,2026-10-07,EDM @ ANA,db23cd7cb712b5c14c297aa6eece3627,p1_ml3,draw,,,draftkings,200,,oddsapi
2026-10-07T21:00:07Z,2026-10-07,EDM @ ANA,db23cd7cb712b5c14c297aa6eece3627,p2_ml3,ANA,,,draftkings,175,,oddsapi
2026-10-07T21:00:07Z,2026-10-07,EDM @ ANA,db23cd7cb712b5c14c297aa6eece3627,p2_ml3,EDM,,,draftkings,150,,oddsapi
2026-10-07T21:00:07Z,2026-10-07,EDM @ ANA,db23cd7cb712b5c14c297aa6eece3627,p2_ml3,draw,,,draftkings,220,,oddsapi
2026-10-07T21:00:07Z,2026-10-07,EDM @ ANA,db23cd7cb712b5c14c297aa6eece3627,p3_ml3,ANA,,,draftkings,165,,oddsapi
2026-10-07T21:00:07Z,2026-10-07,EDM @ ANA,db23cd7cb712b5c14c297aa6eece3627,p3_ml3,EDM,,,draftkings,140,,oddsapi
2026-10-07T21:00:07Z,2026-10-07,EDM @ ANA,db23cd7cb712b5c14c297aa6eece3627,p3_ml3,draw,,,draftkings,260,,oddsapi
2026-10-07T21:00:07Z,2026-10-07,EDM @ ANA,db23cd7cb712b5c14c297aa6eece3627,sk_a,over,Connor McDavid,0.5,draftkings,-250,180,oddsapi
2026-10-07T21:00:07Z,2026-10-07,EDM @ ANA,db23cd7cb712b5c14c297aa6eece3627,sk_a,under,Connor McDavid,0.5,draftkings,180,-250,oddsapi
2026-10-07T21:00:07Z,2026-10-07,EDM @ ANA,db23cd7cb712b5c14c297aa6eece3627,sk_a,over,Evan Bouchard,0.5,draftkings,-180,135,oddsapi
2026-10-07T21:00:07Z,2026-10-07,EDM @ ANA,db23cd7cb712b5c14c297aa6eece3627,sk_a,under,Evan Bouchard,0.5,draftkings,135,-180,oddsapi
2026-10-07T21:00:07Z,2026-10-07,EDM @ ANA,db23cd7cb712b5c14c297aa6eece3627,sk_a,over,Leon Draisaitl,0.5,draftkings,-170,125,oddsapi
2026-10-07T21:00:07Z,2026-10-07,EDM @ ANA,db23cd7cb712b5c14c297aa6eece3627,sk_a,under,Leon Draisaitl,0.5,draftkings,125,-170,oddsapi
2026-10-07T21:00:07Z,2026-10-07,EDM @ ANA,db23cd7cb712b5c14c297aa6eece3627,sk_a,over,Jackson LaCombe,0.5,draftkings,100,-135,oddsapi
2026-10-07T21:00:07Z,2026-10-07,EDM @ ANA,db23cd7cb712b5c14c297aa6eece3627,sk_a,under,Jackson LaCombe,0.5,draftkings,-135,100,oddsapi
2026-10-07T21:00:07Z,2026-10-07,EDM @ ANA,db23cd7cb712b5c14c297aa6eece3627,sk_a,over,Leo Carlsson,0.5,draftkings,105,-145,oddsapi
2026-10-07T21:00:07Z,2026-10-07,EDM @ ANA,db23cd7cb712b5c14c297aa6eece3627,sk_a,under,Leo Carlsson,0.5,draftkings,-145,105,oddsapi
2026-10-07T21:00:07Z,2026-10-07,EDM @ ANA,db23cd7cb712b5c14c297aa6eece3627,sk_a,over,Cutter Gauthier,0.5,draftkings,125,-170,oddsapi
2026-10-07T21:00:07Z,2026-10-07,EDM @ ANA,db23cd7cb712b5c14c297aa6eece3627,sk_a,under,Cutter Gauthier,0.5,draftkings,-170,125,oddsapi
2026-10-07T21:00:07Z,2026-10-07,EDM @ ANA,db23cd7cb712b5c14c297aa6eece3627,sk_a,over,Vasily Podkolzin,0.5,draftkings,125,-165,oddsapi
2026-10-07T21:00:07Z,2026-10-07,EDM @ ANA,db23cd7cb712b5c14c297aa6eece3627,sk_a,under,Vasily Podkolzin,0.5,draftkings,-165,125,oddsapi
2026-10-07T21:00:07Z,2026-10-07,EDM @ ANA,db23cd7cb712b5c14c297aa6eece3627,sk_a,over,Beckett Sennecke,0.5,draftkings,130,-175,oddsapi
2026-10-07T21:00:07Z,2026-10-07,EDM @ ANA,db23cd7cb712b5c14c297aa6eece3627,sk_a,under,Beckett Sennecke,0.5,draftkings,-175,130,oddsapi
2026-10-07T21:00:07Z,2026-10-07,EDM @ ANA,db23cd7cb712b5c14c297aa6eece3627,sk_a,over,Mikael Granlund,0.5,draftkings,135,-180,oddsapi
2026-10-07T21:00:07Z,2026-10-07,EDM @ ANA,db23cd7cb712b5c14c297aa6eece3627,sk_a,under,Mikael Granlund,0.5,draftkings,-180,135,oddsapi
2026-10-07T21:00:07Z,2026-10-07,EDM @ ANA,db23cd7cb712b5c14c297aa6eece3627,sk_a,over,Kasperi Kapanen,0.5,draftkings,195,-270,oddsapi
2026-10-07T21:00:07Z,2026-10-07,EDM @ ANA,db23cd7cb712b5c14c297aa6eece3627,sk_a,under,Kasperi Kapanen,0.5,draftkings,-270,195,oddsapi
2026-10-07T21:00:07Z,2026-10-07,EDM @ ANA,db23cd7cb712b5c14c297aa6eece3627,sk_a,over,Mattias Ekholm,0.5,draftkings,200,-280,oddsapi
2026-10-07T21:00:07Z,2026-10-07,EDM @ ANA,db23cd7cb712b5c14c297aa6eece3627,sk_a,under,Mattias Ekholm,0.5,draftkings,-280,200,oddsapi
2026-10-07T21:00:07Z,2026-10-07,EDM @ ANA,db23cd7cb712b5c14c297aa6eece3627,sk_a,over,Alex Killorn,0.5,draftkings,245,-350,oddsapi
2026-10-07T21:00:07Z,2026-10-07,EDM @ ANA,db23cd7cb712b5c14c297aa6eece3627,sk_a,under,Alex Killorn,0.5,draftkings,-350,245,oddsapi
2026-10-07T21:00:07Z,2026-10-07,EDM @ ANA,db23cd7cb712b5c14c297aa6eece3627,ags,yes,Leon Draisaitl,,draftkings,105,,oddsapi
2026-10-07T21:00:07Z,2026-10-07,EDM @ ANA,db23cd7cb712b5c14c297aa6eece3627,ags,yes,Connor McDavid,,draftkings,110,,oddsapi
2026-10-07T21:00:07Z,2026-10-07,EDM @ ANA,db23cd7cb712b5c14c297aa6eece3627,ags,yes,Cutter Gauthier,,draftkings,115,,oddsapi
2026-10-07T21:00:07Z,2026-10-07,EDM @ ANA,db23cd7cb712b5c14c297aa6eece3627,ags,yes,Vasily Podkolzin,,draftkings,180,,oddsapi
2026-10-07T21:00:07Z,2026-10-07,EDM @ ANA,db23cd7cb712b5c14c297aa6eece3627,ags,yes,Beckett Sennecke,,draftkings,180,,oddsapi
2026-10-07T21:00:07Z,2026-10-07,EDM @ ANA,db23cd7cb712b5c14c297aa6eece3627,ags,yes,Leo Carlsson,,draftkings,195,,oddsapi
2026-10-07T21:00:07Z,2026-10-07,EDM @ ANA,db23cd7cb712b5c14c297aa6eece3627,ags,yes,Mikael Granlund,,draftkings,255,,oddsapi
2026-10-07T21:00:07Z,2026-10-07,EDM @ ANA,db23cd7cb712b5c14c297aa6eece3627,ags,yes,Evan Bouchard,,draftkings,265,,oddsapi
2026-10-07T21:00:07Z,2026-10-07,EDM @ ANA,db23cd7cb712b5c14c297aa6eece3627,ags,yes,Kasperi Kapanen,,draftkings,280,,oddsapi
2026-10-07T21:00:07Z,2026-10-07,EDM @ ANA,db23cd7cb712b5c14c297aa6eece3627,ags,yes,Alex Killorn,,draftkings,340,,oddsapi
2026-10-07T21:00:07Z,2026-10-07,EDM @ ANA,db23cd7cb712b5c14c297aa6eece3627,ags,yes,Jason Dickinson,,draftkings,380,,oddsapi
2026-10-07T21:00:07Z,2026-10-07,EDM @ ANA,db23cd7cb712b5c14c297aa6eece3627,ags,yes,Ryan Poehling,,draftkings,425,,oddsapi
2026-10-07T21:00:07Z,2026-10-07,EDM @ ANA,db23cd7cb712b5c14c297aa6eece3627,ags,yes,Jackson LaCombe,,draftkings,475,,oddsapi
2026-10-07T21:00:07Z,2026-10-07,EDM @ ANA,db23cd7cb712b5c14c297aa6eece3627,ags,yes,Trent Frederic,,draftkings,475,,oddsapi
2026-10-07T21:00:07Z,2026-10-07,EDM @ ANA,db23cd7cb712b5c14c297aa6eece3627,ags,yes,A.J. Greer,,draftkings,500,,oddsapi
2026-10-07T21:00:07Z,2026-10-07,EDM @ ANA,db23cd7cb712b5c14c297aa6eece3627,ags,yes,Isaac Howard,,draftkings,550,,oddsapi
2026-10-07T21:00:07Z,2026-10-07,EDM @ ANA,db23cd7cb712b5c14c297aa6eece3627,ags,yes,Owen Michaels,,draftkings,600,,oddsapi
2026-10-07T21:00:07Z,2026-10-07,EDM @ ANA,db23cd7cb712b5c14c297aa6eece3627,ags,yes,Alex Formenton,,draftkings,600,,oddsapi
2026-10-07T21:00:07Z,2026-10-07,EDM @ ANA,db23cd7cb712b5c14c297aa6eece3627,ags,yes,Nikita Nesterenko,,draftkings,700,,oddsapi
2026-10-07T21:00:07Z,2026-10-07,EDM @ ANA,db23cd7cb712b5c14c297aa6eece3627,ags,yes,Josh Samanski,,draftkings,750,,oddsapi
2026-10-07T21:00:07Z,2026-10-07,EDM @ ANA,db23cd7cb712b5c14c297aa6eece3627,ags,yes,Colton Dach,,draftkings,750,,oddsapi
2026-10-07T21:00:07Z,2026-10-07,EDM @ ANA,db23cd7cb712b5c14c297aa6eece3627,ags,yes,Mathieu Joseph,,draftkings,850,,oddsapi
2026-10-07T21:00:07Z,2026-10-07,EDM @ ANA,db23cd7cb712b5c14c297aa6eece3627,ags,yes,Jake Walman,,draftkings,900,,oddsapi
2026-10-07T21:00:07Z,2026-10-07,EDM @ ANA,db23cd7cb712b5c14c297aa6eece3627,ags,yes,Tim Washe,,draftkings,900,,oddsapi
2026-10-07T21:00:07Z,2026-10-07,EDM @ ANA,db23cd7cb712b5c14c297aa6eece3627,ags,yes,Mattias Ekholm,,draftkings,950,,oddsapi
2026-10-07T21:00:07Z,2026-10-07,EDM @ ANA,db23cd7cb712b5c14c297aa6eece3627,ags,yes,Pavel Mintyukov,,draftkings,950,,oddsapi
2026-10-07T21:00:07Z,2026-10-07,EDM @ ANA,db23cd7cb712b5c14c297aa6eece3627,ags,yes,Tristan Luneau,,draftkings,950,,oddsapi
2026-10-07T21:00:07Z,2026-10-07,EDM @ ANA,db23cd7cb712b5c14c297aa6eece3627,ags,yes,Ryan Shea,,draftkings,1100,,oddsapi
2026-10-07T21:00:07Z,2026-10-07,EDM @ ANA,db23cd7cb712b5c14c297aa6eece3627,ags,yes,Judd Caulfield,,draftkings,1100,,oddsapi
2026-10-07T21:00:07Z,2026-10-07,EDM @ ANA,db23cd7cb712b5c14c297aa6eece3627,ags,yes,Jeff Malott,,draftkings,1200,,oddsapi
2026-10-07T21:00:07Z,2026-10-07,EDM @ ANA,db23cd7cb712b5c14c297aa6eece3627,ags,yes,Ty Emberson,,draftkings,1200,,oddsapi
2026-10-07T21:00:07Z,2026-10-07,EDM @ ANA,db23cd7cb712b5c14c297aa6eece3627,ags,yes,Travis Mitchell,,draftkings,1400,,oddsapi
2026-10-07T21:00:07Z,2026-10-07,EDM @ ANA,db23cd7cb712b5c14c297aa6eece3627,ags,yes,Connor Murphy,,draftkings,1600,,oddsapi
2026-10-07T21:00:07Z,2026-10-07,EDM @ ANA,db23cd7cb712b5c14c297aa6eece3627,ags,yes,Noah Warren,,draftkings,1600,,oddsapi
2026-10-07T21:00:07Z,2026-10-07,EDM @ ANA,db23cd7cb712b5c14c297aa6eece3627,ags,yes,Tyson Hinds,,draftkings,1700,,oddsapi
2026-10-07T21:00:07Z,2026-10-07,EDM @ ANA,db23cd7cb712b5c14c297aa6eece3627,fgs,yes,Leon Draisaitl,,draftkings,850,,oddsapi
2026-10-07T21:00:07Z,2026-10-07,EDM @ ANA,db23cd7cb712b5c14c297aa6eece3627,fgs,yes,Cutter Gauthier,,draftkings,900,,oddsapi
2026-10-07T21:00:07Z,2026-10-07,EDM @ ANA,db23cd7cb712b5c14c297aa6eece3627,fgs,yes,Connor McDavid,,draftkings,900,,oddsapi
2026-10-07T21:00:07Z,2026-10-07,EDM @ ANA,db23cd7cb712b5c14c297aa6eece3627,fgs,yes,Beckett Sennecke,,draftkings,1200,,oddsapi
2026-10-07T21:00:07Z,2026-10-07,EDM @ ANA,db23cd7cb712b5c14c297aa6eece3627,fgs,yes,Vasily Podkolzin,,draftkings,1300,,oddsapi
2026-10-07T21:00:07Z,2026-10-07,EDM @ ANA,db23cd7cb712b5c14c297aa6eece3627,fgs,yes,Leo Carlsson,,draftkings,1500,,oddsapi
2026-10-07T21:00:07Z,2026-10-07,EDM @ ANA,db23cd7cb712b5c14c297aa6eece3627,fgs,yes,Mikael Granlund,,draftkings,1800,,oddsapi
2026-10-07T21:00:07Z,2026-10-07,EDM @ ANA,db23cd7cb712b5c14c297aa6eece3627,fgs,yes,Evan Bouchard,,draftkings,1800,,oddsapi
2026-10-07T21:00:07Z,2026-10-07,EDM @ ANA,db23cd7cb712b5c14c297aa6eece3627,fgs,yes,Kasperi Kapanen,,draftkings,2000,,oddsapi
2026-10-07T21:00:07Z,2026-10-07,EDM @ ANA,db23cd7cb712b5c14c297aa6eece3627,fgs,yes,Alex Killorn,,draftkings,2000,,oddsapi
2026-10-07T21:00:07Z,2026-10-07,EDM @ ANA,db23cd7cb712b5c14c297aa6eece3627,fgs,yes,Jason Dickinson,,draftkings,2200,,oddsapi
2026-10-07T21:00:07Z,2026-10-07,EDM @ ANA,db23cd7cb712b5c14c297aa6eece3627,fgs,yes,Ryan Poehling,,draftkings,2500,,oddsapi
2026-10-07T21:00:07Z,2026-10-07,EDM @ ANA,db23cd7cb712b5c14c297aa6eece3627,fgs,yes,Jackson LaCombe,,draftkings,2800,,oddsapi
2026-10-07T21:00:07Z,2026-10-07,EDM @ ANA,db23cd7cb712b5c14c297aa6eece3627,fgs,yes,Trent Frederic,,draftkings,3000,,oddsapi
2026-10-07T21:00:07Z,2026-10-07,EDM @ ANA,db23cd7cb712b5c14c297aa6eece3627,fgs,yes,A.J. Greer,,draftkings,3000,,oddsapi
2026-10-07T21:00:07Z,2026-10-07,EDM @ ANA,db23cd7cb712b5c14c297aa6eece3627,fgs,yes,Isaac Howard,,draftkings,3000,,oddsapi
2026-10-07T21:00:07Z,2026-10-07,EDM @ ANA,db23cd7cb712b5c14c297aa6eece3627,fgs,yes,Alex Formenton,,draftkings,3500,,oddsapi
2026-10-07T21:00:07Z,2026-10-07,EDM @ ANA,db23cd7cb712b5c14c297aa6eece3627,fgs,yes,Owen Michaels,,draftkings,3500,,oddsapi
2026-10-07T21:00:07Z,2026-10-07,EDM @ ANA,db23cd7cb712b5c14c297aa6eece3627,fgs,yes,Nikita Nesterenko,,draftkings,3500,,oddsapi
2026-10-07T21:00:07Z,2026-10-07,EDM @ ANA,db23cd7cb712b5c14c297aa6eece3627,fgs,yes,Tim Washe,,draftkings,4000,,oddsapi
2026-10-07T21:00:07Z,2026-10-07,EDM @ ANA,db23cd7cb712b5c14c297aa6eece3627,fgs,yes,Josh Samanski,,draftkings,4000,,oddsapi
2026-10-07T21:00:07Z,2026-10-07,EDM @ ANA,db23cd7cb712b5c14c297aa6eece3627,fgs,yes,Colton Dach,,draftkings,4500,,oddsapi
2026-10-07T21:00:07Z,2026-10-07,EDM @ ANA,db23cd7cb712b5c14c297aa6eece3627,fgs,yes,Pavel Mintyukov,,draftkings,4500,,oddsapi
2026-10-07T21:00:07Z,2026-10-07,EDM @ ANA,db23cd7cb712b5c14c297aa6eece3627,fgs,yes,Mathieu Joseph,,draftkings,4500,,oddsapi
2026-10-07T21:00:07Z,2026-10-07,EDM @ ANA,db23cd7cb712b5c14c297aa6eece3627,fgs,yes,Jake Walman,,draftkings,5000,,oddsapi
2026-10-07T21:00:07Z,2026-10-07,EDM @ ANA,db23cd7cb712b5c14c297aa6eece3627,fgs,yes,Tristan Luneau,,draftkings,5000,,oddsapi
2026-10-07T21:00:07Z,2026-10-07,EDM @ ANA,db23cd7cb712b5c14c297aa6eece3627,fgs,yes,Judd Caulfield,,draftkings,5500,,oddsapi
2026-10-07T21:00:07Z,2026-10-07,EDM @ ANA,db23cd7cb712b5c14c297aa6eece3627,fgs,yes,Mattias Ekholm,,draftkings,5500,,oddsapi
2026-10-07T21:00:07Z,2026-10-07,EDM @ ANA,db23cd7cb712b5c14c297aa6eece3627,fgs,yes,Jeff Malott,,draftkings,5500,,oddsapi
2026-10-07T21:00:07Z,2026-10-07,EDM @ ANA,db23cd7cb712b5c14c297aa6eece3627,fgs,yes,Ty Emberson,,draftkings,6500,,oddsapi
2026-10-07T21:00:07Z,2026-10-07,EDM @ ANA,db23cd7cb712b5c14c297aa6eece3627,fgs,yes,Ryan Shea,,draftkings,6500,,oddsapi
2026-10-07T21:00:07Z,2026-10-07,EDM @ ANA,db23cd7cb712b5c14c297aa6eece3627,fgs,yes,Noah Warren,,draftkings,7000,,oddsapi
2026-10-07T21:00:07Z,2026-10-07,EDM @ ANA,db23cd7cb712b5c14c297aa6eece3627,fgs,yes,Travis Mitchell,,draftkings,7000,,oddsapi
2026-10-07T21:00:07Z,2026-10-07,EDM @ ANA,db23cd7cb712b5c14c297aa6eece3627,fgs,yes,Tyson Hinds,,draftkings,8000,,oddsapi
2026-10-07T21:00:07Z,2026-10-07,EDM @ ANA,db23cd7cb712b5c14c297aa6eece3627,fgs,yes,Connor Murphy,,draftkings,8000,,oddsapi
2026-10-07T21:00:07Z,2026-10-07,EDM @ ANA,db23cd7cb712b5c14c297aa6eece3627,lgs,yes,Connor McDavid,,draftkings,750,,oddsapi
2026-10-07T21:00:07Z,2026-10-07,EDM @ ANA,db23cd7cb712b5c14c297aa6eece3627,lgs,yes,Leon Draisaitl,,draftkings,800,,oddsapi
2026-10-07T21:00:07Z,2026-10-07,EDM @ ANA,db23cd7cb712b5c14c297aa6eece3627,lgs,yes,Cutter Gauthier,,draftkings,800,,oddsapi
2026-10-07T21:00:07Z,2026-10-07,EDM @ ANA,db23cd7cb712b5c14c297aa6eece3627,lgs,yes,Beckett Sennecke,,draftkings,1000,,oddsapi
2026-10-07T21:00:07Z,2026-10-07,EDM @ ANA,db23cd7cb712b5c14c297aa6eece3627,lgs,yes,Vasily Podkolzin,,draftkings,1100,,oddsapi
2026-10-07T21:00:07Z,2026-10-07,EDM @ ANA,db23cd7cb712b5c14c297aa6eece3627,lgs,yes,Leo Carlsson,,draftkings,1200,,oddsapi
2026-10-07T21:00:07Z,2026-10-07,EDM @ ANA,db23cd7cb712b5c14c297aa6eece3627,lgs,yes,Mikael Granlund,,draftkings,1500,,oddsapi
2026-10-07T21:00:07Z,2026-10-07,EDM @ ANA,db23cd7cb712b5c14c297aa6eece3627,lgs,yes,Evan Bouchard,,draftkings,1500,,oddsapi
2026-10-07T21:00:07Z,2026-10-07,EDM @ ANA,db23cd7cb712b5c14c297aa6eece3627,lgs,yes,Kasperi Kapanen,,draftkings,1500,,oddsapi
2026-10-07T21:00:07Z,2026-10-07,EDM @ ANA,db23cd7cb712b5c14c297aa6eece3627,lgs,yes,Alex Killorn,,draftkings,1800,,oddsapi
2026-10-07T21:00:07Z,2026-10-07,EDM @ ANA,db23cd7cb712b5c14c297aa6eece3627,lgs,yes,Jason Dickinson,,draftkings,1800,,oddsapi
2026-10-07T21:00:07Z,2026-10-07,EDM @ ANA,db23cd7cb712b5c14c297aa6eece3627,lgs,yes,Jackson LaCombe,,draftkings,2000,,oddsapi
2026-10-07T21:00:07Z,2026-10-07,EDM @ ANA,db23cd7cb712b5c14c297aa6eece3627,lgs,yes,Ryan Poehling,,draftkings,2000,,oddsapi
2026-10-07T21:00:07Z,2026-10-07,EDM @ ANA,db23cd7cb712b5c14c297aa6eece3627,lgs,yes,Trent Frederic,,draftkings,2000,,oddsapi
2026-10-07T21:00:07Z,2026-10-07,EDM @ ANA,db23cd7cb712b5c14c297aa6eece3627,lgs,yes,Isaac Howard,,draftkings,2200,,oddsapi
2026-10-07T21:00:07Z,2026-10-07,EDM @ ANA,db23cd7cb712b5c14c297aa6eece3627,lgs,yes,A.J. Greer,,draftkings,2200,,oddsapi
2026-10-07T21:00:07Z,2026-10-07,EDM @ ANA,db23cd7cb712b5c14c297aa6eece3627,lgs,yes,Alex Formenton,,draftkings,2500,,oddsapi
2026-10-07T21:00:07Z,2026-10-07,EDM @ ANA,db23cd7cb712b5c14c297aa6eece3627,lgs,yes,Owen Michaels,,draftkings,2500,,oddsapi
2026-10-07T21:00:07Z,2026-10-07,EDM @ ANA,db23cd7cb712b5c14c297aa6eece3627,lgs,yes,Tim Washe,,draftkings,3000,,oddsapi
2026-10-07T21:00:07Z,2026-10-07,EDM @ ANA,db23cd7cb712b5c14c297aa6eece3627,lgs,yes,Colton Dach,,draftkings,3000,,oddsapi
2026-10-07T21:00:07Z,2026-10-07,EDM @ ANA,db23cd7cb712b5c14c297aa6eece3627,lgs,yes,Nikita Nesterenko,,draftkings,3000,,oddsapi
2026-10-07T21:00:07Z,2026-10-07,EDM @ ANA,db23cd7cb712b5c14c297aa6eece3627,lgs,yes,Mattias Ekholm,,draftkings,3000,,oddsapi
2026-10-07T21:00:07Z,2026-10-07,EDM @ ANA,db23cd7cb712b5c14c297aa6eece3627,lgs,yes,Josh Samanski,,draftkings,3000,,oddsapi
2026-10-07T21:00:07Z,2026-10-07,EDM @ ANA,db23cd7cb712b5c14c297aa6eece3627,lgs,yes,Jake Walman,,draftkings,3500,,oddsapi
2026-10-07T21:00:07Z,2026-10-07,EDM @ ANA,db23cd7cb712b5c14c297aa6eece3627,lgs,yes,Ty Emberson,,draftkings,3500,,oddsapi
2026-10-07T21:00:07Z,2026-10-07,EDM @ ANA,db23cd7cb712b5c14c297aa6eece3627,lgs,yes,Mathieu Joseph,,draftkings,3500,,oddsapi
2026-10-07T21:00:07Z,2026-10-07,EDM @ ANA,db23cd7cb712b5c14c297aa6eece3627,lgs,yes,Pavel Mintyukov,,draftkings,3500,,oddsapi
2026-10-07T21:00:07Z,2026-10-07,EDM @ ANA,db23cd7cb712b5c14c297aa6eece3627,lgs,yes,Tristan Luneau,,draftkings,3500,,oddsapi
2026-10-07T21:00:07Z,2026-10-07,EDM @ ANA,db23cd7cb712b5c14c297aa6eece3627,lgs,yes,Jeff Malott,,draftkings,4000,,oddsapi
2026-10-07T21:00:07Z,2026-10-07,EDM @ ANA,db23cd7cb712b5c14c297aa6eece3627,lgs,yes,Judd Caulfield,,draftkings,4000,,oddsapi
2026-10-07T21:00:07Z,2026-10-07,EDM @ ANA,db23cd7cb712b5c14c297aa6eece3627,lgs,yes,Ryan Shea,,draftkings,4000,,oddsapi
2026-10-07T21:00:07Z,2026-10-07,EDM @ ANA,db23cd7cb712b5c14c297aa6eece3627,lgs,yes,Travis Mitchell,,draftkings,4500,,oddsapi
2026-10-07T21:00:07Z,2026-10-07,EDM @ ANA,db23cd7cb712b5c14c297aa6eece3627,lgs,yes,Connor Murphy,,draftkings,5000,,oddsapi
2026-10-07T21:00:07Z,2026-10-07,EDM @ ANA,db23cd7cb712b5c14c297aa6eece3627,lgs,yes,Tyson Hinds,,draftkings,5000,,oddsapi
2026-10-07T21:00:07Z,2026-10-07,EDM @ ANA,db23cd7cb712b5c14c297aa6eece3627,lgs,yes,Noah Warren,,draftkings,5000,,oddsapi
2026-10-07T21:00:07Z,2026-10-07,EDM @ ANA,db23cd7cb712b5c14c297aa6eece3627,sk_pts,over,Connor McDavid,1.5,draftkings,-125,-110,oddsapi
2026-10-07T21:00:07Z,2026-10-07,EDM @ ANA,db23cd7cb712b5c14c297aa6eece3627,sk_pts,under,Connor McDavid,1.5,draftkings,-110,-125,oddsapi
2026-10-07T21:00:07Z,2026-10-07,EDM @ ANA,db23cd7cb712b5c14c297aa6eece3627,sk_pts,over,Leon Draisaitl,1.5,draftkings,105,-145,oddsapi
2026-10-07T21:00:07Z,2026-10-07,EDM @ ANA,db23cd7cb712b5c14c297aa6eece3627,sk_pts,under,Leon Draisaitl,1.5,draftkings,-145,105,oddsapi
2026-10-07T21:00:07Z,2026-10-07,EDM @ ANA,db23cd7cb712b5c14c297aa6eece3627,sk_pts,over,Evan Bouchard,1.5,draftkings,165,-225,oddsapi
2026-10-07T21:00:07Z,2026-10-07,EDM @ ANA,db23cd7cb712b5c14c297aa6eece3627,sk_pts,under,Evan Bouchard,1.5,draftkings,-225,165,oddsapi
2026-10-07T21:00:07Z,2026-10-07,EDM @ ANA,db23cd7cb712b5c14c297aa6eece3627,sk_pts,over,Cutter Gauthier,0.5,draftkings,-225,165,oddsapi
2026-10-07T21:00:07Z,2026-10-07,EDM @ ANA,db23cd7cb712b5c14c297aa6eece3627,sk_pts,under,Cutter Gauthier,0.5,draftkings,165,-225,oddsapi
2026-10-07T21:00:07Z,2026-10-07,EDM @ ANA,db23cd7cb712b5c14c297aa6eece3627,sk_pts,over,Leo Carlsson,0.5,draftkings,-180,135,oddsapi
2026-10-07T21:00:07Z,2026-10-07,EDM @ ANA,db23cd7cb712b5c14c297aa6eece3627,sk_pts,under,Leo Carlsson,0.5,draftkings,135,-180,oddsapi
2026-10-07T21:00:07Z,2026-10-07,EDM @ ANA,db23cd7cb712b5c14c297aa6eece3627,sk_pts,over,Vasily Podkolzin,0.5,draftkings,-175,130,oddsapi
2026-10-07T21:00:07Z,2026-10-07,EDM @ ANA,db23cd7cb712b5c14c297aa6eece3627,sk_pts,under,Vasily Podkolzin,0.5,draftkings,130,-175,oddsapi
2026-10-07T21:00:07Z,2026-10-07,EDM @ ANA,db23cd7cb712b5c14c297aa6eece3627,sk_pts,over,Beckett Sennecke,0.5,draftkings,-165,125,oddsapi
2026-10-07T21:00:07Z,2026-10-07,EDM @ ANA,db23cd7cb712b5c14c297aa6eece3627,sk_pts,under,Beckett Sennecke,0.5,draftkings,125,-165,oddsapi
2026-10-07T21:00:07Z,2026-10-07,EDM @ ANA,db23cd7cb712b5c14c297aa6eece3627,sk_pts,over,Mikael Granlund,0.5,draftkings,-140,100,oddsapi
2026-10-07T21:00:07Z,2026-10-07,EDM @ ANA,db23cd7cb712b5c14c297aa6eece3627,sk_pts,under,Mikael Granlund,0.5,draftkings,100,-140,oddsapi
2026-10-07T21:00:07Z,2026-10-07,EDM @ ANA,db23cd7cb712b5c14c297aa6eece3627,sk_pts,over,Jackson LaCombe,0.5,draftkings,-135,100,oddsapi
2026-10-07T21:00:07Z,2026-10-07,EDM @ ANA,db23cd7cb712b5c14c297aa6eece3627,sk_pts,under,Jackson LaCombe,0.5,draftkings,100,-135,oddsapi
2026-10-07T21:00:07Z,2026-10-07,EDM @ ANA,db23cd7cb712b5c14c297aa6eece3627,sk_pts,over,Kasperi Kapanen,0.5,draftkings,100,-135,oddsapi
2026-10-07T21:00:07Z,2026-10-07,EDM @ ANA,db23cd7cb712b5c14c297aa6eece3627,sk_pts,under,Kasperi Kapanen,0.5,draftkings,-135,100,oddsapi
2026-10-07T21:00:07Z,2026-10-07,EDM @ ANA,db23cd7cb712b5c14c297aa6eece3627,sk_pts,over,Alex Killorn,0.5,draftkings,130,-175,oddsapi
2026-10-07T21:00:07Z,2026-10-07,EDM @ ANA,db23cd7cb712b5c14c297aa6eece3627,sk_pts,under,Alex Killorn,0.5,draftkings,-175,130,oddsapi
2026-10-07T21:00:07Z,2026-10-07,EDM @ ANA,db23cd7cb712b5c14c297aa6eece3627,sk_pts,over,A.J. Greer,0.5,draftkings,155,-210,oddsapi
2026-10-07T21:00:07Z,2026-10-07,EDM @ ANA,db23cd7cb712b5c14c297aa6eece3627,sk_pts,under,A.J. Greer,0.5,draftkings,-210,155,oddsapi
2026-10-07T21:00:07Z,2026-10-07,EDM @ ANA,db23cd7cb712b5c14c297aa6eece3627,sk_pts,over,Mattias Ekholm,0.5,draftkings,160,-215,oddsapi
2026-10-07T21:00:07Z,2026-10-07,EDM @ ANA,db23cd7cb712b5c14c297aa6eece3627,sk_pts,under,Mattias Ekholm,0.5,draftkings,-215,160,oddsapi
2026-10-07T21:00:07Z,2026-10-07,EDM @ ANA,db23cd7cb712b5c14c297aa6eece3627,sk_sog,over,Cutter Gauthier,3.5,draftkings,-115,-120,oddsapi
2026-10-07T21:00:07Z,2026-10-07,EDM @ ANA,db23cd7cb712b5c14c297aa6eece3627,sk_sog,under,Cutter Gauthier,3.5,draftkings,-120,-115,oddsapi
2026-10-07T21:00:07Z,2026-10-07,EDM @ ANA,db23cd7cb712b5c14c297aa6eece3627,sk_sog,over,Connor McDavid,3.5,draftkings,115,-155,oddsapi
2026-10-07T21:00:07Z,2026-10-07,EDM @ ANA,db23cd7cb712b5c14c297aa6eece3627,sk_sog,under,Connor McDavid,3.5,draftkings,-155,115,oddsapi
2026-10-07T21:00:07Z,2026-10-07,EDM @ ANA,db23cd7cb712b5c14c297aa6eece3627,sk_sog,over,Leon Draisaitl,3.5,draftkings,120,-165,oddsapi
2026-10-07T21:00:07Z,2026-10-07,EDM @ ANA,db23cd7cb712b5c14c297aa6eece3627,sk_sog,under,Leon Draisaitl,3.5,draftkings,-165,120,oddsapi
2026-10-07T21:00:07Z,2026-10-07,EDM @ ANA,db23cd7cb712b5c14c297aa6eece3627,sk_sog,over,Evan Bouchard,2.5,draftkings,-130,-105,oddsapi
2026-10-07T21:00:07Z,2026-10-07,EDM @ ANA,db23cd7cb712b5c14c297aa6eece3627,sk_sog,under,Evan Bouchard,2.5,draftkings,-105,-130,oddsapi
2026-10-07T21:00:07Z,2026-10-07,EDM @ ANA,db23cd7cb712b5c14c297aa6eece3627,sk_sog,over,Vasily Podkolzin,2.5,draftkings,100,-135,oddsapi
2026-10-07T21:00:07Z,2026-10-07,EDM @ ANA,db23cd7cb712b5c14c297aa6eece3627,sk_sog,under,Vasily Podkolzin,2.5,draftkings,-135,100,oddsapi
2026-10-07T21:00:07Z,2026-10-07,EDM @ ANA,db23cd7cb712b5c14c297aa6eece3627,sk_sog,over,Beckett Sennecke,2.5,draftkings,105,-145,oddsapi
2026-10-07T21:00:07Z,2026-10-07,EDM @ ANA,db23cd7cb712b5c14c297aa6eece3627,sk_sog,under,Beckett Sennecke,2.5,draftkings,-145,105,oddsapi
2026-10-07T21:00:07Z,2026-10-07,EDM @ ANA,db23cd7cb712b5c14c297aa6eece3627,sk_sog,over,Leo Carlsson,2.5,draftkings,105,-140,oddsapi
2026-10-07T21:00:07Z,2026-10-07,EDM @ ANA,db23cd7cb712b5c14c297aa6eece3627,sk_sog,under,Leo Carlsson,2.5,draftkings,-140,105,oddsapi
2026-10-07T21:00:07Z,2026-10-07,EDM @ ANA,db23cd7cb712b5c14c297aa6eece3627,sk_sog,over,Kasperi Kapanen,1.5,draftkings,-150,110,oddsapi
2026-10-07T21:00:07Z,2026-10-07,EDM @ ANA,db23cd7cb712b5c14c297aa6eece3627,sk_sog,under,Kasperi Kapanen,1.5,draftkings,110,-150,oddsapi
2026-10-07T21:00:07Z,2026-10-07,EDM @ ANA,db23cd7cb712b5c14c297aa6eece3627,sk_sog,over,Jackson LaCombe,1.5,draftkings,-145,110,oddsapi
2026-10-07T21:00:07Z,2026-10-07,EDM @ ANA,db23cd7cb712b5c14c297aa6eece3627,sk_sog,under,Jackson LaCombe,1.5,draftkings,110,-145,oddsapi
2026-10-07T21:00:07Z,2026-10-07,EDM @ ANA,db23cd7cb712b5c14c297aa6eece3627,sk_sog,over,Mikael Granlund,1.5,draftkings,-145,105,oddsapi
2026-10-07T21:00:07Z,2026-10-07,EDM @ ANA,db23cd7cb712b5c14c297aa6eece3627,sk_sog,under,Mikael Granlund,1.5,draftkings,105,-145,oddsapi
2026-10-07T21:00:07Z,2026-10-07,EDM @ ANA,db23cd7cb712b5c14c297aa6eece3627,sk_sog,over,Alex Killorn,1.5,draftkings,-130,-105,oddsapi
2026-10-07T21:00:07Z,2026-10-07,EDM @ ANA,db23cd7cb712b5c14c297aa6eece3627,sk_sog,under,Alex Killorn,1.5,draftkings,-105,-130,oddsapi
2026-10-07T21:00:07Z,2026-10-07,EDM @ ANA,db23cd7cb712b5c14c297aa6eece3627,g_saves,over,Lukas Dostal,25.5,draftkings,-120,-110,oddsapi
2026-10-07T21:00:07Z,2026-10-07,EDM @ ANA,db23cd7cb712b5c14c297aa6eece3627,g_saves,under,Lukas Dostal,25.5,draftkings,-110,-120,oddsapi
2026-10-07T21:00:07Z,2026-10-07,EDM @ ANA,db23cd7cb712b5c14c297aa6eece3627,g_saves,over,Devon Levi,23.5,draftkings,-130,-105,oddsapi
2026-10-07T21:00:07Z,2026-10-07,EDM @ ANA,db23cd7cb712b5c14c297aa6eece3627,g_saves,under,Devon Levi,23.5,draftkings,-105,-130,oddsapi
2026-10-07T21:00:07Z,2026-10-07,EDM @ ANA,db23cd7cb712b5c14c297aa6eece3627,p1_pl,ANA,,0.5,draftkings,-200,154,oddsapi
2026-10-07T21:00:07Z,2026-10-07,EDM @ ANA,db23cd7cb712b5c14c297aa6eece3627,p1_pl,EDM,,-0.5,draftkings,154,-200,oddsapi
2026-10-07T21:00:07Z,2026-10-07,EDM @ ANA,db23cd7cb712b5c14c297aa6eece3627,p2_pl,ANA,,0.5,draftkings,-188,145,oddsapi
2026-10-07T21:00:07Z,2026-10-07,EDM @ ANA,db23cd7cb712b5c14c297aa6eece3627,p2_pl,EDM,,-0.5,draftkings,145,-188,oddsapi
2026-10-07T21:00:07Z,2026-10-07,EDM @ ANA,db23cd7cb712b5c14c297aa6eece3627,p3_pl,ANA,,0.5,draftkings,-175,135,oddsapi
2026-10-07T21:00:07Z,2026-10-07,EDM @ ANA,db23cd7cb712b5c14c297aa6eece3627,p3_pl,EDM,,-0.5,draftkings,135,-175,oddsapi
2026-10-07T21:00:07Z,2026-10-07,EDM @ ANA,db23cd7cb712b5c14c297aa6eece3627,p1_team_total,over,ANA,0.5,draftkings,-190,145,oddsapi
2026-10-07T21:00:07Z,2026-10-07,EDM @ ANA,db23cd7cb712b5c14c297aa6eece3627,p1_team_total,under,ANA,0.5,draftkings,145,-190,oddsapi
2026-10-07T21:00:07Z,2026-10-07,EDM @ ANA,db23cd7cb712b5c14c297aa6eece3627,p1_team_total,over,EDM,0.5,draftkings,-215,160,oddsapi
2026-10-07T21:00:07Z,2026-10-07,EDM @ ANA,db23cd7cb712b5c14c297aa6eece3627,p1_team_total,under,EDM,0.5,draftkings,160,-215,oddsapi
2026-10-07T21:00:07Z,2026-10-07,EDM @ ANA,db23cd7cb712b5c14c297aa6eece3627,p1_total,over,,1.5,draftkings,-175,135,oddsapi
2026-10-07T21:00:07Z,2026-10-07,EDM @ ANA,db23cd7cb712b5c14c297aa6eece3627,p1_total,under,,1.5,draftkings,135,-175,oddsapi
2026-10-07T21:00:07Z,2026-10-07,EDM @ ANA,db23cd7cb712b5c14c297aa6eece3627,p2_total,over,,2.5,draftkings,135,-175,oddsapi
2026-10-07T21:00:07Z,2026-10-07,EDM @ ANA,db23cd7cb712b5c14c297aa6eece3627,p2_total,under,,2.5,draftkings,-175,135,oddsapi
2026-10-07T21:00:07Z,2026-10-07,EDM @ ANA,db23cd7cb712b5c14c297aa6eece3627,p3_total,over,,2.5,draftkings,110,-140,oddsapi
2026-10-07T21:00:07Z,2026-10-07,EDM @ ANA,db23cd7cb712b5c14c297aa6eece3627,p3_total,under,,2.5,draftkings,-140,110,oddsapi
2026-10-07T21:00:07Z,2026-10-07,EDM @ ANA,db23cd7cb712b5c14c297aa6eece3627,team_total_alt,over,ANA,1,betmgm,-5000,900,oddsapi
2026-10-07T21:00:07Z,2026-10-07,EDM @ ANA,db23cd7cb712b5c14c297aa6eece3627,team_total_alt,under,ANA,1,betmgm,900,-5000,oddsapi
2026-10-07T21:00:07Z,2026-10-07,EDM @ ANA,db23cd7cb712b5c14c297aa6eece3627,team_total_alt,over,ANA,1.5,betmgm,-625,350,oddsapi
2026-10-07T21:00:07Z,2026-10-07,EDM @ ANA,db23cd7cb712b5c14c297aa6eece3627,team_total_alt,under,ANA,1.5,betmgm,350,-625,oddsapi
2026-10-07T21:00:07Z,2026-10-07,EDM @ ANA,db23cd7cb712b5c14c297aa6eece3627,team_total_alt,over,ANA,2,betmgm,-450,280,oddsapi
2026-10-07T21:00:07Z,2026-10-07,EDM @ ANA,db23cd7cb712b5c14c297aa6eece3627,team_total_alt,under,ANA,2,betmgm,280,-450,oddsapi
2026-10-07T21:00:07Z,2026-10-07,EDM @ ANA,db23cd7cb712b5c14c297aa6eece3627,team_total_alt,over,ANA,2.5,betmgm,-210,145,oddsapi
2026-10-07T21:00:07Z,2026-10-07,EDM @ ANA,db23cd7cb712b5c14c297aa6eece3627,team_total_alt,under,ANA,2.5,betmgm,145,-210,oddsapi
2026-10-07T21:00:07Z,2026-10-07,EDM @ ANA,db23cd7cb712b5c14c297aa6eece3627,team_total_alt,over,ANA,3,betmgm,-140,100,oddsapi
2026-10-07T21:00:07Z,2026-10-07,EDM @ ANA,db23cd7cb712b5c14c297aa6eece3627,team_total_alt,under,ANA,3,betmgm,100,-140,oddsapi
2026-10-07T21:00:07Z,2026-10-07,EDM @ ANA,db23cd7cb712b5c14c297aa6eece3627,team_total_alt,over,ANA,3.5,betmgm,110,-155,oddsapi
2026-10-07T21:00:07Z,2026-10-07,EDM @ ANA,db23cd7cb712b5c14c297aa6eece3627,team_total_alt,under,ANA,3.5,betmgm,-155,110,oddsapi
2026-10-07T21:00:07Z,2026-10-07,EDM @ ANA,db23cd7cb712b5c14c297aa6eece3627,team_total_alt,over,ANA,4,betmgm,175,-250,oddsapi
2026-10-07T21:00:07Z,2026-10-07,EDM @ ANA,db23cd7cb712b5c14c297aa6eece3627,team_total_alt,under,ANA,4,betmgm,-250,175,oddsapi
2026-10-07T21:00:07Z,2026-10-07,EDM @ ANA,db23cd7cb712b5c14c297aa6eece3627,team_total_alt,over,ANA,4.5,betmgm,230,-350,oddsapi
2026-10-07T21:00:07Z,2026-10-07,EDM @ ANA,db23cd7cb712b5c14c297aa6eece3627,team_total_alt,under,ANA,4.5,betmgm,-350,230,oddsapi
2026-10-07T21:00:07Z,2026-10-07,EDM @ ANA,db23cd7cb712b5c14c297aa6eece3627,team_total_alt,over,ANA,5,betmgm,425,-800,oddsapi
2026-10-07T21:00:07Z,2026-10-07,EDM @ ANA,db23cd7cb712b5c14c297aa6eece3627,team_total_alt,under,ANA,5,betmgm,-800,425,oddsapi
2026-10-07T21:00:07Z,2026-10-07,EDM @ ANA,db23cd7cb712b5c14c297aa6eece3627,team_total_alt,over,EDM,1.5,betmgm,-800,425,oddsapi
2026-10-07T21:00:07Z,2026-10-07,EDM @ ANA,db23cd7cb712b5c14c297aa6eece3627,team_total_alt,under,EDM,1.5,betmgm,425,-800,oddsapi
2026-10-07T21:00:07Z,2026-10-07,EDM @ ANA,db23cd7cb712b5c14c297aa6eece3627,team_total_alt,over,EDM,2,betmgm,-650,375,oddsapi
2026-10-07T21:00:07Z,2026-10-07,EDM @ ANA,db23cd7cb712b5c14c297aa6eece3627,team_total_alt,under,EDM,2,betmgm,375,-650,oddsapi
2026-10-07T21:00:07Z,2026-10-07,EDM @ ANA,db23cd7cb712b5c14c297aa6eece3627,team_total_alt,over,EDM,2.5,betmgm,-275,190,oddsapi
2026-10-07T21:00:07Z,2026-10-07,EDM @ ANA,db23cd7cb712b5c14c297aa6eece3627,team_total_alt,under,EDM,2.5,betmgm,190,-275,oddsapi
2026-10-07T21:00:07Z,2026-10-07,EDM @ ANA,db23cd7cb712b5c14c297aa6eece3627,team_total_alt,over,EDM,3,betmgm,-190,135,oddsapi
2026-10-07T21:00:07Z,2026-10-07,EDM @ ANA,db23cd7cb712b5c14c297aa6eece3627,team_total_alt,under,EDM,3,betmgm,135,-190,oddsapi
2026-10-07T21:00:07Z,2026-10-07,EDM @ ANA,db23cd7cb712b5c14c297aa6eece3627,team_total_alt,over,EDM,3.5,betmgm,-118,-118,oddsapi
2026-10-07T21:00:07Z,2026-10-07,EDM @ ANA,db23cd7cb712b5c14c297aa6eece3627,team_total_alt,under,EDM,3.5,betmgm,-118,-118,oddsapi
2026-10-07T21:00:07Z,2026-10-07,EDM @ ANA,db23cd7cb712b5c14c297aa6eece3627,team_total_alt,over,EDM,4,betmgm,135,-190,oddsapi
2026-10-07T21:00:07Z,2026-10-07,EDM @ ANA,db23cd7cb712b5c14c297aa6eece3627,team_total_alt,under,EDM,4,betmgm,-190,135,oddsapi
2026-10-07T21:00:07Z,2026-10-07,EDM @ ANA,db23cd7cb712b5c14c297aa6eece3627,team_total_alt,over,EDM,4.5,betmgm,175,-250,oddsapi
2026-10-07T21:00:07Z,2026-10-07,EDM @ ANA,db23cd7cb712b5c14c297aa6eece3627,team_total_alt,under,EDM,4.5,betmgm,-250,175,oddsapi
2026-10-07T21:00:07Z,2026-10-07,EDM @ ANA,db23cd7cb712b5c14c297aa6eece3627,team_total_alt,over,EDM,5.5,betmgm,375,-650,oddsapi
2026-10-07T21:00:07Z,2026-10-07,EDM @ ANA,db23cd7cb712b5c14c297aa6eece3627,team_total_alt,under,EDM,5.5,betmgm,-650,375,oddsapi
2026-10-07T21:00:07Z,2026-10-07,EDM @ ANA,db23cd7cb712b5c14c297aa6eece3627,team_total_alt,over,EDM,5,betmgm,325,-550,oddsapi
2026-10-07T21:00:07Z,2026-10-07,EDM @ ANA,db23cd7cb712b5c14c297aa6eece3627,team_total_alt,under,EDM,5,betmgm,-550,325,oddsapi
2026-10-07T21:00:07Z,2026-10-07,EDM @ ANA,db23cd7cb712b5c14c297aa6eece3627,game_ml3,ANA,,,betmgm,165,,oddsapi
2026-10-07T21:00:07Z,2026-10-07,EDM @ ANA,db23cd7cb712b5c14c297aa6eece3627,game_ml3,EDM,,,betmgm,120,,oddsapi
2026-10-07T21:00:07Z,2026-10-07,EDM @ ANA,db23cd7cb712b5c14c297aa6eece3627,game_ml3,draw,,,betmgm,300,,oddsapi
2026-10-07T21:00:07Z,2026-10-07,EDM @ ANA,db23cd7cb712b5c14c297aa6eece3627,p1_ml3,ANA,,,betmgm,175,,oddsapi
2026-10-07T21:00:07Z,2026-10-07,EDM @ ANA,db23cd7cb712b5c14c297aa6eece3627,p1_ml3,EDM,,,betmgm,145,,oddsapi
2026-10-07T21:00:07Z,2026-10-07,EDM @ ANA,db23cd7cb712b5c14c297aa6eece3627,p1_ml3,draw,,,betmgm,195,,oddsapi
2026-10-07T21:00:07Z,2026-10-07,EDM @ ANA,db23cd7cb712b5c14c297aa6eece3627,p2_ml3,ANA,,,betmgm,170,,oddsapi
2026-10-07T21:00:07Z,2026-10-07,EDM @ ANA,db23cd7cb712b5c14c297aa6eece3627,p2_ml3,EDM,,,betmgm,140,,oddsapi
2026-10-07T21:00:07Z,2026-10-07,EDM @ ANA,db23cd7cb712b5c14c297aa6eece3627,p2_ml3,draw,,,betmgm,210,,oddsapi
2026-10-07T21:00:07Z,2026-10-07,EDM @ ANA,db23cd7cb712b5c14c297aa6eece3627,p3_ml3,ANA,,,betmgm,160,,oddsapi
2026-10-07T21:00:07Z,2026-10-07,EDM @ ANA,db23cd7cb712b5c14c297aa6eece3627,p3_ml3,EDM,,,betmgm,130,,oddsapi
2026-10-07T21:00:07Z,2026-10-07,EDM @ ANA,db23cd7cb712b5c14c297aa6eece3627,p3_ml3,draw,,,betmgm,240,,oddsapi
2026-10-07T21:00:07Z,2026-10-07,EDM @ ANA,db23cd7cb712b5c14c297aa6eece3627,p1_ml,ANA,,,betmgm,100,-130,oddsapi
2026-10-07T21:00:07Z,2026-10-07,EDM @ ANA,db23cd7cb712b5c14c297aa6eece3627,p1_ml,EDM,,,betmgm,-130,100,oddsapi
2026-10-07T21:00:07Z,2026-10-07,EDM @ ANA,db23cd7cb712b5c14c297aa6eece3627,p2_ml,ANA,,,betmgm,-102,-135,oddsapi
2026-10-07T21:00:07Z,2026-10-07,EDM @ ANA,db23cd7cb712b5c14c297aa6eece3627,p2_ml,EDM,,,betmgm,-135,-102,oddsapi
2026-10-07T21:00:07Z,2026-10-07,EDM @ ANA,db23cd7cb712b5c14c297aa6eece3627,p3_ml,ANA,,,betmgm,-102,-135,oddsapi
2026-10-07T21:00:07Z,2026-10-07,EDM @ ANA,db23cd7cb712b5c14c297aa6eece3627,p3_ml,EDM,,,betmgm,-135,-102,oddsapi
2026-10-07T21:00:07Z,2026-10-07,EDM @ ANA,db23cd7cb712b5c14c297aa6eece3627,sk_a,over,Leon Draisaitl,0.5,betmgm,-165,125,oddsapi
2026-10-07T21:00:07Z,2026-10-07,EDM @ ANA,db23cd7cb712b5c14c297aa6eece3627,sk_a,under,Leon Draisaitl,0.5,betmgm,125,-165,oddsapi
2026-10-07T21:00:07Z,2026-10-07,EDM @ ANA,db23cd7cb712b5c14c297aa6eece3627,sk_a,over,Mattias Ekholm,0.5,betmgm,210,-295,oddsapi
2026-10-07T21:00:07Z,2026-10-07,EDM @ ANA,db23cd7cb712b5c14c297aa6eece3627,sk_a,under,Mattias Ekholm,0.5,betmgm,-295,210,oddsapi
2026-10-07T21:00:07Z,2026-10-07,EDM @ ANA,db23cd7cb712b5c14c297aa6eece3627,sk_a,over,Alex Killorn,0.5,betmgm,250,-400,oddsapi
2026-10-07T21:00:07Z,2026-10-07,EDM @ ANA,db23cd7cb712b5c14c297aa6eece3627,sk_a,under,Alex Killorn,0.5,betmgm,-400,250,oddsapi
2026-10-07T21:00:07Z,2026-10-07,EDM @ ANA,db23cd7cb712b5c14c297aa6eece3627,sk_a,over,Connor McDavid,0.5,betmgm,-220,160,oddsapi
2026-10-07T21:00:07Z,2026-10-07,EDM @ ANA,db23cd7cb712b5c14c297aa6eece3627,sk_a,under,Connor McDavid,0.5,betmgm,160,-220,oddsapi
2026-10-07T21:00:07Z,2026-10-07,EDM @ ANA,db23cd7cb712b5c14c297aa6eece3627,sk_a,over,Mikael Granlund,0.5,betmgm,120,-160,oddsapi
2026-10-07T21:00:07Z,2026-10-07,EDM @ ANA,db23cd7cb712b5c14c297aa6eece3627,sk_a,under,Mikael Granlund,0.5,betmgm,-160,120,oddsapi
2026-10-07T21:00:07Z,2026-10-07,EDM @ ANA,db23cd7cb712b5c14c297aa6eece3627,sk_a,over,Jackson LaCombe,0.5,betmgm,-115,-115,oddsapi
2026-10-07T21:00:07Z,2026-10-07,EDM @ ANA,db23cd7cb712b5c14c297aa6eece3627,sk_a,under,Jackson LaCombe,0.5,betmgm,-115,-115,oddsapi
2026-10-07T21:00:07Z,2026-10-07,EDM @ ANA,db23cd7cb712b5c14c297aa6eece3627,sk_a,over,Leo Carlsson,0.5,betmgm,110,-150,oddsapi
2026-10-07T21:00:07Z,2026-10-07,EDM @ ANA,db23cd7cb712b5c14c297aa6eece3627,sk_a,under,Leo Carlsson,0.5,betmgm,-150,110,oddsapi
2026-10-07T21:00:07Z,2026-10-07,EDM @ ANA,db23cd7cb712b5c14c297aa6eece3627,sk_a,over,Vasily Podkolzin,0.5,betmgm,140,-190,oddsapi
2026-10-07T21:00:07Z,2026-10-07,EDM @ ANA,db23cd7cb712b5c14c297aa6eece3627,sk_a,under,Vasily Podkolzin,0.5,betmgm,-190,140,oddsapi
2026-10-07T21:00:07Z,2026-10-07,EDM @ ANA,db23cd7cb712b5c14c297aa6eece3627,sk_a,over,Cutter Gauthier,0.5,betmgm,140,-190,oddsapi
2026-10-07T21:00:07Z,2026-10-07,EDM @ ANA,db23cd7cb712b5c14c297aa6eece3627,sk_a,under,Cutter Gauthier,0.5,betmgm,-190,140,oddsapi
2026-10-07T21:00:07Z,2026-10-07,EDM @ ANA,db23cd7cb712b5c14c297aa6eece3627,sk_a,over,Kasperi Kapanen,0.5,betmgm,195,-275,oddsapi
2026-10-07T21:00:07Z,2026-10-07,EDM @ ANA,db23cd7cb712b5c14c297aa6eece3627,sk_a,under,Kasperi Kapanen,0.5,betmgm,-275,195,oddsapi
2026-10-07T21:00:07Z,2026-10-07,EDM @ ANA,db23cd7cb712b5c14c297aa6eece3627,sk_a,over,Beckett Sennecke,0.5,betmgm,120,-160,oddsapi
2026-10-07T21:00:07Z,2026-10-07,EDM @ ANA,db23cd7cb712b5c14c297aa6eece3627,sk_a,under,Beckett Sennecke,0.5,betmgm,-160,120,oddsapi
2026-10-07T21:00:07Z,2026-10-07,EDM @ ANA,db23cd7cb712b5c14c297aa6eece3627,sk_a,over,Evan Bouchard,0.5,betmgm,-155,115,oddsapi
2026-10-07T21:00:07Z,2026-10-07,EDM @ ANA,db23cd7cb712b5c14c297aa6eece3627,sk_a,under,Evan Bouchard,0.5,betmgm,115,-155,oddsapi
2026-10-07T21:00:07Z,2026-10-07,EDM @ ANA,db23cd7cb712b5c14c297aa6eece3627,ags,yes,Cutter Gauthier,,betmgm,115,,oddsapi
2026-10-07T21:00:07Z,2026-10-07,EDM @ ANA,db23cd7cb712b5c14c297aa6eece3627,ags,yes,Connor McDavid,,betmgm,115,,oddsapi
2026-10-07T21:00:07Z,2026-10-07,EDM @ ANA,db23cd7cb712b5c14c297aa6eece3627,ags,yes,Leon Draisaitl,,betmgm,115,,oddsapi
2026-10-07T21:00:07Z,2026-10-07,EDM @ ANA,db23cd7cb712b5c14c297aa6eece3627,ags,yes,Leo Carlsson,,betmgm,180,,oddsapi
2026-10-07T21:00:07Z,2026-10-07,EDM @ ANA,db23cd7cb712b5c14c297aa6eece3627,ags,yes,Vasily Podkolzin,,betmgm,195,,oddsapi
2026-10-07T21:00:07Z,2026-10-07,EDM @ ANA,db23cd7cb712b5c14c297aa6eece3627,ags,yes,Beckett Sennecke,,betmgm,210,,oddsapi
2026-10-07T21:00:07Z,2026-10-07,EDM @ ANA,db23cd7cb712b5c14c297aa6eece3627,ags,yes,Mikael Granlund,,betmgm,260,,oddsapi
2026-10-07T21:00:07Z,2026-10-07,EDM @ ANA,db23cd7cb712b5c14c297aa6eece3627,ags,yes,Kasperi Kapanen,,betmgm,270,,oddsapi
2026-10-07T21:00:07Z,2026-10-07,EDM @ ANA,db23cd7cb712b5c14c297aa6eece3627,ags,yes,Evan Bouchard,,betmgm,275,,oddsapi
2026-10-07T21:00:07Z,2026-10-07,EDM @ ANA,db23cd7cb712b5c14c297aa6eece3627,ags,yes,Alex Killorn,,betmgm,320,,oddsapi
2026-10-07T21:00:07Z,2026-10-07,EDM @ ANA,db23cd7cb712b5c14c297aa6eece3627,ags,yes,Trent Frederic,,betmgm,350,,oddsapi
2026-10-07T21:00:07Z,2026-10-07,EDM @ ANA,db23cd7cb712b5c14c297aa6eece3627,ags,yes,Jason Dickinson,,betmgm,375,,oddsapi
2026-10-07T21:00:07Z,2026-10-07,EDM @ ANA,db23cd7cb712b5c14c297aa6eece3627,ags,yes,Ryan Poehling,,betmgm,375,,oddsapi
2026-10-07T21:00:07Z,2026-10-07,EDM @ ANA,db23cd7cb712b5c14c297aa6eece3627,ags,yes,A.J. Greer,,betmgm,425,,oddsapi
2026-10-07T21:00:07Z,2026-10-07,EDM @ ANA,db23cd7cb712b5c14c297aa6eece3627,ags,yes,Isaac Howard,,betmgm,425,,oddsapi
2026-10-07T21:00:07Z,2026-10-07,EDM @ ANA,db23cd7cb712b5c14c297aa6eece3627,ags,yes,Jackson LaCombe,,betmgm,425,,oddsapi
2026-10-07T21:00:07Z,2026-10-07,EDM @ ANA,db23cd7cb712b5c14c297aa6eece3627,ags,yes,Owen Michaels,,betmgm,500,,oddsapi
2026-10-07T21:00:07Z,2026-10-07,EDM @ ANA,db23cd7cb712b5c14c297aa6eece3627,ags,yes,Alex Formenton,,betmgm,575,,oddsapi
2026-10-07T21:00:07Z,2026-10-07,EDM @ ANA,db23cd7cb712b5c14c297aa6eece3627,ags,yes,Nikita Nesterenko,,betmgm,600,,oddsapi
2026-10-07T21:00:07Z,2026-10-07,EDM @ ANA,db23cd7cb712b5c14c297aa6eece3627,ags,yes,Colton Dach,,betmgm,600,,oddsapi
2026-10-07T21:00:07Z,2026-10-07,EDM @ ANA,db23cd7cb712b5c14c297aa6eece3627,ags,yes,Jake Walman,,betmgm,650,,oddsapi
2026-10-07T21:00:07Z,2026-10-07,EDM @ ANA,db23cd7cb712b5c14c297aa6eece3627,ags,yes,Josh Samanski,,betmgm,650,,oddsapi
2026-10-07T21:00:07Z,2026-10-07,EDM @ ANA,db23cd7cb712b5c14c297aa6eece3627,ags,yes,Tristan Luneau,,betmgm,700,,oddsapi
2026-10-07T21:00:07Z,2026-10-07,EDM @ ANA,db23cd7cb712b5c14c297aa6eece3627,ags,yes,Mathieu Joseph,,betmgm,725,,oddsapi
2026-10-07T21:00:07Z,2026-10-07,EDM @ ANA,db23cd7cb712b5c14c297aa6eece3627,ags,yes,Judd Caulfield,,betmgm,750,,oddsapi
2026-10-07T21:00:07Z,2026-10-07,EDM @ ANA,db23cd7cb712b5c14c297aa6eece3627,ags,yes,Mattias Ekholm,,betmgm,750,,oddsapi
2026-10-07T21:00:07Z,2026-10-07,EDM @ ANA,db23cd7cb712b5c14c297aa6eece3627,ags,yes,Jeff Malott,,betmgm,825,,oddsapi
2026-10-07T21:00:07Z,2026-10-07,EDM @ ANA,db23cd7cb712b5c14c297aa6eece3627,ags,yes,Pavel Mintyukov,,betmgm,825,,oddsapi
2026-10-07T21:00:07Z,2026-10-07,EDM @ ANA,db23cd7cb712b5c14c297aa6eece3627,ags,yes,Ryan Shea,,betmgm,875,,oddsapi
2026-10-07T21:00:07Z,2026-10-07,EDM @ ANA,db23cd7cb712b5c14c297aa6eece3627,ags,yes,Tim Washe,,betmgm,1100,,oddsapi
2026-10-07T21:00:07Z,2026-10-07,EDM @ ANA,db23cd7cb712b5c14c297aa6eece3627,ags,yes,Travis Mitchell,,betmgm,1150,,oddsapi
2026-10-07T21:00:07Z,2026-10-07,EDM @ ANA,db23cd7cb712b5c14c297aa6eece3627,ags,yes,Noah Warren,,betmgm,1350,,oddsapi
2026-10-07T21:00:07Z,2026-10-07,EDM @ ANA,db23cd7cb712b5c14c297aa6eece3627,ags,yes,Connor Murphy,,betmgm,1800,,oddsapi
2026-10-07T21:00:07Z,2026-10-07,EDM @ ANA,db23cd7cb712b5c14c297aa6eece3627,fgs,yes,Leon Draisaitl,,betmgm,850,,oddsapi
2026-10-07T21:00:07Z,2026-10-07,EDM @ ANA,db23cd7cb712b5c14c297aa6eece3627,fgs,yes,Cutter Gauthier,,betmgm,900,,oddsapi
2026-10-07T21:00:07Z,2026-10-07,EDM @ ANA,db23cd7cb712b5c14c297aa6eece3627,fgs,yes,Connor McDavid,,betmgm,900,,oddsapi
2026-10-07T21:00:07Z,2026-10-07,EDM @ ANA,db23cd7cb712b5c14c297aa6eece3627,fgs,yes,Leo Carlsson,,betmgm,1300,,oddsapi
2026-10-07T21:00:07Z,2026-10-07,EDM @ ANA,db23cd7cb712b5c14c297aa6eece3627,fgs,yes,Vasily Podkolzin,,betmgm,1400,,oddsapi
2026-10-07T21:00:07Z,2026-10-07,EDM @ ANA,db23cd7cb712b5c14c297aa6eece3627,fgs,yes,Beckett Sennecke,,betmgm,1500,,oddsapi
2026-10-07T21:00:07Z,2026-10-07,EDM @ ANA,db23cd7cb712b5c14c297aa6eece3627,fgs,yes,Mikael Granlund,,betmgm,1800,,oddsapi
2026-10-07T21:00:07Z,2026-10-07,EDM @ ANA,db23cd7cb712b5c14c297aa6eece3627,fgs,yes,Kasperi Kapanen,,betmgm,1900,,oddsapi
2026-10-07T21:00:07Z,2026-10-07,EDM @ ANA,db23cd7cb712b5c14c297aa6eece3627,fgs,yes,Evan Bouchard,,betmgm,1900,,oddsapi
2026-10-07T21:00:07Z,2026-10-07,EDM @ ANA,db23cd7cb712b5c14c297aa6eece3627,fgs,yes,Alex Killorn,,betmgm,2000,,oddsapi
2026-10-07T21:00:07Z,2026-10-07,EDM @ ANA,db23cd7cb712b5c14c297aa6eece3627,fgs,yes,Trent Frederic,,betmgm,2000,,oddsapi
2026-10-07T21:00:07Z,2026-10-07,EDM @ ANA,db23cd7cb712b5c14c297aa6eece3627,fgs,yes,Ryan Poehling,,betmgm,2200,,oddsapi
2026-10-07T21:00:07Z,2026-10-07,EDM @ ANA,db23cd7cb712b5c14c297aa6eece3627,fgs,yes,Jason Dickinson,,betmgm,2500,,oddsapi
2026-10-07T21:00:07Z,2026-10-07,EDM @ ANA,db23cd7cb712b5c14c297aa6eece3627,fgs,yes,A.J. Greer,,betmgm,2500,,oddsapi
2026-10-07T21:00:07Z,2026-10-07,EDM @ ANA,db23cd7cb712b5c14c297aa6eece3627,fgs,yes,Isaac Howard,,betmgm,2800,,oddsapi
2026-10-07T21:00:07Z,2026-10-07,EDM @ ANA,db23cd7cb712b5c14c297aa6eece3627,fgs,yes,Jackson LaCombe,,betmgm,2800,,oddsapi
2026-10-07T21:00:07Z,2026-10-07,EDM @ ANA,db23cd7cb712b5c14c297aa6eece3627,fgs,yes,Owen Michaels,,betmgm,3000,,oddsapi
2026-10-07T21:00:07Z,2026-10-07,EDM @ ANA,db23cd7cb712b5c14c297aa6eece3627,fgs,yes,Colton Dach,,betmgm,3500,,oddsapi
2026-10-07T21:00:07Z,2026-10-07,EDM @ ANA,db23cd7cb712b5c14c297aa6eece3627,fgs,yes,Alex Formenton,,betmgm,3500,,oddsapi
2026-10-07T21:00:07Z,2026-10-07,EDM @ ANA,db23cd7cb712b5c14c297aa6eece3627,fgs,yes,Jake Walman,,betmgm,4000,,oddsapi
2026-10-07T21:00:07Z,2026-10-07,EDM @ ANA,db23cd7cb712b5c14c297aa6eece3627,fgs,yes,Josh Samanski,,betmgm,4000,,oddsapi
2026-10-07T21:00:07Z,2026-10-07,EDM @ ANA,db23cd7cb712b5c14c297aa6eece3627,fgs,yes,Tristan Luneau,,betmgm,4000,,oddsapi
2026-10-07T21:00:07Z,2026-10-07,EDM @ ANA,db23cd7cb712b5c14c297aa6eece3627,fgs,yes,Nikita Nesterenko,,betmgm,4000,,oddsapi
2026-10-07T21:00:07Z,2026-10-07,EDM @ ANA,db23cd7cb712b5c14c297aa6eece3627,fgs,yes,Mathieu Joseph,,betmgm,4500,,oddsapi
2026-10-07T21:00:07Z,2026-10-07,EDM @ ANA,db23cd7cb712b5c14c297aa6eece3627,fgs,yes,Judd Caulfield,,betmgm,4500,,oddsapi
2026-10-07T21:00:07Z,2026-10-07,EDM @ ANA,db23cd7cb712b5c14c297aa6eece3627,fgs,yes,Jeff Malott,,betmgm,4500,,oddsapi
2026-10-07T21:00:07Z,2026-10-07,EDM @ ANA,db23cd7cb712b5c14c297aa6eece3627,fgs,yes,Mattias Ekholm,,betmgm,5000,,oddsapi
2026-10-07T21:00:07Z,2026-10-07,EDM @ ANA,db23cd7cb712b5c14c297aa6eece3627,fgs,yes,Ryan Shea,,betmgm,5500,,oddsapi
2026-10-07T21:00:07Z,2026-10-07,EDM @ ANA,db23cd7cb712b5c14c297aa6eece3627,fgs,yes,Tim Washe,,betmgm,6600,,oddsapi
2026-10-07T21:00:07Z,2026-10-07,EDM @ ANA,db23cd7cb712b5c14c297aa6eece3627,fgs,yes,Pavel Mintyukov,,betmgm,6600,,oddsapi
2026-10-07T21:00:07Z,2026-10-07,EDM @ ANA,db23cd7cb712b5c14c297aa6eece3627,fgs,yes,Travis Mitchell,,betmgm,8000,,oddsapi
2026-10-07T21:00:07Z,2026-10-07,EDM @ ANA,db23cd7cb712b5c14c297aa6eece3627,fgs,yes,Noah Warren,,betmgm,10000,,oddsapi
2026-10-07T21:00:07Z,2026-10-07,EDM @ ANA,db23cd7cb712b5c14c297aa6eece3627,fgs,yes,Connor Murphy,,betmgm,10000,,oddsapi
2026-10-07T21:00:07Z,2026-10-07,EDM @ ANA,db23cd7cb712b5c14c297aa6eece3627,sk_pts,over,Vasily Podkolzin,0.5,betmgm,-155,115,oddsapi
2026-10-07T21:00:07Z,2026-10-07,EDM @ ANA,db23cd7cb712b5c14c297aa6eece3627,sk_pts,under,Vasily Podkolzin,0.5,betmgm,115,-155,oddsapi
2026-10-07T21:00:07Z,2026-10-07,EDM @ ANA,db23cd7cb712b5c14c297aa6eece3627,sk_pts,over,Connor McDavid,1.5,betmgm,-105,-125,oddsapi
2026-10-07T21:00:07Z,2026-10-07,EDM @ ANA,db23cd7cb712b5c14c297aa6eece3627,sk_pts,under,Connor McDavid,1.5,betmgm,-125,-105,oddsapi
2026-10-07T21:00:07Z,2026-10-07,EDM @ ANA,db23cd7cb712b5c14c297aa6eece3627,sk_pts,over,Mikael Granlund,0.5,betmgm,-120,-110,oddsapi
2026-10-07T21:00:07Z,2026-10-07,EDM @ ANA,db23cd7cb712b5c14c297aa6eece3627,sk_pts,under,Mikael Granlund,0.5,betmgm,-110,-120,oddsapi
2026-10-07T21:00:07Z,2026-10-07,EDM @ ANA,db23cd7cb712b5c14c297aa6eece3627,sk_pts,over,Mattias Ekholm,0.5,betmgm,165,-225,oddsapi
2026-10-07T21:00:07Z,2026-10-07,EDM @ ANA,db23cd7cb712b5c14c297aa6eece3627,sk_pts,under,Mattias Ekholm,0.5,betmgm,-225,165,oddsapi
2026-10-07T21:00:07Z,2026-10-07,EDM @ ANA,db23cd7cb712b5c14c297aa6eece3627,sk_pts,over,Leon Draisaitl,1.5,betmgm,105,-140,oddsapi
2026-10-07T21:00:07Z,2026-10-07,EDM @ ANA,db23cd7cb712b5c14c297aa6eece3627,sk_pts,under,Leon Draisaitl,1.5,betmgm,-140,105,oddsapi
2026-10-07T21:00:07Z,2026-10-07,EDM @ ANA,db23cd7cb712b5c14c297aa6eece3627,sk_pts,over,Jackson LaCombe,0.5,betmgm,-155,115,oddsapi
2026-10-07T21:00:07Z,2026-10-07,EDM @ ANA,db23cd7cb712b5c14c297aa6eece3627,sk_pts,under,Jackson LaCombe,0.5,betmgm,115,-155,oddsapi
2026-10-07T21:00:07Z,2026-10-07,EDM @ ANA,db23cd7cb712b5c14c297aa6eece3627,sk_pts,over,Cutter Gauthier,0.5,betmgm,-190,140,oddsapi
2026-10-07T21:00:07Z,2026-10-07,EDM @ ANA,db23cd7cb712b5c14c297aa6eece3627,sk_pts,under,Cutter Gauthier,0.5,betmgm,140,-190,oddsapi
2026-10-07T21:00:07Z,2026-10-07,EDM @ ANA,db23cd7cb712b5c14c297aa6eece3627,sk_pts,over,Kasperi Kapanen,0.5,betmgm,-111,-120,oddsapi
2026-10-07T21:00:07Z,2026-10-07,EDM @ ANA,db23cd7cb712b5c14c297aa6eece3627,sk_pts,under,Kasperi Kapanen,0.5,betmgm,-120,-111,oddsapi
2026-10-07T21:00:07Z,2026-10-07,EDM @ ANA,db23cd7cb712b5c14c297aa6eece3627,sk_pts,over,Alex Killorn,0.5,betmgm,135,-185,oddsapi
2026-10-07T21:00:07Z,2026-10-07,EDM @ ANA,db23cd7cb712b5c14c297aa6eece3627,sk_pts,under,Alex Killorn,0.5,betmgm,-185,135,oddsapi
2026-10-07T21:00:07Z,2026-10-07,EDM @ ANA,db23cd7cb712b5c14c297aa6eece3627,sk_pts,over,Beckett Sennecke,0.5,betmgm,-165,125,oddsapi
2026-10-07T21:00:07Z,2026-10-07,EDM @ ANA,db23cd7cb712b5c14c297aa6eece3627,sk_pts,under,Beckett Sennecke,0.5,betmgm,125,-165,oddsapi
2026-10-07T21:00:07Z,2026-10-07,EDM @ ANA,db23cd7cb712b5c14c297aa6eece3627,sk_pts,over,Leo Carlsson,0.5,betmgm,-175,130,oddsapi
2026-10-07T21:00:07Z,2026-10-07,EDM @ ANA,db23cd7cb712b5c14c297aa6eece3627,sk_pts,under,Leo Carlsson,0.5,betmgm,130,-175,oddsapi
2026-10-07T21:00:07Z,2026-10-07,EDM @ ANA,db23cd7cb712b5c14c297aa6eece3627,sk_pts,over,Evan Bouchard,0.5,betmgm,-225,165,oddsapi
2026-10-07T21:00:07Z,2026-10-07,EDM @ ANA,db23cd7cb712b5c14c297aa6eece3627,sk_pts,under,Evan Bouchard,0.5,betmgm,165,-225,oddsapi
2026-10-07T21:00:07Z,2026-10-07,EDM @ ANA,db23cd7cb712b5c14c297aa6eece3627,sk_sog,over,Pavel Mintyukov,1.5,betmgm,125,-190,oddsapi
2026-10-07T21:00:07Z,2026-10-07,EDM @ ANA,db23cd7cb712b5c14c297aa6eece3627,sk_sog,under,Pavel Mintyukov,1.5,betmgm,-190,125,oddsapi
2026-10-07T21:00:07Z,2026-10-07,EDM @ ANA,db23cd7cb712b5c14c297aa6eece3627,sk_sog,over,Mikael Granlund,1.5,betmgm,-155,105,oddsapi
2026-10-07T21:00:07Z,2026-10-07,EDM @ ANA,db23cd7cb712b5c14c297aa6eece3627,sk_sog,under,Mikael Granlund,1.5,betmgm,105,-155,oddsapi
2026-10-07T21:00:07Z,2026-10-07,EDM @ ANA,db23cd7cb712b5c14c297aa6eece3627,sk_sog,over,Leon Draisaitl,2.5,betmgm,-175,120,oddsapi
2026-10-07T21:00:07Z,2026-10-07,EDM @ ANA,db23cd7cb712b5c14c297aa6eece3627,sk_sog,under,Leon Draisaitl,2.5,betmgm,120,-175,oddsapi
2026-10-07T21:00:07Z,2026-10-07,EDM @ ANA,db23cd7cb712b5c14c297aa6eece3627,sk_sog,over,Connor McDavid,3.5,betmgm,100,-145,oddsapi
2026-10-07T21:00:07Z,2026-10-07,EDM @ ANA,db23cd7cb712b5c14c297aa6eece3627,sk_sog,under,Connor McDavid,3.5,betmgm,-145,100,oddsapi
2026-10-07T21:00:07Z,2026-10-07,EDM @ ANA,db23cd7cb712b5c14c297aa6eece3627,sk_sog,over,Alex Killorn,1.5,betmgm,-135,-110,oddsapi
2026-10-07T21:00:07Z,2026-10-07,EDM @ ANA,db23cd7cb712b5c14c297aa6eece3627,sk_sog,under,Alex Killorn,1.5,betmgm,-110,-135,oddsapi
2026-10-07T21:00:07Z,2026-10-07,EDM @ ANA,db23cd7cb712b5c14c297aa6eece3627,sk_sog,over,Jackson LaCombe,1.5,betmgm,-165,115,oddsapi
2026-10-07T21:00:07Z,2026-10-07,EDM @ ANA,db23cd7cb712b5c14c297aa6eece3627,sk_sog,under,Jackson LaCombe,1.5,betmgm,115,-165,oddsapi
2026-10-07T21:00:07Z,2026-10-07,EDM @ ANA,db23cd7cb712b5c14c297aa6eece3627,sk_sog,over,Beckett Sennecke,2.5,betmgm,100,-145,oddsapi
2026-10-07T21:00:07Z,2026-10-07,EDM @ ANA,db23cd7cb712b5c14c297aa6eece3627,sk_sog,under,Beckett Sennecke,2.5,betmgm,-145,100,oddsapi
2026-10-07T21:00:07Z,2026-10-07,EDM @ ANA,db23cd7cb712b5c14c297aa6eece3627,sk_sog,over,Vasily Podkolzin,1.5,betmgm,-250,150,oddsapi
2026-10-07T21:00:07Z,2026-10-07,EDM @ ANA,db23cd7cb712b5c14c297aa6eece3627,sk_sog,under,Vasily Podkolzin,1.5,betmgm,150,-250,oddsapi
2026-10-07T21:00:07Z,2026-10-07,EDM @ ANA,db23cd7cb712b5c14c297aa6eece3627,sk_sog,over,Kasperi Kapanen,1.5,betmgm,-155,105,oddsapi
2026-10-07T21:00:07Z,2026-10-07,EDM @ ANA,db23cd7cb712b5c14c297aa6eece3627,sk_sog,under,Kasperi Kapanen,1.5,betmgm,105,-155,oddsapi
2026-10-07T21:00:07Z,2026-10-07,EDM @ ANA,db23cd7cb712b5c14c297aa6eece3627,sk_sog,over,Cutter Gauthier,3.5,betmgm,-115,-125,oddsapi
2026-10-07T21:00:07Z,2026-10-07,EDM @ ANA,db23cd7cb712b5c14c297aa6eece3627,sk_sog,under,Cutter Gauthier,3.5,betmgm,-125,-115,oddsapi
2026-10-07T21:00:07Z,2026-10-07,EDM @ ANA,db23cd7cb712b5c14c297aa6eece3627,sk_sog,over,Evan Bouchard,2.5,betmgm,-115,-125,oddsapi
2026-10-07T21:00:07Z,2026-10-07,EDM @ ANA,db23cd7cb712b5c14c297aa6eece3627,sk_sog,under,Evan Bouchard,2.5,betmgm,-125,-115,oddsapi
2026-10-07T21:00:07Z,2026-10-07,EDM @ ANA,db23cd7cb712b5c14c297aa6eece3627,sk_sog,over,Leo Carlsson,2.5,betmgm,-110,-135,oddsapi
2026-10-07T21:00:07Z,2026-10-07,EDM @ ANA,db23cd7cb712b5c14c297aa6eece3627,sk_sog,under,Leo Carlsson,2.5,betmgm,-135,-110,oddsapi
2026-10-07T21:00:07Z,2026-10-07,EDM @ ANA,db23cd7cb712b5c14c297aa6eece3627,p1_pl,ANA,,1.5,betmgm,-750,450,oddsapi
2026-10-07T21:00:07Z,2026-10-07,EDM @ ANA,db23cd7cb712b5c14c297aa6eece3627,p1_pl,EDM,,-1.5,betmgm,450,-750,oddsapi
2026-10-07T21:00:07Z,2026-10-07,EDM @ ANA,db23cd7cb712b5c14c297aa6eece3627,p2_pl,ANA,,1.5,betmgm,-700,400,oddsapi
2026-10-07T21:00:07Z,2026-10-07,EDM @ ANA,db23cd7cb712b5c14c297aa6eece3627,p2_pl,EDM,,-1.5,betmgm,400,-700,oddsapi
2026-10-07T21:00:07Z,2026-10-07,EDM @ ANA,db23cd7cb712b5c14c297aa6eece3627,p3_pl,ANA,,-1,betmgm,333,-550,oddsapi
2026-10-07T21:00:07Z,2026-10-07,EDM @ ANA,db23cd7cb712b5c14c297aa6eece3627,p3_pl,EDM,,1,betmgm,-550,333,oddsapi
2026-10-07T21:00:07Z,2026-10-07,EDM @ ANA,db23cd7cb712b5c14c297aa6eece3627,team_total,over,ANA,3,betmgm,-140,100,oddsapi
2026-10-07T21:00:07Z,2026-10-07,EDM @ ANA,db23cd7cb712b5c14c297aa6eece3627,team_total,under,ANA,3,betmgm,100,-140,oddsapi
2026-10-07T21:00:07Z,2026-10-07,EDM @ ANA,db23cd7cb712b5c14c297aa6eece3627,team_total,over,EDM,3.5,betmgm,-118,-118,oddsapi
2026-10-07T21:00:07Z,2026-10-07,EDM @ ANA,db23cd7cb712b5c14c297aa6eece3627,team_total,under,EDM,3.5,betmgm,-118,-118,oddsapi
2026-10-07T21:00:07Z,2026-10-07,EDM @ ANA,db23cd7cb712b5c14c297aa6eece3627,p1_total,over,,3,betmgm,375,-600,oddsapi
2026-10-07T21:00:07Z,2026-10-07,EDM @ ANA,db23cd7cb712b5c14c297aa6eece3627,p1_total,under,,3,betmgm,-600,375,oddsapi
2026-10-07T21:00:07Z,2026-10-07,EDM @ ANA,db23cd7cb712b5c14c297aa6eece3627,p2_total,over,,3,betmgm,250,-375,oddsapi
2026-10-07T21:00:07Z,2026-10-07,EDM @ ANA,db23cd7cb712b5c14c297aa6eece3627,p2_total,under,,3,betmgm,-375,250,oddsapi
2026-10-07T21:00:07Z,2026-10-07,EDM @ ANA,db23cd7cb712b5c14c297aa6eece3627,p3_total,over,,3.5,betmgm,290,-450,oddsapi
2026-10-07T21:00:07Z,2026-10-07,EDM @ ANA,db23cd7cb712b5c14c297aa6eece3627,p3_total,under,,3.5,betmgm,-450,290,oddsapi
2026-10-07T21:00:07Z,2026-10-07,EDM @ ANA,db23cd7cb712b5c14c297aa6eece3627,game_ml3,ANA,,,williamhill_us,143,,oddsapi
2026-10-07T21:00:07Z,2026-10-07,EDM @ ANA,db23cd7cb712b5c14c297aa6eece3627,game_ml3,EDM,,,williamhill_us,113,,oddsapi
2026-10-07T21:00:07Z,2026-10-07,EDM @ ANA,db23cd7cb712b5c14c297aa6eece3627,game_ml3,draw,,,williamhill_us,285,,oddsapi
2026-10-07T21:00:07Z,2026-10-07,EDM @ ANA,db23cd7cb712b5c14c297aa6eece3627,p1_ml3,ANA,,,williamhill_us,171,,oddsapi
2026-10-07T21:00:07Z,2026-10-07,EDM @ ANA,db23cd7cb712b5c14c297aa6eece3627,p1_ml3,EDM,,,williamhill_us,149,,oddsapi
2026-10-07T21:00:07Z,2026-10-07,EDM @ ANA,db23cd7cb712b5c14c297aa6eece3627,p1_ml3,draw,,,williamhill_us,178,,oddsapi
2026-10-07T21:00:07Z,2026-10-07,EDM @ ANA,db23cd7cb712b5c14c297aa6eece3627,ags,yes,Leon Draisaitl,,williamhill_us,111,,oddsapi
2026-10-07T21:00:07Z,2026-10-07,EDM @ ANA,db23cd7cb712b5c14c297aa6eece3627,ags,yes,Connor McDavid,,williamhill_us,117,,oddsapi
2026-10-07T21:00:07Z,2026-10-07,EDM @ ANA,db23cd7cb712b5c14c297aa6eece3627,ags,yes,Cutter Gauthier,,williamhill_us,121,,oddsapi
2026-10-07T21:00:07Z,2026-10-07,EDM @ ANA,db23cd7cb712b5c14c297aa6eece3627,ags,yes,Leo Carlsson,,williamhill_us,185,,oddsapi
2026-10-07T21:00:07Z,2026-10-07,EDM @ ANA,db23cd7cb712b5c14c297aa6eece3627,ags,yes,Vasily Podkolzin,,williamhill_us,185,,oddsapi
2026-10-07T21:00:07Z,2026-10-07,EDM @ ANA,db23cd7cb712b5c14c297aa6eece3627,ags,yes,Beckett Sennecke,,williamhill_us,200,,oddsapi
2026-10-07T21:00:07Z,2026-10-07,EDM @ ANA,db23cd7cb712b5c14c297aa6eece3627,ags,yes,Kasperi Kapanen,,williamhill_us,255,,oddsapi
2026-10-07T21:00:07Z,2026-10-07,EDM @ ANA,db23cd7cb712b5c14c297aa6eece3627,ags,yes,Mikael Granlund,,williamhill_us,255,,oddsapi
2026-10-07T21:00:07Z,2026-10-07,EDM @ ANA,db23cd7cb712b5c14c297aa6eece3627,ags,yes,Evan Bouchard,,williamhill_us,260,,oddsapi
2026-10-07T21:00:07Z,2026-10-07,EDM @ ANA,db23cd7cb712b5c14c297aa6eece3627,ags,yes,Alex Killorn,,williamhill_us,305,,oddsapi
2026-10-07T21:00:07Z,2026-10-07,EDM @ ANA,db23cd7cb712b5c14c297aa6eece3627,ags,yes,Jason Dickinson,,williamhill_us,330,,oddsapi
2026-10-07T21:00:07Z,2026-10-07,EDM @ ANA,db23cd7cb712b5c14c297aa6eece3627,ags,yes,Trent Frederic,,williamhill_us,340,,oddsapi
2026-10-07T21:00:07Z,2026-10-07,EDM @ ANA,db23cd7cb712b5c14c297aa6eece3627,ags,yes,Ryan Poehling,,williamhill_us,350,,oddsapi
2026-10-07T21:00:07Z,2026-10-07,EDM @ ANA,db23cd7cb712b5c14c297aa6eece3627,ags,yes,Isaac Howard,,williamhill_us,400,,oddsapi
2026-10-07T21:00:07Z,2026-10-07,EDM @ ANA,db23cd7cb712b5c14c297aa6eece3627,ags,yes,Jackson LaCombe,,williamhill_us,400,,oddsapi
2026-10-07T21:00:07Z,2026-10-07,EDM @ ANA,db23cd7cb712b5c14c297aa6eece3627,ags,yes,A.J. Greer,,williamhill_us,400,,oddsapi
2026-10-07T21:00:07Z,2026-10-07,EDM @ ANA,db23cd7cb712b5c14c297aa6eece3627,ags,yes,Owen Michaels,,williamhill_us,425,,oddsapi
2026-10-07T21:00:07Z,2026-10-07,EDM @ ANA,db23cd7cb712b5c14c297aa6eece3627,ags,yes,Alex Formenton,,williamhill_us,475,,oddsapi
2026-10-07T21:00:07Z,2026-10-07,EDM @ ANA,db23cd7cb712b5c14c297aa6eece3627,ags,yes,Nikita Nesterenko,,williamhill_us,500,,oddsapi
2026-10-07T21:00:07Z,2026-10-07,EDM @ ANA,db23cd7cb712b5c14c297aa6eece3627,ags,yes,Colton Dach,,williamhill_us,525,,oddsapi
2026-10-07T21:00:07Z,2026-10-07,EDM @ ANA,db23cd7cb712b5c14c297aa6eece3627,ags,yes,Josh Samanski,,williamhill_us,550,,oddsapi
2026-10-07T21:00:07Z,2026-10-07,EDM @ ANA,db23cd7cb712b5c14c297aa6eece3627,ags,yes,Jake Walman,,williamhill_us,550,,oddsapi
2026-10-07T21:00:07Z,2026-10-07,EDM @ ANA,db23cd7cb712b5c14c297aa6eece3627,ags,yes,Mathieu Joseph,,williamhill_us,600,,oddsapi
2026-10-07T21:00:07Z,2026-10-07,EDM @ ANA,db23cd7cb712b5c14c297aa6eece3627,ags,yes,Tristan Luneau,,williamhill_us,600,,oddsapi
2026-10-07T21:00:07Z,2026-10-07,EDM @ ANA,db23cd7cb712b5c14c297aa6eece3627,ags,yes,Mattias Ekholm,,williamhill_us,625,,oddsapi
2026-10-07T21:00:07Z,2026-10-07,EDM @ ANA,db23cd7cb712b5c14c297aa6eece3627,ags,yes,Judd Caulfield,,williamhill_us,625,,oddsapi
2026-10-07T21:00:07Z,2026-10-07,EDM @ ANA,db23cd7cb712b5c14c297aa6eece3627,ags,yes,Pavel Mintyukov,,williamhill_us,625,,oddsapi
2026-10-07T21:00:07Z,2026-10-07,EDM @ ANA,db23cd7cb712b5c14c297aa6eece3627,ags,yes,Ty Emberson,,williamhill_us,625,,oddsapi
2026-10-07T21:00:07Z,2026-10-07,EDM @ ANA,db23cd7cb712b5c14c297aa6eece3627,ags,yes,Ryan Shea,,williamhill_us,650,,oddsapi
2026-10-07T21:00:07Z,2026-10-07,EDM @ ANA,db23cd7cb712b5c14c297aa6eece3627,ags,yes,Jeff Malott,,williamhill_us,650,,oddsapi
2026-10-07T21:00:07Z,2026-10-07,EDM @ ANA,db23cd7cb712b5c14c297aa6eece3627,ags,yes,Tim Washe,,williamhill_us,675,,oddsapi
2026-10-07T21:00:07Z,2026-10-07,EDM @ ANA,db23cd7cb712b5c14c297aa6eece3627,ags,yes,Connor Murphy,,williamhill_us,800,,oddsapi
2026-10-07T21:00:07Z,2026-10-07,EDM @ ANA,db23cd7cb712b5c14c297aa6eece3627,ags,yes,Travis Mitchell,,williamhill_us,800,,oddsapi
2026-10-07T21:00:07Z,2026-10-07,EDM @ ANA,db23cd7cb712b5c14c297aa6eece3627,ags,yes,Tyson Hinds,,williamhill_us,850,,oddsapi
2026-10-07T21:00:07Z,2026-10-07,EDM @ ANA,db23cd7cb712b5c14c297aa6eece3627,ags,yes,Noah Warren,,williamhill_us,850,,oddsapi
2026-10-07T21:00:07Z,2026-10-07,EDM @ ANA,db23cd7cb712b5c14c297aa6eece3627,fgs,yes,Leon Draisaitl,,williamhill_us,850,,oddsapi
2026-10-07T21:00:07Z,2026-10-07,EDM @ ANA,db23cd7cb712b5c14c297aa6eece3627,fgs,yes,Connor McDavid,,williamhill_us,850,,oddsapi
2026-10-07T21:00:07Z,2026-10-07,EDM @ ANA,db23cd7cb712b5c14c297aa6eece3627,fgs,yes,Cutter Gauthier,,williamhill_us,850,,oddsapi
2026-10-07T21:00:07Z,2026-10-07,EDM @ ANA,db23cd7cb712b5c14c297aa6eece3627,fgs,yes,Vasily Podkolzin,,williamhill_us,1200,,oddsapi
2026-10-07T21:00:07Z,2026-10-07,EDM @ ANA,db23cd7cb712b5c14c297aa6eece3627,fgs,yes,Leo Carlsson,,williamhill_us,1200,,oddsapi
2026-10-07T21:00:07Z,2026-10-07,EDM @ ANA,db23cd7cb712b5c14c297aa6eece3627,fgs,yes,Beckett Sennecke,,williamhill_us,1300,,oddsapi
2026-10-07T21:00:07Z,2026-10-07,EDM @ ANA,db23cd7cb712b5c14c297aa6eece3627,fgs,yes,Mikael Granlund,,williamhill_us,1700,,oddsapi
2026-10-07T21:00:07Z,2026-10-07,EDM @ ANA,db23cd7cb712b5c14c297aa6eece3627,fgs,yes,Kasperi Kapanen,,williamhill_us,1900,,oddsapi
2026-10-07T21:00:07Z,2026-10-07,EDM @ ANA,db23cd7cb712b5c14c297aa6eece3627,fgs,yes,Evan Bouchard,,williamhill_us,1900,,oddsapi
2026-10-07T21:00:07Z,2026-10-07,EDM @ ANA,db23cd7cb712b5c14c297aa6eece3627,fgs,yes,Alex Killorn,,williamhill_us,2000,,oddsapi
2026-10-07T21:00:07Z,2026-10-07,EDM @ ANA,db23cd7cb712b5c14c297aa6eece3627,fgs,yes,Ryan Poehling,,williamhill_us,2200,,oddsapi
2026-10-07T21:00:07Z,2026-10-07,EDM @ ANA,db23cd7cb712b5c14c297aa6eece3627,fgs,yes,Trent Frederic,,williamhill_us,2300,,oddsapi
2026-10-07T21:00:07Z,2026-10-07,EDM @ ANA,db23cd7cb712b5c14c297aa6eece3627,fgs,yes,A.J. Greer,,williamhill_us,2500,,oddsapi
2026-10-07T21:00:07Z,2026-10-07,EDM @ ANA,db23cd7cb712b5c14c297aa6eece3627,fgs,yes,Jason Dickinson,,williamhill_us,2500,,oddsapi
2026-10-07T21:00:07Z,2026-10-07,EDM @ ANA,db23cd7cb712b5c14c297aa6eece3627,fgs,yes,Isaac Howard,,williamhill_us,2800,,oddsapi
2026-10-07T21:00:07Z,2026-10-07,EDM @ ANA,db23cd7cb712b5c14c297aa6eece3627,fgs,yes,Owen Michaels,,williamhill_us,2900,,oddsapi
2026-10-07T21:00:07Z,2026-10-07,EDM @ ANA,db23cd7cb712b5c14c297aa6eece3627,fgs,yes,Jackson LaCombe,,williamhill_us,2900,,oddsapi
2026-10-07T21:00:07Z,2026-10-07,EDM @ ANA,db23cd7cb712b5c14c297aa6eece3627,fgs,yes,Alex Formenton,,williamhill_us,3300,,oddsapi
2026-10-07T21:00:07Z,2026-10-07,EDM @ ANA,db23cd7cb712b5c14c297aa6eece3627,fgs,yes,Colton Dach,,williamhill_us,3300,,oddsapi
2026-10-07T21:00:07Z,2026-10-07,EDM @ ANA,db23cd7cb712b5c14c297aa6eece3627,fgs,yes,Nikita Nesterenko,,williamhill_us,3500,,oddsapi
2026-10-07T21:00:07Z,2026-10-07,EDM @ ANA,db23cd7cb712b5c14c297aa6eece3627,fgs,yes,Josh Samanski,,williamhill_us,4000,,oddsapi
2026-10-07T21:00:07Z,2026-10-07,EDM @ ANA,db23cd7cb712b5c14c297aa6eece3627,fgs,yes,Jake Walman,,williamhill_us,4000,,oddsapi
2026-10-07T21:00:07Z,2026-10-07,EDM @ ANA,db23cd7cb712b5c14c297aa6eece3627,fgs,yes,Mathieu Joseph,,williamhill_us,4500,,oddsapi
2026-10-07T21:00:07Z,2026-10-07,EDM @ ANA,db23cd7cb712b5c14c297aa6eece3627,fgs,yes,Tristan Luneau,,williamhill_us,4500,,oddsapi
2026-10-07T21:00:07Z,2026-10-07,EDM @ ANA,db23cd7cb712b5c14c297aa6eece3627,fgs,yes,Judd Caulfield,,williamhill_us,4500,,oddsapi
2026-10-07T21:00:07Z,2026-10-07,EDM @ ANA,db23cd7cb712b5c14c297aa6eece3627,fgs,yes,Pavel Mintyukov,,williamhill_us,5000,,oddsapi
2026-10-07T21:00:07Z,2026-10-07,EDM @ ANA,db23cd7cb712b5c14c297aa6eece3627,fgs,yes,Jeff Malott,,williamhill_us,5000,,oddsapi
2026-10-07T21:00:07Z,2026-10-07,EDM @ ANA,db23cd7cb712b5c14c297aa6eece3627,fgs,yes,Tim Washe,,williamhill_us,5000,,oddsapi
2026-10-07T21:00:07Z,2026-10-07,EDM @ ANA,db23cd7cb712b5c14c297aa6eece3627,fgs,yes,Mattias Ekholm,,williamhill_us,5500,,oddsapi
2026-10-07T21:00:07Z,2026-10-07,EDM @ ANA,db23cd7cb712b5c14c297aa6eece3627,fgs,yes,Ryan Shea,,williamhill_us,5500,,oddsapi
2026-10-07T21:00:07Z,2026-10-07,EDM @ ANA,db23cd7cb712b5c14c297aa6eece3627,fgs,yes,Travis Mitchell,,williamhill_us,7500,,oddsapi
2026-10-07T21:00:07Z,2026-10-07,EDM @ ANA,db23cd7cb712b5c14c297aa6eece3627,fgs,yes,Connor Murphy,,williamhill_us,8000,,oddsapi
2026-10-07T21:00:07Z,2026-10-07,EDM @ ANA,db23cd7cb712b5c14c297aa6eece3627,team_total,over,ANA,3.5,williamhill_us,103,-141,oddsapi
2026-10-07T21:00:07Z,2026-10-07,EDM @ ANA,db23cd7cb712b5c14c297aa6eece3627,team_total,under,ANA,3.5,williamhill_us,-141,103,oddsapi
2026-10-07T21:00:07Z,2026-10-07,EDM @ ANA,db23cd7cb712b5c14c297aa6eece3627,team_total,over,EDM,3.5,williamhill_us,-117,-120,oddsapi
2026-10-07T21:00:07Z,2026-10-07,EDM @ ANA,db23cd7cb712b5c14c297aa6eece3627,team_total,under,EDM,3.5,williamhill_us,-120,-117,oddsapi
2026-10-07T21:00:07Z,2026-10-07,EDM @ ANA,db23cd7cb712b5c14c297aa6eece3627,game_pl_alt,ANA,,1.5,fanduel,-215,168,oddsapi
2026-10-07T21:00:07Z,2026-10-07,EDM @ ANA,db23cd7cb712b5c14c297aa6eece3627,game_pl_alt,ANA,,2.5,fanduel,-400,270,oddsapi
2026-10-07T21:00:07Z,2026-10-07,EDM @ ANA,db23cd7cb712b5c14c297aa6eece3627,game_pl_alt,ANA,,3.5,fanduel,-1300,690,oddsapi
2026-10-07T21:00:07Z,2026-10-07,EDM @ ANA,db23cd7cb712b5c14c297aa6eece3627,game_pl_alt,ANA,,4.5,fanduel,-3500,1550,oddsapi
2026-10-07T21:00:07Z,2026-10-07,EDM @ ANA,db23cd7cb712b5c14c297aa6eece3627,game_pl_alt,ANA,,5.5,fanduel,-8000,3400,oddsapi
2026-10-07T21:00:07Z,2026-10-07,EDM @ ANA,db23cd7cb712b5c14c297aa6eece3627,game_pl_alt,ANA,,6.5,fanduel,-20000,,oddsapi
2026-10-07T21:00:07Z,2026-10-07,EDM @ ANA,db23cd7cb712b5c14c297aa6eece3627,game_pl_alt,ANA,,-1.5,fanduel,250,-350,oddsapi
2026-10-07T21:00:07Z,2026-10-07,EDM @ ANA,db23cd7cb712b5c14c297aa6eece3627,game_pl_alt,ANA,,-2.5,fanduel,410,-650,oddsapi
2026-10-07T21:00:07Z,2026-10-07,EDM @ ANA,db23cd7cb712b5c14c297aa6eece3627,game_pl_alt,ANA,,-3.5,fanduel,1080,-2000,oddsapi
2026-10-07T21:00:07Z,2026-10-07,EDM @ ANA,db23cd7cb712b5c14c297aa6eece3627,game_pl_alt,ANA,,-4.5,fanduel,2800,-8000,oddsapi
2026-10-07T21:00:07Z,2026-10-07,EDM @ ANA,db23cd7cb712b5c14c297aa6eece3627,game_pl_alt,EDM,,1.5,fanduel,-350,250,oddsapi
2026-10-07T21:00:07Z,2026-10-07,EDM @ ANA,db23cd7cb712b5c14c297aa6eece3627,game_pl_alt,EDM,,2.5,fanduel,-650,410,oddsapi
2026-10-07T21:00:07Z,2026-10-07,EDM @ ANA,db23cd7cb712b5c14c297aa6eece3627,game_pl_alt,EDM,,3.5,fanduel,-2000,1080,oddsapi
2026-10-07T21:00:07Z,2026-10-07,EDM @ ANA,db23cd7cb712b5c14c297aa6eece3627,game_pl_alt,EDM,,4.5,fanduel,-8000,2800,oddsapi
2026-10-07T21:00:07Z,2026-10-07,EDM @ ANA,db23cd7cb712b5c14c297aa6eece3627,game_pl_alt,EDM,,5.5,fanduel,-20000,,oddsapi
2026-10-07T21:00:07Z,2026-10-07,EDM @ ANA,db23cd7cb712b5c14c297aa6eece3627,game_pl_alt,EDM,,6.5,fanduel,-50000,,oddsapi
2026-10-07T21:00:07Z,2026-10-07,EDM @ ANA,db23cd7cb712b5c14c297aa6eece3627,game_pl_alt,EDM,,-1.5,fanduel,168,-215,oddsapi
2026-10-07T21:00:07Z,2026-10-07,EDM @ ANA,db23cd7cb712b5c14c297aa6eece3627,game_pl_alt,EDM,,-2.5,fanduel,270,-400,oddsapi
2026-10-07T21:00:07Z,2026-10-07,EDM @ ANA,db23cd7cb712b5c14c297aa6eece3627,game_pl_alt,EDM,,-3.5,fanduel,690,-1300,oddsapi
2026-10-07T21:00:07Z,2026-10-07,EDM @ ANA,db23cd7cb712b5c14c297aa6eece3627,game_pl_alt,EDM,,-4.5,fanduel,1550,-3500,oddsapi
2026-10-07T21:00:07Z,2026-10-07,EDM @ ANA,db23cd7cb712b5c14c297aa6eece3627,game_pl_alt,EDM,,-5.5,fanduel,3400,-8000,oddsapi
2026-10-07T21:00:07Z,2026-10-07,EDM @ ANA,db23cd7cb712b5c14c297aa6eece3627,team_total_alt,over,ANA,0.5,fanduel,-3500,1550,oddsapi
2026-10-07T21:00:07Z,2026-10-07,EDM @ ANA,db23cd7cb712b5c14c297aa6eece3627,team_total_alt,over,ANA,1.5,fanduel,-650,410,oddsapi
2026-10-07T21:00:07Z,2026-10-07,EDM @ ANA,db23cd7cb712b5c14c297aa6eece3627,team_total_alt,over,ANA,2.5,fanduel,-190,,oddsapi
2026-10-07T21:00:07Z,2026-10-07,EDM @ ANA,db23cd7cb712b5c14c297aa6eece3627,team_total_alt,over,ANA,3.5,fanduel,122,-154,oddsapi
2026-10-07T21:00:07Z,2026-10-07,EDM @ ANA,db23cd7cb712b5c14c297aa6eece3627,team_total_alt,over,ANA,4.5,fanduel,270,-380,oddsapi
2026-10-07T21:00:07Z,2026-10-07,EDM @ ANA,db23cd7cb712b5c14c297aa6eece3627,team_total_alt,over,ANA,5.5,fanduel,650,-1200,oddsapi
2026-10-07T21:00:07Z,2026-10-07,EDM @ ANA,db23cd7cb712b5c14c297aa6eece3627,team_total_alt,over,ANA,6.5,fanduel,1550,-3500,oddsapi
2026-10-07T21:00:07Z,2026-10-07,EDM @ ANA,db23cd7cb712b5c14c297aa6eece3627,team_total_alt,over,ANA,7.5,fanduel,4900,,oddsapi
2026-10-07T21:00:07Z,2026-10-07,EDM @ ANA,db23cd7cb712b5c14c297aa6eece3627,team_total_alt,under,ANA,0.5,fanduel,1550,-3500,oddsapi
2026-10-07T21:00:07Z,2026-10-07,EDM @ ANA,db23cd7cb712b5c14c297aa6eece3627,team_total_alt,under,ANA,1.5,fanduel,410,-650,oddsapi
2026-10-07T21:00:07Z,2026-10-07,EDM @ ANA,db23cd7cb712b5c14c297aa6eece3627,team_total_alt,under,ANA,3.5,fanduel,-154,122,oddsapi
2026-10-07T21:00:07Z,2026-10-07,EDM @ ANA,db23cd7cb712b5c14c297aa6eece3627,team_total_alt,under,ANA,4.5,fanduel,-380,270,oddsapi
2026-10-07T21:00:07Z,2026-10-07,EDM @ ANA,db23cd7cb712b5c14c297aa6eece3627,team_total_alt,under,ANA,5.5,fanduel,-1200,650,oddsapi
2026-10-07T21:00:07Z,2026-10-07,EDM @ ANA,db23cd7cb712b5c14c297aa6eece3627,team_total_alt,under,ANA,6.5,fanduel,-3500,1550,oddsapi
2026-10-07T21:00:07Z,2026-10-07,EDM @ ANA,db23cd7cb712b5c14c297aa6eece3627,team_total_alt,over,EDM,0.5,fanduel,-6000,2300,oddsapi
2026-10-07T21:00:07Z,2026-10-07,EDM @ ANA,db23cd7cb712b5c14c297aa6eece3627,team_total_alt,over,EDM,1.5,fanduel,-950,560,oddsapi
2026-10-07T21:00:07Z,2026-10-07,EDM @ ANA,db23cd7cb712b5c14c297aa6eece3627,team_total_alt,over,EDM,2.5,fanduel,-280,,oddsapi
2026-10-07T21:00:07Z,2026-10-07,EDM @ ANA,db23cd7cb712b5c14c297aa6eece3627,team_total_alt,over,EDM,3.5,fanduel,-104,-122,oddsapi
2026-10-07T21:00:07Z,2026-10-07,EDM @ ANA,db23cd7cb712b5c14c297aa6eece3627,team_total_alt,over,EDM,4.5,fanduel,205,-280,oddsapi
2026-10-07T21:00:07Z,2026-10-07,EDM @ ANA,db23cd7cb712b5c14c297aa6eece3627,team_total_alt,over,EDM,5.5,fanduel,480,-800,oddsapi
2026-10-07T21:00:07Z,2026-10-07,EDM @ ANA,db23cd7cb712b5c14c297aa6eece3627,team_total_alt,over,EDM,6.5,fanduel,1160,-2400,oddsapi
2026-10-07T21:00:07Z,2026-10-07,EDM @ ANA,db23cd7cb712b5c14c297aa6eece3627,team_total_alt,over,EDM,7.5,fanduel,2800,-8000,oddsapi
2026-10-07T21:00:07Z,2026-10-07,EDM @ ANA,db23cd7cb712b5c14c297aa6eece3627,team_total_alt,under,EDM,0.5,fanduel,2300,-6000,oddsapi
2026-10-07T21:00:07Z,2026-10-07,EDM @ ANA,db23cd7cb712b5c14c297aa6eece3627,team_total_alt,under,EDM,1.5,fanduel,560,-950,oddsapi
2026-10-07T21:00:07Z,2026-10-07,EDM @ ANA,db23cd7cb712b5c14c297aa6eece3627,team_total_alt,under,EDM,3.5,fanduel,-122,-104,oddsapi
2026-10-07T21:00:07Z,2026-10-07,EDM @ ANA,db23cd7cb712b5c14c297aa6eece3627,team_total_alt,under,EDM,4.5,fanduel,-280,205,oddsapi
2026-10-07T21:00:07Z,2026-10-07,EDM @ ANA,db23cd7cb712b5c14c297aa6eece3627,team_total_alt,under,EDM,5.5,fanduel,-800,480,oddsapi
2026-10-07T21:00:07Z,2026-10-07,EDM @ ANA,db23cd7cb712b5c14c297aa6eece3627,team_total_alt,under,EDM,6.5,fanduel,-2400,1160,oddsapi
2026-10-07T21:00:07Z,2026-10-07,EDM @ ANA,db23cd7cb712b5c14c297aa6eece3627,team_total_alt,under,EDM,7.5,fanduel,-8000,2800,oddsapi
2026-10-07T21:00:07Z,2026-10-07,EDM @ ANA,db23cd7cb712b5c14c297aa6eece3627,game_total_alt,over,,2.5,fanduel,-8000,3600,oddsapi
2026-10-07T21:00:07Z,2026-10-07,EDM @ ANA,db23cd7cb712b5c14c297aa6eece3627,game_total_alt,over,,3.5,fanduel,-1600,810,oddsapi
2026-10-07T21:00:07Z,2026-10-07,EDM @ ANA,db23cd7cb712b5c14c297aa6eece3627,game_total_alt,over,,4.5,fanduel,-750,470,oddsapi
2026-10-07T21:00:07Z,2026-10-07,EDM @ ANA,db23cd7cb712b5c14c297aa6eece3627,game_total_alt,over,,5.5,fanduel,-230,178,oddsapi
2026-10-07T21:00:07Z,2026-10-07,EDM @ ANA,db23cd7cb712b5c14c297aa6eece3627,game_total_alt,over,,6.5,fanduel,-140,110,oddsapi
2026-10-07T21:00:07Z,2026-10-07,EDM @ ANA,db23cd7cb712b5c14c297aa6eece3627,game_total_alt,over,,7.5,fanduel,164,-215,oddsapi
2026-10-07T21:00:07Z,2026-10-07,EDM @ ANA,db23cd7cb712b5c14c297aa6eece3627,game_total_alt,over,,8.5,fanduel,250,-360,oddsapi
2026-10-07T21:00:07Z,2026-10-07,EDM @ ANA,db23cd7cb712b5c14c297aa6eece3627,game_total_alt,over,,9.5,fanduel,560,-1000,oddsapi
2026-10-07T21:00:07Z,2026-10-07,EDM @ ANA,db23cd7cb712b5c14c297aa6eece3627,game_total_alt,over,,10.5,fanduel,870,-1600,oddsapi
2026-10-07T21:00:07Z,2026-10-07,EDM @ ANA,db23cd7cb712b5c14c297aa6eece3627,game_total_alt,over,,11.5,fanduel,1950,-5000,oddsapi
2026-10-07T21:00:07Z,2026-10-07,EDM @ ANA,db23cd7cb712b5c14c297aa6eece3627,game_total_alt,over,,12.5,fanduel,3600,-8000,oddsapi
2026-10-07T21:00:07Z,2026-10-07,EDM @ ANA,db23cd7cb712b5c14c297aa6eece3627,game_total_alt,under,,2.5,fanduel,3600,-8000,oddsapi
2026-10-07T21:00:07Z,2026-10-07,EDM @ ANA,db23cd7cb712b5c14c297aa6eece3627,game_total_alt,under,,3.5,fanduel,810,-1600,oddsapi
2026-10-07T21:00:07Z,2026-10-07,EDM @ ANA,db23cd7cb712b5c14c297aa6eece3627,game_total_alt,under,,4.5,fanduel,470,-750,oddsapi
2026-10-07T21:00:07Z,2026-10-07,EDM @ ANA,db23cd7cb712b5c14c297aa6eece3627,game_total_alt,under,,5.5,fanduel,178,-230,oddsapi
2026-10-07T21:00:07Z,2026-10-07,EDM @ ANA,db23cd7cb712b5c14c297aa6eece3627,game_total_alt,under,,6.5,fanduel,110,-140,oddsapi
2026-10-07T21:00:07Z,2026-10-07,EDM @ ANA,db23cd7cb712b5c14c297aa6eece3627,game_total_alt,under,,7.5,fanduel,-215,164,oddsapi
2026-10-07T21:00:07Z,2026-10-07,EDM @ ANA,db23cd7cb712b5c14c297aa6eece3627,game_total_alt,under,,8.5,fanduel,-360,250,oddsapi
2026-10-07T21:00:07Z,2026-10-07,EDM @ ANA,db23cd7cb712b5c14c297aa6eece3627,game_total_alt,under,,9.5,fanduel,-1000,560,oddsapi
2026-10-07T21:00:07Z,2026-10-07,EDM @ ANA,db23cd7cb712b5c14c297aa6eece3627,game_total_alt,under,,10.5,fanduel,-1600,870,oddsapi
2026-10-07T21:00:07Z,2026-10-07,EDM @ ANA,db23cd7cb712b5c14c297aa6eece3627,game_total_alt,under,,11.5,fanduel,-5000,1950,oddsapi
2026-10-07T21:00:07Z,2026-10-07,EDM @ ANA,db23cd7cb712b5c14c297aa6eece3627,game_total_alt,under,,12.5,fanduel,-8000,3600,oddsapi
2026-10-07T21:00:07Z,2026-10-07,EDM @ ANA,db23cd7cb712b5c14c297aa6eece3627,game_ml3,ANA,,,fanduel,175,,oddsapi
2026-10-07T21:00:07Z,2026-10-07,EDM @ ANA,db23cd7cb712b5c14c297aa6eece3627,game_ml3,EDM,,,fanduel,120,,oddsapi
2026-10-07T21:00:07Z,2026-10-07,EDM @ ANA,db23cd7cb712b5c14c297aa6eece3627,game_ml3,draw,,,fanduel,310,,oddsapi
2026-10-07T21:00:07Z,2026-10-07,EDM @ ANA,db23cd7cb712b5c14c297aa6eece3627,p1_ml3,ANA,,,fanduel,195,,oddsapi
2026-10-07T21:00:07Z,2026-10-07,EDM @ ANA,db23cd7cb712b5c14c297aa6eece3627,p1_ml3,EDM,,,fanduel,160,,oddsapi
2026-10-07T21:00:07Z,2026-10-07,EDM @ ANA,db23cd7cb712b5c14c297aa6eece3627,p1_ml3,draw,,,fanduel,190,,oddsapi
2026-10-07T21:00:07Z,2026-10-07,EDM @ ANA,db23cd7cb712b5c14c297aa6eece3627,p2_ml3,ANA,,,fanduel,185,,oddsapi
2026-10-07T21:00:07Z,2026-10-07,EDM @ ANA,db23cd7cb712b5c14c297aa6eece3627,p2_ml3,EDM,,,fanduel,145,,oddsapi
2026-10-07T21:00:07Z,2026-10-07,EDM @ ANA,db23cd7cb712b5c14c297aa6eece3627,p2_ml3,draw,,,fanduel,230,,oddsapi
2026-10-07T21:00:07Z,2026-10-07,EDM @ ANA,db23cd7cb712b5c14c297aa6eece3627,p3_ml3,ANA,,,fanduel,175,,oddsapi
2026-10-07T21:00:07Z,2026-10-07,EDM @ ANA,db23cd7cb712b5c14c297aa6eece3627,p3_ml3,EDM,,,fanduel,130,,oddsapi
2026-10-07T21:00:07Z,2026-10-07,EDM @ ANA,db23cd7cb712b5c14c297aa6eece3627,p3_ml3,draw,,,fanduel,270,,oddsapi
2026-10-07T21:00:07Z,2026-10-07,EDM @ ANA,db23cd7cb712b5c14c297aa6eece3627,p1_ml,ANA,,,fanduel,102,-128,oddsapi
2026-10-07T21:00:07Z,2026-10-07,EDM @ ANA,db23cd7cb712b5c14c297aa6eece3627,p1_ml,EDM,,,fanduel,-128,102,oddsapi
2026-10-07T21:00:07Z,2026-10-07,EDM @ ANA,db23cd7cb712b5c14c297aa6eece3627,p2_ml,ANA,,,fanduel,104,-132,oddsapi
2026-10-07T21:00:07Z,2026-10-07,EDM @ ANA,db23cd7cb712b5c14c297aa6eece3627,p2_ml,EDM,,,fanduel,-132,104,oddsapi
2026-10-07T21:00:07Z,2026-10-07,EDM @ ANA,db23cd7cb712b5c14c297aa6eece3627,p3_ml,ANA,,,fanduel,108,-136,oddsapi
2026-10-07T21:00:07Z,2026-10-07,EDM @ ANA,db23cd7cb712b5c14c297aa6eece3627,p3_ml,EDM,,,fanduel,-136,108,oddsapi
2026-10-07T21:00:07Z,2026-10-07,EDM @ ANA,db23cd7cb712b5c14c297aa6eece3627,ags,yes,Leon Draisaitl,,fanduel,105,,oddsapi
2026-10-07T21:00:07Z,2026-10-07,EDM @ ANA,db23cd7cb712b5c14c297aa6eece3627,ags,yes,Connor McDavid,,fanduel,115,,oddsapi
2026-10-07T21:00:07Z,2026-10-07,EDM @ ANA,db23cd7cb712b5c14c297aa6eece3627,ags,yes,Cutter Gauthier,,fanduel,120,,oddsapi
2026-10-07T21:00:07Z,2026-10-07,EDM @ ANA,db23cd7cb712b5c14c297aa6eece3627,ags,yes,Leo Carlsson,,fanduel,180,,oddsapi
2026-10-07T21:00:07Z,2026-10-07,EDM @ ANA,db23cd7cb712b5c14c297aa6eece3627,ags,yes,Vasily Podkolzin,,fanduel,200,,oddsapi
2026-10-07T21:00:07Z,2026-10-07,EDM @ ANA,db23cd7cb712b5c14c297aa6eece3627,ags,yes,Beckett Sennecke,,fanduel,210,,oddsapi
2026-10-07T21:00:07Z,2026-10-07,EDM @ ANA,db23cd7cb712b5c14c297aa6eece3627,ags,yes,Mikael Granlund,,fanduel,260,,oddsapi
2026-10-07T21:00:07Z,2026-10-07,EDM @ ANA,db23cd7cb712b5c14c297aa6eece3627,ags,yes,Kasperi Kapanen,,fanduel,275,,oddsapi
2026-10-07T21:00:07Z,2026-10-07,EDM @ ANA,db23cd7cb712b5c14c297aa6eece3627,ags,yes,Evan Bouchard,,fanduel,290,,oddsapi
2026-10-07T21:00:07Z,2026-10-07,EDM @ ANA,db23cd7cb712b5c14c297aa6eece3627,ags,yes,Alex Killorn,,fanduel,340,,oddsapi
2026-10-07T21:00:07Z,2026-10-07,EDM @ ANA,db23cd7cb712b5c14c297aa6eece3627,ags,yes,Trent Frederic,,fanduel,380,,oddsapi
2026-10-07T21:00:07Z,2026-10-07,EDM @ ANA,db23cd7cb712b5c14c297aa6eece3627,ags,yes,Jason Dickinson,,fanduel,380,,oddsapi
2026-10-07T21:00:07Z,2026-10-07,EDM @ ANA,db23cd7cb712b5c14c297aa6eece3627,ags,yes,Ryan Poehling,,fanduel,410,,oddsapi
2026-10-07T21:00:07Z,2026-10-07,EDM @ ANA,db23cd7cb712b5c14c297aa6eece3627,ags,yes,Owen Michaels,,fanduel,460,,oddsapi
2026-10-07T21:00:07Z,2026-10-07,EDM @ ANA,db23cd7cb712b5c14c297aa6eece3627,ags,yes,A.J. Greer,,fanduel,460,,oddsapi
2026-10-07T21:00:07Z,2026-10-07,EDM @ ANA,db23cd7cb712b5c14c297aa6eece3627,ags,yes,Isaac Howard,,fanduel,460,,oddsapi
2026-10-07T21:00:07Z,2026-10-07,EDM @ ANA,db23cd7cb712b5c14c297aa6eece3627,ags,yes,Jackson LaCombe,,fanduel,490,,oddsapi
2026-10-07T21:00:07Z,2026-10-07,EDM @ ANA,db23cd7cb712b5c14c297aa6eece3627,ags,yes,Josh Samanski,,fanduel,600,,oddsapi
2026-10-07T21:00:07Z,2026-10-07,EDM @ ANA,db23cd7cb712b5c14c297aa6eece3627,ags,yes,Alex Formenton,,fanduel,600,,oddsapi
2026-10-07T21:00:07Z,2026-10-07,EDM @ ANA,db23cd7cb712b5c14c297aa6eece3627,ags,yes,Nikita Nesterenko,,fanduel,650,,oddsapi
2026-10-07T21:00:07Z,2026-10-07,EDM @ ANA,db23cd7cb712b5c14c297aa6eece3627,ags,yes,Jake Walman,,fanduel,750,,oddsapi
2026-10-07T21:00:07Z,2026-10-07,EDM @ ANA,db23cd7cb712b5c14c297aa6eece3627,ags,yes,Mathieu Joseph,,fanduel,750,,oddsapi
2026-10-07T21:00:07Z,2026-10-07,EDM @ ANA,db23cd7cb712b5c14c297aa6eece3627,ags,yes,Tristan Luneau,,fanduel,850,,oddsapi
2026-10-07T21:00:07Z,2026-10-07,EDM @ ANA,db23cd7cb712b5c14c297aa6eece3627,ags,yes,Pavel Mintyukov,,fanduel,1000,,oddsapi
2026-10-07T21:00:07Z,2026-10-07,EDM @ ANA,db23cd7cb712b5c14c297aa6eece3627,ags,yes,Mattias Ekholm,,fanduel,1000,,oddsapi
2026-10-07T21:00:07Z,2026-10-07,EDM @ ANA,db23cd7cb712b5c14c297aa6eece3627,ags,yes,Jeff Malott,,fanduel,1000,,oddsapi
2026-10-07T21:00:07Z,2026-10-07,EDM @ ANA,db23cd7cb712b5c14c297aa6eece3627,ags,yes,Judd Caulfield,,fanduel,1000,,oddsapi
2026-10-07T21:00:07Z,2026-10-07,EDM @ ANA,db23cd7cb712b5c14c297aa6eece3627,ags,yes,Ryan Shea,,fanduel,1000,,oddsapi
2026-10-07T21:00:07Z,2026-10-07,EDM @ ANA,db23cd7cb712b5c14c297aa6eece3627,ags,yes,Tim Washe,,fanduel,1100,,oddsapi
2026-10-07T21:00:07Z,2026-10-07,EDM @ ANA,db23cd7cb712b5c14c297aa6eece3627,ags,yes,Connor Murphy,,fanduel,1400,,oddsapi
2026-10-07T21:00:07Z,2026-10-07,EDM @ ANA,db23cd7cb712b5c14c297aa6eece3627,ags,yes,Travis Mitchell,,fanduel,1700,,oddsapi
2026-10-07T21:00:07Z,2026-10-07,EDM @ ANA,db23cd7cb712b5c14c297aa6eece3627,ags,yes,Noah Warren,,fanduel,1900,,oddsapi
2026-10-07T21:00:07Z,2026-10-07,EDM @ ANA,db23cd7cb712b5c14c297aa6eece3627,fgs,yes,Leon Draisaitl,,fanduel,900,,oddsapi
2026-10-07T21:00:07Z,2026-10-07,EDM @ ANA,db23cd7cb712b5c14c297aa6eece3627,fgs,yes,Connor McDavid,,fanduel,900,,oddsapi
2026-10-07T21:00:07Z,2026-10-07,EDM @ ANA,db23cd7cb712b5c14c297aa6eece3627,fgs,yes,Cutter Gauthier,,fanduel,950,,oddsapi
2026-10-07T21:00:07Z,2026-10-07,EDM @ ANA,db23cd7cb712b5c14c297aa6eece3627,fgs,yes,Vasily Podkolzin,,fanduel,1300,,oddsapi
2026-10-07T21:00:07Z,2026-10-07,EDM @ ANA,db23cd7cb712b5c14c297aa6eece3627,fgs,yes,Beckett Sennecke,,fanduel,1400,,oddsapi
2026-10-07T21:00:07Z,2026-10-07,EDM @ ANA,db23cd7cb712b5c14c297aa6eece3627,fgs,yes,Leo Carlsson,,fanduel,1400,,oddsapi
2026-10-07T21:00:07Z,2026-10-07,EDM @ ANA,db23cd7cb712b5c14c297aa6eece3627,fgs,yes,Mikael Granlund,,fanduel,1800,,oddsapi
2026-10-07T21:00:07Z,2026-10-07,EDM @ ANA,db23cd7cb712b5c14c297aa6eece3627,fgs,yes,Kasperi Kapanen,,fanduel,1900,,oddsapi
2026-10-07T21:00:07Z,2026-10-07,EDM @ ANA,db23cd7cb712b5c14c297aa6eece3627,fgs,yes,Evan Bouchard,,fanduel,2000,,oddsapi
2026-10-07T21:00:07Z,2026-10-07,EDM @ ANA,db23cd7cb712b5c14c297aa6eece3627,fgs,yes,Trent Frederic,,fanduel,2200,,oddsapi
2026-10-07T21:00:07Z,2026-10-07,EDM @ ANA,db23cd7cb712b5c14c297aa6eece3627,fgs,yes,Alex Killorn,,fanduel,2200,,oddsapi
2026-10-07T21:00:07Z,2026-10-07,EDM @ ANA,db23cd7cb712b5c14c297aa6eece3627,fgs,yes,Jason Dickinson,,fanduel,2200,,oddsapi
2026-10-07T21:00:07Z,2026-10-07,EDM @ ANA,db23cd7cb712b5c14c297aa6eece3627,fgs,yes,Owen Michaels,,fanduel,2700,,oddsapi
2026-10-07T21:00:07Z,2026-10-07,EDM @ ANA,db23cd7cb712b5c14c297aa6eece3627,fgs,yes,Ryan Poehling,,fanduel,2700,,oddsapi
2026-10-07T21:00:07Z,2026-10-07,EDM @ ANA,db23cd7cb712b5c14c297aa6eece3627,fgs,yes,A.J. Greer,,fanduel,2700,,oddsapi
2026-10-07T21:00:07Z,2026-10-07,EDM @ ANA,db23cd7cb712b5c14c297aa6eece3627,fgs,yes,Isaac Howard,,fanduel,2700,,oddsapi
2026-10-07T21:00:07Z,2026-10-07,EDM @ ANA,db23cd7cb712b5c14c297aa6eece3627,fgs,yes,Jackson LaCombe,,fanduel,3300,,oddsapi
2026-10-07T21:00:07Z,2026-10-07,EDM @ ANA,db23cd7cb712b5c14c297aa6eece3627,fgs,yes,Nikita Nesterenko,,fanduel,3500,,oddsapi
2026-10-07T21:00:07Z,2026-10-07,EDM @ ANA,db23cd7cb712b5c14c297aa6eece3627,fgs,yes,Alex Formenton,,fanduel,3500,,oddsapi
2026-10-07T21:00:07Z,2026-10-07,EDM @ ANA,db23cd7cb712b5c14c297aa6eece3627,fgs,yes,Josh Samanski,,fanduel,3500,,oddsapi
2026-10-07T21:00:07Z,2026-10-07,EDM @ ANA,db23cd7cb712b5c14c297aa6eece3627,fgs,yes,Jake Walman,,fanduel,4000,,oddsapi
2026-10-07T21:00:07Z,2026-10-07,EDM @ ANA,db23cd7cb712b5c14c297aa6eece3627,fgs,yes,Mathieu Joseph,,fanduel,4500,,oddsapi
2026-10-07T21:00:07Z,2026-10-07,EDM @ ANA,db23cd7cb712b5c14c297aa6eece3627,fgs,yes,Pavel Mintyukov,,fanduel,5000,,oddsapi
2026-10-07T21:00:07Z,2026-10-07,EDM @ ANA,db23cd7cb712b5c14c297aa6eece3627,fgs,yes,Judd Caulfield,,fanduel,5000,,oddsapi
2026-10-07T21:00:07Z,2026-10-07,EDM @ ANA,db23cd7cb712b5c14c297aa6eece3627,fgs,yes,Tristan Luneau,,fanduel,5500,,oddsapi
2026-10-07T21:00:07Z,2026-10-07,EDM @ ANA,db23cd7cb712b5c14c297aa6eece3627,fgs,yes,Jeff Malott,,fanduel,5500,,oddsapi
2026-10-07T21:00:07Z,2026-10-07,EDM @ ANA,db23cd7cb712b5c14c297aa6eece3627,fgs,yes,Ryan Shea,,fanduel,5500,,oddsapi
2026-10-07T21:00:07Z,2026-10-07,EDM @ ANA,db23cd7cb712b5c14c297aa6eece3627,fgs,yes,Mattias Ekholm,,fanduel,6000,,oddsapi
2026-10-07T21:00:07Z,2026-10-07,EDM @ ANA,db23cd7cb712b5c14c297aa6eece3627,fgs,yes,Tim Washe,,fanduel,6000,,oddsapi
2026-10-07T21:00:07Z,2026-10-07,EDM @ ANA,db23cd7cb712b5c14c297aa6eece3627,fgs,yes,Connor Murphy,,fanduel,8000,,oddsapi
2026-10-07T21:00:07Z,2026-10-07,EDM @ ANA,db23cd7cb712b5c14c297aa6eece3627,fgs,yes,Travis Mitchell,,fanduel,8000,,oddsapi
2026-10-07T21:00:07Z,2026-10-07,EDM @ ANA,db23cd7cb712b5c14c297aa6eece3627,fgs,yes,Noah Warren,,fanduel,10000,,oddsapi
2026-10-07T21:00:07Z,2026-10-07,EDM @ ANA,db23cd7cb712b5c14c297aa6eece3627,sk_g,over,Leo Carlsson,0.5,fanduel,180,-250,oddsapi
2026-10-07T21:00:07Z,2026-10-07,EDM @ ANA,db23cd7cb712b5c14c297aa6eece3627,sk_g,under,Leo Carlsson,0.5,fanduel,-250,180,oddsapi
2026-10-07T21:00:07Z,2026-10-07,EDM @ ANA,db23cd7cb712b5c14c297aa6eece3627,sk_g,over,Vasily Podkolzin,0.5,fanduel,200,-270,oddsapi
2026-10-07T21:00:07Z,2026-10-07,EDM @ ANA,db23cd7cb712b5c14c297aa6eece3627,sk_g,under,Vasily Podkolzin,0.5,fanduel,-270,200,oddsapi
2026-10-07T21:00:07Z,2026-10-07,EDM @ ANA,db23cd7cb712b5c14c297aa6eece3627,sk_g,over,Beckett Sennecke,0.5,fanduel,210,-300,oddsapi
2026-10-07T21:00:07Z,2026-10-07,EDM @ ANA,db23cd7cb712b5c14c297aa6eece3627,sk_g,under,Beckett Sennecke,0.5,fanduel,-300,210,oddsapi
2026-10-07T21:00:07Z,2026-10-07,EDM @ ANA,db23cd7cb712b5c14c297aa6eece3627,sk_g,over,Connor McDavid,0.5,fanduel,115,-155,oddsapi
2026-10-07T21:00:07Z,2026-10-07,EDM @ ANA,db23cd7cb712b5c14c297aa6eece3627,sk_g,under,Connor McDavid,0.5,fanduel,-155,115,oddsapi
2026-10-07T21:00:07Z,2026-10-07,EDM @ ANA,db23cd7cb712b5c14c297aa6eece3627,sk_g,over,Cutter Gauthier,0.5,fanduel,120,-160,oddsapi
2026-10-07T21:00:07Z,2026-10-07,EDM @ ANA,db23cd7cb712b5c14c297aa6eece3627,sk_g,under,Cutter Gauthier,0.5,fanduel,-160,120,oddsapi
2026-10-07T21:00:07Z,2026-10-07,EDM @ ANA,db23cd7cb712b5c14c297aa6eece3627,sk_g,over,Leon Draisaitl,0.5,fanduel,105,-140,oddsapi
2026-10-07T21:00:07Z,2026-10-07,EDM @ ANA,db23cd7cb712b5c14c297aa6eece3627,sk_g,under,Leon Draisaitl,0.5,fanduel,-140,105,oddsapi
2026-10-07T21:00:07Z,2026-10-07,EDM @ ANA,db23cd7cb712b5c14c297aa6eece3627,sk_sog,over,Vasily Podkolzin,2.5,fanduel,-104,-125,oddsapi
2026-10-07T21:00:07Z,2026-10-07,EDM @ ANA,db23cd7cb712b5c14c297aa6eece3627,sk_sog,under,Vasily Podkolzin,2.5,fanduel,-125,-104,oddsapi
2026-10-07T21:00:07Z,2026-10-07,EDM @ ANA,db23cd7cb712b5c14c297aa6eece3627,sk_sog,over,Connor McDavid,3.5,fanduel,114,-148,oddsapi
2026-10-07T21:00:07Z,2026-10-07,EDM @ ANA,db23cd7cb712b5c14c297aa6eece3627,sk_sog,under,Connor McDavid,3.5,fanduel,-148,114,oddsapi
2026-10-07T21:00:07Z,2026-10-07,EDM @ ANA,db23cd7cb712b5c14c297aa6eece3627,sk_sog,over,Leon Draisaitl,3.5,fanduel,120,-156,oddsapi
2026-10-07T21:00:07Z,2026-10-07,EDM @ ANA,db23cd7cb712b5c14c297aa6eece3627,sk_sog,under,Leon Draisaitl,3.5,fanduel,-156,120,oddsapi
2026-10-07T21:00:07Z,2026-10-07,EDM @ ANA,db23cd7cb712b5c14c297aa6eece3627,sk_sog,over,Evan Bouchard,2.5,fanduel,-148,114,oddsapi
2026-10-07T21:00:07Z,2026-10-07,EDM @ ANA,db23cd7cb712b5c14c297aa6eece3627,sk_sog,under,Evan Bouchard,2.5,fanduel,114,-148,oddsapi
2026-10-07T21:00:07Z,2026-10-07,EDM @ ANA,db23cd7cb712b5c14c297aa6eece3627,sk_sog,over,Leo Carlsson,2.5,fanduel,120,-156,oddsapi
2026-10-07T21:00:07Z,2026-10-07,EDM @ ANA,db23cd7cb712b5c14c297aa6eece3627,sk_sog,under,Leo Carlsson,2.5,fanduel,-156,120,oddsapi
2026-10-07T21:00:07Z,2026-10-07,EDM @ ANA,db23cd7cb712b5c14c297aa6eece3627,sk_sog,over,Beckett Sennecke,2.5,fanduel,134,-176,oddsapi
2026-10-07T21:00:07Z,2026-10-07,EDM @ ANA,db23cd7cb712b5c14c297aa6eece3627,sk_sog,under,Beckett Sennecke,2.5,fanduel,-176,134,oddsapi
2026-10-07T21:00:07Z,2026-10-07,EDM @ ANA,db23cd7cb712b5c14c297aa6eece3627,sk_sog,over,Cutter Gauthier,3.5,fanduel,-104,-125,oddsapi
2026-10-07T21:00:07Z,2026-10-07,EDM @ ANA,db23cd7cb712b5c14c297aa6eece3627,sk_sog,under,Cutter Gauthier,3.5,fanduel,-125,-104,oddsapi
2026-10-07T21:00:07Z,2026-10-07,EDM @ ANA,db23cd7cb712b5c14c297aa6eece3627,g_saves,over,Devon Levi,23.5,fanduel,-112,-118,oddsapi
2026-10-07T21:00:07Z,2026-10-07,EDM @ ANA,db23cd7cb712b5c14c297aa6eece3627,g_saves,under,Devon Levi,23.5,fanduel,-118,-112,oddsapi
2026-10-07T21:00:07Z,2026-10-07,EDM @ ANA,db23cd7cb712b5c14c297aa6eece3627,g_saves,over,Lukas Dostal,25.5,fanduel,-118,-112,oddsapi
2026-10-07T21:00:07Z,2026-10-07,EDM @ ANA,db23cd7cb712b5c14c297aa6eece3627,g_saves,under,Lukas Dostal,25.5,fanduel,-112,-118,oddsapi
2026-10-07T21:00:07Z,2026-10-07,EDM @ ANA,db23cd7cb712b5c14c297aa6eece3627,p1_pl,ANA,,0.5,fanduel,-210,160,oddsapi
2026-10-07T21:00:07Z,2026-10-07,EDM @ ANA,db23cd7cb712b5c14c297aa6eece3627,p1_pl,EDM,,-0.5,fanduel,160,-210,oddsapi
2026-10-07T21:00:07Z,2026-10-07,EDM @ ANA,db23cd7cb712b5c14c297aa6eece3627,p2_pl,ANA,,0.5,fanduel,-182,142,oddsapi
2026-10-07T21:00:07Z,2026-10-07,EDM @ ANA,db23cd7cb712b5c14c297aa6eece3627,p2_pl,EDM,,-0.5,fanduel,142,-182,oddsapi
2026-10-07T21:00:07Z,2026-10-07,EDM @ ANA,db23cd7cb712b5c14c297aa6eece3627,p3_pl,ANA,,0.5,fanduel,-166,130,oddsapi
2026-10-07T21:00:07Z,2026-10-07,EDM @ ANA,db23cd7cb712b5c14c297aa6eece3627,p3_pl,EDM,,-0.5,fanduel,130,-166,oddsapi
2026-10-07T21:00:07Z,2026-10-07,EDM @ ANA,db23cd7cb712b5c14c297aa6eece3627,team_total,over,ANA,2.5,fanduel,-190,,oddsapi
2026-10-07T21:00:07Z,2026-10-07,EDM @ ANA,db23cd7cb712b5c14c297aa6eece3627,team_total,under,ANA,3.5,fanduel,-154,,oddsapi
2026-10-07T21:00:07Z,2026-10-07,EDM @ ANA,db23cd7cb712b5c14c297aa6eece3627,team_total,over,EDM,2.5,fanduel,-280,,oddsapi
2026-10-07T21:00:07Z,2026-10-07,EDM @ ANA,db23cd7cb712b5c14c297aa6eece3627,team_total,under,EDM,3.5,fanduel,-122,,oddsapi
2026-10-07T21:00:07Z,2026-10-07,EDM @ ANA,db23cd7cb712b5c14c297aa6eece3627,p1_team_total,over,ANA,0.5,fanduel,-182,142,oddsapi
2026-10-07T21:00:07Z,2026-10-07,EDM @ ANA,db23cd7cb712b5c14c297aa6eece3627,p1_team_total,under,ANA,0.5,fanduel,142,-182,oddsapi
2026-10-07T21:00:07Z,2026-10-07,EDM @ ANA,db23cd7cb712b5c14c297aa6eece3627,p1_team_total,over,EDM,0.5,fanduel,-215,164,oddsapi
2026-10-07T21:00:07Z,2026-10-07,EDM @ ANA,db23cd7cb712b5c14c297aa6eece3627,p1_team_total,under,EDM,0.5,fanduel,164,-215,oddsapi
2026-10-07T21:00:07Z,2026-10-07,EDM @ ANA,db23cd7cb712b5c14c297aa6eece3627,p1_total,over,,1.5,fanduel,-182,142,oddsapi
2026-10-07T21:00:07Z,2026-10-07,EDM @ ANA,db23cd7cb712b5c14c297aa6eece3627,p1_total,under,,1.5,fanduel,142,-182,oddsapi
2026-10-07T21:00:07Z,2026-10-07,EDM @ ANA,db23cd7cb712b5c14c297aa6eece3627,p2_total,over,,2.5,fanduel,136,-174,oddsapi
2026-10-07T21:00:07Z,2026-10-07,EDM @ ANA,db23cd7cb712b5c14c297aa6eece3627,p2_total,under,,2.5,fanduel,-174,136,oddsapi
2026-10-07T21:00:07Z,2026-10-07,EDM @ ANA,db23cd7cb712b5c14c297aa6eece3627,p3_total,over,,2.5,fanduel,116,-148,oddsapi
2026-10-07T21:00:07Z,2026-10-07,EDM @ ANA,db23cd7cb712b5c14c297aa6eece3627,p3_total,under,,2.5,fanduel,-148,116,oddsapi
2026-10-07T21:00:07Z,2026-10-07,EDM @ ANA,db23cd7cb712b5c14c297aa6eece3627,p1_ml,ANA,,,betus,100,-130,oddsapi
2026-10-07T21:00:07Z,2026-10-07,EDM @ ANA,db23cd7cb712b5c14c297aa6eece3627,p1_ml,EDM,,,betus,-130,100,oddsapi
2026-10-07T21:00:07Z,2026-10-07,EDM @ ANA,db23cd7cb712b5c14c297aa6eece3627,p1_pl,ANA,,0.5,betus,-180,150,oddsapi
2026-10-07T21:00:07Z,2026-10-07,EDM @ ANA,db23cd7cb712b5c14c297aa6eece3627,p1_pl,EDM,,-0.5,betus,150,-180,oddsapi
2026-10-07T21:00:07Z,2026-10-07,EDM @ ANA,db23cd7cb712b5c14c297aa6eece3627,p1_total,over,,1.5,betus,-165,135,oddsapi
2026-10-07T21:00:07Z,2026-10-07,EDM @ ANA,db23cd7cb712b5c14c297aa6eece3627,p1_total,under,,1.5,betus,135,-165,oddsapi
2026-10-07T21:00:07Z,2026-10-07,EDM @ ANA,db23cd7cb712b5c14c297aa6eece3627,game_pl_alt,ANA,,-1.5,bovada,245,-350,oddsapi
2026-10-07T21:00:07Z,2026-10-07,EDM @ ANA,db23cd7cb712b5c14c297aa6eece3627,game_pl_alt,ANA,,-2.5,bovada,400,-650,oddsapi
2026-10-07T21:00:07Z,2026-10-07,EDM @ ANA,db23cd7cb712b5c14c297aa6eece3627,game_pl_alt,ANA,,2.5,bovada,-420,285,oddsapi
2026-10-07T21:00:07Z,2026-10-07,EDM @ ANA,db23cd7cb712b5c14c297aa6eece3627,game_pl_alt,EDM,,1.5,bovada,-350,245,oddsapi
2026-10-07T21:00:07Z,2026-10-07,EDM @ ANA,db23cd7cb712b5c14c297aa6eece3627,game_pl_alt,EDM,,2.5,bovada,-650,400,oddsapi
2026-10-07T21:00:07Z,2026-10-07,EDM @ ANA,db23cd7cb712b5c14c297aa6eece3627,game_pl_alt,EDM,,-2.5,bovada,285,-420,oddsapi
2026-10-07T21:00:07Z,2026-10-07,EDM @ ANA,db23cd7cb712b5c14c297aa6eece3627,team_total_alt,over,ANA,2.5,bovada,-210,160,oddsapi
2026-10-07T21:00:07Z,2026-10-07,EDM @ ANA,db23cd7cb712b5c14c297aa6eece3627,team_total_alt,under,ANA,2.5,bovada,160,-210,oddsapi
2026-10-07T21:00:07Z,2026-10-07,EDM @ ANA,db23cd7cb712b5c14c297aa6eece3627,team_total_alt,over,ANA,3.5,bovada,120,-155,oddsapi
2026-10-07T21:00:07Z,2026-10-07,EDM @ ANA,db23cd7cb712b5c14c297aa6eece3627,team_total_alt,under,ANA,3.5,bovada,-155,120,oddsapi
2026-10-07T21:00:07Z,2026-10-07,EDM @ ANA,db23cd7cb712b5c14c297aa6eece3627,team_total_alt,over,ANA,4.5,bovada,260,,oddsapi
2026-10-07T21:00:07Z,2026-10-07,EDM @ ANA,db23cd7cb712b5c14c297aa6eece3627,team_total_alt,over,EDM,2.5,bovada,-250,185,oddsapi
2026-10-07T21:00:07Z,2026-10-07,EDM @ ANA,db23cd7cb712b5c14c297aa6eece3627,team_total_alt,under,EDM,2.5,bovada,185,-250,oddsapi
2026-10-07T21:00:07Z,2026-10-07,EDM @ ANA,db23cd7cb712b5c14c297aa6eece3627,team_total_alt,over,EDM,3.5,bovada,100,-130,oddsapi
2026-10-07T21:00:07Z,2026-10-07,EDM @ ANA,db23cd7cb712b5c14c297aa6eece3627,team_total_alt,under,EDM,3.5,bovada,-130,100,oddsapi
2026-10-07T21:00:07Z,2026-10-07,EDM @ ANA,db23cd7cb712b5c14c297aa6eece3627,team_total_alt,over,EDM,4.5,bovada,220,,oddsapi
2026-10-07T21:00:07Z,2026-10-07,EDM @ ANA,db23cd7cb712b5c14c297aa6eece3627,game_total_alt,over,,5.5,bovada,-230,175,oddsapi
2026-10-07T21:00:07Z,2026-10-07,EDM @ ANA,db23cd7cb712b5c14c297aa6eece3627,game_total_alt,over,,6,bovada,-190,145,oddsapi
2026-10-07T21:00:07Z,2026-10-07,EDM @ ANA,db23cd7cb712b5c14c297aa6eece3627,game_total_alt,over,,7,bovada,115,-150,oddsapi
2026-10-07T21:00:07Z,2026-10-07,EDM @ ANA,db23cd7cb712b5c14c297aa6eece3627,game_total_alt,over,,7.5,bovada,165,-220,oddsapi
2026-10-07T21:00:07Z,2026-10-07,EDM @ ANA,db23cd7cb712b5c14c297aa6eece3627,game_total_alt,over,,8.5,bovada,230,-325,oddsapi
2026-10-07T21:00:07Z,2026-10-07,EDM @ ANA,db23cd7cb712b5c14c297aa6eece3627,game_total_alt,under,,4.5,bovada,440,,oddsapi
2026-10-07T21:00:07Z,2026-10-07,EDM @ ANA,db23cd7cb712b5c14c297aa6eece3627,game_total_alt,under,,5.5,bovada,175,-230,oddsapi
2026-10-07T21:00:07Z,2026-10-07,EDM @ ANA,db23cd7cb712b5c14c297aa6eece3627,game_total_alt,under,,6,bovada,145,-190,oddsapi
2026-10-07T21:00:07Z,2026-10-07,EDM @ ANA,db23cd7cb712b5c14c297aa6eece3627,game_total_alt,under,,7,bovada,-150,115,oddsapi
2026-10-07T21:00:07Z,2026-10-07,EDM @ ANA,db23cd7cb712b5c14c297aa6eece3627,game_total_alt,under,,7.5,bovada,-220,165,oddsapi
2026-10-07T21:00:07Z,2026-10-07,EDM @ ANA,db23cd7cb712b5c14c297aa6eece3627,game_total_alt,under,,8.5,bovada,-325,230,oddsapi
2026-10-07T21:00:07Z,2026-10-07,EDM @ ANA,db23cd7cb712b5c14c297aa6eece3627,game_ml3,ANA,,,bovada,166,,oddsapi
2026-10-07T21:00:07Z,2026-10-07,EDM @ ANA,db23cd7cb712b5c14c297aa6eece3627,game_ml3,EDM,,,bovada,117,,oddsapi
2026-10-07T21:00:07Z,2026-10-07,EDM @ ANA,db23cd7cb712b5c14c297aa6eece3627,game_ml3,draw,,,bovada,325,,oddsapi
2026-10-07T21:00:07Z,2026-10-07,EDM @ ANA,db23cd7cb712b5c14c297aa6eece3627,p1_ml3,ANA,,,bovada,185,,oddsapi
2026-10-07T21:00:07Z,2026-10-07,EDM @ ANA,db23cd7cb712b5c14c297aa6eece3627,p1_ml3,EDM,,,bovada,157,,oddsapi
2026-10-07T21:00:07Z,2026-10-07,EDM @ ANA,db23cd7cb712b5c14c297aa6eece3627,p1_ml3,draw,,,bovada,193,,oddsapi
2026-10-07T21:00:07Z,2026-10-07,EDM @ ANA,db23cd7cb712b5c14c297aa6eece3627,p1_ml,ANA,,,bovada,100,-130,oddsapi
2026-10-07T21:00:07Z,2026-10-07,EDM @ ANA,db23cd7cb712b5c14c297aa6eece3627,p1_ml,EDM,,,bovada,-130,100,oddsapi
2026-10-07T21:00:07Z,2026-10-07,EDM @ ANA,db23cd7cb712b5c14c297aa6eece3627,p2_ml,ANA,,,bovada,105,-135,oddsapi
2026-10-07T21:00:07Z,2026-10-07,EDM @ ANA,db23cd7cb712b5c14c297aa6eece3627,p2_ml,EDM,,,bovada,-135,105,oddsapi
2026-10-07T21:00:07Z,2026-10-07,EDM @ ANA,db23cd7cb712b5c14c297aa6eece3627,p3_ml,ANA,,,bovada,105,-135,oddsapi
2026-10-07T21:00:07Z,2026-10-07,EDM @ ANA,db23cd7cb712b5c14c297aa6eece3627,p3_ml,EDM,,,bovada,-135,105,oddsapi
2026-10-07T21:00:07Z,2026-10-07,EDM @ ANA,db23cd7cb712b5c14c297aa6eece3627,ags,yes,Pavel Mintyukov,,bovada,850,,oddsapi
2026-10-07T21:00:07Z,2026-10-07,EDM @ ANA,db23cd7cb712b5c14c297aa6eece3627,ags,yes,Connor Murphy,,bovada,1700,,oddsapi
2026-10-07T21:00:07Z,2026-10-07,EDM @ ANA,db23cd7cb712b5c14c297aa6eece3627,ags,yes,Leon Draisaitl,,bovada,109,,oddsapi
2026-10-07T21:00:07Z,2026-10-07,EDM @ ANA,db23cd7cb712b5c14c297aa6eece3627,ags,yes,Jackson LaCombe,,bovada,440,,oddsapi
2026-10-07T21:00:07Z,2026-10-07,EDM @ ANA,db23cd7cb712b5c14c297aa6eece3627,ags,yes,Jake Walman,,bovada,700,,oddsapi
2026-10-07T21:00:07Z,2026-10-07,EDM @ ANA,db23cd7cb712b5c14c297aa6eece3627,ags,yes,Travis Mitchell,,bovada,1200,,oddsapi
2026-10-07T21:00:07Z,2026-10-07,EDM @ ANA,db23cd7cb712b5c14c297aa6eece3627,ags,yes,Jason Dickinson,,bovada,365,,oddsapi
2026-10-07T21:00:07Z,2026-10-07,EDM @ ANA,db23cd7cb712b5c14c297aa6eece3627,ags,yes,Ryan Shea,,bovada,900,,oddsapi
2026-10-07T21:00:07Z,2026-10-07,EDM @ ANA,db23cd7cb712b5c14c297aa6eece3627,ags,yes,Connor McDavid,,bovada,116,,oddsapi
2026-10-07T21:00:07Z,2026-10-07,EDM @ ANA,db23cd7cb712b5c14c297aa6eece3627,ags,yes,Mattias Ekholm,,bovada,800,,oddsapi
2026-10-07T21:00:07Z,2026-10-07,EDM @ ANA,db23cd7cb712b5c14c297aa6eece3627,ags,yes,Isaac Howard,,bovada,450,,oddsapi
2026-10-07T21:00:07Z,2026-10-07,EDM @ ANA,db23cd7cb712b5c14c297aa6eece3627,ags,yes,Trent Frederic,,bovada,375,,oddsapi
2026-10-07T21:00:07Z,2026-10-07,EDM @ ANA,db23cd7cb712b5c14c297aa6eece3627,ags,yes,Tristan Luneau,,bovada,750,,oddsapi
2026-10-07T21:00:07Z,2026-10-07,EDM @ ANA,db23cd7cb712b5c14c297aa6eece3627,ags,yes,Cutter Gauthier,,bovada,116,,oddsapi
2026-10-07T21:00:07Z,2026-10-07,EDM @ ANA,db23cd7cb712b5c14c297aa6eece3627,ags,yes,Josh Samanski,,bovada,625,,oddsapi
2026-10-07T21:00:07Z,2026-10-07,EDM @ ANA,db23cd7cb712b5c14c297aa6eece3627,ags,yes,Vasily Podkolzin,,bovada,193,,oddsapi
2026-10-07T21:00:07Z,2026-10-07,EDM @ ANA,db23cd7cb712b5c14c297aa6eece3627,ags,yes,Nikita Nesterenko,,bovada,600,,oddsapi
2026-10-07T21:00:07Z,2026-10-07,EDM @ ANA,db23cd7cb712b5c14c297aa6eece3627,ags,yes,Alex Killorn,,bovada,325,,oddsapi
2026-10-07T21:00:07Z,2026-10-07,EDM @ ANA,db23cd7cb712b5c14c297aa6eece3627,ags,yes,Kasperi Kapanen,,bovada,270,,oddsapi
2026-10-07T21:00:07Z,2026-10-07,EDM @ ANA,db23cd7cb712b5c14c297aa6eece3627,ags,yes,Owen Michaels,,bovada,475,,oddsapi
2026-10-07T21:00:07Z,2026-10-07,EDM @ ANA,db23cd7cb712b5c14c297aa6eece3627,ags,yes,Ryan Poehling,,bovada,385,,oddsapi
2026-10-07T21:00:07Z,2026-10-07,EDM @ ANA,db23cd7cb712b5c14c297aa6eece3627,ags,yes,Mikael Granlund,,bovada,255,,oddsapi
2026-10-07T21:00:07Z,2026-10-07,EDM @ ANA,db23cd7cb712b5c14c297aa6eece3627,ags,yes,Evan Bouchard,,bovada,275,,oddsapi
2026-10-07T21:00:07Z,2026-10-07,EDM @ ANA,db23cd7cb712b5c14c297aa6eece3627,ags,yes,A.J. Greer,,bovada,440,,oddsapi
2026-10-07T21:00:07Z,2026-10-07,EDM @ ANA,db23cd7cb712b5c14c297aa6eece3627,ags,yes,Beckett Sennecke,,bovada,200,,oddsapi
2026-10-07T21:00:07Z,2026-10-07,EDM @ ANA,db23cd7cb712b5c14c297aa6eece3627,ags,yes,Leo Carlsson,,bovada,183,,oddsapi
2026-10-07T21:00:07Z,2026-10-07,EDM @ ANA,db23cd7cb712b5c14c297aa6eece3627,ags,yes,Alex Formenton,,bovada,550,,oddsapi
2026-10-07T21:00:07Z,2026-10-07,EDM @ ANA,db23cd7cb712b5c14c297aa6eece3627,ags,yes,Colton Dach,,bovada,600,,oddsapi
2026-10-07T21:00:07Z,2026-10-07,EDM @ ANA,db23cd7cb712b5c14c297aa6eece3627,ags,yes,Mathieu Joseph,,bovada,725,,oddsapi
2026-10-07T21:00:07Z,2026-10-07,EDM @ ANA,db23cd7cb712b5c14c297aa6eece3627,ags,yes,Noah Warren,,bovada,1400,,oddsapi
2026-10-07T21:00:07Z,2026-10-07,EDM @ ANA,db23cd7cb712b5c14c297aa6eece3627,ags,yes,Judd Caulfield,,bovada,825,,oddsapi
2026-10-07T21:00:07Z,2026-10-07,EDM @ ANA,db23cd7cb712b5c14c297aa6eece3627,ags,yes,Jeff Malott,,bovada,900,,oddsapi
2026-10-07T21:00:07Z,2026-10-07,EDM @ ANA,db23cd7cb712b5c14c297aa6eece3627,ags,yes,Tim Washe,,bovada,1000,,oddsapi
2026-10-07T21:00:07Z,2026-10-07,EDM @ ANA,db23cd7cb712b5c14c297aa6eece3627,ags,yes,Ty Emberson,,bovada,900,,oddsapi
2026-10-07T21:00:07Z,2026-10-07,EDM @ ANA,db23cd7cb712b5c14c297aa6eece3627,ags,yes,Tyson Hinds,,bovada,1300,,oddsapi
2026-10-07T21:00:07Z,2026-10-07,EDM @ ANA,db23cd7cb712b5c14c297aa6eece3627,fgs,yes,Ryan Poehling,,bovada,2500,,oddsapi
2026-10-07T21:00:07Z,2026-10-07,EDM @ ANA,db23cd7cb712b5c14c297aa6eece3627,fgs,yes,Alex Killorn,,bovada,2200,,oddsapi
2026-10-07T21:00:07Z,2026-10-07,EDM @ ANA,db23cd7cb712b5c14c297aa6eece3627,fgs,yes,Leo Carlsson,,bovada,1400,,oddsapi
2026-10-07T21:00:07Z,2026-10-07,EDM @ ANA,db23cd7cb712b5c14c297aa6eece3627,fgs,yes,Jackson LaCombe,,bovada,3300,,oddsapi
2026-10-07T21:00:07Z,2026-10-07,EDM @ ANA,db23cd7cb712b5c14c297aa6eece3627,fgs,yes,Trent Frederic,,bovada,2200,,oddsapi
2026-10-07T21:00:07Z,2026-10-07,EDM @ ANA,db23cd7cb712b5c14c297aa6eece3627,fgs,yes,Jeff Malott,,bovada,5500,,oddsapi
2026-10-07T21:00:07Z,2026-10-07,EDM @ ANA,db23cd7cb712b5c14c297aa6eece3627,fgs,yes,Tristan Luneau,,bovada,5500,,oddsapi
2026-10-07T21:00:07Z,2026-10-07,EDM @ ANA,db23cd7cb712b5c14c297aa6eece3627,fgs,yes,Owen Michaels,,bovada,2500,,oddsapi
2026-10-07T21:00:07Z,2026-10-07,EDM @ ANA,db23cd7cb712b5c14c297aa6eece3627,fgs,yes,Vasily Podkolzin,,bovada,1300,,oddsapi
2026-10-07T21:00:07Z,2026-10-07,EDM @ ANA,db23cd7cb712b5c14c297aa6eece3627,fgs,yes,Travis Mitchell,,bovada,8000,,oddsapi
2026-10-07T21:00:07Z,2026-10-07,EDM @ ANA,db23cd7cb712b5c14c297aa6eece3627,fgs,yes,Jake Walman,,bovada,4000,,oddsapi
2026-10-07T21:00:07Z,2026-10-07,EDM @ ANA,db23cd7cb712b5c14c297aa6eece3627,fgs,yes,Mathieu Joseph,,bovada,4500,,oddsapi
2026-10-07T21:00:07Z,2026-10-07,EDM @ ANA,db23cd7cb712b5c14c297aa6eece3627,fgs,yes,Tim Washe,,bovada,6000,,oddsapi
2026-10-07T21:00:07Z,2026-10-07,EDM @ ANA,db23cd7cb712b5c14c297aa6eece3627,fgs,yes,Connor McDavid,,bovada,900,,oddsapi
2026-10-07T21:00:07Z,2026-10-07,EDM @ ANA,db23cd7cb712b5c14c297aa6eece3627,fgs,yes,Alex Formenton,,bovada,3500,,oddsapi
2026-10-07T21:00:07Z,2026-10-07,EDM @ ANA,db23cd7cb712b5c14c297aa6eece3627,fgs,yes,Beckett Sennecke,,bovada,1400,,oddsapi
2026-10-07T21:00:07Z,2026-10-07,EDM @ ANA,db23cd7cb712b5c14c297aa6eece3627,fgs,yes,Mikael Granlund,,bovada,1800,,oddsapi
2026-10-07T21:00:07Z,2026-10-07,EDM @ ANA,db23cd7cb712b5c14c297aa6eece3627,fgs,yes,Mattias Ekholm,,bovada,6000,,oddsapi
2026-10-07T21:00:07Z,2026-10-07,EDM @ ANA,db23cd7cb712b5c14c297aa6eece3627,fgs,yes,Leon Draisaitl,,bovada,900,,oddsapi
2026-10-07T21:00:07Z,2026-10-07,EDM @ ANA,db23cd7cb712b5c14c297aa6eece3627,fgs,yes,Cutter Gauthier,,bovada,1000,,oddsapi
2026-10-07T21:00:07Z,2026-10-07,EDM @ ANA,db23cd7cb712b5c14c297aa6eece3627,fgs,yes,Noah Warren,,bovada,10000,,oddsapi
2026-10-07T21:00:07Z,2026-10-07,EDM @ ANA,db23cd7cb712b5c14c297aa6eece3627,fgs,yes,Judd Caulfield,,bovada,5000,,oddsapi
2026-10-07T21:00:07Z,2026-10-07,EDM @ ANA,db23cd7cb712b5c14c297aa6eece3627,fgs,yes,Jason Dickinson,,bovada,2200,,oddsapi
2026-10-07T21:00:07Z,2026-10-07,EDM @ ANA,db23cd7cb712b5c14c297aa6eece3627,fgs,yes,Isaac Howard,,bovada,2500,,oddsapi
2026-10-07T21:00:07Z,2026-10-07,EDM @ ANA,db23cd7cb712b5c14c297aa6eece3627,fgs,yes,Nikita Nesterenko,,bovada,3500,,oddsapi
2026-10-07T21:00:07Z,2026-10-07,EDM @ ANA,db23cd7cb712b5c14c297aa6eece3627,fgs,yes,Connor Murphy,,bovada,8000,,oddsapi
2026-10-07T21:00:07Z,2026-10-07,EDM @ ANA,db23cd7cb712b5c14c297aa6eece3627,fgs,yes,Ryan Shea,,bovada,5500,,oddsapi
2026-10-07T21:00:07Z,2026-10-07,EDM @ ANA,db23cd7cb712b5c14c297aa6eece3627,fgs,yes,Kasperi Kapanen,,bovada,1900,,oddsapi
2026-10-07T21:00:07Z,2026-10-07,EDM @ ANA,db23cd7cb712b5c14c297aa6eece3627,fgs,yes,Evan Bouchard,,bovada,2000,,oddsapi
2026-10-07T21:00:07Z,2026-10-07,EDM @ ANA,db23cd7cb712b5c14c297aa6eece3627,fgs,yes,Josh Samanski,,bovada,3500,,oddsapi
2026-10-07T21:00:07Z,2026-10-07,EDM @ ANA,db23cd7cb712b5c14c297aa6eece3627,fgs,yes,A.J. Greer,,bovada,2500,,oddsapi
2026-10-07T21:00:07Z,2026-10-07,EDM @ ANA,db23cd7cb712b5c14c297aa6eece3627,fgs,yes,Pavel Mintyukov,,bovada,5000,,oddsapi
2026-10-07T21:00:07Z,2026-10-07,EDM @ ANA,db23cd7cb712b5c14c297aa6eece3627,sk_sog,over,Alex Killorn,1.5,bovada,-110,-120,oddsapi
2026-10-07T21:00:07Z,2026-10-07,EDM @ ANA,db23cd7cb712b5c14c297aa6eece3627,sk_sog,under,Alex Killorn,1.5,bovada,-120,-110,oddsapi
2026-10-07T21:00:07Z,2026-10-07,EDM @ ANA,db23cd7cb712b5c14c297aa6eece3627,sk_sog,over,Beckett Sennecke,2.5,bovada,140,-185,oddsapi
2026-10-07T21:00:07Z,2026-10-07,EDM @ ANA,db23cd7cb712b5c14c297aa6eece3627,sk_sog,under,Beckett Sennecke,2.5,bovada,-185,140,oddsapi
2026-10-07T21:00:07Z,2026-10-07,EDM @ ANA,db23cd7cb712b5c14c297aa6eece3627,sk_sog,over,Connor McDavid,3.5,bovada,125,-165,oddsapi
2026-10-07T21:00:07Z,2026-10-07,EDM @ ANA,db23cd7cb712b5c14c297aa6eece3627,sk_sog,under,Connor McDavid,3.5,bovada,-165,125,oddsapi
2026-10-07T21:00:07Z,2026-10-07,EDM @ ANA,db23cd7cb712b5c14c297aa6eece3627,sk_sog,over,Cutter Gauthier,3.5,bovada,100,-130,oddsapi
2026-10-07T21:00:07Z,2026-10-07,EDM @ ANA,db23cd7cb712b5c14c297aa6eece3627,sk_sog,under,Cutter Gauthier,3.5,bovada,-130,100,oddsapi
2026-10-07T21:00:07Z,2026-10-07,EDM @ ANA,db23cd7cb712b5c14c297aa6eece3627,sk_sog,over,Evan Bouchard,2.5,bovada,-125,-105,oddsapi
2026-10-07T21:00:07Z,2026-10-07,EDM @ ANA,db23cd7cb712b5c14c297aa6eece3627,sk_sog,under,Evan Bouchard,2.5,bovada,-105,-125,oddsapi
2026-10-07T21:00:07Z,2026-10-07,EDM @ ANA,db23cd7cb712b5c14c297aa6eece3627,sk_sog,over,Jackson LaCombe,1.5,bovada,-140,-110,oddsapi
2026-10-07T21:00:07Z,2026-10-07,EDM @ ANA,db23cd7cb712b5c14c297aa6eece3627,sk_sog,under,Jackson LaCombe,1.5,bovada,-110,-140,oddsapi
2026-10-07T21:00:07Z,2026-10-07,EDM @ ANA,db23cd7cb712b5c14c297aa6eece3627,sk_sog,over,Kasperi Kapanen,1.5,bovada,-150,115,oddsapi
2026-10-07T21:00:07Z,2026-10-07,EDM @ ANA,db23cd7cb712b5c14c297aa6eece3627,sk_sog,under,Kasperi Kapanen,1.5,bovada,115,-150,oddsapi
2026-10-07T21:00:07Z,2026-10-07,EDM @ ANA,db23cd7cb712b5c14c297aa6eece3627,sk_sog,over,Leo Carlsson,2.5,bovada,110,-145,oddsapi
2026-10-07T21:00:07Z,2026-10-07,EDM @ ANA,db23cd7cb712b5c14c297aa6eece3627,sk_sog,under,Leo Carlsson,2.5,bovada,-145,110,oddsapi
2026-10-07T21:00:07Z,2026-10-07,EDM @ ANA,db23cd7cb712b5c14c297aa6eece3627,sk_sog,over,Leon Draisaitl,3.5,bovada,125,-165,oddsapi
2026-10-07T21:00:07Z,2026-10-07,EDM @ ANA,db23cd7cb712b5c14c297aa6eece3627,sk_sog,under,Leon Draisaitl,3.5,bovada,-165,125,oddsapi
2026-10-07T21:00:07Z,2026-10-07,EDM @ ANA,db23cd7cb712b5c14c297aa6eece3627,sk_sog,over,Mikael Granlund,1.5,bovada,-120,-110,oddsapi
2026-10-07T21:00:07Z,2026-10-07,EDM @ ANA,db23cd7cb712b5c14c297aa6eece3627,sk_sog,under,Mikael Granlund,1.5,bovada,-110,-120,oddsapi
2026-10-07T21:00:07Z,2026-10-07,EDM @ ANA,db23cd7cb712b5c14c297aa6eece3627,sk_sog,over,Vasily Podkolzin,2.5,bovada,105,-135,oddsapi
2026-10-07T21:00:07Z,2026-10-07,EDM @ ANA,db23cd7cb712b5c14c297aa6eece3627,sk_sog,under,Vasily Podkolzin,2.5,bovada,-135,105,oddsapi
2026-10-07T21:00:07Z,2026-10-07,EDM @ ANA,db23cd7cb712b5c14c297aa6eece3627,g_saves,over,Devon Levi,23.5,bovada,-130,100,oddsapi
2026-10-07T21:00:07Z,2026-10-07,EDM @ ANA,db23cd7cb712b5c14c297aa6eece3627,g_saves,under,Devon Levi,23.5,bovada,100,-130,oddsapi
2026-10-07T21:00:07Z,2026-10-07,EDM @ ANA,db23cd7cb712b5c14c297aa6eece3627,g_saves,over,Lukas Dostal,25.5,bovada,-120,-110,oddsapi
2026-10-07T21:00:07Z,2026-10-07,EDM @ ANA,db23cd7cb712b5c14c297aa6eece3627,g_saves,under,Lukas Dostal,25.5,bovada,-110,-120,oddsapi
2026-10-07T21:00:07Z,2026-10-07,EDM @ ANA,db23cd7cb712b5c14c297aa6eece3627,p1_pl,ANA,,0.5,bovada,-200,150,oddsapi
2026-10-07T21:00:07Z,2026-10-07,EDM @ ANA,db23cd7cb712b5c14c297aa6eece3627,p1_pl,EDM,,-0.5,bovada,150,-200,oddsapi
2026-10-07T21:00:07Z,2026-10-07,EDM @ ANA,db23cd7cb712b5c14c297aa6eece3627,p2_pl,ANA,,0.5,bovada,-190,145,oddsapi
2026-10-07T21:00:07Z,2026-10-07,EDM @ ANA,db23cd7cb712b5c14c297aa6eece3627,p2_pl,EDM,,-0.5,bovada,145,-190,oddsapi
2026-10-07T21:00:07Z,2026-10-07,EDM @ ANA,db23cd7cb712b5c14c297aa6eece3627,p3_pl,ANA,,0.5,bovada,-170,130,oddsapi
2026-10-07T21:00:07Z,2026-10-07,EDM @ ANA,db23cd7cb712b5c14c297aa6eece3627,p3_pl,EDM,,-0.5,bovada,130,-170,oddsapi
2026-10-07T21:00:07Z,2026-10-07,EDM @ ANA,db23cd7cb712b5c14c297aa6eece3627,p1_total,over,,2,bovada,115,-150,oddsapi
2026-10-07T21:00:07Z,2026-10-07,EDM @ ANA,db23cd7cb712b5c14c297aa6eece3627,p1_total,under,,2,bovada,-150,115,oddsapi
2026-10-07T21:00:07Z,2026-10-07,EDM @ ANA,db23cd7cb712b5c14c297aa6eece3627,p2_total,over,,2,bovada,-125,-105,oddsapi
2026-10-07T21:00:07Z,2026-10-07,EDM @ ANA,db23cd7cb712b5c14c297aa6eece3627,p2_total,under,,2,bovada,-105,-125,oddsapi
2026-10-07T21:00:07Z,2026-10-07,EDM @ ANA,db23cd7cb712b5c14c297aa6eece3627,p3_total,over,,2.5,bovada,115,-150,oddsapi
2026-10-07T21:00:07Z,2026-10-07,EDM @ ANA,db23cd7cb712b5c14c297aa6eece3627,p3_total,under,,2.5,bovada,-150,115,oddsapi
