captured_at,game_date,matchup,event_id,market,side,entity,line,book,american,opposite_american,source
2026-09-29T02:04:21Z,2026-09-29,FLA @ CAR,9de33ce1013f2a3375dbded2c9fbc7d6,game_pl_alt,CAR,,3.5,draftkings,-2000,850,oddsapi
2026-09-29T02:04:21Z,2026-09-29,FLA @ CAR,9de33ce1013f2a3375dbded2c9fbc7d6,game_pl_alt,CAR,,2.5,draftkings,-630,390,oddsapi
2026-09-29T02:04:21Z,2026-09-29,FLA @ CAR,9de33ce1013f2a3375dbded2c9fbc7d6,game_pl_alt,CAR,,1.5,draftkings,-325,230,oddsapi
2026-09-29T02:04:21Z,2026-09-29,FLA @ CAR,9de33ce1013f2a3375dbded2c9fbc7d6,game_pl_alt,CAR,,-2.5,draftkings,295,-440,oddsapi
2026-09-29T02:04:21Z,2026-09-29,FLA @ CAR,9de33ce1013f2a3375dbded2c9fbc7d6,game_pl_alt,CAR,,-3.5,draftkings,700,-1400,oddsapi
2026-09-29T02:04:21Z,2026-09-29,FLA @ CAR,9de33ce1013f2a3375dbded2c9fbc7d6,game_pl_alt,FLA,,-3.5,draftkings,850,-2000,oddsapi
2026-09-29T02:04:21Z,2026-09-29,FLA @ CAR,9de33ce1013f2a3375dbded2c9fbc7d6,game_pl_alt,FLA,,-2.5,draftkings,390,-630,oddsapi
2026-09-29T02:04:21Z,2026-09-29,FLA @ CAR,9de33ce1013f2a3375dbded2c9fbc7d6,game_pl_alt,FLA,,-1.5,draftkings,230,-325,oddsapi
2026-09-29T02:04:21Z,2026-09-29,FLA @ CAR,9de33ce1013f2a3375dbded2c9fbc7d6,game_pl_alt,FLA,,2.5,draftkings,-440,295,oddsapi
2026-09-29T02:04:21Z,2026-09-29,FLA @ CAR,9de33ce1013f2a3375dbded2c9fbc7d6,game_pl_alt,FLA,,3.5,draftkings,-1400,700,oddsapi
2026-09-29T02:04:21Z,2026-09-29,FLA @ CAR,9de33ce1013f2a3375dbded2c9fbc7d6,team_total_alt,over,CAR,0.5,draftkings,-4500,1200,oddsapi
2026-09-29T02:04:21Z,2026-09-29,FLA @ CAR,9de33ce1013f2a3375dbded2c9fbc7d6,team_total_alt,under,CAR,0.5,draftkings,1200,-4500,oddsapi
2026-09-29T02:04:21Z,2026-09-29,FLA @ CAR,9de33ce1013f2a3375dbded2c9fbc7d6,team_total_alt,over,CAR,1.5,draftkings,-600,370,oddsapi
2026-09-29T02:04:21Z,2026-09-29,FLA @ CAR,9de33ce1013f2a3375dbded2c9fbc7d6,team_total_alt,under,CAR,1.5,draftkings,370,-600,oddsapi
2026-09-29T02:04:21Z,2026-09-29,FLA @ CAR,9de33ce1013f2a3375dbded2c9fbc7d6,team_total_alt,over,CAR,2.5,draftkings,-200,150,oddsapi
2026-09-29T02:04:21Z,2026-09-29,FLA @ CAR,9de33ce1013f2a3375dbded2c9fbc7d6,team_total_alt,under,CAR,2.5,draftkings,150,-200,oddsapi
2026-09-29T02:04:21Z,2026-09-29,FLA @ CAR,9de33ce1013f2a3375dbded2c9fbc7d6,team_total_alt,over,CAR,3.5,draftkings,115,-155,oddsapi
2026-09-29T02:04:21Z,2026-09-29,FLA @ CAR,9de33ce1013f2a3375dbded2c9fbc7d6,team_total_alt,under,CAR,3.5,draftkings,-155,115,oddsapi
2026-09-29T02:04:21Z,2026-09-29,FLA @ CAR,9de33ce1013f2a3375dbded2c9fbc7d6,team_total_alt,over,CAR,4.5,draftkings,260,-375,oddsapi
2026-09-29T02:04:21Z,2026-09-29,FLA @ CAR,9de33ce1013f2a3375dbded2c9fbc7d6,team_total_alt,under,CAR,4.5,draftkings,-375,260,oddsapi
2026-09-29T02:04:21Z,2026-09-29,FLA @ CAR,9de33ce1013f2a3375dbded2c9fbc7d6,team_total_alt,over,CAR,5.5,draftkings,600,-1150,oddsapi
2026-09-29T02:04:21Z,2026-09-29,FLA @ CAR,9de33ce1013f2a3375dbded2c9fbc7d6,team_total_alt,under,CAR,5.5,draftkings,-1150,600,oddsapi
2026-09-29T02:04:21Z,2026-09-29,FLA @ CAR,9de33ce1013f2a3375dbded2c9fbc7d6,team_total_alt,over,FLA,0.5,draftkings,-3500,1100,oddsapi
2026-09-29T02:04:21Z,2026-09-29,FLA @ CAR,9de33ce1013f2a3375dbded2c9fbc7d6,team_total_alt,under,FLA,0.5,draftkings,1100,-3500,oddsapi
2026-09-29T02:04:21Z,2026-09-29,FLA @ CAR,9de33ce1013f2a3375dbded2c9fbc7d6,team_total_alt,over,FLA,1.5,draftkings,-525,340,oddsapi
2026-09-29T02:04:21Z,2026-09-29,FLA @ CAR,9de33ce1013f2a3375dbded2c9fbc7d6,team_total_alt,under,FLA,1.5,draftkings,340,-525,oddsapi
2026-09-29T02:04:21Z,2026-09-29,FLA @ CAR,9de33ce1013f2a3375dbded2c9fbc7d6,team_total_alt,over,FLA,2.5,draftkings,-175,135,oddsapi
2026-09-29T02:04:21Z,2026-09-29,FLA @ CAR,9de33ce1013f2a3375dbded2c9fbc7d6,team_total_alt,under,FLA,2.5,draftkings,135,-175,oddsapi
2026-09-29T02:04:21Z,2026-09-29,FLA @ CAR,9de33ce1013f2a3375dbded2c9fbc7d6,team_total_alt,over,FLA,3.5,draftkings,140,-180,oddsapi
2026-09-29T02:04:21Z,2026-09-29,FLA @ CAR,9de33ce1013f2a3375dbded2c9fbc7d6,team_total_alt,under,FLA,3.5,draftkings,-180,140,oddsapi
2026-09-29T02:04:21Z,2026-09-29,FLA @ CAR,9de33ce1013f2a3375dbded2c9fbc7d6,team_total_alt,over,FLA,4.5,draftkings,330,-505,oddsapi
2026-09-29T02:04:21Z,2026-09-29,FLA @ CAR,9de33ce1013f2a3375dbded2c9fbc7d6,team_total_alt,under,FLA,4.5,draftkings,-505,330,oddsapi
2026-09-29T02:04:21Z,2026-09-29,FLA @ CAR,9de33ce1013f2a3375dbded2c9fbc7d6,team_total_alt,over,FLA,5.5,draftkings,750,-1600,oddsapi
2026-09-29T02:04:21Z,2026-09-29,FLA @ CAR,9de33ce1013f2a3375dbded2c9fbc7d6,team_total_alt,under,FLA,5.5,draftkings,-1600,750,oddsapi
2026-09-29T02:04:21Z,2026-09-29,FLA @ CAR,9de33ce1013f2a3375dbded2c9fbc7d6,game_total_alt,over,,3.5,draftkings,-935,520,oddsapi
2026-09-29T02:04:21Z,2026-09-29,FLA @ CAR,9de33ce1013f2a3375dbded2c9fbc7d6,game_total_alt,over,,4.5,draftkings,-485,320,oddsapi
2026-09-29T02:04:21Z,2026-09-29,FLA @ CAR,9de33ce1013f2a3375dbded2c9fbc7d6,game_total_alt,over,,5.5,draftkings,-160,120,oddsapi
2026-09-29T02:04:21Z,2026-09-29,FLA @ CAR,9de33ce1013f2a3375dbded2c9fbc7d6,game_total_alt,over,,7.5,draftkings,235,-335,oddsapi
2026-09-29T02:04:21Z,2026-09-29,FLA @ CAR,9de33ce1013f2a3375dbded2c9fbc7d6,game_total_alt,over,,8.5,draftkings,350,-550,oddsapi
2026-09-29T02:04:21Z,2026-09-29,FLA @ CAR,9de33ce1013f2a3375dbded2c9fbc7d6,game_total_alt,over,,9.5,draftkings,750,-1600,oddsapi
2026-09-29T02:04:21Z,2026-09-29,FLA @ CAR,9de33ce1013f2a3375dbded2c9fbc7d6,game_total_alt,under,,3.5,draftkings,520,-935,oddsapi
2026-09-29T02:04:21Z,2026-09-29,FLA @ CAR,9de33ce1013f2a3375dbded2c9fbc7d6,game_total_alt,under,,4.5,draftkings,320,-485,oddsapi
2026-09-29T02:04:21Z,2026-09-29,FLA @ CAR,9de33ce1013f2a3375dbded2c9fbc7d6,game_total_alt,under,,5.5,draftkings,120,-160,oddsapi
2026-09-29T02:04:21Z,2026-09-29,FLA @ CAR,9de33ce1013f2a3375dbded2c9fbc7d6,game_total_alt,under,,7.5,draftkings,-335,235,oddsapi
2026-09-29T02:04:21Z,2026-09-29,FLA @ CAR,9de33ce1013f2a3375dbded2c9fbc7d6,game_total_alt,under,,8.5,draftkings,-550,350,oddsapi
2026-09-29T02:04:21Z,2026-09-29,FLA @ CAR,9de33ce1013f2a3375dbded2c9fbc7d6,game_total_alt,under,,9.5,draftkings,-1600,750,oddsapi
2026-09-29T02:04:21Z,2026-09-29,FLA @ CAR,9de33ce1013f2a3375dbded2c9fbc7d6,game_ml3,CAR,,,draftkings,125,,oddsapi
2026-09-29T02:04:21Z,2026-09-29,FLA @ CAR,9de33ce1013f2a3375dbded2c9fbc7d6,game_ml3,FLA,,,draftkings,155,,oddsapi
2026-09-29T02:04:21Z,2026-09-29,FLA @ CAR,9de33ce1013f2a3375dbded2c9fbc7d6,game_ml3,draw,,,draftkings,300,,oddsapi
2026-09-29T02:04:21Z,2026-09-29,FLA @ CAR,9de33ce1013f2a3375dbded2c9fbc7d6,p1_ml3,CAR,,,draftkings,170,,oddsapi
2026-09-29T02:04:21Z,2026-09-29,FLA @ CAR,9de33ce1013f2a3375dbded2c9fbc7d6,p1_ml3,FLA,,,draftkings,185,,oddsapi
2026-09-29T02:04:21Z,2026-09-29,FLA @ CAR,9de33ce1013f2a3375dbded2c9fbc7d6,p1_ml3,draw,,,draftkings,180,,oddsapi
2026-09-29T02:04:21Z,2026-09-29,FLA @ CAR,9de33ce1013f2a3375dbded2c9fbc7d6,p2_ml3,CAR,,,draftkings,160,,oddsapi
2026-09-29T02:04:21Z,2026-09-29,FLA @ CAR,9de33ce1013f2a3375dbded2c9fbc7d6,p2_ml3,FLA,,,draftkings,180,,oddsapi
2026-09-29T02:04:21Z,2026-09-29,FLA @ CAR,9de33ce1013f2a3375dbded2c9fbc7d6,p2_ml3,draw,,,draftkings,205,,oddsapi
2026-09-29T02:04:21Z,2026-09-29,FLA @ CAR,9de33ce1013f2a3375dbded2c9fbc7d6,ags,yes,Brady Tkachuk,,draftkings,170,,oddsapi
2026-09-29T02:04:21Z,2026-09-29,FLA @ CAR,9de33ce1013f2a3375dbded2c9fbc7d6,ags,yes,Matthew Tkachuk,,draftkings,185,,oddsapi
2026-09-29T02:04:21Z,2026-09-29,FLA @ CAR,9de33ce1013f2a3375dbded2c9fbc7d6,ags,yes,Sam Reinhart,,draftkings,195,,oddsapi
2026-09-29T02:04:21Z,2026-09-29,FLA @ CAR,9de33ce1013f2a3375dbded2c9fbc7d6,ags,yes,Andrei Svechnikov,,draftkings,195,,oddsapi
2026-09-29T02:04:21Z,2026-09-29,FLA @ CAR,9de33ce1013f2a3375dbded2c9fbc7d6,ags,yes,Nikolaj Ehlers,,draftkings,200,,oddsapi
2026-09-29T02:04:21Z,2026-09-29,FLA @ CAR,9de33ce1013f2a3375dbded2c9fbc7d6,ags,yes,Logan Stankoven,,draftkings,210,,oddsapi
2026-09-29T02:04:21Z,2026-09-29,FLA @ CAR,9de33ce1013f2a3375dbded2c9fbc7d6,ags,yes,Sebastian Aho,,draftkings,210,,oddsapi
2026-09-29T02:04:21Z,2026-09-29,FLA @ CAR,9de33ce1013f2a3375dbded2c9fbc7d6,ags,yes,Jackson Blake,,draftkings,245,,oddsapi
2026-09-29T02:04:21Z,2026-09-29,FLA @ CAR,9de33ce1013f2a3375dbded2c9fbc7d6,ags,yes,Aleksander Barkov,,draftkings,275,,oddsapi
2026-09-29T02:04:21Z,2026-09-29,FLA @ CAR,9de33ce1013f2a3375dbded2c9fbc7d6,ags,yes,Sam Bennett,,draftkings,275,,oddsapi
2026-09-29T02:04:21Z,2026-09-29,FLA @ CAR,9de33ce1013f2a3375dbded2c9fbc7d6,ags,yes,Jordan Staal,,draftkings,280,,oddsapi
2026-09-29T02:04:21Z,2026-09-29,FLA @ CAR,9de33ce1013f2a3375dbded2c9fbc7d6,ags,yes,Taylor Hall,,draftkings,290,,oddsapi
2026-09-29T02:04:21Z,2026-09-29,FLA @ CAR,9de33ce1013f2a3375dbded2c9fbc7d6,ags,yes,Anton Lundell,,draftkings,295,,oddsapi
2026-09-29T02:04:21Z,2026-09-29,FLA @ CAR,9de33ce1013f2a3375dbded2c9fbc7d6,ags,yes,Carter Verhaeghe,,draftkings,300,,oddsapi
2026-09-29T02:04:21Z,2026-09-29,FLA @ CAR,9de33ce1013f2a3375dbded2c9fbc7d6,ags,yes,Eric Robinson,,draftkings,400,,oddsapi
2026-09-29T02:04:21Z,2026-09-29,FLA @ CAR,9de33ce1013f2a3375dbded2c9fbc7d6,ags,yes,Shayne Gostisbehere,,draftkings,400,,oddsapi
2026-09-29T02:04:21Z,2026-09-29,FLA @ CAR,9de33ce1013f2a3375dbded2c9fbc7d6,ags,yes,Jordan Martinook,,draftkings,450,,oddsapi
2026-09-29T02:04:21Z,2026-09-29,FLA @ CAR,9de33ce1013f2a3375dbded2c9fbc7d6,ags,yes,Seth Jones,,draftkings,500,,oddsapi
2026-09-29T02:04:21Z,2026-09-29,FLA @ CAR,9de33ce1013f2a3375dbded2c9fbc7d6,ags,yes,Eetu Luostarinen,,draftkings,500,,oddsapi
2026-09-29T02:04:21Z,2026-09-29,FLA @ CAR,9de33ce1013f2a3375dbded2c9fbc7d6,ags,yes,Mark Jankowski,,draftkings,500,,oddsapi
2026-09-29T02:04:21Z,2026-09-29,FLA @ CAR,9de33ce1013f2a3375dbded2c9fbc7d6,ags,yes,Lars Eller,,draftkings,700,,oddsapi
2026-09-29T02:04:21Z,2026-09-29,FLA @ CAR,9de33ce1013f2a3375dbded2c9fbc7d6,ags,yes,K'Andre Miller,,draftkings,750,,oddsapi
2026-09-29T02:04:21Z,2026-09-29,FLA @ CAR,9de33ce1013f2a3375dbded2c9fbc7d6,ags,yes,Aaron Ekblad,,draftkings,800,,oddsapi
2026-09-29T02:04:21Z,2026-09-29,FLA @ CAR,9de33ce1013f2a3375dbded2c9fbc7d6,ags,yes,Sean Walker,,draftkings,850,,oddsapi
2026-09-29T02:04:21Z,2026-09-29,FLA @ CAR,9de33ce1013f2a3375dbded2c9fbc7d6,ags,yes,William Carrier,,draftkings,950,,oddsapi
2026-09-29T02:04:21Z,2026-09-29,FLA @ CAR,9de33ce1013f2a3375dbded2c9fbc7d6,ags,yes,Garnet Hathaway,,draftkings,1000,,oddsapi
2026-09-29T02:04:21Z,2026-09-29,FLA @ CAR,9de33ce1013f2a3375dbded2c9fbc7d6,ags,yes,Sandis Vilmanis,,draftkings,1000,,oddsapi
2026-09-29T02:04:21Z,2026-09-29,FLA @ CAR,9de33ce1013f2a3375dbded2c9fbc7d6,ags,yes,Nicolas Deslauriers,,draftkings,1100,,oddsapi
2026-09-29T02:04:21Z,2026-09-29,FLA @ CAR,9de33ce1013f2a3375dbded2c9fbc7d6,ags,yes,Jalen Chatfield,,draftkings,1100,,oddsapi
2026-09-29T02:04:21Z,2026-09-29,FLA @ CAR,9de33ce1013f2a3375dbded2c9fbc7d6,ags,yes,Niko Mikkola,,draftkings,1200,,oddsapi
2026-09-29T02:04:21Z,2026-09-29,FLA @ CAR,9de33ce1013f2a3375dbded2c9fbc7d6,ags,yes,Jaccob Slavin,,draftkings,1200,,oddsapi
2026-09-29T02:04:21Z,2026-09-29,FLA @ CAR,9de33ce1013f2a3375dbded2c9fbc7d6,ags,yes,Gustav Forsling,,draftkings,1300,,oddsapi
2026-09-29T02:04:21Z,2026-09-29,FLA @ CAR,9de33ce1013f2a3375dbded2c9fbc7d6,ags,yes,Bokondji Imama,,draftkings,1400,,oddsapi
2026-09-29T02:04:21Z,2026-09-29,FLA @ CAR,9de33ce1013f2a3375dbded2c9fbc7d6,ags,yes,Radko Gudas,,draftkings,1600,,oddsapi
2026-09-29T02:04:21Z,2026-09-29,FLA @ CAR,9de33ce1013f2a3375dbded2c9fbc7d6,ags,yes,Dmitry Kulikov,,draftkings,1700,,oddsapi
2026-09-29T02:04:21Z,2026-09-29,FLA @ CAR,9de33ce1013f2a3375dbded2c9fbc7d6,ags,yes,Mike Reilly,,draftkings,2000,,oddsapi
2026-09-29T02:04:21Z,2026-09-29,FLA @ CAR,9de33ce1013f2a3375dbded2c9fbc7d6,fgs,yes,Brady Tkachuk,,draftkings,1100,,oddsapi
2026-09-29T02:04:21Z,2026-09-29,FLA @ CAR,9de33ce1013f2a3375dbded2c9fbc7d6,fgs,yes,Sam Reinhart,,draftkings,1200,,oddsapi
2026-09-29T02:04:21Z,2026-09-29,FLA @ CAR,9de33ce1013f2a3375dbded2c9fbc7d6,fgs,yes,Andrei Svechnikov,,draftkings,1200,,oddsapi
2026-09-29T02:04:21Z,2026-09-29,FLA @ CAR,9de33ce1013f2a3375dbded2c9fbc7d6,fgs,yes,Matthew Tkachuk,,draftkings,1300,,oddsapi
2026-09-29T02:04:21Z,2026-09-29,FLA @ CAR,9de33ce1013f2a3375dbded2c9fbc7d6,fgs,yes,Sebastian Aho,,draftkings,1400,,oddsapi
2026-09-29T02:04:21Z,2026-09-29,FLA @ CAR,9de33ce1013f2a3375dbded2c9fbc7d6,fgs,yes,Logan Stankoven,,draftkings,1500,,oddsapi
2026-09-29T02:04:21Z,2026-09-29,FLA @ CAR,9de33ce1013f2a3375dbded2c9fbc7d6,fgs,yes,Nikolaj Ehlers,,draftkings,1600,,oddsapi
2026-09-29T02:04:21Z,2026-09-29,FLA @ CAR,9de33ce1013f2a3375dbded2c9fbc7d6,fgs,yes,Aleksander Barkov,,draftkings,1600,,oddsapi
2026-09-29T02:04:21Z,2026-09-29,FLA @ CAR,9de33ce1013f2a3375dbded2c9fbc7d6,fgs,yes,Jackson Blake,,draftkings,1700,,oddsapi
2026-09-29T02:04:21Z,2026-09-29,FLA @ CAR,9de33ce1013f2a3375dbded2c9fbc7d6,fgs,yes,Sam Bennett,,draftkings,1800,,oddsapi
2026-09-29T02:04:21Z,2026-09-29,FLA @ CAR,9de33ce1013f2a3375dbded2c9fbc7d6,fgs,yes,Anton Lundell,,draftkings,1900,,oddsapi
2026-09-29T02:04:21Z,2026-09-29,FLA @ CAR,9de33ce1013f2a3375dbded2c9fbc7d6,fgs,yes,Carter Verhaeghe,,draftkings,2000,,oddsapi
2026-09-29T02:04:21Z,2026-09-29,FLA @ CAR,9de33ce1013f2a3375dbded2c9fbc7d6,fgs,yes,Jordan Staal,,draftkings,2000,,oddsapi
2026-09-29T02:04:21Z,2026-09-29,FLA @ CAR,9de33ce1013f2a3375dbded2c9fbc7d6,fgs,yes,Taylor Hall,,draftkings,2000,,oddsapi
2026-09-29T02:04:21Z,2026-09-29,FLA @ CAR,9de33ce1013f2a3375dbded2c9fbc7d6,fgs,yes,Eric Robinson,,draftkings,2000,,oddsapi
2026-09-29T02:04:21Z,2026-09-29,FLA @ CAR,9de33ce1013f2a3375dbded2c9fbc7d6,fgs,yes,Shayne Gostisbehere,,draftkings,2800,,oddsapi
2026-09-29T02:04:21Z,2026-09-29,FLA @ CAR,9de33ce1013f2a3375dbded2c9fbc7d6,fgs,yes,Seth Jones,,draftkings,2800,,oddsapi
2026-09-29T02:04:21Z,2026-09-29,FLA @ CAR,9de33ce1013f2a3375dbded2c9fbc7d6,fgs,yes,Mark Jankowski,,draftkings,3000,,oddsapi
2026-09-29T02:04:21Z,2026-09-29,FLA @ CAR,9de33ce1013f2a3375dbded2c9fbc7d6,fgs,yes,Eetu Luostarinen,,draftkings,3000,,oddsapi
2026-09-29T02:04:21Z,2026-09-29,FLA @ CAR,9de33ce1013f2a3375dbded2c9fbc7d6,fgs,yes,Jordan Martinook,,draftkings,3000,,oddsapi
2026-09-29T02:04:21Z,2026-09-29,FLA @ CAR,9de33ce1013f2a3375dbded2c9fbc7d6,fgs,yes,Lars Eller,,draftkings,4000,,oddsapi
2026-09-29T02:04:21Z,2026-09-29,FLA @ CAR,9de33ce1013f2a3375dbded2c9fbc7d6,fgs,yes,Aaron Ekblad,,draftkings,4000,,oddsapi
2026-09-29T02:04:21Z,2026-09-29,FLA @ CAR,9de33ce1013f2a3375dbded2c9fbc7d6,fgs,yes,K'Andre Miller,,draftkings,4500,,oddsapi
2026-09-29T02:04:21Z,2026-09-29,FLA @ CAR,9de33ce1013f2a3375dbded2c9fbc7d6,fgs,yes,Sean Walker,,draftkings,5000,,oddsapi
2026-09-29T02:04:21Z,2026-09-29,FLA @ CAR,9de33ce1013f2a3375dbded2c9fbc7d6,fgs,yes,Garnet Hathaway,,draftkings,5500,,oddsapi
2026-09-29T02:04:21Z,2026-09-29,FLA @ CAR,9de33ce1013f2a3375dbded2c9fbc7d6,fgs,yes,Jalen Chatfield,,draftkings,5500,,oddsapi
2026-09-29T02:04:21Z,2026-09-29,FLA @ CAR,9de33ce1013f2a3375dbded2c9fbc7d6,fgs,yes,Sandis Vilmanis,,draftkings,5500,,oddsapi
2026-09-29T02:04:21Z,2026-09-29,FLA @ CAR,9de33ce1013f2a3375dbded2c9fbc7d6,fgs,yes,William Carrier,,draftkings,5500,,oddsapi
2026-09-29T02:04:21Z,2026-09-29,FLA @ CAR,9de33ce1013f2a3375dbded2c9fbc7d6,fgs,yes,Niko Mikkola,,draftkings,6000,,oddsapi
2026-09-29T02:04:21Z,2026-09-29,FLA @ CAR,9de33ce1013f2a3375dbded2c9fbc7d6,fgs,yes,Gustav Forsling,,draftkings,6000,,oddsapi
2026-09-29T02:04:21Z,2026-09-29,FLA @ CAR,9de33ce1013f2a3375dbded2c9fbc7d6,fgs,yes,Nicolas Deslauriers,,draftkings,6500,,oddsapi
2026-09-29T02:04:21Z,2026-09-29,FLA @ CAR,9de33ce1013f2a3375dbded2c9fbc7d6,fgs,yes,Bokondji Imama,,draftkings,6500,,oddsapi
2026-09-29T02:04:21Z,2026-09-29,FLA @ CAR,9de33ce1013f2a3375dbded2c9fbc7d6,fgs,yes,Jaccob Slavin,,draftkings,6500,,oddsapi
2026-09-29T02:04:21Z,2026-09-29,FLA @ CAR,9de33ce1013f2a3375dbded2c9fbc7d6,fgs,yes,Radko Gudas,,draftkings,8000,,oddsapi
2026-09-29T02:04:21Z,2026-09-29,FLA @ CAR,9de33ce1013f2a3375dbded2c9fbc7d6,fgs,yes,Dmitry Kulikov,,draftkings,8000,,oddsapi
2026-09-29T02:04:21Z,2026-09-29,FLA @ CAR,9de33ce1013f2a3375dbded2c9fbc7d6,fgs,yes,Mike Reilly,,draftkings,9000,,oddsapi
2026-09-29T02:04:21Z,2026-09-29,FLA @ CAR,9de33ce1013f2a3375dbded2c9fbc7d6,lgs,yes,Nikolaj Ehlers,,draftkings,1100,,oddsapi
2026-09-29T02:04:21Z,2026-09-29,FLA @ CAR,9de33ce1013f2a3375dbded2c9fbc7d6,lgs,yes,Andrei Svechnikov,,draftkings,1100,,oddsapi
2026-09-29T02:04:21Z,2026-09-29,FLA @ CAR,9de33ce1013f2a3375dbded2c9fbc7d6,lgs,yes,Brady Tkachuk,,draftkings,1100,,oddsapi
2026-09-29T02:04:21Z,2026-09-29,FLA @ CAR,9de33ce1013f2a3375dbded2c9fbc7d6,lgs,yes,Logan Stankoven,,draftkings,1200,,oddsapi
2026-09-29T02:04:21Z,2026-09-29,FLA @ CAR,9de33ce1013f2a3375dbded2c9fbc7d6,lgs,yes,Sebastian Aho,,draftkings,1200,,oddsapi
2026-09-29T02:04:21Z,2026-09-29,FLA @ CAR,9de33ce1013f2a3375dbded2c9fbc7d6,lgs,yes,Sam Reinhart,,draftkings,1200,,oddsapi
2026-09-29T02:04:21Z,2026-09-29,FLA @ CAR,9de33ce1013f2a3375dbded2c9fbc7d6,lgs,yes,Matthew Tkachuk,,draftkings,1200,,oddsapi
2026-09-29T02:04:21Z,2026-09-29,FLA @ CAR,9de33ce1013f2a3375dbded2c9fbc7d6,lgs,yes,Jackson Blake,,draftkings,1400,,oddsapi
2026-09-29T02:04:21Z,2026-09-29,FLA @ CAR,9de33ce1013f2a3375dbded2c9fbc7d6,lgs,yes,Carter Verhaeghe,,draftkings,1400,,oddsapi
2026-09-29T02:04:21Z,2026-09-29,FLA @ CAR,9de33ce1013f2a3375dbded2c9fbc7d6,lgs,yes,Sam Bennett,,draftkings,1400,,oddsapi
2026-09-29T02:04:21Z,2026-09-29,FLA @ CAR,9de33ce1013f2a3375dbded2c9fbc7d6,lgs,yes,Anton Lundell,,draftkings,1400,,oddsapi
2026-09-29T02:04:21Z,2026-09-29,FLA @ CAR,9de33ce1013f2a3375dbded2c9fbc7d6,lgs,yes,Taylor Hall,,draftkings,1500,,oddsapi
2026-09-29T02:04:21Z,2026-09-29,FLA @ CAR,9de33ce1013f2a3375dbded2c9fbc7d6,lgs,yes,Aleksander Barkov,,draftkings,1500,,oddsapi
2026-09-29T02:04:21Z,2026-09-29,FLA @ CAR,9de33ce1013f2a3375dbded2c9fbc7d6,lgs,yes,Jordan Staal,,draftkings,1600,,oddsapi
2026-09-29T02:04:21Z,2026-09-29,FLA @ CAR,9de33ce1013f2a3375dbded2c9fbc7d6,lgs,yes,Eric Robinson,,draftkings,1900,,oddsapi
2026-09-29T02:04:21Z,2026-09-29,FLA @ CAR,9de33ce1013f2a3375dbded2c9fbc7d6,lgs,yes,Jordan Martinook,,draftkings,2000,,oddsapi
2026-09-29T02:04:21Z,2026-09-29,FLA @ CAR,9de33ce1013f2a3375dbded2c9fbc7d6,lgs,yes,Shayne Gostisbehere,,draftkings,2000,,oddsapi
2026-09-29T02:04:21Z,2026-09-29,FLA @ CAR,9de33ce1013f2a3375dbded2c9fbc7d6,lgs,yes,Mark Jankowski,,draftkings,2200,,oddsapi
2026-09-29T02:04:21Z,2026-09-29,FLA @ CAR,9de33ce1013f2a3375dbded2c9fbc7d6,lgs,yes,Eetu Luostarinen,,draftkings,2200,,oddsapi
2026-09-29T02:04:21Z,2026-09-29,FLA @ CAR,9de33ce1013f2a3375dbded2c9fbc7d6,lgs,yes,Seth Jones,,draftkings,2500,,oddsapi
2026-09-29T02:04:21Z,2026-09-29,FLA @ CAR,9de33ce1013f2a3375dbded2c9fbc7d6,lgs,yes,Lars Eller,,draftkings,2800,,oddsapi
2026-09-29T02:04:21Z,2026-09-29,FLA @ CAR,9de33ce1013f2a3375dbded2c9fbc7d6,lgs,yes,K'Andre Miller,,draftkings,3000,,oddsapi
2026-09-29T02:04:21Z,2026-09-29,FLA @ CAR,9de33ce1013f2a3375dbded2c9fbc7d6,lgs,yes,Sean Walker,,draftkings,3500,,oddsapi
2026-09-29T02:04:21Z,2026-09-29,FLA @ CAR,9de33ce1013f2a3375dbded2c9fbc7d6,lgs,yes,William Carrier,,draftkings,3500,,oddsapi
2026-09-29T02:04:21Z,2026-09-29,FLA @ CAR,9de33ce1013f2a3375dbded2c9fbc7d6,lgs,yes,Aaron Ekblad,,draftkings,3500,,oddsapi
2026-09-29T02:04:21Z,2026-09-29,FLA @ CAR,9de33ce1013f2a3375dbded2c9fbc7d6,lgs,yes,Garnet Hathaway,,draftkings,3500,,oddsapi
2026-09-29T02:04:21Z,2026-09-29,FLA @ CAR,9de33ce1013f2a3375dbded2c9fbc7d6,lgs,yes,Sandis Vilmanis,,draftkings,3500,,oddsapi
2026-09-29T02:04:21Z,2026-09-29,FLA @ CAR,9de33ce1013f2a3375dbded2c9fbc7d6,lgs,yes,Nicolas Deslauriers,,draftkings,4000,,oddsapi
2026-09-29T02:04:21Z,2026-09-29,FLA @ CAR,9de33ce1013f2a3375dbded2c9fbc7d6,lgs,yes,Gustav Forsling,,draftkings,4000,,oddsapi
2026-09-29T02:04:21Z,2026-09-29,FLA @ CAR,9de33ce1013f2a3375dbded2c9fbc7d6,lgs,yes,Jaccob Slavin,,draftkings,4500,,oddsapi
2026-09-29T02:04:21Z,2026-09-29,FLA @ CAR,9de33ce1013f2a3375dbded2c9fbc7d6,lgs,yes,Jalen Chatfield,,draftkings,4500,,oddsapi
2026-09-29T02:04:21Z,2026-09-29,FLA @ CAR,9de33ce1013f2a3375dbded2c9fbc7d6,lgs,yes,Niko Mikkola,,draftkings,4500,,oddsapi
2026-09-29T02:04:21Z,2026-09-29,FLA @ CAR,9de33ce1013f2a3375dbded2c9fbc7d6,lgs,yes,Bokondji Imama,,draftkings,5000,,oddsapi
2026-09-29T02:04:21Z,2026-09-29,FLA @ CAR,9de33ce1013f2a3375dbded2c9fbc7d6,lgs,yes,Radko Gudas,,draftkings,5000,,oddsapi
2026-09-29T02:04:21Z,2026-09-29,FLA @ CAR,9de33ce1013f2a3375dbded2c9fbc7d6,lgs,yes,Dmitry Kulikov,,draftkings,5500,,oddsapi
2026-09-29T02:04:21Z,2026-09-29,FLA @ CAR,9de33ce1013f2a3375dbded2c9fbc7d6,lgs,yes,Mike Reilly,,draftkings,6500,,oddsapi
2026-09-29T02:04:21Z,2026-09-29,FLA @ CAR,9de33ce1013f2a3375dbded2c9fbc7d6,p1_pl,CAR,,-0.5,draftkings,170,-220,oddsapi
2026-09-29T02:04:21Z,2026-09-29,FLA @ CAR,9de33ce1013f2a3375dbded2c9fbc7d6,p1_pl,FLA,,0.5,draftkings,-220,170,oddsapi
2026-09-29T02:04:21Z,2026-09-29,FLA @ CAR,9de33ce1013f2a3375dbded2c9fbc7d6,p2_pl,CAR,,-0.5,draftkings,154,-200,oddsapi
2026-09-29T02:04:21Z,2026-09-29,FLA @ CAR,9de33ce1013f2a3375dbded2c9fbc7d6,p2_pl,FLA,,0.5,draftkings,-200,154,oddsapi
2026-09-29T02:04:21Z,2026-09-29,FLA @ CAR,9de33ce1013f2a3375dbded2c9fbc7d6,p1_team_total,over,CAR,0.5,draftkings,-180,140,oddsapi
2026-09-29T02:04:21Z,2026-09-29,FLA @ CAR,9de33ce1013f2a3375dbded2c9fbc7d6,p1_team_total,under,CAR,0.5,draftkings,140,-180,oddsapi
2026-09-29T02:04:21Z,2026-09-29,FLA @ CAR,9de33ce1013f2a3375dbded2c9fbc7d6,p1_team_total,over,FLA,0.5,draftkings,-170,130,oddsapi
2026-09-29T02:04:21Z,2026-09-29,FLA @ CAR,9de33ce1013f2a3375dbded2c9fbc7d6,p1_team_total,under,FLA,0.5,draftkings,130,-170,oddsapi
2026-09-29T02:04:21Z,2026-09-29,FLA @ CAR,9de33ce1013f2a3375dbded2c9fbc7d6,p1_total,over,,1.5,draftkings,-140,110,oddsapi
2026-09-29T02:04:21Z,2026-09-29,FLA @ CAR,9de33ce1013f2a3375dbded2c9fbc7d6,p1_total,under,,1.5,draftkings,110,-140,oddsapi
2026-09-29T02:04:21Z,2026-09-29,FLA @ CAR,9de33ce1013f2a3375dbded2c9fbc7d6,p2_total,over,,1.5,draftkings,-180,140,oddsapi
2026-09-29T02:04:21Z,2026-09-29,FLA @ CAR,9de33ce1013f2a3375dbded2c9fbc7d6,p2_total,under,,1.5,draftkings,140,-180,oddsapi
2026-09-29T02:04:21Z,2026-09-29,FLA @ CAR,9de33ce1013f2a3375dbded2c9fbc7d6,game_ml3,CAR,,,williamhill_us,110,,oddsapi
2026-09-29T02:04:21Z,2026-09-29,FLA @ CAR,9de33ce1013f2a3375dbded2c9fbc7d6,game_ml3,FLA,,,williamhill_us,148,,oddsapi
2026-09-29T02:04:21Z,2026-09-29,FLA @ CAR,9de33ce1013f2a3375dbded2c9fbc7d6,game_ml3,draw,,,williamhill_us,275,,oddsapi
2026-09-29T02:04:21Z,2026-09-29,FLA @ CAR,9de33ce1013f2a3375dbded2c9fbc7d6,p1_ml3,CAR,,,williamhill_us,162,,oddsapi
2026-09-29T02:04:21Z,2026-09-29,FLA @ CAR,9de33ce1013f2a3375dbded2c9fbc7d6,p1_ml3,FLA,,,williamhill_us,184,,oddsapi
2026-09-29T02:04:21Z,2026-09-29,FLA @ CAR,9de33ce1013f2a3375dbded2c9fbc7d6,p1_ml3,draw,,,williamhill_us,151,,oddsapi
2026-09-29T02:04:21Z,2026-09-29,FLA @ CAR,9de33ce1013f2a3375dbded2c9fbc7d6,ags,yes,Brady Tkachuk,,williamhill_us,170,,oddsapi
2026-09-29T02:04:21Z,2026-09-29,FLA @ CAR,9de33ce1013f2a3375dbded2c9fbc7d6,ags,yes,Matthew Tkachuk,,williamhill_us,181,,oddsapi
2026-09-29T02:04:21Z,2026-09-29,FLA @ CAR,9de33ce1013f2a3375dbded2c9fbc7d6,ags,yes,Andrei Svechnikov,,williamhill_us,190,,oddsapi
2026-09-29T02:04:21Z,2026-09-29,FLA @ CAR,9de33ce1013f2a3375dbded2c9fbc7d6,ags,yes,Sam Reinhart,,williamhill_us,194,,oddsapi
2026-09-29T02:04:21Z,2026-09-29,FLA @ CAR,9de33ce1013f2a3375dbded2c9fbc7d6,ags,yes,Logan Stankoven,,williamhill_us,205,,oddsapi
2026-09-29T02:04:21Z,2026-09-29,FLA @ CAR,9de33ce1013f2a3375dbded2c9fbc7d6,ags,yes,Nikolaj Ehlers,,williamhill_us,210,,oddsapi
2026-09-29T02:04:21Z,2026-09-29,FLA @ CAR,9de33ce1013f2a3375dbded2c9fbc7d6,ags,yes,Sebastian Aho,,williamhill_us,210,,oddsapi
2026-09-29T02:04:21Z,2026-09-29,FLA @ CAR,9de33ce1013f2a3375dbded2c9fbc7d6,ags,yes,Jackson Blake,,williamhill_us,235,,oddsapi
2026-09-29T02:04:21Z,2026-09-29,FLA @ CAR,9de33ce1013f2a3375dbded2c9fbc7d6,ags,yes,Sam Bennett,,williamhill_us,250,,oddsapi
2026-09-29T02:04:21Z,2026-09-29,FLA @ CAR,9de33ce1013f2a3375dbded2c9fbc7d6,ags,yes,Aleksander Barkov,,williamhill_us,255,,oddsapi
2026-09-29T02:04:21Z,2026-09-29,FLA @ CAR,9de33ce1013f2a3375dbded2c9fbc7d6,ags,yes,Jordan Staal,,williamhill_us,275,,oddsapi
2026-09-29T02:04:21Z,2026-09-29,FLA @ CAR,9de33ce1013f2a3375dbded2c9fbc7d6,ags,yes,Carter Verhaeghe,,williamhill_us,280,,oddsapi
2026-09-29T02:04:21Z,2026-09-29,FLA @ CAR,9de33ce1013f2a3375dbded2c9fbc7d6,ags,yes,Anton Lundell,,williamhill_us,290,,oddsapi
2026-09-29T02:04:21Z,2026-09-29,FLA @ CAR,9de33ce1013f2a3375dbded2c9fbc7d6,ags,yes,Taylor Hall,,williamhill_us,290,,oddsapi
2026-09-29T02:04:21Z,2026-09-29,FLA @ CAR,9de33ce1013f2a3375dbded2c9fbc7d6,ags,yes,Eric Robinson,,williamhill_us,390,,oddsapi
2026-09-29T02:04:21Z,2026-09-29,FLA @ CAR,9de33ce1013f2a3375dbded2c9fbc7d6,ags,yes,Shayne Gostisbehere,,williamhill_us,400,,oddsapi
2026-09-29T02:04:21Z,2026-09-29,FLA @ CAR,9de33ce1013f2a3375dbded2c9fbc7d6,ags,yes,Jordan Martinook,,williamhill_us,425,,oddsapi
2026-09-29T02:04:21Z,2026-09-29,FLA @ CAR,9de33ce1013f2a3375dbded2c9fbc7d6,ags,yes,Eetu Luostarinen,,williamhill_us,475,,oddsapi
2026-09-29T02:04:21Z,2026-09-29,FLA @ CAR,9de33ce1013f2a3375dbded2c9fbc7d6,ags,yes,Mark Jankowski,,williamhill_us,525,,oddsapi
2026-09-29T02:04:21Z,2026-09-29,FLA @ CAR,9de33ce1013f2a3375dbded2c9fbc7d6,ags,yes,Seth Jones,,williamhill_us,550,,oddsapi
2026-09-29T02:04:21Z,2026-09-29,FLA @ CAR,9de33ce1013f2a3375dbded2c9fbc7d6,ags,yes,K'Andre Miller,,williamhill_us,700,,oddsapi
2026-09-29T02:04:21Z,2026-09-29,FLA @ CAR,9de33ce1013f2a3375dbded2c9fbc7d6,ags,yes,Lars Eller,,williamhill_us,750,,oddsapi
2026-09-29T02:04:21Z,2026-09-29,FLA @ CAR,9de33ce1013f2a3375dbded2c9fbc7d6,ags,yes,Aaron Ekblad,,williamhill_us,750,,oddsapi
2026-09-29T02:04:21Z,2026-09-29,FLA @ CAR,9de33ce1013f2a3375dbded2c9fbc7d6,ags,yes,William Carrier,,williamhill_us,850,,oddsapi
2026-09-29T02:04:21Z,2026-09-29,FLA @ CAR,9de33ce1013f2a3375dbded2c9fbc7d6,ags,yes,Sean Walker,,williamhill_us,850,,oddsapi
2026-09-29T02:04:21Z,2026-09-29,FLA @ CAR,9de33ce1013f2a3375dbded2c9fbc7d6,ags,yes,Sandis Vilmanis,,williamhill_us,950,,oddsapi
2026-09-29T02:04:21Z,2026-09-29,FLA @ CAR,9de33ce1013f2a3375dbded2c9fbc7d6,ags,yes,Garnet Hathaway,,williamhill_us,950,,oddsapi
2026-09-29T02:04:21Z,2026-09-29,FLA @ CAR,9de33ce1013f2a3375dbded2c9fbc7d6,ags,yes,Jalen Chatfield,,williamhill_us,1000,,oddsapi
2026-09-29T02:04:21Z,2026-09-29,FLA @ CAR,9de33ce1013f2a3375dbded2c9fbc7d6,ags,yes,Nicolas Deslauriers,,williamhill_us,1000,,oddsapi
2026-09-29T02:04:21Z,2026-09-29,FLA @ CAR,9de33ce1013f2a3375dbded2c9fbc7d6,ags,yes,Gustav Forsling,,williamhill_us,1100,,oddsapi
2026-09-29T02:04:21Z,2026-09-29,FLA @ CAR,9de33ce1013f2a3375dbded2c9fbc7d6,ags,yes,Jaccob Slavin,,williamhill_us,1100,,oddsapi
2026-09-29T02:04:21Z,2026-09-29,FLA @ CAR,9de33ce1013f2a3375dbded2c9fbc7d6,ags,yes,Niko Mikkola,,williamhill_us,1100,,oddsapi
2026-09-29T02:04:21Z,2026-09-29,FLA @ CAR,9de33ce1013f2a3375dbded2c9fbc7d6,ags,yes,Bokondji Imama,,williamhill_us,1300,,oddsapi
2026-09-29T02:04:21Z,2026-09-29,FLA @ CAR,9de33ce1013f2a3375dbded2c9fbc7d6,ags,yes,Radko Gudas,,williamhill_us,1500,,oddsapi
2026-09-29T02:04:21Z,2026-09-29,FLA @ CAR,9de33ce1013f2a3375dbded2c9fbc7d6,ags,yes,Dmitry Kulikov,,williamhill_us,1700,,oddsapi
2026-09-29T02:04:21Z,2026-09-29,FLA @ CAR,9de33ce1013f2a3375dbded2c9fbc7d6,ags,yes,Mike Reilly,,williamhill_us,1800,,oddsapi
2026-09-29T02:04:21Z,2026-09-29,FLA @ CAR,9de33ce1013f2a3375dbded2c9fbc7d6,fgs,yes,Brady Tkachuk,,williamhill_us,1100,,oddsapi
2026-09-29T02:04:21Z,2026-09-29,FLA @ CAR,9de33ce1013f2a3375dbded2c9fbc7d6,fgs,yes,Andrei Svechnikov,,williamhill_us,1200,,oddsapi
2026-09-29T02:04:21Z,2026-09-29,FLA @ CAR,9de33ce1013f2a3375dbded2c9fbc7d6,fgs,yes,Sam Reinhart,,williamhill_us,1200,,oddsapi
2026-09-29T02:04:21Z,2026-09-29,FLA @ CAR,9de33ce1013f2a3375dbded2c9fbc7d6,fgs,yes,Matthew Tkachuk,,williamhill_us,1300,,oddsapi
2026-09-29T02:04:21Z,2026-09-29,FLA @ CAR,9de33ce1013f2a3375dbded2c9fbc7d6,fgs,yes,Logan Stankoven,,williamhill_us,1300,,oddsapi
2026-09-29T02:04:21Z,2026-09-29,FLA @ CAR,9de33ce1013f2a3375dbded2c9fbc7d6,fgs,yes,Sebastian Aho,,williamhill_us,1300,,oddsapi
2026-09-29T02:04:21Z,2026-09-29,FLA @ CAR,9de33ce1013f2a3375dbded2c9fbc7d6,fgs,yes,Aleksander Barkov,,williamhill_us,1500,,oddsapi
2026-09-29T02:04:21Z,2026-09-29,FLA @ CAR,9de33ce1013f2a3375dbded2c9fbc7d6,fgs,yes,Jackson Blake,,williamhill_us,1500,,oddsapi
2026-09-29T02:04:21Z,2026-09-29,FLA @ CAR,9de33ce1013f2a3375dbded2c9fbc7d6,fgs,yes,Nikolaj Ehlers,,williamhill_us,1500,,oddsapi
2026-09-29T02:04:21Z,2026-09-29,FLA @ CAR,9de33ce1013f2a3375dbded2c9fbc7d6,fgs,yes,Sam Bennett,,williamhill_us,1600,,oddsapi
2026-09-29T02:04:21Z,2026-09-29,FLA @ CAR,9de33ce1013f2a3375dbded2c9fbc7d6,fgs,yes,Carter Verhaeghe,,williamhill_us,1800,,oddsapi
2026-09-29T02:04:21Z,2026-09-29,FLA @ CAR,9de33ce1013f2a3375dbded2c9fbc7d6,fgs,yes,Taylor Hall,,williamhill_us,1800,,oddsapi
2026-09-29T02:04:21Z,2026-09-29,FLA @ CAR,9de33ce1013f2a3375dbded2c9fbc7d6,fgs,yes,Jordan Staal,,williamhill_us,2000,,oddsapi
2026-09-29T02:04:21Z,2026-09-29,FLA @ CAR,9de33ce1013f2a3375dbded2c9fbc7d6,fgs,yes,Anton Lundell,,williamhill_us,2000,,oddsapi
2026-09-29T02:04:21Z,2026-09-29,FLA @ CAR,9de33ce1013f2a3375dbded2c9fbc7d6,fgs,yes,Eric Robinson,,williamhill_us,2200,,oddsapi
2026-09-29T02:04:21Z,2026-09-29,FLA @ CAR,9de33ce1013f2a3375dbded2c9fbc7d6,fgs,yes,Jordan Martinook,,williamhill_us,2600,,oddsapi
2026-09-29T02:04:21Z,2026-09-29,FLA @ CAR,9de33ce1013f2a3375dbded2c9fbc7d6,fgs,yes,Eetu Luostarinen,,williamhill_us,2800,,oddsapi
2026-09-29T02:04:21Z,2026-09-29,FLA @ CAR,9de33ce1013f2a3375dbded2c9fbc7d6,fgs,yes,Shayne Gostisbehere,,williamhill_us,2900,,oddsapi
2026-09-29T02:04:21Z,2026-09-29,FLA @ CAR,9de33ce1013f2a3375dbded2c9fbc7d6,fgs,yes,Mark Jankowski,,williamhill_us,3300,,oddsapi
2026-09-29T02:04:21Z,2026-09-29,FLA @ CAR,9de33ce1013f2a3375dbded2c9fbc7d6,fgs,yes,Seth Jones,,williamhill_us,3300,,oddsapi
2026-09-29T02:04:21Z,2026-09-29,FLA @ CAR,9de33ce1013f2a3375dbded2c9fbc7d6,fgs,yes,K'Andre Miller,,williamhill_us,4000,,oddsapi
2026-09-29T02:04:21Z,2026-09-29,FLA @ CAR,9de33ce1013f2a3375dbded2c9fbc7d6,fgs,yes,Sean Walker,,williamhill_us,4500,,oddsapi
2026-09-29T02:04:21Z,2026-09-29,FLA @ CAR,9de33ce1013f2a3375dbded2c9fbc7d6,fgs,yes,Lars Eller,,williamhill_us,4500,,oddsapi
2026-09-29T02:04:21Z,2026-09-29,FLA @ CAR,9de33ce1013f2a3375dbded2c9fbc7d6,fgs,yes,Aaron Ekblad,,williamhill_us,4500,,oddsapi
2026-09-29T02:04:21Z,2026-09-29,FLA @ CAR,9de33ce1013f2a3375dbded2c9fbc7d6,fgs,yes,Sandis Vilmanis,,williamhill_us,5000,,oddsapi
2026-09-29T02:04:21Z,2026-09-29,FLA @ CAR,9de33ce1013f2a3375dbded2c9fbc7d6,fgs,yes,Jalen Chatfield,,williamhill_us,5500,,oddsapi
2026-09-29T02:04:21Z,2026-09-29,FLA @ CAR,9de33ce1013f2a3375dbded2c9fbc7d6,fgs,yes,William Carrier,,williamhill_us,5500,,oddsapi
2026-09-29T02:04:21Z,2026-09-29,FLA @ CAR,9de33ce1013f2a3375dbded2c9fbc7d6,fgs,yes,Niko Mikkola,,williamhill_us,5500,,oddsapi
2026-09-29T02:04:21Z,2026-09-29,FLA @ CAR,9de33ce1013f2a3375dbded2c9fbc7d6,fgs,yes,Gustav Forsling,,williamhill_us,5500,,oddsapi
2026-09-29T02:04:21Z,2026-09-29,FLA @ CAR,9de33ce1013f2a3375dbded2c9fbc7d6,fgs,yes,Nicolas Deslauriers,,williamhill_us,5500,,oddsapi
2026-09-29T02:04:21Z,2026-09-29,FLA @ CAR,9de33ce1013f2a3375dbded2c9fbc7d6,fgs,yes,Garnet Hathaway,,williamhill_us,5500,,oddsapi
2026-09-29T02:04:21Z,2026-09-29,FLA @ CAR,9de33ce1013f2a3375dbded2c9fbc7d6,fgs,yes,Jaccob Slavin,,williamhill_us,6600,,oddsapi
2026-09-29T02:04:21Z,2026-09-29,FLA @ CAR,9de33ce1013f2a3375dbded2c9fbc7d6,fgs,yes,Bokondji Imama,,williamhill_us,6600,,oddsapi
2026-09-29T02:04:21Z,2026-09-29,FLA @ CAR,9de33ce1013f2a3375dbded2c9fbc7d6,lgs,yes,Nikolaj Ehlers,,williamhill_us,1100,,oddsapi
2026-09-29T02:04:21Z,2026-09-29,FLA @ CAR,9de33ce1013f2a3375dbded2c9fbc7d6,lgs,yes,Carter Verhaeghe,,williamhill_us,1400,,oddsapi
2026-09-29T02:04:21Z,2026-09-29,FLA @ CAR,9de33ce1013f2a3375dbded2c9fbc7d6,lgs,yes,Taylor Hall,,williamhill_us,1500,,oddsapi
2026-09-29T02:04:21Z,2026-09-29,FLA @ CAR,9de33ce1013f2a3375dbded2c9fbc7d6,lgs,yes,Eric Robinson,,williamhill_us,2000,,oddsapi
2026-09-29T02:04:21Z,2026-09-29,FLA @ CAR,9de33ce1013f2a3375dbded2c9fbc7d6,lgs,yes,Shayne Gostisbehere,,williamhill_us,2200,,oddsapi
2026-09-29T02:04:21Z,2026-09-29,FLA @ CAR,9de33ce1013f2a3375dbded2c9fbc7d6,lgs,yes,Eetu Luostarinen,,williamhill_us,2300,,oddsapi
2026-09-29T02:04:21Z,2026-09-29,FLA @ CAR,9de33ce1013f2a3375dbded2c9fbc7d6,lgs,yes,Mark Jankowski,,williamhill_us,2500,,oddsapi
2026-09-29T02:04:21Z,2026-09-29,FLA @ CAR,9de33ce1013f2a3375dbded2c9fbc7d6,lgs,yes,Seth Jones,,williamhill_us,2700,,oddsapi
2026-09-29T02:04:21Z,2026-09-29,FLA @ CAR,9de33ce1013f2a3375dbded2c9fbc7d6,lgs,yes,K'Andre Miller,,williamhill_us,3300,,oddsapi
2026-09-29T02:04:21Z,2026-09-29,FLA @ CAR,9de33ce1013f2a3375dbded2c9fbc7d6,lgs,yes,Sandis Vilmanis,,williamhill_us,3500,,oddsapi
2026-09-29T02:04:21Z,2026-09-29,FLA @ CAR,9de33ce1013f2a3375dbded2c9fbc7d6,lgs,yes,Sean Walker,,williamhill_us,3500,,oddsapi
2026-09-29T02:04:21Z,2026-09-29,FLA @ CAR,9de33ce1013f2a3375dbded2c9fbc7d6,lgs,yes,Gustav Forsling,,williamhill_us,4000,,oddsapi
2026-09-29T02:04:21Z,2026-09-29,FLA @ CAR,9de33ce1013f2a3375dbded2c9fbc7d6,sk_sog,over,Brady Tkachuk,2.5,williamhill_us,-112,-120,oddsapi
2026-09-29T02:04:21Z,2026-09-29,FLA @ CAR,9de33ce1013f2a3375dbded2c9fbc7d6,sk_sog,under,Brady Tkachuk,2.5,williamhill_us,-120,-112,oddsapi
2026-09-29T02:04:21Z,2026-09-29,FLA @ CAR,9de33ce1013f2a3375dbded2c9fbc7d6,sk_sog,over,Jordan Staal,1.5,williamhill_us,-127,-105,oddsapi
2026-09-29T02:04:21Z,2026-09-29,FLA @ CAR,9de33ce1013f2a3375dbded2c9fbc7d6,sk_sog,under,Jordan Staal,1.5,williamhill_us,-105,-127,oddsapi
2026-09-29T02:04:21Z,2026-09-29,FLA @ CAR,9de33ce1013f2a3375dbded2c9fbc7d6,sk_sog,over,Shayne Gostisbehere,1.5,williamhill_us,-125,-106,oddsapi
2026-09-29T02:04:21Z,2026-09-29,FLA @ CAR,9de33ce1013f2a3375dbded2c9fbc7d6,sk_sog,under,Shayne Gostisbehere,1.5,williamhill_us,-106,-125,oddsapi
2026-09-29T02:04:21Z,2026-09-29,FLA @ CAR,9de33ce1013f2a3375dbded2c9fbc7d6,sk_sog,over,Jackson Blake,2.5,williamhill_us,122,-164,oddsapi
2026-09-29T02:04:21Z,2026-09-29,FLA @ CAR,9de33ce1013f2a3375dbded2c9fbc7d6,sk_sog,under,Jackson Blake,2.5,williamhill_us,-164,122,oddsapi
2026-09-29T02:04:21Z,2026-09-29,FLA @ CAR,9de33ce1013f2a3375dbded2c9fbc7d6,sk_sog,over,Seth Jones,1.5,williamhill_us,-137,103,oddsapi
2026-09-29T02:04:21Z,2026-09-29,FLA @ CAR,9de33ce1013f2a3375dbded2c9fbc7d6,sk_sog,under,Seth Jones,1.5,williamhill_us,103,-137,oddsapi
2026-09-29T02:04:21Z,2026-09-29,FLA @ CAR,9de33ce1013f2a3375dbded2c9fbc7d6,sk_sog,over,Logan Stankoven,1.5,williamhill_us,-159,119,oddsapi
2026-09-29T02:04:21Z,2026-09-29,FLA @ CAR,9de33ce1013f2a3375dbded2c9fbc7d6,sk_sog,under,Logan Stankoven,1.5,williamhill_us,119,-159,oddsapi
2026-09-29T02:04:21Z,2026-09-29,FLA @ CAR,9de33ce1013f2a3375dbded2c9fbc7d6,sk_sog,over,Andrei Svechnikov,2.5,williamhill_us,113,-150,oddsapi
2026-09-29T02:04:21Z,2026-09-29,FLA @ CAR,9de33ce1013f2a3375dbded2c9fbc7d6,sk_sog,under,Andrei Svechnikov,2.5,williamhill_us,-150,113,oddsapi
2026-09-29T02:04:21Z,2026-09-29,FLA @ CAR,9de33ce1013f2a3375dbded2c9fbc7d6,sk_sog,over,Sebastian Aho,2.5,williamhill_us,140,-190,oddsapi
2026-09-29T02:04:21Z,2026-09-29,FLA @ CAR,9de33ce1013f2a3375dbded2c9fbc7d6,sk_sog,under,Sebastian Aho,2.5,williamhill_us,-190,140,oddsapi
2026-09-29T02:04:21Z,2026-09-29,FLA @ CAR,9de33ce1013f2a3375dbded2c9fbc7d6,sk_sog,over,Sam Bennett,2.5,williamhill_us,143,-193,oddsapi
2026-09-29T02:04:21Z,2026-09-29,FLA @ CAR,9de33ce1013f2a3375dbded2c9fbc7d6,sk_sog,under,Sam Bennett,2.5,williamhill_us,-193,143,oddsapi
2026-09-29T02:04:21Z,2026-09-29,FLA @ CAR,9de33ce1013f2a3375dbded2c9fbc7d6,sk_sog,over,Sam Reinhart,1.5,williamhill_us,-190,139,oddsapi
2026-09-29T02:04:21Z,2026-09-29,FLA @ CAR,9de33ce1013f2a3375dbded2c9fbc7d6,sk_sog,under,Sam Reinhart,1.5,williamhill_us,139,-190,oddsapi
2026-09-29T02:04:21Z,2026-09-29,FLA @ CAR,9de33ce1013f2a3375dbded2c9fbc7d6,sk_sog,over,Taylor Hall,1.5,williamhill_us,-129,-104,oddsapi
2026-09-29T02:04:21Z,2026-09-29,FLA @ CAR,9de33ce1013f2a3375dbded2c9fbc7d6,sk_sog,under,Taylor Hall,1.5,williamhill_us,-104,-129,oddsapi
2026-09-29T02:04:21Z,2026-09-29,FLA @ CAR,9de33ce1013f2a3375dbded2c9fbc7d6,team_total,over,CAR,3.5,williamhill_us,112,-154,oddsapi
2026-09-29T02:04:21Z,2026-09-29,FLA @ CAR,9de33ce1013f2a3375dbded2c9fbc7d6,team_total,under,CAR,3.5,williamhill_us,-154,112,oddsapi
2026-09-29T02:04:21Z,2026-09-29,FLA @ CAR,9de33ce1013f2a3375dbded2c9fbc7d6,team_total,over,FLA,3.5,williamhill_us,141,-197,oddsapi
2026-09-29T02:04:21Z,2026-09-29,FLA @ CAR,9de33ce1013f2a3375dbded2c9fbc7d6,team_total,under,FLA,3.5,williamhill_us,-197,141,oddsapi
2026-09-29T02:04:21Z,2026-09-29,FLA @ CAR,9de33ce1013f2a3375dbded2c9fbc7d6,game_ml3,CAR,,,fanduel,120,,oddsapi
2026-09-29T02:04:21Z,2026-09-29,FLA @ CAR,9de33ce1013f2a3375dbded2c9fbc7d6,game_ml3,FLA,,,fanduel,165,,oddsapi
2026-09-29T02:04:21Z,2026-09-29,FLA @ CAR,9de33ce1013f2a3375dbded2c9fbc7d6,game_ml3,draw,,,fanduel,330,,oddsapi
2026-09-29T02:04:21Z,2026-09-29,FLA @ CAR,9de33ce1013f2a3375dbded2c9fbc7d6,ags,yes,Brady Tkachuk,,fanduel,175,,oddsapi
2026-09-29T02:04:21Z,2026-09-29,FLA @ CAR,9de33ce1013f2a3375dbded2c9fbc7d6,ags,yes,Andrei Svechnikov,,fanduel,180,,oddsapi
2026-09-29T02:04:21Z,2026-09-29,FLA @ CAR,9de33ce1013f2a3375dbded2c9fbc7d6,ags,yes,Sam Reinhart,,fanduel,200,,oddsapi
2026-09-29T02:04:21Z,2026-09-29,FLA @ CAR,9de33ce1013f2a3375dbded2c9fbc7d6,ags,yes,Matthew Tkachuk,,fanduel,200,,oddsapi
2026-09-29T02:04:21Z,2026-09-29,FLA @ CAR,9de33ce1013f2a3375dbded2c9fbc7d6,ags,yes,Sebastian Aho,,fanduel,200,,oddsapi
2026-09-29T02:04:21Z,2026-09-29,FLA @ CAR,9de33ce1013f2a3375dbded2c9fbc7d6,ags,yes,Logan Stankoven,,fanduel,230,,oddsapi
2026-09-29T02:04:21Z,2026-09-29,FLA @ CAR,9de33ce1013f2a3375dbded2c9fbc7d6,ags,yes,Jackson Blake,,fanduel,230,,oddsapi
2026-09-29T02:04:21Z,2026-09-29,FLA @ CAR,9de33ce1013f2a3375dbded2c9fbc7d6,ags,yes,Nikolaj Ehlers,,fanduel,240,,oddsapi
2026-09-29T02:04:21Z,2026-09-29,FLA @ CAR,9de33ce1013f2a3375dbded2c9fbc7d6,ags,yes,Sam Bennett,,fanduel,250,,oddsapi
2026-09-29T02:04:21Z,2026-09-29,FLA @ CAR,9de33ce1013f2a3375dbded2c9fbc7d6,ags,yes,Aleksander Barkov,,fanduel,270,,oddsapi
2026-09-29T02:04:21Z,2026-09-29,FLA @ CAR,9de33ce1013f2a3375dbded2c9fbc7d6,ags,yes,Taylor Hall,,fanduel,280,,oddsapi
2026-09-29T02:04:21Z,2026-09-29,FLA @ CAR,9de33ce1013f2a3375dbded2c9fbc7d6,ags,yes,Carter Verhaeghe,,fanduel,290,,oddsapi
2026-09-29T02:04:21Z,2026-09-29,FLA @ CAR,9de33ce1013f2a3375dbded2c9fbc7d6,ags,yes,Jordan Staal,,fanduel,300,,oddsapi
2026-09-29T02:04:21Z,2026-09-29,FLA @ CAR,9de33ce1013f2a3375dbded2c9fbc7d6,ags,yes,Anton Lundell,,fanduel,400,,oddsapi
2026-09-29T02:04:21Z,2026-09-29,FLA @ CAR,9de33ce1013f2a3375dbded2c9fbc7d6,ags,yes,Eric Robinson,,fanduel,420,,oddsapi
2026-09-29T02:04:21Z,2026-09-29,FLA @ CAR,9de33ce1013f2a3375dbded2c9fbc7d6,ags,yes,Jordan Martinook,,fanduel,420,,oddsapi
2026-09-29T02:04:21Z,2026-09-29,FLA @ CAR,9de33ce1013f2a3375dbded2c9fbc7d6,ags,yes,Eetu Luostarinen,,fanduel,480,,oddsapi
2026-09-29T02:04:21Z,2026-09-29,FLA @ CAR,9de33ce1013f2a3375dbded2c9fbc7d6,ags,yes,Shayne Gostisbehere,,fanduel,575,,oddsapi
2026-09-29T02:04:21Z,2026-09-29,FLA @ CAR,9de33ce1013f2a3375dbded2c9fbc7d6,ags,yes,Seth Jones,,fanduel,650,,oddsapi
2026-09-29T02:04:21Z,2026-09-29,FLA @ CAR,9de33ce1013f2a3375dbded2c9fbc7d6,ags,yes,Mark Jankowski,,fanduel,725,,oddsapi
2026-09-29T02:04:21Z,2026-09-29,FLA @ CAR,9de33ce1013f2a3375dbded2c9fbc7d6,ags,yes,K'Andre Miller,,fanduel,750,,oddsapi
2026-09-29T02:04:21Z,2026-09-29,FLA @ CAR,9de33ce1013f2a3375dbded2c9fbc7d6,ags,yes,Sean Walker,,fanduel,850,,oddsapi
2026-09-29T02:04:21Z,2026-09-29,FLA @ CAR,9de33ce1013f2a3375dbded2c9fbc7d6,ags,yes,Sandis Vilmanis,,fanduel,900,,oddsapi
2026-09-29T02:04:21Z,2026-09-29,FLA @ CAR,9de33ce1013f2a3375dbded2c9fbc7d6,ags,yes,Aaron Ekblad,,fanduel,900,,oddsapi
2026-09-29T02:04:21Z,2026-09-29,FLA @ CAR,9de33ce1013f2a3375dbded2c9fbc7d6,ags,yes,Gustav Forsling,,fanduel,950,,oddsapi
2026-09-29T02:04:21Z,2026-09-29,FLA @ CAR,9de33ce1013f2a3375dbded2c9fbc7d6,ags,yes,Lars Eller,,fanduel,950,,oddsapi
2026-09-29T02:04:21Z,2026-09-29,FLA @ CAR,9de33ce1013f2a3375dbded2c9fbc7d6,ags,yes,William Carrier,,fanduel,1000,,oddsapi
2026-09-29T02:04:21Z,2026-09-29,FLA @ CAR,9de33ce1013f2a3375dbded2c9fbc7d6,ags,yes,Jaccob Slavin,,fanduel,1300,,oddsapi
2026-09-29T02:04:21Z,2026-09-29,FLA @ CAR,9de33ce1013f2a3375dbded2c9fbc7d6,ags,yes,Jalen Chatfield,,fanduel,1300,,oddsapi
2026-09-29T02:04:21Z,2026-09-29,FLA @ CAR,9de33ce1013f2a3375dbded2c9fbc7d6,ags,yes,Niko Mikkola,,fanduel,1300,,oddsapi
2026-09-29T02:04:21Z,2026-09-29,FLA @ CAR,9de33ce1013f2a3375dbded2c9fbc7d6,ags,yes,Bokondji Imama,,fanduel,1300,,oddsapi
2026-09-29T02:04:21Z,2026-09-29,FLA @ CAR,9de33ce1013f2a3375dbded2c9fbc7d6,ags,yes,Dmitry Kulikov,,fanduel,1900,,oddsapi
2026-09-29T02:04:21Z,2026-09-29,FLA @ CAR,9de33ce1013f2a3375dbded2c9fbc7d6,ags,yes,Radko Gudas,,fanduel,2100,,oddsapi
2026-09-29T02:04:21Z,2026-09-29,FLA @ CAR,9de33ce1013f2a3375dbded2c9fbc7d6,fgs,yes,Andrei Svechnikov,,fanduel,1200,,oddsapi
2026-09-29T02:04:21Z,2026-09-29,FLA @ CAR,9de33ce1013f2a3375dbded2c9fbc7d6,fgs,yes,Brady Tkachuk,,fanduel,1200,,oddsapi
2026-09-29T02:04:21Z,2026-09-29,FLA @ CAR,9de33ce1013f2a3375dbded2c9fbc7d6,fgs,yes,Matthew Tkachuk,,fanduel,1300,,oddsapi
2026-09-29T02:04:21Z,2026-09-29,FLA @ CAR,9de33ce1013f2a3375dbded2c9fbc7d6,fgs,yes,Sam Reinhart,,fanduel,1300,,oddsapi
2026-09-29T02:04:21Z,2026-09-29,FLA @ CAR,9de33ce1013f2a3375dbded2c9fbc7d6,fgs,yes,Sebastian Aho,,fanduel,1400,,oddsapi
2026-09-29T02:04:21Z,2026-09-29,FLA @ CAR,9de33ce1013f2a3375dbded2c9fbc7d6,fgs,yes,Logan Stankoven,,fanduel,1500,,oddsapi
2026-09-29T02:04:21Z,2026-09-29,FLA @ CAR,9de33ce1013f2a3375dbded2c9fbc7d6,fgs,yes,Jackson Blake,,fanduel,1600,,oddsapi
2026-09-29T02:04:21Z,2026-09-29,FLA @ CAR,9de33ce1013f2a3375dbded2c9fbc7d6,fgs,yes,Nikolaj Ehlers,,fanduel,1600,,oddsapi
2026-09-29T02:04:21Z,2026-09-29,FLA @ CAR,9de33ce1013f2a3375dbded2c9fbc7d6,fgs,yes,Sam Bennett,,fanduel,1700,,oddsapi
2026-09-29T02:04:21Z,2026-09-29,FLA @ CAR,9de33ce1013f2a3375dbded2c9fbc7d6,fgs,yes,Aleksander Barkov,,fanduel,1800,,oddsapi
2026-09-29T02:04:21Z,2026-09-29,FLA @ CAR,9de33ce1013f2a3375dbded2c9fbc7d6,fgs,yes,Taylor Hall,,fanduel,1800,,oddsapi
2026-09-29T02:04:21Z,2026-09-29,FLA @ CAR,9de33ce1013f2a3375dbded2c9fbc7d6,fgs,yes,Carter Verhaeghe,,fanduel,1900,,oddsapi
2026-09-29T02:04:21Z,2026-09-29,FLA @ CAR,9de33ce1013f2a3375dbded2c9fbc7d6,fgs,yes,Jordan Staal,,fanduel,2000,,oddsapi
2026-09-29T02:04:21Z,2026-09-29,FLA @ CAR,9de33ce1013f2a3375dbded2c9fbc7d6,fgs,yes,Eric Robinson,,fanduel,2200,,oddsapi
2026-09-29T02:04:21Z,2026-09-29,FLA @ CAR,9de33ce1013f2a3375dbded2c9fbc7d6,fgs,yes,Jordan Martinook,,fanduel,2200,,oddsapi
2026-09-29T02:04:21Z,2026-09-29,FLA @ CAR,9de33ce1013f2a3375dbded2c9fbc7d6,fgs,yes,Anton Lundell,,fanduel,2500,,oddsapi
2026-09-29T02:04:21Z,2026-09-29,FLA @ CAR,9de33ce1013f2a3375dbded2c9fbc7d6,fgs,yes,Eetu Luostarinen,,fanduel,3000,,oddsapi
2026-09-29T02:04:21Z,2026-09-29,FLA @ CAR,9de33ce1013f2a3375dbded2c9fbc7d6,fgs,yes,Shayne Gostisbehere,,fanduel,3000,,oddsapi
2026-09-29T02:04:21Z,2026-09-29,FLA @ CAR,9de33ce1013f2a3375dbded2c9fbc7d6,fgs,yes,Seth Jones,,fanduel,3500,,oddsapi
2026-09-29T02:04:21Z,2026-09-29,FLA @ CAR,9de33ce1013f2a3375dbded2c9fbc7d6,fgs,yes,K'Andre Miller,,fanduel,3500,,oddsapi
2026-09-29T02:04:21Z,2026-09-29,FLA @ CAR,9de33ce1013f2a3375dbded2c9fbc7d6,fgs,yes,Mark Jankowski,,fanduel,3500,,oddsapi
2026-09-29T02:04:21Z,2026-09-29,FLA @ CAR,9de33ce1013f2a3375dbded2c9fbc7d6,fgs,yes,Sean Walker,,fanduel,4500,,oddsapi
2026-09-29T02:04:21Z,2026-09-29,FLA @ CAR,9de33ce1013f2a3375dbded2c9fbc7d6,fgs,yes,Aaron Ekblad,,fanduel,4500,,oddsapi
2026-09-29T02:04:21Z,2026-09-29,FLA @ CAR,9de33ce1013f2a3375dbded2c9fbc7d6,fgs,yes,Jalen Chatfield,,fanduel,5000,,oddsapi
2026-09-29T02:04:21Z,2026-09-29,FLA @ CAR,9de33ce1013f2a3375dbded2c9fbc7d6,fgs,yes,Lars Eller,,fanduel,5000,,oddsapi
2026-09-29T02:04:21Z,2026-09-29,FLA @ CAR,9de33ce1013f2a3375dbded2c9fbc7d6,fgs,yes,William Carrier,,fanduel,5000,,oddsapi
2026-09-29T02:04:21Z,2026-09-29,FLA @ CAR,9de33ce1013f2a3375dbded2c9fbc7d6,fgs,yes,Sandis Vilmanis,,fanduel,5000,,oddsapi
2026-09-29T02:04:21Z,2026-09-29,FLA @ CAR,9de33ce1013f2a3375dbded2c9fbc7d6,fgs,yes,Niko Mikkola,,fanduel,5500,,oddsapi
2026-09-29T02:04:21Z,2026-09-29,FLA @ CAR,9de33ce1013f2a3375dbded2c9fbc7d6,fgs,yes,Gustav Forsling,,fanduel,5500,,oddsapi
2026-09-29T02:04:21Z,2026-09-29,FLA @ CAR,9de33ce1013f2a3375dbded2c9fbc7d6,fgs,yes,Jaccob Slavin,,fanduel,6500,,oddsapi
2026-09-29T02:04:21Z,2026-09-29,FLA @ CAR,9de33ce1013f2a3375dbded2c9fbc7d6,fgs,yes,Bokondji Imama,,fanduel,7000,,oddsapi
2026-09-29T02:04:21Z,2026-09-29,FLA @ CAR,9de33ce1013f2a3375dbded2c9fbc7d6,fgs,yes,Radko Gudas,,fanduel,10000,,oddsapi
2026-09-29T02:04:21Z,2026-09-29,FLA @ CAR,9de33ce1013f2a3375dbded2c9fbc7d6,fgs,yes,Dmitry Kulikov,,fanduel,10000,,oddsapi
2026-09-29T02:04:21Z,2026-09-29,FLA @ CAR,9de33ce1013f2a3375dbded2c9fbc7d6,p1_ml,CAR,,,betonlineag,-125,105,oddsapi
2026-09-29T02:04:21Z,2026-09-29,FLA @ CAR,9de33ce1013f2a3375dbded2c9fbc7d6,p1_ml,FLA,,,betonlineag,105,-125,oddsapi
2026-09-29T02:04:21Z,2026-09-29,FLA @ CAR,9de33ce1013f2a3375dbded2c9fbc7d6,sk_pts,over,Carter Verhaeghe,0.5,betonlineag,126,-164,oddsapi
2026-09-29T02:04:21Z,2026-09-29,FLA @ CAR,9de33ce1013f2a3375dbded2c9fbc7d6,sk_pts,under,Carter Verhaeghe,0.5,betonlineag,-164,126,oddsapi
2026-09-29T02:04:21Z,2026-09-29,FLA @ CAR,9de33ce1013f2a3375dbded2c9fbc7d6,sk_pts,over,Aaron Ekblad,0.5,betonlineag,174,-233,oddsapi
2026-09-29T02:04:21Z,2026-09-29,FLA @ CAR,9de33ce1013f2a3375dbded2c9fbc7d6,sk_pts,under,Aaron Ekblad,0.5,betonlineag,-233,174,oddsapi
2026-09-29T02:04:21Z,2026-09-29,FLA @ CAR,9de33ce1013f2a3375dbded2c9fbc7d6,sk_pts,over,Jordan Martinook,0.5,betonlineag,178,-238,oddsapi
2026-09-29T02:04:21Z,2026-09-29,FLA @ CAR,9de33ce1013f2a3375dbded2c9fbc7d6,sk_pts,under,Jordan Martinook,0.5,betonlineag,-238,178,oddsapi
2026-09-29T02:04:21Z,2026-09-29,FLA @ CAR,9de33ce1013f2a3375dbded2c9fbc7d6,sk_pts,over,Matthew Tkachuk,0.5,betonlineag,-164,125,oddsapi
2026-09-29T02:04:21Z,2026-09-29,FLA @ CAR,9de33ce1013f2a3375dbded2c9fbc7d6,sk_pts,under,Matthew Tkachuk,0.5,betonlineag,125,-164,oddsapi
2026-09-29T02:04:21Z,2026-09-29,FLA @ CAR,9de33ce1013f2a3375dbded2c9fbc7d6,sk_pts,over,Sam Bennett,0.5,betonlineag,109,-141,oddsapi
2026-09-29T02:04:21Z,2026-09-29,FLA @ CAR,9de33ce1013f2a3375dbded2c9fbc7d6,sk_pts,under,Sam Bennett,0.5,betonlineag,-141,109,oddsapi
2026-09-29T02:04:21Z,2026-09-29,FLA @ CAR,9de33ce1013f2a3375dbded2c9fbc7d6,sk_pts,over,Logan Stankoven,0.5,betonlineag,100,-130,oddsapi
2026-09-29T02:04:21Z,2026-09-29,FLA @ CAR,9de33ce1013f2a3375dbded2c9fbc7d6,sk_pts,under,Logan Stankoven,0.5,betonlineag,-130,100,oddsapi
2026-09-29T02:04:21Z,2026-09-29,FLA @ CAR,9de33ce1013f2a3375dbded2c9fbc7d6,sk_pts,over,Eric Robinson,0.5,betonlineag,174,-233,oddsapi
2026-09-29T02:04:21Z,2026-09-29,FLA @ CAR,9de33ce1013f2a3375dbded2c9fbc7d6,sk_pts,under,Eric Robinson,0.5,betonlineag,-233,174,oddsapi
2026-09-29T02:04:21Z,2026-09-29,FLA @ CAR,9de33ce1013f2a3375dbded2c9fbc7d6,sk_pts,over,Andrei Svechnikov,0.5,betonlineag,-123,-105,oddsapi
2026-09-29T02:04:21Z,2026-09-29,FLA @ CAR,9de33ce1013f2a3375dbded2c9fbc7d6,sk_pts,under,Andrei Svechnikov,0.5,betonlineag,-105,-123,oddsapi
2026-09-29T02:04:21Z,2026-09-29,FLA @ CAR,9de33ce1013f2a3375dbded2c9fbc7d6,sk_pts,over,K'Andre Miller,0.5,betonlineag,152,-200,oddsapi
2026-09-29T02:04:21Z,2026-09-29,FLA @ CAR,9de33ce1013f2a3375dbded2c9fbc7d6,sk_pts,under,K'Andre Miller,0.5,betonlineag,-200,152,oddsapi
2026-09-29T02:04:21Z,2026-09-29,FLA @ CAR,9de33ce1013f2a3375dbded2c9fbc7d6,sk_pts,over,Sebastian Aho,0.5,betonlineag,-164,125,oddsapi
2026-09-29T02:04:21Z,2026-09-29,FLA @ CAR,9de33ce1013f2a3375dbded2c9fbc7d6,sk_pts,under,Sebastian Aho,0.5,betonlineag,125,-164,oddsapi
2026-09-29T02:04:21Z,2026-09-29,FLA @ CAR,9de33ce1013f2a3375dbded2c9fbc7d6,sk_pts,over,Aleksander Barkov,0.5,betonlineag,-149,115,oddsapi
2026-09-29T02:04:21Z,2026-09-29,FLA @ CAR,9de33ce1013f2a3375dbded2c9fbc7d6,sk_pts,under,Aleksander Barkov,0.5,betonlineag,115,-149,oddsapi
2026-09-29T02:04:21Z,2026-09-29,FLA @ CAR,9de33ce1013f2a3375dbded2c9fbc7d6,sk_pts,over,Brady Tkachuk,0.5,betonlineag,-135,105,oddsapi
2026-09-29T02:04:21Z,2026-09-29,FLA @ CAR,9de33ce1013f2a3375dbded2c9fbc7d6,sk_pts,under,Brady Tkachuk,0.5,betonlineag,105,-135,oddsapi
2026-09-29T02:04:21Z,2026-09-29,FLA @ CAR,9de33ce1013f2a3375dbded2c9fbc7d6,sk_pts,over,Eetu Luostarinen,0.5,betonlineag,195,-263,oddsapi
2026-09-29T02:04:21Z,2026-09-29,FLA @ CAR,9de33ce1013f2a3375dbded2c9fbc7d6,sk_pts,under,Eetu Luostarinen,0.5,betonlineag,-263,195,oddsapi
2026-09-29T02:04:21Z,2026-09-29,FLA @ CAR,9de33ce1013f2a3375dbded2c9fbc7d6,sk_pts,over,Anton Lundell,0.5,betonlineag,126,-164,oddsapi
2026-09-29T02:04:21Z,2026-09-29,FLA @ CAR,9de33ce1013f2a3375dbded2c9fbc7d6,sk_pts,under,Anton Lundell,0.5,betonlineag,-164,126,oddsapi
2026-09-29T02:04:21Z,2026-09-29,FLA @ CAR,9de33ce1013f2a3375dbded2c9fbc7d6,sk_pts,over,Seth Jones,0.5,betonlineag,-103,-125,oddsapi
2026-09-29T02:04:21Z,2026-09-29,FLA @ CAR,9de33ce1013f2a3375dbded2c9fbc7d6,sk_pts,under,Seth Jones,0.5,betonlineag,-125,-103,oddsapi
2026-09-29T02:04:21Z,2026-09-29,FLA @ CAR,9de33ce1013f2a3375dbded2c9fbc7d6,sk_pts,over,Sam Reinhart,0.5,betonlineag,-149,115,oddsapi
2026-09-29T02:04:21Z,2026-09-29,FLA @ CAR,9de33ce1013f2a3375dbded2c9fbc7d6,sk_pts,under,Sam Reinhart,0.5,betonlineag,115,-149,oddsapi
2026-09-29T02:04:21Z,2026-09-29,FLA @ CAR,9de33ce1013f2a3375dbded2c9fbc7d6,sk_pts,over,Mark Jankowski,0.5,betonlineag,226,-312,oddsapi
2026-09-29T02:04:21Z,2026-09-29,FLA @ CAR,9de33ce1013f2a3375dbded2c9fbc7d6,sk_pts,under,Mark Jankowski,0.5,betonlineag,-312,226,oddsapi
2026-09-29T02:04:21Z,2026-09-29,FLA @ CAR,9de33ce1013f2a3375dbded2c9fbc7d6,sk_pts,over,Jalen Chatfield,0.5,betonlineag,239,-333,oddsapi
2026-09-29T02:04:21Z,2026-09-29,FLA @ CAR,9de33ce1013f2a3375dbded2c9fbc7d6,sk_pts,under,Jalen Chatfield,0.5,betonlineag,-333,239,oddsapi
2026-09-29T02:04:21Z,2026-09-29,FLA @ CAR,9de33ce1013f2a3375dbded2c9fbc7d6,sk_pts,over,Sean Walker,0.5,betonlineag,226,-312,oddsapi
2026-09-29T02:04:21Z,2026-09-29,FLA @ CAR,9de33ce1013f2a3375dbded2c9fbc7d6,sk_pts,under,Sean Walker,0.5,betonlineag,-312,226,oddsapi
2026-09-29T02:04:21Z,2026-09-29,FLA @ CAR,9de33ce1013f2a3375dbded2c9fbc7d6,sk_pts,over,Jaccob Slavin,0.5,betonlineag,226,-312,oddsapi
2026-09-29T02:04:21Z,2026-09-29,FLA @ CAR,9de33ce1013f2a3375dbded2c9fbc7d6,sk_pts,under,Jaccob Slavin,0.5,betonlineag,-312,226,oddsapi
2026-09-29T02:04:21Z,2026-09-29,FLA @ CAR,9de33ce1013f2a3375dbded2c9fbc7d6,sk_pts,over,Taylor Hall,0.5,betonlineag,104,-135,oddsapi
2026-09-29T02:04:21Z,2026-09-29,FLA @ CAR,9de33ce1013f2a3375dbded2c9fbc7d6,sk_pts,under,Taylor Hall,0.5,betonlineag,-135,104,oddsapi
2026-09-29T02:04:21Z,2026-09-29,FLA @ CAR,9de33ce1013f2a3375dbded2c9fbc7d6,sk_pts,over,Jackson Blake,0.5,betonlineag,-108,-120,oddsapi
2026-09-29T02:04:21Z,2026-09-29,FLA @ CAR,9de33ce1013f2a3375dbded2c9fbc7d6,sk_pts,under,Jackson Blake,0.5,betonlineag,-120,-108,oddsapi
2026-09-29T02:04:21Z,2026-09-29,FLA @ CAR,9de33ce1013f2a3375dbded2c9fbc7d6,sk_pts,over,Nikolaj Ehlers,0.5,betonlineag,-130,100,oddsapi
2026-09-29T02:04:21Z,2026-09-29,FLA @ CAR,9de33ce1013f2a3375dbded2c9fbc7d6,sk_pts,under,Nikolaj Ehlers,0.5,betonlineag,100,-130,oddsapi
2026-09-29T02:04:21Z,2026-09-29,FLA @ CAR,9de33ce1013f2a3375dbded2c9fbc7d6,sk_pts,over,Shayne Gostisbehere,0.5,betonlineag,-108,-120,oddsapi
2026-09-29T02:04:21Z,2026-09-29,FLA @ CAR,9de33ce1013f2a3375dbded2c9fbc7d6,sk_pts,under,Shayne Gostisbehere,0.5,betonlineag,-120,-108,oddsapi
2026-09-29T02:04:21Z,2026-09-29,FLA @ CAR,9de33ce1013f2a3375dbded2c9fbc7d6,sk_pts,over,Gustav Forsling,0.5,betonlineag,215,-294,oddsapi
2026-09-29T02:04:21Z,2026-09-29,FLA @ CAR,9de33ce1013f2a3375dbded2c9fbc7d6,sk_pts,under,Gustav Forsling,0.5,betonlineag,-294,215,oddsapi
2026-09-29T02:04:21Z,2026-09-29,FLA @ CAR,9de33ce1013f2a3375dbded2c9fbc7d6,sk_pts,over,Jordan Staal,0.5,betonlineag,126,-164,oddsapi
2026-09-29T02:04:21Z,2026-09-29,FLA @ CAR,9de33ce1013f2a3375dbded2c9fbc7d6,sk_pts,under,Jordan Staal,0.5,betonlineag,-164,126,oddsapi
2026-09-29T02:04:21Z,2026-09-29,FLA @ CAR,9de33ce1013f2a3375dbded2c9fbc7d6,sk_sog,over,Andrei Svechnikov,2.5,betonlineag,118,-154,oddsapi
2026-09-29T02:04:21Z,2026-09-29,FLA @ CAR,9de33ce1013f2a3375dbded2c9fbc7d6,sk_sog,under,Andrei Svechnikov,2.5,betonlineag,-154,118,oddsapi
2026-09-29T02:04:21Z,2026-09-29,FLA @ CAR,9de33ce1013f2a3375dbded2c9fbc7d6,sk_sog,over,Jackson Blake,2.5,betonlineag,130,-169,oddsapi
2026-09-29T02:04:21Z,2026-09-29,FLA @ CAR,9de33ce1013f2a3375dbded2c9fbc7d6,sk_sog,under,Jackson Blake,2.5,betonlineag,-169,130,oddsapi
2026-09-29T02:04:21Z,2026-09-29,FLA @ CAR,9de33ce1013f2a3375dbded2c9fbc7d6,sk_sog,over,Seth Jones,1.5,betonlineag,-130,100,oddsapi
2026-09-29T02:04:21Z,2026-09-29,FLA @ CAR,9de33ce1013f2a3375dbded2c9fbc7d6,sk_sog,under,Seth Jones,1.5,betonlineag,100,-130,oddsapi
2026-09-29T02:04:21Z,2026-09-29,FLA @ CAR,9de33ce1013f2a3375dbded2c9fbc7d6,sk_sog,over,Jordan Staal,1.5,betonlineag,-123,-105,oddsapi
2026-09-29T02:04:21Z,2026-09-29,FLA @ CAR,9de33ce1013f2a3375dbded2c9fbc7d6,sk_sog,under,Jordan Staal,1.5,betonlineag,-105,-123,oddsapi
2026-09-29T02:04:21Z,2026-09-29,FLA @ CAR,9de33ce1013f2a3375dbded2c9fbc7d6,sk_sog,over,Matthew Tkachuk,1.5,betonlineag,-175,135,oddsapi
2026-09-29T02:04:21Z,2026-09-29,FLA @ CAR,9de33ce1013f2a3375dbded2c9fbc7d6,sk_sog,under,Matthew Tkachuk,1.5,betonlineag,135,-175,oddsapi
2026-09-29T02:04:21Z,2026-09-29,FLA @ CAR,9de33ce1013f2a3375dbded2c9fbc7d6,sk_sog,over,Aleksander Barkov,1.5,betonlineag,-112,-115,oddsapi
2026-09-29T02:04:21Z,2026-09-29,FLA @ CAR,9de33ce1013f2a3375dbded2c9fbc7d6,sk_sog,under,Aleksander Barkov,1.5,betonlineag,-115,-112,oddsapi
2026-09-29T02:04:21Z,2026-09-29,FLA @ CAR,9de33ce1013f2a3375dbded2c9fbc7d6,sk_sog,over,Sebastian Aho,1.5,betonlineag,-185,140,oddsapi
2026-09-29T02:04:21Z,2026-09-29,FLA @ CAR,9de33ce1013f2a3375dbded2c9fbc7d6,sk_sog,under,Sebastian Aho,1.5,betonlineag,140,-185,oddsapi
2026-09-29T02:04:21Z,2026-09-29,FLA @ CAR,9de33ce1013f2a3375dbded2c9fbc7d6,sk_sog,over,Brady Tkachuk,2.5,betonlineag,-108,-120,oddsapi
2026-09-29T02:04:21Z,2026-09-29,FLA @ CAR,9de33ce1013f2a3375dbded2c9fbc7d6,sk_sog,under,Brady Tkachuk,2.5,betonlineag,-120,-108,oddsapi
2026-09-29T02:04:21Z,2026-09-29,FLA @ CAR,9de33ce1013f2a3375dbded2c9fbc7d6,sk_sog,over,Shayne Gostisbehere,1.5,betonlineag,-118,-110,oddsapi
2026-09-29T02:04:21Z,2026-09-29,FLA @ CAR,9de33ce1013f2a3375dbded2c9fbc7d6,sk_sog,under,Shayne Gostisbehere,1.5,betonlineag,-110,-118,oddsapi
2026-09-29T02:04:21Z,2026-09-29,FLA @ CAR,9de33ce1013f2a3375dbded2c9fbc7d6,sk_sog,over,Nikolaj Ehlers,2.5,betonlineag,144,-189,oddsapi
2026-09-29T02:04:21Z,2026-09-29,FLA @ CAR,9de33ce1013f2a3375dbded2c9fbc7d6,sk_sog,under,Nikolaj Ehlers,2.5,betonlineag,-189,144,oddsapi
2026-09-29T02:04:21Z,2026-09-29,FLA @ CAR,9de33ce1013f2a3375dbded2c9fbc7d6,sk_sog,over,Logan Stankoven,1.5,betonlineag,-156,120,oddsapi
2026-09-29T02:04:21Z,2026-09-29,FLA @ CAR,9de33ce1013f2a3375dbded2c9fbc7d6,sk_sog,under,Logan Stankoven,1.5,betonlineag,120,-156,oddsapi
2026-09-29T02:04:21Z,2026-09-29,FLA @ CAR,9de33ce1013f2a3375dbded2c9fbc7d6,sk_sog,over,Sam Bennett,1.5,betonlineag,-185,140,oddsapi
2026-09-29T02:04:21Z,2026-09-29,FLA @ CAR,9de33ce1013f2a3375dbded2c9fbc7d6,sk_sog,under,Sam Bennett,1.5,betonlineag,140,-185,oddsapi
2026-09-29T02:04:21Z,2026-09-29,FLA @ CAR,9de33ce1013f2a3375dbded2c9fbc7d6,sk_sog,over,Carter Verhaeghe,1.5,betonlineag,-164,125,oddsapi
2026-09-29T02:04:21Z,2026-09-29,FLA @ CAR,9de33ce1013f2a3375dbded2c9fbc7d6,sk_sog,under,Carter Verhaeghe,1.5,betonlineag,125,-164,oddsapi
2026-09-29T02:04:21Z,2026-09-29,FLA @ CAR,9de33ce1013f2a3375dbded2c9fbc7d6,sk_sog,over,Taylor Hall,1.5,betonlineag,-123,-105,oddsapi
2026-09-29T02:04:21Z,2026-09-29,FLA @ CAR,9de33ce1013f2a3375dbded2c9fbc7d6,sk_sog,under,Taylor Hall,1.5,betonlineag,-105,-123,oddsapi
2026-09-29T02:04:21Z,2026-09-29,FLA @ CAR,9de33ce1013f2a3375dbded2c9fbc7d6,sk_sog,over,Sam Reinhart,1.5,betonlineag,-185,140,oddsapi
2026-09-29T02:04:21Z,2026-09-29,FLA @ CAR,9de33ce1013f2a3375dbded2c9fbc7d6,sk_sog,under,Sam Reinhart,1.5,betonlineag,140,-185,oddsapi
2026-09-29T02:04:21Z,2026-09-29,FLA @ CAR,9de33ce1013f2a3375dbded2c9fbc7d6,sk_sog,over,Anton Lundell,1.5,betonlineag,122,-159,oddsapi
2026-09-29T02:04:21Z,2026-09-29,FLA @ CAR,9de33ce1013f2a3375dbded2c9fbc7d6,sk_sog,under,Anton Lundell,1.5,betonlineag,-159,122,oddsapi
2026-09-29T02:04:21Z,2026-09-29,FLA @ CAR,9de33ce1013f2a3375dbded2c9fbc7d6,g_saves,over,Brandon Bussi,21.5,betonlineag,-118,-110,oddsapi
2026-09-29T02:04:21Z,2026-09-29,FLA @ CAR,9de33ce1013f2a3375dbded2c9fbc7d6,g_saves,under,Brandon Bussi,21.5,betonlineag,-110,-118,oddsapi
2026-09-29T02:04:21Z,2026-09-29,FLA @ CAR,9de33ce1013f2a3375dbded2c9fbc7d6,g_saves,over,Jacob Markstrom,26.5,betonlineag,100,-130,oddsapi
2026-09-29T02:04:21Z,2026-09-29,FLA @ CAR,9de33ce1013f2a3375dbded2c9fbc7d6,g_saves,under,Jacob Markstrom,26.5,betonlineag,-130,100,oddsapi
2026-09-29T02:04:21Z,2026-09-29,FLA @ CAR,9de33ce1013f2a3375dbded2c9fbc7d6,p1_pl,CAR,,-0.5,betonlineag,161,-185,oddsapi
2026-09-29T02:04:21Z,2026-09-29,FLA @ CAR,9de33ce1013f2a3375dbded2c9fbc7d6,p1_pl,FLA,,0.5,betonlineag,-185,161,oddsapi
2026-09-29T02:04:21Z,2026-09-29,FLA @ CAR,9de33ce1013f2a3375dbded2c9fbc7d6,team_total,over,CAR,3.5,betonlineag,109,-140,oddsapi
2026-09-29T02:04:21Z,2026-09-29,FLA @ CAR,9de33ce1013f2a3375dbded2c9fbc7d6,team_total,under,CAR,3.5,betonlineag,-140,109,oddsapi
2026-09-29T02:04:21Z,2026-09-29,FLA @ CAR,9de33ce1013f2a3375dbded2c9fbc7d6,team_total,over,FLA,2.5,betonlineag,-163,127,oddsapi
2026-09-29T02:04:21Z,2026-09-29,FLA @ CAR,9de33ce1013f2a3375dbded2c9fbc7d6,team_total,under,FLA,2.5,betonlineag,127,-163,oddsapi
2026-09-29T02:04:21Z,2026-09-29,FLA @ CAR,9de33ce1013f2a3375dbded2c9fbc7d6,p1_total,over,,1.5,betonlineag,-135,115,oddsapi
2026-09-29T02:04:21Z,2026-09-29,FLA @ CAR,9de33ce1013f2a3375dbded2c9fbc7d6,p1_total,under,,1.5,betonlineag,115,-135,oddsapi
2026-09-29T02:04:21Z,2026-09-29,FLA @ CAR,9de33ce1013f2a3375dbded2c9fbc7d6,team_total_alt,over,CAR,1.5,betrivers,-625,370,oddsapi
2026-09-29T02:04:21Z,2026-09-29,FLA @ CAR,9de33ce1013f2a3375dbded2c9fbc7d6,team_total_alt,under,CAR,1.5,betrivers,370,-625,oddsapi
2026-09-29T02:04:21Z,2026-09-29,FLA @ CAR,9de33ce1013f2a3375dbded2c9fbc7d6,team_total_alt,over,CAR,2.5,betrivers,-200,143,oddsapi
2026-09-29T02:04:21Z,2026-09-29,FLA @ CAR,9de33ce1013f2a3375dbded2c9fbc7d6,team_total_alt,under,CAR,2.5,betrivers,143,-200,oddsapi
2026-09-29T02:04:21Z,2026-09-29,FLA @ CAR,9de33ce1013f2a3375dbded2c9fbc7d6,team_total_alt,over,CAR,3.5,betrivers,123,-175,oddsapi
2026-09-29T02:04:21Z,2026-09-29,FLA @ CAR,9de33ce1013f2a3375dbded2c9fbc7d6,team_total_alt,under,CAR,3.5,betrivers,-175,123,oddsapi
2026-09-29T02:04:21Z,2026-09-29,FLA @ CAR,9de33ce1013f2a3375dbded2c9fbc7d6,team_total_alt,over,CAR,4.5,betrivers,285,-435,oddsapi
2026-09-29T02:04:21Z,2026-09-29,FLA @ CAR,9de33ce1013f2a3375dbded2c9fbc7d6,team_total_alt,under,CAR,4.5,betrivers,-435,285,oddsapi
2026-09-29T02:04:21Z,2026-09-29,FLA @ CAR,9de33ce1013f2a3375dbded2c9fbc7d6,team_total_alt,over,FLA,1.5,betrivers,-530,325,oddsapi
2026-09-29T02:04:21Z,2026-09-29,FLA @ CAR,9de33ce1013f2a3375dbded2c9fbc7d6,team_total_alt,under,FLA,1.5,betrivers,325,-530,oddsapi
2026-09-29T02:04:21Z,2026-09-29,FLA @ CAR,9de33ce1013f2a3375dbded2c9fbc7d6,team_total_alt,over,FLA,2.5,betrivers,-167,123,oddsapi
2026-09-29T02:04:21Z,2026-09-29,FLA @ CAR,9de33ce1013f2a3375dbded2c9fbc7d6,team_total_alt,under,FLA,2.5,betrivers,123,-167,oddsapi
2026-09-29T02:04:21Z,2026-09-29,FLA @ CAR,9de33ce1013f2a3375dbded2c9fbc7d6,team_total_alt,over,FLA,4.5,betrivers,350,-560,oddsapi
2026-09-29T02:04:21Z,2026-09-29,FLA @ CAR,9de33ce1013f2a3375dbded2c9fbc7d6,team_total_alt,under,FLA,4.5,betrivers,-560,350,oddsapi
2026-09-29T02:04:21Z,2026-09-29,FLA @ CAR,9de33ce1013f2a3375dbded2c9fbc7d6,team_total_alt,over,FLA,3.5,betrivers,150,-210,oddsapi
2026-09-29T02:04:21Z,2026-09-29,FLA @ CAR,9de33ce1013f2a3375dbded2c9fbc7d6,team_total_alt,under,FLA,3.5,betrivers,-210,150,oddsapi
2026-09-29T02:04:21Z,2026-09-29,FLA @ CAR,9de33ce1013f2a3375dbded2c9fbc7d6,ags,yes,Mike Reilly,,betrivers,1000,,oddsapi
2026-09-29T02:04:21Z,2026-09-29,FLA @ CAR,9de33ce1013f2a3375dbded2c9fbc7d6,ags,yes,Bokondji Imama,,betrivers,800,,oddsapi
2026-09-29T02:04:21Z,2026-09-29,FLA @ CAR,9de33ce1013f2a3375dbded2c9fbc7d6,ags,yes,Radko Gudas,,betrivers,950,,oddsapi
2026-09-29T02:04:21Z,2026-09-29,FLA @ CAR,9de33ce1013f2a3375dbded2c9fbc7d6,ags,yes,Carter Verhaeghe,,betrivers,235,,oddsapi
2026-09-29T02:04:21Z,2026-09-29,FLA @ CAR,9de33ce1013f2a3375dbded2c9fbc7d6,ags,yes,Aaron Ekblad,,betrivers,700,,oddsapi
2026-09-29T02:04:21Z,2026-09-29,FLA @ CAR,9de33ce1013f2a3375dbded2c9fbc7d6,ags,yes,Sean Walker,,betrivers,700,,oddsapi
2026-09-29T02:04:21Z,2026-09-29,FLA @ CAR,9de33ce1013f2a3375dbded2c9fbc7d6,ags,yes,Anton Lundell,,betrivers,335,,oddsapi
2026-09-29T02:04:21Z,2026-09-29,FLA @ CAR,9de33ce1013f2a3375dbded2c9fbc7d6,ags,yes,Garnet Hathaway,,betrivers,900,,oddsapi
2026-09-29T02:04:21Z,2026-09-29,FLA @ CAR,9de33ce1013f2a3375dbded2c9fbc7d6,ags,yes,William Carrier,,betrivers,700,,oddsapi
2026-09-29T02:04:21Z,2026-09-29,FLA @ CAR,9de33ce1013f2a3375dbded2c9fbc7d6,ags,yes,Taylor Hall,,betrivers,310,,oddsapi
2026-09-29T02:04:21Z,2026-09-29,FLA @ CAR,9de33ce1013f2a3375dbded2c9fbc7d6,ags,yes,Andrei Svechnikov,,betrivers,190,,oddsapi
2026-09-29T02:04:21Z,2026-09-29,FLA @ CAR,9de33ce1013f2a3375dbded2c9fbc7d6,ags,yes,Nikolaj Ehlers,,betrivers,250,,oddsapi
2026-09-29T02:04:21Z,2026-09-29,FLA @ CAR,9de33ce1013f2a3375dbded2c9fbc7d6,ags,yes,Mark Jankowski,,betrivers,600,,oddsapi
2026-09-29T02:04:21Z,2026-09-29,FLA @ CAR,9de33ce1013f2a3375dbded2c9fbc7d6,ags,yes,Nicolas Deslauriers,,betrivers,1000,,oddsapi
2026-09-29T02:04:21Z,2026-09-29,FLA @ CAR,9de33ce1013f2a3375dbded2c9fbc7d6,ags,yes,Sam Reinhart,,betrivers,235,,oddsapi
2026-09-29T02:04:21Z,2026-09-29,FLA @ CAR,9de33ce1013f2a3375dbded2c9fbc7d6,ags,yes,Dmitry Kulikov,,betrivers,1000,,oddsapi
2026-09-29T02:04:21Z,2026-09-29,FLA @ CAR,9de33ce1013f2a3375dbded2c9fbc7d6,ags,yes,Brady Tkachuk,,betrivers,205,,oddsapi
2026-09-29T02:04:21Z,2026-09-29,FLA @ CAR,9de33ce1013f2a3375dbded2c9fbc7d6,ags,yes,Niko Mikkola,,betrivers,850,,oddsapi
2026-09-29T02:04:21Z,2026-09-29,FLA @ CAR,9de33ce1013f2a3375dbded2c9fbc7d6,ags,yes,Logan Stankoven,,betrivers,250,,oddsapi
2026-09-29T02:04:21Z,2026-09-29,FLA @ CAR,9de33ce1013f2a3375dbded2c9fbc7d6,ags,yes,Lars Eller,,betrivers,850,,oddsapi
2026-09-29T02:04:21Z,2026-09-29,FLA @ CAR,9de33ce1013f2a3375dbded2c9fbc7d6,ags,yes,Jaccob Slavin,,betrivers,900,,oddsapi
2026-09-29T02:04:21Z,2026-09-29,FLA @ CAR,9de33ce1013f2a3375dbded2c9fbc7d6,ags,yes,Jordan Martinook,,betrivers,430,,oddsapi
2026-09-29T02:04:21Z,2026-09-29,FLA @ CAR,9de33ce1013f2a3375dbded2c9fbc7d6,ags,yes,Shayne Gostisbehere,,betrivers,575,,oddsapi
2026-09-29T02:04:21Z,2026-09-29,FLA @ CAR,9de33ce1013f2a3375dbded2c9fbc7d6,ags,yes,Matthew Tkachuk,,betrivers,225,,oddsapi
2026-09-29T02:04:21Z,2026-09-29,FLA @ CAR,9de33ce1013f2a3375dbded2c9fbc7d6,ags,yes,Eetu Luostarinen,,betrivers,460,,oddsapi
2026-09-29T02:04:21Z,2026-09-29,FLA @ CAR,9de33ce1013f2a3375dbded2c9fbc7d6,ags,yes,Sam Bennett,,betrivers,210,,oddsapi
2026-09-29T02:04:21Z,2026-09-29,FLA @ CAR,9de33ce1013f2a3375dbded2c9fbc7d6,ags,yes,Eric Robinson,,betrivers,375,,oddsapi
2026-09-29T02:04:21Z,2026-09-29,FLA @ CAR,9de33ce1013f2a3375dbded2c9fbc7d6,ags,yes,Jordan Staal,,betrivers,340,,oddsapi
2026-09-29T02:04:21Z,2026-09-29,FLA @ CAR,9de33ce1013f2a3375dbded2c9fbc7d6,ags,yes,Sandis Vilmanis,,betrivers,800,,oddsapi
2026-09-29T02:04:21Z,2026-09-29,FLA @ CAR,9de33ce1013f2a3375dbded2c9fbc7d6,ags,yes,K'Andre Miller,,betrivers,650,,oddsapi
2026-09-29T02:04:21Z,2026-09-29,FLA @ CAR,9de33ce1013f2a3375dbded2c9fbc7d6,ags,yes,Aleksander Barkov,,betrivers,310,,oddsapi
2026-09-29T02:04:21Z,2026-09-29,FLA @ CAR,9de33ce1013f2a3375dbded2c9fbc7d6,ags,yes,Sebastian Aho,,betrivers,200,,oddsapi
2026-09-29T02:04:21Z,2026-09-29,FLA @ CAR,9de33ce1013f2a3375dbded2c9fbc7d6,ags,yes,Jackson Blake,,betrivers,235,,oddsapi
2026-09-29T02:04:21Z,2026-09-29,FLA @ CAR,9de33ce1013f2a3375dbded2c9fbc7d6,ags,yes,Jalen Chatfield,,betrivers,950,,oddsapi
2026-09-29T02:04:21Z,2026-09-29,FLA @ CAR,9de33ce1013f2a3375dbded2c9fbc7d6,ags,yes,Seth Jones,,betrivers,650,,oddsapi
2026-09-29T02:04:21Z,2026-09-29,FLA @ CAR,9de33ce1013f2a3375dbded2c9fbc7d6,ags,yes,Gustav Forsling,,betrivers,850,,oddsapi
2026-09-29T02:04:21Z,2026-09-29,FLA @ CAR,9de33ce1013f2a3375dbded2c9fbc7d6,ags,yes,Mike Reilly,,betrivers,1000,,oddsapi
2026-09-29T02:04:21Z,2026-09-29,FLA @ CAR,9de33ce1013f2a3375dbded2c9fbc7d6,ags,yes,Bokondji Imama,,betrivers,800,,oddsapi
2026-09-29T02:04:21Z,2026-09-29,FLA @ CAR,9de33ce1013f2a3375dbded2c9fbc7d6,ags,yes,Radko Gudas,,betrivers,950,,oddsapi
2026-09-29T02:04:21Z,2026-09-29,FLA @ CAR,9de33ce1013f2a3375dbded2c9fbc7d6,ags,yes,Carter Verhaeghe,,betrivers,235,,oddsapi
2026-09-29T02:04:21Z,2026-09-29,FLA @ CAR,9de33ce1013f2a3375dbded2c9fbc7d6,ags,yes,Aaron Ekblad,,betrivers,700,,oddsapi
2026-09-29T02:04:21Z,2026-09-29,FLA @ CAR,9de33ce1013f2a3375dbded2c9fbc7d6,ags,yes,Sean Walker,,betrivers,700,,oddsapi
2026-09-29T02:04:21Z,2026-09-29,FLA @ CAR,9de33ce1013f2a3375dbded2c9fbc7d6,ags,yes,Anton Lundell,,betrivers,335,,oddsapi
2026-09-29T02:04:21Z,2026-09-29,FLA @ CAR,9de33ce1013f2a3375dbded2c9fbc7d6,ags,yes,Garnet Hathaway,,betrivers,900,,oddsapi
2026-09-29T02:04:21Z,2026-09-29,FLA @ CAR,9de33ce1013f2a3375dbded2c9fbc7d6,ags,yes,William Carrier,,betrivers,700,,oddsapi
2026-09-29T02:04:21Z,2026-09-29,FLA @ CAR,9de33ce1013f2a3375dbded2c9fbc7d6,ags,yes,Taylor Hall,,betrivers,310,,oddsapi
2026-09-29T02:04:21Z,2026-09-29,FLA @ CAR,9de33ce1013f2a3375dbded2c9fbc7d6,ags,yes,Andrei Svechnikov,,betrivers,190,,oddsapi
2026-09-29T02:04:21Z,2026-09-29,FLA @ CAR,9de33ce1013f2a3375dbded2c9fbc7d6,ags,yes,Nikolaj Ehlers,,betrivers,250,,oddsapi
2026-09-29T02:04:21Z,2026-09-29,FLA @ CAR,9de33ce1013f2a3375dbded2c9fbc7d6,ags,yes,Mark Jankowski,,betrivers,600,,oddsapi
2026-09-29T02:04:21Z,2026-09-29,FLA @ CAR,9de33ce1013f2a3375dbded2c9fbc7d6,ags,yes,Nicolas Deslauriers,,betrivers,1000,,oddsapi
2026-09-29T02:04:21Z,2026-09-29,FLA @ CAR,9de33ce1013f2a3375dbded2c9fbc7d6,ags,yes,Sam Reinhart,,betrivers,235,,oddsapi
2026-09-29T02:04:21Z,2026-09-29,FLA @ CAR,9de33ce1013f2a3375dbded2c9fbc7d6,ags,yes,Dmitry Kulikov,,betrivers,1000,,oddsapi
2026-09-29T02:04:21Z,2026-09-29,FLA @ CAR,9de33ce1013f2a3375dbded2c9fbc7d6,ags,yes,Brady Tkachuk,,betrivers,205,,oddsapi
2026-09-29T02:04:21Z,2026-09-29,FLA @ CAR,9de33ce1013f2a3375dbded2c9fbc7d6,ags,yes,Niko Mikkola,,betrivers,850,,oddsapi
2026-09-29T02:04:21Z,2026-09-29,FLA @ CAR,9de33ce1013f2a3375dbded2c9fbc7d6,ags,yes,Logan Stankoven,,betrivers,250,,oddsapi
2026-09-29T02:04:21Z,2026-09-29,FLA @ CAR,9de33ce1013f2a3375dbded2c9fbc7d6,ags,yes,Lars Eller,,betrivers,850,,oddsapi
2026-09-29T02:04:21Z,2026-09-29,FLA @ CAR,9de33ce1013f2a3375dbded2c9fbc7d6,ags,yes,Jaccob Slavin,,betrivers,900,,oddsapi
2026-09-29T02:04:21Z,2026-09-29,FLA @ CAR,9de33ce1013f2a3375dbded2c9fbc7d6,ags,yes,Jordan Martinook,,betrivers,430,,oddsapi
2026-09-29T02:04:21Z,2026-09-29,FLA @ CAR,9de33ce1013f2a3375dbded2c9fbc7d6,ags,yes,Shayne Gostisbehere,,betrivers,575,,oddsapi
2026-09-29T02:04:21Z,2026-09-29,FLA @ CAR,9de33ce1013f2a3375dbded2c9fbc7d6,ags,yes,Matthew Tkachuk,,betrivers,225,,oddsapi
2026-09-29T02:04:21Z,2026-09-29,FLA @ CAR,9de33ce1013f2a3375dbded2c9fbc7d6,ags,yes,Eetu Luostarinen,,betrivers,460,,oddsapi
2026-09-29T02:04:21Z,2026-09-29,FLA @ CAR,9de33ce1013f2a3375dbded2c9fbc7d6,ags,yes,Sam Bennett,,betrivers,210,,oddsapi
2026-09-29T02:04:21Z,2026-09-29,FLA @ CAR,9de33ce1013f2a3375dbded2c9fbc7d6,ags,yes,Eric Robinson,,betrivers,375,,oddsapi
2026-09-29T02:04:21Z,2026-09-29,FLA @ CAR,9de33ce1013f2a3375dbded2c9fbc7d6,ags,yes,Jordan Staal,,betrivers,340,,oddsapi
2026-09-29T02:04:21Z,2026-09-29,FLA @ CAR,9de33ce1013f2a3375dbded2c9fbc7d6,ags,yes,Sandis Vilmanis,,betrivers,800,,oddsapi
2026-09-29T02:04:21Z,2026-09-29,FLA @ CAR,9de33ce1013f2a3375dbded2c9fbc7d6,ags,yes,K'Andre Miller,,betrivers,650,,oddsapi
2026-09-29T02:04:21Z,2026-09-29,FLA @ CAR,9de33ce1013f2a3375dbded2c9fbc7d6,ags,yes,Aleksander Barkov,,betrivers,310,,oddsapi
2026-09-29T02:04:21Z,2026-09-29,FLA @ CAR,9de33ce1013f2a3375dbded2c9fbc7d6,ags,yes,Sebastian Aho,,betrivers,200,,oddsapi
2026-09-29T02:04:21Z,2026-09-29,FLA @ CAR,9de33ce1013f2a3375dbded2c9fbc7d6,ags,yes,Jackson Blake,,betrivers,235,,oddsapi
2026-09-29T02:04:21Z,2026-09-29,FLA @ CAR,9de33ce1013f2a3375dbded2c9fbc7d6,ags,yes,Jalen Chatfield,,betrivers,950,,oddsapi
2026-09-29T02:04:21Z,2026-09-29,FLA @ CAR,9de33ce1013f2a3375dbded2c9fbc7d6,ags,yes,Seth Jones,,betrivers,650,,oddsapi
2026-09-29T02:04:21Z,2026-09-29,FLA @ CAR,9de33ce1013f2a3375dbded2c9fbc7d6,ags,yes,Gustav Forsling,,betrivers,850,,oddsapi
2026-09-29T02:04:21Z,2026-09-29,FLA @ CAR,9de33ce1013f2a3375dbded2c9fbc7d6,fgs,yes,William Carrier,,betrivers,2900,,oddsapi
2026-09-29T02:04:21Z,2026-09-29,FLA @ CAR,9de33ce1013f2a3375dbded2c9fbc7d6,fgs,yes,Lars Eller,,betrivers,3500,,oddsapi
2026-09-29T02:04:21Z,2026-09-29,FLA @ CAR,9de33ce1013f2a3375dbded2c9fbc7d6,fgs,yes,Anton Lundell,,betrivers,1400,,oddsapi
2026-09-29T02:04:21Z,2026-09-29,FLA @ CAR,9de33ce1013f2a3375dbded2c9fbc7d6,fgs,yes,Gustav Forsling,,betrivers,3500,,oddsapi
2026-09-29T02:04:21Z,2026-09-29,FLA @ CAR,9de33ce1013f2a3375dbded2c9fbc7d6,fgs,yes,Jordan Martinook,,betrivers,1700,,oddsapi
2026-09-29T02:04:21Z,2026-09-29,FLA @ CAR,9de33ce1013f2a3375dbded2c9fbc7d6,fgs,yes,Andrei Svechnikov,,betrivers,800,,oddsapi
2026-09-29T02:04:21Z,2026-09-29,FLA @ CAR,9de33ce1013f2a3375dbded2c9fbc7d6,fgs,yes,Aleksander Barkov,,betrivers,1200,,oddsapi
2026-09-29T02:04:21Z,2026-09-29,FLA @ CAR,9de33ce1013f2a3375dbded2c9fbc7d6,fgs,yes,Taylor Hall,,betrivers,1200,,oddsapi
2026-09-29T02:04:21Z,2026-09-29,FLA @ CAR,9de33ce1013f2a3375dbded2c9fbc7d6,fgs,yes,Seth Jones,,betrivers,2500,,oddsapi
2026-09-29T02:04:21Z,2026-09-29,FLA @ CAR,9de33ce1013f2a3375dbded2c9fbc7d6,fgs,yes,Eric Robinson,,betrivers,1500,,oddsapi
2026-09-29T02:04:21Z,2026-09-29,FLA @ CAR,9de33ce1013f2a3375dbded2c9fbc7d6,fgs,yes,Sam Bennett,,betrivers,1000,,oddsapi
2026-09-29T02:04:21Z,2026-09-29,FLA @ CAR,9de33ce1013f2a3375dbded2c9fbc7d6,fgs,yes,Sandis Vilmanis,,betrivers,3500,,oddsapi
2026-09-29T02:04:21Z,2026-09-29,FLA @ CAR,9de33ce1013f2a3375dbded2c9fbc7d6,fgs,yes,Shayne Gostisbehere,,betrivers,2200,,oddsapi
2026-09-29T02:04:21Z,2026-09-29,FLA @ CAR,9de33ce1013f2a3375dbded2c9fbc7d6,fgs,yes,Jaccob Slavin,,betrivers,3500,,oddsapi
2026-09-29T02:04:21Z,2026-09-29,FLA @ CAR,9de33ce1013f2a3375dbded2c9fbc7d6,fgs,yes,Nikolaj Ehlers,,betrivers,1000,,oddsapi
2026-09-29T02:04:21Z,2026-09-29,FLA @ CAR,9de33ce1013f2a3375dbded2c9fbc7d6,fgs,yes,Jackson Blake,,betrivers,1000,,oddsapi
2026-09-29T02:04:21Z,2026-09-29,FLA @ CAR,9de33ce1013f2a3375dbded2c9fbc7d6,fgs,yes,K'Andre Miller,,betrivers,2500,,oddsapi
2026-09-29T02:04:21Z,2026-09-29,FLA @ CAR,9de33ce1013f2a3375dbded2c9fbc7d6,fgs,yes,Mark Jankowski,,betrivers,2400,,oddsapi
2026-09-29T02:04:21Z,2026-09-29,FLA @ CAR,9de33ce1013f2a3375dbded2c9fbc7d6,fgs,yes,Niko Mikkola,,betrivers,3500,,oddsapi
2026-09-29T02:04:21Z,2026-09-29,FLA @ CAR,9de33ce1013f2a3375dbded2c9fbc7d6,fgs,yes,Logan Stankoven,,betrivers,1050,,oddsapi
2026-09-29T02:04:21Z,2026-09-29,FLA @ CAR,9de33ce1013f2a3375dbded2c9fbc7d6,fgs,yes,Sebastian Aho,,betrivers,850,,oddsapi
2026-09-29T02:04:21Z,2026-09-29,FLA @ CAR,9de33ce1013f2a3375dbded2c9fbc7d6,fgs,yes,Sam Reinhart,,betrivers,1050,,oddsapi
2026-09-29T02:04:21Z,2026-09-29,FLA @ CAR,9de33ce1013f2a3375dbded2c9fbc7d6,fgs,yes,Sean Walker,,betrivers,3300,,oddsapi
2026-09-29T02:04:21Z,2026-09-29,FLA @ CAR,9de33ce1013f2a3375dbded2c9fbc7d6,fgs,yes,Bokondji Imama,,betrivers,3500,,oddsapi
2026-09-29T02:04:21Z,2026-09-29,FLA @ CAR,9de33ce1013f2a3375dbded2c9fbc7d6,fgs,yes,Eetu Luostarinen,,betrivers,1900,,oddsapi
2026-09-29T02:04:21Z,2026-09-29,FLA @ CAR,9de33ce1013f2a3375dbded2c9fbc7d6,fgs,yes,Carter Verhaeghe,,betrivers,1050,,oddsapi
2026-09-29T02:04:21Z,2026-09-29,FLA @ CAR,9de33ce1013f2a3375dbded2c9fbc7d6,fgs,yes,Nicolas Deslauriers,,betrivers,4000,,oddsapi
2026-09-29T02:04:21Z,2026-09-29,FLA @ CAR,9de33ce1013f2a3375dbded2c9fbc7d6,fgs,yes,Matthew Tkachuk,,betrivers,1050,,oddsapi
2026-09-29T02:04:21Z,2026-09-29,FLA @ CAR,9de33ce1013f2a3375dbded2c9fbc7d6,fgs,yes,Radko Gudas,,betrivers,4500,,oddsapi
2026-09-29T02:04:21Z,2026-09-29,FLA @ CAR,9de33ce1013f2a3375dbded2c9fbc7d6,fgs,yes,Dmitry Kulikov,,betrivers,4500,,oddsapi
2026-09-29T02:04:21Z,2026-09-29,FLA @ CAR,9de33ce1013f2a3375dbded2c9fbc7d6,fgs,yes,Mike Reilly,,betrivers,4500,,oddsapi
2026-09-29T02:04:21Z,2026-09-29,FLA @ CAR,9de33ce1013f2a3375dbded2c9fbc7d6,fgs,yes,Garnet Hathaway,,betrivers,4000,,oddsapi
2026-09-29T02:04:21Z,2026-09-29,FLA @ CAR,9de33ce1013f2a3375dbded2c9fbc7d6,fgs,yes,Brady Tkachuk,,betrivers,900,,oddsapi
2026-09-29T02:04:21Z,2026-09-29,FLA @ CAR,9de33ce1013f2a3375dbded2c9fbc7d6,fgs,yes,Jordan Staal,,betrivers,1400,,oddsapi
2026-09-29T02:04:21Z,2026-09-29,FLA @ CAR,9de33ce1013f2a3375dbded2c9fbc7d6,fgs,yes,Jalen Chatfield,,betrivers,4000,,oddsapi
2026-09-29T02:04:21Z,2026-09-29,FLA @ CAR,9de33ce1013f2a3375dbded2c9fbc7d6,fgs,yes,Aaron Ekblad,,betrivers,2800,,oddsapi
2026-09-29T02:04:21Z,2026-09-29,FLA @ CAR,9de33ce1013f2a3375dbded2c9fbc7d6,sk_g,over,Garnet Hathaway,1.5,betrivers,15000,,oddsapi
2026-09-29T02:04:21Z,2026-09-29,FLA @ CAR,9de33ce1013f2a3375dbded2c9fbc7d6,sk_g,over,Sam Reinhart,2.5,betrivers,9000,,oddsapi
2026-09-29T02:04:21Z,2026-09-29,FLA @ CAR,9de33ce1013f2a3375dbded2c9fbc7d6,sk_g,over,Aleksander Barkov,1.5,betrivers,2200,,oddsapi
2026-09-29T02:04:21Z,2026-09-29,FLA @ CAR,9de33ce1013f2a3375dbded2c9fbc7d6,sk_g,over,Carter Verhaeghe,2.5,betrivers,11000,,oddsapi
2026-09-29T02:04:21Z,2026-09-29,FLA @ CAR,9de33ce1013f2a3375dbded2c9fbc7d6,sk_g,over,Seth Jones,1.5,betrivers,8000,,oddsapi
2026-09-29T02:04:21Z,2026-09-29,FLA @ CAR,9de33ce1013f2a3375dbded2c9fbc7d6,sk_g,over,Logan Stankoven,1.5,betrivers,1500,,oddsapi
2026-09-29T02:04:21Z,2026-09-29,FLA @ CAR,9de33ce1013f2a3375dbded2c9fbc7d6,sk_g,over,Eric Robinson,1.5,betrivers,2800,,oddsapi
2026-09-29T02:04:21Z,2026-09-29,FLA @ CAR,9de33ce1013f2a3375dbded2c9fbc7d6,sk_g,over,Gustav Forsling,1.5,betrivers,14000,,oddsapi
2026-09-29T02:04:21Z,2026-09-29,FLA @ CAR,9de33ce1013f2a3375dbded2c9fbc7d6,sk_g,over,William Carrier,1.5,betrivers,11000,,oddsapi
2026-09-29T02:04:21Z,2026-09-29,FLA @ CAR,9de33ce1013f2a3375dbded2c9fbc7d6,sk_g,over,Taylor Hall,1.5,betrivers,2200,,oddsapi
2026-09-29T02:04:21Z,2026-09-29,FLA @ CAR,9de33ce1013f2a3375dbded2c9fbc7d6,sk_g,over,Andrei Svechnikov,2.5,betrivers,6600,,oddsapi
2026-09-29T02:04:21Z,2026-09-29,FLA @ CAR,9de33ce1013f2a3375dbded2c9fbc7d6,sk_g,over,Nikolaj Ehlers,2.5,betrivers,10000,,oddsapi
2026-09-29T02:04:21Z,2026-09-29,FLA @ CAR,9de33ce1013f2a3375dbded2c9fbc7d6,sk_g,over,Bokondji Imama,1.5,betrivers,13000,,oddsapi
2026-09-29T02:04:21Z,2026-09-29,FLA @ CAR,9de33ce1013f2a3375dbded2c9fbc7d6,sk_g,over,Andrei Svechnikov,1.5,betrivers,1050,,oddsapi
2026-09-29T02:04:21Z,2026-09-29,FLA @ CAR,9de33ce1013f2a3375dbded2c9fbc7d6,sk_g,over,Jordan Martinook,1.5,betrivers,4000,,oddsapi
2026-09-29T02:04:21Z,2026-09-29,FLA @ CAR,9de33ce1013f2a3375dbded2c9fbc7d6,sk_g,over,Matthew Tkachuk,1.5,betrivers,1300,,oddsapi
2026-09-29T02:04:21Z,2026-09-29,FLA @ CAR,9de33ce1013f2a3375dbded2c9fbc7d6,sk_g,over,Jordan Staal,1.5,betrivers,2500,,oddsapi
2026-09-29T02:04:21Z,2026-09-29,FLA @ CAR,9de33ce1013f2a3375dbded2c9fbc7d6,sk_g,over,Logan Stankoven,2.5,betrivers,10000,,oddsapi
2026-09-29T02:04:21Z,2026-09-29,FLA @ CAR,9de33ce1013f2a3375dbded2c9fbc7d6,sk_g,over,Sam Bennett,2.5,betrivers,8000,,oddsapi
2026-09-29T02:04:21Z,2026-09-29,FLA @ CAR,9de33ce1013f2a3375dbded2c9fbc7d6,sk_g,over,Brady Tkachuk,1.5,betrivers,1150,,oddsapi
2026-09-29T02:04:21Z,2026-09-29,FLA @ CAR,9de33ce1013f2a3375dbded2c9fbc7d6,sk_g,over,Sebastian Aho,1.5,betrivers,1100,,oddsapi
2026-09-29T02:04:21Z,2026-09-29,FLA @ CAR,9de33ce1013f2a3375dbded2c9fbc7d6,sk_g,over,Aaron Ekblad,1.5,betrivers,10000,,oddsapi
2026-09-29T02:04:21Z,2026-09-29,FLA @ CAR,9de33ce1013f2a3375dbded2c9fbc7d6,sk_g,over,Jackson Blake,1.5,betrivers,1400,,oddsapi
2026-09-29T02:04:21Z,2026-09-29,FLA @ CAR,9de33ce1013f2a3375dbded2c9fbc7d6,sk_g,over,Jackson Blake,2.5,betrivers,9000,,oddsapi
2026-09-29T02:04:21Z,2026-09-29,FLA @ CAR,9de33ce1013f2a3375dbded2c9fbc7d6,sk_g,over,Nikolaj Ehlers,1.5,betrivers,1500,,oddsapi
2026-09-29T02:04:21Z,2026-09-29,FLA @ CAR,9de33ce1013f2a3375dbded2c9fbc7d6,sk_g,over,Mark Jankowski,1.5,betrivers,7500,,oddsapi
2026-09-29T02:04:21Z,2026-09-29,FLA @ CAR,9de33ce1013f2a3375dbded2c9fbc7d6,sk_g,over,Shayne Gostisbehere,1.5,betrivers,6000,,oddsapi
2026-09-29T02:04:21Z,2026-09-29,FLA @ CAR,9de33ce1013f2a3375dbded2c9fbc7d6,sk_g,over,Matthew Tkachuk,2.5,betrivers,9000,,oddsapi
2026-09-29T02:04:21Z,2026-09-29,FLA @ CAR,9de33ce1013f2a3375dbded2c9fbc7d6,sk_g,over,Eetu Luostarinen,1.5,betrivers,3500,,oddsapi
2026-09-29T02:04:21Z,2026-09-29,FLA @ CAR,9de33ce1013f2a3375dbded2c9fbc7d6,sk_g,over,Sam Bennett,1.5,betrivers,1200,,oddsapi
2026-09-29T02:04:21Z,2026-09-29,FLA @ CAR,9de33ce1013f2a3375dbded2c9fbc7d6,sk_g,over,K'Andre Miller,1.5,betrivers,9000,,oddsapi
2026-09-29T02:04:21Z,2026-09-29,FLA @ CAR,9de33ce1013f2a3375dbded2c9fbc7d6,sk_g,over,Anton Lundell,1.5,betrivers,2400,,oddsapi
2026-09-29T02:04:21Z,2026-09-29,FLA @ CAR,9de33ce1013f2a3375dbded2c9fbc7d6,sk_g,over,Sandis Vilmanis,1.5,betrivers,15000,,oddsapi
2026-09-29T02:04:21Z,2026-09-29,FLA @ CAR,9de33ce1013f2a3375dbded2c9fbc7d6,sk_g,over,Sam Reinhart,1.5,betrivers,1400,,oddsapi
2026-09-29T02:04:21Z,2026-09-29,FLA @ CAR,9de33ce1013f2a3375dbded2c9fbc7d6,sk_g,over,Sean Walker,1.5,betrivers,10000,,oddsapi
2026-09-29T02:04:21Z,2026-09-29,FLA @ CAR,9de33ce1013f2a3375dbded2c9fbc7d6,sk_g,over,Sebastian Aho,2.5,betrivers,7000,,oddsapi
2026-09-29T02:04:21Z,2026-09-29,FLA @ CAR,9de33ce1013f2a3375dbded2c9fbc7d6,sk_g,over,Brady Tkachuk,2.5,betrivers,8000,,oddsapi
2026-09-29T02:04:21Z,2026-09-29,FLA @ CAR,9de33ce1013f2a3375dbded2c9fbc7d6,sk_g,over,Carter Verhaeghe,1.5,betrivers,1500,,oddsapi
2026-09-29T02:04:21Z,2026-09-29,FLA @ CAR,9de33ce1013f2a3375dbded2c9fbc7d6,sk_g,over,Niko Mikkola,1.5,betrivers,16000,,oddsapi
2026-09-29T02:04:21Z,2026-09-29,FLA @ CAR,9de33ce1013f2a3375dbded2c9fbc7d6,sk_g,over,Lars Eller,1.5,betrivers,16000,,oddsapi
2026-09-29T02:04:21Z,2026-09-29,FLA @ CAR,9de33ce1013f2a3375dbded2c9fbc7d6,p1_total,over,,2.5,betrivers,215,-335,oddsapi
2026-09-29T02:04:21Z,2026-09-29,FLA @ CAR,9de33ce1013f2a3375dbded2c9fbc7d6,p1_total,under,,2.5,betrivers,-335,215,oddsapi
2026-09-29T02:04:21Z,2026-09-29,FLA @ CAR,9de33ce1013f2a3375dbded2c9fbc7d6,p2_total,over,,2.5,betrivers,165,-245,oddsapi
2026-09-29T02:04:21Z,2026-09-29,FLA @ CAR,9de33ce1013f2a3375dbded2c9fbc7d6,p2_total,under,,2.5,betrivers,-245,165,oddsapi
2026-09-29T02:04:21Z,2026-09-29,FLA @ CAR,9de33ce1013f2a3375dbded2c9fbc7d6,p3_total,over,,3.5,betrivers,400,-770,oddsapi
2026-09-29T02:04:21Z,2026-09-29,FLA @ CAR,9de33ce1013f2a3375dbded2c9fbc7d6,p3_total,under,,3.5,betrivers,-770,400,oddsapi
2026-09-29T02:04:21Z,2026-09-29,FLA @ CAR,9de33ce1013f2a3375dbded2c9fbc7d6,game_pl_alt,CAR,,1.5,bovada,-360,250,oddsapi
2026-09-29T02:04:21Z,2026-09-29,FLA @ CAR,9de33ce1013f2a3375dbded2c9fbc7d6,game_pl_alt,CAR,,2.5,bovada,-650,425,oddsapi
2026-09-29T02:04:21Z,2026-09-29,FLA @ CAR,9de33ce1013f2a3375dbded2c9fbc7d6,game_pl_alt,CAR,,2.5,bovada,-700,425,oddsapi
2026-09-29T02:04:21Z,2026-09-29,FLA @ CAR,9de33ce1013f2a3375dbded2c9fbc7d6,game_pl_alt,CAR,,-2.5,bovada,295,-440,oddsapi
2026-09-29T02:04:21Z,2026-09-29,FLA @ CAR,9de33ce1013f2a3375dbded2c9fbc7d6,game_pl_alt,CAR,,3.5,bovada,-2000,800,oddsapi
2026-09-29T02:04:21Z,2026-09-29,FLA @ CAR,9de33ce1013f2a3375dbded2c9fbc7d6,game_pl_alt,FLA,,-1.5,bovada,250,-360,oddsapi
2026-09-29T02:04:21Z,2026-09-29,FLA @ CAR,9de33ce1013f2a3375dbded2c9fbc7d6,game_pl_alt,FLA,,-2.5,bovada,400,-700,oddsapi
2026-09-29T02:04:21Z,2026-09-29,FLA @ CAR,9de33ce1013f2a3375dbded2c9fbc7d6,game_pl_alt,FLA,,-2.5,bovada,425,-700,oddsapi
2026-09-29T02:04:21Z,2026-09-29,FLA @ CAR,9de33ce1013f2a3375dbded2c9fbc7d6,game_pl_alt,FLA,,2.5,bovada,-440,295,oddsapi
2026-09-29T02:04:21Z,2026-09-29,FLA @ CAR,9de33ce1013f2a3375dbded2c9fbc7d6,game_pl_alt,FLA,,-3.5,bovada,800,-2000,oddsapi
2026-09-29T02:04:21Z,2026-09-29,FLA @ CAR,9de33ce1013f2a3375dbded2c9fbc7d6,game_total_alt,over,,5.5,bovada,-165,125,oddsapi
2026-09-29T02:04:21Z,2026-09-29,FLA @ CAR,9de33ce1013f2a3375dbded2c9fbc7d6,game_total_alt,over,,6,bovada,-130,100,oddsapi
2026-09-29T02:04:21Z,2026-09-29,FLA @ CAR,9de33ce1013f2a3375dbded2c9fbc7d6,game_total_alt,over,,7,bovada,175,-230,oddsapi
2026-09-29T02:04:21Z,2026-09-29,FLA @ CAR,9de33ce1013f2a3375dbded2c9fbc7d6,game_total_alt,over,,7.5,bovada,230,-325,oddsapi
2026-09-29T02:04:21Z,2026-09-29,FLA @ CAR,9de33ce1013f2a3375dbded2c9fbc7d6,game_total_alt,under,,5.5,bovada,125,-165,oddsapi
2026-09-29T02:04:21Z,2026-09-29,FLA @ CAR,9de33ce1013f2a3375dbded2c9fbc7d6,game_total_alt,under,,6,bovada,100,-130,oddsapi
2026-09-29T02:04:21Z,2026-09-29,FLA @ CAR,9de33ce1013f2a3375dbded2c9fbc7d6,game_total_alt,under,,7,bovada,-230,175,oddsapi
2026-09-29T02:04:21Z,2026-09-29,FLA @ CAR,9de33ce1013f2a3375dbded2c9fbc7d6,game_total_alt,under,,7.5,bovada,-325,230,oddsapi
2026-09-29T02:04:21Z,2026-09-29,FLA @ CAR,9de33ce1013f2a3375dbded2c9fbc7d6,game_ml3,CAR,,,bovada,122,,oddsapi
2026-09-29T02:04:21Z,2026-09-29,FLA @ CAR,9de33ce1013f2a3375dbded2c9fbc7d6,game_ml3,FLA,,,bovada,165,,oddsapi
2026-09-29T02:04:21Z,2026-09-29,FLA @ CAR,9de33ce1013f2a3375dbded2c9fbc7d6,game_ml3,draw,,,bovada,310,,oddsapi
2026-09-29T02:04:21Z,2026-09-29,FLA @ CAR,9de33ce1013f2a3375dbded2c9fbc7d6,p1_ml,CAR,,,bovada,-130,100,oddsapi
2026-09-29T02:04:21Z,2026-09-29,FLA @ CAR,9de33ce1013f2a3375dbded2c9fbc7d6,p1_ml,FLA,,,bovada,100,-130,oddsapi
2026-09-29T02:04:21Z,2026-09-29,FLA @ CAR,9de33ce1013f2a3375dbded2c9fbc7d6,p2_ml,CAR,,,bovada,-130,100,oddsapi
2026-09-29T02:04:21Z,2026-09-29,FLA @ CAR,9de33ce1013f2a3375dbded2c9fbc7d6,p2_ml,FLA,,,bovada,100,-130,oddsapi
2026-09-29T02:04:21Z,2026-09-29,FLA @ CAR,9de33ce1013f2a3375dbded2c9fbc7d6,p3_ml,CAR,,,bovada,-130,100,oddsapi
2026-09-29T02:04:21Z,2026-09-29,FLA @ CAR,9de33ce1013f2a3375dbded2c9fbc7d6,p3_ml,FLA,,,bovada,100,-130,oddsapi
2026-09-29T02:04:21Z,2026-09-29,FLA @ CAR,9de33ce1013f2a3375dbded2c9fbc7d6,ags,yes,Andrei Svechnikov,,bovada,185,,oddsapi
2026-09-29T02:04:21Z,2026-09-29,FLA @ CAR,9de33ce1013f2a3375dbded2c9fbc7d6,ags,yes,Niko Mikkola,,bovada,1200,,oddsapi
2026-09-29T02:04:21Z,2026-09-29,FLA @ CAR,9de33ce1013f2a3375dbded2c9fbc7d6,ags,yes,Seth Jones,,bovada,600,,oddsapi
2026-09-29T02:04:21Z,2026-09-29,FLA @ CAR,9de33ce1013f2a3375dbded2c9fbc7d6,ags,yes,William Carrier,,bovada,900,,oddsapi
2026-09-29T02:04:21Z,2026-09-29,FLA @ CAR,9de33ce1013f2a3375dbded2c9fbc7d6,ags,yes,Carter Verhaeghe,,bovada,280,,oddsapi
2026-09-29T02:04:21Z,2026-09-29,FLA @ CAR,9de33ce1013f2a3375dbded2c9fbc7d6,ags,yes,Sandis Vilmanis,,bovada,900,,oddsapi
2026-09-29T02:04:21Z,2026-09-29,FLA @ CAR,9de33ce1013f2a3375dbded2c9fbc7d6,ags,yes,Shayne Gostisbehere,,bovada,450,,oddsapi
2026-09-29T02:04:21Z,2026-09-29,FLA @ CAR,9de33ce1013f2a3375dbded2c9fbc7d6,ags,yes,K'Andre Miller,,bovada,700,,oddsapi
2026-09-29T02:04:21Z,2026-09-29,FLA @ CAR,9de33ce1013f2a3375dbded2c9fbc7d6,ags,yes,Brady Tkachuk,,bovada,173,,oddsapi
2026-09-29T02:04:21Z,2026-09-29,FLA @ CAR,9de33ce1013f2a3375dbded2c9fbc7d6,ags,yes,Jaccob Slavin,,bovada,1200,,oddsapi
2026-09-29T02:04:21Z,2026-09-29,FLA @ CAR,9de33ce1013f2a3375dbded2c9fbc7d6,ags,yes,Jalen Chatfield,,bovada,1100,,oddsapi
2026-09-29T02:04:21Z,2026-09-29,FLA @ CAR,9de33ce1013f2a3375dbded2c9fbc7d6,ags,yes,Aaron Ekblad,,bovada,775,,oddsapi
2026-09-29T02:04:21Z,2026-09-29,FLA @ CAR,9de33ce1013f2a3375dbded2c9fbc7d6,ags,yes,Anton Lundell,,bovada,320,,oddsapi
2026-09-29T02:04:21Z,2026-09-29,FLA @ CAR,9de33ce1013f2a3375dbded2c9fbc7d6,ags,yes,Sebastian Aho,,bovada,210,,oddsapi
2026-09-29T02:04:21Z,2026-09-29,FLA @ CAR,9de33ce1013f2a3375dbded2c9fbc7d6,ags,yes,Nikolaj Ehlers,,bovada,212,,oddsapi
2026-09-29T02:04:21Z,2026-09-29,FLA @ CAR,9de33ce1013f2a3375dbded2c9fbc7d6,ags,yes,Gustav Forsling,,bovada,1100,,oddsapi
2026-09-29T02:04:21Z,2026-09-29,FLA @ CAR,9de33ce1013f2a3375dbded2c9fbc7d6,ags,yes,Sam Reinhart,,bovada,193,,oddsapi
2026-09-29T02:04:21Z,2026-09-29,FLA @ CAR,9de33ce1013f2a3375dbded2c9fbc7d6,ags,yes,Eetu Luostarinen,,bovada,475,,oddsapi
2026-09-29T02:04:21Z,2026-09-29,FLA @ CAR,9de33ce1013f2a3375dbded2c9fbc7d6,ags,yes,Jordan Staal,,bovada,285,,oddsapi
2026-09-29T02:04:21Z,2026-09-29,FLA @ CAR,9de33ce1013f2a3375dbded2c9fbc7d6,ags,yes,Dmitry Kulikov,,bovada,1700,,oddsapi
2026-09-29T02:04:21Z,2026-09-29,FLA @ CAR,9de33ce1013f2a3375dbded2c9fbc7d6,ags,yes,Sam Bennett,,bovada,260,,oddsapi
2026-09-29T02:04:21Z,2026-09-29,FLA @ CAR,9de33ce1013f2a3375dbded2c9fbc7d6,ags,yes,Logan Stankoven,,bovada,210,,oddsapi
2026-09-29T02:04:21Z,2026-09-29,FLA @ CAR,9de33ce1013f2a3375dbded2c9fbc7d6,ags,yes,Radko Gudas,,bovada,1700,,oddsapi
2026-09-29T02:04:21Z,2026-09-29,FLA @ CAR,9de33ce1013f2a3375dbded2c9fbc7d6,ags,yes,Jackson Blake,,bovada,235,,oddsapi
2026-09-29T02:04:21Z,2026-09-29,FLA @ CAR,9de33ce1013f2a3375dbded2c9fbc7d6,ags,yes,Eric Robinson,,bovada,400,,oddsapi
2026-09-29T02:04:21Z,2026-09-29,FLA @ CAR,9de33ce1013f2a3375dbded2c9fbc7d6,ags,yes,Sean Walker,,bovada,850,,oddsapi
2026-09-29T02:04:21Z,2026-09-29,FLA @ CAR,9de33ce1013f2a3375dbded2c9fbc7d6,ags,yes,Matthew Tkachuk,,bovada,185,,oddsapi
2026-09-29T02:04:21Z,2026-09-29,FLA @ CAR,9de33ce1013f2a3375dbded2c9fbc7d6,ags,yes,Aleksander Barkov,,bovada,255,,oddsapi
2026-09-29T02:04:21Z,2026-09-29,FLA @ CAR,9de33ce1013f2a3375dbded2c9fbc7d6,ags,yes,Jordan Martinook,,bovada,440,,oddsapi
2026-09-29T02:04:21Z,2026-09-29,FLA @ CAR,9de33ce1013f2a3375dbded2c9fbc7d6,ags,yes,Mark Jankowski,,bovada,575,,oddsapi
2026-09-29T02:04:21Z,2026-09-29,FLA @ CAR,9de33ce1013f2a3375dbded2c9fbc7d6,ags,yes,Taylor Hall,,bovada,285,,oddsapi
2026-09-29T02:04:21Z,2026-09-29,FLA @ CAR,9de33ce1013f2a3375dbded2c9fbc7d6,ags,yes,Mike Reilly,,bovada,1900,,oddsapi
2026-09-29T02:04:21Z,2026-09-29,FLA @ CAR,9de33ce1013f2a3375dbded2c9fbc7d6,ags,yes,Nicolas Deslauriers,,bovada,1100,,oddsapi
2026-09-29T02:04:21Z,2026-09-29,FLA @ CAR,9de33ce1013f2a3375dbded2c9fbc7d6,ags,yes,Bokondji Imama,,bovada,1300,,oddsapi
2026-09-29T02:04:21Z,2026-09-29,FLA @ CAR,9de33ce1013f2a3375dbded2c9fbc7d6,fgs,yes,Mark Jankowski,,bovada,3500,,oddsapi
2026-09-29T02:04:21Z,2026-09-29,FLA @ CAR,9de33ce1013f2a3375dbded2c9fbc7d6,fgs,yes,K'Andre Miller,,bovada,3500,,oddsapi
2026-09-29T02:04:21Z,2026-09-29,FLA @ CAR,9de33ce1013f2a3375dbded2c9fbc7d6,fgs,yes,Aaron Ekblad,,bovada,4500,,oddsapi
2026-09-29T02:04:21Z,2026-09-29,FLA @ CAR,9de33ce1013f2a3375dbded2c9fbc7d6,fgs,yes,Logan Stankoven,,bovada,1500,,oddsapi
2026-09-29T02:04:21Z,2026-09-29,FLA @ CAR,9de33ce1013f2a3375dbded2c9fbc7d6,fgs,yes,Sebastian Aho,,bovada,1400,,oddsapi
2026-09-29T02:04:21Z,2026-09-29,FLA @ CAR,9de33ce1013f2a3375dbded2c9fbc7d6,fgs,yes,Eric Robinson,,bovada,2200,,oddsapi
2026-09-29T02:04:21Z,2026-09-29,FLA @ CAR,9de33ce1013f2a3375dbded2c9fbc7d6,fgs,yes,Sean Walker,,bovada,4500,,oddsapi
2026-09-29T02:04:21Z,2026-09-29,FLA @ CAR,9de33ce1013f2a3375dbded2c9fbc7d6,fgs,yes,Nikolaj Ehlers,,bovada,1600,,oddsapi
2026-09-29T02:04:21Z,2026-09-29,FLA @ CAR,9de33ce1013f2a3375dbded2c9fbc7d6,fgs,yes,Niko Mikkola,,bovada,5500,,oddsapi
2026-09-29T02:04:21Z,2026-09-29,FLA @ CAR,9de33ce1013f2a3375dbded2c9fbc7d6,fgs,yes,Brady Tkachuk,,bovada,1200,,oddsapi
2026-09-29T02:04:21Z,2026-09-29,FLA @ CAR,9de33ce1013f2a3375dbded2c9fbc7d6,fgs,yes,Jackson Blake,,bovada,1600,,oddsapi
2026-09-29T02:04:21Z,2026-09-29,FLA @ CAR,9de33ce1013f2a3375dbded2c9fbc7d6,fgs,yes,Seth Jones,,bovada,3500,,oddsapi
2026-09-29T02:04:21Z,2026-09-29,FLA @ CAR,9de33ce1013f2a3375dbded2c9fbc7d6,fgs,yes,Jalen Chatfield,,bovada,5000,,oddsapi
2026-09-29T02:04:21Z,2026-09-29,FLA @ CAR,9de33ce1013f2a3375dbded2c9fbc7d6,fgs,yes,Sandis Vilmanis,,bovada,5000,,oddsapi
2026-09-29T02:04:21Z,2026-09-29,FLA @ CAR,9de33ce1013f2a3375dbded2c9fbc7d6,fgs,yes,Shayne Gostisbehere,,bovada,3000,,oddsapi
2026-09-29T02:04:21Z,2026-09-29,FLA @ CAR,9de33ce1013f2a3375dbded2c9fbc7d6,fgs,yes,Jordan Staal,,bovada,2000,,oddsapi
2026-09-29T02:04:21Z,2026-09-29,FLA @ CAR,9de33ce1013f2a3375dbded2c9fbc7d6,fgs,yes,Jaccob Slavin,,bovada,6500,,oddsapi
2026-09-29T02:04:21Z,2026-09-29,FLA @ CAR,9de33ce1013f2a3375dbded2c9fbc7d6,fgs,yes,Sam Reinhart,,bovada,1300,,oddsapi
2026-09-29T02:04:21Z,2026-09-29,FLA @ CAR,9de33ce1013f2a3375dbded2c9fbc7d6,fgs,yes,Andrei Svechnikov,,bovada,1200,,oddsapi
2026-09-29T02:04:21Z,2026-09-29,FLA @ CAR,9de33ce1013f2a3375dbded2c9fbc7d6,fgs,yes,Dmitry Kulikov,,bovada,10000,,oddsapi
2026-09-29T02:04:21Z,2026-09-29,FLA @ CAR,9de33ce1013f2a3375dbded2c9fbc7d6,fgs,yes,Eetu Luostarinen,,bovada,3000,,oddsapi
2026-09-29T02:04:21Z,2026-09-29,FLA @ CAR,9de33ce1013f2a3375dbded2c9fbc7d6,fgs,yes,Taylor Hall,,bovada,1800,,oddsapi
2026-09-29T02:04:21Z,2026-09-29,FLA @ CAR,9de33ce1013f2a3375dbded2c9fbc7d6,fgs,yes,William Carrier,,bovada,5000,,oddsapi
2026-09-29T02:04:21Z,2026-09-29,FLA @ CAR,9de33ce1013f2a3375dbded2c9fbc7d6,fgs,yes,Sam Bennett,,bovada,1700,,oddsapi
2026-09-29T02:04:21Z,2026-09-29,FLA @ CAR,9de33ce1013f2a3375dbded2c9fbc7d6,fgs,yes,Jordan Martinook,,bovada,2200,,oddsapi
2026-09-29T02:04:21Z,2026-09-29,FLA @ CAR,9de33ce1013f2a3375dbded2c9fbc7d6,fgs,yes,Gustav Forsling,,bovada,5500,,oddsapi
2026-09-29T02:04:21Z,2026-09-29,FLA @ CAR,9de33ce1013f2a3375dbded2c9fbc7d6,fgs,yes,Radko Gudas,,bovada,10000,,oddsapi
2026-09-29T02:04:21Z,2026-09-29,FLA @ CAR,9de33ce1013f2a3375dbded2c9fbc7d6,fgs,yes,Aleksander Barkov,,bovada,1800,,oddsapi
2026-09-29T02:04:21Z,2026-09-29,FLA @ CAR,9de33ce1013f2a3375dbded2c9fbc7d6,fgs,yes,Matthew Tkachuk,,bovada,1300,,oddsapi
2026-09-29T02:04:21Z,2026-09-29,FLA @ CAR,9de33ce1013f2a3375dbded2c9fbc7d6,fgs,yes,Carter Verhaeghe,,bovada,1900,,oddsapi
2026-09-29T02:04:21Z,2026-09-29,FLA @ CAR,9de33ce1013f2a3375dbded2c9fbc7d6,fgs,yes,Anton Lundell,,bovada,2500,,oddsapi
2026-09-29T02:04:21Z,2026-09-29,FLA @ CAR,9de33ce1013f2a3375dbded2c9fbc7d6,fgs,yes,Bokondji Imama,,bovada,7000,,oddsapi
2026-09-29T02:04:21Z,2026-09-29,FLA @ CAR,9de33ce1013f2a3375dbded2c9fbc7d6,p1_pl,CAR,,-0.5,bovada,155,-210,oddsapi
2026-09-29T02:04:21Z,2026-09-29,FLA @ CAR,9de33ce1013f2a3375dbded2c9fbc7d6,p1_pl,FLA,,0.5,bovada,-210,155,oddsapi
2026-09-29T02:04:21Z,2026-09-29,FLA @ CAR,9de33ce1013f2a3375dbded2c9fbc7d6,p2_pl,CAR,,-0.5,bovada,150,-200,oddsapi
2026-09-29T02:04:21Z,2026-09-29,FLA @ CAR,9de33ce1013f2a3375dbded2c9fbc7d6,p2_pl,FLA,,0.5,bovada,-200,150,oddsapi
2026-09-29T02:04:21Z,2026-09-29,FLA @ CAR,9de33ce1013f2a3375dbded2c9fbc7d6,p3_pl,CAR,,-0.5,bovada,130,-170,oddsapi
2026-09-29T02:04:21Z,2026-09-29,FLA @ CAR,9de33ce1013f2a3375dbded2c9fbc7d6,p3_pl,FLA,,0.5,bovada,-170,130,oddsapi
2026-09-29T02:04:21Z,2026-09-29,FLA @ CAR,9de33ce1013f2a3375dbded2c9fbc7d6,p1_total,over,,1.5,bovada,-135,105,oddsapi
2026-09-29T02:04:21Z,2026-09-29,FLA @ CAR,9de33ce1013f2a3375dbded2c9fbc7d6,p1_total,under,,1.5,bovada,105,-135,oddsapi
2026-09-29T02:04:21Z,2026-09-29,FLA @ CAR,9de33ce1013f2a3375dbded2c9fbc7d6,p2_total,over,,2,bovada,110,-145,oddsapi
2026-09-29T02:04:21Z,2026-09-29,FLA @ CAR,9de33ce1013f2a3375dbded2c9fbc7d6,p2_total,under,,2,bovada,-145,110,oddsapi
2026-09-29T02:04:21Z,2026-09-29,FLA @ CAR,9de33ce1013f2a3375dbded2c9fbc7d6,p3_total,over,,2,bovada,-145,110,oddsapi
2026-09-29T02:04:21Z,2026-09-29,FLA @ CAR,9de33ce1013f2a3375dbded2c9fbc7d6,p3_total,under,,2,bovada,110,-145,oddsapi
2026-09-29T02:04:21Z,2026-09-29,FLA @ CAR,9de33ce1013f2a3375dbded2c9fbc7d6,game_ml3,CAR,,,fanatics,120,,oddsapi
2026-09-29T02:04:21Z,2026-09-29,FLA @ CAR,9de33ce1013f2a3375dbded2c9fbc7d6,game_ml3,FLA,,,fanatics,160,,oddsapi
2026-09-29T02:04:21Z,2026-09-29,FLA @ CAR,9de33ce1013f2a3375dbded2c9fbc7d6,game_ml3,draw,,,fanatics,290,,oddsapi
2026-09-29T02:04:21Z,2026-09-29,FLA @ CAR,9de33ce1013f2a3375dbded2c9fbc7d6,ags,yes,Shayne Gostisbehere,,fanatics,450,,oddsapi
2026-09-29T02:04:21Z,2026-09-29,FLA @ CAR,9de33ce1013f2a3375dbded2c9fbc7d6,ags,yes,Taylor Hall,,fanatics,260,,oddsapi
2026-09-29T02:04:21Z,2026-09-29,FLA @ CAR,9de33ce1013f2a3375dbded2c9fbc7d6,ags,yes,Nikolaj Ehlers,,fanatics,215,,oddsapi
2026-09-29T02:04:21Z,2026-09-29,FLA @ CAR,9de33ce1013f2a3375dbded2c9fbc7d6,ags,yes,Sean Walker,,fanatics,800,,oddsapi
2026-09-29T02:04:21Z,2026-09-29,FLA @ CAR,9de33ce1013f2a3375dbded2c9fbc7d6,ags,yes,Nicolas Deslauriers,,fanatics,1200,,oddsapi
2026-09-29T02:04:21Z,2026-09-29,FLA @ CAR,9de33ce1013f2a3375dbded2c9fbc7d6,ags,yes,K'Andre Miller,,fanatics,700,,oddsapi
2026-09-29T02:04:21Z,2026-09-29,FLA @ CAR,9de33ce1013f2a3375dbded2c9fbc7d6,ags,yes,Jalen Chatfield,,fanatics,1200,,oddsapi
2026-09-29T02:04:21Z,2026-09-29,FLA @ CAR,9de33ce1013f2a3375dbded2c9fbc7d6,ags,yes,Jordan Staal,,fanatics,285,,oddsapi
2026-09-29T02:04:21Z,2026-09-29,FLA @ CAR,9de33ce1013f2a3375dbded2c9fbc7d6,ags,yes,Sebastian Aho,,fanatics,200,,oddsapi
2026-09-29T02:04:21Z,2026-09-29,FLA @ CAR,9de33ce1013f2a3375dbded2c9fbc7d6,ags,yes,Jordan Martinook,,fanatics,450,,oddsapi
2026-09-29T02:04:21Z,2026-09-29,FLA @ CAR,9de33ce1013f2a3375dbded2c9fbc7d6,ags,yes,William Carrier,,fanatics,850,,oddsapi
2026-09-29T02:04:21Z,2026-09-29,FLA @ CAR,9de33ce1013f2a3375dbded2c9fbc7d6,ags,yes,Mark Jankowski,,fanatics,600,,oddsapi
2026-09-29T02:04:21Z,2026-09-29,FLA @ CAR,9de33ce1013f2a3375dbded2c9fbc7d6,ags,yes,Logan Stankoven,,fanatics,200,,oddsapi
2026-09-29T02:04:21Z,2026-09-29,FLA @ CAR,9de33ce1013f2a3375dbded2c9fbc7d6,ags,yes,Andrei Svechnikov,,fanatics,180,,oddsapi
2026-09-29T02:04:21Z,2026-09-29,FLA @ CAR,9de33ce1013f2a3375dbded2c9fbc7d6,ags,yes,Eric Robinson,,fanatics,410,,oddsapi
2026-09-29T02:04:21Z,2026-09-29,FLA @ CAR,9de33ce1013f2a3375dbded2c9fbc7d6,ags,yes,Jackson Blake,,fanatics,230,,oddsapi
2026-09-29T02:04:21Z,2026-09-29,FLA @ CAR,9de33ce1013f2a3375dbded2c9fbc7d6,ags,yes,Aaron Ekblad,,fanatics,800,,oddsapi
2026-09-29T02:04:21Z,2026-09-29,FLA @ CAR,9de33ce1013f2a3375dbded2c9fbc7d6,ags,yes,Dmitry Kulikov,,fanatics,1900,,oddsapi
2026-09-29T02:04:21Z,2026-09-29,FLA @ CAR,9de33ce1013f2a3375dbded2c9fbc7d6,ags,yes,Sam Bennett,,fanatics,275,,oddsapi
2026-09-29T02:04:21Z,2026-09-29,FLA @ CAR,9de33ce1013f2a3375dbded2c9fbc7d6,ags,yes,Sam Reinhart,,fanatics,190,,oddsapi
2026-09-29T02:04:21Z,2026-09-29,FLA @ CAR,9de33ce1013f2a3375dbded2c9fbc7d6,ags,yes,Anton Lundell,,fanatics,325,,oddsapi
2026-09-29T02:04:21Z,2026-09-29,FLA @ CAR,9de33ce1013f2a3375dbded2c9fbc7d6,ags,yes,Aleksander Barkov,,fanatics,275,,oddsapi
2026-09-29T02:04:21Z,2026-09-29,FLA @ CAR,9de33ce1013f2a3375dbded2c9fbc7d6,ags,yes,Matthew Tkachuk,,fanatics,180,,oddsapi
2026-09-29T02:04:21Z,2026-09-29,FLA @ CAR,9de33ce1013f2a3375dbded2c9fbc7d6,ags,yes,Carter Verhaeghe,,fanatics,285,,oddsapi
2026-09-29T02:04:21Z,2026-09-29,FLA @ CAR,9de33ce1013f2a3375dbded2c9fbc7d6,ags,yes,Eetu Luostarinen,,fanatics,475,,oddsapi
2026-09-29T02:04:21Z,2026-09-29,FLA @ CAR,9de33ce1013f2a3375dbded2c9fbc7d6,ags,yes,Gustav Forsling,,fanatics,1100,,oddsapi
2026-09-29T02:04:21Z,2026-09-29,FLA @ CAR,9de33ce1013f2a3375dbded2c9fbc7d6,ags,yes,Niko Mikkola,,fanatics,1200,,oddsapi
2026-09-29T02:04:21Z,2026-09-29,FLA @ CAR,9de33ce1013f2a3375dbded2c9fbc7d6,ags,yes,Brady Tkachuk,,fanatics,175,,oddsapi
2026-09-29T02:04:21Z,2026-09-29,FLA @ CAR,9de33ce1013f2a3375dbded2c9fbc7d6,ags,yes,Seth Jones,,fanatics,575,,oddsapi
2026-09-29T02:04:21Z,2026-09-29,FLA @ CAR,9de33ce1013f2a3375dbded2c9fbc7d6,ags,yes,Garnet Hathaway,,fanatics,900,,oddsapi
2026-09-29T02:04:21Z,2026-09-29,FLA @ CAR,9de33ce1013f2a3375dbded2c9fbc7d6,ags,yes,Lars Eller,,fanatics,800,,oddsapi
2026-09-29T02:04:21Z,2026-09-29,FLA @ CAR,9de33ce1013f2a3375dbded2c9fbc7d6,ags,yes,Radko Gudas,,fanatics,2000,,oddsapi
2026-09-29T02:04:21Z,2026-09-29,FLA @ CAR,9de33ce1013f2a3375dbded2c9fbc7d6,ags,yes,Sandis Vilmanis,,fanatics,900,,oddsapi
2026-09-29T02:04:21Z,2026-09-29,FLA @ CAR,9de33ce1013f2a3375dbded2c9fbc7d6,ags,yes,Mike Reilly,,fanatics,2200,,oddsapi
2026-09-29T02:04:21Z,2026-09-29,FLA @ CAR,9de33ce1013f2a3375dbded2c9fbc7d6,ags,yes,Bokondji Imama,,fanatics,1400,,oddsapi
2026-09-29T02:04:21Z,2026-09-29,FLA @ CAR,9de33ce1013f2a3375dbded2c9fbc7d6,fgs,yes,Shayne Gostisbehere,,fanatics,2500,,oddsapi
2026-09-29T02:04:21Z,2026-09-29,FLA @ CAR,9de33ce1013f2a3375dbded2c9fbc7d6,fgs,yes,Taylor Hall,,fanatics,1300,,oddsapi
2026-09-29T02:04:21Z,2026-09-29,FLA @ CAR,9de33ce1013f2a3375dbded2c9fbc7d6,fgs,yes,Nikolaj Ehlers,,fanatics,1200,,oddsapi
2026-09-29T02:04:21Z,2026-09-29,FLA @ CAR,9de33ce1013f2a3375dbded2c9fbc7d6,fgs,yes,Sean Walker,,fanatics,4000,,oddsapi
2026-09-29T02:04:21Z,2026-09-29,FLA @ CAR,9de33ce1013f2a3375dbded2c9fbc7d6,fgs,yes,Nicolas Deslauriers,,fanatics,5000,,oddsapi
2026-09-29T02:04:21Z,2026-09-29,FLA @ CAR,9de33ce1013f2a3375dbded2c9fbc7d6,fgs,yes,K'Andre Miller,,fanatics,3500,,oddsapi
2026-09-29T02:04:21Z,2026-09-29,FLA @ CAR,9de33ce1013f2a3375dbded2c9fbc7d6,fgs,yes,Jalen Chatfield,,fanatics,4500,,oddsapi
2026-09-29T02:04:21Z,2026-09-29,FLA @ CAR,9de33ce1013f2a3375dbded2c9fbc7d6,fgs,yes,Jordan Staal,,fanatics,1500,,oddsapi
2026-09-29T02:04:21Z,2026-09-29,FLA @ CAR,9de33ce1013f2a3375dbded2c9fbc7d6,fgs,yes,Sebastian Aho,,fanatics,1100,,oddsapi
2026-09-29T02:04:21Z,2026-09-29,FLA @ CAR,9de33ce1013f2a3375dbded2c9fbc7d6,fgs,yes,Jordan Martinook,,fanatics,2200,,oddsapi
2026-09-29T02:04:21Z,2026-09-29,FLA @ CAR,9de33ce1013f2a3375dbded2c9fbc7d6,fgs,yes,William Carrier,,fanatics,3500,,oddsapi
2026-09-29T02:04:21Z,2026-09-29,FLA @ CAR,9de33ce1013f2a3375dbded2c9fbc7d6,fgs,yes,Mark Jankowski,,fanatics,2500,,oddsapi
2026-09-29T02:04:21Z,2026-09-29,FLA @ CAR,9de33ce1013f2a3375dbded2c9fbc7d6,fgs,yes,Logan Stankoven,,fanatics,1100,,oddsapi
2026-09-29T02:04:21Z,2026-09-29,FLA @ CAR,9de33ce1013f2a3375dbded2c9fbc7d6,fgs,yes,Andrei Svechnikov,,fanatics,1100,,oddsapi
2026-09-29T02:04:21Z,2026-09-29,FLA @ CAR,9de33ce1013f2a3375dbded2c9fbc7d6,fgs,yes,Eric Robinson,,fanatics,1900,,oddsapi
2026-09-29T02:04:21Z,2026-09-29,FLA @ CAR,9de33ce1013f2a3375dbded2c9fbc7d6,fgs,yes,Jackson Blake,,fanatics,1300,,oddsapi
2026-09-29T02:04:21Z,2026-09-29,FLA @ CAR,9de33ce1013f2a3375dbded2c9fbc7d6,fgs,yes,Aaron Ekblad,,fanatics,3500,,oddsapi
2026-09-29T02:04:21Z,2026-09-29,FLA @ CAR,9de33ce1013f2a3375dbded2c9fbc7d6,fgs,yes,Dmitry Kulikov,,fanatics,9000,,oddsapi
2026-09-29T02:04:21Z,2026-09-29,FLA @ CAR,9de33ce1013f2a3375dbded2c9fbc7d6,fgs,yes,Sam Bennett,,fanatics,1500,,oddsapi
2026-09-29T02:04:21Z,2026-09-29,FLA @ CAR,9de33ce1013f2a3375dbded2c9fbc7d6,fgs,yes,Sam Reinhart,,fanatics,1100,,oddsapi
2026-09-29T02:04:21Z,2026-09-29,FLA @ CAR,9de33ce1013f2a3375dbded2c9fbc7d6,fgs,yes,Anton Lundell,,fanatics,1700,,oddsapi
2026-09-29T02:04:21Z,2026-09-29,FLA @ CAR,9de33ce1013f2a3375dbded2c9fbc7d6,fgs,yes,Aleksander Barkov,,fanatics,1300,,oddsapi
2026-09-29T02:04:21Z,2026-09-29,FLA @ CAR,9de33ce1013f2a3375dbded2c9fbc7d6,fgs,yes,Matthew Tkachuk,,fanatics,1100,,oddsapi
2026-09-29T02:04:21Z,2026-09-29,FLA @ CAR,9de33ce1013f2a3375dbded2c9fbc7d6,fgs,yes,Carter Verhaeghe,,fanatics,1500,,oddsapi
2026-09-29T02:04:21Z,2026-09-29,FLA @ CAR,9de33ce1013f2a3375dbded2c9fbc7d6,fgs,yes,Eetu Luostarinen,,fanatics,2500,,oddsapi
2026-09-29T02:04:21Z,2026-09-29,FLA @ CAR,9de33ce1013f2a3375dbded2c9fbc7d6,fgs,yes,Gustav Forsling,,fanatics,4500,,oddsapi
2026-09-29T02:04:21Z,2026-09-29,FLA @ CAR,9de33ce1013f2a3375dbded2c9fbc7d6,fgs,yes,Niko Mikkola,,fanatics,6000,,oddsapi
2026-09-29T02:04:21Z,2026-09-29,FLA @ CAR,9de33ce1013f2a3375dbded2c9fbc7d6,fgs,yes,Brady Tkachuk,,fanatics,1000,,oddsapi
2026-09-29T02:04:21Z,2026-09-29,FLA @ CAR,9de33ce1013f2a3375dbded2c9fbc7d6,fgs,yes,Seth Jones,,fanatics,2500,,oddsapi
2026-09-29T02:04:21Z,2026-09-29,FLA @ CAR,9de33ce1013f2a3375dbded2c9fbc7d6,fgs,yes,Garnet Hathaway,,fanatics,4500,,oddsapi
2026-09-29T02:04:21Z,2026-09-29,FLA @ CAR,9de33ce1013f2a3375dbded2c9fbc7d6,fgs,yes,Lars Eller,,fanatics,3500,,oddsapi
2026-09-29T02:04:21Z,2026-09-29,FLA @ CAR,9de33ce1013f2a3375dbded2c9fbc7d6,fgs,yes,Radko Gudas,,fanatics,9000,,oddsapi
2026-09-29T02:04:21Z,2026-09-29,FLA @ CAR,9de33ce1013f2a3375dbded2c9fbc7d6,fgs,yes,Sandis Vilmanis,,fanatics,4500,,oddsapi
2026-09-29T02:04:21Z,2026-09-29,FLA @ CAR,9de33ce1013f2a3375dbded2c9fbc7d6,fgs,yes,No 1st Goal,,fanatics,20000,,oddsapi
2026-09-29T02:04:21Z,2026-09-29,FLA @ CAR,9de33ce1013f2a3375dbded2c9fbc7d6,fgs,yes,Mike Reilly,,fanatics,7000,,oddsapi
2026-09-29T02:04:21Z,2026-09-29,FLA @ CAR,9de33ce1013f2a3375dbded2c9fbc7d6,fgs,yes,Bokondji Imama,,fanatics,6000,,oddsapi
2026-09-29T02:04:21Z,2026-09-29,FLA @ CAR,9de33ce1013f2a3375dbded2c9fbc7d6,team_total,over,CAR,2.5,fanatics,-215,160,oddsapi
2026-09-29T02:04:21Z,2026-09-29,FLA @ CAR,9de33ce1013f2a3375dbded2c9fbc7d6,team_total,under,CAR,2.5,fanatics,160,-215,oddsapi
2026-09-29T02:04:21Z,2026-09-29,FLA @ CAR,9de33ce1013f2a3375dbded2c9fbc7d6,team_total,over,FLA,2.5,fanatics,-165,125,oddsapi
2026-09-29T02:04:21Z,2026-09-29,FLA @ CAR,9de33ce1013f2a3375dbded2c9fbc7d6,team_total,under,FLA,2.5,fanatics,125,-165,oddsapi
2026-09-29T02:04:21Z,2026-09-29,FLA @ CAR,9de33ce1013f2a3375dbded2c9fbc7d6,p1_ml,CAR,,,betus,-125,-105,oddsapi
2026-09-29T02:04:21Z,2026-09-29,FLA @ CAR,9de33ce1013f2a3375dbded2c9fbc7d6,p1_ml,FLA,,,betus,-105,-125,oddsapi
2026-09-29T02:04:21Z,2026-09-29,FLA @ CAR,9de33ce1013f2a3375dbded2c9fbc7d6,p1_pl,CAR,,-0.5,betus,155,-185,oddsapi
2026-09-29T02:04:21Z,2026-09-29,FLA @ CAR,9de33ce1013f2a3375dbded2c9fbc7d6,p1_pl,FLA,,0.5,betus,-185,155,oddsapi
2026-09-29T02:04:21Z,2026-09-29,FLA @ CAR,9de33ce1013f2a3375dbded2c9fbc7d6,p1_total,over,,1.5,betus,-135,105,oddsapi
2026-09-29T02:04:21Z,2026-09-29,FLA @ CAR,9de33ce1013f2a3375dbded2c9fbc7d6,p1_total,under,,1.5,betus,105,-135,oddsapi
2026-09-29T02:04:21Z,2026-09-29,MTL @ TOR,485b295347cb22f002e014cb87813ed7,game_pl_alt,MTL,,-3.5,draftkings,800,-1800,oddsapi
2026-09-29T02:04:21Z,2026-09-29,MTL @ TOR,485b295347cb22f002e014cb87813ed7,game_pl_alt,MTL,,-2.5,draftkings,340,-525,oddsapi
2026-09-29T02:04:21Z,2026-09-29,MTL @ TOR,485b295347cb22f002e014cb87813ed7,game_pl_alt,MTL,,-1.5,draftkings,210,-290,oddsapi
2026-09-29T02:04:21Z,2026-09-29,MTL @ TOR,485b295347cb22f002e014cb87813ed7,game_pl_alt,MTL,,2.5,draftkings,-505,330,oddsapi
2026-09-29T02:04:21Z,2026-09-29,MTL @ TOR,485b295347cb22f002e014cb87813ed7,game_pl_alt,MTL,,3.5,draftkings,-1600,750,oddsapi
2026-09-29T02:04:21Z,2026-09-29,MTL @ TOR,485b295347cb22f002e014cb87813ed7,game_pl_alt,TOR,,3.5,draftkings,-1800,800,oddsapi
2026-09-29T02:04:21Z,2026-09-29,MTL @ TOR,485b295347cb22f002e014cb87813ed7,game_pl_alt,TOR,,2.5,draftkings,-525,340,oddsapi
2026-09-29T02:04:21Z,2026-09-29,MTL @ TOR,485b295347cb22f002e014cb87813ed7,game_pl_alt,TOR,,1.5,draftkings,-290,210,oddsapi
2026-09-29T02:04:21Z,2026-09-29,MTL @ TOR,485b295347cb22f002e014cb87813ed7,game_pl_alt,TOR,,-2.5,draftkings,330,-505,oddsapi
2026-09-29T02:04:21Z,2026-09-29,MTL @ TOR,485b295347cb22f002e014cb87813ed7,game_pl_alt,TOR,,-3.5,draftkings,750,-1600,oddsapi
2026-09-29T02:04:21Z,2026-09-29,MTL @ TOR,485b295347cb22f002e014cb87813ed7,team_total_alt,over,MTL,0.5,draftkings,-3500,1100,oddsapi
2026-09-29T02:04:21Z,2026-09-29,MTL @ TOR,485b295347cb22f002e014cb87813ed7,team_total_alt,under,MTL,0.5,draftkings,1100,-3500,oddsapi
2026-09-29T02:04:21Z,2026-09-29,MTL @ TOR,485b295347cb22f002e014cb87813ed7,team_total_alt,over,MTL,1.5,draftkings,-525,340,oddsapi
2026-09-29T02:04:21Z,2026-09-29,MTL @ TOR,485b295347cb22f002e014cb87813ed7,team_total_alt,under,MTL,1.5,draftkings,340,-525,oddsapi
2026-09-29T02:04:21Z,2026-09-29,MTL @ TOR,485b295347cb22f002e014cb87813ed7,team_total_alt,over,MTL,2.5,draftkings,-175,135,oddsapi
2026-09-29T02:04:21Z,2026-09-29,MTL @ TOR,485b295347cb22f002e014cb87813ed7,team_total_alt,under,MTL,2.5,draftkings,135,-175,oddsapi
2026-09-29T02:04:21Z,2026-09-29,MTL @ TOR,485b295347cb22f002e014cb87813ed7,team_total_alt,over,MTL,3.5,draftkings,130,-170,oddsapi
2026-09-29T02:04:21Z,2026-09-29,MTL @ TOR,485b295347cb22f002e014cb87813ed7,team_total_alt,under,MTL,3.5,draftkings,-170,130,oddsapi
2026-09-29T02:04:21Z,2026-09-29,MTL @ TOR,485b295347cb22f002e014cb87813ed7,team_total_alt,over,MTL,4.5,draftkings,300,-450,oddsapi
2026-09-29T02:04:21Z,2026-09-29,MTL @ TOR,485b295347cb22f002e014cb87813ed7,team_total_alt,under,MTL,4.5,draftkings,-450,300,oddsapi
2026-09-29T02:04:21Z,2026-09-29,MTL @ TOR,485b295347cb22f002e014cb87813ed7,team_total_alt,over,MTL,5.5,draftkings,700,-1400,oddsapi
2026-09-29T02:04:21Z,2026-09-29,MTL @ TOR,485b295347cb22f002e014cb87813ed7,team_total_alt,under,MTL,5.5,draftkings,-1400,700,oddsapi
2026-09-29T02:04:21Z,2026-09-29,MTL @ TOR,485b295347cb22f002e014cb87813ed7,team_total_alt,over,TOR,0.5,draftkings,-4500,1200,oddsapi
2026-09-29T02:04:21Z,2026-09-29,MTL @ TOR,485b295347cb22f002e014cb87813ed7,team_total_alt,under,TOR,0.5,draftkings,1200,-4500,oddsapi
2026-09-29T02:04:21Z,2026-09-29,MTL @ TOR,485b295347cb22f002e014cb87813ed7,team_total_alt,over,TOR,1.5,draftkings,-575,360,oddsapi
2026-09-29T02:04:21Z,2026-09-29,MTL @ TOR,485b295347cb22f002e014cb87813ed7,team_total_alt,under,TOR,1.5,draftkings,360,-575,oddsapi
2026-09-29T02:04:21Z,2026-09-29,MTL @ TOR,485b295347cb22f002e014cb87813ed7,team_total_alt,over,TOR,2.5,draftkings,-190,145,oddsapi
2026-09-29T02:04:21Z,2026-09-29,MTL @ TOR,485b295347cb22f002e014cb87813ed7,team_total_alt,under,TOR,2.5,draftkings,145,-190,oddsapi
2026-09-29T02:04:21Z,2026-09-29,MTL @ TOR,485b295347cb22f002e014cb87813ed7,team_total_alt,over,TOR,3.5,draftkings,125,-165,oddsapi
2026-09-29T02:04:21Z,2026-09-29,MTL @ TOR,485b295347cb22f002e014cb87813ed7,team_total_alt,under,TOR,3.5,draftkings,-165,125,oddsapi
2026-09-29T02:04:21Z,2026-09-29,MTL @ TOR,485b295347cb22f002e014cb87813ed7,team_total_alt,over,TOR,4.5,draftkings,270,-400,oddsapi
2026-09-29T02:04:21Z,2026-09-29,MTL @ TOR,485b295347cb22f002e014cb87813ed7,team_total_alt,under,TOR,4.5,draftkings,-400,270,oddsapi
2026-09-29T02:04:21Z,2026-09-29,MTL @ TOR,485b295347cb22f002e014cb87813ed7,team_total_alt,over,TOR,5.5,draftkings,650,-1300,oddsapi
2026-09-29T02:04:21Z,2026-09-29,MTL @ TOR,485b295347cb22f002e014cb87813ed7,team_total_alt,under,TOR,5.5,draftkings,-1300,650,oddsapi
2026-09-29T02:04:21Z,2026-09-29,MTL @ TOR,485b295347cb22f002e014cb87813ed7,game_total_alt,over,,3.5,draftkings,-920,510,oddsapi
2026-09-29T02:04:21Z,2026-09-29,MTL @ TOR,485b295347cb22f002e014cb87813ed7,game_total_alt,over,,4.5,draftkings,-475,310,oddsapi
2026-09-29T02:04:21Z,2026-09-29,MTL @ TOR,485b295347cb22f002e014cb87813ed7,game_total_alt,over,,5.5,draftkings,-160,120,oddsapi
2026-09-29T02:04:21Z,2026-09-29,MTL @ TOR,485b295347cb22f002e014cb87813ed7,game_total_alt,over,,7.5,draftkings,230,-325,oddsapi
2026-09-29T02:04:21Z,2026-09-29,MTL @ TOR,485b295347cb22f002e014cb87813ed7,game_total_alt,over,,8.5,draftkings,350,-550,oddsapi
2026-09-29T02:04:21Z,2026-09-29,MTL @ TOR,485b295347cb22f002e014cb87813ed7,game_total_alt,over,,9.5,draftkings,750,-1600,oddsapi
2026-09-29T02:04:21Z,2026-09-29,MTL @ TOR,485b295347cb22f002e014cb87813ed7,game_total_alt,under,,3.5,draftkings,510,-920,oddsapi
2026-09-29T02:04:21Z,2026-09-29,MTL @ TOR,485b295347cb22f002e014cb87813ed7,game_total_alt,under,,4.5,draftkings,310,-475,oddsapi
2026-09-29T02:04:21Z,2026-09-29,MTL @ TOR,485b295347cb22f002e014cb87813ed7,game_total_alt,under,,5.5,draftkings,120,-160,oddsapi
2026-09-29T02:04:21Z,2026-09-29,MTL @ TOR,485b295347cb22f002e014cb87813ed7,game_total_alt,under,,7.5,draftkings,-325,230,oddsapi
2026-09-29T02:04:21Z,2026-09-29,MTL @ TOR,485b295347cb22f002e014cb87813ed7,game_total_alt,under,,8.5,draftkings,-550,350,oddsapi
2026-09-29T02:04:21Z,2026-09-29,MTL @ TOR,485b295347cb22f002e014cb87813ed7,game_total_alt,under,,9.5,draftkings,-1600,750,oddsapi
2026-09-29T02:04:21Z,2026-09-29,MTL @ TOR,485b295347cb22f002e014cb87813ed7,game_ml3,MTL,,,draftkings,150,,oddsapi
2026-09-29T02:04:21Z,2026-09-29,MTL @ TOR,485b295347cb22f002e014cb87813ed7,game_ml3,TOR,,,draftkings,130,,oddsapi
2026-09-29T02:04:21Z,2026-09-29,MTL @ TOR,485b295347cb22f002e014cb87813ed7,game_ml3,draw,,,draftkings,310,,oddsapi
2026-09-29T02:04:21Z,2026-09-29,MTL @ TOR,485b295347cb22f002e014cb87813ed7,p1_ml3,MTL,,,draftkings,185,,oddsapi
2026-09-29T02:04:21Z,2026-09-29,MTL @ TOR,485b295347cb22f002e014cb87813ed7,p1_ml3,TOR,,,draftkings,175,,oddsapi
2026-09-29T02:04:21Z,2026-09-29,MTL @ TOR,485b295347cb22f002e014cb87813ed7,p1_ml3,draw,,,draftkings,180,,oddsapi
2026-09-29T02:04:21Z,2026-09-29,MTL @ TOR,485b295347cb22f002e014cb87813ed7,p2_ml3,MTL,,,draftkings,175,,oddsapi
2026-09-29T02:04:21Z,2026-09-29,MTL @ TOR,485b295347cb22f002e014cb87813ed7,p2_ml3,TOR,,,draftkings,160,,oddsapi
2026-09-29T02:04:21Z,2026-09-29,MTL @ TOR,485b295347cb22f002e014cb87813ed7,p2_ml3,draw,,,draftkings,205,,oddsapi
2026-09-29T02:04:21Z,2026-09-29,MTL @ TOR,485b295347cb22f002e014cb87813ed7,ags,yes,Cole Caufield,,draftkings,140,,oddsapi
2026-09-29T02:04:21Z,2026-09-29,MTL @ TOR,485b295347cb22f002e014cb87813ed7,ags,yes,Auston Matthews,,draftkings,145,,oddsapi
2026-09-29T02:04:21Z,2026-09-29,MTL @ TOR,485b295347cb22f002e014cb87813ed7,ags,yes,William Nylander,,draftkings,175,,oddsapi
2026-09-29T02:04:21Z,2026-09-29,MTL @ TOR,485b295347cb22f002e014cb87813ed7,ags,yes,John Tavares,,draftkings,195,,oddsapi
2026-09-29T02:04:21Z,2026-09-29,MTL @ TOR,485b295347cb22f002e014cb87813ed7,ags,yes,Nick Suzuki,,draftkings,235,,oddsapi
2026-09-29T02:04:21Z,2026-09-29,MTL @ TOR,485b295347cb22f002e014cb87813ed7,ags,yes,Jack Roslovic,,draftkings,240,,oddsapi
2026-09-29T02:04:21Z,2026-09-29,MTL @ TOR,485b295347cb22f002e014cb87813ed7,ags,yes,Juraj Slafkovsky,,draftkings,250,,oddsapi
2026-09-29T02:04:21Z,2026-09-29,MTL @ TOR,485b295347cb22f002e014cb87813ed7,ags,yes,Gavin McKenna,,draftkings,250,,oddsapi
2026-09-29T02:04:21Z,2026-09-29,MTL @ TOR,485b295347cb22f002e014cb87813ed7,ags,yes,Ivan Demidov,,draftkings,300,,oddsapi
2026-09-29T02:04:21Z,2026-09-29,MTL @ TOR,485b295347cb22f002e014cb87813ed7,ags,yes,Chris Kreider,,draftkings,320,,oddsapi
2026-09-29T02:04:21Z,2026-09-29,MTL @ TOR,485b295347cb22f002e014cb87813ed7,ags,yes,Nick Paul,,draftkings,390,,oddsapi
2026-09-29T02:04:21Z,2026-09-29,MTL @ TOR,485b295347cb22f002e014cb87813ed7,ags,yes,Alexandre Texier,,draftkings,400,,oddsapi
2026-09-29T02:04:21Z,2026-09-29,MTL @ TOR,485b295347cb22f002e014cb87813ed7,ags,yes,Alex Newhook,,draftkings,400,,oddsapi
2026-09-29T02:04:21Z,2026-09-29,MTL @ TOR,485b295347cb22f002e014cb87813ed7,ags,yes,Easton Cowan,,draftkings,425,,oddsapi
2026-09-29T02:04:21Z,2026-09-29,MTL @ TOR,485b295347cb22f002e014cb87813ed7,ags,yes,Kirby Dach,,draftkings,425,,oddsapi
2026-09-29T02:04:21Z,2026-09-29,MTL @ TOR,485b295347cb22f002e014cb87813ed7,ags,yes,Darren Raddysh,,draftkings,450,,oddsapi
2026-09-29T02:04:21Z,2026-09-29,MTL @ TOR,485b295347cb22f002e014cb87813ed7,ags,yes,Zack Bolduc,,draftkings,450,,oddsapi
2026-09-29T02:04:21Z,2026-09-29,MTL @ TOR,485b295347cb22f002e014cb87813ed7,ags,yes,Josh Anderson,,draftkings,500,,oddsapi
2026-09-29T02:04:21Z,2026-09-29,MTL @ TOR,485b295347cb22f002e014cb87813ed7,ags,yes,Lane Hutson,,draftkings,550,,oddsapi
2026-09-29T02:04:21Z,2026-09-29,MTL @ TOR,485b295347cb22f002e014cb87813ed7,ags,yes,Teddy Blueger,,draftkings,600,,oddsapi
2026-09-29T02:04:21Z,2026-09-29,MTL @ TOR,485b295347cb22f002e014cb87813ed7,ags,yes,Morgan Rielly,,draftkings,650,,oddsapi
2026-09-29T02:04:21Z,2026-09-29,MTL @ TOR,485b295347cb22f002e014cb87813ed7,ags,yes,Colton Sissons,,draftkings,650,,oddsapi
2026-09-29T02:04:21Z,2026-09-29,MTL @ TOR,485b295347cb22f002e014cb87813ed7,ags,yes,Jake Evans,,draftkings,700,,oddsapi
2026-09-29T02:04:21Z,2026-09-29,MTL @ TOR,485b295347cb22f002e014cb87813ed7,ags,yes,Brandon Duhaime,,draftkings,800,,oddsapi
2026-09-29T02:04:21Z,2026-09-29,MTL @ TOR,485b295347cb22f002e014cb87813ed7,ags,yes,Noah Dobson,,draftkings,800,,oddsapi
2026-09-29T02:04:21Z,2026-09-29,MTL @ TOR,485b295347cb22f002e014cb87813ed7,ags,yes,Phillip Danault,,draftkings,850,,oddsapi
2026-09-29T02:04:21Z,2026-09-29,MTL @ TOR,485b295347cb22f002e014cb87813ed7,ags,yes,Zack MacEwen,,draftkings,950,,oddsapi
2026-09-29T02:04:21Z,2026-09-29,MTL @ TOR,485b295347cb22f002e014cb87813ed7,ags,yes,Mike Matheson,,draftkings,1100,,oddsapi
2026-09-29T02:04:21Z,2026-09-29,MTL @ TOR,485b295347cb22f002e014cb87813ed7,ags,yes,Oliver Ekman-Larsson,,draftkings,1400,,oddsapi
2026-09-29T02:04:21Z,2026-09-29,MTL @ TOR,485b295347cb22f002e014cb87813ed7,ags,yes,Jake McCabe,,draftkings,1400,,oddsapi
2026-09-29T02:04:21Z,2026-09-29,MTL @ TOR,485b295347cb22f002e014cb87813ed7,ags,yes,Troy Stecher,,draftkings,1800,,oddsapi
2026-09-29T02:04:21Z,2026-09-29,MTL @ TOR,485b295347cb22f002e014cb87813ed7,ags,yes,Christopher Tanev,,draftkings,1800,,oddsapi
2026-09-29T02:04:21Z,2026-09-29,MTL @ TOR,485b295347cb22f002e014cb87813ed7,ags,yes,Alexandre Carrier,,draftkings,1900,,oddsapi
2026-09-29T02:04:21Z,2026-09-29,MTL @ TOR,485b295347cb22f002e014cb87813ed7,ags,yes,Jayden Struble,,draftkings,2500,,oddsapi
2026-09-29T02:04:21Z,2026-09-29,MTL @ TOR,485b295347cb22f002e014cb87813ed7,ags,yes,Arber Xhekaj,,draftkings,2800,,oddsapi
2026-09-29T02:04:21Z,2026-09-29,MTL @ TOR,485b295347cb22f002e014cb87813ed7,fgs,yes,Cole Caufield,,draftkings,900,,oddsapi
2026-09-29T02:04:21Z,2026-09-29,MTL @ TOR,485b295347cb22f002e014cb87813ed7,fgs,yes,Auston Matthews,,draftkings,1000,,oddsapi
2026-09-29T02:04:21Z,2026-09-29,MTL @ TOR,485b295347cb22f002e014cb87813ed7,fgs,yes,William Nylander,,draftkings,1300,,oddsapi
2026-09-29T02:04:21Z,2026-09-29,MTL @ TOR,485b295347cb22f002e014cb87813ed7,fgs,yes,Nick Suzuki,,draftkings,1400,,oddsapi
2026-09-29T02:04:21Z,2026-09-29,MTL @ TOR,485b295347cb22f002e014cb87813ed7,fgs,yes,John Tavares,,draftkings,1500,,oddsapi
2026-09-29T02:04:21Z,2026-09-29,MTL @ TOR,485b295347cb22f002e014cb87813ed7,fgs,yes,Juraj Slafkovsky,,draftkings,1600,,oddsapi
2026-09-29T02:04:21Z,2026-09-29,MTL @ TOR,485b295347cb22f002e014cb87813ed7,fgs,yes,Jack Roslovic,,draftkings,1600,,oddsapi
2026-09-29T02:04:21Z,2026-09-29,MTL @ TOR,485b295347cb22f002e014cb87813ed7,fgs,yes,Chris Kreider,,draftkings,1700,,oddsapi
2026-09-29T02:04:21Z,2026-09-29,MTL @ TOR,485b295347cb22f002e014cb87813ed7,fgs,yes,Ivan Demidov,,draftkings,1800,,oddsapi
2026-09-29T02:04:21Z,2026-09-29,MTL @ TOR,485b295347cb22f002e014cb87813ed7,fgs,yes,Gavin McKenna,,draftkings,1800,,oddsapi
2026-09-29T02:04:21Z,2026-09-29,MTL @ TOR,485b295347cb22f002e014cb87813ed7,fgs,yes,Alex Newhook,,draftkings,2500,,oddsapi
2026-09-29T02:04:21Z,2026-09-29,MTL @ TOR,485b295347cb22f002e014cb87813ed7,fgs,yes,Kirby Dach,,draftkings,2500,,oddsapi
2026-09-29T02:04:21Z,2026-09-29,MTL @ TOR,485b295347cb22f002e014cb87813ed7,fgs,yes,Nick Paul,,draftkings,2500,,oddsapi
2026-09-29T02:04:21Z,2026-09-29,MTL @ TOR,485b295347cb22f002e014cb87813ed7,fgs,yes,Alexandre Texier,,draftkings,2500,,oddsapi
2026-09-29T02:04:21Z,2026-09-29,MTL @ TOR,485b295347cb22f002e014cb87813ed7,fgs,yes,Easton Cowan,,draftkings,2800,,oddsapi
2026-09-29T02:04:21Z,2026-09-29,MTL @ TOR,485b295347cb22f002e014cb87813ed7,fgs,yes,Darren Raddysh,,draftkings,2800,,oddsapi
2026-09-29T02:04:21Z,2026-09-29,MTL @ TOR,485b295347cb22f002e014cb87813ed7,fgs,yes,Zack Bolduc,,draftkings,2800,,oddsapi
2026-09-29T02:04:21Z,2026-09-29,MTL @ TOR,485b295347cb22f002e014cb87813ed7,fgs,yes,Lane Hutson,,draftkings,3000,,oddsapi
2026-09-29T02:04:21Z,2026-09-29,MTL @ TOR,485b295347cb22f002e014cb87813ed7,fgs,yes,Josh Anderson,,draftkings,3000,,oddsapi
2026-09-29T02:04:21Z,2026-09-29,MTL @ TOR,485b295347cb22f002e014cb87813ed7,fgs,yes,Teddy Blueger,,draftkings,3500,,oddsapi
2026-09-29T02:04:21Z,2026-09-29,MTL @ TOR,485b295347cb22f002e014cb87813ed7,fgs,yes,Morgan Rielly,,draftkings,3500,,oddsapi
2026-09-29T02:04:21Z,2026-09-29,MTL @ TOR,485b295347cb22f002e014cb87813ed7,fgs,yes,Noah Dobson,,draftkings,4000,,oddsapi
2026-09-29T02:04:21Z,2026-09-29,MTL @ TOR,485b295347cb22f002e014cb87813ed7,fgs,yes,Colton Sissons,,draftkings,4000,,oddsapi
2026-09-29T02:04:21Z,2026-09-29,MTL @ TOR,485b295347cb22f002e014cb87813ed7,fgs,yes,Jake Evans,,draftkings,4000,,oddsapi
2026-09-29T02:04:21Z,2026-09-29,MTL @ TOR,485b295347cb22f002e014cb87813ed7,fgs,yes,Brandon Duhaime,,draftkings,4500,,oddsapi
2026-09-29T02:04:21Z,2026-09-29,MTL @ TOR,485b295347cb22f002e014cb87813ed7,fgs,yes,Phillip Danault,,draftkings,4500,,oddsapi
2026-09-29T02:04:21Z,2026-09-29,MTL @ TOR,485b295347cb22f002e014cb87813ed7,fgs,yes,Mike Matheson,,draftkings,5000,,oddsapi
2026-09-29T02:04:21Z,2026-09-29,MTL @ TOR,485b295347cb22f002e014cb87813ed7,fgs,yes,Zack MacEwen,,draftkings,5000,,oddsapi
2026-09-29T02:04:21Z,2026-09-29,MTL @ TOR,485b295347cb22f002e014cb87813ed7,fgs,yes,Jake McCabe,,draftkings,8000,,oddsapi
2026-09-29T02:04:21Z,2026-09-29,MTL @ TOR,485b295347cb22f002e014cb87813ed7,fgs,yes,Christopher Tanev,,draftkings,8000,,oddsapi
2026-09-29T02:04:21Z,2026-09-29,MTL @ TOR,485b295347cb22f002e014cb87813ed7,fgs,yes,Oliver Ekman-Larsson,,draftkings,8000,,oddsapi
2026-09-29T02:04:21Z,2026-09-29,MTL @ TOR,485b295347cb22f002e014cb87813ed7,fgs,yes,Troy Stecher,,draftkings,8000,,oddsapi
2026-09-29T02:04:21Z,2026-09-29,MTL @ TOR,485b295347cb22f002e014cb87813ed7,fgs,yes,Alexandre Carrier,,draftkings,9000,,oddsapi
2026-09-29T02:04:21Z,2026-09-29,MTL @ TOR,485b295347cb22f002e014cb87813ed7,fgs,yes,Arber Xhekaj,,draftkings,10000,,oddsapi
2026-09-29T02:04:21Z,2026-09-29,MTL @ TOR,485b295347cb22f002e014cb87813ed7,fgs,yes,Jayden Struble,,draftkings,11000,,oddsapi
2026-09-29T02:04:21Z,2026-09-29,MTL @ TOR,485b295347cb22f002e014cb87813ed7,lgs,yes,Cole Caufield,,draftkings,900,,oddsapi
2026-09-29T02:04:21Z,2026-09-29,MTL @ TOR,485b295347cb22f002e014cb87813ed7,lgs,yes,William Nylander,,draftkings,1000,,oddsapi
2026-09-29T02:04:21Z,2026-09-29,MTL @ TOR,485b295347cb22f002e014cb87813ed7,lgs,yes,Auston Matthews,,draftkings,1000,,oddsapi
2026-09-29T02:04:21Z,2026-09-29,MTL @ TOR,485b295347cb22f002e014cb87813ed7,lgs,yes,John Tavares,,draftkings,1200,,oddsapi
2026-09-29T02:04:21Z,2026-09-29,MTL @ TOR,485b295347cb22f002e014cb87813ed7,lgs,yes,Nick Suzuki,,draftkings,1300,,oddsapi
2026-09-29T02:04:21Z,2026-09-29,MTL @ TOR,485b295347cb22f002e014cb87813ed7,lgs,yes,Gavin McKenna,,draftkings,1300,,oddsapi
2026-09-29T02:04:21Z,2026-09-29,MTL @ TOR,485b295347cb22f002e014cb87813ed7,lgs,yes,Jack Roslovic,,draftkings,1400,,oddsapi
2026-09-29T02:04:21Z,2026-09-29,MTL @ TOR,485b295347cb22f002e014cb87813ed7,lgs,yes,Juraj Slafkovsky,,draftkings,1400,,oddsapi
2026-09-29T02:04:21Z,2026-09-29,MTL @ TOR,485b295347cb22f002e014cb87813ed7,lgs,yes,Chris Kreider,,draftkings,1600,,oddsapi
2026-09-29T02:04:21Z,2026-09-29,MTL @ TOR,485b295347cb22f002e014cb87813ed7,lgs,yes,Ivan Demidov,,draftkings,1600,,oddsapi
2026-09-29T02:04:21Z,2026-09-29,MTL @ TOR,485b295347cb22f002e014cb87813ed7,lgs,yes,Alexandre Texier,,draftkings,1700,,oddsapi
2026-09-29T02:04:21Z,2026-09-29,MTL @ TOR,485b295347cb22f002e014cb87813ed7,lgs,yes,Kirby Dach,,draftkings,1700,,oddsapi
2026-09-29T02:04:21Z,2026-09-29,MTL @ TOR,485b295347cb22f002e014cb87813ed7,lgs,yes,Nick Paul,,draftkings,1900,,oddsapi
2026-09-29T02:04:21Z,2026-09-29,MTL @ TOR,485b295347cb22f002e014cb87813ed7,lgs,yes,Easton Cowan,,draftkings,1900,,oddsapi
2026-09-29T02:04:21Z,2026-09-29,MTL @ TOR,485b295347cb22f002e014cb87813ed7,lgs,yes,Alex Newhook,,draftkings,1900,,oddsapi
2026-09-29T02:04:21Z,2026-09-29,MTL @ TOR,485b295347cb22f002e014cb87813ed7,lgs,yes,Zack Bolduc,,draftkings,2000,,oddsapi
2026-09-29T02:04:21Z,2026-09-29,MTL @ TOR,485b295347cb22f002e014cb87813ed7,lgs,yes,Josh Anderson,,draftkings,2000,,oddsapi
2026-09-29T02:04:21Z,2026-09-29,MTL @ TOR,485b295347cb22f002e014cb87813ed7,lgs,yes,Lane Hutson,,draftkings,2200,,oddsapi
2026-09-29T02:04:21Z,2026-09-29,MTL @ TOR,485b295347cb22f002e014cb87813ed7,lgs,yes,Darren Raddysh,,draftkings,2200,,oddsapi
2026-09-29T02:04:21Z,2026-09-29,MTL @ TOR,485b295347cb22f002e014cb87813ed7,lgs,yes,Teddy Blueger,,draftkings,2500,,oddsapi
2026-09-29T02:04:21Z,2026-09-29,MTL @ TOR,485b295347cb22f002e014cb87813ed7,lgs,yes,Jake Evans,,draftkings,2800,,oddsapi
2026-09-29T02:04:21Z,2026-09-29,MTL @ TOR,485b295347cb22f002e014cb87813ed7,lgs,yes,Morgan Rielly,,draftkings,3000,,oddsapi
2026-09-29T02:04:21Z,2026-09-29,MTL @ TOR,485b295347cb22f002e014cb87813ed7,lgs,yes,Colton Sissons,,draftkings,3000,,oddsapi
2026-09-29T02:04:21Z,2026-09-29,MTL @ TOR,485b295347cb22f002e014cb87813ed7,lgs,yes,Noah Dobson,,draftkings,3000,,oddsapi
2026-09-29T02:04:21Z,2026-09-29,MTL @ TOR,485b295347cb22f002e014cb87813ed7,lgs,yes,Phillip Danault,,draftkings,3000,,oddsapi
2026-09-29T02:04:21Z,2026-09-29,MTL @ TOR,485b295347cb22f002e014cb87813ed7,lgs,yes,Brandon Duhaime,,draftkings,3500,,oddsapi
2026-09-29T02:04:21Z,2026-09-29,MTL @ TOR,485b295347cb22f002e014cb87813ed7,lgs,yes,Zack MacEwen,,draftkings,3500,,oddsapi
2026-09-29T02:04:21Z,2026-09-29,MTL @ TOR,485b295347cb22f002e014cb87813ed7,lgs,yes,Mike Matheson,,draftkings,4000,,oddsapi
2026-09-29T02:04:21Z,2026-09-29,MTL @ TOR,485b295347cb22f002e014cb87813ed7,lgs,yes,Jake McCabe,,draftkings,4500,,oddsapi
2026-09-29T02:04:21Z,2026-09-29,MTL @ TOR,485b295347cb22f002e014cb87813ed7,lgs,yes,Oliver Ekman-Larsson,,draftkings,4500,,oddsapi
2026-09-29T02:04:21Z,2026-09-29,MTL @ TOR,485b295347cb22f002e014cb87813ed7,lgs,yes,Christopher Tanev,,draftkings,5500,,oddsapi
2026-09-29T02:04:21Z,2026-09-29,MTL @ TOR,485b295347cb22f002e014cb87813ed7,lgs,yes,Troy Stecher,,draftkings,5500,,oddsapi
2026-09-29T02:04:21Z,2026-09-29,MTL @ TOR,485b295347cb22f002e014cb87813ed7,lgs,yes,Alexandre Carrier,,draftkings,6000,,oddsapi
2026-09-29T02:04:21Z,2026-09-29,MTL @ TOR,485b295347cb22f002e014cb87813ed7,lgs,yes,Jayden Struble,,draftkings,7000,,oddsapi
2026-09-29T02:04:21Z,2026-09-29,MTL @ TOR,485b295347cb22f002e014cb87813ed7,lgs,yes,Arber Xhekaj,,draftkings,7500,,oddsapi
2026-09-29T02:04:21Z,2026-09-29,MTL @ TOR,485b295347cb22f002e014cb87813ed7,p1_pl,MTL,,0.5,draftkings,-220,170,oddsapi
2026-09-29T02:04:21Z,2026-09-29,MTL @ TOR,485b295347cb22f002e014cb87813ed7,p1_pl,TOR,,-0.5,draftkings,170,-220,oddsapi
2026-09-29T02:04:21Z,2026-09-29,MTL @ TOR,485b295347cb22f002e014cb87813ed7,p2_pl,MTL,,0.5,draftkings,-200,154,oddsapi
2026-09-29T02:04:21Z,2026-09-29,MTL @ TOR,485b295347cb22f002e014cb87813ed7,p2_pl,TOR,,-0.5,draftkings,154,-200,oddsapi
2026-09-29T02:04:21Z,2026-09-29,MTL @ TOR,485b295347cb22f002e014cb87813ed7,p1_team_total,over,MTL,0.5,draftkings,-170,130,oddsapi
2026-09-29T02:04:21Z,2026-09-29,MTL @ TOR,485b295347cb22f002e014cb87813ed7,p1_team_total,under,MTL,0.5,draftkings,130,-170,oddsapi
2026-09-29T02:04:21Z,2026-09-29,MTL @ TOR,485b295347cb22f002e014cb87813ed7,p1_team_total,over,TOR,0.5,draftkings,-175,135,oddsapi
2026-09-29T02:04:21Z,2026-09-29,MTL @ TOR,485b295347cb22f002e014cb87813ed7,p1_team_total,under,TOR,0.5,draftkings,135,-175,oddsapi
2026-09-29T02:04:21Z,2026-09-29,MTL @ TOR,485b295347cb22f002e014cb87813ed7,p1_total,over,,1.5,draftkings,-135,105,oddsapi
2026-09-29T02:04:21Z,2026-09-29,MTL @ TOR,485b295347cb22f002e014cb87813ed7,p1_total,under,,1.5,draftkings,105,-135,oddsapi
2026-09-29T02:04:21Z,2026-09-29,MTL @ TOR,485b295347cb22f002e014cb87813ed7,p2_total,over,,1.5,draftkings,-180,140,oddsapi
2026-09-29T02:04:21Z,2026-09-29,MTL @ TOR,485b295347cb22f002e014cb87813ed7,p2_total,under,,1.5,draftkings,140,-180,oddsapi
2026-09-29T02:04:21Z,2026-09-29,MTL @ TOR,485b295347cb22f002e014cb87813ed7,game_ml3,MTL,,,williamhill_us,134,,oddsapi
2026-09-29T02:04:21Z,2026-09-29,MTL @ TOR,485b295347cb22f002e014cb87813ed7,game_ml3,TOR,,,williamhill_us,120,,oddsapi
2026-09-29T02:04:21Z,2026-09-29,MTL @ TOR,485b295347cb22f002e014cb87813ed7,game_ml3,draw,,,williamhill_us,275,,oddsapi
2026-09-29T02:04:21Z,2026-09-29,MTL @ TOR,485b295347cb22f002e014cb87813ed7,p1_ml3,MTL,,,williamhill_us,173,,oddsapi
2026-09-29T02:04:21Z,2026-09-29,MTL @ TOR,485b295347cb22f002e014cb87813ed7,p1_ml3,TOR,,,williamhill_us,175,,oddsapi
2026-09-29T02:04:21Z,2026-09-29,MTL @ TOR,485b295347cb22f002e014cb87813ed7,p1_ml3,draw,,,williamhill_us,149,,oddsapi
2026-09-29T02:04:21Z,2026-09-29,MTL @ TOR,485b295347cb22f002e014cb87813ed7,ags,yes,Cole Caufield,,williamhill_us,138,,oddsapi
2026-09-29T02:04:21Z,2026-09-29,MTL @ TOR,485b295347cb22f002e014cb87813ed7,ags,yes,Auston Matthews,,williamhill_us,149,,oddsapi
2026-09-29T02:04:21Z,2026-09-29,MTL @ TOR,485b295347cb22f002e014cb87813ed7,ags,yes,William Nylander,,williamhill_us,176,,oddsapi
2026-09-29T02:04:21Z,2026-09-29,MTL @ TOR,485b295347cb22f002e014cb87813ed7,ags,yes,John Tavares,,williamhill_us,196,,oddsapi
2026-09-29T02:04:21Z,2026-09-29,MTL @ TOR,485b295347cb22f002e014cb87813ed7,ags,yes,Nick Suzuki,,williamhill_us,215,,oddsapi
2026-09-29T02:04:21Z,2026-09-29,MTL @ TOR,485b295347cb22f002e014cb87813ed7,ags,yes,Juraj Slafkovsky,,williamhill_us,220,,oddsapi
2026-09-29T02:04:21Z,2026-09-29,MTL @ TOR,485b295347cb22f002e014cb87813ed7,ags,yes,Gavin McKenna,,williamhill_us,245,,oddsapi
2026-09-29T02:04:21Z,2026-09-29,MTL @ TOR,485b295347cb22f002e014cb87813ed7,ags,yes,Jack Roslovic,,williamhill_us,265,,oddsapi
2026-09-29T02:04:21Z,2026-09-29,MTL @ TOR,485b295347cb22f002e014cb87813ed7,ags,yes,Ivan Demidov,,williamhill_us,280,,oddsapi
2026-09-29T02:04:21Z,2026-09-29,MTL @ TOR,485b295347cb22f002e014cb87813ed7,ags,yes,Chris Kreider,,williamhill_us,305,,oddsapi
2026-09-29T02:04:21Z,2026-09-29,MTL @ TOR,485b295347cb22f002e014cb87813ed7,ags,yes,Alex Newhook,,williamhill_us,370,,oddsapi
2026-09-29T02:04:21Z,2026-09-29,MTL @ TOR,485b295347cb22f002e014cb87813ed7,ags,yes,Alexandre Texier,,williamhill_us,400,,oddsapi
2026-09-29T02:04:21Z,2026-09-29,MTL @ TOR,485b295347cb22f002e014cb87813ed7,ags,yes,Easton Cowan,,williamhill_us,425,,oddsapi
2026-09-29T02:04:21Z,2026-09-29,MTL @ TOR,485b295347cb22f002e014cb87813ed7,ags,yes,Kirby Dach,,williamhill_us,425,,oddsapi
2026-09-29T02:04:21Z,2026-09-29,MTL @ TOR,485b295347cb22f002e014cb87813ed7,ags,yes,Darren Raddysh,,williamhill_us,425,,oddsapi
2026-09-29T02:04:21Z,2026-09-29,MTL @ TOR,485b295347cb22f002e014cb87813ed7,ags,yes,Zack Bolduc,,williamhill_us,450,,oddsapi
2026-09-29T02:04:21Z,2026-09-29,MTL @ TOR,485b295347cb22f002e014cb87813ed7,ags,yes,Josh Anderson,,williamhill_us,450,,oddsapi
2026-09-29T02:04:21Z,2026-09-29,MTL @ TOR,485b295347cb22f002e014cb87813ed7,ags,yes,Lane Hutson,,williamhill_us,525,,oddsapi
2026-09-29T02:04:21Z,2026-09-29,MTL @ TOR,485b295347cb22f002e014cb87813ed7,ags,yes,Colton Sissons,,williamhill_us,650,,oddsapi
2026-09-29T02:04:21Z,2026-09-29,MTL @ TOR,485b295347cb22f002e014cb87813ed7,ags,yes,Teddy Blueger,,williamhill_us,650,,oddsapi
2026-09-29T02:04:21Z,2026-09-29,MTL @ TOR,485b295347cb22f002e014cb87813ed7,ags,yes,Morgan Rielly,,williamhill_us,650,,oddsapi
2026-09-29T02:04:21Z,2026-09-29,MTL @ TOR,485b295347cb22f002e014cb87813ed7,ags,yes,Noah Dobson,,williamhill_us,700,,oddsapi
2026-09-29T02:04:21Z,2026-09-29,MTL @ TOR,485b295347cb22f002e014cb87813ed7,ags,yes,Jake Evans,,williamhill_us,700,,oddsapi
2026-09-29T02:04:21Z,2026-09-29,MTL @ TOR,485b295347cb22f002e014cb87813ed7,ags,yes,Brandon Duhaime,,williamhill_us,800,,oddsapi
2026-09-29T02:04:21Z,2026-09-29,MTL @ TOR,485b295347cb22f002e014cb87813ed7,ags,yes,Phillip Danault,,williamhill_us,800,,oddsapi
2026-09-29T02:04:21Z,2026-09-29,MTL @ TOR,485b295347cb22f002e014cb87813ed7,ags,yes,Zack MacEwen,,williamhill_us,900,,oddsapi
2026-09-29T02:04:21Z,2026-09-29,MTL @ TOR,485b295347cb22f002e014cb87813ed7,ags,yes,Mike Matheson,,williamhill_us,1000,,oddsapi
2026-09-29T02:04:21Z,2026-09-29,MTL @ TOR,485b295347cb22f002e014cb87813ed7,ags,yes,Oliver Ekman-Larsson,,williamhill_us,1200,,oddsapi
2026-09-29T02:04:21Z,2026-09-29,MTL @ TOR,485b295347cb22f002e014cb87813ed7,ags,yes,Jake McCabe,,williamhill_us,1400,,oddsapi
2026-09-29T02:04:21Z,2026-09-29,MTL @ TOR,485b295347cb22f002e014cb87813ed7,ags,yes,Alexandre Carrier,,williamhill_us,1750,,oddsapi
2026-09-29T02:04:21Z,2026-09-29,MTL @ TOR,485b295347cb22f002e014cb87813ed7,ags,yes,Troy Stecher,,williamhill_us,1750,,oddsapi
2026-09-29T02:04:21Z,2026-09-29,MTL @ TOR,485b295347cb22f002e014cb87813ed7,ags,yes,Christopher Tanev,,williamhill_us,1800,,oddsapi
2026-09-29T02:04:21Z,2026-09-29,MTL @ TOR,485b295347cb22f002e014cb87813ed7,ags,yes,Jayden Struble,,williamhill_us,2000,,oddsapi
2026-09-29T02:04:21Z,2026-09-29,MTL @ TOR,485b295347cb22f002e014cb87813ed7,ags,yes,Arber Xhekaj,,williamhill_us,2300,,oddsapi
2026-09-29T02:04:21Z,2026-09-29,MTL @ TOR,485b295347cb22f002e014cb87813ed7,fgs,yes,Cole Caufield,,williamhill_us,900,,oddsapi
2026-09-29T02:04:21Z,2026-09-29,MTL @ TOR,485b295347cb22f002e014cb87813ed7,fgs,yes,Auston Matthews,,williamhill_us,1000,,oddsapi
2026-09-29T02:04:21Z,2026-09-29,MTL @ TOR,485b295347cb22f002e014cb87813ed7,fgs,yes,William Nylander,,williamhill_us,1200,,oddsapi
2026-09-29T02:04:21Z,2026-09-29,MTL @ TOR,485b295347cb22f002e014cb87813ed7,fgs,yes,Nick Suzuki,,williamhill_us,1300,,oddsapi
2026-09-29T02:04:21Z,2026-09-29,MTL @ TOR,485b295347cb22f002e014cb87813ed7,fgs,yes,John Tavares,,williamhill_us,1400,,oddsapi
2026-09-29T02:04:21Z,2026-09-29,MTL @ TOR,485b295347cb22f002e014cb87813ed7,fgs,yes,Juraj Slafkovsky,,williamhill_us,1400,,oddsapi
2026-09-29T02:04:21Z,2026-09-29,MTL @ TOR,485b295347cb22f002e014cb87813ed7,fgs,yes,Gavin McKenna,,williamhill_us,1600,,oddsapi
2026-09-29T02:04:21Z,2026-09-29,MTL @ TOR,485b295347cb22f002e014cb87813ed7,fgs,yes,Jack Roslovic,,williamhill_us,1600,,oddsapi
2026-09-29T02:04:21Z,2026-09-29,MTL @ TOR,485b295347cb22f002e014cb87813ed7,fgs,yes,Ivan Demidov,,williamhill_us,1600,,oddsapi
2026-09-29T02:04:21Z,2026-09-29,MTL @ TOR,485b295347cb22f002e014cb87813ed7,fgs,yes,Chris Kreider,,williamhill_us,1800,,oddsapi
2026-09-29T02:04:21Z,2026-09-29,MTL @ TOR,485b295347cb22f002e014cb87813ed7,fgs,yes,Alex Newhook,,williamhill_us,2000,,oddsapi
2026-09-29T02:04:21Z,2026-09-29,MTL @ TOR,485b295347cb22f002e014cb87813ed7,fgs,yes,Easton Cowan,,williamhill_us,2400,,oddsapi
2026-09-29T02:04:21Z,2026-09-29,MTL @ TOR,485b295347cb22f002e014cb87813ed7,fgs,yes,Darren Raddysh,,williamhill_us,2500,,oddsapi
2026-09-29T02:04:21Z,2026-09-29,MTL @ TOR,485b295347cb22f002e014cb87813ed7,fgs,yes,Kirby Dach,,williamhill_us,2600,,oddsapi
2026-09-29T02:04:21Z,2026-09-29,MTL @ TOR,485b295347cb22f002e014cb87813ed7,fgs,yes,Alexandre Texier,,williamhill_us,2700,,oddsapi
2026-09-29T02:04:21Z,2026-09-29,MTL @ TOR,485b295347cb22f002e014cb87813ed7,fgs,yes,Zack Bolduc,,williamhill_us,2800,,oddsapi
2026-09-29T02:04:21Z,2026-09-29,MTL @ TOR,485b295347cb22f002e014cb87813ed7,fgs,yes,Lane Hutson,,williamhill_us,2900,,oddsapi
2026-09-29T02:04:21Z,2026-09-29,MTL @ TOR,485b295347cb22f002e014cb87813ed7,fgs,yes,Josh Anderson,,williamhill_us,3000,,oddsapi
2026-09-29T02:04:21Z,2026-09-29,MTL @ TOR,485b295347cb22f002e014cb87813ed7,fgs,yes,Colton Sissons,,williamhill_us,3500,,oddsapi
2026-09-29T02:04:21Z,2026-09-29,MTL @ TOR,485b295347cb22f002e014cb87813ed7,fgs,yes,Teddy Blueger,,williamhill_us,3500,,oddsapi
2026-09-29T02:04:21Z,2026-09-29,MTL @ TOR,485b295347cb22f002e014cb87813ed7,fgs,yes,Jake Evans,,williamhill_us,4000,,oddsapi
2026-09-29T02:04:21Z,2026-09-29,MTL @ TOR,485b295347cb22f002e014cb87813ed7,fgs,yes,Morgan Rielly,,williamhill_us,4000,,oddsapi
2026-09-29T02:04:21Z,2026-09-29,MTL @ TOR,485b295347cb22f002e014cb87813ed7,fgs,yes,Noah Dobson,,williamhill_us,4000,,oddsapi
2026-09-29T02:04:21Z,2026-09-29,MTL @ TOR,485b295347cb22f002e014cb87813ed7,fgs,yes,Phillip Danault,,williamhill_us,4500,,oddsapi
2026-09-29T02:04:21Z,2026-09-29,MTL @ TOR,485b295347cb22f002e014cb87813ed7,fgs,yes,Zack MacEwen,,williamhill_us,4500,,oddsapi
2026-09-29T02:04:21Z,2026-09-29,MTL @ TOR,485b295347cb22f002e014cb87813ed7,fgs,yes,Brandon Duhaime,,williamhill_us,5000,,oddsapi
2026-09-29T02:04:21Z,2026-09-29,MTL @ TOR,485b295347cb22f002e014cb87813ed7,fgs,yes,Mike Matheson,,williamhill_us,5000,,oddsapi
2026-09-29T02:04:21Z,2026-09-29,MTL @ TOR,485b295347cb22f002e014cb87813ed7,fgs,yes,Oliver Ekman-Larsson,,williamhill_us,5500,,oddsapi
2026-09-29T02:04:21Z,2026-09-29,MTL @ TOR,485b295347cb22f002e014cb87813ed7,fgs,yes,Jake McCabe,,williamhill_us,7500,,oddsapi
2026-09-29T02:04:21Z,2026-09-29,MTL @ TOR,485b295347cb22f002e014cb87813ed7,fgs,yes,Christopher Tanev,,williamhill_us,8000,,oddsapi
2026-09-29T02:04:21Z,2026-09-29,MTL @ TOR,485b295347cb22f002e014cb87813ed7,lgs,yes,Kirby Dach,,williamhill_us,2000,,oddsapi
2026-09-29T02:04:21Z,2026-09-29,MTL @ TOR,485b295347cb22f002e014cb87813ed7,lgs,yes,Alexandre Texier,,williamhill_us,2000,,oddsapi
2026-09-29T02:04:21Z,2026-09-29,MTL @ TOR,485b295347cb22f002e014cb87813ed7,lgs,yes,Josh Anderson,,williamhill_us,2100,,oddsapi
2026-09-29T02:04:21Z,2026-09-29,MTL @ TOR,485b295347cb22f002e014cb87813ed7,lgs,yes,Lane Hutson,,williamhill_us,2300,,oddsapi
2026-09-29T02:04:21Z,2026-09-29,MTL @ TOR,485b295347cb22f002e014cb87813ed7,lgs,yes,Phillip Danault,,williamhill_us,3000,,oddsapi
2026-09-29T02:04:21Z,2026-09-29,MTL @ TOR,485b295347cb22f002e014cb87813ed7,lgs,yes,Noah Dobson,,williamhill_us,3000,,oddsapi
2026-09-29T02:04:21Z,2026-09-29,MTL @ TOR,485b295347cb22f002e014cb87813ed7,lgs,yes,Morgan Rielly,,williamhill_us,3000,,oddsapi
2026-09-29T02:04:21Z,2026-09-29,MTL @ TOR,485b295347cb22f002e014cb87813ed7,lgs,yes,Brandon Duhaime,,williamhill_us,3500,,oddsapi
2026-09-29T02:04:21Z,2026-09-29,MTL @ TOR,485b295347cb22f002e014cb87813ed7,lgs,yes,Zack MacEwen,,williamhill_us,3500,,oddsapi
2026-09-29T02:04:21Z,2026-09-29,MTL @ TOR,485b295347cb22f002e014cb87813ed7,lgs,yes,Mike Matheson,,williamhill_us,4000,,oddsapi
2026-09-29T02:04:21Z,2026-09-29,MTL @ TOR,485b295347cb22f002e014cb87813ed7,sk_sog,over,Darren Raddysh,2.5,williamhill_us,121,-162,oddsapi
2026-09-29T02:04:21Z,2026-09-29,MTL @ TOR,485b295347cb22f002e014cb87813ed7,sk_sog,under,Darren Raddysh,2.5,williamhill_us,-162,121,oddsapi
2026-09-29T02:04:21Z,2026-09-29,MTL @ TOR,485b295347cb22f002e014cb87813ed7,sk_sog,over,William Nylander,2.5,williamhill_us,106,-141,oddsapi
2026-09-29T02:04:21Z,2026-09-29,MTL @ TOR,485b295347cb22f002e014cb87813ed7,sk_sog,under,William Nylander,2.5,williamhill_us,-141,106,oddsapi
2026-09-29T02:04:21Z,2026-09-29,MTL @ TOR,485b295347cb22f002e014cb87813ed7,sk_sog,over,Nick Suzuki,2.5,williamhill_us,105,-139,oddsapi
2026-09-29T02:04:21Z,2026-09-29,MTL @ TOR,485b295347cb22f002e014cb87813ed7,sk_sog,under,Nick Suzuki,2.5,williamhill_us,-139,105,oddsapi
2026-09-29T02:04:21Z,2026-09-29,MTL @ TOR,485b295347cb22f002e014cb87813ed7,sk_sog,over,Auston Matthews,3.5,williamhill_us,108,-143,oddsapi
2026-09-29T02:04:21Z,2026-09-29,MTL @ TOR,485b295347cb22f002e014cb87813ed7,sk_sog,under,Auston Matthews,3.5,williamhill_us,-143,108,oddsapi
2026-09-29T02:04:21Z,2026-09-29,MTL @ TOR,485b295347cb22f002e014cb87813ed7,sk_sog,over,Juraj Slafkovsky,2.5,williamhill_us,106,-141,oddsapi
2026-09-29T02:04:21Z,2026-09-29,MTL @ TOR,485b295347cb22f002e014cb87813ed7,sk_sog,under,Juraj Slafkovsky,2.5,williamhill_us,-141,106,oddsapi
2026-09-29T02:04:21Z,2026-09-29,MTL @ TOR,485b295347cb22f002e014cb87813ed7,sk_sog,over,Ivan Demidov,1.5,williamhill_us,-154,116,oddsapi
2026-09-29T02:04:21Z,2026-09-29,MTL @ TOR,485b295347cb22f002e014cb87813ed7,sk_sog,under,Ivan Demidov,1.5,williamhill_us,116,-154,oddsapi
2026-09-29T02:04:21Z,2026-09-29,MTL @ TOR,485b295347cb22f002e014cb87813ed7,team_total,over,MTL,3.5,williamhill_us,130,-182,oddsapi
2026-09-29T02:04:21Z,2026-09-29,MTL @ TOR,485b295347cb22f002e014cb87813ed7,team_total,under,MTL,3.5,williamhill_us,-182,130,oddsapi
2026-09-29T02:04:21Z,2026-09-29,MTL @ TOR,485b295347cb22f002e014cb87813ed7,team_total,over,TOR,3.5,williamhill_us,121,-170,oddsapi
2026-09-29T02:04:21Z,2026-09-29,MTL @ TOR,485b295347cb22f002e014cb87813ed7,team_total,under,TOR,3.5,williamhill_us,-170,121,oddsapi
2026-09-29T02:04:21Z,2026-09-29,MTL @ TOR,485b295347cb22f002e014cb87813ed7,game_pl_alt,MTL,,1.5,fanduel,-290,215,oddsapi
2026-09-29T02:04:21Z,2026-09-29,MTL @ TOR,485b295347cb22f002e014cb87813ed7,game_pl_alt,MTL,,2.5,fanduel,-600,360,oddsapi
2026-09-29T02:04:21Z,2026-09-29,MTL @ TOR,485b295347cb22f002e014cb87813ed7,game_pl_alt,MTL,,3.5,fanduel,-2000,1000,oddsapi
2026-09-29T02:04:21Z,2026-09-29,MTL @ TOR,485b295347cb22f002e014cb87813ed7,game_pl_alt,MTL,,4.5,fanduel,-6000,2400,oddsapi
2026-09-29T02:04:21Z,2026-09-29,MTL @ TOR,485b295347cb22f002e014cb87813ed7,game_pl_alt,MTL,,5.5,fanduel,-20000,6500,oddsapi
2026-09-29T02:04:21Z,2026-09-29,MTL @ TOR,485b295347cb22f002e014cb87813ed7,game_pl_alt,MTL,,-1.5,fanduel,192,-250,oddsapi
2026-09-29T02:04:21Z,2026-09-29,MTL @ TOR,485b295347cb22f002e014cb87813ed7,game_pl_alt,MTL,,-2.5,fanduel,360,-550,oddsapi
2026-09-29T02:04:21Z,2026-09-29,MTL @ TOR,485b295347cb22f002e014cb87813ed7,game_pl_alt,MTL,,-3.5,fanduel,980,-2000,oddsapi
2026-09-29T02:04:21Z,2026-09-29,MTL @ TOR,485b295347cb22f002e014cb87813ed7,game_pl_alt,MTL,,-4.5,fanduel,2300,-6000,oddsapi
2026-09-29T02:04:21Z,2026-09-29,MTL @ TOR,485b295347cb22f002e014cb87813ed7,game_pl_alt,MTL,,-5.5,fanduel,6000,-20000,oddsapi
2026-09-29T02:04:21Z,2026-09-29,MTL @ TOR,485b295347cb22f002e014cb87813ed7,game_pl_alt,TOR,,1.5,fanduel,-250,192,oddsapi
2026-09-29T02:04:21Z,2026-09-29,MTL @ TOR,485b295347cb22f002e014cb87813ed7,game_pl_alt,TOR,,2.5,fanduel,-550,360,oddsapi
2026-09-29T02:04:21Z,2026-09-29,MTL @ TOR,485b295347cb22f002e014cb87813ed7,game_pl_alt,TOR,,3.5,fanduel,-2000,980,oddsapi
2026-09-29T02:04:21Z,2026-09-29,MTL @ TOR,485b295347cb22f002e014cb87813ed7,game_pl_alt,TOR,,4.5,fanduel,-6000,2300,oddsapi
2026-09-29T02:04:21Z,2026-09-29,MTL @ TOR,485b295347cb22f002e014cb87813ed7,game_pl_alt,TOR,,5.5,fanduel,-20000,6000,oddsapi
2026-09-29T02:04:21Z,2026-09-29,MTL @ TOR,485b295347cb22f002e014cb87813ed7,game_pl_alt,TOR,,6.5,fanduel,-50000,,oddsapi
2026-09-29T02:04:21Z,2026-09-29,MTL @ TOR,485b295347cb22f002e014cb87813ed7,game_pl_alt,TOR,,-1.5,fanduel,215,-290,oddsapi
2026-09-29T02:04:21Z,2026-09-29,MTL @ TOR,485b295347cb22f002e014cb87813ed7,game_pl_alt,TOR,,-2.5,fanduel,360,-600,oddsapi
2026-09-29T02:04:21Z,2026-09-29,MTL @ TOR,485b295347cb22f002e014cb87813ed7,game_pl_alt,TOR,,-3.5,fanduel,1000,-2000,oddsapi
2026-09-29T02:04:21Z,2026-09-29,MTL @ TOR,485b295347cb22f002e014cb87813ed7,game_pl_alt,TOR,,-4.5,fanduel,2400,-6000,oddsapi
2026-09-29T02:04:21Z,2026-09-29,MTL @ TOR,485b295347cb22f002e014cb87813ed7,game_pl_alt,TOR,,-5.5,fanduel,6500,-20000,oddsapi
2026-09-29T02:04:21Z,2026-09-29,MTL @ TOR,485b295347cb22f002e014cb87813ed7,team_total_alt,over,MTL,0.5,fanduel,-3500,1500,oddsapi
2026-09-29T02:04:21Z,2026-09-29,MTL @ TOR,485b295347cb22f002e014cb87813ed7,team_total_alt,over,MTL,1.5,fanduel,-650,400,oddsapi
2026-09-29T02:04:21Z,2026-09-29,MTL @ TOR,485b295347cb22f002e014cb87813ed7,team_total_alt,over,MTL,2.5,fanduel,-192,,oddsapi
2026-09-29T02:04:21Z,2026-09-29,MTL @ TOR,485b295347cb22f002e014cb87813ed7,team_total_alt,over,MTL,3.5,fanduel,130,-166,oddsapi
2026-09-29T02:04:21Z,2026-09-29,MTL @ TOR,485b295347cb22f002e014cb87813ed7,team_total_alt,over,MTL,4.5,fanduel,300,-450,oddsapi
2026-09-29T02:04:21Z,2026-09-29,MTL @ TOR,485b295347cb22f002e014cb87813ed7,team_total_alt,over,MTL,5.5,fanduel,780,-1450,oddsapi
2026-09-29T02:04:21Z,2026-09-29,MTL @ TOR,485b295347cb22f002e014cb87813ed7,team_total_alt,over,MTL,6.5,fanduel,1750,-4500,oddsapi
2026-09-29T02:04:21Z,2026-09-29,MTL @ TOR,485b295347cb22f002e014cb87813ed7,team_total_alt,over,MTL,7.5,fanduel,5500,,oddsapi
2026-09-29T02:04:21Z,2026-09-29,MTL @ TOR,485b295347cb22f002e014cb87813ed7,team_total_alt,under,MTL,0.5,fanduel,1500,-3500,oddsapi
2026-09-29T02:04:21Z,2026-09-29,MTL @ TOR,485b295347cb22f002e014cb87813ed7,team_total_alt,under,MTL,1.5,fanduel,400,-650,oddsapi
2026-09-29T02:04:21Z,2026-09-29,MTL @ TOR,485b295347cb22f002e014cb87813ed7,team_total_alt,under,MTL,3.5,fanduel,-166,130,oddsapi
2026-09-29T02:04:21Z,2026-09-29,MTL @ TOR,485b295347cb22f002e014cb87813ed7,team_total_alt,under,MTL,4.5,fanduel,-450,300,oddsapi
2026-09-29T02:04:21Z,2026-09-29,MTL @ TOR,485b295347cb22f002e014cb87813ed7,team_total_alt,under,MTL,5.5,fanduel,-1450,780,oddsapi
2026-09-29T02:04:21Z,2026-09-29,MTL @ TOR,485b295347cb22f002e014cb87813ed7,team_total_alt,under,MTL,6.5,fanduel,-4500,1750,oddsapi
2026-09-29T02:04:21Z,2026-09-29,MTL @ TOR,485b295347cb22f002e014cb87813ed7,team_total_alt,over,TOR,0.5,fanduel,-3500,1500,oddsapi
2026-09-29T02:04:21Z,2026-09-29,MTL @ TOR,485b295347cb22f002e014cb87813ed7,team_total_alt,over,TOR,1.5,fanduel,-650,400,oddsapi
2026-09-29T02:04:21Z,2026-09-29,MTL @ TOR,485b295347cb22f002e014cb87813ed7,team_total_alt,over,TOR,2.5,fanduel,-182,,oddsapi
2026-09-29T02:04:21Z,2026-09-29,MTL @ TOR,485b295347cb22f002e014cb87813ed7,team_total_alt,over,TOR,3.5,fanduel,134,-172,oddsapi
2026-09-29T02:04:21Z,2026-09-29,MTL @ TOR,485b295347cb22f002e014cb87813ed7,team_total_alt,over,TOR,4.5,fanduel,310,-450,oddsapi
2026-09-29T02:04:21Z,2026-09-29,MTL @ TOR,485b295347cb22f002e014cb87813ed7,team_total_alt,over,TOR,5.5,fanduel,750,-1450,oddsapi
2026-09-29T02:04:21Z,2026-09-29,MTL @ TOR,485b295347cb22f002e014cb87813ed7,team_total_alt,over,TOR,6.5,fanduel,1750,-4500,oddsapi
2026-09-29T02:04:21Z,2026-09-29,MTL @ TOR,485b295347cb22f002e014cb87813ed7,team_total_alt,over,TOR,7.5,fanduel,6500,,oddsapi
2026-09-29T02:04:21Z,2026-09-29,MTL @ TOR,485b295347cb22f002e014cb87813ed7,team_total_alt,under,TOR,0.5,fanduel,1500,-3500,oddsapi
2026-09-29T02:04:21Z,2026-09-29,MTL @ TOR,485b295347cb22f002e014cb87813ed7,team_total_alt,under,TOR,1.5,fanduel,400,-650,oddsapi
2026-09-29T02:04:21Z,2026-09-29,MTL @ TOR,485b295347cb22f002e014cb87813ed7,team_total_alt,under,TOR,3.5,fanduel,-172,134,oddsapi
2026-09-29T02:04:21Z,2026-09-29,MTL @ TOR,485b295347cb22f002e014cb87813ed7,team_total_alt,under,TOR,4.5,fanduel,-450,310,oddsapi
2026-09-29T02:04:21Z,2026-09-29,MTL @ TOR,485b295347cb22f002e014cb87813ed7,team_total_alt,under,TOR,5.5,fanduel,-1450,750,oddsapi
2026-09-29T02:04:21Z,2026-09-29,MTL @ TOR,485b295347cb22f002e014cb87813ed7,team_total_alt,under,TOR,6.5,fanduel,-4500,1750,oddsapi
2026-09-29T02:04:21Z,2026-09-29,MTL @ TOR,485b295347cb22f002e014cb87813ed7,game_total_alt,over,,2.5,fanduel,-6000,2300,oddsapi
2026-09-29T02:04:21Z,2026-09-29,MTL @ TOR,485b295347cb22f002e014cb87813ed7,game_total_alt,over,,3.5,fanduel,-1100,600,oddsapi
2026-09-29T02:04:21Z,2026-09-29,MTL @ TOR,485b295347cb22f002e014cb87813ed7,game_total_alt,over,,4.5,fanduel,-550,350,oddsapi
2026-09-29T02:04:21Z,2026-09-29,MTL @ TOR,485b295347cb22f002e014cb87813ed7,game_total_alt,over,,5.5,fanduel,-160,126,oddsapi
2026-09-29T02:04:21Z,2026-09-29,MTL @ TOR,485b295347cb22f002e014cb87813ed7,game_total_alt,over,,6.5,fanduel,100,-128,oddsapi
2026-09-29T02:04:21Z,2026-09-29,MTL @ TOR,485b295347cb22f002e014cb87813ed7,game_total_alt,over,,7.5,fanduel,235,-330,oddsapi
2026-09-29T02:04:21Z,2026-09-29,MTL @ TOR,485b295347cb22f002e014cb87813ed7,game_total_alt,over,,8.5,fanduel,360,-600,oddsapi
2026-09-29T02:04:21Z,2026-09-29,MTL @ TOR,485b295347cb22f002e014cb87813ed7,game_total_alt,over,,9.5,fanduel,860,-1600,oddsapi
2026-09-29T02:04:21Z,2026-09-29,MTL @ TOR,485b295347cb22f002e014cb87813ed7,game_total_alt,over,,10.5,fanduel,1340,-3000,oddsapi
2026-09-29T02:04:21Z,2026-09-29,MTL @ TOR,485b295347cb22f002e014cb87813ed7,game_total_alt,over,,11.5,fanduel,2900,-8000,oddsapi
2026-09-29T02:04:21Z,2026-09-29,MTL @ TOR,485b295347cb22f002e014cb87813ed7,game_total_alt,over,,12.5,fanduel,6000,,oddsapi
2026-09-29T02:04:21Z,2026-09-29,MTL @ TOR,485b295347cb22f002e014cb87813ed7,game_total_alt,under,,2.5,fanduel,2300,-6000,oddsapi
2026-09-29T02:04:21Z,2026-09-29,MTL @ TOR,485b295347cb22f002e014cb87813ed7,game_total_alt,under,,3.5,fanduel,600,-1100,oddsapi
2026-09-29T02:04:21Z,2026-09-29,MTL @ TOR,485b295347cb22f002e014cb87813ed7,game_total_alt,under,,4.5,fanduel,350,-550,oddsapi
2026-09-29T02:04:21Z,2026-09-29,MTL @ TOR,485b295347cb22f002e014cb87813ed7,game_total_alt,under,,5.5,fanduel,126,-160,oddsapi
2026-09-29T02:04:21Z,2026-09-29,MTL @ TOR,485b295347cb22f002e014cb87813ed7,game_total_alt,under,,6.5,fanduel,-128,100,oddsapi
2026-09-29T02:04:21Z,2026-09-29,MTL @ TOR,485b295347cb22f002e014cb87813ed7,game_total_alt,under,,7.5,fanduel,-330,235,oddsapi
2026-09-29T02:04:21Z,2026-09-29,MTL @ TOR,485b295347cb22f002e014cb87813ed7,game_total_alt,under,,8.5,fanduel,-600,360,oddsapi
2026-09-29T02:04:21Z,2026-09-29,MTL @ TOR,485b295347cb22f002e014cb87813ed7,game_total_alt,under,,9.5,fanduel,-1600,860,oddsapi
2026-09-29T02:04:21Z,2026-09-29,MTL @ TOR,485b295347cb22f002e014cb87813ed7,game_total_alt,under,,10.5,fanduel,-3000,1340,oddsapi
2026-09-29T02:04:21Z,2026-09-29,MTL @ TOR,485b295347cb22f002e014cb87813ed7,game_total_alt,under,,11.5,fanduel,-8000,2900,oddsapi
2026-09-29T02:04:21Z,2026-09-29,MTL @ TOR,485b295347cb22f002e014cb87813ed7,game_ml3,MTL,,,fanduel,135,,oddsapi
2026-09-29T02:04:21Z,2026-09-29,MTL @ TOR,485b295347cb22f002e014cb87813ed7,game_ml3,TOR,,,fanduel,140,,oddsapi
2026-09-29T02:04:21Z,2026-09-29,MTL @ TOR,485b295347cb22f002e014cb87813ed7,game_ml3,draw,,,fanduel,340,,oddsapi
2026-09-29T02:04:21Z,2026-09-29,MTL @ TOR,485b295347cb22f002e014cb87813ed7,p1_ml3,MTL,,,fanduel,175,,oddsapi
2026-09-29T02:04:21Z,2026-09-29,MTL @ TOR,485b295347cb22f002e014cb87813ed7,p1_ml3,TOR,,,fanduel,185,,oddsapi
2026-09-29T02:04:21Z,2026-09-29,MTL @ TOR,485b295347cb22f002e014cb87813ed7,p1_ml3,draw,,,fanduel,185,,oddsapi
2026-09-29T02:04:21Z,2026-09-29,MTL @ TOR,485b295347cb22f002e014cb87813ed7,p2_ml3,MTL,,,fanduel,170,,oddsapi
2026-09-29T02:04:21Z,2026-09-29,MTL @ TOR,485b295347cb22f002e014cb87813ed7,p2_ml3,TOR,,,fanduel,170,,oddsapi
2026-09-29T02:04:21Z,2026-09-29,MTL @ TOR,485b295347cb22f002e014cb87813ed7,p2_ml3,draw,,,fanduel,200,,oddsapi
2026-09-29T02:04:21Z,2026-09-29,MTL @ TOR,485b295347cb22f002e014cb87813ed7,p3_ml3,MTL,,,fanduel,155,,oddsapi
2026-09-29T02:04:21Z,2026-09-29,MTL @ TOR,485b295347cb22f002e014cb87813ed7,p3_ml3,TOR,,,fanduel,155,,oddsapi
2026-09-29T02:04:21Z,2026-09-29,MTL @ TOR,485b295347cb22f002e014cb87813ed7,p3_ml3,draw,,,fanduel,260,,oddsapi
2026-09-29T02:04:21Z,2026-09-29,MTL @ TOR,485b295347cb22f002e014cb87813ed7,p1_ml,MTL,,,fanduel,-116,-110,oddsapi
2026-09-29T02:04:21Z,2026-09-29,MTL @ TOR,485b295347cb22f002e014cb87813ed7,p1_ml,TOR,,,fanduel,-110,-116,oddsapi
2026-09-29T02:04:21Z,2026-09-29,MTL @ TOR,485b295347cb22f002e014cb87813ed7,p2_ml,MTL,,,fanduel,-112,-112,oddsapi
2026-09-29T02:04:21Z,2026-09-29,MTL @ TOR,485b295347cb22f002e014cb87813ed7,p2_ml,TOR,,,fanduel,-112,-112,oddsapi
2026-09-29T02:04:21Z,2026-09-29,MTL @ TOR,485b295347cb22f002e014cb87813ed7,p3_ml,MTL,,,fanduel,-112,-112,oddsapi
2026-09-29T02:04:21Z,2026-09-29,MTL @ TOR,485b295347cb22f002e014cb87813ed7,p3_ml,TOR,,,fanduel,-112,-112,oddsapi
2026-09-29T02:04:21Z,2026-09-29,MTL @ TOR,485b295347cb22f002e014cb87813ed7,ags,yes,Auston Matthews,,fanduel,145,,oddsapi
2026-09-29T02:04:21Z,2026-09-29,MTL @ TOR,485b295347cb22f002e014cb87813ed7,ags,yes,Cole Caufield,,fanduel,140,,oddsapi
2026-09-29T02:04:21Z,2026-09-29,MTL @ TOR,485b295347cb22f002e014cb87813ed7,ags,yes,William Nylander,,fanduel,180,,oddsapi
2026-09-29T02:04:21Z,2026-09-29,MTL @ TOR,485b295347cb22f002e014cb87813ed7,ags,yes,Nick Suzuki,,fanduel,200,,oddsapi
2026-09-29T02:04:21Z,2026-09-29,MTL @ TOR,485b295347cb22f002e014cb87813ed7,ags,yes,John Tavares,,fanduel,200,,oddsapi
2026-09-29T02:04:21Z,2026-09-29,MTL @ TOR,485b295347cb22f002e014cb87813ed7,ags,yes,Juraj Slafkovsky,,fanduel,220,,oddsapi
2026-09-29T02:04:21Z,2026-09-29,MTL @ TOR,485b295347cb22f002e014cb87813ed7,ags,yes,Jack Roslovic,,fanduel,235,,oddsapi
2026-09-29T02:04:21Z,2026-09-29,MTL @ TOR,485b295347cb22f002e014cb87813ed7,ags,yes,Gavin McKenna,,fanduel,250,,oddsapi
2026-09-29T02:04:21Z,2026-09-29,MTL @ TOR,485b295347cb22f002e014cb87813ed7,ags,yes,Ivan Demidov,,fanduel,250,,oddsapi
2026-09-29T02:04:21Z,2026-09-29,MTL @ TOR,485b295347cb22f002e014cb87813ed7,ags,yes,Chris Kreider,,fanduel,300,,oddsapi
2026-09-29T02:04:21Z,2026-09-29,MTL @ TOR,485b295347cb22f002e014cb87813ed7,ags,yes,Alex Newhook,,fanduel,320,,oddsapi
2026-09-29T02:04:21Z,2026-09-29,MTL @ TOR,485b295347cb22f002e014cb87813ed7,ags,yes,Easton Cowan,,fanduel,420,,oddsapi
2026-09-29T02:04:21Z,2026-09-29,MTL @ TOR,485b295347cb22f002e014cb87813ed7,ags,yes,Darren Raddysh,,fanduel,430,,oddsapi
2026-09-29T02:04:21Z,2026-09-29,MTL @ TOR,485b295347cb22f002e014cb87813ed7,ags,yes,Kirby Dach,,fanduel,550,,oddsapi
2026-09-29T02:04:21Z,2026-09-29,MTL @ TOR,485b295347cb22f002e014cb87813ed7,ags,yes,Alexandre Texier,,fanduel,550,,oddsapi
2026-09-29T02:04:21Z,2026-09-29,MTL @ TOR,485b295347cb22f002e014cb87813ed7,ags,yes,Lane Hutson,,fanduel,575,,oddsapi
2026-09-29T02:04:21Z,2026-09-29,MTL @ TOR,485b295347cb22f002e014cb87813ed7,ags,yes,Colton Sissons,,fanduel,600,,oddsapi
2026-09-29T02:04:21Z,2026-09-29,MTL @ TOR,485b295347cb22f002e014cb87813ed7,ags,yes,Zack Bolduc,,fanduel,600,,oddsapi
2026-09-29T02:04:21Z,2026-09-29,MTL @ TOR,485b295347cb22f002e014cb87813ed7,ags,yes,Josh Anderson,,fanduel,650,,oddsapi
2026-09-29T02:04:21Z,2026-09-29,MTL @ TOR,485b295347cb22f002e014cb87813ed7,ags,yes,Morgan Rielly,,fanduel,750,,oddsapi
2026-09-29T02:04:21Z,2026-09-29,MTL @ TOR,485b295347cb22f002e014cb87813ed7,ags,yes,Teddy Blueger,,fanduel,750,,oddsapi
2026-09-29T02:04:21Z,2026-09-29,MTL @ TOR,485b295347cb22f002e014cb87813ed7,ags,yes,Noah Dobson,,fanduel,750,,oddsapi
2026-09-29T02:04:21Z,2026-09-29,MTL @ TOR,485b295347cb22f002e014cb87813ed7,ags,yes,Phillip Danault,,fanduel,800,,oddsapi
2026-09-29T02:04:21Z,2026-09-29,MTL @ TOR,485b295347cb22f002e014cb87813ed7,ags,yes,Jake Evans,,fanduel,800,,oddsapi
2026-09-29T02:04:21Z,2026-09-29,MTL @ TOR,485b295347cb22f002e014cb87813ed7,ags,yes,Zack MacEwen,,fanduel,1100,,oddsapi
2026-09-29T02:04:21Z,2026-09-29,MTL @ TOR,485b295347cb22f002e014cb87813ed7,ags,yes,Brandon Duhaime,,fanduel,1100,,oddsapi
2026-09-29T02:04:21Z,2026-09-29,MTL @ TOR,485b295347cb22f002e014cb87813ed7,ags,yes,Oliver Ekman-Larsson,,fanduel,1100,,oddsapi
2026-09-29T02:04:21Z,2026-09-29,MTL @ TOR,485b295347cb22f002e014cb87813ed7,ags,yes,Mike Matheson,,fanduel,1200,,oddsapi
2026-09-29T02:04:21Z,2026-09-29,MTL @ TOR,485b295347cb22f002e014cb87813ed7,ags,yes,Jake McCabe,,fanduel,1700,,oddsapi
2026-09-29T02:04:21Z,2026-09-29,MTL @ TOR,485b295347cb22f002e014cb87813ed7,ags,yes,Alexandre Carrier,,fanduel,1800,,oddsapi
2026-09-29T02:04:21Z,2026-09-29,MTL @ TOR,485b295347cb22f002e014cb87813ed7,ags,yes,Christopher Tanev,,fanduel,1900,,oddsapi
2026-09-29T02:04:21Z,2026-09-29,MTL @ TOR,485b295347cb22f002e014cb87813ed7,ags,yes,Jayden Struble,,fanduel,2000,,oddsapi
2026-09-29T02:04:21Z,2026-09-29,MTL @ TOR,485b295347cb22f002e014cb87813ed7,fgs,yes,Auston Matthews,,fanduel,1000,,oddsapi
2026-09-29T02:04:21Z,2026-09-29,MTL @ TOR,485b295347cb22f002e014cb87813ed7,fgs,yes,Cole Caufield,,fanduel,1000,,oddsapi
2026-09-29T02:04:21Z,2026-09-29,MTL @ TOR,485b295347cb22f002e014cb87813ed7,fgs,yes,William Nylander,,fanduel,1200,,oddsapi
2026-09-29T02:04:21Z,2026-09-29,MTL @ TOR,485b295347cb22f002e014cb87813ed7,fgs,yes,John Tavares,,fanduel,1300,,oddsapi
2026-09-29T02:04:21Z,2026-09-29,MTL @ TOR,485b295347cb22f002e014cb87813ed7,fgs,yes,Juraj Slafkovsky,,fanduel,1400,,oddsapi
2026-09-29T02:04:21Z,2026-09-29,MTL @ TOR,485b295347cb22f002e014cb87813ed7,fgs,yes,Nick Suzuki,,fanduel,1400,,oddsapi
2026-09-29T02:04:21Z,2026-09-29,MTL @ TOR,485b295347cb22f002e014cb87813ed7,fgs,yes,Gavin McKenna,,fanduel,1600,,oddsapi
2026-09-29T02:04:21Z,2026-09-29,MTL @ TOR,485b295347cb22f002e014cb87813ed7,fgs,yes,Jack Roslovic,,fanduel,1600,,oddsapi
2026-09-29T02:04:21Z,2026-09-29,MTL @ TOR,485b295347cb22f002e014cb87813ed7,fgs,yes,Ivan Demidov,,fanduel,1700,,oddsapi
2026-09-29T02:04:21Z,2026-09-29,MTL @ TOR,485b295347cb22f002e014cb87813ed7,fgs,yes,Chris Kreider,,fanduel,2000,,oddsapi
2026-09-29T02:04:21Z,2026-09-29,MTL @ TOR,485b295347cb22f002e014cb87813ed7,fgs,yes,Alex Newhook,,fanduel,2000,,oddsapi
2026-09-29T02:04:21Z,2026-09-29,MTL @ TOR,485b295347cb22f002e014cb87813ed7,fgs,yes,Easton Cowan,,fanduel,2500,,oddsapi
2026-09-29T02:04:21Z,2026-09-29,MTL @ TOR,485b295347cb22f002e014cb87813ed7,fgs,yes,Darren Raddysh,,fanduel,2700,,oddsapi
2026-09-29T02:04:21Z,2026-09-29,MTL @ TOR,485b295347cb22f002e014cb87813ed7,fgs,yes,Lane Hutson,,fanduel,3000,,oddsapi
2026-09-29T02:04:21Z,2026-09-29,MTL @ TOR,485b295347cb22f002e014cb87813ed7,fgs,yes,Kirby Dach,,fanduel,3000,,oddsapi
2026-09-29T02:04:21Z,2026-09-29,MTL @ TOR,485b295347cb22f002e014cb87813ed7,fgs,yes,Zack Bolduc,,fanduel,3000,,oddsapi
2026-09-29T02:04:21Z,2026-09-29,MTL @ TOR,485b295347cb22f002e014cb87813ed7,fgs,yes,Alexandre Texier,,fanduel,3000,,oddsapi
2026-09-29T02:04:21Z,2026-09-29,MTL @ TOR,485b295347cb22f002e014cb87813ed7,fgs,yes,Noah Dobson,,fanduel,3500,,oddsapi
2026-09-29T02:04:21Z,2026-09-29,MTL @ TOR,485b295347cb22f002e014cb87813ed7,fgs,yes,Josh Anderson,,fanduel,3500,,oddsapi
2026-09-29T02:04:21Z,2026-09-29,MTL @ TOR,485b295347cb22f002e014cb87813ed7,fgs,yes,Morgan Rielly,,fanduel,3500,,oddsapi
2026-09-29T02:04:21Z,2026-09-29,MTL @ TOR,485b295347cb22f002e014cb87813ed7,fgs,yes,Teddy Blueger,,fanduel,3500,,oddsapi
2026-09-29T02:04:21Z,2026-09-29,MTL @ TOR,485b295347cb22f002e014cb87813ed7,fgs,yes,Colton Sissons,,fanduel,3500,,oddsapi
2026-09-29T02:04:21Z,2026-09-29,MTL @ TOR,485b295347cb22f002e014cb87813ed7,fgs,yes,Jake Evans,,fanduel,4000,,oddsapi
2026-09-29T02:04:21Z,2026-09-29,MTL @ TOR,485b295347cb22f002e014cb87813ed7,fgs,yes,Phillip Danault,,fanduel,4000,,oddsapi
2026-09-29T02:04:21Z,2026-09-29,MTL @ TOR,485b295347cb22f002e014cb87813ed7,fgs,yes,Zack MacEwen,,fanduel,5500,,oddsapi
2026-09-29T02:04:21Z,2026-09-29,MTL @ TOR,485b295347cb22f002e014cb87813ed7,fgs,yes,Mike Matheson,,fanduel,5500,,oddsapi
2026-09-29T02:04:21Z,2026-09-29,MTL @ TOR,485b295347cb22f002e014cb87813ed7,fgs,yes,Oliver Ekman-Larsson,,fanduel,5500,,oddsapi
2026-09-29T02:04:21Z,2026-09-29,MTL @ TOR,485b295347cb22f002e014cb87813ed7,fgs,yes,Brandon Duhaime,,fanduel,6000,,oddsapi
2026-09-29T02:04:21Z,2026-09-29,MTL @ TOR,485b295347cb22f002e014cb87813ed7,fgs,yes,Christopher Tanev,,fanduel,8000,,oddsapi
2026-09-29T02:04:21Z,2026-09-29,MTL @ TOR,485b295347cb22f002e014cb87813ed7,fgs,yes,Jake McCabe,,fanduel,8000,,oddsapi
2026-09-29T02:04:21Z,2026-09-29,MTL @ TOR,485b295347cb22f002e014cb87813ed7,fgs,yes,Alexandre Carrier,,fanduel,10000,,oddsapi
2026-09-29T02:04:21Z,2026-09-29,MTL @ TOR,485b295347cb22f002e014cb87813ed7,fgs,yes,Jayden Struble,,fanduel,10000,,oddsapi
2026-09-29T02:04:21Z,2026-09-29,MTL @ TOR,485b295347cb22f002e014cb87813ed7,p1_pl,MTL,,-0.5,fanduel,174,-225,oddsapi
2026-09-29T02:04:21Z,2026-09-29,MTL @ TOR,485b295347cb22f002e014cb87813ed7,p1_pl,TOR,,0.5,fanduel,-225,174,oddsapi
2026-09-29T02:04:21Z,2026-09-29,MTL @ TOR,485b295347cb22f002e014cb87813ed7,p2_pl,MTL,,0.5,fanduel,-220,170,oddsapi
2026-09-29T02:04:21Z,2026-09-29,MTL @ TOR,485b295347cb22f002e014cb87813ed7,p2_pl,TOR,,-0.5,fanduel,170,-220,oddsapi
2026-09-29T02:04:21Z,2026-09-29,MTL @ TOR,485b295347cb22f002e014cb87813ed7,p3_pl,MTL,,-0.5,fanduel,152,-196,oddsapi
2026-09-29T02:04:21Z,2026-09-29,MTL @ TOR,485b295347cb22f002e014cb87813ed7,p3_pl,TOR,,0.5,fanduel,-196,152,oddsapi
2026-09-29T02:04:21Z,2026-09-29,MTL @ TOR,485b295347cb22f002e014cb87813ed7,team_total,over,MTL,2.5,fanduel,-192,,oddsapi
2026-09-29T02:04:21Z,2026-09-29,MTL @ TOR,485b295347cb22f002e014cb87813ed7,team_total,under,MTL,3.5,fanduel,-166,,oddsapi
2026-09-29T02:04:21Z,2026-09-29,MTL @ TOR,485b295347cb22f002e014cb87813ed7,team_total,over,TOR,2.5,fanduel,-182,,oddsapi
2026-09-29T02:04:21Z,2026-09-29,MTL @ TOR,485b295347cb22f002e014cb87813ed7,team_total,under,TOR,3.5,fanduel,-172,,oddsapi
2026-09-29T02:04:21Z,2026-09-29,MTL @ TOR,485b295347cb22f002e014cb87813ed7,p1_team_total,over,MTL,0.5,fanduel,-168,132,oddsapi
2026-09-29T02:04:21Z,2026-09-29,MTL @ TOR,485b295347cb22f002e014cb87813ed7,p1_team_total,under,MTL,0.5,fanduel,132,-168,oddsapi
2026-09-29T02:04:21Z,2026-09-29,MTL @ TOR,485b295347cb22f002e014cb87813ed7,p1_team_total,over,TOR,0.5,fanduel,-168,130,oddsapi
2026-09-29T02:04:21Z,2026-09-29,MTL @ TOR,485b295347cb22f002e014cb87813ed7,p1_team_total,under,TOR,0.5,fanduel,130,-168,oddsapi
2026-09-29T02:04:21Z,2026-09-29,MTL @ TOR,485b295347cb22f002e014cb87813ed7,p1_total,over,,1.5,fanduel,-126,-102,oddsapi
2026-09-29T02:04:21Z,2026-09-29,MTL @ TOR,485b295347cb22f002e014cb87813ed7,p1_total,under,,1.5,fanduel,-102,-126,oddsapi
2026-09-29T02:04:21Z,2026-09-29,MTL @ TOR,485b295347cb22f002e014cb87813ed7,p2_total,over,,1.5,fanduel,-186,146,oddsapi
2026-09-29T02:04:21Z,2026-09-29,MTL @ TOR,485b295347cb22f002e014cb87813ed7,p2_total,under,,1.5,fanduel,146,-186,oddsapi
2026-09-29T02:04:21Z,2026-09-29,MTL @ TOR,485b295347cb22f002e014cb87813ed7,p3_total,over,,2.5,fanduel,138,-176,oddsapi
2026-09-29T02:04:21Z,2026-09-29,MTL @ TOR,485b295347cb22f002e014cb87813ed7,p3_total,under,,2.5,fanduel,-176,138,oddsapi
2026-09-29T02:04:21Z,2026-09-29,MTL @ TOR,485b295347cb22f002e014cb87813ed7,p1_ml,MTL,,,betonlineag,-108,-112,oddsapi
2026-09-29T02:04:21Z,2026-09-29,MTL @ TOR,485b295347cb22f002e014cb87813ed7,p1_ml,TOR,,,betonlineag,-112,-108,oddsapi
2026-09-29T02:04:21Z,2026-09-29,MTL @ TOR,485b295347cb22f002e014cb87813ed7,sk_pts,over,Cole Caufield,0.5,betonlineag,-175,135,oddsapi
2026-09-29T02:04:21Z,2026-09-29,MTL @ TOR,485b295347cb22f002e014cb87813ed7,sk_pts,under,Cole Caufield,0.5,betonlineag,135,-175,oddsapi
2026-09-29T02:04:21Z,2026-09-29,MTL @ TOR,485b295347cb22f002e014cb87813ed7,sk_pts,over,Juraj Slafkovsky,0.5,betonlineag,-112,-115,oddsapi
2026-09-29T02:04:21Z,2026-09-29,MTL @ TOR,485b295347cb22f002e014cb87813ed7,sk_pts,under,Juraj Slafkovsky,0.5,betonlineag,-115,-112,oddsapi
2026-09-29T02:04:21Z,2026-09-29,MTL @ TOR,485b295347cb22f002e014cb87813ed7,sk_pts,over,Nick Suzuki,0.5,betonlineag,-227,170,oddsapi
2026-09-29T02:04:21Z,2026-09-29,MTL @ TOR,485b295347cb22f002e014cb87813ed7,sk_pts,under,Nick Suzuki,0.5,betonlineag,170,-227,oddsapi
2026-09-29T02:04:21Z,2026-09-29,MTL @ TOR,485b295347cb22f002e014cb87813ed7,sk_pts,over,Chris Kreider,0.5,betonlineag,130,-169,oddsapi
2026-09-29T02:04:21Z,2026-09-29,MTL @ TOR,485b295347cb22f002e014cb87813ed7,sk_pts,under,Chris Kreider,0.5,betonlineag,-169,130,oddsapi
2026-09-29T02:04:21Z,2026-09-29,MTL @ TOR,485b295347cb22f002e014cb87813ed7,sk_pts,over,Darren Raddysh,0.5,betonlineag,-112,-115,oddsapi
2026-09-29T02:04:21Z,2026-09-29,MTL @ TOR,485b295347cb22f002e014cb87813ed7,sk_pts,under,Darren Raddysh,0.5,betonlineag,-115,-112,oddsapi
2026-09-29T02:04:21Z,2026-09-29,MTL @ TOR,485b295347cb22f002e014cb87813ed7,sk_pts,over,Noah Dobson,0.5,betonlineag,158,-208,oddsapi
2026-09-29T02:04:21Z,2026-09-29,MTL @ TOR,485b295347cb22f002e014cb87813ed7,sk_pts,under,Noah Dobson,0.5,betonlineag,-208,158,oddsapi
2026-09-29T02:04:21Z,2026-09-29,MTL @ TOR,485b295347cb22f002e014cb87813ed7,sk_pts,over,Morgan Rielly,0.5,betonlineag,155,-204,oddsapi
2026-09-29T02:04:21Z,2026-09-29,MTL @ TOR,485b295347cb22f002e014cb87813ed7,sk_pts,under,Morgan Rielly,0.5,betonlineag,-204,155,oddsapi
2026-09-29T02:04:21Z,2026-09-29,MTL @ TOR,485b295347cb22f002e014cb87813ed7,sk_pts,over,Mike Matheson,0.5,betonlineag,226,-312,oddsapi
2026-09-29T02:04:21Z,2026-09-29,MTL @ TOR,485b295347cb22f002e014cb87813ed7,sk_pts,under,Mike Matheson,0.5,betonlineag,-312,226,oddsapi
2026-09-29T02:04:21Z,2026-09-29,MTL @ TOR,485b295347cb22f002e014cb87813ed7,sk_pts,over,Lane Hutson,0.5,betonlineag,-169,130,oddsapi
2026-09-29T02:04:21Z,2026-09-29,MTL @ TOR,485b295347cb22f002e014cb87813ed7,sk_pts,under,Lane Hutson,0.5,betonlineag,130,-169,oddsapi
2026-09-29T02:04:21Z,2026-09-29,MTL @ TOR,485b295347cb22f002e014cb87813ed7,sk_pts,over,Ivan Demidov,0.5,betonlineag,-103,-125,oddsapi
2026-09-29T02:04:21Z,2026-09-29,MTL @ TOR,485b295347cb22f002e014cb87813ed7,sk_pts,under,Ivan Demidov,0.5,betonlineag,-125,-103,oddsapi
2026-09-29T02:04:21Z,2026-09-29,MTL @ TOR,485b295347cb22f002e014cb87813ed7,sk_pts,over,Gavin McKenna,0.5,betonlineag,100,-130,oddsapi
2026-09-29T02:04:21Z,2026-09-29,MTL @ TOR,485b295347cb22f002e014cb87813ed7,sk_pts,under,Gavin McKenna,0.5,betonlineag,-130,100,oddsapi
2026-09-29T02:04:21Z,2026-09-29,MTL @ TOR,485b295347cb22f002e014cb87813ed7,sk_pts,over,Auston Matthews,0.5,betonlineag,-185,140,oddsapi
2026-09-29T02:04:21Z,2026-09-29,MTL @ TOR,485b295347cb22f002e014cb87813ed7,sk_pts,under,Auston Matthews,0.5,betonlineag,140,-185,oddsapi
2026-09-29T02:04:21Z,2026-09-29,MTL @ TOR,485b295347cb22f002e014cb87813ed7,sk_pts,over,John Tavares,0.5,betonlineag,-149,115,oddsapi
2026-09-29T02:04:21Z,2026-09-29,MTL @ TOR,485b295347cb22f002e014cb87813ed7,sk_pts,under,John Tavares,0.5,betonlineag,115,-149,oddsapi
2026-09-29T02:04:21Z,2026-09-29,MTL @ TOR,485b295347cb22f002e014cb87813ed7,sk_pts,over,William Nylander,0.5,betonlineag,-192,145,oddsapi
2026-09-29T02:04:21Z,2026-09-29,MTL @ TOR,485b295347cb22f002e014cb87813ed7,sk_pts,under,William Nylander,0.5,betonlineag,145,-192,oddsapi
2026-09-29T02:04:21Z,2026-09-29,MTL @ TOR,485b295347cb22f002e014cb87813ed7,sk_pts,over,Oliver Ekman-Larsson,0.5,betonlineag,239,-333,oddsapi
2026-09-29T02:04:21Z,2026-09-29,MTL @ TOR,485b295347cb22f002e014cb87813ed7,sk_pts,under,Oliver Ekman-Larsson,0.5,betonlineag,-333,239,oddsapi
2026-09-29T02:04:21Z,2026-09-29,MTL @ TOR,485b295347cb22f002e014cb87813ed7,sk_sog,over,William Nylander,2.5,betonlineag,112,-145,oddsapi
2026-09-29T02:04:21Z,2026-09-29,MTL @ TOR,485b295347cb22f002e014cb87813ed7,sk_sog,under,William Nylander,2.5,betonlineag,-145,112,oddsapi
2026-09-29T02:04:21Z,2026-09-29,MTL @ TOR,485b295347cb22f002e014cb87813ed7,sk_sog,over,John Tavares,1.5,betonlineag,-156,120,oddsapi
2026-09-29T02:04:21Z,2026-09-29,MTL @ TOR,485b295347cb22f002e014cb87813ed7,sk_sog,under,John Tavares,1.5,betonlineag,120,-156,oddsapi
2026-09-29T02:04:21Z,2026-09-29,MTL @ TOR,485b295347cb22f002e014cb87813ed7,sk_sog,over,Ivan Demidov,1.5,betonlineag,-156,120,oddsapi
2026-09-29T02:04:21Z,2026-09-29,MTL @ TOR,485b295347cb22f002e014cb87813ed7,sk_sog,under,Ivan Demidov,1.5,betonlineag,120,-156,oddsapi
2026-09-29T02:04:21Z,2026-09-29,MTL @ TOR,485b295347cb22f002e014cb87813ed7,sk_sog,over,Juraj Slafkovsky,2.5,betonlineag,112,-145,oddsapi
2026-09-29T02:04:21Z,2026-09-29,MTL @ TOR,485b295347cb22f002e014cb87813ed7,sk_sog,under,Juraj Slafkovsky,2.5,betonlineag,-145,112,oddsapi
2026-09-29T02:04:21Z,2026-09-29,MTL @ TOR,485b295347cb22f002e014cb87813ed7,sk_sog,over,Mike Matheson,1.5,betonlineag,112,-145,oddsapi
2026-09-29T02:04:21Z,2026-09-29,MTL @ TOR,485b295347cb22f002e014cb87813ed7,sk_sog,under,Mike Matheson,1.5,betonlineag,-145,112,oddsapi
2026-09-29T02:04:21Z,2026-09-29,MTL @ TOR,485b295347cb22f002e014cb87813ed7,sk_sog,over,Nick Suzuki,2.5,betonlineag,115,-149,oddsapi
2026-09-29T02:04:21Z,2026-09-29,MTL @ TOR,485b295347cb22f002e014cb87813ed7,sk_sog,under,Nick Suzuki,2.5,betonlineag,-149,115,oddsapi
2026-09-29T02:04:21Z,2026-09-29,MTL @ TOR,485b295347cb22f002e014cb87813ed7,sk_sog,over,Noah Dobson,1.5,betonlineag,-135,105,oddsapi
2026-09-29T02:04:21Z,2026-09-29,MTL @ TOR,485b295347cb22f002e014cb87813ed7,sk_sog,under,Noah Dobson,1.5,betonlineag,105,-135,oddsapi
2026-09-29T02:04:21Z,2026-09-29,MTL @ TOR,485b295347cb22f002e014cb87813ed7,sk_sog,over,Darren Raddysh,2.5,betonlineag,126,-164,oddsapi
2026-09-29T02:04:21Z,2026-09-29,MTL @ TOR,485b295347cb22f002e014cb87813ed7,sk_sog,under,Darren Raddysh,2.5,betonlineag,-164,126,oddsapi
2026-09-29T02:04:21Z,2026-09-29,MTL @ TOR,485b295347cb22f002e014cb87813ed7,sk_sog,over,Lane Hutson,1.5,betonlineag,-156,120,oddsapi
2026-09-29T02:04:21Z,2026-09-29,MTL @ TOR,485b295347cb22f002e014cb87813ed7,sk_sog,under,Lane Hutson,1.5,betonlineag,120,-156,oddsapi
2026-09-29T02:04:21Z,2026-09-29,MTL @ TOR,485b295347cb22f002e014cb87813ed7,sk_sog,over,Cole Caufield,2.5,betonlineag,-149,115,oddsapi
2026-09-29T02:04:21Z,2026-09-29,MTL @ TOR,485b295347cb22f002e014cb87813ed7,sk_sog,under,Cole Caufield,2.5,betonlineag,115,-149,oddsapi
2026-09-29T02:04:21Z,2026-09-29,MTL @ TOR,485b295347cb22f002e014cb87813ed7,sk_sog,over,Auston Matthews,3.5,betonlineag,109,-141,oddsapi
2026-09-29T02:04:21Z,2026-09-29,MTL @ TOR,485b295347cb22f002e014cb87813ed7,sk_sog,under,Auston Matthews,3.5,betonlineag,-141,109,oddsapi
2026-09-29T02:04:21Z,2026-09-29,MTL @ TOR,485b295347cb22f002e014cb87813ed7,sk_sog,over,Gavin McKenna,1.5,betonlineag,-135,105,oddsapi
2026-09-29T02:04:21Z,2026-09-29,MTL @ TOR,485b295347cb22f002e014cb87813ed7,sk_sog,under,Gavin McKenna,1.5,betonlineag,105,-135,oddsapi
2026-09-29T02:04:21Z,2026-09-29,MTL @ TOR,485b295347cb22f002e014cb87813ed7,sk_sog,over,Chris Kreider,1.5,betonlineag,-175,135,oddsapi
2026-09-29T02:04:21Z,2026-09-29,MTL @ TOR,485b295347cb22f002e014cb87813ed7,sk_sog,under,Chris Kreider,1.5,betonlineag,135,-175,oddsapi
2026-09-29T02:04:21Z,2026-09-29,MTL @ TOR,485b295347cb22f002e014cb87813ed7,sk_sog,over,Nick Paul,1.5,betonlineag,149,-196,oddsapi
2026-09-29T02:04:21Z,2026-09-29,MTL @ TOR,485b295347cb22f002e014cb87813ed7,sk_sog,under,Nick Paul,1.5,betonlineag,-196,149,oddsapi
2026-09-29T02:04:21Z,2026-09-29,MTL @ TOR,485b295347cb22f002e014cb87813ed7,g_saves,over,Jakub Dobes,23.5,betonlineag,-123,-105,oddsapi
2026-09-29T02:04:21Z,2026-09-29,MTL @ TOR,485b295347cb22f002e014cb87813ed7,g_saves,under,Jakub Dobes,23.5,betonlineag,-105,-123,oddsapi
2026-09-29T02:04:21Z,2026-09-29,MTL @ TOR,485b295347cb22f002e014cb87813ed7,p1_pl,MTL,,0.5,betonlineag,-205,177,oddsapi
2026-09-29T02:04:21Z,2026-09-29,MTL @ TOR,485b295347cb22f002e014cb87813ed7,p1_pl,TOR,,-0.5,betonlineag,177,-205,oddsapi
2026-09-29T02:04:21Z,2026-09-29,MTL @ TOR,485b295347cb22f002e014cb87813ed7,team_total,over,MTL,3.5,betonlineag,136,-175,oddsapi
2026-09-29T02:04:21Z,2026-09-29,MTL @ TOR,485b295347cb22f002e014cb87813ed7,team_total,under,MTL,3.5,betonlineag,-175,136,oddsapi
2026-09-29T02:04:21Z,2026-09-29,MTL @ TOR,485b295347cb22f002e014cb87813ed7,team_total,over,TOR,3.5,betonlineag,136,-175,oddsapi
2026-09-29T02:04:21Z,2026-09-29,MTL @ TOR,485b295347cb22f002e014cb87813ed7,team_total,under,TOR,3.5,betonlineag,-175,136,oddsapi
2026-09-29T02:04:21Z,2026-09-29,MTL @ TOR,485b295347cb22f002e014cb87813ed7,p1_total,over,,1.5,betonlineag,-130,110,oddsapi
2026-09-29T02:04:21Z,2026-09-29,MTL @ TOR,485b295347cb22f002e014cb87813ed7,p1_total,under,,1.5,betonlineag,110,-130,oddsapi
2026-09-29T02:04:21Z,2026-09-29,MTL @ TOR,485b295347cb22f002e014cb87813ed7,game_ml3,MTL,,,betmgm,140,,oddsapi
2026-09-29T02:04:21Z,2026-09-29,MTL @ TOR,485b295347cb22f002e014cb87813ed7,game_ml3,TOR,,,betmgm,140,,oddsapi
2026-09-29T02:04:21Z,2026-09-29,MTL @ TOR,485b295347cb22f002e014cb87813ed7,game_ml3,draw,,,betmgm,300,,oddsapi
2026-09-29T02:04:21Z,2026-09-29,MTL @ TOR,485b295347cb22f002e014cb87813ed7,team_total_alt,over,MTL,1,betmgm,-3000,825,oddsapi
2026-09-29T02:04:21Z,2026-09-29,MTL @ TOR,485b295347cb22f002e014cb87813ed7,team_total_alt,under,MTL,1,betmgm,825,-3000,oddsapi
2026-09-29T02:04:21Z,2026-09-29,MTL @ TOR,485b295347cb22f002e014cb87813ed7,team_total_alt,over,MTL,1.5,betmgm,-550,325,oddsapi
2026-09-29T02:04:21Z,2026-09-29,MTL @ TOR,485b295347cb22f002e014cb87813ed7,team_total_alt,under,MTL,1.5,betmgm,325,-550,oddsapi
2026-09-29T02:04:21Z,2026-09-29,MTL @ TOR,485b295347cb22f002e014cb87813ed7,team_total_alt,over,MTL,2,betmgm,-375,250,oddsapi
2026-09-29T02:04:21Z,2026-09-29,MTL @ TOR,485b295347cb22f002e014cb87813ed7,team_total_alt,under,MTL,2,betmgm,250,-375,oddsapi
2026-09-29T02:04:21Z,2026-09-29,MTL @ TOR,485b295347cb22f002e014cb87813ed7,team_total_alt,over,MTL,2.5,betmgm,-190,135,oddsapi
2026-09-29T02:04:21Z,2026-09-29,MTL @ TOR,485b295347cb22f002e014cb87813ed7,team_total_alt,under,MTL,2.5,betmgm,135,-190,oddsapi
2026-09-29T02:04:21Z,2026-09-29,MTL @ TOR,485b295347cb22f002e014cb87813ed7,team_total_alt,over,MTL,3,betmgm,-125,-110,oddsapi
2026-09-29T02:04:21Z,2026-09-29,MTL @ TOR,485b295347cb22f002e014cb87813ed7,team_total_alt,under,MTL,3,betmgm,-110,-125,oddsapi
2026-09-29T02:04:21Z,2026-09-29,MTL @ TOR,485b295347cb22f002e014cb87813ed7,team_total_alt,over,MTL,3.5,betmgm,120,-165,oddsapi
2026-09-29T02:04:21Z,2026-09-29,MTL @ TOR,485b295347cb22f002e014cb87813ed7,team_total_alt,under,MTL,3.5,betmgm,-165,120,oddsapi
2026-09-29T02:04:21Z,2026-09-29,MTL @ TOR,485b295347cb22f002e014cb87813ed7,team_total_alt,over,MTL,4,betmgm,210,-300,oddsapi
2026-09-29T02:04:21Z,2026-09-29,MTL @ TOR,485b295347cb22f002e014cb87813ed7,team_total_alt,under,MTL,4,betmgm,-300,210,oddsapi
2026-09-29T02:04:21Z,2026-09-29,MTL @ TOR,485b295347cb22f002e014cb87813ed7,team_total_alt,over,MTL,4.5,betmgm,260,-425,oddsapi
2026-09-29T02:04:21Z,2026-09-29,MTL @ TOR,485b295347cb22f002e014cb87813ed7,team_total_alt,under,MTL,4.5,betmgm,-425,260,oddsapi
2026-09-29T02:04:21Z,2026-09-29,MTL @ TOR,485b295347cb22f002e014cb87813ed7,team_total_alt,over,MTL,5,betmgm,500,-1100,oddsapi
2026-09-29T02:04:21Z,2026-09-29,MTL @ TOR,485b295347cb22f002e014cb87813ed7,team_total_alt,under,MTL,5,betmgm,-1100,500,oddsapi
2026-09-29T02:04:21Z,2026-09-29,MTL @ TOR,485b295347cb22f002e014cb87813ed7,team_total_alt,over,TOR,1,betmgm,-3000,825,oddsapi
2026-09-29T02:04:21Z,2026-09-29,MTL @ TOR,485b295347cb22f002e014cb87813ed7,team_total_alt,under,TOR,1,betmgm,825,-3000,oddsapi
2026-09-29T02:04:21Z,2026-09-29,MTL @ TOR,485b295347cb22f002e014cb87813ed7,team_total_alt,over,TOR,1.5,betmgm,-550,325,oddsapi
2026-09-29T02:04:21Z,2026-09-29,MTL @ TOR,485b295347cb22f002e014cb87813ed7,team_total_alt,under,TOR,1.5,betmgm,325,-550,oddsapi
2026-09-29T02:04:21Z,2026-09-29,MTL @ TOR,485b295347cb22f002e014cb87813ed7,team_total_alt,over,TOR,2,betmgm,-375,250,oddsapi
2026-09-29T02:04:21Z,2026-09-29,MTL @ TOR,485b295347cb22f002e014cb87813ed7,team_total_alt,under,TOR,2,betmgm,250,-375,oddsapi
2026-09-29T02:04:21Z,2026-09-29,MTL @ TOR,485b295347cb22f002e014cb87813ed7,team_total_alt,over,TOR,2.5,betmgm,-190,135,oddsapi
2026-09-29T02:04:21Z,2026-09-29,MTL @ TOR,485b295347cb22f002e014cb87813ed7,team_total_alt,under,TOR,2.5,betmgm,135,-190,oddsapi
2026-09-29T02:04:21Z,2026-09-29,MTL @ TOR,485b295347cb22f002e014cb87813ed7,team_total_alt,over,TOR,3,betmgm,-125,-110,oddsapi
2026-09-29T02:04:21Z,2026-09-29,MTL @ TOR,485b295347cb22f002e014cb87813ed7,team_total_alt,under,TOR,3,betmgm,-110,-125,oddsapi
2026-09-29T02:04:21Z,2026-09-29,MTL @ TOR,485b295347cb22f002e014cb87813ed7,team_total_alt,over,TOR,3.5,betmgm,120,-165,oddsapi
2026-09-29T02:04:21Z,2026-09-29,MTL @ TOR,485b295347cb22f002e014cb87813ed7,team_total_alt,under,TOR,3.5,betmgm,-165,120,oddsapi
2026-09-29T02:04:21Z,2026-09-29,MTL @ TOR,485b295347cb22f002e014cb87813ed7,team_total_alt,over,TOR,4,betmgm,210,-300,oddsapi
2026-09-29T02:04:21Z,2026-09-29,MTL @ TOR,485b295347cb22f002e014cb87813ed7,team_total_alt,under,TOR,4,betmgm,-300,210,oddsapi
2026-09-29T02:04:21Z,2026-09-29,MTL @ TOR,485b295347cb22f002e014cb87813ed7,team_total_alt,over,TOR,4.5,betmgm,260,-425,oddsapi
2026-09-29T02:04:21Z,2026-09-29,MTL @ TOR,485b295347cb22f002e014cb87813ed7,team_total_alt,under,TOR,4.5,betmgm,-425,260,oddsapi
2026-09-29T02:04:21Z,2026-09-29,MTL @ TOR,485b295347cb22f002e014cb87813ed7,team_total_alt,over,TOR,5,betmgm,500,-1100,oddsapi
2026-09-29T02:04:21Z,2026-09-29,MTL @ TOR,485b295347cb22f002e014cb87813ed7,team_total_alt,under,TOR,5,betmgm,-1100,500,oddsapi
2026-09-29T02:04:21Z,2026-09-29,MTL @ TOR,485b295347cb22f002e014cb87813ed7,p1_ml3,MTL,,,betmgm,165,,oddsapi
2026-09-29T02:04:21Z,2026-09-29,MTL @ TOR,485b295347cb22f002e014cb87813ed7,p1_ml3,TOR,,,betmgm,165,,oddsapi
2026-09-29T02:04:21Z,2026-09-29,MTL @ TOR,485b295347cb22f002e014cb87813ed7,p1_ml3,draw,,,betmgm,180,,oddsapi
2026-09-29T02:04:21Z,2026-09-29,MTL @ TOR,485b295347cb22f002e014cb87813ed7,p2_ml3,MTL,,,betmgm,160,,oddsapi
2026-09-29T02:04:21Z,2026-09-29,MTL @ TOR,485b295347cb22f002e014cb87813ed7,p2_ml3,TOR,,,betmgm,160,,oddsapi
2026-09-29T02:04:21Z,2026-09-29,MTL @ TOR,485b295347cb22f002e014cb87813ed7,p2_ml3,draw,,,betmgm,195,,oddsapi
2026-09-29T02:04:21Z,2026-09-29,MTL @ TOR,485b295347cb22f002e014cb87813ed7,p3_ml3,MTL,,,betmgm,145,,oddsapi
2026-09-29T02:04:21Z,2026-09-29,MTL @ TOR,485b295347cb22f002e014cb87813ed7,p3_ml3,TOR,,,betmgm,150,,oddsapi
2026-09-29T02:04:21Z,2026-09-29,MTL @ TOR,485b295347cb22f002e014cb87813ed7,p3_ml3,draw,,,betmgm,230,,oddsapi
2026-09-29T02:04:21Z,2026-09-29,MTL @ TOR,485b295347cb22f002e014cb87813ed7,p1_ml,MTL,,,betmgm,-115,-115,oddsapi
2026-09-29T02:04:21Z,2026-09-29,MTL @ TOR,485b295347cb22f002e014cb87813ed7,p1_ml,TOR,,,betmgm,-115,-115,oddsapi
2026-09-29T02:04:21Z,2026-09-29,MTL @ TOR,485b295347cb22f002e014cb87813ed7,p2_ml,MTL,,,betmgm,-118,-118,oddsapi
2026-09-29T02:04:21Z,2026-09-29,MTL @ TOR,485b295347cb22f002e014cb87813ed7,p2_ml,TOR,,,betmgm,-118,-118,oddsapi
2026-09-29T02:04:21Z,2026-09-29,MTL @ TOR,485b295347cb22f002e014cb87813ed7,p3_ml,MTL,,,betmgm,-118,-118,oddsapi
2026-09-29T02:04:21Z,2026-09-29,MTL @ TOR,485b295347cb22f002e014cb87813ed7,p3_ml,TOR,,,betmgm,-118,-118,oddsapi
2026-09-29T02:04:21Z,2026-09-29,MTL @ TOR,485b295347cb22f002e014cb87813ed7,ags,yes,Cole Caufield,,betmgm,135,,oddsapi
2026-09-29T02:04:21Z,2026-09-29,MTL @ TOR,485b295347cb22f002e014cb87813ed7,ags,yes,Auston Matthews,,betmgm,150,,oddsapi
2026-09-29T02:04:21Z,2026-09-29,MTL @ TOR,485b295347cb22f002e014cb87813ed7,ags,yes,William Nylander,,betmgm,180,,oddsapi
2026-09-29T02:04:21Z,2026-09-29,MTL @ TOR,485b295347cb22f002e014cb87813ed7,ags,yes,John Tavares,,betmgm,195,,oddsapi
2026-09-29T02:04:21Z,2026-09-29,MTL @ TOR,485b295347cb22f002e014cb87813ed7,ags,yes,Nick Suzuki,,betmgm,220,,oddsapi
2026-09-29T02:04:21Z,2026-09-29,MTL @ TOR,485b295347cb22f002e014cb87813ed7,ags,yes,Juraj Slafkovsky,,betmgm,230,,oddsapi
2026-09-29T02:04:21Z,2026-09-29,MTL @ TOR,485b295347cb22f002e014cb87813ed7,ags,yes,Gavin McKenna,,betmgm,250,,oddsapi
2026-09-29T02:04:21Z,2026-09-29,MTL @ TOR,485b295347cb22f002e014cb87813ed7,ags,yes,Jack Roslovic,,betmgm,260,,oddsapi
2026-09-29T02:04:21Z,2026-09-29,MTL @ TOR,485b295347cb22f002e014cb87813ed7,ags,yes,Ivan Demidov,,betmgm,280,,oddsapi
2026-09-29T02:04:21Z,2026-09-29,MTL @ TOR,485b295347cb22f002e014cb87813ed7,ags,yes,Chris Kreider,,betmgm,333,,oddsapi
2026-09-29T02:04:21Z,2026-09-29,MTL @ TOR,485b295347cb22f002e014cb87813ed7,ags,yes,Kirby Dach,,betmgm,400,,oddsapi
2026-09-29T02:04:21Z,2026-09-29,MTL @ TOR,485b295347cb22f002e014cb87813ed7,ags,yes,Alex Newhook,,betmgm,400,,oddsapi
2026-09-29T02:04:21Z,2026-09-29,MTL @ TOR,485b295347cb22f002e014cb87813ed7,ags,yes,Alexandre Texier,,betmgm,400,,oddsapi
2026-09-29T02:04:21Z,2026-09-29,MTL @ TOR,485b295347cb22f002e014cb87813ed7,ags,yes,Nick Paul,,betmgm,400,,oddsapi
2026-09-29T02:04:21Z,2026-09-29,MTL @ TOR,485b295347cb22f002e014cb87813ed7,ags,yes,Darren Raddysh,,betmgm,425,,oddsapi
2026-09-29T02:04:21Z,2026-09-29,MTL @ TOR,485b295347cb22f002e014cb87813ed7,ags,yes,Josh Anderson,,betmgm,425,,oddsapi
2026-09-29T02:04:21Z,2026-09-29,MTL @ TOR,485b295347cb22f002e014cb87813ed7,ags,yes,Zack Bolduc,,betmgm,450,,oddsapi
2026-09-29T02:04:21Z,2026-09-29,MTL @ TOR,485b295347cb22f002e014cb87813ed7,ags,yes,Easton Cowan,,betmgm,475,,oddsapi
2026-09-29T02:04:21Z,2026-09-29,MTL @ TOR,485b295347cb22f002e014cb87813ed7,ags,yes,Lane Hutson,,betmgm,550,,oddsapi
2026-09-29T02:04:21Z,2026-09-29,MTL @ TOR,485b295347cb22f002e014cb87813ed7,ags,yes,Noah Dobson,,betmgm,650,,oddsapi
2026-09-29T02:04:21Z,2026-09-29,MTL @ TOR,485b295347cb22f002e014cb87813ed7,ags,yes,Morgan Rielly,,betmgm,675,,oddsapi
2026-09-29T02:04:21Z,2026-09-29,MTL @ TOR,485b295347cb22f002e014cb87813ed7,ags,yes,Jake Evans,,betmgm,700,,oddsapi
2026-09-29T02:04:21Z,2026-09-29,MTL @ TOR,485b295347cb22f002e014cb87813ed7,ags,yes,Colton Sissons,,betmgm,750,,oddsapi
2026-09-29T02:04:21Z,2026-09-29,MTL @ TOR,485b295347cb22f002e014cb87813ed7,ags,yes,Teddy Blueger,,betmgm,750,,oddsapi
2026-09-29T02:04:21Z,2026-09-29,MTL @ TOR,485b295347cb22f002e014cb87813ed7,ags,yes,Brandon Duhaime,,betmgm,800,,oddsapi
2026-09-29T02:04:21Z,2026-09-29,MTL @ TOR,485b295347cb22f002e014cb87813ed7,ags,yes,Phillip Danault,,betmgm,825,,oddsapi
2026-09-29T02:04:21Z,2026-09-29,MTL @ TOR,485b295347cb22f002e014cb87813ed7,ags,yes,Zack MacEwen,,betmgm,950,,oddsapi
2026-09-29T02:04:21Z,2026-09-29,MTL @ TOR,485b295347cb22f002e014cb87813ed7,ags,yes,Mike Matheson,,betmgm,1000,,oddsapi
2026-09-29T02:04:21Z,2026-09-29,MTL @ TOR,485b295347cb22f002e014cb87813ed7,ags,yes,Oliver Ekman-Larsson,,betmgm,1300,,oddsapi
2026-09-29T02:04:21Z,2026-09-29,MTL @ TOR,485b295347cb22f002e014cb87813ed7,ags,yes,Jake McCabe,,betmgm,1400,,oddsapi
2026-09-29T02:04:21Z,2026-09-29,MTL @ TOR,485b295347cb22f002e014cb87813ed7,ags,yes,Alexandre Carrier,,betmgm,1900,,oddsapi
2026-09-29T02:04:21Z,2026-09-29,MTL @ TOR,485b295347cb22f002e014cb87813ed7,ags,yes,Troy Stecher,,betmgm,1900,,oddsapi
2026-09-29T02:04:21Z,2026-09-29,MTL @ TOR,485b295347cb22f002e014cb87813ed7,ags,yes,Christopher Tanev,,betmgm,2000,,oddsapi
2026-09-29T02:04:21Z,2026-09-29,MTL @ TOR,485b295347cb22f002e014cb87813ed7,ags,yes,Jayden Struble,,betmgm,2500,,oddsapi
2026-09-29T02:04:21Z,2026-09-29,MTL @ TOR,485b295347cb22f002e014cb87813ed7,ags,yes,Arber Xhekaj,,betmgm,2500,,oddsapi
2026-09-29T02:04:21Z,2026-09-29,MTL @ TOR,485b295347cb22f002e014cb87813ed7,fgs,yes,Cole Caufield,,betmgm,900,,oddsapi
2026-09-29T02:04:21Z,2026-09-29,MTL @ TOR,485b295347cb22f002e014cb87813ed7,fgs,yes,Auston Matthews,,betmgm,1000,,oddsapi
2026-09-29T02:04:21Z,2026-09-29,MTL @ TOR,485b295347cb22f002e014cb87813ed7,fgs,yes,William Nylander,,betmgm,1200,,oddsapi
2026-09-29T02:04:21Z,2026-09-29,MTL @ TOR,485b295347cb22f002e014cb87813ed7,fgs,yes,Nick Suzuki,,betmgm,1300,,oddsapi
2026-09-29T02:04:21Z,2026-09-29,MTL @ TOR,485b295347cb22f002e014cb87813ed7,fgs,yes,Juraj Slafkovsky,,betmgm,1500,,oddsapi
2026-09-29T02:04:21Z,2026-09-29,MTL @ TOR,485b295347cb22f002e014cb87813ed7,fgs,yes,John Tavares,,betmgm,1500,,oddsapi
2026-09-29T02:04:21Z,2026-09-29,MTL @ TOR,485b295347cb22f002e014cb87813ed7,fgs,yes,Jack Roslovic,,betmgm,1650,,oddsapi
2026-09-29T02:04:21Z,2026-09-29,MTL @ TOR,485b295347cb22f002e014cb87813ed7,fgs,yes,Ivan Demidov,,betmgm,1700,,oddsapi
2026-09-29T02:04:21Z,2026-09-29,MTL @ TOR,485b295347cb22f002e014cb87813ed7,fgs,yes,Gavin McKenna,,betmgm,1750,,oddsapi
2026-09-29T02:04:21Z,2026-09-29,MTL @ TOR,485b295347cb22f002e014cb87813ed7,fgs,yes,Chris Kreider,,betmgm,1900,,oddsapi
2026-09-29T02:04:21Z,2026-09-29,MTL @ TOR,485b295347cb22f002e014cb87813ed7,fgs,yes,Alex Newhook,,betmgm,2200,,oddsapi
2026-09-29T02:04:21Z,2026-09-29,MTL @ TOR,485b295347cb22f002e014cb87813ed7,fgs,yes,Nick Paul,,betmgm,2500,,oddsapi
2026-09-29T02:04:21Z,2026-09-29,MTL @ TOR,485b295347cb22f002e014cb87813ed7,fgs,yes,Darren Raddysh,,betmgm,2800,,oddsapi
2026-09-29T02:04:21Z,2026-09-29,MTL @ TOR,485b295347cb22f002e014cb87813ed7,fgs,yes,Kirby Dach,,betmgm,2800,,oddsapi
2026-09-29T02:04:21Z,2026-09-29,MTL @ TOR,485b295347cb22f002e014cb87813ed7,fgs,yes,Easton Cowan,,betmgm,2800,,oddsapi
2026-09-29T02:04:21Z,2026-09-29,MTL @ TOR,485b295347cb22f002e014cb87813ed7,fgs,yes,Alexandre Texier,,betmgm,2800,,oddsapi
2026-09-29T02:04:21Z,2026-09-29,MTL @ TOR,485b295347cb22f002e014cb87813ed7,fgs,yes,Josh Anderson,,betmgm,3000,,oddsapi
2026-09-29T02:04:21Z,2026-09-29,MTL @ TOR,485b295347cb22f002e014cb87813ed7,fgs,yes,Zack Bolduc,,betmgm,3000,,oddsapi
2026-09-29T02:04:21Z,2026-09-29,MTL @ TOR,485b295347cb22f002e014cb87813ed7,fgs,yes,Lane Hutson,,betmgm,3000,,oddsapi
2026-09-29T02:04:21Z,2026-09-29,MTL @ TOR,485b295347cb22f002e014cb87813ed7,fgs,yes,Colton Sissons,,betmgm,3500,,oddsapi
2026-09-29T02:04:21Z,2026-09-29,MTL @ TOR,485b295347cb22f002e014cb87813ed7,fgs,yes,Phillip Danault,,betmgm,4000,,oddsapi
2026-09-29T02:04:21Z,2026-09-29,MTL @ TOR,485b295347cb22f002e014cb87813ed7,fgs,yes,Jake Evans,,betmgm,4000,,oddsapi
2026-09-29T02:04:21Z,2026-09-29,MTL @ TOR,485b295347cb22f002e014cb87813ed7,fgs,yes,Teddy Blueger,,betmgm,4000,,oddsapi
2026-09-29T02:04:21Z,2026-09-29,MTL @ TOR,485b295347cb22f002e014cb87813ed7,fgs,yes,Morgan Rielly,,betmgm,4000,,oddsapi
2026-09-29T02:04:21Z,2026-09-29,MTL @ TOR,485b295347cb22f002e014cb87813ed7,fgs,yes,Noah Dobson,,betmgm,4000,,oddsapi
2026-09-29T02:04:21Z,2026-09-29,MTL @ TOR,485b295347cb22f002e014cb87813ed7,fgs,yes,Mike Matheson,,betmgm,5000,,oddsapi
2026-09-29T02:04:21Z,2026-09-29,MTL @ TOR,485b295347cb22f002e014cb87813ed7,fgs,yes,Brandon Duhaime,,betmgm,5000,,oddsapi
2026-09-29T02:04:21Z,2026-09-29,MTL @ TOR,485b295347cb22f002e014cb87813ed7,fgs,yes,Zack MacEwen,,betmgm,5000,,oddsapi
2026-09-29T02:04:21Z,2026-09-29,MTL @ TOR,485b295347cb22f002e014cb87813ed7,fgs,yes,Oliver Ekman-Larsson,,betmgm,6600,,oddsapi
2026-09-29T02:04:21Z,2026-09-29,MTL @ TOR,485b295347cb22f002e014cb87813ed7,fgs,yes,Jake McCabe,,betmgm,8000,,oddsapi
2026-09-29T02:04:21Z,2026-09-29,MTL @ TOR,485b295347cb22f002e014cb87813ed7,fgs,yes,Alexandre Carrier,,betmgm,8000,,oddsapi
2026-09-29T02:04:21Z,2026-09-29,MTL @ TOR,485b295347cb22f002e014cb87813ed7,fgs,yes,Christopher Tanev,,betmgm,8000,,oddsapi
2026-09-29T02:04:21Z,2026-09-29,MTL @ TOR,485b295347cb22f002e014cb87813ed7,fgs,yes,Troy Stecher,,betmgm,8000,,oddsapi
2026-09-29T02:04:21Z,2026-09-29,MTL @ TOR,485b295347cb22f002e014cb87813ed7,fgs,yes,Arber Xhekaj,,betmgm,10000,,oddsapi
2026-09-29T02:04:21Z,2026-09-29,MTL @ TOR,485b295347cb22f002e014cb87813ed7,fgs,yes,Jayden Struble,,betmgm,12500,,oddsapi
2026-09-29T02:04:21Z,2026-09-29,MTL @ TOR,485b295347cb22f002e014cb87813ed7,team_total,over,MTL,3,betmgm,-125,-110,oddsapi
2026-09-29T02:04:21Z,2026-09-29,MTL @ TOR,485b295347cb22f002e014cb87813ed7,team_total,under,MTL,3,betmgm,-110,-125,oddsapi
2026-09-29T02:04:21Z,2026-09-29,MTL @ TOR,485b295347cb22f002e014cb87813ed7,team_total,over,TOR,3,betmgm,-125,-110,oddsapi
2026-09-29T02:04:21Z,2026-09-29,MTL @ TOR,485b295347cb22f002e014cb87813ed7,team_total,under,TOR,3,betmgm,-110,-125,oddsapi
2026-09-29T02:04:21Z,2026-09-29,MTL @ TOR,485b295347cb22f002e014cb87813ed7,p1_total,over,,2.5,betmgm,220,-300,oddsapi
2026-09-29T02:04:21Z,2026-09-29,MTL @ TOR,485b295347cb22f002e014cb87813ed7,p1_total,under,,2.5,betmgm,-300,220,oddsapi
2026-09-29T02:04:21Z,2026-09-29,MTL @ TOR,485b295347cb22f002e014cb87813ed7,p2_total,over,,3,betmgm,320,-525,oddsapi
2026-09-29T02:04:21Z,2026-09-29,MTL @ TOR,485b295347cb22f002e014cb87813ed7,p2_total,under,,3,betmgm,-525,320,oddsapi
2026-09-29T02:04:21Z,2026-09-29,MTL @ TOR,485b295347cb22f002e014cb87813ed7,p3_total,over,,3,betmgm,270,-425,oddsapi
2026-09-29T02:04:21Z,2026-09-29,MTL @ TOR,485b295347cb22f002e014cb87813ed7,p3_total,under,,3,betmgm,-425,270,oddsapi
2026-09-29T02:04:21Z,2026-09-29,MTL @ TOR,485b295347cb22f002e014cb87813ed7,team_total_alt,over,MTL,3.5,betrivers,128,-177,oddsapi
2026-09-29T02:04:21Z,2026-09-29,MTL @ TOR,485b295347cb22f002e014cb87813ed7,team_total_alt,under,MTL,3.5,betrivers,-177,128,oddsapi
2026-09-29T02:04:21Z,2026-09-29,MTL @ TOR,485b295347cb22f002e014cb87813ed7,team_total_alt,over,MTL,2.5,betrivers,-200,143,oddsapi
2026-09-29T02:04:21Z,2026-09-29,MTL @ TOR,485b295347cb22f002e014cb87813ed7,team_total_alt,under,MTL,2.5,betrivers,143,-200,oddsapi
2026-09-29T02:04:21Z,2026-09-29,MTL @ TOR,485b295347cb22f002e014cb87813ed7,team_total_alt,over,MTL,1.5,betrivers,-670,380,oddsapi
2026-09-29T02:04:21Z,2026-09-29,MTL @ TOR,485b295347cb22f002e014cb87813ed7,team_total_alt,under,MTL,1.5,betrivers,380,-670,oddsapi
2026-09-29T02:04:21Z,2026-09-29,MTL @ TOR,485b295347cb22f002e014cb87813ed7,team_total_alt,over,MTL,4.5,betrivers,300,-480,oddsapi
2026-09-29T02:04:21Z,2026-09-29,MTL @ TOR,485b295347cb22f002e014cb87813ed7,team_total_alt,under,MTL,4.5,betrivers,-480,300,oddsapi
2026-09-29T02:04:21Z,2026-09-29,MTL @ TOR,485b295347cb22f002e014cb87813ed7,team_total_alt,over,TOR,1.5,betrivers,-590,350,oddsapi
2026-09-29T02:04:21Z,2026-09-29,MTL @ TOR,485b295347cb22f002e014cb87813ed7,team_total_alt,under,TOR,1.5,betrivers,350,-590,oddsapi
2026-09-29T02:04:21Z,2026-09-29,MTL @ TOR,485b295347cb22f002e014cb87813ed7,team_total_alt,over,TOR,3.5,betrivers,128,-177,oddsapi
2026-09-29T02:04:21Z,2026-09-29,MTL @ TOR,485b295347cb22f002e014cb87813ed7,team_total_alt,under,TOR,3.5,betrivers,-177,128,oddsapi
2026-09-29T02:04:21Z,2026-09-29,MTL @ TOR,485b295347cb22f002e014cb87813ed7,team_total_alt,over,TOR,4.5,betrivers,295,-455,oddsapi
2026-09-29T02:04:21Z,2026-09-29,MTL @ TOR,485b295347cb22f002e014cb87813ed7,team_total_alt,under,TOR,4.5,betrivers,-455,295,oddsapi
2026-09-29T02:04:21Z,2026-09-29,MTL @ TOR,485b295347cb22f002e014cb87813ed7,team_total_alt,over,TOR,2.5,betrivers,-190,138,oddsapi
2026-09-29T02:04:21Z,2026-09-29,MTL @ TOR,485b295347cb22f002e014cb87813ed7,team_total_alt,under,TOR,2.5,betrivers,138,-190,oddsapi
2026-09-29T02:04:21Z,2026-09-29,MTL @ TOR,485b295347cb22f002e014cb87813ed7,ags,yes,Christopher Tanev,,betrivers,1100,,oddsapi
2026-09-29T02:04:21Z,2026-09-29,MTL @ TOR,485b295347cb22f002e014cb87813ed7,ags,yes,Arber Xhekaj,,betrivers,950,,oddsapi
2026-09-29T02:04:21Z,2026-09-29,MTL @ TOR,485b295347cb22f002e014cb87813ed7,ags,yes,Juraj Slafkovsky,,betrivers,230,,oddsapi
2026-09-29T02:04:21Z,2026-09-29,MTL @ TOR,485b295347cb22f002e014cb87813ed7,ags,yes,Brandon Duhaime,,betrivers,750,,oddsapi
2026-09-29T02:04:21Z,2026-09-29,MTL @ TOR,485b295347cb22f002e014cb87813ed7,ags,yes,Cole Caufield,,betrivers,130,,oddsapi
2026-09-29T02:04:21Z,2026-09-29,MTL @ TOR,485b295347cb22f002e014cb87813ed7,ags,yes,Alexandre Carrier,,betrivers,1100,,oddsapi
2026-09-29T02:04:21Z,2026-09-29,MTL @ TOR,485b295347cb22f002e014cb87813ed7,ags,yes,Nick Paul,,betrivers,430,,oddsapi
2026-09-29T02:04:21Z,2026-09-29,MTL @ TOR,485b295347cb22f002e014cb87813ed7,ags,yes,Troy Stecher,,betrivers,950,,oddsapi
2026-09-29T02:04:21Z,2026-09-29,MTL @ TOR,485b295347cb22f002e014cb87813ed7,ags,yes,Easton Cowan,,betrivers,440,,oddsapi
2026-09-29T02:04:21Z,2026-09-29,MTL @ TOR,485b295347cb22f002e014cb87813ed7,ags,yes,Alexandre Texier,,betrivers,500,,oddsapi
2026-09-29T02:04:21Z,2026-09-29,MTL @ TOR,485b295347cb22f002e014cb87813ed7,ags,yes,William Nylander,,betrivers,200,,oddsapi
2026-09-29T02:04:21Z,2026-09-29,MTL @ TOR,485b295347cb22f002e014cb87813ed7,ags,yes,Colton Sissons,,betrivers,700,,oddsapi
2026-09-29T02:04:21Z,2026-09-29,MTL @ TOR,485b295347cb22f002e014cb87813ed7,ags,yes,Mike Matheson,,betrivers,750,,oddsapi
2026-09-29T02:04:21Z,2026-09-29,MTL @ TOR,485b295347cb22f002e014cb87813ed7,ags,yes,Chris Kreider,,betrivers,310,,oddsapi
2026-09-29T02:04:21Z,2026-09-29,MTL @ TOR,485b295347cb22f002e014cb87813ed7,ags,yes,Jake Evans,,betrivers,650,,oddsapi
2026-09-29T02:04:21Z,2026-09-29,MTL @ TOR,485b295347cb22f002e014cb87813ed7,ags,yes,Jack Roslovic,,betrivers,300,,oddsapi
2026-09-29T02:04:21Z,2026-09-29,MTL @ TOR,485b295347cb22f002e014cb87813ed7,ags,yes,Zack Bolduc,,betrivers,500,,oddsapi
2026-09-29T02:04:21Z,2026-09-29,MTL @ TOR,485b295347cb22f002e014cb87813ed7,ags,yes,Auston Matthews,,betrivers,148,,oddsapi
2026-09-29T02:04:21Z,2026-09-29,MTL @ TOR,485b295347cb22f002e014cb87813ed7,ags,yes,Phillip Danault,,betrivers,700,,oddsapi
2026-09-29T02:04:21Z,2026-09-29,MTL @ TOR,485b295347cb22f002e014cb87813ed7,ags,yes,Oliver Kapanen,,betrivers,425,,oddsapi
2026-09-29T02:04:21Z,2026-09-29,MTL @ TOR,485b295347cb22f002e014cb87813ed7,ags,yes,Zack MacEwen,,betrivers,850,,oddsapi
2026-09-29T02:04:21Z,2026-09-29,MTL @ TOR,485b295347cb22f002e014cb87813ed7,ags,yes,Darren Raddysh,,betrivers,450,,oddsapi
2026-09-29T02:04:21Z,2026-09-29,MTL @ TOR,485b295347cb22f002e014cb87813ed7,ags,yes,Gavin McKenna,,betrivers,280,,oddsapi
2026-09-29T02:04:21Z,2026-09-29,MTL @ TOR,485b295347cb22f002e014cb87813ed7,ags,yes,Morgan Rielly,,betrivers,700,,oddsapi
2026-09-29T02:04:21Z,2026-09-29,MTL @ TOR,485b295347cb22f002e014cb87813ed7,ags,yes,Teddy Blueger,,betrivers,750,,oddsapi
2026-09-29T02:04:21Z,2026-09-29,MTL @ TOR,485b295347cb22f002e014cb87813ed7,ags,yes,Jake McCabe,,betrivers,1000,,oddsapi
2026-09-29T02:04:21Z,2026-09-29,MTL @ TOR,485b295347cb22f002e014cb87813ed7,ags,yes,Josh Anderson,,betrivers,600,,oddsapi
2026-09-29T02:04:21Z,2026-09-29,MTL @ TOR,485b295347cb22f002e014cb87813ed7,ags,yes,Nick Suzuki,,betrivers,210,,oddsapi
2026-09-29T02:04:21Z,2026-09-29,MTL @ TOR,485b295347cb22f002e014cb87813ed7,ags,yes,Oliver Ekman-Larsson,,betrivers,800,,oddsapi
2026-09-29T02:04:21Z,2026-09-29,MTL @ TOR,485b295347cb22f002e014cb87813ed7,ags,yes,Alex Newhook,,betrivers,350,,oddsapi
2026-09-29T02:04:21Z,2026-09-29,MTL @ TOR,485b295347cb22f002e014cb87813ed7,ags,yes,Jayden Struble,,betrivers,950,,oddsapi
2026-09-29T02:04:21Z,2026-09-29,MTL @ TOR,485b295347cb22f002e014cb87813ed7,ags,yes,Lane Hutson,,betrivers,575,,oddsapi
2026-09-29T02:04:21Z,2026-09-29,MTL @ TOR,485b295347cb22f002e014cb87813ed7,ags,yes,John Tavares,,betrivers,230,,oddsapi
2026-09-29T02:04:21Z,2026-09-29,MTL @ TOR,485b295347cb22f002e014cb87813ed7,ags,yes,Noah Dobson,,betrivers,650,,oddsapi
2026-09-29T02:04:21Z,2026-09-29,MTL @ TOR,485b295347cb22f002e014cb87813ed7,ags,yes,Ivan Demidov,,betrivers,245,,oddsapi
2026-09-29T02:04:21Z,2026-09-29,MTL @ TOR,485b295347cb22f002e014cb87813ed7,ags,yes,Christopher Tanev,,betrivers,1100,,oddsapi
2026-09-29T02:04:21Z,2026-09-29,MTL @ TOR,485b295347cb22f002e014cb87813ed7,ags,yes,Arber Xhekaj,,betrivers,950,,oddsapi
2026-09-29T02:04:21Z,2026-09-29,MTL @ TOR,485b295347cb22f002e014cb87813ed7,ags,yes,Juraj Slafkovsky,,betrivers,230,,oddsapi
2026-09-29T02:04:21Z,2026-09-29,MTL @ TOR,485b295347cb22f002e014cb87813ed7,ags,yes,Brandon Duhaime,,betrivers,750,,oddsapi
2026-09-29T02:04:21Z,2026-09-29,MTL @ TOR,485b295347cb22f002e014cb87813ed7,ags,yes,Cole Caufield,,betrivers,130,,oddsapi
2026-09-29T02:04:21Z,2026-09-29,MTL @ TOR,485b295347cb22f002e014cb87813ed7,ags,yes,Alexandre Carrier,,betrivers,1100,,oddsapi
2026-09-29T02:04:21Z,2026-09-29,MTL @ TOR,485b295347cb22f002e014cb87813ed7,ags,yes,Nick Paul,,betrivers,430,,oddsapi
2026-09-29T02:04:21Z,2026-09-29,MTL @ TOR,485b295347cb22f002e014cb87813ed7,ags,yes,Troy Stecher,,betrivers,950,,oddsapi
2026-09-29T02:04:21Z,2026-09-29,MTL @ TOR,485b295347cb22f002e014cb87813ed7,ags,yes,Easton Cowan,,betrivers,440,,oddsapi
2026-09-29T02:04:21Z,2026-09-29,MTL @ TOR,485b295347cb22f002e014cb87813ed7,ags,yes,Alexandre Texier,,betrivers,500,,oddsapi
2026-09-29T02:04:21Z,2026-09-29,MTL @ TOR,485b295347cb22f002e014cb87813ed7,ags,yes,William Nylander,,betrivers,200,,oddsapi
2026-09-29T02:04:21Z,2026-09-29,MTL @ TOR,485b295347cb22f002e014cb87813ed7,ags,yes,Colton Sissons,,betrivers,700,,oddsapi
2026-09-29T02:04:21Z,2026-09-29,MTL @ TOR,485b295347cb22f002e014cb87813ed7,ags,yes,Mike Matheson,,betrivers,750,,oddsapi
2026-09-29T02:04:21Z,2026-09-29,MTL @ TOR,485b295347cb22f002e014cb87813ed7,ags,yes,Chris Kreider,,betrivers,310,,oddsapi
2026-09-29T02:04:21Z,2026-09-29,MTL @ TOR,485b295347cb22f002e014cb87813ed7,ags,yes,Jake Evans,,betrivers,650,,oddsapi
2026-09-29T02:04:21Z,2026-09-29,MTL @ TOR,485b295347cb22f002e014cb87813ed7,ags,yes,Jack Roslovic,,betrivers,300,,oddsapi
2026-09-29T02:04:21Z,2026-09-29,MTL @ TOR,485b295347cb22f002e014cb87813ed7,ags,yes,Zack Bolduc,,betrivers,500,,oddsapi
2026-09-29T02:04:21Z,2026-09-29,MTL @ TOR,485b295347cb22f002e014cb87813ed7,ags,yes,Auston Matthews,,betrivers,148,,oddsapi
2026-09-29T02:04:21Z,2026-09-29,MTL @ TOR,485b295347cb22f002e014cb87813ed7,ags,yes,Phillip Danault,,betrivers,700,,oddsapi
2026-09-29T02:04:21Z,2026-09-29,MTL @ TOR,485b295347cb22f002e014cb87813ed7,ags,yes,Oliver Kapanen,,betrivers,425,,oddsapi
2026-09-29T02:04:21Z,2026-09-29,MTL @ TOR,485b295347cb22f002e014cb87813ed7,ags,yes,Zack MacEwen,,betrivers,850,,oddsapi
2026-09-29T02:04:21Z,2026-09-29,MTL @ TOR,485b295347cb22f002e014cb87813ed7,ags,yes,Darren Raddysh,,betrivers,450,,oddsapi
2026-09-29T02:04:21Z,2026-09-29,MTL @ TOR,485b295347cb22f002e014cb87813ed7,ags,yes,Gavin McKenna,,betrivers,280,,oddsapi
2026-09-29T02:04:21Z,2026-09-29,MTL @ TOR,485b295347cb22f002e014cb87813ed7,ags,yes,Morgan Rielly,,betrivers,700,,oddsapi
2026-09-29T02:04:21Z,2026-09-29,MTL @ TOR,485b295347cb22f002e014cb87813ed7,ags,yes,Teddy Blueger,,betrivers,750,,oddsapi
2026-09-29T02:04:21Z,2026-09-29,MTL @ TOR,485b295347cb22f002e014cb87813ed7,ags,yes,Jake McCabe,,betrivers,1000,,oddsapi
2026-09-29T02:04:21Z,2026-09-29,MTL @ TOR,485b295347cb22f002e014cb87813ed7,ags,yes,Josh Anderson,,betrivers,600,,oddsapi
2026-09-29T02:04:21Z,2026-09-29,MTL @ TOR,485b295347cb22f002e014cb87813ed7,ags,yes,Nick Suzuki,,betrivers,210,,oddsapi
2026-09-29T02:04:21Z,2026-09-29,MTL @ TOR,485b295347cb22f002e014cb87813ed7,ags,yes,Oliver Ekman-Larsson,,betrivers,800,,oddsapi
2026-09-29T02:04:21Z,2026-09-29,MTL @ TOR,485b295347cb22f002e014cb87813ed7,ags,yes,Alex Newhook,,betrivers,350,,oddsapi
2026-09-29T02:04:21Z,2026-09-29,MTL @ TOR,485b295347cb22f002e014cb87813ed7,ags,yes,Jayden Struble,,betrivers,950,,oddsapi
2026-09-29T02:04:21Z,2026-09-29,MTL @ TOR,485b295347cb22f002e014cb87813ed7,ags,yes,Lane Hutson,,betrivers,575,,oddsapi
2026-09-29T02:04:21Z,2026-09-29,MTL @ TOR,485b295347cb22f002e014cb87813ed7,ags,yes,John Tavares,,betrivers,230,,oddsapi
2026-09-29T02:04:21Z,2026-09-29,MTL @ TOR,485b295347cb22f002e014cb87813ed7,ags,yes,Noah Dobson,,betrivers,650,,oddsapi
2026-09-29T02:04:21Z,2026-09-29,MTL @ TOR,485b295347cb22f002e014cb87813ed7,ags,yes,Ivan Demidov,,betrivers,245,,oddsapi
2026-09-29T02:04:21Z,2026-09-29,MTL @ TOR,485b295347cb22f002e014cb87813ed7,fgs,yes,Arber Xhekaj,,betrivers,4000,,oddsapi
2026-09-29T02:04:21Z,2026-09-29,MTL @ TOR,485b295347cb22f002e014cb87813ed7,fgs,yes,Phillip Danault,,betrivers,2900,,oddsapi
2026-09-29T02:04:21Z,2026-09-29,MTL @ TOR,485b295347cb22f002e014cb87813ed7,fgs,yes,Zack Bolduc,,betrivers,2000,,oddsapi
2026-09-29T02:04:21Z,2026-09-29,MTL @ TOR,485b295347cb22f002e014cb87813ed7,fgs,yes,Alex Newhook,,betrivers,1500,,oddsapi
2026-09-29T02:04:21Z,2026-09-29,MTL @ TOR,485b295347cb22f002e014cb87813ed7,fgs,yes,Cole Caufield,,betrivers,650,,oddsapi
2026-09-29T02:04:21Z,2026-09-29,MTL @ TOR,485b295347cb22f002e014cb87813ed7,fgs,yes,Lane Hutson,,betrivers,2400,,oddsapi
2026-09-29T02:04:21Z,2026-09-29,MTL @ TOR,485b295347cb22f002e014cb87813ed7,fgs,yes,Jayden Struble,,betrivers,4000,,oddsapi
2026-09-29T02:04:21Z,2026-09-29,MTL @ TOR,485b295347cb22f002e014cb87813ed7,fgs,yes,Chris Kreider,,betrivers,1300,,oddsapi
2026-09-29T02:04:21Z,2026-09-29,MTL @ TOR,485b295347cb22f002e014cb87813ed7,fgs,yes,Morgan Rielly,,betrivers,3000,,oddsapi
2026-09-29T02:04:21Z,2026-09-29,MTL @ TOR,485b295347cb22f002e014cb87813ed7,fgs,yes,John Tavares,,betrivers,950,,oddsapi
2026-09-29T02:04:21Z,2026-09-29,MTL @ TOR,485b295347cb22f002e014cb87813ed7,fgs,yes,Josh Anderson,,betrivers,2500,,oddsapi
2026-09-29T02:04:21Z,2026-09-29,MTL @ TOR,485b295347cb22f002e014cb87813ed7,fgs,yes,Teddy Blueger,,betrivers,3000,,oddsapi
2026-09-29T02:04:21Z,2026-09-29,MTL @ TOR,485b295347cb22f002e014cb87813ed7,fgs,yes,Colton Sissons,,betrivers,2500,,oddsapi
2026-09-29T02:04:21Z,2026-09-29,MTL @ TOR,485b295347cb22f002e014cb87813ed7,fgs,yes,Zack MacEwen,,betrivers,3400,,oddsapi
2026-09-29T02:04:21Z,2026-09-29,MTL @ TOR,485b295347cb22f002e014cb87813ed7,fgs,yes,Gavin McKenna,,betrivers,1200,,oddsapi
2026-09-29T02:04:21Z,2026-09-29,MTL @ TOR,485b295347cb22f002e014cb87813ed7,fgs,yes,Christopher Tanev,,betrivers,4500,,oddsapi
2026-09-29T02:04:21Z,2026-09-29,MTL @ TOR,485b295347cb22f002e014cb87813ed7,fgs,yes,Alexandre Carrier,,betrivers,5000,,oddsapi
2026-09-29T02:04:21Z,2026-09-29,MTL @ TOR,485b295347cb22f002e014cb87813ed7,fgs,yes,Brandon Duhaime,,betrivers,3000,,oddsapi
2026-09-29T02:04:21Z,2026-09-29,MTL @ TOR,485b295347cb22f002e014cb87813ed7,fgs,yes,Auston Matthews,,betrivers,700,,oddsapi
2026-09-29T02:04:21Z,2026-09-29,MTL @ TOR,485b295347cb22f002e014cb87813ed7,fgs,yes,Nick Paul,,betrivers,1700,,oddsapi
2026-09-29T02:04:21Z,2026-09-29,MTL @ TOR,485b295347cb22f002e014cb87813ed7,fgs,yes,Nick Suzuki,,betrivers,950,,oddsapi
2026-09-29T02:04:21Z,2026-09-29,MTL @ TOR,485b295347cb22f002e014cb87813ed7,fgs,yes,Ivan Demidov,,betrivers,1100,,oddsapi
2026-09-29T02:04:21Z,2026-09-29,MTL @ TOR,485b295347cb22f002e014cb87813ed7,fgs,yes,William Nylander,,betrivers,900,,oddsapi
2026-09-29T02:04:21Z,2026-09-29,MTL @ TOR,485b295347cb22f002e014cb87813ed7,fgs,yes,Troy Stecher,,betrivers,4000,,oddsapi
2026-09-29T02:04:21Z,2026-09-29,MTL @ TOR,485b295347cb22f002e014cb87813ed7,fgs,yes,Jake Evans,,betrivers,2500,,oddsapi
2026-09-29T02:04:21Z,2026-09-29,MTL @ TOR,485b295347cb22f002e014cb87813ed7,fgs,yes,Alexandre Texier,,betrivers,2000,,oddsapi
2026-09-29T02:04:21Z,2026-09-29,MTL @ TOR,485b295347cb22f002e014cb87813ed7,fgs,yes,Noah Dobson,,betrivers,2900,,oddsapi
2026-09-29T02:04:21Z,2026-09-29,MTL @ TOR,485b295347cb22f002e014cb87813ed7,fgs,yes,Jack Roslovic,,betrivers,1200,,oddsapi
2026-09-29T02:04:21Z,2026-09-29,MTL @ TOR,485b295347cb22f002e014cb87813ed7,fgs,yes,Mike Matheson,,betrivers,3400,,oddsapi
2026-09-29T02:04:21Z,2026-09-29,MTL @ TOR,485b295347cb22f002e014cb87813ed7,fgs,yes,Darren Raddysh,,betrivers,1800,,oddsapi
2026-09-29T02:04:21Z,2026-09-29,MTL @ TOR,485b295347cb22f002e014cb87813ed7,fgs,yes,Oliver Ekman-Larsson,,betrivers,3500,,oddsapi
2026-09-29T02:04:21Z,2026-09-29,MTL @ TOR,485b295347cb22f002e014cb87813ed7,fgs,yes,Jake McCabe,,betrivers,4500,,oddsapi
2026-09-29T02:04:21Z,2026-09-29,MTL @ TOR,485b295347cb22f002e014cb87813ed7,fgs,yes,Juraj Slafkovsky,,betrivers,1000,,oddsapi
2026-09-29T02:04:21Z,2026-09-29,MTL @ TOR,485b295347cb22f002e014cb87813ed7,fgs,yes,Easton Cowan,,betrivers,1800,,oddsapi
2026-09-29T02:04:21Z,2026-09-29,MTL @ TOR,485b295347cb22f002e014cb87813ed7,fgs,yes,Oliver Kapanen,,betrivers,1800,,oddsapi
2026-09-29T02:04:21Z,2026-09-29,MTL @ TOR,485b295347cb22f002e014cb87813ed7,sk_g,over,Nick Suzuki,2.5,betrivers,6600,,oddsapi
2026-09-29T02:04:21Z,2026-09-29,MTL @ TOR,485b295347cb22f002e014cb87813ed7,sk_g,over,Cole Caufield,2.5,betrivers,3000,,oddsapi
2026-09-29T02:04:21Z,2026-09-29,MTL @ TOR,485b295347cb22f002e014cb87813ed7,sk_g,over,Easton Cowan,1.5,betrivers,3500,,oddsapi
2026-09-29T02:04:21Z,2026-09-29,MTL @ TOR,485b295347cb22f002e014cb87813ed7,sk_g,over,Chris Kreider,1.5,betrivers,2200,,oddsapi
2026-09-29T02:04:21Z,2026-09-29,MTL @ TOR,485b295347cb22f002e014cb87813ed7,sk_g,over,William Nylander,1.5,betrivers,1100,,oddsapi
2026-09-29T02:04:21Z,2026-09-29,MTL @ TOR,485b295347cb22f002e014cb87813ed7,sk_g,over,William Nylander,2.5,betrivers,7000,,oddsapi
2026-09-29T02:04:21Z,2026-09-29,MTL @ TOR,485b295347cb22f002e014cb87813ed7,sk_g,over,Alexandre Texier,1.5,betrivers,5000,,oddsapi
2026-09-29T02:04:21Z,2026-09-29,MTL @ TOR,485b295347cb22f002e014cb87813ed7,sk_g,over,Mike Matheson,1.5,betrivers,11000,,oddsapi
2026-09-29T02:04:21Z,2026-09-29,MTL @ TOR,485b295347cb22f002e014cb87813ed7,sk_g,over,Jack Roslovic,1.5,betrivers,2200,,oddsapi
2026-09-29T02:04:21Z,2026-09-29,MTL @ TOR,485b295347cb22f002e014cb87813ed7,sk_g,over,Juraj Slafkovsky,1.5,betrivers,1300,,oddsapi
2026-09-29T02:04:21Z,2026-09-29,MTL @ TOR,485b295347cb22f002e014cb87813ed7,sk_g,over,Colton Sissons,1.5,betrivers,9000,,oddsapi
2026-09-29T02:04:21Z,2026-09-29,MTL @ TOR,485b295347cb22f002e014cb87813ed7,sk_g,over,Lane Hutson,1.5,betrivers,6000,,oddsapi
2026-09-29T02:04:21Z,2026-09-29,MTL @ TOR,485b295347cb22f002e014cb87813ed7,sk_g,over,Jake Evans,1.5,betrivers,9000,,oddsapi
2026-09-29T02:04:21Z,2026-09-29,MTL @ TOR,485b295347cb22f002e014cb87813ed7,sk_g,over,Auston Matthews,1.5,betrivers,700,,oddsapi
2026-09-29T02:04:21Z,2026-09-29,MTL @ TOR,485b295347cb22f002e014cb87813ed7,sk_g,over,Oliver Kapanen,1.5,betrivers,3500,,oddsapi
2026-09-29T02:04:21Z,2026-09-29,MTL @ TOR,485b295347cb22f002e014cb87813ed7,sk_g,over,Noah Dobson,1.5,betrivers,10000,,oddsapi
2026-09-29T02:04:21Z,2026-09-29,MTL @ TOR,485b295347cb22f002e014cb87813ed7,sk_g,over,Nick Paul,1.5,betrivers,4000,,oddsapi
2026-09-29T02:04:21Z,2026-09-29,MTL @ TOR,485b295347cb22f002e014cb87813ed7,sk_g,over,Troy Stecher,1.5,betrivers,16000,,oddsapi
2026-09-29T02:04:21Z,2026-09-29,MTL @ TOR,485b295347cb22f002e014cb87813ed7,sk_g,over,Darren Raddysh,1.5,betrivers,4500,,oddsapi
2026-09-29T02:04:21Z,2026-09-29,MTL @ TOR,485b295347cb22f002e014cb87813ed7,sk_g,over,Zack MacEwen,1.5,betrivers,15000,,oddsapi
2026-09-29T02:04:21Z,2026-09-29,MTL @ TOR,485b295347cb22f002e014cb87813ed7,sk_g,over,Ivan Demidov,2.5,betrivers,11000,,oddsapi
2026-09-29T02:04:21Z,2026-09-29,MTL @ TOR,485b295347cb22f002e014cb87813ed7,sk_g,over,Gavin McKenna,1.5,betrivers,1800,,oddsapi
2026-09-29T02:04:21Z,2026-09-29,MTL @ TOR,485b295347cb22f002e014cb87813ed7,sk_g,over,John Tavares,1.5,betrivers,1300,,oddsapi
2026-09-29T02:04:21Z,2026-09-29,MTL @ TOR,485b295347cb22f002e014cb87813ed7,sk_g,over,Morgan Rielly,1.5,betrivers,10000,,oddsapi
2026-09-29T02:04:21Z,2026-09-29,MTL @ TOR,485b295347cb22f002e014cb87813ed7,sk_g,over,Gavin McKenna,2.5,betrivers,14000,,oddsapi
2026-09-29T02:04:21Z,2026-09-29,MTL @ TOR,485b295347cb22f002e014cb87813ed7,sk_g,over,Teddy Blueger,1.5,betrivers,10000,,oddsapi
2026-09-29T02:04:21Z,2026-09-29,MTL @ TOR,485b295347cb22f002e014cb87813ed7,sk_g,over,Juraj Slafkovsky,2.5,betrivers,10000,,oddsapi
2026-09-29T02:04:21Z,2026-09-29,MTL @ TOR,485b295347cb22f002e014cb87813ed7,sk_g,over,Brandon Duhaime,1.5,betrivers,11000,,oddsapi
2026-09-29T02:04:21Z,2026-09-29,MTL @ TOR,485b295347cb22f002e014cb87813ed7,sk_g,over,Cole Caufield,1.5,betrivers,650,,oddsapi
2026-09-29T02:04:21Z,2026-09-29,MTL @ TOR,485b295347cb22f002e014cb87813ed7,sk_g,over,Oliver Ekman-Larsson,1.5,betrivers,15000,,oddsapi
2026-09-29T02:04:21Z,2026-09-29,MTL @ TOR,485b295347cb22f002e014cb87813ed7,sk_g,over,Josh Anderson,1.5,betrivers,7500,,oddsapi
2026-09-29T02:04:21Z,2026-09-29,MTL @ TOR,485b295347cb22f002e014cb87813ed7,sk_g,over,Nick Suzuki,1.5,betrivers,1100,,oddsapi
2026-09-29T02:04:21Z,2026-09-29,MTL @ TOR,485b295347cb22f002e014cb87813ed7,sk_g,over,Alex Newhook,1.5,betrivers,2800,,oddsapi
2026-09-29T02:04:21Z,2026-09-29,MTL @ TOR,485b295347cb22f002e014cb87813ed7,sk_g,over,Phillip Danault,1.5,betrivers,11000,,oddsapi
2026-09-29T02:04:21Z,2026-09-29,MTL @ TOR,485b295347cb22f002e014cb87813ed7,sk_g,over,Zack Bolduc,1.5,betrivers,5000,,oddsapi
2026-09-29T02:04:21Z,2026-09-29,MTL @ TOR,485b295347cb22f002e014cb87813ed7,sk_g,over,John Tavares,2.5,betrivers,9000,,oddsapi
2026-09-29T02:04:21Z,2026-09-29,MTL @ TOR,485b295347cb22f002e014cb87813ed7,sk_g,over,Ivan Demidov,1.5,betrivers,1500,,oddsapi
2026-09-29T02:04:21Z,2026-09-29,MTL @ TOR,485b295347cb22f002e014cb87813ed7,sk_g,over,Auston Matthews,2.5,betrivers,3500,,oddsapi
2026-09-29T02:04:21Z,2026-09-29,MTL @ TOR,485b295347cb22f002e014cb87813ed7,p1_total,over,,0.5,betrivers,-835,410,oddsapi
2026-09-29T02:04:21Z,2026-09-29,MTL @ TOR,485b295347cb22f002e014cb87813ed7,p1_total,under,,0.5,betrivers,410,-835,oddsapi
2026-09-29T02:04:21Z,2026-09-29,MTL @ TOR,485b295347cb22f002e014cb87813ed7,p2_total,over,,2.5,betrivers,155,-235,oddsapi
2026-09-29T02:04:21Z,2026-09-29,MTL @ TOR,485b295347cb22f002e014cb87813ed7,p2_total,under,,2.5,betrivers,-235,155,oddsapi
2026-09-29T02:04:21Z,2026-09-29,MTL @ TOR,485b295347cb22f002e014cb87813ed7,p3_total,over,,3.5,betrivers,380,-715,oddsapi
2026-09-29T02:04:21Z,2026-09-29,MTL @ TOR,485b295347cb22f002e014cb87813ed7,p3_total,under,,3.5,betrivers,-715,380,oddsapi
2026-09-29T02:04:21Z,2026-09-29,MTL @ TOR,485b295347cb22f002e014cb87813ed7,game_pl_alt,MTL,,1.5,bovada,-300,215,oddsapi
2026-09-29T02:04:21Z,2026-09-29,MTL @ TOR,485b295347cb22f002e014cb87813ed7,game_pl_alt,MTL,,-2.5,bovada,350,-575,oddsapi
2026-09-29T02:04:21Z,2026-09-29,MTL @ TOR,485b295347cb22f002e014cb87813ed7,game_pl_alt,MTL,,2.5,bovada,-550,350,oddsapi
2026-09-29T02:04:21Z,2026-09-29,MTL @ TOR,485b295347cb22f002e014cb87813ed7,game_pl_alt,MTL,,-2.5,bovada,360,-575,oddsapi
2026-09-29T02:04:21Z,2026-09-29,MTL @ TOR,485b295347cb22f002e014cb87813ed7,game_pl_alt,MTL,,-3.5,bovada,725,-1800,oddsapi
2026-09-29T02:04:21Z,2026-09-29,MTL @ TOR,485b295347cb22f002e014cb87813ed7,game_pl_alt,TOR,,-1.5,bovada,215,-300,oddsapi
2026-09-29T02:04:21Z,2026-09-29,MTL @ TOR,485b295347cb22f002e014cb87813ed7,game_pl_alt,TOR,,2.5,bovada,-550,360,oddsapi
2026-09-29T02:04:21Z,2026-09-29,MTL @ TOR,485b295347cb22f002e014cb87813ed7,game_pl_alt,TOR,,-2.5,bovada,350,-550,oddsapi
2026-09-29T02:04:21Z,2026-09-29,MTL @ TOR,485b295347cb22f002e014cb87813ed7,game_pl_alt,TOR,,2.5,bovada,-575,360,oddsapi
2026-09-29T02:04:21Z,2026-09-29,MTL @ TOR,485b295347cb22f002e014cb87813ed7,game_pl_alt,TOR,,3.5,bovada,-1800,725,oddsapi
2026-09-29T02:04:21Z,2026-09-29,MTL @ TOR,485b295347cb22f002e014cb87813ed7,game_pl_alt,TOR,,-4.5,bovada,1200,,oddsapi
2026-09-29T02:04:21Z,2026-09-29,MTL @ TOR,485b295347cb22f002e014cb87813ed7,team_total_alt,over,MTL,3.5,bovada,125,-165,oddsapi
2026-09-29T02:04:21Z,2026-09-29,MTL @ TOR,485b295347cb22f002e014cb87813ed7,team_total_alt,under,MTL,3.5,bovada,-165,125,oddsapi
2026-09-29T02:04:21Z,2026-09-29,MTL @ TOR,485b295347cb22f002e014cb87813ed7,team_total_alt,over,TOR,3.5,bovada,130,-170,oddsapi
2026-09-29T02:04:21Z,2026-09-29,MTL @ TOR,485b295347cb22f002e014cb87813ed7,team_total_alt,under,TOR,3.5,bovada,-170,130,oddsapi
2026-09-29T02:04:21Z,2026-09-29,MTL @ TOR,485b295347cb22f002e014cb87813ed7,game_total_alt,over,,5.5,bovada,-165,125,oddsapi
2026-09-29T02:04:21Z,2026-09-29,MTL @ TOR,485b295347cb22f002e014cb87813ed7,game_total_alt,over,,6,bovada,-135,105,oddsapi
2026-09-29T02:04:21Z,2026-09-29,MTL @ TOR,485b295347cb22f002e014cb87813ed7,game_total_alt,over,,7,bovada,160,-210,oddsapi
2026-09-29T02:04:21Z,2026-09-29,MTL @ TOR,485b295347cb22f002e014cb87813ed7,game_total_alt,over,,7.5,bovada,220,-300,oddsapi
2026-09-29T02:04:21Z,2026-09-29,MTL @ TOR,485b295347cb22f002e014cb87813ed7,game_total_alt,over,,8.5,bovada,340,-526,oddsapi
2026-09-29T02:04:21Z,2026-09-29,MTL @ TOR,485b295347cb22f002e014cb87813ed7,game_total_alt,under,,5.5,bovada,125,-165,oddsapi
2026-09-29T02:04:21Z,2026-09-29,MTL @ TOR,485b295347cb22f002e014cb87813ed7,game_total_alt,under,,6,bovada,105,-135,oddsapi
2026-09-29T02:04:21Z,2026-09-29,MTL @ TOR,485b295347cb22f002e014cb87813ed7,game_total_alt,under,,7,bovada,-210,160,oddsapi
2026-09-29T02:04:21Z,2026-09-29,MTL @ TOR,485b295347cb22f002e014cb87813ed7,game_total_alt,under,,7.5,bovada,-300,220,oddsapi
2026-09-29T02:04:21Z,2026-09-29,MTL @ TOR,485b295347cb22f002e014cb87813ed7,game_total_alt,under,,8.5,bovada,-526,340,oddsapi
2026-09-29T02:04:21Z,2026-09-29,MTL @ TOR,485b295347cb22f002e014cb87813ed7,game_ml3,MTL,,,bovada,140,,oddsapi
2026-09-29T02:04:21Z,2026-09-29,MTL @ TOR,485b295347cb22f002e014cb87813ed7,game_ml3,TOR,,,bovada,144,,oddsapi
2026-09-29T02:04:21Z,2026-09-29,MTL @ TOR,485b295347cb22f002e014cb87813ed7,game_ml3,draw,,,bovada,310,,oddsapi
2026-09-29T02:04:21Z,2026-09-29,MTL @ TOR,485b295347cb22f002e014cb87813ed7,p1_ml,MTL,,,bovada,-115,-115,oddsapi
2026-09-29T02:04:21Z,2026-09-29,MTL @ TOR,485b295347cb22f002e014cb87813ed7,p1_ml,TOR,,,bovada,-115,-115,oddsapi
2026-09-29T02:04:21Z,2026-09-29,MTL @ TOR,485b295347cb22f002e014cb87813ed7,p2_ml,MTL,,,bovada,-115,-115,oddsapi
2026-09-29T02:04:21Z,2026-09-29,MTL @ TOR,485b295347cb22f002e014cb87813ed7,p2_ml,TOR,,,bovada,-115,-115,oddsapi
2026-09-29T02:04:21Z,2026-09-29,MTL @ TOR,485b295347cb22f002e014cb87813ed7,p3_ml,MTL,,,bovada,-110,-120,oddsapi
2026-09-29T02:04:21Z,2026-09-29,MTL @ TOR,485b295347cb22f002e014cb87813ed7,p3_ml,TOR,,,bovada,-120,-110,oddsapi
2026-09-29T02:04:21Z,2026-09-29,MTL @ TOR,485b295347cb22f002e014cb87813ed7,ags,yes,Cole Caufield,,bovada,137,,oddsapi
2026-09-29T02:04:21Z,2026-09-29,MTL @ TOR,485b295347cb22f002e014cb87813ed7,ags,yes,Josh Anderson,,bovada,500,,oddsapi
2026-09-29T02:04:21Z,2026-09-29,MTL @ TOR,485b295347cb22f002e014cb87813ed7,ags,yes,Gavin McKenna,,bovada,245,,oddsapi
2026-09-29T02:04:21Z,2026-09-29,MTL @ TOR,485b295347cb22f002e014cb87813ed7,ags,yes,Jake Evans,,bovada,725,,oddsapi
2026-09-29T02:04:21Z,2026-09-29,MTL @ TOR,485b295347cb22f002e014cb87813ed7,ags,yes,Phillip Danault,,bovada,800,,oddsapi
2026-09-29T02:04:21Z,2026-09-29,MTL @ TOR,485b295347cb22f002e014cb87813ed7,ags,yes,Auston Matthews,,bovada,146,,oddsapi
2026-09-29T02:04:21Z,2026-09-29,MTL @ TOR,485b295347cb22f002e014cb87813ed7,ags,yes,Zack Bolduc,,bovada,500,,oddsapi
2026-09-29T02:04:21Z,2026-09-29,MTL @ TOR,485b295347cb22f002e014cb87813ed7,ags,yes,William Nylander,,bovada,178,,oddsapi
2026-09-29T02:04:21Z,2026-09-29,MTL @ TOR,485b295347cb22f002e014cb87813ed7,ags,yes,Nick Suzuki,,bovada,212,,oddsapi
2026-09-29T02:04:21Z,2026-09-29,MTL @ TOR,485b295347cb22f002e014cb87813ed7,ags,yes,Easton Cowan,,bovada,430,,oddsapi
2026-09-29T02:04:21Z,2026-09-29,MTL @ TOR,485b295347cb22f002e014cb87813ed7,ags,yes,Alexandre Carrier,,bovada,1800,,oddsapi
2026-09-29T02:04:21Z,2026-09-29,MTL @ TOR,485b295347cb22f002e014cb87813ed7,ags,yes,Zack MacEwen,,bovada,1000,,oddsapi
2026-09-29T02:04:21Z,2026-09-29,MTL @ TOR,485b295347cb22f002e014cb87813ed7,ags,yes,Noah Dobson,,bovada,700,,oddsapi
2026-09-29T02:04:21Z,2026-09-29,MTL @ TOR,485b295347cb22f002e014cb87813ed7,ags,yes,Lane Hutson,,bovada,525,,oddsapi
2026-09-29T02:04:21Z,2026-09-29,MTL @ TOR,485b295347cb22f002e014cb87813ed7,ags,yes,Jack Roslovic,,bovada,245,,oddsapi
2026-09-29T02:04:21Z,2026-09-29,MTL @ TOR,485b295347cb22f002e014cb87813ed7,ags,yes,Brandon Duhaime,,bovada,875,,oddsapi
2026-09-29T02:04:21Z,2026-09-29,MTL @ TOR,485b295347cb22f002e014cb87813ed7,ags,yes,Morgan Rielly,,bovada,675,,oddsapi
2026-09-29T02:04:21Z,2026-09-29,MTL @ TOR,485b295347cb22f002e014cb87813ed7,ags,yes,Mike Matheson,,bovada,1100,,oddsapi
2026-09-29T02:04:21Z,2026-09-29,MTL @ TOR,485b295347cb22f002e014cb87813ed7,ags,yes,Colton Sissons,,bovada,650,,oddsapi
2026-09-29T02:04:21Z,2026-09-29,MTL @ TOR,485b295347cb22f002e014cb87813ed7,ags,yes,Alex Newhook,,bovada,365,,oddsapi
2026-09-29T02:04:21Z,2026-09-29,MTL @ TOR,485b295347cb22f002e014cb87813ed7,ags,yes,Oliver Ekman-Larsson,,bovada,1200,,oddsapi
2026-09-29T02:04:21Z,2026-09-29,MTL @ TOR,485b295347cb22f002e014cb87813ed7,ags,yes,Christopher Tanev,,bovada,1900,,oddsapi
2026-09-29T02:04:21Z,2026-09-29,MTL @ TOR,485b295347cb22f002e014cb87813ed7,ags,yes,John Tavares,,bovada,193,,oddsapi
2026-09-29T02:04:21Z,2026-09-29,MTL @ TOR,485b295347cb22f002e014cb87813ed7,ags,yes,Jake McCabe,,bovada,1500,,oddsapi
2026-09-29T02:04:21Z,2026-09-29,MTL @ TOR,485b295347cb22f002e014cb87813ed7,ags,yes,Kirby Dach,,bovada,450,,oddsapi
2026-09-29T02:04:21Z,2026-09-29,MTL @ TOR,485b295347cb22f002e014cb87813ed7,ags,yes,Juraj Slafkovsky,,bovada,225,,oddsapi
2026-09-29T02:04:21Z,2026-09-29,MTL @ TOR,485b295347cb22f002e014cb87813ed7,ags,yes,Darren Raddysh,,bovada,420,,oddsapi
2026-09-29T02:04:21Z,2026-09-29,MTL @ TOR,485b295347cb22f002e014cb87813ed7,ags,yes,Teddy Blueger,,bovada,700,,oddsapi
2026-09-29T02:04:21Z,2026-09-29,MTL @ TOR,485b295347cb22f002e014cb87813ed7,ags,yes,Ivan Demidov,,bovada,270,,oddsapi
2026-09-29T02:04:21Z,2026-09-29,MTL @ TOR,485b295347cb22f002e014cb87813ed7,ags,yes,Troy Stecher,,bovada,1900,,oddsapi
2026-09-29T02:04:21Z,2026-09-29,MTL @ TOR,485b295347cb22f002e014cb87813ed7,ags,yes,Jayden Struble,,bovada,2200,,oddsapi
2026-09-29T02:04:21Z,2026-09-29,MTL @ TOR,485b295347cb22f002e014cb87813ed7,ags,yes,Arber Xhekaj,,bovada,2500,,oddsapi
2026-09-29T02:04:21Z,2026-09-29,MTL @ TOR,485b295347cb22f002e014cb87813ed7,ags,yes,Alexandre Texier,,bovada,450,,oddsapi
2026-09-29T02:04:21Z,2026-09-29,MTL @ TOR,485b295347cb22f002e014cb87813ed7,ags,yes,Nick Paul,,bovada,400,,oddsapi
2026-09-29T02:04:21Z,2026-09-29,MTL @ TOR,485b295347cb22f002e014cb87813ed7,fgs,yes,Lane Hutson,,bovada,3000,,oddsapi
2026-09-29T02:04:21Z,2026-09-29,MTL @ TOR,485b295347cb22f002e014cb87813ed7,fgs,yes,Zack MacEwen,,bovada,5500,,oddsapi
2026-09-29T02:04:21Z,2026-09-29,MTL @ TOR,485b295347cb22f002e014cb87813ed7,fgs,yes,Jack Roslovic,,bovada,1600,,oddsapi
2026-09-29T02:04:21Z,2026-09-29,MTL @ TOR,485b295347cb22f002e014cb87813ed7,fgs,yes,Cole Caufield,,bovada,1000,,oddsapi
2026-09-29T02:04:21Z,2026-09-29,MTL @ TOR,485b295347cb22f002e014cb87813ed7,fgs,yes,Kirby Dach,,bovada,3000,,oddsapi
2026-09-29T02:04:21Z,2026-09-29,MTL @ TOR,485b295347cb22f002e014cb87813ed7,fgs,yes,John Tavares,,bovada,1300,,oddsapi
2026-09-29T02:04:21Z,2026-09-29,MTL @ TOR,485b295347cb22f002e014cb87813ed7,fgs,yes,Mike Matheson,,bovada,5500,,oddsapi
2026-09-29T02:04:21Z,2026-09-29,MTL @ TOR,485b295347cb22f002e014cb87813ed7,fgs,yes,Juraj Slafkovsky,,bovada,1400,,oddsapi
2026-09-29T02:04:21Z,2026-09-29,MTL @ TOR,485b295347cb22f002e014cb87813ed7,fgs,yes,Nick Suzuki,,bovada,1400,,oddsapi
2026-09-29T02:04:21Z,2026-09-29,MTL @ TOR,485b295347cb22f002e014cb87813ed7,fgs,yes,Morgan Rielly,,bovada,3500,,oddsapi
2026-09-29T02:04:21Z,2026-09-29,MTL @ TOR,485b295347cb22f002e014cb87813ed7,fgs,yes,Colton Sissons,,bovada,3500,,oddsapi
2026-09-29T02:04:21Z,2026-09-29,MTL @ TOR,485b295347cb22f002e014cb87813ed7,fgs,yes,Alex Newhook,,bovada,2000,,oddsapi
2026-09-29T02:04:21Z,2026-09-29,MTL @ TOR,485b295347cb22f002e014cb87813ed7,fgs,yes,Teddy Blueger,,bovada,3500,,oddsapi
2026-09-29T02:04:21Z,2026-09-29,MTL @ TOR,485b295347cb22f002e014cb87813ed7,fgs,yes,Jake Evans,,bovada,4000,,oddsapi
2026-09-29T02:04:21Z,2026-09-29,MTL @ TOR,485b295347cb22f002e014cb87813ed7,fgs,yes,Ivan Demidov,,bovada,1700,,oddsapi
2026-09-29T02:04:21Z,2026-09-29,MTL @ TOR,485b295347cb22f002e014cb87813ed7,fgs,yes,Jake McCabe,,bovada,8000,,oddsapi
2026-09-29T02:04:21Z,2026-09-29,MTL @ TOR,485b295347cb22f002e014cb87813ed7,fgs,yes,Auston Matthews,,bovada,1000,,oddsapi
2026-09-29T02:04:21Z,2026-09-29,MTL @ TOR,485b295347cb22f002e014cb87813ed7,fgs,yes,Easton Cowan,,bovada,2500,,oddsapi
2026-09-29T02:04:21Z,2026-09-29,MTL @ TOR,485b295347cb22f002e014cb87813ed7,fgs,yes,Phillip Danault,,bovada,4000,,oddsapi
2026-09-29T02:04:21Z,2026-09-29,MTL @ TOR,485b295347cb22f002e014cb87813ed7,fgs,yes,Noah Dobson,,bovada,3500,,oddsapi
2026-09-29T02:04:21Z,2026-09-29,MTL @ TOR,485b295347cb22f002e014cb87813ed7,fgs,yes,Brandon Duhaime,,bovada,6000,,oddsapi
2026-09-29T02:04:21Z,2026-09-29,MTL @ TOR,485b295347cb22f002e014cb87813ed7,fgs,yes,Gavin McKenna,,bovada,1600,,oddsapi
2026-09-29T02:04:21Z,2026-09-29,MTL @ TOR,485b295347cb22f002e014cb87813ed7,fgs,yes,Oliver Ekman-Larsson,,bovada,5500,,oddsapi
2026-09-29T02:04:21Z,2026-09-29,MTL @ TOR,485b295347cb22f002e014cb87813ed7,fgs,yes,Alexandre Carrier,,bovada,10000,,oddsapi
2026-09-29T02:04:21Z,2026-09-29,MTL @ TOR,485b295347cb22f002e014cb87813ed7,fgs,yes,Darren Raddysh,,bovada,2500,,oddsapi
2026-09-29T02:04:21Z,2026-09-29,MTL @ TOR,485b295347cb22f002e014cb87813ed7,fgs,yes,William Nylander,,bovada,1200,,oddsapi
2026-09-29T02:04:21Z,2026-09-29,MTL @ TOR,485b295347cb22f002e014cb87813ed7,fgs,yes,Christopher Tanev,,bovada,8000,,oddsapi
2026-09-29T02:04:21Z,2026-09-29,MTL @ TOR,485b295347cb22f002e014cb87813ed7,fgs,yes,Josh Anderson,,bovada,3500,,oddsapi
2026-09-29T02:04:21Z,2026-09-29,MTL @ TOR,485b295347cb22f002e014cb87813ed7,fgs,yes,Zack Bolduc,,bovada,3000,,oddsapi
2026-09-29T02:04:21Z,2026-09-29,MTL @ TOR,485b295347cb22f002e014cb87813ed7,fgs,yes,Jayden Struble,,bovada,10000,,oddsapi
2026-09-29T02:04:21Z,2026-09-29,MTL @ TOR,485b295347cb22f002e014cb87813ed7,fgs,yes,Alexandre Texier,,bovada,3000,,oddsapi
2026-09-29T02:04:21Z,2026-09-29,MTL @ TOR,485b295347cb22f002e014cb87813ed7,p1_pl,MTL,,-0.5,bovada,170,-230,oddsapi
2026-09-29T02:04:21Z,2026-09-29,MTL @ TOR,485b295347cb22f002e014cb87813ed7,p1_pl,TOR,,0.5,bovada,-230,170,oddsapi
2026-09-29T02:04:21Z,2026-09-29,MTL @ TOR,485b295347cb22f002e014cb87813ed7,p2_pl,MTL,,0.5,bovada,-215,160,oddsapi
2026-09-29T02:04:21Z,2026-09-29,MTL @ TOR,485b295347cb22f002e014cb87813ed7,p2_pl,TOR,,-0.5,bovada,160,-215,oddsapi
2026-09-29T02:04:21Z,2026-09-29,MTL @ TOR,485b295347cb22f002e014cb87813ed7,p3_pl,MTL,,0.5,bovada,-190,145,oddsapi
2026-09-29T02:04:21Z,2026-09-29,MTL @ TOR,485b295347cb22f002e014cb87813ed7,p3_pl,TOR,,-0.5,bovada,145,-190,oddsapi
2026-09-29T02:04:21Z,2026-09-29,MTL @ TOR,485b295347cb22f002e014cb87813ed7,p1_total,over,,1.5,bovada,-135,105,oddsapi
2026-09-29T02:04:21Z,2026-09-29,MTL @ TOR,485b295347cb22f002e014cb87813ed7,p1_total,under,,1.5,bovada,105,-135,oddsapi
2026-09-29T02:04:21Z,2026-09-29,MTL @ TOR,485b295347cb22f002e014cb87813ed7,p2_total,over,,2,bovada,105,-135,oddsapi
2026-09-29T02:04:21Z,2026-09-29,MTL @ TOR,485b295347cb22f002e014cb87813ed7,p2_total,under,,2,bovada,-135,105,oddsapi
2026-09-29T02:04:21Z,2026-09-29,MTL @ TOR,485b295347cb22f002e014cb87813ed7,p3_total,over,,2,bovada,-145,110,oddsapi
2026-09-29T02:04:21Z,2026-09-29,MTL @ TOR,485b295347cb22f002e014cb87813ed7,p3_total,under,,2,bovada,110,-145,oddsapi
2026-09-29T02:04:21Z,2026-09-29,MTL @ TOR,485b295347cb22f002e014cb87813ed7,game_ml3,MTL,,,fanatics,140,,oddsapi
2026-09-29T02:04:21Z,2026-09-29,MTL @ TOR,485b295347cb22f002e014cb87813ed7,game_ml3,TOR,,,fanatics,135,,oddsapi
2026-09-29T02:04:21Z,2026-09-29,MTL @ TOR,485b295347cb22f002e014cb87813ed7,game_ml3,draw,,,fanatics,290,,oddsapi
2026-09-29T02:04:21Z,2026-09-29,MTL @ TOR,485b295347cb22f002e014cb87813ed7,ags,yes,Oliver Ekman-Larsson,,fanatics,1100,,oddsapi
2026-09-29T02:04:21Z,2026-09-29,MTL @ TOR,485b295347cb22f002e014cb87813ed7,ags,yes,Darren Raddysh,,fanatics,430,,oddsapi
2026-09-29T02:04:21Z,2026-09-29,MTL @ TOR,485b295347cb22f002e014cb87813ed7,ags,yes,Jake McCabe,,fanatics,1600,,oddsapi
2026-09-29T02:04:21Z,2026-09-29,MTL @ TOR,485b295347cb22f002e014cb87813ed7,ags,yes,Auston Matthews,,fanatics,140,,oddsapi
2026-09-29T02:04:21Z,2026-09-29,MTL @ TOR,485b295347cb22f002e014cb87813ed7,ags,yes,Morgan Rielly,,fanatics,650,,oddsapi
2026-09-29T02:04:21Z,2026-09-29,MTL @ TOR,485b295347cb22f002e014cb87813ed7,ags,yes,William Nylander,,fanatics,180,,oddsapi
2026-09-29T02:04:21Z,2026-09-29,MTL @ TOR,485b295347cb22f002e014cb87813ed7,ags,yes,John Tavares,,fanatics,190,,oddsapi
2026-09-29T02:04:21Z,2026-09-29,MTL @ TOR,485b295347cb22f002e014cb87813ed7,ags,yes,Zack MacEwen,,fanatics,900,,oddsapi
2026-09-29T02:04:21Z,2026-09-29,MTL @ TOR,485b295347cb22f002e014cb87813ed7,ags,yes,Colton Sissons,,fanatics,575,,oddsapi
2026-09-29T02:04:21Z,2026-09-29,MTL @ TOR,485b295347cb22f002e014cb87813ed7,ags,yes,Brandon Duhaime,,fanatics,900,,oddsapi
2026-09-29T02:04:21Z,2026-09-29,MTL @ TOR,485b295347cb22f002e014cb87813ed7,ags,yes,Jack Roslovic,,fanatics,230,,oddsapi
2026-09-29T02:04:21Z,2026-09-29,MTL @ TOR,485b295347cb22f002e014cb87813ed7,ags,yes,Teddy Blueger,,fanatics,650,,oddsapi
2026-09-29T02:04:21Z,2026-09-29,MTL @ TOR,485b295347cb22f002e014cb87813ed7,ags,yes,Christopher Tanev,,fanatics,2000,,oddsapi
2026-09-29T02:04:21Z,2026-09-29,MTL @ TOR,485b295347cb22f002e014cb87813ed7,ags,yes,Gavin McKenna,,fanatics,225,,oddsapi
2026-09-29T02:04:21Z,2026-09-29,MTL @ TOR,485b295347cb22f002e014cb87813ed7,ags,yes,Easton Cowan,,fanatics,410,,oddsapi
2026-09-29T02:04:21Z,2026-09-29,MTL @ TOR,485b295347cb22f002e014cb87813ed7,ags,yes,Mike Matheson,,fanatics,1200,,oddsapi
2026-09-29T02:04:21Z,2026-09-29,MTL @ TOR,485b295347cb22f002e014cb87813ed7,ags,yes,Nick Suzuki,,fanatics,210,,oddsapi
2026-09-29T02:04:21Z,2026-09-29,MTL @ TOR,485b295347cb22f002e014cb87813ed7,ags,yes,Alex Newhook,,fanatics,360,,oddsapi
2026-09-29T02:04:21Z,2026-09-29,MTL @ TOR,485b295347cb22f002e014cb87813ed7,ags,yes,Josh Anderson,,fanatics,575,,oddsapi
2026-09-29T02:04:21Z,2026-09-29,MTL @ TOR,485b295347cb22f002e014cb87813ed7,ags,yes,Jake Evans,,fanatics,700,,oddsapi
2026-09-29T02:04:21Z,2026-09-29,MTL @ TOR,485b295347cb22f002e014cb87813ed7,ags,yes,Kirby Dach,,fanatics,475,,oddsapi
2026-09-29T02:04:21Z,2026-09-29,MTL @ TOR,485b295347cb22f002e014cb87813ed7,ags,yes,Alexandre Carrier,,fanatics,2200,,oddsapi
2026-09-29T02:04:21Z,2026-09-29,MTL @ TOR,485b295347cb22f002e014cb87813ed7,ags,yes,Noah Dobson,,fanatics,800,,oddsapi
2026-09-29T02:04:21Z,2026-09-29,MTL @ TOR,485b295347cb22f002e014cb87813ed7,ags,yes,Phillip Danault,,fanatics,800,,oddsapi
2026-09-29T02:04:21Z,2026-09-29,MTL @ TOR,485b295347cb22f002e014cb87813ed7,ags,yes,Juraj Slafkovsky,,fanatics,225,,oddsapi
2026-09-29T02:04:21Z,2026-09-29,MTL @ TOR,485b295347cb22f002e014cb87813ed7,ags,yes,Cole Caufield,,fanatics,140,,oddsapi
2026-09-29T02:04:21Z,2026-09-29,MTL @ TOR,485b295347cb22f002e014cb87813ed7,ags,yes,Lane Hutson,,fanatics,525,,oddsapi
2026-09-29T02:04:21Z,2026-09-29,MTL @ TOR,485b295347cb22f002e014cb87813ed7,ags,yes,Oliver Kapanen,,fanatics,430,,oddsapi
2026-09-29T02:04:21Z,2026-09-29,MTL @ TOR,485b295347cb22f002e014cb87813ed7,ags,yes,Ivan Demidov,,fanatics,275,,oddsapi
2026-09-29T02:04:21Z,2026-09-29,MTL @ TOR,485b295347cb22f002e014cb87813ed7,ags,yes,Chris Kreider,,fanatics,310,,oddsapi
2026-09-29T02:04:21Z,2026-09-29,MTL @ TOR,485b295347cb22f002e014cb87813ed7,ags,yes,Bo Groulx,,fanatics,700,,oddsapi
2026-09-29T02:04:21Z,2026-09-29,MTL @ TOR,485b295347cb22f002e014cb87813ed7,ags,yes,Troy Stecher,,fanatics,1900,,oddsapi
2026-09-29T02:04:21Z,2026-09-29,MTL @ TOR,485b295347cb22f002e014cb87813ed7,ags,yes,Alexandre Texier,,fanatics,430,,oddsapi
2026-09-29T02:04:21Z,2026-09-29,MTL @ TOR,485b295347cb22f002e014cb87813ed7,ags,yes,Jayden Struble,,fanatics,2500,,oddsapi
2026-09-29T02:04:21Z,2026-09-29,MTL @ TOR,485b295347cb22f002e014cb87813ed7,ags,yes,Arber Xhekaj,,fanatics,3000,,oddsapi
2026-09-29T02:04:21Z,2026-09-29,MTL @ TOR,485b295347cb22f002e014cb87813ed7,ags,yes,Nick Paul,,fanatics,350,,oddsapi
2026-09-29T02:04:21Z,2026-09-29,MTL @ TOR,485b295347cb22f002e014cb87813ed7,fgs,yes,Oliver Ekman-Larsson,,fanatics,4500,,oddsapi
2026-09-29T02:04:21Z,2026-09-29,MTL @ TOR,485b295347cb22f002e014cb87813ed7,fgs,yes,Darren Raddysh,,fanatics,2200,,oddsapi
2026-09-29T02:04:21Z,2026-09-29,MTL @ TOR,485b295347cb22f002e014cb87813ed7,fgs,yes,Jake McCabe,,fanatics,6000,,oddsapi
2026-09-29T02:04:21Z,2026-09-29,MTL @ TOR,485b295347cb22f002e014cb87813ed7,fgs,yes,Auston Matthews,,fanatics,900,,oddsapi
2026-09-29T02:04:21Z,2026-09-29,MTL @ TOR,485b295347cb22f002e014cb87813ed7,fgs,yes,Morgan Rielly,,fanatics,3000,,oddsapi
2026-09-29T02:04:21Z,2026-09-29,MTL @ TOR,485b295347cb22f002e014cb87813ed7,fgs,yes,William Nylander,,fanatics,1000,,oddsapi
2026-09-29T02:04:21Z,2026-09-29,MTL @ TOR,485b295347cb22f002e014cb87813ed7,fgs,yes,John Tavares,,fanatics,1100,,oddsapi
2026-09-29T02:04:21Z,2026-09-29,MTL @ TOR,485b295347cb22f002e014cb87813ed7,fgs,yes,Zack MacEwen,,fanatics,4000,,oddsapi
2026-09-29T02:04:21Z,2026-09-29,MTL @ TOR,485b295347cb22f002e014cb87813ed7,fgs,yes,Colton Sissons,,fanatics,2800,,oddsapi
2026-09-29T02:04:21Z,2026-09-29,MTL @ TOR,485b295347cb22f002e014cb87813ed7,fgs,yes,Brandon Duhaime,,fanatics,3500,,oddsapi
2026-09-29T02:04:21Z,2026-09-29,MTL @ TOR,485b295347cb22f002e014cb87813ed7,fgs,yes,Jack Roslovic,,fanatics,1300,,oddsapi
2026-09-29T02:04:21Z,2026-09-29,MTL @ TOR,485b295347cb22f002e014cb87813ed7,fgs,yes,Teddy Blueger,,fanatics,3000,,oddsapi
2026-09-29T02:04:21Z,2026-09-29,MTL @ TOR,485b295347cb22f002e014cb87813ed7,fgs,yes,Christopher Tanev,,fanatics,9000,,oddsapi
2026-09-29T02:04:21Z,2026-09-29,MTL @ TOR,485b295347cb22f002e014cb87813ed7,fgs,yes,Gavin McKenna,,fanatics,1300,,oddsapi
2026-09-29T02:04:21Z,2026-09-29,MTL @ TOR,485b295347cb22f002e014cb87813ed7,fgs,yes,Easton Cowan,,fanatics,1900,,oddsapi
2026-09-29T02:04:21Z,2026-09-29,MTL @ TOR,485b295347cb22f002e014cb87813ed7,fgs,yes,Mike Matheson,,fanatics,6000,,oddsapi
2026-09-29T02:04:21Z,2026-09-29,MTL @ TOR,485b295347cb22f002e014cb87813ed7,fgs,yes,Nick Suzuki,,fanatics,1300,,oddsapi
2026-09-29T02:04:21Z,2026-09-29,MTL @ TOR,485b295347cb22f002e014cb87813ed7,fgs,yes,Alex Newhook,,fanatics,1900,,oddsapi
2026-09-29T02:04:21Z,2026-09-29,MTL @ TOR,485b295347cb22f002e014cb87813ed7,fgs,yes,Josh Anderson,,fanatics,3000,,oddsapi
2026-09-29T02:04:21Z,2026-09-29,MTL @ TOR,485b295347cb22f002e014cb87813ed7,fgs,yes,Jake Evans,,fanatics,3500,,oddsapi
2026-09-29T02:04:21Z,2026-09-29,MTL @ TOR,485b295347cb22f002e014cb87813ed7,fgs,yes,Kirby Dach,,fanatics,2500,,oddsapi
2026-09-29T02:04:21Z,2026-09-29,MTL @ TOR,485b295347cb22f002e014cb87813ed7,fgs,yes,Alexandre Carrier,,fanatics,9000,,oddsapi
2026-09-29T02:04:21Z,2026-09-29,MTL @ TOR,485b295347cb22f002e014cb87813ed7,fgs,yes,Noah Dobson,,fanatics,4000,,oddsapi
2026-09-29T02:04:21Z,2026-09-29,MTL @ TOR,485b295347cb22f002e014cb87813ed7,fgs,yes,Phillip Danault,,fanatics,4000,,oddsapi
2026-09-29T02:04:21Z,2026-09-29,MTL @ TOR,485b295347cb22f002e014cb87813ed7,fgs,yes,Juraj Slafkovsky,,fanatics,1300,,oddsapi
2026-09-29T02:04:21Z,2026-09-29,MTL @ TOR,485b295347cb22f002e014cb87813ed7,fgs,yes,Cole Caufield,,fanatics,800,,oddsapi
2026-09-29T02:04:21Z,2026-09-29,MTL @ TOR,485b295347cb22f002e014cb87813ed7,fgs,yes,Lane Hutson,,fanatics,2800,,oddsapi
2026-09-29T02:04:21Z,2026-09-29,MTL @ TOR,485b295347cb22f002e014cb87813ed7,fgs,yes,Oliver Kapanen,,fanatics,1900,,oddsapi
2026-09-29T02:04:21Z,2026-09-29,MTL @ TOR,485b295347cb22f002e014cb87813ed7,fgs,yes,Ivan Demidov,,fanatics,1500,,oddsapi
2026-09-29T02:04:21Z,2026-09-29,MTL @ TOR,485b295347cb22f002e014cb87813ed7,fgs,yes,Chris Kreider,,fanatics,1700,,oddsapi
2026-09-29T02:04:21Z,2026-09-29,MTL @ TOR,485b295347cb22f002e014cb87813ed7,fgs,yes,No 1st Goal,,fanatics,20000,,oddsapi
2026-09-29T02:04:21Z,2026-09-29,MTL @ TOR,485b295347cb22f002e014cb87813ed7,fgs,yes,Bo Groulx,,fanatics,3000,,oddsapi
2026-09-29T02:04:21Z,2026-09-29,MTL @ TOR,485b295347cb22f002e014cb87813ed7,fgs,yes,Troy Stecher,,fanatics,7000,,oddsapi
2026-09-29T02:04:21Z,2026-09-29,MTL @ TOR,485b295347cb22f002e014cb87813ed7,fgs,yes,Alexandre Texier,,fanatics,2200,,oddsapi
2026-09-29T02:04:21Z,2026-09-29,MTL @ TOR,485b295347cb22f002e014cb87813ed7,fgs,yes,Jayden Struble,,fanatics,9000,,oddsapi
2026-09-29T02:04:21Z,2026-09-29,MTL @ TOR,485b295347cb22f002e014cb87813ed7,fgs,yes,Arber Xhekaj,,fanatics,15000,,oddsapi
2026-09-29T02:04:21Z,2026-09-29,MTL @ TOR,485b295347cb22f002e014cb87813ed7,fgs,yes,Nick Paul,,fanatics,1700,,oddsapi
2026-09-29T02:04:21Z,2026-09-29,MTL @ TOR,485b295347cb22f002e014cb87813ed7,team_total,over,MTL,2.5,fanatics,-190,145,oddsapi
2026-09-29T02:04:21Z,2026-09-29,MTL @ TOR,485b295347cb22f002e014cb87813ed7,team_total,under,MTL,2.5,fanatics,145,-190,oddsapi
2026-09-29T02:04:21Z,2026-09-29,MTL @ TOR,485b295347cb22f002e014cb87813ed7,team_total,over,TOR,3.5,fanatics,125,-165,oddsapi
2026-09-29T02:04:21Z,2026-09-29,MTL @ TOR,485b295347cb22f002e014cb87813ed7,team_total,under,TOR,3.5,fanatics,-165,125,oddsapi
2026-09-29T02:04:21Z,2026-09-29,MTL @ TOR,485b295347cb22f002e014cb87813ed7,p1_ml,MTL,,,betus,-115,-115,oddsapi
2026-09-29T02:04:21Z,2026-09-29,MTL @ TOR,485b295347cb22f002e014cb87813ed7,p1_ml,TOR,,,betus,-115,-115,oddsapi
2026-09-29T02:04:21Z,2026-09-29,MTL @ TOR,485b295347cb22f002e014cb87813ed7,p1_pl,MTL,,0.5,betus,-205,165,oddsapi
2026-09-29T02:04:21Z,2026-09-29,MTL @ TOR,485b295347cb22f002e014cb87813ed7,p1_pl,TOR,,-0.5,betus,165,-205,oddsapi
2026-09-29T02:04:21Z,2026-09-29,MTL @ TOR,485b295347cb22f002e014cb87813ed7,p1_total,over,,1.5,betus,-130,100,oddsapi
2026-09-29T02:04:21Z,2026-09-29,MTL @ TOR,485b295347cb22f002e014cb87813ed7,p1_total,under,,1.5,betus,100,-130,oddsapi
