captured_at,game_date,matchup,event_id,market,side,entity,line,book,american,opposite_american,source
2026-09-29T16:05:06Z,2026-09-29,FLA @ CAR,9de33ce1013f2a3375dbded2c9fbc7d6,game_pl_alt,CAR,,3.5,draftkings,-2200,900,oddsapi
2026-09-29T16:05:06Z,2026-09-29,FLA @ CAR,9de33ce1013f2a3375dbded2c9fbc7d6,game_pl_alt,CAR,,2.5,draftkings,-650,400,oddsapi
2026-09-29T16:05:06Z,2026-09-29,FLA @ CAR,9de33ce1013f2a3375dbded2c9fbc7d6,game_pl_alt,CAR,,1.5,draftkings,-325,230,oddsapi
2026-09-29T16:05:06Z,2026-09-29,FLA @ CAR,9de33ce1013f2a3375dbded2c9fbc7d6,game_pl_alt,CAR,,-2.5,draftkings,285,-425,oddsapi
2026-09-29T16:05:06Z,2026-09-29,FLA @ CAR,9de33ce1013f2a3375dbded2c9fbc7d6,game_pl_alt,CAR,,-3.5,draftkings,675,-1350,oddsapi
2026-09-29T16:05:06Z,2026-09-29,FLA @ CAR,9de33ce1013f2a3375dbded2c9fbc7d6,game_pl_alt,FLA,,-3.5,draftkings,900,-2200,oddsapi
2026-09-29T16:05:06Z,2026-09-29,FLA @ CAR,9de33ce1013f2a3375dbded2c9fbc7d6,game_pl_alt,FLA,,-2.5,draftkings,400,-650,oddsapi
2026-09-29T16:05:06Z,2026-09-29,FLA @ CAR,9de33ce1013f2a3375dbded2c9fbc7d6,game_pl_alt,FLA,,-1.5,draftkings,230,-325,oddsapi
2026-09-29T16:05:06Z,2026-09-29,FLA @ CAR,9de33ce1013f2a3375dbded2c9fbc7d6,game_pl_alt,FLA,,2.5,draftkings,-425,285,oddsapi
2026-09-29T16:05:06Z,2026-09-29,FLA @ CAR,9de33ce1013f2a3375dbded2c9fbc7d6,game_pl_alt,FLA,,3.5,draftkings,-1350,675,oddsapi
2026-09-29T16:05:06Z,2026-09-29,FLA @ CAR,9de33ce1013f2a3375dbded2c9fbc7d6,team_total_alt,over,CAR,0.5,draftkings,-4500,1200,oddsapi
2026-09-29T16:05:06Z,2026-09-29,FLA @ CAR,9de33ce1013f2a3375dbded2c9fbc7d6,team_total_alt,under,CAR,0.5,draftkings,1200,-4500,oddsapi
2026-09-29T16:05:06Z,2026-09-29,FLA @ CAR,9de33ce1013f2a3375dbded2c9fbc7d6,team_total_alt,over,CAR,1.5,draftkings,-600,370,oddsapi
2026-09-29T16:05:06Z,2026-09-29,FLA @ CAR,9de33ce1013f2a3375dbded2c9fbc7d6,team_total_alt,under,CAR,1.5,draftkings,370,-600,oddsapi
2026-09-29T16:05:06Z,2026-09-29,FLA @ CAR,9de33ce1013f2a3375dbded2c9fbc7d6,team_total_alt,over,CAR,2.5,draftkings,-200,150,oddsapi
2026-09-29T16:05:06Z,2026-09-29,FLA @ CAR,9de33ce1013f2a3375dbded2c9fbc7d6,team_total_alt,under,CAR,2.5,draftkings,150,-200,oddsapi
2026-09-29T16:05:06Z,2026-09-29,FLA @ CAR,9de33ce1013f2a3375dbded2c9fbc7d6,team_total_alt,over,CAR,3.5,draftkings,110,-150,oddsapi
2026-09-29T16:05:06Z,2026-09-29,FLA @ CAR,9de33ce1013f2a3375dbded2c9fbc7d6,team_total_alt,under,CAR,3.5,draftkings,-150,110,oddsapi
2026-09-29T16:05:06Z,2026-09-29,FLA @ CAR,9de33ce1013f2a3375dbded2c9fbc7d6,team_total_alt,over,CAR,4.5,draftkings,255,-370,oddsapi
2026-09-29T16:05:06Z,2026-09-29,FLA @ CAR,9de33ce1013f2a3375dbded2c9fbc7d6,team_total_alt,under,CAR,4.5,draftkings,-370,255,oddsapi
2026-09-29T16:05:06Z,2026-09-29,FLA @ CAR,9de33ce1013f2a3375dbded2c9fbc7d6,team_total_alt,over,CAR,5.5,draftkings,575,-1050,oddsapi
2026-09-29T16:05:06Z,2026-09-29,FLA @ CAR,9de33ce1013f2a3375dbded2c9fbc7d6,team_total_alt,under,CAR,5.5,draftkings,-1050,575,oddsapi
2026-09-29T16:05:06Z,2026-09-29,FLA @ CAR,9de33ce1013f2a3375dbded2c9fbc7d6,team_total_alt,over,FLA,0.5,draftkings,-4500,1200,oddsapi
2026-09-29T16:05:06Z,2026-09-29,FLA @ CAR,9de33ce1013f2a3375dbded2c9fbc7d6,team_total_alt,under,FLA,0.5,draftkings,1200,-4500,oddsapi
2026-09-29T16:05:06Z,2026-09-29,FLA @ CAR,9de33ce1013f2a3375dbded2c9fbc7d6,team_total_alt,over,FLA,1.5,draftkings,-525,340,oddsapi
2026-09-29T16:05:06Z,2026-09-29,FLA @ CAR,9de33ce1013f2a3375dbded2c9fbc7d6,team_total_alt,under,FLA,1.5,draftkings,340,-525,oddsapi
2026-09-29T16:05:06Z,2026-09-29,FLA @ CAR,9de33ce1013f2a3375dbded2c9fbc7d6,team_total_alt,over,FLA,2.5,draftkings,-170,130,oddsapi
2026-09-29T16:05:06Z,2026-09-29,FLA @ CAR,9de33ce1013f2a3375dbded2c9fbc7d6,team_total_alt,under,FLA,2.5,draftkings,130,-170,oddsapi
2026-09-29T16:05:06Z,2026-09-29,FLA @ CAR,9de33ce1013f2a3375dbded2c9fbc7d6,team_total_alt,over,FLA,3.5,draftkings,145,-190,oddsapi
2026-09-29T16:05:06Z,2026-09-29,FLA @ CAR,9de33ce1013f2a3375dbded2c9fbc7d6,team_total_alt,under,FLA,3.5,draftkings,-190,145,oddsapi
2026-09-29T16:05:06Z,2026-09-29,FLA @ CAR,9de33ce1013f2a3375dbded2c9fbc7d6,team_total_alt,over,FLA,4.5,draftkings,330,-505,oddsapi
2026-09-29T16:05:06Z,2026-09-29,FLA @ CAR,9de33ce1013f2a3375dbded2c9fbc7d6,team_total_alt,under,FLA,4.5,draftkings,-505,330,oddsapi
2026-09-29T16:05:06Z,2026-09-29,FLA @ CAR,9de33ce1013f2a3375dbded2c9fbc7d6,team_total_alt,over,FLA,5.5,draftkings,750,-1600,oddsapi
2026-09-29T16:05:06Z,2026-09-29,FLA @ CAR,9de33ce1013f2a3375dbded2c9fbc7d6,team_total_alt,under,FLA,5.5,draftkings,-1600,750,oddsapi
2026-09-29T16:05:06Z,2026-09-29,FLA @ CAR,9de33ce1013f2a3375dbded2c9fbc7d6,game_total_alt,over,,3.5,draftkings,-935,520,oddsapi
2026-09-29T16:05:06Z,2026-09-29,FLA @ CAR,9de33ce1013f2a3375dbded2c9fbc7d6,game_total_alt,over,,4.5,draftkings,-475,310,oddsapi
2026-09-29T16:05:06Z,2026-09-29,FLA @ CAR,9de33ce1013f2a3375dbded2c9fbc7d6,game_total_alt,over,,5.5,draftkings,-160,120,oddsapi
2026-09-29T16:05:06Z,2026-09-29,FLA @ CAR,9de33ce1013f2a3375dbded2c9fbc7d6,game_total_alt,over,,7.5,draftkings,225,-320,oddsapi
2026-09-29T16:05:06Z,2026-09-29,FLA @ CAR,9de33ce1013f2a3375dbded2c9fbc7d6,game_total_alt,over,,8.5,draftkings,340,-525,oddsapi
2026-09-29T16:05:06Z,2026-09-29,FLA @ CAR,9de33ce1013f2a3375dbded2c9fbc7d6,game_total_alt,over,,9.5,draftkings,750,-1600,oddsapi
2026-09-29T16:05:06Z,2026-09-29,FLA @ CAR,9de33ce1013f2a3375dbded2c9fbc7d6,game_total_alt,under,,3.5,draftkings,520,-935,oddsapi
2026-09-29T16:05:06Z,2026-09-29,FLA @ CAR,9de33ce1013f2a3375dbded2c9fbc7d6,game_total_alt,under,,4.5,draftkings,310,-475,oddsapi
2026-09-29T16:05:06Z,2026-09-29,FLA @ CAR,9de33ce1013f2a3375dbded2c9fbc7d6,game_total_alt,under,,5.5,draftkings,120,-160,oddsapi
2026-09-29T16:05:06Z,2026-09-29,FLA @ CAR,9de33ce1013f2a3375dbded2c9fbc7d6,game_total_alt,under,,7.5,draftkings,-320,225,oddsapi
2026-09-29T16:05:06Z,2026-09-29,FLA @ CAR,9de33ce1013f2a3375dbded2c9fbc7d6,game_total_alt,under,,8.5,draftkings,-525,340,oddsapi
2026-09-29T16:05:06Z,2026-09-29,FLA @ CAR,9de33ce1013f2a3375dbded2c9fbc7d6,game_total_alt,under,,9.5,draftkings,-1600,750,oddsapi
2026-09-29T16:05:06Z,2026-09-29,FLA @ CAR,9de33ce1013f2a3375dbded2c9fbc7d6,game_ml3,CAR,,,draftkings,125,,oddsapi
2026-09-29T16:05:06Z,2026-09-29,FLA @ CAR,9de33ce1013f2a3375dbded2c9fbc7d6,game_ml3,FLA,,,draftkings,155,,oddsapi
2026-09-29T16:05:06Z,2026-09-29,FLA @ CAR,9de33ce1013f2a3375dbded2c9fbc7d6,game_ml3,draw,,,draftkings,310,,oddsapi
2026-09-29T16:05:06Z,2026-09-29,FLA @ CAR,9de33ce1013f2a3375dbded2c9fbc7d6,p1_ml3,CAR,,,draftkings,170,,oddsapi
2026-09-29T16:05:06Z,2026-09-29,FLA @ CAR,9de33ce1013f2a3375dbded2c9fbc7d6,p1_ml3,FLA,,,draftkings,185,,oddsapi
2026-09-29T16:05:06Z,2026-09-29,FLA @ CAR,9de33ce1013f2a3375dbded2c9fbc7d6,p1_ml3,draw,,,draftkings,180,,oddsapi
2026-09-29T16:05:06Z,2026-09-29,FLA @ CAR,9de33ce1013f2a3375dbded2c9fbc7d6,p2_ml3,CAR,,,draftkings,155,,oddsapi
2026-09-29T16:05:06Z,2026-09-29,FLA @ CAR,9de33ce1013f2a3375dbded2c9fbc7d6,p2_ml3,FLA,,,draftkings,180,,oddsapi
2026-09-29T16:05:06Z,2026-09-29,FLA @ CAR,9de33ce1013f2a3375dbded2c9fbc7d6,p2_ml3,draw,,,draftkings,205,,oddsapi
2026-09-29T16:05:06Z,2026-09-29,FLA @ CAR,9de33ce1013f2a3375dbded2c9fbc7d6,p3_ml3,CAR,,,draftkings,140,,oddsapi
2026-09-29T16:05:06Z,2026-09-29,FLA @ CAR,9de33ce1013f2a3375dbded2c9fbc7d6,p3_ml3,FLA,,,draftkings,170,,oddsapi
2026-09-29T16:05:06Z,2026-09-29,FLA @ CAR,9de33ce1013f2a3375dbded2c9fbc7d6,p3_ml3,draw,,,draftkings,250,,oddsapi
2026-09-29T16:05:06Z,2026-09-29,FLA @ CAR,9de33ce1013f2a3375dbded2c9fbc7d6,sk_a,over,Aleksander Barkov,0.5,draftkings,105,-145,oddsapi
2026-09-29T16:05:06Z,2026-09-29,FLA @ CAR,9de33ce1013f2a3375dbded2c9fbc7d6,sk_a,under,Aleksander Barkov,0.5,draftkings,-145,105,oddsapi
2026-09-29T16:05:06Z,2026-09-29,FLA @ CAR,9de33ce1013f2a3375dbded2c9fbc7d6,sk_a,over,Sebastian Aho,0.5,draftkings,115,-155,oddsapi
2026-09-29T16:05:06Z,2026-09-29,FLA @ CAR,9de33ce1013f2a3375dbded2c9fbc7d6,sk_a,under,Sebastian Aho,0.5,draftkings,-155,115,oddsapi
2026-09-29T16:05:06Z,2026-09-29,FLA @ CAR,9de33ce1013f2a3375dbded2c9fbc7d6,sk_a,over,Seth Jones,0.5,draftkings,125,-170,oddsapi
2026-09-29T16:05:06Z,2026-09-29,FLA @ CAR,9de33ce1013f2a3375dbded2c9fbc7d6,sk_a,under,Seth Jones,0.5,draftkings,-170,125,oddsapi
2026-09-29T16:05:06Z,2026-09-29,FLA @ CAR,9de33ce1013f2a3375dbded2c9fbc7d6,sk_a,over,Shayne Gostisbehere,0.5,draftkings,130,-175,oddsapi
2026-09-29T16:05:06Z,2026-09-29,FLA @ CAR,9de33ce1013f2a3375dbded2c9fbc7d6,sk_a,under,Shayne Gostisbehere,0.5,draftkings,-175,130,oddsapi
2026-09-29T16:05:06Z,2026-09-29,FLA @ CAR,9de33ce1013f2a3375dbded2c9fbc7d6,sk_a,over,Matthew Tkachuk,0.5,draftkings,135,-180,oddsapi
2026-09-29T16:05:06Z,2026-09-29,FLA @ CAR,9de33ce1013f2a3375dbded2c9fbc7d6,sk_a,under,Matthew Tkachuk,0.5,draftkings,-180,135,oddsapi
2026-09-29T16:05:06Z,2026-09-29,FLA @ CAR,9de33ce1013f2a3375dbded2c9fbc7d6,sk_a,over,Sam Reinhart,0.5,draftkings,135,-185,oddsapi
2026-09-29T16:05:06Z,2026-09-29,FLA @ CAR,9de33ce1013f2a3375dbded2c9fbc7d6,sk_a,under,Sam Reinhart,0.5,draftkings,-185,135,oddsapi
2026-09-29T16:05:06Z,2026-09-29,FLA @ CAR,9de33ce1013f2a3375dbded2c9fbc7d6,sk_a,over,Nikolaj Ehlers,0.5,draftkings,145,-200,oddsapi
2026-09-29T16:05:06Z,2026-09-29,FLA @ CAR,9de33ce1013f2a3375dbded2c9fbc7d6,sk_a,under,Nikolaj Ehlers,0.5,draftkings,-200,145,oddsapi
2026-09-29T16:05:06Z,2026-09-29,FLA @ CAR,9de33ce1013f2a3375dbded2c9fbc7d6,sk_a,over,Andrei Svechnikov,0.5,draftkings,165,-230,oddsapi
2026-09-29T16:05:06Z,2026-09-29,FLA @ CAR,9de33ce1013f2a3375dbded2c9fbc7d6,sk_a,under,Andrei Svechnikov,0.5,draftkings,-230,165,oddsapi
2026-09-29T16:05:06Z,2026-09-29,FLA @ CAR,9de33ce1013f2a3375dbded2c9fbc7d6,sk_a,over,Brady Tkachuk,0.5,draftkings,180,-245,oddsapi
2026-09-29T16:05:06Z,2026-09-29,FLA @ CAR,9de33ce1013f2a3375dbded2c9fbc7d6,sk_a,under,Brady Tkachuk,0.5,draftkings,-245,180,oddsapi
2026-09-29T16:05:06Z,2026-09-29,FLA @ CAR,9de33ce1013f2a3375dbded2c9fbc7d6,sk_a,over,Jackson Blake,0.5,draftkings,180,-245,oddsapi
2026-09-29T16:05:06Z,2026-09-29,FLA @ CAR,9de33ce1013f2a3375dbded2c9fbc7d6,sk_a,under,Jackson Blake,0.5,draftkings,-245,180,oddsapi
2026-09-29T16:05:06Z,2026-09-29,FLA @ CAR,9de33ce1013f2a3375dbded2c9fbc7d6,sk_a,over,Taylor Hall,0.5,draftkings,185,-255,oddsapi
2026-09-29T16:05:06Z,2026-09-29,FLA @ CAR,9de33ce1013f2a3375dbded2c9fbc7d6,sk_a,under,Taylor Hall,0.5,draftkings,-255,185,oddsapi
2026-09-29T16:05:06Z,2026-09-29,FLA @ CAR,9de33ce1013f2a3375dbded2c9fbc7d6,sk_a,over,K'Andre Miller,0.5,draftkings,195,-265,oddsapi
2026-09-29T16:05:06Z,2026-09-29,FLA @ CAR,9de33ce1013f2a3375dbded2c9fbc7d6,sk_a,under,K'Andre Miller,0.5,draftkings,-265,195,oddsapi
2026-09-29T16:05:06Z,2026-09-29,FLA @ CAR,9de33ce1013f2a3375dbded2c9fbc7d6,sk_a,over,Logan Stankoven,0.5,draftkings,225,-310,oddsapi
2026-09-29T16:05:06Z,2026-09-29,FLA @ CAR,9de33ce1013f2a3375dbded2c9fbc7d6,sk_a,under,Logan Stankoven,0.5,draftkings,-310,225,oddsapi
2026-09-29T16:05:06Z,2026-09-29,FLA @ CAR,9de33ce1013f2a3375dbded2c9fbc7d6,sk_a,over,Aaron Ekblad,0.5,draftkings,235,-330,oddsapi
2026-09-29T16:05:06Z,2026-09-29,FLA @ CAR,9de33ce1013f2a3375dbded2c9fbc7d6,sk_a,under,Aaron Ekblad,0.5,draftkings,-330,235,oddsapi
2026-09-29T16:05:06Z,2026-09-29,FLA @ CAR,9de33ce1013f2a3375dbded2c9fbc7d6,sk_a,over,Sam Bennett,0.5,draftkings,235,-330,oddsapi
2026-09-29T16:05:06Z,2026-09-29,FLA @ CAR,9de33ce1013f2a3375dbded2c9fbc7d6,sk_a,under,Sam Bennett,0.5,draftkings,-330,235,oddsapi
2026-09-29T16:05:06Z,2026-09-29,FLA @ CAR,9de33ce1013f2a3375dbded2c9fbc7d6,sk_a,over,Carter Verhaeghe,0.5,draftkings,250,-350,oddsapi
2026-09-29T16:05:06Z,2026-09-29,FLA @ CAR,9de33ce1013f2a3375dbded2c9fbc7d6,sk_a,under,Carter Verhaeghe,0.5,draftkings,-350,250,oddsapi
2026-09-29T16:05:06Z,2026-09-29,FLA @ CAR,9de33ce1013f2a3375dbded2c9fbc7d6,sk_a,over,Jordan Staal,0.5,draftkings,250,-350,oddsapi
2026-09-29T16:05:06Z,2026-09-29,FLA @ CAR,9de33ce1013f2a3375dbded2c9fbc7d6,sk_a,under,Jordan Staal,0.5,draftkings,-350,250,oddsapi
2026-09-29T16:05:06Z,2026-09-29,FLA @ CAR,9de33ce1013f2a3375dbded2c9fbc7d6,sk_a,over,Gustav Forsling,0.5,draftkings,265,-370,oddsapi
2026-09-29T16:05:06Z,2026-09-29,FLA @ CAR,9de33ce1013f2a3375dbded2c9fbc7d6,sk_a,under,Gustav Forsling,0.5,draftkings,-370,265,oddsapi
2026-09-29T16:05:06Z,2026-09-29,FLA @ CAR,9de33ce1013f2a3375dbded2c9fbc7d6,sk_a,over,Jaccob Slavin,0.5,draftkings,270,-380,oddsapi
2026-09-29T16:05:06Z,2026-09-29,FLA @ CAR,9de33ce1013f2a3375dbded2c9fbc7d6,sk_a,under,Jaccob Slavin,0.5,draftkings,-380,270,oddsapi
2026-09-29T16:05:06Z,2026-09-29,FLA @ CAR,9de33ce1013f2a3375dbded2c9fbc7d6,sk_a,over,Anton Lundell,0.5,draftkings,275,-390,oddsapi
2026-09-29T16:05:06Z,2026-09-29,FLA @ CAR,9de33ce1013f2a3375dbded2c9fbc7d6,sk_a,under,Anton Lundell,0.5,draftkings,-390,275,oddsapi
2026-09-29T16:05:06Z,2026-09-29,FLA @ CAR,9de33ce1013f2a3375dbded2c9fbc7d6,sk_a,over,Sean Walker,0.5,draftkings,295,-425,oddsapi
2026-09-29T16:05:06Z,2026-09-29,FLA @ CAR,9de33ce1013f2a3375dbded2c9fbc7d6,sk_a,under,Sean Walker,0.5,draftkings,-425,295,oddsapi
2026-09-29T16:05:06Z,2026-09-29,FLA @ CAR,9de33ce1013f2a3375dbded2c9fbc7d6,sk_a,over,Eric Robinson,0.5,draftkings,320,-475,oddsapi
2026-09-29T16:05:06Z,2026-09-29,FLA @ CAR,9de33ce1013f2a3375dbded2c9fbc7d6,sk_a,under,Eric Robinson,0.5,draftkings,-475,320,oddsapi
2026-09-29T16:05:06Z,2026-09-29,FLA @ CAR,9de33ce1013f2a3375dbded2c9fbc7d6,sk_a,over,Jalen Chatfield,0.5,draftkings,320,-475,oddsapi
2026-09-29T16:05:06Z,2026-09-29,FLA @ CAR,9de33ce1013f2a3375dbded2c9fbc7d6,sk_a,under,Jalen Chatfield,0.5,draftkings,-475,320,oddsapi
2026-09-29T16:05:06Z,2026-09-29,FLA @ CAR,9de33ce1013f2a3375dbded2c9fbc7d6,sk_a,over,Jordan Martinook,0.5,draftkings,340,-500,oddsapi
2026-09-29T16:05:06Z,2026-09-29,FLA @ CAR,9de33ce1013f2a3375dbded2c9fbc7d6,sk_a,under,Jordan Martinook,0.5,draftkings,-500,340,oddsapi
2026-09-29T16:05:06Z,2026-09-29,FLA @ CAR,9de33ce1013f2a3375dbded2c9fbc7d6,sk_a,over,Eetu Luostarinen,0.5,draftkings,360,-525,oddsapi
2026-09-29T16:05:06Z,2026-09-29,FLA @ CAR,9de33ce1013f2a3375dbded2c9fbc7d6,sk_a,under,Eetu Luostarinen,0.5,draftkings,-525,360,oddsapi
2026-09-29T16:05:06Z,2026-09-29,FLA @ CAR,9de33ce1013f2a3375dbded2c9fbc7d6,sk_a,over,Niko Mikkola,0.5,draftkings,400,-650,oddsapi
2026-09-29T16:05:06Z,2026-09-29,FLA @ CAR,9de33ce1013f2a3375dbded2c9fbc7d6,sk_a,under,Niko Mikkola,0.5,draftkings,-650,400,oddsapi
2026-09-29T16:05:06Z,2026-09-29,FLA @ CAR,9de33ce1013f2a3375dbded2c9fbc7d6,sk_a,over,Dmitry Kulikov,0.5,draftkings,425,-650,oddsapi
2026-09-29T16:05:06Z,2026-09-29,FLA @ CAR,9de33ce1013f2a3375dbded2c9fbc7d6,sk_a,under,Dmitry Kulikov,0.5,draftkings,-650,425,oddsapi
2026-09-29T16:05:06Z,2026-09-29,FLA @ CAR,9de33ce1013f2a3375dbded2c9fbc7d6,sk_a,over,Radko Gudas,0.5,draftkings,500,-800,oddsapi
2026-09-29T16:05:06Z,2026-09-29,FLA @ CAR,9de33ce1013f2a3375dbded2c9fbc7d6,sk_a,under,Radko Gudas,0.5,draftkings,-800,500,oddsapi
2026-09-29T16:05:06Z,2026-09-29,FLA @ CAR,9de33ce1013f2a3375dbded2c9fbc7d6,sk_a,over,Sandis Vilmanis,0.5,draftkings,650,-1100,oddsapi
2026-09-29T16:05:06Z,2026-09-29,FLA @ CAR,9de33ce1013f2a3375dbded2c9fbc7d6,sk_a,under,Sandis Vilmanis,0.5,draftkings,-1100,650,oddsapi
2026-09-29T16:05:06Z,2026-09-29,FLA @ CAR,9de33ce1013f2a3375dbded2c9fbc7d6,ags,yes,Brady Tkachuk,,draftkings,165,,oddsapi
2026-09-29T16:05:06Z,2026-09-29,FLA @ CAR,9de33ce1013f2a3375dbded2c9fbc7d6,ags,yes,Sam Reinhart,,draftkings,185,,oddsapi
2026-09-29T16:05:06Z,2026-09-29,FLA @ CAR,9de33ce1013f2a3375dbded2c9fbc7d6,ags,yes,Matthew Tkachuk,,draftkings,185,,oddsapi
2026-09-29T16:05:06Z,2026-09-29,FLA @ CAR,9de33ce1013f2a3375dbded2c9fbc7d6,ags,yes,Andrei Svechnikov,,draftkings,200,,oddsapi
2026-09-29T16:05:06Z,2026-09-29,FLA @ CAR,9de33ce1013f2a3375dbded2c9fbc7d6,ags,yes,Nikolaj Ehlers,,draftkings,215,,oddsapi
2026-09-29T16:05:06Z,2026-09-29,FLA @ CAR,9de33ce1013f2a3375dbded2c9fbc7d6,ags,yes,Sebastian Aho,,draftkings,225,,oddsapi
2026-09-29T16:05:06Z,2026-09-29,FLA @ CAR,9de33ce1013f2a3375dbded2c9fbc7d6,ags,yes,Logan Stankoven,,draftkings,230,,oddsapi
2026-09-29T16:05:06Z,2026-09-29,FLA @ CAR,9de33ce1013f2a3375dbded2c9fbc7d6,ags,yes,Jackson Blake,,draftkings,240,,oddsapi
2026-09-29T16:05:06Z,2026-09-29,FLA @ CAR,9de33ce1013f2a3375dbded2c9fbc7d6,ags,yes,Sam Bennett,,draftkings,250,,oddsapi
2026-09-29T16:05:06Z,2026-09-29,FLA @ CAR,9de33ce1013f2a3375dbded2c9fbc7d6,ags,yes,Aleksander Barkov,,draftkings,265,,oddsapi
2026-09-29T16:05:06Z,2026-09-29,FLA @ CAR,9de33ce1013f2a3375dbded2c9fbc7d6,ags,yes,Jordan Staal,,draftkings,295,,oddsapi
2026-09-29T16:05:06Z,2026-09-29,FLA @ CAR,9de33ce1013f2a3375dbded2c9fbc7d6,ags,yes,Carter Verhaeghe,,draftkings,300,,oddsapi
2026-09-29T16:05:06Z,2026-09-29,FLA @ CAR,9de33ce1013f2a3375dbded2c9fbc7d6,ags,yes,Taylor Hall,,draftkings,300,,oddsapi
2026-09-29T16:05:06Z,2026-09-29,FLA @ CAR,9de33ce1013f2a3375dbded2c9fbc7d6,ags,yes,Anton Lundell,,draftkings,350,,oddsapi
2026-09-29T16:05:06Z,2026-09-29,FLA @ CAR,9de33ce1013f2a3375dbded2c9fbc7d6,ags,yes,Eetu Luostarinen,,draftkings,425,,oddsapi
2026-09-29T16:05:06Z,2026-09-29,FLA @ CAR,9de33ce1013f2a3375dbded2c9fbc7d6,ags,yes,Eric Robinson,,draftkings,425,,oddsapi
2026-09-29T16:05:06Z,2026-09-29,FLA @ CAR,9de33ce1013f2a3375dbded2c9fbc7d6,ags,yes,Jordan Martinook,,draftkings,475,,oddsapi
2026-09-29T16:05:06Z,2026-09-29,FLA @ CAR,9de33ce1013f2a3375dbded2c9fbc7d6,ags,yes,Shayne Gostisbehere,,draftkings,600,,oddsapi
2026-09-29T16:05:06Z,2026-09-29,FLA @ CAR,9de33ce1013f2a3375dbded2c9fbc7d6,ags,yes,Mark Jankowski,,draftkings,700,,oddsapi
2026-09-29T16:05:06Z,2026-09-29,FLA @ CAR,9de33ce1013f2a3375dbded2c9fbc7d6,ags,yes,K'Andre Miller,,draftkings,750,,oddsapi
2026-09-29T16:05:06Z,2026-09-29,FLA @ CAR,9de33ce1013f2a3375dbded2c9fbc7d6,ags,yes,Seth Jones,,draftkings,800,,oddsapi
2026-09-29T16:05:06Z,2026-09-29,FLA @ CAR,9de33ce1013f2a3375dbded2c9fbc7d6,ags,yes,Sean Walker,,draftkings,850,,oddsapi
2026-09-29T16:05:06Z,2026-09-29,FLA @ CAR,9de33ce1013f2a3375dbded2c9fbc7d6,ags,yes,Aaron Ekblad,,draftkings,900,,oddsapi
2026-09-29T16:05:06Z,2026-09-29,FLA @ CAR,9de33ce1013f2a3375dbded2c9fbc7d6,ags,yes,Lars Eller,,draftkings,950,,oddsapi
2026-09-29T16:05:06Z,2026-09-29,FLA @ CAR,9de33ce1013f2a3375dbded2c9fbc7d6,ags,yes,Garnet Hathaway,,draftkings,950,,oddsapi
2026-09-29T16:05:06Z,2026-09-29,FLA @ CAR,9de33ce1013f2a3375dbded2c9fbc7d6,ags,yes,Nicolas Deslauriers,,draftkings,950,,oddsapi
2026-09-29T16:05:06Z,2026-09-29,FLA @ CAR,9de33ce1013f2a3375dbded2c9fbc7d6,ags,yes,Sandis Vilmanis,,draftkings,1000,,oddsapi
2026-09-29T16:05:06Z,2026-09-29,FLA @ CAR,9de33ce1013f2a3375dbded2c9fbc7d6,ags,yes,William Carrier,,draftkings,1000,,oddsapi
2026-09-29T16:05:06Z,2026-09-29,FLA @ CAR,9de33ce1013f2a3375dbded2c9fbc7d6,ags,yes,Niko Mikkola,,draftkings,1100,,oddsapi
2026-09-29T16:05:06Z,2026-09-29,FLA @ CAR,9de33ce1013f2a3375dbded2c9fbc7d6,ags,yes,Gustav Forsling,,draftkings,1200,,oddsapi
2026-09-29T16:05:06Z,2026-09-29,FLA @ CAR,9de33ce1013f2a3375dbded2c9fbc7d6,ags,yes,Bokondji Imama,,draftkings,1200,,oddsapi
2026-09-29T16:05:06Z,2026-09-29,FLA @ CAR,9de33ce1013f2a3375dbded2c9fbc7d6,ags,yes,Jaccob Slavin,,draftkings,1500,,oddsapi
2026-09-29T16:05:06Z,2026-09-29,FLA @ CAR,9de33ce1013f2a3375dbded2c9fbc7d6,ags,yes,Jalen Chatfield,,draftkings,1500,,oddsapi
2026-09-29T16:05:06Z,2026-09-29,FLA @ CAR,9de33ce1013f2a3375dbded2c9fbc7d6,ags,yes,Radko Gudas,,draftkings,1600,,oddsapi
2026-09-29T16:05:06Z,2026-09-29,FLA @ CAR,9de33ce1013f2a3375dbded2c9fbc7d6,ags,yes,Dmitry Kulikov,,draftkings,1600,,oddsapi
2026-09-29T16:05:06Z,2026-09-29,FLA @ CAR,9de33ce1013f2a3375dbded2c9fbc7d6,ags,yes,Mike Reilly,,draftkings,1800,,oddsapi
2026-09-29T16:05:06Z,2026-09-29,FLA @ CAR,9de33ce1013f2a3375dbded2c9fbc7d6,fgs,yes,Brady Tkachuk,,draftkings,1100,,oddsapi
2026-09-29T16:05:06Z,2026-09-29,FLA @ CAR,9de33ce1013f2a3375dbded2c9fbc7d6,fgs,yes,Sam Reinhart,,draftkings,1200,,oddsapi
2026-09-29T16:05:06Z,2026-09-29,FLA @ CAR,9de33ce1013f2a3375dbded2c9fbc7d6,fgs,yes,Andrei Svechnikov,,draftkings,1200,,oddsapi
2026-09-29T16:05:06Z,2026-09-29,FLA @ CAR,9de33ce1013f2a3375dbded2c9fbc7d6,fgs,yes,Sebastian Aho,,draftkings,1300,,oddsapi
2026-09-29T16:05:06Z,2026-09-29,FLA @ CAR,9de33ce1013f2a3375dbded2c9fbc7d6,fgs,yes,Matthew Tkachuk,,draftkings,1300,,oddsapi
2026-09-29T16:05:06Z,2026-09-29,FLA @ CAR,9de33ce1013f2a3375dbded2c9fbc7d6,fgs,yes,Nikolaj Ehlers,,draftkings,1400,,oddsapi
2026-09-29T16:05:06Z,2026-09-29,FLA @ CAR,9de33ce1013f2a3375dbded2c9fbc7d6,fgs,yes,Logan Stankoven,,draftkings,1500,,oddsapi
2026-09-29T16:05:06Z,2026-09-29,FLA @ CAR,9de33ce1013f2a3375dbded2c9fbc7d6,fgs,yes,Jackson Blake,,draftkings,1600,,oddsapi
2026-09-29T16:05:06Z,2026-09-29,FLA @ CAR,9de33ce1013f2a3375dbded2c9fbc7d6,fgs,yes,Aleksander Barkov,,draftkings,1600,,oddsapi
2026-09-29T16:05:06Z,2026-09-29,FLA @ CAR,9de33ce1013f2a3375dbded2c9fbc7d6,fgs,yes,Sam Bennett,,draftkings,1700,,oddsapi
2026-09-29T16:05:06Z,2026-09-29,FLA @ CAR,9de33ce1013f2a3375dbded2c9fbc7d6,fgs,yes,Jordan Staal,,draftkings,1900,,oddsapi
2026-09-29T16:05:06Z,2026-09-29,FLA @ CAR,9de33ce1013f2a3375dbded2c9fbc7d6,fgs,yes,Taylor Hall,,draftkings,1900,,oddsapi
2026-09-29T16:05:06Z,2026-09-29,FLA @ CAR,9de33ce1013f2a3375dbded2c9fbc7d6,fgs,yes,Carter Verhaeghe,,draftkings,2000,,oddsapi
2026-09-29T16:05:06Z,2026-09-29,FLA @ CAR,9de33ce1013f2a3375dbded2c9fbc7d6,fgs,yes,Anton Lundell,,draftkings,2200,,oddsapi
2026-09-29T16:05:06Z,2026-09-29,FLA @ CAR,9de33ce1013f2a3375dbded2c9fbc7d6,fgs,yes,Eric Robinson,,draftkings,2200,,oddsapi
2026-09-29T16:05:06Z,2026-09-29,FLA @ CAR,9de33ce1013f2a3375dbded2c9fbc7d6,fgs,yes,Eetu Luostarinen,,draftkings,2500,,oddsapi
2026-09-29T16:05:06Z,2026-09-29,FLA @ CAR,9de33ce1013f2a3375dbded2c9fbc7d6,fgs,yes,Jordan Martinook,,draftkings,2800,,oddsapi
2026-09-29T16:05:06Z,2026-09-29,FLA @ CAR,9de33ce1013f2a3375dbded2c9fbc7d6,fgs,yes,Shayne Gostisbehere,,draftkings,3500,,oddsapi
2026-09-29T16:05:06Z,2026-09-29,FLA @ CAR,9de33ce1013f2a3375dbded2c9fbc7d6,fgs,yes,Mark Jankowski,,draftkings,4000,,oddsapi
2026-09-29T16:05:06Z,2026-09-29,FLA @ CAR,9de33ce1013f2a3375dbded2c9fbc7d6,fgs,yes,K'Andre Miller,,draftkings,4000,,oddsapi
2026-09-29T16:05:06Z,2026-09-29,FLA @ CAR,9de33ce1013f2a3375dbded2c9fbc7d6,fgs,yes,Sean Walker,,draftkings,4500,,oddsapi
2026-09-29T16:05:06Z,2026-09-29,FLA @ CAR,9de33ce1013f2a3375dbded2c9fbc7d6,fgs,yes,Seth Jones,,draftkings,4500,,oddsapi
2026-09-29T16:05:06Z,2026-09-29,FLA @ CAR,9de33ce1013f2a3375dbded2c9fbc7d6,fgs,yes,Aaron Ekblad,,draftkings,4500,,oddsapi
2026-09-29T16:05:06Z,2026-09-29,FLA @ CAR,9de33ce1013f2a3375dbded2c9fbc7d6,fgs,yes,Lars Eller,,draftkings,5000,,oddsapi
2026-09-29T16:05:06Z,2026-09-29,FLA @ CAR,9de33ce1013f2a3375dbded2c9fbc7d6,fgs,yes,Garnet Hathaway,,draftkings,5000,,oddsapi
2026-09-29T16:05:06Z,2026-09-29,FLA @ CAR,9de33ce1013f2a3375dbded2c9fbc7d6,fgs,yes,William Carrier,,draftkings,5000,,oddsapi
2026-09-29T16:05:06Z,2026-09-29,FLA @ CAR,9de33ce1013f2a3375dbded2c9fbc7d6,fgs,yes,Nicolas Deslauriers,,draftkings,5500,,oddsapi
2026-09-29T16:05:06Z,2026-09-29,FLA @ CAR,9de33ce1013f2a3375dbded2c9fbc7d6,fgs,yes,Niko Mikkola,,draftkings,5500,,oddsapi
2026-09-29T16:05:06Z,2026-09-29,FLA @ CAR,9de33ce1013f2a3375dbded2c9fbc7d6,fgs,yes,Gustav Forsling,,draftkings,5500,,oddsapi
2026-09-29T16:05:06Z,2026-09-29,FLA @ CAR,9de33ce1013f2a3375dbded2c9fbc7d6,fgs,yes,Sandis Vilmanis,,draftkings,5500,,oddsapi
2026-09-29T16:05:06Z,2026-09-29,FLA @ CAR,9de33ce1013f2a3375dbded2c9fbc7d6,fgs,yes,Jalen Chatfield,,draftkings,6500,,oddsapi
2026-09-29T16:05:06Z,2026-09-29,FLA @ CAR,9de33ce1013f2a3375dbded2c9fbc7d6,fgs,yes,Bokondji Imama,,draftkings,6500,,oddsapi
2026-09-29T16:05:06Z,2026-09-29,FLA @ CAR,9de33ce1013f2a3375dbded2c9fbc7d6,fgs,yes,Jaccob Slavin,,draftkings,7000,,oddsapi
2026-09-29T16:05:06Z,2026-09-29,FLA @ CAR,9de33ce1013f2a3375dbded2c9fbc7d6,fgs,yes,Radko Gudas,,draftkings,8000,,oddsapi
2026-09-29T16:05:06Z,2026-09-29,FLA @ CAR,9de33ce1013f2a3375dbded2c9fbc7d6,fgs,yes,Dmitry Kulikov,,draftkings,8000,,oddsapi
2026-09-29T16:05:06Z,2026-09-29,FLA @ CAR,9de33ce1013f2a3375dbded2c9fbc7d6,fgs,yes,Mike Reilly,,draftkings,8000,,oddsapi
2026-09-29T16:05:06Z,2026-09-29,FLA @ CAR,9de33ce1013f2a3375dbded2c9fbc7d6,lgs,yes,Brady Tkachuk,,draftkings,1000,,oddsapi
2026-09-29T16:05:06Z,2026-09-29,FLA @ CAR,9de33ce1013f2a3375dbded2c9fbc7d6,lgs,yes,Nikolaj Ehlers,,draftkings,1100,,oddsapi
2026-09-29T16:05:06Z,2026-09-29,FLA @ CAR,9de33ce1013f2a3375dbded2c9fbc7d6,lgs,yes,Andrei Svechnikov,,draftkings,1100,,oddsapi
2026-09-29T16:05:06Z,2026-09-29,FLA @ CAR,9de33ce1013f2a3375dbded2c9fbc7d6,lgs,yes,Sam Reinhart,,draftkings,1100,,oddsapi
2026-09-29T16:05:06Z,2026-09-29,FLA @ CAR,9de33ce1013f2a3375dbded2c9fbc7d6,lgs,yes,Logan Stankoven,,draftkings,1200,,oddsapi
2026-09-29T16:05:06Z,2026-09-29,FLA @ CAR,9de33ce1013f2a3375dbded2c9fbc7d6,lgs,yes,Sebastian Aho,,draftkings,1200,,oddsapi
2026-09-29T16:05:06Z,2026-09-29,FLA @ CAR,9de33ce1013f2a3375dbded2c9fbc7d6,lgs,yes,Matthew Tkachuk,,draftkings,1200,,oddsapi
2026-09-29T16:05:06Z,2026-09-29,FLA @ CAR,9de33ce1013f2a3375dbded2c9fbc7d6,lgs,yes,Sam Bennett,,draftkings,1200,,oddsapi
2026-09-29T16:05:06Z,2026-09-29,FLA @ CAR,9de33ce1013f2a3375dbded2c9fbc7d6,lgs,yes,Jackson Blake,,draftkings,1300,,oddsapi
2026-09-29T16:05:06Z,2026-09-29,FLA @ CAR,9de33ce1013f2a3375dbded2c9fbc7d6,lgs,yes,Taylor Hall,,draftkings,1400,,oddsapi
2026-09-29T16:05:06Z,2026-09-29,FLA @ CAR,9de33ce1013f2a3375dbded2c9fbc7d6,lgs,yes,Carter Verhaeghe,,draftkings,1500,,oddsapi
2026-09-29T16:05:06Z,2026-09-29,FLA @ CAR,9de33ce1013f2a3375dbded2c9fbc7d6,lgs,yes,Jordan Staal,,draftkings,1600,,oddsapi
2026-09-29T16:05:06Z,2026-09-29,FLA @ CAR,9de33ce1013f2a3375dbded2c9fbc7d6,lgs,yes,Aleksander Barkov,,draftkings,1600,,oddsapi
2026-09-29T16:05:06Z,2026-09-29,FLA @ CAR,9de33ce1013f2a3375dbded2c9fbc7d6,lgs,yes,Anton Lundell,,draftkings,1600,,oddsapi
2026-09-29T16:05:06Z,2026-09-29,FLA @ CAR,9de33ce1013f2a3375dbded2c9fbc7d6,lgs,yes,Eetu Luostarinen,,draftkings,1900,,oddsapi
2026-09-29T16:05:06Z,2026-09-29,FLA @ CAR,9de33ce1013f2a3375dbded2c9fbc7d6,lgs,yes,Jordan Martinook,,draftkings,2000,,oddsapi
2026-09-29T16:05:06Z,2026-09-29,FLA @ CAR,9de33ce1013f2a3375dbded2c9fbc7d6,lgs,yes,Eric Robinson,,draftkings,2000,,oddsapi
2026-09-29T16:05:06Z,2026-09-29,FLA @ CAR,9de33ce1013f2a3375dbded2c9fbc7d6,lgs,yes,Shayne Gostisbehere,,draftkings,2500,,oddsapi
2026-09-29T16:05:06Z,2026-09-29,FLA @ CAR,9de33ce1013f2a3375dbded2c9fbc7d6,lgs,yes,Mark Jankowski,,draftkings,2800,,oddsapi
2026-09-29T16:05:06Z,2026-09-29,FLA @ CAR,9de33ce1013f2a3375dbded2c9fbc7d6,lgs,yes,Nicolas Deslauriers,,draftkings,3000,,oddsapi
2026-09-29T16:05:06Z,2026-09-29,FLA @ CAR,9de33ce1013f2a3375dbded2c9fbc7d6,lgs,yes,Sean Walker,,draftkings,3000,,oddsapi
2026-09-29T16:05:06Z,2026-09-29,FLA @ CAR,9de33ce1013f2a3375dbded2c9fbc7d6,lgs,yes,K'Andre Miller,,draftkings,3000,,oddsapi
2026-09-29T16:05:06Z,2026-09-29,FLA @ CAR,9de33ce1013f2a3375dbded2c9fbc7d6,lgs,yes,William Carrier,,draftkings,3500,,oddsapi
2026-09-29T16:05:06Z,2026-09-29,FLA @ CAR,9de33ce1013f2a3375dbded2c9fbc7d6,lgs,yes,Seth Jones,,draftkings,3500,,oddsapi
2026-09-29T16:05:06Z,2026-09-29,FLA @ CAR,9de33ce1013f2a3375dbded2c9fbc7d6,lgs,yes,Aaron Ekblad,,draftkings,3500,,oddsapi
2026-09-29T16:05:06Z,2026-09-29,FLA @ CAR,9de33ce1013f2a3375dbded2c9fbc7d6,lgs,yes,Lars Eller,,draftkings,3500,,oddsapi
2026-09-29T16:05:06Z,2026-09-29,FLA @ CAR,9de33ce1013f2a3375dbded2c9fbc7d6,lgs,yes,Garnet Hathaway,,draftkings,3500,,oddsapi
2026-09-29T16:05:06Z,2026-09-29,FLA @ CAR,9de33ce1013f2a3375dbded2c9fbc7d6,lgs,yes,Sandis Vilmanis,,draftkings,3500,,oddsapi
2026-09-29T16:05:06Z,2026-09-29,FLA @ CAR,9de33ce1013f2a3375dbded2c9fbc7d6,lgs,yes,Bokondji Imama,,draftkings,4000,,oddsapi
2026-09-29T16:05:06Z,2026-09-29,FLA @ CAR,9de33ce1013f2a3375dbded2c9fbc7d6,lgs,yes,Niko Mikkola,,draftkings,4000,,oddsapi
2026-09-29T16:05:06Z,2026-09-29,FLA @ CAR,9de33ce1013f2a3375dbded2c9fbc7d6,lgs,yes,Gustav Forsling,,draftkings,4000,,oddsapi
2026-09-29T16:05:06Z,2026-09-29,FLA @ CAR,9de33ce1013f2a3375dbded2c9fbc7d6,lgs,yes,Jaccob Slavin,,draftkings,4500,,oddsapi
2026-09-29T16:05:06Z,2026-09-29,FLA @ CAR,9de33ce1013f2a3375dbded2c9fbc7d6,lgs,yes,Jalen Chatfield,,draftkings,4500,,oddsapi
2026-09-29T16:05:06Z,2026-09-29,FLA @ CAR,9de33ce1013f2a3375dbded2c9fbc7d6,lgs,yes,Radko Gudas,,draftkings,5000,,oddsapi
2026-09-29T16:05:06Z,2026-09-29,FLA @ CAR,9de33ce1013f2a3375dbded2c9fbc7d6,lgs,yes,Mike Reilly,,draftkings,5500,,oddsapi
2026-09-29T16:05:06Z,2026-09-29,FLA @ CAR,9de33ce1013f2a3375dbded2c9fbc7d6,lgs,yes,Dmitry Kulikov,,draftkings,6000,,oddsapi
2026-09-29T16:05:06Z,2026-09-29,FLA @ CAR,9de33ce1013f2a3375dbded2c9fbc7d6,sk_pts,over,Matthew Tkachuk,0.5,draftkings,-165,125,oddsapi
2026-09-29T16:05:06Z,2026-09-29,FLA @ CAR,9de33ce1013f2a3375dbded2c9fbc7d6,sk_pts,under,Matthew Tkachuk,0.5,draftkings,125,-165,oddsapi
2026-09-29T16:05:06Z,2026-09-29,FLA @ CAR,9de33ce1013f2a3375dbded2c9fbc7d6,sk_pts,over,Sebastian Aho,0.5,draftkings,-165,120,oddsapi
2026-09-29T16:05:06Z,2026-09-29,FLA @ CAR,9de33ce1013f2a3375dbded2c9fbc7d6,sk_pts,under,Sebastian Aho,0.5,draftkings,120,-165,oddsapi
2026-09-29T16:05:06Z,2026-09-29,FLA @ CAR,9de33ce1013f2a3375dbded2c9fbc7d6,sk_pts,over,Aleksander Barkov,0.5,draftkings,-160,120,oddsapi
2026-09-29T16:05:06Z,2026-09-29,FLA @ CAR,9de33ce1013f2a3375dbded2c9fbc7d6,sk_pts,under,Aleksander Barkov,0.5,draftkings,120,-160,oddsapi
2026-09-29T16:05:06Z,2026-09-29,FLA @ CAR,9de33ce1013f2a3375dbded2c9fbc7d6,sk_pts,over,Sam Reinhart,0.5,draftkings,-160,120,oddsapi
2026-09-29T16:05:06Z,2026-09-29,FLA @ CAR,9de33ce1013f2a3375dbded2c9fbc7d6,sk_pts,under,Sam Reinhart,0.5,draftkings,120,-160,oddsapi
2026-09-29T16:05:06Z,2026-09-29,FLA @ CAR,9de33ce1013f2a3375dbded2c9fbc7d6,sk_pts,over,Brady Tkachuk,0.5,draftkings,-145,110,oddsapi
2026-09-29T16:05:06Z,2026-09-29,FLA @ CAR,9de33ce1013f2a3375dbded2c9fbc7d6,sk_pts,under,Brady Tkachuk,0.5,draftkings,110,-145,oddsapi
2026-09-29T16:05:06Z,2026-09-29,FLA @ CAR,9de33ce1013f2a3375dbded2c9fbc7d6,sk_pts,over,Nikolaj Ehlers,0.5,draftkings,-135,100,oddsapi
2026-09-29T16:05:06Z,2026-09-29,FLA @ CAR,9de33ce1013f2a3375dbded2c9fbc7d6,sk_pts,under,Nikolaj Ehlers,0.5,draftkings,100,-135,oddsapi
2026-09-29T16:05:06Z,2026-09-29,FLA @ CAR,9de33ce1013f2a3375dbded2c9fbc7d6,sk_pts,over,Andrei Svechnikov,0.5,draftkings,-130,-105,oddsapi
2026-09-29T16:05:06Z,2026-09-29,FLA @ CAR,9de33ce1013f2a3375dbded2c9fbc7d6,sk_pts,under,Andrei Svechnikov,0.5,draftkings,-105,-130,oddsapi
2026-09-29T16:05:06Z,2026-09-29,FLA @ CAR,9de33ce1013f2a3375dbded2c9fbc7d6,sk_pts,over,Jackson Blake,0.5,draftkings,-120,-115,oddsapi
2026-09-29T16:05:06Z,2026-09-29,FLA @ CAR,9de33ce1013f2a3375dbded2c9fbc7d6,sk_pts,under,Jackson Blake,0.5,draftkings,-115,-120,oddsapi
2026-09-29T16:05:06Z,2026-09-29,FLA @ CAR,9de33ce1013f2a3375dbded2c9fbc7d6,sk_pts,over,Logan Stankoven,0.5,draftkings,-105,-130,oddsapi
2026-09-29T16:05:06Z,2026-09-29,FLA @ CAR,9de33ce1013f2a3375dbded2c9fbc7d6,sk_pts,under,Logan Stankoven,0.5,draftkings,-130,-105,oddsapi
2026-09-29T16:05:06Z,2026-09-29,FLA @ CAR,9de33ce1013f2a3375dbded2c9fbc7d6,sk_pts,over,Seth Jones,0.5,draftkings,100,-135,oddsapi
2026-09-29T16:05:06Z,2026-09-29,FLA @ CAR,9de33ce1013f2a3375dbded2c9fbc7d6,sk_pts,under,Seth Jones,0.5,draftkings,-135,100,oddsapi
2026-09-29T16:05:06Z,2026-09-29,FLA @ CAR,9de33ce1013f2a3375dbded2c9fbc7d6,sk_pts,over,Shayne Gostisbehere,0.5,draftkings,100,-135,oddsapi
2026-09-29T16:05:06Z,2026-09-29,FLA @ CAR,9de33ce1013f2a3375dbded2c9fbc7d6,sk_pts,under,Shayne Gostisbehere,0.5,draftkings,-135,100,oddsapi
2026-09-29T16:05:06Z,2026-09-29,FLA @ CAR,9de33ce1013f2a3375dbded2c9fbc7d6,sk_pts,over,Taylor Hall,0.5,draftkings,100,-135,oddsapi
2026-09-29T16:05:06Z,2026-09-29,FLA @ CAR,9de33ce1013f2a3375dbded2c9fbc7d6,sk_pts,under,Taylor Hall,0.5,draftkings,-135,100,oddsapi
2026-09-29T16:05:06Z,2026-09-29,FLA @ CAR,9de33ce1013f2a3375dbded2c9fbc7d6,sk_pts,over,Sam Bennett,0.5,draftkings,105,-145,oddsapi
2026-09-29T16:05:06Z,2026-09-29,FLA @ CAR,9de33ce1013f2a3375dbded2c9fbc7d6,sk_pts,under,Sam Bennett,0.5,draftkings,-145,105,oddsapi
2026-09-29T16:05:06Z,2026-09-29,FLA @ CAR,9de33ce1013f2a3375dbded2c9fbc7d6,sk_pts,over,Carter Verhaeghe,0.5,draftkings,120,-165,oddsapi
2026-09-29T16:05:06Z,2026-09-29,FLA @ CAR,9de33ce1013f2a3375dbded2c9fbc7d6,sk_pts,under,Carter Verhaeghe,0.5,draftkings,-165,120,oddsapi
2026-09-29T16:05:06Z,2026-09-29,FLA @ CAR,9de33ce1013f2a3375dbded2c9fbc7d6,sk_pts,over,Jordan Staal,0.5,draftkings,120,-165,oddsapi
2026-09-29T16:05:06Z,2026-09-29,FLA @ CAR,9de33ce1013f2a3375dbded2c9fbc7d6,sk_pts,under,Jordan Staal,0.5,draftkings,-165,120,oddsapi
2026-09-29T16:05:06Z,2026-09-29,FLA @ CAR,9de33ce1013f2a3375dbded2c9fbc7d6,sk_pts,over,Anton Lundell,0.5,draftkings,140,-190,oddsapi
2026-09-29T16:05:06Z,2026-09-29,FLA @ CAR,9de33ce1013f2a3375dbded2c9fbc7d6,sk_pts,under,Anton Lundell,0.5,draftkings,-190,140,oddsapi
2026-09-29T16:05:06Z,2026-09-29,FLA @ CAR,9de33ce1013f2a3375dbded2c9fbc7d6,sk_pts,over,K'Andre Miller,0.5,draftkings,140,-190,oddsapi
2026-09-29T16:05:06Z,2026-09-29,FLA @ CAR,9de33ce1013f2a3375dbded2c9fbc7d6,sk_pts,under,K'Andre Miller,0.5,draftkings,-190,140,oddsapi
2026-09-29T16:05:06Z,2026-09-29,FLA @ CAR,9de33ce1013f2a3375dbded2c9fbc7d6,sk_pts,over,Eric Robinson,0.5,draftkings,170,-230,oddsapi
2026-09-29T16:05:06Z,2026-09-29,FLA @ CAR,9de33ce1013f2a3375dbded2c9fbc7d6,sk_pts,under,Eric Robinson,0.5,draftkings,-230,170,oddsapi
2026-09-29T16:05:06Z,2026-09-29,FLA @ CAR,9de33ce1013f2a3375dbded2c9fbc7d6,sk_pts,over,Aaron Ekblad,0.5,draftkings,180,-245,oddsapi
2026-09-29T16:05:06Z,2026-09-29,FLA @ CAR,9de33ce1013f2a3375dbded2c9fbc7d6,sk_pts,under,Aaron Ekblad,0.5,draftkings,-245,180,oddsapi
2026-09-29T16:05:06Z,2026-09-29,FLA @ CAR,9de33ce1013f2a3375dbded2c9fbc7d6,sk_pts,over,Jordan Martinook,0.5,draftkings,180,-245,oddsapi
2026-09-29T16:05:06Z,2026-09-29,FLA @ CAR,9de33ce1013f2a3375dbded2c9fbc7d6,sk_pts,under,Jordan Martinook,0.5,draftkings,-245,180,oddsapi
2026-09-29T16:05:06Z,2026-09-29,FLA @ CAR,9de33ce1013f2a3375dbded2c9fbc7d6,sk_pts,over,Eetu Luostarinen,0.5,draftkings,185,-255,oddsapi
2026-09-29T16:05:06Z,2026-09-29,FLA @ CAR,9de33ce1013f2a3375dbded2c9fbc7d6,sk_pts,under,Eetu Luostarinen,0.5,draftkings,-255,185,oddsapi
2026-09-29T16:05:06Z,2026-09-29,FLA @ CAR,9de33ce1013f2a3375dbded2c9fbc7d6,sk_pts,over,Gustav Forsling,0.5,draftkings,205,-285,oddsapi
2026-09-29T16:05:06Z,2026-09-29,FLA @ CAR,9de33ce1013f2a3375dbded2c9fbc7d6,sk_pts,under,Gustav Forsling,0.5,draftkings,-285,205,oddsapi
2026-09-29T16:05:06Z,2026-09-29,FLA @ CAR,9de33ce1013f2a3375dbded2c9fbc7d6,sk_pts,over,Sean Walker,0.5,draftkings,215,-300,oddsapi
2026-09-29T16:05:06Z,2026-09-29,FLA @ CAR,9de33ce1013f2a3375dbded2c9fbc7d6,sk_pts,under,Sean Walker,0.5,draftkings,-300,215,oddsapi
2026-09-29T16:05:06Z,2026-09-29,FLA @ CAR,9de33ce1013f2a3375dbded2c9fbc7d6,sk_pts,over,Jaccob Slavin,0.5,draftkings,230,-320,oddsapi
2026-09-29T16:05:06Z,2026-09-29,FLA @ CAR,9de33ce1013f2a3375dbded2c9fbc7d6,sk_pts,under,Jaccob Slavin,0.5,draftkings,-320,230,oddsapi
2026-09-29T16:05:06Z,2026-09-29,FLA @ CAR,9de33ce1013f2a3375dbded2c9fbc7d6,sk_pts,over,Jalen Chatfield,0.5,draftkings,265,-370,oddsapi
2026-09-29T16:05:06Z,2026-09-29,FLA @ CAR,9de33ce1013f2a3375dbded2c9fbc7d6,sk_pts,under,Jalen Chatfield,0.5,draftkings,-370,265,oddsapi
2026-09-29T16:05:06Z,2026-09-29,FLA @ CAR,9de33ce1013f2a3375dbded2c9fbc7d6,sk_pts,over,Mark Jankowski,0.5,draftkings,265,-380,oddsapi
2026-09-29T16:05:06Z,2026-09-29,FLA @ CAR,9de33ce1013f2a3375dbded2c9fbc7d6,sk_pts,under,Mark Jankowski,0.5,draftkings,-380,265,oddsapi
2026-09-29T16:05:06Z,2026-09-29,FLA @ CAR,9de33ce1013f2a3375dbded2c9fbc7d6,sk_pts,over,William Carrier,0.5,draftkings,285,-400,oddsapi
2026-09-29T16:05:06Z,2026-09-29,FLA @ CAR,9de33ce1013f2a3375dbded2c9fbc7d6,sk_pts,under,William Carrier,0.5,draftkings,-400,285,oddsapi
2026-09-29T16:05:06Z,2026-09-29,FLA @ CAR,9de33ce1013f2a3375dbded2c9fbc7d6,sk_pts,over,Niko Mikkola,0.5,draftkings,300,-450,oddsapi
2026-09-29T16:05:06Z,2026-09-29,FLA @ CAR,9de33ce1013f2a3375dbded2c9fbc7d6,sk_pts,under,Niko Mikkola,0.5,draftkings,-450,300,oddsapi
2026-09-29T16:05:06Z,2026-09-29,FLA @ CAR,9de33ce1013f2a3375dbded2c9fbc7d6,sk_pts,over,Dmitry Kulikov,0.5,draftkings,340,-500,oddsapi
2026-09-29T16:05:06Z,2026-09-29,FLA @ CAR,9de33ce1013f2a3375dbded2c9fbc7d6,sk_pts,under,Dmitry Kulikov,0.5,draftkings,-500,340,oddsapi
2026-09-29T16:05:06Z,2026-09-29,FLA @ CAR,9de33ce1013f2a3375dbded2c9fbc7d6,sk_pts,over,Radko Gudas,0.5,draftkings,390,-575,oddsapi
2026-09-29T16:05:06Z,2026-09-29,FLA @ CAR,9de33ce1013f2a3375dbded2c9fbc7d6,sk_pts,under,Radko Gudas,0.5,draftkings,-575,390,oddsapi
2026-09-29T16:05:06Z,2026-09-29,FLA @ CAR,9de33ce1013f2a3375dbded2c9fbc7d6,sk_pts,over,Sandis Vilmanis,0.5,draftkings,390,-600,oddsapi
2026-09-29T16:05:06Z,2026-09-29,FLA @ CAR,9de33ce1013f2a3375dbded2c9fbc7d6,sk_pts,under,Sandis Vilmanis,0.5,draftkings,-600,390,oddsapi
2026-09-29T16:05:06Z,2026-09-29,FLA @ CAR,9de33ce1013f2a3375dbded2c9fbc7d6,sk_sog,over,Brady Tkachuk,2.5,draftkings,-140,105,oddsapi
2026-09-29T16:05:06Z,2026-09-29,FLA @ CAR,9de33ce1013f2a3375dbded2c9fbc7d6,sk_sog,under,Brady Tkachuk,2.5,draftkings,105,-140,oddsapi
2026-09-29T16:05:06Z,2026-09-29,FLA @ CAR,9de33ce1013f2a3375dbded2c9fbc7d6,sk_sog,over,Andrei Svechnikov,2.5,draftkings,120,-165,oddsapi
2026-09-29T16:05:06Z,2026-09-29,FLA @ CAR,9de33ce1013f2a3375dbded2c9fbc7d6,sk_sog,under,Andrei Svechnikov,2.5,draftkings,-165,120,oddsapi
2026-09-29T16:05:06Z,2026-09-29,FLA @ CAR,9de33ce1013f2a3375dbded2c9fbc7d6,sk_sog,over,Matthew Tkachuk,2.5,draftkings,120,-160,oddsapi
2026-09-29T16:05:06Z,2026-09-29,FLA @ CAR,9de33ce1013f2a3375dbded2c9fbc7d6,sk_sog,under,Matthew Tkachuk,2.5,draftkings,-160,120,oddsapi
2026-09-29T16:05:06Z,2026-09-29,FLA @ CAR,9de33ce1013f2a3375dbded2c9fbc7d6,sk_sog,over,Jackson Blake,2.5,draftkings,130,-175,oddsapi
2026-09-29T16:05:06Z,2026-09-29,FLA @ CAR,9de33ce1013f2a3375dbded2c9fbc7d6,sk_sog,under,Jackson Blake,2.5,draftkings,-175,130,oddsapi
2026-09-29T16:05:06Z,2026-09-29,FLA @ CAR,9de33ce1013f2a3375dbded2c9fbc7d6,sk_sog,over,Sebastian Aho,2.5,draftkings,130,-175,oddsapi
2026-09-29T16:05:06Z,2026-09-29,FLA @ CAR,9de33ce1013f2a3375dbded2c9fbc7d6,sk_sog,under,Sebastian Aho,2.5,draftkings,-175,130,oddsapi
2026-09-29T16:05:06Z,2026-09-29,FLA @ CAR,9de33ce1013f2a3375dbded2c9fbc7d6,sk_sog,over,Nikolaj Ehlers,2.5,draftkings,135,-180,oddsapi
2026-09-29T16:05:06Z,2026-09-29,FLA @ CAR,9de33ce1013f2a3375dbded2c9fbc7d6,sk_sog,under,Nikolaj Ehlers,2.5,draftkings,-180,135,oddsapi
2026-09-29T16:05:06Z,2026-09-29,FLA @ CAR,9de33ce1013f2a3375dbded2c9fbc7d6,sk_sog,over,Sam Bennett,2.5,draftkings,140,-190,oddsapi
2026-09-29T16:05:06Z,2026-09-29,FLA @ CAR,9de33ce1013f2a3375dbded2c9fbc7d6,sk_sog,under,Sam Bennett,2.5,draftkings,-190,140,oddsapi
2026-09-29T16:05:06Z,2026-09-29,FLA @ CAR,9de33ce1013f2a3375dbded2c9fbc7d6,sk_sog,over,Sam Reinhart,2.5,draftkings,140,-190,oddsapi
2026-09-29T16:05:06Z,2026-09-29,FLA @ CAR,9de33ce1013f2a3375dbded2c9fbc7d6,sk_sog,under,Sam Reinhart,2.5,draftkings,-190,140,oddsapi
2026-09-29T16:05:06Z,2026-09-29,FLA @ CAR,9de33ce1013f2a3375dbded2c9fbc7d6,sk_sog,over,Logan Stankoven,1.5,draftkings,-165,120,oddsapi
2026-09-29T16:05:06Z,2026-09-29,FLA @ CAR,9de33ce1013f2a3375dbded2c9fbc7d6,sk_sog,under,Logan Stankoven,1.5,draftkings,120,-165,oddsapi
2026-09-29T16:05:06Z,2026-09-29,FLA @ CAR,9de33ce1013f2a3375dbded2c9fbc7d6,sk_sog,over,Carter Verhaeghe,1.5,draftkings,-155,115,oddsapi
2026-09-29T16:05:06Z,2026-09-29,FLA @ CAR,9de33ce1013f2a3375dbded2c9fbc7d6,sk_sog,under,Carter Verhaeghe,1.5,draftkings,115,-155,oddsapi
2026-09-29T16:05:06Z,2026-09-29,FLA @ CAR,9de33ce1013f2a3375dbded2c9fbc7d6,sk_sog,over,Taylor Hall,1.5,draftkings,-135,100,oddsapi
2026-09-29T16:05:06Z,2026-09-29,FLA @ CAR,9de33ce1013f2a3375dbded2c9fbc7d6,sk_sog,under,Taylor Hall,1.5,draftkings,100,-135,oddsapi
2026-09-29T16:05:06Z,2026-09-29,FLA @ CAR,9de33ce1013f2a3375dbded2c9fbc7d6,sk_sog,over,Aleksander Barkov,1.5,draftkings,-125,-110,oddsapi
2026-09-29T16:05:06Z,2026-09-29,FLA @ CAR,9de33ce1013f2a3375dbded2c9fbc7d6,sk_sog,under,Aleksander Barkov,1.5,draftkings,-110,-125,oddsapi
2026-09-29T16:05:06Z,2026-09-29,FLA @ CAR,9de33ce1013f2a3375dbded2c9fbc7d6,sk_sog,over,Seth Jones,1.5,draftkings,-120,-110,oddsapi
2026-09-29T16:05:06Z,2026-09-29,FLA @ CAR,9de33ce1013f2a3375dbded2c9fbc7d6,sk_sog,under,Seth Jones,1.5,draftkings,-110,-120,oddsapi
2026-09-29T16:05:06Z,2026-09-29,FLA @ CAR,9de33ce1013f2a3375dbded2c9fbc7d6,sk_sog,over,Shayne Gostisbehere,1.5,draftkings,-120,-110,oddsapi
2026-09-29T16:05:06Z,2026-09-29,FLA @ CAR,9de33ce1013f2a3375dbded2c9fbc7d6,sk_sog,under,Shayne Gostisbehere,1.5,draftkings,-110,-120,oddsapi
2026-09-29T16:05:06Z,2026-09-29,FLA @ CAR,9de33ce1013f2a3375dbded2c9fbc7d6,sk_sog,over,Jordan Staal,1.5,draftkings,-115,-115,oddsapi
2026-09-29T16:05:06Z,2026-09-29,FLA @ CAR,9de33ce1013f2a3375dbded2c9fbc7d6,sk_sog,under,Jordan Staal,1.5,draftkings,-115,-115,oddsapi
2026-09-29T16:05:06Z,2026-09-29,FLA @ CAR,9de33ce1013f2a3375dbded2c9fbc7d6,sk_sog,over,Anton Lundell,1.5,draftkings,120,-165,oddsapi
2026-09-29T16:05:06Z,2026-09-29,FLA @ CAR,9de33ce1013f2a3375dbded2c9fbc7d6,sk_sog,under,Anton Lundell,1.5,draftkings,-165,120,oddsapi
2026-09-29T16:05:06Z,2026-09-29,FLA @ CAR,9de33ce1013f2a3375dbded2c9fbc7d6,g_saves,over,Jacob Markstrom,26.5,draftkings,-105,-125,oddsapi
2026-09-29T16:05:06Z,2026-09-29,FLA @ CAR,9de33ce1013f2a3375dbded2c9fbc7d6,g_saves,under,Jacob Markstrom,26.5,draftkings,-125,-105,oddsapi
2026-09-29T16:05:06Z,2026-09-29,FLA @ CAR,9de33ce1013f2a3375dbded2c9fbc7d6,g_saves,over,Brandon Bussi,21.5,draftkings,-120,-115,oddsapi
2026-09-29T16:05:06Z,2026-09-29,FLA @ CAR,9de33ce1013f2a3375dbded2c9fbc7d6,g_saves,under,Brandon Bussi,21.5,draftkings,-115,-120,oddsapi
2026-09-29T16:05:06Z,2026-09-29,FLA @ CAR,9de33ce1013f2a3375dbded2c9fbc7d6,p1_pl,CAR,,-0.5,draftkings,170,-220,oddsapi
2026-09-29T16:05:06Z,2026-09-29,FLA @ CAR,9de33ce1013f2a3375dbded2c9fbc7d6,p1_pl,FLA,,0.5,draftkings,-220,170,oddsapi
2026-09-29T16:05:06Z,2026-09-29,FLA @ CAR,9de33ce1013f2a3375dbded2c9fbc7d6,p2_pl,CAR,,-0.5,draftkings,154,-200,oddsapi
2026-09-29T16:05:06Z,2026-09-29,FLA @ CAR,9de33ce1013f2a3375dbded2c9fbc7d6,p2_pl,FLA,,0.5,draftkings,-200,154,oddsapi
2026-09-29T16:05:06Z,2026-09-29,FLA @ CAR,9de33ce1013f2a3375dbded2c9fbc7d6,p3_pl,CAR,,-0.5,draftkings,140,-180,oddsapi
2026-09-29T16:05:06Z,2026-09-29,FLA @ CAR,9de33ce1013f2a3375dbded2c9fbc7d6,p3_pl,FLA,,0.5,draftkings,-180,140,oddsapi
2026-09-29T16:05:06Z,2026-09-29,FLA @ CAR,9de33ce1013f2a3375dbded2c9fbc7d6,p1_team_total,over,CAR,0.5,draftkings,-180,140,oddsapi
2026-09-29T16:05:06Z,2026-09-29,FLA @ CAR,9de33ce1013f2a3375dbded2c9fbc7d6,p1_team_total,under,CAR,0.5,draftkings,140,-180,oddsapi
2026-09-29T16:05:06Z,2026-09-29,FLA @ CAR,9de33ce1013f2a3375dbded2c9fbc7d6,p1_team_total,over,FLA,0.5,draftkings,-170,130,oddsapi
2026-09-29T16:05:06Z,2026-09-29,FLA @ CAR,9de33ce1013f2a3375dbded2c9fbc7d6,p1_team_total,under,FLA,0.5,draftkings,130,-170,oddsapi
2026-09-29T16:05:06Z,2026-09-29,FLA @ CAR,9de33ce1013f2a3375dbded2c9fbc7d6,p1_total,over,,1.5,draftkings,-140,110,oddsapi
2026-09-29T16:05:06Z,2026-09-29,FLA @ CAR,9de33ce1013f2a3375dbded2c9fbc7d6,p1_total,under,,1.5,draftkings,110,-140,oddsapi
2026-09-29T16:05:06Z,2026-09-29,FLA @ CAR,9de33ce1013f2a3375dbded2c9fbc7d6,p2_total,over,,1.5,draftkings,-180,140,oddsapi
2026-09-29T16:05:06Z,2026-09-29,FLA @ CAR,9de33ce1013f2a3375dbded2c9fbc7d6,p2_total,under,,1.5,draftkings,140,-180,oddsapi
2026-09-29T16:05:06Z,2026-09-29,FLA @ CAR,9de33ce1013f2a3375dbded2c9fbc7d6,p3_total,over,,2.5,draftkings,140,-180,oddsapi
2026-09-29T16:05:06Z,2026-09-29,FLA @ CAR,9de33ce1013f2a3375dbded2c9fbc7d6,p3_total,under,,2.5,draftkings,-180,140,oddsapi
2026-09-29T16:05:06Z,2026-09-29,FLA @ CAR,9de33ce1013f2a3375dbded2c9fbc7d6,game_ml3,CAR,,,williamhill_us,109,,oddsapi
2026-09-29T16:05:06Z,2026-09-29,FLA @ CAR,9de33ce1013f2a3375dbded2c9fbc7d6,game_ml3,FLA,,,williamhill_us,148,,oddsapi
2026-09-29T16:05:06Z,2026-09-29,FLA @ CAR,9de33ce1013f2a3375dbded2c9fbc7d6,game_ml3,draw,,,williamhill_us,275,,oddsapi
2026-09-29T16:05:06Z,2026-09-29,FLA @ CAR,9de33ce1013f2a3375dbded2c9fbc7d6,p1_ml3,CAR,,,williamhill_us,162,,oddsapi
2026-09-29T16:05:06Z,2026-09-29,FLA @ CAR,9de33ce1013f2a3375dbded2c9fbc7d6,p1_ml3,FLA,,,williamhill_us,184,,oddsapi
2026-09-29T16:05:06Z,2026-09-29,FLA @ CAR,9de33ce1013f2a3375dbded2c9fbc7d6,p1_ml3,draw,,,williamhill_us,151,,oddsapi
2026-09-29T16:05:06Z,2026-09-29,FLA @ CAR,9de33ce1013f2a3375dbded2c9fbc7d6,ags,yes,Brady Tkachuk,,williamhill_us,170,,oddsapi
2026-09-29T16:05:06Z,2026-09-29,FLA @ CAR,9de33ce1013f2a3375dbded2c9fbc7d6,ags,yes,Andrei Svechnikov,,williamhill_us,190,,oddsapi
2026-09-29T16:05:06Z,2026-09-29,FLA @ CAR,9de33ce1013f2a3375dbded2c9fbc7d6,ags,yes,Matthew Tkachuk,,williamhill_us,191,,oddsapi
2026-09-29T16:05:06Z,2026-09-29,FLA @ CAR,9de33ce1013f2a3375dbded2c9fbc7d6,ags,yes,Sam Reinhart,,williamhill_us,194,,oddsapi
2026-09-29T16:05:06Z,2026-09-29,FLA @ CAR,9de33ce1013f2a3375dbded2c9fbc7d6,ags,yes,Sebastian Aho,,williamhill_us,210,,oddsapi
2026-09-29T16:05:06Z,2026-09-29,FLA @ CAR,9de33ce1013f2a3375dbded2c9fbc7d6,ags,yes,Logan Stankoven,,williamhill_us,210,,oddsapi
2026-09-29T16:05:06Z,2026-09-29,FLA @ CAR,9de33ce1013f2a3375dbded2c9fbc7d6,ags,yes,Nikolaj Ehlers,,williamhill_us,215,,oddsapi
2026-09-29T16:05:06Z,2026-09-29,FLA @ CAR,9de33ce1013f2a3375dbded2c9fbc7d6,ags,yes,Jackson Blake,,williamhill_us,230,,oddsapi
2026-09-29T16:05:06Z,2026-09-29,FLA @ CAR,9de33ce1013f2a3375dbded2c9fbc7d6,ags,yes,Sam Bennett,,williamhill_us,245,,oddsapi
2026-09-29T16:05:06Z,2026-09-29,FLA @ CAR,9de33ce1013f2a3375dbded2c9fbc7d6,ags,yes,Aleksander Barkov,,williamhill_us,255,,oddsapi
2026-09-29T16:05:06Z,2026-09-29,FLA @ CAR,9de33ce1013f2a3375dbded2c9fbc7d6,ags,yes,Jordan Staal,,williamhill_us,280,,oddsapi
2026-09-29T16:05:06Z,2026-09-29,FLA @ CAR,9de33ce1013f2a3375dbded2c9fbc7d6,ags,yes,Carter Verhaeghe,,williamhill_us,280,,oddsapi
2026-09-29T16:05:06Z,2026-09-29,FLA @ CAR,9de33ce1013f2a3375dbded2c9fbc7d6,ags,yes,Taylor Hall,,williamhill_us,290,,oddsapi
2026-09-29T16:05:06Z,2026-09-29,FLA @ CAR,9de33ce1013f2a3375dbded2c9fbc7d6,ags,yes,Anton Lundell,,williamhill_us,305,,oddsapi
2026-09-29T16:05:06Z,2026-09-29,FLA @ CAR,9de33ce1013f2a3375dbded2c9fbc7d6,ags,yes,Eric Robinson,,williamhill_us,390,,oddsapi
2026-09-29T16:05:06Z,2026-09-29,FLA @ CAR,9de33ce1013f2a3375dbded2c9fbc7d6,ags,yes,Jordan Martinook,,williamhill_us,425,,oddsapi
2026-09-29T16:05:06Z,2026-09-29,FLA @ CAR,9de33ce1013f2a3375dbded2c9fbc7d6,ags,yes,Eetu Luostarinen,,williamhill_us,450,,oddsapi
2026-09-29T16:05:06Z,2026-09-29,FLA @ CAR,9de33ce1013f2a3375dbded2c9fbc7d6,ags,yes,Shayne Gostisbehere,,williamhill_us,475,,oddsapi
2026-09-29T16:05:06Z,2026-09-29,FLA @ CAR,9de33ce1013f2a3375dbded2c9fbc7d6,ags,yes,Mark Jankowski,,williamhill_us,575,,oddsapi
2026-09-29T16:05:06Z,2026-09-29,FLA @ CAR,9de33ce1013f2a3375dbded2c9fbc7d6,ags,yes,Seth Jones,,williamhill_us,650,,oddsapi
2026-09-29T16:05:06Z,2026-09-29,FLA @ CAR,9de33ce1013f2a3375dbded2c9fbc7d6,ags,yes,K'Andre Miller,,williamhill_us,700,,oddsapi
2026-09-29T16:05:06Z,2026-09-29,FLA @ CAR,9de33ce1013f2a3375dbded2c9fbc7d6,ags,yes,Aaron Ekblad,,williamhill_us,800,,oddsapi
2026-09-29T16:05:06Z,2026-09-29,FLA @ CAR,9de33ce1013f2a3375dbded2c9fbc7d6,ags,yes,Lars Eller,,williamhill_us,850,,oddsapi
2026-09-29T16:05:06Z,2026-09-29,FLA @ CAR,9de33ce1013f2a3375dbded2c9fbc7d6,ags,yes,Sean Walker,,williamhill_us,850,,oddsapi
2026-09-29T16:05:06Z,2026-09-29,FLA @ CAR,9de33ce1013f2a3375dbded2c9fbc7d6,ags,yes,William Carrier,,williamhill_us,900,,oddsapi
2026-09-29T16:05:06Z,2026-09-29,FLA @ CAR,9de33ce1013f2a3375dbded2c9fbc7d6,ags,yes,Sandis Vilmanis,,williamhill_us,950,,oddsapi
2026-09-29T16:05:06Z,2026-09-29,FLA @ CAR,9de33ce1013f2a3375dbded2c9fbc7d6,ags,yes,Garnet Hathaway,,williamhill_us,950,,oddsapi
2026-09-29T16:05:06Z,2026-09-29,FLA @ CAR,9de33ce1013f2a3375dbded2c9fbc7d6,ags,yes,Nicolas Deslauriers,,williamhill_us,1000,,oddsapi
2026-09-29T16:05:06Z,2026-09-29,FLA @ CAR,9de33ce1013f2a3375dbded2c9fbc7d6,ags,yes,Niko Mikkola,,williamhill_us,1000,,oddsapi
2026-09-29T16:05:06Z,2026-09-29,FLA @ CAR,9de33ce1013f2a3375dbded2c9fbc7d6,ags,yes,Gustav Forsling,,williamhill_us,1100,,oddsapi
2026-09-29T16:05:06Z,2026-09-29,FLA @ CAR,9de33ce1013f2a3375dbded2c9fbc7d6,ags,yes,Jalen Chatfield,,williamhill_us,1100,,oddsapi
2026-09-29T16:05:06Z,2026-09-29,FLA @ CAR,9de33ce1013f2a3375dbded2c9fbc7d6,ags,yes,Jaccob Slavin,,williamhill_us,1200,,oddsapi
2026-09-29T16:05:06Z,2026-09-29,FLA @ CAR,9de33ce1013f2a3375dbded2c9fbc7d6,ags,yes,Bokondji Imama,,williamhill_us,1200,,oddsapi
2026-09-29T16:05:06Z,2026-09-29,FLA @ CAR,9de33ce1013f2a3375dbded2c9fbc7d6,ags,yes,Radko Gudas,,williamhill_us,1500,,oddsapi
2026-09-29T16:05:06Z,2026-09-29,FLA @ CAR,9de33ce1013f2a3375dbded2c9fbc7d6,ags,yes,Dmitry Kulikov,,williamhill_us,1700,,oddsapi
2026-09-29T16:05:06Z,2026-09-29,FLA @ CAR,9de33ce1013f2a3375dbded2c9fbc7d6,ags,yes,Mike Reilly,,williamhill_us,1750,,oddsapi
2026-09-29T16:05:06Z,2026-09-29,FLA @ CAR,9de33ce1013f2a3375dbded2c9fbc7d6,fgs,yes,Brady Tkachuk,,williamhill_us,1100,,oddsapi
2026-09-29T16:05:06Z,2026-09-29,FLA @ CAR,9de33ce1013f2a3375dbded2c9fbc7d6,fgs,yes,Andrei Svechnikov,,williamhill_us,1200,,oddsapi
2026-09-29T16:05:06Z,2026-09-29,FLA @ CAR,9de33ce1013f2a3375dbded2c9fbc7d6,fgs,yes,Sam Reinhart,,williamhill_us,1200,,oddsapi
2026-09-29T16:05:06Z,2026-09-29,FLA @ CAR,9de33ce1013f2a3375dbded2c9fbc7d6,fgs,yes,Matthew Tkachuk,,williamhill_us,1300,,oddsapi
2026-09-29T16:05:06Z,2026-09-29,FLA @ CAR,9de33ce1013f2a3375dbded2c9fbc7d6,fgs,yes,Logan Stankoven,,williamhill_us,1300,,oddsapi
2026-09-29T16:05:06Z,2026-09-29,FLA @ CAR,9de33ce1013f2a3375dbded2c9fbc7d6,fgs,yes,Sebastian Aho,,williamhill_us,1300,,oddsapi
2026-09-29T16:05:06Z,2026-09-29,FLA @ CAR,9de33ce1013f2a3375dbded2c9fbc7d6,fgs,yes,Aleksander Barkov,,williamhill_us,1500,,oddsapi
2026-09-29T16:05:06Z,2026-09-29,FLA @ CAR,9de33ce1013f2a3375dbded2c9fbc7d6,fgs,yes,Jackson Blake,,williamhill_us,1500,,oddsapi
2026-09-29T16:05:06Z,2026-09-29,FLA @ CAR,9de33ce1013f2a3375dbded2c9fbc7d6,fgs,yes,Nikolaj Ehlers,,williamhill_us,1500,,oddsapi
2026-09-29T16:05:06Z,2026-09-29,FLA @ CAR,9de33ce1013f2a3375dbded2c9fbc7d6,fgs,yes,Sam Bennett,,williamhill_us,1600,,oddsapi
2026-09-29T16:05:06Z,2026-09-29,FLA @ CAR,9de33ce1013f2a3375dbded2c9fbc7d6,fgs,yes,Carter Verhaeghe,,williamhill_us,1800,,oddsapi
2026-09-29T16:05:06Z,2026-09-29,FLA @ CAR,9de33ce1013f2a3375dbded2c9fbc7d6,fgs,yes,Taylor Hall,,williamhill_us,1800,,oddsapi
2026-09-29T16:05:06Z,2026-09-29,FLA @ CAR,9de33ce1013f2a3375dbded2c9fbc7d6,fgs,yes,Jordan Staal,,williamhill_us,2000,,oddsapi
2026-09-29T16:05:06Z,2026-09-29,FLA @ CAR,9de33ce1013f2a3375dbded2c9fbc7d6,fgs,yes,Anton Lundell,,williamhill_us,2000,,oddsapi
2026-09-29T16:05:06Z,2026-09-29,FLA @ CAR,9de33ce1013f2a3375dbded2c9fbc7d6,fgs,yes,Eric Robinson,,williamhill_us,2200,,oddsapi
2026-09-29T16:05:06Z,2026-09-29,FLA @ CAR,9de33ce1013f2a3375dbded2c9fbc7d6,fgs,yes,Jordan Martinook,,williamhill_us,2600,,oddsapi
2026-09-29T16:05:06Z,2026-09-29,FLA @ CAR,9de33ce1013f2a3375dbded2c9fbc7d6,fgs,yes,Eetu Luostarinen,,williamhill_us,2800,,oddsapi
2026-09-29T16:05:06Z,2026-09-29,FLA @ CAR,9de33ce1013f2a3375dbded2c9fbc7d6,fgs,yes,Shayne Gostisbehere,,williamhill_us,2900,,oddsapi
2026-09-29T16:05:06Z,2026-09-29,FLA @ CAR,9de33ce1013f2a3375dbded2c9fbc7d6,fgs,yes,Mark Jankowski,,williamhill_us,3500,,oddsapi
2026-09-29T16:05:06Z,2026-09-29,FLA @ CAR,9de33ce1013f2a3375dbded2c9fbc7d6,fgs,yes,Seth Jones,,williamhill_us,3500,,oddsapi
2026-09-29T16:05:06Z,2026-09-29,FLA @ CAR,9de33ce1013f2a3375dbded2c9fbc7d6,fgs,yes,K'Andre Miller,,williamhill_us,4000,,oddsapi
2026-09-29T16:05:06Z,2026-09-29,FLA @ CAR,9de33ce1013f2a3375dbded2c9fbc7d6,fgs,yes,Sean Walker,,williamhill_us,4500,,oddsapi
2026-09-29T16:05:06Z,2026-09-29,FLA @ CAR,9de33ce1013f2a3375dbded2c9fbc7d6,fgs,yes,Aaron Ekblad,,williamhill_us,4500,,oddsapi
2026-09-29T16:05:06Z,2026-09-29,FLA @ CAR,9de33ce1013f2a3375dbded2c9fbc7d6,fgs,yes,Garnet Hathaway,,williamhill_us,4500,,oddsapi
2026-09-29T16:05:06Z,2026-09-29,FLA @ CAR,9de33ce1013f2a3375dbded2c9fbc7d6,fgs,yes,Sandis Vilmanis,,williamhill_us,5000,,oddsapi
2026-09-29T16:05:06Z,2026-09-29,FLA @ CAR,9de33ce1013f2a3375dbded2c9fbc7d6,fgs,yes,William Carrier,,williamhill_us,5000,,oddsapi
2026-09-29T16:05:06Z,2026-09-29,FLA @ CAR,9de33ce1013f2a3375dbded2c9fbc7d6,fgs,yes,Lars Eller,,williamhill_us,5000,,oddsapi
2026-09-29T16:05:06Z,2026-09-29,FLA @ CAR,9de33ce1013f2a3375dbded2c9fbc7d6,fgs,yes,Gustav Forsling,,williamhill_us,5500,,oddsapi
2026-09-29T16:05:06Z,2026-09-29,FLA @ CAR,9de33ce1013f2a3375dbded2c9fbc7d6,fgs,yes,Nicolas Deslauriers,,williamhill_us,5500,,oddsapi
2026-09-29T16:05:06Z,2026-09-29,FLA @ CAR,9de33ce1013f2a3375dbded2c9fbc7d6,fgs,yes,Jalen Chatfield,,williamhill_us,6000,,oddsapi
2026-09-29T16:05:06Z,2026-09-29,FLA @ CAR,9de33ce1013f2a3375dbded2c9fbc7d6,fgs,yes,Niko Mikkola,,williamhill_us,6000,,oddsapi
2026-09-29T16:05:06Z,2026-09-29,FLA @ CAR,9de33ce1013f2a3375dbded2c9fbc7d6,fgs,yes,Bokondji Imama,,williamhill_us,6000,,oddsapi
2026-09-29T16:05:06Z,2026-09-29,FLA @ CAR,9de33ce1013f2a3375dbded2c9fbc7d6,fgs,yes,Jaccob Slavin,,williamhill_us,7000,,oddsapi
2026-09-29T16:05:06Z,2026-09-29,FLA @ CAR,9de33ce1013f2a3375dbded2c9fbc7d6,lgs,yes,Brady Tkachuk,,williamhill_us,1000,,oddsapi
2026-09-29T16:05:06Z,2026-09-29,FLA @ CAR,9de33ce1013f2a3375dbded2c9fbc7d6,lgs,yes,Sam Bennett,,williamhill_us,1200,,oddsapi
2026-09-29T16:05:06Z,2026-09-29,FLA @ CAR,9de33ce1013f2a3375dbded2c9fbc7d6,lgs,yes,Nikolaj Ehlers,,williamhill_us,1200,,oddsapi
2026-09-29T16:05:06Z,2026-09-29,FLA @ CAR,9de33ce1013f2a3375dbded2c9fbc7d6,lgs,yes,Taylor Hall,,williamhill_us,1400,,oddsapi
2026-09-29T16:05:06Z,2026-09-29,FLA @ CAR,9de33ce1013f2a3375dbded2c9fbc7d6,lgs,yes,Eetu Luostarinen,,williamhill_us,2000,,oddsapi
2026-09-29T16:05:06Z,2026-09-29,FLA @ CAR,9de33ce1013f2a3375dbded2c9fbc7d6,lgs,yes,Shayne Gostisbehere,,williamhill_us,2600,,oddsapi
2026-09-29T16:05:06Z,2026-09-29,FLA @ CAR,9de33ce1013f2a3375dbded2c9fbc7d6,lgs,yes,Mark Jankowski,,williamhill_us,2800,,oddsapi
2026-09-29T16:05:06Z,2026-09-29,FLA @ CAR,9de33ce1013f2a3375dbded2c9fbc7d6,lgs,yes,K'Andre Miller,,williamhill_us,3000,,oddsapi
2026-09-29T16:05:06Z,2026-09-29,FLA @ CAR,9de33ce1013f2a3375dbded2c9fbc7d6,lgs,yes,Sean Walker,,williamhill_us,3300,,oddsapi
2026-09-29T16:05:06Z,2026-09-29,FLA @ CAR,9de33ce1013f2a3375dbded2c9fbc7d6,lgs,yes,Lars Eller,,williamhill_us,3500,,oddsapi
2026-09-29T16:05:06Z,2026-09-29,FLA @ CAR,9de33ce1013f2a3375dbded2c9fbc7d6,lgs,yes,William Carrier,,williamhill_us,3500,,oddsapi
2026-09-29T16:05:06Z,2026-09-29,FLA @ CAR,9de33ce1013f2a3375dbded2c9fbc7d6,lgs,yes,Sandis Vilmanis,,williamhill_us,3500,,oddsapi
2026-09-29T16:05:06Z,2026-09-29,FLA @ CAR,9de33ce1013f2a3375dbded2c9fbc7d6,lgs,yes,Bokondji Imama,,williamhill_us,4000,,oddsapi
2026-09-29T16:05:06Z,2026-09-29,FLA @ CAR,9de33ce1013f2a3375dbded2c9fbc7d6,lgs,yes,Niko Mikkola,,williamhill_us,4000,,oddsapi
2026-09-29T16:05:06Z,2026-09-29,FLA @ CAR,9de33ce1013f2a3375dbded2c9fbc7d6,lgs,yes,Gustav Forsling,,williamhill_us,4000,,oddsapi
2026-09-29T16:05:06Z,2026-09-29,FLA @ CAR,9de33ce1013f2a3375dbded2c9fbc7d6,sk_sog,over,Brady Tkachuk,2.5,williamhill_us,-150,112,oddsapi
2026-09-29T16:05:06Z,2026-09-29,FLA @ CAR,9de33ce1013f2a3375dbded2c9fbc7d6,sk_sog,under,Brady Tkachuk,2.5,williamhill_us,112,-150,oddsapi
2026-09-29T16:05:06Z,2026-09-29,FLA @ CAR,9de33ce1013f2a3375dbded2c9fbc7d6,sk_sog,over,Shayne Gostisbehere,1.5,williamhill_us,-137,104,oddsapi
2026-09-29T16:05:06Z,2026-09-29,FLA @ CAR,9de33ce1013f2a3375dbded2c9fbc7d6,sk_sog,under,Shayne Gostisbehere,1.5,williamhill_us,104,-137,oddsapi
2026-09-29T16:05:06Z,2026-09-29,FLA @ CAR,9de33ce1013f2a3375dbded2c9fbc7d6,sk_sog,over,Aleksander Barkov,1.5,williamhill_us,-137,103,oddsapi
2026-09-29T16:05:06Z,2026-09-29,FLA @ CAR,9de33ce1013f2a3375dbded2c9fbc7d6,sk_sog,under,Aleksander Barkov,1.5,williamhill_us,103,-137,oddsapi
2026-09-29T16:05:06Z,2026-09-29,FLA @ CAR,9de33ce1013f2a3375dbded2c9fbc7d6,sk_sog,over,Jackson Blake,2.5,williamhill_us,122,-164,oddsapi
2026-09-29T16:05:06Z,2026-09-29,FLA @ CAR,9de33ce1013f2a3375dbded2c9fbc7d6,sk_sog,under,Jackson Blake,2.5,williamhill_us,-164,122,oddsapi
2026-09-29T16:05:06Z,2026-09-29,FLA @ CAR,9de33ce1013f2a3375dbded2c9fbc7d6,sk_sog,over,Seth Jones,1.5,williamhill_us,-112,-120,oddsapi
2026-09-29T16:05:06Z,2026-09-29,FLA @ CAR,9de33ce1013f2a3375dbded2c9fbc7d6,sk_sog,under,Seth Jones,1.5,williamhill_us,-120,-112,oddsapi
2026-09-29T16:05:06Z,2026-09-29,FLA @ CAR,9de33ce1013f2a3375dbded2c9fbc7d6,sk_sog,over,Nikolaj Ehlers,2.5,williamhill_us,125,-170,oddsapi
2026-09-29T16:05:06Z,2026-09-29,FLA @ CAR,9de33ce1013f2a3375dbded2c9fbc7d6,sk_sog,under,Nikolaj Ehlers,2.5,williamhill_us,-170,125,oddsapi
2026-09-29T16:05:06Z,2026-09-29,FLA @ CAR,9de33ce1013f2a3375dbded2c9fbc7d6,sk_sog,over,Andrei Svechnikov,2.5,williamhill_us,113,-150,oddsapi
2026-09-29T16:05:06Z,2026-09-29,FLA @ CAR,9de33ce1013f2a3375dbded2c9fbc7d6,sk_sog,under,Andrei Svechnikov,2.5,williamhill_us,-150,113,oddsapi
2026-09-29T16:05:06Z,2026-09-29,FLA @ CAR,9de33ce1013f2a3375dbded2c9fbc7d6,sk_sog,over,Carter Verhaeghe,1.5,williamhill_us,-164,122,oddsapi
2026-09-29T16:05:06Z,2026-09-29,FLA @ CAR,9de33ce1013f2a3375dbded2c9fbc7d6,sk_sog,under,Carter Verhaeghe,1.5,williamhill_us,122,-164,oddsapi
2026-09-29T16:05:06Z,2026-09-29,FLA @ CAR,9de33ce1013f2a3375dbded2c9fbc7d6,sk_sog,over,Anton Lundell,1.5,williamhill_us,116,-154,oddsapi
2026-09-29T16:05:06Z,2026-09-29,FLA @ CAR,9de33ce1013f2a3375dbded2c9fbc7d6,sk_sog,under,Anton Lundell,1.5,williamhill_us,-154,116,oddsapi
2026-09-29T16:05:06Z,2026-09-29,FLA @ CAR,9de33ce1013f2a3375dbded2c9fbc7d6,sk_sog,over,Matthew Tkachuk,2.5,williamhill_us,114,-152,oddsapi
2026-09-29T16:05:06Z,2026-09-29,FLA @ CAR,9de33ce1013f2a3375dbded2c9fbc7d6,sk_sog,under,Matthew Tkachuk,2.5,williamhill_us,-152,114,oddsapi
2026-09-29T16:05:06Z,2026-09-29,FLA @ CAR,9de33ce1013f2a3375dbded2c9fbc7d6,sk_sog,over,Sebastian Aho,2.5,williamhill_us,127,-170,oddsapi
2026-09-29T16:05:06Z,2026-09-29,FLA @ CAR,9de33ce1013f2a3375dbded2c9fbc7d6,sk_sog,under,Sebastian Aho,2.5,williamhill_us,-170,127,oddsapi
2026-09-29T16:05:06Z,2026-09-29,FLA @ CAR,9de33ce1013f2a3375dbded2c9fbc7d6,sk_sog,over,Sam Bennett,2.5,williamhill_us,133,-179,oddsapi
2026-09-29T16:05:06Z,2026-09-29,FLA @ CAR,9de33ce1013f2a3375dbded2c9fbc7d6,sk_sog,under,Sam Bennett,2.5,williamhill_us,-179,133,oddsapi
2026-09-29T16:05:06Z,2026-09-29,FLA @ CAR,9de33ce1013f2a3375dbded2c9fbc7d6,sk_sog,over,Taylor Hall,1.5,williamhill_us,-136,101,oddsapi
2026-09-29T16:05:06Z,2026-09-29,FLA @ CAR,9de33ce1013f2a3375dbded2c9fbc7d6,sk_sog,under,Taylor Hall,1.5,williamhill_us,101,-136,oddsapi
2026-09-29T16:05:06Z,2026-09-29,FLA @ CAR,9de33ce1013f2a3375dbded2c9fbc7d6,team_total,over,CAR,3.5,williamhill_us,112,-154,oddsapi
2026-09-29T16:05:06Z,2026-09-29,FLA @ CAR,9de33ce1013f2a3375dbded2c9fbc7d6,team_total,under,CAR,3.5,williamhill_us,-154,112,oddsapi
2026-09-29T16:05:06Z,2026-09-29,FLA @ CAR,9de33ce1013f2a3375dbded2c9fbc7d6,team_total,over,FLA,3.5,williamhill_us,141,-197,oddsapi
2026-09-29T16:05:06Z,2026-09-29,FLA @ CAR,9de33ce1013f2a3375dbded2c9fbc7d6,team_total,under,FLA,3.5,williamhill_us,-197,141,oddsapi
2026-09-29T16:05:06Z,2026-09-29,FLA @ CAR,9de33ce1013f2a3375dbded2c9fbc7d6,game_pl_alt,CAR,,1.5,fanduel,-320,230,oddsapi
2026-09-29T16:05:06Z,2026-09-29,FLA @ CAR,9de33ce1013f2a3375dbded2c9fbc7d6,game_pl_alt,CAR,,2.5,fanduel,-650,400,oddsapi
2026-09-29T16:05:06Z,2026-09-29,FLA @ CAR,9de33ce1013f2a3375dbded2c9fbc7d6,game_pl_alt,CAR,,3.5,fanduel,-2400,1140,oddsapi
2026-09-29T16:05:06Z,2026-09-29,FLA @ CAR,9de33ce1013f2a3375dbded2c9fbc7d6,game_pl_alt,CAR,,4.5,fanduel,-8000,2800,oddsapi
2026-09-29T16:05:06Z,2026-09-29,FLA @ CAR,9de33ce1013f2a3375dbded2c9fbc7d6,game_pl_alt,CAR,,5.5,fanduel,-20000,,oddsapi
2026-09-29T16:05:06Z,2026-09-29,FLA @ CAR,9de33ce1013f2a3375dbded2c9fbc7d6,game_pl_alt,CAR,,-1.5,fanduel,192,-260,oddsapi
2026-09-29T16:05:06Z,2026-09-29,FLA @ CAR,9de33ce1013f2a3375dbded2c9fbc7d6,game_pl_alt,CAR,,-2.5,fanduel,300,-430,oddsapi
2026-09-29T16:05:06Z,2026-09-29,FLA @ CAR,9de33ce1013f2a3375dbded2c9fbc7d6,game_pl_alt,CAR,,-3.5,fanduel,840,-1600,oddsapi
2026-09-29T16:05:06Z,2026-09-29,FLA @ CAR,9de33ce1013f2a3375dbded2c9fbc7d6,game_pl_alt,CAR,,-4.5,fanduel,1900,-4500,oddsapi
2026-09-29T16:05:06Z,2026-09-29,FLA @ CAR,9de33ce1013f2a3375dbded2c9fbc7d6,game_pl_alt,CAR,,-5.5,fanduel,4900,-20000,oddsapi
2026-09-29T16:05:06Z,2026-09-29,FLA @ CAR,9de33ce1013f2a3375dbded2c9fbc7d6,game_pl_alt,FLA,,1.5,fanduel,-260,192,oddsapi
2026-09-29T16:05:06Z,2026-09-29,FLA @ CAR,9de33ce1013f2a3375dbded2c9fbc7d6,game_pl_alt,FLA,,2.5,fanduel,-430,300,oddsapi
2026-09-29T16:05:06Z,2026-09-29,FLA @ CAR,9de33ce1013f2a3375dbded2c9fbc7d6,game_pl_alt,FLA,,3.5,fanduel,-1600,840,oddsapi
2026-09-29T16:05:06Z,2026-09-29,FLA @ CAR,9de33ce1013f2a3375dbded2c9fbc7d6,game_pl_alt,FLA,,4.5,fanduel,-4500,1900,oddsapi
2026-09-29T16:05:06Z,2026-09-29,FLA @ CAR,9de33ce1013f2a3375dbded2c9fbc7d6,game_pl_alt,FLA,,5.5,fanduel,-20000,4900,oddsapi
2026-09-29T16:05:06Z,2026-09-29,FLA @ CAR,9de33ce1013f2a3375dbded2c9fbc7d6,game_pl_alt,FLA,,6.5,fanduel,-50000,,oddsapi
2026-09-29T16:05:06Z,2026-09-29,FLA @ CAR,9de33ce1013f2a3375dbded2c9fbc7d6,game_pl_alt,FLA,,-1.5,fanduel,230,-320,oddsapi
2026-09-29T16:05:06Z,2026-09-29,FLA @ CAR,9de33ce1013f2a3375dbded2c9fbc7d6,game_pl_alt,FLA,,-2.5,fanduel,400,-650,oddsapi
2026-09-29T16:05:06Z,2026-09-29,FLA @ CAR,9de33ce1013f2a3375dbded2c9fbc7d6,game_pl_alt,FLA,,-3.5,fanduel,1140,-2400,oddsapi
2026-09-29T16:05:06Z,2026-09-29,FLA @ CAR,9de33ce1013f2a3375dbded2c9fbc7d6,game_pl_alt,FLA,,-4.5,fanduel,2800,-8000,oddsapi
2026-09-29T16:05:06Z,2026-09-29,FLA @ CAR,9de33ce1013f2a3375dbded2c9fbc7d6,team_total_alt,over,CAR,0.5,fanduel,-4500,1650,oddsapi
2026-09-29T16:05:06Z,2026-09-29,FLA @ CAR,9de33ce1013f2a3375dbded2c9fbc7d6,team_total_alt,over,CAR,1.5,fanduel,-700,430,oddsapi
2026-09-29T16:05:06Z,2026-09-29,FLA @ CAR,9de33ce1013f2a3375dbded2c9fbc7d6,team_total_alt,over,CAR,2.5,fanduel,-210,,oddsapi
2026-09-29T16:05:06Z,2026-09-29,FLA @ CAR,9de33ce1013f2a3375dbded2c9fbc7d6,team_total_alt,over,CAR,3.5,fanduel,114,-146,oddsapi
2026-09-29T16:05:06Z,2026-09-29,FLA @ CAR,9de33ce1013f2a3375dbded2c9fbc7d6,team_total_alt,over,CAR,4.5,fanduel,270,-380,oddsapi
2026-09-29T16:05:06Z,2026-09-29,FLA @ CAR,9de33ce1013f2a3375dbded2c9fbc7d6,team_total_alt,over,CAR,5.5,fanduel,640,-1400,oddsapi
2026-09-29T16:05:06Z,2026-09-29,FLA @ CAR,9de33ce1013f2a3375dbded2c9fbc7d6,team_total_alt,over,CAR,6.5,fanduel,1550,-3500,oddsapi
2026-09-29T16:05:06Z,2026-09-29,FLA @ CAR,9de33ce1013f2a3375dbded2c9fbc7d6,team_total_alt,over,CAR,7.5,fanduel,4300,-8000,oddsapi
2026-09-29T16:05:06Z,2026-09-29,FLA @ CAR,9de33ce1013f2a3375dbded2c9fbc7d6,team_total_alt,under,CAR,0.5,fanduel,1650,-4500,oddsapi
2026-09-29T16:05:06Z,2026-09-29,FLA @ CAR,9de33ce1013f2a3375dbded2c9fbc7d6,team_total_alt,under,CAR,1.5,fanduel,430,-700,oddsapi
2026-09-29T16:05:06Z,2026-09-29,FLA @ CAR,9de33ce1013f2a3375dbded2c9fbc7d6,team_total_alt,under,CAR,3.5,fanduel,-146,114,oddsapi
2026-09-29T16:05:06Z,2026-09-29,FLA @ CAR,9de33ce1013f2a3375dbded2c9fbc7d6,team_total_alt,under,CAR,4.5,fanduel,-380,270,oddsapi
2026-09-29T16:05:06Z,2026-09-29,FLA @ CAR,9de33ce1013f2a3375dbded2c9fbc7d6,team_total_alt,under,CAR,5.5,fanduel,-1400,640,oddsapi
2026-09-29T16:05:06Z,2026-09-29,FLA @ CAR,9de33ce1013f2a3375dbded2c9fbc7d6,team_total_alt,under,CAR,6.5,fanduel,-3500,1550,oddsapi
2026-09-29T16:05:06Z,2026-09-29,FLA @ CAR,9de33ce1013f2a3375dbded2c9fbc7d6,team_total_alt,under,CAR,7.5,fanduel,-8000,4300,oddsapi
2026-09-29T16:05:06Z,2026-09-29,FLA @ CAR,9de33ce1013f2a3375dbded2c9fbc7d6,team_total_alt,over,FLA,0.5,fanduel,-3500,1400,oddsapi
2026-09-29T16:05:06Z,2026-09-29,FLA @ CAR,9de33ce1013f2a3375dbded2c9fbc7d6,team_total_alt,over,FLA,1.5,fanduel,-550,360,oddsapi
2026-09-29T16:05:06Z,2026-09-29,FLA @ CAR,9de33ce1013f2a3375dbded2c9fbc7d6,team_total_alt,over,FLA,2.5,fanduel,-166,,oddsapi
2026-09-29T16:05:06Z,2026-09-29,FLA @ CAR,9de33ce1013f2a3375dbded2c9fbc7d6,team_total_alt,over,FLA,3.5,fanduel,142,-182,oddsapi
2026-09-29T16:05:06Z,2026-09-29,FLA @ CAR,9de33ce1013f2a3375dbded2c9fbc7d6,team_total_alt,over,FLA,4.5,fanduel,330,-480,oddsapi
2026-09-29T16:05:06Z,2026-09-29,FLA @ CAR,9de33ce1013f2a3375dbded2c9fbc7d6,team_total_alt,over,FLA,5.5,fanduel,820,-1600,oddsapi
2026-09-29T16:05:06Z,2026-09-29,FLA @ CAR,9de33ce1013f2a3375dbded2c9fbc7d6,team_total_alt,over,FLA,6.5,fanduel,2100,-5000,oddsapi
2026-09-29T16:05:06Z,2026-09-29,FLA @ CAR,9de33ce1013f2a3375dbded2c9fbc7d6,team_total_alt,over,FLA,7.5,fanduel,6500,,oddsapi
2026-09-29T16:05:06Z,2026-09-29,FLA @ CAR,9de33ce1013f2a3375dbded2c9fbc7d6,team_total_alt,under,FLA,0.5,fanduel,1400,-3500,oddsapi
2026-09-29T16:05:06Z,2026-09-29,FLA @ CAR,9de33ce1013f2a3375dbded2c9fbc7d6,team_total_alt,under,FLA,1.5,fanduel,360,-550,oddsapi
2026-09-29T16:05:06Z,2026-09-29,FLA @ CAR,9de33ce1013f2a3375dbded2c9fbc7d6,team_total_alt,under,FLA,3.5,fanduel,-182,142,oddsapi
2026-09-29T16:05:06Z,2026-09-29,FLA @ CAR,9de33ce1013f2a3375dbded2c9fbc7d6,team_total_alt,under,FLA,4.5,fanduel,-480,330,oddsapi
2026-09-29T16:05:06Z,2026-09-29,FLA @ CAR,9de33ce1013f2a3375dbded2c9fbc7d6,team_total_alt,under,FLA,5.5,fanduel,-1600,820,oddsapi
2026-09-29T16:05:06Z,2026-09-29,FLA @ CAR,9de33ce1013f2a3375dbded2c9fbc7d6,team_total_alt,under,FLA,6.5,fanduel,-5000,2100,oddsapi
2026-09-29T16:05:06Z,2026-09-29,FLA @ CAR,9de33ce1013f2a3375dbded2c9fbc7d6,game_total_alt,over,,2.5,fanduel,-6000,2600,oddsapi
2026-09-29T16:05:06Z,2026-09-29,FLA @ CAR,9de33ce1013f2a3375dbded2c9fbc7d6,game_total_alt,over,,3.5,fanduel,-1100,610,oddsapi
2026-09-29T16:05:06Z,2026-09-29,FLA @ CAR,9de33ce1013f2a3375dbded2c9fbc7d6,game_total_alt,over,,4.5,fanduel,-550,350,oddsapi
2026-09-29T16:05:06Z,2026-09-29,FLA @ CAR,9de33ce1013f2a3375dbded2c9fbc7d6,game_total_alt,over,,5.5,fanduel,-164,128,oddsapi
2026-09-29T16:05:06Z,2026-09-29,FLA @ CAR,9de33ce1013f2a3375dbded2c9fbc7d6,game_total_alt,over,,6.5,fanduel,-102,-124,oddsapi
2026-09-29T16:05:06Z,2026-09-29,FLA @ CAR,9de33ce1013f2a3375dbded2c9fbc7d6,game_total_alt,over,,7.5,fanduel,235,-330,oddsapi
2026-09-29T16:05:06Z,2026-09-29,FLA @ CAR,9de33ce1013f2a3375dbded2c9fbc7d6,game_total_alt,over,,8.5,fanduel,360,-600,oddsapi
2026-09-29T16:05:06Z,2026-09-29,FLA @ CAR,9de33ce1013f2a3375dbded2c9fbc7d6,game_total_alt,over,,9.5,fanduel,810,-1600,oddsapi
2026-09-29T16:05:06Z,2026-09-29,FLA @ CAR,9de33ce1013f2a3375dbded2c9fbc7d6,game_total_alt,over,,10.5,fanduel,1260,-3000,oddsapi
2026-09-29T16:05:06Z,2026-09-29,FLA @ CAR,9de33ce1013f2a3375dbded2c9fbc7d6,game_total_alt,over,,11.5,fanduel,2700,-6000,oddsapi
2026-09-29T16:05:06Z,2026-09-29,FLA @ CAR,9de33ce1013f2a3375dbded2c9fbc7d6,game_total_alt,over,,12.5,fanduel,4900,-8000,oddsapi
2026-09-29T16:05:06Z,2026-09-29,FLA @ CAR,9de33ce1013f2a3375dbded2c9fbc7d6,game_total_alt,under,,2.5,fanduel,2600,-6000,oddsapi
2026-09-29T16:05:06Z,2026-09-29,FLA @ CAR,9de33ce1013f2a3375dbded2c9fbc7d6,game_total_alt,under,,3.5,fanduel,610,-1100,oddsapi
2026-09-29T16:05:06Z,2026-09-29,FLA @ CAR,9de33ce1013f2a3375dbded2c9fbc7d6,game_total_alt,under,,4.5,fanduel,350,-550,oddsapi
2026-09-29T16:05:06Z,2026-09-29,FLA @ CAR,9de33ce1013f2a3375dbded2c9fbc7d6,game_total_alt,under,,5.5,fanduel,128,-164,oddsapi
2026-09-29T16:05:06Z,2026-09-29,FLA @ CAR,9de33ce1013f2a3375dbded2c9fbc7d6,game_total_alt,under,,6.5,fanduel,-124,-102,oddsapi
2026-09-29T16:05:06Z,2026-09-29,FLA @ CAR,9de33ce1013f2a3375dbded2c9fbc7d6,game_total_alt,under,,7.5,fanduel,-330,235,oddsapi
2026-09-29T16:05:06Z,2026-09-29,FLA @ CAR,9de33ce1013f2a3375dbded2c9fbc7d6,game_total_alt,under,,8.5,fanduel,-600,360,oddsapi
2026-09-29T16:05:06Z,2026-09-29,FLA @ CAR,9de33ce1013f2a3375dbded2c9fbc7d6,game_total_alt,under,,9.5,fanduel,-1600,810,oddsapi
2026-09-29T16:05:06Z,2026-09-29,FLA @ CAR,9de33ce1013f2a3375dbded2c9fbc7d6,game_total_alt,under,,10.5,fanduel,-3000,1260,oddsapi
2026-09-29T16:05:06Z,2026-09-29,FLA @ CAR,9de33ce1013f2a3375dbded2c9fbc7d6,game_total_alt,under,,11.5,fanduel,-6000,2700,oddsapi
2026-09-29T16:05:06Z,2026-09-29,FLA @ CAR,9de33ce1013f2a3375dbded2c9fbc7d6,game_total_alt,under,,12.5,fanduel,-8000,4900,oddsapi
2026-09-29T16:05:06Z,2026-09-29,FLA @ CAR,9de33ce1013f2a3375dbded2c9fbc7d6,game_ml3,CAR,,,fanduel,125,,oddsapi
2026-09-29T16:05:06Z,2026-09-29,FLA @ CAR,9de33ce1013f2a3375dbded2c9fbc7d6,game_ml3,FLA,,,fanduel,170,,oddsapi
2026-09-29T16:05:06Z,2026-09-29,FLA @ CAR,9de33ce1013f2a3375dbded2c9fbc7d6,game_ml3,draw,,,fanduel,300,,oddsapi
2026-09-29T16:05:06Z,2026-09-29,FLA @ CAR,9de33ce1013f2a3375dbded2c9fbc7d6,p1_ml3,CAR,,,fanduel,175,,oddsapi
2026-09-29T16:05:06Z,2026-09-29,FLA @ CAR,9de33ce1013f2a3375dbded2c9fbc7d6,p1_ml3,FLA,,,fanduel,195,,oddsapi
2026-09-29T16:05:06Z,2026-09-29,FLA @ CAR,9de33ce1013f2a3375dbded2c9fbc7d6,p1_ml3,draw,,,fanduel,180,,oddsapi
2026-09-29T16:05:06Z,2026-09-29,FLA @ CAR,9de33ce1013f2a3375dbded2c9fbc7d6,p2_ml3,CAR,,,fanduel,155,,oddsapi
2026-09-29T16:05:06Z,2026-09-29,FLA @ CAR,9de33ce1013f2a3375dbded2c9fbc7d6,p2_ml3,FLA,,,fanduel,185,,oddsapi
2026-09-29T16:05:06Z,2026-09-29,FLA @ CAR,9de33ce1013f2a3375dbded2c9fbc7d6,p2_ml3,draw,,,fanduel,210,,oddsapi
2026-09-29T16:05:06Z,2026-09-29,FLA @ CAR,9de33ce1013f2a3375dbded2c9fbc7d6,p3_ml3,CAR,,,fanduel,140,,oddsapi
2026-09-29T16:05:06Z,2026-09-29,FLA @ CAR,9de33ce1013f2a3375dbded2c9fbc7d6,p3_ml3,FLA,,,fanduel,170,,oddsapi
2026-09-29T16:05:06Z,2026-09-29,FLA @ CAR,9de33ce1013f2a3375dbded2c9fbc7d6,p3_ml3,draw,,,fanduel,260,,oddsapi
2026-09-29T16:05:06Z,2026-09-29,FLA @ CAR,9de33ce1013f2a3375dbded2c9fbc7d6,p1_ml,CAR,,,fanduel,-122,-104,oddsapi
2026-09-29T16:05:06Z,2026-09-29,FLA @ CAR,9de33ce1013f2a3375dbded2c9fbc7d6,p1_ml,FLA,,,fanduel,-104,-122,oddsapi
2026-09-29T16:05:06Z,2026-09-29,FLA @ CAR,9de33ce1013f2a3375dbded2c9fbc7d6,p2_ml,CAR,,,fanduel,-126,-102,oddsapi
2026-09-29T16:05:06Z,2026-09-29,FLA @ CAR,9de33ce1013f2a3375dbded2c9fbc7d6,p2_ml,FLA,,,fanduel,-102,-126,oddsapi
2026-09-29T16:05:06Z,2026-09-29,FLA @ CAR,9de33ce1013f2a3375dbded2c9fbc7d6,p3_ml,CAR,,,fanduel,-126,-102,oddsapi
2026-09-29T16:05:06Z,2026-09-29,FLA @ CAR,9de33ce1013f2a3375dbded2c9fbc7d6,p3_ml,FLA,,,fanduel,-102,-126,oddsapi
2026-09-29T16:05:06Z,2026-09-29,FLA @ CAR,9de33ce1013f2a3375dbded2c9fbc7d6,ags,yes,Brady Tkachuk,,fanduel,180,,oddsapi
2026-09-29T16:05:06Z,2026-09-29,FLA @ CAR,9de33ce1013f2a3375dbded2c9fbc7d6,ags,yes,Andrei Svechnikov,,fanduel,190,,oddsapi
2026-09-29T16:05:06Z,2026-09-29,FLA @ CAR,9de33ce1013f2a3375dbded2c9fbc7d6,ags,yes,Sam Reinhart,,fanduel,200,,oddsapi
2026-09-29T16:05:06Z,2026-09-29,FLA @ CAR,9de33ce1013f2a3375dbded2c9fbc7d6,ags,yes,Matthew Tkachuk,,fanduel,200,,oddsapi
2026-09-29T16:05:06Z,2026-09-29,FLA @ CAR,9de33ce1013f2a3375dbded2c9fbc7d6,ags,yes,Sebastian Aho,,fanduel,210,,oddsapi
2026-09-29T16:05:06Z,2026-09-29,FLA @ CAR,9de33ce1013f2a3375dbded2c9fbc7d6,ags,yes,Logan Stankoven,,fanduel,230,,oddsapi
2026-09-29T16:05:06Z,2026-09-29,FLA @ CAR,9de33ce1013f2a3375dbded2c9fbc7d6,ags,yes,Jackson Blake,,fanduel,235,,oddsapi
2026-09-29T16:05:06Z,2026-09-29,FLA @ CAR,9de33ce1013f2a3375dbded2c9fbc7d6,ags,yes,Sam Bennett,,fanduel,250,,oddsapi
2026-09-29T16:05:06Z,2026-09-29,FLA @ CAR,9de33ce1013f2a3375dbded2c9fbc7d6,ags,yes,Nikolaj Ehlers,,fanduel,250,,oddsapi
2026-09-29T16:05:06Z,2026-09-29,FLA @ CAR,9de33ce1013f2a3375dbded2c9fbc7d6,ags,yes,Aleksander Barkov,,fanduel,275,,oddsapi
2026-09-29T16:05:06Z,2026-09-29,FLA @ CAR,9de33ce1013f2a3375dbded2c9fbc7d6,ags,yes,Taylor Hall,,fanduel,270,,oddsapi
2026-09-29T16:05:06Z,2026-09-29,FLA @ CAR,9de33ce1013f2a3375dbded2c9fbc7d6,ags,yes,Carter Verhaeghe,,fanduel,290,,oddsapi
2026-09-29T16:05:06Z,2026-09-29,FLA @ CAR,9de33ce1013f2a3375dbded2c9fbc7d6,ags,yes,Jordan Staal,,fanduel,290,,oddsapi
2026-09-29T16:05:06Z,2026-09-29,FLA @ CAR,9de33ce1013f2a3375dbded2c9fbc7d6,ags,yes,Anton Lundell,,fanduel,380,,oddsapi
2026-09-29T16:05:06Z,2026-09-29,FLA @ CAR,9de33ce1013f2a3375dbded2c9fbc7d6,ags,yes,Eric Robinson,,fanduel,420,,oddsapi
2026-09-29T16:05:06Z,2026-09-29,FLA @ CAR,9de33ce1013f2a3375dbded2c9fbc7d6,ags,yes,Jordan Martinook,,fanduel,440,,oddsapi
2026-09-29T16:05:06Z,2026-09-29,FLA @ CAR,9de33ce1013f2a3375dbded2c9fbc7d6,ags,yes,Eetu Luostarinen,,fanduel,460,,oddsapi
2026-09-29T16:05:06Z,2026-09-29,FLA @ CAR,9de33ce1013f2a3375dbded2c9fbc7d6,ags,yes,Shayne Gostisbehere,,fanduel,600,,oddsapi
2026-09-29T16:05:06Z,2026-09-29,FLA @ CAR,9de33ce1013f2a3375dbded2c9fbc7d6,ags,yes,Mark Jankowski,,fanduel,700,,oddsapi
2026-09-29T16:05:06Z,2026-09-29,FLA @ CAR,9de33ce1013f2a3375dbded2c9fbc7d6,ags,yes,Seth Jones,,fanduel,700,,oddsapi
2026-09-29T16:05:06Z,2026-09-29,FLA @ CAR,9de33ce1013f2a3375dbded2c9fbc7d6,ags,yes,K'Andre Miller,,fanduel,800,,oddsapi
2026-09-29T16:05:06Z,2026-09-29,FLA @ CAR,9de33ce1013f2a3375dbded2c9fbc7d6,ags,yes,Sean Walker,,fanduel,850,,oddsapi
2026-09-29T16:05:06Z,2026-09-29,FLA @ CAR,9de33ce1013f2a3375dbded2c9fbc7d6,ags,yes,Aaron Ekblad,,fanduel,850,,oddsapi
2026-09-29T16:05:06Z,2026-09-29,FLA @ CAR,9de33ce1013f2a3375dbded2c9fbc7d6,ags,yes,Sandis Vilmanis,,fanduel,900,,oddsapi
2026-09-29T16:05:06Z,2026-09-29,FLA @ CAR,9de33ce1013f2a3375dbded2c9fbc7d6,ags,yes,Gustav Forsling,,fanduel,1000,,oddsapi
2026-09-29T16:05:06Z,2026-09-29,FLA @ CAR,9de33ce1013f2a3375dbded2c9fbc7d6,ags,yes,Lars Eller,,fanduel,1000,,oddsapi
2026-09-29T16:05:06Z,2026-09-29,FLA @ CAR,9de33ce1013f2a3375dbded2c9fbc7d6,ags,yes,William Carrier,,fanduel,1100,,oddsapi
2026-09-29T16:05:06Z,2026-09-29,FLA @ CAR,9de33ce1013f2a3375dbded2c9fbc7d6,ags,yes,Jalen Chatfield,,fanduel,1200,,oddsapi
2026-09-29T16:05:06Z,2026-09-29,FLA @ CAR,9de33ce1013f2a3375dbded2c9fbc7d6,ags,yes,Bokondji Imama,,fanduel,1200,,oddsapi
2026-09-29T16:05:06Z,2026-09-29,FLA @ CAR,9de33ce1013f2a3375dbded2c9fbc7d6,ags,yes,Niko Mikkola,,fanduel,1300,,oddsapi
2026-09-29T16:05:06Z,2026-09-29,FLA @ CAR,9de33ce1013f2a3375dbded2c9fbc7d6,ags,yes,Jaccob Slavin,,fanduel,1400,,oddsapi
2026-09-29T16:05:06Z,2026-09-29,FLA @ CAR,9de33ce1013f2a3375dbded2c9fbc7d6,ags,yes,Dmitry Kulikov,,fanduel,2000,,oddsapi
2026-09-29T16:05:06Z,2026-09-29,FLA @ CAR,9de33ce1013f2a3375dbded2c9fbc7d6,ags,yes,Radko Gudas,,fanduel,2100,,oddsapi
2026-09-29T16:05:06Z,2026-09-29,FLA @ CAR,9de33ce1013f2a3375dbded2c9fbc7d6,fgs,yes,Andrei Svechnikov,,fanduel,1200,,oddsapi
2026-09-29T16:05:06Z,2026-09-29,FLA @ CAR,9de33ce1013f2a3375dbded2c9fbc7d6,fgs,yes,Brady Tkachuk,,fanduel,1200,,oddsapi
2026-09-29T16:05:06Z,2026-09-29,FLA @ CAR,9de33ce1013f2a3375dbded2c9fbc7d6,fgs,yes,Matthew Tkachuk,,fanduel,1300,,oddsapi
2026-09-29T16:05:06Z,2026-09-29,FLA @ CAR,9de33ce1013f2a3375dbded2c9fbc7d6,fgs,yes,Sam Reinhart,,fanduel,1300,,oddsapi
2026-09-29T16:05:06Z,2026-09-29,FLA @ CAR,9de33ce1013f2a3375dbded2c9fbc7d6,fgs,yes,Sebastian Aho,,fanduel,1400,,oddsapi
2026-09-29T16:05:06Z,2026-09-29,FLA @ CAR,9de33ce1013f2a3375dbded2c9fbc7d6,fgs,yes,Jackson Blake,,fanduel,1500,,oddsapi
2026-09-29T16:05:06Z,2026-09-29,FLA @ CAR,9de33ce1013f2a3375dbded2c9fbc7d6,fgs,yes,Logan Stankoven,,fanduel,1500,,oddsapi
2026-09-29T16:05:06Z,2026-09-29,FLA @ CAR,9de33ce1013f2a3375dbded2c9fbc7d6,fgs,yes,Nikolaj Ehlers,,fanduel,1600,,oddsapi
2026-09-29T16:05:06Z,2026-09-29,FLA @ CAR,9de33ce1013f2a3375dbded2c9fbc7d6,fgs,yes,Taylor Hall,,fanduel,1700,,oddsapi
2026-09-29T16:05:06Z,2026-09-29,FLA @ CAR,9de33ce1013f2a3375dbded2c9fbc7d6,fgs,yes,Sam Bennett,,fanduel,1700,,oddsapi
2026-09-29T16:05:06Z,2026-09-29,FLA @ CAR,9de33ce1013f2a3375dbded2c9fbc7d6,fgs,yes,Aleksander Barkov,,fanduel,1800,,oddsapi
2026-09-29T16:05:06Z,2026-09-29,FLA @ CAR,9de33ce1013f2a3375dbded2c9fbc7d6,fgs,yes,Carter Verhaeghe,,fanduel,1900,,oddsapi
2026-09-29T16:05:06Z,2026-09-29,FLA @ CAR,9de33ce1013f2a3375dbded2c9fbc7d6,fgs,yes,Jordan Staal,,fanduel,1900,,oddsapi
2026-09-29T16:05:06Z,2026-09-29,FLA @ CAR,9de33ce1013f2a3375dbded2c9fbc7d6,fgs,yes,Anton Lundell,,fanduel,2500,,oddsapi
2026-09-29T16:05:06Z,2026-09-29,FLA @ CAR,9de33ce1013f2a3375dbded2c9fbc7d6,fgs,yes,Eric Robinson,,fanduel,2500,,oddsapi
2026-09-29T16:05:06Z,2026-09-29,FLA @ CAR,9de33ce1013f2a3375dbded2c9fbc7d6,fgs,yes,Jordan Martinook,,fanduel,2500,,oddsapi
2026-09-29T16:05:06Z,2026-09-29,FLA @ CAR,9de33ce1013f2a3375dbded2c9fbc7d6,fgs,yes,Eetu Luostarinen,,fanduel,2700,,oddsapi
2026-09-29T16:05:06Z,2026-09-29,FLA @ CAR,9de33ce1013f2a3375dbded2c9fbc7d6,fgs,yes,Shayne Gostisbehere,,fanduel,3300,,oddsapi
2026-09-29T16:05:06Z,2026-09-29,FLA @ CAR,9de33ce1013f2a3375dbded2c9fbc7d6,fgs,yes,Mark Jankowski,,fanduel,3500,,oddsapi
2026-09-29T16:05:06Z,2026-09-29,FLA @ CAR,9de33ce1013f2a3375dbded2c9fbc7d6,fgs,yes,Seth Jones,,fanduel,4000,,oddsapi
2026-09-29T16:05:06Z,2026-09-29,FLA @ CAR,9de33ce1013f2a3375dbded2c9fbc7d6,fgs,yes,K'Andre Miller,,fanduel,4000,,oddsapi
2026-09-29T16:05:06Z,2026-09-29,FLA @ CAR,9de33ce1013f2a3375dbded2c9fbc7d6,fgs,yes,Lars Eller,,fanduel,4500,,oddsapi
2026-09-29T16:05:06Z,2026-09-29,FLA @ CAR,9de33ce1013f2a3375dbded2c9fbc7d6,fgs,yes,William Carrier,,fanduel,4500,,oddsapi
2026-09-29T16:05:06Z,2026-09-29,FLA @ CAR,9de33ce1013f2a3375dbded2c9fbc7d6,fgs,yes,Aaron Ekblad,,fanduel,4500,,oddsapi
2026-09-29T16:05:06Z,2026-09-29,FLA @ CAR,9de33ce1013f2a3375dbded2c9fbc7d6,fgs,yes,Gustav Forsling,,fanduel,5000,,oddsapi
2026-09-29T16:05:06Z,2026-09-29,FLA @ CAR,9de33ce1013f2a3375dbded2c9fbc7d6,fgs,yes,Sean Walker,,fanduel,5000,,oddsapi
2026-09-29T16:05:06Z,2026-09-29,FLA @ CAR,9de33ce1013f2a3375dbded2c9fbc7d6,fgs,yes,Sandis Vilmanis,,fanduel,5000,,oddsapi
2026-09-29T16:05:06Z,2026-09-29,FLA @ CAR,9de33ce1013f2a3375dbded2c9fbc7d6,fgs,yes,Bokondji Imama,,fanduel,5500,,oddsapi
2026-09-29T16:05:06Z,2026-09-29,FLA @ CAR,9de33ce1013f2a3375dbded2c9fbc7d6,fgs,yes,Jalen Chatfield,,fanduel,6000,,oddsapi
2026-09-29T16:05:06Z,2026-09-29,FLA @ CAR,9de33ce1013f2a3375dbded2c9fbc7d6,fgs,yes,Jaccob Slavin,,fanduel,7000,,oddsapi
2026-09-29T16:05:06Z,2026-09-29,FLA @ CAR,9de33ce1013f2a3375dbded2c9fbc7d6,fgs,yes,Niko Mikkola,,fanduel,8000,,oddsapi
2026-09-29T16:05:06Z,2026-09-29,FLA @ CAR,9de33ce1013f2a3375dbded2c9fbc7d6,fgs,yes,Radko Gudas,,fanduel,10000,,oddsapi
2026-09-29T16:05:06Z,2026-09-29,FLA @ CAR,9de33ce1013f2a3375dbded2c9fbc7d6,fgs,yes,Dmitry Kulikov,,fanduel,10000,,oddsapi
2026-09-29T16:05:06Z,2026-09-29,FLA @ CAR,9de33ce1013f2a3375dbded2c9fbc7d6,sk_g,over,Nikolaj Ehlers,0.5,fanduel,250,-360,oddsapi
2026-09-29T16:05:06Z,2026-09-29,FLA @ CAR,9de33ce1013f2a3375dbded2c9fbc7d6,sk_g,under,Nikolaj Ehlers,0.5,fanduel,-360,250,oddsapi
2026-09-29T16:05:06Z,2026-09-29,FLA @ CAR,9de33ce1013f2a3375dbded2c9fbc7d6,sk_g,over,Logan Stankoven,0.5,fanduel,230,-320,oddsapi
2026-09-29T16:05:06Z,2026-09-29,FLA @ CAR,9de33ce1013f2a3375dbded2c9fbc7d6,sk_g,under,Logan Stankoven,0.5,fanduel,-320,230,oddsapi
2026-09-29T16:05:06Z,2026-09-29,FLA @ CAR,9de33ce1013f2a3375dbded2c9fbc7d6,sk_g,over,Andrei Svechnikov,0.5,fanduel,190,-260,oddsapi
2026-09-29T16:05:06Z,2026-09-29,FLA @ CAR,9de33ce1013f2a3375dbded2c9fbc7d6,sk_g,under,Andrei Svechnikov,0.5,fanduel,-260,190,oddsapi
2026-09-29T16:05:06Z,2026-09-29,FLA @ CAR,9de33ce1013f2a3375dbded2c9fbc7d6,sk_g,over,Sebastian Aho,0.5,fanduel,210,-290,oddsapi
2026-09-29T16:05:06Z,2026-09-29,FLA @ CAR,9de33ce1013f2a3375dbded2c9fbc7d6,sk_g,under,Sebastian Aho,0.5,fanduel,-290,210,oddsapi
2026-09-29T16:05:06Z,2026-09-29,FLA @ CAR,9de33ce1013f2a3375dbded2c9fbc7d6,sk_g,over,Matthew Tkachuk,0.5,fanduel,200,-280,oddsapi
2026-09-29T16:05:06Z,2026-09-29,FLA @ CAR,9de33ce1013f2a3375dbded2c9fbc7d6,sk_g,under,Matthew Tkachuk,0.5,fanduel,-280,200,oddsapi
2026-09-29T16:05:06Z,2026-09-29,FLA @ CAR,9de33ce1013f2a3375dbded2c9fbc7d6,sk_g,over,Sam Bennett,0.5,fanduel,250,-360,oddsapi
2026-09-29T16:05:06Z,2026-09-29,FLA @ CAR,9de33ce1013f2a3375dbded2c9fbc7d6,sk_g,under,Sam Bennett,0.5,fanduel,-360,250,oddsapi
2026-09-29T16:05:06Z,2026-09-29,FLA @ CAR,9de33ce1013f2a3375dbded2c9fbc7d6,sk_g,over,Sam Reinhart,0.5,fanduel,200,-270,oddsapi
2026-09-29T16:05:06Z,2026-09-29,FLA @ CAR,9de33ce1013f2a3375dbded2c9fbc7d6,sk_g,under,Sam Reinhart,0.5,fanduel,-270,200,oddsapi
2026-09-29T16:05:06Z,2026-09-29,FLA @ CAR,9de33ce1013f2a3375dbded2c9fbc7d6,sk_g,over,Jackson Blake,0.5,fanduel,235,-340,oddsapi
2026-09-29T16:05:06Z,2026-09-29,FLA @ CAR,9de33ce1013f2a3375dbded2c9fbc7d6,sk_g,under,Jackson Blake,0.5,fanduel,-340,235,oddsapi
2026-09-29T16:05:06Z,2026-09-29,FLA @ CAR,9de33ce1013f2a3375dbded2c9fbc7d6,sk_g,over,Brady Tkachuk,0.5,fanduel,180,-250,oddsapi
2026-09-29T16:05:06Z,2026-09-29,FLA @ CAR,9de33ce1013f2a3375dbded2c9fbc7d6,sk_g,under,Brady Tkachuk,0.5,fanduel,-250,180,oddsapi
2026-09-29T16:05:06Z,2026-09-29,FLA @ CAR,9de33ce1013f2a3375dbded2c9fbc7d6,sk_sog,over,Matthew Tkachuk,2.5,fanduel,114,-148,oddsapi
2026-09-29T16:05:06Z,2026-09-29,FLA @ CAR,9de33ce1013f2a3375dbded2c9fbc7d6,sk_sog,under,Matthew Tkachuk,2.5,fanduel,-148,114,oddsapi
2026-09-29T16:05:06Z,2026-09-29,FLA @ CAR,9de33ce1013f2a3375dbded2c9fbc7d6,sk_sog,over,Sam Bennett,2.5,fanduel,122,-160,oddsapi
2026-09-29T16:05:06Z,2026-09-29,FLA @ CAR,9de33ce1013f2a3375dbded2c9fbc7d6,sk_sog,under,Sam Bennett,2.5,fanduel,-160,122,oddsapi
2026-09-29T16:05:06Z,2026-09-29,FLA @ CAR,9de33ce1013f2a3375dbded2c9fbc7d6,sk_sog,over,Brady Tkachuk,2.5,fanduel,-154,118,oddsapi
2026-09-29T16:05:06Z,2026-09-29,FLA @ CAR,9de33ce1013f2a3375dbded2c9fbc7d6,sk_sog,under,Brady Tkachuk,2.5,fanduel,118,-154,oddsapi
2026-09-29T16:05:06Z,2026-09-29,FLA @ CAR,9de33ce1013f2a3375dbded2c9fbc7d6,sk_sog,over,Jackson Blake,2.5,fanduel,132,-164,oddsapi
2026-09-29T16:05:06Z,2026-09-29,FLA @ CAR,9de33ce1013f2a3375dbded2c9fbc7d6,sk_sog,under,Jackson Blake,2.5,fanduel,-174,125,oddsapi
2026-09-29T16:05:06Z,2026-09-29,FLA @ CAR,9de33ce1013f2a3375dbded2c9fbc7d6,sk_sog,over,Taylor Hall,1.5,fanduel,-138,106,oddsapi
2026-09-29T16:05:06Z,2026-09-29,FLA @ CAR,9de33ce1013f2a3375dbded2c9fbc7d6,sk_sog,under,Taylor Hall,1.5,fanduel,106,-138,oddsapi
2026-09-29T16:05:06Z,2026-09-29,FLA @ CAR,9de33ce1013f2a3375dbded2c9fbc7d6,sk_sog,over,Seth Jones,1.5,fanduel,-114,-114,oddsapi
2026-09-29T16:05:06Z,2026-09-29,FLA @ CAR,9de33ce1013f2a3375dbded2c9fbc7d6,sk_sog,under,Seth Jones,1.5,fanduel,-114,-114,oddsapi
2026-09-29T16:05:06Z,2026-09-29,FLA @ CAR,9de33ce1013f2a3375dbded2c9fbc7d6,sk_sog,over,Anton Lundell,1.5,fanduel,112,-146,oddsapi
2026-09-29T16:05:06Z,2026-09-29,FLA @ CAR,9de33ce1013f2a3375dbded2c9fbc7d6,sk_sog,under,Anton Lundell,1.5,fanduel,-146,112,oddsapi
2026-09-29T16:05:06Z,2026-09-29,FLA @ CAR,9de33ce1013f2a3375dbded2c9fbc7d6,sk_sog,over,Logan Stankoven,1.5,fanduel,-178,136,oddsapi
2026-09-29T16:05:06Z,2026-09-29,FLA @ CAR,9de33ce1013f2a3375dbded2c9fbc7d6,sk_sog,under,Logan Stankoven,1.5,fanduel,136,-178,oddsapi
2026-09-29T16:05:06Z,2026-09-29,FLA @ CAR,9de33ce1013f2a3375dbded2c9fbc7d6,sk_sog,over,Sam Reinhart,2.5,fanduel,118,-154,oddsapi
2026-09-29T16:05:06Z,2026-09-29,FLA @ CAR,9de33ce1013f2a3375dbded2c9fbc7d6,sk_sog,under,Sam Reinhart,2.5,fanduel,-154,118,oddsapi
2026-09-29T16:05:06Z,2026-09-29,FLA @ CAR,9de33ce1013f2a3375dbded2c9fbc7d6,sk_sog,over,Carter Verhaeghe,1.5,fanduel,-174,132,oddsapi
2026-09-29T16:05:06Z,2026-09-29,FLA @ CAR,9de33ce1013f2a3375dbded2c9fbc7d6,sk_sog,under,Carter Verhaeghe,1.5,fanduel,132,-174,oddsapi
2026-09-29T16:05:06Z,2026-09-29,FLA @ CAR,9de33ce1013f2a3375dbded2c9fbc7d6,sk_sog,over,Andrei Svechnikov,2.5,fanduel,116,-152,oddsapi
2026-09-29T16:05:06Z,2026-09-29,FLA @ CAR,9de33ce1013f2a3375dbded2c9fbc7d6,sk_sog,under,Andrei Svechnikov,2.5,fanduel,-152,116,oddsapi
2026-09-29T16:05:06Z,2026-09-29,FLA @ CAR,9de33ce1013f2a3375dbded2c9fbc7d6,sk_sog,over,Shayne Gostisbehere,1.5,fanduel,-140,108,oddsapi
2026-09-29T16:05:06Z,2026-09-29,FLA @ CAR,9de33ce1013f2a3375dbded2c9fbc7d6,sk_sog,under,Shayne Gostisbehere,1.5,fanduel,108,-140,oddsapi
2026-09-29T16:05:06Z,2026-09-29,FLA @ CAR,9de33ce1013f2a3375dbded2c9fbc7d6,sk_sog,over,Aleksander Barkov,1.5,fanduel,-140,108,oddsapi
2026-09-29T16:05:06Z,2026-09-29,FLA @ CAR,9de33ce1013f2a3375dbded2c9fbc7d6,sk_sog,under,Aleksander Barkov,1.5,fanduel,108,-140,oddsapi
2026-09-29T16:05:06Z,2026-09-29,FLA @ CAR,9de33ce1013f2a3375dbded2c9fbc7d6,sk_sog,over,Jackson Blake,2.5,fanduel,125,-164,oddsapi
2026-09-29T16:05:06Z,2026-09-29,FLA @ CAR,9de33ce1013f2a3375dbded2c9fbc7d6,sk_sog,under,Jackson Blake,2.5,fanduel,-164,125,oddsapi
2026-09-29T16:05:06Z,2026-09-29,FLA @ CAR,9de33ce1013f2a3375dbded2c9fbc7d6,sk_sog,over,Sebastian Aho,2.5,fanduel,114,-148,oddsapi
2026-09-29T16:05:06Z,2026-09-29,FLA @ CAR,9de33ce1013f2a3375dbded2c9fbc7d6,sk_sog,under,Sebastian Aho,2.5,fanduel,-148,114,oddsapi
2026-09-29T16:05:06Z,2026-09-29,FLA @ CAR,9de33ce1013f2a3375dbded2c9fbc7d6,sk_sog,over,Nikolaj Ehlers,2.5,fanduel,130,-170,oddsapi
2026-09-29T16:05:06Z,2026-09-29,FLA @ CAR,9de33ce1013f2a3375dbded2c9fbc7d6,sk_sog,under,Nikolaj Ehlers,2.5,fanduel,-170,130,oddsapi
2026-09-29T16:05:06Z,2026-09-29,FLA @ CAR,9de33ce1013f2a3375dbded2c9fbc7d6,p1_pl,CAR,,-0.5,fanduel,172,-220,oddsapi
2026-09-29T16:05:06Z,2026-09-29,FLA @ CAR,9de33ce1013f2a3375dbded2c9fbc7d6,p1_pl,FLA,,0.5,fanduel,-220,172,oddsapi
2026-09-29T16:05:06Z,2026-09-29,FLA @ CAR,9de33ce1013f2a3375dbded2c9fbc7d6,p2_pl,CAR,,-0.5,fanduel,154,-200,oddsapi
2026-09-29T16:05:06Z,2026-09-29,FLA @ CAR,9de33ce1013f2a3375dbded2c9fbc7d6,p2_pl,FLA,,0.5,fanduel,-200,154,oddsapi
2026-09-29T16:05:06Z,2026-09-29,FLA @ CAR,9de33ce1013f2a3375dbded2c9fbc7d6,p3_pl,CAR,,-0.5,fanduel,140,-180,oddsapi
2026-09-29T16:05:06Z,2026-09-29,FLA @ CAR,9de33ce1013f2a3375dbded2c9fbc7d6,p3_pl,FLA,,0.5,fanduel,-180,140,oddsapi
2026-09-29T16:05:06Z,2026-09-29,FLA @ CAR,9de33ce1013f2a3375dbded2c9fbc7d6,team_total,over,CAR,2.5,fanduel,-210,,oddsapi
2026-09-29T16:05:06Z,2026-09-29,FLA @ CAR,9de33ce1013f2a3375dbded2c9fbc7d6,team_total,under,CAR,3.5,fanduel,-146,,oddsapi
2026-09-29T16:05:06Z,2026-09-29,FLA @ CAR,9de33ce1013f2a3375dbded2c9fbc7d6,team_total,over,FLA,2.5,fanduel,-166,,oddsapi
2026-09-29T16:05:06Z,2026-09-29,FLA @ CAR,9de33ce1013f2a3375dbded2c9fbc7d6,team_total,under,FLA,3.5,fanduel,-182,,oddsapi
2026-09-29T16:05:06Z,2026-09-29,FLA @ CAR,9de33ce1013f2a3375dbded2c9fbc7d6,p1_team_total,over,CAR,0.5,fanduel,-180,140,oddsapi
2026-09-29T16:05:06Z,2026-09-29,FLA @ CAR,9de33ce1013f2a3375dbded2c9fbc7d6,p1_team_total,under,CAR,0.5,fanduel,140,-180,oddsapi
2026-09-29T16:05:06Z,2026-09-29,FLA @ CAR,9de33ce1013f2a3375dbded2c9fbc7d6,p1_team_total,over,FLA,0.5,fanduel,-160,128,oddsapi
2026-09-29T16:05:06Z,2026-09-29,FLA @ CAR,9de33ce1013f2a3375dbded2c9fbc7d6,p1_team_total,under,FLA,0.5,fanduel,128,-160,oddsapi
2026-09-29T16:05:06Z,2026-09-29,FLA @ CAR,9de33ce1013f2a3375dbded2c9fbc7d6,p1_total,over,,1.5,fanduel,-136,108,oddsapi
2026-09-29T16:05:06Z,2026-09-29,FLA @ CAR,9de33ce1013f2a3375dbded2c9fbc7d6,p1_total,under,,1.5,fanduel,108,-136,oddsapi
2026-09-29T16:05:06Z,2026-09-29,FLA @ CAR,9de33ce1013f2a3375dbded2c9fbc7d6,p2_total,over,,1.5,fanduel,-190,148,oddsapi
2026-09-29T16:05:06Z,2026-09-29,FLA @ CAR,9de33ce1013f2a3375dbded2c9fbc7d6,p2_total,under,,1.5,fanduel,148,-190,oddsapi
2026-09-29T16:05:06Z,2026-09-29,FLA @ CAR,9de33ce1013f2a3375dbded2c9fbc7d6,p3_total,over,,2.5,fanduel,142,-182,oddsapi
2026-09-29T16:05:06Z,2026-09-29,FLA @ CAR,9de33ce1013f2a3375dbded2c9fbc7d6,p3_total,under,,2.5,fanduel,-182,142,oddsapi
2026-09-29T16:05:06Z,2026-09-29,FLA @ CAR,9de33ce1013f2a3375dbded2c9fbc7d6,p1_ml,CAR,,,betonlineag,-125,105,oddsapi
2026-09-29T16:05:06Z,2026-09-29,FLA @ CAR,9de33ce1013f2a3375dbded2c9fbc7d6,p1_ml,FLA,,,betonlineag,105,-125,oddsapi
2026-09-29T16:05:06Z,2026-09-29,FLA @ CAR,9de33ce1013f2a3375dbded2c9fbc7d6,sk_pts,over,Carter Verhaeghe,0.5,betonlineag,126,-164,oddsapi
2026-09-29T16:05:06Z,2026-09-29,FLA @ CAR,9de33ce1013f2a3375dbded2c9fbc7d6,sk_pts,under,Carter Verhaeghe,0.5,betonlineag,-164,126,oddsapi
2026-09-29T16:05:06Z,2026-09-29,FLA @ CAR,9de33ce1013f2a3375dbded2c9fbc7d6,sk_pts,over,Aaron Ekblad,0.5,betonlineag,182,-244,oddsapi
2026-09-29T16:05:06Z,2026-09-29,FLA @ CAR,9de33ce1013f2a3375dbded2c9fbc7d6,sk_pts,under,Aaron Ekblad,0.5,betonlineag,-244,182,oddsapi
2026-09-29T16:05:06Z,2026-09-29,FLA @ CAR,9de33ce1013f2a3375dbded2c9fbc7d6,sk_pts,over,Jordan Martinook,0.5,betonlineag,182,-244,oddsapi
2026-09-29T16:05:06Z,2026-09-29,FLA @ CAR,9de33ce1013f2a3375dbded2c9fbc7d6,sk_pts,under,Jordan Martinook,0.5,betonlineag,-244,182,oddsapi
2026-09-29T16:05:06Z,2026-09-29,FLA @ CAR,9de33ce1013f2a3375dbded2c9fbc7d6,sk_pts,over,Matthew Tkachuk,0.5,betonlineag,-164,125,oddsapi
2026-09-29T16:05:06Z,2026-09-29,FLA @ CAR,9de33ce1013f2a3375dbded2c9fbc7d6,sk_pts,under,Matthew Tkachuk,0.5,betonlineag,125,-164,oddsapi
2026-09-29T16:05:06Z,2026-09-29,FLA @ CAR,9de33ce1013f2a3375dbded2c9fbc7d6,sk_pts,over,Sam Bennett,0.5,betonlineag,112,-145,oddsapi
2026-09-29T16:05:06Z,2026-09-29,FLA @ CAR,9de33ce1013f2a3375dbded2c9fbc7d6,sk_pts,under,Sam Bennett,0.5,betonlineag,-145,112,oddsapi
2026-09-29T16:05:06Z,2026-09-29,FLA @ CAR,9de33ce1013f2a3375dbded2c9fbc7d6,sk_pts,over,Logan Stankoven,0.5,betonlineag,104,-135,oddsapi
2026-09-29T16:05:06Z,2026-09-29,FLA @ CAR,9de33ce1013f2a3375dbded2c9fbc7d6,sk_pts,under,Logan Stankoven,0.5,betonlineag,-135,104,oddsapi
2026-09-29T16:05:06Z,2026-09-29,FLA @ CAR,9de33ce1013f2a3375dbded2c9fbc7d6,sk_pts,over,Eric Robinson,0.5,betonlineag,174,-233,oddsapi
2026-09-29T16:05:06Z,2026-09-29,FLA @ CAR,9de33ce1013f2a3375dbded2c9fbc7d6,sk_pts,under,Eric Robinson,0.5,betonlineag,-233,174,oddsapi
2026-09-29T16:05:06Z,2026-09-29,FLA @ CAR,9de33ce1013f2a3375dbded2c9fbc7d6,sk_pts,over,Andrei Svechnikov,0.5,betonlineag,-123,-105,oddsapi
2026-09-29T16:05:06Z,2026-09-29,FLA @ CAR,9de33ce1013f2a3375dbded2c9fbc7d6,sk_pts,under,Andrei Svechnikov,0.5,betonlineag,-105,-123,oddsapi
2026-09-29T16:05:06Z,2026-09-29,FLA @ CAR,9de33ce1013f2a3375dbded2c9fbc7d6,sk_pts,over,K'Andre Miller,0.5,betonlineag,144,-189,oddsapi
2026-09-29T16:05:06Z,2026-09-29,FLA @ CAR,9de33ce1013f2a3375dbded2c9fbc7d6,sk_pts,under,K'Andre Miller,0.5,betonlineag,-189,144,oddsapi
2026-09-29T16:05:06Z,2026-09-29,FLA @ CAR,9de33ce1013f2a3375dbded2c9fbc7d6,sk_pts,over,Sebastian Aho,0.5,betonlineag,-156,120,oddsapi
2026-09-29T16:05:06Z,2026-09-29,FLA @ CAR,9de33ce1013f2a3375dbded2c9fbc7d6,sk_pts,under,Sebastian Aho,0.5,betonlineag,120,-156,oddsapi
2026-09-29T16:05:06Z,2026-09-29,FLA @ CAR,9de33ce1013f2a3375dbded2c9fbc7d6,sk_pts,over,Aleksander Barkov,0.5,betonlineag,-149,115,oddsapi
2026-09-29T16:05:06Z,2026-09-29,FLA @ CAR,9de33ce1013f2a3375dbded2c9fbc7d6,sk_pts,under,Aleksander Barkov,0.5,betonlineag,115,-149,oddsapi
2026-09-29T16:05:06Z,2026-09-29,FLA @ CAR,9de33ce1013f2a3375dbded2c9fbc7d6,sk_pts,over,Brady Tkachuk,0.5,betonlineag,-143,110,oddsapi
2026-09-29T16:05:06Z,2026-09-29,FLA @ CAR,9de33ce1013f2a3375dbded2c9fbc7d6,sk_pts,under,Brady Tkachuk,0.5,betonlineag,110,-143,oddsapi
2026-09-29T16:05:06Z,2026-09-29,FLA @ CAR,9de33ce1013f2a3375dbded2c9fbc7d6,sk_pts,over,Eetu Luostarinen,0.5,betonlineag,182,-244,oddsapi
2026-09-29T16:05:06Z,2026-09-29,FLA @ CAR,9de33ce1013f2a3375dbded2c9fbc7d6,sk_pts,under,Eetu Luostarinen,0.5,betonlineag,-244,182,oddsapi
2026-09-29T16:05:06Z,2026-09-29,FLA @ CAR,9de33ce1013f2a3375dbded2c9fbc7d6,sk_pts,over,Anton Lundell,0.5,betonlineag,144,-189,oddsapi
2026-09-29T16:05:06Z,2026-09-29,FLA @ CAR,9de33ce1013f2a3375dbded2c9fbc7d6,sk_pts,under,Anton Lundell,0.5,betonlineag,-189,144,oddsapi
2026-09-29T16:05:06Z,2026-09-29,FLA @ CAR,9de33ce1013f2a3375dbded2c9fbc7d6,sk_pts,over,Seth Jones,0.5,betonlineag,100,-130,oddsapi
2026-09-29T16:05:06Z,2026-09-29,FLA @ CAR,9de33ce1013f2a3375dbded2c9fbc7d6,sk_pts,under,Seth Jones,0.5,betonlineag,-130,100,oddsapi
2026-09-29T16:05:06Z,2026-09-29,FLA @ CAR,9de33ce1013f2a3375dbded2c9fbc7d6,sk_pts,over,Sam Reinhart,0.5,betonlineag,-156,120,oddsapi
2026-09-29T16:05:06Z,2026-09-29,FLA @ CAR,9de33ce1013f2a3375dbded2c9fbc7d6,sk_pts,under,Sam Reinhart,0.5,betonlineag,120,-156,oddsapi
2026-09-29T16:05:06Z,2026-09-29,FLA @ CAR,9de33ce1013f2a3375dbded2c9fbc7d6,sk_pts,over,Mark Jankowski,0.5,betonlineag,226,-312,oddsapi
2026-09-29T16:05:06Z,2026-09-29,FLA @ CAR,9de33ce1013f2a3375dbded2c9fbc7d6,sk_pts,under,Mark Jankowski,0.5,betonlineag,-312,226,oddsapi
2026-09-29T16:05:06Z,2026-09-29,FLA @ CAR,9de33ce1013f2a3375dbded2c9fbc7d6,sk_pts,over,Jalen Chatfield,0.5,betonlineag,239,-333,oddsapi
2026-09-29T16:05:06Z,2026-09-29,FLA @ CAR,9de33ce1013f2a3375dbded2c9fbc7d6,sk_pts,under,Jalen Chatfield,0.5,betonlineag,-333,239,oddsapi
2026-09-29T16:05:06Z,2026-09-29,FLA @ CAR,9de33ce1013f2a3375dbded2c9fbc7d6,sk_pts,over,Sean Walker,0.5,betonlineag,220,-303,oddsapi
2026-09-29T16:05:06Z,2026-09-29,FLA @ CAR,9de33ce1013f2a3375dbded2c9fbc7d6,sk_pts,under,Sean Walker,0.5,betonlineag,-303,220,oddsapi
2026-09-29T16:05:06Z,2026-09-29,FLA @ CAR,9de33ce1013f2a3375dbded2c9fbc7d6,sk_pts,over,Taylor Hall,0.5,betonlineag,109,-141,oddsapi
2026-09-29T16:05:06Z,2026-09-29,FLA @ CAR,9de33ce1013f2a3375dbded2c9fbc7d6,sk_pts,under,Taylor Hall,0.5,betonlineag,-141,109,oddsapi
2026-09-29T16:05:06Z,2026-09-29,FLA @ CAR,9de33ce1013f2a3375dbded2c9fbc7d6,sk_pts,over,Jackson Blake,0.5,betonlineag,-112,-115,oddsapi
2026-09-29T16:05:06Z,2026-09-29,FLA @ CAR,9de33ce1013f2a3375dbded2c9fbc7d6,sk_pts,under,Jackson Blake,0.5,betonlineag,-115,-112,oddsapi
2026-09-29T16:05:06Z,2026-09-29,FLA @ CAR,9de33ce1013f2a3375dbded2c9fbc7d6,sk_pts,over,Nikolaj Ehlers,0.5,betonlineag,-130,100,oddsapi
2026-09-29T16:05:06Z,2026-09-29,FLA @ CAR,9de33ce1013f2a3375dbded2c9fbc7d6,sk_pts,under,Nikolaj Ehlers,0.5,betonlineag,100,-130,oddsapi
2026-09-29T16:05:06Z,2026-09-29,FLA @ CAR,9de33ce1013f2a3375dbded2c9fbc7d6,sk_pts,over,Shayne Gostisbehere,0.5,betonlineag,104,-135,oddsapi
2026-09-29T16:05:06Z,2026-09-29,FLA @ CAR,9de33ce1013f2a3375dbded2c9fbc7d6,sk_pts,under,Shayne Gostisbehere,0.5,betonlineag,-135,104,oddsapi
2026-09-29T16:05:06Z,2026-09-29,FLA @ CAR,9de33ce1013f2a3375dbded2c9fbc7d6,sk_pts,over,Gustav Forsling,0.5,betonlineag,209,-286,oddsapi
2026-09-29T16:05:06Z,2026-09-29,FLA @ CAR,9de33ce1013f2a3375dbded2c9fbc7d6,sk_pts,under,Gustav Forsling,0.5,betonlineag,-286,209,oddsapi
2026-09-29T16:05:06Z,2026-09-29,FLA @ CAR,9de33ce1013f2a3375dbded2c9fbc7d6,sk_pts,over,Jordan Staal,0.5,betonlineag,122,-159,oddsapi
2026-09-29T16:05:06Z,2026-09-29,FLA @ CAR,9de33ce1013f2a3375dbded2c9fbc7d6,sk_pts,under,Jordan Staal,0.5,betonlineag,-159,122,oddsapi
2026-09-29T16:05:06Z,2026-09-29,FLA @ CAR,9de33ce1013f2a3375dbded2c9fbc7d6,sk_sog,over,Andrei Svechnikov,2.5,betonlineag,120,-156,oddsapi
2026-09-29T16:05:06Z,2026-09-29,FLA @ CAR,9de33ce1013f2a3375dbded2c9fbc7d6,sk_sog,under,Andrei Svechnikov,2.5,betonlineag,-156,120,oddsapi
2026-09-29T16:05:06Z,2026-09-29,FLA @ CAR,9de33ce1013f2a3375dbded2c9fbc7d6,sk_sog,over,Jackson Blake,2.5,betonlineag,130,-169,oddsapi
2026-09-29T16:05:06Z,2026-09-29,FLA @ CAR,9de33ce1013f2a3375dbded2c9fbc7d6,sk_sog,under,Jackson Blake,2.5,betonlineag,-169,130,oddsapi
2026-09-29T16:05:06Z,2026-09-29,FLA @ CAR,9de33ce1013f2a3375dbded2c9fbc7d6,sk_sog,over,Seth Jones,1.5,betonlineag,-114,-114,oddsapi
2026-09-29T16:05:06Z,2026-09-29,FLA @ CAR,9de33ce1013f2a3375dbded2c9fbc7d6,sk_sog,under,Seth Jones,1.5,betonlineag,-114,-114,oddsapi
2026-09-29T16:05:06Z,2026-09-29,FLA @ CAR,9de33ce1013f2a3375dbded2c9fbc7d6,sk_sog,over,Jordan Staal,1.5,betonlineag,-112,-115,oddsapi
2026-09-29T16:05:06Z,2026-09-29,FLA @ CAR,9de33ce1013f2a3375dbded2c9fbc7d6,sk_sog,under,Jordan Staal,1.5,betonlineag,-115,-112,oddsapi
2026-09-29T16:05:06Z,2026-09-29,FLA @ CAR,9de33ce1013f2a3375dbded2c9fbc7d6,sk_sog,over,Aleksander Barkov,1.5,betonlineag,-130,100,oddsapi
2026-09-29T16:05:06Z,2026-09-29,FLA @ CAR,9de33ce1013f2a3375dbded2c9fbc7d6,sk_sog,under,Aleksander Barkov,1.5,betonlineag,100,-130,oddsapi
2026-09-29T16:05:06Z,2026-09-29,FLA @ CAR,9de33ce1013f2a3375dbded2c9fbc7d6,sk_sog,over,Brady Tkachuk,2.5,betonlineag,-167,128,oddsapi
2026-09-29T16:05:06Z,2026-09-29,FLA @ CAR,9de33ce1013f2a3375dbded2c9fbc7d6,sk_sog,under,Brady Tkachuk,2.5,betonlineag,128,-167,oddsapi
2026-09-29T16:05:06Z,2026-09-29,FLA @ CAR,9de33ce1013f2a3375dbded2c9fbc7d6,sk_sog,over,Shayne Gostisbehere,1.5,betonlineag,-130,100,oddsapi
2026-09-29T16:05:06Z,2026-09-29,FLA @ CAR,9de33ce1013f2a3375dbded2c9fbc7d6,sk_sog,under,Shayne Gostisbehere,1.5,betonlineag,100,-130,oddsapi
2026-09-29T16:05:06Z,2026-09-29,FLA @ CAR,9de33ce1013f2a3375dbded2c9fbc7d6,sk_sog,over,Nikolaj Ehlers,2.5,betonlineag,132,-172,oddsapi
2026-09-29T16:05:06Z,2026-09-29,FLA @ CAR,9de33ce1013f2a3375dbded2c9fbc7d6,sk_sog,under,Nikolaj Ehlers,2.5,betonlineag,-172,132,oddsapi
2026-09-29T16:05:06Z,2026-09-29,FLA @ CAR,9de33ce1013f2a3375dbded2c9fbc7d6,sk_sog,over,Logan Stankoven,1.5,betonlineag,-164,125,oddsapi
2026-09-29T16:05:06Z,2026-09-29,FLA @ CAR,9de33ce1013f2a3375dbded2c9fbc7d6,sk_sog,under,Logan Stankoven,1.5,betonlineag,125,-164,oddsapi
2026-09-29T16:05:06Z,2026-09-29,FLA @ CAR,9de33ce1013f2a3375dbded2c9fbc7d6,sk_sog,over,Carter Verhaeghe,1.5,betonlineag,-161,123,oddsapi
2026-09-29T16:05:06Z,2026-09-29,FLA @ CAR,9de33ce1013f2a3375dbded2c9fbc7d6,sk_sog,under,Carter Verhaeghe,1.5,betonlineag,123,-161,oddsapi
2026-09-29T16:05:06Z,2026-09-29,FLA @ CAR,9de33ce1013f2a3375dbded2c9fbc7d6,sk_sog,over,Taylor Hall,1.5,betonlineag,-133,103,oddsapi
2026-09-29T16:05:06Z,2026-09-29,FLA @ CAR,9de33ce1013f2a3375dbded2c9fbc7d6,sk_sog,under,Taylor Hall,1.5,betonlineag,103,-133,oddsapi
2026-09-29T16:05:06Z,2026-09-29,FLA @ CAR,9de33ce1013f2a3375dbded2c9fbc7d6,sk_sog,over,Anton Lundell,1.5,betonlineag,118,-154,oddsapi
2026-09-29T16:05:06Z,2026-09-29,FLA @ CAR,9de33ce1013f2a3375dbded2c9fbc7d6,sk_sog,under,Anton Lundell,1.5,betonlineag,-154,118,oddsapi
2026-09-29T16:05:06Z,2026-09-29,FLA @ CAR,9de33ce1013f2a3375dbded2c9fbc7d6,sk_sog,over,Sam Reinhart,2.5,betonlineag,130,-169,oddsapi
2026-09-29T16:05:06Z,2026-09-29,FLA @ CAR,9de33ce1013f2a3375dbded2c9fbc7d6,sk_sog,under,Sam Reinhart,2.5,betonlineag,-169,130,oddsapi
2026-09-29T16:05:06Z,2026-09-29,FLA @ CAR,9de33ce1013f2a3375dbded2c9fbc7d6,sk_sog,over,Matthew Tkachuk,2.5,betonlineag,118,-154,oddsapi
2026-09-29T16:05:06Z,2026-09-29,FLA @ CAR,9de33ce1013f2a3375dbded2c9fbc7d6,sk_sog,under,Matthew Tkachuk,2.5,betonlineag,-154,118,oddsapi
2026-09-29T16:05:06Z,2026-09-29,FLA @ CAR,9de33ce1013f2a3375dbded2c9fbc7d6,sk_sog,over,Sam Bennett,2.5,betonlineag,130,-169,oddsapi
2026-09-29T16:05:06Z,2026-09-29,FLA @ CAR,9de33ce1013f2a3375dbded2c9fbc7d6,sk_sog,under,Sam Bennett,2.5,betonlineag,-169,130,oddsapi
2026-09-29T16:05:06Z,2026-09-29,FLA @ CAR,9de33ce1013f2a3375dbded2c9fbc7d6,sk_sog,over,Sebastian Aho,2.5,betonlineag,122,-159,oddsapi
2026-09-29T16:05:06Z,2026-09-29,FLA @ CAR,9de33ce1013f2a3375dbded2c9fbc7d6,sk_sog,under,Sebastian Aho,2.5,betonlineag,-159,122,oddsapi
2026-09-29T16:05:06Z,2026-09-29,FLA @ CAR,9de33ce1013f2a3375dbded2c9fbc7d6,g_saves,over,Brandon Bussi,21.5,betonlineag,-125,-103,oddsapi
2026-09-29T16:05:06Z,2026-09-29,FLA @ CAR,9de33ce1013f2a3375dbded2c9fbc7d6,g_saves,under,Brandon Bussi,21.5,betonlineag,-103,-125,oddsapi
2026-09-29T16:05:06Z,2026-09-29,FLA @ CAR,9de33ce1013f2a3375dbded2c9fbc7d6,g_saves,over,Jacob Markstrom,26.5,betonlineag,-103,-125,oddsapi
2026-09-29T16:05:06Z,2026-09-29,FLA @ CAR,9de33ce1013f2a3375dbded2c9fbc7d6,g_saves,under,Jacob Markstrom,26.5,betonlineag,-125,-103,oddsapi
2026-09-29T16:05:06Z,2026-09-29,FLA @ CAR,9de33ce1013f2a3375dbded2c9fbc7d6,p1_pl,CAR,,-0.5,betonlineag,161,-185,oddsapi
2026-09-29T16:05:06Z,2026-09-29,FLA @ CAR,9de33ce1013f2a3375dbded2c9fbc7d6,p1_pl,FLA,,0.5,betonlineag,-185,161,oddsapi
2026-09-29T16:05:06Z,2026-09-29,FLA @ CAR,9de33ce1013f2a3375dbded2c9fbc7d6,team_total,over,CAR,3.5,betonlineag,111,-142,oddsapi
2026-09-29T16:05:06Z,2026-09-29,FLA @ CAR,9de33ce1013f2a3375dbded2c9fbc7d6,team_total,under,CAR,3.5,betonlineag,-142,111,oddsapi
2026-09-29T16:05:06Z,2026-09-29,FLA @ CAR,9de33ce1013f2a3375dbded2c9fbc7d6,team_total,over,FLA,2.5,betonlineag,-138,108,oddsapi
2026-09-29T16:05:06Z,2026-09-29,FLA @ CAR,9de33ce1013f2a3375dbded2c9fbc7d6,team_total,under,FLA,2.5,betonlineag,108,-138,oddsapi
2026-09-29T16:05:06Z,2026-09-29,FLA @ CAR,9de33ce1013f2a3375dbded2c9fbc7d6,p1_total,over,,1.5,betonlineag,-135,115,oddsapi
2026-09-29T16:05:06Z,2026-09-29,FLA @ CAR,9de33ce1013f2a3375dbded2c9fbc7d6,p1_total,under,,1.5,betonlineag,115,-135,oddsapi
2026-09-29T16:05:06Z,2026-09-29,FLA @ CAR,9de33ce1013f2a3375dbded2c9fbc7d6,team_total_alt,over,CAR,1,betmgm,-5000,900,oddsapi
2026-09-29T16:05:06Z,2026-09-29,FLA @ CAR,9de33ce1013f2a3375dbded2c9fbc7d6,team_total_alt,under,CAR,1,betmgm,900,-5000,oddsapi
2026-09-29T16:05:06Z,2026-09-29,FLA @ CAR,9de33ce1013f2a3375dbded2c9fbc7d6,team_total_alt,over,CAR,1.5,betmgm,-625,360,oddsapi
2026-09-29T16:05:06Z,2026-09-29,FLA @ CAR,9de33ce1013f2a3375dbded2c9fbc7d6,team_total_alt,under,CAR,1.5,betmgm,360,-625,oddsapi
2026-09-29T16:05:06Z,2026-09-29,FLA @ CAR,9de33ce1013f2a3375dbded2c9fbc7d6,team_total_alt,over,CAR,2,betmgm,-450,290,oddsapi
2026-09-29T16:05:06Z,2026-09-29,FLA @ CAR,9de33ce1013f2a3375dbded2c9fbc7d6,team_total_alt,under,CAR,2,betmgm,290,-450,oddsapi
2026-09-29T16:05:06Z,2026-09-29,FLA @ CAR,9de33ce1013f2a3375dbded2c9fbc7d6,team_total_alt,over,CAR,2.5,betmgm,-210,145,oddsapi
2026-09-29T16:05:06Z,2026-09-29,FLA @ CAR,9de33ce1013f2a3375dbded2c9fbc7d6,team_total_alt,under,CAR,2.5,betmgm,145,-210,oddsapi
2026-09-29T16:05:06Z,2026-09-29,FLA @ CAR,9de33ce1013f2a3375dbded2c9fbc7d6,team_total_alt,over,CAR,3,betmgm,-145,105,oddsapi
2026-09-29T16:05:06Z,2026-09-29,FLA @ CAR,9de33ce1013f2a3375dbded2c9fbc7d6,team_total_alt,under,CAR,3,betmgm,105,-145,oddsapi
2026-09-29T16:05:06Z,2026-09-29,FLA @ CAR,9de33ce1013f2a3375dbded2c9fbc7d6,team_total_alt,over,CAR,3.5,betmgm,110,-155,oddsapi
2026-09-29T16:05:06Z,2026-09-29,FLA @ CAR,9de33ce1013f2a3375dbded2c9fbc7d6,team_total_alt,under,CAR,3.5,betmgm,-155,110,oddsapi
2026-09-29T16:05:06Z,2026-09-29,FLA @ CAR,9de33ce1013f2a3375dbded2c9fbc7d6,team_total_alt,over,CAR,4,betmgm,190,-275,oddsapi
2026-09-29T16:05:06Z,2026-09-29,FLA @ CAR,9de33ce1013f2a3375dbded2c9fbc7d6,team_total_alt,under,CAR,4,betmgm,-275,190,oddsapi
2026-09-29T16:05:06Z,2026-09-29,FLA @ CAR,9de33ce1013f2a3375dbded2c9fbc7d6,team_total_alt,over,CAR,4.5,betmgm,240,-350,oddsapi
2026-09-29T16:05:06Z,2026-09-29,FLA @ CAR,9de33ce1013f2a3375dbded2c9fbc7d6,team_total_alt,under,CAR,4.5,betmgm,-350,240,oddsapi
2026-09-29T16:05:06Z,2026-09-29,FLA @ CAR,9de33ce1013f2a3375dbded2c9fbc7d6,team_total_alt,over,CAR,5,betmgm,450,-900,oddsapi
2026-09-29T16:05:06Z,2026-09-29,FLA @ CAR,9de33ce1013f2a3375dbded2c9fbc7d6,team_total_alt,under,CAR,5,betmgm,-900,450,oddsapi
2026-09-29T16:05:06Z,2026-09-29,FLA @ CAR,9de33ce1013f2a3375dbded2c9fbc7d6,team_total_alt,over,FLA,1,betmgm,-2500,750,oddsapi
2026-09-29T16:05:06Z,2026-09-29,FLA @ CAR,9de33ce1013f2a3375dbded2c9fbc7d6,team_total_alt,under,FLA,1,betmgm,750,-2500,oddsapi
2026-09-29T16:05:06Z,2026-09-29,FLA @ CAR,9de33ce1013f2a3375dbded2c9fbc7d6,team_total_alt,over,FLA,1.5,betmgm,-450,290,oddsapi
2026-09-29T16:05:06Z,2026-09-29,FLA @ CAR,9de33ce1013f2a3375dbded2c9fbc7d6,team_total_alt,under,FLA,1.5,betmgm,290,-450,oddsapi
2026-09-29T16:05:06Z,2026-09-29,FLA @ CAR,9de33ce1013f2a3375dbded2c9fbc7d6,team_total_alt,over,FLA,2,betmgm,-325,220,oddsapi
2026-09-29T16:05:06Z,2026-09-29,FLA @ CAR,9de33ce1013f2a3375dbded2c9fbc7d6,team_total_alt,under,FLA,2,betmgm,220,-325,oddsapi
2026-09-29T16:05:06Z,2026-09-29,FLA @ CAR,9de33ce1013f2a3375dbded2c9fbc7d6,team_total_alt,over,FLA,2.5,betmgm,-160,115,oddsapi
2026-09-29T16:05:06Z,2026-09-29,FLA @ CAR,9de33ce1013f2a3375dbded2c9fbc7d6,team_total_alt,under,FLA,2.5,betmgm,115,-160,oddsapi
2026-09-29T16:05:06Z,2026-09-29,FLA @ CAR,9de33ce1013f2a3375dbded2c9fbc7d6,team_total_alt,over,FLA,3,betmgm,-105,-135,oddsapi
2026-09-29T16:05:06Z,2026-09-29,FLA @ CAR,9de33ce1013f2a3375dbded2c9fbc7d6,team_total_alt,under,FLA,3,betmgm,-135,-105,oddsapi
2026-09-29T16:05:06Z,2026-09-29,FLA @ CAR,9de33ce1013f2a3375dbded2c9fbc7d6,team_total_alt,over,FLA,3.5,betmgm,140,-200,oddsapi
2026-09-29T16:05:06Z,2026-09-29,FLA @ CAR,9de33ce1013f2a3375dbded2c9fbc7d6,team_total_alt,under,FLA,3.5,betmgm,-200,140,oddsapi
2026-09-29T16:05:06Z,2026-09-29,FLA @ CAR,9de33ce1013f2a3375dbded2c9fbc7d6,team_total_alt,over,FLA,4,betmgm,250,-375,oddsapi
2026-09-29T16:05:06Z,2026-09-29,FLA @ CAR,9de33ce1013f2a3375dbded2c9fbc7d6,team_total_alt,under,FLA,4,betmgm,-375,250,oddsapi
2026-09-29T16:05:06Z,2026-09-29,FLA @ CAR,9de33ce1013f2a3375dbded2c9fbc7d6,team_total_alt,over,FLA,4.5,betmgm,300,-500,oddsapi
2026-09-29T16:05:06Z,2026-09-29,FLA @ CAR,9de33ce1013f2a3375dbded2c9fbc7d6,team_total_alt,under,FLA,4.5,betmgm,-500,300,oddsapi
2026-09-29T16:05:06Z,2026-09-29,FLA @ CAR,9de33ce1013f2a3375dbded2c9fbc7d6,team_total_alt,over,FLA,5,betmgm,575,-1400,oddsapi
2026-09-29T16:05:06Z,2026-09-29,FLA @ CAR,9de33ce1013f2a3375dbded2c9fbc7d6,team_total_alt,under,FLA,5,betmgm,-1400,575,oddsapi
2026-09-29T16:05:06Z,2026-09-29,FLA @ CAR,9de33ce1013f2a3375dbded2c9fbc7d6,game_ml3,CAR,,,betmgm,120,,oddsapi
2026-09-29T16:05:06Z,2026-09-29,FLA @ CAR,9de33ce1013f2a3375dbded2c9fbc7d6,game_ml3,FLA,,,betmgm,165,,oddsapi
2026-09-29T16:05:06Z,2026-09-29,FLA @ CAR,9de33ce1013f2a3375dbded2c9fbc7d6,game_ml3,draw,,,betmgm,300,,oddsapi
2026-09-29T16:05:06Z,2026-09-29,FLA @ CAR,9de33ce1013f2a3375dbded2c9fbc7d6,p1_ml3,CAR,,,betmgm,150,,oddsapi
2026-09-29T16:05:06Z,2026-09-29,FLA @ CAR,9de33ce1013f2a3375dbded2c9fbc7d6,p1_ml3,FLA,,,betmgm,180,,oddsapi
2026-09-29T16:05:06Z,2026-09-29,FLA @ CAR,9de33ce1013f2a3375dbded2c9fbc7d6,p1_ml3,draw,,,betmgm,180,,oddsapi
2026-09-29T16:05:06Z,2026-09-29,FLA @ CAR,9de33ce1013f2a3375dbded2c9fbc7d6,p2_ml3,CAR,,,betmgm,145,,oddsapi
2026-09-29T16:05:06Z,2026-09-29,FLA @ CAR,9de33ce1013f2a3375dbded2c9fbc7d6,p2_ml3,FLA,,,betmgm,175,,oddsapi
2026-09-29T16:05:06Z,2026-09-29,FLA @ CAR,9de33ce1013f2a3375dbded2c9fbc7d6,p2_ml3,draw,,,betmgm,195,,oddsapi
2026-09-29T16:05:06Z,2026-09-29,FLA @ CAR,9de33ce1013f2a3375dbded2c9fbc7d6,p3_ml3,CAR,,,betmgm,135,,oddsapi
2026-09-29T16:05:06Z,2026-09-29,FLA @ CAR,9de33ce1013f2a3375dbded2c9fbc7d6,p3_ml3,FLA,,,betmgm,165,,oddsapi
2026-09-29T16:05:06Z,2026-09-29,FLA @ CAR,9de33ce1013f2a3375dbded2c9fbc7d6,p3_ml3,draw,,,betmgm,230,,oddsapi
2026-09-29T16:05:06Z,2026-09-29,FLA @ CAR,9de33ce1013f2a3375dbded2c9fbc7d6,p1_ml,CAR,,,betmgm,-130,100,oddsapi
2026-09-29T16:05:06Z,2026-09-29,FLA @ CAR,9de33ce1013f2a3375dbded2c9fbc7d6,p1_ml,FLA,,,betmgm,100,-130,oddsapi
2026-09-29T16:05:06Z,2026-09-29,FLA @ CAR,9de33ce1013f2a3375dbded2c9fbc7d6,p2_ml,CAR,,,betmgm,-135,-102,oddsapi
2026-09-29T16:05:06Z,2026-09-29,FLA @ CAR,9de33ce1013f2a3375dbded2c9fbc7d6,p2_ml,FLA,,,betmgm,-102,-135,oddsapi
2026-09-29T16:05:06Z,2026-09-29,FLA @ CAR,9de33ce1013f2a3375dbded2c9fbc7d6,p3_ml,CAR,,,betmgm,-135,-102,oddsapi
2026-09-29T16:05:06Z,2026-09-29,FLA @ CAR,9de33ce1013f2a3375dbded2c9fbc7d6,p3_ml,FLA,,,betmgm,-102,-135,oddsapi
2026-09-29T16:05:06Z,2026-09-29,FLA @ CAR,9de33ce1013f2a3375dbded2c9fbc7d6,ags,yes,Brady Tkachuk,,betmgm,175,,oddsapi
2026-09-29T16:05:06Z,2026-09-29,FLA @ CAR,9de33ce1013f2a3375dbded2c9fbc7d6,ags,yes,Matthew Tkachuk,,betmgm,180,,oddsapi
2026-09-29T16:05:06Z,2026-09-29,FLA @ CAR,9de33ce1013f2a3375dbded2c9fbc7d6,ags,yes,Sam Reinhart,,betmgm,190,,oddsapi
2026-09-29T16:05:06Z,2026-09-29,FLA @ CAR,9de33ce1013f2a3375dbded2c9fbc7d6,ags,yes,Andrei Svechnikov,,betmgm,190,,oddsapi
2026-09-29T16:05:06Z,2026-09-29,FLA @ CAR,9de33ce1013f2a3375dbded2c9fbc7d6,ags,yes,Logan Stankoven,,betmgm,200,,oddsapi
2026-09-29T16:05:06Z,2026-09-29,FLA @ CAR,9de33ce1013f2a3375dbded2c9fbc7d6,ags,yes,Nikolaj Ehlers,,betmgm,200,,oddsapi
2026-09-29T16:05:06Z,2026-09-29,FLA @ CAR,9de33ce1013f2a3375dbded2c9fbc7d6,ags,yes,Sebastian Aho,,betmgm,220,,oddsapi
2026-09-29T16:05:06Z,2026-09-29,FLA @ CAR,9de33ce1013f2a3375dbded2c9fbc7d6,ags,yes,Aleksander Barkov,,betmgm,250,,oddsapi
2026-09-29T16:05:06Z,2026-09-29,FLA @ CAR,9de33ce1013f2a3375dbded2c9fbc7d6,ags,yes,Jackson Blake,,betmgm,250,,oddsapi
2026-09-29T16:05:06Z,2026-09-29,FLA @ CAR,9de33ce1013f2a3375dbded2c9fbc7d6,ags,yes,Sam Bennett,,betmgm,270,,oddsapi
2026-09-29T16:05:06Z,2026-09-29,FLA @ CAR,9de33ce1013f2a3375dbded2c9fbc7d6,ags,yes,Jordan Staal,,betmgm,275,,oddsapi
2026-09-29T16:05:06Z,2026-09-29,FLA @ CAR,9de33ce1013f2a3375dbded2c9fbc7d6,ags,yes,Carter Verhaeghe,,betmgm,280,,oddsapi
2026-09-29T16:05:06Z,2026-09-29,FLA @ CAR,9de33ce1013f2a3375dbded2c9fbc7d6,ags,yes,Anton Lundell,,betmgm,290,,oddsapi
2026-09-29T16:05:06Z,2026-09-29,FLA @ CAR,9de33ce1013f2a3375dbded2c9fbc7d6,ags,yes,Taylor Hall,,betmgm,290,,oddsapi
2026-09-29T16:05:06Z,2026-09-29,FLA @ CAR,9de33ce1013f2a3375dbded2c9fbc7d6,ags,yes,Shayne Gostisbehere,,betmgm,400,,oddsapi
2026-09-29T16:05:06Z,2026-09-29,FLA @ CAR,9de33ce1013f2a3375dbded2c9fbc7d6,ags,yes,Eric Robinson,,betmgm,400,,oddsapi
2026-09-29T16:05:06Z,2026-09-29,FLA @ CAR,9de33ce1013f2a3375dbded2c9fbc7d6,ags,yes,Jordan Martinook,,betmgm,475,,oddsapi
2026-09-29T16:05:06Z,2026-09-29,FLA @ CAR,9de33ce1013f2a3375dbded2c9fbc7d6,ags,yes,Eetu Luostarinen,,betmgm,500,,oddsapi
2026-09-29T16:05:06Z,2026-09-29,FLA @ CAR,9de33ce1013f2a3375dbded2c9fbc7d6,ags,yes,Mark Jankowski,,betmgm,525,,oddsapi
2026-09-29T16:05:06Z,2026-09-29,FLA @ CAR,9de33ce1013f2a3375dbded2c9fbc7d6,ags,yes,Seth Jones,,betmgm,650,,oddsapi
2026-09-29T16:05:06Z,2026-09-29,FLA @ CAR,9de33ce1013f2a3375dbded2c9fbc7d6,ags,yes,Lars Eller,,betmgm,700,,oddsapi
2026-09-29T16:05:06Z,2026-09-29,FLA @ CAR,9de33ce1013f2a3375dbded2c9fbc7d6,ags,yes,Aaron Ekblad,,betmgm,725,,oddsapi
2026-09-29T16:05:06Z,2026-09-29,FLA @ CAR,9de33ce1013f2a3375dbded2c9fbc7d6,ags,yes,K'Andre Miller,,betmgm,725,,oddsapi
2026-09-29T16:05:06Z,2026-09-29,FLA @ CAR,9de33ce1013f2a3375dbded2c9fbc7d6,ags,yes,Sean Walker,,betmgm,900,,oddsapi
2026-09-29T16:05:06Z,2026-09-29,FLA @ CAR,9de33ce1013f2a3375dbded2c9fbc7d6,ags,yes,William Carrier,,betmgm,900,,oddsapi
2026-09-29T16:05:06Z,2026-09-29,FLA @ CAR,9de33ce1013f2a3375dbded2c9fbc7d6,ags,yes,Garnet Hathaway,,betmgm,1000,,oddsapi
2026-09-29T16:05:06Z,2026-09-29,FLA @ CAR,9de33ce1013f2a3375dbded2c9fbc7d6,ags,yes,Sandis Vilmanis,,betmgm,1000,,oddsapi
2026-09-29T16:05:06Z,2026-09-29,FLA @ CAR,9de33ce1013f2a3375dbded2c9fbc7d6,ags,yes,Jalen Chatfield,,betmgm,1050,,oddsapi
2026-09-29T16:05:06Z,2026-09-29,FLA @ CAR,9de33ce1013f2a3375dbded2c9fbc7d6,ags,yes,Nicolas Deslauriers,,betmgm,1100,,oddsapi
2026-09-29T16:05:06Z,2026-09-29,FLA @ CAR,9de33ce1013f2a3375dbded2c9fbc7d6,ags,yes,Niko Mikkola,,betmgm,1150,,oddsapi
2026-09-29T16:05:06Z,2026-09-29,FLA @ CAR,9de33ce1013f2a3375dbded2c9fbc7d6,ags,yes,Jaccob Slavin,,betmgm,1200,,oddsapi
2026-09-29T16:05:06Z,2026-09-29,FLA @ CAR,9de33ce1013f2a3375dbded2c9fbc7d6,ags,yes,Gustav Forsling,,betmgm,1200,,oddsapi
2026-09-29T16:05:06Z,2026-09-29,FLA @ CAR,9de33ce1013f2a3375dbded2c9fbc7d6,ags,yes,Bokondji Imama,,betmgm,1450,,oddsapi
2026-09-29T16:05:06Z,2026-09-29,FLA @ CAR,9de33ce1013f2a3375dbded2c9fbc7d6,ags,yes,Radko Gudas,,betmgm,1500,,oddsapi
2026-09-29T16:05:06Z,2026-09-29,FLA @ CAR,9de33ce1013f2a3375dbded2c9fbc7d6,ags,yes,Dmitry Kulikov,,betmgm,1700,,oddsapi
2026-09-29T16:05:06Z,2026-09-29,FLA @ CAR,9de33ce1013f2a3375dbded2c9fbc7d6,ags,yes,Mike Reilly,,betmgm,1900,,oddsapi
2026-09-29T16:05:06Z,2026-09-29,FLA @ CAR,9de33ce1013f2a3375dbded2c9fbc7d6,fgs,yes,Brady Tkachuk,,betmgm,1150,,oddsapi
2026-09-29T16:05:06Z,2026-09-29,FLA @ CAR,9de33ce1013f2a3375dbded2c9fbc7d6,fgs,yes,Andrei Svechnikov,,betmgm,1300,,oddsapi
2026-09-29T16:05:06Z,2026-09-29,FLA @ CAR,9de33ce1013f2a3375dbded2c9fbc7d6,fgs,yes,Sam Reinhart,,betmgm,1300,,oddsapi
2026-09-29T16:05:06Z,2026-09-29,FLA @ CAR,9de33ce1013f2a3375dbded2c9fbc7d6,fgs,yes,Matthew Tkachuk,,betmgm,1300,,oddsapi
2026-09-29T16:05:06Z,2026-09-29,FLA @ CAR,9de33ce1013f2a3375dbded2c9fbc7d6,fgs,yes,Sebastian Aho,,betmgm,1350,,oddsapi
2026-09-29T16:05:06Z,2026-09-29,FLA @ CAR,9de33ce1013f2a3375dbded2c9fbc7d6,fgs,yes,Logan Stankoven,,betmgm,1400,,oddsapi
2026-09-29T16:05:06Z,2026-09-29,FLA @ CAR,9de33ce1013f2a3375dbded2c9fbc7d6,fgs,yes,Nikolaj Ehlers,,betmgm,1500,,oddsapi
2026-09-29T16:05:06Z,2026-09-29,FLA @ CAR,9de33ce1013f2a3375dbded2c9fbc7d6,fgs,yes,Aleksander Barkov,,betmgm,1600,,oddsapi
2026-09-29T16:05:06Z,2026-09-29,FLA @ CAR,9de33ce1013f2a3375dbded2c9fbc7d6,fgs,yes,Jackson Blake,,betmgm,1600,,oddsapi
2026-09-29T16:05:06Z,2026-09-29,FLA @ CAR,9de33ce1013f2a3375dbded2c9fbc7d6,fgs,yes,Sam Bennett,,betmgm,1700,,oddsapi
2026-09-29T16:05:06Z,2026-09-29,FLA @ CAR,9de33ce1013f2a3375dbded2c9fbc7d6,fgs,yes,Carter Verhaeghe,,betmgm,1900,,oddsapi
2026-09-29T16:05:06Z,2026-09-29,FLA @ CAR,9de33ce1013f2a3375dbded2c9fbc7d6,fgs,yes,Jordan Staal,,betmgm,1900,,oddsapi
2026-09-29T16:05:06Z,2026-09-29,FLA @ CAR,9de33ce1013f2a3375dbded2c9fbc7d6,fgs,yes,Anton Lundell,,betmgm,2000,,oddsapi
2026-09-29T16:05:06Z,2026-09-29,FLA @ CAR,9de33ce1013f2a3375dbded2c9fbc7d6,fgs,yes,Taylor Hall,,betmgm,2000,,oddsapi
2026-09-29T16:05:06Z,2026-09-29,FLA @ CAR,9de33ce1013f2a3375dbded2c9fbc7d6,fgs,yes,Eric Robinson,,betmgm,2500,,oddsapi
2026-09-29T16:05:06Z,2026-09-29,FLA @ CAR,9de33ce1013f2a3375dbded2c9fbc7d6,fgs,yes,Shayne Gostisbehere,,betmgm,2800,,oddsapi
2026-09-29T16:05:06Z,2026-09-29,FLA @ CAR,9de33ce1013f2a3375dbded2c9fbc7d6,fgs,yes,Eetu Luostarinen,,betmgm,3000,,oddsapi
2026-09-29T16:05:06Z,2026-09-29,FLA @ CAR,9de33ce1013f2a3375dbded2c9fbc7d6,fgs,yes,Jordan Martinook,,betmgm,3000,,oddsapi
2026-09-29T16:05:06Z,2026-09-29,FLA @ CAR,9de33ce1013f2a3375dbded2c9fbc7d6,fgs,yes,Mark Jankowski,,betmgm,3300,,oddsapi
2026-09-29T16:05:06Z,2026-09-29,FLA @ CAR,9de33ce1013f2a3375dbded2c9fbc7d6,fgs,yes,K'Andre Miller,,betmgm,4000,,oddsapi
2026-09-29T16:05:06Z,2026-09-29,FLA @ CAR,9de33ce1013f2a3375dbded2c9fbc7d6,fgs,yes,Aaron Ekblad,,betmgm,4000,,oddsapi
2026-09-29T16:05:06Z,2026-09-29,FLA @ CAR,9de33ce1013f2a3375dbded2c9fbc7d6,fgs,yes,Seth Jones,,betmgm,4000,,oddsapi
2026-09-29T16:05:06Z,2026-09-29,FLA @ CAR,9de33ce1013f2a3375dbded2c9fbc7d6,fgs,yes,Sean Walker,,betmgm,4500,,oddsapi
2026-09-29T16:05:06Z,2026-09-29,FLA @ CAR,9de33ce1013f2a3375dbded2c9fbc7d6,fgs,yes,Lars Eller,,betmgm,5000,,oddsapi
2026-09-29T16:05:06Z,2026-09-29,FLA @ CAR,9de33ce1013f2a3375dbded2c9fbc7d6,fgs,yes,Sandis Vilmanis,,betmgm,5500,,oddsapi
2026-09-29T16:05:06Z,2026-09-29,FLA @ CAR,9de33ce1013f2a3375dbded2c9fbc7d6,fgs,yes,Nicolas Deslauriers,,betmgm,5500,,oddsapi
2026-09-29T16:05:06Z,2026-09-29,FLA @ CAR,9de33ce1013f2a3375dbded2c9fbc7d6,fgs,yes,Garnet Hathaway,,betmgm,5500,,oddsapi
2026-09-29T16:05:06Z,2026-09-29,FLA @ CAR,9de33ce1013f2a3375dbded2c9fbc7d6,fgs,yes,Jalen Chatfield,,betmgm,5500,,oddsapi
2026-09-29T16:05:06Z,2026-09-29,FLA @ CAR,9de33ce1013f2a3375dbded2c9fbc7d6,fgs,yes,William Carrier,,betmgm,5500,,oddsapi
2026-09-29T16:05:06Z,2026-09-29,FLA @ CAR,9de33ce1013f2a3375dbded2c9fbc7d6,fgs,yes,Gustav Forsling,,betmgm,5500,,oddsapi
2026-09-29T16:05:06Z,2026-09-29,FLA @ CAR,9de33ce1013f2a3375dbded2c9fbc7d6,fgs,yes,Bokondji Imama,,betmgm,6600,,oddsapi
2026-09-29T16:05:06Z,2026-09-29,FLA @ CAR,9de33ce1013f2a3375dbded2c9fbc7d6,fgs,yes,Jaccob Slavin,,betmgm,6600,,oddsapi
2026-09-29T16:05:06Z,2026-09-29,FLA @ CAR,9de33ce1013f2a3375dbded2c9fbc7d6,fgs,yes,Niko Mikkola,,betmgm,6600,,oddsapi
2026-09-29T16:05:06Z,2026-09-29,FLA @ CAR,9de33ce1013f2a3375dbded2c9fbc7d6,fgs,yes,Radko Gudas,,betmgm,8000,,oddsapi
2026-09-29T16:05:06Z,2026-09-29,FLA @ CAR,9de33ce1013f2a3375dbded2c9fbc7d6,fgs,yes,Dmitry Kulikov,,betmgm,8000,,oddsapi
2026-09-29T16:05:06Z,2026-09-29,FLA @ CAR,9de33ce1013f2a3375dbded2c9fbc7d6,fgs,yes,Mike Reilly,,betmgm,8000,,oddsapi
2026-09-29T16:05:06Z,2026-09-29,FLA @ CAR,9de33ce1013f2a3375dbded2c9fbc7d6,p1_pl,CAR,,1.5,betmgm,-1100,600,oddsapi
2026-09-29T16:05:06Z,2026-09-29,FLA @ CAR,9de33ce1013f2a3375dbded2c9fbc7d6,p1_pl,FLA,,-1.5,betmgm,600,-1100,oddsapi
2026-09-29T16:05:06Z,2026-09-29,FLA @ CAR,9de33ce1013f2a3375dbded2c9fbc7d6,p2_pl,CAR,,1.5,betmgm,-1100,500,oddsapi
2026-09-29T16:05:06Z,2026-09-29,FLA @ CAR,9de33ce1013f2a3375dbded2c9fbc7d6,p2_pl,FLA,,-1.5,betmgm,500,-1100,oddsapi
2026-09-29T16:05:06Z,2026-09-29,FLA @ CAR,9de33ce1013f2a3375dbded2c9fbc7d6,p3_pl,CAR,,1.5,betmgm,-800,425,oddsapi
2026-09-29T16:05:06Z,2026-09-29,FLA @ CAR,9de33ce1013f2a3375dbded2c9fbc7d6,p3_pl,FLA,,-1.5,betmgm,425,-800,oddsapi
2026-09-29T16:05:06Z,2026-09-29,FLA @ CAR,9de33ce1013f2a3375dbded2c9fbc7d6,team_total,over,CAR,3,betmgm,-145,105,oddsapi
2026-09-29T16:05:06Z,2026-09-29,FLA @ CAR,9de33ce1013f2a3375dbded2c9fbc7d6,team_total,under,CAR,3,betmgm,105,-145,oddsapi
2026-09-29T16:05:06Z,2026-09-29,FLA @ CAR,9de33ce1013f2a3375dbded2c9fbc7d6,team_total,over,FLA,3,betmgm,-105,-135,oddsapi
2026-09-29T16:05:06Z,2026-09-29,FLA @ CAR,9de33ce1013f2a3375dbded2c9fbc7d6,team_total,under,FLA,3,betmgm,-135,-105,oddsapi
2026-09-29T16:05:06Z,2026-09-29,FLA @ CAR,9de33ce1013f2a3375dbded2c9fbc7d6,p1_total,over,,2.5,betmgm,220,-300,oddsapi
2026-09-29T16:05:06Z,2026-09-29,FLA @ CAR,9de33ce1013f2a3375dbded2c9fbc7d6,p1_total,under,,2.5,betmgm,-300,220,oddsapi
2026-09-29T16:05:06Z,2026-09-29,FLA @ CAR,9de33ce1013f2a3375dbded2c9fbc7d6,p2_total,over,,3,betmgm,333,-550,oddsapi
2026-09-29T16:05:06Z,2026-09-29,FLA @ CAR,9de33ce1013f2a3375dbded2c9fbc7d6,p2_total,under,,3,betmgm,-550,333,oddsapi
2026-09-29T16:05:06Z,2026-09-29,FLA @ CAR,9de33ce1013f2a3375dbded2c9fbc7d6,p3_total,over,,3,betmgm,280,-450,oddsapi
2026-09-29T16:05:06Z,2026-09-29,FLA @ CAR,9de33ce1013f2a3375dbded2c9fbc7d6,p3_total,under,,3,betmgm,-450,280,oddsapi
2026-09-29T16:05:06Z,2026-09-29,FLA @ CAR,9de33ce1013f2a3375dbded2c9fbc7d6,team_total_alt,over,CAR,1.5,betrivers,-715,410,oddsapi
2026-09-29T16:05:06Z,2026-09-29,FLA @ CAR,9de33ce1013f2a3375dbded2c9fbc7d6,team_total_alt,under,CAR,1.5,betrivers,410,-715,oddsapi
2026-09-29T16:05:06Z,2026-09-29,FLA @ CAR,9de33ce1013f2a3375dbded2c9fbc7d6,team_total_alt,over,CAR,2.5,betrivers,-225,160,oddsapi
2026-09-29T16:05:06Z,2026-09-29,FLA @ CAR,9de33ce1013f2a3375dbded2c9fbc7d6,team_total_alt,under,CAR,2.5,betrivers,160,-225,oddsapi
2026-09-29T16:05:06Z,2026-09-29,FLA @ CAR,9de33ce1013f2a3375dbded2c9fbc7d6,team_total_alt,over,CAR,3.5,betrivers,112,-155,oddsapi
2026-09-29T16:05:06Z,2026-09-29,FLA @ CAR,9de33ce1013f2a3375dbded2c9fbc7d6,team_total_alt,under,CAR,3.5,betrivers,-155,112,oddsapi
2026-09-29T16:05:06Z,2026-09-29,FLA @ CAR,9de33ce1013f2a3375dbded2c9fbc7d6,team_total_alt,over,CAR,4.5,betrivers,260,-385,oddsapi
2026-09-29T16:05:06Z,2026-09-29,FLA @ CAR,9de33ce1013f2a3375dbded2c9fbc7d6,team_total_alt,under,CAR,4.5,betrivers,-385,260,oddsapi
2026-09-29T16:05:06Z,2026-09-29,FLA @ CAR,9de33ce1013f2a3375dbded2c9fbc7d6,team_total_alt,over,FLA,1.5,betrivers,-530,330,oddsapi
2026-09-29T16:05:06Z,2026-09-29,FLA @ CAR,9de33ce1013f2a3375dbded2c9fbc7d6,team_total_alt,under,FLA,1.5,betrivers,330,-530,oddsapi
2026-09-29T16:05:06Z,2026-09-29,FLA @ CAR,9de33ce1013f2a3375dbded2c9fbc7d6,team_total_alt,over,FLA,2.5,betrivers,-167,123,oddsapi
2026-09-29T16:05:06Z,2026-09-29,FLA @ CAR,9de33ce1013f2a3375dbded2c9fbc7d6,team_total_alt,under,FLA,2.5,betrivers,123,-167,oddsapi
2026-09-29T16:05:06Z,2026-09-29,FLA @ CAR,9de33ce1013f2a3375dbded2c9fbc7d6,team_total_alt,over,FLA,4.5,betrivers,350,-590,oddsapi
2026-09-29T16:05:06Z,2026-09-29,FLA @ CAR,9de33ce1013f2a3375dbded2c9fbc7d6,team_total_alt,under,FLA,4.5,betrivers,-590,350,oddsapi
2026-09-29T16:05:06Z,2026-09-29,FLA @ CAR,9de33ce1013f2a3375dbded2c9fbc7d6,team_total_alt,over,FLA,3.5,betrivers,148,-205,oddsapi
2026-09-29T16:05:06Z,2026-09-29,FLA @ CAR,9de33ce1013f2a3375dbded2c9fbc7d6,team_total_alt,under,FLA,3.5,betrivers,-205,148,oddsapi
2026-09-29T16:05:06Z,2026-09-29,FLA @ CAR,9de33ce1013f2a3375dbded2c9fbc7d6,game_ml3,CAR,,,betrivers,120,,oddsapi
2026-09-29T16:05:06Z,2026-09-29,FLA @ CAR,9de33ce1013f2a3375dbded2c9fbc7d6,game_ml3,FLA,,,betrivers,170,,oddsapi
2026-09-29T16:05:06Z,2026-09-29,FLA @ CAR,9de33ce1013f2a3375dbded2c9fbc7d6,game_ml3,draw,,,betrivers,325,,oddsapi
2026-09-29T16:05:06Z,2026-09-29,FLA @ CAR,9de33ce1013f2a3375dbded2c9fbc7d6,p1_ml3,CAR,,,betrivers,148,,oddsapi
2026-09-29T16:05:06Z,2026-09-29,FLA @ CAR,9de33ce1013f2a3375dbded2c9fbc7d6,p1_ml3,FLA,,,betrivers,200,,oddsapi
2026-09-29T16:05:06Z,2026-09-29,FLA @ CAR,9de33ce1013f2a3375dbded2c9fbc7d6,p1_ml3,draw,,,betrivers,195,,oddsapi
2026-09-29T16:05:06Z,2026-09-29,FLA @ CAR,9de33ce1013f2a3375dbded2c9fbc7d6,p2_ml3,CAR,,,betrivers,155,,oddsapi
2026-09-29T16:05:06Z,2026-09-29,FLA @ CAR,9de33ce1013f2a3375dbded2c9fbc7d6,p2_ml3,FLA,,,betrivers,180,,oddsapi
2026-09-29T16:05:06Z,2026-09-29,FLA @ CAR,9de33ce1013f2a3375dbded2c9fbc7d6,p2_ml3,draw,,,betrivers,210,,oddsapi
2026-09-29T16:05:06Z,2026-09-29,FLA @ CAR,9de33ce1013f2a3375dbded2c9fbc7d6,p3_ml3,CAR,,,betrivers,150,,oddsapi
2026-09-29T16:05:06Z,2026-09-29,FLA @ CAR,9de33ce1013f2a3375dbded2c9fbc7d6,p3_ml3,FLA,,,betrivers,175,,oddsapi
2026-09-29T16:05:06Z,2026-09-29,FLA @ CAR,9de33ce1013f2a3375dbded2c9fbc7d6,p3_ml3,draw,,,betrivers,220,,oddsapi
2026-09-29T16:05:06Z,2026-09-29,FLA @ CAR,9de33ce1013f2a3375dbded2c9fbc7d6,ags,yes,Mike Reilly,,betrivers,950,,oddsapi
2026-09-29T16:05:06Z,2026-09-29,FLA @ CAR,9de33ce1013f2a3375dbded2c9fbc7d6,ags,yes,Bokondji Imama,,betrivers,750,,oddsapi
2026-09-29T16:05:06Z,2026-09-29,FLA @ CAR,9de33ce1013f2a3375dbded2c9fbc7d6,ags,yes,Radko Gudas,,betrivers,900,,oddsapi
2026-09-29T16:05:06Z,2026-09-29,FLA @ CAR,9de33ce1013f2a3375dbded2c9fbc7d6,ags,yes,Carter Verhaeghe,,betrivers,230,,oddsapi
2026-09-29T16:05:06Z,2026-09-29,FLA @ CAR,9de33ce1013f2a3375dbded2c9fbc7d6,ags,yes,Aaron Ekblad,,betrivers,700,,oddsapi
2026-09-29T16:05:06Z,2026-09-29,FLA @ CAR,9de33ce1013f2a3375dbded2c9fbc7d6,ags,yes,Sean Walker,,betrivers,650,,oddsapi
2026-09-29T16:05:06Z,2026-09-29,FLA @ CAR,9de33ce1013f2a3375dbded2c9fbc7d6,ags,yes,Anton Lundell,,betrivers,340,,oddsapi
2026-09-29T16:05:06Z,2026-09-29,FLA @ CAR,9de33ce1013f2a3375dbded2c9fbc7d6,ags,yes,Garnet Hathaway,,betrivers,800,,oddsapi
2026-09-29T16:05:06Z,2026-09-29,FLA @ CAR,9de33ce1013f2a3375dbded2c9fbc7d6,ags,yes,William Carrier,,betrivers,650,,oddsapi
2026-09-29T16:05:06Z,2026-09-29,FLA @ CAR,9de33ce1013f2a3375dbded2c9fbc7d6,ags,yes,Taylor Hall,,betrivers,295,,oddsapi
2026-09-29T16:05:06Z,2026-09-29,FLA @ CAR,9de33ce1013f2a3375dbded2c9fbc7d6,ags,yes,Andrei Svechnikov,,betrivers,180,,oddsapi
2026-09-29T16:05:06Z,2026-09-29,FLA @ CAR,9de33ce1013f2a3375dbded2c9fbc7d6,ags,yes,Nikolaj Ehlers,,betrivers,250,,oddsapi
2026-09-29T16:05:06Z,2026-09-29,FLA @ CAR,9de33ce1013f2a3375dbded2c9fbc7d6,ags,yes,Mark Jankowski,,betrivers,600,,oddsapi
2026-09-29T16:05:06Z,2026-09-29,FLA @ CAR,9de33ce1013f2a3375dbded2c9fbc7d6,ags,yes,Nicolas Deslauriers,,betrivers,1000,,oddsapi
2026-09-29T16:05:06Z,2026-09-29,FLA @ CAR,9de33ce1013f2a3375dbded2c9fbc7d6,ags,yes,Sam Reinhart,,betrivers,245,,oddsapi
2026-09-29T16:05:06Z,2026-09-29,FLA @ CAR,9de33ce1013f2a3375dbded2c9fbc7d6,ags,yes,Dmitry Kulikov,,betrivers,950,,oddsapi
2026-09-29T16:05:06Z,2026-09-29,FLA @ CAR,9de33ce1013f2a3375dbded2c9fbc7d6,ags,yes,Brady Tkachuk,,betrivers,220,,oddsapi
2026-09-29T16:05:06Z,2026-09-29,FLA @ CAR,9de33ce1013f2a3375dbded2c9fbc7d6,ags,yes,Niko Mikkola,,betrivers,800,,oddsapi
2026-09-29T16:05:06Z,2026-09-29,FLA @ CAR,9de33ce1013f2a3375dbded2c9fbc7d6,ags,yes,Logan Stankoven,,betrivers,240,,oddsapi
2026-09-29T16:05:06Z,2026-09-29,FLA @ CAR,9de33ce1013f2a3375dbded2c9fbc7d6,ags,yes,Lars Eller,,betrivers,800,,oddsapi
2026-09-29T16:05:06Z,2026-09-29,FLA @ CAR,9de33ce1013f2a3375dbded2c9fbc7d6,ags,yes,Jaccob Slavin,,betrivers,900,,oddsapi
2026-09-29T16:05:06Z,2026-09-29,FLA @ CAR,9de33ce1013f2a3375dbded2c9fbc7d6,ags,yes,Jordan Martinook,,betrivers,400,,oddsapi
2026-09-29T16:05:06Z,2026-09-29,FLA @ CAR,9de33ce1013f2a3375dbded2c9fbc7d6,ags,yes,Shayne Gostisbehere,,betrivers,550,,oddsapi
2026-09-29T16:05:06Z,2026-09-29,FLA @ CAR,9de33ce1013f2a3375dbded2c9fbc7d6,ags,yes,Matthew Tkachuk,,betrivers,235,,oddsapi
2026-09-29T16:05:06Z,2026-09-29,FLA @ CAR,9de33ce1013f2a3375dbded2c9fbc7d6,ags,yes,Eetu Luostarinen,,betrivers,440,,oddsapi
2026-09-29T16:05:06Z,2026-09-29,FLA @ CAR,9de33ce1013f2a3375dbded2c9fbc7d6,ags,yes,Sam Bennett,,betrivers,210,,oddsapi
2026-09-29T16:05:06Z,2026-09-29,FLA @ CAR,9de33ce1013f2a3375dbded2c9fbc7d6,ags,yes,Eric Robinson,,betrivers,350,,oddsapi
2026-09-29T16:05:06Z,2026-09-29,FLA @ CAR,9de33ce1013f2a3375dbded2c9fbc7d6,ags,yes,Jordan Staal,,betrivers,335,,oddsapi
2026-09-29T16:05:06Z,2026-09-29,FLA @ CAR,9de33ce1013f2a3375dbded2c9fbc7d6,ags,yes,Sandis Vilmanis,,betrivers,750,,oddsapi
2026-09-29T16:05:06Z,2026-09-29,FLA @ CAR,9de33ce1013f2a3375dbded2c9fbc7d6,ags,yes,K'Andre Miller,,betrivers,650,,oddsapi
2026-09-29T16:05:06Z,2026-09-29,FLA @ CAR,9de33ce1013f2a3375dbded2c9fbc7d6,ags,yes,Aleksander Barkov,,betrivers,320,,oddsapi
2026-09-29T16:05:06Z,2026-09-29,FLA @ CAR,9de33ce1013f2a3375dbded2c9fbc7d6,ags,yes,Sebastian Aho,,betrivers,200,,oddsapi
2026-09-29T16:05:06Z,2026-09-29,FLA @ CAR,9de33ce1013f2a3375dbded2c9fbc7d6,ags,yes,Jackson Blake,,betrivers,235,,oddsapi
2026-09-29T16:05:06Z,2026-09-29,FLA @ CAR,9de33ce1013f2a3375dbded2c9fbc7d6,ags,yes,Jalen Chatfield,,betrivers,850,,oddsapi
2026-09-29T16:05:06Z,2026-09-29,FLA @ CAR,9de33ce1013f2a3375dbded2c9fbc7d6,ags,yes,Seth Jones,,betrivers,650,,oddsapi
2026-09-29T16:05:06Z,2026-09-29,FLA @ CAR,9de33ce1013f2a3375dbded2c9fbc7d6,ags,yes,Gustav Forsling,,betrivers,800,,oddsapi
2026-09-29T16:05:06Z,2026-09-29,FLA @ CAR,9de33ce1013f2a3375dbded2c9fbc7d6,fgs,yes,William Carrier,,betrivers,2500,,oddsapi
2026-09-29T16:05:06Z,2026-09-29,FLA @ CAR,9de33ce1013f2a3375dbded2c9fbc7d6,fgs,yes,Lars Eller,,betrivers,3400,,oddsapi
2026-09-29T16:05:06Z,2026-09-29,FLA @ CAR,9de33ce1013f2a3375dbded2c9fbc7d6,fgs,yes,Anton Lundell,,betrivers,1500,,oddsapi
2026-09-29T16:05:06Z,2026-09-29,FLA @ CAR,9de33ce1013f2a3375dbded2c9fbc7d6,fgs,yes,Gustav Forsling,,betrivers,3500,,oddsapi
2026-09-29T16:05:06Z,2026-09-29,FLA @ CAR,9de33ce1013f2a3375dbded2c9fbc7d6,fgs,yes,Jordan Martinook,,betrivers,1700,,oddsapi
2026-09-29T16:05:06Z,2026-09-29,FLA @ CAR,9de33ce1013f2a3375dbded2c9fbc7d6,fgs,yes,Andrei Svechnikov,,betrivers,850,,oddsapi
2026-09-29T16:05:06Z,2026-09-29,FLA @ CAR,9de33ce1013f2a3375dbded2c9fbc7d6,fgs,yes,Aleksander Barkov,,betrivers,1400,,oddsapi
2026-09-29T16:05:06Z,2026-09-29,FLA @ CAR,9de33ce1013f2a3375dbded2c9fbc7d6,fgs,yes,Taylor Hall,,betrivers,1200,,oddsapi
2026-09-29T16:05:06Z,2026-09-29,FLA @ CAR,9de33ce1013f2a3375dbded2c9fbc7d6,fgs,yes,Seth Jones,,betrivers,2800,,oddsapi
2026-09-29T16:05:06Z,2026-09-29,FLA @ CAR,9de33ce1013f2a3375dbded2c9fbc7d6,fgs,yes,Eric Robinson,,betrivers,1400,,oddsapi
2026-09-29T16:05:06Z,2026-09-29,FLA @ CAR,9de33ce1013f2a3375dbded2c9fbc7d6,fgs,yes,Sam Bennett,,betrivers,900,,oddsapi
2026-09-29T16:05:06Z,2026-09-29,FLA @ CAR,9de33ce1013f2a3375dbded2c9fbc7d6,fgs,yes,Sandis Vilmanis,,betrivers,3400,,oddsapi
2026-09-29T16:05:06Z,2026-09-29,FLA @ CAR,9de33ce1013f2a3375dbded2c9fbc7d6,fgs,yes,Shayne Gostisbehere,,betrivers,2000,,oddsapi
2026-09-29T16:05:06Z,2026-09-29,FLA @ CAR,9de33ce1013f2a3375dbded2c9fbc7d6,fgs,yes,Jaccob Slavin,,betrivers,3500,,oddsapi
2026-09-29T16:05:06Z,2026-09-29,FLA @ CAR,9de33ce1013f2a3375dbded2c9fbc7d6,fgs,yes,Nikolaj Ehlers,,betrivers,1050,,oddsapi
2026-09-29T16:05:06Z,2026-09-29,FLA @ CAR,9de33ce1013f2a3375dbded2c9fbc7d6,fgs,yes,Jackson Blake,,betrivers,1000,,oddsapi
2026-09-29T16:05:06Z,2026-09-29,FLA @ CAR,9de33ce1013f2a3375dbded2c9fbc7d6,fgs,yes,K'Andre Miller,,betrivers,2800,,oddsapi
2026-09-29T16:05:06Z,2026-09-29,FLA @ CAR,9de33ce1013f2a3375dbded2c9fbc7d6,fgs,yes,Mark Jankowski,,betrivers,2400,,oddsapi
2026-09-29T16:05:06Z,2026-09-29,FLA @ CAR,9de33ce1013f2a3375dbded2c9fbc7d6,fgs,yes,Niko Mikkola,,betrivers,3300,,oddsapi
2026-09-29T16:05:06Z,2026-09-29,FLA @ CAR,9de33ce1013f2a3375dbded2c9fbc7d6,fgs,yes,Logan Stankoven,,betrivers,1050,,oddsapi
2026-09-29T16:05:06Z,2026-09-29,FLA @ CAR,9de33ce1013f2a3375dbded2c9fbc7d6,fgs,yes,Sebastian Aho,,betrivers,900,,oddsapi
2026-09-29T16:05:06Z,2026-09-29,FLA @ CAR,9de33ce1013f2a3375dbded2c9fbc7d6,fgs,yes,Sam Reinhart,,betrivers,1100,,oddsapi
2026-09-29T16:05:06Z,2026-09-29,FLA @ CAR,9de33ce1013f2a3375dbded2c9fbc7d6,fgs,yes,Sean Walker,,betrivers,2800,,oddsapi
2026-09-29T16:05:06Z,2026-09-29,FLA @ CAR,9de33ce1013f2a3375dbded2c9fbc7d6,fgs,yes,Bokondji Imama,,betrivers,3500,,oddsapi
2026-09-29T16:05:06Z,2026-09-29,FLA @ CAR,9de33ce1013f2a3375dbded2c9fbc7d6,fgs,yes,Eetu Luostarinen,,betrivers,2000,,oddsapi
2026-09-29T16:05:06Z,2026-09-29,FLA @ CAR,9de33ce1013f2a3375dbded2c9fbc7d6,fgs,yes,Carter Verhaeghe,,betrivers,1050,,oddsapi
2026-09-29T16:05:06Z,2026-09-29,FLA @ CAR,9de33ce1013f2a3375dbded2c9fbc7d6,fgs,yes,Nicolas Deslauriers,,betrivers,4000,,oddsapi
2026-09-29T16:05:06Z,2026-09-29,FLA @ CAR,9de33ce1013f2a3375dbded2c9fbc7d6,fgs,yes,Matthew Tkachuk,,betrivers,1050,,oddsapi
2026-09-29T16:05:06Z,2026-09-29,FLA @ CAR,9de33ce1013f2a3375dbded2c9fbc7d6,fgs,yes,Radko Gudas,,betrivers,4000,,oddsapi
2026-09-29T16:05:06Z,2026-09-29,FLA @ CAR,9de33ce1013f2a3375dbded2c9fbc7d6,fgs,yes,Dmitry Kulikov,,betrivers,4000,,oddsapi
2026-09-29T16:05:06Z,2026-09-29,FLA @ CAR,9de33ce1013f2a3375dbded2c9fbc7d6,fgs,yes,Mike Reilly,,betrivers,4000,,oddsapi
2026-09-29T16:05:06Z,2026-09-29,FLA @ CAR,9de33ce1013f2a3375dbded2c9fbc7d6,fgs,yes,Garnet Hathaway,,betrivers,3300,,oddsapi
2026-09-29T16:05:06Z,2026-09-29,FLA @ CAR,9de33ce1013f2a3375dbded2c9fbc7d6,fgs,yes,Brady Tkachuk,,betrivers,950,,oddsapi
2026-09-29T16:05:06Z,2026-09-29,FLA @ CAR,9de33ce1013f2a3375dbded2c9fbc7d6,fgs,yes,Jordan Staal,,betrivers,1300,,oddsapi
2026-09-29T16:05:06Z,2026-09-29,FLA @ CAR,9de33ce1013f2a3375dbded2c9fbc7d6,fgs,yes,Jalen Chatfield,,betrivers,3500,,oddsapi
2026-09-29T16:05:06Z,2026-09-29,FLA @ CAR,9de33ce1013f2a3375dbded2c9fbc7d6,fgs,yes,Aaron Ekblad,,betrivers,2800,,oddsapi
2026-09-29T16:05:06Z,2026-09-29,FLA @ CAR,9de33ce1013f2a3375dbded2c9fbc7d6,sk_g,over,Radko Gudas,1.5,betrivers,20000,,oddsapi
2026-09-29T16:05:06Z,2026-09-29,FLA @ CAR,9de33ce1013f2a3375dbded2c9fbc7d6,sk_g,over,Garnet Hathaway,1.5,betrivers,15000,,oddsapi
2026-09-29T16:05:06Z,2026-09-29,FLA @ CAR,9de33ce1013f2a3375dbded2c9fbc7d6,sk_g,over,Sam Reinhart,2.5,betrivers,11000,,oddsapi
2026-09-29T16:05:06Z,2026-09-29,FLA @ CAR,9de33ce1013f2a3375dbded2c9fbc7d6,sk_g,over,Aleksander Barkov,1.5,betrivers,2200,,oddsapi
2026-09-29T16:05:06Z,2026-09-29,FLA @ CAR,9de33ce1013f2a3375dbded2c9fbc7d6,sk_g,over,Carter Verhaeghe,2.5,betrivers,10000,,oddsapi
2026-09-29T16:05:06Z,2026-09-29,FLA @ CAR,9de33ce1013f2a3375dbded2c9fbc7d6,sk_g,over,Seth Jones,1.5,betrivers,9000,,oddsapi
2026-09-29T16:05:06Z,2026-09-29,FLA @ CAR,9de33ce1013f2a3375dbded2c9fbc7d6,sk_g,over,Logan Stankoven,1.5,betrivers,1500,,oddsapi
2026-09-29T16:05:06Z,2026-09-29,FLA @ CAR,9de33ce1013f2a3375dbded2c9fbc7d6,sk_g,over,Eric Robinson,1.5,betrivers,2500,,oddsapi
2026-09-29T16:05:06Z,2026-09-29,FLA @ CAR,9de33ce1013f2a3375dbded2c9fbc7d6,sk_g,over,Gustav Forsling,1.5,betrivers,13000,,oddsapi
2026-09-29T16:05:06Z,2026-09-29,FLA @ CAR,9de33ce1013f2a3375dbded2c9fbc7d6,sk_g,over,William Carrier,1.5,betrivers,8000,,oddsapi
2026-09-29T16:05:06Z,2026-09-29,FLA @ CAR,9de33ce1013f2a3375dbded2c9fbc7d6,sk_g,over,Taylor Hall,1.5,betrivers,2000,,oddsapi
2026-09-29T16:05:06Z,2026-09-29,FLA @ CAR,9de33ce1013f2a3375dbded2c9fbc7d6,sk_g,over,Andrei Svechnikov,2.5,betrivers,5500,,oddsapi
2026-09-29T16:05:06Z,2026-09-29,FLA @ CAR,9de33ce1013f2a3375dbded2c9fbc7d6,sk_g,over,Taylor Hall,2.5,betrivers,15000,,oddsapi
2026-09-29T16:05:06Z,2026-09-29,FLA @ CAR,9de33ce1013f2a3375dbded2c9fbc7d6,sk_g,over,Jaccob Slavin,1.5,betrivers,16000,,oddsapi
2026-09-29T16:05:06Z,2026-09-29,FLA @ CAR,9de33ce1013f2a3375dbded2c9fbc7d6,sk_g,over,Nikolaj Ehlers,2.5,betrivers,10000,,oddsapi
2026-09-29T16:05:06Z,2026-09-29,FLA @ CAR,9de33ce1013f2a3375dbded2c9fbc7d6,sk_g,over,Bokondji Imama,1.5,betrivers,11000,,oddsapi
2026-09-29T16:05:06Z,2026-09-29,FLA @ CAR,9de33ce1013f2a3375dbded2c9fbc7d6,sk_g,over,Andrei Svechnikov,1.5,betrivers,950,,oddsapi
2026-09-29T16:05:06Z,2026-09-29,FLA @ CAR,9de33ce1013f2a3375dbded2c9fbc7d6,sk_g,over,Jordan Martinook,1.5,betrivers,3300,,oddsapi
2026-09-29T16:05:06Z,2026-09-29,FLA @ CAR,9de33ce1013f2a3375dbded2c9fbc7d6,sk_g,over,Matthew Tkachuk,1.5,betrivers,1400,,oddsapi
2026-09-29T16:05:06Z,2026-09-29,FLA @ CAR,9de33ce1013f2a3375dbded2c9fbc7d6,sk_g,over,Jordan Staal,1.5,betrivers,2400,,oddsapi
2026-09-29T16:05:06Z,2026-09-29,FLA @ CAR,9de33ce1013f2a3375dbded2c9fbc7d6,sk_g,over,Logan Stankoven,2.5,betrivers,10000,,oddsapi
2026-09-29T16:05:06Z,2026-09-29,FLA @ CAR,9de33ce1013f2a3375dbded2c9fbc7d6,sk_g,over,Sam Bennett,2.5,betrivers,7500,,oddsapi
2026-09-29T16:05:06Z,2026-09-29,FLA @ CAR,9de33ce1013f2a3375dbded2c9fbc7d6,sk_g,over,Brady Tkachuk,1.5,betrivers,1200,,oddsapi
2026-09-29T16:05:06Z,2026-09-29,FLA @ CAR,9de33ce1013f2a3375dbded2c9fbc7d6,sk_g,over,Sebastian Aho,1.5,betrivers,1050,,oddsapi
2026-09-29T16:05:06Z,2026-09-29,FLA @ CAR,9de33ce1013f2a3375dbded2c9fbc7d6,sk_g,over,Aaron Ekblad,1.5,betrivers,9000,,oddsapi
2026-09-29T16:05:06Z,2026-09-29,FLA @ CAR,9de33ce1013f2a3375dbded2c9fbc7d6,sk_g,over,Jackson Blake,1.5,betrivers,1400,,oddsapi
2026-09-29T16:05:06Z,2026-09-29,FLA @ CAR,9de33ce1013f2a3375dbded2c9fbc7d6,sk_g,over,Jackson Blake,2.5,betrivers,10000,,oddsapi
2026-09-29T16:05:06Z,2026-09-29,FLA @ CAR,9de33ce1013f2a3375dbded2c9fbc7d6,sk_g,over,Nikolaj Ehlers,1.5,betrivers,1500,,oddsapi
2026-09-29T16:05:06Z,2026-09-29,FLA @ CAR,9de33ce1013f2a3375dbded2c9fbc7d6,sk_g,over,Mark Jankowski,1.5,betrivers,7500,,oddsapi
2026-09-29T16:05:06Z,2026-09-29,FLA @ CAR,9de33ce1013f2a3375dbded2c9fbc7d6,sk_g,over,Shayne Gostisbehere,1.5,betrivers,5500,,oddsapi
2026-09-29T16:05:06Z,2026-09-29,FLA @ CAR,9de33ce1013f2a3375dbded2c9fbc7d6,sk_g,over,Matthew Tkachuk,2.5,betrivers,10000,,oddsapi
2026-09-29T16:05:06Z,2026-09-29,FLA @ CAR,9de33ce1013f2a3375dbded2c9fbc7d6,sk_g,over,Eetu Luostarinen,1.5,betrivers,3500,,oddsapi
2026-09-29T16:05:06Z,2026-09-29,FLA @ CAR,9de33ce1013f2a3375dbded2c9fbc7d6,sk_g,over,Sam Bennett,1.5,betrivers,1200,,oddsapi
2026-09-29T16:05:06Z,2026-09-29,FLA @ CAR,9de33ce1013f2a3375dbded2c9fbc7d6,sk_g,over,K'Andre Miller,1.5,betrivers,9000,,oddsapi
2026-09-29T16:05:06Z,2026-09-29,FLA @ CAR,9de33ce1013f2a3375dbded2c9fbc7d6,sk_g,over,Anton Lundell,1.5,betrivers,2200,,oddsapi
2026-09-29T16:05:06Z,2026-09-29,FLA @ CAR,9de33ce1013f2a3375dbded2c9fbc7d6,sk_g,over,Sandis Vilmanis,1.5,betrivers,12000,,oddsapi
2026-09-29T16:05:06Z,2026-09-29,FLA @ CAR,9de33ce1013f2a3375dbded2c9fbc7d6,sk_g,over,Sam Reinhart,1.5,betrivers,1400,,oddsapi
2026-09-29T16:05:06Z,2026-09-29,FLA @ CAR,9de33ce1013f2a3375dbded2c9fbc7d6,sk_g,over,Sean Walker,1.5,betrivers,8000,,oddsapi
2026-09-29T16:05:06Z,2026-09-29,FLA @ CAR,9de33ce1013f2a3375dbded2c9fbc7d6,sk_g,over,Sebastian Aho,2.5,betrivers,7000,,oddsapi
2026-09-29T16:05:06Z,2026-09-29,FLA @ CAR,9de33ce1013f2a3375dbded2c9fbc7d6,sk_g,over,Brady Tkachuk,2.5,betrivers,7500,,oddsapi
2026-09-29T16:05:06Z,2026-09-29,FLA @ CAR,9de33ce1013f2a3375dbded2c9fbc7d6,sk_g,over,Carter Verhaeghe,1.5,betrivers,1300,,oddsapi
2026-09-29T16:05:06Z,2026-09-29,FLA @ CAR,9de33ce1013f2a3375dbded2c9fbc7d6,sk_g,over,Jalen Chatfield,1.5,betrivers,16000,,oddsapi
2026-09-29T16:05:06Z,2026-09-29,FLA @ CAR,9de33ce1013f2a3375dbded2c9fbc7d6,sk_g,over,Niko Mikkola,1.5,betrivers,15000,,oddsapi
2026-09-29T16:05:06Z,2026-09-29,FLA @ CAR,9de33ce1013f2a3375dbded2c9fbc7d6,sk_g,over,Lars Eller,1.5,betrivers,13000,,oddsapi
2026-09-29T16:05:06Z,2026-09-29,FLA @ CAR,9de33ce1013f2a3375dbded2c9fbc7d6,p1_total,over,,2.5,betrivers,200,-305,oddsapi
2026-09-29T16:05:06Z,2026-09-29,FLA @ CAR,9de33ce1013f2a3375dbded2c9fbc7d6,p1_total,under,,2.5,betrivers,-305,200,oddsapi
2026-09-29T16:05:06Z,2026-09-29,FLA @ CAR,9de33ce1013f2a3375dbded2c9fbc7d6,p2_total,over,,2.5,betrivers,160,-240,oddsapi
2026-09-29T16:05:06Z,2026-09-29,FLA @ CAR,9de33ce1013f2a3375dbded2c9fbc7d6,p2_total,under,,2.5,betrivers,-240,160,oddsapi
2026-09-29T16:05:06Z,2026-09-29,FLA @ CAR,9de33ce1013f2a3375dbded2c9fbc7d6,p3_total,over,,3.5,betrivers,370,-715,oddsapi
2026-09-29T16:05:06Z,2026-09-29,FLA @ CAR,9de33ce1013f2a3375dbded2c9fbc7d6,p3_total,under,,3.5,betrivers,-715,370,oddsapi
2026-09-29T16:05:06Z,2026-09-29,FLA @ CAR,9de33ce1013f2a3375dbded2c9fbc7d6,game_pl_alt,CAR,,1.5,bovada,-370,260,oddsapi
2026-09-29T16:05:06Z,2026-09-29,FLA @ CAR,9de33ce1013f2a3375dbded2c9fbc7d6,game_pl_alt,CAR,,2.5,bovada,-650,425,oddsapi
2026-09-29T16:05:06Z,2026-09-29,FLA @ CAR,9de33ce1013f2a3375dbded2c9fbc7d6,game_pl_alt,CAR,,2.5,bovada,-700,425,oddsapi
2026-09-29T16:05:06Z,2026-09-29,FLA @ CAR,9de33ce1013f2a3375dbded2c9fbc7d6,game_pl_alt,CAR,,-2.5,bovada,295,-440,oddsapi
2026-09-29T16:05:06Z,2026-09-29,FLA @ CAR,9de33ce1013f2a3375dbded2c9fbc7d6,game_pl_alt,CAR,,3.5,bovada,-2000,800,oddsapi
2026-09-29T16:05:06Z,2026-09-29,FLA @ CAR,9de33ce1013f2a3375dbded2c9fbc7d6,game_pl_alt,FLA,,-1.5,bovada,260,-370,oddsapi
2026-09-29T16:05:06Z,2026-09-29,FLA @ CAR,9de33ce1013f2a3375dbded2c9fbc7d6,game_pl_alt,FLA,,-2.5,bovada,400,-700,oddsapi
2026-09-29T16:05:06Z,2026-09-29,FLA @ CAR,9de33ce1013f2a3375dbded2c9fbc7d6,game_pl_alt,FLA,,-2.5,bovada,425,-700,oddsapi
2026-09-29T16:05:06Z,2026-09-29,FLA @ CAR,9de33ce1013f2a3375dbded2c9fbc7d6,game_pl_alt,FLA,,2.5,bovada,-440,295,oddsapi
2026-09-29T16:05:06Z,2026-09-29,FLA @ CAR,9de33ce1013f2a3375dbded2c9fbc7d6,game_pl_alt,FLA,,-3.5,bovada,800,-2000,oddsapi
2026-09-29T16:05:06Z,2026-09-29,FLA @ CAR,9de33ce1013f2a3375dbded2c9fbc7d6,team_total_alt,over,CAR,3.5,bovada,115,-150,oddsapi
2026-09-29T16:05:06Z,2026-09-29,FLA @ CAR,9de33ce1013f2a3375dbded2c9fbc7d6,team_total_alt,under,CAR,3.5,bovada,-150,115,oddsapi
2026-09-29T16:05:06Z,2026-09-29,FLA @ CAR,9de33ce1013f2a3375dbded2c9fbc7d6,team_total_alt,over,FLA,2.5,bovada,-145,110,oddsapi
2026-09-29T16:05:06Z,2026-09-29,FLA @ CAR,9de33ce1013f2a3375dbded2c9fbc7d6,team_total_alt,under,FLA,2.5,bovada,110,-145,oddsapi
2026-09-29T16:05:06Z,2026-09-29,FLA @ CAR,9de33ce1013f2a3375dbded2c9fbc7d6,game_total_alt,over,,4.5,bovada,-460,305,oddsapi
2026-09-29T16:05:06Z,2026-09-29,FLA @ CAR,9de33ce1013f2a3375dbded2c9fbc7d6,game_total_alt,over,,5,bovada,-325,230,oddsapi
2026-09-29T16:05:06Z,2026-09-29,FLA @ CAR,9de33ce1013f2a3375dbded2c9fbc7d6,game_total_alt,over,,5.5,bovada,-155,120,oddsapi
2026-09-29T16:05:06Z,2026-09-29,FLA @ CAR,9de33ce1013f2a3375dbded2c9fbc7d6,game_total_alt,over,,6.5,bovada,100,-130,oddsapi
2026-09-29T16:05:06Z,2026-09-29,FLA @ CAR,9de33ce1013f2a3375dbded2c9fbc7d6,game_total_alt,over,,7,bovada,180,-240,oddsapi
2026-09-29T16:05:06Z,2026-09-29,FLA @ CAR,9de33ce1013f2a3375dbded2c9fbc7d6,game_total_alt,over,,7.5,bovada,220,-300,oddsapi
2026-09-29T16:05:06Z,2026-09-29,FLA @ CAR,9de33ce1013f2a3375dbded2c9fbc7d6,game_total_alt,under,,4.5,bovada,305,-460,oddsapi
2026-09-29T16:05:06Z,2026-09-29,FLA @ CAR,9de33ce1013f2a3375dbded2c9fbc7d6,game_total_alt,under,,5,bovada,230,-325,oddsapi
2026-09-29T16:05:06Z,2026-09-29,FLA @ CAR,9de33ce1013f2a3375dbded2c9fbc7d6,game_total_alt,under,,5.5,bovada,120,-155,oddsapi
2026-09-29T16:05:06Z,2026-09-29,FLA @ CAR,9de33ce1013f2a3375dbded2c9fbc7d6,game_total_alt,under,,6.5,bovada,-130,100,oddsapi
2026-09-29T16:05:06Z,2026-09-29,FLA @ CAR,9de33ce1013f2a3375dbded2c9fbc7d6,game_total_alt,under,,7,bovada,-240,180,oddsapi
2026-09-29T16:05:06Z,2026-09-29,FLA @ CAR,9de33ce1013f2a3375dbded2c9fbc7d6,game_total_alt,under,,7.5,bovada,-300,220,oddsapi
2026-09-29T16:05:06Z,2026-09-29,FLA @ CAR,9de33ce1013f2a3375dbded2c9fbc7d6,game_ml3,CAR,,,bovada,120,,oddsapi
2026-09-29T16:05:06Z,2026-09-29,FLA @ CAR,9de33ce1013f2a3375dbded2c9fbc7d6,game_ml3,FLA,,,bovada,168,,oddsapi
2026-09-29T16:05:06Z,2026-09-29,FLA @ CAR,9de33ce1013f2a3375dbded2c9fbc7d6,game_ml3,draw,,,bovada,310,,oddsapi
2026-09-29T16:05:06Z,2026-09-29,FLA @ CAR,9de33ce1013f2a3375dbded2c9fbc7d6,p1_ml,CAR,,,bovada,-130,100,oddsapi
2026-09-29T16:05:06Z,2026-09-29,FLA @ CAR,9de33ce1013f2a3375dbded2c9fbc7d6,p1_ml,FLA,,,bovada,100,-130,oddsapi
2026-09-29T16:05:06Z,2026-09-29,FLA @ CAR,9de33ce1013f2a3375dbded2c9fbc7d6,p2_ml,CAR,,,bovada,-130,100,oddsapi
2026-09-29T16:05:06Z,2026-09-29,FLA @ CAR,9de33ce1013f2a3375dbded2c9fbc7d6,p2_ml,FLA,,,bovada,100,-130,oddsapi
2026-09-29T16:05:06Z,2026-09-29,FLA @ CAR,9de33ce1013f2a3375dbded2c9fbc7d6,p3_ml,CAR,,,bovada,-135,105,oddsapi
2026-09-29T16:05:06Z,2026-09-29,FLA @ CAR,9de33ce1013f2a3375dbded2c9fbc7d6,p3_ml,FLA,,,bovada,105,-135,oddsapi
2026-09-29T16:05:06Z,2026-09-29,FLA @ CAR,9de33ce1013f2a3375dbded2c9fbc7d6,ags,yes,Garnet Hathaway,,bovada,1000,,oddsapi
2026-09-29T16:05:06Z,2026-09-29,FLA @ CAR,9de33ce1013f2a3375dbded2c9fbc7d6,ags,yes,Andrei Svechnikov,,bovada,190,,oddsapi
2026-09-29T16:05:06Z,2026-09-29,FLA @ CAR,9de33ce1013f2a3375dbded2c9fbc7d6,ags,yes,Niko Mikkola,,bovada,1200,,oddsapi
2026-09-29T16:05:06Z,2026-09-29,FLA @ CAR,9de33ce1013f2a3375dbded2c9fbc7d6,ags,yes,Seth Jones,,bovada,675,,oddsapi
2026-09-29T16:05:06Z,2026-09-29,FLA @ CAR,9de33ce1013f2a3375dbded2c9fbc7d6,ags,yes,William Carrier,,bovada,1000,,oddsapi
2026-09-29T16:05:06Z,2026-09-29,FLA @ CAR,9de33ce1013f2a3375dbded2c9fbc7d6,ags,yes,Carter Verhaeghe,,bovada,285,,oddsapi
2026-09-29T16:05:06Z,2026-09-29,FLA @ CAR,9de33ce1013f2a3375dbded2c9fbc7d6,ags,yes,Sandis Vilmanis,,bovada,900,,oddsapi
2026-09-29T16:05:06Z,2026-09-29,FLA @ CAR,9de33ce1013f2a3375dbded2c9fbc7d6,ags,yes,Shayne Gostisbehere,,bovada,500,,oddsapi
2026-09-29T16:05:06Z,2026-09-29,FLA @ CAR,9de33ce1013f2a3375dbded2c9fbc7d6,ags,yes,K'Andre Miller,,bovada,725,,oddsapi
2026-09-29T16:05:06Z,2026-09-29,FLA @ CAR,9de33ce1013f2a3375dbded2c9fbc7d6,ags,yes,Brady Tkachuk,,bovada,175,,oddsapi
2026-09-29T16:05:06Z,2026-09-29,FLA @ CAR,9de33ce1013f2a3375dbded2c9fbc7d6,ags,yes,Jaccob Slavin,,bovada,1300,,oddsapi
2026-09-29T16:05:06Z,2026-09-29,FLA @ CAR,9de33ce1013f2a3375dbded2c9fbc7d6,ags,yes,Jalen Chatfield,,bovada,1200,,oddsapi
2026-09-29T16:05:06Z,2026-09-29,FLA @ CAR,9de33ce1013f2a3375dbded2c9fbc7d6,ags,yes,Aaron Ekblad,,bovada,775,,oddsapi
2026-09-29T16:05:06Z,2026-09-29,FLA @ CAR,9de33ce1013f2a3375dbded2c9fbc7d6,ags,yes,Anton Lundell,,bovada,330,,oddsapi
2026-09-29T16:05:06Z,2026-09-29,FLA @ CAR,9de33ce1013f2a3375dbded2c9fbc7d6,ags,yes,Sebastian Aho,,bovada,212,,oddsapi
2026-09-29T16:05:06Z,2026-09-29,FLA @ CAR,9de33ce1013f2a3375dbded2c9fbc7d6,ags,yes,Nikolaj Ehlers,,bovada,220,,oddsapi
2026-09-29T16:05:06Z,2026-09-29,FLA @ CAR,9de33ce1013f2a3375dbded2c9fbc7d6,ags,yes,Gustav Forsling,,bovada,1100,,oddsapi
2026-09-29T16:05:06Z,2026-09-29,FLA @ CAR,9de33ce1013f2a3375dbded2c9fbc7d6,ags,yes,Sam Reinhart,,bovada,190,,oddsapi
2026-09-29T16:05:06Z,2026-09-29,FLA @ CAR,9de33ce1013f2a3375dbded2c9fbc7d6,ags,yes,Eetu Luostarinen,,bovada,460,,oddsapi
2026-09-29T16:05:06Z,2026-09-29,FLA @ CAR,9de33ce1013f2a3375dbded2c9fbc7d6,ags,yes,Jordan Staal,,bovada,280,,oddsapi
2026-09-29T16:05:06Z,2026-09-29,FLA @ CAR,9de33ce1013f2a3375dbded2c9fbc7d6,ags,yes,Dmitry Kulikov,,bovada,1700,,oddsapi
2026-09-29T16:05:06Z,2026-09-29,FLA @ CAR,9de33ce1013f2a3375dbded2c9fbc7d6,ags,yes,Sam Bennett,,bovada,255,,oddsapi
2026-09-29T16:05:06Z,2026-09-29,FLA @ CAR,9de33ce1013f2a3375dbded2c9fbc7d6,ags,yes,Logan Stankoven,,bovada,212,,oddsapi
2026-09-29T16:05:06Z,2026-09-29,FLA @ CAR,9de33ce1013f2a3375dbded2c9fbc7d6,ags,yes,Radko Gudas,,bovada,1700,,oddsapi
2026-09-29T16:05:06Z,2026-09-29,FLA @ CAR,9de33ce1013f2a3375dbded2c9fbc7d6,ags,yes,Jackson Blake,,bovada,240,,oddsapi
2026-09-29T16:05:06Z,2026-09-29,FLA @ CAR,9de33ce1013f2a3375dbded2c9fbc7d6,ags,yes,Eric Robinson,,bovada,405,,oddsapi
2026-09-29T16:05:06Z,2026-09-29,FLA @ CAR,9de33ce1013f2a3375dbded2c9fbc7d6,ags,yes,Sean Walker,,bovada,850,,oddsapi
2026-09-29T16:05:06Z,2026-09-29,FLA @ CAR,9de33ce1013f2a3375dbded2c9fbc7d6,ags,yes,Matthew Tkachuk,,bovada,185,,oddsapi
2026-09-29T16:05:06Z,2026-09-29,FLA @ CAR,9de33ce1013f2a3375dbded2c9fbc7d6,ags,yes,Aleksander Barkov,,bovada,255,,oddsapi
2026-09-29T16:05:06Z,2026-09-29,FLA @ CAR,9de33ce1013f2a3375dbded2c9fbc7d6,ags,yes,Jordan Martinook,,bovada,450,,oddsapi
2026-09-29T16:05:06Z,2026-09-29,FLA @ CAR,9de33ce1013f2a3375dbded2c9fbc7d6,ags,yes,Mark Jankowski,,bovada,600,,oddsapi
2026-09-29T16:05:06Z,2026-09-29,FLA @ CAR,9de33ce1013f2a3375dbded2c9fbc7d6,ags,yes,Taylor Hall,,bovada,280,,oddsapi
2026-09-29T16:05:06Z,2026-09-29,FLA @ CAR,9de33ce1013f2a3375dbded2c9fbc7d6,ags,yes,Mike Reilly,,bovada,1900,,oddsapi
2026-09-29T16:05:06Z,2026-09-29,FLA @ CAR,9de33ce1013f2a3375dbded2c9fbc7d6,ags,yes,Nicolas Deslauriers,,bovada,1000,,oddsapi
2026-09-29T16:05:06Z,2026-09-29,FLA @ CAR,9de33ce1013f2a3375dbded2c9fbc7d6,ags,yes,Bokondji Imama,,bovada,1300,,oddsapi
2026-09-29T16:05:06Z,2026-09-29,FLA @ CAR,9de33ce1013f2a3375dbded2c9fbc7d6,ags,yes,Lars Eller,,bovada,850,,oddsapi
2026-09-29T16:05:06Z,2026-09-29,FLA @ CAR,9de33ce1013f2a3375dbded2c9fbc7d6,fgs,yes,Mark Jankowski,,bovada,3500,,oddsapi
2026-09-29T16:05:06Z,2026-09-29,FLA @ CAR,9de33ce1013f2a3375dbded2c9fbc7d6,fgs,yes,K'Andre Miller,,bovada,4000,,oddsapi
2026-09-29T16:05:06Z,2026-09-29,FLA @ CAR,9de33ce1013f2a3375dbded2c9fbc7d6,fgs,yes,Aaron Ekblad,,bovada,4500,,oddsapi
2026-09-29T16:05:06Z,2026-09-29,FLA @ CAR,9de33ce1013f2a3375dbded2c9fbc7d6,fgs,yes,Logan Stankoven,,bovada,1500,,oddsapi
2026-09-29T16:05:06Z,2026-09-29,FLA @ CAR,9de33ce1013f2a3375dbded2c9fbc7d6,fgs,yes,Sebastian Aho,,bovada,1400,,oddsapi
2026-09-29T16:05:06Z,2026-09-29,FLA @ CAR,9de33ce1013f2a3375dbded2c9fbc7d6,fgs,yes,Eric Robinson,,bovada,2500,,oddsapi
2026-09-29T16:05:06Z,2026-09-29,FLA @ CAR,9de33ce1013f2a3375dbded2c9fbc7d6,fgs,yes,Sean Walker,,bovada,5000,,oddsapi
2026-09-29T16:05:06Z,2026-09-29,FLA @ CAR,9de33ce1013f2a3375dbded2c9fbc7d6,fgs,yes,Nikolaj Ehlers,,bovada,1600,,oddsapi
2026-09-29T16:05:06Z,2026-09-29,FLA @ CAR,9de33ce1013f2a3375dbded2c9fbc7d6,fgs,yes,Niko Mikkola,,bovada,8000,,oddsapi
2026-09-29T16:05:06Z,2026-09-29,FLA @ CAR,9de33ce1013f2a3375dbded2c9fbc7d6,fgs,yes,Brady Tkachuk,,bovada,1200,,oddsapi
2026-09-29T16:05:06Z,2026-09-29,FLA @ CAR,9de33ce1013f2a3375dbded2c9fbc7d6,fgs,yes,Jackson Blake,,bovada,1500,,oddsapi
2026-09-29T16:05:06Z,2026-09-29,FLA @ CAR,9de33ce1013f2a3375dbded2c9fbc7d6,fgs,yes,Seth Jones,,bovada,4000,,oddsapi
2026-09-29T16:05:06Z,2026-09-29,FLA @ CAR,9de33ce1013f2a3375dbded2c9fbc7d6,fgs,yes,Jalen Chatfield,,bovada,6000,,oddsapi
2026-09-29T16:05:06Z,2026-09-29,FLA @ CAR,9de33ce1013f2a3375dbded2c9fbc7d6,fgs,yes,Sandis Vilmanis,,bovada,5000,,oddsapi
2026-09-29T16:05:06Z,2026-09-29,FLA @ CAR,9de33ce1013f2a3375dbded2c9fbc7d6,fgs,yes,Shayne Gostisbehere,,bovada,3300,,oddsapi
2026-09-29T16:05:06Z,2026-09-29,FLA @ CAR,9de33ce1013f2a3375dbded2c9fbc7d6,fgs,yes,Jordan Staal,,bovada,1900,,oddsapi
2026-09-29T16:05:06Z,2026-09-29,FLA @ CAR,9de33ce1013f2a3375dbded2c9fbc7d6,fgs,yes,Jaccob Slavin,,bovada,7000,,oddsapi
2026-09-29T16:05:06Z,2026-09-29,FLA @ CAR,9de33ce1013f2a3375dbded2c9fbc7d6,fgs,yes,Sam Reinhart,,bovada,1300,,oddsapi
2026-09-29T16:05:06Z,2026-09-29,FLA @ CAR,9de33ce1013f2a3375dbded2c9fbc7d6,fgs,yes,Andrei Svechnikov,,bovada,1200,,oddsapi
2026-09-29T16:05:06Z,2026-09-29,FLA @ CAR,9de33ce1013f2a3375dbded2c9fbc7d6,fgs,yes,Dmitry Kulikov,,bovada,10000,,oddsapi
2026-09-29T16:05:06Z,2026-09-29,FLA @ CAR,9de33ce1013f2a3375dbded2c9fbc7d6,fgs,yes,Eetu Luostarinen,,bovada,2500,,oddsapi
2026-09-29T16:05:06Z,2026-09-29,FLA @ CAR,9de33ce1013f2a3375dbded2c9fbc7d6,fgs,yes,Taylor Hall,,bovada,1700,,oddsapi
2026-09-29T16:05:06Z,2026-09-29,FLA @ CAR,9de33ce1013f2a3375dbded2c9fbc7d6,fgs,yes,William Carrier,,bovada,4500,,oddsapi
2026-09-29T16:05:06Z,2026-09-29,FLA @ CAR,9de33ce1013f2a3375dbded2c9fbc7d6,fgs,yes,Sam Bennett,,bovada,1700,,oddsapi
2026-09-29T16:05:06Z,2026-09-29,FLA @ CAR,9de33ce1013f2a3375dbded2c9fbc7d6,fgs,yes,Jordan Martinook,,bovada,2500,,oddsapi
2026-09-29T16:05:06Z,2026-09-29,FLA @ CAR,9de33ce1013f2a3375dbded2c9fbc7d6,fgs,yes,Gustav Forsling,,bovada,5000,,oddsapi
2026-09-29T16:05:06Z,2026-09-29,FLA @ CAR,9de33ce1013f2a3375dbded2c9fbc7d6,fgs,yes,Radko Gudas,,bovada,10000,,oddsapi
2026-09-29T16:05:06Z,2026-09-29,FLA @ CAR,9de33ce1013f2a3375dbded2c9fbc7d6,fgs,yes,Aleksander Barkov,,bovada,1800,,oddsapi
2026-09-29T16:05:06Z,2026-09-29,FLA @ CAR,9de33ce1013f2a3375dbded2c9fbc7d6,fgs,yes,Matthew Tkachuk,,bovada,1300,,oddsapi
2026-09-29T16:05:06Z,2026-09-29,FLA @ CAR,9de33ce1013f2a3375dbded2c9fbc7d6,fgs,yes,Carter Verhaeghe,,bovada,1900,,oddsapi
2026-09-29T16:05:06Z,2026-09-29,FLA @ CAR,9de33ce1013f2a3375dbded2c9fbc7d6,fgs,yes,Anton Lundell,,bovada,2500,,oddsapi
2026-09-29T16:05:06Z,2026-09-29,FLA @ CAR,9de33ce1013f2a3375dbded2c9fbc7d6,fgs,yes,Bokondji Imama,,bovada,5500,,oddsapi
2026-09-29T16:05:06Z,2026-09-29,FLA @ CAR,9de33ce1013f2a3375dbded2c9fbc7d6,fgs,yes,Lars Eller,,bovada,4500,,oddsapi
2026-09-29T16:05:06Z,2026-09-29,FLA @ CAR,9de33ce1013f2a3375dbded2c9fbc7d6,p1_pl,CAR,,-0.5,bovada,155,-210,oddsapi
2026-09-29T16:05:06Z,2026-09-29,FLA @ CAR,9de33ce1013f2a3375dbded2c9fbc7d6,p1_pl,FLA,,0.5,bovada,-210,155,oddsapi
2026-09-29T16:05:06Z,2026-09-29,FLA @ CAR,9de33ce1013f2a3375dbded2c9fbc7d6,p2_pl,CAR,,-0.5,bovada,150,-200,oddsapi
2026-09-29T16:05:06Z,2026-09-29,FLA @ CAR,9de33ce1013f2a3375dbded2c9fbc7d6,p2_pl,FLA,,0.5,bovada,-200,150,oddsapi
2026-09-29T16:05:06Z,2026-09-29,FLA @ CAR,9de33ce1013f2a3375dbded2c9fbc7d6,p3_pl,CAR,,-0.5,bovada,130,-170,oddsapi
2026-09-29T16:05:06Z,2026-09-29,FLA @ CAR,9de33ce1013f2a3375dbded2c9fbc7d6,p3_pl,FLA,,0.5,bovada,-170,130,oddsapi
2026-09-29T16:05:06Z,2026-09-29,FLA @ CAR,9de33ce1013f2a3375dbded2c9fbc7d6,p1_total,over,,1.5,bovada,-135,105,oddsapi
2026-09-29T16:05:06Z,2026-09-29,FLA @ CAR,9de33ce1013f2a3375dbded2c9fbc7d6,p1_total,under,,1.5,bovada,105,-135,oddsapi
2026-09-29T16:05:06Z,2026-09-29,FLA @ CAR,9de33ce1013f2a3375dbded2c9fbc7d6,p2_total,over,,2,bovada,110,-145,oddsapi
2026-09-29T16:05:06Z,2026-09-29,FLA @ CAR,9de33ce1013f2a3375dbded2c9fbc7d6,p2_total,under,,2,bovada,-145,110,oddsapi
2026-09-29T16:05:06Z,2026-09-29,FLA @ CAR,9de33ce1013f2a3375dbded2c9fbc7d6,p3_total,over,,2,bovada,-135,105,oddsapi
2026-09-29T16:05:06Z,2026-09-29,FLA @ CAR,9de33ce1013f2a3375dbded2c9fbc7d6,p3_total,under,,2,bovada,105,-135,oddsapi
2026-09-29T16:05:06Z,2026-09-29,FLA @ CAR,9de33ce1013f2a3375dbded2c9fbc7d6,game_ml3,CAR,,,fanatics,120,,oddsapi
2026-09-29T16:05:06Z,2026-09-29,FLA @ CAR,9de33ce1013f2a3375dbded2c9fbc7d6,game_ml3,FLA,,,fanatics,165,,oddsapi
2026-09-29T16:05:06Z,2026-09-29,FLA @ CAR,9de33ce1013f2a3375dbded2c9fbc7d6,game_ml3,draw,,,fanatics,280,,oddsapi
2026-09-29T16:05:06Z,2026-09-29,FLA @ CAR,9de33ce1013f2a3375dbded2c9fbc7d6,ags,yes,Shayne Gostisbehere,,fanatics,650,,oddsapi
2026-09-29T16:05:06Z,2026-09-29,FLA @ CAR,9de33ce1013f2a3375dbded2c9fbc7d6,ags,yes,Taylor Hall,,fanatics,260,,oddsapi
2026-09-29T16:05:06Z,2026-09-29,FLA @ CAR,9de33ce1013f2a3375dbded2c9fbc7d6,ags,yes,Nikolaj Ehlers,,fanatics,210,,oddsapi
2026-09-29T16:05:06Z,2026-09-29,FLA @ CAR,9de33ce1013f2a3375dbded2c9fbc7d6,ags,yes,Sean Walker,,fanatics,800,,oddsapi
2026-09-29T16:05:06Z,2026-09-29,FLA @ CAR,9de33ce1013f2a3375dbded2c9fbc7d6,ags,yes,Nicolas Deslauriers,,fanatics,900,,oddsapi
2026-09-29T16:05:06Z,2026-09-29,FLA @ CAR,9de33ce1013f2a3375dbded2c9fbc7d6,ags,yes,K'Andre Miller,,fanatics,700,,oddsapi
2026-09-29T16:05:06Z,2026-09-29,FLA @ CAR,9de33ce1013f2a3375dbded2c9fbc7d6,ags,yes,Jalen Chatfield,,fanatics,1400,,oddsapi
2026-09-29T16:05:06Z,2026-09-29,FLA @ CAR,9de33ce1013f2a3375dbded2c9fbc7d6,ags,yes,Jordan Staal,,fanatics,275,,oddsapi
2026-09-29T16:05:06Z,2026-09-29,FLA @ CAR,9de33ce1013f2a3375dbded2c9fbc7d6,ags,yes,Sebastian Aho,,fanatics,200,,oddsapi
2026-09-29T16:05:06Z,2026-09-29,FLA @ CAR,9de33ce1013f2a3375dbded2c9fbc7d6,ags,yes,Jordan Martinook,,fanatics,450,,oddsapi
2026-09-29T16:05:06Z,2026-09-29,FLA @ CAR,9de33ce1013f2a3375dbded2c9fbc7d6,ags,yes,William Carrier,,fanatics,1100,,oddsapi
2026-09-29T16:05:06Z,2026-09-29,FLA @ CAR,9de33ce1013f2a3375dbded2c9fbc7d6,ags,yes,Mark Jankowski,,fanatics,650,,oddsapi
2026-09-29T16:05:06Z,2026-09-29,FLA @ CAR,9de33ce1013f2a3375dbded2c9fbc7d6,ags,yes,Logan Stankoven,,fanatics,230,,oddsapi
2026-09-29T16:05:06Z,2026-09-29,FLA @ CAR,9de33ce1013f2a3375dbded2c9fbc7d6,ags,yes,Andrei Svechnikov,,fanatics,180,,oddsapi
2026-09-29T16:05:06Z,2026-09-29,FLA @ CAR,9de33ce1013f2a3375dbded2c9fbc7d6,ags,yes,Eric Robinson,,fanatics,430,,oddsapi
2026-09-29T16:05:06Z,2026-09-29,FLA @ CAR,9de33ce1013f2a3375dbded2c9fbc7d6,ags,yes,Jackson Blake,,fanatics,230,,oddsapi
2026-09-29T16:05:06Z,2026-09-29,FLA @ CAR,9de33ce1013f2a3375dbded2c9fbc7d6,ags,yes,Aaron Ekblad,,fanatics,850,,oddsapi
2026-09-29T16:05:06Z,2026-09-29,FLA @ CAR,9de33ce1013f2a3375dbded2c9fbc7d6,ags,yes,Dmitry Kulikov,,fanatics,1900,,oddsapi
2026-09-29T16:05:06Z,2026-09-29,FLA @ CAR,9de33ce1013f2a3375dbded2c9fbc7d6,ags,yes,Sam Bennett,,fanatics,250,,oddsapi
2026-09-29T16:05:06Z,2026-09-29,FLA @ CAR,9de33ce1013f2a3375dbded2c9fbc7d6,ags,yes,Sam Reinhart,,fanatics,185,,oddsapi
2026-09-29T16:05:06Z,2026-09-29,FLA @ CAR,9de33ce1013f2a3375dbded2c9fbc7d6,ags,yes,Anton Lundell,,fanatics,350,,oddsapi
2026-09-29T16:05:06Z,2026-09-29,FLA @ CAR,9de33ce1013f2a3375dbded2c9fbc7d6,ags,yes,Aleksander Barkov,,fanatics,260,,oddsapi
2026-09-29T16:05:06Z,2026-09-29,FLA @ CAR,9de33ce1013f2a3375dbded2c9fbc7d6,ags,yes,Matthew Tkachuk,,fanatics,185,,oddsapi
2026-09-29T16:05:06Z,2026-09-29,FLA @ CAR,9de33ce1013f2a3375dbded2c9fbc7d6,ags,yes,Carter Verhaeghe,,fanatics,285,,oddsapi
2026-09-29T16:05:06Z,2026-09-29,FLA @ CAR,9de33ce1013f2a3375dbded2c9fbc7d6,ags,yes,Eetu Luostarinen,,fanatics,430,,oddsapi
2026-09-29T16:05:06Z,2026-09-29,FLA @ CAR,9de33ce1013f2a3375dbded2c9fbc7d6,ags,yes,Gustav Forsling,,fanatics,1000,,oddsapi
2026-09-29T16:05:06Z,2026-09-29,FLA @ CAR,9de33ce1013f2a3375dbded2c9fbc7d6,ags,yes,Niko Mikkola,,fanatics,1100,,oddsapi
2026-09-29T16:05:06Z,2026-09-29,FLA @ CAR,9de33ce1013f2a3375dbded2c9fbc7d6,ags,yes,Brady Tkachuk,,fanatics,165,,oddsapi
2026-09-29T16:05:06Z,2026-09-29,FLA @ CAR,9de33ce1013f2a3375dbded2c9fbc7d6,ags,yes,Seth Jones,,fanatics,650,,oddsapi
2026-09-29T16:05:06Z,2026-09-29,FLA @ CAR,9de33ce1013f2a3375dbded2c9fbc7d6,ags,yes,Garnet Hathaway,,fanatics,900,,oddsapi
2026-09-29T16:05:06Z,2026-09-29,FLA @ CAR,9de33ce1013f2a3375dbded2c9fbc7d6,ags,yes,Lars Eller,,fanatics,900,,oddsapi
2026-09-29T16:05:06Z,2026-09-29,FLA @ CAR,9de33ce1013f2a3375dbded2c9fbc7d6,ags,yes,Radko Gudas,,fanatics,2000,,oddsapi
2026-09-29T16:05:06Z,2026-09-29,FLA @ CAR,9de33ce1013f2a3375dbded2c9fbc7d6,ags,yes,Sandis Vilmanis,,fanatics,850,,oddsapi
2026-09-29T16:05:06Z,2026-09-29,FLA @ CAR,9de33ce1013f2a3375dbded2c9fbc7d6,ags,yes,Mike Reilly,,fanatics,1900,,oddsapi
2026-09-29T16:05:06Z,2026-09-29,FLA @ CAR,9de33ce1013f2a3375dbded2c9fbc7d6,ags,yes,Bokondji Imama,,fanatics,1200,,oddsapi
2026-09-29T16:05:06Z,2026-09-29,FLA @ CAR,9de33ce1013f2a3375dbded2c9fbc7d6,fgs,yes,Shayne Gostisbehere,,fanatics,3000,,oddsapi
2026-09-29T16:05:06Z,2026-09-29,FLA @ CAR,9de33ce1013f2a3375dbded2c9fbc7d6,fgs,yes,Taylor Hall,,fanatics,1500,,oddsapi
2026-09-29T16:05:06Z,2026-09-29,FLA @ CAR,9de33ce1013f2a3375dbded2c9fbc7d6,fgs,yes,Nikolaj Ehlers,,fanatics,1200,,oddsapi
2026-09-29T16:05:06Z,2026-09-29,FLA @ CAR,9de33ce1013f2a3375dbded2c9fbc7d6,fgs,yes,Sean Walker,,fanatics,4000,,oddsapi
2026-09-29T16:05:06Z,2026-09-29,FLA @ CAR,9de33ce1013f2a3375dbded2c9fbc7d6,fgs,yes,Nicolas Deslauriers,,fanatics,4000,,oddsapi
2026-09-29T16:05:06Z,2026-09-29,FLA @ CAR,9de33ce1013f2a3375dbded2c9fbc7d6,fgs,yes,K'Andre Miller,,fanatics,3000,,oddsapi
2026-09-29T16:05:06Z,2026-09-29,FLA @ CAR,9de33ce1013f2a3375dbded2c9fbc7d6,fgs,yes,Jalen Chatfield,,fanatics,6000,,oddsapi
2026-09-29T16:05:06Z,2026-09-29,FLA @ CAR,9de33ce1013f2a3375dbded2c9fbc7d6,fgs,yes,Jordan Staal,,fanatics,1500,,oddsapi
2026-09-29T16:05:06Z,2026-09-29,FLA @ CAR,9de33ce1013f2a3375dbded2c9fbc7d6,fgs,yes,Sebastian Aho,,fanatics,1200,,oddsapi
2026-09-29T16:05:06Z,2026-09-29,FLA @ CAR,9de33ce1013f2a3375dbded2c9fbc7d6,fgs,yes,Jordan Martinook,,fanatics,1900,,oddsapi
2026-09-29T16:05:06Z,2026-09-29,FLA @ CAR,9de33ce1013f2a3375dbded2c9fbc7d6,fgs,yes,William Carrier,,fanatics,4500,,oddsapi
2026-09-29T16:05:06Z,2026-09-29,FLA @ CAR,9de33ce1013f2a3375dbded2c9fbc7d6,fgs,yes,Mark Jankowski,,fanatics,2800,,oddsapi
2026-09-29T16:05:06Z,2026-09-29,FLA @ CAR,9de33ce1013f2a3375dbded2c9fbc7d6,fgs,yes,Logan Stankoven,,fanatics,1300,,oddsapi
2026-09-29T16:05:06Z,2026-09-29,FLA @ CAR,9de33ce1013f2a3375dbded2c9fbc7d6,fgs,yes,Andrei Svechnikov,,fanatics,1100,,oddsapi
2026-09-29T16:05:06Z,2026-09-29,FLA @ CAR,9de33ce1013f2a3375dbded2c9fbc7d6,fgs,yes,Eric Robinson,,fanatics,2200,,oddsapi
2026-09-29T16:05:06Z,2026-09-29,FLA @ CAR,9de33ce1013f2a3375dbded2c9fbc7d6,fgs,yes,Jackson Blake,,fanatics,1200,,oddsapi
2026-09-29T16:05:06Z,2026-09-29,FLA @ CAR,9de33ce1013f2a3375dbded2c9fbc7d6,fgs,yes,Aaron Ekblad,,fanatics,3500,,oddsapi
2026-09-29T16:05:06Z,2026-09-29,FLA @ CAR,9de33ce1013f2a3375dbded2c9fbc7d6,fgs,yes,Dmitry Kulikov,,fanatics,7000,,oddsapi
2026-09-29T16:05:06Z,2026-09-29,FLA @ CAR,9de33ce1013f2a3375dbded2c9fbc7d6,fgs,yes,Sam Bennett,,fanatics,1300,,oddsapi
2026-09-29T16:05:06Z,2026-09-29,FLA @ CAR,9de33ce1013f2a3375dbded2c9fbc7d6,fgs,yes,Sam Reinhart,,fanatics,1100,,oddsapi
2026-09-29T16:05:06Z,2026-09-29,FLA @ CAR,9de33ce1013f2a3375dbded2c9fbc7d6,fgs,yes,Anton Lundell,,fanatics,1700,,oddsapi
2026-09-29T16:05:06Z,2026-09-29,FLA @ CAR,9de33ce1013f2a3375dbded2c9fbc7d6,fgs,yes,Aleksander Barkov,,fanatics,1300,,oddsapi
2026-09-29T16:05:06Z,2026-09-29,FLA @ CAR,9de33ce1013f2a3375dbded2c9fbc7d6,fgs,yes,Matthew Tkachuk,,fanatics,1100,,oddsapi
2026-09-29T16:05:06Z,2026-09-29,FLA @ CAR,9de33ce1013f2a3375dbded2c9fbc7d6,fgs,yes,Carter Verhaeghe,,fanatics,1500,,oddsapi
2026-09-29T16:05:06Z,2026-09-29,FLA @ CAR,9de33ce1013f2a3375dbded2c9fbc7d6,fgs,yes,Eetu Luostarinen,,fanatics,1900,,oddsapi
2026-09-29T16:05:06Z,2026-09-29,FLA @ CAR,9de33ce1013f2a3375dbded2c9fbc7d6,fgs,yes,Gustav Forsling,,fanatics,4500,,oddsapi
2026-09-29T16:05:06Z,2026-09-29,FLA @ CAR,9de33ce1013f2a3375dbded2c9fbc7d6,fgs,yes,Niko Mikkola,,fanatics,5000,,oddsapi
2026-09-29T16:05:06Z,2026-09-29,FLA @ CAR,9de33ce1013f2a3375dbded2c9fbc7d6,fgs,yes,Brady Tkachuk,,fanatics,1100,,oddsapi
2026-09-29T16:05:06Z,2026-09-29,FLA @ CAR,9de33ce1013f2a3375dbded2c9fbc7d6,fgs,yes,Seth Jones,,fanatics,2800,,oddsapi
2026-09-29T16:05:06Z,2026-09-29,FLA @ CAR,9de33ce1013f2a3375dbded2c9fbc7d6,fgs,yes,Garnet Hathaway,,fanatics,4000,,oddsapi
2026-09-29T16:05:06Z,2026-09-29,FLA @ CAR,9de33ce1013f2a3375dbded2c9fbc7d6,fgs,yes,Lars Eller,,fanatics,4000,,oddsapi
2026-09-29T16:05:06Z,2026-09-29,FLA @ CAR,9de33ce1013f2a3375dbded2c9fbc7d6,fgs,yes,Radko Gudas,,fanatics,8000,,oddsapi
2026-09-29T16:05:06Z,2026-09-29,FLA @ CAR,9de33ce1013f2a3375dbded2c9fbc7d6,fgs,yes,Sandis Vilmanis,,fanatics,3000,,oddsapi
2026-09-29T16:05:06Z,2026-09-29,FLA @ CAR,9de33ce1013f2a3375dbded2c9fbc7d6,fgs,yes,No 1st Goal,,fanatics,15000,,oddsapi
2026-09-29T16:05:06Z,2026-09-29,FLA @ CAR,9de33ce1013f2a3375dbded2c9fbc7d6,fgs,yes,Mike Reilly,,fanatics,8000,,oddsapi
2026-09-29T16:05:06Z,2026-09-29,FLA @ CAR,9de33ce1013f2a3375dbded2c9fbc7d6,fgs,yes,Bokondji Imama,,fanatics,5000,,oddsapi
2026-09-29T16:05:06Z,2026-09-29,FLA @ CAR,9de33ce1013f2a3375dbded2c9fbc7d6,team_total,over,CAR,2.5,fanatics,-205,155,oddsapi
2026-09-29T16:05:06Z,2026-09-29,FLA @ CAR,9de33ce1013f2a3375dbded2c9fbc7d6,team_total,under,CAR,2.5,fanatics,155,-205,oddsapi
2026-09-29T16:05:06Z,2026-09-29,FLA @ CAR,9de33ce1013f2a3375dbded2c9fbc7d6,team_total,over,FLA,2.5,fanatics,-165,125,oddsapi
2026-09-29T16:05:06Z,2026-09-29,FLA @ CAR,9de33ce1013f2a3375dbded2c9fbc7d6,team_total,under,FLA,2.5,fanatics,125,-165,oddsapi
2026-09-29T16:05:06Z,2026-09-29,FLA @ CAR,9de33ce1013f2a3375dbded2c9fbc7d6,p1_ml,CAR,,,betus,-122,-108,oddsapi
2026-09-29T16:05:06Z,2026-09-29,FLA @ CAR,9de33ce1013f2a3375dbded2c9fbc7d6,p1_ml,FLA,,,betus,-108,-122,oddsapi
2026-09-29T16:05:06Z,2026-09-29,FLA @ CAR,9de33ce1013f2a3375dbded2c9fbc7d6,p1_pl,CAR,,-0.5,betus,155,-185,oddsapi
2026-09-29T16:05:06Z,2026-09-29,FLA @ CAR,9de33ce1013f2a3375dbded2c9fbc7d6,p1_pl,FLA,,0.5,betus,-185,155,oddsapi
2026-09-29T16:05:06Z,2026-09-29,FLA @ CAR,9de33ce1013f2a3375dbded2c9fbc7d6,p1_total,over,,1.5,betus,-135,105,oddsapi
2026-09-29T16:05:06Z,2026-09-29,FLA @ CAR,9de33ce1013f2a3375dbded2c9fbc7d6,p1_total,under,,1.5,betus,105,-135,oddsapi
2026-09-29T16:05:06Z,2026-09-29,MTL @ TOR,485b295347cb22f002e014cb87813ed7,game_pl_alt,MTL,,-3.5,draftkings,800,-1800,oddsapi
2026-09-29T16:05:06Z,2026-09-29,MTL @ TOR,485b295347cb22f002e014cb87813ed7,game_pl_alt,MTL,,-2.5,draftkings,340,-525,oddsapi
2026-09-29T16:05:06Z,2026-09-29,MTL @ TOR,485b295347cb22f002e014cb87813ed7,game_pl_alt,MTL,,1.5,draftkings,-255,185,oddsapi
2026-09-29T16:05:06Z,2026-09-29,MTL @ TOR,485b295347cb22f002e014cb87813ed7,game_pl_alt,MTL,,2.5,draftkings,-475,310,oddsapi
2026-09-29T16:05:06Z,2026-09-29,MTL @ TOR,485b295347cb22f002e014cb87813ed7,game_pl_alt,MTL,,3.5,draftkings,-1400,700,oddsapi
2026-09-29T16:05:06Z,2026-09-29,MTL @ TOR,485b295347cb22f002e014cb87813ed7,game_pl_alt,TOR,,3.5,draftkings,-1800,800,oddsapi
2026-09-29T16:05:06Z,2026-09-29,MTL @ TOR,485b295347cb22f002e014cb87813ed7,game_pl_alt,TOR,,2.5,draftkings,-525,340,oddsapi
2026-09-29T16:05:06Z,2026-09-29,MTL @ TOR,485b295347cb22f002e014cb87813ed7,game_pl_alt,TOR,,-1.5,draftkings,185,-255,oddsapi
2026-09-29T16:05:06Z,2026-09-29,MTL @ TOR,485b295347cb22f002e014cb87813ed7,game_pl_alt,TOR,,-2.5,draftkings,310,-475,oddsapi
2026-09-29T16:05:06Z,2026-09-29,MTL @ TOR,485b295347cb22f002e014cb87813ed7,game_pl_alt,TOR,,-3.5,draftkings,700,-1400,oddsapi
2026-09-29T16:05:06Z,2026-09-29,MTL @ TOR,485b295347cb22f002e014cb87813ed7,team_total_alt,over,MTL,0.5,draftkings,-3500,1100,oddsapi
2026-09-29T16:05:06Z,2026-09-29,MTL @ TOR,485b295347cb22f002e014cb87813ed7,team_total_alt,under,MTL,0.5,draftkings,1100,-3500,oddsapi
2026-09-29T16:05:06Z,2026-09-29,MTL @ TOR,485b295347cb22f002e014cb87813ed7,team_total_alt,over,MTL,1.5,draftkings,-525,340,oddsapi
2026-09-29T16:05:06Z,2026-09-29,MTL @ TOR,485b295347cb22f002e014cb87813ed7,team_total_alt,under,MTL,1.5,draftkings,340,-525,oddsapi
2026-09-29T16:05:06Z,2026-09-29,MTL @ TOR,485b295347cb22f002e014cb87813ed7,team_total_alt,over,MTL,2.5,draftkings,-175,135,oddsapi
2026-09-29T16:05:06Z,2026-09-29,MTL @ TOR,485b295347cb22f002e014cb87813ed7,team_total_alt,under,MTL,2.5,draftkings,135,-175,oddsapi
2026-09-29T16:05:06Z,2026-09-29,MTL @ TOR,485b295347cb22f002e014cb87813ed7,team_total_alt,over,MTL,3.5,draftkings,135,-175,oddsapi
2026-09-29T16:05:06Z,2026-09-29,MTL @ TOR,485b295347cb22f002e014cb87813ed7,team_total_alt,under,MTL,3.5,draftkings,-175,135,oddsapi
2026-09-29T16:05:06Z,2026-09-29,MTL @ TOR,485b295347cb22f002e014cb87813ed7,team_total_alt,over,MTL,4.5,draftkings,290,-430,oddsapi
2026-09-29T16:05:06Z,2026-09-29,MTL @ TOR,485b295347cb22f002e014cb87813ed7,team_total_alt,under,MTL,4.5,draftkings,-430,290,oddsapi
2026-09-29T16:05:06Z,2026-09-29,MTL @ TOR,485b295347cb22f002e014cb87813ed7,team_total_alt,over,MTL,5.5,draftkings,700,-1400,oddsapi
2026-09-29T16:05:06Z,2026-09-29,MTL @ TOR,485b295347cb22f002e014cb87813ed7,team_total_alt,under,MTL,5.5,draftkings,-1400,700,oddsapi
2026-09-29T16:05:06Z,2026-09-29,MTL @ TOR,485b295347cb22f002e014cb87813ed7,team_total_alt,over,TOR,0.5,draftkings,-6000,1300,oddsapi
2026-09-29T16:05:06Z,2026-09-29,MTL @ TOR,485b295347cb22f002e014cb87813ed7,team_total_alt,under,TOR,0.5,draftkings,1300,-6000,oddsapi
2026-09-29T16:05:06Z,2026-09-29,MTL @ TOR,485b295347cb22f002e014cb87813ed7,team_total_alt,over,TOR,1.5,draftkings,-615,380,oddsapi
2026-09-29T16:05:06Z,2026-09-29,MTL @ TOR,485b295347cb22f002e014cb87813ed7,team_total_alt,under,TOR,1.5,draftkings,380,-615,oddsapi
2026-09-29T16:05:06Z,2026-09-29,MTL @ TOR,485b295347cb22f002e014cb87813ed7,team_total_alt,over,TOR,2.5,draftkings,-200,150,oddsapi
2026-09-29T16:05:06Z,2026-09-29,MTL @ TOR,485b295347cb22f002e014cb87813ed7,team_total_alt,under,TOR,2.5,draftkings,150,-200,oddsapi
2026-09-29T16:05:06Z,2026-09-29,MTL @ TOR,485b295347cb22f002e014cb87813ed7,team_total_alt,over,TOR,3.5,draftkings,115,-155,oddsapi
2026-09-29T16:05:06Z,2026-09-29,MTL @ TOR,485b295347cb22f002e014cb87813ed7,team_total_alt,under,TOR,3.5,draftkings,-155,115,oddsapi
2026-09-29T16:05:06Z,2026-09-29,MTL @ TOR,485b295347cb22f002e014cb87813ed7,team_total_alt,over,TOR,4.5,draftkings,265,-385,oddsapi
2026-09-29T16:05:06Z,2026-09-29,MTL @ TOR,485b295347cb22f002e014cb87813ed7,team_total_alt,under,TOR,4.5,draftkings,-385,265,oddsapi
2026-09-29T16:05:06Z,2026-09-29,MTL @ TOR,485b295347cb22f002e014cb87813ed7,team_total_alt,over,TOR,5.5,draftkings,625,-1200,oddsapi
2026-09-29T16:05:06Z,2026-09-29,MTL @ TOR,485b295347cb22f002e014cb87813ed7,team_total_alt,under,TOR,5.5,draftkings,-1200,625,oddsapi
2026-09-29T16:05:06Z,2026-09-29,MTL @ TOR,485b295347cb22f002e014cb87813ed7,game_total_alt,over,,3.5,draftkings,-1000,550,oddsapi
2026-09-29T16:05:06Z,2026-09-29,MTL @ TOR,485b295347cb22f002e014cb87813ed7,game_total_alt,over,,4.5,draftkings,-505,330,oddsapi
2026-09-29T16:05:06Z,2026-09-29,MTL @ TOR,485b295347cb22f002e014cb87813ed7,game_total_alt,over,,5.5,draftkings,-165,125,oddsapi
2026-09-29T16:05:06Z,2026-09-29,MTL @ TOR,485b295347cb22f002e014cb87813ed7,game_total_alt,over,,7.5,draftkings,220,-310,oddsapi
2026-09-29T16:05:06Z,2026-09-29,MTL @ TOR,485b295347cb22f002e014cb87813ed7,game_total_alt,over,,8.5,draftkings,330,-505,oddsapi
2026-09-29T16:05:06Z,2026-09-29,MTL @ TOR,485b295347cb22f002e014cb87813ed7,game_total_alt,over,,9.5,draftkings,700,-1400,oddsapi
2026-09-29T16:05:06Z,2026-09-29,MTL @ TOR,485b295347cb22f002e014cb87813ed7,game_total_alt,under,,3.5,draftkings,550,-1000,oddsapi
2026-09-29T16:05:06Z,2026-09-29,MTL @ TOR,485b295347cb22f002e014cb87813ed7,game_total_alt,under,,4.5,draftkings,330,-505,oddsapi
2026-09-29T16:05:06Z,2026-09-29,MTL @ TOR,485b295347cb22f002e014cb87813ed7,game_total_alt,under,,5.5,draftkings,125,-165,oddsapi
2026-09-29T16:05:06Z,2026-09-29,MTL @ TOR,485b295347cb22f002e014cb87813ed7,game_total_alt,under,,7.5,draftkings,-310,220,oddsapi
2026-09-29T16:05:06Z,2026-09-29,MTL @ TOR,485b295347cb22f002e014cb87813ed7,game_total_alt,under,,8.5,draftkings,-505,330,oddsapi
2026-09-29T16:05:06Z,2026-09-29,MTL @ TOR,485b295347cb22f002e014cb87813ed7,game_total_alt,under,,9.5,draftkings,-1400,700,oddsapi
2026-09-29T16:05:06Z,2026-09-29,MTL @ TOR,485b295347cb22f002e014cb87813ed7,game_ml3,MTL,,,draftkings,150,,oddsapi
2026-09-29T16:05:06Z,2026-09-29,MTL @ TOR,485b295347cb22f002e014cb87813ed7,game_ml3,TOR,,,draftkings,125,,oddsapi
2026-09-29T16:05:06Z,2026-09-29,MTL @ TOR,485b295347cb22f002e014cb87813ed7,game_ml3,draw,,,draftkings,310,,oddsapi
2026-09-29T16:05:06Z,2026-09-29,MTL @ TOR,485b295347cb22f002e014cb87813ed7,p1_ml3,MTL,,,draftkings,190,,oddsapi
2026-09-29T16:05:06Z,2026-09-29,MTL @ TOR,485b295347cb22f002e014cb87813ed7,p1_ml3,TOR,,,draftkings,165,,oddsapi
2026-09-29T16:05:06Z,2026-09-29,MTL @ TOR,485b295347cb22f002e014cb87813ed7,p1_ml3,draw,,,draftkings,185,,oddsapi
2026-09-29T16:05:06Z,2026-09-29,MTL @ TOR,485b295347cb22f002e014cb87813ed7,p2_ml3,MTL,,,draftkings,170,,oddsapi
2026-09-29T16:05:06Z,2026-09-29,MTL @ TOR,485b295347cb22f002e014cb87813ed7,p2_ml3,TOR,,,draftkings,155,,oddsapi
2026-09-29T16:05:06Z,2026-09-29,MTL @ TOR,485b295347cb22f002e014cb87813ed7,p2_ml3,draw,,,draftkings,215,,oddsapi
2026-09-29T16:05:06Z,2026-09-29,MTL @ TOR,485b295347cb22f002e014cb87813ed7,p3_ml3,MTL,,,draftkings,155,,oddsapi
2026-09-29T16:05:06Z,2026-09-29,MTL @ TOR,485b295347cb22f002e014cb87813ed7,p3_ml3,TOR,,,draftkings,150,,oddsapi
2026-09-29T16:05:06Z,2026-09-29,MTL @ TOR,485b295347cb22f002e014cb87813ed7,p3_ml3,draw,,,draftkings,255,,oddsapi
2026-09-29T16:05:06Z,2026-09-29,MTL @ TOR,485b295347cb22f002e014cb87813ed7,sk_a,over,Lane Hutson,0.5,draftkings,-130,-105,oddsapi
2026-09-29T16:05:06Z,2026-09-29,MTL @ TOR,485b295347cb22f002e014cb87813ed7,sk_a,under,Lane Hutson,0.5,draftkings,-105,-130,oddsapi
2026-09-29T16:05:06Z,2026-09-29,MTL @ TOR,485b295347cb22f002e014cb87813ed7,sk_a,over,Nick Suzuki,0.5,draftkings,-125,-105,oddsapi
2026-09-29T16:05:06Z,2026-09-29,MTL @ TOR,485b295347cb22f002e014cb87813ed7,sk_a,under,Nick Suzuki,0.5,draftkings,-105,-125,oddsapi
2026-09-29T16:05:06Z,2026-09-29,MTL @ TOR,485b295347cb22f002e014cb87813ed7,sk_a,over,William Nylander,0.5,draftkings,100,-135,oddsapi
2026-09-29T16:05:06Z,2026-09-29,MTL @ TOR,485b295347cb22f002e014cb87813ed7,sk_a,under,William Nylander,0.5,draftkings,-135,100,oddsapi
2026-09-29T16:05:06Z,2026-09-29,MTL @ TOR,485b295347cb22f002e014cb87813ed7,sk_a,over,Darren Raddysh,0.5,draftkings,120,-160,oddsapi
2026-09-29T16:05:06Z,2026-09-29,MTL @ TOR,485b295347cb22f002e014cb87813ed7,sk_a,under,Darren Raddysh,0.5,draftkings,-160,120,oddsapi
2026-09-29T16:05:06Z,2026-09-29,MTL @ TOR,485b295347cb22f002e014cb87813ed7,sk_a,over,Auston Matthews,0.5,draftkings,125,-170,oddsapi
2026-09-29T16:05:06Z,2026-09-29,MTL @ TOR,485b295347cb22f002e014cb87813ed7,sk_a,under,Auston Matthews,0.5,draftkings,-170,125,oddsapi
2026-09-29T16:05:06Z,2026-09-29,MTL @ TOR,485b295347cb22f002e014cb87813ed7,sk_a,over,John Tavares,0.5,draftkings,125,-170,oddsapi
2026-09-29T16:05:06Z,2026-09-29,MTL @ TOR,485b295347cb22f002e014cb87813ed7,sk_a,under,John Tavares,0.5,draftkings,-170,125,oddsapi
2026-09-29T16:05:06Z,2026-09-29,MTL @ TOR,485b295347cb22f002e014cb87813ed7,sk_a,over,Juraj Slafkovsky,0.5,draftkings,145,-195,oddsapi
2026-09-29T16:05:06Z,2026-09-29,MTL @ TOR,485b295347cb22f002e014cb87813ed7,sk_a,under,Juraj Slafkovsky,0.5,draftkings,-195,145,oddsapi
2026-09-29T16:05:06Z,2026-09-29,MTL @ TOR,485b295347cb22f002e014cb87813ed7,sk_a,over,Cole Caufield,0.5,draftkings,155,-210,oddsapi
2026-09-29T16:05:06Z,2026-09-29,MTL @ TOR,485b295347cb22f002e014cb87813ed7,sk_a,under,Cole Caufield,0.5,draftkings,-210,155,oddsapi
2026-09-29T16:05:06Z,2026-09-29,MTL @ TOR,485b295347cb22f002e014cb87813ed7,sk_a,over,Ivan Demidov,0.5,draftkings,170,-235,oddsapi
2026-09-29T16:05:06Z,2026-09-29,MTL @ TOR,485b295347cb22f002e014cb87813ed7,sk_a,under,Ivan Demidov,0.5,draftkings,-235,170,oddsapi
2026-09-29T16:05:06Z,2026-09-29,MTL @ TOR,485b295347cb22f002e014cb87813ed7,sk_a,over,Gavin McKenna,0.5,draftkings,195,-265,oddsapi
2026-09-29T16:05:06Z,2026-09-29,MTL @ TOR,485b295347cb22f002e014cb87813ed7,sk_a,under,Gavin McKenna,0.5,draftkings,-265,195,oddsapi
2026-09-29T16:05:06Z,2026-09-29,MTL @ TOR,485b295347cb22f002e014cb87813ed7,sk_a,over,Noah Dobson,0.5,draftkings,200,-280,oddsapi
2026-09-29T16:05:06Z,2026-09-29,MTL @ TOR,485b295347cb22f002e014cb87813ed7,sk_a,under,Noah Dobson,0.5,draftkings,-280,200,oddsapi
2026-09-29T16:05:06Z,2026-09-29,MTL @ TOR,485b295347cb22f002e014cb87813ed7,sk_a,over,Morgan Rielly,0.5,draftkings,205,-285,oddsapi
2026-09-29T16:05:06Z,2026-09-29,MTL @ TOR,485b295347cb22f002e014cb87813ed7,sk_a,under,Morgan Rielly,0.5,draftkings,-285,205,oddsapi
2026-09-29T16:05:06Z,2026-09-29,MTL @ TOR,485b295347cb22f002e014cb87813ed7,sk_a,over,Chris Kreider,0.5,draftkings,250,-350,oddsapi
2026-09-29T16:05:06Z,2026-09-29,MTL @ TOR,485b295347cb22f002e014cb87813ed7,sk_a,under,Chris Kreider,0.5,draftkings,-350,250,oddsapi
2026-09-29T16:05:06Z,2026-09-29,MTL @ TOR,485b295347cb22f002e014cb87813ed7,sk_a,over,Mike Matheson,0.5,draftkings,275,-390,oddsapi
2026-09-29T16:05:06Z,2026-09-29,MTL @ TOR,485b295347cb22f002e014cb87813ed7,sk_a,under,Mike Matheson,0.5,draftkings,-390,275,oddsapi
2026-09-29T16:05:06Z,2026-09-29,MTL @ TOR,485b295347cb22f002e014cb87813ed7,sk_a,over,Oliver Ekman-Larsson,0.5,draftkings,280,-400,oddsapi
2026-09-29T16:05:06Z,2026-09-29,MTL @ TOR,485b295347cb22f002e014cb87813ed7,sk_a,under,Oliver Ekman-Larsson,0.5,draftkings,-400,280,oddsapi
2026-09-29T16:05:06Z,2026-09-29,MTL @ TOR,485b295347cb22f002e014cb87813ed7,ags,yes,Cole Caufield,,draftkings,135,,oddsapi
2026-09-29T16:05:06Z,2026-09-29,MTL @ TOR,485b295347cb22f002e014cb87813ed7,ags,yes,Auston Matthews,,draftkings,145,,oddsapi
2026-09-29T16:05:06Z,2026-09-29,MTL @ TOR,485b295347cb22f002e014cb87813ed7,ags,yes,William Nylander,,draftkings,175,,oddsapi
2026-09-29T16:05:06Z,2026-09-29,MTL @ TOR,485b295347cb22f002e014cb87813ed7,ags,yes,John Tavares,,draftkings,175,,oddsapi
2026-09-29T16:05:06Z,2026-09-29,MTL @ TOR,485b295347cb22f002e014cb87813ed7,ags,yes,Nick Suzuki,,draftkings,215,,oddsapi
2026-09-29T16:05:06Z,2026-09-29,MTL @ TOR,485b295347cb22f002e014cb87813ed7,ags,yes,Juraj Slafkovsky,,draftkings,230,,oddsapi
2026-09-29T16:05:06Z,2026-09-29,MTL @ TOR,485b295347cb22f002e014cb87813ed7,ags,yes,Gavin McKenna,,draftkings,250,,oddsapi
2026-09-29T16:05:06Z,2026-09-29,MTL @ TOR,485b295347cb22f002e014cb87813ed7,ags,yes,Jack Roslovic,,draftkings,250,,oddsapi
2026-09-29T16:05:06Z,2026-09-29,MTL @ TOR,485b295347cb22f002e014cb87813ed7,ags,yes,Ivan Demidov,,draftkings,300,,oddsapi
2026-09-29T16:05:06Z,2026-09-29,MTL @ TOR,485b295347cb22f002e014cb87813ed7,ags,yes,Chris Kreider,,draftkings,320,,oddsapi
2026-09-29T16:05:06Z,2026-09-29,MTL @ TOR,485b295347cb22f002e014cb87813ed7,ags,yes,Alex Newhook,,draftkings,360,,oddsapi
2026-09-29T16:05:06Z,2026-09-29,MTL @ TOR,485b295347cb22f002e014cb87813ed7,ags,yes,Nick Paul,,draftkings,370,,oddsapi
2026-09-29T16:05:06Z,2026-09-29,MTL @ TOR,485b295347cb22f002e014cb87813ed7,ags,yes,Darren Raddysh,,draftkings,425,,oddsapi
2026-09-29T16:05:06Z,2026-09-29,MTL @ TOR,485b295347cb22f002e014cb87813ed7,ags,yes,Easton Cowan,,draftkings,425,,oddsapi
2026-09-29T16:05:06Z,2026-09-29,MTL @ TOR,485b295347cb22f002e014cb87813ed7,ags,yes,Zack Bolduc,,draftkings,450,,oddsapi
2026-09-29T16:05:06Z,2026-09-29,MTL @ TOR,485b295347cb22f002e014cb87813ed7,ags,yes,Josh Anderson,,draftkings,475,,oddsapi
2026-09-29T16:05:06Z,2026-09-29,MTL @ TOR,485b295347cb22f002e014cb87813ed7,ags,yes,Lane Hutson,,draftkings,500,,oddsapi
2026-09-29T16:05:06Z,2026-09-29,MTL @ TOR,485b295347cb22f002e014cb87813ed7,ags,yes,Kirby Dach,,draftkings,500,,oddsapi
2026-09-29T16:05:06Z,2026-09-29,MTL @ TOR,485b295347cb22f002e014cb87813ed7,ags,yes,Alexandre Texier,,draftkings,550,,oddsapi
2026-09-29T16:05:06Z,2026-09-29,MTL @ TOR,485b295347cb22f002e014cb87813ed7,ags,yes,Teddy Blueger,,draftkings,600,,oddsapi
2026-09-29T16:05:06Z,2026-09-29,MTL @ TOR,485b295347cb22f002e014cb87813ed7,ags,yes,Morgan Rielly,,draftkings,650,,oddsapi
2026-09-29T16:05:06Z,2026-09-29,MTL @ TOR,485b295347cb22f002e014cb87813ed7,ags,yes,Colton Sissons,,draftkings,650,,oddsapi
2026-09-29T16:05:06Z,2026-09-29,MTL @ TOR,485b295347cb22f002e014cb87813ed7,ags,yes,Jake Evans,,draftkings,700,,oddsapi
2026-09-29T16:05:06Z,2026-09-29,MTL @ TOR,485b295347cb22f002e014cb87813ed7,ags,yes,Noah Dobson,,draftkings,700,,oddsapi
2026-09-29T16:05:06Z,2026-09-29,MTL @ TOR,485b295347cb22f002e014cb87813ed7,ags,yes,Phillip Danault,,draftkings,750,,oddsapi
2026-09-29T16:05:06Z,2026-09-29,MTL @ TOR,485b295347cb22f002e014cb87813ed7,ags,yes,Zack MacEwen,,draftkings,950,,oddsapi
2026-09-29T16:05:06Z,2026-09-29,MTL @ TOR,485b295347cb22f002e014cb87813ed7,ags,yes,Brandon Duhaime,,draftkings,1000,,oddsapi
2026-09-29T16:05:06Z,2026-09-29,MTL @ TOR,485b295347cb22f002e014cb87813ed7,ags,yes,Mike Matheson,,draftkings,1000,,oddsapi
2026-09-29T16:05:06Z,2026-09-29,MTL @ TOR,485b295347cb22f002e014cb87813ed7,ags,yes,Oliver Ekman-Larsson,,draftkings,1300,,oddsapi
2026-09-29T16:05:06Z,2026-09-29,MTL @ TOR,485b295347cb22f002e014cb87813ed7,ags,yes,Jake McCabe,,draftkings,1400,,oddsapi
2026-09-29T16:05:06Z,2026-09-29,MTL @ TOR,485b295347cb22f002e014cb87813ed7,ags,yes,Christopher Tanev,,draftkings,1800,,oddsapi
2026-09-29T16:05:06Z,2026-09-29,MTL @ TOR,485b295347cb22f002e014cb87813ed7,ags,yes,Troy Stecher,,draftkings,1900,,oddsapi
2026-09-29T16:05:06Z,2026-09-29,MTL @ TOR,485b295347cb22f002e014cb87813ed7,ags,yes,Alexandre Carrier,,draftkings,1900,,oddsapi
2026-09-29T16:05:06Z,2026-09-29,MTL @ TOR,485b295347cb22f002e014cb87813ed7,ags,yes,Jayden Struble,,draftkings,2500,,oddsapi
2026-09-29T16:05:06Z,2026-09-29,MTL @ TOR,485b295347cb22f002e014cb87813ed7,ags,yes,Arber Xhekaj,,draftkings,2800,,oddsapi
2026-09-29T16:05:06Z,2026-09-29,MTL @ TOR,485b295347cb22f002e014cb87813ed7,fgs,yes,Cole Caufield,,draftkings,900,,oddsapi
2026-09-29T16:05:06Z,2026-09-29,MTL @ TOR,485b295347cb22f002e014cb87813ed7,fgs,yes,Auston Matthews,,draftkings,1000,,oddsapi
2026-09-29T16:05:06Z,2026-09-29,MTL @ TOR,485b295347cb22f002e014cb87813ed7,fgs,yes,William Nylander,,draftkings,1300,,oddsapi
2026-09-29T16:05:06Z,2026-09-29,MTL @ TOR,485b295347cb22f002e014cb87813ed7,fgs,yes,John Tavares,,draftkings,1300,,oddsapi
2026-09-29T16:05:06Z,2026-09-29,MTL @ TOR,485b295347cb22f002e014cb87813ed7,fgs,yes,Nick Suzuki,,draftkings,1400,,oddsapi
2026-09-29T16:05:06Z,2026-09-29,MTL @ TOR,485b295347cb22f002e014cb87813ed7,fgs,yes,Juraj Slafkovsky,,draftkings,1600,,oddsapi
2026-09-29T16:05:06Z,2026-09-29,MTL @ TOR,485b295347cb22f002e014cb87813ed7,fgs,yes,Jack Roslovic,,draftkings,1600,,oddsapi
2026-09-29T16:05:06Z,2026-09-29,MTL @ TOR,485b295347cb22f002e014cb87813ed7,fgs,yes,Chris Kreider,,draftkings,1800,,oddsapi
2026-09-29T16:05:06Z,2026-09-29,MTL @ TOR,485b295347cb22f002e014cb87813ed7,fgs,yes,Gavin McKenna,,draftkings,1800,,oddsapi
2026-09-29T16:05:06Z,2026-09-29,MTL @ TOR,485b295347cb22f002e014cb87813ed7,fgs,yes,Ivan Demidov,,draftkings,2000,,oddsapi
2026-09-29T16:05:06Z,2026-09-29,MTL @ TOR,485b295347cb22f002e014cb87813ed7,fgs,yes,Alex Newhook,,draftkings,2200,,oddsapi
2026-09-29T16:05:06Z,2026-09-29,MTL @ TOR,485b295347cb22f002e014cb87813ed7,fgs,yes,Nick Paul,,draftkings,2500,,oddsapi
2026-09-29T16:05:06Z,2026-09-29,MTL @ TOR,485b295347cb22f002e014cb87813ed7,fgs,yes,Easton Cowan,,draftkings,2800,,oddsapi
2026-09-29T16:05:06Z,2026-09-29,MTL @ TOR,485b295347cb22f002e014cb87813ed7,fgs,yes,Kirby Dach,,draftkings,2800,,oddsapi
2026-09-29T16:05:06Z,2026-09-29,MTL @ TOR,485b295347cb22f002e014cb87813ed7,fgs,yes,Darren Raddysh,,draftkings,2800,,oddsapi
2026-09-29T16:05:06Z,2026-09-29,MTL @ TOR,485b295347cb22f002e014cb87813ed7,fgs,yes,Zack Bolduc,,draftkings,2800,,oddsapi
2026-09-29T16:05:06Z,2026-09-29,MTL @ TOR,485b295347cb22f002e014cb87813ed7,fgs,yes,Lane Hutson,,draftkings,3000,,oddsapi
2026-09-29T16:05:06Z,2026-09-29,MTL @ TOR,485b295347cb22f002e014cb87813ed7,fgs,yes,Josh Anderson,,draftkings,3000,,oddsapi
2026-09-29T16:05:06Z,2026-09-29,MTL @ TOR,485b295347cb22f002e014cb87813ed7,fgs,yes,Alexandre Texier,,draftkings,3000,,oddsapi
2026-09-29T16:05:06Z,2026-09-29,MTL @ TOR,485b295347cb22f002e014cb87813ed7,fgs,yes,Teddy Blueger,,draftkings,3500,,oddsapi
2026-09-29T16:05:06Z,2026-09-29,MTL @ TOR,485b295347cb22f002e014cb87813ed7,fgs,yes,Noah Dobson,,draftkings,3500,,oddsapi
2026-09-29T16:05:06Z,2026-09-29,MTL @ TOR,485b295347cb22f002e014cb87813ed7,fgs,yes,Morgan Rielly,,draftkings,3500,,oddsapi
2026-09-29T16:05:06Z,2026-09-29,MTL @ TOR,485b295347cb22f002e014cb87813ed7,fgs,yes,Colton Sissons,,draftkings,4000,,oddsapi
2026-09-29T16:05:06Z,2026-09-29,MTL @ TOR,485b295347cb22f002e014cb87813ed7,fgs,yes,Jake Evans,,draftkings,4000,,oddsapi
2026-09-29T16:05:06Z,2026-09-29,MTL @ TOR,485b295347cb22f002e014cb87813ed7,fgs,yes,Phillip Danault,,draftkings,4500,,oddsapi
2026-09-29T16:05:06Z,2026-09-29,MTL @ TOR,485b295347cb22f002e014cb87813ed7,fgs,yes,Mike Matheson,,draftkings,5000,,oddsapi
2026-09-29T16:05:06Z,2026-09-29,MTL @ TOR,485b295347cb22f002e014cb87813ed7,fgs,yes,Zack MacEwen,,draftkings,5000,,oddsapi
2026-09-29T16:05:06Z,2026-09-29,MTL @ TOR,485b295347cb22f002e014cb87813ed7,fgs,yes,Brandon Duhaime,,draftkings,5500,,oddsapi
2026-09-29T16:05:06Z,2026-09-29,MTL @ TOR,485b295347cb22f002e014cb87813ed7,fgs,yes,Oliver Ekman-Larsson,,draftkings,6500,,oddsapi
2026-09-29T16:05:06Z,2026-09-29,MTL @ TOR,485b295347cb22f002e014cb87813ed7,fgs,yes,Jake McCabe,,draftkings,7500,,oddsapi
2026-09-29T16:05:06Z,2026-09-29,MTL @ TOR,485b295347cb22f002e014cb87813ed7,fgs,yes,Alexandre Carrier,,draftkings,8000,,oddsapi
2026-09-29T16:05:06Z,2026-09-29,MTL @ TOR,485b295347cb22f002e014cb87813ed7,fgs,yes,Christopher Tanev,,draftkings,9000,,oddsapi
2026-09-29T16:05:06Z,2026-09-29,MTL @ TOR,485b295347cb22f002e014cb87813ed7,fgs,yes,Troy Stecher,,draftkings,9000,,oddsapi
2026-09-29T16:05:06Z,2026-09-29,MTL @ TOR,485b295347cb22f002e014cb87813ed7,fgs,yes,Jayden Struble,,draftkings,10000,,oddsapi
2026-09-29T16:05:06Z,2026-09-29,MTL @ TOR,485b295347cb22f002e014cb87813ed7,fgs,yes,Arber Xhekaj,,draftkings,11000,,oddsapi
2026-09-29T16:05:06Z,2026-09-29,MTL @ TOR,485b295347cb22f002e014cb87813ed7,lgs,yes,Cole Caufield,,draftkings,900,,oddsapi
2026-09-29T16:05:06Z,2026-09-29,MTL @ TOR,485b295347cb22f002e014cb87813ed7,lgs,yes,Auston Matthews,,draftkings,950,,oddsapi
2026-09-29T16:05:06Z,2026-09-29,MTL @ TOR,485b295347cb22f002e014cb87813ed7,lgs,yes,William Nylander,,draftkings,1100,,oddsapi
2026-09-29T16:05:06Z,2026-09-29,MTL @ TOR,485b295347cb22f002e014cb87813ed7,lgs,yes,John Tavares,,draftkings,1200,,oddsapi
2026-09-29T16:05:06Z,2026-09-29,MTL @ TOR,485b295347cb22f002e014cb87813ed7,lgs,yes,Nick Suzuki,,draftkings,1200,,oddsapi
2026-09-29T16:05:06Z,2026-09-29,MTL @ TOR,485b295347cb22f002e014cb87813ed7,lgs,yes,Juraj Slafkovsky,,draftkings,1400,,oddsapi
2026-09-29T16:05:06Z,2026-09-29,MTL @ TOR,485b295347cb22f002e014cb87813ed7,lgs,yes,Gavin McKenna,,draftkings,1400,,oddsapi
2026-09-29T16:05:06Z,2026-09-29,MTL @ TOR,485b295347cb22f002e014cb87813ed7,lgs,yes,Jack Roslovic,,draftkings,1500,,oddsapi
2026-09-29T16:05:06Z,2026-09-29,MTL @ TOR,485b295347cb22f002e014cb87813ed7,lgs,yes,Chris Kreider,,draftkings,1600,,oddsapi
2026-09-29T16:05:06Z,2026-09-29,MTL @ TOR,485b295347cb22f002e014cb87813ed7,lgs,yes,Ivan Demidov,,draftkings,1600,,oddsapi
2026-09-29T16:05:06Z,2026-09-29,MTL @ TOR,485b295347cb22f002e014cb87813ed7,lgs,yes,Nick Paul,,draftkings,1800,,oddsapi
2026-09-29T16:05:06Z,2026-09-29,MTL @ TOR,485b295347cb22f002e014cb87813ed7,lgs,yes,Easton Cowan,,draftkings,1900,,oddsapi
2026-09-29T16:05:06Z,2026-09-29,MTL @ TOR,485b295347cb22f002e014cb87813ed7,lgs,yes,Alex Newhook,,draftkings,1900,,oddsapi
2026-09-29T16:05:06Z,2026-09-29,MTL @ TOR,485b295347cb22f002e014cb87813ed7,lgs,yes,Alexandre Texier,,draftkings,2000,,oddsapi
2026-09-29T16:05:06Z,2026-09-29,MTL @ TOR,485b295347cb22f002e014cb87813ed7,lgs,yes,Zack Bolduc,,draftkings,2000,,oddsapi
2026-09-29T16:05:06Z,2026-09-29,MTL @ TOR,485b295347cb22f002e014cb87813ed7,lgs,yes,Kirby Dach,,draftkings,2000,,oddsapi
2026-09-29T16:05:06Z,2026-09-29,MTL @ TOR,485b295347cb22f002e014cb87813ed7,lgs,yes,Josh Anderson,,draftkings,2000,,oddsapi
2026-09-29T16:05:06Z,2026-09-29,MTL @ TOR,485b295347cb22f002e014cb87813ed7,lgs,yes,Lane Hutson,,draftkings,2200,,oddsapi
2026-09-29T16:05:06Z,2026-09-29,MTL @ TOR,485b295347cb22f002e014cb87813ed7,lgs,yes,Darren Raddysh,,draftkings,2200,,oddsapi
2026-09-29T16:05:06Z,2026-09-29,MTL @ TOR,485b295347cb22f002e014cb87813ed7,lgs,yes,Morgan Rielly,,draftkings,2500,,oddsapi
2026-09-29T16:05:06Z,2026-09-29,MTL @ TOR,485b295347cb22f002e014cb87813ed7,lgs,yes,Jake Evans,,draftkings,2500,,oddsapi
2026-09-29T16:05:06Z,2026-09-29,MTL @ TOR,485b295347cb22f002e014cb87813ed7,lgs,yes,Colton Sissons,,draftkings,2800,,oddsapi
2026-09-29T16:05:06Z,2026-09-29,MTL @ TOR,485b295347cb22f002e014cb87813ed7,lgs,yes,Noah Dobson,,draftkings,2800,,oddsapi
2026-09-29T16:05:06Z,2026-09-29,MTL @ TOR,485b295347cb22f002e014cb87813ed7,lgs,yes,Teddy Blueger,,draftkings,2800,,oddsapi
2026-09-29T16:05:06Z,2026-09-29,MTL @ TOR,485b295347cb22f002e014cb87813ed7,lgs,yes,Phillip Danault,,draftkings,2800,,oddsapi
2026-09-29T16:05:06Z,2026-09-29,MTL @ TOR,485b295347cb22f002e014cb87813ed7,lgs,yes,Zack MacEwen,,draftkings,3000,,oddsapi
2026-09-29T16:05:06Z,2026-09-29,MTL @ TOR,485b295347cb22f002e014cb87813ed7,lgs,yes,Mike Matheson,,draftkings,3500,,oddsapi
2026-09-29T16:05:06Z,2026-09-29,MTL @ TOR,485b295347cb22f002e014cb87813ed7,lgs,yes,Brandon Duhaime,,draftkings,4000,,oddsapi
2026-09-29T16:05:06Z,2026-09-29,MTL @ TOR,485b295347cb22f002e014cb87813ed7,lgs,yes,Jake McCabe,,draftkings,4500,,oddsapi
2026-09-29T16:05:06Z,2026-09-29,MTL @ TOR,485b295347cb22f002e014cb87813ed7,lgs,yes,Oliver Ekman-Larsson,,draftkings,4500,,oddsapi
2026-09-29T16:05:06Z,2026-09-29,MTL @ TOR,485b295347cb22f002e014cb87813ed7,lgs,yes,Christopher Tanev,,draftkings,5500,,oddsapi
2026-09-29T16:05:06Z,2026-09-29,MTL @ TOR,485b295347cb22f002e014cb87813ed7,lgs,yes,Troy Stecher,,draftkings,5500,,oddsapi
2026-09-29T16:05:06Z,2026-09-29,MTL @ TOR,485b295347cb22f002e014cb87813ed7,lgs,yes,Alexandre Carrier,,draftkings,6000,,oddsapi
2026-09-29T16:05:06Z,2026-09-29,MTL @ TOR,485b295347cb22f002e014cb87813ed7,lgs,yes,Jayden Struble,,draftkings,7000,,oddsapi
2026-09-29T16:05:06Z,2026-09-29,MTL @ TOR,485b295347cb22f002e014cb87813ed7,lgs,yes,Arber Xhekaj,,draftkings,7500,,oddsapi
2026-09-29T16:05:06Z,2026-09-29,MTL @ TOR,485b295347cb22f002e014cb87813ed7,sk_pts,over,Nick Suzuki,0.5,draftkings,-220,160,oddsapi
2026-09-29T16:05:06Z,2026-09-29,MTL @ TOR,485b295347cb22f002e014cb87813ed7,sk_pts,under,Nick Suzuki,0.5,draftkings,160,-220,oddsapi
2026-09-29T16:05:06Z,2026-09-29,MTL @ TOR,485b295347cb22f002e014cb87813ed7,sk_pts,over,William Nylander,0.5,draftkings,-200,145,oddsapi
2026-09-29T16:05:06Z,2026-09-29,MTL @ TOR,485b295347cb22f002e014cb87813ed7,sk_pts,under,William Nylander,0.5,draftkings,145,-200,oddsapi
2026-09-29T16:05:06Z,2026-09-29,MTL @ TOR,485b295347cb22f002e014cb87813ed7,sk_pts,over,Auston Matthews,0.5,draftkings,-195,145,oddsapi
2026-09-29T16:05:06Z,2026-09-29,MTL @ TOR,485b295347cb22f002e014cb87813ed7,sk_pts,under,Auston Matthews,0.5,draftkings,145,-195,oddsapi
2026-09-29T16:05:06Z,2026-09-29,MTL @ TOR,485b295347cb22f002e014cb87813ed7,sk_pts,over,Cole Caufield,0.5,draftkings,-180,130,oddsapi
2026-09-29T16:05:06Z,2026-09-29,MTL @ TOR,485b295347cb22f002e014cb87813ed7,sk_pts,under,Cole Caufield,0.5,draftkings,130,-180,oddsapi
2026-09-29T16:05:06Z,2026-09-29,MTL @ TOR,485b295347cb22f002e014cb87813ed7,sk_pts,over,John Tavares,0.5,draftkings,-170,125,oddsapi
2026-09-29T16:05:06Z,2026-09-29,MTL @ TOR,485b295347cb22f002e014cb87813ed7,sk_pts,under,John Tavares,0.5,draftkings,125,-170,oddsapi
2026-09-29T16:05:06Z,2026-09-29,MTL @ TOR,485b295347cb22f002e014cb87813ed7,sk_pts,over,Lane Hutson,0.5,draftkings,-165,120,oddsapi
2026-09-29T16:05:06Z,2026-09-29,MTL @ TOR,485b295347cb22f002e014cb87813ed7,sk_pts,under,Lane Hutson,0.5,draftkings,120,-165,oddsapi
2026-09-29T16:05:06Z,2026-09-29,MTL @ TOR,485b295347cb22f002e014cb87813ed7,sk_pts,over,Juraj Slafkovsky,0.5,draftkings,-135,100,oddsapi
2026-09-29T16:05:06Z,2026-09-29,MTL @ TOR,485b295347cb22f002e014cb87813ed7,sk_pts,under,Juraj Slafkovsky,0.5,draftkings,100,-135,oddsapi
2026-09-29T16:05:06Z,2026-09-29,MTL @ TOR,485b295347cb22f002e014cb87813ed7,sk_pts,over,Darren Raddysh,0.5,draftkings,-120,-110,oddsapi
2026-09-29T16:05:06Z,2026-09-29,MTL @ TOR,485b295347cb22f002e014cb87813ed7,sk_pts,under,Darren Raddysh,0.5,draftkings,-110,-120,oddsapi
2026-09-29T16:05:06Z,2026-09-29,MTL @ TOR,485b295347cb22f002e014cb87813ed7,sk_pts,over,Gavin McKenna,0.5,draftkings,-110,-125,oddsapi
2026-09-29T16:05:06Z,2026-09-29,MTL @ TOR,485b295347cb22f002e014cb87813ed7,sk_pts,under,Gavin McKenna,0.5,draftkings,-125,-110,oddsapi
2026-09-29T16:05:06Z,2026-09-29,MTL @ TOR,485b295347cb22f002e014cb87813ed7,sk_pts,over,Ivan Demidov,0.5,draftkings,-105,-130,oddsapi
2026-09-29T16:05:06Z,2026-09-29,MTL @ TOR,485b295347cb22f002e014cb87813ed7,sk_pts,under,Ivan Demidov,0.5,draftkings,-130,-105,oddsapi
2026-09-29T16:05:06Z,2026-09-29,MTL @ TOR,485b295347cb22f002e014cb87813ed7,sk_pts,over,Chris Kreider,0.5,draftkings,125,-170,oddsapi
2026-09-29T16:05:06Z,2026-09-29,MTL @ TOR,485b295347cb22f002e014cb87813ed7,sk_pts,under,Chris Kreider,0.5,draftkings,-170,125,oddsapi
2026-09-29T16:05:06Z,2026-09-29,MTL @ TOR,485b295347cb22f002e014cb87813ed7,sk_pts,over,Morgan Rielly,0.5,draftkings,145,-200,oddsapi
2026-09-29T16:05:06Z,2026-09-29,MTL @ TOR,485b295347cb22f002e014cb87813ed7,sk_pts,under,Morgan Rielly,0.5,draftkings,-200,145,oddsapi
2026-09-29T16:05:06Z,2026-09-29,MTL @ TOR,485b295347cb22f002e014cb87813ed7,sk_pts,over,Noah Dobson,0.5,draftkings,150,-205,oddsapi
2026-09-29T16:05:06Z,2026-09-29,MTL @ TOR,485b295347cb22f002e014cb87813ed7,sk_pts,under,Noah Dobson,0.5,draftkings,-205,150,oddsapi
2026-09-29T16:05:06Z,2026-09-29,MTL @ TOR,485b295347cb22f002e014cb87813ed7,sk_pts,over,Mike Matheson,0.5,draftkings,210,-285,oddsapi
2026-09-29T16:05:06Z,2026-09-29,MTL @ TOR,485b295347cb22f002e014cb87813ed7,sk_pts,under,Mike Matheson,0.5,draftkings,-285,210,oddsapi
2026-09-29T16:05:06Z,2026-09-29,MTL @ TOR,485b295347cb22f002e014cb87813ed7,sk_pts,over,Oliver Ekman-Larsson,0.5,draftkings,230,-320,oddsapi
2026-09-29T16:05:06Z,2026-09-29,MTL @ TOR,485b295347cb22f002e014cb87813ed7,sk_pts,under,Oliver Ekman-Larsson,0.5,draftkings,-320,230,oddsapi
2026-09-29T16:05:06Z,2026-09-29,MTL @ TOR,485b295347cb22f002e014cb87813ed7,sk_sog,over,Auston Matthews,3.5,draftkings,105,-140,oddsapi
2026-09-29T16:05:06Z,2026-09-29,MTL @ TOR,485b295347cb22f002e014cb87813ed7,sk_sog,under,Auston Matthews,3.5,draftkings,-140,105,oddsapi
2026-09-29T16:05:06Z,2026-09-29,MTL @ TOR,485b295347cb22f002e014cb87813ed7,sk_sog,over,Cole Caufield,3.5,draftkings,120,-160,oddsapi
2026-09-29T16:05:06Z,2026-09-29,MTL @ TOR,485b295347cb22f002e014cb87813ed7,sk_sog,under,Cole Caufield,3.5,draftkings,-160,120,oddsapi
2026-09-29T16:05:06Z,2026-09-29,MTL @ TOR,485b295347cb22f002e014cb87813ed7,sk_sog,over,William Nylander,2.5,draftkings,-110,-120,oddsapi
2026-09-29T16:05:06Z,2026-09-29,MTL @ TOR,485b295347cb22f002e014cb87813ed7,sk_sog,under,William Nylander,2.5,draftkings,-120,-110,oddsapi
2026-09-29T16:05:06Z,2026-09-29,MTL @ TOR,485b295347cb22f002e014cb87813ed7,sk_sog,over,Juraj Slafkovsky,2.5,draftkings,105,-145,oddsapi
2026-09-29T16:05:06Z,2026-09-29,MTL @ TOR,485b295347cb22f002e014cb87813ed7,sk_sog,under,Juraj Slafkovsky,2.5,draftkings,-145,105,oddsapi
2026-09-29T16:05:06Z,2026-09-29,MTL @ TOR,485b295347cb22f002e014cb87813ed7,sk_sog,over,Nick Suzuki,2.5,draftkings,110,-150,oddsapi
2026-09-29T16:05:06Z,2026-09-29,MTL @ TOR,485b295347cb22f002e014cb87813ed7,sk_sog,under,Nick Suzuki,2.5,draftkings,-150,110,oddsapi
2026-09-29T16:05:06Z,2026-09-29,MTL @ TOR,485b295347cb22f002e014cb87813ed7,sk_sog,over,Darren Raddysh,2.5,draftkings,130,-175,oddsapi
2026-09-29T16:05:06Z,2026-09-29,MTL @ TOR,485b295347cb22f002e014cb87813ed7,sk_sog,under,Darren Raddysh,2.5,draftkings,-175,130,oddsapi
2026-09-29T16:05:06Z,2026-09-29,MTL @ TOR,485b295347cb22f002e014cb87813ed7,sk_sog,over,John Tavares,2.5,draftkings,130,-175,oddsapi
2026-09-29T16:05:06Z,2026-09-29,MTL @ TOR,485b295347cb22f002e014cb87813ed7,sk_sog,under,John Tavares,2.5,draftkings,-175,130,oddsapi
2026-09-29T16:05:06Z,2026-09-29,MTL @ TOR,485b295347cb22f002e014cb87813ed7,sk_sog,over,Chris Kreider,1.5,draftkings,-180,130,oddsapi
2026-09-29T16:05:06Z,2026-09-29,MTL @ TOR,485b295347cb22f002e014cb87813ed7,sk_sog,under,Chris Kreider,1.5,draftkings,130,-180,oddsapi
2026-09-29T16:05:06Z,2026-09-29,MTL @ TOR,485b295347cb22f002e014cb87813ed7,sk_sog,over,Ivan Demidov,1.5,draftkings,-175,130,oddsapi
2026-09-29T16:05:06Z,2026-09-29,MTL @ TOR,485b295347cb22f002e014cb87813ed7,sk_sog,under,Ivan Demidov,1.5,draftkings,130,-175,oddsapi
2026-09-29T16:05:06Z,2026-09-29,MTL @ TOR,485b295347cb22f002e014cb87813ed7,sk_sog,over,Lane Hutson,1.5,draftkings,-175,125,oddsapi
2026-09-29T16:05:06Z,2026-09-29,MTL @ TOR,485b295347cb22f002e014cb87813ed7,sk_sog,under,Lane Hutson,1.5,draftkings,125,-175,oddsapi
2026-09-29T16:05:06Z,2026-09-29,MTL @ TOR,485b295347cb22f002e014cb87813ed7,sk_sog,over,Noah Dobson,1.5,draftkings,-175,130,oddsapi
2026-09-29T16:05:06Z,2026-09-29,MTL @ TOR,485b295347cb22f002e014cb87813ed7,sk_sog,under,Noah Dobson,1.5,draftkings,130,-175,oddsapi
2026-09-29T16:05:06Z,2026-09-29,MTL @ TOR,485b295347cb22f002e014cb87813ed7,sk_sog,over,Gavin McKenna,1.5,draftkings,-150,110,oddsapi
2026-09-29T16:05:06Z,2026-09-29,MTL @ TOR,485b295347cb22f002e014cb87813ed7,sk_sog,under,Gavin McKenna,1.5,draftkings,110,-150,oddsapi
2026-09-29T16:05:06Z,2026-09-29,MTL @ TOR,485b295347cb22f002e014cb87813ed7,sk_sog,over,Easton Cowan,1.5,draftkings,-110,-125,oddsapi
2026-09-29T16:05:06Z,2026-09-29,MTL @ TOR,485b295347cb22f002e014cb87813ed7,sk_sog,under,Easton Cowan,1.5,draftkings,-125,-110,oddsapi
2026-09-29T16:05:06Z,2026-09-29,MTL @ TOR,485b295347cb22f002e014cb87813ed7,sk_sog,over,Morgan Rielly,1.5,draftkings,100,-140,oddsapi
2026-09-29T16:05:06Z,2026-09-29,MTL @ TOR,485b295347cb22f002e014cb87813ed7,sk_sog,under,Morgan Rielly,1.5,draftkings,-140,100,oddsapi
2026-09-29T16:05:06Z,2026-09-29,MTL @ TOR,485b295347cb22f002e014cb87813ed7,sk_sog,over,Mike Matheson,1.5,draftkings,105,-145,oddsapi
2026-09-29T16:05:06Z,2026-09-29,MTL @ TOR,485b295347cb22f002e014cb87813ed7,sk_sog,under,Mike Matheson,1.5,draftkings,-145,105,oddsapi
2026-09-29T16:05:06Z,2026-09-29,MTL @ TOR,485b295347cb22f002e014cb87813ed7,g_saves,over,Jakub Dobes,24.5,draftkings,-115,-120,oddsapi
2026-09-29T16:05:06Z,2026-09-29,MTL @ TOR,485b295347cb22f002e014cb87813ed7,g_saves,under,Jakub Dobes,24.5,draftkings,-120,-115,oddsapi
2026-09-29T16:05:06Z,2026-09-29,MTL @ TOR,485b295347cb22f002e014cb87813ed7,p1_pl,MTL,,0.5,draftkings,-215,165,oddsapi
2026-09-29T16:05:06Z,2026-09-29,MTL @ TOR,485b295347cb22f002e014cb87813ed7,p1_pl,TOR,,-0.5,draftkings,165,-215,oddsapi
2026-09-29T16:05:06Z,2026-09-29,MTL @ TOR,485b295347cb22f002e014cb87813ed7,p2_pl,MTL,,0.5,draftkings,-195,150,oddsapi
2026-09-29T16:05:06Z,2026-09-29,MTL @ TOR,485b295347cb22f002e014cb87813ed7,p2_pl,TOR,,-0.5,draftkings,150,-195,oddsapi
2026-09-29T16:05:06Z,2026-09-29,MTL @ TOR,485b295347cb22f002e014cb87813ed7,p3_pl,MTL,,0.5,draftkings,-188,145,oddsapi
2026-09-29T16:05:06Z,2026-09-29,MTL @ TOR,485b295347cb22f002e014cb87813ed7,p3_pl,TOR,,-0.5,draftkings,145,-188,oddsapi
2026-09-29T16:05:06Z,2026-09-29,MTL @ TOR,485b295347cb22f002e014cb87813ed7,p1_team_total,over,MTL,0.5,draftkings,-160,120,oddsapi
2026-09-29T16:05:06Z,2026-09-29,MTL @ TOR,485b295347cb22f002e014cb87813ed7,p1_team_total,under,MTL,0.5,draftkings,120,-160,oddsapi
2026-09-29T16:05:06Z,2026-09-29,MTL @ TOR,485b295347cb22f002e014cb87813ed7,p1_team_total,over,TOR,0.5,draftkings,-175,135,oddsapi
2026-09-29T16:05:06Z,2026-09-29,MTL @ TOR,485b295347cb22f002e014cb87813ed7,p1_team_total,under,TOR,0.5,draftkings,135,-175,oddsapi
2026-09-29T16:05:06Z,2026-09-29,MTL @ TOR,485b295347cb22f002e014cb87813ed7,p1_total,over,,1.5,draftkings,-135,105,oddsapi
2026-09-29T16:05:06Z,2026-09-29,MTL @ TOR,485b295347cb22f002e014cb87813ed7,p1_total,under,,1.5,draftkings,105,-135,oddsapi
2026-09-29T16:05:06Z,2026-09-29,MTL @ TOR,485b295347cb22f002e014cb87813ed7,p2_total,over,,1.5,draftkings,-188,145,oddsapi
2026-09-29T16:05:06Z,2026-09-29,MTL @ TOR,485b295347cb22f002e014cb87813ed7,p2_total,under,,1.5,draftkings,145,-188,oddsapi
2026-09-29T16:05:06Z,2026-09-29,MTL @ TOR,485b295347cb22f002e014cb87813ed7,p3_total,over,,2.5,draftkings,130,-166,oddsapi
2026-09-29T16:05:06Z,2026-09-29,MTL @ TOR,485b295347cb22f002e014cb87813ed7,p3_total,under,,2.5,draftkings,-166,130,oddsapi
2026-09-29T16:05:06Z,2026-09-29,MTL @ TOR,485b295347cb22f002e014cb87813ed7,game_ml3,MTL,,,williamhill_us,119,,oddsapi
2026-09-29T16:05:06Z,2026-09-29,MTL @ TOR,485b295347cb22f002e014cb87813ed7,game_ml3,TOR,,,williamhill_us,137,,oddsapi
2026-09-29T16:05:06Z,2026-09-29,MTL @ TOR,485b295347cb22f002e014cb87813ed7,game_ml3,draw,,,williamhill_us,275,,oddsapi
2026-09-29T16:05:06Z,2026-09-29,MTL @ TOR,485b295347cb22f002e014cb87813ed7,p1_ml3,MTL,,,williamhill_us,172,,oddsapi
2026-09-29T16:05:06Z,2026-09-29,MTL @ TOR,485b295347cb22f002e014cb87813ed7,p1_ml3,TOR,,,williamhill_us,170,,oddsapi
2026-09-29T16:05:06Z,2026-09-29,MTL @ TOR,485b295347cb22f002e014cb87813ed7,p1_ml3,draw,,,williamhill_us,153,,oddsapi
2026-09-29T16:05:06Z,2026-09-29,MTL @ TOR,485b295347cb22f002e014cb87813ed7,ags,yes,Cole Caufield,,williamhill_us,134,,oddsapi
2026-09-29T16:05:06Z,2026-09-29,MTL @ TOR,485b295347cb22f002e014cb87813ed7,ags,yes,Auston Matthews,,williamhill_us,144,,oddsapi
2026-09-29T16:05:06Z,2026-09-29,MTL @ TOR,485b295347cb22f002e014cb87813ed7,ags,yes,William Nylander,,williamhill_us,176,,oddsapi
2026-09-29T16:05:06Z,2026-09-29,MTL @ TOR,485b295347cb22f002e014cb87813ed7,ags,yes,John Tavares,,williamhill_us,193,,oddsapi
2026-09-29T16:05:06Z,2026-09-29,MTL @ TOR,485b295347cb22f002e014cb87813ed7,ags,yes,Nick Suzuki,,williamhill_us,210,,oddsapi
2026-09-29T16:05:06Z,2026-09-29,MTL @ TOR,485b295347cb22f002e014cb87813ed7,ags,yes,Juraj Slafkovsky,,williamhill_us,220,,oddsapi
2026-09-29T16:05:06Z,2026-09-29,MTL @ TOR,485b295347cb22f002e014cb87813ed7,ags,yes,Gavin McKenna,,williamhill_us,250,,oddsapi
2026-09-29T16:05:06Z,2026-09-29,MTL @ TOR,485b295347cb22f002e014cb87813ed7,ags,yes,Jack Roslovic,,williamhill_us,265,,oddsapi
2026-09-29T16:05:06Z,2026-09-29,MTL @ TOR,485b295347cb22f002e014cb87813ed7,ags,yes,Ivan Demidov,,williamhill_us,270,,oddsapi
2026-09-29T16:05:06Z,2026-09-29,MTL @ TOR,485b295347cb22f002e014cb87813ed7,ags,yes,Chris Kreider,,williamhill_us,305,,oddsapi
2026-09-29T16:05:06Z,2026-09-29,MTL @ TOR,485b295347cb22f002e014cb87813ed7,ags,yes,Alex Newhook,,williamhill_us,360,,oddsapi
2026-09-29T16:05:06Z,2026-09-29,MTL @ TOR,485b295347cb22f002e014cb87813ed7,ags,yes,Darren Raddysh,,williamhill_us,400,,oddsapi
2026-09-29T16:05:06Z,2026-09-29,MTL @ TOR,485b295347cb22f002e014cb87813ed7,ags,yes,Easton Cowan,,williamhill_us,425,,oddsapi
2026-09-29T16:05:06Z,2026-09-29,MTL @ TOR,485b295347cb22f002e014cb87813ed7,ags,yes,Josh Anderson,,williamhill_us,425,,oddsapi
2026-09-29T16:05:06Z,2026-09-29,MTL @ TOR,485b295347cb22f002e014cb87813ed7,ags,yes,Kirby Dach,,williamhill_us,450,,oddsapi
2026-09-29T16:05:06Z,2026-09-29,MTL @ TOR,485b295347cb22f002e014cb87813ed7,ags,yes,Zack Bolduc,,williamhill_us,450,,oddsapi
2026-09-29T16:05:06Z,2026-09-29,MTL @ TOR,485b295347cb22f002e014cb87813ed7,ags,yes,Alexandre Texier,,williamhill_us,475,,oddsapi
2026-09-29T16:05:06Z,2026-09-29,MTL @ TOR,485b295347cb22f002e014cb87813ed7,ags,yes,Lane Hutson,,williamhill_us,500,,oddsapi
2026-09-29T16:05:06Z,2026-09-29,MTL @ TOR,485b295347cb22f002e014cb87813ed7,ags,yes,Colton Sissons,,williamhill_us,650,,oddsapi
2026-09-29T16:05:06Z,2026-09-29,MTL @ TOR,485b295347cb22f002e014cb87813ed7,ags,yes,Teddy Blueger,,williamhill_us,650,,oddsapi
2026-09-29T16:05:06Z,2026-09-29,MTL @ TOR,485b295347cb22f002e014cb87813ed7,ags,yes,Morgan Rielly,,williamhill_us,650,,oddsapi
2026-09-29T16:05:06Z,2026-09-29,MTL @ TOR,485b295347cb22f002e014cb87813ed7,ags,yes,Noah Dobson,,williamhill_us,675,,oddsapi
2026-09-29T16:05:06Z,2026-09-29,MTL @ TOR,485b295347cb22f002e014cb87813ed7,ags,yes,Jake Evans,,williamhill_us,675,,oddsapi
2026-09-29T16:05:06Z,2026-09-29,MTL @ TOR,485b295347cb22f002e014cb87813ed7,ags,yes,Phillip Danault,,williamhill_us,750,,oddsapi
2026-09-29T16:05:06Z,2026-09-29,MTL @ TOR,485b295347cb22f002e014cb87813ed7,ags,yes,Brandon Duhaime,,williamhill_us,850,,oddsapi
2026-09-29T16:05:06Z,2026-09-29,MTL @ TOR,485b295347cb22f002e014cb87813ed7,ags,yes,Zack MacEwen,,williamhill_us,900,,oddsapi
2026-09-29T16:05:06Z,2026-09-29,MTL @ TOR,485b295347cb22f002e014cb87813ed7,ags,yes,Mike Matheson,,williamhill_us,1000,,oddsapi
2026-09-29T16:05:06Z,2026-09-29,MTL @ TOR,485b295347cb22f002e014cb87813ed7,ags,yes,Oliver Ekman-Larsson,,williamhill_us,1200,,oddsapi
2026-09-29T16:05:06Z,2026-09-29,MTL @ TOR,485b295347cb22f002e014cb87813ed7,ags,yes,Jake McCabe,,williamhill_us,1400,,oddsapi
2026-09-29T16:05:06Z,2026-09-29,MTL @ TOR,485b295347cb22f002e014cb87813ed7,ags,yes,Alexandre Carrier,,williamhill_us,1750,,oddsapi
2026-09-29T16:05:06Z,2026-09-29,MTL @ TOR,485b295347cb22f002e014cb87813ed7,ags,yes,Troy Stecher,,williamhill_us,1750,,oddsapi
2026-09-29T16:05:06Z,2026-09-29,MTL @ TOR,485b295347cb22f002e014cb87813ed7,ags,yes,Christopher Tanev,,williamhill_us,1800,,oddsapi
2026-09-29T16:05:06Z,2026-09-29,MTL @ TOR,485b295347cb22f002e014cb87813ed7,ags,yes,Jayden Struble,,williamhill_us,2000,,oddsapi
2026-09-29T16:05:06Z,2026-09-29,MTL @ TOR,485b295347cb22f002e014cb87813ed7,ags,yes,Arber Xhekaj,,williamhill_us,2300,,oddsapi
2026-09-29T16:05:06Z,2026-09-29,MTL @ TOR,485b295347cb22f002e014cb87813ed7,fgs,yes,Cole Caufield,,williamhill_us,900,,oddsapi
2026-09-29T16:05:06Z,2026-09-29,MTL @ TOR,485b295347cb22f002e014cb87813ed7,fgs,yes,Auston Matthews,,williamhill_us,1000,,oddsapi
2026-09-29T16:05:06Z,2026-09-29,MTL @ TOR,485b295347cb22f002e014cb87813ed7,fgs,yes,William Nylander,,williamhill_us,1200,,oddsapi
2026-09-29T16:05:06Z,2026-09-29,MTL @ TOR,485b295347cb22f002e014cb87813ed7,fgs,yes,John Tavares,,williamhill_us,1300,,oddsapi
2026-09-29T16:05:06Z,2026-09-29,MTL @ TOR,485b295347cb22f002e014cb87813ed7,fgs,yes,Nick Suzuki,,williamhill_us,1300,,oddsapi
2026-09-29T16:05:06Z,2026-09-29,MTL @ TOR,485b295347cb22f002e014cb87813ed7,fgs,yes,Juraj Slafkovsky,,williamhill_us,1400,,oddsapi
2026-09-29T16:05:06Z,2026-09-29,MTL @ TOR,485b295347cb22f002e014cb87813ed7,fgs,yes,Jack Roslovic,,williamhill_us,1600,,oddsapi
2026-09-29T16:05:06Z,2026-09-29,MTL @ TOR,485b295347cb22f002e014cb87813ed7,fgs,yes,Gavin McKenna,,williamhill_us,1700,,oddsapi
2026-09-29T16:05:06Z,2026-09-29,MTL @ TOR,485b295347cb22f002e014cb87813ed7,fgs,yes,Ivan Demidov,,williamhill_us,1750,,oddsapi
2026-09-29T16:05:06Z,2026-09-29,MTL @ TOR,485b295347cb22f002e014cb87813ed7,fgs,yes,Chris Kreider,,williamhill_us,1750,,oddsapi
2026-09-29T16:05:06Z,2026-09-29,MTL @ TOR,485b295347cb22f002e014cb87813ed7,fgs,yes,Alex Newhook,,williamhill_us,2000,,oddsapi
2026-09-29T16:05:06Z,2026-09-29,MTL @ TOR,485b295347cb22f002e014cb87813ed7,fgs,yes,Easton Cowan,,williamhill_us,2400,,oddsapi
2026-09-29T16:05:06Z,2026-09-29,MTL @ TOR,485b295347cb22f002e014cb87813ed7,fgs,yes,Darren Raddysh,,williamhill_us,2500,,oddsapi
2026-09-29T16:05:06Z,2026-09-29,MTL @ TOR,485b295347cb22f002e014cb87813ed7,fgs,yes,Alexandre Texier,,williamhill_us,2800,,oddsapi
2026-09-29T16:05:06Z,2026-09-29,MTL @ TOR,485b295347cb22f002e014cb87813ed7,fgs,yes,Zack Bolduc,,williamhill_us,2800,,oddsapi
2026-09-29T16:05:06Z,2026-09-29,MTL @ TOR,485b295347cb22f002e014cb87813ed7,fgs,yes,Kirby Dach,,williamhill_us,2800,,oddsapi
2026-09-29T16:05:06Z,2026-09-29,MTL @ TOR,485b295347cb22f002e014cb87813ed7,fgs,yes,Josh Anderson,,williamhill_us,2800,,oddsapi
2026-09-29T16:05:06Z,2026-09-29,MTL @ TOR,485b295347cb22f002e014cb87813ed7,fgs,yes,Lane Hutson,,williamhill_us,2900,,oddsapi
2026-09-29T16:05:06Z,2026-09-29,MTL @ TOR,485b295347cb22f002e014cb87813ed7,fgs,yes,Colton Sissons,,williamhill_us,3500,,oddsapi
2026-09-29T16:05:06Z,2026-09-29,MTL @ TOR,485b295347cb22f002e014cb87813ed7,fgs,yes,Teddy Blueger,,williamhill_us,3500,,oddsapi
2026-09-29T16:05:06Z,2026-09-29,MTL @ TOR,485b295347cb22f002e014cb87813ed7,fgs,yes,Jake Evans,,williamhill_us,4000,,oddsapi
2026-09-29T16:05:06Z,2026-09-29,MTL @ TOR,485b295347cb22f002e014cb87813ed7,fgs,yes,Phillip Danault,,williamhill_us,4000,,oddsapi
2026-09-29T16:05:06Z,2026-09-29,MTL @ TOR,485b295347cb22f002e014cb87813ed7,fgs,yes,Morgan Rielly,,williamhill_us,4000,,oddsapi
2026-09-29T16:05:06Z,2026-09-29,MTL @ TOR,485b295347cb22f002e014cb87813ed7,fgs,yes,Noah Dobson,,williamhill_us,4000,,oddsapi
2026-09-29T16:05:06Z,2026-09-29,MTL @ TOR,485b295347cb22f002e014cb87813ed7,fgs,yes,Zack MacEwen,,williamhill_us,4500,,oddsapi
2026-09-29T16:05:06Z,2026-09-29,MTL @ TOR,485b295347cb22f002e014cb87813ed7,fgs,yes,Brandon Duhaime,,williamhill_us,5000,,oddsapi
2026-09-29T16:05:06Z,2026-09-29,MTL @ TOR,485b295347cb22f002e014cb87813ed7,fgs,yes,Mike Matheson,,williamhill_us,5000,,oddsapi
2026-09-29T16:05:06Z,2026-09-29,MTL @ TOR,485b295347cb22f002e014cb87813ed7,fgs,yes,Oliver Ekman-Larsson,,williamhill_us,5500,,oddsapi
2026-09-29T16:05:06Z,2026-09-29,MTL @ TOR,485b295347cb22f002e014cb87813ed7,fgs,yes,Jake McCabe,,williamhill_us,7500,,oddsapi
2026-09-29T16:05:06Z,2026-09-29,MTL @ TOR,485b295347cb22f002e014cb87813ed7,lgs,yes,Cole Caufield,,williamhill_us,850,,oddsapi
2026-09-29T16:05:06Z,2026-09-29,MTL @ TOR,485b295347cb22f002e014cb87813ed7,lgs,yes,Gavin McKenna,,williamhill_us,1400,,oddsapi
2026-09-29T16:05:06Z,2026-09-29,MTL @ TOR,485b295347cb22f002e014cb87813ed7,lgs,yes,Jack Roslovic,,williamhill_us,1500,,oddsapi
2026-09-29T16:05:06Z,2026-09-29,MTL @ TOR,485b295347cb22f002e014cb87813ed7,lgs,yes,Easton Cowan,,williamhill_us,2000,,oddsapi
2026-09-29T16:05:06Z,2026-09-29,MTL @ TOR,485b295347cb22f002e014cb87813ed7,lgs,yes,Josh Anderson,,williamhill_us,2100,,oddsapi
2026-09-29T16:05:06Z,2026-09-29,MTL @ TOR,485b295347cb22f002e014cb87813ed7,lgs,yes,Alexandre Texier,,williamhill_us,2200,,oddsapi
2026-09-29T16:05:06Z,2026-09-29,MTL @ TOR,485b295347cb22f002e014cb87813ed7,lgs,yes,Kirby Dach,,williamhill_us,2300,,oddsapi
2026-09-29T16:05:06Z,2026-09-29,MTL @ TOR,485b295347cb22f002e014cb87813ed7,lgs,yes,Lane Hutson,,williamhill_us,2300,,oddsapi
2026-09-29T16:05:06Z,2026-09-29,MTL @ TOR,485b295347cb22f002e014cb87813ed7,lgs,yes,Jake Evans,,williamhill_us,2800,,oddsapi
2026-09-29T16:05:06Z,2026-09-29,MTL @ TOR,485b295347cb22f002e014cb87813ed7,lgs,yes,Phillip Danault,,williamhill_us,2900,,oddsapi
2026-09-29T16:05:06Z,2026-09-29,MTL @ TOR,485b295347cb22f002e014cb87813ed7,lgs,yes,Colton Sissons,,williamhill_us,3000,,oddsapi
2026-09-29T16:05:06Z,2026-09-29,MTL @ TOR,485b295347cb22f002e014cb87813ed7,lgs,yes,Morgan Rielly,,williamhill_us,3000,,oddsapi
2026-09-29T16:05:06Z,2026-09-29,MTL @ TOR,485b295347cb22f002e014cb87813ed7,lgs,yes,Zack MacEwen,,williamhill_us,3300,,oddsapi
2026-09-29T16:05:06Z,2026-09-29,MTL @ TOR,485b295347cb22f002e014cb87813ed7,lgs,yes,Mike Matheson,,williamhill_us,4000,,oddsapi
2026-09-29T16:05:06Z,2026-09-29,MTL @ TOR,485b295347cb22f002e014cb87813ed7,sk_sog,over,William Nylander,2.5,williamhill_us,-120,-112,oddsapi
2026-09-29T16:05:06Z,2026-09-29,MTL @ TOR,485b295347cb22f002e014cb87813ed7,sk_sog,under,William Nylander,2.5,williamhill_us,-112,-120,oddsapi
2026-09-29T16:05:06Z,2026-09-29,MTL @ TOR,485b295347cb22f002e014cb87813ed7,sk_sog,over,Chris Kreider,1.5,williamhill_us,-173,128,oddsapi
2026-09-29T16:05:06Z,2026-09-29,MTL @ TOR,485b295347cb22f002e014cb87813ed7,sk_sog,under,Chris Kreider,1.5,williamhill_us,128,-173,oddsapi
2026-09-29T16:05:06Z,2026-09-29,MTL @ TOR,485b295347cb22f002e014cb87813ed7,sk_sog,over,Ivan Demidov,1.5,williamhill_us,-176,131,oddsapi
2026-09-29T16:05:06Z,2026-09-29,MTL @ TOR,485b295347cb22f002e014cb87813ed7,sk_sog,under,Ivan Demidov,1.5,williamhill_us,131,-176,oddsapi
2026-09-29T16:05:06Z,2026-09-29,MTL @ TOR,485b295347cb22f002e014cb87813ed7,sk_sog,over,Darren Raddysh,2.5,williamhill_us,115,-150,oddsapi
2026-09-29T16:05:06Z,2026-09-29,MTL @ TOR,485b295347cb22f002e014cb87813ed7,sk_sog,under,Darren Raddysh,2.5,williamhill_us,-150,115,oddsapi
2026-09-29T16:05:06Z,2026-09-29,MTL @ TOR,485b295347cb22f002e014cb87813ed7,sk_sog,over,Nick Suzuki,2.5,williamhill_us,108,-143,oddsapi
2026-09-29T16:05:06Z,2026-09-29,MTL @ TOR,485b295347cb22f002e014cb87813ed7,sk_sog,under,Nick Suzuki,2.5,williamhill_us,-143,108,oddsapi
2026-09-29T16:05:06Z,2026-09-29,MTL @ TOR,485b295347cb22f002e014cb87813ed7,sk_sog,over,Auston Matthews,3.5,williamhill_us,-102,-132,oddsapi
2026-09-29T16:05:06Z,2026-09-29,MTL @ TOR,485b295347cb22f002e014cb87813ed7,sk_sog,under,Auston Matthews,3.5,williamhill_us,-132,-102,oddsapi
2026-09-29T16:05:06Z,2026-09-29,MTL @ TOR,485b295347cb22f002e014cb87813ed7,sk_sog,over,Lane Hutson,1.5,williamhill_us,-145,112,oddsapi
2026-09-29T16:05:06Z,2026-09-29,MTL @ TOR,485b295347cb22f002e014cb87813ed7,sk_sog,under,Lane Hutson,1.5,williamhill_us,112,-145,oddsapi
2026-09-29T16:05:06Z,2026-09-29,MTL @ TOR,485b295347cb22f002e014cb87813ed7,sk_sog,over,Juraj Slafkovsky,2.5,williamhill_us,110,-148,oddsapi
2026-09-29T16:05:06Z,2026-09-29,MTL @ TOR,485b295347cb22f002e014cb87813ed7,sk_sog,under,Juraj Slafkovsky,2.5,williamhill_us,-148,110,oddsapi
2026-09-29T16:05:06Z,2026-09-29,MTL @ TOR,485b295347cb22f002e014cb87813ed7,sk_sog,over,John Tavares,2.5,williamhill_us,130,-176,oddsapi
2026-09-29T16:05:06Z,2026-09-29,MTL @ TOR,485b295347cb22f002e014cb87813ed7,sk_sog,under,John Tavares,2.5,williamhill_us,-176,130,oddsapi
2026-09-29T16:05:06Z,2026-09-29,MTL @ TOR,485b295347cb22f002e014cb87813ed7,sk_sog,over,Noah Dobson,1.5,williamhill_us,-176,132,oddsapi
2026-09-29T16:05:06Z,2026-09-29,MTL @ TOR,485b295347cb22f002e014cb87813ed7,sk_sog,under,Noah Dobson,1.5,williamhill_us,132,-176,oddsapi
2026-09-29T16:05:06Z,2026-09-29,MTL @ TOR,485b295347cb22f002e014cb87813ed7,sk_sog,over,Cole Caufield,3.5,williamhill_us,120,-159,oddsapi
2026-09-29T16:05:06Z,2026-09-29,MTL @ TOR,485b295347cb22f002e014cb87813ed7,sk_sog,under,Cole Caufield,3.5,williamhill_us,-159,120,oddsapi
2026-09-29T16:05:06Z,2026-09-29,MTL @ TOR,485b295347cb22f002e014cb87813ed7,sk_sog,over,Gavin McKenna,1.5,williamhill_us,-150,112,oddsapi
2026-09-29T16:05:06Z,2026-09-29,MTL @ TOR,485b295347cb22f002e014cb87813ed7,sk_sog,under,Gavin McKenna,1.5,williamhill_us,112,-150,oddsapi
2026-09-29T16:05:06Z,2026-09-29,MTL @ TOR,485b295347cb22f002e014cb87813ed7,team_total,over,MTL,3.5,williamhill_us,123,-173,oddsapi
2026-09-29T16:05:06Z,2026-09-29,MTL @ TOR,485b295347cb22f002e014cb87813ed7,team_total,under,MTL,3.5,williamhill_us,-173,123,oddsapi
2026-09-29T16:05:06Z,2026-09-29,MTL @ TOR,485b295347cb22f002e014cb87813ed7,team_total,over,TOR,3.5,williamhill_us,128,-179,oddsapi
2026-09-29T16:05:06Z,2026-09-29,MTL @ TOR,485b295347cb22f002e014cb87813ed7,team_total,under,TOR,3.5,williamhill_us,-179,128,oddsapi
2026-09-29T16:05:06Z,2026-09-29,MTL @ TOR,485b295347cb22f002e014cb87813ed7,game_pl_alt,MTL,,1.5,fanduel,-280,205,oddsapi
2026-09-29T16:05:06Z,2026-09-29,MTL @ TOR,485b295347cb22f002e014cb87813ed7,game_pl_alt,MTL,,2.5,fanduel,-550,360,oddsapi
2026-09-29T16:05:06Z,2026-09-29,MTL @ TOR,485b295347cb22f002e014cb87813ed7,game_pl_alt,MTL,,3.5,fanduel,-1800,960,oddsapi
2026-09-29T16:05:06Z,2026-09-29,MTL @ TOR,485b295347cb22f002e014cb87813ed7,game_pl_alt,MTL,,4.5,fanduel,-6000,2300,oddsapi
2026-09-29T16:05:06Z,2026-09-29,MTL @ TOR,485b295347cb22f002e014cb87813ed7,game_pl_alt,MTL,,5.5,fanduel,-20000,5500,oddsapi
2026-09-29T16:05:06Z,2026-09-29,MTL @ TOR,485b295347cb22f002e014cb87813ed7,game_pl_alt,MTL,,6.5,fanduel,-50000,,oddsapi
2026-09-29T16:05:06Z,2026-09-29,MTL @ TOR,485b295347cb22f002e014cb87813ed7,game_pl_alt,MTL,,-1.5,fanduel,188,-250,oddsapi
2026-09-29T16:05:06Z,2026-09-29,MTL @ TOR,485b295347cb22f002e014cb87813ed7,game_pl_alt,MTL,,-2.5,fanduel,350,-550,oddsapi
2026-09-29T16:05:06Z,2026-09-29,MTL @ TOR,485b295347cb22f002e014cb87813ed7,game_pl_alt,MTL,,-3.5,fanduel,960,-1800,oddsapi
2026-09-29T16:05:06Z,2026-09-29,MTL @ TOR,485b295347cb22f002e014cb87813ed7,game_pl_alt,MTL,,-4.5,fanduel,2300,-6000,oddsapi
2026-09-29T16:05:06Z,2026-09-29,MTL @ TOR,485b295347cb22f002e014cb87813ed7,game_pl_alt,MTL,,-5.5,fanduel,6500,-20000,oddsapi
2026-09-29T16:05:06Z,2026-09-29,MTL @ TOR,485b295347cb22f002e014cb87813ed7,game_pl_alt,TOR,,1.5,fanduel,-250,188,oddsapi
2026-09-29T16:05:06Z,2026-09-29,MTL @ TOR,485b295347cb22f002e014cb87813ed7,game_pl_alt,TOR,,2.5,fanduel,-550,350,oddsapi
2026-09-29T16:05:06Z,2026-09-29,MTL @ TOR,485b295347cb22f002e014cb87813ed7,game_pl_alt,TOR,,3.5,fanduel,-1800,960,oddsapi
2026-09-29T16:05:06Z,2026-09-29,MTL @ TOR,485b295347cb22f002e014cb87813ed7,game_pl_alt,TOR,,4.5,fanduel,-6000,2300,oddsapi
2026-09-29T16:05:06Z,2026-09-29,MTL @ TOR,485b295347cb22f002e014cb87813ed7,game_pl_alt,TOR,,5.5,fanduel,-20000,6500,oddsapi
2026-09-29T16:05:06Z,2026-09-29,MTL @ TOR,485b295347cb22f002e014cb87813ed7,game_pl_alt,TOR,,6.5,fanduel,-50000,,oddsapi
2026-09-29T16:05:06Z,2026-09-29,MTL @ TOR,485b295347cb22f002e014cb87813ed7,game_pl_alt,TOR,,-1.5,fanduel,205,-280,oddsapi
2026-09-29T16:05:06Z,2026-09-29,MTL @ TOR,485b295347cb22f002e014cb87813ed7,game_pl_alt,TOR,,-2.5,fanduel,360,-550,oddsapi
2026-09-29T16:05:06Z,2026-09-29,MTL @ TOR,485b295347cb22f002e014cb87813ed7,game_pl_alt,TOR,,-3.5,fanduel,960,-1800,oddsapi
2026-09-29T16:05:06Z,2026-09-29,MTL @ TOR,485b295347cb22f002e014cb87813ed7,game_pl_alt,TOR,,-4.5,fanduel,2300,-6000,oddsapi
2026-09-29T16:05:06Z,2026-09-29,MTL @ TOR,485b295347cb22f002e014cb87813ed7,game_pl_alt,TOR,,-5.5,fanduel,5500,-20000,oddsapi
2026-09-29T16:05:06Z,2026-09-29,MTL @ TOR,485b295347cb22f002e014cb87813ed7,team_total_alt,over,MTL,0.5,fanduel,-3500,1480,oddsapi
2026-09-29T16:05:06Z,2026-09-29,MTL @ TOR,485b295347cb22f002e014cb87813ed7,team_total_alt,over,MTL,1.5,fanduel,-600,370,oddsapi
2026-09-29T16:05:06Z,2026-09-29,MTL @ TOR,485b295347cb22f002e014cb87813ed7,team_total_alt,over,MTL,2.5,fanduel,-186,,oddsapi
2026-09-29T16:05:06Z,2026-09-29,MTL @ TOR,485b295347cb22f002e014cb87813ed7,team_total_alt,over,MTL,3.5,fanduel,124,-158,oddsapi
2026-09-29T16:05:06Z,2026-09-29,MTL @ TOR,485b295347cb22f002e014cb87813ed7,team_total_alt,over,MTL,4.5,fanduel,290,-430,oddsapi
2026-09-29T16:05:06Z,2026-09-29,MTL @ TOR,485b295347cb22f002e014cb87813ed7,team_total_alt,over,MTL,5.5,fanduel,750,-1450,oddsapi
2026-09-29T16:05:06Z,2026-09-29,MTL @ TOR,485b295347cb22f002e014cb87813ed7,team_total_alt,over,MTL,6.5,fanduel,1800,-4500,oddsapi
2026-09-29T16:05:06Z,2026-09-29,MTL @ TOR,485b295347cb22f002e014cb87813ed7,team_total_alt,over,MTL,7.5,fanduel,5000,,oddsapi
2026-09-29T16:05:06Z,2026-09-29,MTL @ TOR,485b295347cb22f002e014cb87813ed7,team_total_alt,under,MTL,0.5,fanduel,1480,-3500,oddsapi
2026-09-29T16:05:06Z,2026-09-29,MTL @ TOR,485b295347cb22f002e014cb87813ed7,team_total_alt,under,MTL,1.5,fanduel,370,-600,oddsapi
2026-09-29T16:05:06Z,2026-09-29,MTL @ TOR,485b295347cb22f002e014cb87813ed7,team_total_alt,under,MTL,3.5,fanduel,-158,124,oddsapi
2026-09-29T16:05:06Z,2026-09-29,MTL @ TOR,485b295347cb22f002e014cb87813ed7,team_total_alt,under,MTL,4.5,fanduel,-430,290,oddsapi
2026-09-29T16:05:06Z,2026-09-29,MTL @ TOR,485b295347cb22f002e014cb87813ed7,team_total_alt,under,MTL,5.5,fanduel,-1450,750,oddsapi
2026-09-29T16:05:06Z,2026-09-29,MTL @ TOR,485b295347cb22f002e014cb87813ed7,team_total_alt,under,MTL,6.5,fanduel,-4500,1800,oddsapi
2026-09-29T16:05:06Z,2026-09-29,MTL @ TOR,485b295347cb22f002e014cb87813ed7,team_total_alt,over,TOR,0.5,fanduel,-3500,1480,oddsapi
2026-09-29T16:05:06Z,2026-09-29,MTL @ TOR,485b295347cb22f002e014cb87813ed7,team_total_alt,over,TOR,1.5,fanduel,-650,410,oddsapi
2026-09-29T16:05:06Z,2026-09-29,MTL @ TOR,485b295347cb22f002e014cb87813ed7,team_total_alt,over,TOR,2.5,fanduel,-190,,oddsapi
2026-09-29T16:05:06Z,2026-09-29,MTL @ TOR,485b295347cb22f002e014cb87813ed7,team_total_alt,over,TOR,3.5,fanduel,130,-166,oddsapi
2026-09-29T16:05:06Z,2026-09-29,MTL @ TOR,485b295347cb22f002e014cb87813ed7,team_total_alt,over,TOR,4.5,fanduel,320,-460,oddsapi
2026-09-29T16:05:06Z,2026-09-29,MTL @ TOR,485b295347cb22f002e014cb87813ed7,team_total_alt,over,TOR,5.5,fanduel,790,-1450,oddsapi
2026-09-29T16:05:06Z,2026-09-29,MTL @ TOR,485b295347cb22f002e014cb87813ed7,team_total_alt,over,TOR,6.5,fanduel,1800,-4500,oddsapi
2026-09-29T16:05:06Z,2026-09-29,MTL @ TOR,485b295347cb22f002e014cb87813ed7,team_total_alt,over,TOR,7.5,fanduel,5000,,oddsapi
2026-09-29T16:05:06Z,2026-09-29,MTL @ TOR,485b295347cb22f002e014cb87813ed7,team_total_alt,under,TOR,0.5,fanduel,1480,-3500,oddsapi
2026-09-29T16:05:06Z,2026-09-29,MTL @ TOR,485b295347cb22f002e014cb87813ed7,team_total_alt,under,TOR,1.5,fanduel,410,-650,oddsapi
2026-09-29T16:05:06Z,2026-09-29,MTL @ TOR,485b295347cb22f002e014cb87813ed7,team_total_alt,under,TOR,3.5,fanduel,-166,130,oddsapi
2026-09-29T16:05:06Z,2026-09-29,MTL @ TOR,485b295347cb22f002e014cb87813ed7,team_total_alt,under,TOR,4.5,fanduel,-460,320,oddsapi
2026-09-29T16:05:06Z,2026-09-29,MTL @ TOR,485b295347cb22f002e014cb87813ed7,team_total_alt,under,TOR,5.5,fanduel,-1450,790,oddsapi
2026-09-29T16:05:06Z,2026-09-29,MTL @ TOR,485b295347cb22f002e014cb87813ed7,team_total_alt,under,TOR,6.5,fanduel,-4500,1800,oddsapi
2026-09-29T16:05:06Z,2026-09-29,MTL @ TOR,485b295347cb22f002e014cb87813ed7,game_total_alt,over,,2.5,fanduel,-6000,2400,oddsapi
2026-09-29T16:05:06Z,2026-09-29,MTL @ TOR,485b295347cb22f002e014cb87813ed7,game_total_alt,over,,3.5,fanduel,-1100,590,oddsapi
2026-09-29T16:05:06Z,2026-09-29,MTL @ TOR,485b295347cb22f002e014cb87813ed7,game_total_alt,over,,4.5,fanduel,-550,350,oddsapi
2026-09-29T16:05:06Z,2026-09-29,MTL @ TOR,485b295347cb22f002e014cb87813ed7,game_total_alt,over,,5.5,fanduel,-166,130,oddsapi
2026-09-29T16:05:06Z,2026-09-29,MTL @ TOR,485b295347cb22f002e014cb87813ed7,game_total_alt,over,,6.5,fanduel,-104,-122,oddsapi
2026-09-29T16:05:06Z,2026-09-29,MTL @ TOR,485b295347cb22f002e014cb87813ed7,game_total_alt,over,,7.5,fanduel,235,-330,oddsapi
2026-09-29T16:05:06Z,2026-09-29,MTL @ TOR,485b295347cb22f002e014cb87813ed7,game_total_alt,over,,8.5,fanduel,370,-600,oddsapi
2026-09-29T16:05:06Z,2026-09-29,MTL @ TOR,485b295347cb22f002e014cb87813ed7,game_total_alt,over,,9.5,fanduel,820,-1600,oddsapi
2026-09-29T16:05:06Z,2026-09-29,MTL @ TOR,485b295347cb22f002e014cb87813ed7,game_total_alt,over,,10.5,fanduel,1360,-3000,oddsapi
2026-09-29T16:05:06Z,2026-09-29,MTL @ TOR,485b295347cb22f002e014cb87813ed7,game_total_alt,over,,11.5,fanduel,3100,-8000,oddsapi
2026-09-29T16:05:06Z,2026-09-29,MTL @ TOR,485b295347cb22f002e014cb87813ed7,game_total_alt,over,,12.5,fanduel,5500,,oddsapi
2026-09-29T16:05:06Z,2026-09-29,MTL @ TOR,485b295347cb22f002e014cb87813ed7,game_total_alt,under,,2.5,fanduel,2400,-6000,oddsapi
2026-09-29T16:05:06Z,2026-09-29,MTL @ TOR,485b295347cb22f002e014cb87813ed7,game_total_alt,under,,3.5,fanduel,590,-1100,oddsapi
2026-09-29T16:05:06Z,2026-09-29,MTL @ TOR,485b295347cb22f002e014cb87813ed7,game_total_alt,under,,4.5,fanduel,350,-550,oddsapi
2026-09-29T16:05:06Z,2026-09-29,MTL @ TOR,485b295347cb22f002e014cb87813ed7,game_total_alt,under,,5.5,fanduel,130,-166,oddsapi
2026-09-29T16:05:06Z,2026-09-29,MTL @ TOR,485b295347cb22f002e014cb87813ed7,game_total_alt,under,,6.5,fanduel,-122,-104,oddsapi
2026-09-29T16:05:06Z,2026-09-29,MTL @ TOR,485b295347cb22f002e014cb87813ed7,game_total_alt,under,,7.5,fanduel,-330,235,oddsapi
2026-09-29T16:05:06Z,2026-09-29,MTL @ TOR,485b295347cb22f002e014cb87813ed7,game_total_alt,under,,8.5,fanduel,-600,370,oddsapi
2026-09-29T16:05:06Z,2026-09-29,MTL @ TOR,485b295347cb22f002e014cb87813ed7,game_total_alt,under,,9.5,fanduel,-1600,820,oddsapi
2026-09-29T16:05:06Z,2026-09-29,MTL @ TOR,485b295347cb22f002e014cb87813ed7,game_total_alt,under,,10.5,fanduel,-3000,1360,oddsapi
2026-09-29T16:05:06Z,2026-09-29,MTL @ TOR,485b295347cb22f002e014cb87813ed7,game_total_alt,under,,11.5,fanduel,-8000,3100,oddsapi
2026-09-29T16:05:06Z,2026-09-29,MTL @ TOR,485b295347cb22f002e014cb87813ed7,game_ml3,MTL,,,fanduel,145,,oddsapi
2026-09-29T16:05:06Z,2026-09-29,MTL @ TOR,485b295347cb22f002e014cb87813ed7,game_ml3,TOR,,,fanduel,145,,oddsapi
2026-09-29T16:05:06Z,2026-09-29,MTL @ TOR,485b295347cb22f002e014cb87813ed7,game_ml3,draw,,,fanduel,310,,oddsapi
2026-09-29T16:05:06Z,2026-09-29,MTL @ TOR,485b295347cb22f002e014cb87813ed7,p1_ml3,MTL,,,fanduel,190,,oddsapi
2026-09-29T16:05:06Z,2026-09-29,MTL @ TOR,485b295347cb22f002e014cb87813ed7,p1_ml3,TOR,,,fanduel,175,,oddsapi
2026-09-29T16:05:06Z,2026-09-29,MTL @ TOR,485b295347cb22f002e014cb87813ed7,p1_ml3,draw,,,fanduel,180,,oddsapi
2026-09-29T16:05:06Z,2026-09-29,MTL @ TOR,485b295347cb22f002e014cb87813ed7,p2_ml3,MTL,,,fanduel,170,,oddsapi
2026-09-29T16:05:06Z,2026-09-29,MTL @ TOR,485b295347cb22f002e014cb87813ed7,p2_ml3,TOR,,,fanduel,165,,oddsapi
2026-09-29T16:05:06Z,2026-09-29,MTL @ TOR,485b295347cb22f002e014cb87813ed7,p2_ml3,draw,,,fanduel,210,,oddsapi
2026-09-29T16:05:06Z,2026-09-29,MTL @ TOR,485b295347cb22f002e014cb87813ed7,p3_ml3,MTL,,,fanduel,150,,oddsapi
2026-09-29T16:05:06Z,2026-09-29,MTL @ TOR,485b295347cb22f002e014cb87813ed7,p3_ml3,TOR,,,fanduel,155,,oddsapi
2026-09-29T16:05:06Z,2026-09-29,MTL @ TOR,485b295347cb22f002e014cb87813ed7,p3_ml3,draw,,,fanduel,260,,oddsapi
2026-09-29T16:05:06Z,2026-09-29,MTL @ TOR,485b295347cb22f002e014cb87813ed7,p1_ml,MTL,,,fanduel,-108,-118,oddsapi
2026-09-29T16:05:06Z,2026-09-29,MTL @ TOR,485b295347cb22f002e014cb87813ed7,p1_ml,TOR,,,fanduel,-118,-108,oddsapi
2026-09-29T16:05:06Z,2026-09-29,MTL @ TOR,485b295347cb22f002e014cb87813ed7,p2_ml,MTL,,,fanduel,-110,-116,oddsapi
2026-09-29T16:05:06Z,2026-09-29,MTL @ TOR,485b295347cb22f002e014cb87813ed7,p2_ml,TOR,,,fanduel,-116,-110,oddsapi
2026-09-29T16:05:06Z,2026-09-29,MTL @ TOR,485b295347cb22f002e014cb87813ed7,p3_ml,MTL,,,fanduel,-116,-110,oddsapi
2026-09-29T16:05:06Z,2026-09-29,MTL @ TOR,485b295347cb22f002e014cb87813ed7,p3_ml,TOR,,,fanduel,-110,-116,oddsapi
2026-09-29T16:05:06Z,2026-09-29,MTL @ TOR,485b295347cb22f002e014cb87813ed7,ags,yes,Cole Caufield,,fanduel,135,,oddsapi
2026-09-29T16:05:06Z,2026-09-29,MTL @ TOR,485b295347cb22f002e014cb87813ed7,ags,yes,Auston Matthews,,fanduel,140,,oddsapi
2026-09-29T16:05:06Z,2026-09-29,MTL @ TOR,485b295347cb22f002e014cb87813ed7,ags,yes,William Nylander,,fanduel,170,,oddsapi
2026-09-29T16:05:06Z,2026-09-29,MTL @ TOR,485b295347cb22f002e014cb87813ed7,ags,yes,Nick Suzuki,,fanduel,200,,oddsapi
2026-09-29T16:05:06Z,2026-09-29,MTL @ TOR,485b295347cb22f002e014cb87813ed7,ags,yes,John Tavares,,fanduel,200,,oddsapi
2026-09-29T16:05:06Z,2026-09-29,MTL @ TOR,485b295347cb22f002e014cb87813ed7,ags,yes,Juraj Slafkovsky,,fanduel,230,,oddsapi
2026-09-29T16:05:06Z,2026-09-29,MTL @ TOR,485b295347cb22f002e014cb87813ed7,ags,yes,Jack Roslovic,,fanduel,240,,oddsapi
2026-09-29T16:05:06Z,2026-09-29,MTL @ TOR,485b295347cb22f002e014cb87813ed7,ags,yes,Gavin McKenna,,fanduel,250,,oddsapi
2026-09-29T16:05:06Z,2026-09-29,MTL @ TOR,485b295347cb22f002e014cb87813ed7,ags,yes,Ivan Demidov,,fanduel,260,,oddsapi
2026-09-29T16:05:06Z,2026-09-29,MTL @ TOR,485b295347cb22f002e014cb87813ed7,ags,yes,Chris Kreider,,fanduel,310,,oddsapi
2026-09-29T16:05:06Z,2026-09-29,MTL @ TOR,485b295347cb22f002e014cb87813ed7,ags,yes,Alex Newhook,,fanduel,350,,oddsapi
2026-09-29T16:05:06Z,2026-09-29,MTL @ TOR,485b295347cb22f002e014cb87813ed7,ags,yes,Easton Cowan,,fanduel,410,,oddsapi
2026-09-29T16:05:06Z,2026-09-29,MTL @ TOR,485b295347cb22f002e014cb87813ed7,ags,yes,Darren Raddysh,,fanduel,440,,oddsapi
2026-09-29T16:05:06Z,2026-09-29,MTL @ TOR,485b295347cb22f002e014cb87813ed7,ags,yes,Kirby Dach,,fanduel,490,,oddsapi
2026-09-29T16:05:06Z,2026-09-29,MTL @ TOR,485b295347cb22f002e014cb87813ed7,ags,yes,Alexandre Texier,,fanduel,525,,oddsapi
2026-09-29T16:05:06Z,2026-09-29,MTL @ TOR,485b295347cb22f002e014cb87813ed7,ags,yes,Lane Hutson,,fanduel,600,,oddsapi
2026-09-29T16:05:06Z,2026-09-29,MTL @ TOR,485b295347cb22f002e014cb87813ed7,ags,yes,Colton Sissons,,fanduel,600,,oddsapi
2026-09-29T16:05:06Z,2026-09-29,MTL @ TOR,485b295347cb22f002e014cb87813ed7,ags,yes,Zack Bolduc,,fanduel,600,,oddsapi
2026-09-29T16:05:06Z,2026-09-29,MTL @ TOR,485b295347cb22f002e014cb87813ed7,ags,yes,Morgan Rielly,,fanduel,700,,oddsapi
2026-09-29T16:05:06Z,2026-09-29,MTL @ TOR,485b295347cb22f002e014cb87813ed7,ags,yes,Josh Anderson,,fanduel,700,,oddsapi
2026-09-29T16:05:06Z,2026-09-29,MTL @ TOR,485b295347cb22f002e014cb87813ed7,ags,yes,Noah Dobson,,fanduel,750,,oddsapi
2026-09-29T16:05:06Z,2026-09-29,MTL @ TOR,485b295347cb22f002e014cb87813ed7,ags,yes,Jake Evans,,fanduel,750,,oddsapi
2026-09-29T16:05:06Z,2026-09-29,MTL @ TOR,485b295347cb22f002e014cb87813ed7,ags,yes,Phillip Danault,,fanduel,800,,oddsapi
2026-09-29T16:05:06Z,2026-09-29,MTL @ TOR,485b295347cb22f002e014cb87813ed7,ags,yes,Teddy Blueger,,fanduel,800,,oddsapi
2026-09-29T16:05:06Z,2026-09-29,MTL @ TOR,485b295347cb22f002e014cb87813ed7,ags,yes,Mike Matheson,,fanduel,1100,,oddsapi
2026-09-29T16:05:06Z,2026-09-29,MTL @ TOR,485b295347cb22f002e014cb87813ed7,ags,yes,Zack MacEwen,,fanduel,1100,,oddsapi
2026-09-29T16:05:06Z,2026-09-29,MTL @ TOR,485b295347cb22f002e014cb87813ed7,ags,yes,Brandon Duhaime,,fanduel,1100,,oddsapi
2026-09-29T16:05:06Z,2026-09-29,MTL @ TOR,485b295347cb22f002e014cb87813ed7,ags,yes,Oliver Ekman-Larsson,,fanduel,1100,,oddsapi
2026-09-29T16:05:06Z,2026-09-29,MTL @ TOR,485b295347cb22f002e014cb87813ed7,ags,yes,Jake McCabe,,fanduel,1700,,oddsapi
2026-09-29T16:05:06Z,2026-09-29,MTL @ TOR,485b295347cb22f002e014cb87813ed7,ags,yes,Alexandre Carrier,,fanduel,1800,,oddsapi
2026-09-29T16:05:06Z,2026-09-29,MTL @ TOR,485b295347cb22f002e014cb87813ed7,ags,yes,Christopher Tanev,,fanduel,1900,,oddsapi
2026-09-29T16:05:06Z,2026-09-29,MTL @ TOR,485b295347cb22f002e014cb87813ed7,ags,yes,Jayden Struble,,fanduel,2000,,oddsapi
2026-09-29T16:05:06Z,2026-09-29,MTL @ TOR,485b295347cb22f002e014cb87813ed7,fgs,yes,Auston Matthews,,fanduel,1000,,oddsapi
2026-09-29T16:05:06Z,2026-09-29,MTL @ TOR,485b295347cb22f002e014cb87813ed7,fgs,yes,Cole Caufield,,fanduel,1000,,oddsapi
2026-09-29T16:05:06Z,2026-09-29,MTL @ TOR,485b295347cb22f002e014cb87813ed7,fgs,yes,William Nylander,,fanduel,1200,,oddsapi
2026-09-29T16:05:06Z,2026-09-29,MTL @ TOR,485b295347cb22f002e014cb87813ed7,fgs,yes,John Tavares,,fanduel,1400,,oddsapi
2026-09-29T16:05:06Z,2026-09-29,MTL @ TOR,485b295347cb22f002e014cb87813ed7,fgs,yes,Nick Suzuki,,fanduel,1400,,oddsapi
2026-09-29T16:05:06Z,2026-09-29,MTL @ TOR,485b295347cb22f002e014cb87813ed7,fgs,yes,Juraj Slafkovsky,,fanduel,1500,,oddsapi
2026-09-29T16:05:06Z,2026-09-29,MTL @ TOR,485b295347cb22f002e014cb87813ed7,fgs,yes,Jack Roslovic,,fanduel,1500,,oddsapi
2026-09-29T16:05:06Z,2026-09-29,MTL @ TOR,485b295347cb22f002e014cb87813ed7,fgs,yes,Ivan Demidov,,fanduel,1600,,oddsapi
2026-09-29T16:05:06Z,2026-09-29,MTL @ TOR,485b295347cb22f002e014cb87813ed7,fgs,yes,Gavin McKenna,,fanduel,1600,,oddsapi
2026-09-29T16:05:06Z,2026-09-29,MTL @ TOR,485b295347cb22f002e014cb87813ed7,fgs,yes,Chris Kreider,,fanduel,1800,,oddsapi
2026-09-29T16:05:06Z,2026-09-29,MTL @ TOR,485b295347cb22f002e014cb87813ed7,fgs,yes,Alex Newhook,,fanduel,2000,,oddsapi
2026-09-29T16:05:06Z,2026-09-29,MTL @ TOR,485b295347cb22f002e014cb87813ed7,fgs,yes,Easton Cowan,,fanduel,2200,,oddsapi
2026-09-29T16:05:06Z,2026-09-29,MTL @ TOR,485b295347cb22f002e014cb87813ed7,fgs,yes,Kirby Dach,,fanduel,2700,,oddsapi
2026-09-29T16:05:06Z,2026-09-29,MTL @ TOR,485b295347cb22f002e014cb87813ed7,fgs,yes,Darren Raddysh,,fanduel,2700,,oddsapi
2026-09-29T16:05:06Z,2026-09-29,MTL @ TOR,485b295347cb22f002e014cb87813ed7,fgs,yes,Colton Sissons,,fanduel,3000,,oddsapi
2026-09-29T16:05:06Z,2026-09-29,MTL @ TOR,485b295347cb22f002e014cb87813ed7,fgs,yes,Alexandre Texier,,fanduel,3000,,oddsapi
2026-09-29T16:05:06Z,2026-09-29,MTL @ TOR,485b295347cb22f002e014cb87813ed7,fgs,yes,Lane Hutson,,fanduel,3300,,oddsapi
2026-09-29T16:05:06Z,2026-09-29,MTL @ TOR,485b295347cb22f002e014cb87813ed7,fgs,yes,Zack Bolduc,,fanduel,3300,,oddsapi
2026-09-29T16:05:06Z,2026-09-29,MTL @ TOR,485b295347cb22f002e014cb87813ed7,fgs,yes,Jake Evans,,fanduel,3500,,oddsapi
2026-09-29T16:05:06Z,2026-09-29,MTL @ TOR,485b295347cb22f002e014cb87813ed7,fgs,yes,Josh Anderson,,fanduel,3500,,oddsapi
2026-09-29T16:05:06Z,2026-09-29,MTL @ TOR,485b295347cb22f002e014cb87813ed7,fgs,yes,Teddy Blueger,,fanduel,3500,,oddsapi
2026-09-29T16:05:06Z,2026-09-29,MTL @ TOR,485b295347cb22f002e014cb87813ed7,fgs,yes,Morgan Rielly,,fanduel,4000,,oddsapi
2026-09-29T16:05:06Z,2026-09-29,MTL @ TOR,485b295347cb22f002e014cb87813ed7,fgs,yes,Phillip Danault,,fanduel,4000,,oddsapi
2026-09-29T16:05:06Z,2026-09-29,MTL @ TOR,485b295347cb22f002e014cb87813ed7,fgs,yes,Noah Dobson,,fanduel,4500,,oddsapi
2026-09-29T16:05:06Z,2026-09-29,MTL @ TOR,485b295347cb22f002e014cb87813ed7,fgs,yes,Zack MacEwen,,fanduel,5000,,oddsapi
2026-09-29T16:05:06Z,2026-09-29,MTL @ TOR,485b295347cb22f002e014cb87813ed7,fgs,yes,Brandon Duhaime,,fanduel,5500,,oddsapi
2026-09-29T16:05:06Z,2026-09-29,MTL @ TOR,485b295347cb22f002e014cb87813ed7,fgs,yes,Oliver Ekman-Larsson,,fanduel,5500,,oddsapi
2026-09-29T16:05:06Z,2026-09-29,MTL @ TOR,485b295347cb22f002e014cb87813ed7,fgs,yes,Mike Matheson,,fanduel,6500,,oddsapi
2026-09-29T16:05:06Z,2026-09-29,MTL @ TOR,485b295347cb22f002e014cb87813ed7,fgs,yes,Jake McCabe,,fanduel,8000,,oddsapi
2026-09-29T16:05:06Z,2026-09-29,MTL @ TOR,485b295347cb22f002e014cb87813ed7,fgs,yes,Christopher Tanev,,fanduel,10000,,oddsapi
2026-09-29T16:05:06Z,2026-09-29,MTL @ TOR,485b295347cb22f002e014cb87813ed7,fgs,yes,Alexandre Carrier,,fanduel,10000,,oddsapi
2026-09-29T16:05:06Z,2026-09-29,MTL @ TOR,485b295347cb22f002e014cb87813ed7,fgs,yes,Jayden Struble,,fanduel,10000,,oddsapi
2026-09-29T16:05:06Z,2026-09-29,MTL @ TOR,485b295347cb22f002e014cb87813ed7,sk_g,over,William Nylander,0.5,fanduel,170,-240,oddsapi
2026-09-29T16:05:06Z,2026-09-29,MTL @ TOR,485b295347cb22f002e014cb87813ed7,sk_g,under,William Nylander,0.5,fanduel,-240,170,oddsapi
2026-09-29T16:05:06Z,2026-09-29,MTL @ TOR,485b295347cb22f002e014cb87813ed7,sk_g,over,Nick Suzuki,0.5,fanduel,200,-270,oddsapi
2026-09-29T16:05:06Z,2026-09-29,MTL @ TOR,485b295347cb22f002e014cb87813ed7,sk_g,under,Nick Suzuki,0.5,fanduel,-270,200,oddsapi
2026-09-29T16:05:06Z,2026-09-29,MTL @ TOR,485b295347cb22f002e014cb87813ed7,sk_g,over,Gavin McKenna,0.5,fanduel,250,-360,oddsapi
2026-09-29T16:05:06Z,2026-09-29,MTL @ TOR,485b295347cb22f002e014cb87813ed7,sk_g,under,Gavin McKenna,0.5,fanduel,-360,250,oddsapi
2026-09-29T16:05:06Z,2026-09-29,MTL @ TOR,485b295347cb22f002e014cb87813ed7,sk_g,over,John Tavares,0.5,fanduel,200,-270,oddsapi
2026-09-29T16:05:06Z,2026-09-29,MTL @ TOR,485b295347cb22f002e014cb87813ed7,sk_g,under,John Tavares,0.5,fanduel,-270,200,oddsapi
2026-09-29T16:05:06Z,2026-09-29,MTL @ TOR,485b295347cb22f002e014cb87813ed7,sk_g,over,Juraj Slafkovsky,0.5,fanduel,230,-320,oddsapi
2026-09-29T16:05:06Z,2026-09-29,MTL @ TOR,485b295347cb22f002e014cb87813ed7,sk_g,under,Juraj Slafkovsky,0.5,fanduel,-320,230,oddsapi
2026-09-29T16:05:06Z,2026-09-29,MTL @ TOR,485b295347cb22f002e014cb87813ed7,sk_g,over,Auston Matthews,0.5,fanduel,140,-190,oddsapi
2026-09-29T16:05:06Z,2026-09-29,MTL @ TOR,485b295347cb22f002e014cb87813ed7,sk_g,under,Auston Matthews,0.5,fanduel,-190,140,oddsapi
2026-09-29T16:05:06Z,2026-09-29,MTL @ TOR,485b295347cb22f002e014cb87813ed7,sk_g,over,Ivan Demidov,0.5,fanduel,260,-400,oddsapi
2026-09-29T16:05:06Z,2026-09-29,MTL @ TOR,485b295347cb22f002e014cb87813ed7,sk_g,under,Ivan Demidov,0.5,fanduel,-400,260,oddsapi
2026-09-29T16:05:06Z,2026-09-29,MTL @ TOR,485b295347cb22f002e014cb87813ed7,sk_g,over,Cole Caufield,0.5,fanduel,135,-180,oddsapi
2026-09-29T16:05:06Z,2026-09-29,MTL @ TOR,485b295347cb22f002e014cb87813ed7,sk_g,under,Cole Caufield,0.5,fanduel,-180,135,oddsapi
2026-09-29T16:05:06Z,2026-09-29,MTL @ TOR,485b295347cb22f002e014cb87813ed7,sk_sog,over,Easton Cowan,1.5,fanduel,-120,-110,oddsapi
2026-09-29T16:05:06Z,2026-09-29,MTL @ TOR,485b295347cb22f002e014cb87813ed7,sk_sog,under,Easton Cowan,1.5,fanduel,-108,-118,oddsapi
2026-09-29T16:05:06Z,2026-09-29,MTL @ TOR,485b295347cb22f002e014cb87813ed7,sk_sog,over,Easton Cowan,1.5,fanduel,-118,-110,oddsapi
2026-09-29T16:05:06Z,2026-09-29,MTL @ TOR,485b295347cb22f002e014cb87813ed7,sk_sog,under,Easton Cowan,1.5,fanduel,-110,-118,oddsapi
2026-09-29T16:05:06Z,2026-09-29,MTL @ TOR,485b295347cb22f002e014cb87813ed7,sk_sog,over,Morgan Rielly,1.5,fanduel,-106,-128,oddsapi
2026-09-29T16:05:06Z,2026-09-29,MTL @ TOR,485b295347cb22f002e014cb87813ed7,sk_sog,under,Morgan Rielly,1.5,fanduel,-122,-102,oddsapi
2026-09-29T16:05:06Z,2026-09-29,MTL @ TOR,485b295347cb22f002e014cb87813ed7,sk_sog,over,John Tavares,2.5,fanduel,125,-164,oddsapi
2026-09-29T16:05:06Z,2026-09-29,MTL @ TOR,485b295347cb22f002e014cb87813ed7,sk_sog,under,John Tavares,2.5,fanduel,-164,125,oddsapi
2026-09-29T16:05:06Z,2026-09-29,MTL @ TOR,485b295347cb22f002e014cb87813ed7,sk_sog,over,Morgan Rielly,1.5,fanduel,-102,-128,oddsapi
2026-09-29T16:05:06Z,2026-09-29,MTL @ TOR,485b295347cb22f002e014cb87813ed7,sk_sog,under,Morgan Rielly,1.5,fanduel,-128,-102,oddsapi
2026-09-29T16:05:06Z,2026-09-29,MTL @ TOR,485b295347cb22f002e014cb87813ed7,sk_sog,over,Nick Suzuki,2.5,fanduel,112,-146,oddsapi
2026-09-29T16:05:06Z,2026-09-29,MTL @ TOR,485b295347cb22f002e014cb87813ed7,sk_sog,under,Nick Suzuki,2.5,fanduel,-146,112,oddsapi
2026-09-29T16:05:06Z,2026-09-29,MTL @ TOR,485b295347cb22f002e014cb87813ed7,sk_sog,over,Auston Matthews,3.5,fanduel,-106,-122,oddsapi
2026-09-29T16:05:06Z,2026-09-29,MTL @ TOR,485b295347cb22f002e014cb87813ed7,sk_sog,under,Auston Matthews,3.5,fanduel,-122,-106,oddsapi
2026-09-29T16:05:06Z,2026-09-29,MTL @ TOR,485b295347cb22f002e014cb87813ed7,sk_sog,over,Juraj Slafkovsky,2.5,fanduel,118,-154,oddsapi
2026-09-29T16:05:06Z,2026-09-29,MTL @ TOR,485b295347cb22f002e014cb87813ed7,sk_sog,under,Juraj Slafkovsky,2.5,fanduel,-154,118,oddsapi
2026-09-29T16:05:06Z,2026-09-29,MTL @ TOR,485b295347cb22f002e014cb87813ed7,sk_sog,over,Chris Kreider,1.5,fanduel,-170,136,oddsapi
2026-09-29T16:05:06Z,2026-09-29,MTL @ TOR,485b295347cb22f002e014cb87813ed7,sk_sog,under,Chris Kreider,1.5,fanduel,130,-178,oddsapi
2026-09-29T16:05:06Z,2026-09-29,MTL @ TOR,485b295347cb22f002e014cb87813ed7,sk_sog,over,Cole Caufield,3.5,fanduel,112,-146,oddsapi
2026-09-29T16:05:06Z,2026-09-29,MTL @ TOR,485b295347cb22f002e014cb87813ed7,sk_sog,under,Cole Caufield,3.5,fanduel,-146,112,oddsapi
2026-09-29T16:05:06Z,2026-09-29,MTL @ TOR,485b295347cb22f002e014cb87813ed7,sk_sog,over,Gavin McKenna,1.5,fanduel,-170,130,oddsapi
2026-09-29T16:05:06Z,2026-09-29,MTL @ TOR,485b295347cb22f002e014cb87813ed7,sk_sog,under,Gavin McKenna,1.5,fanduel,130,-170,oddsapi
2026-09-29T16:05:06Z,2026-09-29,MTL @ TOR,485b295347cb22f002e014cb87813ed7,sk_sog,over,Noah Dobson,1.5,fanduel,-178,136,oddsapi
2026-09-29T16:05:06Z,2026-09-29,MTL @ TOR,485b295347cb22f002e014cb87813ed7,sk_sog,under,Noah Dobson,1.5,fanduel,136,-178,oddsapi
2026-09-29T16:05:06Z,2026-09-29,MTL @ TOR,485b295347cb22f002e014cb87813ed7,sk_sog,over,Lane Hutson,1.5,fanduel,-140,108,oddsapi
2026-09-29T16:05:06Z,2026-09-29,MTL @ TOR,485b295347cb22f002e014cb87813ed7,sk_sog,under,Lane Hutson,1.5,fanduel,108,-140,oddsapi
2026-09-29T16:05:06Z,2026-09-29,MTL @ TOR,485b295347cb22f002e014cb87813ed7,sk_sog,over,William Nylander,2.5,fanduel,-120,-108,oddsapi
2026-09-29T16:05:06Z,2026-09-29,MTL @ TOR,485b295347cb22f002e014cb87813ed7,sk_sog,under,William Nylander,2.5,fanduel,-108,-120,oddsapi
2026-09-29T16:05:06Z,2026-09-29,MTL @ TOR,485b295347cb22f002e014cb87813ed7,sk_sog,over,Chris Kreider,1.5,fanduel,-178,136,oddsapi
2026-09-29T16:05:06Z,2026-09-29,MTL @ TOR,485b295347cb22f002e014cb87813ed7,sk_sog,under,Chris Kreider,1.5,fanduel,136,-178,oddsapi
2026-09-29T16:05:06Z,2026-09-29,MTL @ TOR,485b295347cb22f002e014cb87813ed7,sk_sog,over,Jack Roslovic,1.5,fanduel,-188,142,oddsapi
2026-09-29T16:05:06Z,2026-09-29,MTL @ TOR,485b295347cb22f002e014cb87813ed7,sk_sog,under,Jack Roslovic,1.5,fanduel,142,-188,oddsapi
2026-09-29T16:05:06Z,2026-09-29,MTL @ TOR,485b295347cb22f002e014cb87813ed7,sk_sog,over,Darren Raddysh,2.5,fanduel,108,-140,oddsapi
2026-09-29T16:05:06Z,2026-09-29,MTL @ TOR,485b295347cb22f002e014cb87813ed7,sk_sog,under,Darren Raddysh,2.5,fanduel,-140,108,oddsapi
2026-09-29T16:05:06Z,2026-09-29,MTL @ TOR,485b295347cb22f002e014cb87813ed7,sk_sog,over,Ivan Demidov,1.5,fanduel,-178,136,oddsapi
2026-09-29T16:05:06Z,2026-09-29,MTL @ TOR,485b295347cb22f002e014cb87813ed7,sk_sog,under,Ivan Demidov,1.5,fanduel,136,-178,oddsapi
2026-09-29T16:05:06Z,2026-09-29,MTL @ TOR,485b295347cb22f002e014cb87813ed7,p1_pl,MTL,,0.5,fanduel,-230,176,oddsapi
2026-09-29T16:05:06Z,2026-09-29,MTL @ TOR,485b295347cb22f002e014cb87813ed7,p1_pl,TOR,,-0.5,fanduel,176,-230,oddsapi
2026-09-29T16:05:06Z,2026-09-29,MTL @ TOR,485b295347cb22f002e014cb87813ed7,p2_pl,MTL,,0.5,fanduel,-215,164,oddsapi
2026-09-29T16:05:06Z,2026-09-29,MTL @ TOR,485b295347cb22f002e014cb87813ed7,p2_pl,TOR,,-0.5,fanduel,164,-215,oddsapi
2026-09-29T16:05:06Z,2026-09-29,MTL @ TOR,485b295347cb22f002e014cb87813ed7,p3_pl,MTL,,-0.5,fanduel,148,-190,oddsapi
2026-09-29T16:05:06Z,2026-09-29,MTL @ TOR,485b295347cb22f002e014cb87813ed7,p3_pl,TOR,,0.5,fanduel,-190,148,oddsapi
2026-09-29T16:05:06Z,2026-09-29,MTL @ TOR,485b295347cb22f002e014cb87813ed7,team_total,over,MTL,2.5,fanduel,-186,,oddsapi
2026-09-29T16:05:06Z,2026-09-29,MTL @ TOR,485b295347cb22f002e014cb87813ed7,team_total,under,MTL,3.5,fanduel,-158,,oddsapi
2026-09-29T16:05:06Z,2026-09-29,MTL @ TOR,485b295347cb22f002e014cb87813ed7,team_total,over,TOR,2.5,fanduel,-190,,oddsapi
2026-09-29T16:05:06Z,2026-09-29,MTL @ TOR,485b295347cb22f002e014cb87813ed7,team_total,under,TOR,3.5,fanduel,-166,,oddsapi
2026-09-29T16:05:06Z,2026-09-29,MTL @ TOR,485b295347cb22f002e014cb87813ed7,p1_team_total,over,MTL,0.5,fanduel,-166,130,oddsapi
2026-09-29T16:05:06Z,2026-09-29,MTL @ TOR,485b295347cb22f002e014cb87813ed7,p1_team_total,under,MTL,0.5,fanduel,130,-166,oddsapi
2026-09-29T16:05:06Z,2026-09-29,MTL @ TOR,485b295347cb22f002e014cb87813ed7,p1_team_total,over,TOR,0.5,fanduel,-176,138,oddsapi
2026-09-29T16:05:06Z,2026-09-29,MTL @ TOR,485b295347cb22f002e014cb87813ed7,p1_team_total,under,TOR,0.5,fanduel,138,-176,oddsapi
2026-09-29T16:05:06Z,2026-09-29,MTL @ TOR,485b295347cb22f002e014cb87813ed7,p1_total,over,,1.5,fanduel,-128,100,oddsapi
2026-09-29T16:05:06Z,2026-09-29,MTL @ TOR,485b295347cb22f002e014cb87813ed7,p1_total,under,,1.5,fanduel,100,-128,oddsapi
2026-09-29T16:05:06Z,2026-09-29,MTL @ TOR,485b295347cb22f002e014cb87813ed7,p2_total,over,,1.5,fanduel,-190,146,oddsapi
2026-09-29T16:05:06Z,2026-09-29,MTL @ TOR,485b295347cb22f002e014cb87813ed7,p2_total,under,,1.5,fanduel,146,-190,oddsapi
2026-09-29T16:05:06Z,2026-09-29,MTL @ TOR,485b295347cb22f002e014cb87813ed7,p3_total,over,,2.5,fanduel,140,-180,oddsapi
2026-09-29T16:05:06Z,2026-09-29,MTL @ TOR,485b295347cb22f002e014cb87813ed7,p3_total,under,,2.5,fanduel,-180,140,oddsapi
2026-09-29T16:05:06Z,2026-09-29,MTL @ TOR,485b295347cb22f002e014cb87813ed7,p1_ml,MTL,,,betonlineag,-110,-110,oddsapi
2026-09-29T16:05:06Z,2026-09-29,MTL @ TOR,485b295347cb22f002e014cb87813ed7,p1_ml,TOR,,,betonlineag,-110,-110,oddsapi
2026-09-29T16:05:06Z,2026-09-29,MTL @ TOR,485b295347cb22f002e014cb87813ed7,sk_pts,over,Cole Caufield,0.5,betonlineag,-169,130,oddsapi
2026-09-29T16:05:06Z,2026-09-29,MTL @ TOR,485b295347cb22f002e014cb87813ed7,sk_pts,under,Cole Caufield,0.5,betonlineag,130,-169,oddsapi
2026-09-29T16:05:06Z,2026-09-29,MTL @ TOR,485b295347cb22f002e014cb87813ed7,sk_pts,over,Juraj Slafkovsky,0.5,betonlineag,-135,105,oddsapi
2026-09-29T16:05:06Z,2026-09-29,MTL @ TOR,485b295347cb22f002e014cb87813ed7,sk_pts,under,Juraj Slafkovsky,0.5,betonlineag,105,-135,oddsapi
2026-09-29T16:05:06Z,2026-09-29,MTL @ TOR,485b295347cb22f002e014cb87813ed7,sk_pts,over,Nick Suzuki,0.5,betonlineag,-213,160,oddsapi
2026-09-29T16:05:06Z,2026-09-29,MTL @ TOR,485b295347cb22f002e014cb87813ed7,sk_pts,under,Nick Suzuki,0.5,betonlineag,160,-213,oddsapi
2026-09-29T16:05:06Z,2026-09-29,MTL @ TOR,485b295347cb22f002e014cb87813ed7,sk_pts,over,Chris Kreider,0.5,betonlineag,130,-169,oddsapi
2026-09-29T16:05:06Z,2026-09-29,MTL @ TOR,485b295347cb22f002e014cb87813ed7,sk_pts,under,Chris Kreider,0.5,betonlineag,-169,130,oddsapi
2026-09-29T16:05:06Z,2026-09-29,MTL @ TOR,485b295347cb22f002e014cb87813ed7,sk_pts,over,Darren Raddysh,0.5,betonlineag,-112,-115,oddsapi
2026-09-29T16:05:06Z,2026-09-29,MTL @ TOR,485b295347cb22f002e014cb87813ed7,sk_pts,under,Darren Raddysh,0.5,betonlineag,-115,-112,oddsapi
2026-09-29T16:05:06Z,2026-09-29,MTL @ TOR,485b295347cb22f002e014cb87813ed7,sk_pts,over,Noah Dobson,0.5,betonlineag,155,-204,oddsapi
2026-09-29T16:05:06Z,2026-09-29,MTL @ TOR,485b295347cb22f002e014cb87813ed7,sk_pts,under,Noah Dobson,0.5,betonlineag,-204,155,oddsapi
2026-09-29T16:05:06Z,2026-09-29,MTL @ TOR,485b295347cb22f002e014cb87813ed7,sk_pts,over,Morgan Rielly,0.5,betonlineag,152,-200,oddsapi
2026-09-29T16:05:06Z,2026-09-29,MTL @ TOR,485b295347cb22f002e014cb87813ed7,sk_pts,under,Morgan Rielly,0.5,betonlineag,-200,152,oddsapi
2026-09-29T16:05:06Z,2026-09-29,MTL @ TOR,485b295347cb22f002e014cb87813ed7,sk_pts,over,Mike Matheson,0.5,betonlineag,209,-286,oddsapi
2026-09-29T16:05:06Z,2026-09-29,MTL @ TOR,485b295347cb22f002e014cb87813ed7,sk_pts,under,Mike Matheson,0.5,betonlineag,-286,209,oddsapi
2026-09-29T16:05:06Z,2026-09-29,MTL @ TOR,485b295347cb22f002e014cb87813ed7,sk_pts,over,Lane Hutson,0.5,betonlineag,-156,120,oddsapi
2026-09-29T16:05:06Z,2026-09-29,MTL @ TOR,485b295347cb22f002e014cb87813ed7,sk_pts,under,Lane Hutson,0.5,betonlineag,120,-156,oddsapi
2026-09-29T16:05:06Z,2026-09-29,MTL @ TOR,485b295347cb22f002e014cb87813ed7,sk_pts,over,Ivan Demidov,0.5,betonlineag,100,-130,oddsapi
2026-09-29T16:05:06Z,2026-09-29,MTL @ TOR,485b295347cb22f002e014cb87813ed7,sk_pts,under,Ivan Demidov,0.5,betonlineag,-130,100,oddsapi
2026-09-29T16:05:06Z,2026-09-29,MTL @ TOR,485b295347cb22f002e014cb87813ed7,sk_pts,over,Gavin McKenna,0.5,betonlineag,-103,-125,oddsapi
2026-09-29T16:05:06Z,2026-09-29,MTL @ TOR,485b295347cb22f002e014cb87813ed7,sk_pts,under,Gavin McKenna,0.5,betonlineag,-125,-103,oddsapi
2026-09-29T16:05:06Z,2026-09-29,MTL @ TOR,485b295347cb22f002e014cb87813ed7,sk_pts,over,Auston Matthews,0.5,betonlineag,-192,145,oddsapi
2026-09-29T16:05:06Z,2026-09-29,MTL @ TOR,485b295347cb22f002e014cb87813ed7,sk_pts,under,Auston Matthews,0.5,betonlineag,145,-192,oddsapi
2026-09-29T16:05:06Z,2026-09-29,MTL @ TOR,485b295347cb22f002e014cb87813ed7,sk_pts,over,John Tavares,0.5,betonlineag,-164,125,oddsapi
2026-09-29T16:05:06Z,2026-09-29,MTL @ TOR,485b295347cb22f002e014cb87813ed7,sk_pts,under,John Tavares,0.5,betonlineag,125,-164,oddsapi
2026-09-29T16:05:06Z,2026-09-29,MTL @ TOR,485b295347cb22f002e014cb87813ed7,sk_pts,over,William Nylander,0.5,betonlineag,-192,145,oddsapi
2026-09-29T16:05:06Z,2026-09-29,MTL @ TOR,485b295347cb22f002e014cb87813ed7,sk_pts,under,William Nylander,0.5,betonlineag,145,-192,oddsapi
2026-09-29T16:05:06Z,2026-09-29,MTL @ TOR,485b295347cb22f002e014cb87813ed7,sk_pts,over,Oliver Ekman-Larsson,0.5,betonlineag,233,-323,oddsapi
2026-09-29T16:05:06Z,2026-09-29,MTL @ TOR,485b295347cb22f002e014cb87813ed7,sk_pts,under,Oliver Ekman-Larsson,0.5,betonlineag,-323,233,oddsapi
2026-09-29T16:05:06Z,2026-09-29,MTL @ TOR,485b295347cb22f002e014cb87813ed7,sk_sog,over,William Nylander,2.5,betonlineag,-128,-101,oddsapi
2026-09-29T16:05:06Z,2026-09-29,MTL @ TOR,485b295347cb22f002e014cb87813ed7,sk_sog,under,William Nylander,2.5,betonlineag,-101,-128,oddsapi
2026-09-29T16:05:06Z,2026-09-29,MTL @ TOR,485b295347cb22f002e014cb87813ed7,sk_sog,over,Ivan Demidov,1.5,betonlineag,-182,138,oddsapi
2026-09-29T16:05:06Z,2026-09-29,MTL @ TOR,485b295347cb22f002e014cb87813ed7,sk_sog,under,Ivan Demidov,1.5,betonlineag,138,-182,oddsapi
2026-09-29T16:05:06Z,2026-09-29,MTL @ TOR,485b295347cb22f002e014cb87813ed7,sk_sog,over,Juraj Slafkovsky,2.5,betonlineag,113,-147,oddsapi
2026-09-29T16:05:06Z,2026-09-29,MTL @ TOR,485b295347cb22f002e014cb87813ed7,sk_sog,under,Juraj Slafkovsky,2.5,betonlineag,-147,113,oddsapi
2026-09-29T16:05:06Z,2026-09-29,MTL @ TOR,485b295347cb22f002e014cb87813ed7,sk_sog,over,Mike Matheson,1.5,betonlineag,115,-149,oddsapi
2026-09-29T16:05:06Z,2026-09-29,MTL @ TOR,485b295347cb22f002e014cb87813ed7,sk_sog,under,Mike Matheson,1.5,betonlineag,-149,115,oddsapi
2026-09-29T16:05:06Z,2026-09-29,MTL @ TOR,485b295347cb22f002e014cb87813ed7,sk_sog,over,Nick Suzuki,2.5,betonlineag,115,-149,oddsapi
2026-09-29T16:05:06Z,2026-09-29,MTL @ TOR,485b295347cb22f002e014cb87813ed7,sk_sog,under,Nick Suzuki,2.5,betonlineag,-149,115,oddsapi
2026-09-29T16:05:06Z,2026-09-29,MTL @ TOR,485b295347cb22f002e014cb87813ed7,sk_sog,over,Noah Dobson,1.5,betonlineag,-172,133,oddsapi
2026-09-29T16:05:06Z,2026-09-29,MTL @ TOR,485b295347cb22f002e014cb87813ed7,sk_sog,under,Noah Dobson,1.5,betonlineag,133,-172,oddsapi
2026-09-29T16:05:06Z,2026-09-29,MTL @ TOR,485b295347cb22f002e014cb87813ed7,sk_sog,over,Darren Raddysh,2.5,betonlineag,113,-147,oddsapi
2026-09-29T16:05:06Z,2026-09-29,MTL @ TOR,485b295347cb22f002e014cb87813ed7,sk_sog,under,Darren Raddysh,2.5,betonlineag,-147,113,oddsapi
2026-09-29T16:05:06Z,2026-09-29,MTL @ TOR,485b295347cb22f002e014cb87813ed7,sk_sog,over,Lane Hutson,1.5,betonlineag,-152,117,oddsapi
2026-09-29T16:05:06Z,2026-09-29,MTL @ TOR,485b295347cb22f002e014cb87813ed7,sk_sog,under,Lane Hutson,1.5,betonlineag,117,-152,oddsapi
2026-09-29T16:05:06Z,2026-09-29,MTL @ TOR,485b295347cb22f002e014cb87813ed7,sk_sog,over,Auston Matthews,3.5,betonlineag,-101,-128,oddsapi
2026-09-29T16:05:06Z,2026-09-29,MTL @ TOR,485b295347cb22f002e014cb87813ed7,sk_sog,under,Auston Matthews,3.5,betonlineag,-128,-101,oddsapi
2026-09-29T16:05:06Z,2026-09-29,MTL @ TOR,485b295347cb22f002e014cb87813ed7,sk_sog,over,Gavin McKenna,1.5,betonlineag,-152,117,oddsapi
2026-09-29T16:05:06Z,2026-09-29,MTL @ TOR,485b295347cb22f002e014cb87813ed7,sk_sog,under,Gavin McKenna,1.5,betonlineag,117,-152,oddsapi
2026-09-29T16:05:06Z,2026-09-29,MTL @ TOR,485b295347cb22f002e014cb87813ed7,sk_sog,over,Chris Kreider,1.5,betonlineag,-172,133,oddsapi
2026-09-29T16:05:06Z,2026-09-29,MTL @ TOR,485b295347cb22f002e014cb87813ed7,sk_sog,under,Chris Kreider,1.5,betonlineag,133,-172,oddsapi
2026-09-29T16:05:06Z,2026-09-29,MTL @ TOR,485b295347cb22f002e014cb87813ed7,sk_sog,over,Nick Paul,1.5,betonlineag,149,-196,oddsapi
2026-09-29T16:05:06Z,2026-09-29,MTL @ TOR,485b295347cb22f002e014cb87813ed7,sk_sog,under,Nick Paul,1.5,betonlineag,-196,149,oddsapi
2026-09-29T16:05:06Z,2026-09-29,MTL @ TOR,485b295347cb22f002e014cb87813ed7,sk_sog,over,Jack Roslovic,1.5,betonlineag,-185,142,oddsapi
2026-09-29T16:05:06Z,2026-09-29,MTL @ TOR,485b295347cb22f002e014cb87813ed7,sk_sog,under,Jack Roslovic,1.5,betonlineag,142,-185,oddsapi
2026-09-29T16:05:06Z,2026-09-29,MTL @ TOR,485b295347cb22f002e014cb87813ed7,sk_sog,over,John Tavares,2.5,betonlineag,130,-169,oddsapi
2026-09-29T16:05:06Z,2026-09-29,MTL @ TOR,485b295347cb22f002e014cb87813ed7,sk_sog,under,John Tavares,2.5,betonlineag,-169,130,oddsapi
2026-09-29T16:05:06Z,2026-09-29,MTL @ TOR,485b295347cb22f002e014cb87813ed7,sk_sog,over,Cole Caufield,3.5,betonlineag,118,-154,oddsapi
2026-09-29T16:05:06Z,2026-09-29,MTL @ TOR,485b295347cb22f002e014cb87813ed7,sk_sog,under,Cole Caufield,3.5,betonlineag,-154,118,oddsapi
2026-09-29T16:05:06Z,2026-09-29,MTL @ TOR,485b295347cb22f002e014cb87813ed7,sk_sog,over,Easton Cowan,1.5,betonlineag,-111,-116,oddsapi
2026-09-29T16:05:06Z,2026-09-29,MTL @ TOR,485b295347cb22f002e014cb87813ed7,sk_sog,under,Easton Cowan,1.5,betonlineag,-116,-111,oddsapi
2026-09-29T16:05:06Z,2026-09-29,MTL @ TOR,485b295347cb22f002e014cb87813ed7,sk_sog,over,Morgan Rielly,1.5,betonlineag,100,-130,oddsapi
2026-09-29T16:05:06Z,2026-09-29,MTL @ TOR,485b295347cb22f002e014cb87813ed7,sk_sog,under,Morgan Rielly,1.5,betonlineag,-130,100,oddsapi
2026-09-29T16:05:06Z,2026-09-29,MTL @ TOR,485b295347cb22f002e014cb87813ed7,g_saves,over,Jakub Dobes,24.5,betonlineag,-108,-120,oddsapi
2026-09-29T16:05:06Z,2026-09-29,MTL @ TOR,485b295347cb22f002e014cb87813ed7,g_saves,under,Jakub Dobes,24.5,betonlineag,-120,-108,oddsapi
2026-09-29T16:05:06Z,2026-09-29,MTL @ TOR,485b295347cb22f002e014cb87813ed7,p1_pl,MTL,,0.5,betonlineag,-205,177,oddsapi
2026-09-29T16:05:06Z,2026-09-29,MTL @ TOR,485b295347cb22f002e014cb87813ed7,p1_pl,TOR,,-0.5,betonlineag,177,-205,oddsapi
2026-09-29T16:05:06Z,2026-09-29,MTL @ TOR,485b295347cb22f002e014cb87813ed7,team_total,over,MTL,3.5,betonlineag,124,-160,oddsapi
2026-09-29T16:05:06Z,2026-09-29,MTL @ TOR,485b295347cb22f002e014cb87813ed7,team_total,under,MTL,3.5,betonlineag,-160,124,oddsapi
2026-09-29T16:05:06Z,2026-09-29,MTL @ TOR,485b295347cb22f002e014cb87813ed7,team_total,over,TOR,3.5,betonlineag,124,-160,oddsapi
2026-09-29T16:05:06Z,2026-09-29,MTL @ TOR,485b295347cb22f002e014cb87813ed7,team_total,under,TOR,3.5,betonlineag,-160,124,oddsapi
2026-09-29T16:05:06Z,2026-09-29,MTL @ TOR,485b295347cb22f002e014cb87813ed7,p1_total,over,,1.5,betonlineag,-130,110,oddsapi
2026-09-29T16:05:06Z,2026-09-29,MTL @ TOR,485b295347cb22f002e014cb87813ed7,p1_total,under,,1.5,betonlineag,110,-130,oddsapi
2026-09-29T16:05:06Z,2026-09-29,MTL @ TOR,485b295347cb22f002e014cb87813ed7,team_total_alt,over,MTL,1,betmgm,-3000,850,oddsapi
2026-09-29T16:05:06Z,2026-09-29,MTL @ TOR,485b295347cb22f002e014cb87813ed7,team_total_alt,under,MTL,1,betmgm,850,-3000,oddsapi
2026-09-29T16:05:06Z,2026-09-29,MTL @ TOR,485b295347cb22f002e014cb87813ed7,team_total_alt,over,MTL,1.5,betmgm,-550,333,oddsapi
2026-09-29T16:05:06Z,2026-09-29,MTL @ TOR,485b295347cb22f002e014cb87813ed7,team_total_alt,under,MTL,1.5,betmgm,333,-550,oddsapi
2026-09-29T16:05:06Z,2026-09-29,MTL @ TOR,485b295347cb22f002e014cb87813ed7,team_total_alt,over,MTL,2,betmgm,-400,260,oddsapi
2026-09-29T16:05:06Z,2026-09-29,MTL @ TOR,485b295347cb22f002e014cb87813ed7,team_total_alt,under,MTL,2,betmgm,260,-400,oddsapi
2026-09-29T16:05:06Z,2026-09-29,MTL @ TOR,485b295347cb22f002e014cb87813ed7,team_total_alt,over,MTL,2.5,betmgm,-190,135,oddsapi
2026-09-29T16:05:06Z,2026-09-29,MTL @ TOR,485b295347cb22f002e014cb87813ed7,team_total_alt,under,MTL,2.5,betmgm,135,-190,oddsapi
2026-09-29T16:05:06Z,2026-09-29,MTL @ TOR,485b295347cb22f002e014cb87813ed7,team_total_alt,over,MTL,3,betmgm,-125,-110,oddsapi
2026-09-29T16:05:06Z,2026-09-29,MTL @ TOR,485b295347cb22f002e014cb87813ed7,team_total_alt,under,MTL,3,betmgm,-110,-125,oddsapi
2026-09-29T16:05:06Z,2026-09-29,MTL @ TOR,485b295347cb22f002e014cb87813ed7,team_total_alt,over,MTL,3.5,betmgm,118,-165,oddsapi
2026-09-29T16:05:06Z,2026-09-29,MTL @ TOR,485b295347cb22f002e014cb87813ed7,team_total_alt,under,MTL,3.5,betmgm,-165,118,oddsapi
2026-09-29T16:05:06Z,2026-09-29,MTL @ TOR,485b295347cb22f002e014cb87813ed7,team_total_alt,over,MTL,4,betmgm,200,-295,oddsapi
2026-09-29T16:05:06Z,2026-09-29,MTL @ TOR,485b295347cb22f002e014cb87813ed7,team_total_alt,under,MTL,4,betmgm,-295,200,oddsapi
2026-09-29T16:05:06Z,2026-09-29,MTL @ TOR,485b295347cb22f002e014cb87813ed7,team_total_alt,over,MTL,4.5,betmgm,260,-400,oddsapi
2026-09-29T16:05:06Z,2026-09-29,MTL @ TOR,485b295347cb22f002e014cb87813ed7,team_total_alt,under,MTL,4.5,betmgm,-400,260,oddsapi
2026-09-29T16:05:06Z,2026-09-29,MTL @ TOR,485b295347cb22f002e014cb87813ed7,team_total_alt,over,MTL,5,betmgm,500,-1000,oddsapi
2026-09-29T16:05:06Z,2026-09-29,MTL @ TOR,485b295347cb22f002e014cb87813ed7,team_total_alt,under,MTL,5,betmgm,-1000,500,oddsapi
2026-09-29T16:05:06Z,2026-09-29,MTL @ TOR,485b295347cb22f002e014cb87813ed7,team_total_alt,over,TOR,1,betmgm,-3000,825,oddsapi
2026-09-29T16:05:06Z,2026-09-29,MTL @ TOR,485b295347cb22f002e014cb87813ed7,team_total_alt,under,TOR,1,betmgm,825,-3000,oddsapi
2026-09-29T16:05:06Z,2026-09-29,MTL @ TOR,485b295347cb22f002e014cb87813ed7,team_total_alt,over,TOR,1.5,betmgm,-550,325,oddsapi
2026-09-29T16:05:06Z,2026-09-29,MTL @ TOR,485b295347cb22f002e014cb87813ed7,team_total_alt,under,TOR,1.5,betmgm,325,-550,oddsapi
2026-09-29T16:05:06Z,2026-09-29,MTL @ TOR,485b295347cb22f002e014cb87813ed7,team_total_alt,over,TOR,2,betmgm,-400,260,oddsapi
2026-09-29T16:05:06Z,2026-09-29,MTL @ TOR,485b295347cb22f002e014cb87813ed7,team_total_alt,under,TOR,2,betmgm,260,-400,oddsapi
2026-09-29T16:05:06Z,2026-09-29,MTL @ TOR,485b295347cb22f002e014cb87813ed7,team_total_alt,over,TOR,2.5,betmgm,-190,135,oddsapi
2026-09-29T16:05:06Z,2026-09-29,MTL @ TOR,485b295347cb22f002e014cb87813ed7,team_total_alt,under,TOR,2.5,betmgm,135,-190,oddsapi
2026-09-29T16:05:06Z,2026-09-29,MTL @ TOR,485b295347cb22f002e014cb87813ed7,team_total_alt,over,TOR,3,betmgm,-125,-110,oddsapi
2026-09-29T16:05:06Z,2026-09-29,MTL @ TOR,485b295347cb22f002e014cb87813ed7,team_total_alt,under,TOR,3,betmgm,-110,-125,oddsapi
2026-09-29T16:05:06Z,2026-09-29,MTL @ TOR,485b295347cb22f002e014cb87813ed7,team_total_alt,over,TOR,3.5,betmgm,120,-165,oddsapi
2026-09-29T16:05:06Z,2026-09-29,MTL @ TOR,485b295347cb22f002e014cb87813ed7,team_total_alt,under,TOR,3.5,betmgm,-165,120,oddsapi
2026-09-29T16:05:06Z,2026-09-29,MTL @ TOR,485b295347cb22f002e014cb87813ed7,team_total_alt,over,TOR,4,betmgm,200,-295,oddsapi
2026-09-29T16:05:06Z,2026-09-29,MTL @ TOR,485b295347cb22f002e014cb87813ed7,team_total_alt,under,TOR,4,betmgm,-295,200,oddsapi
2026-09-29T16:05:06Z,2026-09-29,MTL @ TOR,485b295347cb22f002e014cb87813ed7,team_total_alt,over,TOR,4.5,betmgm,260,-400,oddsapi
2026-09-29T16:05:06Z,2026-09-29,MTL @ TOR,485b295347cb22f002e014cb87813ed7,team_total_alt,under,TOR,4.5,betmgm,-400,260,oddsapi
2026-09-29T16:05:06Z,2026-09-29,MTL @ TOR,485b295347cb22f002e014cb87813ed7,team_total_alt,over,TOR,5,betmgm,500,-1000,oddsapi
2026-09-29T16:05:06Z,2026-09-29,MTL @ TOR,485b295347cb22f002e014cb87813ed7,team_total_alt,under,TOR,5,betmgm,-1000,500,oddsapi
2026-09-29T16:05:06Z,2026-09-29,MTL @ TOR,485b295347cb22f002e014cb87813ed7,game_ml3,MTL,,,betmgm,140,,oddsapi
2026-09-29T16:05:06Z,2026-09-29,MTL @ TOR,485b295347cb22f002e014cb87813ed7,game_ml3,TOR,,,betmgm,140,,oddsapi
2026-09-29T16:05:06Z,2026-09-29,MTL @ TOR,485b295347cb22f002e014cb87813ed7,game_ml3,draw,,,betmgm,300,,oddsapi
2026-09-29T16:05:06Z,2026-09-29,MTL @ TOR,485b295347cb22f002e014cb87813ed7,p1_ml3,MTL,,,betmgm,165,,oddsapi
2026-09-29T16:05:06Z,2026-09-29,MTL @ TOR,485b295347cb22f002e014cb87813ed7,p1_ml3,TOR,,,betmgm,165,,oddsapi
2026-09-29T16:05:06Z,2026-09-29,MTL @ TOR,485b295347cb22f002e014cb87813ed7,p1_ml3,draw,,,betmgm,180,,oddsapi
2026-09-29T16:05:06Z,2026-09-29,MTL @ TOR,485b295347cb22f002e014cb87813ed7,p2_ml3,MTL,,,betmgm,155,,oddsapi
2026-09-29T16:05:06Z,2026-09-29,MTL @ TOR,485b295347cb22f002e014cb87813ed7,p2_ml3,TOR,,,betmgm,160,,oddsapi
2026-09-29T16:05:06Z,2026-09-29,MTL @ TOR,485b295347cb22f002e014cb87813ed7,p2_ml3,draw,,,betmgm,200,,oddsapi
2026-09-29T16:05:06Z,2026-09-29,MTL @ TOR,485b295347cb22f002e014cb87813ed7,p3_ml3,MTL,,,betmgm,145,,oddsapi
2026-09-29T16:05:06Z,2026-09-29,MTL @ TOR,485b295347cb22f002e014cb87813ed7,p3_ml3,TOR,,,betmgm,150,,oddsapi
2026-09-29T16:05:06Z,2026-09-29,MTL @ TOR,485b295347cb22f002e014cb87813ed7,p3_ml3,draw,,,betmgm,230,,oddsapi
2026-09-29T16:05:06Z,2026-09-29,MTL @ TOR,485b295347cb22f002e014cb87813ed7,p1_ml,MTL,,,betmgm,-115,-115,oddsapi
2026-09-29T16:05:06Z,2026-09-29,MTL @ TOR,485b295347cb22f002e014cb87813ed7,p1_ml,TOR,,,betmgm,-115,-115,oddsapi
2026-09-29T16:05:06Z,2026-09-29,MTL @ TOR,485b295347cb22f002e014cb87813ed7,p2_ml,MTL,,,betmgm,-118,-118,oddsapi
2026-09-29T16:05:06Z,2026-09-29,MTL @ TOR,485b295347cb22f002e014cb87813ed7,p2_ml,TOR,,,betmgm,-118,-118,oddsapi
2026-09-29T16:05:06Z,2026-09-29,MTL @ TOR,485b295347cb22f002e014cb87813ed7,p3_ml,MTL,,,betmgm,-118,-118,oddsapi
2026-09-29T16:05:06Z,2026-09-29,MTL @ TOR,485b295347cb22f002e014cb87813ed7,p3_ml,TOR,,,betmgm,-118,-118,oddsapi
2026-09-29T16:05:06Z,2026-09-29,MTL @ TOR,485b295347cb22f002e014cb87813ed7,ags,yes,Cole Caufield,,betmgm,135,,oddsapi
2026-09-29T16:05:06Z,2026-09-29,MTL @ TOR,485b295347cb22f002e014cb87813ed7,ags,yes,Auston Matthews,,betmgm,150,,oddsapi
2026-09-29T16:05:06Z,2026-09-29,MTL @ TOR,485b295347cb22f002e014cb87813ed7,ags,yes,William Nylander,,betmgm,180,,oddsapi
2026-09-29T16:05:06Z,2026-09-29,MTL @ TOR,485b295347cb22f002e014cb87813ed7,ags,yes,John Tavares,,betmgm,195,,oddsapi
2026-09-29T16:05:06Z,2026-09-29,MTL @ TOR,485b295347cb22f002e014cb87813ed7,ags,yes,Nick Suzuki,,betmgm,220,,oddsapi
2026-09-29T16:05:06Z,2026-09-29,MTL @ TOR,485b295347cb22f002e014cb87813ed7,ags,yes,Juraj Slafkovsky,,betmgm,230,,oddsapi
2026-09-29T16:05:06Z,2026-09-29,MTL @ TOR,485b295347cb22f002e014cb87813ed7,ags,yes,Gavin McKenna,,betmgm,250,,oddsapi
2026-09-29T16:05:06Z,2026-09-29,MTL @ TOR,485b295347cb22f002e014cb87813ed7,ags,yes,Jack Roslovic,,betmgm,260,,oddsapi
2026-09-29T16:05:06Z,2026-09-29,MTL @ TOR,485b295347cb22f002e014cb87813ed7,ags,yes,Ivan Demidov,,betmgm,280,,oddsapi
2026-09-29T16:05:06Z,2026-09-29,MTL @ TOR,485b295347cb22f002e014cb87813ed7,ags,yes,Chris Kreider,,betmgm,333,,oddsapi
2026-09-29T16:05:06Z,2026-09-29,MTL @ TOR,485b295347cb22f002e014cb87813ed7,ags,yes,Kirby Dach,,betmgm,400,,oddsapi
2026-09-29T16:05:06Z,2026-09-29,MTL @ TOR,485b295347cb22f002e014cb87813ed7,ags,yes,Alex Newhook,,betmgm,400,,oddsapi
2026-09-29T16:05:06Z,2026-09-29,MTL @ TOR,485b295347cb22f002e014cb87813ed7,ags,yes,Alexandre Texier,,betmgm,400,,oddsapi
2026-09-29T16:05:06Z,2026-09-29,MTL @ TOR,485b295347cb22f002e014cb87813ed7,ags,yes,Nick Paul,,betmgm,400,,oddsapi
2026-09-29T16:05:06Z,2026-09-29,MTL @ TOR,485b295347cb22f002e014cb87813ed7,ags,yes,Darren Raddysh,,betmgm,425,,oddsapi
2026-09-29T16:05:06Z,2026-09-29,MTL @ TOR,485b295347cb22f002e014cb87813ed7,ags,yes,Josh Anderson,,betmgm,425,,oddsapi
2026-09-29T16:05:06Z,2026-09-29,MTL @ TOR,485b295347cb22f002e014cb87813ed7,ags,yes,Zack Bolduc,,betmgm,450,,oddsapi
2026-09-29T16:05:06Z,2026-09-29,MTL @ TOR,485b295347cb22f002e014cb87813ed7,ags,yes,Easton Cowan,,betmgm,475,,oddsapi
2026-09-29T16:05:06Z,2026-09-29,MTL @ TOR,485b295347cb22f002e014cb87813ed7,ags,yes,Lane Hutson,,betmgm,550,,oddsapi
2026-09-29T16:05:06Z,2026-09-29,MTL @ TOR,485b295347cb22f002e014cb87813ed7,ags,yes,Noah Dobson,,betmgm,650,,oddsapi
2026-09-29T16:05:06Z,2026-09-29,MTL @ TOR,485b295347cb22f002e014cb87813ed7,ags,yes,Morgan Rielly,,betmgm,675,,oddsapi
2026-09-29T16:05:06Z,2026-09-29,MTL @ TOR,485b295347cb22f002e014cb87813ed7,ags,yes,Jake Evans,,betmgm,700,,oddsapi
2026-09-29T16:05:06Z,2026-09-29,MTL @ TOR,485b295347cb22f002e014cb87813ed7,ags,yes,Colton Sissons,,betmgm,750,,oddsapi
2026-09-29T16:05:06Z,2026-09-29,MTL @ TOR,485b295347cb22f002e014cb87813ed7,ags,yes,Teddy Blueger,,betmgm,750,,oddsapi
2026-09-29T16:05:06Z,2026-09-29,MTL @ TOR,485b295347cb22f002e014cb87813ed7,ags,yes,Brandon Duhaime,,betmgm,800,,oddsapi
2026-09-29T16:05:06Z,2026-09-29,MTL @ TOR,485b295347cb22f002e014cb87813ed7,ags,yes,Phillip Danault,,betmgm,825,,oddsapi
2026-09-29T16:05:06Z,2026-09-29,MTL @ TOR,485b295347cb22f002e014cb87813ed7,ags,yes,Zack MacEwen,,betmgm,950,,oddsapi
2026-09-29T16:05:06Z,2026-09-29,MTL @ TOR,485b295347cb22f002e014cb87813ed7,ags,yes,Mike Matheson,,betmgm,1000,,oddsapi
2026-09-29T16:05:06Z,2026-09-29,MTL @ TOR,485b295347cb22f002e014cb87813ed7,ags,yes,Oliver Ekman-Larsson,,betmgm,1300,,oddsapi
2026-09-29T16:05:06Z,2026-09-29,MTL @ TOR,485b295347cb22f002e014cb87813ed7,ags,yes,Jake McCabe,,betmgm,1400,,oddsapi
2026-09-29T16:05:06Z,2026-09-29,MTL @ TOR,485b295347cb22f002e014cb87813ed7,ags,yes,Alexandre Carrier,,betmgm,1900,,oddsapi
2026-09-29T16:05:06Z,2026-09-29,MTL @ TOR,485b295347cb22f002e014cb87813ed7,ags,yes,Troy Stecher,,betmgm,1900,,oddsapi
2026-09-29T16:05:06Z,2026-09-29,MTL @ TOR,485b295347cb22f002e014cb87813ed7,ags,yes,Christopher Tanev,,betmgm,2000,,oddsapi
2026-09-29T16:05:06Z,2026-09-29,MTL @ TOR,485b295347cb22f002e014cb87813ed7,ags,yes,Jayden Struble,,betmgm,2500,,oddsapi
2026-09-29T16:05:06Z,2026-09-29,MTL @ TOR,485b295347cb22f002e014cb87813ed7,ags,yes,Arber Xhekaj,,betmgm,2500,,oddsapi
2026-09-29T16:05:06Z,2026-09-29,MTL @ TOR,485b295347cb22f002e014cb87813ed7,fgs,yes,Cole Caufield,,betmgm,900,,oddsapi
2026-09-29T16:05:06Z,2026-09-29,MTL @ TOR,485b295347cb22f002e014cb87813ed7,fgs,yes,Auston Matthews,,betmgm,1000,,oddsapi
2026-09-29T16:05:06Z,2026-09-29,MTL @ TOR,485b295347cb22f002e014cb87813ed7,fgs,yes,William Nylander,,betmgm,1200,,oddsapi
2026-09-29T16:05:06Z,2026-09-29,MTL @ TOR,485b295347cb22f002e014cb87813ed7,fgs,yes,Nick Suzuki,,betmgm,1300,,oddsapi
2026-09-29T16:05:06Z,2026-09-29,MTL @ TOR,485b295347cb22f002e014cb87813ed7,fgs,yes,Juraj Slafkovsky,,betmgm,1500,,oddsapi
2026-09-29T16:05:06Z,2026-09-29,MTL @ TOR,485b295347cb22f002e014cb87813ed7,fgs,yes,John Tavares,,betmgm,1500,,oddsapi
2026-09-29T16:05:06Z,2026-09-29,MTL @ TOR,485b295347cb22f002e014cb87813ed7,fgs,yes,Jack Roslovic,,betmgm,1650,,oddsapi
2026-09-29T16:05:06Z,2026-09-29,MTL @ TOR,485b295347cb22f002e014cb87813ed7,fgs,yes,Ivan Demidov,,betmgm,1700,,oddsapi
2026-09-29T16:05:06Z,2026-09-29,MTL @ TOR,485b295347cb22f002e014cb87813ed7,fgs,yes,Gavin McKenna,,betmgm,1750,,oddsapi
2026-09-29T16:05:06Z,2026-09-29,MTL @ TOR,485b295347cb22f002e014cb87813ed7,fgs,yes,Chris Kreider,,betmgm,1900,,oddsapi
2026-09-29T16:05:06Z,2026-09-29,MTL @ TOR,485b295347cb22f002e014cb87813ed7,fgs,yes,Alex Newhook,,betmgm,2200,,oddsapi
2026-09-29T16:05:06Z,2026-09-29,MTL @ TOR,485b295347cb22f002e014cb87813ed7,fgs,yes,Nick Paul,,betmgm,2500,,oddsapi
2026-09-29T16:05:06Z,2026-09-29,MTL @ TOR,485b295347cb22f002e014cb87813ed7,fgs,yes,Darren Raddysh,,betmgm,2800,,oddsapi
2026-09-29T16:05:06Z,2026-09-29,MTL @ TOR,485b295347cb22f002e014cb87813ed7,fgs,yes,Kirby Dach,,betmgm,2800,,oddsapi
2026-09-29T16:05:06Z,2026-09-29,MTL @ TOR,485b295347cb22f002e014cb87813ed7,fgs,yes,Easton Cowan,,betmgm,2800,,oddsapi
2026-09-29T16:05:06Z,2026-09-29,MTL @ TOR,485b295347cb22f002e014cb87813ed7,fgs,yes,Alexandre Texier,,betmgm,2800,,oddsapi
2026-09-29T16:05:06Z,2026-09-29,MTL @ TOR,485b295347cb22f002e014cb87813ed7,fgs,yes,Josh Anderson,,betmgm,3000,,oddsapi
2026-09-29T16:05:06Z,2026-09-29,MTL @ TOR,485b295347cb22f002e014cb87813ed7,fgs,yes,Zack Bolduc,,betmgm,3000,,oddsapi
2026-09-29T16:05:06Z,2026-09-29,MTL @ TOR,485b295347cb22f002e014cb87813ed7,fgs,yes,Lane Hutson,,betmgm,3000,,oddsapi
2026-09-29T16:05:06Z,2026-09-29,MTL @ TOR,485b295347cb22f002e014cb87813ed7,fgs,yes,Colton Sissons,,betmgm,3500,,oddsapi
2026-09-29T16:05:06Z,2026-09-29,MTL @ TOR,485b295347cb22f002e014cb87813ed7,fgs,yes,Phillip Danault,,betmgm,4000,,oddsapi
2026-09-29T16:05:06Z,2026-09-29,MTL @ TOR,485b295347cb22f002e014cb87813ed7,fgs,yes,Jake Evans,,betmgm,4000,,oddsapi
2026-09-29T16:05:06Z,2026-09-29,MTL @ TOR,485b295347cb22f002e014cb87813ed7,fgs,yes,Teddy Blueger,,betmgm,4000,,oddsapi
2026-09-29T16:05:06Z,2026-09-29,MTL @ TOR,485b295347cb22f002e014cb87813ed7,fgs,yes,Morgan Rielly,,betmgm,4000,,oddsapi
2026-09-29T16:05:06Z,2026-09-29,MTL @ TOR,485b295347cb22f002e014cb87813ed7,fgs,yes,Noah Dobson,,betmgm,4000,,oddsapi
2026-09-29T16:05:06Z,2026-09-29,MTL @ TOR,485b295347cb22f002e014cb87813ed7,fgs,yes,Mike Matheson,,betmgm,5000,,oddsapi
2026-09-29T16:05:06Z,2026-09-29,MTL @ TOR,485b295347cb22f002e014cb87813ed7,fgs,yes,Brandon Duhaime,,betmgm,5000,,oddsapi
2026-09-29T16:05:06Z,2026-09-29,MTL @ TOR,485b295347cb22f002e014cb87813ed7,fgs,yes,Zack MacEwen,,betmgm,5000,,oddsapi
2026-09-29T16:05:06Z,2026-09-29,MTL @ TOR,485b295347cb22f002e014cb87813ed7,fgs,yes,Oliver Ekman-Larsson,,betmgm,6600,,oddsapi
2026-09-29T16:05:06Z,2026-09-29,MTL @ TOR,485b295347cb22f002e014cb87813ed7,fgs,yes,Jake McCabe,,betmgm,8000,,oddsapi
2026-09-29T16:05:06Z,2026-09-29,MTL @ TOR,485b295347cb22f002e014cb87813ed7,fgs,yes,Alexandre Carrier,,betmgm,8000,,oddsapi
2026-09-29T16:05:06Z,2026-09-29,MTL @ TOR,485b295347cb22f002e014cb87813ed7,fgs,yes,Christopher Tanev,,betmgm,8000,,oddsapi
2026-09-29T16:05:06Z,2026-09-29,MTL @ TOR,485b295347cb22f002e014cb87813ed7,fgs,yes,Troy Stecher,,betmgm,8000,,oddsapi
2026-09-29T16:05:06Z,2026-09-29,MTL @ TOR,485b295347cb22f002e014cb87813ed7,fgs,yes,Arber Xhekaj,,betmgm,10000,,oddsapi
2026-09-29T16:05:06Z,2026-09-29,MTL @ TOR,485b295347cb22f002e014cb87813ed7,fgs,yes,Jayden Struble,,betmgm,12500,,oddsapi
2026-09-29T16:05:06Z,2026-09-29,MTL @ TOR,485b295347cb22f002e014cb87813ed7,p1_pl,MTL,,-1.5,betmgm,525,-1000,oddsapi
2026-09-29T16:05:06Z,2026-09-29,MTL @ TOR,485b295347cb22f002e014cb87813ed7,p1_pl,TOR,,1.5,betmgm,-1000,525,oddsapi
2026-09-29T16:05:06Z,2026-09-29,MTL @ TOR,485b295347cb22f002e014cb87813ed7,p2_pl,MTL,,-1.5,betmgm,450,-900,oddsapi
2026-09-29T16:05:06Z,2026-09-29,MTL @ TOR,485b295347cb22f002e014cb87813ed7,p2_pl,TOR,,1.5,betmgm,-900,450,oddsapi
2026-09-29T16:05:06Z,2026-09-29,MTL @ TOR,485b295347cb22f002e014cb87813ed7,p3_pl,MTL,,-1.5,betmgm,400,-700,oddsapi
2026-09-29T16:05:06Z,2026-09-29,MTL @ TOR,485b295347cb22f002e014cb87813ed7,p3_pl,TOR,,1.5,betmgm,-700,400,oddsapi
2026-09-29T16:05:06Z,2026-09-29,MTL @ TOR,485b295347cb22f002e014cb87813ed7,team_total,over,MTL,3,betmgm,-125,-110,oddsapi
2026-09-29T16:05:06Z,2026-09-29,MTL @ TOR,485b295347cb22f002e014cb87813ed7,team_total,under,MTL,3,betmgm,-110,-125,oddsapi
2026-09-29T16:05:06Z,2026-09-29,MTL @ TOR,485b295347cb22f002e014cb87813ed7,team_total,over,TOR,3,betmgm,-125,-110,oddsapi
2026-09-29T16:05:06Z,2026-09-29,MTL @ TOR,485b295347cb22f002e014cb87813ed7,team_total,under,TOR,3,betmgm,-110,-125,oddsapi
2026-09-29T16:05:06Z,2026-09-29,MTL @ TOR,485b295347cb22f002e014cb87813ed7,p1_total,over,,2.5,betmgm,220,-300,oddsapi
2026-09-29T16:05:06Z,2026-09-29,MTL @ TOR,485b295347cb22f002e014cb87813ed7,p1_total,under,,2.5,betmgm,-300,220,oddsapi
2026-09-29T16:05:06Z,2026-09-29,MTL @ TOR,485b295347cb22f002e014cb87813ed7,p2_total,over,,3,betmgm,310,-525,oddsapi
2026-09-29T16:05:06Z,2026-09-29,MTL @ TOR,485b295347cb22f002e014cb87813ed7,p2_total,under,,3,betmgm,-525,310,oddsapi
2026-09-29T16:05:06Z,2026-09-29,MTL @ TOR,485b295347cb22f002e014cb87813ed7,p3_total,over,,3,betmgm,270,-425,oddsapi
2026-09-29T16:05:06Z,2026-09-29,MTL @ TOR,485b295347cb22f002e014cb87813ed7,p3_total,under,,3,betmgm,-425,270,oddsapi
2026-09-29T16:05:06Z,2026-09-29,MTL @ TOR,485b295347cb22f002e014cb87813ed7,team_total_alt,over,MTL,3.5,betrivers,128,-177,oddsapi
2026-09-29T16:05:06Z,2026-09-29,MTL @ TOR,485b295347cb22f002e014cb87813ed7,team_total_alt,under,MTL,3.5,betrivers,-177,128,oddsapi
2026-09-29T16:05:06Z,2026-09-29,MTL @ TOR,485b295347cb22f002e014cb87813ed7,team_total_alt,over,MTL,2.5,betrivers,-200,145,oddsapi
2026-09-29T16:05:06Z,2026-09-29,MTL @ TOR,485b295347cb22f002e014cb87813ed7,team_total_alt,under,MTL,2.5,betrivers,145,-200,oddsapi
2026-09-29T16:05:06Z,2026-09-29,MTL @ TOR,485b295347cb22f002e014cb87813ed7,team_total_alt,over,MTL,1.5,betrivers,-670,380,oddsapi
2026-09-29T16:05:06Z,2026-09-29,MTL @ TOR,485b295347cb22f002e014cb87813ed7,team_total_alt,under,MTL,1.5,betrivers,380,-670,oddsapi
2026-09-29T16:05:06Z,2026-09-29,MTL @ TOR,485b295347cb22f002e014cb87813ed7,team_total_alt,over,MTL,4.5,betrivers,300,-480,oddsapi
2026-09-29T16:05:06Z,2026-09-29,MTL @ TOR,485b295347cb22f002e014cb87813ed7,team_total_alt,under,MTL,4.5,betrivers,-480,300,oddsapi
2026-09-29T16:05:06Z,2026-09-29,MTL @ TOR,485b295347cb22f002e014cb87813ed7,team_total_alt,over,TOR,1.5,betrivers,-590,360,oddsapi
2026-09-29T16:05:06Z,2026-09-29,MTL @ TOR,485b295347cb22f002e014cb87813ed7,team_total_alt,under,TOR,1.5,betrivers,360,-590,oddsapi
2026-09-29T16:05:06Z,2026-09-29,MTL @ TOR,485b295347cb22f002e014cb87813ed7,team_total_alt,over,TOR,3.5,betrivers,128,-175,oddsapi
2026-09-29T16:05:06Z,2026-09-29,MTL @ TOR,485b295347cb22f002e014cb87813ed7,team_total_alt,under,TOR,3.5,betrivers,-175,128,oddsapi
2026-09-29T16:05:06Z,2026-09-29,MTL @ TOR,485b295347cb22f002e014cb87813ed7,team_total_alt,over,TOR,4.5,betrivers,295,-455,oddsapi
2026-09-29T16:05:06Z,2026-09-29,MTL @ TOR,485b295347cb22f002e014cb87813ed7,team_total_alt,under,TOR,4.5,betrivers,-455,295,oddsapi
2026-09-29T16:05:06Z,2026-09-29,MTL @ TOR,485b295347cb22f002e014cb87813ed7,team_total_alt,over,TOR,2.5,betrivers,-190,138,oddsapi
2026-09-29T16:05:06Z,2026-09-29,MTL @ TOR,485b295347cb22f002e014cb87813ed7,team_total_alt,under,TOR,2.5,betrivers,138,-190,oddsapi
2026-09-29T16:05:06Z,2026-09-29,MTL @ TOR,485b295347cb22f002e014cb87813ed7,game_ml3,MTL,,,betrivers,143,,oddsapi
2026-09-29T16:05:06Z,2026-09-29,MTL @ TOR,485b295347cb22f002e014cb87813ed7,game_ml3,TOR,,,betrivers,145,,oddsapi
2026-09-29T16:05:06Z,2026-09-29,MTL @ TOR,485b295347cb22f002e014cb87813ed7,game_ml3,draw,,,betrivers,320,,oddsapi
2026-09-29T16:05:06Z,2026-09-29,MTL @ TOR,485b295347cb22f002e014cb87813ed7,p1_ml3,MTL,,,betrivers,175,,oddsapi
2026-09-29T16:05:06Z,2026-09-29,MTL @ TOR,485b295347cb22f002e014cb87813ed7,p1_ml3,TOR,,,betrivers,170,,oddsapi
2026-09-29T16:05:06Z,2026-09-29,MTL @ TOR,485b295347cb22f002e014cb87813ed7,p1_ml3,draw,,,betrivers,188,,oddsapi
2026-09-29T16:05:06Z,2026-09-29,MTL @ TOR,485b295347cb22f002e014cb87813ed7,p2_ml3,MTL,,,betrivers,160,,oddsapi
2026-09-29T16:05:06Z,2026-09-29,MTL @ TOR,485b295347cb22f002e014cb87813ed7,p2_ml3,TOR,,,betrivers,165,,oddsapi
2026-09-29T16:05:06Z,2026-09-29,MTL @ TOR,485b295347cb22f002e014cb87813ed7,p2_ml3,draw,,,betrivers,210,,oddsapi
2026-09-29T16:05:06Z,2026-09-29,MTL @ TOR,485b295347cb22f002e014cb87813ed7,p3_ml3,MTL,,,betrivers,160,,oddsapi
2026-09-29T16:05:06Z,2026-09-29,MTL @ TOR,485b295347cb22f002e014cb87813ed7,p3_ml3,TOR,,,betrivers,163,,oddsapi
2026-09-29T16:05:06Z,2026-09-29,MTL @ TOR,485b295347cb22f002e014cb87813ed7,p3_ml3,draw,,,betrivers,225,,oddsapi
2026-09-29T16:05:06Z,2026-09-29,MTL @ TOR,485b295347cb22f002e014cb87813ed7,ags,yes,Christopher Tanev,,betrivers,1150,,oddsapi
2026-09-29T16:05:06Z,2026-09-29,MTL @ TOR,485b295347cb22f002e014cb87813ed7,ags,yes,Arber Xhekaj,,betrivers,850,,oddsapi
2026-09-29T16:05:06Z,2026-09-29,MTL @ TOR,485b295347cb22f002e014cb87813ed7,ags,yes,Juraj Slafkovsky,,betrivers,240,,oddsapi
2026-09-29T16:05:06Z,2026-09-29,MTL @ TOR,485b295347cb22f002e014cb87813ed7,ags,yes,Brandon Duhaime,,betrivers,750,,oddsapi
2026-09-29T16:05:06Z,2026-09-29,MTL @ TOR,485b295347cb22f002e014cb87813ed7,ags,yes,Cole Caufield,,betrivers,143,,oddsapi
2026-09-29T16:05:06Z,2026-09-29,MTL @ TOR,485b295347cb22f002e014cb87813ed7,ags,yes,Alexandre Carrier,,betrivers,1000,,oddsapi
2026-09-29T16:05:06Z,2026-09-29,MTL @ TOR,485b295347cb22f002e014cb87813ed7,ags,yes,Nick Paul,,betrivers,425,,oddsapi
2026-09-29T16:05:06Z,2026-09-29,MTL @ TOR,485b295347cb22f002e014cb87813ed7,ags,yes,Troy Stecher,,betrivers,900,,oddsapi
2026-09-29T16:05:06Z,2026-09-29,MTL @ TOR,485b295347cb22f002e014cb87813ed7,ags,yes,Easton Cowan,,betrivers,430,,oddsapi
2026-09-29T16:05:06Z,2026-09-29,MTL @ TOR,485b295347cb22f002e014cb87813ed7,ags,yes,Alexandre Texier,,betrivers,500,,oddsapi
2026-09-29T16:05:06Z,2026-09-29,MTL @ TOR,485b295347cb22f002e014cb87813ed7,ags,yes,William Nylander,,betrivers,215,,oddsapi
2026-09-29T16:05:06Z,2026-09-29,MTL @ TOR,485b295347cb22f002e014cb87813ed7,ags,yes,Colton Sissons,,betrivers,650,,oddsapi
2026-09-29T16:05:06Z,2026-09-29,MTL @ TOR,485b295347cb22f002e014cb87813ed7,ags,yes,Mike Matheson,,betrivers,700,,oddsapi
2026-09-29T16:05:06Z,2026-09-29,MTL @ TOR,485b295347cb22f002e014cb87813ed7,ags,yes,Chris Kreider,,betrivers,310,,oddsapi
2026-09-29T16:05:06Z,2026-09-29,MTL @ TOR,485b295347cb22f002e014cb87813ed7,ags,yes,Jake Evans,,betrivers,600,,oddsapi
2026-09-29T16:05:06Z,2026-09-29,MTL @ TOR,485b295347cb22f002e014cb87813ed7,ags,yes,Jack Roslovic,,betrivers,310,,oddsapi
2026-09-29T16:05:06Z,2026-09-29,MTL @ TOR,485b295347cb22f002e014cb87813ed7,ags,yes,Zack Bolduc,,betrivers,510,,oddsapi
2026-09-29T16:05:06Z,2026-09-29,MTL @ TOR,485b295347cb22f002e014cb87813ed7,ags,yes,Auston Matthews,,betrivers,138,,oddsapi
2026-09-29T16:05:06Z,2026-09-29,MTL @ TOR,485b295347cb22f002e014cb87813ed7,ags,yes,Phillip Danault,,betrivers,650,,oddsapi
2026-09-29T16:05:06Z,2026-09-29,MTL @ TOR,485b295347cb22f002e014cb87813ed7,ags,yes,Oliver Kapanen,,betrivers,375,,oddsapi
2026-09-29T16:05:06Z,2026-09-29,MTL @ TOR,485b295347cb22f002e014cb87813ed7,ags,yes,Zack MacEwen,,betrivers,800,,oddsapi
2026-09-29T16:05:06Z,2026-09-29,MTL @ TOR,485b295347cb22f002e014cb87813ed7,ags,yes,Darren Raddysh,,betrivers,440,,oddsapi
2026-09-29T16:05:06Z,2026-09-29,MTL @ TOR,485b295347cb22f002e014cb87813ed7,ags,yes,Gavin McKenna,,betrivers,245,,oddsapi
2026-09-29T16:05:06Z,2026-09-29,MTL @ TOR,485b295347cb22f002e014cb87813ed7,ags,yes,Morgan Rielly,,betrivers,700,,oddsapi
2026-09-29T16:05:06Z,2026-09-29,MTL @ TOR,485b295347cb22f002e014cb87813ed7,ags,yes,Teddy Blueger,,betrivers,750,,oddsapi
2026-09-29T16:05:06Z,2026-09-29,MTL @ TOR,485b295347cb22f002e014cb87813ed7,ags,yes,Jake McCabe,,betrivers,1000,,oddsapi
2026-09-29T16:05:06Z,2026-09-29,MTL @ TOR,485b295347cb22f002e014cb87813ed7,ags,yes,Josh Anderson,,betrivers,575,,oddsapi
2026-09-29T16:05:06Z,2026-09-29,MTL @ TOR,485b295347cb22f002e014cb87813ed7,ags,yes,Nick Suzuki,,betrivers,210,,oddsapi
2026-09-29T16:05:06Z,2026-09-29,MTL @ TOR,485b295347cb22f002e014cb87813ed7,ags,yes,Oliver Ekman-Larsson,,betrivers,850,,oddsapi
2026-09-29T16:05:06Z,2026-09-29,MTL @ TOR,485b295347cb22f002e014cb87813ed7,ags,yes,Alex Newhook,,betrivers,350,,oddsapi
2026-09-29T16:05:06Z,2026-09-29,MTL @ TOR,485b295347cb22f002e014cb87813ed7,ags,yes,Jayden Struble,,betrivers,900,,oddsapi
2026-09-29T16:05:06Z,2026-09-29,MTL @ TOR,485b295347cb22f002e014cb87813ed7,ags,yes,Lane Hutson,,betrivers,575,,oddsapi
2026-09-29T16:05:06Z,2026-09-29,MTL @ TOR,485b295347cb22f002e014cb87813ed7,ags,yes,John Tavares,,betrivers,225,,oddsapi
2026-09-29T16:05:06Z,2026-09-29,MTL @ TOR,485b295347cb22f002e014cb87813ed7,ags,yes,Noah Dobson,,betrivers,650,,oddsapi
2026-09-29T16:05:06Z,2026-09-29,MTL @ TOR,485b295347cb22f002e014cb87813ed7,ags,yes,Ivan Demidov,,betrivers,265,,oddsapi
2026-09-29T16:05:06Z,2026-09-29,MTL @ TOR,485b295347cb22f002e014cb87813ed7,fgs,yes,Arber Xhekaj,,betrivers,4000,,oddsapi
2026-09-29T16:05:06Z,2026-09-29,MTL @ TOR,485b295347cb22f002e014cb87813ed7,fgs,yes,Phillip Danault,,betrivers,2500,,oddsapi
2026-09-29T16:05:06Z,2026-09-29,MTL @ TOR,485b295347cb22f002e014cb87813ed7,fgs,yes,Zack Bolduc,,betrivers,2000,,oddsapi
2026-09-29T16:05:06Z,2026-09-29,MTL @ TOR,485b295347cb22f002e014cb87813ed7,fgs,yes,Alex Newhook,,betrivers,1500,,oddsapi
2026-09-29T16:05:06Z,2026-09-29,MTL @ TOR,485b295347cb22f002e014cb87813ed7,fgs,yes,Cole Caufield,,betrivers,700,,oddsapi
2026-09-29T16:05:06Z,2026-09-29,MTL @ TOR,485b295347cb22f002e014cb87813ed7,fgs,yes,Lane Hutson,,betrivers,2400,,oddsapi
2026-09-29T16:05:06Z,2026-09-29,MTL @ TOR,485b295347cb22f002e014cb87813ed7,fgs,yes,Jayden Struble,,betrivers,3500,,oddsapi
2026-09-29T16:05:06Z,2026-09-29,MTL @ TOR,485b295347cb22f002e014cb87813ed7,fgs,yes,Chris Kreider,,betrivers,1300,,oddsapi
2026-09-29T16:05:06Z,2026-09-29,MTL @ TOR,485b295347cb22f002e014cb87813ed7,fgs,yes,Morgan Rielly,,betrivers,2900,,oddsapi
2026-09-29T16:05:06Z,2026-09-29,MTL @ TOR,485b295347cb22f002e014cb87813ed7,fgs,yes,John Tavares,,betrivers,950,,oddsapi
2026-09-29T16:05:06Z,2026-09-29,MTL @ TOR,485b295347cb22f002e014cb87813ed7,fgs,yes,Josh Anderson,,betrivers,2400,,oddsapi
2026-09-29T16:05:06Z,2026-09-29,MTL @ TOR,485b295347cb22f002e014cb87813ed7,fgs,yes,Teddy Blueger,,betrivers,3300,,oddsapi
2026-09-29T16:05:06Z,2026-09-29,MTL @ TOR,485b295347cb22f002e014cb87813ed7,fgs,yes,Colton Sissons,,betrivers,2900,,oddsapi
2026-09-29T16:05:06Z,2026-09-29,MTL @ TOR,485b295347cb22f002e014cb87813ed7,fgs,yes,Zack MacEwen,,betrivers,3400,,oddsapi
2026-09-29T16:05:06Z,2026-09-29,MTL @ TOR,485b295347cb22f002e014cb87813ed7,fgs,yes,Gavin McKenna,,betrivers,1050,,oddsapi
2026-09-29T16:05:06Z,2026-09-29,MTL @ TOR,485b295347cb22f002e014cb87813ed7,fgs,yes,Christopher Tanev,,betrivers,5000,,oddsapi
2026-09-29T16:05:06Z,2026-09-29,MTL @ TOR,485b295347cb22f002e014cb87813ed7,fgs,yes,Alexandre Carrier,,betrivers,4500,,oddsapi
2026-09-29T16:05:06Z,2026-09-29,MTL @ TOR,485b295347cb22f002e014cb87813ed7,fgs,yes,Brandon Duhaime,,betrivers,2900,,oddsapi
2026-09-29T16:05:06Z,2026-09-29,MTL @ TOR,485b295347cb22f002e014cb87813ed7,fgs,yes,Auston Matthews,,betrivers,650,,oddsapi
2026-09-29T16:05:06Z,2026-09-29,MTL @ TOR,485b295347cb22f002e014cb87813ed7,fgs,yes,Nick Paul,,betrivers,1800,,oddsapi
2026-09-29T16:05:06Z,2026-09-29,MTL @ TOR,485b295347cb22f002e014cb87813ed7,fgs,yes,Nick Suzuki,,betrivers,950,,oddsapi
2026-09-29T16:05:06Z,2026-09-29,MTL @ TOR,485b295347cb22f002e014cb87813ed7,fgs,yes,Ivan Demidov,,betrivers,1150,,oddsapi
2026-09-29T16:05:06Z,2026-09-29,MTL @ TOR,485b295347cb22f002e014cb87813ed7,fgs,yes,William Nylander,,betrivers,950,,oddsapi
2026-09-29T16:05:06Z,2026-09-29,MTL @ TOR,485b295347cb22f002e014cb87813ed7,fgs,yes,Troy Stecher,,betrivers,4000,,oddsapi
2026-09-29T16:05:06Z,2026-09-29,MTL @ TOR,485b295347cb22f002e014cb87813ed7,fgs,yes,Jake Evans,,betrivers,2200,,oddsapi
2026-09-29T16:05:06Z,2026-09-29,MTL @ TOR,485b295347cb22f002e014cb87813ed7,fgs,yes,Alexandre Texier,,betrivers,2000,,oddsapi
2026-09-29T16:05:06Z,2026-09-29,MTL @ TOR,485b295347cb22f002e014cb87813ed7,fgs,yes,Noah Dobson,,betrivers,2900,,oddsapi
2026-09-29T16:05:06Z,2026-09-29,MTL @ TOR,485b295347cb22f002e014cb87813ed7,fgs,yes,Jack Roslovic,,betrivers,1300,,oddsapi
2026-09-29T16:05:06Z,2026-09-29,MTL @ TOR,485b295347cb22f002e014cb87813ed7,fgs,yes,Mike Matheson,,betrivers,2900,,oddsapi
2026-09-29T16:05:06Z,2026-09-29,MTL @ TOR,485b295347cb22f002e014cb87813ed7,fgs,yes,Darren Raddysh,,betrivers,1900,,oddsapi
2026-09-29T16:05:06Z,2026-09-29,MTL @ TOR,485b295347cb22f002e014cb87813ed7,fgs,yes,Oliver Ekman-Larsson,,betrivers,4000,,oddsapi
2026-09-29T16:05:06Z,2026-09-29,MTL @ TOR,485b295347cb22f002e014cb87813ed7,fgs,yes,Jake McCabe,,betrivers,4000,,oddsapi
2026-09-29T16:05:06Z,2026-09-29,MTL @ TOR,485b295347cb22f002e014cb87813ed7,fgs,yes,Juraj Slafkovsky,,betrivers,1050,,oddsapi
2026-09-29T16:05:06Z,2026-09-29,MTL @ TOR,485b295347cb22f002e014cb87813ed7,fgs,yes,Easton Cowan,,betrivers,1800,,oddsapi
2026-09-29T16:05:06Z,2026-09-29,MTL @ TOR,485b295347cb22f002e014cb87813ed7,fgs,yes,Oliver Kapanen,,betrivers,1700,,oddsapi
2026-09-29T16:05:06Z,2026-09-29,MTL @ TOR,485b295347cb22f002e014cb87813ed7,sk_g,over,Nick Suzuki,2.5,betrivers,7500,,oddsapi
2026-09-29T16:05:06Z,2026-09-29,MTL @ TOR,485b295347cb22f002e014cb87813ed7,sk_g,over,Cole Caufield,2.5,betrivers,3300,,oddsapi
2026-09-29T16:05:06Z,2026-09-29,MTL @ TOR,485b295347cb22f002e014cb87813ed7,sk_g,over,Easton Cowan,1.5,betrivers,4000,,oddsapi
2026-09-29T16:05:06Z,2026-09-29,MTL @ TOR,485b295347cb22f002e014cb87813ed7,sk_g,over,Chris Kreider,1.5,betrivers,2200,,oddsapi
2026-09-29T16:05:06Z,2026-09-29,MTL @ TOR,485b295347cb22f002e014cb87813ed7,sk_g,over,William Nylander,1.5,betrivers,1150,,oddsapi
2026-09-29T16:05:06Z,2026-09-29,MTL @ TOR,485b295347cb22f002e014cb87813ed7,sk_g,over,William Nylander,2.5,betrivers,6600,,oddsapi
2026-09-29T16:05:06Z,2026-09-29,MTL @ TOR,485b295347cb22f002e014cb87813ed7,sk_g,over,Alexandre Texier,1.5,betrivers,6000,,oddsapi
2026-09-29T16:05:06Z,2026-09-29,MTL @ TOR,485b295347cb22f002e014cb87813ed7,sk_g,over,Mike Matheson,1.5,betrivers,10000,,oddsapi
2026-09-29T16:05:06Z,2026-09-29,MTL @ TOR,485b295347cb22f002e014cb87813ed7,sk_g,over,Jack Roslovic,1.5,betrivers,2000,,oddsapi
2026-09-29T16:05:06Z,2026-09-29,MTL @ TOR,485b295347cb22f002e014cb87813ed7,sk_g,over,Juraj Slafkovsky,1.5,betrivers,1400,,oddsapi
2026-09-29T16:05:06Z,2026-09-29,MTL @ TOR,485b295347cb22f002e014cb87813ed7,sk_g,over,Colton Sissons,1.5,betrivers,10000,,oddsapi
2026-09-29T16:05:06Z,2026-09-29,MTL @ TOR,485b295347cb22f002e014cb87813ed7,sk_g,over,Jake Evans,1.5,betrivers,7000,,oddsapi
2026-09-29T16:05:06Z,2026-09-29,MTL @ TOR,485b295347cb22f002e014cb87813ed7,sk_g,over,Lane Hutson,1.5,betrivers,7000,,oddsapi
2026-09-29T16:05:06Z,2026-09-29,MTL @ TOR,485b295347cb22f002e014cb87813ed7,sk_g,over,Auston Matthews,1.5,betrivers,650,,oddsapi
2026-09-29T16:05:06Z,2026-09-29,MTL @ TOR,485b295347cb22f002e014cb87813ed7,sk_g,over,Oliver Kapanen,1.5,betrivers,3300,,oddsapi
2026-09-29T16:05:06Z,2026-09-29,MTL @ TOR,485b295347cb22f002e014cb87813ed7,sk_g,over,Noah Dobson,1.5,betrivers,8000,,oddsapi
2026-09-29T16:05:06Z,2026-09-29,MTL @ TOR,485b295347cb22f002e014cb87813ed7,sk_g,over,Nick Paul,1.5,betrivers,3500,,oddsapi
2026-09-29T16:05:06Z,2026-09-29,MTL @ TOR,485b295347cb22f002e014cb87813ed7,sk_g,over,Darren Raddysh,1.5,betrivers,4000,,oddsapi
2026-09-29T16:05:06Z,2026-09-29,MTL @ TOR,485b295347cb22f002e014cb87813ed7,sk_g,over,Ivan Demidov,2.5,betrivers,12500,,oddsapi
2026-09-29T16:05:06Z,2026-09-29,MTL @ TOR,485b295347cb22f002e014cb87813ed7,sk_g,over,Zack MacEwen,1.5,betrivers,15000,,oddsapi
2026-09-29T16:05:06Z,2026-09-29,MTL @ TOR,485b295347cb22f002e014cb87813ed7,sk_g,over,Gavin McKenna,1.5,betrivers,1500,,oddsapi
2026-09-29T16:05:06Z,2026-09-29,MTL @ TOR,485b295347cb22f002e014cb87813ed7,sk_g,over,John Tavares,1.5,betrivers,1300,,oddsapi
2026-09-29T16:05:06Z,2026-09-29,MTL @ TOR,485b295347cb22f002e014cb87813ed7,sk_g,over,Morgan Rielly,1.5,betrivers,12000,,oddsapi
2026-09-29T16:05:06Z,2026-09-29,MTL @ TOR,485b295347cb22f002e014cb87813ed7,sk_g,over,Gavin McKenna,2.5,betrivers,10000,,oddsapi
2026-09-29T16:05:06Z,2026-09-29,MTL @ TOR,485b295347cb22f002e014cb87813ed7,sk_g,over,Teddy Blueger,1.5,betrivers,14000,,oddsapi
2026-09-29T16:05:06Z,2026-09-29,MTL @ TOR,485b295347cb22f002e014cb87813ed7,sk_g,over,Juraj Slafkovsky,2.5,betrivers,12000,,oddsapi
2026-09-29T16:05:06Z,2026-09-29,MTL @ TOR,485b295347cb22f002e014cb87813ed7,sk_g,over,Brandon Duhaime,1.5,betrivers,11000,,oddsapi
2026-09-29T16:05:06Z,2026-09-29,MTL @ TOR,485b295347cb22f002e014cb87813ed7,sk_g,over,Cole Caufield,1.5,betrivers,700,,oddsapi
2026-09-29T16:05:06Z,2026-09-29,MTL @ TOR,485b295347cb22f002e014cb87813ed7,sk_g,over,Oliver Ekman-Larsson,1.5,betrivers,15000,,oddsapi
2026-09-29T16:05:06Z,2026-09-29,MTL @ TOR,485b295347cb22f002e014cb87813ed7,sk_g,over,Josh Anderson,1.5,betrivers,7000,,oddsapi
2026-09-29T16:05:06Z,2026-09-29,MTL @ TOR,485b295347cb22f002e014cb87813ed7,sk_g,over,Nick Suzuki,1.5,betrivers,1200,,oddsapi
2026-09-29T16:05:06Z,2026-09-29,MTL @ TOR,485b295347cb22f002e014cb87813ed7,sk_g,over,Alex Newhook,1.5,betrivers,2800,,oddsapi
2026-09-29T16:05:06Z,2026-09-29,MTL @ TOR,485b295347cb22f002e014cb87813ed7,sk_g,over,Phillip Danault,1.5,betrivers,7500,,oddsapi
2026-09-29T16:05:06Z,2026-09-29,MTL @ TOR,485b295347cb22f002e014cb87813ed7,sk_g,over,Zack Bolduc,1.5,betrivers,5000,,oddsapi
2026-09-29T16:05:06Z,2026-09-29,MTL @ TOR,485b295347cb22f002e014cb87813ed7,sk_g,over,John Tavares,2.5,betrivers,9000,,oddsapi
2026-09-29T16:05:06Z,2026-09-29,MTL @ TOR,485b295347cb22f002e014cb87813ed7,sk_g,over,Ivan Demidov,1.5,betrivers,1600,,oddsapi
2026-09-29T16:05:06Z,2026-09-29,MTL @ TOR,485b295347cb22f002e014cb87813ed7,sk_g,over,Auston Matthews,2.5,betrivers,3300,,oddsapi
2026-09-29T16:05:06Z,2026-09-29,MTL @ TOR,485b295347cb22f002e014cb87813ed7,sk_g,over,Arber Xhekaj,1.5,betrivers,15000,,oddsapi
2026-09-29T16:05:06Z,2026-09-29,MTL @ TOR,485b295347cb22f002e014cb87813ed7,sk_g,over,Jayden Struble,1.5,betrivers,15000,,oddsapi
2026-09-29T16:05:06Z,2026-09-29,MTL @ TOR,485b295347cb22f002e014cb87813ed7,p1_total,over,,0.5,betrivers,-835,410,oddsapi
2026-09-29T16:05:06Z,2026-09-29,MTL @ TOR,485b295347cb22f002e014cb87813ed7,p1_total,under,,0.5,betrivers,410,-835,oddsapi
2026-09-29T16:05:06Z,2026-09-29,MTL @ TOR,485b295347cb22f002e014cb87813ed7,p2_total,over,,2.5,betrivers,155,-235,oddsapi
2026-09-29T16:05:06Z,2026-09-29,MTL @ TOR,485b295347cb22f002e014cb87813ed7,p2_total,under,,2.5,betrivers,-235,155,oddsapi
2026-09-29T16:05:06Z,2026-09-29,MTL @ TOR,485b295347cb22f002e014cb87813ed7,p3_total,over,,3.5,betrivers,380,-770,oddsapi
2026-09-29T16:05:06Z,2026-09-29,MTL @ TOR,485b295347cb22f002e014cb87813ed7,p3_total,under,,3.5,betrivers,-770,380,oddsapi
2026-09-29T16:05:06Z,2026-09-29,MTL @ TOR,485b295347cb22f002e014cb87813ed7,game_pl_alt,MTL,,1.5,bovada,-300,220,oddsapi
2026-09-29T16:05:06Z,2026-09-29,MTL @ TOR,485b295347cb22f002e014cb87813ed7,game_pl_alt,MTL,,-2.5,bovada,350,-550,oddsapi
2026-09-29T16:05:06Z,2026-09-29,MTL @ TOR,485b295347cb22f002e014cb87813ed7,game_pl_alt,MTL,,2.5,bovada,-550,350,oddsapi
2026-09-29T16:05:06Z,2026-09-29,MTL @ TOR,485b295347cb22f002e014cb87813ed7,game_pl_alt,MTL,,-2.5,bovada,350,-550,oddsapi
2026-09-29T16:05:06Z,2026-09-29,MTL @ TOR,485b295347cb22f002e014cb87813ed7,game_pl_alt,MTL,,-3.5,bovada,725,-1800,oddsapi
2026-09-29T16:05:06Z,2026-09-29,MTL @ TOR,485b295347cb22f002e014cb87813ed7,game_pl_alt,TOR,,-1.5,bovada,220,-300,oddsapi
2026-09-29T16:05:06Z,2026-09-29,MTL @ TOR,485b295347cb22f002e014cb87813ed7,game_pl_alt,TOR,,2.5,bovada,-550,350,oddsapi
2026-09-29T16:05:06Z,2026-09-29,MTL @ TOR,485b295347cb22f002e014cb87813ed7,game_pl_alt,TOR,,-2.5,bovada,350,-550,oddsapi
2026-09-29T16:05:06Z,2026-09-29,MTL @ TOR,485b295347cb22f002e014cb87813ed7,game_pl_alt,TOR,,2.5,bovada,-550,350,oddsapi
2026-09-29T16:05:06Z,2026-09-29,MTL @ TOR,485b295347cb22f002e014cb87813ed7,game_pl_alt,TOR,,3.5,bovada,-1800,725,oddsapi
2026-09-29T16:05:06Z,2026-09-29,MTL @ TOR,485b295347cb22f002e014cb87813ed7,game_pl_alt,TOR,,-4.5,bovada,1200,,oddsapi
2026-09-29T16:05:06Z,2026-09-29,MTL @ TOR,485b295347cb22f002e014cb87813ed7,team_total_alt,over,MTL,3.5,bovada,125,-165,oddsapi
2026-09-29T16:05:06Z,2026-09-29,MTL @ TOR,485b295347cb22f002e014cb87813ed7,team_total_alt,under,MTL,3.5,bovada,-165,125,oddsapi
2026-09-29T16:05:06Z,2026-09-29,MTL @ TOR,485b295347cb22f002e014cb87813ed7,team_total_alt,over,TOR,3.5,bovada,130,-170,oddsapi
2026-09-29T16:05:06Z,2026-09-29,MTL @ TOR,485b295347cb22f002e014cb87813ed7,team_total_alt,under,TOR,3.5,bovada,-170,130,oddsapi
2026-09-29T16:05:06Z,2026-09-29,MTL @ TOR,485b295347cb22f002e014cb87813ed7,game_total_alt,over,,5.5,bovada,-165,125,oddsapi
2026-09-29T16:05:06Z,2026-09-29,MTL @ TOR,485b295347cb22f002e014cb87813ed7,game_total_alt,over,,6,bovada,-145,110,oddsapi
2026-09-29T16:05:06Z,2026-09-29,MTL @ TOR,485b295347cb22f002e014cb87813ed7,game_total_alt,over,,7,bovada,160,-210,oddsapi
2026-09-29T16:05:06Z,2026-09-29,MTL @ TOR,485b295347cb22f002e014cb87813ed7,game_total_alt,over,,7.5,bovada,220,-300,oddsapi
2026-09-29T16:05:06Z,2026-09-29,MTL @ TOR,485b295347cb22f002e014cb87813ed7,game_total_alt,over,,8.5,bovada,325,-500,oddsapi
2026-09-29T16:05:06Z,2026-09-29,MTL @ TOR,485b295347cb22f002e014cb87813ed7,game_total_alt,under,,5.5,bovada,125,-165,oddsapi
2026-09-29T16:05:06Z,2026-09-29,MTL @ TOR,485b295347cb22f002e014cb87813ed7,game_total_alt,under,,6,bovada,110,-145,oddsapi
2026-09-29T16:05:06Z,2026-09-29,MTL @ TOR,485b295347cb22f002e014cb87813ed7,game_total_alt,under,,7,bovada,-210,160,oddsapi
2026-09-29T16:05:06Z,2026-09-29,MTL @ TOR,485b295347cb22f002e014cb87813ed7,game_total_alt,under,,7.5,bovada,-300,220,oddsapi
2026-09-29T16:05:06Z,2026-09-29,MTL @ TOR,485b295347cb22f002e014cb87813ed7,game_total_alt,under,,8.5,bovada,-500,325,oddsapi
2026-09-29T16:05:06Z,2026-09-29,MTL @ TOR,485b295347cb22f002e014cb87813ed7,game_ml3,MTL,,,bovada,139,,oddsapi
2026-09-29T16:05:06Z,2026-09-29,MTL @ TOR,485b295347cb22f002e014cb87813ed7,game_ml3,TOR,,,bovada,144,,oddsapi
2026-09-29T16:05:06Z,2026-09-29,MTL @ TOR,485b295347cb22f002e014cb87813ed7,game_ml3,draw,,,bovada,310,,oddsapi
2026-09-29T16:05:06Z,2026-09-29,MTL @ TOR,485b295347cb22f002e014cb87813ed7,p1_ml,MTL,,,bovada,-115,-115,oddsapi
2026-09-29T16:05:06Z,2026-09-29,MTL @ TOR,485b295347cb22f002e014cb87813ed7,p1_ml,TOR,,,bovada,-115,-115,oddsapi
2026-09-29T16:05:06Z,2026-09-29,MTL @ TOR,485b295347cb22f002e014cb87813ed7,p2_ml,MTL,,,bovada,-115,-115,oddsapi
2026-09-29T16:05:06Z,2026-09-29,MTL @ TOR,485b295347cb22f002e014cb87813ed7,p2_ml,TOR,,,bovada,-115,-115,oddsapi
2026-09-29T16:05:06Z,2026-09-29,MTL @ TOR,485b295347cb22f002e014cb87813ed7,p3_ml,MTL,,,bovada,-110,-120,oddsapi
2026-09-29T16:05:06Z,2026-09-29,MTL @ TOR,485b295347cb22f002e014cb87813ed7,p3_ml,TOR,,,bovada,-120,-110,oddsapi
2026-09-29T16:05:06Z,2026-09-29,MTL @ TOR,485b295347cb22f002e014cb87813ed7,ags,yes,Chris Kreider,,bovada,315,,oddsapi
2026-09-29T16:05:06Z,2026-09-29,MTL @ TOR,485b295347cb22f002e014cb87813ed7,ags,yes,Cole Caufield,,bovada,135,,oddsapi
2026-09-29T16:05:06Z,2026-09-29,MTL @ TOR,485b295347cb22f002e014cb87813ed7,ags,yes,Josh Anderson,,bovada,475,,oddsapi
2026-09-29T16:05:06Z,2026-09-29,MTL @ TOR,485b295347cb22f002e014cb87813ed7,ags,yes,Gavin McKenna,,bovada,250,,oddsapi
2026-09-29T16:05:06Z,2026-09-29,MTL @ TOR,485b295347cb22f002e014cb87813ed7,ags,yes,Jake Evans,,bovada,700,,oddsapi
2026-09-29T16:05:06Z,2026-09-29,MTL @ TOR,485b295347cb22f002e014cb87813ed7,ags,yes,Phillip Danault,,bovada,775,,oddsapi
2026-09-29T16:05:06Z,2026-09-29,MTL @ TOR,485b295347cb22f002e014cb87813ed7,ags,yes,Auston Matthews,,bovada,144,,oddsapi
2026-09-29T16:05:06Z,2026-09-29,MTL @ TOR,485b295347cb22f002e014cb87813ed7,ags,yes,Zack Bolduc,,bovada,500,,oddsapi
2026-09-29T16:05:06Z,2026-09-29,MTL @ TOR,485b295347cb22f002e014cb87813ed7,ags,yes,William Nylander,,bovada,175,,oddsapi
2026-09-29T16:05:06Z,2026-09-29,MTL @ TOR,485b295347cb22f002e014cb87813ed7,ags,yes,Nick Suzuki,,bovada,205,,oddsapi
2026-09-29T16:05:06Z,2026-09-29,MTL @ TOR,485b295347cb22f002e014cb87813ed7,ags,yes,Easton Cowan,,bovada,425,,oddsapi
2026-09-29T16:05:06Z,2026-09-29,MTL @ TOR,485b295347cb22f002e014cb87813ed7,ags,yes,Alexandre Carrier,,bovada,1800,,oddsapi
2026-09-29T16:05:06Z,2026-09-29,MTL @ TOR,485b295347cb22f002e014cb87813ed7,ags,yes,Zack MacEwen,,bovada,1000,,oddsapi
2026-09-29T16:05:06Z,2026-09-29,MTL @ TOR,485b295347cb22f002e014cb87813ed7,ags,yes,Noah Dobson,,bovada,675,,oddsapi
2026-09-29T16:05:06Z,2026-09-29,MTL @ TOR,485b295347cb22f002e014cb87813ed7,ags,yes,Lane Hutson,,bovada,550,,oddsapi
2026-09-29T16:05:06Z,2026-09-29,MTL @ TOR,485b295347cb22f002e014cb87813ed7,ags,yes,Jack Roslovic,,bovada,245,,oddsapi
2026-09-29T16:05:06Z,2026-09-29,MTL @ TOR,485b295347cb22f002e014cb87813ed7,ags,yes,Brandon Duhaime,,bovada,900,,oddsapi
2026-09-29T16:05:06Z,2026-09-29,MTL @ TOR,485b295347cb22f002e014cb87813ed7,ags,yes,Morgan Rielly,,bovada,650,,oddsapi
2026-09-29T16:05:06Z,2026-09-29,MTL @ TOR,485b295347cb22f002e014cb87813ed7,ags,yes,Mike Matheson,,bovada,1000,,oddsapi
2026-09-29T16:05:06Z,2026-09-29,MTL @ TOR,485b295347cb22f002e014cb87813ed7,ags,yes,Colton Sissons,,bovada,650,,oddsapi
2026-09-29T16:05:06Z,2026-09-29,MTL @ TOR,485b295347cb22f002e014cb87813ed7,ags,yes,Alex Newhook,,bovada,370,,oddsapi
2026-09-29T16:05:06Z,2026-09-29,MTL @ TOR,485b295347cb22f002e014cb87813ed7,ags,yes,Oliver Ekman-Larsson,,bovada,1200,,oddsapi
2026-09-29T16:05:06Z,2026-09-29,MTL @ TOR,485b295347cb22f002e014cb87813ed7,ags,yes,Christopher Tanev,,bovada,1900,,oddsapi
2026-09-29T16:05:06Z,2026-09-29,MTL @ TOR,485b295347cb22f002e014cb87813ed7,ags,yes,John Tavares,,bovada,193,,oddsapi
2026-09-29T16:05:06Z,2026-09-29,MTL @ TOR,485b295347cb22f002e014cb87813ed7,ags,yes,Jake McCabe,,bovada,1500,,oddsapi
2026-09-29T16:05:06Z,2026-09-29,MTL @ TOR,485b295347cb22f002e014cb87813ed7,ags,yes,Kirby Dach,,bovada,445,,oddsapi
2026-09-29T16:05:06Z,2026-09-29,MTL @ TOR,485b295347cb22f002e014cb87813ed7,ags,yes,Juraj Slafkovsky,,bovada,225,,oddsapi
2026-09-29T16:05:06Z,2026-09-29,MTL @ TOR,485b295347cb22f002e014cb87813ed7,ags,yes,Darren Raddysh,,bovada,420,,oddsapi
2026-09-29T16:05:06Z,2026-09-29,MTL @ TOR,485b295347cb22f002e014cb87813ed7,ags,yes,Teddy Blueger,,bovada,700,,oddsapi
2026-09-29T16:05:06Z,2026-09-29,MTL @ TOR,485b295347cb22f002e014cb87813ed7,ags,yes,Ivan Demidov,,bovada,270,,oddsapi
2026-09-29T16:05:06Z,2026-09-29,MTL @ TOR,485b295347cb22f002e014cb87813ed7,ags,yes,Troy Stecher,,bovada,1900,,oddsapi
2026-09-29T16:05:06Z,2026-09-29,MTL @ TOR,485b295347cb22f002e014cb87813ed7,ags,yes,Jayden Struble,,bovada,2200,,oddsapi
2026-09-29T16:05:06Z,2026-09-29,MTL @ TOR,485b295347cb22f002e014cb87813ed7,ags,yes,Arber Xhekaj,,bovada,2500,,oddsapi
2026-09-29T16:05:06Z,2026-09-29,MTL @ TOR,485b295347cb22f002e014cb87813ed7,ags,yes,Alexandre Texier,,bovada,475,,oddsapi
2026-09-29T16:05:06Z,2026-09-29,MTL @ TOR,485b295347cb22f002e014cb87813ed7,ags,yes,Nick Paul,,bovada,375,,oddsapi
2026-09-29T16:05:06Z,2026-09-29,MTL @ TOR,485b295347cb22f002e014cb87813ed7,fgs,yes,Chris Kreider,,bovada,1800,,oddsapi
2026-09-29T16:05:06Z,2026-09-29,MTL @ TOR,485b295347cb22f002e014cb87813ed7,fgs,yes,Nick Paul,,bovada,2200,,oddsapi
2026-09-29T16:05:06Z,2026-09-29,MTL @ TOR,485b295347cb22f002e014cb87813ed7,fgs,yes,Lane Hutson,,bovada,3300,,oddsapi
2026-09-29T16:05:06Z,2026-09-29,MTL @ TOR,485b295347cb22f002e014cb87813ed7,fgs,yes,Zack MacEwen,,bovada,5000,,oddsapi
2026-09-29T16:05:06Z,2026-09-29,MTL @ TOR,485b295347cb22f002e014cb87813ed7,fgs,yes,Jack Roslovic,,bovada,1500,,oddsapi
2026-09-29T16:05:06Z,2026-09-29,MTL @ TOR,485b295347cb22f002e014cb87813ed7,fgs,yes,Cole Caufield,,bovada,1000,,oddsapi
2026-09-29T16:05:06Z,2026-09-29,MTL @ TOR,485b295347cb22f002e014cb87813ed7,fgs,yes,Kirby Dach,,bovada,2500,,oddsapi
2026-09-29T16:05:06Z,2026-09-29,MTL @ TOR,485b295347cb22f002e014cb87813ed7,fgs,yes,John Tavares,,bovada,1400,,oddsapi
2026-09-29T16:05:06Z,2026-09-29,MTL @ TOR,485b295347cb22f002e014cb87813ed7,fgs,yes,Mike Matheson,,bovada,6500,,oddsapi
2026-09-29T16:05:06Z,2026-09-29,MTL @ TOR,485b295347cb22f002e014cb87813ed7,fgs,yes,Juraj Slafkovsky,,bovada,1500,,oddsapi
2026-09-29T16:05:06Z,2026-09-29,MTL @ TOR,485b295347cb22f002e014cb87813ed7,fgs,yes,Nick Suzuki,,bovada,1400,,oddsapi
2026-09-29T16:05:06Z,2026-09-29,MTL @ TOR,485b295347cb22f002e014cb87813ed7,fgs,yes,Morgan Rielly,,bovada,4000,,oddsapi
2026-09-29T16:05:06Z,2026-09-29,MTL @ TOR,485b295347cb22f002e014cb87813ed7,fgs,yes,Colton Sissons,,bovada,3000,,oddsapi
2026-09-29T16:05:06Z,2026-09-29,MTL @ TOR,485b295347cb22f002e014cb87813ed7,fgs,yes,Alex Newhook,,bovada,2000,,oddsapi
2026-09-29T16:05:06Z,2026-09-29,MTL @ TOR,485b295347cb22f002e014cb87813ed7,fgs,yes,Teddy Blueger,,bovada,3500,,oddsapi
2026-09-29T16:05:06Z,2026-09-29,MTL @ TOR,485b295347cb22f002e014cb87813ed7,fgs,yes,Jake Evans,,bovada,3500,,oddsapi
2026-09-29T16:05:06Z,2026-09-29,MTL @ TOR,485b295347cb22f002e014cb87813ed7,fgs,yes,Ivan Demidov,,bovada,1600,,oddsapi
2026-09-29T16:05:06Z,2026-09-29,MTL @ TOR,485b295347cb22f002e014cb87813ed7,fgs,yes,Jake McCabe,,bovada,8000,,oddsapi
2026-09-29T16:05:06Z,2026-09-29,MTL @ TOR,485b295347cb22f002e014cb87813ed7,fgs,yes,Auston Matthews,,bovada,1000,,oddsapi
2026-09-29T16:05:06Z,2026-09-29,MTL @ TOR,485b295347cb22f002e014cb87813ed7,fgs,yes,Easton Cowan,,bovada,2200,,oddsapi
2026-09-29T16:05:06Z,2026-09-29,MTL @ TOR,485b295347cb22f002e014cb87813ed7,fgs,yes,Phillip Danault,,bovada,4000,,oddsapi
2026-09-29T16:05:06Z,2026-09-29,MTL @ TOR,485b295347cb22f002e014cb87813ed7,fgs,yes,Noah Dobson,,bovada,4500,,oddsapi
2026-09-29T16:05:06Z,2026-09-29,MTL @ TOR,485b295347cb22f002e014cb87813ed7,fgs,yes,Brandon Duhaime,,bovada,5500,,oddsapi
2026-09-29T16:05:06Z,2026-09-29,MTL @ TOR,485b295347cb22f002e014cb87813ed7,fgs,yes,Gavin McKenna,,bovada,1600,,oddsapi
2026-09-29T16:05:06Z,2026-09-29,MTL @ TOR,485b295347cb22f002e014cb87813ed7,fgs,yes,Oliver Ekman-Larsson,,bovada,5500,,oddsapi
2026-09-29T16:05:06Z,2026-09-29,MTL @ TOR,485b295347cb22f002e014cb87813ed7,fgs,yes,Alexandre Carrier,,bovada,10000,,oddsapi
2026-09-29T16:05:06Z,2026-09-29,MTL @ TOR,485b295347cb22f002e014cb87813ed7,fgs,yes,Darren Raddysh,,bovada,2500,,oddsapi
2026-09-29T16:05:06Z,2026-09-29,MTL @ TOR,485b295347cb22f002e014cb87813ed7,fgs,yes,William Nylander,,bovada,1200,,oddsapi
2026-09-29T16:05:06Z,2026-09-29,MTL @ TOR,485b295347cb22f002e014cb87813ed7,fgs,yes,Christopher Tanev,,bovada,10000,,oddsapi
2026-09-29T16:05:06Z,2026-09-29,MTL @ TOR,485b295347cb22f002e014cb87813ed7,fgs,yes,Josh Anderson,,bovada,3500,,oddsapi
2026-09-29T16:05:06Z,2026-09-29,MTL @ TOR,485b295347cb22f002e014cb87813ed7,fgs,yes,Zack Bolduc,,bovada,3300,,oddsapi
2026-09-29T16:05:06Z,2026-09-29,MTL @ TOR,485b295347cb22f002e014cb87813ed7,fgs,yes,Jayden Struble,,bovada,10000,,oddsapi
2026-09-29T16:05:06Z,2026-09-29,MTL @ TOR,485b295347cb22f002e014cb87813ed7,fgs,yes,Alexandre Texier,,bovada,3000,,oddsapi
2026-09-29T16:05:06Z,2026-09-29,MTL @ TOR,485b295347cb22f002e014cb87813ed7,p1_pl,MTL,,-0.5,bovada,170,-230,oddsapi
2026-09-29T16:05:06Z,2026-09-29,MTL @ TOR,485b295347cb22f002e014cb87813ed7,p1_pl,TOR,,0.5,bovada,-230,170,oddsapi
2026-09-29T16:05:06Z,2026-09-29,MTL @ TOR,485b295347cb22f002e014cb87813ed7,p2_pl,MTL,,0.5,bovada,-215,160,oddsapi
2026-09-29T16:05:06Z,2026-09-29,MTL @ TOR,485b295347cb22f002e014cb87813ed7,p2_pl,TOR,,-0.5,bovada,160,-215,oddsapi
2026-09-29T16:05:06Z,2026-09-29,MTL @ TOR,485b295347cb22f002e014cb87813ed7,p3_pl,MTL,,0.5,bovada,-190,145,oddsapi
2026-09-29T16:05:06Z,2026-09-29,MTL @ TOR,485b295347cb22f002e014cb87813ed7,p3_pl,TOR,,-0.5,bovada,145,-190,oddsapi
2026-09-29T16:05:06Z,2026-09-29,MTL @ TOR,485b295347cb22f002e014cb87813ed7,p1_total,over,,1.5,bovada,-145,110,oddsapi
2026-09-29T16:05:06Z,2026-09-29,MTL @ TOR,485b295347cb22f002e014cb87813ed7,p1_total,under,,1.5,bovada,110,-145,oddsapi
2026-09-29T16:05:06Z,2026-09-29,MTL @ TOR,485b295347cb22f002e014cb87813ed7,p2_total,over,,2,bovada,100,-130,oddsapi
2026-09-29T16:05:06Z,2026-09-29,MTL @ TOR,485b295347cb22f002e014cb87813ed7,p2_total,under,,2,bovada,-130,100,oddsapi
2026-09-29T16:05:06Z,2026-09-29,MTL @ TOR,485b295347cb22f002e014cb87813ed7,p3_total,over,,2,bovada,-145,110,oddsapi
2026-09-29T16:05:06Z,2026-09-29,MTL @ TOR,485b295347cb22f002e014cb87813ed7,p3_total,under,,2,bovada,110,-145,oddsapi
2026-09-29T16:05:06Z,2026-09-29,MTL @ TOR,485b295347cb22f002e014cb87813ed7,game_ml3,MTL,,,fanatics,140,,oddsapi
2026-09-29T16:05:06Z,2026-09-29,MTL @ TOR,485b295347cb22f002e014cb87813ed7,game_ml3,TOR,,,fanatics,135,,oddsapi
2026-09-29T16:05:06Z,2026-09-29,MTL @ TOR,485b295347cb22f002e014cb87813ed7,game_ml3,draw,,,fanatics,290,,oddsapi
2026-09-29T16:05:06Z,2026-09-29,MTL @ TOR,485b295347cb22f002e014cb87813ed7,ags,yes,Oliver Ekman-Larsson,,fanatics,1100,,oddsapi
2026-09-29T16:05:06Z,2026-09-29,MTL @ TOR,485b295347cb22f002e014cb87813ed7,ags,yes,Darren Raddysh,,fanatics,410,,oddsapi
2026-09-29T16:05:06Z,2026-09-29,MTL @ TOR,485b295347cb22f002e014cb87813ed7,ags,yes,Jake McCabe,,fanatics,1400,,oddsapi
2026-09-29T16:05:06Z,2026-09-29,MTL @ TOR,485b295347cb22f002e014cb87813ed7,ags,yes,Auston Matthews,,fanatics,140,,oddsapi
2026-09-29T16:05:06Z,2026-09-29,MTL @ TOR,485b295347cb22f002e014cb87813ed7,ags,yes,Morgan Rielly,,fanatics,650,,oddsapi
2026-09-29T16:05:06Z,2026-09-29,MTL @ TOR,485b295347cb22f002e014cb87813ed7,ags,yes,William Nylander,,fanatics,175,,oddsapi
2026-09-29T16:05:06Z,2026-09-29,MTL @ TOR,485b295347cb22f002e014cb87813ed7,ags,yes,John Tavares,,fanatics,190,,oddsapi
2026-09-29T16:05:06Z,2026-09-29,MTL @ TOR,485b295347cb22f002e014cb87813ed7,ags,yes,Zack MacEwen,,fanatics,900,,oddsapi
2026-09-29T16:05:06Z,2026-09-29,MTL @ TOR,485b295347cb22f002e014cb87813ed7,ags,yes,Colton Sissons,,fanatics,650,,oddsapi
2026-09-29T16:05:06Z,2026-09-29,MTL @ TOR,485b295347cb22f002e014cb87813ed7,ags,yes,Brandon Duhaime,,fanatics,1000,,oddsapi
2026-09-29T16:05:06Z,2026-09-29,MTL @ TOR,485b295347cb22f002e014cb87813ed7,ags,yes,Jack Roslovic,,fanatics,250,,oddsapi
2026-09-29T16:05:06Z,2026-09-29,MTL @ TOR,485b295347cb22f002e014cb87813ed7,ags,yes,Teddy Blueger,,fanatics,600,,oddsapi
2026-09-29T16:05:06Z,2026-09-29,MTL @ TOR,485b295347cb22f002e014cb87813ed7,ags,yes,Christopher Tanev,,fanatics,1900,,oddsapi
2026-09-29T16:05:06Z,2026-09-29,MTL @ TOR,485b295347cb22f002e014cb87813ed7,ags,yes,Gavin McKenna,,fanatics,250,,oddsapi
2026-09-29T16:05:06Z,2026-09-29,MTL @ TOR,485b295347cb22f002e014cb87813ed7,ags,yes,Easton Cowan,,fanatics,390,,oddsapi
2026-09-29T16:05:06Z,2026-09-29,MTL @ TOR,485b295347cb22f002e014cb87813ed7,ags,yes,Mike Matheson,,fanatics,900,,oddsapi
2026-09-29T16:05:06Z,2026-09-29,MTL @ TOR,485b295347cb22f002e014cb87813ed7,ags,yes,Nick Suzuki,,fanatics,210,,oddsapi
2026-09-29T16:05:06Z,2026-09-29,MTL @ TOR,485b295347cb22f002e014cb87813ed7,ags,yes,Alex Newhook,,fanatics,360,,oddsapi
2026-09-29T16:05:06Z,2026-09-29,MTL @ TOR,485b295347cb22f002e014cb87813ed7,ags,yes,Josh Anderson,,fanatics,525,,oddsapi
2026-09-29T16:05:06Z,2026-09-29,MTL @ TOR,485b295347cb22f002e014cb87813ed7,ags,yes,Jake Evans,,fanatics,700,,oddsapi
2026-09-29T16:05:06Z,2026-09-29,MTL @ TOR,485b295347cb22f002e014cb87813ed7,ags,yes,Kirby Dach,,fanatics,525,,oddsapi
2026-09-29T16:05:06Z,2026-09-29,MTL @ TOR,485b295347cb22f002e014cb87813ed7,ags,yes,Alexandre Carrier,,fanatics,1900,,oddsapi
2026-09-29T16:05:06Z,2026-09-29,MTL @ TOR,485b295347cb22f002e014cb87813ed7,ags,yes,Noah Dobson,,fanatics,700,,oddsapi
2026-09-29T16:05:06Z,2026-09-29,MTL @ TOR,485b295347cb22f002e014cb87813ed7,ags,yes,Phillip Danault,,fanatics,700,,oddsapi
2026-09-29T16:05:06Z,2026-09-29,MTL @ TOR,485b295347cb22f002e014cb87813ed7,ags,yes,Juraj Slafkovsky,,fanatics,220,,oddsapi
2026-09-29T16:05:06Z,2026-09-29,MTL @ TOR,485b295347cb22f002e014cb87813ed7,ags,yes,Cole Caufield,,fanatics,120,,oddsapi
2026-09-29T16:05:06Z,2026-09-29,MTL @ TOR,485b295347cb22f002e014cb87813ed7,ags,yes,Lane Hutson,,fanatics,525,,oddsapi
2026-09-29T16:05:06Z,2026-09-29,MTL @ TOR,485b295347cb22f002e014cb87813ed7,ags,yes,Oliver Kapanen,,fanatics,390,,oddsapi
2026-09-29T16:05:06Z,2026-09-29,MTL @ TOR,485b295347cb22f002e014cb87813ed7,ags,yes,Ivan Demidov,,fanatics,260,,oddsapi
2026-09-29T16:05:06Z,2026-09-29,MTL @ TOR,485b295347cb22f002e014cb87813ed7,ags,yes,Chris Kreider,,fanatics,310,,oddsapi
2026-09-29T16:05:06Z,2026-09-29,MTL @ TOR,485b295347cb22f002e014cb87813ed7,ags,yes,Bo Groulx,,fanatics,700,,oddsapi
2026-09-29T16:05:06Z,2026-09-29,MTL @ TOR,485b295347cb22f002e014cb87813ed7,ags,yes,Troy Stecher,,fanatics,2000,,oddsapi
2026-09-29T16:05:06Z,2026-09-29,MTL @ TOR,485b295347cb22f002e014cb87813ed7,ags,yes,Alexandre Texier,,fanatics,575,,oddsapi
2026-09-29T16:05:06Z,2026-09-29,MTL @ TOR,485b295347cb22f002e014cb87813ed7,ags,yes,Jayden Struble,,fanatics,2000,,oddsapi
2026-09-29T16:05:06Z,2026-09-29,MTL @ TOR,485b295347cb22f002e014cb87813ed7,ags,yes,Arber Xhekaj,,fanatics,3000,,oddsapi
2026-09-29T16:05:06Z,2026-09-29,MTL @ TOR,485b295347cb22f002e014cb87813ed7,ags,yes,Nick Paul,,fanatics,350,,oddsapi
2026-09-29T16:05:06Z,2026-09-29,MTL @ TOR,485b295347cb22f002e014cb87813ed7,fgs,yes,Oliver Ekman-Larsson,,fanatics,4500,,oddsapi
2026-09-29T16:05:06Z,2026-09-29,MTL @ TOR,485b295347cb22f002e014cb87813ed7,fgs,yes,Darren Raddysh,,fanatics,2200,,oddsapi
2026-09-29T16:05:06Z,2026-09-29,MTL @ TOR,485b295347cb22f002e014cb87813ed7,fgs,yes,Jake McCabe,,fanatics,6000,,oddsapi
2026-09-29T16:05:06Z,2026-09-29,MTL @ TOR,485b295347cb22f002e014cb87813ed7,fgs,yes,Auston Matthews,,fanatics,800,,oddsapi
2026-09-29T16:05:06Z,2026-09-29,MTL @ TOR,485b295347cb22f002e014cb87813ed7,fgs,yes,Morgan Rielly,,fanatics,3000,,oddsapi
2026-09-29T16:05:06Z,2026-09-29,MTL @ TOR,485b295347cb22f002e014cb87813ed7,fgs,yes,William Nylander,,fanatics,1000,,oddsapi
2026-09-29T16:05:06Z,2026-09-29,MTL @ TOR,485b295347cb22f002e014cb87813ed7,fgs,yes,John Tavares,,fanatics,1200,,oddsapi
2026-09-29T16:05:06Z,2026-09-29,MTL @ TOR,485b295347cb22f002e014cb87813ed7,fgs,yes,Zack MacEwen,,fanatics,4000,,oddsapi
2026-09-29T16:05:06Z,2026-09-29,MTL @ TOR,485b295347cb22f002e014cb87813ed7,fgs,yes,Colton Sissons,,fanatics,2800,,oddsapi
2026-09-29T16:05:06Z,2026-09-29,MTL @ TOR,485b295347cb22f002e014cb87813ed7,fgs,yes,Brandon Duhaime,,fanatics,4000,,oddsapi
2026-09-29T16:05:06Z,2026-09-29,MTL @ TOR,485b295347cb22f002e014cb87813ed7,fgs,yes,Jack Roslovic,,fanatics,1300,,oddsapi
2026-09-29T16:05:06Z,2026-09-29,MTL @ TOR,485b295347cb22f002e014cb87813ed7,fgs,yes,Teddy Blueger,,fanatics,3000,,oddsapi
2026-09-29T16:05:06Z,2026-09-29,MTL @ TOR,485b295347cb22f002e014cb87813ed7,fgs,yes,Christopher Tanev,,fanatics,9000,,oddsapi
2026-09-29T16:05:06Z,2026-09-29,MTL @ TOR,485b295347cb22f002e014cb87813ed7,fgs,yes,Gavin McKenna,,fanatics,1300,,oddsapi
2026-09-29T16:05:06Z,2026-09-29,MTL @ TOR,485b295347cb22f002e014cb87813ed7,fgs,yes,Easton Cowan,,fanatics,1900,,oddsapi
2026-09-29T16:05:06Z,2026-09-29,MTL @ TOR,485b295347cb22f002e014cb87813ed7,fgs,yes,Mike Matheson,,fanatics,4000,,oddsapi
2026-09-29T16:05:06Z,2026-09-29,MTL @ TOR,485b295347cb22f002e014cb87813ed7,fgs,yes,Nick Suzuki,,fanatics,1200,,oddsapi
2026-09-29T16:05:06Z,2026-09-29,MTL @ TOR,485b295347cb22f002e014cb87813ed7,fgs,yes,Alex Newhook,,fanatics,1900,,oddsapi
2026-09-29T16:05:06Z,2026-09-29,MTL @ TOR,485b295347cb22f002e014cb87813ed7,fgs,yes,Josh Anderson,,fanatics,2800,,oddsapi
2026-09-29T16:05:06Z,2026-09-29,MTL @ TOR,485b295347cb22f002e014cb87813ed7,fgs,yes,Jake Evans,,fanatics,3500,,oddsapi
2026-09-29T16:05:06Z,2026-09-29,MTL @ TOR,485b295347cb22f002e014cb87813ed7,fgs,yes,Kirby Dach,,fanatics,2500,,oddsapi
2026-09-29T16:05:06Z,2026-09-29,MTL @ TOR,485b295347cb22f002e014cb87813ed7,fgs,yes,Alexandre Carrier,,fanatics,8000,,oddsapi
2026-09-29T16:05:06Z,2026-09-29,MTL @ TOR,485b295347cb22f002e014cb87813ed7,fgs,yes,Noah Dobson,,fanatics,3500,,oddsapi
2026-09-29T16:05:06Z,2026-09-29,MTL @ TOR,485b295347cb22f002e014cb87813ed7,fgs,yes,Phillip Danault,,fanatics,3500,,oddsapi
2026-09-29T16:05:06Z,2026-09-29,MTL @ TOR,485b295347cb22f002e014cb87813ed7,fgs,yes,Juraj Slafkovsky,,fanatics,1300,,oddsapi
2026-09-29T16:05:06Z,2026-09-29,MTL @ TOR,485b295347cb22f002e014cb87813ed7,fgs,yes,Cole Caufield,,fanatics,800,,oddsapi
2026-09-29T16:05:06Z,2026-09-29,MTL @ TOR,485b295347cb22f002e014cb87813ed7,fgs,yes,Lane Hutson,,fanatics,2500,,oddsapi
2026-09-29T16:05:06Z,2026-09-29,MTL @ TOR,485b295347cb22f002e014cb87813ed7,fgs,yes,Oliver Kapanen,,fanatics,1900,,oddsapi
2026-09-29T16:05:06Z,2026-09-29,MTL @ TOR,485b295347cb22f002e014cb87813ed7,fgs,yes,Ivan Demidov,,fanatics,1500,,oddsapi
2026-09-29T16:05:06Z,2026-09-29,MTL @ TOR,485b295347cb22f002e014cb87813ed7,fgs,yes,Chris Kreider,,fanatics,1700,,oddsapi
2026-09-29T16:05:06Z,2026-09-29,MTL @ TOR,485b295347cb22f002e014cb87813ed7,fgs,yes,No 1st Goal,,fanatics,15000,,oddsapi
2026-09-29T16:05:06Z,2026-09-29,MTL @ TOR,485b295347cb22f002e014cb87813ed7,fgs,yes,Bo Groulx,,fanatics,3000,,oddsapi
2026-09-29T16:05:06Z,2026-09-29,MTL @ TOR,485b295347cb22f002e014cb87813ed7,fgs,yes,Troy Stecher,,fanatics,7000,,oddsapi
2026-09-29T16:05:06Z,2026-09-29,MTL @ TOR,485b295347cb22f002e014cb87813ed7,fgs,yes,Alexandre Texier,,fanatics,2500,,oddsapi
2026-09-29T16:05:06Z,2026-09-29,MTL @ TOR,485b295347cb22f002e014cb87813ed7,fgs,yes,Jayden Struble,,fanatics,7000,,oddsapi
2026-09-29T16:05:06Z,2026-09-29,MTL @ TOR,485b295347cb22f002e014cb87813ed7,fgs,yes,Arber Xhekaj,,fanatics,12000,,oddsapi
2026-09-29T16:05:06Z,2026-09-29,MTL @ TOR,485b295347cb22f002e014cb87813ed7,fgs,yes,Nick Paul,,fanatics,1900,,oddsapi
2026-09-29T16:05:06Z,2026-09-29,MTL @ TOR,485b295347cb22f002e014cb87813ed7,team_total,over,MTL,2.5,fanatics,-190,145,oddsapi
2026-09-29T16:05:06Z,2026-09-29,MTL @ TOR,485b295347cb22f002e014cb87813ed7,team_total,under,MTL,2.5,fanatics,145,-190,oddsapi
2026-09-29T16:05:06Z,2026-09-29,MTL @ TOR,485b295347cb22f002e014cb87813ed7,team_total,over,TOR,3.5,fanatics,125,-165,oddsapi
2026-09-29T16:05:06Z,2026-09-29,MTL @ TOR,485b295347cb22f002e014cb87813ed7,team_total,under,TOR,3.5,fanatics,-165,125,oddsapi
2026-09-29T16:05:06Z,2026-09-29,MTL @ TOR,485b295347cb22f002e014cb87813ed7,p1_ml,MTL,,,betus,-115,-115,oddsapi
2026-09-29T16:05:06Z,2026-09-29,MTL @ TOR,485b295347cb22f002e014cb87813ed7,p1_ml,TOR,,,betus,-115,-115,oddsapi
2026-09-29T16:05:06Z,2026-09-29,MTL @ TOR,485b295347cb22f002e014cb87813ed7,p1_pl,MTL,,-0.5,betus,170,-215,oddsapi
2026-09-29T16:05:06Z,2026-09-29,MTL @ TOR,485b295347cb22f002e014cb87813ed7,p1_pl,TOR,,0.5,betus,-215,170,oddsapi
2026-09-29T16:05:06Z,2026-09-29,MTL @ TOR,485b295347cb22f002e014cb87813ed7,p1_total,over,,1.5,betus,-130,100,oddsapi
2026-09-29T16:05:06Z,2026-09-29,MTL @ TOR,485b295347cb22f002e014cb87813ed7,p1_total,under,,1.5,betus,100,-130,oddsapi
2026-09-29T16:05:06Z,2026-09-29,NYR @ BOS,ac3cb11040dbdb0d2ccfa53e7d6b6cda,game_pl_alt,BOS,,3.5,draftkings,-1800,800,oddsapi
2026-09-29T16:05:06Z,2026-09-29,NYR @ BOS,ac3cb11040dbdb0d2ccfa53e7d6b6cda,game_pl_alt,BOS,,2.5,draftkings,-505,330,oddsapi
2026-09-29T16:05:06Z,2026-09-29,NYR @ BOS,ac3cb11040dbdb0d2ccfa53e7d6b6cda,game_pl_alt,BOS,,1.5,draftkings,-270,195,oddsapi
2026-09-29T16:05:06Z,2026-09-29,NYR @ BOS,ac3cb11040dbdb0d2ccfa53e7d6b6cda,game_pl_alt,BOS,,-2.5,draftkings,370,-600,oddsapi
2026-09-29T16:05:06Z,2026-09-29,NYR @ BOS,ac3cb11040dbdb0d2ccfa53e7d6b6cda,game_pl_alt,BOS,,-3.5,draftkings,850,-2000,oddsapi
2026-09-29T16:05:06Z,2026-09-29,NYR @ BOS,ac3cb11040dbdb0d2ccfa53e7d6b6cda,game_pl_alt,NYR,,-3.5,draftkings,800,-1800,oddsapi
2026-09-29T16:05:06Z,2026-09-29,NYR @ BOS,ac3cb11040dbdb0d2ccfa53e7d6b6cda,game_pl_alt,NYR,,-2.5,draftkings,330,-505,oddsapi
2026-09-29T16:05:06Z,2026-09-29,NYR @ BOS,ac3cb11040dbdb0d2ccfa53e7d6b6cda,game_pl_alt,NYR,,-1.5,draftkings,195,-270,oddsapi
2026-09-29T16:05:06Z,2026-09-29,NYR @ BOS,ac3cb11040dbdb0d2ccfa53e7d6b6cda,game_pl_alt,NYR,,2.5,draftkings,-600,370,oddsapi
2026-09-29T16:05:06Z,2026-09-29,NYR @ BOS,ac3cb11040dbdb0d2ccfa53e7d6b6cda,game_pl_alt,NYR,,3.5,draftkings,-2000,850,oddsapi
2026-09-29T16:05:06Z,2026-09-29,NYR @ BOS,ac3cb11040dbdb0d2ccfa53e7d6b6cda,team_total_alt,over,BOS,0.5,draftkings,-3500,1100,oddsapi
2026-09-29T16:05:06Z,2026-09-29,NYR @ BOS,ac3cb11040dbdb0d2ccfa53e7d6b6cda,team_total_alt,under,BOS,0.5,draftkings,1100,-3500,oddsapi
2026-09-29T16:05:06Z,2026-09-29,NYR @ BOS,ac3cb11040dbdb0d2ccfa53e7d6b6cda,team_total_alt,over,BOS,1.5,draftkings,-475,310,oddsapi
2026-09-29T16:05:06Z,2026-09-29,NYR @ BOS,ac3cb11040dbdb0d2ccfa53e7d6b6cda,team_total_alt,under,BOS,1.5,draftkings,310,-475,oddsapi
2026-09-29T16:05:06Z,2026-09-29,NYR @ BOS,ac3cb11040dbdb0d2ccfa53e7d6b6cda,team_total_alt,over,BOS,2.5,draftkings,-160,120,oddsapi
2026-09-29T16:05:06Z,2026-09-29,NYR @ BOS,ac3cb11040dbdb0d2ccfa53e7d6b6cda,team_total_alt,under,BOS,2.5,draftkings,120,-160,oddsapi
2026-09-29T16:05:06Z,2026-09-29,NYR @ BOS,ac3cb11040dbdb0d2ccfa53e7d6b6cda,team_total_alt,over,BOS,3.5,draftkings,145,-190,oddsapi
2026-09-29T16:05:06Z,2026-09-29,NYR @ BOS,ac3cb11040dbdb0d2ccfa53e7d6b6cda,team_total_alt,under,BOS,3.5,draftkings,-190,145,oddsapi
2026-09-29T16:05:06Z,2026-09-29,NYR @ BOS,ac3cb11040dbdb0d2ccfa53e7d6b6cda,team_total_alt,over,BOS,4.5,draftkings,330,-505,oddsapi
2026-09-29T16:05:06Z,2026-09-29,NYR @ BOS,ac3cb11040dbdb0d2ccfa53e7d6b6cda,team_total_alt,under,BOS,4.5,draftkings,-505,330,oddsapi
2026-09-29T16:05:06Z,2026-09-29,NYR @ BOS,ac3cb11040dbdb0d2ccfa53e7d6b6cda,team_total_alt,over,BOS,5.5,draftkings,750,-1600,oddsapi
2026-09-29T16:05:06Z,2026-09-29,NYR @ BOS,ac3cb11040dbdb0d2ccfa53e7d6b6cda,team_total_alt,under,BOS,5.5,draftkings,-1600,750,oddsapi
2026-09-29T16:05:06Z,2026-09-29,NYR @ BOS,ac3cb11040dbdb0d2ccfa53e7d6b6cda,team_total_alt,over,NYR,0.5,draftkings,-4500,1200,oddsapi
2026-09-29T16:05:06Z,2026-09-29,NYR @ BOS,ac3cb11040dbdb0d2ccfa53e7d6b6cda,team_total_alt,under,NYR,0.5,draftkings,1200,-4500,oddsapi
2026-09-29T16:05:06Z,2026-09-29,NYR @ BOS,ac3cb11040dbdb0d2ccfa53e7d6b6cda,team_total_alt,over,NYR,1.5,draftkings,-550,350,oddsapi
2026-09-29T16:05:06Z,2026-09-29,NYR @ BOS,ac3cb11040dbdb0d2ccfa53e7d6b6cda,team_total_alt,under,NYR,1.5,draftkings,350,-550,oddsapi
2026-09-29T16:05:06Z,2026-09-29,NYR @ BOS,ac3cb11040dbdb0d2ccfa53e7d6b6cda,team_total_alt,over,NYR,2.5,draftkings,-180,140,oddsapi
2026-09-29T16:05:06Z,2026-09-29,NYR @ BOS,ac3cb11040dbdb0d2ccfa53e7d6b6cda,team_total_alt,under,NYR,2.5,draftkings,140,-180,oddsapi
2026-09-29T16:05:06Z,2026-09-29,NYR @ BOS,ac3cb11040dbdb0d2ccfa53e7d6b6cda,team_total_alt,over,NYR,3.5,draftkings,135,-175,oddsapi
2026-09-29T16:05:06Z,2026-09-29,NYR @ BOS,ac3cb11040dbdb0d2ccfa53e7d6b6cda,team_total_alt,under,NYR,3.5,draftkings,-175,135,oddsapi
2026-09-29T16:05:06Z,2026-09-29,NYR @ BOS,ac3cb11040dbdb0d2ccfa53e7d6b6cda,team_total_alt,over,NYR,4.5,draftkings,300,-450,oddsapi
2026-09-29T16:05:06Z,2026-09-29,NYR @ BOS,ac3cb11040dbdb0d2ccfa53e7d6b6cda,team_total_alt,under,NYR,4.5,draftkings,-450,300,oddsapi
2026-09-29T16:05:06Z,2026-09-29,NYR @ BOS,ac3cb11040dbdb0d2ccfa53e7d6b6cda,team_total_alt,over,NYR,5.5,draftkings,750,-1600,oddsapi
2026-09-29T16:05:06Z,2026-09-29,NYR @ BOS,ac3cb11040dbdb0d2ccfa53e7d6b6cda,team_total_alt,under,NYR,5.5,draftkings,-1600,750,oddsapi
2026-09-29T16:05:06Z,2026-09-29,NYR @ BOS,ac3cb11040dbdb0d2ccfa53e7d6b6cda,game_total_alt,over,,3.5,draftkings,-800,460,oddsapi
2026-09-29T16:05:06Z,2026-09-29,NYR @ BOS,ac3cb11040dbdb0d2ccfa53e7d6b6cda,game_total_alt,over,,4.5,draftkings,-410,275,oddsapi
2026-09-29T16:05:06Z,2026-09-29,NYR @ BOS,ac3cb11040dbdb0d2ccfa53e7d6b6cda,game_total_alt,over,,6.5,draftkings,110,-150,oddsapi
2026-09-29T16:05:06Z,2026-09-29,NYR @ BOS,ac3cb11040dbdb0d2ccfa53e7d6b6cda,game_total_alt,over,,7.5,draftkings,255,-370,oddsapi
2026-09-29T16:05:06Z,2026-09-29,NYR @ BOS,ac3cb11040dbdb0d2ccfa53e7d6b6cda,game_total_alt,over,,8.5,draftkings,390,-630,oddsapi
2026-09-29T16:05:06Z,2026-09-29,NYR @ BOS,ac3cb11040dbdb0d2ccfa53e7d6b6cda,game_total_alt,over,,9.5,draftkings,850,-2000,oddsapi
2026-09-29T16:05:06Z,2026-09-29,NYR @ BOS,ac3cb11040dbdb0d2ccfa53e7d6b6cda,game_total_alt,under,,3.5,draftkings,460,-800,oddsapi
2026-09-29T16:05:06Z,2026-09-29,NYR @ BOS,ac3cb11040dbdb0d2ccfa53e7d6b6cda,game_total_alt,under,,4.5,draftkings,275,-410,oddsapi
2026-09-29T16:05:06Z,2026-09-29,NYR @ BOS,ac3cb11040dbdb0d2ccfa53e7d6b6cda,game_total_alt,under,,6.5,draftkings,-150,110,oddsapi
2026-09-29T16:05:06Z,2026-09-29,NYR @ BOS,ac3cb11040dbdb0d2ccfa53e7d6b6cda,game_total_alt,under,,7.5,draftkings,-370,255,oddsapi
2026-09-29T16:05:06Z,2026-09-29,NYR @ BOS,ac3cb11040dbdb0d2ccfa53e7d6b6cda,game_total_alt,under,,8.5,draftkings,-630,390,oddsapi
2026-09-29T16:05:06Z,2026-09-29,NYR @ BOS,ac3cb11040dbdb0d2ccfa53e7d6b6cda,game_total_alt,under,,9.5,draftkings,-2000,850,oddsapi
2026-09-29T16:05:06Z,2026-09-29,NYR @ BOS,ac3cb11040dbdb0d2ccfa53e7d6b6cda,game_ml3,BOS,,,draftkings,140,,oddsapi
2026-09-29T16:05:06Z,2026-09-29,NYR @ BOS,ac3cb11040dbdb0d2ccfa53e7d6b6cda,game_ml3,NYR,,,draftkings,135,,oddsapi
2026-09-29T16:05:06Z,2026-09-29,NYR @ BOS,ac3cb11040dbdb0d2ccfa53e7d6b6cda,game_ml3,draw,,,draftkings,310,,oddsapi
2026-09-29T16:05:06Z,2026-09-29,NYR @ BOS,ac3cb11040dbdb0d2ccfa53e7d6b6cda,p1_ml3,BOS,,,draftkings,185,,oddsapi
2026-09-29T16:05:06Z,2026-09-29,NYR @ BOS,ac3cb11040dbdb0d2ccfa53e7d6b6cda,p1_ml3,NYR,,,draftkings,175,,oddsapi
2026-09-29T16:05:06Z,2026-09-29,NYR @ BOS,ac3cb11040dbdb0d2ccfa53e7d6b6cda,p1_ml3,draw,,,draftkings,180,,oddsapi
2026-09-29T16:05:06Z,2026-09-29,NYR @ BOS,ac3cb11040dbdb0d2ccfa53e7d6b6cda,p2_ml3,BOS,,,draftkings,170,,oddsapi
2026-09-29T16:05:06Z,2026-09-29,NYR @ BOS,ac3cb11040dbdb0d2ccfa53e7d6b6cda,p2_ml3,NYR,,,draftkings,170,,oddsapi
2026-09-29T16:05:06Z,2026-09-29,NYR @ BOS,ac3cb11040dbdb0d2ccfa53e7d6b6cda,p2_ml3,draw,,,draftkings,200,,oddsapi
2026-09-29T16:05:06Z,2026-09-29,NYR @ BOS,ac3cb11040dbdb0d2ccfa53e7d6b6cda,p3_ml3,BOS,,,draftkings,160,,oddsapi
2026-09-29T16:05:06Z,2026-09-29,NYR @ BOS,ac3cb11040dbdb0d2ccfa53e7d6b6cda,p3_ml3,NYR,,,draftkings,155,,oddsapi
2026-09-29T16:05:06Z,2026-09-29,NYR @ BOS,ac3cb11040dbdb0d2ccfa53e7d6b6cda,p3_ml3,draw,,,draftkings,235,,oddsapi
2026-09-29T16:05:06Z,2026-09-29,NYR @ BOS,ac3cb11040dbdb0d2ccfa53e7d6b6cda,sk_a,over,Adam Fox,0.5,draftkings,-105,-125,oddsapi
2026-09-29T16:05:06Z,2026-09-29,NYR @ BOS,ac3cb11040dbdb0d2ccfa53e7d6b6cda,sk_a,under,Adam Fox,0.5,draftkings,-125,-105,oddsapi
2026-09-29T16:05:06Z,2026-09-29,NYR @ BOS,ac3cb11040dbdb0d2ccfa53e7d6b6cda,sk_a,over,David Pastrnak,0.5,draftkings,-105,-130,oddsapi
2026-09-29T16:05:06Z,2026-09-29,NYR @ BOS,ac3cb11040dbdb0d2ccfa53e7d6b6cda,sk_a,under,David Pastrnak,0.5,draftkings,-130,-105,oddsapi
2026-09-29T16:05:06Z,2026-09-29,NYR @ BOS,ac3cb11040dbdb0d2ccfa53e7d6b6cda,sk_a,over,J.T. Miller,0.5,draftkings,130,-175,oddsapi
2026-09-29T16:05:06Z,2026-09-29,NYR @ BOS,ac3cb11040dbdb0d2ccfa53e7d6b6cda,sk_a,under,J.T. Miller,0.5,draftkings,-175,130,oddsapi
2026-09-29T16:05:06Z,2026-09-29,NYR @ BOS,ac3cb11040dbdb0d2ccfa53e7d6b6cda,sk_a,over,Mika Zibanejad,0.5,draftkings,130,-175,oddsapi
2026-09-29T16:05:06Z,2026-09-29,NYR @ BOS,ac3cb11040dbdb0d2ccfa53e7d6b6cda,sk_a,under,Mika Zibanejad,0.5,draftkings,-175,130,oddsapi
2026-09-29T16:05:06Z,2026-09-29,NYR @ BOS,ac3cb11040dbdb0d2ccfa53e7d6b6cda,sk_a,over,Hampus Lindholm,0.5,draftkings,140,-185,oddsapi
2026-09-29T16:05:06Z,2026-09-29,NYR @ BOS,ac3cb11040dbdb0d2ccfa53e7d6b6cda,sk_a,under,Hampus Lindholm,0.5,draftkings,-185,140,oddsapi
2026-09-29T16:05:06Z,2026-09-29,NYR @ BOS,ac3cb11040dbdb0d2ccfa53e7d6b6cda,sk_a,over,Pavel Zacha,0.5,draftkings,165,-220,oddsapi
2026-09-29T16:05:06Z,2026-09-29,NYR @ BOS,ac3cb11040dbdb0d2ccfa53e7d6b6cda,sk_a,under,Pavel Zacha,0.5,draftkings,-220,165,oddsapi
2026-09-29T16:05:06Z,2026-09-29,NYR @ BOS,ac3cb11040dbdb0d2ccfa53e7d6b6cda,sk_a,over,Alexis Lafrenière,0.5,draftkings,170,-235,oddsapi
2026-09-29T16:05:06Z,2026-09-29,NYR @ BOS,ac3cb11040dbdb0d2ccfa53e7d6b6cda,sk_a,under,Alexis Lafrenière,0.5,draftkings,-235,170,oddsapi
2026-09-29T16:05:06Z,2026-09-29,NYR @ BOS,ac3cb11040dbdb0d2ccfa53e7d6b6cda,sk_a,over,Morgan Geekie,0.5,draftkings,200,-275,oddsapi
2026-09-29T16:05:06Z,2026-09-29,NYR @ BOS,ac3cb11040dbdb0d2ccfa53e7d6b6cda,sk_a,under,Morgan Geekie,0.5,draftkings,-275,200,oddsapi
2026-09-29T16:05:06Z,2026-09-29,NYR @ BOS,ac3cb11040dbdb0d2ccfa53e7d6b6cda,sk_a,over,Sean Durzi,0.5,draftkings,205,-285,oddsapi
2026-09-29T16:05:06Z,2026-09-29,NYR @ BOS,ac3cb11040dbdb0d2ccfa53e7d6b6cda,sk_a,under,Sean Durzi,0.5,draftkings,-285,205,oddsapi
2026-09-29T16:05:06Z,2026-09-29,NYR @ BOS,ac3cb11040dbdb0d2ccfa53e7d6b6cda,sk_a,over,JJ Peterka,0.5,draftkings,225,-310,oddsapi
2026-09-29T16:05:06Z,2026-09-29,NYR @ BOS,ac3cb11040dbdb0d2ccfa53e7d6b6cda,sk_a,under,JJ Peterka,0.5,draftkings,-310,225,oddsapi
2026-09-29T16:05:06Z,2026-09-29,NYR @ BOS,ac3cb11040dbdb0d2ccfa53e7d6b6cda,sk_a,over,Elias Lindholm,0.5,draftkings,230,-320,oddsapi
2026-09-29T16:05:06Z,2026-09-29,NYR @ BOS,ac3cb11040dbdb0d2ccfa53e7d6b6cda,sk_a,under,Elias Lindholm,0.5,draftkings,-320,230,oddsapi
2026-09-29T16:05:06Z,2026-09-29,NYR @ BOS,ac3cb11040dbdb0d2ccfa53e7d6b6cda,sk_a,over,Pavel Dorofeyev,0.5,draftkings,235,-330,oddsapi
2026-09-29T16:05:06Z,2026-09-29,NYR @ BOS,ac3cb11040dbdb0d2ccfa53e7d6b6cda,sk_a,under,Pavel Dorofeyev,0.5,draftkings,-330,235,oddsapi
2026-09-29T16:05:06Z,2026-09-29,NYR @ BOS,ac3cb11040dbdb0d2ccfa53e7d6b6cda,sk_a,over,Casey Mittelstadt,0.5,draftkings,240,-340,oddsapi
2026-09-29T16:05:06Z,2026-09-29,NYR @ BOS,ac3cb11040dbdb0d2ccfa53e7d6b6cda,sk_a,under,Casey Mittelstadt,0.5,draftkings,-340,240,oddsapi
2026-09-29T16:05:06Z,2026-09-29,NYR @ BOS,ac3cb11040dbdb0d2ccfa53e7d6b6cda,sk_a,over,Vladislav Gavrikov,0.5,draftkings,280,-400,oddsapi
2026-09-29T16:05:06Z,2026-09-29,NYR @ BOS,ac3cb11040dbdb0d2ccfa53e7d6b6cda,sk_a,under,Vladislav Gavrikov,0.5,draftkings,-400,280,oddsapi
2026-09-29T16:05:06Z,2026-09-29,NYR @ BOS,ac3cb11040dbdb0d2ccfa53e7d6b6cda,sk_a,over,James Hagens,0.5,draftkings,300,-425,oddsapi
2026-09-29T16:05:06Z,2026-09-29,NYR @ BOS,ac3cb11040dbdb0d2ccfa53e7d6b6cda,sk_a,under,James Hagens,0.5,draftkings,-425,300,oddsapi
2026-09-29T16:05:06Z,2026-09-29,NYR @ BOS,ac3cb11040dbdb0d2ccfa53e7d6b6cda,sk_a,over,Gabe Perreault,0.5,draftkings,310,-450,oddsapi
2026-09-29T16:05:06Z,2026-09-29,NYR @ BOS,ac3cb11040dbdb0d2ccfa53e7d6b6cda,sk_a,under,Gabe Perreault,0.5,draftkings,-450,310,oddsapi
2026-09-29T16:05:06Z,2026-09-29,NYR @ BOS,ac3cb11040dbdb0d2ccfa53e7d6b6cda,sk_a,over,Nikita Zadorov,0.5,draftkings,310,-450,oddsapi
2026-09-29T16:05:06Z,2026-09-29,NYR @ BOS,ac3cb11040dbdb0d2ccfa53e7d6b6cda,sk_a,under,Nikita Zadorov,0.5,draftkings,-450,310,oddsapi
2026-09-29T16:05:06Z,2026-09-29,NYR @ BOS,ac3cb11040dbdb0d2ccfa53e7d6b6cda,sk_a,over,Oliver Bjorkstrand,0.5,draftkings,330,-475,oddsapi
2026-09-29T16:05:06Z,2026-09-29,NYR @ BOS,ac3cb11040dbdb0d2ccfa53e7d6b6cda,sk_a,under,Oliver Bjorkstrand,0.5,draftkings,-475,330,oddsapi
2026-09-29T16:05:06Z,2026-09-29,NYR @ BOS,ac3cb11040dbdb0d2ccfa53e7d6b6cda,sk_a,over,Marcus Pettersson,0.5,draftkings,340,-500,oddsapi
2026-09-29T16:05:06Z,2026-09-29,NYR @ BOS,ac3cb11040dbdb0d2ccfa53e7d6b6cda,sk_a,under,Marcus Pettersson,0.5,draftkings,-500,340,oddsapi
2026-09-29T16:05:06Z,2026-09-29,NYR @ BOS,ac3cb11040dbdb0d2ccfa53e7d6b6cda,sk_a,over,Fraser Minten,0.5,draftkings,350,-500,oddsapi
2026-09-29T16:05:06Z,2026-09-29,NYR @ BOS,ac3cb11040dbdb0d2ccfa53e7d6b6cda,sk_a,under,Fraser Minten,0.5,draftkings,-500,350,oddsapi
2026-09-29T16:05:06Z,2026-09-29,NYR @ BOS,ac3cb11040dbdb0d2ccfa53e7d6b6cda,sk_a,over,Eeli Tolvanen,0.5,draftkings,370,-550,oddsapi
2026-09-29T16:05:06Z,2026-09-29,NYR @ BOS,ac3cb11040dbdb0d2ccfa53e7d6b6cda,sk_a,under,Eeli Tolvanen,0.5,draftkings,-550,370,oddsapi
2026-09-29T16:05:06Z,2026-09-29,NYR @ BOS,ac3cb11040dbdb0d2ccfa53e7d6b6cda,sk_a,over,Will Cuylle,0.5,draftkings,370,-550,oddsapi
2026-09-29T16:05:06Z,2026-09-29,NYR @ BOS,ac3cb11040dbdb0d2ccfa53e7d6b6cda,sk_a,under,Will Cuylle,0.5,draftkings,-550,370,oddsapi
2026-09-29T16:05:06Z,2026-09-29,NYR @ BOS,ac3cb11040dbdb0d2ccfa53e7d6b6cda,sk_a,over,Marat Khusnutdinov,0.5,draftkings,390,-575,oddsapi
2026-09-29T16:05:06Z,2026-09-29,NYR @ BOS,ac3cb11040dbdb0d2ccfa53e7d6b6cda,sk_a,under,Marat Khusnutdinov,0.5,draftkings,-575,390,oddsapi
2026-09-29T16:05:06Z,2026-09-29,NYR @ BOS,ac3cb11040dbdb0d2ccfa53e7d6b6cda,sk_a,over,Noah Laba,0.5,draftkings,425,-650,oddsapi
2026-09-29T16:05:06Z,2026-09-29,NYR @ BOS,ac3cb11040dbdb0d2ccfa53e7d6b6cda,sk_a,under,Noah Laba,0.5,draftkings,-650,425,oddsapi
2026-09-29T16:05:06Z,2026-09-29,NYR @ BOS,ac3cb11040dbdb0d2ccfa53e7d6b6cda,ags,yes,David Pastrnak,,draftkings,140,,oddsapi
2026-09-29T16:05:06Z,2026-09-29,NYR @ BOS,ac3cb11040dbdb0d2ccfa53e7d6b6cda,ags,yes,Pavel Dorofeyev,,draftkings,170,,oddsapi
2026-09-29T16:05:06Z,2026-09-29,NYR @ BOS,ac3cb11040dbdb0d2ccfa53e7d6b6cda,ags,yes,Mika Zibanejad,,draftkings,185,,oddsapi
2026-09-29T16:05:06Z,2026-09-29,NYR @ BOS,ac3cb11040dbdb0d2ccfa53e7d6b6cda,ags,yes,Morgan Geekie,,draftkings,185,,oddsapi
2026-09-29T16:05:06Z,2026-09-29,NYR @ BOS,ac3cb11040dbdb0d2ccfa53e7d6b6cda,ags,yes,JJ Peterka,,draftkings,195,,oddsapi
2026-09-29T16:05:06Z,2026-09-29,NYR @ BOS,ac3cb11040dbdb0d2ccfa53e7d6b6cda,ags,yes,Alexis Lafrenière,,draftkings,245,,oddsapi
2026-09-29T16:05:06Z,2026-09-29,NYR @ BOS,ac3cb11040dbdb0d2ccfa53e7d6b6cda,ags,yes,Pavel Zacha,,draftkings,275,,oddsapi
2026-09-29T16:05:06Z,2026-09-29,NYR @ BOS,ac3cb11040dbdb0d2ccfa53e7d6b6cda,ags,yes,J.T. Miller,,draftkings,285,,oddsapi
2026-09-29T16:05:06Z,2026-09-29,NYR @ BOS,ac3cb11040dbdb0d2ccfa53e7d6b6cda,ags,yes,Will Cuylle,,draftkings,310,,oddsapi
2026-09-29T16:05:06Z,2026-09-29,NYR @ BOS,ac3cb11040dbdb0d2ccfa53e7d6b6cda,ags,yes,Fraser Minten,,draftkings,330,,oddsapi
2026-09-29T16:05:06Z,2026-09-29,NYR @ BOS,ac3cb11040dbdb0d2ccfa53e7d6b6cda,ags,yes,Gabe Perreault,,draftkings,340,,oddsapi
2026-09-29T16:05:06Z,2026-09-29,NYR @ BOS,ac3cb11040dbdb0d2ccfa53e7d6b6cda,ags,yes,Casey Mittelstadt,,draftkings,380,,oddsapi
2026-09-29T16:05:06Z,2026-09-29,NYR @ BOS,ac3cb11040dbdb0d2ccfa53e7d6b6cda,ags,yes,Elias Lindholm,,draftkings,400,,oddsapi
2026-09-29T16:05:06Z,2026-09-29,NYR @ BOS,ac3cb11040dbdb0d2ccfa53e7d6b6cda,ags,yes,Eeli Tolvanen,,draftkings,400,,oddsapi
2026-09-29T16:05:06Z,2026-09-29,NYR @ BOS,ac3cb11040dbdb0d2ccfa53e7d6b6cda,ags,yes,James Hagens,,draftkings,400,,oddsapi
2026-09-29T16:05:06Z,2026-09-29,NYR @ BOS,ac3cb11040dbdb0d2ccfa53e7d6b6cda,ags,yes,Adam Fox,,draftkings,400,,oddsapi
2026-09-29T16:05:06Z,2026-09-29,NYR @ BOS,ac3cb11040dbdb0d2ccfa53e7d6b6cda,ags,yes,Oliver Bjorkstrand,,draftkings,450,,oddsapi
2026-09-29T16:05:06Z,2026-09-29,NYR @ BOS,ac3cb11040dbdb0d2ccfa53e7d6b6cda,ags,yes,Marat Khusnutdinov,,draftkings,600,,oddsapi
2026-09-29T16:05:06Z,2026-09-29,NYR @ BOS,ac3cb11040dbdb0d2ccfa53e7d6b6cda,ags,yes,Mark Kastelic,,draftkings,650,,oddsapi
2026-09-29T16:05:06Z,2026-09-29,NYR @ BOS,ac3cb11040dbdb0d2ccfa53e7d6b6cda,ags,yes,Hampus Lindholm,,draftkings,650,,oddsapi
2026-09-29T16:05:06Z,2026-09-29,NYR @ BOS,ac3cb11040dbdb0d2ccfa53e7d6b6cda,ags,yes,Tye Kartye,,draftkings,750,,oddsapi
2026-09-29T16:05:06Z,2026-09-29,NYR @ BOS,ac3cb11040dbdb0d2ccfa53e7d6b6cda,ags,yes,Noah Laba,,draftkings,750,,oddsapi
2026-09-29T16:05:06Z,2026-09-29,NYR @ BOS,ac3cb11040dbdb0d2ccfa53e7d6b6cda,ags,yes,Sean Durzi,,draftkings,800,,oddsapi
2026-09-29T16:05:06Z,2026-09-29,NYR @ BOS,ac3cb11040dbdb0d2ccfa53e7d6b6cda,ags,yes,Tanner Jeannot,,draftkings,900,,oddsapi
2026-09-29T16:05:06Z,2026-09-29,NYR @ BOS,ac3cb11040dbdb0d2ccfa53e7d6b6cda,ags,yes,Joe Veleno,,draftkings,900,,oddsapi
2026-09-29T16:05:06Z,2026-09-29,NYR @ BOS,ac3cb11040dbdb0d2ccfa53e7d6b6cda,ags,yes,Sean Kuraly,,draftkings,950,,oddsapi
2026-09-29T16:05:06Z,2026-09-29,NYR @ BOS,ac3cb11040dbdb0d2ccfa53e7d6b6cda,ags,yes,Mason Lohrei,,draftkings,1000,,oddsapi
2026-09-29T16:05:06Z,2026-09-29,NYR @ BOS,ac3cb11040dbdb0d2ccfa53e7d6b6cda,ags,yes,Vladislav Gavrikov,,draftkings,1000,,oddsapi
2026-09-29T16:05:06Z,2026-09-29,NYR @ BOS,ac3cb11040dbdb0d2ccfa53e7d6b6cda,ags,yes,Alberts Smits,,draftkings,1000,,oddsapi
2026-09-29T16:05:06Z,2026-09-29,NYR @ BOS,ac3cb11040dbdb0d2ccfa53e7d6b6cda,ags,yes,Matt Rempe,,draftkings,1100,,oddsapi
2026-09-29T16:05:06Z,2026-09-29,NYR @ BOS,ac3cb11040dbdb0d2ccfa53e7d6b6cda,ags,yes,Marcus Pettersson,,draftkings,1300,,oddsapi
2026-09-29T16:05:06Z,2026-09-29,NYR @ BOS,ac3cb11040dbdb0d2ccfa53e7d6b6cda,ags,yes,Will Borgen,,draftkings,1500,,oddsapi
2026-09-29T16:05:06Z,2026-09-29,NYR @ BOS,ac3cb11040dbdb0d2ccfa53e7d6b6cda,ags,yes,Braden Schneider,,draftkings,1500,,oddsapi
2026-09-29T16:05:06Z,2026-09-29,NYR @ BOS,ac3cb11040dbdb0d2ccfa53e7d6b6cda,ags,yes,Nikita Zadorov,,draftkings,1600,,oddsapi
2026-09-29T16:05:06Z,2026-09-29,NYR @ BOS,ac3cb11040dbdb0d2ccfa53e7d6b6cda,ags,yes,Connor Clifton,,draftkings,1700,,oddsapi
2026-09-29T16:05:06Z,2026-09-29,NYR @ BOS,ac3cb11040dbdb0d2ccfa53e7d6b6cda,ags,yes,Jonathan Aspirot,,draftkings,2000,,oddsapi
2026-09-29T16:05:06Z,2026-09-29,NYR @ BOS,ac3cb11040dbdb0d2ccfa53e7d6b6cda,fgs,yes,David Pastrnak,,draftkings,900,,oddsapi
2026-09-29T16:05:06Z,2026-09-29,NYR @ BOS,ac3cb11040dbdb0d2ccfa53e7d6b6cda,fgs,yes,Pavel Dorofeyev,,draftkings,1100,,oddsapi
2026-09-29T16:05:06Z,2026-09-29,NYR @ BOS,ac3cb11040dbdb0d2ccfa53e7d6b6cda,fgs,yes,JJ Peterka,,draftkings,1200,,oddsapi
2026-09-29T16:05:06Z,2026-09-29,NYR @ BOS,ac3cb11040dbdb0d2ccfa53e7d6b6cda,fgs,yes,Morgan Geekie,,draftkings,1200,,oddsapi
2026-09-29T16:05:06Z,2026-09-29,NYR @ BOS,ac3cb11040dbdb0d2ccfa53e7d6b6cda,fgs,yes,Mika Zibanejad,,draftkings,1200,,oddsapi
2026-09-29T16:05:06Z,2026-09-29,NYR @ BOS,ac3cb11040dbdb0d2ccfa53e7d6b6cda,fgs,yes,Alexis Lafrenière,,draftkings,1300,,oddsapi
2026-09-29T16:05:06Z,2026-09-29,NYR @ BOS,ac3cb11040dbdb0d2ccfa53e7d6b6cda,fgs,yes,Gabe Perreault,,draftkings,1700,,oddsapi
2026-09-29T16:05:06Z,2026-09-29,NYR @ BOS,ac3cb11040dbdb0d2ccfa53e7d6b6cda,fgs,yes,Pavel Zacha,,draftkings,1800,,oddsapi
2026-09-29T16:05:06Z,2026-09-29,NYR @ BOS,ac3cb11040dbdb0d2ccfa53e7d6b6cda,fgs,yes,J.T. Miller,,draftkings,2000,,oddsapi
2026-09-29T16:05:06Z,2026-09-29,NYR @ BOS,ac3cb11040dbdb0d2ccfa53e7d6b6cda,fgs,yes,Will Cuylle,,draftkings,2000,,oddsapi
2026-09-29T16:05:06Z,2026-09-29,NYR @ BOS,ac3cb11040dbdb0d2ccfa53e7d6b6cda,fgs,yes,Elias Lindholm,,draftkings,2000,,oddsapi
2026-09-29T16:05:06Z,2026-09-29,NYR @ BOS,ac3cb11040dbdb0d2ccfa53e7d6b6cda,fgs,yes,Fraser Minten,,draftkings,2000,,oddsapi
2026-09-29T16:05:06Z,2026-09-29,NYR @ BOS,ac3cb11040dbdb0d2ccfa53e7d6b6cda,fgs,yes,Eeli Tolvanen,,draftkings,2200,,oddsapi
2026-09-29T16:05:06Z,2026-09-29,NYR @ BOS,ac3cb11040dbdb0d2ccfa53e7d6b6cda,fgs,yes,Adam Fox,,draftkings,2500,,oddsapi
2026-09-29T16:05:06Z,2026-09-29,NYR @ BOS,ac3cb11040dbdb0d2ccfa53e7d6b6cda,fgs,yes,Casey Mittelstadt,,draftkings,2500,,oddsapi
2026-09-29T16:05:06Z,2026-09-29,NYR @ BOS,ac3cb11040dbdb0d2ccfa53e7d6b6cda,fgs,yes,James Hagens,,draftkings,2500,,oddsapi
2026-09-29T16:05:06Z,2026-09-29,NYR @ BOS,ac3cb11040dbdb0d2ccfa53e7d6b6cda,fgs,yes,Oliver Bjorkstrand,,draftkings,2800,,oddsapi
2026-09-29T16:05:06Z,2026-09-29,NYR @ BOS,ac3cb11040dbdb0d2ccfa53e7d6b6cda,fgs,yes,Mark Kastelic,,draftkings,3500,,oddsapi
2026-09-29T16:05:06Z,2026-09-29,NYR @ BOS,ac3cb11040dbdb0d2ccfa53e7d6b6cda,fgs,yes,Hampus Lindholm,,draftkings,3500,,oddsapi
2026-09-29T16:05:06Z,2026-09-29,NYR @ BOS,ac3cb11040dbdb0d2ccfa53e7d6b6cda,fgs,yes,Marat Khusnutdinov,,draftkings,3500,,oddsapi
2026-09-29T16:05:06Z,2026-09-29,NYR @ BOS,ac3cb11040dbdb0d2ccfa53e7d6b6cda,fgs,yes,Tye Kartye,,draftkings,4000,,oddsapi
2026-09-29T16:05:06Z,2026-09-29,NYR @ BOS,ac3cb11040dbdb0d2ccfa53e7d6b6cda,fgs,yes,Noah Laba,,draftkings,4000,,oddsapi
2026-09-29T16:05:06Z,2026-09-29,NYR @ BOS,ac3cb11040dbdb0d2ccfa53e7d6b6cda,fgs,yes,Joe Veleno,,draftkings,4500,,oddsapi
2026-09-29T16:05:06Z,2026-09-29,NYR @ BOS,ac3cb11040dbdb0d2ccfa53e7d6b6cda,fgs,yes,Sean Kuraly,,draftkings,4500,,oddsapi
2026-09-29T16:05:06Z,2026-09-29,NYR @ BOS,ac3cb11040dbdb0d2ccfa53e7d6b6cda,fgs,yes,Vladislav Gavrikov,,draftkings,5000,,oddsapi
2026-09-29T16:05:06Z,2026-09-29,NYR @ BOS,ac3cb11040dbdb0d2ccfa53e7d6b6cda,fgs,yes,Tanner Jeannot,,draftkings,5000,,oddsapi
2026-09-29T16:05:06Z,2026-09-29,NYR @ BOS,ac3cb11040dbdb0d2ccfa53e7d6b6cda,fgs,yes,Sean Durzi,,draftkings,5000,,oddsapi
2026-09-29T16:05:06Z,2026-09-29,NYR @ BOS,ac3cb11040dbdb0d2ccfa53e7d6b6cda,fgs,yes,Mason Lohrei,,draftkings,5500,,oddsapi
2026-09-29T16:05:06Z,2026-09-29,NYR @ BOS,ac3cb11040dbdb0d2ccfa53e7d6b6cda,fgs,yes,Alberts Smits,,draftkings,5500,,oddsapi
2026-09-29T16:05:06Z,2026-09-29,NYR @ BOS,ac3cb11040dbdb0d2ccfa53e7d6b6cda,fgs,yes,Matt Rempe,,draftkings,6000,,oddsapi
2026-09-29T16:05:06Z,2026-09-29,NYR @ BOS,ac3cb11040dbdb0d2ccfa53e7d6b6cda,fgs,yes,Will Borgen,,draftkings,6500,,oddsapi
2026-09-29T16:05:06Z,2026-09-29,NYR @ BOS,ac3cb11040dbdb0d2ccfa53e7d6b6cda,fgs,yes,Marcus Pettersson,,draftkings,7500,,oddsapi
2026-09-29T16:05:06Z,2026-09-29,NYR @ BOS,ac3cb11040dbdb0d2ccfa53e7d6b6cda,fgs,yes,Nikita Zadorov,,draftkings,7500,,oddsapi
2026-09-29T16:05:06Z,2026-09-29,NYR @ BOS,ac3cb11040dbdb0d2ccfa53e7d6b6cda,fgs,yes,Braden Schneider,,draftkings,8000,,oddsapi
2026-09-29T16:05:06Z,2026-09-29,NYR @ BOS,ac3cb11040dbdb0d2ccfa53e7d6b6cda,fgs,yes,Connor Clifton,,draftkings,8000,,oddsapi
2026-09-29T16:05:06Z,2026-09-29,NYR @ BOS,ac3cb11040dbdb0d2ccfa53e7d6b6cda,fgs,yes,Jonathan Aspirot,,draftkings,9000,,oddsapi
2026-09-29T16:05:06Z,2026-09-29,NYR @ BOS,ac3cb11040dbdb0d2ccfa53e7d6b6cda,lgs,yes,David Pastrnak,,draftkings,850,,oddsapi
2026-09-29T16:05:06Z,2026-09-29,NYR @ BOS,ac3cb11040dbdb0d2ccfa53e7d6b6cda,lgs,yes,Morgan Geekie,,draftkings,1000,,oddsapi
2026-09-29T16:05:06Z,2026-09-29,NYR @ BOS,ac3cb11040dbdb0d2ccfa53e7d6b6cda,lgs,yes,Pavel Dorofeyev,,draftkings,1000,,oddsapi
2026-09-29T16:05:06Z,2026-09-29,NYR @ BOS,ac3cb11040dbdb0d2ccfa53e7d6b6cda,lgs,yes,JJ Peterka,,draftkings,1100,,oddsapi
2026-09-29T16:05:06Z,2026-09-29,NYR @ BOS,ac3cb11040dbdb0d2ccfa53e7d6b6cda,lgs,yes,Mika Zibanejad,,draftkings,1100,,oddsapi
2026-09-29T16:05:06Z,2026-09-29,NYR @ BOS,ac3cb11040dbdb0d2ccfa53e7d6b6cda,lgs,yes,Alexis Lafrenière,,draftkings,1300,,oddsapi
2026-09-29T16:05:06Z,2026-09-29,NYR @ BOS,ac3cb11040dbdb0d2ccfa53e7d6b6cda,lgs,yes,Will Cuylle,,draftkings,1400,,oddsapi
2026-09-29T16:05:06Z,2026-09-29,NYR @ BOS,ac3cb11040dbdb0d2ccfa53e7d6b6cda,lgs,yes,J.T. Miller,,draftkings,1500,,oddsapi
2026-09-29T16:05:06Z,2026-09-29,NYR @ BOS,ac3cb11040dbdb0d2ccfa53e7d6b6cda,lgs,yes,Pavel Zacha,,draftkings,1500,,oddsapi
2026-09-29T16:05:06Z,2026-09-29,NYR @ BOS,ac3cb11040dbdb0d2ccfa53e7d6b6cda,lgs,yes,Fraser Minten,,draftkings,1600,,oddsapi
2026-09-29T16:05:06Z,2026-09-29,NYR @ BOS,ac3cb11040dbdb0d2ccfa53e7d6b6cda,lgs,yes,Gabe Perreault,,draftkings,1600,,oddsapi
2026-09-29T16:05:06Z,2026-09-29,NYR @ BOS,ac3cb11040dbdb0d2ccfa53e7d6b6cda,lgs,yes,Eeli Tolvanen,,draftkings,1800,,oddsapi
2026-09-29T16:05:06Z,2026-09-29,NYR @ BOS,ac3cb11040dbdb0d2ccfa53e7d6b6cda,lgs,yes,Casey Mittelstadt,,draftkings,1800,,oddsapi
2026-09-29T16:05:06Z,2026-09-29,NYR @ BOS,ac3cb11040dbdb0d2ccfa53e7d6b6cda,lgs,yes,James Hagens,,draftkings,1900,,oddsapi
2026-09-29T16:05:06Z,2026-09-29,NYR @ BOS,ac3cb11040dbdb0d2ccfa53e7d6b6cda,lgs,yes,Oliver Bjorkstrand,,draftkings,1900,,oddsapi
2026-09-29T16:05:06Z,2026-09-29,NYR @ BOS,ac3cb11040dbdb0d2ccfa53e7d6b6cda,lgs,yes,Adam Fox,,draftkings,1900,,oddsapi
2026-09-29T16:05:06Z,2026-09-29,NYR @ BOS,ac3cb11040dbdb0d2ccfa53e7d6b6cda,lgs,yes,Elias Lindholm,,draftkings,2000,,oddsapi
2026-09-29T16:05:06Z,2026-09-29,NYR @ BOS,ac3cb11040dbdb0d2ccfa53e7d6b6cda,lgs,yes,Marat Khusnutdinov,,draftkings,2500,,oddsapi
2026-09-29T16:05:06Z,2026-09-29,NYR @ BOS,ac3cb11040dbdb0d2ccfa53e7d6b6cda,lgs,yes,Mark Kastelic,,draftkings,2500,,oddsapi
2026-09-29T16:05:06Z,2026-09-29,NYR @ BOS,ac3cb11040dbdb0d2ccfa53e7d6b6cda,lgs,yes,Hampus Lindholm,,draftkings,2800,,oddsapi
2026-09-29T16:05:06Z,2026-09-29,NYR @ BOS,ac3cb11040dbdb0d2ccfa53e7d6b6cda,lgs,yes,Noah Laba,,draftkings,3000,,oddsapi
2026-09-29T16:05:06Z,2026-09-29,NYR @ BOS,ac3cb11040dbdb0d2ccfa53e7d6b6cda,lgs,yes,Tanner Jeannot,,draftkings,3000,,oddsapi
2026-09-29T16:05:06Z,2026-09-29,NYR @ BOS,ac3cb11040dbdb0d2ccfa53e7d6b6cda,lgs,yes,Sean Kuraly,,draftkings,3000,,oddsapi
2026-09-29T16:05:06Z,2026-09-29,NYR @ BOS,ac3cb11040dbdb0d2ccfa53e7d6b6cda,lgs,yes,Mason Lohrei,,draftkings,3000,,oddsapi
2026-09-29T16:05:06Z,2026-09-29,NYR @ BOS,ac3cb11040dbdb0d2ccfa53e7d6b6cda,lgs,yes,Joe Veleno,,draftkings,3000,,oddsapi
2026-09-29T16:05:06Z,2026-09-29,NYR @ BOS,ac3cb11040dbdb0d2ccfa53e7d6b6cda,lgs,yes,Sean Durzi,,draftkings,3000,,oddsapi
2026-09-29T16:05:06Z,2026-09-29,NYR @ BOS,ac3cb11040dbdb0d2ccfa53e7d6b6cda,lgs,yes,Tye Kartye,,draftkings,3000,,oddsapi
2026-09-29T16:05:06Z,2026-09-29,NYR @ BOS,ac3cb11040dbdb0d2ccfa53e7d6b6cda,lgs,yes,Alberts Smits,,draftkings,3500,,oddsapi
2026-09-29T16:05:06Z,2026-09-29,NYR @ BOS,ac3cb11040dbdb0d2ccfa53e7d6b6cda,lgs,yes,Matt Rempe,,draftkings,3500,,oddsapi
2026-09-29T16:05:06Z,2026-09-29,NYR @ BOS,ac3cb11040dbdb0d2ccfa53e7d6b6cda,lgs,yes,Vladislav Gavrikov,,draftkings,3500,,oddsapi
2026-09-29T16:05:06Z,2026-09-29,NYR @ BOS,ac3cb11040dbdb0d2ccfa53e7d6b6cda,lgs,yes,Marcus Pettersson,,draftkings,4000,,oddsapi
2026-09-29T16:05:06Z,2026-09-29,NYR @ BOS,ac3cb11040dbdb0d2ccfa53e7d6b6cda,lgs,yes,Braden Schneider,,draftkings,4500,,oddsapi
2026-09-29T16:05:06Z,2026-09-29,NYR @ BOS,ac3cb11040dbdb0d2ccfa53e7d6b6cda,lgs,yes,Will Borgen,,draftkings,4500,,oddsapi
2026-09-29T16:05:06Z,2026-09-29,NYR @ BOS,ac3cb11040dbdb0d2ccfa53e7d6b6cda,lgs,yes,Connor Clifton,,draftkings,5000,,oddsapi
2026-09-29T16:05:06Z,2026-09-29,NYR @ BOS,ac3cb11040dbdb0d2ccfa53e7d6b6cda,lgs,yes,Nikita Zadorov,,draftkings,5000,,oddsapi
2026-09-29T16:05:06Z,2026-09-29,NYR @ BOS,ac3cb11040dbdb0d2ccfa53e7d6b6cda,lgs,yes,Jonathan Aspirot,,draftkings,5500,,oddsapi
2026-09-29T16:05:06Z,2026-09-29,NYR @ BOS,ac3cb11040dbdb0d2ccfa53e7d6b6cda,sk_pts,over,David Pastrnak,0.5,draftkings,-230,170,oddsapi
2026-09-29T16:05:06Z,2026-09-29,NYR @ BOS,ac3cb11040dbdb0d2ccfa53e7d6b6cda,sk_pts,under,David Pastrnak,0.5,draftkings,170,-230,oddsapi
2026-09-29T16:05:06Z,2026-09-29,NYR @ BOS,ac3cb11040dbdb0d2ccfa53e7d6b6cda,sk_pts,over,Mika Zibanejad,0.5,draftkings,-160,120,oddsapi
2026-09-29T16:05:06Z,2026-09-29,NYR @ BOS,ac3cb11040dbdb0d2ccfa53e7d6b6cda,sk_pts,under,Mika Zibanejad,0.5,draftkings,120,-160,oddsapi
2026-09-29T16:05:06Z,2026-09-29,NYR @ BOS,ac3cb11040dbdb0d2ccfa53e7d6b6cda,sk_pts,over,Adam Fox,0.5,draftkings,-155,115,oddsapi
2026-09-29T16:05:06Z,2026-09-29,NYR @ BOS,ac3cb11040dbdb0d2ccfa53e7d6b6cda,sk_pts,under,Adam Fox,0.5,draftkings,115,-155,oddsapi
2026-09-29T16:05:06Z,2026-09-29,NYR @ BOS,ac3cb11040dbdb0d2ccfa53e7d6b6cda,sk_pts,over,J.T. Miller,0.5,draftkings,-135,100,oddsapi
2026-09-29T16:05:06Z,2026-09-29,NYR @ BOS,ac3cb11040dbdb0d2ccfa53e7d6b6cda,sk_pts,under,J.T. Miller,0.5,draftkings,100,-135,oddsapi
2026-09-29T16:05:06Z,2026-09-29,NYR @ BOS,ac3cb11040dbdb0d2ccfa53e7d6b6cda,sk_pts,over,Morgan Geekie,0.5,draftkings,-125,-110,oddsapi
2026-09-29T16:05:06Z,2026-09-29,NYR @ BOS,ac3cb11040dbdb0d2ccfa53e7d6b6cda,sk_pts,under,Morgan Geekie,0.5,draftkings,-110,-125,oddsapi
2026-09-29T16:05:06Z,2026-09-29,NYR @ BOS,ac3cb11040dbdb0d2ccfa53e7d6b6cda,sk_pts,over,Alexis Lafrenière,0.5,draftkings,-120,-115,oddsapi
2026-09-29T16:05:06Z,2026-09-29,NYR @ BOS,ac3cb11040dbdb0d2ccfa53e7d6b6cda,sk_pts,under,Alexis Lafrenière,0.5,draftkings,-115,-120,oddsapi
2026-09-29T16:05:06Z,2026-09-29,NYR @ BOS,ac3cb11040dbdb0d2ccfa53e7d6b6cda,sk_pts,over,Pavel Dorofeyev,0.5,draftkings,-120,-110,oddsapi
2026-09-29T16:05:06Z,2026-09-29,NYR @ BOS,ac3cb11040dbdb0d2ccfa53e7d6b6cda,sk_pts,under,Pavel Dorofeyev,0.5,draftkings,-110,-120,oddsapi
2026-09-29T16:05:06Z,2026-09-29,NYR @ BOS,ac3cb11040dbdb0d2ccfa53e7d6b6cda,sk_pts,over,Pavel Zacha,0.5,draftkings,-115,-120,oddsapi
2026-09-29T16:05:06Z,2026-09-29,NYR @ BOS,ac3cb11040dbdb0d2ccfa53e7d6b6cda,sk_pts,under,Pavel Zacha,0.5,draftkings,-120,-115,oddsapi
2026-09-29T16:05:06Z,2026-09-29,NYR @ BOS,ac3cb11040dbdb0d2ccfa53e7d6b6cda,sk_pts,over,JJ Peterka,0.5,draftkings,-110,-120,oddsapi
2026-09-29T16:05:06Z,2026-09-29,NYR @ BOS,ac3cb11040dbdb0d2ccfa53e7d6b6cda,sk_pts,under,JJ Peterka,0.5,draftkings,-120,-110,oddsapi
2026-09-29T16:05:06Z,2026-09-29,NYR @ BOS,ac3cb11040dbdb0d2ccfa53e7d6b6cda,sk_pts,over,Hampus Lindholm,0.5,draftkings,105,-140,oddsapi
2026-09-29T16:05:06Z,2026-09-29,NYR @ BOS,ac3cb11040dbdb0d2ccfa53e7d6b6cda,sk_pts,under,Hampus Lindholm,0.5,draftkings,-140,105,oddsapi
2026-09-29T16:05:06Z,2026-09-29,NYR @ BOS,ac3cb11040dbdb0d2ccfa53e7d6b6cda,sk_pts,over,Casey Mittelstadt,0.5,draftkings,135,-180,oddsapi
2026-09-29T16:05:06Z,2026-09-29,NYR @ BOS,ac3cb11040dbdb0d2ccfa53e7d6b6cda,sk_pts,under,Casey Mittelstadt,0.5,draftkings,-180,135,oddsapi
2026-09-29T16:05:06Z,2026-09-29,NYR @ BOS,ac3cb11040dbdb0d2ccfa53e7d6b6cda,sk_pts,over,Elias Lindholm,0.5,draftkings,135,-185,oddsapi
2026-09-29T16:05:06Z,2026-09-29,NYR @ BOS,ac3cb11040dbdb0d2ccfa53e7d6b6cda,sk_pts,under,Elias Lindholm,0.5,draftkings,-185,135,oddsapi
2026-09-29T16:05:06Z,2026-09-29,NYR @ BOS,ac3cb11040dbdb0d2ccfa53e7d6b6cda,sk_pts,over,Gabe Perreault,0.5,draftkings,150,-200,oddsapi
2026-09-29T16:05:06Z,2026-09-29,NYR @ BOS,ac3cb11040dbdb0d2ccfa53e7d6b6cda,sk_pts,under,Gabe Perreault,0.5,draftkings,-200,150,oddsapi
2026-09-29T16:05:06Z,2026-09-29,NYR @ BOS,ac3cb11040dbdb0d2ccfa53e7d6b6cda,sk_pts,over,Fraser Minten,0.5,draftkings,155,-215,oddsapi
2026-09-29T16:05:06Z,2026-09-29,NYR @ BOS,ac3cb11040dbdb0d2ccfa53e7d6b6cda,sk_pts,under,Fraser Minten,0.5,draftkings,-215,155,oddsapi
2026-09-29T16:05:06Z,2026-09-29,NYR @ BOS,ac3cb11040dbdb0d2ccfa53e7d6b6cda,sk_pts,over,Will Cuylle,0.5,draftkings,155,-210,oddsapi
2026-09-29T16:05:06Z,2026-09-29,NYR @ BOS,ac3cb11040dbdb0d2ccfa53e7d6b6cda,sk_pts,under,Will Cuylle,0.5,draftkings,-210,155,oddsapi
2026-09-29T16:05:06Z,2026-09-29,NYR @ BOS,ac3cb11040dbdb0d2ccfa53e7d6b6cda,sk_pts,over,James Hagens,0.5,draftkings,160,-215,oddsapi
2026-09-29T16:05:06Z,2026-09-29,NYR @ BOS,ac3cb11040dbdb0d2ccfa53e7d6b6cda,sk_pts,under,James Hagens,0.5,draftkings,-215,160,oddsapi
2026-09-29T16:05:06Z,2026-09-29,NYR @ BOS,ac3cb11040dbdb0d2ccfa53e7d6b6cda,sk_pts,over,Sean Durzi,0.5,draftkings,160,-215,oddsapi
2026-09-29T16:05:06Z,2026-09-29,NYR @ BOS,ac3cb11040dbdb0d2ccfa53e7d6b6cda,sk_pts,under,Sean Durzi,0.5,draftkings,-215,160,oddsapi
2026-09-29T16:05:06Z,2026-09-29,NYR @ BOS,ac3cb11040dbdb0d2ccfa53e7d6b6cda,sk_pts,over,Oliver Bjorkstrand,0.5,draftkings,175,-240,oddsapi
2026-09-29T16:05:06Z,2026-09-29,NYR @ BOS,ac3cb11040dbdb0d2ccfa53e7d6b6cda,sk_pts,under,Oliver Bjorkstrand,0.5,draftkings,-240,175,oddsapi
2026-09-29T16:05:06Z,2026-09-29,NYR @ BOS,ac3cb11040dbdb0d2ccfa53e7d6b6cda,sk_pts,over,Eeli Tolvanen,0.5,draftkings,180,-250,oddsapi
2026-09-29T16:05:06Z,2026-09-29,NYR @ BOS,ac3cb11040dbdb0d2ccfa53e7d6b6cda,sk_pts,under,Eeli Tolvanen,0.5,draftkings,-250,180,oddsapi
2026-09-29T16:05:06Z,2026-09-29,NYR @ BOS,ac3cb11040dbdb0d2ccfa53e7d6b6cda,sk_pts,over,Marat Khusnutdinov,0.5,draftkings,220,-310,oddsapi
2026-09-29T16:05:06Z,2026-09-29,NYR @ BOS,ac3cb11040dbdb0d2ccfa53e7d6b6cda,sk_pts,under,Marat Khusnutdinov,0.5,draftkings,-310,220,oddsapi
2026-09-29T16:05:06Z,2026-09-29,NYR @ BOS,ac3cb11040dbdb0d2ccfa53e7d6b6cda,sk_pts,over,Vladislav Gavrikov,0.5,draftkings,220,-310,oddsapi
2026-09-29T16:05:06Z,2026-09-29,NYR @ BOS,ac3cb11040dbdb0d2ccfa53e7d6b6cda,sk_pts,under,Vladislav Gavrikov,0.5,draftkings,-310,220,oddsapi
2026-09-29T16:05:06Z,2026-09-29,NYR @ BOS,ac3cb11040dbdb0d2ccfa53e7d6b6cda,sk_pts,over,Nikita Zadorov,0.5,draftkings,260,-360,oddsapi
2026-09-29T16:05:06Z,2026-09-29,NYR @ BOS,ac3cb11040dbdb0d2ccfa53e7d6b6cda,sk_pts,under,Nikita Zadorov,0.5,draftkings,-360,260,oddsapi
2026-09-29T16:05:06Z,2026-09-29,NYR @ BOS,ac3cb11040dbdb0d2ccfa53e7d6b6cda,sk_pts,over,Marcus Pettersson,0.5,draftkings,265,-380,oddsapi
2026-09-29T16:05:06Z,2026-09-29,NYR @ BOS,ac3cb11040dbdb0d2ccfa53e7d6b6cda,sk_pts,under,Marcus Pettersson,0.5,draftkings,-380,265,oddsapi
2026-09-29T16:05:06Z,2026-09-29,NYR @ BOS,ac3cb11040dbdb0d2ccfa53e7d6b6cda,sk_pts,over,Noah Laba,0.5,draftkings,265,-380,oddsapi
2026-09-29T16:05:06Z,2026-09-29,NYR @ BOS,ac3cb11040dbdb0d2ccfa53e7d6b6cda,sk_pts,under,Noah Laba,0.5,draftkings,-380,265,oddsapi
2026-09-29T16:05:06Z,2026-09-29,NYR @ BOS,ac3cb11040dbdb0d2ccfa53e7d6b6cda,sk_sog,over,David Pastrnak,3.5,draftkings,105,-140,oddsapi
2026-09-29T16:05:06Z,2026-09-29,NYR @ BOS,ac3cb11040dbdb0d2ccfa53e7d6b6cda,sk_sog,under,David Pastrnak,3.5,draftkings,-140,105,oddsapi
2026-09-29T16:05:06Z,2026-09-29,NYR @ BOS,ac3cb11040dbdb0d2ccfa53e7d6b6cda,sk_sog,over,Pavel Dorofeyev,2.5,draftkings,-125,-110,oddsapi
2026-09-29T16:05:06Z,2026-09-29,NYR @ BOS,ac3cb11040dbdb0d2ccfa53e7d6b6cda,sk_sog,under,Pavel Dorofeyev,2.5,draftkings,-110,-125,oddsapi
2026-09-29T16:05:06Z,2026-09-29,NYR @ BOS,ac3cb11040dbdb0d2ccfa53e7d6b6cda,sk_sog,over,Mika Zibanejad,2.5,draftkings,-110,-125,oddsapi
2026-09-29T16:05:06Z,2026-09-29,NYR @ BOS,ac3cb11040dbdb0d2ccfa53e7d6b6cda,sk_sog,under,Mika Zibanejad,2.5,draftkings,-125,-110,oddsapi
2026-09-29T16:05:06Z,2026-09-29,NYR @ BOS,ac3cb11040dbdb0d2ccfa53e7d6b6cda,sk_sog,over,JJ Peterka,1.5,draftkings,-175,130,oddsapi
2026-09-29T16:05:06Z,2026-09-29,NYR @ BOS,ac3cb11040dbdb0d2ccfa53e7d6b6cda,sk_sog,under,JJ Peterka,1.5,draftkings,130,-175,oddsapi
2026-09-29T16:05:06Z,2026-09-29,NYR @ BOS,ac3cb11040dbdb0d2ccfa53e7d6b6cda,sk_sog,over,Alexis Lafrenière,1.5,draftkings,-165,120,oddsapi
2026-09-29T16:05:06Z,2026-09-29,NYR @ BOS,ac3cb11040dbdb0d2ccfa53e7d6b6cda,sk_sog,under,Alexis Lafrenière,1.5,draftkings,120,-165,oddsapi
2026-09-29T16:05:06Z,2026-09-29,NYR @ BOS,ac3cb11040dbdb0d2ccfa53e7d6b6cda,sk_sog,over,Morgan Geekie,1.5,draftkings,-155,115,oddsapi
2026-09-29T16:05:06Z,2026-09-29,NYR @ BOS,ac3cb11040dbdb0d2ccfa53e7d6b6cda,sk_sog,under,Morgan Geekie,1.5,draftkings,115,-155,oddsapi
2026-09-29T16:05:06Z,2026-09-29,NYR @ BOS,ac3cb11040dbdb0d2ccfa53e7d6b6cda,sk_sog,over,Adam Fox,1.5,draftkings,-145,105,oddsapi
2026-09-29T16:05:06Z,2026-09-29,NYR @ BOS,ac3cb11040dbdb0d2ccfa53e7d6b6cda,sk_sog,under,Adam Fox,1.5,draftkings,105,-145,oddsapi
2026-09-29T16:05:06Z,2026-09-29,NYR @ BOS,ac3cb11040dbdb0d2ccfa53e7d6b6cda,sk_sog,over,J.T. Miller,1.5,draftkings,-140,105,oddsapi
2026-09-29T16:05:06Z,2026-09-29,NYR @ BOS,ac3cb11040dbdb0d2ccfa53e7d6b6cda,sk_sog,under,J.T. Miller,1.5,draftkings,105,-140,oddsapi
2026-09-29T16:05:06Z,2026-09-29,NYR @ BOS,ac3cb11040dbdb0d2ccfa53e7d6b6cda,sk_sog,over,Eeli Tolvanen,1.5,draftkings,-120,-115,oddsapi
2026-09-29T16:05:06Z,2026-09-29,NYR @ BOS,ac3cb11040dbdb0d2ccfa53e7d6b6cda,sk_sog,under,Eeli Tolvanen,1.5,draftkings,-115,-120,oddsapi
2026-09-29T16:05:06Z,2026-09-29,NYR @ BOS,ac3cb11040dbdb0d2ccfa53e7d6b6cda,sk_sog,over,Pavel Zacha,1.5,draftkings,-120,-115,oddsapi
2026-09-29T16:05:06Z,2026-09-29,NYR @ BOS,ac3cb11040dbdb0d2ccfa53e7d6b6cda,sk_sog,under,Pavel Zacha,1.5,draftkings,-115,-120,oddsapi
2026-09-29T16:05:06Z,2026-09-29,NYR @ BOS,ac3cb11040dbdb0d2ccfa53e7d6b6cda,sk_sog,over,Gabe Perreault,1.5,draftkings,-115,-115,oddsapi
2026-09-29T16:05:06Z,2026-09-29,NYR @ BOS,ac3cb11040dbdb0d2ccfa53e7d6b6cda,sk_sog,under,Gabe Perreault,1.5,draftkings,-115,-115,oddsapi
2026-09-29T16:05:06Z,2026-09-29,NYR @ BOS,ac3cb11040dbdb0d2ccfa53e7d6b6cda,sk_sog,over,Hampus Lindholm,1.5,draftkings,-115,-120,oddsapi
2026-09-29T16:05:06Z,2026-09-29,NYR @ BOS,ac3cb11040dbdb0d2ccfa53e7d6b6cda,sk_sog,under,Hampus Lindholm,1.5,draftkings,-120,-115,oddsapi
2026-09-29T16:05:06Z,2026-09-29,NYR @ BOS,ac3cb11040dbdb0d2ccfa53e7d6b6cda,sk_sog,over,James Hagens,1.5,draftkings,-115,-120,oddsapi
2026-09-29T16:05:06Z,2026-09-29,NYR @ BOS,ac3cb11040dbdb0d2ccfa53e7d6b6cda,sk_sog,under,James Hagens,1.5,draftkings,-120,-115,oddsapi
2026-09-29T16:05:06Z,2026-09-29,NYR @ BOS,ac3cb11040dbdb0d2ccfa53e7d6b6cda,sk_sog,over,Elias Lindholm,1.5,draftkings,-110,-125,oddsapi
2026-09-29T16:05:06Z,2026-09-29,NYR @ BOS,ac3cb11040dbdb0d2ccfa53e7d6b6cda,sk_sog,under,Elias Lindholm,1.5,draftkings,-125,-110,oddsapi
2026-09-29T16:05:06Z,2026-09-29,NYR @ BOS,ac3cb11040dbdb0d2ccfa53e7d6b6cda,sk_sog,over,Fraser Minten,1.5,draftkings,100,-135,oddsapi
2026-09-29T16:05:06Z,2026-09-29,NYR @ BOS,ac3cb11040dbdb0d2ccfa53e7d6b6cda,sk_sog,under,Fraser Minten,1.5,draftkings,-135,100,oddsapi
2026-09-29T16:05:06Z,2026-09-29,NYR @ BOS,ac3cb11040dbdb0d2ccfa53e7d6b6cda,sk_sog,over,Will Cuylle,1.5,draftkings,105,-140,oddsapi
2026-09-29T16:05:06Z,2026-09-29,NYR @ BOS,ac3cb11040dbdb0d2ccfa53e7d6b6cda,sk_sog,under,Will Cuylle,1.5,draftkings,-140,105,oddsapi
2026-09-29T16:05:06Z,2026-09-29,NYR @ BOS,ac3cb11040dbdb0d2ccfa53e7d6b6cda,sk_sog,over,Casey Mittelstadt,1.5,draftkings,130,-175,oddsapi
2026-09-29T16:05:06Z,2026-09-29,NYR @ BOS,ac3cb11040dbdb0d2ccfa53e7d6b6cda,sk_sog,under,Casey Mittelstadt,1.5,draftkings,-175,130,oddsapi
2026-09-29T16:05:06Z,2026-09-29,NYR @ BOS,ac3cb11040dbdb0d2ccfa53e7d6b6cda,sk_sog,over,Oliver Bjorkstrand,1.5,draftkings,140,-195,oddsapi
2026-09-29T16:05:06Z,2026-09-29,NYR @ BOS,ac3cb11040dbdb0d2ccfa53e7d6b6cda,sk_sog,under,Oliver Bjorkstrand,1.5,draftkings,-195,140,oddsapi
2026-09-29T16:05:06Z,2026-09-29,NYR @ BOS,ac3cb11040dbdb0d2ccfa53e7d6b6cda,sk_sog,over,Marat Khusnutdinov,1.5,draftkings,170,-230,oddsapi
2026-09-29T16:05:06Z,2026-09-29,NYR @ BOS,ac3cb11040dbdb0d2ccfa53e7d6b6cda,sk_sog,under,Marat Khusnutdinov,1.5,draftkings,-230,170,oddsapi
2026-09-29T16:05:06Z,2026-09-29,NYR @ BOS,ac3cb11040dbdb0d2ccfa53e7d6b6cda,sk_sog,over,Noah Laba,0.5,draftkings,-240,175,oddsapi
2026-09-29T16:05:06Z,2026-09-29,NYR @ BOS,ac3cb11040dbdb0d2ccfa53e7d6b6cda,sk_sog,under,Noah Laba,0.5,draftkings,175,-240,oddsapi
2026-09-29T16:05:06Z,2026-09-29,NYR @ BOS,ac3cb11040dbdb0d2ccfa53e7d6b6cda,g_saves,over,Igor Shesterkin,23.5,draftkings,-120,-110,oddsapi
2026-09-29T16:05:06Z,2026-09-29,NYR @ BOS,ac3cb11040dbdb0d2ccfa53e7d6b6cda,g_saves,under,Igor Shesterkin,23.5,draftkings,-110,-120,oddsapi
2026-09-29T16:05:06Z,2026-09-29,NYR @ BOS,ac3cb11040dbdb0d2ccfa53e7d6b6cda,g_saves,over,Jeremy Swayman,23.5,draftkings,-120,-115,oddsapi
2026-09-29T16:05:06Z,2026-09-29,NYR @ BOS,ac3cb11040dbdb0d2ccfa53e7d6b6cda,g_saves,under,Jeremy Swayman,23.5,draftkings,-115,-120,oddsapi
2026-09-29T16:05:06Z,2026-09-29,NYR @ BOS,ac3cb11040dbdb0d2ccfa53e7d6b6cda,p1_pl,BOS,,0.5,draftkings,-220,170,oddsapi
2026-09-29T16:05:06Z,2026-09-29,NYR @ BOS,ac3cb11040dbdb0d2ccfa53e7d6b6cda,p1_pl,NYR,,-0.5,draftkings,170,-220,oddsapi
2026-09-29T16:05:06Z,2026-09-29,NYR @ BOS,ac3cb11040dbdb0d2ccfa53e7d6b6cda,p2_pl,BOS,,0.5,draftkings,-215,165,oddsapi
2026-09-29T16:05:06Z,2026-09-29,NYR @ BOS,ac3cb11040dbdb0d2ccfa53e7d6b6cda,p2_pl,NYR,,-0.5,draftkings,165,-215,oddsapi
2026-09-29T16:05:06Z,2026-09-29,NYR @ BOS,ac3cb11040dbdb0d2ccfa53e7d6b6cda,p3_pl,BOS,,0.5,draftkings,-200,154,oddsapi
2026-09-29T16:05:06Z,2026-09-29,NYR @ BOS,ac3cb11040dbdb0d2ccfa53e7d6b6cda,p3_pl,NYR,,-0.5,draftkings,154,-200,oddsapi
2026-09-29T16:05:06Z,2026-09-29,NYR @ BOS,ac3cb11040dbdb0d2ccfa53e7d6b6cda,p1_team_total,over,BOS,0.5,draftkings,-165,125,oddsapi
2026-09-29T16:05:06Z,2026-09-29,NYR @ BOS,ac3cb11040dbdb0d2ccfa53e7d6b6cda,p1_team_total,under,BOS,0.5,draftkings,125,-165,oddsapi
2026-09-29T16:05:06Z,2026-09-29,NYR @ BOS,ac3cb11040dbdb0d2ccfa53e7d6b6cda,p1_team_total,over,NYR,0.5,draftkings,-175,135,oddsapi
2026-09-29T16:05:06Z,2026-09-29,NYR @ BOS,ac3cb11040dbdb0d2ccfa53e7d6b6cda,p1_team_total,under,NYR,0.5,draftkings,135,-175,oddsapi
2026-09-29T16:05:06Z,2026-09-29,NYR @ BOS,ac3cb11040dbdb0d2ccfa53e7d6b6cda,p1_total,over,,1.5,draftkings,-130,100,oddsapi
2026-09-29T16:05:06Z,2026-09-29,NYR @ BOS,ac3cb11040dbdb0d2ccfa53e7d6b6cda,p1_total,under,,1.5,draftkings,100,-130,oddsapi
2026-09-29T16:05:06Z,2026-09-29,NYR @ BOS,ac3cb11040dbdb0d2ccfa53e7d6b6cda,p2_total,over,,1.5,draftkings,-160,124,oddsapi
2026-09-29T16:05:06Z,2026-09-29,NYR @ BOS,ac3cb11040dbdb0d2ccfa53e7d6b6cda,p2_total,under,,1.5,draftkings,124,-160,oddsapi
2026-09-29T16:05:06Z,2026-09-29,NYR @ BOS,ac3cb11040dbdb0d2ccfa53e7d6b6cda,p3_total,over,,2.5,draftkings,150,-195,oddsapi
2026-09-29T16:05:06Z,2026-09-29,NYR @ BOS,ac3cb11040dbdb0d2ccfa53e7d6b6cda,p3_total,under,,2.5,draftkings,-195,150,oddsapi
2026-09-29T16:05:06Z,2026-09-29,NYR @ BOS,ac3cb11040dbdb0d2ccfa53e7d6b6cda,game_ml3,BOS,,,williamhill_us,119,,oddsapi
2026-09-29T16:05:06Z,2026-09-29,NYR @ BOS,ac3cb11040dbdb0d2ccfa53e7d6b6cda,game_ml3,NYR,,,williamhill_us,133,,oddsapi
2026-09-29T16:05:06Z,2026-09-29,NYR @ BOS,ac3cb11040dbdb0d2ccfa53e7d6b6cda,game_ml3,draw,,,williamhill_us,285,,oddsapi
2026-09-29T16:05:06Z,2026-09-29,NYR @ BOS,ac3cb11040dbdb0d2ccfa53e7d6b6cda,p1_ml3,BOS,,,williamhill_us,169,,oddsapi
2026-09-29T16:05:06Z,2026-09-29,NYR @ BOS,ac3cb11040dbdb0d2ccfa53e7d6b6cda,p1_ml3,NYR,,,williamhill_us,176,,oddsapi
2026-09-29T16:05:06Z,2026-09-29,NYR @ BOS,ac3cb11040dbdb0d2ccfa53e7d6b6cda,p1_ml3,draw,,,williamhill_us,151,,oddsapi
2026-09-29T16:05:06Z,2026-09-29,NYR @ BOS,ac3cb11040dbdb0d2ccfa53e7d6b6cda,ags,yes,David Pastrnak,,williamhill_us,142,,oddsapi
2026-09-29T16:05:06Z,2026-09-29,NYR @ BOS,ac3cb11040dbdb0d2ccfa53e7d6b6cda,ags,yes,Pavel Dorofeyev,,williamhill_us,171,,oddsapi
2026-09-29T16:05:06Z,2026-09-29,NYR @ BOS,ac3cb11040dbdb0d2ccfa53e7d6b6cda,ags,yes,Mika Zibanejad,,williamhill_us,187,,oddsapi
2026-09-29T16:05:06Z,2026-09-29,NYR @ BOS,ac3cb11040dbdb0d2ccfa53e7d6b6cda,ags,yes,Morgan Geekie,,williamhill_us,191,,oddsapi
2026-09-29T16:05:06Z,2026-09-29,NYR @ BOS,ac3cb11040dbdb0d2ccfa53e7d6b6cda,ags,yes,JJ Peterka,,williamhill_us,196,,oddsapi
2026-09-29T16:05:06Z,2026-09-29,NYR @ BOS,ac3cb11040dbdb0d2ccfa53e7d6b6cda,ags,yes,Alexis Lafrenière,,williamhill_us,240,,oddsapi
2026-09-29T16:05:06Z,2026-09-29,NYR @ BOS,ac3cb11040dbdb0d2ccfa53e7d6b6cda,ags,yes,Pavel Zacha,,williamhill_us,250,,oddsapi
2026-09-29T16:05:06Z,2026-09-29,NYR @ BOS,ac3cb11040dbdb0d2ccfa53e7d6b6cda,ags,yes,J.T. Miller,,williamhill_us,270,,oddsapi
2026-09-29T16:05:06Z,2026-09-29,NYR @ BOS,ac3cb11040dbdb0d2ccfa53e7d6b6cda,ags,yes,Will Cuylle,,williamhill_us,305,,oddsapi
2026-09-29T16:05:06Z,2026-09-29,NYR @ BOS,ac3cb11040dbdb0d2ccfa53e7d6b6cda,ags,yes,Fraser Minten,,williamhill_us,330,,oddsapi
2026-09-29T16:05:06Z,2026-09-29,NYR @ BOS,ac3cb11040dbdb0d2ccfa53e7d6b6cda,ags,yes,Gabe Perreault,,williamhill_us,330,,oddsapi
2026-09-29T16:05:06Z,2026-09-29,NYR @ BOS,ac3cb11040dbdb0d2ccfa53e7d6b6cda,ags,yes,Elias Lindholm,,williamhill_us,380,,oddsapi
2026-09-29T16:05:06Z,2026-09-29,NYR @ BOS,ac3cb11040dbdb0d2ccfa53e7d6b6cda,ags,yes,Eeli Tolvanen,,williamhill_us,390,,oddsapi
2026-09-29T16:05:06Z,2026-09-29,NYR @ BOS,ac3cb11040dbdb0d2ccfa53e7d6b6cda,ags,yes,James Hagens,,williamhill_us,400,,oddsapi
2026-09-29T16:05:06Z,2026-09-29,NYR @ BOS,ac3cb11040dbdb0d2ccfa53e7d6b6cda,ags,yes,Casey Mittelstadt,,williamhill_us,400,,oddsapi
2026-09-29T16:05:06Z,2026-09-29,NYR @ BOS,ac3cb11040dbdb0d2ccfa53e7d6b6cda,ags,yes,Adam Fox,,williamhill_us,425,,oddsapi
2026-09-29T16:05:06Z,2026-09-29,NYR @ BOS,ac3cb11040dbdb0d2ccfa53e7d6b6cda,ags,yes,Oliver Bjorkstrand,,williamhill_us,425,,oddsapi
2026-09-29T16:05:06Z,2026-09-29,NYR @ BOS,ac3cb11040dbdb0d2ccfa53e7d6b6cda,ags,yes,Marat Khusnutdinov,,williamhill_us,575,,oddsapi
2026-09-29T16:05:06Z,2026-09-29,NYR @ BOS,ac3cb11040dbdb0d2ccfa53e7d6b6cda,ags,yes,Mark Kastelic,,williamhill_us,600,,oddsapi
2026-09-29T16:05:06Z,2026-09-29,NYR @ BOS,ac3cb11040dbdb0d2ccfa53e7d6b6cda,ags,yes,Noah Laba,,williamhill_us,700,,oddsapi
2026-09-29T16:05:06Z,2026-09-29,NYR @ BOS,ac3cb11040dbdb0d2ccfa53e7d6b6cda,ags,yes,Tye Kartye,,williamhill_us,700,,oddsapi
2026-09-29T16:05:06Z,2026-09-29,NYR @ BOS,ac3cb11040dbdb0d2ccfa53e7d6b6cda,ags,yes,Hampus Lindholm,,williamhill_us,750,,oddsapi
2026-09-29T16:05:06Z,2026-09-29,NYR @ BOS,ac3cb11040dbdb0d2ccfa53e7d6b6cda,ags,yes,Sean Durzi,,williamhill_us,850,,oddsapi
2026-09-29T16:05:06Z,2026-09-29,NYR @ BOS,ac3cb11040dbdb0d2ccfa53e7d6b6cda,ags,yes,Tanner Jeannot,,williamhill_us,850,,oddsapi
2026-09-29T16:05:06Z,2026-09-29,NYR @ BOS,ac3cb11040dbdb0d2ccfa53e7d6b6cda,ags,yes,Alberts Smits,,williamhill_us,850,,oddsapi
2026-09-29T16:05:06Z,2026-09-29,NYR @ BOS,ac3cb11040dbdb0d2ccfa53e7d6b6cda,ags,yes,Sean Kuraly,,williamhill_us,900,,oddsapi
2026-09-29T16:05:06Z,2026-09-29,NYR @ BOS,ac3cb11040dbdb0d2ccfa53e7d6b6cda,ags,yes,Vladislav Gavrikov,,williamhill_us,900,,oddsapi
2026-09-29T16:05:06Z,2026-09-29,NYR @ BOS,ac3cb11040dbdb0d2ccfa53e7d6b6cda,ags,yes,Mason Lohrei,,williamhill_us,950,,oddsapi
2026-09-29T16:05:06Z,2026-09-29,NYR @ BOS,ac3cb11040dbdb0d2ccfa53e7d6b6cda,ags,yes,Joe Veleno,,williamhill_us,950,,oddsapi
2026-09-29T16:05:06Z,2026-09-29,NYR @ BOS,ac3cb11040dbdb0d2ccfa53e7d6b6cda,ags,yes,Matt Rempe,,williamhill_us,1000,,oddsapi
2026-09-29T16:05:06Z,2026-09-29,NYR @ BOS,ac3cb11040dbdb0d2ccfa53e7d6b6cda,ags,yes,Marcus Pettersson,,williamhill_us,1200,,oddsapi
2026-09-29T16:05:06Z,2026-09-29,NYR @ BOS,ac3cb11040dbdb0d2ccfa53e7d6b6cda,ags,yes,Braden Schneider,,williamhill_us,1400,,oddsapi
2026-09-29T16:05:06Z,2026-09-29,NYR @ BOS,ac3cb11040dbdb0d2ccfa53e7d6b6cda,ags,yes,Will Borgen,,williamhill_us,1500,,oddsapi
2026-09-29T16:05:06Z,2026-09-29,NYR @ BOS,ac3cb11040dbdb0d2ccfa53e7d6b6cda,ags,yes,Nikita Zadorov,,williamhill_us,1500,,oddsapi
2026-09-29T16:05:06Z,2026-09-29,NYR @ BOS,ac3cb11040dbdb0d2ccfa53e7d6b6cda,ags,yes,Connor Clifton,,williamhill_us,1600,,oddsapi
2026-09-29T16:05:06Z,2026-09-29,NYR @ BOS,ac3cb11040dbdb0d2ccfa53e7d6b6cda,ags,yes,Jonathan Aspirot,,williamhill_us,2000,,oddsapi
2026-09-29T16:05:06Z,2026-09-29,NYR @ BOS,ac3cb11040dbdb0d2ccfa53e7d6b6cda,fgs,yes,David Pastrnak,,williamhill_us,900,,oddsapi
2026-09-29T16:05:06Z,2026-09-29,NYR @ BOS,ac3cb11040dbdb0d2ccfa53e7d6b6cda,fgs,yes,Pavel Dorofeyev,,williamhill_us,1100,,oddsapi
2026-09-29T16:05:06Z,2026-09-29,NYR @ BOS,ac3cb11040dbdb0d2ccfa53e7d6b6cda,fgs,yes,Mika Zibanejad,,williamhill_us,1200,,oddsapi
2026-09-29T16:05:06Z,2026-09-29,NYR @ BOS,ac3cb11040dbdb0d2ccfa53e7d6b6cda,fgs,yes,JJ Peterka,,williamhill_us,1200,,oddsapi
2026-09-29T16:05:06Z,2026-09-29,NYR @ BOS,ac3cb11040dbdb0d2ccfa53e7d6b6cda,fgs,yes,Morgan Geekie,,williamhill_us,1200,,oddsapi
2026-09-29T16:05:06Z,2026-09-29,NYR @ BOS,ac3cb11040dbdb0d2ccfa53e7d6b6cda,fgs,yes,Alexis Lafrenière,,williamhill_us,1400,,oddsapi
2026-09-29T16:05:06Z,2026-09-29,NYR @ BOS,ac3cb11040dbdb0d2ccfa53e7d6b6cda,fgs,yes,Pavel Zacha,,williamhill_us,1500,,oddsapi
2026-09-29T16:05:06Z,2026-09-29,NYR @ BOS,ac3cb11040dbdb0d2ccfa53e7d6b6cda,fgs,yes,J.T. Miller,,williamhill_us,1700,,oddsapi
2026-09-29T16:05:06Z,2026-09-29,NYR @ BOS,ac3cb11040dbdb0d2ccfa53e7d6b6cda,fgs,yes,Will Cuylle,,williamhill_us,1900,,oddsapi
2026-09-29T16:05:06Z,2026-09-29,NYR @ BOS,ac3cb11040dbdb0d2ccfa53e7d6b6cda,fgs,yes,Fraser Minten,,williamhill_us,2000,,oddsapi
2026-09-29T16:05:06Z,2026-09-29,NYR @ BOS,ac3cb11040dbdb0d2ccfa53e7d6b6cda,fgs,yes,Elias Lindholm,,williamhill_us,2000,,oddsapi
2026-09-29T16:05:06Z,2026-09-29,NYR @ BOS,ac3cb11040dbdb0d2ccfa53e7d6b6cda,fgs,yes,Gabe Perreault,,williamhill_us,2000,,oddsapi
2026-09-29T16:05:06Z,2026-09-29,NYR @ BOS,ac3cb11040dbdb0d2ccfa53e7d6b6cda,fgs,yes,Casey Mittelstadt,,williamhill_us,2200,,oddsapi
2026-09-29T16:05:06Z,2026-09-29,NYR @ BOS,ac3cb11040dbdb0d2ccfa53e7d6b6cda,fgs,yes,James Hagens,,williamhill_us,2200,,oddsapi
2026-09-29T16:05:06Z,2026-09-29,NYR @ BOS,ac3cb11040dbdb0d2ccfa53e7d6b6cda,fgs,yes,Eeli Tolvanen,,williamhill_us,2300,,oddsapi
2026-09-29T16:05:06Z,2026-09-29,NYR @ BOS,ac3cb11040dbdb0d2ccfa53e7d6b6cda,fgs,yes,Oliver Bjorkstrand,,williamhill_us,2400,,oddsapi
2026-09-29T16:05:06Z,2026-09-29,NYR @ BOS,ac3cb11040dbdb0d2ccfa53e7d6b6cda,fgs,yes,Adam Fox,,williamhill_us,2600,,oddsapi
2026-09-29T16:05:06Z,2026-09-29,NYR @ BOS,ac3cb11040dbdb0d2ccfa53e7d6b6cda,fgs,yes,Mark Kastelic,,williamhill_us,3000,,oddsapi
2026-09-29T16:05:06Z,2026-09-29,NYR @ BOS,ac3cb11040dbdb0d2ccfa53e7d6b6cda,fgs,yes,Marat Khusnutdinov,,williamhill_us,3300,,oddsapi
2026-09-29T16:05:06Z,2026-09-29,NYR @ BOS,ac3cb11040dbdb0d2ccfa53e7d6b6cda,fgs,yes,Noah Laba,,williamhill_us,3500,,oddsapi
2026-09-29T16:05:06Z,2026-09-29,NYR @ BOS,ac3cb11040dbdb0d2ccfa53e7d6b6cda,fgs,yes,Tye Kartye,,williamhill_us,3500,,oddsapi
2026-09-29T16:05:06Z,2026-09-29,NYR @ BOS,ac3cb11040dbdb0d2ccfa53e7d6b6cda,fgs,yes,Hampus Lindholm,,williamhill_us,4000,,oddsapi
2026-09-29T16:05:06Z,2026-09-29,NYR @ BOS,ac3cb11040dbdb0d2ccfa53e7d6b6cda,fgs,yes,Tanner Jeannot,,williamhill_us,4000,,oddsapi
2026-09-29T16:05:06Z,2026-09-29,NYR @ BOS,ac3cb11040dbdb0d2ccfa53e7d6b6cda,fgs,yes,Sean Durzi,,williamhill_us,4500,,oddsapi
2026-09-29T16:05:06Z,2026-09-29,NYR @ BOS,ac3cb11040dbdb0d2ccfa53e7d6b6cda,fgs,yes,Mason Lohrei,,williamhill_us,4500,,oddsapi
2026-09-29T16:05:06Z,2026-09-29,NYR @ BOS,ac3cb11040dbdb0d2ccfa53e7d6b6cda,fgs,yes,Sean Kuraly,,williamhill_us,4500,,oddsapi
2026-09-29T16:05:06Z,2026-09-29,NYR @ BOS,ac3cb11040dbdb0d2ccfa53e7d6b6cda,fgs,yes,Vladislav Gavrikov,,williamhill_us,4500,,oddsapi
2026-09-29T16:05:06Z,2026-09-29,NYR @ BOS,ac3cb11040dbdb0d2ccfa53e7d6b6cda,fgs,yes,Joe Veleno,,williamhill_us,5500,,oddsapi
2026-09-29T16:05:06Z,2026-09-29,NYR @ BOS,ac3cb11040dbdb0d2ccfa53e7d6b6cda,fgs,yes,Alberts Smits,,williamhill_us,5500,,oddsapi
2026-09-29T16:05:06Z,2026-09-29,NYR @ BOS,ac3cb11040dbdb0d2ccfa53e7d6b6cda,fgs,yes,Matt Rempe,,williamhill_us,6000,,oddsapi
2026-09-29T16:05:06Z,2026-09-29,NYR @ BOS,ac3cb11040dbdb0d2ccfa53e7d6b6cda,fgs,yes,Marcus Pettersson,,williamhill_us,7000,,oddsapi
2026-09-29T16:05:06Z,2026-09-29,NYR @ BOS,ac3cb11040dbdb0d2ccfa53e7d6b6cda,fgs,yes,Braden Schneider,,williamhill_us,7500,,oddsapi
2026-09-29T16:05:06Z,2026-09-29,NYR @ BOS,ac3cb11040dbdb0d2ccfa53e7d6b6cda,fgs,yes,Will Borgen,,williamhill_us,7500,,oddsapi
2026-09-29T16:05:06Z,2026-09-29,NYR @ BOS,ac3cb11040dbdb0d2ccfa53e7d6b6cda,fgs,yes,Jonathan Aspirot,,williamhill_us,8000,,oddsapi
2026-09-29T16:05:06Z,2026-09-29,NYR @ BOS,ac3cb11040dbdb0d2ccfa53e7d6b6cda,lgs,yes,Morgan Geekie,,williamhill_us,1000,,oddsapi
2026-09-29T16:05:06Z,2026-09-29,NYR @ BOS,ac3cb11040dbdb0d2ccfa53e7d6b6cda,lgs,yes,Pavel Dorofeyev,,williamhill_us,1000,,oddsapi
2026-09-29T16:05:06Z,2026-09-29,NYR @ BOS,ac3cb11040dbdb0d2ccfa53e7d6b6cda,lgs,yes,Mika Zibanejad,,williamhill_us,1000,,oddsapi
2026-09-29T16:05:06Z,2026-09-29,NYR @ BOS,ac3cb11040dbdb0d2ccfa53e7d6b6cda,lgs,yes,Pavel Zacha,,williamhill_us,1300,,oddsapi
2026-09-29T16:05:06Z,2026-09-29,NYR @ BOS,ac3cb11040dbdb0d2ccfa53e7d6b6cda,lgs,yes,Alexis Lafrenière,,williamhill_us,1300,,oddsapi
2026-09-29T16:05:06Z,2026-09-29,NYR @ BOS,ac3cb11040dbdb0d2ccfa53e7d6b6cda,lgs,yes,Fraser Minten,,williamhill_us,1600,,oddsapi
2026-09-29T16:05:06Z,2026-09-29,NYR @ BOS,ac3cb11040dbdb0d2ccfa53e7d6b6cda,lgs,yes,Gabe Perreault,,williamhill_us,1600,,oddsapi
2026-09-29T16:05:06Z,2026-09-29,NYR @ BOS,ac3cb11040dbdb0d2ccfa53e7d6b6cda,lgs,yes,Casey Mittelstadt,,williamhill_us,1800,,oddsapi
2026-09-29T16:05:06Z,2026-09-29,NYR @ BOS,ac3cb11040dbdb0d2ccfa53e7d6b6cda,lgs,yes,Elias Lindholm,,williamhill_us,1800,,oddsapi
2026-09-29T16:05:06Z,2026-09-29,NYR @ BOS,ac3cb11040dbdb0d2ccfa53e7d6b6cda,lgs,yes,Eeli Tolvanen,,williamhill_us,1800,,oddsapi
2026-09-29T16:05:06Z,2026-09-29,NYR @ BOS,ac3cb11040dbdb0d2ccfa53e7d6b6cda,lgs,yes,James Hagens,,williamhill_us,1800,,oddsapi
2026-09-29T16:05:06Z,2026-09-29,NYR @ BOS,ac3cb11040dbdb0d2ccfa53e7d6b6cda,lgs,yes,Oliver Bjorkstrand,,williamhill_us,2100,,oddsapi
2026-09-29T16:05:06Z,2026-09-29,NYR @ BOS,ac3cb11040dbdb0d2ccfa53e7d6b6cda,lgs,yes,Adam Fox,,williamhill_us,2100,,oddsapi
2026-09-29T16:05:06Z,2026-09-29,NYR @ BOS,ac3cb11040dbdb0d2ccfa53e7d6b6cda,lgs,yes,Mark Kastelic,,williamhill_us,2600,,oddsapi
2026-09-29T16:05:06Z,2026-09-29,NYR @ BOS,ac3cb11040dbdb0d2ccfa53e7d6b6cda,lgs,yes,Marat Khusnutdinov,,williamhill_us,2700,,oddsapi
2026-09-29T16:05:06Z,2026-09-29,NYR @ BOS,ac3cb11040dbdb0d2ccfa53e7d6b6cda,lgs,yes,Hampus Lindholm,,williamhill_us,2800,,oddsapi
2026-09-29T16:05:06Z,2026-09-29,NYR @ BOS,ac3cb11040dbdb0d2ccfa53e7d6b6cda,lgs,yes,Tye Kartye,,williamhill_us,3000,,oddsapi
2026-09-29T16:05:06Z,2026-09-29,NYR @ BOS,ac3cb11040dbdb0d2ccfa53e7d6b6cda,lgs,yes,Noah Laba,,williamhill_us,3000,,oddsapi
2026-09-29T16:05:06Z,2026-09-29,NYR @ BOS,ac3cb11040dbdb0d2ccfa53e7d6b6cda,lgs,yes,Tanner Jeannot,,williamhill_us,3300,,oddsapi
2026-09-29T16:05:06Z,2026-09-29,NYR @ BOS,ac3cb11040dbdb0d2ccfa53e7d6b6cda,lgs,yes,Joe Veleno,,williamhill_us,3300,,oddsapi
2026-09-29T16:05:06Z,2026-09-29,NYR @ BOS,ac3cb11040dbdb0d2ccfa53e7d6b6cda,lgs,yes,Sean Durzi,,williamhill_us,3300,,oddsapi
2026-09-29T16:05:06Z,2026-09-29,NYR @ BOS,ac3cb11040dbdb0d2ccfa53e7d6b6cda,lgs,yes,Mason Lohrei,,williamhill_us,3300,,oddsapi
2026-09-29T16:05:06Z,2026-09-29,NYR @ BOS,ac3cb11040dbdb0d2ccfa53e7d6b6cda,lgs,yes,Matt Rempe,,williamhill_us,3500,,oddsapi
2026-09-29T16:05:06Z,2026-09-29,NYR @ BOS,ac3cb11040dbdb0d2ccfa53e7d6b6cda,lgs,yes,Vladislav Gavrikov,,williamhill_us,3500,,oddsapi
2026-09-29T16:05:06Z,2026-09-29,NYR @ BOS,ac3cb11040dbdb0d2ccfa53e7d6b6cda,lgs,yes,Braden Schneider,,williamhill_us,4000,,oddsapi
2026-09-29T16:05:06Z,2026-09-29,NYR @ BOS,ac3cb11040dbdb0d2ccfa53e7d6b6cda,lgs,yes,Marcus Pettersson,,williamhill_us,4500,,oddsapi
2026-09-29T16:05:06Z,2026-09-29,NYR @ BOS,ac3cb11040dbdb0d2ccfa53e7d6b6cda,lgs,yes,Will Borgen,,williamhill_us,4500,,oddsapi
2026-09-29T16:05:06Z,2026-09-29,NYR @ BOS,ac3cb11040dbdb0d2ccfa53e7d6b6cda,lgs,yes,Nikita Zadorov,,williamhill_us,4500,,oddsapi
2026-09-29T16:05:06Z,2026-09-29,NYR @ BOS,ac3cb11040dbdb0d2ccfa53e7d6b6cda,lgs,yes,Connor Clifton,,williamhill_us,4500,,oddsapi
2026-09-29T16:05:06Z,2026-09-29,NYR @ BOS,ac3cb11040dbdb0d2ccfa53e7d6b6cda,sk_sog,over,Elias Lindholm,1.5,williamhill_us,-122,-109,oddsapi
2026-09-29T16:05:06Z,2026-09-29,NYR @ BOS,ac3cb11040dbdb0d2ccfa53e7d6b6cda,sk_sog,under,Elias Lindholm,1.5,williamhill_us,-109,-122,oddsapi
2026-09-29T16:05:06Z,2026-09-29,NYR @ BOS,ac3cb11040dbdb0d2ccfa53e7d6b6cda,sk_sog,over,J.T. Miller,1.5,williamhill_us,-152,114,oddsapi
2026-09-29T16:05:06Z,2026-09-29,NYR @ BOS,ac3cb11040dbdb0d2ccfa53e7d6b6cda,sk_sog,under,J.T. Miller,1.5,williamhill_us,114,-152,oddsapi
2026-09-29T16:05:06Z,2026-09-29,NYR @ BOS,ac3cb11040dbdb0d2ccfa53e7d6b6cda,sk_sog,over,Hampus Lindholm,1.5,williamhill_us,-112,-120,oddsapi
2026-09-29T16:05:06Z,2026-09-29,NYR @ BOS,ac3cb11040dbdb0d2ccfa53e7d6b6cda,sk_sog,under,Hampus Lindholm,1.5,williamhill_us,-120,-112,oddsapi
2026-09-29T16:05:06Z,2026-09-29,NYR @ BOS,ac3cb11040dbdb0d2ccfa53e7d6b6cda,sk_sog,over,Pavel Zacha,1.5,williamhill_us,-120,-112,oddsapi
2026-09-29T16:05:06Z,2026-09-29,NYR @ BOS,ac3cb11040dbdb0d2ccfa53e7d6b6cda,sk_sog,under,Pavel Zacha,1.5,williamhill_us,-112,-120,oddsapi
2026-09-29T16:05:06Z,2026-09-29,NYR @ BOS,ac3cb11040dbdb0d2ccfa53e7d6b6cda,sk_sog,over,Adam Fox,1.5,williamhill_us,-145,109,oddsapi
2026-09-29T16:05:06Z,2026-09-29,NYR @ BOS,ac3cb11040dbdb0d2ccfa53e7d6b6cda,sk_sog,under,Adam Fox,1.5,williamhill_us,109,-145,oddsapi
2026-09-29T16:05:06Z,2026-09-29,NYR @ BOS,ac3cb11040dbdb0d2ccfa53e7d6b6cda,sk_sog,over,David Pastrnak,3.5,williamhill_us,104,-137,oddsapi
2026-09-29T16:05:06Z,2026-09-29,NYR @ BOS,ac3cb11040dbdb0d2ccfa53e7d6b6cda,sk_sog,under,David Pastrnak,3.5,williamhill_us,-137,104,oddsapi
2026-09-29T16:05:06Z,2026-09-29,NYR @ BOS,ac3cb11040dbdb0d2ccfa53e7d6b6cda,sk_sog,over,JJ Peterka,1.5,williamhill_us,-170,126,oddsapi
2026-09-29T16:05:06Z,2026-09-29,NYR @ BOS,ac3cb11040dbdb0d2ccfa53e7d6b6cda,sk_sog,under,JJ Peterka,1.5,williamhill_us,126,-170,oddsapi
2026-09-29T16:05:06Z,2026-09-29,NYR @ BOS,ac3cb11040dbdb0d2ccfa53e7d6b6cda,sk_sog,over,Mika Zibanejad,2.5,williamhill_us,-120,-112,oddsapi
2026-09-29T16:05:06Z,2026-09-29,NYR @ BOS,ac3cb11040dbdb0d2ccfa53e7d6b6cda,sk_sog,under,Mika Zibanejad,2.5,williamhill_us,-112,-120,oddsapi
2026-09-29T16:05:06Z,2026-09-29,NYR @ BOS,ac3cb11040dbdb0d2ccfa53e7d6b6cda,sk_sog,over,James Hagens,1.5,williamhill_us,-113,-118,oddsapi
2026-09-29T16:05:06Z,2026-09-29,NYR @ BOS,ac3cb11040dbdb0d2ccfa53e7d6b6cda,sk_sog,under,James Hagens,1.5,williamhill_us,-118,-113,oddsapi
2026-09-29T16:05:06Z,2026-09-29,NYR @ BOS,ac3cb11040dbdb0d2ccfa53e7d6b6cda,sk_sog,over,Pavel Dorofeyev,2.5,williamhill_us,-132,100,oddsapi
2026-09-29T16:05:06Z,2026-09-29,NYR @ BOS,ac3cb11040dbdb0d2ccfa53e7d6b6cda,sk_sog,under,Pavel Dorofeyev,2.5,williamhill_us,100,-132,oddsapi
2026-09-29T16:05:06Z,2026-09-29,NYR @ BOS,ac3cb11040dbdb0d2ccfa53e7d6b6cda,sk_sog,over,Oliver Bjorkstrand,1.5,williamhill_us,127,-170,oddsapi
2026-09-29T16:05:06Z,2026-09-29,NYR @ BOS,ac3cb11040dbdb0d2ccfa53e7d6b6cda,sk_sog,under,Oliver Bjorkstrand,1.5,williamhill_us,-170,127,oddsapi
2026-09-29T16:05:06Z,2026-09-29,NYR @ BOS,ac3cb11040dbdb0d2ccfa53e7d6b6cda,sk_sog,over,Gabe Perreault,1.5,williamhill_us,-117,-114,oddsapi
2026-09-29T16:05:06Z,2026-09-29,NYR @ BOS,ac3cb11040dbdb0d2ccfa53e7d6b6cda,sk_sog,under,Gabe Perreault,1.5,williamhill_us,-114,-117,oddsapi
2026-09-29T16:05:06Z,2026-09-29,NYR @ BOS,ac3cb11040dbdb0d2ccfa53e7d6b6cda,sk_sog,over,Will Cuylle,1.5,williamhill_us,104,-137,oddsapi
2026-09-29T16:05:06Z,2026-09-29,NYR @ BOS,ac3cb11040dbdb0d2ccfa53e7d6b6cda,sk_sog,under,Will Cuylle,1.5,williamhill_us,-137,104,oddsapi
2026-09-29T16:05:06Z,2026-09-29,NYR @ BOS,ac3cb11040dbdb0d2ccfa53e7d6b6cda,sk_sog,over,Alexis Lafrenière,1.5,williamhill_us,-170,127,oddsapi
2026-09-29T16:05:06Z,2026-09-29,NYR @ BOS,ac3cb11040dbdb0d2ccfa53e7d6b6cda,sk_sog,under,Alexis Lafrenière,1.5,williamhill_us,127,-170,oddsapi
2026-09-29T16:05:06Z,2026-09-29,NYR @ BOS,ac3cb11040dbdb0d2ccfa53e7d6b6cda,sk_sog,over,Morgan Geekie,1.5,williamhill_us,-170,126,oddsapi
2026-09-29T16:05:06Z,2026-09-29,NYR @ BOS,ac3cb11040dbdb0d2ccfa53e7d6b6cda,sk_sog,under,Morgan Geekie,1.5,williamhill_us,126,-170,oddsapi
2026-09-29T16:05:06Z,2026-09-29,NYR @ BOS,ac3cb11040dbdb0d2ccfa53e7d6b6cda,team_total,over,BOS,3.5,williamhill_us,114,-159,oddsapi
2026-09-29T16:05:06Z,2026-09-29,NYR @ BOS,ac3cb11040dbdb0d2ccfa53e7d6b6cda,team_total,under,BOS,3.5,williamhill_us,-159,114,oddsapi
2026-09-29T16:05:06Z,2026-09-29,NYR @ BOS,ac3cb11040dbdb0d2ccfa53e7d6b6cda,team_total,over,NYR,3.5,williamhill_us,124,-173,oddsapi
2026-09-29T16:05:06Z,2026-09-29,NYR @ BOS,ac3cb11040dbdb0d2ccfa53e7d6b6cda,team_total,under,NYR,3.5,williamhill_us,-173,124,oddsapi
2026-09-29T16:05:06Z,2026-09-29,NYR @ BOS,ac3cb11040dbdb0d2ccfa53e7d6b6cda,game_pl_alt,BOS,,1.5,fanduel,-290,210,oddsapi
2026-09-29T16:05:06Z,2026-09-29,NYR @ BOS,ac3cb11040dbdb0d2ccfa53e7d6b6cda,game_pl_alt,BOS,,2.5,fanduel,-550,360,oddsapi
2026-09-29T16:05:06Z,2026-09-29,NYR @ BOS,ac3cb11040dbdb0d2ccfa53e7d6b6cda,game_pl_alt,BOS,,3.5,fanduel,-2000,1100,oddsapi
2026-09-29T16:05:06Z,2026-09-29,NYR @ BOS,ac3cb11040dbdb0d2ccfa53e7d6b6cda,game_pl_alt,BOS,,4.5,fanduel,-6000,2600,oddsapi
2026-09-29T16:05:06Z,2026-09-29,NYR @ BOS,ac3cb11040dbdb0d2ccfa53e7d6b6cda,game_pl_alt,BOS,,5.5,fanduel,-20000,6500,oddsapi
2026-09-29T16:05:06Z,2026-09-29,NYR @ BOS,ac3cb11040dbdb0d2ccfa53e7d6b6cda,game_pl_alt,BOS,,6.5,fanduel,-50000,,oddsapi
2026-09-29T16:05:06Z,2026-09-29,NYR @ BOS,ac3cb11040dbdb0d2ccfa53e7d6b6cda,game_pl_alt,BOS,,-1.5,fanduel,220,-280,oddsapi
2026-09-29T16:05:06Z,2026-09-29,NYR @ BOS,ac3cb11040dbdb0d2ccfa53e7d6b6cda,game_pl_alt,BOS,,-2.5,fanduel,370,-600,oddsapi
2026-09-29T16:05:06Z,2026-09-29,NYR @ BOS,ac3cb11040dbdb0d2ccfa53e7d6b6cda,game_pl_alt,BOS,,-3.5,fanduel,1000,-2000,oddsapi
2026-09-29T16:05:06Z,2026-09-29,NYR @ BOS,ac3cb11040dbdb0d2ccfa53e7d6b6cda,game_pl_alt,BOS,,-4.5,fanduel,2400,-6000,oddsapi
2026-09-29T16:05:06Z,2026-09-29,NYR @ BOS,ac3cb11040dbdb0d2ccfa53e7d6b6cda,game_pl_alt,BOS,,-5.5,fanduel,6500,-20000,oddsapi
2026-09-29T16:05:06Z,2026-09-29,NYR @ BOS,ac3cb11040dbdb0d2ccfa53e7d6b6cda,game_pl_alt,NYR,,1.5,fanduel,-280,220,oddsapi
2026-09-29T16:05:06Z,2026-09-29,NYR @ BOS,ac3cb11040dbdb0d2ccfa53e7d6b6cda,game_pl_alt,NYR,,2.5,fanduel,-600,370,oddsapi
2026-09-29T16:05:06Z,2026-09-29,NYR @ BOS,ac3cb11040dbdb0d2ccfa53e7d6b6cda,game_pl_alt,NYR,,3.5,fanduel,-2000,1000,oddsapi
2026-09-29T16:05:06Z,2026-09-29,NYR @ BOS,ac3cb11040dbdb0d2ccfa53e7d6b6cda,game_pl_alt,NYR,,4.5,fanduel,-6000,2400,oddsapi
2026-09-29T16:05:06Z,2026-09-29,NYR @ BOS,ac3cb11040dbdb0d2ccfa53e7d6b6cda,game_pl_alt,NYR,,5.5,fanduel,-20000,6500,oddsapi
2026-09-29T16:05:06Z,2026-09-29,NYR @ BOS,ac3cb11040dbdb0d2ccfa53e7d6b6cda,game_pl_alt,NYR,,6.5,fanduel,-50000,,oddsapi
2026-09-29T16:05:06Z,2026-09-29,NYR @ BOS,ac3cb11040dbdb0d2ccfa53e7d6b6cda,game_pl_alt,NYR,,-1.5,fanduel,210,-290,oddsapi
2026-09-29T16:05:06Z,2026-09-29,NYR @ BOS,ac3cb11040dbdb0d2ccfa53e7d6b6cda,game_pl_alt,NYR,,-2.5,fanduel,360,-550,oddsapi
2026-09-29T16:05:06Z,2026-09-29,NYR @ BOS,ac3cb11040dbdb0d2ccfa53e7d6b6cda,game_pl_alt,NYR,,-3.5,fanduel,1100,-2000,oddsapi
2026-09-29T16:05:06Z,2026-09-29,NYR @ BOS,ac3cb11040dbdb0d2ccfa53e7d6b6cda,game_pl_alt,NYR,,-4.5,fanduel,2600,-6000,oddsapi
2026-09-29T16:05:06Z,2026-09-29,NYR @ BOS,ac3cb11040dbdb0d2ccfa53e7d6b6cda,game_pl_alt,NYR,,-5.5,fanduel,6500,-20000,oddsapi
2026-09-29T16:05:06Z,2026-09-29,NYR @ BOS,ac3cb11040dbdb0d2ccfa53e7d6b6cda,team_total_alt,over,BOS,0.5,fanduel,-3000,1400,oddsapi
2026-09-29T16:05:06Z,2026-09-29,NYR @ BOS,ac3cb11040dbdb0d2ccfa53e7d6b6cda,team_total_alt,over,BOS,1.5,fanduel,-550,340,oddsapi
2026-09-29T16:05:06Z,2026-09-29,NYR @ BOS,ac3cb11040dbdb0d2ccfa53e7d6b6cda,team_total_alt,over,BOS,2.5,fanduel,-164,,oddsapi
2026-09-29T16:05:06Z,2026-09-29,NYR @ BOS,ac3cb11040dbdb0d2ccfa53e7d6b6cda,team_total_alt,over,BOS,3.5,fanduel,148,-190,oddsapi
2026-09-29T16:05:06Z,2026-09-29,NYR @ BOS,ac3cb11040dbdb0d2ccfa53e7d6b6cda,team_total_alt,over,BOS,4.5,fanduel,370,-600,oddsapi
2026-09-29T16:05:06Z,2026-09-29,NYR @ BOS,ac3cb11040dbdb0d2ccfa53e7d6b6cda,team_total_alt,over,BOS,5.5,fanduel,920,-1800,oddsapi
2026-09-29T16:05:06Z,2026-09-29,NYR @ BOS,ac3cb11040dbdb0d2ccfa53e7d6b6cda,team_total_alt,over,BOS,6.5,fanduel,2100,-5000,oddsapi
2026-09-29T16:05:06Z,2026-09-29,NYR @ BOS,ac3cb11040dbdb0d2ccfa53e7d6b6cda,team_total_alt,over,BOS,7.5,fanduel,6000,,oddsapi
2026-09-29T16:05:06Z,2026-09-29,NYR @ BOS,ac3cb11040dbdb0d2ccfa53e7d6b6cda,team_total_alt,under,BOS,0.5,fanduel,1400,-3000,oddsapi
2026-09-29T16:05:06Z,2026-09-29,NYR @ BOS,ac3cb11040dbdb0d2ccfa53e7d6b6cda,team_total_alt,under,BOS,1.5,fanduel,340,-550,oddsapi
2026-09-29T16:05:06Z,2026-09-29,NYR @ BOS,ac3cb11040dbdb0d2ccfa53e7d6b6cda,team_total_alt,under,BOS,3.5,fanduel,-190,148,oddsapi
2026-09-29T16:05:06Z,2026-09-29,NYR @ BOS,ac3cb11040dbdb0d2ccfa53e7d6b6cda,team_total_alt,under,BOS,4.5,fanduel,-600,370,oddsapi
2026-09-29T16:05:06Z,2026-09-29,NYR @ BOS,ac3cb11040dbdb0d2ccfa53e7d6b6cda,team_total_alt,under,BOS,5.5,fanduel,-1800,920,oddsapi
2026-09-29T16:05:06Z,2026-09-29,NYR @ BOS,ac3cb11040dbdb0d2ccfa53e7d6b6cda,team_total_alt,under,BOS,6.5,fanduel,-5000,2100,oddsapi
2026-09-29T16:05:06Z,2026-09-29,NYR @ BOS,ac3cb11040dbdb0d2ccfa53e7d6b6cda,team_total_alt,over,NYR,0.5,fanduel,-3000,1320,oddsapi
2026-09-29T16:05:06Z,2026-09-29,NYR @ BOS,ac3cb11040dbdb0d2ccfa53e7d6b6cda,team_total_alt,over,NYR,1.5,fanduel,-550,340,oddsapi
2026-09-29T16:05:06Z,2026-09-29,NYR @ BOS,ac3cb11040dbdb0d2ccfa53e7d6b6cda,team_total_alt,over,NYR,2.5,fanduel,-160,,oddsapi
2026-09-29T16:05:06Z,2026-09-29,NYR @ BOS,ac3cb11040dbdb0d2ccfa53e7d6b6cda,team_total_alt,over,NYR,3.5,fanduel,150,-192,oddsapi
2026-09-29T16:05:06Z,2026-09-29,NYR @ BOS,ac3cb11040dbdb0d2ccfa53e7d6b6cda,team_total_alt,over,NYR,4.5,fanduel,360,-550,oddsapi
2026-09-29T16:05:06Z,2026-09-29,NYR @ BOS,ac3cb11040dbdb0d2ccfa53e7d6b6cda,team_total_alt,over,NYR,5.5,fanduel,940,-1800,oddsapi
2026-09-29T16:05:06Z,2026-09-29,NYR @ BOS,ac3cb11040dbdb0d2ccfa53e7d6b6cda,team_total_alt,over,NYR,6.5,fanduel,2500,-6000,oddsapi
2026-09-29T16:05:06Z,2026-09-29,NYR @ BOS,ac3cb11040dbdb0d2ccfa53e7d6b6cda,team_total_alt,under,NYR,0.5,fanduel,1320,-3000,oddsapi
2026-09-29T16:05:06Z,2026-09-29,NYR @ BOS,ac3cb11040dbdb0d2ccfa53e7d6b6cda,team_total_alt,under,NYR,1.5,fanduel,340,-550,oddsapi
2026-09-29T16:05:06Z,2026-09-29,NYR @ BOS,ac3cb11040dbdb0d2ccfa53e7d6b6cda,team_total_alt,under,NYR,3.5,fanduel,-192,150,oddsapi
2026-09-29T16:05:06Z,2026-09-29,NYR @ BOS,ac3cb11040dbdb0d2ccfa53e7d6b6cda,team_total_alt,under,NYR,4.5,fanduel,-550,360,oddsapi
2026-09-29T16:05:06Z,2026-09-29,NYR @ BOS,ac3cb11040dbdb0d2ccfa53e7d6b6cda,team_total_alt,under,NYR,5.5,fanduel,-1800,940,oddsapi
2026-09-29T16:05:06Z,2026-09-29,NYR @ BOS,ac3cb11040dbdb0d2ccfa53e7d6b6cda,team_total_alt,under,NYR,6.5,fanduel,-6000,2500,oddsapi
2026-09-29T16:05:06Z,2026-09-29,NYR @ BOS,ac3cb11040dbdb0d2ccfa53e7d6b6cda,game_total_alt,over,,2.5,fanduel,-5000,1900,oddsapi
2026-09-29T16:05:06Z,2026-09-29,NYR @ BOS,ac3cb11040dbdb0d2ccfa53e7d6b6cda,game_total_alt,over,,3.5,fanduel,-800,480,oddsapi
2026-09-29T16:05:06Z,2026-09-29,NYR @ BOS,ac3cb11040dbdb0d2ccfa53e7d6b6cda,game_total_alt,over,,4.5,fanduel,-410,290,oddsapi
2026-09-29T16:05:06Z,2026-09-29,NYR @ BOS,ac3cb11040dbdb0d2ccfa53e7d6b6cda,game_total_alt,over,,5.5,fanduel,-130,104,oddsapi
2026-09-29T16:05:06Z,2026-09-29,NYR @ BOS,ac3cb11040dbdb0d2ccfa53e7d6b6cda,game_total_alt,over,,6.5,fanduel,122,-156,oddsapi
2026-09-29T16:05:06Z,2026-09-29,NYR @ BOS,ac3cb11040dbdb0d2ccfa53e7d6b6cda,game_total_alt,over,,7.5,fanduel,310,-450,oddsapi
2026-09-29T16:05:06Z,2026-09-29,NYR @ BOS,ac3cb11040dbdb0d2ccfa53e7d6b6cda,game_total_alt,over,,8.5,fanduel,470,-750,oddsapi
2026-09-29T16:05:06Z,2026-09-29,NYR @ BOS,ac3cb11040dbdb0d2ccfa53e7d6b6cda,game_total_alt,over,,9.5,fanduel,1120,-2400,oddsapi
2026-09-29T16:05:06Z,2026-09-29,NYR @ BOS,ac3cb11040dbdb0d2ccfa53e7d6b6cda,game_total_alt,over,,10.5,fanduel,1650,-4500,oddsapi
2026-09-29T16:05:06Z,2026-09-29,NYR @ BOS,ac3cb11040dbdb0d2ccfa53e7d6b6cda,game_total_alt,over,,11.5,fanduel,4600,-8000,oddsapi
2026-09-29T16:05:06Z,2026-09-29,NYR @ BOS,ac3cb11040dbdb0d2ccfa53e7d6b6cda,game_total_alt,under,,2.5,fanduel,1900,-5000,oddsapi
2026-09-29T16:05:06Z,2026-09-29,NYR @ BOS,ac3cb11040dbdb0d2ccfa53e7d6b6cda,game_total_alt,under,,3.5,fanduel,480,-800,oddsapi
2026-09-29T16:05:06Z,2026-09-29,NYR @ BOS,ac3cb11040dbdb0d2ccfa53e7d6b6cda,game_total_alt,under,,4.5,fanduel,290,-410,oddsapi
2026-09-29T16:05:06Z,2026-09-29,NYR @ BOS,ac3cb11040dbdb0d2ccfa53e7d6b6cda,game_total_alt,under,,5.5,fanduel,104,-130,oddsapi
2026-09-29T16:05:06Z,2026-09-29,NYR @ BOS,ac3cb11040dbdb0d2ccfa53e7d6b6cda,game_total_alt,under,,6.5,fanduel,-156,122,oddsapi
2026-09-29T16:05:06Z,2026-09-29,NYR @ BOS,ac3cb11040dbdb0d2ccfa53e7d6b6cda,game_total_alt,under,,7.5,fanduel,-450,310,oddsapi
2026-09-29T16:05:06Z,2026-09-29,NYR @ BOS,ac3cb11040dbdb0d2ccfa53e7d6b6cda,game_total_alt,under,,8.5,fanduel,-750,470,oddsapi
2026-09-29T16:05:06Z,2026-09-29,NYR @ BOS,ac3cb11040dbdb0d2ccfa53e7d6b6cda,game_total_alt,under,,9.5,fanduel,-2400,1120,oddsapi
2026-09-29T16:05:06Z,2026-09-29,NYR @ BOS,ac3cb11040dbdb0d2ccfa53e7d6b6cda,game_total_alt,under,,10.5,fanduel,-4500,1650,oddsapi
2026-09-29T16:05:06Z,2026-09-29,NYR @ BOS,ac3cb11040dbdb0d2ccfa53e7d6b6cda,game_total_alt,under,,11.5,fanduel,-8000,4600,oddsapi
2026-09-29T16:05:06Z,2026-09-29,NYR @ BOS,ac3cb11040dbdb0d2ccfa53e7d6b6cda,game_ml3,BOS,,,fanduel,150,,oddsapi
2026-09-29T16:05:06Z,2026-09-29,NYR @ BOS,ac3cb11040dbdb0d2ccfa53e7d6b6cda,game_ml3,NYR,,,fanduel,150,,oddsapi
2026-09-29T16:05:06Z,2026-09-29,NYR @ BOS,ac3cb11040dbdb0d2ccfa53e7d6b6cda,game_ml3,draw,,,fanduel,290,,oddsapi
2026-09-29T16:05:06Z,2026-09-29,NYR @ BOS,ac3cb11040dbdb0d2ccfa53e7d6b6cda,p1_ml3,BOS,,,fanduel,190,,oddsapi
2026-09-29T16:05:06Z,2026-09-29,NYR @ BOS,ac3cb11040dbdb0d2ccfa53e7d6b6cda,p1_ml3,NYR,,,fanduel,185,,oddsapi
2026-09-29T16:05:06Z,2026-09-29,NYR @ BOS,ac3cb11040dbdb0d2ccfa53e7d6b6cda,p1_ml3,draw,,,fanduel,170,,oddsapi
2026-09-29T16:05:06Z,2026-09-29,NYR @ BOS,ac3cb11040dbdb0d2ccfa53e7d6b6cda,p2_ml3,BOS,,,fanduel,170,,oddsapi
2026-09-29T16:05:06Z,2026-09-29,NYR @ BOS,ac3cb11040dbdb0d2ccfa53e7d6b6cda,p2_ml3,NYR,,,fanduel,180,,oddsapi
2026-09-29T16:05:06Z,2026-09-29,NYR @ BOS,ac3cb11040dbdb0d2ccfa53e7d6b6cda,p2_ml3,draw,,,fanduel,200,,oddsapi
2026-09-29T16:05:06Z,2026-09-29,NYR @ BOS,ac3cb11040dbdb0d2ccfa53e7d6b6cda,p3_ml3,BOS,,,fanduel,155,,oddsapi
2026-09-29T16:05:06Z,2026-09-29,NYR @ BOS,ac3cb11040dbdb0d2ccfa53e7d6b6cda,p3_ml3,NYR,,,fanduel,160,,oddsapi
2026-09-29T16:05:06Z,2026-09-29,NYR @ BOS,ac3cb11040dbdb0d2ccfa53e7d6b6cda,p3_ml3,draw,,,fanduel,250,,oddsapi
2026-09-29T16:05:06Z,2026-09-29,NYR @ BOS,ac3cb11040dbdb0d2ccfa53e7d6b6cda,p1_ml,BOS,,,fanduel,-112,-112,oddsapi
2026-09-29T16:05:06Z,2026-09-29,NYR @ BOS,ac3cb11040dbdb0d2ccfa53e7d6b6cda,p1_ml,NYR,,,fanduel,-112,-112,oddsapi
2026-09-29T16:05:06Z,2026-09-29,NYR @ BOS,ac3cb11040dbdb0d2ccfa53e7d6b6cda,p2_ml,BOS,,,fanduel,-116,-110,oddsapi
2026-09-29T16:05:06Z,2026-09-29,NYR @ BOS,ac3cb11040dbdb0d2ccfa53e7d6b6cda,p2_ml,NYR,,,fanduel,-110,-116,oddsapi
2026-09-29T16:05:06Z,2026-09-29,NYR @ BOS,ac3cb11040dbdb0d2ccfa53e7d6b6cda,p3_ml,BOS,,,fanduel,-112,-112,oddsapi
2026-09-29T16:05:06Z,2026-09-29,NYR @ BOS,ac3cb11040dbdb0d2ccfa53e7d6b6cda,p3_ml,NYR,,,fanduel,-112,-112,oddsapi
2026-09-29T16:05:06Z,2026-09-29,NYR @ BOS,ac3cb11040dbdb0d2ccfa53e7d6b6cda,ags,yes,David Pastrnak,,fanduel,155,,oddsapi
2026-09-29T16:05:06Z,2026-09-29,NYR @ BOS,ac3cb11040dbdb0d2ccfa53e7d6b6cda,ags,yes,Pavel Dorofeyev,,fanduel,160,,oddsapi
2026-09-29T16:05:06Z,2026-09-29,NYR @ BOS,ac3cb11040dbdb0d2ccfa53e7d6b6cda,ags,yes,Mika Zibanejad,,fanduel,190,,oddsapi
2026-09-29T16:05:06Z,2026-09-29,NYR @ BOS,ac3cb11040dbdb0d2ccfa53e7d6b6cda,ags,yes,Morgan Geekie,,fanduel,200,,oddsapi
2026-09-29T16:05:06Z,2026-09-29,NYR @ BOS,ac3cb11040dbdb0d2ccfa53e7d6b6cda,ags,yes,JJ Peterka,,fanduel,230,,oddsapi
2026-09-29T16:05:06Z,2026-09-29,NYR @ BOS,ac3cb11040dbdb0d2ccfa53e7d6b6cda,ags,yes,Alexis Lafrenière,,fanduel,260,,oddsapi
2026-09-29T16:05:06Z,2026-09-29,NYR @ BOS,ac3cb11040dbdb0d2ccfa53e7d6b6cda,ags,yes,Pavel Zacha,,fanduel,270,,oddsapi
2026-09-29T16:05:06Z,2026-09-29,NYR @ BOS,ac3cb11040dbdb0d2ccfa53e7d6b6cda,ags,yes,J.T. Miller,,fanduel,280,,oddsapi
2026-09-29T16:05:06Z,2026-09-29,NYR @ BOS,ac3cb11040dbdb0d2ccfa53e7d6b6cda,ags,yes,Fraser Minten,,fanduel,340,,oddsapi
2026-09-29T16:05:06Z,2026-09-29,NYR @ BOS,ac3cb11040dbdb0d2ccfa53e7d6b6cda,ags,yes,Will Cuylle,,fanduel,340,,oddsapi
2026-09-29T16:05:06Z,2026-09-29,NYR @ BOS,ac3cb11040dbdb0d2ccfa53e7d6b6cda,ags,yes,Gabe Perreault,,fanduel,370,,oddsapi
2026-09-29T16:05:06Z,2026-09-29,NYR @ BOS,ac3cb11040dbdb0d2ccfa53e7d6b6cda,ags,yes,Elias Lindholm,,fanduel,390,,oddsapi
2026-09-29T16:05:06Z,2026-09-29,NYR @ BOS,ac3cb11040dbdb0d2ccfa53e7d6b6cda,ags,yes,James Hagens,,fanduel,410,,oddsapi
2026-09-29T16:05:06Z,2026-09-29,NYR @ BOS,ac3cb11040dbdb0d2ccfa53e7d6b6cda,ags,yes,Eeli Tolvanen,,fanduel,420,,oddsapi
2026-09-29T16:05:06Z,2026-09-29,NYR @ BOS,ac3cb11040dbdb0d2ccfa53e7d6b6cda,ags,yes,Casey Mittelstadt,,fanduel,430,,oddsapi
2026-09-29T16:05:06Z,2026-09-29,NYR @ BOS,ac3cb11040dbdb0d2ccfa53e7d6b6cda,ags,yes,Oliver Bjorkstrand,,fanduel,430,,oddsapi
2026-09-29T16:05:06Z,2026-09-29,NYR @ BOS,ac3cb11040dbdb0d2ccfa53e7d6b6cda,ags,yes,Adam Fox,,fanduel,575,,oddsapi
2026-09-29T16:05:06Z,2026-09-29,NYR @ BOS,ac3cb11040dbdb0d2ccfa53e7d6b6cda,ags,yes,Mark Kastelic,,fanduel,650,,oddsapi
2026-09-29T16:05:06Z,2026-09-29,NYR @ BOS,ac3cb11040dbdb0d2ccfa53e7d6b6cda,ags,yes,Marat Khusnutdinov,,fanduel,700,,oddsapi
2026-09-29T16:05:06Z,2026-09-29,NYR @ BOS,ac3cb11040dbdb0d2ccfa53e7d6b6cda,ags,yes,Noah Laba,,fanduel,725,,oddsapi
2026-09-29T16:05:06Z,2026-09-29,NYR @ BOS,ac3cb11040dbdb0d2ccfa53e7d6b6cda,ags,yes,Mason Lohrei,,fanduel,800,,oddsapi
2026-09-29T16:05:06Z,2026-09-29,NYR @ BOS,ac3cb11040dbdb0d2ccfa53e7d6b6cda,ags,yes,Hampus Lindholm,,fanduel,850,,oddsapi
2026-09-29T16:05:06Z,2026-09-29,NYR @ BOS,ac3cb11040dbdb0d2ccfa53e7d6b6cda,ags,yes,Tye Kartye,,fanduel,900,,oddsapi
2026-09-29T16:05:06Z,2026-09-29,NYR @ BOS,ac3cb11040dbdb0d2ccfa53e7d6b6cda,ags,yes,Tanner Jeannot,,fanduel,900,,oddsapi
2026-09-29T16:05:06Z,2026-09-29,NYR @ BOS,ac3cb11040dbdb0d2ccfa53e7d6b6cda,ags,yes,Sean Durzi,,fanduel,1000,,oddsapi
2026-09-29T16:05:06Z,2026-09-29,NYR @ BOS,ac3cb11040dbdb0d2ccfa53e7d6b6cda,ags,yes,Vladislav Gavrikov,,fanduel,1100,,oddsapi
2026-09-29T16:05:06Z,2026-09-29,NYR @ BOS,ac3cb11040dbdb0d2ccfa53e7d6b6cda,ags,yes,Joe Veleno,,fanduel,1200,,oddsapi
2026-09-29T16:05:06Z,2026-09-29,NYR @ BOS,ac3cb11040dbdb0d2ccfa53e7d6b6cda,ags,yes,Sean Kuraly,,fanduel,1200,,oddsapi
2026-09-29T16:05:06Z,2026-09-29,NYR @ BOS,ac3cb11040dbdb0d2ccfa53e7d6b6cda,ags,yes,Matt Rempe,,fanduel,1300,,oddsapi
2026-09-29T16:05:06Z,2026-09-29,NYR @ BOS,ac3cb11040dbdb0d2ccfa53e7d6b6cda,ags,yes,Alberts Smits,,fanduel,1400,,oddsapi
2026-09-29T16:05:06Z,2026-09-29,NYR @ BOS,ac3cb11040dbdb0d2ccfa53e7d6b6cda,ags,yes,Marcus Pettersson,,fanduel,1600,,oddsapi
2026-09-29T16:05:06Z,2026-09-29,NYR @ BOS,ac3cb11040dbdb0d2ccfa53e7d6b6cda,ags,yes,Will Borgen,,fanduel,1700,,oddsapi
2026-09-29T16:05:06Z,2026-09-29,NYR @ BOS,ac3cb11040dbdb0d2ccfa53e7d6b6cda,ags,yes,Braden Schneider,,fanduel,1700,,oddsapi
2026-09-29T16:05:06Z,2026-09-29,NYR @ BOS,ac3cb11040dbdb0d2ccfa53e7d6b6cda,ags,yes,Jonathan Aspirot,,fanduel,1800,,oddsapi
2026-09-29T16:05:06Z,2026-09-29,NYR @ BOS,ac3cb11040dbdb0d2ccfa53e7d6b6cda,ags,yes,Connor Clifton,,fanduel,2300,,oddsapi
2026-09-29T16:05:06Z,2026-09-29,NYR @ BOS,ac3cb11040dbdb0d2ccfa53e7d6b6cda,ags,yes,Nikita Zadorov,,fanduel,2300,,oddsapi
2026-09-29T16:05:06Z,2026-09-29,NYR @ BOS,ac3cb11040dbdb0d2ccfa53e7d6b6cda,fgs,yes,David Pastrnak,,fanduel,1000,,oddsapi
2026-09-29T16:05:06Z,2026-09-29,NYR @ BOS,ac3cb11040dbdb0d2ccfa53e7d6b6cda,fgs,yes,Pavel Dorofeyev,,fanduel,1000,,oddsapi
2026-09-29T16:05:06Z,2026-09-29,NYR @ BOS,ac3cb11040dbdb0d2ccfa53e7d6b6cda,fgs,yes,Mika Zibanejad,,fanduel,1200,,oddsapi
2026-09-29T16:05:06Z,2026-09-29,NYR @ BOS,ac3cb11040dbdb0d2ccfa53e7d6b6cda,fgs,yes,Morgan Geekie,,fanduel,1200,,oddsapi
2026-09-29T16:05:06Z,2026-09-29,NYR @ BOS,ac3cb11040dbdb0d2ccfa53e7d6b6cda,fgs,yes,JJ Peterka,,fanduel,1400,,oddsapi
2026-09-29T16:05:06Z,2026-09-29,NYR @ BOS,ac3cb11040dbdb0d2ccfa53e7d6b6cda,fgs,yes,Alexis Lafrenière,,fanduel,1600,,oddsapi
2026-09-29T16:05:06Z,2026-09-29,NYR @ BOS,ac3cb11040dbdb0d2ccfa53e7d6b6cda,fgs,yes,Pavel Zacha,,fanduel,1700,,oddsapi
2026-09-29T16:05:06Z,2026-09-29,NYR @ BOS,ac3cb11040dbdb0d2ccfa53e7d6b6cda,fgs,yes,J.T. Miller,,fanduel,1700,,oddsapi
2026-09-29T16:05:06Z,2026-09-29,NYR @ BOS,ac3cb11040dbdb0d2ccfa53e7d6b6cda,fgs,yes,Will Cuylle,,fanduel,2000,,oddsapi
2026-09-29T16:05:06Z,2026-09-29,NYR @ BOS,ac3cb11040dbdb0d2ccfa53e7d6b6cda,fgs,yes,Fraser Minten,,fanduel,2000,,oddsapi
2026-09-29T16:05:06Z,2026-09-29,NYR @ BOS,ac3cb11040dbdb0d2ccfa53e7d6b6cda,fgs,yes,Eeli Tolvanen,,fanduel,2200,,oddsapi
2026-09-29T16:05:06Z,2026-09-29,NYR @ BOS,ac3cb11040dbdb0d2ccfa53e7d6b6cda,fgs,yes,James Hagens,,fanduel,2200,,oddsapi
2026-09-29T16:05:06Z,2026-09-29,NYR @ BOS,ac3cb11040dbdb0d2ccfa53e7d6b6cda,fgs,yes,Gabe Perreault,,fanduel,2200,,oddsapi
2026-09-29T16:05:06Z,2026-09-29,NYR @ BOS,ac3cb11040dbdb0d2ccfa53e7d6b6cda,fgs,yes,Elias Lindholm,,fanduel,2200,,oddsapi
2026-09-29T16:05:06Z,2026-09-29,NYR @ BOS,ac3cb11040dbdb0d2ccfa53e7d6b6cda,fgs,yes,Casey Mittelstadt,,fanduel,2500,,oddsapi
2026-09-29T16:05:06Z,2026-09-29,NYR @ BOS,ac3cb11040dbdb0d2ccfa53e7d6b6cda,fgs,yes,Oliver Bjorkstrand,,fanduel,2700,,oddsapi
2026-09-29T16:05:06Z,2026-09-29,NYR @ BOS,ac3cb11040dbdb0d2ccfa53e7d6b6cda,fgs,yes,Adam Fox,,fanduel,3000,,oddsapi
2026-09-29T16:05:06Z,2026-09-29,NYR @ BOS,ac3cb11040dbdb0d2ccfa53e7d6b6cda,fgs,yes,Mark Kastelic,,fanduel,3300,,oddsapi
2026-09-29T16:05:06Z,2026-09-29,NYR @ BOS,ac3cb11040dbdb0d2ccfa53e7d6b6cda,fgs,yes,Noah Laba,,fanduel,3500,,oddsapi
2026-09-29T16:05:06Z,2026-09-29,NYR @ BOS,ac3cb11040dbdb0d2ccfa53e7d6b6cda,fgs,yes,Marat Khusnutdinov,,fanduel,3500,,oddsapi
2026-09-29T16:05:06Z,2026-09-29,NYR @ BOS,ac3cb11040dbdb0d2ccfa53e7d6b6cda,fgs,yes,Mason Lohrei,,fanduel,4000,,oddsapi
2026-09-29T16:05:06Z,2026-09-29,NYR @ BOS,ac3cb11040dbdb0d2ccfa53e7d6b6cda,fgs,yes,Hampus Lindholm,,fanduel,4000,,oddsapi
2026-09-29T16:05:06Z,2026-09-29,NYR @ BOS,ac3cb11040dbdb0d2ccfa53e7d6b6cda,fgs,yes,Tye Kartye,,fanduel,4000,,oddsapi
2026-09-29T16:05:06Z,2026-09-29,NYR @ BOS,ac3cb11040dbdb0d2ccfa53e7d6b6cda,fgs,yes,Tanner Jeannot,,fanduel,4500,,oddsapi
2026-09-29T16:05:06Z,2026-09-29,NYR @ BOS,ac3cb11040dbdb0d2ccfa53e7d6b6cda,fgs,yes,Vladislav Gavrikov,,fanduel,5000,,oddsapi
2026-09-29T16:05:06Z,2026-09-29,NYR @ BOS,ac3cb11040dbdb0d2ccfa53e7d6b6cda,fgs,yes,Sean Durzi,,fanduel,5000,,oddsapi
2026-09-29T16:05:06Z,2026-09-29,NYR @ BOS,ac3cb11040dbdb0d2ccfa53e7d6b6cda,fgs,yes,Sean Kuraly,,fanduel,6000,,oddsapi
2026-09-29T16:05:06Z,2026-09-29,NYR @ BOS,ac3cb11040dbdb0d2ccfa53e7d6b6cda,fgs,yes,Joe Veleno,,fanduel,6500,,oddsapi
2026-09-29T16:05:06Z,2026-09-29,NYR @ BOS,ac3cb11040dbdb0d2ccfa53e7d6b6cda,fgs,yes,Matt Rempe,,fanduel,7000,,oddsapi
2026-09-29T16:05:06Z,2026-09-29,NYR @ BOS,ac3cb11040dbdb0d2ccfa53e7d6b6cda,fgs,yes,Will Borgen,,fanduel,7500,,oddsapi
2026-09-29T16:05:06Z,2026-09-29,NYR @ BOS,ac3cb11040dbdb0d2ccfa53e7d6b6cda,fgs,yes,Alberts Smits,,fanduel,7500,,oddsapi
2026-09-29T16:05:06Z,2026-09-29,NYR @ BOS,ac3cb11040dbdb0d2ccfa53e7d6b6cda,fgs,yes,Marcus Pettersson,,fanduel,8000,,oddsapi
2026-09-29T16:05:06Z,2026-09-29,NYR @ BOS,ac3cb11040dbdb0d2ccfa53e7d6b6cda,fgs,yes,Braden Schneider,,fanduel,8000,,oddsapi
2026-09-29T16:05:06Z,2026-09-29,NYR @ BOS,ac3cb11040dbdb0d2ccfa53e7d6b6cda,fgs,yes,Jonathan Aspirot,,fanduel,8000,,oddsapi
2026-09-29T16:05:06Z,2026-09-29,NYR @ BOS,ac3cb11040dbdb0d2ccfa53e7d6b6cda,fgs,yes,Nikita Zadorov,,fanduel,10000,,oddsapi
2026-09-29T16:05:06Z,2026-09-29,NYR @ BOS,ac3cb11040dbdb0d2ccfa53e7d6b6cda,fgs,yes,Connor Clifton,,fanduel,10000,,oddsapi
2026-09-29T16:05:06Z,2026-09-29,NYR @ BOS,ac3cb11040dbdb0d2ccfa53e7d6b6cda,sk_g,over,JJ Peterka,0.5,fanduel,230,-320,oddsapi
2026-09-29T16:05:06Z,2026-09-29,NYR @ BOS,ac3cb11040dbdb0d2ccfa53e7d6b6cda,sk_g,under,JJ Peterka,0.5,fanduel,-320,230,oddsapi
2026-09-29T16:05:06Z,2026-09-29,NYR @ BOS,ac3cb11040dbdb0d2ccfa53e7d6b6cda,sk_g,over,Pavel Dorofeyev,0.5,fanduel,160,-230,oddsapi
2026-09-29T16:05:06Z,2026-09-29,NYR @ BOS,ac3cb11040dbdb0d2ccfa53e7d6b6cda,sk_g,under,Pavel Dorofeyev,0.5,fanduel,-230,160,oddsapi
2026-09-29T16:05:06Z,2026-09-29,NYR @ BOS,ac3cb11040dbdb0d2ccfa53e7d6b6cda,sk_g,over,Mika Zibanejad,0.5,fanduel,190,-260,oddsapi
2026-09-29T16:05:06Z,2026-09-29,NYR @ BOS,ac3cb11040dbdb0d2ccfa53e7d6b6cda,sk_g,under,Mika Zibanejad,0.5,fanduel,-260,190,oddsapi
2026-09-29T16:05:06Z,2026-09-29,NYR @ BOS,ac3cb11040dbdb0d2ccfa53e7d6b6cda,sk_g,over,Morgan Geekie,0.5,fanduel,200,-280,oddsapi
2026-09-29T16:05:06Z,2026-09-29,NYR @ BOS,ac3cb11040dbdb0d2ccfa53e7d6b6cda,sk_g,under,Morgan Geekie,0.5,fanduel,-280,200,oddsapi
2026-09-29T16:05:06Z,2026-09-29,NYR @ BOS,ac3cb11040dbdb0d2ccfa53e7d6b6cda,sk_g,over,David Pastrnak,0.5,fanduel,155,-210,oddsapi
2026-09-29T16:05:06Z,2026-09-29,NYR @ BOS,ac3cb11040dbdb0d2ccfa53e7d6b6cda,sk_g,under,David Pastrnak,0.5,fanduel,-210,155,oddsapi
2026-09-29T16:05:06Z,2026-09-29,NYR @ BOS,ac3cb11040dbdb0d2ccfa53e7d6b6cda,sk_g,over,Alexis Lafrenière,0.5,fanduel,260,-400,oddsapi
2026-09-29T16:05:06Z,2026-09-29,NYR @ BOS,ac3cb11040dbdb0d2ccfa53e7d6b6cda,sk_g,under,Alexis Lafrenière,0.5,fanduel,-400,260,oddsapi
2026-09-29T16:05:06Z,2026-09-29,NYR @ BOS,ac3cb11040dbdb0d2ccfa53e7d6b6cda,sk_sog,over,JJ Peterka,1.5,fanduel,-170,130,oddsapi
2026-09-29T16:05:06Z,2026-09-29,NYR @ BOS,ac3cb11040dbdb0d2ccfa53e7d6b6cda,sk_sog,under,JJ Peterka,1.5,fanduel,130,-170,oddsapi
2026-09-29T16:05:06Z,2026-09-29,NYR @ BOS,ac3cb11040dbdb0d2ccfa53e7d6b6cda,sk_sog,over,Hampus Lindholm,1.5,fanduel,-106,-122,oddsapi
2026-09-29T16:05:06Z,2026-09-29,NYR @ BOS,ac3cb11040dbdb0d2ccfa53e7d6b6cda,sk_sog,under,Hampus Lindholm,1.5,fanduel,-122,-106,oddsapi
2026-09-29T16:05:06Z,2026-09-29,NYR @ BOS,ac3cb11040dbdb0d2ccfa53e7d6b6cda,sk_sog,over,Alexis Lafrenière,2.5,fanduel,138,-182,oddsapi
2026-09-29T16:05:06Z,2026-09-29,NYR @ BOS,ac3cb11040dbdb0d2ccfa53e7d6b6cda,sk_sog,under,Alexis Lafrenière,2.5,fanduel,-182,138,oddsapi
2026-09-29T16:05:06Z,2026-09-29,NYR @ BOS,ac3cb11040dbdb0d2ccfa53e7d6b6cda,sk_sog,over,Will Cuylle,1.5,fanduel,-102,-128,oddsapi
2026-09-29T16:05:06Z,2026-09-29,NYR @ BOS,ac3cb11040dbdb0d2ccfa53e7d6b6cda,sk_sog,under,Will Cuylle,1.5,fanduel,-128,-102,oddsapi
2026-09-29T16:05:06Z,2026-09-29,NYR @ BOS,ac3cb11040dbdb0d2ccfa53e7d6b6cda,sk_sog,over,James Hagens,1.5,fanduel,-114,-114,oddsapi
2026-09-29T16:05:06Z,2026-09-29,NYR @ BOS,ac3cb11040dbdb0d2ccfa53e7d6b6cda,sk_sog,under,James Hagens,1.5,fanduel,-114,-114,oddsapi
2026-09-29T16:05:06Z,2026-09-29,NYR @ BOS,ac3cb11040dbdb0d2ccfa53e7d6b6cda,sk_sog,over,Fraser Minten,1.5,fanduel,-108,-120,oddsapi
2026-09-29T16:05:06Z,2026-09-29,NYR @ BOS,ac3cb11040dbdb0d2ccfa53e7d6b6cda,sk_sog,under,Fraser Minten,1.5,fanduel,-120,-108,oddsapi
2026-09-29T16:05:06Z,2026-09-29,NYR @ BOS,ac3cb11040dbdb0d2ccfa53e7d6b6cda,sk_sog,over,Pavel Zacha,1.5,fanduel,-122,-106,oddsapi
2026-09-29T16:05:06Z,2026-09-29,NYR @ BOS,ac3cb11040dbdb0d2ccfa53e7d6b6cda,sk_sog,under,Pavel Zacha,1.5,fanduel,-106,-122,oddsapi
2026-09-29T16:05:06Z,2026-09-29,NYR @ BOS,ac3cb11040dbdb0d2ccfa53e7d6b6cda,sk_sog,over,Pavel Dorofeyev,2.5,fanduel,-144,110,oddsapi
2026-09-29T16:05:06Z,2026-09-29,NYR @ BOS,ac3cb11040dbdb0d2ccfa53e7d6b6cda,sk_sog,under,Pavel Dorofeyev,2.5,fanduel,110,-144,oddsapi
2026-09-29T16:05:06Z,2026-09-29,NYR @ BOS,ac3cb11040dbdb0d2ccfa53e7d6b6cda,sk_sog,over,David Pastrnak,3.5,fanduel,104,-135,oddsapi
2026-09-29T16:05:06Z,2026-09-29,NYR @ BOS,ac3cb11040dbdb0d2ccfa53e7d6b6cda,sk_sog,under,David Pastrnak,3.5,fanduel,-135,104,oddsapi
2026-09-29T16:05:06Z,2026-09-29,NYR @ BOS,ac3cb11040dbdb0d2ccfa53e7d6b6cda,sk_sog,over,Adam Fox,1.5,fanduel,-152,116,oddsapi
2026-09-29T16:05:06Z,2026-09-29,NYR @ BOS,ac3cb11040dbdb0d2ccfa53e7d6b6cda,sk_sog,under,Adam Fox,1.5,fanduel,116,-152,oddsapi
2026-09-29T16:05:06Z,2026-09-29,NYR @ BOS,ac3cb11040dbdb0d2ccfa53e7d6b6cda,sk_sog,over,J.T. Miller,1.5,fanduel,-170,130,oddsapi
2026-09-29T16:05:06Z,2026-09-29,NYR @ BOS,ac3cb11040dbdb0d2ccfa53e7d6b6cda,sk_sog,under,J.T. Miller,1.5,fanduel,130,-170,oddsapi
2026-09-29T16:05:06Z,2026-09-29,NYR @ BOS,ac3cb11040dbdb0d2ccfa53e7d6b6cda,sk_sog,over,Morgan Geekie,1.5,fanduel,-170,130,oddsapi
2026-09-29T16:05:06Z,2026-09-29,NYR @ BOS,ac3cb11040dbdb0d2ccfa53e7d6b6cda,sk_sog,under,Morgan Geekie,1.5,fanduel,130,-170,oddsapi
2026-09-29T16:05:06Z,2026-09-29,NYR @ BOS,ac3cb11040dbdb0d2ccfa53e7d6b6cda,sk_sog,over,Elias Lindholm,1.5,fanduel,-135,104,oddsapi
2026-09-29T16:05:06Z,2026-09-29,NYR @ BOS,ac3cb11040dbdb0d2ccfa53e7d6b6cda,sk_sog,under,Elias Lindholm,1.5,fanduel,104,-135,oddsapi
2026-09-29T16:05:06Z,2026-09-29,NYR @ BOS,ac3cb11040dbdb0d2ccfa53e7d6b6cda,sk_sog,over,Mika Zibanejad,2.5,fanduel,-130,100,oddsapi
2026-09-29T16:05:06Z,2026-09-29,NYR @ BOS,ac3cb11040dbdb0d2ccfa53e7d6b6cda,sk_sog,under,Mika Zibanejad,2.5,fanduel,100,-130,oddsapi
2026-09-29T16:05:06Z,2026-09-29,NYR @ BOS,ac3cb11040dbdb0d2ccfa53e7d6b6cda,sk_sog,over,Gabe Perreault,1.5,fanduel,-130,100,oddsapi
2026-09-29T16:05:06Z,2026-09-29,NYR @ BOS,ac3cb11040dbdb0d2ccfa53e7d6b6cda,sk_sog,under,Gabe Perreault,1.5,fanduel,100,-130,oddsapi
2026-09-29T16:05:06Z,2026-09-29,NYR @ BOS,ac3cb11040dbdb0d2ccfa53e7d6b6cda,sk_sog,over,Oliver Bjorkstrand,1.5,fanduel,120,-156,oddsapi
2026-09-29T16:05:06Z,2026-09-29,NYR @ BOS,ac3cb11040dbdb0d2ccfa53e7d6b6cda,sk_sog,under,Oliver Bjorkstrand,1.5,fanduel,-156,120,oddsapi
2026-09-29T16:05:06Z,2026-09-29,NYR @ BOS,ac3cb11040dbdb0d2ccfa53e7d6b6cda,p1_pl,BOS,,0.5,fanduel,-240,184,oddsapi
2026-09-29T16:05:06Z,2026-09-29,NYR @ BOS,ac3cb11040dbdb0d2ccfa53e7d6b6cda,p1_pl,NYR,,-0.5,fanduel,184,-240,oddsapi
2026-09-29T16:05:06Z,2026-09-29,NYR @ BOS,ac3cb11040dbdb0d2ccfa53e7d6b6cda,p2_pl,BOS,,-0.5,fanduel,168,-220,oddsapi
2026-09-29T16:05:06Z,2026-09-29,NYR @ BOS,ac3cb11040dbdb0d2ccfa53e7d6b6cda,p2_pl,NYR,,0.5,fanduel,-220,168,oddsapi
2026-09-29T16:05:06Z,2026-09-29,NYR @ BOS,ac3cb11040dbdb0d2ccfa53e7d6b6cda,p3_pl,BOS,,-0.5,fanduel,154,-200,oddsapi
2026-09-29T16:05:06Z,2026-09-29,NYR @ BOS,ac3cb11040dbdb0d2ccfa53e7d6b6cda,p3_pl,NYR,,0.5,fanduel,-200,154,oddsapi
2026-09-29T16:05:06Z,2026-09-29,NYR @ BOS,ac3cb11040dbdb0d2ccfa53e7d6b6cda,team_total,over,BOS,2.5,fanduel,-164,,oddsapi
2026-09-29T16:05:06Z,2026-09-29,NYR @ BOS,ac3cb11040dbdb0d2ccfa53e7d6b6cda,team_total,under,BOS,3.5,fanduel,-190,,oddsapi
2026-09-29T16:05:06Z,2026-09-29,NYR @ BOS,ac3cb11040dbdb0d2ccfa53e7d6b6cda,team_total,over,NYR,2.5,fanduel,-160,,oddsapi
2026-09-29T16:05:06Z,2026-09-29,NYR @ BOS,ac3cb11040dbdb0d2ccfa53e7d6b6cda,team_total,under,NYR,3.5,fanduel,-192,,oddsapi
2026-09-29T16:05:06Z,2026-09-29,NYR @ BOS,ac3cb11040dbdb0d2ccfa53e7d6b6cda,p1_team_total,over,BOS,0.5,fanduel,-154,122,oddsapi
2026-09-29T16:05:06Z,2026-09-29,NYR @ BOS,ac3cb11040dbdb0d2ccfa53e7d6b6cda,p1_team_total,under,BOS,0.5,fanduel,122,-154,oddsapi
2026-09-29T16:05:06Z,2026-09-29,NYR @ BOS,ac3cb11040dbdb0d2ccfa53e7d6b6cda,p1_team_total,over,NYR,0.5,fanduel,-156,122,oddsapi
2026-09-29T16:05:06Z,2026-09-29,NYR @ BOS,ac3cb11040dbdb0d2ccfa53e7d6b6cda,p1_team_total,under,NYR,0.5,fanduel,122,-156,oddsapi
2026-09-29T16:05:06Z,2026-09-29,NYR @ BOS,ac3cb11040dbdb0d2ccfa53e7d6b6cda,p1_total,over,,1.5,fanduel,-120,-106,oddsapi
2026-09-29T16:05:06Z,2026-09-29,NYR @ BOS,ac3cb11040dbdb0d2ccfa53e7d6b6cda,p1_total,under,,1.5,fanduel,-106,-120,oddsapi
2026-09-29T16:05:06Z,2026-09-29,NYR @ BOS,ac3cb11040dbdb0d2ccfa53e7d6b6cda,p2_total,over,,1.5,fanduel,-160,126,oddsapi
2026-09-29T16:05:06Z,2026-09-29,NYR @ BOS,ac3cb11040dbdb0d2ccfa53e7d6b6cda,p2_total,under,,1.5,fanduel,126,-160,oddsapi
2026-09-29T16:05:06Z,2026-09-29,NYR @ BOS,ac3cb11040dbdb0d2ccfa53e7d6b6cda,p3_total,over,,2.5,fanduel,156,-200,oddsapi
2026-09-29T16:05:06Z,2026-09-29,NYR @ BOS,ac3cb11040dbdb0d2ccfa53e7d6b6cda,p3_total,under,,2.5,fanduel,-200,156,oddsapi
2026-09-29T16:05:06Z,2026-09-29,NYR @ BOS,ac3cb11040dbdb0d2ccfa53e7d6b6cda,p1_ml,BOS,,,betonlineag,-115,-105,oddsapi
2026-09-29T16:05:06Z,2026-09-29,NYR @ BOS,ac3cb11040dbdb0d2ccfa53e7d6b6cda,p1_ml,NYR,,,betonlineag,-105,-115,oddsapi
2026-09-29T16:05:06Z,2026-09-29,NYR @ BOS,ac3cb11040dbdb0d2ccfa53e7d6b6cda,sk_pts,over,Hampus Lindholm,0.5,betonlineag,109,-141,oddsapi
2026-09-29T16:05:06Z,2026-09-29,NYR @ BOS,ac3cb11040dbdb0d2ccfa53e7d6b6cda,sk_pts,under,Hampus Lindholm,0.5,betonlineag,-141,109,oddsapi
2026-09-29T16:05:06Z,2026-09-29,NYR @ BOS,ac3cb11040dbdb0d2ccfa53e7d6b6cda,sk_pts,over,Pavel Dorofeyev,0.5,betonlineag,-118,-110,oddsapi
2026-09-29T16:05:06Z,2026-09-29,NYR @ BOS,ac3cb11040dbdb0d2ccfa53e7d6b6cda,sk_pts,under,Pavel Dorofeyev,0.5,betonlineag,-110,-118,oddsapi
2026-09-29T16:05:06Z,2026-09-29,NYR @ BOS,ac3cb11040dbdb0d2ccfa53e7d6b6cda,sk_pts,over,Marat Khusnutdinov,0.5,betonlineag,226,-312,oddsapi
2026-09-29T16:05:06Z,2026-09-29,NYR @ BOS,ac3cb11040dbdb0d2ccfa53e7d6b6cda,sk_pts,under,Marat Khusnutdinov,0.5,betonlineag,-312,226,oddsapi
2026-09-29T16:05:06Z,2026-09-29,NYR @ BOS,ac3cb11040dbdb0d2ccfa53e7d6b6cda,sk_pts,over,Alexis Lafrenière,0.5,betonlineag,-108,-120,oddsapi
2026-09-29T16:05:06Z,2026-09-29,NYR @ BOS,ac3cb11040dbdb0d2ccfa53e7d6b6cda,sk_pts,under,Alexis Lafrenière,0.5,betonlineag,-120,-108,oddsapi
2026-09-29T16:05:06Z,2026-09-29,NYR @ BOS,ac3cb11040dbdb0d2ccfa53e7d6b6cda,sk_pts,over,Will Cuylle,0.5,betonlineag,158,-208,oddsapi
2026-09-29T16:05:06Z,2026-09-29,NYR @ BOS,ac3cb11040dbdb0d2ccfa53e7d6b6cda,sk_pts,under,Will Cuylle,0.5,betonlineag,-208,158,oddsapi
2026-09-29T16:05:06Z,2026-09-29,NYR @ BOS,ac3cb11040dbdb0d2ccfa53e7d6b6cda,sk_pts,over,Vladislav Gavrikov,0.5,betonlineag,226,-312,oddsapi
2026-09-29T16:05:06Z,2026-09-29,NYR @ BOS,ac3cb11040dbdb0d2ccfa53e7d6b6cda,sk_pts,under,Vladislav Gavrikov,0.5,betonlineag,-312,226,oddsapi
2026-09-29T16:05:06Z,2026-09-29,NYR @ BOS,ac3cb11040dbdb0d2ccfa53e7d6b6cda,sk_pts,over,David Pastrnak,0.5,betonlineag,-227,170,oddsapi
2026-09-29T16:05:06Z,2026-09-29,NYR @ BOS,ac3cb11040dbdb0d2ccfa53e7d6b6cda,sk_pts,under,David Pastrnak,0.5,betonlineag,170,-227,oddsapi
2026-09-29T16:05:06Z,2026-09-29,NYR @ BOS,ac3cb11040dbdb0d2ccfa53e7d6b6cda,sk_pts,over,Mika Zibanejad,0.5,betonlineag,-164,125,oddsapi
2026-09-29T16:05:06Z,2026-09-29,NYR @ BOS,ac3cb11040dbdb0d2ccfa53e7d6b6cda,sk_pts,under,Mika Zibanejad,0.5,betonlineag,125,-164,oddsapi
2026-09-29T16:05:06Z,2026-09-29,NYR @ BOS,ac3cb11040dbdb0d2ccfa53e7d6b6cda,sk_pts,over,Elias Lindholm,0.5,betonlineag,141,-185,oddsapi
2026-09-29T16:05:06Z,2026-09-29,NYR @ BOS,ac3cb11040dbdb0d2ccfa53e7d6b6cda,sk_pts,under,Elias Lindholm,0.5,betonlineag,-185,141,oddsapi
2026-09-29T16:05:06Z,2026-09-29,NYR @ BOS,ac3cb11040dbdb0d2ccfa53e7d6b6cda,sk_pts,over,Eeli Tolvanen,0.5,betonlineag,186,-250,oddsapi
2026-09-29T16:05:06Z,2026-09-29,NYR @ BOS,ac3cb11040dbdb0d2ccfa53e7d6b6cda,sk_pts,under,Eeli Tolvanen,0.5,betonlineag,-250,186,oddsapi
2026-09-29T16:05:06Z,2026-09-29,NYR @ BOS,ac3cb11040dbdb0d2ccfa53e7d6b6cda,sk_pts,over,James Hagens,0.5,betonlineag,161,-213,oddsapi
2026-09-29T16:05:06Z,2026-09-29,NYR @ BOS,ac3cb11040dbdb0d2ccfa53e7d6b6cda,sk_pts,under,James Hagens,0.5,betonlineag,-213,161,oddsapi
2026-09-29T16:05:06Z,2026-09-29,NYR @ BOS,ac3cb11040dbdb0d2ccfa53e7d6b6cda,sk_pts,over,Sean Durzi,0.5,betonlineag,161,-213,oddsapi
2026-09-29T16:05:06Z,2026-09-29,NYR @ BOS,ac3cb11040dbdb0d2ccfa53e7d6b6cda,sk_pts,under,Sean Durzi,0.5,betonlineag,-213,161,oddsapi
2026-09-29T16:05:06Z,2026-09-29,NYR @ BOS,ac3cb11040dbdb0d2ccfa53e7d6b6cda,sk_pts,over,Oliver Bjorkstrand,0.5,betonlineag,178,-238,oddsapi
2026-09-29T16:05:06Z,2026-09-29,NYR @ BOS,ac3cb11040dbdb0d2ccfa53e7d6b6cda,sk_pts,under,Oliver Bjorkstrand,0.5,betonlineag,-238,178,oddsapi
2026-09-29T16:05:06Z,2026-09-29,NYR @ BOS,ac3cb11040dbdb0d2ccfa53e7d6b6cda,sk_pts,over,Adam Fox,0.5,betonlineag,-143,110,oddsapi
2026-09-29T16:05:06Z,2026-09-29,NYR @ BOS,ac3cb11040dbdb0d2ccfa53e7d6b6cda,sk_pts,under,Adam Fox,0.5,betonlineag,110,-143,oddsapi
2026-09-29T16:05:06Z,2026-09-29,NYR @ BOS,ac3cb11040dbdb0d2ccfa53e7d6b6cda,sk_pts,over,Gabe Perreault,0.5,betonlineag,152,-200,oddsapi
2026-09-29T16:05:06Z,2026-09-29,NYR @ BOS,ac3cb11040dbdb0d2ccfa53e7d6b6cda,sk_pts,under,Gabe Perreault,0.5,betonlineag,-200,152,oddsapi
2026-09-29T16:05:06Z,2026-09-29,NYR @ BOS,ac3cb11040dbdb0d2ccfa53e7d6b6cda,sk_pts,over,Casey Mittelstadt,0.5,betonlineag,144,-189,oddsapi
2026-09-29T16:05:06Z,2026-09-29,NYR @ BOS,ac3cb11040dbdb0d2ccfa53e7d6b6cda,sk_pts,under,Casey Mittelstadt,0.5,betonlineag,-189,144,oddsapi
2026-09-29T16:05:06Z,2026-09-29,NYR @ BOS,ac3cb11040dbdb0d2ccfa53e7d6b6cda,sk_pts,over,Fraser Minten,0.5,betonlineag,161,-213,oddsapi
2026-09-29T16:05:06Z,2026-09-29,NYR @ BOS,ac3cb11040dbdb0d2ccfa53e7d6b6cda,sk_pts,under,Fraser Minten,0.5,betonlineag,-213,161,oddsapi
2026-09-29T16:05:06Z,2026-09-29,NYR @ BOS,ac3cb11040dbdb0d2ccfa53e7d6b6cda,sk_pts,over,JJ Peterka,0.5,betonlineag,-108,-120,oddsapi
2026-09-29T16:05:06Z,2026-09-29,NYR @ BOS,ac3cb11040dbdb0d2ccfa53e7d6b6cda,sk_pts,under,JJ Peterka,0.5,betonlineag,-120,-108,oddsapi
2026-09-29T16:05:06Z,2026-09-29,NYR @ BOS,ac3cb11040dbdb0d2ccfa53e7d6b6cda,sk_pts,over,Pavel Zacha,0.5,betonlineag,-108,-120,oddsapi
2026-09-29T16:05:06Z,2026-09-29,NYR @ BOS,ac3cb11040dbdb0d2ccfa53e7d6b6cda,sk_pts,under,Pavel Zacha,0.5,betonlineag,-120,-108,oddsapi
2026-09-29T16:05:06Z,2026-09-29,NYR @ BOS,ac3cb11040dbdb0d2ccfa53e7d6b6cda,sk_pts,over,Morgan Geekie,0.5,betonlineag,-118,-110,oddsapi
2026-09-29T16:05:06Z,2026-09-29,NYR @ BOS,ac3cb11040dbdb0d2ccfa53e7d6b6cda,sk_pts,under,Morgan Geekie,0.5,betonlineag,-110,-118,oddsapi
2026-09-29T16:05:06Z,2026-09-29,NYR @ BOS,ac3cb11040dbdb0d2ccfa53e7d6b6cda,sk_sog,over,Elias Lindholm,1.5,betonlineag,-119,-109,oddsapi
2026-09-29T16:05:06Z,2026-09-29,NYR @ BOS,ac3cb11040dbdb0d2ccfa53e7d6b6cda,sk_sog,under,Elias Lindholm,1.5,betonlineag,-109,-119,oddsapi
2026-09-29T16:05:06Z,2026-09-29,NYR @ BOS,ac3cb11040dbdb0d2ccfa53e7d6b6cda,sk_sog,over,Mika Zibanejad,2.5,betonlineag,-115,-112,oddsapi
2026-09-29T16:05:06Z,2026-09-29,NYR @ BOS,ac3cb11040dbdb0d2ccfa53e7d6b6cda,sk_sog,under,Mika Zibanejad,2.5,betonlineag,-112,-115,oddsapi
2026-09-29T16:05:06Z,2026-09-29,NYR @ BOS,ac3cb11040dbdb0d2ccfa53e7d6b6cda,sk_sog,over,Alexis Lafrenière,1.5,betonlineag,-156,120,oddsapi
2026-09-29T16:05:06Z,2026-09-29,NYR @ BOS,ac3cb11040dbdb0d2ccfa53e7d6b6cda,sk_sog,under,Alexis Lafrenière,1.5,betonlineag,120,-156,oddsapi
2026-09-29T16:05:06Z,2026-09-29,NYR @ BOS,ac3cb11040dbdb0d2ccfa53e7d6b6cda,sk_sog,over,Adam Fox,1.5,betonlineag,-145,112,oddsapi
2026-09-29T16:05:06Z,2026-09-29,NYR @ BOS,ac3cb11040dbdb0d2ccfa53e7d6b6cda,sk_sog,under,Adam Fox,1.5,betonlineag,112,-145,oddsapi
2026-09-29T16:05:06Z,2026-09-29,NYR @ BOS,ac3cb11040dbdb0d2ccfa53e7d6b6cda,sk_sog,over,Gabe Perreault,1.5,betonlineag,-122,-106,oddsapi
2026-09-29T16:05:06Z,2026-09-29,NYR @ BOS,ac3cb11040dbdb0d2ccfa53e7d6b6cda,sk_sog,under,Gabe Perreault,1.5,betonlineag,-106,-122,oddsapi
2026-09-29T16:05:06Z,2026-09-29,NYR @ BOS,ac3cb11040dbdb0d2ccfa53e7d6b6cda,sk_sog,over,David Pastrnak,3.5,betonlineag,106,-137,oddsapi
2026-09-29T16:05:06Z,2026-09-29,NYR @ BOS,ac3cb11040dbdb0d2ccfa53e7d6b6cda,sk_sog,under,David Pastrnak,3.5,betonlineag,-137,106,oddsapi
2026-09-29T16:05:06Z,2026-09-29,NYR @ BOS,ac3cb11040dbdb0d2ccfa53e7d6b6cda,sk_sog,over,Pavel Dorofeyev,2.5,betonlineag,-130,100,oddsapi
2026-09-29T16:05:06Z,2026-09-29,NYR @ BOS,ac3cb11040dbdb0d2ccfa53e7d6b6cda,sk_sog,under,Pavel Dorofeyev,2.5,betonlineag,100,-130,oddsapi
2026-09-29T16:05:06Z,2026-09-29,NYR @ BOS,ac3cb11040dbdb0d2ccfa53e7d6b6cda,sk_sog,over,James Hagens,1.5,betonlineag,-110,-118,oddsapi
2026-09-29T16:05:06Z,2026-09-29,NYR @ BOS,ac3cb11040dbdb0d2ccfa53e7d6b6cda,sk_sog,under,James Hagens,1.5,betonlineag,-118,-110,oddsapi
2026-09-29T16:05:06Z,2026-09-29,NYR @ BOS,ac3cb11040dbdb0d2ccfa53e7d6b6cda,sk_sog,over,Pavel Zacha,1.5,betonlineag,-118,-110,oddsapi
2026-09-29T16:05:06Z,2026-09-29,NYR @ BOS,ac3cb11040dbdb0d2ccfa53e7d6b6cda,sk_sog,under,Pavel Zacha,1.5,betonlineag,-110,-118,oddsapi
2026-09-29T16:05:06Z,2026-09-29,NYR @ BOS,ac3cb11040dbdb0d2ccfa53e7d6b6cda,sk_sog,over,Will Cuylle,1.5,betonlineag,103,-133,oddsapi
2026-09-29T16:05:06Z,2026-09-29,NYR @ BOS,ac3cb11040dbdb0d2ccfa53e7d6b6cda,sk_sog,under,Will Cuylle,1.5,betonlineag,-133,103,oddsapi
2026-09-29T16:05:06Z,2026-09-29,NYR @ BOS,ac3cb11040dbdb0d2ccfa53e7d6b6cda,sk_sog,over,Oliver Bjorkstrand,1.5,betonlineag,120,-156,oddsapi
2026-09-29T16:05:06Z,2026-09-29,NYR @ BOS,ac3cb11040dbdb0d2ccfa53e7d6b6cda,sk_sog,under,Oliver Bjorkstrand,1.5,betonlineag,-156,120,oddsapi
2026-09-29T16:05:06Z,2026-09-29,NYR @ BOS,ac3cb11040dbdb0d2ccfa53e7d6b6cda,sk_sog,over,Casey Mittelstadt,1.5,betonlineag,152,-200,oddsapi
2026-09-29T16:05:06Z,2026-09-29,NYR @ BOS,ac3cb11040dbdb0d2ccfa53e7d6b6cda,sk_sog,under,Casey Mittelstadt,1.5,betonlineag,-200,152,oddsapi
2026-09-29T16:05:06Z,2026-09-29,NYR @ BOS,ac3cb11040dbdb0d2ccfa53e7d6b6cda,sk_sog,over,J.T. Miller,1.5,betonlineag,-152,117,oddsapi
2026-09-29T16:05:06Z,2026-09-29,NYR @ BOS,ac3cb11040dbdb0d2ccfa53e7d6b6cda,sk_sog,under,J.T. Miller,1.5,betonlineag,117,-152,oddsapi
2026-09-29T16:05:06Z,2026-09-29,NYR @ BOS,ac3cb11040dbdb0d2ccfa53e7d6b6cda,sk_sog,over,JJ Peterka,1.5,betonlineag,-169,130,oddsapi
2026-09-29T16:05:06Z,2026-09-29,NYR @ BOS,ac3cb11040dbdb0d2ccfa53e7d6b6cda,sk_sog,under,JJ Peterka,1.5,betonlineag,130,-169,oddsapi
2026-09-29T16:05:06Z,2026-09-29,NYR @ BOS,ac3cb11040dbdb0d2ccfa53e7d6b6cda,sk_sog,over,Morgan Geekie,1.5,betonlineag,-159,122,oddsapi
2026-09-29T16:05:06Z,2026-09-29,NYR @ BOS,ac3cb11040dbdb0d2ccfa53e7d6b6cda,sk_sog,under,Morgan Geekie,1.5,betonlineag,122,-159,oddsapi
2026-09-29T16:05:06Z,2026-09-29,NYR @ BOS,ac3cb11040dbdb0d2ccfa53e7d6b6cda,sk_sog,over,Hampus Lindholm,1.5,betonlineag,-108,-120,oddsapi
2026-09-29T16:05:06Z,2026-09-29,NYR @ BOS,ac3cb11040dbdb0d2ccfa53e7d6b6cda,sk_sog,under,Hampus Lindholm,1.5,betonlineag,-120,-108,oddsapi
2026-09-29T16:05:06Z,2026-09-29,NYR @ BOS,ac3cb11040dbdb0d2ccfa53e7d6b6cda,sk_sog,over,Fraser Minten,1.5,betonlineag,-102,-127,oddsapi
2026-09-29T16:05:06Z,2026-09-29,NYR @ BOS,ac3cb11040dbdb0d2ccfa53e7d6b6cda,sk_sog,under,Fraser Minten,1.5,betonlineag,-127,-102,oddsapi
2026-09-29T16:05:06Z,2026-09-29,NYR @ BOS,ac3cb11040dbdb0d2ccfa53e7d6b6cda,sk_sog,over,Eeli Tolvanen,1.5,betonlineag,-112,-115,oddsapi
2026-09-29T16:05:06Z,2026-09-29,NYR @ BOS,ac3cb11040dbdb0d2ccfa53e7d6b6cda,sk_sog,under,Eeli Tolvanen,1.5,betonlineag,-115,-112,oddsapi
2026-09-29T16:05:06Z,2026-09-29,NYR @ BOS,ac3cb11040dbdb0d2ccfa53e7d6b6cda,sk_sog,over,Noah Laba,0.5,betonlineag,-233,175,oddsapi
2026-09-29T16:05:06Z,2026-09-29,NYR @ BOS,ac3cb11040dbdb0d2ccfa53e7d6b6cda,sk_sog,under,Noah Laba,0.5,betonlineag,175,-233,oddsapi
2026-09-29T16:05:06Z,2026-09-29,NYR @ BOS,ac3cb11040dbdb0d2ccfa53e7d6b6cda,g_saves,over,Igor Shesterkin,23.5,betonlineag,-118,-110,oddsapi
2026-09-29T16:05:06Z,2026-09-29,NYR @ BOS,ac3cb11040dbdb0d2ccfa53e7d6b6cda,g_saves,under,Igor Shesterkin,23.5,betonlineag,-110,-118,oddsapi
2026-09-29T16:05:06Z,2026-09-29,NYR @ BOS,ac3cb11040dbdb0d2ccfa53e7d6b6cda,g_saves,over,Jeremy Swayman,23.5,betonlineag,-112,-115,oddsapi
2026-09-29T16:05:06Z,2026-09-29,NYR @ BOS,ac3cb11040dbdb0d2ccfa53e7d6b6cda,g_saves,under,Jeremy Swayman,23.5,betonlineag,-115,-112,oddsapi
2026-09-29T16:05:06Z,2026-09-29,NYR @ BOS,ac3cb11040dbdb0d2ccfa53e7d6b6cda,p1_pl,BOS,,-0.5,betonlineag,177,-205,oddsapi
2026-09-29T16:05:06Z,2026-09-29,NYR @ BOS,ac3cb11040dbdb0d2ccfa53e7d6b6cda,p1_pl,NYR,,0.5,betonlineag,-205,177,oddsapi
2026-09-29T16:05:06Z,2026-09-29,NYR @ BOS,ac3cb11040dbdb0d2ccfa53e7d6b6cda,team_total,over,BOS,2.5,betonlineag,-165,128,oddsapi
2026-09-29T16:05:06Z,2026-09-29,NYR @ BOS,ac3cb11040dbdb0d2ccfa53e7d6b6cda,team_total,under,BOS,2.5,betonlineag,128,-165,oddsapi
2026-09-29T16:05:06Z,2026-09-29,NYR @ BOS,ac3cb11040dbdb0d2ccfa53e7d6b6cda,team_total,over,NYR,2.5,betonlineag,-158,123,oddsapi
2026-09-29T16:05:06Z,2026-09-29,NYR @ BOS,ac3cb11040dbdb0d2ccfa53e7d6b6cda,team_total,under,NYR,2.5,betonlineag,123,-158,oddsapi
2026-09-29T16:05:06Z,2026-09-29,NYR @ BOS,ac3cb11040dbdb0d2ccfa53e7d6b6cda,p1_total,over,,1.5,betonlineag,-125,105,oddsapi
2026-09-29T16:05:06Z,2026-09-29,NYR @ BOS,ac3cb11040dbdb0d2ccfa53e7d6b6cda,p1_total,under,,1.5,betonlineag,105,-125,oddsapi
2026-09-29T16:05:06Z,2026-09-29,NYR @ BOS,ac3cb11040dbdb0d2ccfa53e7d6b6cda,team_total_alt,over,BOS,1,betmgm,-2500,775,oddsapi
2026-09-29T16:05:06Z,2026-09-29,NYR @ BOS,ac3cb11040dbdb0d2ccfa53e7d6b6cda,team_total_alt,under,BOS,1,betmgm,775,-2500,oddsapi
2026-09-29T16:05:06Z,2026-09-29,NYR @ BOS,ac3cb11040dbdb0d2ccfa53e7d6b6cda,team_total_alt,over,BOS,1.5,betmgm,-475,300,oddsapi
2026-09-29T16:05:06Z,2026-09-29,NYR @ BOS,ac3cb11040dbdb0d2ccfa53e7d6b6cda,team_total_alt,under,BOS,1.5,betmgm,300,-475,oddsapi
2026-09-29T16:05:06Z,2026-09-29,NYR @ BOS,ac3cb11040dbdb0d2ccfa53e7d6b6cda,team_total_alt,over,BOS,2,betmgm,-350,230,oddsapi
2026-09-29T16:05:06Z,2026-09-29,NYR @ BOS,ac3cb11040dbdb0d2ccfa53e7d6b6cda,team_total_alt,under,BOS,2,betmgm,230,-350,oddsapi
2026-09-29T16:05:06Z,2026-09-29,NYR @ BOS,ac3cb11040dbdb0d2ccfa53e7d6b6cda,team_total_alt,over,BOS,2.5,betmgm,-165,120,oddsapi
2026-09-29T16:05:06Z,2026-09-29,NYR @ BOS,ac3cb11040dbdb0d2ccfa53e7d6b6cda,team_total_alt,under,BOS,2.5,betmgm,120,-165,oddsapi
2026-09-29T16:05:06Z,2026-09-29,NYR @ BOS,ac3cb11040dbdb0d2ccfa53e7d6b6cda,team_total_alt,over,BOS,3,betmgm,-110,-125,oddsapi
2026-09-29T16:05:06Z,2026-09-29,NYR @ BOS,ac3cb11040dbdb0d2ccfa53e7d6b6cda,team_total_alt,under,BOS,3,betmgm,-125,-110,oddsapi
2026-09-29T16:05:06Z,2026-09-29,NYR @ BOS,ac3cb11040dbdb0d2ccfa53e7d6b6cda,team_total_alt,over,BOS,3.5,betmgm,130,-185,oddsapi
2026-09-29T16:05:06Z,2026-09-29,NYR @ BOS,ac3cb11040dbdb0d2ccfa53e7d6b6cda,team_total_alt,under,BOS,3.5,betmgm,-185,130,oddsapi
2026-09-29T16:05:06Z,2026-09-29,NYR @ BOS,ac3cb11040dbdb0d2ccfa53e7d6b6cda,team_total_alt,over,BOS,4,betmgm,230,-350,oddsapi
2026-09-29T16:05:06Z,2026-09-29,NYR @ BOS,ac3cb11040dbdb0d2ccfa53e7d6b6cda,team_total_alt,under,BOS,4,betmgm,-350,230,oddsapi
2026-09-29T16:05:06Z,2026-09-29,NYR @ BOS,ac3cb11040dbdb0d2ccfa53e7d6b6cda,team_total_alt,over,BOS,4.5,betmgm,290,-475,oddsapi
2026-09-29T16:05:06Z,2026-09-29,NYR @ BOS,ac3cb11040dbdb0d2ccfa53e7d6b6cda,team_total_alt,under,BOS,4.5,betmgm,-475,290,oddsapi
2026-09-29T16:05:06Z,2026-09-29,NYR @ BOS,ac3cb11040dbdb0d2ccfa53e7d6b6cda,team_total_alt,over,BOS,5,betmgm,550,-1200,oddsapi
2026-09-29T16:05:06Z,2026-09-29,NYR @ BOS,ac3cb11040dbdb0d2ccfa53e7d6b6cda,team_total_alt,under,BOS,5,betmgm,-1200,550,oddsapi
2026-09-29T16:05:06Z,2026-09-29,NYR @ BOS,ac3cb11040dbdb0d2ccfa53e7d6b6cda,team_total_alt,over,NYR,1,betmgm,-2500,775,oddsapi
2026-09-29T16:05:06Z,2026-09-29,NYR @ BOS,ac3cb11040dbdb0d2ccfa53e7d6b6cda,team_total_alt,under,NYR,1,betmgm,775,-2500,oddsapi
2026-09-29T16:05:06Z,2026-09-29,NYR @ BOS,ac3cb11040dbdb0d2ccfa53e7d6b6cda,team_total_alt,over,NYR,1.5,betmgm,-475,300,oddsapi
2026-09-29T16:05:06Z,2026-09-29,NYR @ BOS,ac3cb11040dbdb0d2ccfa53e7d6b6cda,team_total_alt,under,NYR,1.5,betmgm,300,-475,oddsapi
2026-09-29T16:05:06Z,2026-09-29,NYR @ BOS,ac3cb11040dbdb0d2ccfa53e7d6b6cda,team_total_alt,over,NYR,2,betmgm,-350,230,oddsapi
2026-09-29T16:05:06Z,2026-09-29,NYR @ BOS,ac3cb11040dbdb0d2ccfa53e7d6b6cda,team_total_alt,under,NYR,2,betmgm,230,-350,oddsapi
2026-09-29T16:05:06Z,2026-09-29,NYR @ BOS,ac3cb11040dbdb0d2ccfa53e7d6b6cda,team_total_alt,over,NYR,2.5,betmgm,-165,120,oddsapi
2026-09-29T16:05:06Z,2026-09-29,NYR @ BOS,ac3cb11040dbdb0d2ccfa53e7d6b6cda,team_total_alt,under,NYR,2.5,betmgm,120,-165,oddsapi
2026-09-29T16:05:06Z,2026-09-29,NYR @ BOS,ac3cb11040dbdb0d2ccfa53e7d6b6cda,team_total_alt,over,NYR,3,betmgm,-110,-125,oddsapi
2026-09-29T16:05:06Z,2026-09-29,NYR @ BOS,ac3cb11040dbdb0d2ccfa53e7d6b6cda,team_total_alt,under,NYR,3,betmgm,-125,-110,oddsapi
2026-09-29T16:05:06Z,2026-09-29,NYR @ BOS,ac3cb11040dbdb0d2ccfa53e7d6b6cda,team_total_alt,over,NYR,3.5,betmgm,135,-190,oddsapi
2026-09-29T16:05:06Z,2026-09-29,NYR @ BOS,ac3cb11040dbdb0d2ccfa53e7d6b6cda,team_total_alt,under,NYR,3.5,betmgm,-190,135,oddsapi
2026-09-29T16:05:06Z,2026-09-29,NYR @ BOS,ac3cb11040dbdb0d2ccfa53e7d6b6cda,team_total_alt,over,NYR,4,betmgm,230,-350,oddsapi
2026-09-29T16:05:06Z,2026-09-29,NYR @ BOS,ac3cb11040dbdb0d2ccfa53e7d6b6cda,team_total_alt,under,NYR,4,betmgm,-350,230,oddsapi
2026-09-29T16:05:06Z,2026-09-29,NYR @ BOS,ac3cb11040dbdb0d2ccfa53e7d6b6cda,team_total_alt,over,NYR,4.5,betmgm,290,-475,oddsapi
2026-09-29T16:05:06Z,2026-09-29,NYR @ BOS,ac3cb11040dbdb0d2ccfa53e7d6b6cda,team_total_alt,under,NYR,4.5,betmgm,-475,290,oddsapi
2026-09-29T16:05:06Z,2026-09-29,NYR @ BOS,ac3cb11040dbdb0d2ccfa53e7d6b6cda,team_total_alt,over,NYR,5,betmgm,575,-1400,oddsapi
2026-09-29T16:05:06Z,2026-09-29,NYR @ BOS,ac3cb11040dbdb0d2ccfa53e7d6b6cda,team_total_alt,under,NYR,5,betmgm,-1400,575,oddsapi
2026-09-29T16:05:06Z,2026-09-29,NYR @ BOS,ac3cb11040dbdb0d2ccfa53e7d6b6cda,game_ml3,BOS,,,betmgm,140,,oddsapi
2026-09-29T16:05:06Z,2026-09-29,NYR @ BOS,ac3cb11040dbdb0d2ccfa53e7d6b6cda,game_ml3,NYR,,,betmgm,140,,oddsapi
2026-09-29T16:05:06Z,2026-09-29,NYR @ BOS,ac3cb11040dbdb0d2ccfa53e7d6b6cda,game_ml3,draw,,,betmgm,300,,oddsapi
2026-09-29T16:05:06Z,2026-09-29,NYR @ BOS,ac3cb11040dbdb0d2ccfa53e7d6b6cda,p1_ml3,BOS,,,betmgm,170,,oddsapi
2026-09-29T16:05:06Z,2026-09-29,NYR @ BOS,ac3cb11040dbdb0d2ccfa53e7d6b6cda,p1_ml3,NYR,,,betmgm,170,,oddsapi
2026-09-29T16:05:06Z,2026-09-29,NYR @ BOS,ac3cb11040dbdb0d2ccfa53e7d6b6cda,p1_ml3,draw,,,betmgm,170,,oddsapi
2026-09-29T16:05:06Z,2026-09-29,NYR @ BOS,ac3cb11040dbdb0d2ccfa53e7d6b6cda,p2_ml3,BOS,,,betmgm,160,,oddsapi
2026-09-29T16:05:06Z,2026-09-29,NYR @ BOS,ac3cb11040dbdb0d2ccfa53e7d6b6cda,p2_ml3,NYR,,,betmgm,160,,oddsapi
2026-09-29T16:05:06Z,2026-09-29,NYR @ BOS,ac3cb11040dbdb0d2ccfa53e7d6b6cda,p2_ml3,draw,,,betmgm,190,,oddsapi
2026-09-29T16:05:06Z,2026-09-29,NYR @ BOS,ac3cb11040dbdb0d2ccfa53e7d6b6cda,p3_ml3,BOS,,,betmgm,150,,oddsapi
2026-09-29T16:05:06Z,2026-09-29,NYR @ BOS,ac3cb11040dbdb0d2ccfa53e7d6b6cda,p3_ml3,NYR,,,betmgm,150,,oddsapi
2026-09-29T16:05:06Z,2026-09-29,NYR @ BOS,ac3cb11040dbdb0d2ccfa53e7d6b6cda,p3_ml3,draw,,,betmgm,225,,oddsapi
2026-09-29T16:05:06Z,2026-09-29,NYR @ BOS,ac3cb11040dbdb0d2ccfa53e7d6b6cda,p1_ml,BOS,,,betmgm,-115,-115,oddsapi
2026-09-29T16:05:06Z,2026-09-29,NYR @ BOS,ac3cb11040dbdb0d2ccfa53e7d6b6cda,p1_ml,NYR,,,betmgm,-115,-115,oddsapi
2026-09-29T16:05:06Z,2026-09-29,NYR @ BOS,ac3cb11040dbdb0d2ccfa53e7d6b6cda,p2_ml,BOS,,,betmgm,-118,-118,oddsapi
2026-09-29T16:05:06Z,2026-09-29,NYR @ BOS,ac3cb11040dbdb0d2ccfa53e7d6b6cda,p2_ml,NYR,,,betmgm,-118,-118,oddsapi
2026-09-29T16:05:06Z,2026-09-29,NYR @ BOS,ac3cb11040dbdb0d2ccfa53e7d6b6cda,p3_ml,BOS,,,betmgm,-118,-118,oddsapi
2026-09-29T16:05:06Z,2026-09-29,NYR @ BOS,ac3cb11040dbdb0d2ccfa53e7d6b6cda,p3_ml,NYR,,,betmgm,-118,-118,oddsapi
2026-09-29T16:05:06Z,2026-09-29,NYR @ BOS,ac3cb11040dbdb0d2ccfa53e7d6b6cda,ags,yes,David Pastrnak,,betmgm,140,,oddsapi
2026-09-29T16:05:06Z,2026-09-29,NYR @ BOS,ac3cb11040dbdb0d2ccfa53e7d6b6cda,ags,yes,Pavel Dorofeyev,,betmgm,175,,oddsapi
2026-09-29T16:05:06Z,2026-09-29,NYR @ BOS,ac3cb11040dbdb0d2ccfa53e7d6b6cda,ags,yes,Mika Zibanejad,,betmgm,190,,oddsapi
2026-09-29T16:05:06Z,2026-09-29,NYR @ BOS,ac3cb11040dbdb0d2ccfa53e7d6b6cda,ags,yes,Morgan Geekie,,betmgm,190,,oddsapi
2026-09-29T16:05:06Z,2026-09-29,NYR @ BOS,ac3cb11040dbdb0d2ccfa53e7d6b6cda,ags,yes,JJ Peterka,,betmgm,195,,oddsapi
2026-09-29T16:05:06Z,2026-09-29,NYR @ BOS,ac3cb11040dbdb0d2ccfa53e7d6b6cda,ags,yes,Pavel Zacha,,betmgm,220,,oddsapi
2026-09-29T16:05:06Z,2026-09-29,NYR @ BOS,ac3cb11040dbdb0d2ccfa53e7d6b6cda,ags,yes,Alexis Lafrenière,,betmgm,240,,oddsapi
2026-09-29T16:05:06Z,2026-09-29,NYR @ BOS,ac3cb11040dbdb0d2ccfa53e7d6b6cda,ags,yes,J.T. Miller,,betmgm,280,,oddsapi
2026-09-29T16:05:06Z,2026-09-29,NYR @ BOS,ac3cb11040dbdb0d2ccfa53e7d6b6cda,ags,yes,Fraser Minten,,betmgm,320,,oddsapi
2026-09-29T16:05:06Z,2026-09-29,NYR @ BOS,ac3cb11040dbdb0d2ccfa53e7d6b6cda,ags,yes,Will Cuylle,,betmgm,320,,oddsapi
2026-09-29T16:05:06Z,2026-09-29,NYR @ BOS,ac3cb11040dbdb0d2ccfa53e7d6b6cda,ags,yes,Gabe Perreault,,betmgm,340,,oddsapi
2026-09-29T16:05:06Z,2026-09-29,NYR @ BOS,ac3cb11040dbdb0d2ccfa53e7d6b6cda,ags,yes,Casey Mittelstadt,,betmgm,400,,oddsapi
2026-09-29T16:05:06Z,2026-09-29,NYR @ BOS,ac3cb11040dbdb0d2ccfa53e7d6b6cda,ags,yes,Elias Lindholm,,betmgm,400,,oddsapi
2026-09-29T16:05:06Z,2026-09-29,NYR @ BOS,ac3cb11040dbdb0d2ccfa53e7d6b6cda,ags,yes,Eeli Tolvanen,,betmgm,400,,oddsapi
2026-09-29T16:05:06Z,2026-09-29,NYR @ BOS,ac3cb11040dbdb0d2ccfa53e7d6b6cda,ags,yes,Adam Fox,,betmgm,425,,oddsapi
2026-09-29T16:05:06Z,2026-09-29,NYR @ BOS,ac3cb11040dbdb0d2ccfa53e7d6b6cda,ags,yes,James Hagens,,betmgm,425,,oddsapi
2026-09-29T16:05:06Z,2026-09-29,NYR @ BOS,ac3cb11040dbdb0d2ccfa53e7d6b6cda,ags,yes,Oliver Bjorkstrand,,betmgm,475,,oddsapi
2026-09-29T16:05:06Z,2026-09-29,NYR @ BOS,ac3cb11040dbdb0d2ccfa53e7d6b6cda,ags,yes,Mark Kastelic,,betmgm,600,,oddsapi
2026-09-29T16:05:06Z,2026-09-29,NYR @ BOS,ac3cb11040dbdb0d2ccfa53e7d6b6cda,ags,yes,Marat Khusnutdinov,,betmgm,600,,oddsapi
2026-09-29T16:05:06Z,2026-09-29,NYR @ BOS,ac3cb11040dbdb0d2ccfa53e7d6b6cda,ags,yes,Alberts Smits,,betmgm,700,,oddsapi
2026-09-29T16:05:06Z,2026-09-29,NYR @ BOS,ac3cb11040dbdb0d2ccfa53e7d6b6cda,ags,yes,Noah Laba,,betmgm,725,,oddsapi
2026-09-29T16:05:06Z,2026-09-29,NYR @ BOS,ac3cb11040dbdb0d2ccfa53e7d6b6cda,ags,yes,Tye Kartye,,betmgm,775,,oddsapi
2026-09-29T16:05:06Z,2026-09-29,NYR @ BOS,ac3cb11040dbdb0d2ccfa53e7d6b6cda,ags,yes,Tanner Jeannot,,betmgm,900,,oddsapi
2026-09-29T16:05:06Z,2026-09-29,NYR @ BOS,ac3cb11040dbdb0d2ccfa53e7d6b6cda,ags,yes,Sean Durzi,,betmgm,900,,oddsapi
2026-09-29T16:05:06Z,2026-09-29,NYR @ BOS,ac3cb11040dbdb0d2ccfa53e7d6b6cda,ags,yes,Sean Kuraly,,betmgm,950,,oddsapi
2026-09-29T16:05:06Z,2026-09-29,NYR @ BOS,ac3cb11040dbdb0d2ccfa53e7d6b6cda,ags,yes,Vladislav Gavrikov,,betmgm,950,,oddsapi
2026-09-29T16:05:06Z,2026-09-29,NYR @ BOS,ac3cb11040dbdb0d2ccfa53e7d6b6cda,ags,yes,Hampus Lindholm,,betmgm,950,,oddsapi
2026-09-29T16:05:06Z,2026-09-29,NYR @ BOS,ac3cb11040dbdb0d2ccfa53e7d6b6cda,ags,yes,Joe Veleno,,betmgm,1000,,oddsapi
2026-09-29T16:05:06Z,2026-09-29,NYR @ BOS,ac3cb11040dbdb0d2ccfa53e7d6b6cda,ags,yes,Mason Lohrei,,betmgm,1000,,oddsapi
2026-09-29T16:05:06Z,2026-09-29,NYR @ BOS,ac3cb11040dbdb0d2ccfa53e7d6b6cda,ags,yes,Matt Rempe,,betmgm,1100,,oddsapi
2026-09-29T16:05:06Z,2026-09-29,NYR @ BOS,ac3cb11040dbdb0d2ccfa53e7d6b6cda,ags,yes,Marcus Pettersson,,betmgm,1300,,oddsapi
2026-09-29T16:05:06Z,2026-09-29,NYR @ BOS,ac3cb11040dbdb0d2ccfa53e7d6b6cda,ags,yes,Will Borgen,,betmgm,1500,,oddsapi
2026-09-29T16:05:06Z,2026-09-29,NYR @ BOS,ac3cb11040dbdb0d2ccfa53e7d6b6cda,ags,yes,Braden Schneider,,betmgm,1600,,oddsapi
2026-09-29T16:05:06Z,2026-09-29,NYR @ BOS,ac3cb11040dbdb0d2ccfa53e7d6b6cda,ags,yes,Connor Clifton,,betmgm,1700,,oddsapi
2026-09-29T16:05:06Z,2026-09-29,NYR @ BOS,ac3cb11040dbdb0d2ccfa53e7d6b6cda,ags,yes,Nikita Zadorov,,betmgm,1700,,oddsapi
2026-09-29T16:05:06Z,2026-09-29,NYR @ BOS,ac3cb11040dbdb0d2ccfa53e7d6b6cda,ags,yes,Jonathan Aspirot,,betmgm,2200,,oddsapi
2026-09-29T16:05:06Z,2026-09-29,NYR @ BOS,ac3cb11040dbdb0d2ccfa53e7d6b6cda,fgs,yes,David Pastrnak,,betmgm,950,,oddsapi
2026-09-29T16:05:06Z,2026-09-29,NYR @ BOS,ac3cb11040dbdb0d2ccfa53e7d6b6cda,fgs,yes,Pavel Dorofeyev,,betmgm,1100,,oddsapi
2026-09-29T16:05:06Z,2026-09-29,NYR @ BOS,ac3cb11040dbdb0d2ccfa53e7d6b6cda,fgs,yes,Mika Zibanejad,,betmgm,1200,,oddsapi
2026-09-29T16:05:06Z,2026-09-29,NYR @ BOS,ac3cb11040dbdb0d2ccfa53e7d6b6cda,fgs,yes,JJ Peterka,,betmgm,1250,,oddsapi
2026-09-29T16:05:06Z,2026-09-29,NYR @ BOS,ac3cb11040dbdb0d2ccfa53e7d6b6cda,fgs,yes,Morgan Geekie,,betmgm,1250,,oddsapi
2026-09-29T16:05:06Z,2026-09-29,NYR @ BOS,ac3cb11040dbdb0d2ccfa53e7d6b6cda,fgs,yes,Alexis Lafrenière,,betmgm,1450,,oddsapi
2026-09-29T16:05:06Z,2026-09-29,NYR @ BOS,ac3cb11040dbdb0d2ccfa53e7d6b6cda,fgs,yes,Pavel Zacha,,betmgm,1500,,oddsapi
2026-09-29T16:05:06Z,2026-09-29,NYR @ BOS,ac3cb11040dbdb0d2ccfa53e7d6b6cda,fgs,yes,J.T. Miller,,betmgm,1900,,oddsapi
2026-09-29T16:05:06Z,2026-09-29,NYR @ BOS,ac3cb11040dbdb0d2ccfa53e7d6b6cda,fgs,yes,Fraser Minten,,betmgm,2000,,oddsapi
2026-09-29T16:05:06Z,2026-09-29,NYR @ BOS,ac3cb11040dbdb0d2ccfa53e7d6b6cda,fgs,yes,Elias Lindholm,,betmgm,2000,,oddsapi
2026-09-29T16:05:06Z,2026-09-29,NYR @ BOS,ac3cb11040dbdb0d2ccfa53e7d6b6cda,fgs,yes,Gabe Perreault,,betmgm,2000,,oddsapi
2026-09-29T16:05:06Z,2026-09-29,NYR @ BOS,ac3cb11040dbdb0d2ccfa53e7d6b6cda,fgs,yes,Will Cuylle,,betmgm,2000,,oddsapi
2026-09-29T16:05:06Z,2026-09-29,NYR @ BOS,ac3cb11040dbdb0d2ccfa53e7d6b6cda,fgs,yes,James Hagens,,betmgm,2200,,oddsapi
2026-09-29T16:05:06Z,2026-09-29,NYR @ BOS,ac3cb11040dbdb0d2ccfa53e7d6b6cda,fgs,yes,Eeli Tolvanen,,betmgm,2200,,oddsapi
2026-09-29T16:05:06Z,2026-09-29,NYR @ BOS,ac3cb11040dbdb0d2ccfa53e7d6b6cda,fgs,yes,Oliver Bjorkstrand,,betmgm,2500,,oddsapi
2026-09-29T16:05:06Z,2026-09-29,NYR @ BOS,ac3cb11040dbdb0d2ccfa53e7d6b6cda,fgs,yes,Casey Mittelstadt,,betmgm,2500,,oddsapi
2026-09-29T16:05:06Z,2026-09-29,NYR @ BOS,ac3cb11040dbdb0d2ccfa53e7d6b6cda,fgs,yes,Adam Fox,,betmgm,2800,,oddsapi
2026-09-29T16:05:06Z,2026-09-29,NYR @ BOS,ac3cb11040dbdb0d2ccfa53e7d6b6cda,fgs,yes,Mark Kastelic,,betmgm,3300,,oddsapi
2026-09-29T16:05:06Z,2026-09-29,NYR @ BOS,ac3cb11040dbdb0d2ccfa53e7d6b6cda,fgs,yes,Marat Khusnutdinov,,betmgm,3300,,oddsapi
2026-09-29T16:05:06Z,2026-09-29,NYR @ BOS,ac3cb11040dbdb0d2ccfa53e7d6b6cda,fgs,yes,Noah Laba,,betmgm,3500,,oddsapi
2026-09-29T16:05:06Z,2026-09-29,NYR @ BOS,ac3cb11040dbdb0d2ccfa53e7d6b6cda,fgs,yes,Hampus Lindholm,,betmgm,4000,,oddsapi
2026-09-29T16:05:06Z,2026-09-29,NYR @ BOS,ac3cb11040dbdb0d2ccfa53e7d6b6cda,fgs,yes,Tanner Jeannot,,betmgm,4000,,oddsapi
2026-09-29T16:05:06Z,2026-09-29,NYR @ BOS,ac3cb11040dbdb0d2ccfa53e7d6b6cda,fgs,yes,Tye Kartye,,betmgm,4000,,oddsapi
2026-09-29T16:05:06Z,2026-09-29,NYR @ BOS,ac3cb11040dbdb0d2ccfa53e7d6b6cda,fgs,yes,Sean Durzi,,betmgm,4500,,oddsapi
2026-09-29T16:05:06Z,2026-09-29,NYR @ BOS,ac3cb11040dbdb0d2ccfa53e7d6b6cda,fgs,yes,Mason Lohrei,,betmgm,4500,,oddsapi
2026-09-29T16:05:06Z,2026-09-29,NYR @ BOS,ac3cb11040dbdb0d2ccfa53e7d6b6cda,fgs,yes,Vladislav Gavrikov,,betmgm,5000,,oddsapi
2026-09-29T16:05:06Z,2026-09-29,NYR @ BOS,ac3cb11040dbdb0d2ccfa53e7d6b6cda,fgs,yes,Sean Kuraly,,betmgm,5000,,oddsapi
2026-09-29T16:05:06Z,2026-09-29,NYR @ BOS,ac3cb11040dbdb0d2ccfa53e7d6b6cda,fgs,yes,Alberts Smits,,betmgm,5000,,oddsapi
2026-09-29T16:05:06Z,2026-09-29,NYR @ BOS,ac3cb11040dbdb0d2ccfa53e7d6b6cda,fgs,yes,Joe Veleno,,betmgm,5500,,oddsapi
2026-09-29T16:05:06Z,2026-09-29,NYR @ BOS,ac3cb11040dbdb0d2ccfa53e7d6b6cda,fgs,yes,Marcus Pettersson,,betmgm,6600,,oddsapi
2026-09-29T16:05:06Z,2026-09-29,NYR @ BOS,ac3cb11040dbdb0d2ccfa53e7d6b6cda,fgs,yes,Matt Rempe,,betmgm,6600,,oddsapi
2026-09-29T16:05:06Z,2026-09-29,NYR @ BOS,ac3cb11040dbdb0d2ccfa53e7d6b6cda,fgs,yes,Jonathan Aspirot,,betmgm,8000,,oddsapi
2026-09-29T16:05:06Z,2026-09-29,NYR @ BOS,ac3cb11040dbdb0d2ccfa53e7d6b6cda,fgs,yes,Braden Schneider,,betmgm,8000,,oddsapi
2026-09-29T16:05:06Z,2026-09-29,NYR @ BOS,ac3cb11040dbdb0d2ccfa53e7d6b6cda,fgs,yes,Connor Clifton,,betmgm,10000,,oddsapi
2026-09-29T16:05:06Z,2026-09-29,NYR @ BOS,ac3cb11040dbdb0d2ccfa53e7d6b6cda,fgs,yes,Nikita Zadorov,,betmgm,10000,,oddsapi
2026-09-29T16:05:06Z,2026-09-29,NYR @ BOS,ac3cb11040dbdb0d2ccfa53e7d6b6cda,fgs,yes,Will Borgen,,betmgm,10000,,oddsapi
2026-09-29T16:05:06Z,2026-09-29,NYR @ BOS,ac3cb11040dbdb0d2ccfa53e7d6b6cda,p1_pl,BOS,,1.5,betmgm,-1100,575,oddsapi
2026-09-29T16:05:06Z,2026-09-29,NYR @ BOS,ac3cb11040dbdb0d2ccfa53e7d6b6cda,p1_pl,NYR,,-1.5,betmgm,575,-1100,oddsapi
2026-09-29T16:05:06Z,2026-09-29,NYR @ BOS,ac3cb11040dbdb0d2ccfa53e7d6b6cda,p2_pl,BOS,,1.5,betmgm,-1000,475,oddsapi
2026-09-29T16:05:06Z,2026-09-29,NYR @ BOS,ac3cb11040dbdb0d2ccfa53e7d6b6cda,p2_pl,NYR,,-1.5,betmgm,475,-1000,oddsapi
2026-09-29T16:05:06Z,2026-09-29,NYR @ BOS,ac3cb11040dbdb0d2ccfa53e7d6b6cda,p3_pl,BOS,,1.5,betmgm,-700,400,oddsapi
2026-09-29T16:05:06Z,2026-09-29,NYR @ BOS,ac3cb11040dbdb0d2ccfa53e7d6b6cda,p3_pl,NYR,,-1.5,betmgm,400,-700,oddsapi
2026-09-29T16:05:06Z,2026-09-29,NYR @ BOS,ac3cb11040dbdb0d2ccfa53e7d6b6cda,team_total,over,BOS,3,betmgm,-110,-125,oddsapi
2026-09-29T16:05:06Z,2026-09-29,NYR @ BOS,ac3cb11040dbdb0d2ccfa53e7d6b6cda,team_total,under,BOS,3,betmgm,-125,-110,oddsapi
2026-09-29T16:05:06Z,2026-09-29,NYR @ BOS,ac3cb11040dbdb0d2ccfa53e7d6b6cda,team_total,over,NYR,3,betmgm,-110,-125,oddsapi
2026-09-29T16:05:06Z,2026-09-29,NYR @ BOS,ac3cb11040dbdb0d2ccfa53e7d6b6cda,team_total,under,NYR,3,betmgm,-125,-110,oddsapi
2026-09-29T16:05:06Z,2026-09-29,NYR @ BOS,ac3cb11040dbdb0d2ccfa53e7d6b6cda,p1_total,over,,2.5,betmgm,250,-350,oddsapi
2026-09-29T16:05:06Z,2026-09-29,NYR @ BOS,ac3cb11040dbdb0d2ccfa53e7d6b6cda,p1_total,under,,2.5,betmgm,-350,250,oddsapi
2026-09-29T16:05:06Z,2026-09-29,NYR @ BOS,ac3cb11040dbdb0d2ccfa53e7d6b6cda,p2_total,over,,3,betmgm,350,-625,oddsapi
2026-09-29T16:05:06Z,2026-09-29,NYR @ BOS,ac3cb11040dbdb0d2ccfa53e7d6b6cda,p2_total,under,,3,betmgm,-625,350,oddsapi
2026-09-29T16:05:06Z,2026-09-29,NYR @ BOS,ac3cb11040dbdb0d2ccfa53e7d6b6cda,p3_total,over,,3,betmgm,300,-475,oddsapi
2026-09-29T16:05:06Z,2026-09-29,NYR @ BOS,ac3cb11040dbdb0d2ccfa53e7d6b6cda,p3_total,under,,3,betmgm,-475,300,oddsapi
2026-09-29T16:05:06Z,2026-09-29,NYR @ BOS,ac3cb11040dbdb0d2ccfa53e7d6b6cda,team_total_alt,over,BOS,2.5,betrivers,-167,123,oddsapi
2026-09-29T16:05:06Z,2026-09-29,NYR @ BOS,ac3cb11040dbdb0d2ccfa53e7d6b6cda,team_total_alt,under,BOS,2.5,betrivers,123,-167,oddsapi
2026-09-29T16:05:06Z,2026-09-29,NYR @ BOS,ac3cb11040dbdb0d2ccfa53e7d6b6cda,team_total_alt,over,BOS,4.5,betrivers,335,-560,oddsapi
2026-09-29T16:05:06Z,2026-09-29,NYR @ BOS,ac3cb11040dbdb0d2ccfa53e7d6b6cda,team_total_alt,under,BOS,4.5,betrivers,-560,335,oddsapi
2026-09-29T16:05:06Z,2026-09-29,NYR @ BOS,ac3cb11040dbdb0d2ccfa53e7d6b6cda,team_total_alt,over,BOS,3.5,betrivers,145,-200,oddsapi
2026-09-29T16:05:06Z,2026-09-29,NYR @ BOS,ac3cb11040dbdb0d2ccfa53e7d6b6cda,team_total_alt,under,BOS,3.5,betrivers,-200,145,oddsapi
2026-09-29T16:05:06Z,2026-09-29,NYR @ BOS,ac3cb11040dbdb0d2ccfa53e7d6b6cda,team_total_alt,over,BOS,1.5,betrivers,-530,325,oddsapi
2026-09-29T16:05:06Z,2026-09-29,NYR @ BOS,ac3cb11040dbdb0d2ccfa53e7d6b6cda,team_total_alt,under,BOS,1.5,betrivers,325,-530,oddsapi
2026-09-29T16:05:06Z,2026-09-29,NYR @ BOS,ac3cb11040dbdb0d2ccfa53e7d6b6cda,team_total_alt,over,NYR,4.5,betrivers,350,-590,oddsapi
2026-09-29T16:05:06Z,2026-09-29,NYR @ BOS,ac3cb11040dbdb0d2ccfa53e7d6b6cda,team_total_alt,under,NYR,4.5,betrivers,-590,350,oddsapi
2026-09-29T16:05:06Z,2026-09-29,NYR @ BOS,ac3cb11040dbdb0d2ccfa53e7d6b6cda,team_total_alt,over,NYR,3.5,betrivers,145,-200,oddsapi
2026-09-29T16:05:06Z,2026-09-29,NYR @ BOS,ac3cb11040dbdb0d2ccfa53e7d6b6cda,team_total_alt,under,NYR,3.5,betrivers,-200,145,oddsapi
2026-09-29T16:05:06Z,2026-09-29,NYR @ BOS,ac3cb11040dbdb0d2ccfa53e7d6b6cda,team_total_alt,over,NYR,2.5,betrivers,-175,128,oddsapi
2026-09-29T16:05:06Z,2026-09-29,NYR @ BOS,ac3cb11040dbdb0d2ccfa53e7d6b6cda,team_total_alt,under,NYR,2.5,betrivers,128,-175,oddsapi
2026-09-29T16:05:06Z,2026-09-29,NYR @ BOS,ac3cb11040dbdb0d2ccfa53e7d6b6cda,team_total_alt,over,NYR,1.5,betrivers,-560,340,oddsapi
2026-09-29T16:05:06Z,2026-09-29,NYR @ BOS,ac3cb11040dbdb0d2ccfa53e7d6b6cda,team_total_alt,under,NYR,1.5,betrivers,340,-560,oddsapi
2026-09-29T16:05:06Z,2026-09-29,NYR @ BOS,ac3cb11040dbdb0d2ccfa53e7d6b6cda,game_ml3,BOS,,,betrivers,145,,oddsapi
2026-09-29T16:05:06Z,2026-09-29,NYR @ BOS,ac3cb11040dbdb0d2ccfa53e7d6b6cda,game_ml3,NYR,,,betrivers,143,,oddsapi
2026-09-29T16:05:06Z,2026-09-29,NYR @ BOS,ac3cb11040dbdb0d2ccfa53e7d6b6cda,game_ml3,draw,,,betrivers,320,,oddsapi
2026-09-29T16:05:06Z,2026-09-29,NYR @ BOS,ac3cb11040dbdb0d2ccfa53e7d6b6cda,p1_ml3,BOS,,,betrivers,175,,oddsapi
2026-09-29T16:05:06Z,2026-09-29,NYR @ BOS,ac3cb11040dbdb0d2ccfa53e7d6b6cda,p1_ml3,NYR,,,betrivers,180,,oddsapi
2026-09-29T16:05:06Z,2026-09-29,NYR @ BOS,ac3cb11040dbdb0d2ccfa53e7d6b6cda,p1_ml3,draw,,,betrivers,185,,oddsapi
2026-09-29T16:05:06Z,2026-09-29,NYR @ BOS,ac3cb11040dbdb0d2ccfa53e7d6b6cda,p2_ml3,BOS,,,betrivers,170,,oddsapi
2026-09-29T16:05:06Z,2026-09-29,NYR @ BOS,ac3cb11040dbdb0d2ccfa53e7d6b6cda,p2_ml3,NYR,,,betrivers,170,,oddsapi
2026-09-29T16:05:06Z,2026-09-29,NYR @ BOS,ac3cb11040dbdb0d2ccfa53e7d6b6cda,p2_ml3,draw,,,betrivers,200,,oddsapi
2026-09-29T16:05:06Z,2026-09-29,NYR @ BOS,ac3cb11040dbdb0d2ccfa53e7d6b6cda,p3_ml3,BOS,,,betrivers,170,,oddsapi
2026-09-29T16:05:06Z,2026-09-29,NYR @ BOS,ac3cb11040dbdb0d2ccfa53e7d6b6cda,p3_ml3,NYR,,,betrivers,160,,oddsapi
2026-09-29T16:05:06Z,2026-09-29,NYR @ BOS,ac3cb11040dbdb0d2ccfa53e7d6b6cda,p3_ml3,draw,,,betrivers,215,,oddsapi
2026-09-29T16:05:06Z,2026-09-29,NYR @ BOS,ac3cb11040dbdb0d2ccfa53e7d6b6cda,ags,yes,J.T. Miller,,betrivers,285,,oddsapi
2026-09-29T16:05:06Z,2026-09-29,NYR @ BOS,ac3cb11040dbdb0d2ccfa53e7d6b6cda,ags,yes,Pavel Zacha,,betrivers,235,,oddsapi
2026-09-29T16:05:06Z,2026-09-29,NYR @ BOS,ac3cb11040dbdb0d2ccfa53e7d6b6cda,ags,yes,Connor Clifton,,betrivers,750,,oddsapi
2026-09-29T16:05:06Z,2026-09-29,NYR @ BOS,ac3cb11040dbdb0d2ccfa53e7d6b6cda,ags,yes,Matt Rempe,,betrivers,850,,oddsapi
2026-09-29T16:05:06Z,2026-09-29,NYR @ BOS,ac3cb11040dbdb0d2ccfa53e7d6b6cda,ags,yes,Marat Khusnutdinov,,betrivers,575,,oddsapi
2026-09-29T16:05:06Z,2026-09-29,NYR @ BOS,ac3cb11040dbdb0d2ccfa53e7d6b6cda,ags,yes,Mason Lohrei,,betrivers,800,,oddsapi
2026-09-29T16:05:06Z,2026-09-29,NYR @ BOS,ac3cb11040dbdb0d2ccfa53e7d6b6cda,ags,yes,Tanner Jeannot,,betrivers,700,,oddsapi
2026-09-29T16:05:06Z,2026-09-29,NYR @ BOS,ac3cb11040dbdb0d2ccfa53e7d6b6cda,ags,yes,Fraser Minten,,betrivers,375,,oddsapi
2026-09-29T16:05:06Z,2026-09-29,NYR @ BOS,ac3cb11040dbdb0d2ccfa53e7d6b6cda,ags,yes,Morgan Geekie,,betrivers,205,,oddsapi
2026-09-29T16:05:06Z,2026-09-29,NYR @ BOS,ac3cb11040dbdb0d2ccfa53e7d6b6cda,ags,yes,Will Cuylle,,betrivers,330,,oddsapi
2026-09-29T16:05:06Z,2026-09-29,NYR @ BOS,ac3cb11040dbdb0d2ccfa53e7d6b6cda,ags,yes,Hampus Lindholm,,betrivers,1000,,oddsapi
2026-09-29T16:05:06Z,2026-09-29,NYR @ BOS,ac3cb11040dbdb0d2ccfa53e7d6b6cda,ags,yes,Adam Fox,,betrivers,430,,oddsapi
2026-09-29T16:05:06Z,2026-09-29,NYR @ BOS,ac3cb11040dbdb0d2ccfa53e7d6b6cda,ags,yes,Marcus Pettersson,,betrivers,700,,oddsapi
2026-09-29T16:05:06Z,2026-09-29,NYR @ BOS,ac3cb11040dbdb0d2ccfa53e7d6b6cda,ags,yes,Will Borgen,,betrivers,850,,oddsapi
2026-09-29T16:05:06Z,2026-09-29,NYR @ BOS,ac3cb11040dbdb0d2ccfa53e7d6b6cda,ags,yes,Gabe Perreault,,betrivers,325,,oddsapi
2026-09-29T16:05:06Z,2026-09-29,NYR @ BOS,ac3cb11040dbdb0d2ccfa53e7d6b6cda,ags,yes,Mika Zibanejad,,betrivers,195,,oddsapi
2026-09-29T16:05:06Z,2026-09-29,NYR @ BOS,ac3cb11040dbdb0d2ccfa53e7d6b6cda,ags,yes,Jonathan Aspirot,,betrivers,600,,oddsapi
2026-09-29T16:05:06Z,2026-09-29,NYR @ BOS,ac3cb11040dbdb0d2ccfa53e7d6b6cda,ags,yes,Alexis Lafrenière,,betrivers,230,,oddsapi
2026-09-29T16:05:06Z,2026-09-29,NYR @ BOS,ac3cb11040dbdb0d2ccfa53e7d6b6cda,ags,yes,Pavel Dorofeyev,,betrivers,175,,oddsapi
2026-09-29T16:05:06Z,2026-09-29,NYR @ BOS,ac3cb11040dbdb0d2ccfa53e7d6b6cda,ags,yes,Elias Lindholm,,betrivers,350,,oddsapi
2026-09-29T16:05:06Z,2026-09-29,NYR @ BOS,ac3cb11040dbdb0d2ccfa53e7d6b6cda,ags,yes,Eeli Tolvanen,,betrivers,390,,oddsapi
2026-09-29T16:05:06Z,2026-09-29,NYR @ BOS,ac3cb11040dbdb0d2ccfa53e7d6b6cda,ags,yes,David Pastrnak,,betrivers,150,,oddsapi
2026-09-29T16:05:06Z,2026-09-29,NYR @ BOS,ac3cb11040dbdb0d2ccfa53e7d6b6cda,ags,yes,Mark Kastelic,,betrivers,700,,oddsapi
2026-09-29T16:05:06Z,2026-09-29,NYR @ BOS,ac3cb11040dbdb0d2ccfa53e7d6b6cda,ags,yes,Tye Kartye,,betrivers,700,,oddsapi
2026-09-29T16:05:06Z,2026-09-29,NYR @ BOS,ac3cb11040dbdb0d2ccfa53e7d6b6cda,ags,yes,Noah Laba,,betrivers,700,,oddsapi
2026-09-29T16:05:06Z,2026-09-29,NYR @ BOS,ac3cb11040dbdb0d2ccfa53e7d6b6cda,ags,yes,James Hagens,,betrivers,460,,oddsapi
2026-09-29T16:05:06Z,2026-09-29,NYR @ BOS,ac3cb11040dbdb0d2ccfa53e7d6b6cda,ags,yes,Sean Kuraly,,betrivers,900,,oddsapi
2026-09-29T16:05:06Z,2026-09-29,NYR @ BOS,ac3cb11040dbdb0d2ccfa53e7d6b6cda,ags,yes,Sean Durzi,,betrivers,800,,oddsapi
2026-09-29T16:05:06Z,2026-09-29,NYR @ BOS,ac3cb11040dbdb0d2ccfa53e7d6b6cda,ags,yes,Casey Mittelstadt,,betrivers,430,,oddsapi
2026-09-29T16:05:06Z,2026-09-29,NYR @ BOS,ac3cb11040dbdb0d2ccfa53e7d6b6cda,ags,yes,Braden Schneider,,betrivers,750,,oddsapi
2026-09-29T16:05:06Z,2026-09-29,NYR @ BOS,ac3cb11040dbdb0d2ccfa53e7d6b6cda,ags,yes,Joe Veleno,,betrivers,750,,oddsapi
2026-09-29T16:05:06Z,2026-09-29,NYR @ BOS,ac3cb11040dbdb0d2ccfa53e7d6b6cda,ags,yes,Alberts Smits,,betrivers,850,,oddsapi
2026-09-29T16:05:06Z,2026-09-29,NYR @ BOS,ac3cb11040dbdb0d2ccfa53e7d6b6cda,ags,yes,Nikita Zadorov,,betrivers,900,,oddsapi
2026-09-29T16:05:06Z,2026-09-29,NYR @ BOS,ac3cb11040dbdb0d2ccfa53e7d6b6cda,ags,yes,Vladislav Gavrikov,,betrivers,700,,oddsapi
2026-09-29T16:05:06Z,2026-09-29,NYR @ BOS,ac3cb11040dbdb0d2ccfa53e7d6b6cda,fgs,yes,Matt Rempe,,betrivers,3500,,oddsapi
2026-09-29T16:05:06Z,2026-09-29,NYR @ BOS,ac3cb11040dbdb0d2ccfa53e7d6b6cda,fgs,yes,Mason Lohrei,,betrivers,3300,,oddsapi
2026-09-29T16:05:06Z,2026-09-29,NYR @ BOS,ac3cb11040dbdb0d2ccfa53e7d6b6cda,fgs,yes,Will Borgen,,betrivers,3400,,oddsapi
2026-09-29T16:05:06Z,2026-09-29,NYR @ BOS,ac3cb11040dbdb0d2ccfa53e7d6b6cda,fgs,yes,Connor Clifton,,betrivers,3400,,oddsapi
2026-09-29T16:05:06Z,2026-09-29,NYR @ BOS,ac3cb11040dbdb0d2ccfa53e7d6b6cda,fgs,yes,Hampus Lindholm,,betrivers,4000,,oddsapi
2026-09-29T16:05:06Z,2026-09-29,NYR @ BOS,ac3cb11040dbdb0d2ccfa53e7d6b6cda,fgs,yes,Marcus Pettersson,,betrivers,2900,,oddsapi
2026-09-29T16:05:06Z,2026-09-29,NYR @ BOS,ac3cb11040dbdb0d2ccfa53e7d6b6cda,fgs,yes,Gabe Perreault,,betrivers,1300,,oddsapi
2026-09-29T16:05:06Z,2026-09-29,NYR @ BOS,ac3cb11040dbdb0d2ccfa53e7d6b6cda,fgs,yes,Tye Kartye,,betrivers,2800,,oddsapi
2026-09-29T16:05:06Z,2026-09-29,NYR @ BOS,ac3cb11040dbdb0d2ccfa53e7d6b6cda,fgs,yes,Nikita Zadorov,,betrivers,3400,,oddsapi
2026-09-29T16:05:06Z,2026-09-29,NYR @ BOS,ac3cb11040dbdb0d2ccfa53e7d6b6cda,fgs,yes,Alberts Smits,,betrivers,3400,,oddsapi
2026-09-29T16:05:06Z,2026-09-29,NYR @ BOS,ac3cb11040dbdb0d2ccfa53e7d6b6cda,fgs,yes,Elias Lindholm,,betrivers,1300,,oddsapi
2026-09-29T16:05:06Z,2026-09-29,NYR @ BOS,ac3cb11040dbdb0d2ccfa53e7d6b6cda,fgs,yes,James Hagens,,betrivers,1800,,oddsapi
2026-09-29T16:05:06Z,2026-09-29,NYR @ BOS,ac3cb11040dbdb0d2ccfa53e7d6b6cda,fgs,yes,Casey Mittelstadt,,betrivers,1700,,oddsapi
2026-09-29T16:05:06Z,2026-09-29,NYR @ BOS,ac3cb11040dbdb0d2ccfa53e7d6b6cda,fgs,yes,Mika Zibanejad,,betrivers,850,,oddsapi
2026-09-29T16:05:06Z,2026-09-29,NYR @ BOS,ac3cb11040dbdb0d2ccfa53e7d6b6cda,fgs,yes,Sean Kuraly,,betrivers,3500,,oddsapi
2026-09-29T16:05:06Z,2026-09-29,NYR @ BOS,ac3cb11040dbdb0d2ccfa53e7d6b6cda,fgs,yes,Joe Veleno,,betrivers,3400,,oddsapi
2026-09-29T16:05:06Z,2026-09-29,NYR @ BOS,ac3cb11040dbdb0d2ccfa53e7d6b6cda,fgs,yes,Adam Fox,,betrivers,1800,,oddsapi
2026-09-29T16:05:06Z,2026-09-29,NYR @ BOS,ac3cb11040dbdb0d2ccfa53e7d6b6cda,fgs,yes,Marat Khusnutdinov,,betrivers,2200,,oddsapi
2026-09-29T16:05:06Z,2026-09-29,NYR @ BOS,ac3cb11040dbdb0d2ccfa53e7d6b6cda,fgs,yes,Mark Kastelic,,betrivers,2800,,oddsapi
2026-09-29T16:05:06Z,2026-09-29,NYR @ BOS,ac3cb11040dbdb0d2ccfa53e7d6b6cda,fgs,yes,Pavel Dorofeyev,,betrivers,800,,oddsapi
2026-09-29T16:05:06Z,2026-09-29,NYR @ BOS,ac3cb11040dbdb0d2ccfa53e7d6b6cda,fgs,yes,David Pastrnak,,betrivers,650,,oddsapi
2026-09-29T16:05:06Z,2026-09-29,NYR @ BOS,ac3cb11040dbdb0d2ccfa53e7d6b6cda,fgs,yes,Morgan Geekie,,betrivers,900,,oddsapi
2026-09-29T16:05:06Z,2026-09-29,NYR @ BOS,ac3cb11040dbdb0d2ccfa53e7d6b6cda,fgs,yes,Vladislav Gavrikov,,betrivers,3000,,oddsapi
2026-09-29T16:05:06Z,2026-09-29,NYR @ BOS,ac3cb11040dbdb0d2ccfa53e7d6b6cda,fgs,yes,Braden Schneider,,betrivers,2900,,oddsapi
2026-09-29T16:05:06Z,2026-09-29,NYR @ BOS,ac3cb11040dbdb0d2ccfa53e7d6b6cda,fgs,yes,Sean Durzi,,betrivers,3400,,oddsapi
2026-09-29T16:05:06Z,2026-09-29,NYR @ BOS,ac3cb11040dbdb0d2ccfa53e7d6b6cda,fgs,yes,Will Cuylle,,betrivers,1300,,oddsapi
2026-09-29T16:05:06Z,2026-09-29,NYR @ BOS,ac3cb11040dbdb0d2ccfa53e7d6b6cda,fgs,yes,J.T. Miller,,betrivers,1200,,oddsapi
2026-09-29T16:05:06Z,2026-09-29,NYR @ BOS,ac3cb11040dbdb0d2ccfa53e7d6b6cda,fgs,yes,Noah Laba,,betrivers,2900,,oddsapi
2026-09-29T16:05:06Z,2026-09-29,NYR @ BOS,ac3cb11040dbdb0d2ccfa53e7d6b6cda,fgs,yes,Fraser Minten,,betrivers,1500,,oddsapi
2026-09-29T16:05:06Z,2026-09-29,NYR @ BOS,ac3cb11040dbdb0d2ccfa53e7d6b6cda,fgs,yes,Alexis Lafrenière,,betrivers,1000,,oddsapi
2026-09-29T16:05:06Z,2026-09-29,NYR @ BOS,ac3cb11040dbdb0d2ccfa53e7d6b6cda,fgs,yes,Eeli Tolvanen,,betrivers,1600,,oddsapi
2026-09-29T16:05:06Z,2026-09-29,NYR @ BOS,ac3cb11040dbdb0d2ccfa53e7d6b6cda,fgs,yes,Pavel Zacha,,betrivers,1000,,oddsapi
2026-09-29T16:05:06Z,2026-09-29,NYR @ BOS,ac3cb11040dbdb0d2ccfa53e7d6b6cda,fgs,yes,Tanner Jeannot,,betrivers,2800,,oddsapi
2026-09-29T16:05:06Z,2026-09-29,NYR @ BOS,ac3cb11040dbdb0d2ccfa53e7d6b6cda,fgs,yes,Jonathan Aspirot,,betrivers,2400,,oddsapi
2026-09-29T16:05:06Z,2026-09-29,NYR @ BOS,ac3cb11040dbdb0d2ccfa53e7d6b6cda,sk_g,over,Tanner Jeannot,1.5,betrivers,10000,,oddsapi
2026-09-29T16:05:06Z,2026-09-29,NYR @ BOS,ac3cb11040dbdb0d2ccfa53e7d6b6cda,sk_g,over,Mark Kastelic,1.5,betrivers,10000,,oddsapi
2026-09-29T16:05:06Z,2026-09-29,NYR @ BOS,ac3cb11040dbdb0d2ccfa53e7d6b6cda,sk_g,over,J.T. Miller,2.5,betrivers,16000,,oddsapi
2026-09-29T16:05:06Z,2026-09-29,NYR @ BOS,ac3cb11040dbdb0d2ccfa53e7d6b6cda,sk_g,over,Gabe Perreault,1.5,betrivers,2200,,oddsapi
2026-09-29T16:05:06Z,2026-09-29,NYR @ BOS,ac3cb11040dbdb0d2ccfa53e7d6b6cda,sk_g,over,Marcus Pettersson,1.5,betrivers,11000,,oddsapi
2026-09-29T16:05:06Z,2026-09-29,NYR @ BOS,ac3cb11040dbdb0d2ccfa53e7d6b6cda,sk_g,over,Will Borgen,1.5,betrivers,15000,,oddsapi
2026-09-29T16:05:06Z,2026-09-29,NYR @ BOS,ac3cb11040dbdb0d2ccfa53e7d6b6cda,sk_g,over,Marat Khusnutdinov,1.5,betrivers,6600,,oddsapi
2026-09-29T16:05:06Z,2026-09-29,NYR @ BOS,ac3cb11040dbdb0d2ccfa53e7d6b6cda,sk_g,over,Tye Kartye,1.5,betrivers,9000,,oddsapi
2026-09-29T16:05:06Z,2026-09-29,NYR @ BOS,ac3cb11040dbdb0d2ccfa53e7d6b6cda,sk_g,over,Sean Kuraly,1.5,betrivers,16000,,oddsapi
2026-09-29T16:05:06Z,2026-09-29,NYR @ BOS,ac3cb11040dbdb0d2ccfa53e7d6b6cda,sk_g,over,James Hagens,1.5,betrivers,4000,,oddsapi
2026-09-29T16:05:06Z,2026-09-29,NYR @ BOS,ac3cb11040dbdb0d2ccfa53e7d6b6cda,sk_g,over,Mika Zibanejad,1.5,betrivers,1050,,oddsapi
2026-09-29T16:05:06Z,2026-09-29,NYR @ BOS,ac3cb11040dbdb0d2ccfa53e7d6b6cda,sk_g,over,Pavel Dorofeyev,2.5,betrivers,5000,,oddsapi
2026-09-29T16:05:06Z,2026-09-29,NYR @ BOS,ac3cb11040dbdb0d2ccfa53e7d6b6cda,sk_g,over,Mika Zibanejad,2.5,betrivers,6000,,oddsapi
2026-09-29T16:05:06Z,2026-09-29,NYR @ BOS,ac3cb11040dbdb0d2ccfa53e7d6b6cda,sk_g,over,Adam Fox,1.5,betrivers,4000,,oddsapi
2026-09-29T16:05:06Z,2026-09-29,NYR @ BOS,ac3cb11040dbdb0d2ccfa53e7d6b6cda,sk_g,over,Alexis Lafrenière,2.5,betrivers,9000,,oddsapi
2026-09-29T16:05:06Z,2026-09-29,NYR @ BOS,ac3cb11040dbdb0d2ccfa53e7d6b6cda,sk_g,over,Alexis Lafrenière,1.5,betrivers,1400,,oddsapi
2026-09-29T16:05:06Z,2026-09-29,NYR @ BOS,ac3cb11040dbdb0d2ccfa53e7d6b6cda,sk_g,over,Pavel Dorofeyev,1.5,betrivers,900,,oddsapi
2026-09-29T16:05:06Z,2026-09-29,NYR @ BOS,ac3cb11040dbdb0d2ccfa53e7d6b6cda,sk_g,over,Will Cuylle,1.5,betrivers,2500,,oddsapi
2026-09-29T16:05:06Z,2026-09-29,NYR @ BOS,ac3cb11040dbdb0d2ccfa53e7d6b6cda,sk_g,over,Alberts Smits,1.5,betrivers,12000,,oddsapi
2026-09-29T16:05:06Z,2026-09-29,NYR @ BOS,ac3cb11040dbdb0d2ccfa53e7d6b6cda,sk_g,over,Pavel Zacha,1.5,betrivers,1400,,oddsapi
2026-09-29T16:05:06Z,2026-09-29,NYR @ BOS,ac3cb11040dbdb0d2ccfa53e7d6b6cda,sk_g,over,David Pastrnak,2.5,betrivers,4000,,oddsapi
2026-09-29T16:05:06Z,2026-09-29,NYR @ BOS,ac3cb11040dbdb0d2ccfa53e7d6b6cda,sk_g,over,David Pastrnak,1.5,betrivers,750,,oddsapi
2026-09-29T16:05:06Z,2026-09-29,NYR @ BOS,ac3cb11040dbdb0d2ccfa53e7d6b6cda,sk_g,over,Jonathan Aspirot,1.5,betrivers,7000,,oddsapi
2026-09-29T16:05:06Z,2026-09-29,NYR @ BOS,ac3cb11040dbdb0d2ccfa53e7d6b6cda,sk_g,over,Morgan Geekie,2.5,betrivers,7500,,oddsapi
2026-09-29T16:05:06Z,2026-09-29,NYR @ BOS,ac3cb11040dbdb0d2ccfa53e7d6b6cda,sk_g,over,Fraser Minten,1.5,betrivers,2800,,oddsapi
2026-09-29T16:05:06Z,2026-09-29,NYR @ BOS,ac3cb11040dbdb0d2ccfa53e7d6b6cda,sk_g,over,Morgan Geekie,1.5,betrivers,1200,,oddsapi
2026-09-29T16:05:06Z,2026-09-29,NYR @ BOS,ac3cb11040dbdb0d2ccfa53e7d6b6cda,sk_g,over,Elias Lindholm,1.5,betrivers,2500,,oddsapi
2026-09-29T16:05:06Z,2026-09-29,NYR @ BOS,ac3cb11040dbdb0d2ccfa53e7d6b6cda,sk_g,over,Connor Clifton,1.5,betrivers,12500,,oddsapi
2026-09-29T16:05:06Z,2026-09-29,NYR @ BOS,ac3cb11040dbdb0d2ccfa53e7d6b6cda,sk_g,over,Pavel Zacha,2.5,betrivers,9000,,oddsapi
2026-09-29T16:05:06Z,2026-09-29,NYR @ BOS,ac3cb11040dbdb0d2ccfa53e7d6b6cda,sk_g,over,J.T. Miller,1.5,betrivers,2000,,oddsapi
2026-09-29T16:05:06Z,2026-09-29,NYR @ BOS,ac3cb11040dbdb0d2ccfa53e7d6b6cda,sk_g,over,Eeli Tolvanen,1.5,betrivers,3300,,oddsapi
2026-09-29T16:05:06Z,2026-09-29,NYR @ BOS,ac3cb11040dbdb0d2ccfa53e7d6b6cda,sk_g,over,Nikita Zadorov,1.5,betrivers,15000,,oddsapi
2026-09-29T16:05:06Z,2026-09-29,NYR @ BOS,ac3cb11040dbdb0d2ccfa53e7d6b6cda,sk_g,over,Sean Durzi,1.5,betrivers,14000,,oddsapi
2026-09-29T16:05:06Z,2026-09-29,NYR @ BOS,ac3cb11040dbdb0d2ccfa53e7d6b6cda,sk_g,over,Braden Schneider,1.5,betrivers,12000,,oddsapi
2026-09-29T16:05:06Z,2026-09-29,NYR @ BOS,ac3cb11040dbdb0d2ccfa53e7d6b6cda,sk_g,over,Mason Lohrei,1.5,betrivers,12000,,oddsapi
2026-09-29T16:05:06Z,2026-09-29,NYR @ BOS,ac3cb11040dbdb0d2ccfa53e7d6b6cda,sk_g,over,Joe Veleno,1.5,betrivers,12500,,oddsapi
2026-09-29T16:05:06Z,2026-09-29,NYR @ BOS,ac3cb11040dbdb0d2ccfa53e7d6b6cda,sk_g,over,Matt Rempe,1.5,betrivers,14000,,oddsapi
2026-09-29T16:05:06Z,2026-09-29,NYR @ BOS,ac3cb11040dbdb0d2ccfa53e7d6b6cda,sk_g,over,Casey Mittelstadt,1.5,betrivers,4000,,oddsapi
2026-09-29T16:05:06Z,2026-09-29,NYR @ BOS,ac3cb11040dbdb0d2ccfa53e7d6b6cda,sk_g,over,Noah Laba,1.5,betrivers,11000,,oddsapi
2026-09-29T16:05:06Z,2026-09-29,NYR @ BOS,ac3cb11040dbdb0d2ccfa53e7d6b6cda,sk_g,over,Vladislav Gavrikov,1.5,betrivers,11000,,oddsapi
2026-09-29T16:05:06Z,2026-09-29,NYR @ BOS,ac3cb11040dbdb0d2ccfa53e7d6b6cda,p1_total,over,,1.5,betrivers,-139,-103,oddsapi
2026-09-29T16:05:06Z,2026-09-29,NYR @ BOS,ac3cb11040dbdb0d2ccfa53e7d6b6cda,p1_total,under,,1.5,betrivers,-103,-139,oddsapi
2026-09-29T16:05:06Z,2026-09-29,NYR @ BOS,ac3cb11040dbdb0d2ccfa53e7d6b6cda,p2_total,over,,2.5,betrivers,175,-265,oddsapi
2026-09-29T16:05:06Z,2026-09-29,NYR @ BOS,ac3cb11040dbdb0d2ccfa53e7d6b6cda,p2_total,under,,2.5,betrivers,-265,175,oddsapi
2026-09-29T16:05:06Z,2026-09-29,NYR @ BOS,ac3cb11040dbdb0d2ccfa53e7d6b6cda,p3_total,over,,3.5,betrivers,420,-910,oddsapi
2026-09-29T16:05:06Z,2026-09-29,NYR @ BOS,ac3cb11040dbdb0d2ccfa53e7d6b6cda,p3_total,under,,3.5,betrivers,-910,420,oddsapi
2026-09-29T16:05:06Z,2026-09-29,NYR @ BOS,ac3cb11040dbdb0d2ccfa53e7d6b6cda,game_pl_alt,BOS,,1.5,bovada,-310,225,oddsapi
2026-09-29T16:05:06Z,2026-09-29,NYR @ BOS,ac3cb11040dbdb0d2ccfa53e7d6b6cda,game_pl_alt,BOS,,2.5,bovada,-650,375,oddsapi
2026-09-29T16:05:06Z,2026-09-29,NYR @ BOS,ac3cb11040dbdb0d2ccfa53e7d6b6cda,game_pl_alt,BOS,,2.5,bovada,-600,375,oddsapi
2026-09-29T16:05:06Z,2026-09-29,NYR @ BOS,ac3cb11040dbdb0d2ccfa53e7d6b6cda,game_pl_alt,BOS,,-2.5,bovada,360,-575,oddsapi
2026-09-29T16:05:06Z,2026-09-29,NYR @ BOS,ac3cb11040dbdb0d2ccfa53e7d6b6cda,game_pl_alt,BOS,,3.5,bovada,-2000,800,oddsapi
2026-09-29T16:05:06Z,2026-09-29,NYR @ BOS,ac3cb11040dbdb0d2ccfa53e7d6b6cda,game_pl_alt,BOS,,-4.5,bovada,1200,,oddsapi
2026-09-29T16:05:06Z,2026-09-29,NYR @ BOS,ac3cb11040dbdb0d2ccfa53e7d6b6cda,game_pl_alt,NYR,,-1.5,bovada,225,-310,oddsapi
2026-09-29T16:05:06Z,2026-09-29,NYR @ BOS,ac3cb11040dbdb0d2ccfa53e7d6b6cda,game_pl_alt,NYR,,-2.5,bovada,400,-600,oddsapi
2026-09-29T16:05:06Z,2026-09-29,NYR @ BOS,ac3cb11040dbdb0d2ccfa53e7d6b6cda,game_pl_alt,NYR,,-2.5,bovada,375,-600,oddsapi
2026-09-29T16:05:06Z,2026-09-29,NYR @ BOS,ac3cb11040dbdb0d2ccfa53e7d6b6cda,game_pl_alt,NYR,,2.5,bovada,-575,360,oddsapi
2026-09-29T16:05:06Z,2026-09-29,NYR @ BOS,ac3cb11040dbdb0d2ccfa53e7d6b6cda,game_pl_alt,NYR,,-3.5,bovada,800,-2000,oddsapi
2026-09-29T16:05:06Z,2026-09-29,NYR @ BOS,ac3cb11040dbdb0d2ccfa53e7d6b6cda,team_total_alt,over,BOS,2.5,bovada,-170,130,oddsapi
2026-09-29T16:05:06Z,2026-09-29,NYR @ BOS,ac3cb11040dbdb0d2ccfa53e7d6b6cda,team_total_alt,under,BOS,2.5,bovada,130,-170,oddsapi
2026-09-29T16:05:06Z,2026-09-29,NYR @ BOS,ac3cb11040dbdb0d2ccfa53e7d6b6cda,team_total_alt,over,NYR,2.5,bovada,-165,125,oddsapi
2026-09-29T16:05:06Z,2026-09-29,NYR @ BOS,ac3cb11040dbdb0d2ccfa53e7d6b6cda,team_total_alt,under,NYR,2.5,bovada,125,-165,oddsapi
2026-09-29T16:05:06Z,2026-09-29,NYR @ BOS,ac3cb11040dbdb0d2ccfa53e7d6b6cda,game_total_alt,over,,4.5,bovada,-375,260,oddsapi
2026-09-29T16:05:06Z,2026-09-29,NYR @ BOS,ac3cb11040dbdb0d2ccfa53e7d6b6cda,game_total_alt,over,,5,bovada,-275,200,oddsapi
2026-09-29T16:05:06Z,2026-09-29,NYR @ BOS,ac3cb11040dbdb0d2ccfa53e7d6b6cda,game_total_alt,over,,5.5,bovada,-135,105,oddsapi
2026-09-29T16:05:06Z,2026-09-29,NYR @ BOS,ac3cb11040dbdb0d2ccfa53e7d6b6cda,game_total_alt,over,,6.5,bovada,115,-150,oddsapi
2026-09-29T16:05:06Z,2026-09-29,NYR @ BOS,ac3cb11040dbdb0d2ccfa53e7d6b6cda,game_total_alt,over,,7,bovada,210,-285,oddsapi
2026-09-29T16:05:06Z,2026-09-29,NYR @ BOS,ac3cb11040dbdb0d2ccfa53e7d6b6cda,game_total_alt,over,,7.5,bovada,255,-360,oddsapi
2026-09-29T16:05:06Z,2026-09-29,NYR @ BOS,ac3cb11040dbdb0d2ccfa53e7d6b6cda,game_total_alt,under,,4.5,bovada,260,-375,oddsapi
2026-09-29T16:05:06Z,2026-09-29,NYR @ BOS,ac3cb11040dbdb0d2ccfa53e7d6b6cda,game_total_alt,under,,5,bovada,200,-275,oddsapi
2026-09-29T16:05:06Z,2026-09-29,NYR @ BOS,ac3cb11040dbdb0d2ccfa53e7d6b6cda,game_total_alt,under,,5.5,bovada,105,-135,oddsapi
2026-09-29T16:05:06Z,2026-09-29,NYR @ BOS,ac3cb11040dbdb0d2ccfa53e7d6b6cda,game_total_alt,under,,6.5,bovada,-150,115,oddsapi
2026-09-29T16:05:06Z,2026-09-29,NYR @ BOS,ac3cb11040dbdb0d2ccfa53e7d6b6cda,game_total_alt,under,,7,bovada,-285,210,oddsapi
2026-09-29T16:05:06Z,2026-09-29,NYR @ BOS,ac3cb11040dbdb0d2ccfa53e7d6b6cda,game_total_alt,under,,7.5,bovada,-360,255,oddsapi
2026-09-29T16:05:06Z,2026-09-29,NYR @ BOS,ac3cb11040dbdb0d2ccfa53e7d6b6cda,game_ml3,BOS,,,bovada,141,,oddsapi
2026-09-29T16:05:06Z,2026-09-29,NYR @ BOS,ac3cb11040dbdb0d2ccfa53e7d6b6cda,game_ml3,NYR,,,bovada,142,,oddsapi
2026-09-29T16:05:06Z,2026-09-29,NYR @ BOS,ac3cb11040dbdb0d2ccfa53e7d6b6cda,game_ml3,draw,,,bovada,305,,oddsapi
2026-09-29T16:05:06Z,2026-09-29,NYR @ BOS,ac3cb11040dbdb0d2ccfa53e7d6b6cda,p1_ml,BOS,,,bovada,-120,-110,oddsapi
2026-09-29T16:05:06Z,2026-09-29,NYR @ BOS,ac3cb11040dbdb0d2ccfa53e7d6b6cda,p1_ml,NYR,,,bovada,-110,-120,oddsapi
2026-09-29T16:05:06Z,2026-09-29,NYR @ BOS,ac3cb11040dbdb0d2ccfa53e7d6b6cda,p2_ml,BOS,,,bovada,-120,-110,oddsapi
2026-09-29T16:05:06Z,2026-09-29,NYR @ BOS,ac3cb11040dbdb0d2ccfa53e7d6b6cda,p2_ml,NYR,,,bovada,-110,-120,oddsapi
2026-09-29T16:05:06Z,2026-09-29,NYR @ BOS,ac3cb11040dbdb0d2ccfa53e7d6b6cda,p3_ml,BOS,,,bovada,-120,-110,oddsapi
2026-09-29T16:05:06Z,2026-09-29,NYR @ BOS,ac3cb11040dbdb0d2ccfa53e7d6b6cda,p3_ml,NYR,,,bovada,-110,-120,oddsapi
2026-09-29T16:05:06Z,2026-09-29,NYR @ BOS,ac3cb11040dbdb0d2ccfa53e7d6b6cda,ags,yes,Jonathan Aspirot,,bovada,2000,,oddsapi
2026-09-29T16:05:06Z,2026-09-29,NYR @ BOS,ac3cb11040dbdb0d2ccfa53e7d6b6cda,ags,yes,Tanner Jeannot,,bovada,875,,oddsapi
2026-09-29T16:05:06Z,2026-09-29,NYR @ BOS,ac3cb11040dbdb0d2ccfa53e7d6b6cda,ags,yes,Will Borgen,,bovada,1500,,oddsapi
2026-09-29T16:05:06Z,2026-09-29,NYR @ BOS,ac3cb11040dbdb0d2ccfa53e7d6b6cda,ags,yes,Hampus Lindholm,,bovada,825,,oddsapi
2026-09-29T16:05:06Z,2026-09-29,NYR @ BOS,ac3cb11040dbdb0d2ccfa53e7d6b6cda,ags,yes,Marcus Pettersson,,bovada,1400,,oddsapi
2026-09-29T16:05:06Z,2026-09-29,NYR @ BOS,ac3cb11040dbdb0d2ccfa53e7d6b6cda,ags,yes,Nikita Zadorov,,bovada,1900,,oddsapi
2026-09-29T16:05:06Z,2026-09-29,NYR @ BOS,ac3cb11040dbdb0d2ccfa53e7d6b6cda,ags,yes,James Hagens,,bovada,410,,oddsapi
2026-09-29T16:05:06Z,2026-09-29,NYR @ BOS,ac3cb11040dbdb0d2ccfa53e7d6b6cda,ags,yes,Joe Veleno,,bovada,1000,,oddsapi
2026-09-29T16:05:06Z,2026-09-29,NYR @ BOS,ac3cb11040dbdb0d2ccfa53e7d6b6cda,ags,yes,Vladislav Gavrikov,,bovada,1000,,oddsapi
2026-09-29T16:05:06Z,2026-09-29,NYR @ BOS,ac3cb11040dbdb0d2ccfa53e7d6b6cda,ags,yes,Mika Zibanejad,,bovada,188,,oddsapi
2026-09-29T16:05:06Z,2026-09-29,NYR @ BOS,ac3cb11040dbdb0d2ccfa53e7d6b6cda,ags,yes,Gabe Perreault,,bovada,345,,oddsapi
2026-09-29T16:05:06Z,2026-09-29,NYR @ BOS,ac3cb11040dbdb0d2ccfa53e7d6b6cda,ags,yes,Elias Lindholm,,bovada,385,,oddsapi
2026-09-29T16:05:06Z,2026-09-29,NYR @ BOS,ac3cb11040dbdb0d2ccfa53e7d6b6cda,ags,yes,J.T. Miller,,bovada,280,,oddsapi
2026-09-29T16:05:06Z,2026-09-29,NYR @ BOS,ac3cb11040dbdb0d2ccfa53e7d6b6cda,ags,yes,Mason Lohrei,,bovada,900,,oddsapi
2026-09-29T16:05:06Z,2026-09-29,NYR @ BOS,ac3cb11040dbdb0d2ccfa53e7d6b6cda,ags,yes,Morgan Geekie,,bovada,190,,oddsapi
2026-09-29T16:05:06Z,2026-09-29,NYR @ BOS,ac3cb11040dbdb0d2ccfa53e7d6b6cda,ags,yes,Sean Durzi,,bovada,875,,oddsapi
2026-09-29T16:05:06Z,2026-09-29,NYR @ BOS,ac3cb11040dbdb0d2ccfa53e7d6b6cda,ags,yes,Noah Laba,,bovada,700,,oddsapi
2026-09-29T16:05:06Z,2026-09-29,NYR @ BOS,ac3cb11040dbdb0d2ccfa53e7d6b6cda,ags,yes,Marat Khusnutdinov,,bovada,625,,oddsapi
2026-09-29T16:05:06Z,2026-09-29,NYR @ BOS,ac3cb11040dbdb0d2ccfa53e7d6b6cda,ags,yes,Adam Fox,,bovada,460,,oddsapi
2026-09-29T16:05:06Z,2026-09-29,NYR @ BOS,ac3cb11040dbdb0d2ccfa53e7d6b6cda,ags,yes,Pavel Zacha,,bovada,245,,oddsapi
2026-09-29T16:05:06Z,2026-09-29,NYR @ BOS,ac3cb11040dbdb0d2ccfa53e7d6b6cda,ags,yes,David Pastrnak,,bovada,143,,oddsapi
2026-09-29T16:05:06Z,2026-09-29,NYR @ BOS,ac3cb11040dbdb0d2ccfa53e7d6b6cda,ags,yes,Braden Schneider,,bovada,1600,,oddsapi
2026-09-29T16:05:06Z,2026-09-29,NYR @ BOS,ac3cb11040dbdb0d2ccfa53e7d6b6cda,ags,yes,Casey Mittelstadt,,bovada,400,,oddsapi
2026-09-29T16:05:06Z,2026-09-29,NYR @ BOS,ac3cb11040dbdb0d2ccfa53e7d6b6cda,ags,yes,Fraser Minten,,bovada,325,,oddsapi
2026-09-29T16:05:06Z,2026-09-29,NYR @ BOS,ac3cb11040dbdb0d2ccfa53e7d6b6cda,ags,yes,Matt Rempe,,bovada,1100,,oddsapi
2026-09-29T16:05:06Z,2026-09-29,NYR @ BOS,ac3cb11040dbdb0d2ccfa53e7d6b6cda,ags,yes,Mark Kastelic,,bovada,600,,oddsapi
2026-09-29T16:05:06Z,2026-09-29,NYR @ BOS,ac3cb11040dbdb0d2ccfa53e7d6b6cda,ags,yes,Eeli Tolvanen,,bovada,405,,oddsapi
2026-09-29T16:05:06Z,2026-09-29,NYR @ BOS,ac3cb11040dbdb0d2ccfa53e7d6b6cda,ags,yes,Alexis Lafrenière,,bovada,250,,oddsapi
2026-09-29T16:05:06Z,2026-09-29,NYR @ BOS,ac3cb11040dbdb0d2ccfa53e7d6b6cda,ags,yes,Oliver Bjorkstrand,,bovada,445,,oddsapi
2026-09-29T16:05:06Z,2026-09-29,NYR @ BOS,ac3cb11040dbdb0d2ccfa53e7d6b6cda,ags,yes,Tye Kartye,,bovada,800,,oddsapi
2026-09-29T16:05:06Z,2026-09-29,NYR @ BOS,ac3cb11040dbdb0d2ccfa53e7d6b6cda,ags,yes,Sean Kuraly,,bovada,1000,,oddsapi
2026-09-29T16:05:06Z,2026-09-29,NYR @ BOS,ac3cb11040dbdb0d2ccfa53e7d6b6cda,ags,yes,Pavel Dorofeyev,,bovada,166,,oddsapi
2026-09-29T16:05:06Z,2026-09-29,NYR @ BOS,ac3cb11040dbdb0d2ccfa53e7d6b6cda,ags,yes,Will Cuylle,,bovada,320,,oddsapi
2026-09-29T16:05:06Z,2026-09-29,NYR @ BOS,ac3cb11040dbdb0d2ccfa53e7d6b6cda,fgs,yes,David Pastrnak,,bovada,1000,,oddsapi
2026-09-29T16:05:06Z,2026-09-29,NYR @ BOS,ac3cb11040dbdb0d2ccfa53e7d6b6cda,fgs,yes,Mika Zibanejad,,bovada,1200,,oddsapi
2026-09-29T16:05:06Z,2026-09-29,NYR @ BOS,ac3cb11040dbdb0d2ccfa53e7d6b6cda,fgs,yes,Morgan Geekie,,bovada,1200,,oddsapi
2026-09-29T16:05:06Z,2026-09-29,NYR @ BOS,ac3cb11040dbdb0d2ccfa53e7d6b6cda,fgs,yes,James Hagens,,bovada,2200,,oddsapi
2026-09-29T16:05:06Z,2026-09-29,NYR @ BOS,ac3cb11040dbdb0d2ccfa53e7d6b6cda,fgs,yes,Elias Lindholm,,bovada,2200,,oddsapi
2026-09-29T16:05:06Z,2026-09-29,NYR @ BOS,ac3cb11040dbdb0d2ccfa53e7d6b6cda,fgs,yes,Braden Schneider,,bovada,8000,,oddsapi
2026-09-29T16:05:06Z,2026-09-29,NYR @ BOS,ac3cb11040dbdb0d2ccfa53e7d6b6cda,fgs,yes,Eeli Tolvanen,,bovada,2200,,oddsapi
2026-09-29T16:05:06Z,2026-09-29,NYR @ BOS,ac3cb11040dbdb0d2ccfa53e7d6b6cda,fgs,yes,Sean Kuraly,,bovada,6000,,oddsapi
2026-09-29T16:05:06Z,2026-09-29,NYR @ BOS,ac3cb11040dbdb0d2ccfa53e7d6b6cda,fgs,yes,Mason Lohrei,,bovada,4000,,oddsapi
2026-09-29T16:05:06Z,2026-09-29,NYR @ BOS,ac3cb11040dbdb0d2ccfa53e7d6b6cda,fgs,yes,Mark Kastelic,,bovada,3300,,oddsapi
2026-09-29T16:05:06Z,2026-09-29,NYR @ BOS,ac3cb11040dbdb0d2ccfa53e7d6b6cda,fgs,yes,Noah Laba,,bovada,3500,,oddsapi
2026-09-29T16:05:06Z,2026-09-29,NYR @ BOS,ac3cb11040dbdb0d2ccfa53e7d6b6cda,fgs,yes,Gabe Perreault,,bovada,2200,,oddsapi
2026-09-29T16:05:06Z,2026-09-29,NYR @ BOS,ac3cb11040dbdb0d2ccfa53e7d6b6cda,fgs,yes,Matt Rempe,,bovada,7000,,oddsapi
2026-09-29T16:05:06Z,2026-09-29,NYR @ BOS,ac3cb11040dbdb0d2ccfa53e7d6b6cda,fgs,yes,Casey Mittelstadt,,bovada,2500,,oddsapi
2026-09-29T16:05:06Z,2026-09-29,NYR @ BOS,ac3cb11040dbdb0d2ccfa53e7d6b6cda,fgs,yes,Sean Durzi,,bovada,5000,,oddsapi
2026-09-29T16:05:06Z,2026-09-29,NYR @ BOS,ac3cb11040dbdb0d2ccfa53e7d6b6cda,fgs,yes,Fraser Minten,,bovada,2000,,oddsapi
2026-09-29T16:05:06Z,2026-09-29,NYR @ BOS,ac3cb11040dbdb0d2ccfa53e7d6b6cda,fgs,yes,Adam Fox,,bovada,3000,,oddsapi
2026-09-29T16:05:06Z,2026-09-29,NYR @ BOS,ac3cb11040dbdb0d2ccfa53e7d6b6cda,fgs,yes,Marcus Pettersson,,bovada,8000,,oddsapi
2026-09-29T16:05:06Z,2026-09-29,NYR @ BOS,ac3cb11040dbdb0d2ccfa53e7d6b6cda,fgs,yes,Vladislav Gavrikov,,bovada,5000,,oddsapi
2026-09-29T16:05:06Z,2026-09-29,NYR @ BOS,ac3cb11040dbdb0d2ccfa53e7d6b6cda,fgs,yes,Marat Khusnutdinov,,bovada,3500,,oddsapi
2026-09-29T16:05:06Z,2026-09-29,NYR @ BOS,ac3cb11040dbdb0d2ccfa53e7d6b6cda,fgs,yes,Tye Kartye,,bovada,4000,,oddsapi
2026-09-29T16:05:06Z,2026-09-29,NYR @ BOS,ac3cb11040dbdb0d2ccfa53e7d6b6cda,fgs,yes,Will Cuylle,,bovada,2000,,oddsapi
2026-09-29T16:05:06Z,2026-09-29,NYR @ BOS,ac3cb11040dbdb0d2ccfa53e7d6b6cda,fgs,yes,Pavel Zacha,,bovada,1700,,oddsapi
2026-09-29T16:05:06Z,2026-09-29,NYR @ BOS,ac3cb11040dbdb0d2ccfa53e7d6b6cda,fgs,yes,Hampus Lindholm,,bovada,4000,,oddsapi
2026-09-29T16:05:06Z,2026-09-29,NYR @ BOS,ac3cb11040dbdb0d2ccfa53e7d6b6cda,fgs,yes,Joe Veleno,,bovada,6500,,oddsapi
2026-09-29T16:05:06Z,2026-09-29,NYR @ BOS,ac3cb11040dbdb0d2ccfa53e7d6b6cda,fgs,yes,Will Borgen,,bovada,7500,,oddsapi
2026-09-29T16:05:06Z,2026-09-29,NYR @ BOS,ac3cb11040dbdb0d2ccfa53e7d6b6cda,fgs,yes,Pavel Dorofeyev,,bovada,1000,,oddsapi
2026-09-29T16:05:06Z,2026-09-29,NYR @ BOS,ac3cb11040dbdb0d2ccfa53e7d6b6cda,fgs,yes,J.T. Miller,,bovada,1700,,oddsapi
2026-09-29T16:05:06Z,2026-09-29,NYR @ BOS,ac3cb11040dbdb0d2ccfa53e7d6b6cda,fgs,yes,Nikita Zadorov,,bovada,10000,,oddsapi
2026-09-29T16:05:06Z,2026-09-29,NYR @ BOS,ac3cb11040dbdb0d2ccfa53e7d6b6cda,fgs,yes,Alexis Lafrenière,,bovada,1600,,oddsapi
2026-09-29T16:05:06Z,2026-09-29,NYR @ BOS,ac3cb11040dbdb0d2ccfa53e7d6b6cda,fgs,yes,Oliver Bjorkstrand,,bovada,2500,,oddsapi
2026-09-29T16:05:06Z,2026-09-29,NYR @ BOS,ac3cb11040dbdb0d2ccfa53e7d6b6cda,fgs,yes,Jonathan Aspirot,,bovada,8000,,oddsapi
2026-09-29T16:05:06Z,2026-09-29,NYR @ BOS,ac3cb11040dbdb0d2ccfa53e7d6b6cda,fgs,yes,Tanner Jeannot,,bovada,4500,,oddsapi
2026-09-29T16:05:06Z,2026-09-29,NYR @ BOS,ac3cb11040dbdb0d2ccfa53e7d6b6cda,p1_pl,BOS,,-0.5,bovada,170,-230,oddsapi
2026-09-29T16:05:06Z,2026-09-29,NYR @ BOS,ac3cb11040dbdb0d2ccfa53e7d6b6cda,p1_pl,NYR,,0.5,bovada,-230,170,oddsapi
2026-09-29T16:05:06Z,2026-09-29,NYR @ BOS,ac3cb11040dbdb0d2ccfa53e7d6b6cda,p2_pl,BOS,,-0.5,bovada,165,-220,oddsapi
2026-09-29T16:05:06Z,2026-09-29,NYR @ BOS,ac3cb11040dbdb0d2ccfa53e7d6b6cda,p2_pl,NYR,,0.5,bovada,-220,165,oddsapi
2026-09-29T16:05:06Z,2026-09-29,NYR @ BOS,ac3cb11040dbdb0d2ccfa53e7d6b6cda,p3_pl,BOS,,-0.5,bovada,150,-200,oddsapi
2026-09-29T16:05:06Z,2026-09-29,NYR @ BOS,ac3cb11040dbdb0d2ccfa53e7d6b6cda,p3_pl,NYR,,0.5,bovada,-200,150,oddsapi
2026-09-29T16:05:06Z,2026-09-29,NYR @ BOS,ac3cb11040dbdb0d2ccfa53e7d6b6cda,p1_total,over,,1.5,bovada,-130,100,oddsapi
2026-09-29T16:05:06Z,2026-09-29,NYR @ BOS,ac3cb11040dbdb0d2ccfa53e7d6b6cda,p1_total,under,,1.5,bovada,100,-130,oddsapi
2026-09-29T16:05:06Z,2026-09-29,NYR @ BOS,ac3cb11040dbdb0d2ccfa53e7d6b6cda,p2_total,over,,2,bovada,120,-160,oddsapi
2026-09-29T16:05:06Z,2026-09-29,NYR @ BOS,ac3cb11040dbdb0d2ccfa53e7d6b6cda,p2_total,under,,2,bovada,-160,120,oddsapi
2026-09-29T16:05:06Z,2026-09-29,NYR @ BOS,ac3cb11040dbdb0d2ccfa53e7d6b6cda,p3_total,over,,2,bovada,-120,-110,oddsapi
2026-09-29T16:05:06Z,2026-09-29,NYR @ BOS,ac3cb11040dbdb0d2ccfa53e7d6b6cda,p3_total,under,,2,bovada,-110,-120,oddsapi
2026-09-29T16:05:06Z,2026-09-29,NYR @ BOS,ac3cb11040dbdb0d2ccfa53e7d6b6cda,game_ml3,BOS,,,fanatics,135,,oddsapi
2026-09-29T16:05:06Z,2026-09-29,NYR @ BOS,ac3cb11040dbdb0d2ccfa53e7d6b6cda,game_ml3,NYR,,,fanatics,140,,oddsapi
2026-09-29T16:05:06Z,2026-09-29,NYR @ BOS,ac3cb11040dbdb0d2ccfa53e7d6b6cda,game_ml3,draw,,,fanatics,290,,oddsapi
2026-09-29T16:05:06Z,2026-09-29,NYR @ BOS,ac3cb11040dbdb0d2ccfa53e7d6b6cda,ags,yes,Mason Lohrei,,fanatics,850,,oddsapi
2026-09-29T16:05:06Z,2026-09-29,NYR @ BOS,ac3cb11040dbdb0d2ccfa53e7d6b6cda,ags,yes,Pavel Zacha,,fanatics,275,,oddsapi
2026-09-29T16:05:06Z,2026-09-29,NYR @ BOS,ac3cb11040dbdb0d2ccfa53e7d6b6cda,ags,yes,Hampus Lindholm,,fanatics,700,,oddsapi
2026-09-29T16:05:06Z,2026-09-29,NYR @ BOS,ac3cb11040dbdb0d2ccfa53e7d6b6cda,ags,yes,Morgan Geekie,,fanatics,190,,oddsapi
2026-09-29T16:05:06Z,2026-09-29,NYR @ BOS,ac3cb11040dbdb0d2ccfa53e7d6b6cda,ags,yes,David Pastrnak,,fanatics,135,,oddsapi
2026-09-29T16:05:06Z,2026-09-29,NYR @ BOS,ac3cb11040dbdb0d2ccfa53e7d6b6cda,ags,yes,Casey Mittelstadt,,fanatics,390,,oddsapi
2026-09-29T16:05:06Z,2026-09-29,NYR @ BOS,ac3cb11040dbdb0d2ccfa53e7d6b6cda,ags,yes,Connor Clifton,,fanatics,2000,,oddsapi
2026-09-29T16:05:06Z,2026-09-29,NYR @ BOS,ac3cb11040dbdb0d2ccfa53e7d6b6cda,ags,yes,JJ Peterka,,fanatics,210,,oddsapi
2026-09-29T16:05:06Z,2026-09-29,NYR @ BOS,ac3cb11040dbdb0d2ccfa53e7d6b6cda,ags,yes,Mark Kastelic,,fanatics,650,,oddsapi
2026-09-29T16:05:06Z,2026-09-29,NYR @ BOS,ac3cb11040dbdb0d2ccfa53e7d6b6cda,ags,yes,Sean Kuraly,,fanatics,1100,,oddsapi
2026-09-29T16:05:06Z,2026-09-29,NYR @ BOS,ac3cb11040dbdb0d2ccfa53e7d6b6cda,ags,yes,Will Borgen,,fanatics,1600,,oddsapi
2026-09-29T16:05:06Z,2026-09-29,NYR @ BOS,ac3cb11040dbdb0d2ccfa53e7d6b6cda,ags,yes,Nikita Zadorov,,fanatics,2200,,oddsapi
2026-09-29T16:05:06Z,2026-09-29,NYR @ BOS,ac3cb11040dbdb0d2ccfa53e7d6b6cda,ags,yes,Elias Lindholm,,fanatics,410,,oddsapi
2026-09-29T16:05:06Z,2026-09-29,NYR @ BOS,ac3cb11040dbdb0d2ccfa53e7d6b6cda,ags,yes,Fraser Minten,,fanatics,325,,oddsapi
2026-09-29T16:05:06Z,2026-09-29,NYR @ BOS,ac3cb11040dbdb0d2ccfa53e7d6b6cda,ags,yes,Marat Khusnutdinov,,fanatics,600,,oddsapi
2026-09-29T16:05:06Z,2026-09-29,NYR @ BOS,ac3cb11040dbdb0d2ccfa53e7d6b6cda,ags,yes,James Hagens,,fanatics,390,,oddsapi
2026-09-29T16:05:06Z,2026-09-29,NYR @ BOS,ac3cb11040dbdb0d2ccfa53e7d6b6cda,ags,yes,Sean Durzi,,fanatics,800,,oddsapi
2026-09-29T16:05:06Z,2026-09-29,NYR @ BOS,ac3cb11040dbdb0d2ccfa53e7d6b6cda,ags,yes,Braden Schneider,,fanatics,1600,,oddsapi
2026-09-29T16:05:06Z,2026-09-29,NYR @ BOS,ac3cb11040dbdb0d2ccfa53e7d6b6cda,ags,yes,Alexis Lafrenière,,fanatics,250,,oddsapi
2026-09-29T16:05:06Z,2026-09-29,NYR @ BOS,ac3cb11040dbdb0d2ccfa53e7d6b6cda,ags,yes,Adam Fox,,fanatics,475,,oddsapi
2026-09-29T16:05:06Z,2026-09-29,NYR @ BOS,ac3cb11040dbdb0d2ccfa53e7d6b6cda,ags,yes,Mika Zibanejad,,fanatics,180,,oddsapi
2026-09-29T16:05:06Z,2026-09-29,NYR @ BOS,ac3cb11040dbdb0d2ccfa53e7d6b6cda,ags,yes,Marcus Pettersson,,fanatics,1400,,oddsapi
2026-09-29T16:05:06Z,2026-09-29,NYR @ BOS,ac3cb11040dbdb0d2ccfa53e7d6b6cda,ags,yes,Pavel Dorofeyev,,fanatics,160,,oddsapi
2026-09-29T16:05:06Z,2026-09-29,NYR @ BOS,ac3cb11040dbdb0d2ccfa53e7d6b6cda,ags,yes,J.T. Miller,,fanatics,250,,oddsapi
2026-09-29T16:05:06Z,2026-09-29,NYR @ BOS,ac3cb11040dbdb0d2ccfa53e7d6b6cda,ags,yes,Oliver Bjorkstrand,,fanatics,450,,oddsapi
2026-09-29T16:05:06Z,2026-09-29,NYR @ BOS,ac3cb11040dbdb0d2ccfa53e7d6b6cda,ags,yes,Vladislav Gavrikov,,fanatics,1000,,oddsapi
2026-09-29T16:05:06Z,2026-09-29,NYR @ BOS,ac3cb11040dbdb0d2ccfa53e7d6b6cda,ags,yes,Matthew Robertson,,fanatics,2200,,oddsapi
2026-09-29T16:05:06Z,2026-09-29,NYR @ BOS,ac3cb11040dbdb0d2ccfa53e7d6b6cda,ags,yes,Will Cuylle,,fanatics,325,,oddsapi
2026-09-29T16:05:06Z,2026-09-29,NYR @ BOS,ac3cb11040dbdb0d2ccfa53e7d6b6cda,ags,yes,Matt Rempe,,fanatics,1100,,oddsapi
2026-09-29T16:05:06Z,2026-09-29,NYR @ BOS,ac3cb11040dbdb0d2ccfa53e7d6b6cda,ags,yes,Tye Kartye,,fanatics,700,,oddsapi
2026-09-29T16:05:06Z,2026-09-29,NYR @ BOS,ac3cb11040dbdb0d2ccfa53e7d6b6cda,ags,yes,Gabe Perreault,,fanatics,350,,oddsapi
2026-09-29T16:05:06Z,2026-09-29,NYR @ BOS,ac3cb11040dbdb0d2ccfa53e7d6b6cda,ags,yes,Noah Laba,,fanatics,700,,oddsapi
2026-09-29T16:05:06Z,2026-09-29,NYR @ BOS,ac3cb11040dbdb0d2ccfa53e7d6b6cda,ags,yes,Eeli Tolvanen,,fanatics,390,,oddsapi
2026-09-29T16:05:06Z,2026-09-29,NYR @ BOS,ac3cb11040dbdb0d2ccfa53e7d6b6cda,ags,yes,Tanner Jeannot,,fanatics,800,,oddsapi
2026-09-29T16:05:06Z,2026-09-29,NYR @ BOS,ac3cb11040dbdb0d2ccfa53e7d6b6cda,ags,yes,Jonathan Aspirot,,fanatics,1800,,oddsapi
2026-09-29T16:05:06Z,2026-09-29,NYR @ BOS,ac3cb11040dbdb0d2ccfa53e7d6b6cda,ags,yes,Alberts Smits,,fanatics,1100,,oddsapi
2026-09-29T16:05:06Z,2026-09-29,NYR @ BOS,ac3cb11040dbdb0d2ccfa53e7d6b6cda,fgs,yes,Mason Lohrei,,fanatics,3500,,oddsapi
2026-09-29T16:05:06Z,2026-09-29,NYR @ BOS,ac3cb11040dbdb0d2ccfa53e7d6b6cda,fgs,yes,Pavel Zacha,,fanatics,1300,,oddsapi
2026-09-29T16:05:06Z,2026-09-29,NYR @ BOS,ac3cb11040dbdb0d2ccfa53e7d6b6cda,fgs,yes,Hampus Lindholm,,fanatics,3000,,oddsapi
2026-09-29T16:05:06Z,2026-09-29,NYR @ BOS,ac3cb11040dbdb0d2ccfa53e7d6b6cda,fgs,yes,Morgan Geekie,,fanatics,1000,,oddsapi
2026-09-29T16:05:06Z,2026-09-29,NYR @ BOS,ac3cb11040dbdb0d2ccfa53e7d6b6cda,fgs,yes,David Pastrnak,,fanatics,800,,oddsapi
2026-09-29T16:05:06Z,2026-09-29,NYR @ BOS,ac3cb11040dbdb0d2ccfa53e7d6b6cda,fgs,yes,Casey Mittelstadt,,fanatics,1900,,oddsapi
2026-09-29T16:05:06Z,2026-09-29,NYR @ BOS,ac3cb11040dbdb0d2ccfa53e7d6b6cda,fgs,yes,Connor Clifton,,fanatics,7000,,oddsapi
2026-09-29T16:05:06Z,2026-09-29,NYR @ BOS,ac3cb11040dbdb0d2ccfa53e7d6b6cda,fgs,yes,JJ Peterka,,fanatics,1100,,oddsapi
2026-09-29T16:05:06Z,2026-09-29,NYR @ BOS,ac3cb11040dbdb0d2ccfa53e7d6b6cda,fgs,yes,Mark Kastelic,,fanatics,2800,,oddsapi
2026-09-29T16:05:06Z,2026-09-29,NYR @ BOS,ac3cb11040dbdb0d2ccfa53e7d6b6cda,fgs,yes,Sean Kuraly,,fanatics,4500,,oddsapi
2026-09-29T16:05:06Z,2026-09-29,NYR @ BOS,ac3cb11040dbdb0d2ccfa53e7d6b6cda,fgs,yes,Will Borgen,,fanatics,7000,,oddsapi
2026-09-29T16:05:06Z,2026-09-29,NYR @ BOS,ac3cb11040dbdb0d2ccfa53e7d6b6cda,fgs,yes,Nikita Zadorov,,fanatics,8000,,oddsapi
2026-09-29T16:05:06Z,2026-09-29,NYR @ BOS,ac3cb11040dbdb0d2ccfa53e7d6b6cda,fgs,yes,Elias Lindholm,,fanatics,1900,,oddsapi
2026-09-29T16:05:06Z,2026-09-29,NYR @ BOS,ac3cb11040dbdb0d2ccfa53e7d6b6cda,fgs,yes,Fraser Minten,,fanatics,1700,,oddsapi
2026-09-29T16:05:06Z,2026-09-29,NYR @ BOS,ac3cb11040dbdb0d2ccfa53e7d6b6cda,fgs,yes,Marat Khusnutdinov,,fanatics,2800,,oddsapi
2026-09-29T16:05:06Z,2026-09-29,NYR @ BOS,ac3cb11040dbdb0d2ccfa53e7d6b6cda,fgs,yes,James Hagens,,fanatics,1700,,oddsapi
2026-09-29T16:05:06Z,2026-09-29,NYR @ BOS,ac3cb11040dbdb0d2ccfa53e7d6b6cda,fgs,yes,Sean Durzi,,fanatics,3500,,oddsapi
2026-09-29T16:05:06Z,2026-09-29,NYR @ BOS,ac3cb11040dbdb0d2ccfa53e7d6b6cda,fgs,yes,Braden Schneider,,fanatics,6000,,oddsapi
2026-09-29T16:05:06Z,2026-09-29,NYR @ BOS,ac3cb11040dbdb0d2ccfa53e7d6b6cda,fgs,yes,Alexis Lafrenière,,fanatics,1300,,oddsapi
2026-09-29T16:05:06Z,2026-09-29,NYR @ BOS,ac3cb11040dbdb0d2ccfa53e7d6b6cda,fgs,yes,Adam Fox,,fanatics,2200,,oddsapi
2026-09-29T16:05:06Z,2026-09-29,NYR @ BOS,ac3cb11040dbdb0d2ccfa53e7d6b6cda,fgs,yes,Mika Zibanejad,,fanatics,1100,,oddsapi
2026-09-29T16:05:06Z,2026-09-29,NYR @ BOS,ac3cb11040dbdb0d2ccfa53e7d6b6cda,fgs,yes,Marcus Pettersson,,fanatics,5000,,oddsapi
2026-09-29T16:05:06Z,2026-09-29,NYR @ BOS,ac3cb11040dbdb0d2ccfa53e7d6b6cda,fgs,yes,Pavel Dorofeyev,,fanatics,950,,oddsapi
2026-09-29T16:05:06Z,2026-09-29,NYR @ BOS,ac3cb11040dbdb0d2ccfa53e7d6b6cda,fgs,yes,J.T. Miller,,fanatics,1300,,oddsapi
2026-09-29T16:05:06Z,2026-09-29,NYR @ BOS,ac3cb11040dbdb0d2ccfa53e7d6b6cda,fgs,yes,Oliver Bjorkstrand,,fanatics,2200,,oddsapi
2026-09-29T16:05:06Z,2026-09-29,NYR @ BOS,ac3cb11040dbdb0d2ccfa53e7d6b6cda,fgs,yes,Vladislav Gavrikov,,fanatics,4500,,oddsapi
2026-09-29T16:05:06Z,2026-09-29,NYR @ BOS,ac3cb11040dbdb0d2ccfa53e7d6b6cda,fgs,yes,Matthew Robertson,,fanatics,9000,,oddsapi
2026-09-29T16:05:06Z,2026-09-29,NYR @ BOS,ac3cb11040dbdb0d2ccfa53e7d6b6cda,fgs,yes,Will Cuylle,,fanatics,1700,,oddsapi
2026-09-29T16:05:06Z,2026-09-29,NYR @ BOS,ac3cb11040dbdb0d2ccfa53e7d6b6cda,fgs,yes,Matt Rempe,,fanatics,5000,,oddsapi
2026-09-29T16:05:06Z,2026-09-29,NYR @ BOS,ac3cb11040dbdb0d2ccfa53e7d6b6cda,fgs,yes,Tye Kartye,,fanatics,3000,,oddsapi
2026-09-29T16:05:06Z,2026-09-29,NYR @ BOS,ac3cb11040dbdb0d2ccfa53e7d6b6cda,fgs,yes,Gabe Perreault,,fanatics,1700,,oddsapi
2026-09-29T16:05:06Z,2026-09-29,NYR @ BOS,ac3cb11040dbdb0d2ccfa53e7d6b6cda,fgs,yes,Noah Laba,,fanatics,3000,,oddsapi
2026-09-29T16:05:06Z,2026-09-29,NYR @ BOS,ac3cb11040dbdb0d2ccfa53e7d6b6cda,fgs,yes,Eeli Tolvanen,,fanatics,1900,,oddsapi
2026-09-29T16:05:06Z,2026-09-29,NYR @ BOS,ac3cb11040dbdb0d2ccfa53e7d6b6cda,fgs,yes,No 1st Goal,,fanatics,12000,,oddsapi
2026-09-29T16:05:06Z,2026-09-29,NYR @ BOS,ac3cb11040dbdb0d2ccfa53e7d6b6cda,fgs,yes,Tanner Jeannot,,fanatics,3500,,oddsapi
2026-09-29T16:05:06Z,2026-09-29,NYR @ BOS,ac3cb11040dbdb0d2ccfa53e7d6b6cda,fgs,yes,Jonathan Aspirot,,fanatics,7000,,oddsapi
2026-09-29T16:05:06Z,2026-09-29,NYR @ BOS,ac3cb11040dbdb0d2ccfa53e7d6b6cda,fgs,yes,Alberts Smits,,fanatics,4500,,oddsapi
2026-09-29T16:05:06Z,2026-09-29,NYR @ BOS,ac3cb11040dbdb0d2ccfa53e7d6b6cda,team_total,over,BOS,3.5,fanatics,140,-185,oddsapi
2026-09-29T16:05:06Z,2026-09-29,NYR @ BOS,ac3cb11040dbdb0d2ccfa53e7d6b6cda,team_total,under,BOS,3.5,fanatics,-185,140,oddsapi
2026-09-29T16:05:06Z,2026-09-29,NYR @ BOS,ac3cb11040dbdb0d2ccfa53e7d6b6cda,team_total,over,NYR,2.5,fanatics,-165,125,oddsapi
2026-09-29T16:05:06Z,2026-09-29,NYR @ BOS,ac3cb11040dbdb0d2ccfa53e7d6b6cda,team_total,under,NYR,2.5,fanatics,125,-165,oddsapi
2026-09-29T16:05:06Z,2026-09-29,NYR @ BOS,ac3cb11040dbdb0d2ccfa53e7d6b6cda,p1_ml,BOS,,,betus,-115,-115,oddsapi
2026-09-29T16:05:06Z,2026-09-29,NYR @ BOS,ac3cb11040dbdb0d2ccfa53e7d6b6cda,p1_ml,NYR,,,betus,-115,-115,oddsapi
2026-09-29T16:05:06Z,2026-09-29,NYR @ BOS,ac3cb11040dbdb0d2ccfa53e7d6b6cda,p1_pl,BOS,,-0.5,betus,165,-205,oddsapi
2026-09-29T16:05:06Z,2026-09-29,NYR @ BOS,ac3cb11040dbdb0d2ccfa53e7d6b6cda,p1_pl,NYR,,0.5,betus,-205,165,oddsapi
2026-09-29T16:05:06Z,2026-09-29,NYR @ BOS,ac3cb11040dbdb0d2ccfa53e7d6b6cda,p1_total,over,,1.5,betus,-125,-105,oddsapi
2026-09-29T16:05:06Z,2026-09-29,NYR @ BOS,ac3cb11040dbdb0d2ccfa53e7d6b6cda,p1_total,under,,1.5,betus,-105,-125,oddsapi
2026-09-29T16:05:06Z,2026-09-29,VAN @ EDM,82c96670ad269b3647066b5e5032e0fd,game_pl_alt,EDM,,2.5,draftkings,-2200,900,oddsapi
2026-09-29T16:05:06Z,2026-09-29,VAN @ EDM,82c96670ad269b3647066b5e5032e0fd,game_pl_alt,EDM,,1.5,draftkings,-900,500,oddsapi
2026-09-29T16:05:06Z,2026-09-29,VAN @ EDM,82c96670ad269b3647066b5e5032e0fd,game_pl_alt,EDM,,-2.5,draftkings,135,-175,oddsapi
2026-09-29T16:05:06Z,2026-09-29,VAN @ EDM,82c96670ad269b3647066b5e5032e0fd,game_pl_alt,EDM,,-3.5,draftkings,300,-450,oddsapi
2026-09-29T16:05:06Z,2026-09-29,VAN @ EDM,82c96670ad269b3647066b5e5032e0fd,game_pl_alt,VAN,,-2.5,draftkings,900,-2200,oddsapi
2026-09-29T16:05:06Z,2026-09-29,VAN @ EDM,82c96670ad269b3647066b5e5032e0fd,game_pl_alt,VAN,,-1.5,draftkings,500,-900,oddsapi
2026-09-29T16:05:06Z,2026-09-29,VAN @ EDM,82c96670ad269b3647066b5e5032e0fd,game_pl_alt,VAN,,2.5,draftkings,-175,135,oddsapi
2026-09-29T16:05:06Z,2026-09-29,VAN @ EDM,82c96670ad269b3647066b5e5032e0fd,game_pl_alt,VAN,,3.5,draftkings,-450,300,oddsapi
2026-09-29T16:05:06Z,2026-09-29,VAN @ EDM,82c96670ad269b3647066b5e5032e0fd,team_total_alt,over,EDM,1.5,draftkings,-1400,700,oddsapi
2026-09-29T16:05:06Z,2026-09-29,VAN @ EDM,82c96670ad269b3647066b5e5032e0fd,team_total_alt,under,EDM,1.5,draftkings,700,-1400,oddsapi
2026-09-29T16:05:06Z,2026-09-29,VAN @ EDM,82c96670ad269b3647066b5e5032e0fd,team_total_alt,over,EDM,2.5,draftkings,-425,285,oddsapi
2026-09-29T16:05:06Z,2026-09-29,VAN @ EDM,82c96670ad269b3647066b5e5032e0fd,team_total_alt,under,EDM,2.5,draftkings,285,-425,oddsapi
2026-09-29T16:05:06Z,2026-09-29,VAN @ EDM,82c96670ad269b3647066b5e5032e0fd,team_total_alt,over,EDM,3.5,draftkings,-170,130,oddsapi
2026-09-29T16:05:06Z,2026-09-29,VAN @ EDM,82c96670ad269b3647066b5e5032e0fd,team_total_alt,under,EDM,3.5,draftkings,130,-170,oddsapi
2026-09-29T16:05:06Z,2026-09-29,VAN @ EDM,82c96670ad269b3647066b5e5032e0fd,team_total_alt,over,EDM,4.5,draftkings,135,-175,oddsapi
2026-09-29T16:05:06Z,2026-09-29,VAN @ EDM,82c96670ad269b3647066b5e5032e0fd,team_total_alt,under,EDM,4.5,draftkings,-175,135,oddsapi
2026-09-29T16:05:06Z,2026-09-29,VAN @ EDM,82c96670ad269b3647066b5e5032e0fd,team_total_alt,over,EDM,5.5,draftkings,295,-440,oddsapi
2026-09-29T16:05:06Z,2026-09-29,VAN @ EDM,82c96670ad269b3647066b5e5032e0fd,team_total_alt,under,EDM,5.5,draftkings,-440,295,oddsapi
2026-09-29T16:05:06Z,2026-09-29,VAN @ EDM,82c96670ad269b3647066b5e5032e0fd,team_total_alt,over,VAN,0.5,draftkings,-1800,800,oddsapi
2026-09-29T16:05:06Z,2026-09-29,VAN @ EDM,82c96670ad269b3647066b5e5032e0fd,team_total_alt,under,VAN,0.5,draftkings,800,-1800,oddsapi
2026-09-29T16:05:06Z,2026-09-29,VAN @ EDM,82c96670ad269b3647066b5e5032e0fd,team_total_alt,over,VAN,1.5,draftkings,-310,220,oddsapi
2026-09-29T16:05:06Z,2026-09-29,VAN @ EDM,82c96670ad269b3647066b5e5032e0fd,team_total_alt,under,VAN,1.5,draftkings,220,-310,oddsapi
2026-09-29T16:05:06Z,2026-09-29,VAN @ EDM,82c96670ad269b3647066b5e5032e0fd,team_total_alt,over,VAN,2.5,draftkings,-110,-130,oddsapi
2026-09-29T16:05:06Z,2026-09-29,VAN @ EDM,82c96670ad269b3647066b5e5032e0fd,team_total_alt,under,VAN,2.5,draftkings,-130,-110,oddsapi
2026-09-29T16:05:06Z,2026-09-29,VAN @ EDM,82c96670ad269b3647066b5e5032e0fd,team_total_alt,over,VAN,3.5,draftkings,235,-335,oddsapi
2026-09-29T16:05:06Z,2026-09-29,VAN @ EDM,82c96670ad269b3647066b5e5032e0fd,team_total_alt,under,VAN,3.5,draftkings,-335,235,oddsapi
2026-09-29T16:05:06Z,2026-09-29,VAN @ EDM,82c96670ad269b3647066b5e5032e0fd,team_total_alt,over,VAN,4.5,draftkings,575,-1050,oddsapi
2026-09-29T16:05:06Z,2026-09-29,VAN @ EDM,82c96670ad269b3647066b5e5032e0fd,team_total_alt,under,VAN,4.5,draftkings,-1050,575,oddsapi
2026-09-29T16:05:06Z,2026-09-29,VAN @ EDM,82c96670ad269b3647066b5e5032e0fd,team_total_alt,over,VAN,5.5,draftkings,1300,-6000,oddsapi
2026-09-29T16:05:06Z,2026-09-29,VAN @ EDM,82c96670ad269b3647066b5e5032e0fd,team_total_alt,under,VAN,5.5,draftkings,-6000,1300,oddsapi
2026-09-29T16:05:06Z,2026-09-29,VAN @ EDM,82c96670ad269b3647066b5e5032e0fd,game_total_alt,over,,3.5,draftkings,-1200,625,oddsapi
2026-09-29T16:05:06Z,2026-09-29,VAN @ EDM,82c96670ad269b3647066b5e5032e0fd,game_total_alt,over,,4.5,draftkings,-600,370,oddsapi
2026-09-29T16:05:06Z,2026-09-29,VAN @ EDM,82c96670ad269b3647066b5e5032e0fd,game_total_alt,over,,5.5,draftkings,-200,150,oddsapi
2026-09-29T16:05:06Z,2026-09-29,VAN @ EDM,82c96670ad269b3647066b5e5032e0fd,game_total_alt,over,,7.5,draftkings,185,-255,oddsapi
2026-09-29T16:05:06Z,2026-09-29,VAN @ EDM,82c96670ad269b3647066b5e5032e0fd,game_total_alt,over,,8.5,draftkings,290,-430,oddsapi
2026-09-29T16:05:06Z,2026-09-29,VAN @ EDM,82c96670ad269b3647066b5e5032e0fd,game_total_alt,over,,9.5,draftkings,625,-1200,oddsapi
2026-09-29T16:05:06Z,2026-09-29,VAN @ EDM,82c96670ad269b3647066b5e5032e0fd,game_total_alt,under,,3.5,draftkings,625,-1200,oddsapi
2026-09-29T16:05:06Z,2026-09-29,VAN @ EDM,82c96670ad269b3647066b5e5032e0fd,game_total_alt,under,,4.5,draftkings,370,-600,oddsapi
2026-09-29T16:05:06Z,2026-09-29,VAN @ EDM,82c96670ad269b3647066b5e5032e0fd,game_total_alt,under,,5.5,draftkings,150,-200,oddsapi
2026-09-29T16:05:06Z,2026-09-29,VAN @ EDM,82c96670ad269b3647066b5e5032e0fd,game_total_alt,under,,7.5,draftkings,-255,185,oddsapi
2026-09-29T16:05:06Z,2026-09-29,VAN @ EDM,82c96670ad269b3647066b5e5032e0fd,game_total_alt,under,,8.5,draftkings,-430,290,oddsapi
2026-09-29T16:05:06Z,2026-09-29,VAN @ EDM,82c96670ad269b3647066b5e5032e0fd,game_total_alt,under,,9.5,draftkings,-1200,625,oddsapi
2026-09-29T16:05:06Z,2026-09-29,VAN @ EDM,82c96670ad269b3647066b5e5032e0fd,game_ml3,EDM,,,draftkings,-180,,oddsapi
2026-09-29T16:05:06Z,2026-09-29,VAN @ EDM,82c96670ad269b3647066b5e5032e0fd,game_ml3,VAN,,,draftkings,330,,oddsapi
2026-09-29T16:05:06Z,2026-09-29,VAN @ EDM,82c96670ad269b3647066b5e5032e0fd,game_ml3,draw,,,draftkings,380,,oddsapi
2026-09-29T16:05:06Z,2026-09-29,VAN @ EDM,82c96670ad269b3647066b5e5032e0fd,p1_ml3,EDM,,,draftkings,110,,oddsapi
2026-09-29T16:05:06Z,2026-09-29,VAN @ EDM,82c96670ad269b3647066b5e5032e0fd,p1_ml3,VAN,,,draftkings,275,,oddsapi
2026-09-29T16:05:06Z,2026-09-29,VAN @ EDM,82c96670ad269b3647066b5e5032e0fd,p1_ml3,draw,,,draftkings,195,,oddsapi
2026-09-29T16:05:06Z,2026-09-29,VAN @ EDM,82c96670ad269b3647066b5e5032e0fd,p2_ml3,EDM,,,draftkings,-105,,oddsapi
2026-09-29T16:05:06Z,2026-09-29,VAN @ EDM,82c96670ad269b3647066b5e5032e0fd,p2_ml3,VAN,,,draftkings,285,,oddsapi
2026-09-29T16:05:06Z,2026-09-29,VAN @ EDM,82c96670ad269b3647066b5e5032e0fd,p2_ml3,draw,,,draftkings,225,,oddsapi
2026-09-29T16:05:06Z,2026-09-29,VAN @ EDM,82c96670ad269b3647066b5e5032e0fd,p3_ml3,EDM,,,draftkings,-125,,oddsapi
2026-09-29T16:05:06Z,2026-09-29,VAN @ EDM,82c96670ad269b3647066b5e5032e0fd,p3_ml3,VAN,,,draftkings,295,,oddsapi
2026-09-29T16:05:06Z,2026-09-29,VAN @ EDM,82c96670ad269b3647066b5e5032e0fd,p3_ml3,draw,,,draftkings,270,,oddsapi
2026-09-29T16:05:06Z,2026-09-29,VAN @ EDM,82c96670ad269b3647066b5e5032e0fd,sk_a,over,Connor McDavid,1.5,draftkings,175,-235,oddsapi
2026-09-29T16:05:06Z,2026-09-29,VAN @ EDM,82c96670ad269b3647066b5e5032e0fd,sk_a,under,Connor McDavid,1.5,draftkings,-235,175,oddsapi
2026-09-29T16:05:06Z,2026-09-29,VAN @ EDM,82c96670ad269b3647066b5e5032e0fd,sk_a,over,Evan Bouchard,0.5,draftkings,-170,125,oddsapi
2026-09-29T16:05:06Z,2026-09-29,VAN @ EDM,82c96670ad269b3647066b5e5032e0fd,sk_a,under,Evan Bouchard,0.5,draftkings,125,-170,oddsapi
2026-09-29T16:05:06Z,2026-09-29,VAN @ EDM,82c96670ad269b3647066b5e5032e0fd,sk_a,over,Leon Draisaitl,0.5,draftkings,-160,120,oddsapi
2026-09-29T16:05:06Z,2026-09-29,VAN @ EDM,82c96670ad269b3647066b5e5032e0fd,sk_a,under,Leon Draisaitl,0.5,draftkings,120,-160,oddsapi
2026-09-29T16:05:06Z,2026-09-29,VAN @ EDM,82c96670ad269b3647066b5e5032e0fd,sk_a,over,Filip Hronek,0.5,draftkings,110,-145,oddsapi
2026-09-29T16:05:06Z,2026-09-29,VAN @ EDM,82c96670ad269b3647066b5e5032e0fd,sk_a,under,Filip Hronek,0.5,draftkings,-145,110,oddsapi
2026-09-29T16:05:06Z,2026-09-29,VAN @ EDM,82c96670ad269b3647066b5e5032e0fd,sk_a,over,Ryan Nugent-Hopkins,0.5,draftkings,125,-170,oddsapi
2026-09-29T16:05:06Z,2026-09-29,VAN @ EDM,82c96670ad269b3647066b5e5032e0fd,sk_a,under,Ryan Nugent-Hopkins,0.5,draftkings,-170,125,oddsapi
2026-09-29T16:05:06Z,2026-09-29,VAN @ EDM,82c96670ad269b3647066b5e5032e0fd,sk_a,over,Elias Pettersson,0.5,draftkings,140,-190,oddsapi
2026-09-29T16:05:06Z,2026-09-29,VAN @ EDM,82c96670ad269b3647066b5e5032e0fd,sk_a,under,Elias Pettersson,0.5,draftkings,-190,140,oddsapi
2026-09-29T16:05:06Z,2026-09-29,VAN @ EDM,82c96670ad269b3647066b5e5032e0fd,sk_a,over,Marco Rossi,0.5,draftkings,155,-215,oddsapi
2026-09-29T16:05:06Z,2026-09-29,VAN @ EDM,82c96670ad269b3647066b5e5032e0fd,sk_a,under,Marco Rossi,0.5,draftkings,-215,155,oddsapi
2026-09-29T16:05:06Z,2026-09-29,VAN @ EDM,82c96670ad269b3647066b5e5032e0fd,sk_a,over,Mattias Ekholm,0.5,draftkings,175,-245,oddsapi
2026-09-29T16:05:06Z,2026-09-29,VAN @ EDM,82c96670ad269b3647066b5e5032e0fd,sk_a,under,Mattias Ekholm,0.5,draftkings,-245,175,oddsapi
2026-09-29T16:05:06Z,2026-09-29,VAN @ EDM,82c96670ad269b3647066b5e5032e0fd,sk_a,over,Brock Boeser,0.5,draftkings,185,-255,oddsapi
2026-09-29T16:05:06Z,2026-09-29,VAN @ EDM,82c96670ad269b3647066b5e5032e0fd,sk_a,under,Brock Boeser,0.5,draftkings,-255,185,oddsapi
2026-09-29T16:05:06Z,2026-09-29,VAN @ EDM,82c96670ad269b3647066b5e5032e0fd,sk_a,over,Jake Walman,0.5,draftkings,210,-290,oddsapi
2026-09-29T16:05:06Z,2026-09-29,VAN @ EDM,82c96670ad269b3647066b5e5032e0fd,sk_a,under,Jake Walman,0.5,draftkings,-290,210,oddsapi
2026-09-29T16:05:06Z,2026-09-29,VAN @ EDM,82c96670ad269b3647066b5e5032e0fd,sk_a,over,Zach Hyman,0.5,draftkings,215,-300,oddsapi
2026-09-29T16:05:06Z,2026-09-29,VAN @ EDM,82c96670ad269b3647066b5e5032e0fd,sk_a,under,Zach Hyman,0.5,draftkings,-300,215,oddsapi
2026-09-29T16:05:06Z,2026-09-29,VAN @ EDM,82c96670ad269b3647066b5e5032e0fd,sk_a,over,Vasily Podkolzin,0.5,draftkings,220,-300,oddsapi
2026-09-29T16:05:06Z,2026-09-29,VAN @ EDM,82c96670ad269b3647066b5e5032e0fd,sk_a,under,Vasily Podkolzin,0.5,draftkings,-300,220,oddsapi
2026-09-29T16:05:06Z,2026-09-29,VAN @ EDM,82c96670ad269b3647066b5e5032e0fd,sk_a,over,Kasperi Kapanen,0.5,draftkings,255,-360,oddsapi
2026-09-29T16:05:06Z,2026-09-29,VAN @ EDM,82c96670ad269b3647066b5e5032e0fd,sk_a,under,Kasperi Kapanen,0.5,draftkings,-360,255,oddsapi
2026-09-29T16:05:06Z,2026-09-29,VAN @ EDM,82c96670ad269b3647066b5e5032e0fd,sk_a,over,Zeev Buium,0.5,draftkings,290,-425,oddsapi
2026-09-29T16:05:06Z,2026-09-29,VAN @ EDM,82c96670ad269b3647066b5e5032e0fd,sk_a,under,Zeev Buium,0.5,draftkings,-425,290,oddsapi
2026-09-29T16:05:06Z,2026-09-29,VAN @ EDM,82c96670ad269b3647066b5e5032e0fd,ags,yes,Leon Draisaitl,,draftkings,105,,oddsapi
2026-09-29T16:05:06Z,2026-09-29,VAN @ EDM,82c96670ad269b3647066b5e5032e0fd,ags,yes,Connor McDavid,,draftkings,110,,oddsapi
2026-09-29T16:05:06Z,2026-09-29,VAN @ EDM,82c96670ad269b3647066b5e5032e0fd,ags,yes,Zach Hyman,,draftkings,165,,oddsapi
2026-09-29T16:05:06Z,2026-09-29,VAN @ EDM,82c96670ad269b3647066b5e5032e0fd,ags,yes,Vasily Podkolzin,,draftkings,215,,oddsapi
2026-09-29T16:05:06Z,2026-09-29,VAN @ EDM,82c96670ad269b3647066b5e5032e0fd,ags,yes,Ryan Nugent-Hopkins,,draftkings,215,,oddsapi
2026-09-29T16:05:06Z,2026-09-29,VAN @ EDM,82c96670ad269b3647066b5e5032e0fd,ags,yes,Brock Boeser,,draftkings,235,,oddsapi
2026-09-29T16:05:06Z,2026-09-29,VAN @ EDM,82c96670ad269b3647066b5e5032e0fd,ags,yes,Evan Bouchard,,draftkings,270,,oddsapi
2026-09-29T16:05:06Z,2026-09-29,VAN @ EDM,82c96670ad269b3647066b5e5032e0fd,ags,yes,Kasperi Kapanen,,draftkings,280,,oddsapi
2026-09-29T16:05:06Z,2026-09-29,VAN @ EDM,82c96670ad269b3647066b5e5032e0fd,ags,yes,Jake DeBrusk,,draftkings,285,,oddsapi
2026-09-29T16:05:06Z,2026-09-29,VAN @ EDM,82c96670ad269b3647066b5e5032e0fd,ags,yes,Elias Pettersson,,draftkings,295,,oddsapi
2026-09-29T16:05:06Z,2026-09-29,VAN @ EDM,82c96670ad269b3647066b5e5032e0fd,ags,yes,Isaac Howard,,draftkings,320,,oddsapi
2026-09-29T16:05:06Z,2026-09-29,VAN @ EDM,82c96670ad269b3647066b5e5032e0fd,ags,yes,Marco Rossi,,draftkings,370,,oddsapi
2026-09-29T16:05:06Z,2026-09-29,VAN @ EDM,82c96670ad269b3647066b5e5032e0fd,ags,yes,Linus Karlsson,,draftkings,400,,oddsapi
2026-09-29T16:05:06Z,2026-09-29,VAN @ EDM,82c96670ad269b3647066b5e5032e0fd,ags,yes,Jonathan Lekkerimäki,,draftkings,425,,oddsapi
2026-09-29T16:05:06Z,2026-09-29,VAN @ EDM,82c96670ad269b3647066b5e5032e0fd,ags,yes,Liam Ohgren,,draftkings,450,,oddsapi
2026-09-29T16:05:06Z,2026-09-29,VAN @ EDM,82c96670ad269b3647066b5e5032e0fd,ags,yes,Drew O'Connor,,draftkings,500,,oddsapi
2026-09-29T16:05:06Z,2026-09-29,VAN @ EDM,82c96670ad269b3647066b5e5032e0fd,ags,yes,Jake Walman,,draftkings,550,,oddsapi
2026-09-29T16:05:06Z,2026-09-29,VAN @ EDM,82c96670ad269b3647066b5e5032e0fd,ags,yes,Filip Hronek,,draftkings,600,,oddsapi
2026-09-29T16:05:06Z,2026-09-29,VAN @ EDM,82c96670ad269b3647066b5e5032e0fd,ags,yes,Max Sasson,,draftkings,600,,oddsapi
2026-09-29T16:05:06Z,2026-09-29,VAN @ EDM,82c96670ad269b3647066b5e5032e0fd,ags,yes,Trent Frederic,,draftkings,650,,oddsapi
2026-09-29T16:05:06Z,2026-09-29,VAN @ EDM,82c96670ad269b3647066b5e5032e0fd,ags,yes,Zeev Buium,,draftkings,700,,oddsapi
2026-09-29T16:05:06Z,2026-09-29,VAN @ EDM,82c96670ad269b3647066b5e5032e0fd,ags,yes,Mattias Ekholm,,draftkings,750,,oddsapi
2026-09-29T16:05:06Z,2026-09-29,VAN @ EDM,82c96670ad269b3647066b5e5032e0fd,ags,yes,Ryan Shea,,draftkings,800,,oddsapi
2026-09-29T16:05:06Z,2026-09-29,VAN @ EDM,82c96670ad269b3647066b5e5032e0fd,ags,yes,Colton Dach,,draftkings,800,,oddsapi
2026-09-29T16:05:06Z,2026-09-29,VAN @ EDM,82c96670ad269b3647066b5e5032e0fd,ags,yes,Mathieu Joseph,,draftkings,850,,oddsapi
2026-09-29T16:05:06Z,2026-09-29,VAN @ EDM,82c96670ad269b3647066b5e5032e0fd,ags,yes,Alex Formenton,,draftkings,850,,oddsapi
2026-09-29T16:05:06Z,2026-09-29,VAN @ EDM,82c96670ad269b3647066b5e5032e0fd,ags,yes,Brendan Gallagher,,draftkings,850,,oddsapi
2026-09-29T16:05:06Z,2026-09-29,VAN @ EDM,82c96670ad269b3647066b5e5032e0fd,ags,yes,Arshdeep Bains,,draftkings,950,,oddsapi
2026-09-29T16:05:06Z,2026-09-29,VAN @ EDM,82c96670ad269b3647066b5e5032e0fd,ags,yes,Connor Murphy,,draftkings,1000,,oddsapi
2026-09-29T16:05:06Z,2026-09-29,VAN @ EDM,82c96670ad269b3647066b5e5032e0fd,ags,yes,Paul Cotter,,draftkings,1000,,oddsapi
2026-09-29T16:05:06Z,2026-09-29,VAN @ EDM,82c96670ad269b3647066b5e5032e0fd,ags,yes,Tom Willander,,draftkings,1000,,oddsapi
2026-09-29T16:05:06Z,2026-09-29,VAN @ EDM,82c96670ad269b3647066b5e5032e0fd,ags,yes,Shakir Mukhamadullin,,draftkings,1400,,oddsapi
2026-09-29T16:05:06Z,2026-09-29,VAN @ EDM,82c96670ad269b3647066b5e5032e0fd,ags,yes,Elias Pettersson (2004),,draftkings,1900,,oddsapi
2026-09-29T16:05:06Z,2026-09-29,VAN @ EDM,82c96670ad269b3647066b5e5032e0fd,ags,yes,Luke Schenn,,draftkings,2200,,oddsapi
2026-09-29T16:05:06Z,2026-09-29,VAN @ EDM,82c96670ad269b3647066b5e5032e0fd,ags,yes,Jamie Oleksiak,,draftkings,2200,,oddsapi
2026-09-29T16:05:06Z,2026-09-29,VAN @ EDM,82c96670ad269b3647066b5e5032e0fd,fgs,yes,Leon Draisaitl,,draftkings,750,,oddsapi
2026-09-29T16:05:06Z,2026-09-29,VAN @ EDM,82c96670ad269b3647066b5e5032e0fd,fgs,yes,Connor McDavid,,draftkings,800,,oddsapi
2026-09-29T16:05:06Z,2026-09-29,VAN @ EDM,82c96670ad269b3647066b5e5032e0fd,fgs,yes,Vasily Podkolzin,,draftkings,1200,,oddsapi
2026-09-29T16:05:06Z,2026-09-29,VAN @ EDM,82c96670ad269b3647066b5e5032e0fd,fgs,yes,Zach Hyman,,draftkings,1200,,oddsapi
2026-09-29T16:05:06Z,2026-09-29,VAN @ EDM,82c96670ad269b3647066b5e5032e0fd,fgs,yes,Ryan Nugent-Hopkins,,draftkings,1600,,oddsapi
2026-09-29T16:05:06Z,2026-09-29,VAN @ EDM,82c96670ad269b3647066b5e5032e0fd,fgs,yes,Brock Boeser,,draftkings,1700,,oddsapi
2026-09-29T16:05:06Z,2026-09-29,VAN @ EDM,82c96670ad269b3647066b5e5032e0fd,fgs,yes,Elias Pettersson,,draftkings,1700,,oddsapi
2026-09-29T16:05:06Z,2026-09-29,VAN @ EDM,82c96670ad269b3647066b5e5032e0fd,fgs,yes,Jake DeBrusk,,draftkings,1700,,oddsapi
2026-09-29T16:05:06Z,2026-09-29,VAN @ EDM,82c96670ad269b3647066b5e5032e0fd,fgs,yes,Evan Bouchard,,draftkings,1800,,oddsapi
2026-09-29T16:05:06Z,2026-09-29,VAN @ EDM,82c96670ad269b3647066b5e5032e0fd,fgs,yes,Jonathan Lekkerimäki,,draftkings,2000,,oddsapi
2026-09-29T16:05:06Z,2026-09-29,VAN @ EDM,82c96670ad269b3647066b5e5032e0fd,fgs,yes,Kasperi Kapanen,,draftkings,2000,,oddsapi
2026-09-29T16:05:06Z,2026-09-29,VAN @ EDM,82c96670ad269b3647066b5e5032e0fd,fgs,yes,Isaac Howard,,draftkings,2200,,oddsapi
2026-09-29T16:05:06Z,2026-09-29,VAN @ EDM,82c96670ad269b3647066b5e5032e0fd,fgs,yes,Marco Rossi,,draftkings,2500,,oddsapi
2026-09-29T16:05:06Z,2026-09-29,VAN @ EDM,82c96670ad269b3647066b5e5032e0fd,fgs,yes,Linus Karlsson,,draftkings,2500,,oddsapi
2026-09-29T16:05:06Z,2026-09-29,VAN @ EDM,82c96670ad269b3647066b5e5032e0fd,fgs,yes,Liam Ohgren,,draftkings,2800,,oddsapi
2026-09-29T16:05:06Z,2026-09-29,VAN @ EDM,82c96670ad269b3647066b5e5032e0fd,fgs,yes,Drew O'Connor,,draftkings,3000,,oddsapi
2026-09-29T16:05:06Z,2026-09-29,VAN @ EDM,82c96670ad269b3647066b5e5032e0fd,fgs,yes,Max Sasson,,draftkings,3000,,oddsapi
2026-09-29T16:05:06Z,2026-09-29,VAN @ EDM,82c96670ad269b3647066b5e5032e0fd,fgs,yes,Filip Hronek,,draftkings,3000,,oddsapi
2026-09-29T16:05:06Z,2026-09-29,VAN @ EDM,82c96670ad269b3647066b5e5032e0fd,fgs,yes,Zeev Buium,,draftkings,3500,,oddsapi
2026-09-29T16:05:06Z,2026-09-29,VAN @ EDM,82c96670ad269b3647066b5e5032e0fd,fgs,yes,Jake Walman,,draftkings,3500,,oddsapi
2026-09-29T16:05:06Z,2026-09-29,VAN @ EDM,82c96670ad269b3647066b5e5032e0fd,fgs,yes,Trent Frederic,,draftkings,4000,,oddsapi
2026-09-29T16:05:06Z,2026-09-29,VAN @ EDM,82c96670ad269b3647066b5e5032e0fd,fgs,yes,Mattias Ekholm,,draftkings,4000,,oddsapi
2026-09-29T16:05:06Z,2026-09-29,VAN @ EDM,82c96670ad269b3647066b5e5032e0fd,fgs,yes,Brendan Gallagher,,draftkings,4500,,oddsapi
2026-09-29T16:05:06Z,2026-09-29,VAN @ EDM,82c96670ad269b3647066b5e5032e0fd,fgs,yes,Mathieu Joseph,,draftkings,4500,,oddsapi
2026-09-29T16:05:06Z,2026-09-29,VAN @ EDM,82c96670ad269b3647066b5e5032e0fd,fgs,yes,Alex Formenton,,draftkings,4500,,oddsapi
2026-09-29T16:05:06Z,2026-09-29,VAN @ EDM,82c96670ad269b3647066b5e5032e0fd,fgs,yes,Arshdeep Bains,,draftkings,4500,,oddsapi
2026-09-29T16:05:06Z,2026-09-29,VAN @ EDM,82c96670ad269b3647066b5e5032e0fd,fgs,yes,Colton Dach,,draftkings,4500,,oddsapi
2026-09-29T16:05:06Z,2026-09-29,VAN @ EDM,82c96670ad269b3647066b5e5032e0fd,fgs,yes,Tom Willander,,draftkings,5000,,oddsapi
2026-09-29T16:05:06Z,2026-09-29,VAN @ EDM,82c96670ad269b3647066b5e5032e0fd,fgs,yes,Ryan Shea,,draftkings,5000,,oddsapi
2026-09-29T16:05:06Z,2026-09-29,VAN @ EDM,82c96670ad269b3647066b5e5032e0fd,fgs,yes,Connor Murphy,,draftkings,5500,,oddsapi
2026-09-29T16:05:06Z,2026-09-29,VAN @ EDM,82c96670ad269b3647066b5e5032e0fd,fgs,yes,Paul Cotter,,draftkings,5500,,oddsapi
2026-09-29T16:05:06Z,2026-09-29,VAN @ EDM,82c96670ad269b3647066b5e5032e0fd,fgs,yes,Shakir Mukhamadullin,,draftkings,7000,,oddsapi
2026-09-29T16:05:06Z,2026-09-29,VAN @ EDM,82c96670ad269b3647066b5e5032e0fd,fgs,yes,Jamie Oleksiak,,draftkings,9000,,oddsapi
2026-09-29T16:05:06Z,2026-09-29,VAN @ EDM,82c96670ad269b3647066b5e5032e0fd,fgs,yes,Elias Pettersson (2004),,draftkings,9000,,oddsapi
2026-09-29T16:05:06Z,2026-09-29,VAN @ EDM,82c96670ad269b3647066b5e5032e0fd,fgs,yes,Luke Schenn,,draftkings,10000,,oddsapi
2026-09-29T16:05:06Z,2026-09-29,VAN @ EDM,82c96670ad269b3647066b5e5032e0fd,lgs,yes,Connor McDavid,,draftkings,750,,oddsapi
2026-09-29T16:05:06Z,2026-09-29,VAN @ EDM,82c96670ad269b3647066b5e5032e0fd,lgs,yes,Leon Draisaitl,,draftkings,750,,oddsapi
2026-09-29T16:05:06Z,2026-09-29,VAN @ EDM,82c96670ad269b3647066b5e5032e0fd,lgs,yes,Zach Hyman,,draftkings,900,,oddsapi
2026-09-29T16:05:06Z,2026-09-29,VAN @ EDM,82c96670ad269b3647066b5e5032e0fd,lgs,yes,Vasily Podkolzin,,draftkings,1100,,oddsapi
2026-09-29T16:05:06Z,2026-09-29,VAN @ EDM,82c96670ad269b3647066b5e5032e0fd,lgs,yes,Ryan Nugent-Hopkins,,draftkings,1200,,oddsapi
2026-09-29T16:05:06Z,2026-09-29,VAN @ EDM,82c96670ad269b3647066b5e5032e0fd,lgs,yes,Evan Bouchard,,draftkings,1300,,oddsapi
2026-09-29T16:05:06Z,2026-09-29,VAN @ EDM,82c96670ad269b3647066b5e5032e0fd,lgs,yes,Kasperi Kapanen,,draftkings,1300,,oddsapi
2026-09-29T16:05:06Z,2026-09-29,VAN @ EDM,82c96670ad269b3647066b5e5032e0fd,lgs,yes,Isaac Howard,,draftkings,1400,,oddsapi
2026-09-29T16:05:06Z,2026-09-29,VAN @ EDM,82c96670ad269b3647066b5e5032e0fd,lgs,yes,Brock Boeser,,draftkings,1600,,oddsapi
2026-09-29T16:05:06Z,2026-09-29,VAN @ EDM,82c96670ad269b3647066b5e5032e0fd,lgs,yes,Elias Pettersson,,draftkings,1800,,oddsapi
2026-09-29T16:05:06Z,2026-09-29,VAN @ EDM,82c96670ad269b3647066b5e5032e0fd,lgs,yes,Jake DeBrusk,,draftkings,1800,,oddsapi
2026-09-29T16:05:06Z,2026-09-29,VAN @ EDM,82c96670ad269b3647066b5e5032e0fd,lgs,yes,Jake Walman,,draftkings,2000,,oddsapi
2026-09-29T16:05:06Z,2026-09-29,VAN @ EDM,82c96670ad269b3647066b5e5032e0fd,lgs,yes,Linus Karlsson,,draftkings,2000,,oddsapi
2026-09-29T16:05:06Z,2026-09-29,VAN @ EDM,82c96670ad269b3647066b5e5032e0fd,lgs,yes,Marco Rossi,,draftkings,2200,,oddsapi
2026-09-29T16:05:06Z,2026-09-29,VAN @ EDM,82c96670ad269b3647066b5e5032e0fd,lgs,yes,Liam Ohgren,,draftkings,2200,,oddsapi
2026-09-29T16:05:06Z,2026-09-29,VAN @ EDM,82c96670ad269b3647066b5e5032e0fd,lgs,yes,Jonathan Lekkerimäki,,draftkings,2200,,oddsapi
2026-09-29T16:05:06Z,2026-09-29,VAN @ EDM,82c96670ad269b3647066b5e5032e0fd,lgs,yes,Ryan Shea,,draftkings,2500,,oddsapi
2026-09-29T16:05:06Z,2026-09-29,VAN @ EDM,82c96670ad269b3647066b5e5032e0fd,lgs,yes,Trent Frederic,,draftkings,2500,,oddsapi
2026-09-29T16:05:06Z,2026-09-29,VAN @ EDM,82c96670ad269b3647066b5e5032e0fd,lgs,yes,Drew O'Connor,,draftkings,2500,,oddsapi
2026-09-29T16:05:06Z,2026-09-29,VAN @ EDM,82c96670ad269b3647066b5e5032e0fd,lgs,yes,Colton Dach,,draftkings,2800,,oddsapi
2026-09-29T16:05:06Z,2026-09-29,VAN @ EDM,82c96670ad269b3647066b5e5032e0fd,lgs,yes,Mattias Ekholm,,draftkings,3000,,oddsapi
2026-09-29T16:05:06Z,2026-09-29,VAN @ EDM,82c96670ad269b3647066b5e5032e0fd,lgs,yes,Alex Formenton,,draftkings,3000,,oddsapi
2026-09-29T16:05:06Z,2026-09-29,VAN @ EDM,82c96670ad269b3647066b5e5032e0fd,lgs,yes,Filip Hronek,,draftkings,3000,,oddsapi
2026-09-29T16:05:06Z,2026-09-29,VAN @ EDM,82c96670ad269b3647066b5e5032e0fd,lgs,yes,Max Sasson,,draftkings,3000,,oddsapi
2026-09-29T16:05:06Z,2026-09-29,VAN @ EDM,82c96670ad269b3647066b5e5032e0fd,lgs,yes,Zeev Buium,,draftkings,3000,,oddsapi
2026-09-29T16:05:06Z,2026-09-29,VAN @ EDM,82c96670ad269b3647066b5e5032e0fd,lgs,yes,Mathieu Joseph,,draftkings,3500,,oddsapi
2026-09-29T16:05:06Z,2026-09-29,VAN @ EDM,82c96670ad269b3647066b5e5032e0fd,lgs,yes,Brendan Gallagher,,draftkings,3500,,oddsapi
2026-09-29T16:05:06Z,2026-09-29,VAN @ EDM,82c96670ad269b3647066b5e5032e0fd,lgs,yes,Connor Murphy,,draftkings,3500,,oddsapi
2026-09-29T16:05:06Z,2026-09-29,VAN @ EDM,82c96670ad269b3647066b5e5032e0fd,lgs,yes,Arshdeep Bains,,draftkings,4000,,oddsapi
2026-09-29T16:05:06Z,2026-09-29,VAN @ EDM,82c96670ad269b3647066b5e5032e0fd,lgs,yes,Paul Cotter,,draftkings,4000,,oddsapi
2026-09-29T16:05:06Z,2026-09-29,VAN @ EDM,82c96670ad269b3647066b5e5032e0fd,lgs,yes,Tom Willander,,draftkings,4000,,oddsapi
2026-09-29T16:05:06Z,2026-09-29,VAN @ EDM,82c96670ad269b3647066b5e5032e0fd,lgs,yes,Shakir Mukhamadullin,,draftkings,4500,,oddsapi
2026-09-29T16:05:06Z,2026-09-29,VAN @ EDM,82c96670ad269b3647066b5e5032e0fd,lgs,yes,Luke Schenn,,draftkings,6000,,oddsapi
2026-09-29T16:05:06Z,2026-09-29,VAN @ EDM,82c96670ad269b3647066b5e5032e0fd,lgs,yes,Jamie Oleksiak,,draftkings,7000,,oddsapi
2026-09-29T16:05:06Z,2026-09-29,VAN @ EDM,82c96670ad269b3647066b5e5032e0fd,lgs,yes,Elias Pettersson (2004),,draftkings,7000,,oddsapi
2026-09-29T16:05:06Z,2026-09-29,VAN @ EDM,82c96670ad269b3647066b5e5032e0fd,sk_pts,over,Connor McDavid,1.5,draftkings,-130,-105,oddsapi
2026-09-29T16:05:06Z,2026-09-29,VAN @ EDM,82c96670ad269b3647066b5e5032e0fd,sk_pts,under,Connor McDavid,1.5,draftkings,-105,-130,oddsapi
2026-09-29T16:05:06Z,2026-09-29,VAN @ EDM,82c96670ad269b3647066b5e5032e0fd,sk_pts,over,Leon Draisaitl,1.5,draftkings,105,-145,oddsapi
2026-09-29T16:05:06Z,2026-09-29,VAN @ EDM,82c96670ad269b3647066b5e5032e0fd,sk_pts,under,Leon Draisaitl,1.5,draftkings,-145,105,oddsapi
2026-09-29T16:05:06Z,2026-09-29,VAN @ EDM,82c96670ad269b3647066b5e5032e0fd,sk_pts,over,Evan Bouchard,1.5,draftkings,165,-225,oddsapi
2026-09-29T16:05:06Z,2026-09-29,VAN @ EDM,82c96670ad269b3647066b5e5032e0fd,sk_pts,under,Evan Bouchard,1.5,draftkings,-225,165,oddsapi
2026-09-29T16:05:06Z,2026-09-29,VAN @ EDM,82c96670ad269b3647066b5e5032e0fd,sk_pts,over,Ryan Nugent-Hopkins,0.5,draftkings,-155,115,oddsapi
2026-09-29T16:05:06Z,2026-09-29,VAN @ EDM,82c96670ad269b3647066b5e5032e0fd,sk_pts,under,Ryan Nugent-Hopkins,0.5,draftkings,115,-155,oddsapi
2026-09-29T16:05:06Z,2026-09-29,VAN @ EDM,82c96670ad269b3647066b5e5032e0fd,sk_pts,over,Zach Hyman,0.5,draftkings,-130,-105,oddsapi
2026-09-29T16:05:06Z,2026-09-29,VAN @ EDM,82c96670ad269b3647066b5e5032e0fd,sk_pts,under,Zach Hyman,0.5,draftkings,-105,-130,oddsapi
2026-09-29T16:05:06Z,2026-09-29,VAN @ EDM,82c96670ad269b3647066b5e5032e0fd,sk_pts,over,Elias Pettersson,0.5,draftkings,-125,-110,oddsapi
2026-09-29T16:05:06Z,2026-09-29,VAN @ EDM,82c96670ad269b3647066b5e5032e0fd,sk_pts,under,Elias Pettersson,0.5,draftkings,-110,-125,oddsapi
2026-09-29T16:05:06Z,2026-09-29,VAN @ EDM,82c96670ad269b3647066b5e5032e0fd,sk_pts,over,Filip Hronek,0.5,draftkings,-125,-110,oddsapi
2026-09-29T16:05:06Z,2026-09-29,VAN @ EDM,82c96670ad269b3647066b5e5032e0fd,sk_pts,under,Filip Hronek,0.5,draftkings,-110,-125,oddsapi
2026-09-29T16:05:06Z,2026-09-29,VAN @ EDM,82c96670ad269b3647066b5e5032e0fd,sk_pts,over,Brock Boeser,0.5,draftkings,-115,-115,oddsapi
2026-09-29T16:05:06Z,2026-09-29,VAN @ EDM,82c96670ad269b3647066b5e5032e0fd,sk_pts,under,Brock Boeser,0.5,draftkings,-115,-115,oddsapi
2026-09-29T16:05:06Z,2026-09-29,VAN @ EDM,82c96670ad269b3647066b5e5032e0fd,sk_pts,over,Marco Rossi,0.5,draftkings,-105,-130,oddsapi
2026-09-29T16:05:06Z,2026-09-29,VAN @ EDM,82c96670ad269b3647066b5e5032e0fd,sk_pts,under,Marco Rossi,0.5,draftkings,-130,-105,oddsapi
2026-09-29T16:05:06Z,2026-09-29,VAN @ EDM,82c96670ad269b3647066b5e5032e0fd,sk_pts,over,Vasily Podkolzin,0.5,draftkings,-105,-125,oddsapi
2026-09-29T16:05:06Z,2026-09-29,VAN @ EDM,82c96670ad269b3647066b5e5032e0fd,sk_pts,under,Vasily Podkolzin,0.5,draftkings,-125,-105,oddsapi
2026-09-29T16:05:06Z,2026-09-29,VAN @ EDM,82c96670ad269b3647066b5e5032e0fd,sk_pts,over,Kasperi Kapanen,0.5,draftkings,115,-160,oddsapi
2026-09-29T16:05:06Z,2026-09-29,VAN @ EDM,82c96670ad269b3647066b5e5032e0fd,sk_pts,under,Kasperi Kapanen,0.5,draftkings,-160,115,oddsapi
2026-09-29T16:05:06Z,2026-09-29,VAN @ EDM,82c96670ad269b3647066b5e5032e0fd,sk_pts,over,Mattias Ekholm,0.5,draftkings,130,-180,oddsapi
2026-09-29T16:05:06Z,2026-09-29,VAN @ EDM,82c96670ad269b3647066b5e5032e0fd,sk_pts,under,Mattias Ekholm,0.5,draftkings,-180,130,oddsapi
2026-09-29T16:05:06Z,2026-09-29,VAN @ EDM,82c96670ad269b3647066b5e5032e0fd,sk_pts,over,Jake Walman,0.5,draftkings,140,-190,oddsapi
2026-09-29T16:05:06Z,2026-09-29,VAN @ EDM,82c96670ad269b3647066b5e5032e0fd,sk_pts,under,Jake Walman,0.5,draftkings,-190,140,oddsapi
2026-09-29T16:05:06Z,2026-09-29,VAN @ EDM,82c96670ad269b3647066b5e5032e0fd,sk_pts,over,Zeev Buium,0.5,draftkings,195,-265,oddsapi
2026-09-29T16:05:06Z,2026-09-29,VAN @ EDM,82c96670ad269b3647066b5e5032e0fd,sk_pts,under,Zeev Buium,0.5,draftkings,-265,195,oddsapi
2026-09-29T16:05:06Z,2026-09-29,VAN @ EDM,82c96670ad269b3647066b5e5032e0fd,sk_sog,over,Connor McDavid,3.5,draftkings,-110,-120,oddsapi
2026-09-29T16:05:06Z,2026-09-29,VAN @ EDM,82c96670ad269b3647066b5e5032e0fd,sk_sog,under,Connor McDavid,3.5,draftkings,-120,-110,oddsapi
2026-09-29T16:05:06Z,2026-09-29,VAN @ EDM,82c96670ad269b3647066b5e5032e0fd,sk_sog,over,Evan Bouchard,2.5,draftkings,-160,120,oddsapi
2026-09-29T16:05:06Z,2026-09-29,VAN @ EDM,82c96670ad269b3647066b5e5032e0fd,sk_sog,under,Evan Bouchard,2.5,draftkings,120,-160,oddsapi
2026-09-29T16:05:06Z,2026-09-29,VAN @ EDM,82c96670ad269b3647066b5e5032e0fd,sk_sog,over,Leon Draisaitl,2.5,draftkings,-160,120,oddsapi
2026-09-29T16:05:06Z,2026-09-29,VAN @ EDM,82c96670ad269b3647066b5e5032e0fd,sk_sog,under,Leon Draisaitl,2.5,draftkings,120,-160,oddsapi
2026-09-29T16:05:06Z,2026-09-29,VAN @ EDM,82c96670ad269b3647066b5e5032e0fd,sk_sog,over,Zach Hyman,2.5,draftkings,-115,-115,oddsapi
2026-09-29T16:05:06Z,2026-09-29,VAN @ EDM,82c96670ad269b3647066b5e5032e0fd,sk_sog,under,Zach Hyman,2.5,draftkings,-115,-115,oddsapi
2026-09-29T16:05:06Z,2026-09-29,VAN @ EDM,82c96670ad269b3647066b5e5032e0fd,sk_sog,over,Brock Boeser,2.5,draftkings,130,-175,oddsapi
2026-09-29T16:05:06Z,2026-09-29,VAN @ EDM,82c96670ad269b3647066b5e5032e0fd,sk_sog,under,Brock Boeser,2.5,draftkings,-175,130,oddsapi
2026-09-29T16:05:06Z,2026-09-29,VAN @ EDM,82c96670ad269b3647066b5e5032e0fd,sk_sog,over,Vasily Podkolzin,1.5,draftkings,-185,135,oddsapi
2026-09-29T16:05:06Z,2026-09-29,VAN @ EDM,82c96670ad269b3647066b5e5032e0fd,sk_sog,under,Vasily Podkolzin,1.5,draftkings,135,-185,oddsapi
2026-09-29T16:05:06Z,2026-09-29,VAN @ EDM,82c96670ad269b3647066b5e5032e0fd,sk_sog,over,Ryan Nugent-Hopkins,1.5,draftkings,-165,125,oddsapi
2026-09-29T16:05:06Z,2026-09-29,VAN @ EDM,82c96670ad269b3647066b5e5032e0fd,sk_sog,under,Ryan Nugent-Hopkins,1.5,draftkings,125,-165,oddsapi
2026-09-29T16:05:06Z,2026-09-29,VAN @ EDM,82c96670ad269b3647066b5e5032e0fd,sk_sog,over,Kasperi Kapanen,1.5,draftkings,-155,115,oddsapi
2026-09-29T16:05:06Z,2026-09-29,VAN @ EDM,82c96670ad269b3647066b5e5032e0fd,sk_sog,under,Kasperi Kapanen,1.5,draftkings,115,-155,oddsapi
2026-09-29T16:05:06Z,2026-09-29,VAN @ EDM,82c96670ad269b3647066b5e5032e0fd,sk_sog,over,Elias Pettersson,1.5,draftkings,-135,100,oddsapi
2026-09-29T16:05:06Z,2026-09-29,VAN @ EDM,82c96670ad269b3647066b5e5032e0fd,sk_sog,under,Elias Pettersson,1.5,draftkings,100,-135,oddsapi
2026-09-29T16:05:06Z,2026-09-29,VAN @ EDM,82c96670ad269b3647066b5e5032e0fd,sk_sog,over,Filip Hronek,1.5,draftkings,-120,-110,oddsapi
2026-09-29T16:05:06Z,2026-09-29,VAN @ EDM,82c96670ad269b3647066b5e5032e0fd,sk_sog,under,Filip Hronek,1.5,draftkings,-110,-120,oddsapi
2026-09-29T16:05:06Z,2026-09-29,VAN @ EDM,82c96670ad269b3647066b5e5032e0fd,sk_sog,over,Marco Rossi,1.5,draftkings,-120,-110,oddsapi
2026-09-29T16:05:06Z,2026-09-29,VAN @ EDM,82c96670ad269b3647066b5e5032e0fd,sk_sog,under,Marco Rossi,1.5,draftkings,-110,-120,oddsapi
2026-09-29T16:05:06Z,2026-09-29,VAN @ EDM,82c96670ad269b3647066b5e5032e0fd,g_saves,over,Kevin Lankinen,28.5,draftkings,-120,-115,oddsapi
2026-09-29T16:05:06Z,2026-09-29,VAN @ EDM,82c96670ad269b3647066b5e5032e0fd,g_saves,under,Kevin Lankinen,28.5,draftkings,-115,-120,oddsapi
2026-09-29T16:05:06Z,2026-09-29,VAN @ EDM,82c96670ad269b3647066b5e5032e0fd,g_saves,over,Tristan Jarry,20.5,draftkings,-135,100,oddsapi
2026-09-29T16:05:06Z,2026-09-29,VAN @ EDM,82c96670ad269b3647066b5e5032e0fd,g_saves,under,Tristan Jarry,20.5,draftkings,100,-135,oddsapi
2026-09-29T16:05:06Z,2026-09-29,VAN @ EDM,82c96670ad269b3647066b5e5032e0fd,p1_pl,EDM,,-0.5,draftkings,110,-140,oddsapi
2026-09-29T16:05:06Z,2026-09-29,VAN @ EDM,82c96670ad269b3647066b5e5032e0fd,p1_pl,VAN,,0.5,draftkings,-140,110,oddsapi
2026-09-29T16:05:06Z,2026-09-29,VAN @ EDM,82c96670ad269b3647066b5e5032e0fd,p2_pl,EDM,,-0.5,draftkings,-105,-125,oddsapi
2026-09-29T16:05:06Z,2026-09-29,VAN @ EDM,82c96670ad269b3647066b5e5032e0fd,p2_pl,VAN,,0.5,draftkings,-125,-105,oddsapi
2026-09-29T16:05:06Z,2026-09-29,VAN @ EDM,82c96670ad269b3647066b5e5032e0fd,p3_pl,EDM,,-0.5,draftkings,-125,-105,oddsapi
2026-09-29T16:05:06Z,2026-09-29,VAN @ EDM,82c96670ad269b3647066b5e5032e0fd,p3_pl,VAN,,0.5,draftkings,-105,-125,oddsapi
2026-09-29T16:05:06Z,2026-09-29,VAN @ EDM,82c96670ad269b3647066b5e5032e0fd,p1_team_total,over,EDM,1.5,draftkings,180,-245,oddsapi
2026-09-29T16:05:06Z,2026-09-29,VAN @ EDM,82c96670ad269b3647066b5e5032e0fd,p1_team_total,under,EDM,1.5,draftkings,-245,180,oddsapi
2026-09-29T16:05:06Z,2026-09-29,VAN @ EDM,82c96670ad269b3647066b5e5032e0fd,p1_team_total,over,VAN,0.5,draftkings,-140,100,oddsapi
2026-09-29T16:05:06Z,2026-09-29,VAN @ EDM,82c96670ad269b3647066b5e5032e0fd,p1_team_total,under,VAN,0.5,draftkings,100,-140,oddsapi
2026-09-29T16:05:06Z,2026-09-29,VAN @ EDM,82c96670ad269b3647066b5e5032e0fd,p1_total,over,,1.5,draftkings,-160,124,oddsapi
2026-09-29T16:05:06Z,2026-09-29,VAN @ EDM,82c96670ad269b3647066b5e5032e0fd,p1_total,under,,1.5,draftkings,124,-160,oddsapi
2026-09-29T16:05:06Z,2026-09-29,VAN @ EDM,82c96670ad269b3647066b5e5032e0fd,p2_total,over,,1.5,draftkings,-195,150,oddsapi
2026-09-29T16:05:06Z,2026-09-29,VAN @ EDM,82c96670ad269b3647066b5e5032e0fd,p2_total,under,,1.5,draftkings,150,-195,oddsapi
2026-09-29T16:05:06Z,2026-09-29,VAN @ EDM,82c96670ad269b3647066b5e5032e0fd,p3_total,over,,2.5,draftkings,124,-160,oddsapi
2026-09-29T16:05:06Z,2026-09-29,VAN @ EDM,82c96670ad269b3647066b5e5032e0fd,p3_total,under,,2.5,draftkings,-160,124,oddsapi
2026-09-29T16:05:06Z,2026-09-29,VAN @ EDM,82c96670ad269b3647066b5e5032e0fd,game_ml3,EDM,,,williamhill_us,-205,,oddsapi
2026-09-29T16:05:06Z,2026-09-29,VAN @ EDM,82c96670ad269b3647066b5e5032e0fd,game_ml3,VAN,,,williamhill_us,305,,oddsapi
2026-09-29T16:05:06Z,2026-09-29,VAN @ EDM,82c96670ad269b3647066b5e5032e0fd,game_ml3,draw,,,williamhill_us,340,,oddsapi
2026-09-29T16:05:06Z,2026-09-29,VAN @ EDM,82c96670ad269b3647066b5e5032e0fd,p1_ml3,EDM,,,williamhill_us,108,,oddsapi
2026-09-29T16:05:06Z,2026-09-29,VAN @ EDM,82c96670ad269b3647066b5e5032e0fd,p1_ml3,VAN,,,williamhill_us,270,,oddsapi
2026-09-29T16:05:06Z,2026-09-29,VAN @ EDM,82c96670ad269b3647066b5e5032e0fd,p1_ml3,draw,,,williamhill_us,164,,oddsapi
2026-09-29T16:05:06Z,2026-09-29,VAN @ EDM,82c96670ad269b3647066b5e5032e0fd,ags,yes,Leon Draisaitl,,williamhill_us,102,,oddsapi
2026-09-29T16:05:06Z,2026-09-29,VAN @ EDM,82c96670ad269b3647066b5e5032e0fd,ags,yes,Connor McDavid,,williamhill_us,108,,oddsapi
2026-09-29T16:05:06Z,2026-09-29,VAN @ EDM,82c96670ad269b3647066b5e5032e0fd,ags,yes,Zach Hyman,,williamhill_us,156,,oddsapi
2026-09-29T16:05:06Z,2026-09-29,VAN @ EDM,82c96670ad269b3647066b5e5032e0fd,ags,yes,Ryan Nugent-Hopkins,,williamhill_us,225,,oddsapi
2026-09-29T16:05:06Z,2026-09-29,VAN @ EDM,82c96670ad269b3647066b5e5032e0fd,ags,yes,Brock Boeser,,williamhill_us,230,,oddsapi
2026-09-29T16:05:06Z,2026-09-29,VAN @ EDM,82c96670ad269b3647066b5e5032e0fd,ags,yes,Vasily Podkolzin,,williamhill_us,240,,oddsapi
2026-09-29T16:05:06Z,2026-09-29,VAN @ EDM,82c96670ad269b3647066b5e5032e0fd,ags,yes,Evan Bouchard,,williamhill_us,265,,oddsapi
2026-09-29T16:05:06Z,2026-09-29,VAN @ EDM,82c96670ad269b3647066b5e5032e0fd,ags,yes,Jake DeBrusk,,williamhill_us,275,,oddsapi
2026-09-29T16:05:06Z,2026-09-29,VAN @ EDM,82c96670ad269b3647066b5e5032e0fd,ags,yes,Kasperi Kapanen,,williamhill_us,295,,oddsapi
2026-09-29T16:05:06Z,2026-09-29,VAN @ EDM,82c96670ad269b3647066b5e5032e0fd,ags,yes,Isaac Howard,,williamhill_us,330,,oddsapi
2026-09-29T16:05:06Z,2026-09-29,VAN @ EDM,82c96670ad269b3647066b5e5032e0fd,ags,yes,Marco Rossi,,williamhill_us,340,,oddsapi
2026-09-29T16:05:06Z,2026-09-29,VAN @ EDM,82c96670ad269b3647066b5e5032e0fd,ags,yes,Jonathan Lekkerimäki,,williamhill_us,400,,oddsapi
2026-09-29T16:05:06Z,2026-09-29,VAN @ EDM,82c96670ad269b3647066b5e5032e0fd,ags,yes,Linus Karlsson,,williamhill_us,400,,oddsapi
2026-09-29T16:05:06Z,2026-09-29,VAN @ EDM,82c96670ad269b3647066b5e5032e0fd,ags,yes,Drew O'Connor,,williamhill_us,450,,oddsapi
2026-09-29T16:05:06Z,2026-09-29,VAN @ EDM,82c96670ad269b3647066b5e5032e0fd,ags,yes,Liam Ohgren,,williamhill_us,475,,oddsapi
2026-09-29T16:05:06Z,2026-09-29,VAN @ EDM,82c96670ad269b3647066b5e5032e0fd,ags,yes,Filip Hronek,,williamhill_us,525,,oddsapi
2026-09-29T16:05:06Z,2026-09-29,VAN @ EDM,82c96670ad269b3647066b5e5032e0fd,ags,yes,Max Jones,,williamhill_us,525,,oddsapi
2026-09-29T16:05:06Z,2026-09-29,VAN @ EDM,82c96670ad269b3647066b5e5032e0fd,ags,yes,Max Sasson,,williamhill_us,550,,oddsapi
2026-09-29T16:05:06Z,2026-09-29,VAN @ EDM,82c96670ad269b3647066b5e5032e0fd,ags,yes,Trent Frederic,,williamhill_us,575,,oddsapi
2026-09-29T16:05:06Z,2026-09-29,VAN @ EDM,82c96670ad269b3647066b5e5032e0fd,ags,yes,Jake Walman,,williamhill_us,575,,oddsapi
2026-09-29T16:05:06Z,2026-09-29,VAN @ EDM,82c96670ad269b3647066b5e5032e0fd,ags,yes,Zeev Buium,,williamhill_us,675,,oddsapi
2026-09-29T16:05:06Z,2026-09-29,VAN @ EDM,82c96670ad269b3647066b5e5032e0fd,ags,yes,Mattias Ekholm,,williamhill_us,675,,oddsapi
2026-09-29T16:05:06Z,2026-09-29,VAN @ EDM,82c96670ad269b3647066b5e5032e0fd,ags,yes,Colton Dach,,williamhill_us,700,,oddsapi
2026-09-29T16:05:06Z,2026-09-29,VAN @ EDM,82c96670ad269b3647066b5e5032e0fd,ags,yes,Paul Cotter,,williamhill_us,750,,oddsapi
2026-09-29T16:05:06Z,2026-09-29,VAN @ EDM,82c96670ad269b3647066b5e5032e0fd,ags,yes,Mathieu Joseph,,williamhill_us,750,,oddsapi
2026-09-29T16:05:06Z,2026-09-29,VAN @ EDM,82c96670ad269b3647066b5e5032e0fd,ags,yes,Brendan Gallagher,,williamhill_us,800,,oddsapi
2026-09-29T16:05:06Z,2026-09-29,VAN @ EDM,82c96670ad269b3647066b5e5032e0fd,ags,yes,Ryan Shea,,williamhill_us,850,,oddsapi
2026-09-29T16:05:06Z,2026-09-29,VAN @ EDM,82c96670ad269b3647066b5e5032e0fd,ags,yes,Connor Murphy,,williamhill_us,1000,,oddsapi
2026-09-29T16:05:06Z,2026-09-29,VAN @ EDM,82c96670ad269b3647066b5e5032e0fd,ags,yes,Arshdeep Bains,,williamhill_us,1000,,oddsapi
2026-09-29T16:05:06Z,2026-09-29,VAN @ EDM,82c96670ad269b3647066b5e5032e0fd,ags,yes,Tom Willander,,williamhill_us,1000,,oddsapi
2026-09-29T16:05:06Z,2026-09-29,VAN @ EDM,82c96670ad269b3647066b5e5032e0fd,ags,yes,Shakir Mukhamadullin,,williamhill_us,1100,,oddsapi
2026-09-29T16:05:06Z,2026-09-29,VAN @ EDM,82c96670ad269b3647066b5e5032e0fd,ags,yes,Jamie Oleksiak,,williamhill_us,1900,,oddsapi
2026-09-29T16:05:06Z,2026-09-29,VAN @ EDM,82c96670ad269b3647066b5e5032e0fd,ags,yes,Luke Schenn,,williamhill_us,2000,,oddsapi
2026-09-29T16:05:06Z,2026-09-29,VAN @ EDM,82c96670ad269b3647066b5e5032e0fd,fgs,yes,Leon Draisaitl,,williamhill_us,750,,oddsapi
2026-09-29T16:05:06Z,2026-09-29,VAN @ EDM,82c96670ad269b3647066b5e5032e0fd,fgs,yes,Connor McDavid,,williamhill_us,800,,oddsapi
2026-09-29T16:05:06Z,2026-09-29,VAN @ EDM,82c96670ad269b3647066b5e5032e0fd,fgs,yes,Zach Hyman,,williamhill_us,1100,,oddsapi
2026-09-29T16:05:06Z,2026-09-29,VAN @ EDM,82c96670ad269b3647066b5e5032e0fd,fgs,yes,Ryan Nugent-Hopkins,,williamhill_us,1500,,oddsapi
2026-09-29T16:05:06Z,2026-09-29,VAN @ EDM,82c96670ad269b3647066b5e5032e0fd,fgs,yes,Brock Boeser,,williamhill_us,1500,,oddsapi
2026-09-29T16:05:06Z,2026-09-29,VAN @ EDM,82c96670ad269b3647066b5e5032e0fd,fgs,yes,Vasily Podkolzin,,williamhill_us,1500,,oddsapi
2026-09-29T16:05:06Z,2026-09-29,VAN @ EDM,82c96670ad269b3647066b5e5032e0fd,fgs,yes,Jake DeBrusk,,williamhill_us,1700,,oddsapi
2026-09-29T16:05:06Z,2026-09-29,VAN @ EDM,82c96670ad269b3647066b5e5032e0fd,fgs,yes,Evan Bouchard,,williamhill_us,1750,,oddsapi
2026-09-29T16:05:06Z,2026-09-29,VAN @ EDM,82c96670ad269b3647066b5e5032e0fd,fgs,yes,Kasperi Kapanen,,williamhill_us,1800,,oddsapi
2026-09-29T16:05:06Z,2026-09-29,VAN @ EDM,82c96670ad269b3647066b5e5032e0fd,fgs,yes,Isaac Howard,,williamhill_us,2200,,oddsapi
2026-09-29T16:05:06Z,2026-09-29,VAN @ EDM,82c96670ad269b3647066b5e5032e0fd,fgs,yes,Marco Rossi,,williamhill_us,2200,,oddsapi
2026-09-29T16:05:06Z,2026-09-29,VAN @ EDM,82c96670ad269b3647066b5e5032e0fd,fgs,yes,Jonathan Lekkerimäki,,williamhill_us,2300,,oddsapi
2026-09-29T16:05:06Z,2026-09-29,VAN @ EDM,82c96670ad269b3647066b5e5032e0fd,fgs,yes,Linus Karlsson,,williamhill_us,2400,,oddsapi
2026-09-29T16:05:06Z,2026-09-29,VAN @ EDM,82c96670ad269b3647066b5e5032e0fd,fgs,yes,Drew O'Connor,,williamhill_us,2900,,oddsapi
2026-09-29T16:05:06Z,2026-09-29,VAN @ EDM,82c96670ad269b3647066b5e5032e0fd,fgs,yes,Liam Ohgren,,williamhill_us,2900,,oddsapi
2026-09-29T16:05:06Z,2026-09-29,VAN @ EDM,82c96670ad269b3647066b5e5032e0fd,fgs,yes,Filip Hronek,,williamhill_us,2900,,oddsapi
2026-09-29T16:05:06Z,2026-09-29,VAN @ EDM,82c96670ad269b3647066b5e5032e0fd,fgs,yes,Jake Walman,,williamhill_us,3300,,oddsapi
2026-09-29T16:05:06Z,2026-09-29,VAN @ EDM,82c96670ad269b3647066b5e5032e0fd,fgs,yes,Max Sasson,,williamhill_us,3300,,oddsapi
2026-09-29T16:05:06Z,2026-09-29,VAN @ EDM,82c96670ad269b3647066b5e5032e0fd,fgs,yes,Trent Frederic,,williamhill_us,3500,,oddsapi
2026-09-29T16:05:06Z,2026-09-29,VAN @ EDM,82c96670ad269b3647066b5e5032e0fd,fgs,yes,Zeev Buium,,williamhill_us,3500,,oddsapi
2026-09-29T16:05:06Z,2026-09-29,VAN @ EDM,82c96670ad269b3647066b5e5032e0fd,fgs,yes,Mattias Ekholm,,williamhill_us,4000,,oddsapi
2026-09-29T16:05:06Z,2026-09-29,VAN @ EDM,82c96670ad269b3647066b5e5032e0fd,fgs,yes,Paul Cotter,,williamhill_us,4000,,oddsapi
2026-09-29T16:05:06Z,2026-09-29,VAN @ EDM,82c96670ad269b3647066b5e5032e0fd,fgs,yes,Colton Dach,,williamhill_us,4000,,oddsapi
2026-09-29T16:05:06Z,2026-09-29,VAN @ EDM,82c96670ad269b3647066b5e5032e0fd,fgs,yes,Mathieu Joseph,,williamhill_us,4500,,oddsapi
2026-09-29T16:05:06Z,2026-09-29,VAN @ EDM,82c96670ad269b3647066b5e5032e0fd,fgs,yes,Brendan Gallagher,,williamhill_us,4500,,oddsapi
2026-09-29T16:05:06Z,2026-09-29,VAN @ EDM,82c96670ad269b3647066b5e5032e0fd,fgs,yes,Aatu Raty,,williamhill_us,5000,,oddsapi
2026-09-29T16:05:06Z,2026-09-29,VAN @ EDM,82c96670ad269b3647066b5e5032e0fd,fgs,yes,Arshdeep Bains,,williamhill_us,5000,,oddsapi
2026-09-29T16:05:06Z,2026-09-29,VAN @ EDM,82c96670ad269b3647066b5e5032e0fd,fgs,yes,Tom Willander,,williamhill_us,5000,,oddsapi
2026-09-29T16:05:06Z,2026-09-29,VAN @ EDM,82c96670ad269b3647066b5e5032e0fd,fgs,yes,Ryan Shea,,williamhill_us,5000,,oddsapi
2026-09-29T16:05:06Z,2026-09-29,VAN @ EDM,82c96670ad269b3647066b5e5032e0fd,fgs,yes,Connor Murphy,,williamhill_us,5000,,oddsapi
2026-09-29T16:05:06Z,2026-09-29,VAN @ EDM,82c96670ad269b3647066b5e5032e0fd,fgs,yes,Shakir Mukhamadullin,,williamhill_us,6500,,oddsapi
2026-09-29T16:05:06Z,2026-09-29,VAN @ EDM,82c96670ad269b3647066b5e5032e0fd,lgs,yes,Connor McDavid,,williamhill_us,750,,oddsapi
2026-09-29T16:05:06Z,2026-09-29,VAN @ EDM,82c96670ad269b3647066b5e5032e0fd,lgs,yes,Vasily Podkolzin,,williamhill_us,1200,,oddsapi
2026-09-29T16:05:06Z,2026-09-29,VAN @ EDM,82c96670ad269b3647066b5e5032e0fd,lgs,yes,Evan Bouchard,,williamhill_us,1300,,oddsapi
2026-09-29T16:05:06Z,2026-09-29,VAN @ EDM,82c96670ad269b3647066b5e5032e0fd,lgs,yes,Kasperi Kapanen,,williamhill_us,1400,,oddsapi
2026-09-29T16:05:06Z,2026-09-29,VAN @ EDM,82c96670ad269b3647066b5e5032e0fd,lgs,yes,Jake Walman,,williamhill_us,2200,,oddsapi
2026-09-29T16:05:06Z,2026-09-29,VAN @ EDM,82c96670ad269b3647066b5e5032e0fd,lgs,yes,Jonathan Lekkerimäki,,williamhill_us,2300,,oddsapi
2026-09-29T16:05:06Z,2026-09-29,VAN @ EDM,82c96670ad269b3647066b5e5032e0fd,lgs,yes,Trent Frederic,,williamhill_us,2800,,oddsapi
2026-09-29T16:05:06Z,2026-09-29,VAN @ EDM,82c96670ad269b3647066b5e5032e0fd,lgs,yes,Mattias Ekholm,,williamhill_us,3000,,oddsapi
2026-09-29T16:05:06Z,2026-09-29,VAN @ EDM,82c96670ad269b3647066b5e5032e0fd,lgs,yes,Connor Murphy,,williamhill_us,4000,,oddsapi
2026-09-29T16:05:06Z,2026-09-29,VAN @ EDM,82c96670ad269b3647066b5e5032e0fd,lgs,yes,Tom Willander,,williamhill_us,4000,,oddsapi
2026-09-29T16:05:06Z,2026-09-29,VAN @ EDM,82c96670ad269b3647066b5e5032e0fd,sk_sog,over,Brock Boeser,2.5,williamhill_us,136,-182,oddsapi
2026-09-29T16:05:06Z,2026-09-29,VAN @ EDM,82c96670ad269b3647066b5e5032e0fd,sk_sog,under,Brock Boeser,2.5,williamhill_us,-182,136,oddsapi
2026-09-29T16:05:06Z,2026-09-29,VAN @ EDM,82c96670ad269b3647066b5e5032e0fd,sk_sog,over,Leon Draisaitl,2.5,williamhill_us,-157,117,oddsapi
2026-09-29T16:05:06Z,2026-09-29,VAN @ EDM,82c96670ad269b3647066b5e5032e0fd,sk_sog,under,Leon Draisaitl,2.5,williamhill_us,117,-157,oddsapi
2026-09-29T16:05:06Z,2026-09-29,VAN @ EDM,82c96670ad269b3647066b5e5032e0fd,sk_sog,over,Evan Bouchard,2.5,williamhill_us,-154,115,oddsapi
2026-09-29T16:05:06Z,2026-09-29,VAN @ EDM,82c96670ad269b3647066b5e5032e0fd,sk_sog,under,Evan Bouchard,2.5,williamhill_us,115,-154,oddsapi
2026-09-29T16:05:06Z,2026-09-29,VAN @ EDM,82c96670ad269b3647066b5e5032e0fd,sk_sog,over,Connor McDavid,3.5,williamhill_us,-122,-111,oddsapi
2026-09-29T16:05:06Z,2026-09-29,VAN @ EDM,82c96670ad269b3647066b5e5032e0fd,sk_sog,under,Connor McDavid,3.5,williamhill_us,-111,-122,oddsapi
2026-09-29T16:05:06Z,2026-09-29,VAN @ EDM,82c96670ad269b3647066b5e5032e0fd,sk_sog,over,Zach Hyman,2.5,williamhill_us,-124,-108,oddsapi
2026-09-29T16:05:06Z,2026-09-29,VAN @ EDM,82c96670ad269b3647066b5e5032e0fd,sk_sog,under,Zach Hyman,2.5,williamhill_us,-108,-124,oddsapi
2026-09-29T16:05:06Z,2026-09-29,VAN @ EDM,82c96670ad269b3647066b5e5032e0fd,sk_sog,over,Ryan Nugent-Hopkins,1.5,williamhill_us,-159,120,oddsapi
2026-09-29T16:05:06Z,2026-09-29,VAN @ EDM,82c96670ad269b3647066b5e5032e0fd,sk_sog,under,Ryan Nugent-Hopkins,1.5,williamhill_us,120,-159,oddsapi
2026-09-29T16:05:06Z,2026-09-29,VAN @ EDM,82c96670ad269b3647066b5e5032e0fd,sk_sog,over,Filip Hronek,1.5,williamhill_us,-115,-115,oddsapi
2026-09-29T16:05:06Z,2026-09-29,VAN @ EDM,82c96670ad269b3647066b5e5032e0fd,sk_sog,under,Filip Hronek,1.5,williamhill_us,-115,-115,oddsapi
2026-09-29T16:05:06Z,2026-09-29,VAN @ EDM,82c96670ad269b3647066b5e5032e0fd,sk_sog,over,Marco Rossi,1.5,williamhill_us,-118,-113,oddsapi
2026-09-29T16:05:06Z,2026-09-29,VAN @ EDM,82c96670ad269b3647066b5e5032e0fd,sk_sog,under,Marco Rossi,1.5,williamhill_us,-113,-118,oddsapi
2026-09-29T16:05:06Z,2026-09-29,VAN @ EDM,82c96670ad269b3647066b5e5032e0fd,team_total,over,EDM,4.5,williamhill_us,127,-179,oddsapi
2026-09-29T16:05:06Z,2026-09-29,VAN @ EDM,82c96670ad269b3647066b5e5032e0fd,team_total,under,EDM,4.5,williamhill_us,-179,127,oddsapi
2026-09-29T16:05:06Z,2026-09-29,VAN @ EDM,82c96670ad269b3647066b5e5032e0fd,team_total,over,VAN,2.5,williamhill_us,-109,-129,oddsapi
2026-09-29T16:05:06Z,2026-09-29,VAN @ EDM,82c96670ad269b3647066b5e5032e0fd,team_total,under,VAN,2.5,williamhill_us,-129,-109,oddsapi
2026-09-29T16:05:06Z,2026-09-29,VAN @ EDM,82c96670ad269b3647066b5e5032e0fd,game_pl_alt,EDM,,1.5,fanduel,-850,530,oddsapi
2026-09-29T16:05:06Z,2026-09-29,VAN @ EDM,82c96670ad269b3647066b5e5032e0fd,game_pl_alt,EDM,,2.5,fanduel,-2000,1040,oddsapi
2026-09-29T16:05:06Z,2026-09-29,VAN @ EDM,82c96670ad269b3647066b5e5032e0fd,game_pl_alt,EDM,,3.5,fanduel,-8000,3200,oddsapi
2026-09-29T16:05:06Z,2026-09-29,VAN @ EDM,82c96670ad269b3647066b5e5032e0fd,game_pl_alt,EDM,,4.5,fanduel,-50000,,oddsapi
2026-09-29T16:05:06Z,2026-09-29,VAN @ EDM,82c96670ad269b3647066b5e5032e0fd,game_pl_alt,EDM,,-1.5,fanduel,-134,106,oddsapi
2026-09-29T16:05:06Z,2026-09-29,VAN @ EDM,82c96670ad269b3647066b5e5032e0fd,game_pl_alt,EDM,,-2.5,fanduel,138,-176,oddsapi
2026-09-29T16:05:06Z,2026-09-29,VAN @ EDM,82c96670ad269b3647066b5e5032e0fd,game_pl_alt,EDM,,-3.5,fanduel,340,-550,oddsapi
2026-09-29T16:05:06Z,2026-09-29,VAN @ EDM,82c96670ad269b3647066b5e5032e0fd,game_pl_alt,EDM,,-4.5,fanduel,760,-1450,oddsapi
2026-09-29T16:05:06Z,2026-09-29,VAN @ EDM,82c96670ad269b3647066b5e5032e0fd,game_pl_alt,EDM,,-5.5,fanduel,1460,-3500,oddsapi
2026-09-29T16:05:06Z,2026-09-29,VAN @ EDM,82c96670ad269b3647066b5e5032e0fd,game_pl_alt,EDM,,-6.5,fanduel,2900,-8000,oddsapi
2026-09-29T16:05:06Z,2026-09-29,VAN @ EDM,82c96670ad269b3647066b5e5032e0fd,game_pl_alt,VAN,,1.5,fanduel,106,-134,oddsapi
2026-09-29T16:05:06Z,2026-09-29,VAN @ EDM,82c96670ad269b3647066b5e5032e0fd,game_pl_alt,VAN,,2.5,fanduel,-176,138,oddsapi
2026-09-29T16:05:06Z,2026-09-29,VAN @ EDM,82c96670ad269b3647066b5e5032e0fd,game_pl_alt,VAN,,3.5,fanduel,-550,340,oddsapi
2026-09-29T16:05:06Z,2026-09-29,VAN @ EDM,82c96670ad269b3647066b5e5032e0fd,game_pl_alt,VAN,,4.5,fanduel,-1450,760,oddsapi
2026-09-29T16:05:06Z,2026-09-29,VAN @ EDM,82c96670ad269b3647066b5e5032e0fd,game_pl_alt,VAN,,5.5,fanduel,-3500,1460,oddsapi
2026-09-29T16:05:06Z,2026-09-29,VAN @ EDM,82c96670ad269b3647066b5e5032e0fd,game_pl_alt,VAN,,6.5,fanduel,-8000,2900,oddsapi
2026-09-29T16:05:06Z,2026-09-29,VAN @ EDM,82c96670ad269b3647066b5e5032e0fd,game_pl_alt,VAN,,-1.5,fanduel,530,-850,oddsapi
2026-09-29T16:05:06Z,2026-09-29,VAN @ EDM,82c96670ad269b3647066b5e5032e0fd,game_pl_alt,VAN,,-2.5,fanduel,1040,-2000,oddsapi
2026-09-29T16:05:06Z,2026-09-29,VAN @ EDM,82c96670ad269b3647066b5e5032e0fd,game_pl_alt,VAN,,-3.5,fanduel,3200,-8000,oddsapi
2026-09-29T16:05:06Z,2026-09-29,VAN @ EDM,82c96670ad269b3647066b5e5032e0fd,team_total_alt,over,EDM,0.5,fanduel,-8000,3600,oddsapi
2026-09-29T16:05:06Z,2026-09-29,VAN @ EDM,82c96670ad269b3647066b5e5032e0fd,team_total_alt,over,EDM,1.5,fanduel,-1800,940,oddsapi
2026-09-29T16:05:06Z,2026-09-29,VAN @ EDM,82c96670ad269b3647066b5e5032e0fd,team_total_alt,over,EDM,2.5,fanduel,-480,,oddsapi
2026-09-29T16:05:06Z,2026-09-29,VAN @ EDM,82c96670ad269b3647066b5e5032e0fd,team_total_alt,over,EDM,3.5,fanduel,-176,138,oddsapi
2026-09-29T16:05:06Z,2026-09-29,VAN @ EDM,82c96670ad269b3647066b5e5032e0fd,team_total_alt,over,EDM,4.5,fanduel,140,-180,oddsapi
2026-09-29T16:05:06Z,2026-09-29,VAN @ EDM,82c96670ad269b3647066b5e5032e0fd,team_total_alt,over,EDM,5.5,fanduel,330,-490,oddsapi
2026-09-29T16:05:06Z,2026-09-29,VAN @ EDM,82c96670ad269b3647066b5e5032e0fd,team_total_alt,over,EDM,6.5,fanduel,780,-1450,oddsapi
2026-09-29T16:05:06Z,2026-09-29,VAN @ EDM,82c96670ad269b3647066b5e5032e0fd,team_total_alt,over,EDM,7.5,fanduel,1650,-4500,oddsapi
2026-09-29T16:05:06Z,2026-09-29,VAN @ EDM,82c96670ad269b3647066b5e5032e0fd,team_total_alt,under,EDM,0.5,fanduel,3600,-8000,oddsapi
2026-09-29T16:05:06Z,2026-09-29,VAN @ EDM,82c96670ad269b3647066b5e5032e0fd,team_total_alt,under,EDM,1.5,fanduel,940,-1800,oddsapi
2026-09-29T16:05:06Z,2026-09-29,VAN @ EDM,82c96670ad269b3647066b5e5032e0fd,team_total_alt,under,EDM,3.5,fanduel,138,-176,oddsapi
2026-09-29T16:05:06Z,2026-09-29,VAN @ EDM,82c96670ad269b3647066b5e5032e0fd,team_total_alt,under,EDM,4.5,fanduel,-180,140,oddsapi
2026-09-29T16:05:06Z,2026-09-29,VAN @ EDM,82c96670ad269b3647066b5e5032e0fd,team_total_alt,under,EDM,5.5,fanduel,-490,330,oddsapi
2026-09-29T16:05:06Z,2026-09-29,VAN @ EDM,82c96670ad269b3647066b5e5032e0fd,team_total_alt,under,EDM,6.5,fanduel,-1450,780,oddsapi
2026-09-29T16:05:06Z,2026-09-29,VAN @ EDM,82c96670ad269b3647066b5e5032e0fd,team_total_alt,under,EDM,7.5,fanduel,-4500,1650,oddsapi
2026-09-29T16:05:06Z,2026-09-29,VAN @ EDM,82c96670ad269b3647066b5e5032e0fd,team_total_alt,over,VAN,0.5,fanduel,-1600,880,oddsapi
2026-09-29T16:05:06Z,2026-09-29,VAN @ EDM,82c96670ad269b3647066b5e5032e0fd,team_total_alt,over,VAN,1.5,fanduel,-290,215,oddsapi
2026-09-29T16:05:06Z,2026-09-29,VAN @ EDM,82c96670ad269b3647066b5e5032e0fd,team_total_alt,over,VAN,2.5,fanduel,102,,oddsapi
2026-09-29T16:05:06Z,2026-09-29,VAN @ EDM,82c96670ad269b3647066b5e5032e0fd,team_total_alt,over,VAN,3.5,fanduel,250,-360,oddsapi
2026-09-29T16:05:06Z,2026-09-29,VAN @ EDM,82c96670ad269b3647066b5e5032e0fd,team_total_alt,over,VAN,4.5,fanduel,630,-1250,oddsapi
2026-09-29T16:05:06Z,2026-09-29,VAN @ EDM,82c96670ad269b3647066b5e5032e0fd,team_total_alt,over,VAN,5.5,fanduel,1480,-3500,oddsapi
2026-09-29T16:05:06Z,2026-09-29,VAN @ EDM,82c96670ad269b3647066b5e5032e0fd,team_total_alt,over,VAN,6.5,fanduel,4600,-8000,oddsapi
2026-09-29T16:05:06Z,2026-09-29,VAN @ EDM,82c96670ad269b3647066b5e5032e0fd,team_total_alt,under,VAN,0.5,fanduel,880,-1600,oddsapi
2026-09-29T16:05:06Z,2026-09-29,VAN @ EDM,82c96670ad269b3647066b5e5032e0fd,team_total_alt,under,VAN,1.5,fanduel,215,-290,oddsapi
2026-09-29T16:05:06Z,2026-09-29,VAN @ EDM,82c96670ad269b3647066b5e5032e0fd,team_total_alt,under,VAN,3.5,fanduel,-360,250,oddsapi
2026-09-29T16:05:06Z,2026-09-29,VAN @ EDM,82c96670ad269b3647066b5e5032e0fd,team_total_alt,under,VAN,4.5,fanduel,-1250,630,oddsapi
2026-09-29T16:05:06Z,2026-09-29,VAN @ EDM,82c96670ad269b3647066b5e5032e0fd,team_total_alt,under,VAN,5.5,fanduel,-3500,1480,oddsapi
2026-09-29T16:05:06Z,2026-09-29,VAN @ EDM,82c96670ad269b3647066b5e5032e0fd,team_total_alt,under,VAN,6.5,fanduel,-8000,4600,oddsapi
2026-09-29T16:05:06Z,2026-09-29,VAN @ EDM,82c96670ad269b3647066b5e5032e0fd,game_total_alt,over,,2.5,fanduel,-8000,3100,oddsapi
2026-09-29T16:05:06Z,2026-09-29,VAN @ EDM,82c96670ad269b3647066b5e5032e0fd,game_total_alt,over,,3.5,fanduel,-1450,760,oddsapi
2026-09-29T16:05:06Z,2026-09-29,VAN @ EDM,82c96670ad269b3647066b5e5032e0fd,game_total_alt,over,,4.5,fanduel,-650,420,oddsapi
2026-09-29T16:05:06Z,2026-09-29,VAN @ EDM,82c96670ad269b3647066b5e5032e0fd,game_total_alt,over,,5.5,fanduel,-200,154,oddsapi
2026-09-29T16:05:06Z,2026-09-29,VAN @ EDM,82c96670ad269b3647066b5e5032e0fd,game_total_alt,over,,6.5,fanduel,-118,-108,oddsapi
2026-09-29T16:05:06Z,2026-09-29,VAN @ EDM,82c96670ad269b3647066b5e5032e0fd,game_total_alt,over,,7.5,fanduel,196,-260,oddsapi
2026-09-29T16:05:06Z,2026-09-29,VAN @ EDM,82c96670ad269b3647066b5e5032e0fd,game_total_alt,over,,8.5,fanduel,320,-460,oddsapi
2026-09-29T16:05:06Z,2026-09-29,VAN @ EDM,82c96670ad269b3647066b5e5032e0fd,game_total_alt,over,,9.5,fanduel,720,-1300,oddsapi
2026-09-29T16:05:06Z,2026-09-29,VAN @ EDM,82c96670ad269b3647066b5e5032e0fd,game_total_alt,over,,10.5,fanduel,1160,-2400,oddsapi
2026-09-29T16:05:06Z,2026-09-29,VAN @ EDM,82c96670ad269b3647066b5e5032e0fd,game_total_alt,over,,11.5,fanduel,2500,-6000,oddsapi
2026-09-29T16:05:06Z,2026-09-29,VAN @ EDM,82c96670ad269b3647066b5e5032e0fd,game_total_alt,over,,12.5,fanduel,4300,-8000,oddsapi
2026-09-29T16:05:06Z,2026-09-29,VAN @ EDM,82c96670ad269b3647066b5e5032e0fd,game_total_alt,under,,2.5,fanduel,3100,-8000,oddsapi
2026-09-29T16:05:06Z,2026-09-29,VAN @ EDM,82c96670ad269b3647066b5e5032e0fd,game_total_alt,under,,3.5,fanduel,760,-1450,oddsapi
2026-09-29T16:05:06Z,2026-09-29,VAN @ EDM,82c96670ad269b3647066b5e5032e0fd,game_total_alt,under,,4.5,fanduel,420,-650,oddsapi
2026-09-29T16:05:06Z,2026-09-29,VAN @ EDM,82c96670ad269b3647066b5e5032e0fd,game_total_alt,under,,5.5,fanduel,154,-200,oddsapi
2026-09-29T16:05:06Z,2026-09-29,VAN @ EDM,82c96670ad269b3647066b5e5032e0fd,game_total_alt,under,,6.5,fanduel,-108,-118,oddsapi
2026-09-29T16:05:06Z,2026-09-29,VAN @ EDM,82c96670ad269b3647066b5e5032e0fd,game_total_alt,under,,7.5,fanduel,-260,196,oddsapi
2026-09-29T16:05:06Z,2026-09-29,VAN @ EDM,82c96670ad269b3647066b5e5032e0fd,game_total_alt,under,,8.5,fanduel,-460,320,oddsapi
2026-09-29T16:05:06Z,2026-09-29,VAN @ EDM,82c96670ad269b3647066b5e5032e0fd,game_total_alt,under,,9.5,fanduel,-1300,720,oddsapi
2026-09-29T16:05:06Z,2026-09-29,VAN @ EDM,82c96670ad269b3647066b5e5032e0fd,game_total_alt,under,,10.5,fanduel,-2400,1160,oddsapi
2026-09-29T16:05:06Z,2026-09-29,VAN @ EDM,82c96670ad269b3647066b5e5032e0fd,game_total_alt,under,,11.5,fanduel,-6000,2500,oddsapi
2026-09-29T16:05:06Z,2026-09-29,VAN @ EDM,82c96670ad269b3647066b5e5032e0fd,game_total_alt,under,,12.5,fanduel,-8000,4300,oddsapi
2026-09-29T16:05:06Z,2026-09-29,VAN @ EDM,82c96670ad269b3647066b5e5032e0fd,game_ml3,EDM,,,fanduel,-185,,oddsapi
2026-09-29T16:05:06Z,2026-09-29,VAN @ EDM,82c96670ad269b3647066b5e5032e0fd,game_ml3,VAN,,,fanduel,380,,oddsapi
2026-09-29T16:05:06Z,2026-09-29,VAN @ EDM,82c96670ad269b3647066b5e5032e0fd,game_ml3,draw,,,fanduel,380,,oddsapi
2026-09-29T16:05:06Z,2026-09-29,VAN @ EDM,82c96670ad269b3647066b5e5032e0fd,p1_ml3,EDM,,,fanduel,105,,oddsapi
2026-09-29T16:05:06Z,2026-09-29,VAN @ EDM,82c96670ad269b3647066b5e5032e0fd,p1_ml3,VAN,,,fanduel,320,,oddsapi
2026-09-29T16:05:06Z,2026-09-29,VAN @ EDM,82c96670ad269b3647066b5e5032e0fd,p1_ml3,draw,,,fanduel,195,,oddsapi
2026-09-29T16:05:06Z,2026-09-29,VAN @ EDM,82c96670ad269b3647066b5e5032e0fd,p2_ml3,EDM,,,fanduel,100,,oddsapi
2026-09-29T16:05:06Z,2026-09-29,VAN @ EDM,82c96670ad269b3647066b5e5032e0fd,p2_ml3,VAN,,,fanduel,280,,oddsapi
2026-09-29T16:05:06Z,2026-09-29,VAN @ EDM,82c96670ad269b3647066b5e5032e0fd,p2_ml3,draw,,,fanduel,230,,oddsapi
2026-09-29T16:05:06Z,2026-09-29,VAN @ EDM,82c96670ad269b3647066b5e5032e0fd,p3_ml3,EDM,,,fanduel,-120,,oddsapi
2026-09-29T16:05:06Z,2026-09-29,VAN @ EDM,82c96670ad269b3647066b5e5032e0fd,p3_ml3,VAN,,,fanduel,290,,oddsapi
2026-09-29T16:05:06Z,2026-09-29,VAN @ EDM,82c96670ad269b3647066b5e5032e0fd,p3_ml3,draw,,,fanduel,270,,oddsapi
2026-09-29T16:05:06Z,2026-09-29,VAN @ EDM,82c96670ad269b3647066b5e5032e0fd,p1_ml,EDM,,,fanduel,-250,188,oddsapi
2026-09-29T16:05:06Z,2026-09-29,VAN @ EDM,82c96670ad269b3647066b5e5032e0fd,p1_ml,VAN,,,fanduel,188,-250,oddsapi
2026-09-29T16:05:06Z,2026-09-29,VAN @ EDM,82c96670ad269b3647066b5e5032e0fd,p2_ml,EDM,,,fanduel,-230,176,oddsapi
2026-09-29T16:05:06Z,2026-09-29,VAN @ EDM,82c96670ad269b3647066b5e5032e0fd,p2_ml,VAN,,,fanduel,176,-230,oddsapi
2026-09-29T16:05:06Z,2026-09-29,VAN @ EDM,82c96670ad269b3647066b5e5032e0fd,p3_ml,EDM,,,fanduel,-260,192,oddsapi
2026-09-29T16:05:06Z,2026-09-29,VAN @ EDM,82c96670ad269b3647066b5e5032e0fd,p3_ml,VAN,,,fanduel,192,-260,oddsapi
2026-09-29T16:05:06Z,2026-09-29,VAN @ EDM,82c96670ad269b3647066b5e5032e0fd,ags,yes,Leon Draisaitl,,fanduel,100,,oddsapi
2026-09-29T16:05:06Z,2026-09-29,VAN @ EDM,82c96670ad269b3647066b5e5032e0fd,ags,yes,Connor McDavid,,fanduel,115,,oddsapi
2026-09-29T16:05:06Z,2026-09-29,VAN @ EDM,82c96670ad269b3647066b5e5032e0fd,ags,yes,Zach Hyman,,fanduel,160,,oddsapi
2026-09-29T16:05:06Z,2026-09-29,VAN @ EDM,82c96670ad269b3647066b5e5032e0fd,ags,yes,Vasily Podkolzin,,fanduel,230,,oddsapi
2026-09-29T16:05:06Z,2026-09-29,VAN @ EDM,82c96670ad269b3647066b5e5032e0fd,ags,yes,Ryan Nugent-Hopkins,,fanduel,240,,oddsapi
2026-09-29T16:05:06Z,2026-09-29,VAN @ EDM,82c96670ad269b3647066b5e5032e0fd,ags,yes,Brock Boeser,,fanduel,250,,oddsapi
2026-09-29T16:05:06Z,2026-09-29,VAN @ EDM,82c96670ad269b3647066b5e5032e0fd,ags,yes,Evan Bouchard,,fanduel,270,,oddsapi
2026-09-29T16:05:06Z,2026-09-29,VAN @ EDM,82c96670ad269b3647066b5e5032e0fd,ags,yes,Kasperi Kapanen,,fanduel,290,,oddsapi
2026-09-29T16:05:06Z,2026-09-29,VAN @ EDM,82c96670ad269b3647066b5e5032e0fd,ags,yes,Jake DeBrusk,,fanduel,300,,oddsapi
2026-09-29T16:05:06Z,2026-09-29,VAN @ EDM,82c96670ad269b3647066b5e5032e0fd,ags,yes,Isaac Howard,,fanduel,330,,oddsapi
2026-09-29T16:05:06Z,2026-09-29,VAN @ EDM,82c96670ad269b3647066b5e5032e0fd,ags,yes,Elias Pettersson,,fanduel,340,,oddsapi
2026-09-29T16:05:06Z,2026-09-29,VAN @ EDM,82c96670ad269b3647066b5e5032e0fd,ags,yes,Marco Rossi,,fanduel,380,,oddsapi
2026-09-29T16:05:06Z,2026-09-29,VAN @ EDM,82c96670ad269b3647066b5e5032e0fd,ags,yes,Linus Karlsson,,fanduel,400,,oddsapi
2026-09-29T16:05:06Z,2026-09-29,VAN @ EDM,82c96670ad269b3647066b5e5032e0fd,ags,yes,Jonathan Lekkerimäki,,fanduel,430,,oddsapi
2026-09-29T16:05:06Z,2026-09-29,VAN @ EDM,82c96670ad269b3647066b5e5032e0fd,ags,yes,Liam Ohgren,,fanduel,500,,oddsapi
2026-09-29T16:05:06Z,2026-09-29,VAN @ EDM,82c96670ad269b3647066b5e5032e0fd,ags,yes,Drew O'Connor,,fanduel,550,,oddsapi
2026-09-29T16:05:06Z,2026-09-29,VAN @ EDM,82c96670ad269b3647066b5e5032e0fd,ags,yes,Max Sasson,,fanduel,600,,oddsapi
2026-09-29T16:05:06Z,2026-09-29,VAN @ EDM,82c96670ad269b3647066b5e5032e0fd,ags,yes,Filip Hronek,,fanduel,600,,oddsapi
2026-09-29T16:05:06Z,2026-09-29,VAN @ EDM,82c96670ad269b3647066b5e5032e0fd,ags,yes,Jake Walman,,fanduel,600,,oddsapi
2026-09-29T16:05:06Z,2026-09-29,VAN @ EDM,82c96670ad269b3647066b5e5032e0fd,ags,yes,Zeev Buium,,fanduel,700,,oddsapi
2026-09-29T16:05:06Z,2026-09-29,VAN @ EDM,82c96670ad269b3647066b5e5032e0fd,ags,yes,Trent Frederic,,fanduel,700,,oddsapi
2026-09-29T16:05:06Z,2026-09-29,VAN @ EDM,82c96670ad269b3647066b5e5032e0fd,ags,yes,Alex Formenton,,fanduel,800,,oddsapi
2026-09-29T16:05:06Z,2026-09-29,VAN @ EDM,82c96670ad269b3647066b5e5032e0fd,ags,yes,Ryan Shea,,fanduel,800,,oddsapi
2026-09-29T16:05:06Z,2026-09-29,VAN @ EDM,82c96670ad269b3647066b5e5032e0fd,ags,yes,Colton Dach,,fanduel,800,,oddsapi
2026-09-29T16:05:06Z,2026-09-29,VAN @ EDM,82c96670ad269b3647066b5e5032e0fd,ags,yes,Brendan Gallagher,,fanduel,850,,oddsapi
2026-09-29T16:05:06Z,2026-09-29,VAN @ EDM,82c96670ad269b3647066b5e5032e0fd,ags,yes,Mattias Ekholm,,fanduel,850,,oddsapi
2026-09-29T16:05:06Z,2026-09-29,VAN @ EDM,82c96670ad269b3647066b5e5032e0fd,ags,yes,Mathieu Joseph,,fanduel,900,,oddsapi
2026-09-29T16:05:06Z,2026-09-29,VAN @ EDM,82c96670ad269b3647066b5e5032e0fd,ags,yes,Tom Willander,,fanduel,950,,oddsapi
2026-09-29T16:05:06Z,2026-09-29,VAN @ EDM,82c96670ad269b3647066b5e5032e0fd,ags,yes,Paul Cotter,,fanduel,1000,,oddsapi
2026-09-29T16:05:06Z,2026-09-29,VAN @ EDM,82c96670ad269b3647066b5e5032e0fd,ags,yes,Connor Murphy,,fanduel,1100,,oddsapi
2026-09-29T16:05:06Z,2026-09-29,VAN @ EDM,82c96670ad269b3647066b5e5032e0fd,ags,yes,Aatu Raty,,fanduel,1100,,oddsapi
2026-09-29T16:05:06Z,2026-09-29,VAN @ EDM,82c96670ad269b3647066b5e5032e0fd,ags,yes,Shakir Mukhamadullin,,fanduel,1400,,oddsapi
2026-09-29T16:05:06Z,2026-09-29,VAN @ EDM,82c96670ad269b3647066b5e5032e0fd,ags,yes,Elias Pettersson (2004),,fanduel,2000,,oddsapi
2026-09-29T16:05:06Z,2026-09-29,VAN @ EDM,82c96670ad269b3647066b5e5032e0fd,ags,yes,Luke Schenn,,fanduel,2100,,oddsapi
2026-09-29T16:05:06Z,2026-09-29,VAN @ EDM,82c96670ad269b3647066b5e5032e0fd,ags,yes,Jamie Oleksiak,,fanduel,2300,,oddsapi
2026-09-29T16:05:06Z,2026-09-29,VAN @ EDM,82c96670ad269b3647066b5e5032e0fd,fgs,yes,Leon Draisaitl,,fanduel,850,,oddsapi
2026-09-29T16:05:06Z,2026-09-29,VAN @ EDM,82c96670ad269b3647066b5e5032e0fd,fgs,yes,Connor McDavid,,fanduel,900,,oddsapi
2026-09-29T16:05:06Z,2026-09-29,VAN @ EDM,82c96670ad269b3647066b5e5032e0fd,fgs,yes,Zach Hyman,,fanduel,1200,,oddsapi
2026-09-29T16:05:06Z,2026-09-29,VAN @ EDM,82c96670ad269b3647066b5e5032e0fd,fgs,yes,Vasily Podkolzin,,fanduel,1600,,oddsapi
2026-09-29T16:05:06Z,2026-09-29,VAN @ EDM,82c96670ad269b3647066b5e5032e0fd,fgs,yes,Brock Boeser,,fanduel,1700,,oddsapi
2026-09-29T16:05:06Z,2026-09-29,VAN @ EDM,82c96670ad269b3647066b5e5032e0fd,fgs,yes,Ryan Nugent-Hopkins,,fanduel,1700,,oddsapi
2026-09-29T16:05:06Z,2026-09-29,VAN @ EDM,82c96670ad269b3647066b5e5032e0fd,fgs,yes,Evan Bouchard,,fanduel,1700,,oddsapi
2026-09-29T16:05:06Z,2026-09-29,VAN @ EDM,82c96670ad269b3647066b5e5032e0fd,fgs,yes,Kasperi Kapanen,,fanduel,1800,,oddsapi
2026-09-29T16:05:06Z,2026-09-29,VAN @ EDM,82c96670ad269b3647066b5e5032e0fd,fgs,yes,Jake DeBrusk,,fanduel,1800,,oddsapi
2026-09-29T16:05:06Z,2026-09-29,VAN @ EDM,82c96670ad269b3647066b5e5032e0fd,fgs,yes,Elias Pettersson,,fanduel,2200,,oddsapi
2026-09-29T16:05:06Z,2026-09-29,VAN @ EDM,82c96670ad269b3647066b5e5032e0fd,fgs,yes,Isaac Howard,,fanduel,2200,,oddsapi
2026-09-29T16:05:06Z,2026-09-29,VAN @ EDM,82c96670ad269b3647066b5e5032e0fd,fgs,yes,Marco Rossi,,fanduel,2200,,oddsapi
2026-09-29T16:05:06Z,2026-09-29,VAN @ EDM,82c96670ad269b3647066b5e5032e0fd,fgs,yes,Linus Karlsson,,fanduel,2500,,oddsapi
2026-09-29T16:05:06Z,2026-09-29,VAN @ EDM,82c96670ad269b3647066b5e5032e0fd,fgs,yes,Jonathan Lekkerimäki,,fanduel,2700,,oddsapi
2026-09-29T16:05:06Z,2026-09-29,VAN @ EDM,82c96670ad269b3647066b5e5032e0fd,fgs,yes,Jake Walman,,fanduel,3000,,oddsapi
2026-09-29T16:05:06Z,2026-09-29,VAN @ EDM,82c96670ad269b3647066b5e5032e0fd,fgs,yes,Drew O'Connor,,fanduel,3000,,oddsapi
2026-09-29T16:05:06Z,2026-09-29,VAN @ EDM,82c96670ad269b3647066b5e5032e0fd,fgs,yes,Liam Ohgren,,fanduel,3000,,oddsapi
2026-09-29T16:05:06Z,2026-09-29,VAN @ EDM,82c96670ad269b3647066b5e5032e0fd,fgs,yes,Filip Hronek,,fanduel,3300,,oddsapi
2026-09-29T16:05:06Z,2026-09-29,VAN @ EDM,82c96670ad269b3647066b5e5032e0fd,fgs,yes,Max Sasson,,fanduel,3500,,oddsapi
2026-09-29T16:05:06Z,2026-09-29,VAN @ EDM,82c96670ad269b3647066b5e5032e0fd,fgs,yes,Trent Frederic,,fanduel,4000,,oddsapi
2026-09-29T16:05:06Z,2026-09-29,VAN @ EDM,82c96670ad269b3647066b5e5032e0fd,fgs,yes,Alex Formenton,,fanduel,4000,,oddsapi
2026-09-29T16:05:06Z,2026-09-29,VAN @ EDM,82c96670ad269b3647066b5e5032e0fd,fgs,yes,Zeev Buium,,fanduel,4000,,oddsapi
2026-09-29T16:05:06Z,2026-09-29,VAN @ EDM,82c96670ad269b3647066b5e5032e0fd,fgs,yes,Ryan Shea,,fanduel,4000,,oddsapi
2026-09-29T16:05:06Z,2026-09-29,VAN @ EDM,82c96670ad269b3647066b5e5032e0fd,fgs,yes,Colton Dach,,fanduel,4000,,oddsapi
2026-09-29T16:05:06Z,2026-09-29,VAN @ EDM,82c96670ad269b3647066b5e5032e0fd,fgs,yes,Brendan Gallagher,,fanduel,4500,,oddsapi
2026-09-29T16:05:06Z,2026-09-29,VAN @ EDM,82c96670ad269b3647066b5e5032e0fd,fgs,yes,Mattias Ekholm,,fanduel,4500,,oddsapi
2026-09-29T16:05:06Z,2026-09-29,VAN @ EDM,82c96670ad269b3647066b5e5032e0fd,fgs,yes,Tom Willander,,fanduel,5000,,oddsapi
2026-09-29T16:05:06Z,2026-09-29,VAN @ EDM,82c96670ad269b3647066b5e5032e0fd,fgs,yes,Mathieu Joseph,,fanduel,5000,,oddsapi
2026-09-29T16:05:06Z,2026-09-29,VAN @ EDM,82c96670ad269b3647066b5e5032e0fd,fgs,yes,Paul Cotter,,fanduel,5500,,oddsapi
2026-09-29T16:05:06Z,2026-09-29,VAN @ EDM,82c96670ad269b3647066b5e5032e0fd,fgs,yes,Connor Murphy,,fanduel,6000,,oddsapi
2026-09-29T16:05:06Z,2026-09-29,VAN @ EDM,82c96670ad269b3647066b5e5032e0fd,fgs,yes,Aatu Raty,,fanduel,6000,,oddsapi
2026-09-29T16:05:06Z,2026-09-29,VAN @ EDM,82c96670ad269b3647066b5e5032e0fd,fgs,yes,Shakir Mukhamadullin,,fanduel,8000,,oddsapi
2026-09-29T16:05:06Z,2026-09-29,VAN @ EDM,82c96670ad269b3647066b5e5032e0fd,fgs,yes,Luke Schenn,,fanduel,10000,,oddsapi
2026-09-29T16:05:06Z,2026-09-29,VAN @ EDM,82c96670ad269b3647066b5e5032e0fd,fgs,yes,Jamie Oleksiak,,fanduel,10000,,oddsapi
2026-09-29T16:05:06Z,2026-09-29,VAN @ EDM,82c96670ad269b3647066b5e5032e0fd,fgs,yes,Elias Pettersson (2004),,fanduel,10000,,oddsapi
2026-09-29T16:05:06Z,2026-09-29,VAN @ EDM,82c96670ad269b3647066b5e5032e0fd,sk_g,over,Zach Hyman,0.5,fanduel,135,-180,oddsapi
2026-09-29T16:05:06Z,2026-09-29,VAN @ EDM,82c96670ad269b3647066b5e5032e0fd,sk_g,under,Zach Hyman,0.5,fanduel,-180,135,oddsapi
2026-09-29T16:05:06Z,2026-09-29,VAN @ EDM,82c96670ad269b3647066b5e5032e0fd,sk_g,over,Elias Pettersson,0.5,fanduel,340,-500,oddsapi
2026-09-29T16:05:06Z,2026-09-29,VAN @ EDM,82c96670ad269b3647066b5e5032e0fd,sk_g,under,Elias Pettersson,0.5,fanduel,-500,340,oddsapi
2026-09-29T16:05:06Z,2026-09-29,VAN @ EDM,82c96670ad269b3647066b5e5032e0fd,sk_g,over,Brock Boeser,0.5,fanduel,250,-380,oddsapi
2026-09-29T16:05:06Z,2026-09-29,VAN @ EDM,82c96670ad269b3647066b5e5032e0fd,sk_g,under,Brock Boeser,0.5,fanduel,-380,250,oddsapi
2026-09-29T16:05:06Z,2026-09-29,VAN @ EDM,82c96670ad269b3647066b5e5032e0fd,sk_g,over,Leon Draisaitl,0.5,fanduel,-110,-120,oddsapi
2026-09-29T16:05:06Z,2026-09-29,VAN @ EDM,82c96670ad269b3647066b5e5032e0fd,sk_g,under,Leon Draisaitl,0.5,fanduel,-120,-110,oddsapi
2026-09-29T16:05:06Z,2026-09-29,VAN @ EDM,82c96670ad269b3647066b5e5032e0fd,sk_g,over,Evan Bouchard,0.5,fanduel,250,-380,oddsapi
2026-09-29T16:05:06Z,2026-09-29,VAN @ EDM,82c96670ad269b3647066b5e5032e0fd,sk_g,under,Evan Bouchard,0.5,fanduel,-380,250,oddsapi
2026-09-29T16:05:06Z,2026-09-29,VAN @ EDM,82c96670ad269b3647066b5e5032e0fd,sk_g,over,Vasily Podkolzin,0.5,fanduel,210,-290,oddsapi
2026-09-29T16:05:06Z,2026-09-29,VAN @ EDM,82c96670ad269b3647066b5e5032e0fd,sk_g,under,Vasily Podkolzin,0.5,fanduel,-290,210,oddsapi
2026-09-29T16:05:06Z,2026-09-29,VAN @ EDM,82c96670ad269b3647066b5e5032e0fd,sk_g,over,Jake DeBrusk,0.5,fanduel,290,-450,oddsapi
2026-09-29T16:05:06Z,2026-09-29,VAN @ EDM,82c96670ad269b3647066b5e5032e0fd,sk_g,under,Jake DeBrusk,0.5,fanduel,-450,290,oddsapi
2026-09-29T16:05:06Z,2026-09-29,VAN @ EDM,82c96670ad269b3647066b5e5032e0fd,sk_g,over,Connor McDavid,0.5,fanduel,100,-130,oddsapi
2026-09-29T16:05:06Z,2026-09-29,VAN @ EDM,82c96670ad269b3647066b5e5032e0fd,sk_g,under,Connor McDavid,0.5,fanduel,-130,100,oddsapi
2026-09-29T16:05:06Z,2026-09-29,VAN @ EDM,82c96670ad269b3647066b5e5032e0fd,sk_sog,over,Filip Hronek,1.5,fanduel,-104,-125,oddsapi
2026-09-29T16:05:06Z,2026-09-29,VAN @ EDM,82c96670ad269b3647066b5e5032e0fd,sk_sog,under,Filip Hronek,1.5,fanduel,-125,-104,oddsapi
2026-09-29T16:05:06Z,2026-09-29,VAN @ EDM,82c96670ad269b3647066b5e5032e0fd,sk_sog,over,Elias Pettersson,1.5,fanduel,-130,100,oddsapi
2026-09-29T16:05:06Z,2026-09-29,VAN @ EDM,82c96670ad269b3647066b5e5032e0fd,sk_sog,under,Elias Pettersson,1.5,fanduel,100,-130,oddsapi
2026-09-29T16:05:06Z,2026-09-29,VAN @ EDM,82c96670ad269b3647066b5e5032e0fd,sk_sog,over,Zach Hyman,2.5,fanduel,-148,114,oddsapi
2026-09-29T16:05:06Z,2026-09-29,VAN @ EDM,82c96670ad269b3647066b5e5032e0fd,sk_sog,under,Zach Hyman,2.5,fanduel,114,-148,oddsapi
2026-09-29T16:05:06Z,2026-09-29,VAN @ EDM,82c96670ad269b3647066b5e5032e0fd,sk_sog,over,Leon Draisaitl,3.5,fanduel,108,-140,oddsapi
2026-09-29T16:05:06Z,2026-09-29,VAN @ EDM,82c96670ad269b3647066b5e5032e0fd,sk_sog,under,Leon Draisaitl,3.5,fanduel,-140,108,oddsapi
2026-09-29T16:05:06Z,2026-09-29,VAN @ EDM,82c96670ad269b3647066b5e5032e0fd,sk_sog,over,Evan Bouchard,2.5,fanduel,-148,114,oddsapi
2026-09-29T16:05:06Z,2026-09-29,VAN @ EDM,82c96670ad269b3647066b5e5032e0fd,sk_sog,under,Evan Bouchard,2.5,fanduel,114,-148,oddsapi
2026-09-29T16:05:06Z,2026-09-29,VAN @ EDM,82c96670ad269b3647066b5e5032e0fd,sk_sog,over,Brock Boeser,2.5,fanduel,150,-198,oddsapi
2026-09-29T16:05:06Z,2026-09-29,VAN @ EDM,82c96670ad269b3647066b5e5032e0fd,sk_sog,under,Brock Boeser,2.5,fanduel,-198,150,oddsapi
2026-09-29T16:05:06Z,2026-09-29,VAN @ EDM,82c96670ad269b3647066b5e5032e0fd,sk_sog,over,Connor McDavid,3.5,fanduel,-146,112,oddsapi
2026-09-29T16:05:06Z,2026-09-29,VAN @ EDM,82c96670ad269b3647066b5e5032e0fd,sk_sog,under,Connor McDavid,3.5,fanduel,112,-146,oddsapi
2026-09-29T16:05:06Z,2026-09-29,VAN @ EDM,82c96670ad269b3647066b5e5032e0fd,p1_pl,EDM,,-0.5,fanduel,104,-134,oddsapi
2026-09-29T16:05:06Z,2026-09-29,VAN @ EDM,82c96670ad269b3647066b5e5032e0fd,p1_pl,VAN,,0.5,fanduel,-134,104,oddsapi
2026-09-29T16:05:06Z,2026-09-29,VAN @ EDM,82c96670ad269b3647066b5e5032e0fd,p2_pl,EDM,,-0.5,fanduel,-102,-124,oddsapi
2026-09-29T16:05:06Z,2026-09-29,VAN @ EDM,82c96670ad269b3647066b5e5032e0fd,p2_pl,VAN,,0.5,fanduel,-124,-102,oddsapi
2026-09-29T16:05:06Z,2026-09-29,VAN @ EDM,82c96670ad269b3647066b5e5032e0fd,p3_pl,EDM,,-0.5,fanduel,-118,-108,oddsapi
2026-09-29T16:05:06Z,2026-09-29,VAN @ EDM,82c96670ad269b3647066b5e5032e0fd,p3_pl,VAN,,0.5,fanduel,-108,-118,oddsapi
2026-09-29T16:05:06Z,2026-09-29,VAN @ EDM,82c96670ad269b3647066b5e5032e0fd,team_total,over,EDM,3.5,fanduel,-176,,oddsapi
2026-09-29T16:05:06Z,2026-09-29,VAN @ EDM,82c96670ad269b3647066b5e5032e0fd,team_total,under,EDM,4.5,fanduel,-180,,oddsapi
2026-09-29T16:05:06Z,2026-09-29,VAN @ EDM,82c96670ad269b3647066b5e5032e0fd,team_total,over,VAN,2.5,fanduel,102,,oddsapi
2026-09-29T16:05:06Z,2026-09-29,VAN @ EDM,82c96670ad269b3647066b5e5032e0fd,team_total,under,VAN,3.5,fanduel,-360,,oddsapi
2026-09-29T16:05:06Z,2026-09-29,VAN @ EDM,82c96670ad269b3647066b5e5032e0fd,p1_team_total,over,EDM,1.5,fanduel,188,-250,oddsapi
2026-09-29T16:05:06Z,2026-09-29,VAN @ EDM,82c96670ad269b3647066b5e5032e0fd,p1_team_total,under,EDM,1.5,fanduel,-250,188,oddsapi
2026-09-29T16:05:06Z,2026-09-29,VAN @ EDM,82c96670ad269b3647066b5e5032e0fd,p1_team_total,over,VAN,0.5,fanduel,-122,-104,oddsapi
2026-09-29T16:05:06Z,2026-09-29,VAN @ EDM,82c96670ad269b3647066b5e5032e0fd,p1_team_total,under,VAN,0.5,fanduel,-104,-122,oddsapi
2026-09-29T16:05:06Z,2026-09-29,VAN @ EDM,82c96670ad269b3647066b5e5032e0fd,p1_total,over,,1.5,fanduel,-140,110,oddsapi
2026-09-29T16:05:06Z,2026-09-29,VAN @ EDM,82c96670ad269b3647066b5e5032e0fd,p1_total,under,,1.5,fanduel,110,-140,oddsapi
2026-09-29T16:05:06Z,2026-09-29,VAN @ EDM,82c96670ad269b3647066b5e5032e0fd,p2_total,over,,2.5,fanduel,148,-190,oddsapi
2026-09-29T16:05:06Z,2026-09-29,VAN @ EDM,82c96670ad269b3647066b5e5032e0fd,p2_total,under,,2.5,fanduel,-190,148,oddsapi
2026-09-29T16:05:06Z,2026-09-29,VAN @ EDM,82c96670ad269b3647066b5e5032e0fd,p3_total,over,,2.5,fanduel,124,-158,oddsapi
2026-09-29T16:05:06Z,2026-09-29,VAN @ EDM,82c96670ad269b3647066b5e5032e0fd,p3_total,under,,2.5,fanduel,-158,124,oddsapi
2026-09-29T16:05:06Z,2026-09-29,VAN @ EDM,82c96670ad269b3647066b5e5032e0fd,p1_ml,EDM,,,betonlineag,-195,170,oddsapi
2026-09-29T16:05:06Z,2026-09-29,VAN @ EDM,82c96670ad269b3647066b5e5032e0fd,p1_ml,VAN,,,betonlineag,170,-195,oddsapi
2026-09-29T16:05:06Z,2026-09-29,VAN @ EDM,82c96670ad269b3647066b5e5032e0fd,sk_pts,over,Filip Hronek,0.5,betonlineag,-112,-115,oddsapi
2026-09-29T16:05:06Z,2026-09-29,VAN @ EDM,82c96670ad269b3647066b5e5032e0fd,sk_pts,under,Filip Hronek,0.5,betonlineag,-115,-112,oddsapi
2026-09-29T16:05:06Z,2026-09-29,VAN @ EDM,82c96670ad269b3647066b5e5032e0fd,sk_pts,over,Vasily Podkolzin,0.5,betonlineag,-103,-125,oddsapi
2026-09-29T16:05:06Z,2026-09-29,VAN @ EDM,82c96670ad269b3647066b5e5032e0fd,sk_pts,under,Vasily Podkolzin,0.5,betonlineag,-125,-103,oddsapi
2026-09-29T16:05:06Z,2026-09-29,VAN @ EDM,82c96670ad269b3647066b5e5032e0fd,sk_pts,over,Zeev Buium,0.5,betonlineag,195,-263,oddsapi
2026-09-29T16:05:06Z,2026-09-29,VAN @ EDM,82c96670ad269b3647066b5e5032e0fd,sk_pts,under,Zeev Buium,0.5,betonlineag,-263,195,oddsapi
2026-09-29T16:05:06Z,2026-09-29,VAN @ EDM,82c96670ad269b3647066b5e5032e0fd,sk_pts,over,Evan Bouchard,1.5,betonlineag,161,-213,oddsapi
2026-09-29T16:05:06Z,2026-09-29,VAN @ EDM,82c96670ad269b3647066b5e5032e0fd,sk_pts,under,Evan Bouchard,1.5,betonlineag,-213,161,oddsapi
2026-09-29T16:05:06Z,2026-09-29,VAN @ EDM,82c96670ad269b3647066b5e5032e0fd,sk_pts,over,Brock Boeser,0.5,betonlineag,-112,-115,oddsapi
2026-09-29T16:05:06Z,2026-09-29,VAN @ EDM,82c96670ad269b3647066b5e5032e0fd,sk_pts,under,Brock Boeser,0.5,betonlineag,-115,-112,oddsapi
2026-09-29T16:05:06Z,2026-09-29,VAN @ EDM,82c96670ad269b3647066b5e5032e0fd,sk_pts,over,Elias Pettersson,0.5,betonlineag,-118,-110,oddsapi
2026-09-29T16:05:06Z,2026-09-29,VAN @ EDM,82c96670ad269b3647066b5e5032e0fd,sk_pts,under,Elias Pettersson,0.5,betonlineag,-110,-118,oddsapi
2026-09-29T16:05:06Z,2026-09-29,VAN @ EDM,82c96670ad269b3647066b5e5032e0fd,sk_pts,over,Jake DeBrusk,0.5,betonlineag,115,-149,oddsapi
2026-09-29T16:05:06Z,2026-09-29,VAN @ EDM,82c96670ad269b3647066b5e5032e0fd,sk_pts,under,Jake DeBrusk,0.5,betonlineag,-149,115,oddsapi
2026-09-29T16:05:06Z,2026-09-29,VAN @ EDM,82c96670ad269b3647066b5e5032e0fd,sk_pts,over,Marco Rossi,0.5,betonlineag,100,-130,oddsapi
2026-09-29T16:05:06Z,2026-09-29,VAN @ EDM,82c96670ad269b3647066b5e5032e0fd,sk_pts,under,Marco Rossi,0.5,betonlineag,-130,100,oddsapi
2026-09-29T16:05:06Z,2026-09-29,VAN @ EDM,82c96670ad269b3647066b5e5032e0fd,sk_pts,over,Connor McDavid,1.5,betonlineag,-123,-105,oddsapi
2026-09-29T16:05:06Z,2026-09-29,VAN @ EDM,82c96670ad269b3647066b5e5032e0fd,sk_pts,under,Connor McDavid,1.5,betonlineag,-105,-123,oddsapi
2026-09-29T16:05:06Z,2026-09-29,VAN @ EDM,82c96670ad269b3647066b5e5032e0fd,sk_pts,over,Kasperi Kapanen,0.5,betonlineag,115,-149,oddsapi
2026-09-29T16:05:06Z,2026-09-29,VAN @ EDM,82c96670ad269b3647066b5e5032e0fd,sk_pts,under,Kasperi Kapanen,0.5,betonlineag,-149,115,oddsapi
2026-09-29T16:05:06Z,2026-09-29,VAN @ EDM,82c96670ad269b3647066b5e5032e0fd,sk_pts,over,Ryan Nugent-Hopkins,0.5,betonlineag,-149,115,oddsapi
2026-09-29T16:05:06Z,2026-09-29,VAN @ EDM,82c96670ad269b3647066b5e5032e0fd,sk_pts,under,Ryan Nugent-Hopkins,0.5,betonlineag,115,-149,oddsapi
2026-09-29T16:05:06Z,2026-09-29,VAN @ EDM,82c96670ad269b3647066b5e5032e0fd,sk_pts,over,Leon Draisaitl,1.5,betonlineag,112,-145,oddsapi
2026-09-29T16:05:06Z,2026-09-29,VAN @ EDM,82c96670ad269b3647066b5e5032e0fd,sk_pts,under,Leon Draisaitl,1.5,betonlineag,-145,112,oddsapi
2026-09-29T16:05:06Z,2026-09-29,VAN @ EDM,82c96670ad269b3647066b5e5032e0fd,sk_pts,over,Mattias Ekholm,0.5,betonlineag,136,-179,oddsapi
2026-09-29T16:05:06Z,2026-09-29,VAN @ EDM,82c96670ad269b3647066b5e5032e0fd,sk_pts,under,Mattias Ekholm,0.5,betonlineag,-179,136,oddsapi
2026-09-29T16:05:06Z,2026-09-29,VAN @ EDM,82c96670ad269b3647066b5e5032e0fd,sk_pts,over,Zach Hyman,0.5,betonlineag,-123,-105,oddsapi
2026-09-29T16:05:06Z,2026-09-29,VAN @ EDM,82c96670ad269b3647066b5e5032e0fd,sk_pts,under,Zach Hyman,0.5,betonlineag,-105,-123,oddsapi
2026-09-29T16:05:06Z,2026-09-29,VAN @ EDM,82c96670ad269b3647066b5e5032e0fd,sk_pts,over,Jake Walman,0.5,betonlineag,144,-189,oddsapi
2026-09-29T16:05:06Z,2026-09-29,VAN @ EDM,82c96670ad269b3647066b5e5032e0fd,sk_pts,under,Jake Walman,0.5,betonlineag,-189,144,oddsapi
2026-09-29T16:05:06Z,2026-09-29,VAN @ EDM,82c96670ad269b3647066b5e5032e0fd,sk_sog,over,Filip Hronek,1.5,betonlineag,-110,-118,oddsapi
2026-09-29T16:05:06Z,2026-09-29,VAN @ EDM,82c96670ad269b3647066b5e5032e0fd,sk_sog,under,Filip Hronek,1.5,betonlineag,-118,-110,oddsapi
2026-09-29T16:05:06Z,2026-09-29,VAN @ EDM,82c96670ad269b3647066b5e5032e0fd,sk_sog,over,Leon Draisaitl,2.5,betonlineag,-149,115,oddsapi
2026-09-29T16:05:06Z,2026-09-29,VAN @ EDM,82c96670ad269b3647066b5e5032e0fd,sk_sog,under,Leon Draisaitl,2.5,betonlineag,115,-149,oddsapi
2026-09-29T16:05:06Z,2026-09-29,VAN @ EDM,82c96670ad269b3647066b5e5032e0fd,sk_sog,over,Evan Bouchard,2.5,betonlineag,-149,115,oddsapi
2026-09-29T16:05:06Z,2026-09-29,VAN @ EDM,82c96670ad269b3647066b5e5032e0fd,sk_sog,under,Evan Bouchard,2.5,betonlineag,115,-149,oddsapi
2026-09-29T16:05:06Z,2026-09-29,VAN @ EDM,82c96670ad269b3647066b5e5032e0fd,sk_sog,over,Ryan Nugent-Hopkins,1.5,betonlineag,-156,121,oddsapi
2026-09-29T16:05:06Z,2026-09-29,VAN @ EDM,82c96670ad269b3647066b5e5032e0fd,sk_sog,under,Ryan Nugent-Hopkins,1.5,betonlineag,121,-156,oddsapi
2026-09-29T16:05:06Z,2026-09-29,VAN @ EDM,82c96670ad269b3647066b5e5032e0fd,sk_sog,over,Connor McDavid,3.5,betonlineag,-125,-103,oddsapi
2026-09-29T16:05:06Z,2026-09-29,VAN @ EDM,82c96670ad269b3647066b5e5032e0fd,sk_sog,under,Connor McDavid,3.5,betonlineag,-103,-125,oddsapi
2026-09-29T16:05:06Z,2026-09-29,VAN @ EDM,82c96670ad269b3647066b5e5032e0fd,sk_sog,over,Zach Hyman,2.5,betonlineag,-120,-108,oddsapi
2026-09-29T16:05:06Z,2026-09-29,VAN @ EDM,82c96670ad269b3647066b5e5032e0fd,sk_sog,under,Zach Hyman,2.5,betonlineag,-108,-120,oddsapi
2026-09-29T16:05:06Z,2026-09-29,VAN @ EDM,82c96670ad269b3647066b5e5032e0fd,sk_sog,over,Jake DeBrusk,2.5,betonlineag,128,-167,oddsapi
2026-09-29T16:05:06Z,2026-09-29,VAN @ EDM,82c96670ad269b3647066b5e5032e0fd,sk_sog,under,Jake DeBrusk,2.5,betonlineag,-167,128,oddsapi
2026-09-29T16:05:06Z,2026-09-29,VAN @ EDM,82c96670ad269b3647066b5e5032e0fd,sk_sog,over,Marco Rossi,1.5,betonlineag,-118,-110,oddsapi
2026-09-29T16:05:06Z,2026-09-29,VAN @ EDM,82c96670ad269b3647066b5e5032e0fd,sk_sog,under,Marco Rossi,1.5,betonlineag,-110,-118,oddsapi
2026-09-29T16:05:06Z,2026-09-29,VAN @ EDM,82c96670ad269b3647066b5e5032e0fd,sk_sog,over,Kasperi Kapanen,1.5,betonlineag,-149,115,oddsapi
2026-09-29T16:05:06Z,2026-09-29,VAN @ EDM,82c96670ad269b3647066b5e5032e0fd,sk_sog,under,Kasperi Kapanen,1.5,betonlineag,115,-149,oddsapi
2026-09-29T16:05:06Z,2026-09-29,VAN @ EDM,82c96670ad269b3647066b5e5032e0fd,sk_sog,over,Vasily Podkolzin,1.5,betonlineag,-175,135,oddsapi
2026-09-29T16:05:06Z,2026-09-29,VAN @ EDM,82c96670ad269b3647066b5e5032e0fd,sk_sog,under,Vasily Podkolzin,1.5,betonlineag,135,-175,oddsapi
2026-09-29T16:05:06Z,2026-09-29,VAN @ EDM,82c96670ad269b3647066b5e5032e0fd,sk_sog,over,Brock Boeser,2.5,betonlineag,149,-196,oddsapi
2026-09-29T16:05:06Z,2026-09-29,VAN @ EDM,82c96670ad269b3647066b5e5032e0fd,sk_sog,under,Brock Boeser,2.5,betonlineag,-196,149,oddsapi
2026-09-29T16:05:06Z,2026-09-29,VAN @ EDM,82c96670ad269b3647066b5e5032e0fd,g_saves,over,Kevin Lankinen,28.5,betonlineag,-112,-115,oddsapi
2026-09-29T16:05:06Z,2026-09-29,VAN @ EDM,82c96670ad269b3647066b5e5032e0fd,g_saves,under,Kevin Lankinen,28.5,betonlineag,-115,-112,oddsapi
2026-09-29T16:05:06Z,2026-09-29,VAN @ EDM,82c96670ad269b3647066b5e5032e0fd,g_saves,over,Tristan Jarry,20.5,betonlineag,-130,100,oddsapi
2026-09-29T16:05:06Z,2026-09-29,VAN @ EDM,82c96670ad269b3647066b5e5032e0fd,g_saves,under,Tristan Jarry,20.5,betonlineag,100,-130,oddsapi
2026-09-29T16:05:06Z,2026-09-29,VAN @ EDM,82c96670ad269b3647066b5e5032e0fd,p1_pl,EDM,,-0.5,betonlineag,115,-135,oddsapi
2026-09-29T16:05:06Z,2026-09-29,VAN @ EDM,82c96670ad269b3647066b5e5032e0fd,p1_pl,VAN,,0.5,betonlineag,-135,115,oddsapi
2026-09-29T16:05:06Z,2026-09-29,VAN @ EDM,82c96670ad269b3647066b5e5032e0fd,team_total,over,EDM,4.5,betonlineag,121,-155,oddsapi
2026-09-29T16:05:06Z,2026-09-29,VAN @ EDM,82c96670ad269b3647066b5e5032e0fd,team_total,under,EDM,4.5,betonlineag,-155,121,oddsapi
2026-09-29T16:05:06Z,2026-09-29,VAN @ EDM,82c96670ad269b3647066b5e5032e0fd,team_total,over,VAN,2.5,betonlineag,-103,-127,oddsapi
2026-09-29T16:05:06Z,2026-09-29,VAN @ EDM,82c96670ad269b3647066b5e5032e0fd,team_total,under,VAN,2.5,betonlineag,-127,-103,oddsapi
2026-09-29T16:05:06Z,2026-09-29,VAN @ EDM,82c96670ad269b3647066b5e5032e0fd,p1_total,over,,1.5,betonlineag,-145,125,oddsapi
2026-09-29T16:05:06Z,2026-09-29,VAN @ EDM,82c96670ad269b3647066b5e5032e0fd,p1_total,under,,1.5,betonlineag,125,-145,oddsapi
2026-09-29T16:05:06Z,2026-09-29,VAN @ EDM,82c96670ad269b3647066b5e5032e0fd,team_total_alt,over,EDM,2,betmgm,-1400,575,oddsapi
2026-09-29T16:05:06Z,2026-09-29,VAN @ EDM,82c96670ad269b3647066b5e5032e0fd,team_total_alt,under,EDM,2,betmgm,575,-1400,oddsapi
2026-09-29T16:05:06Z,2026-09-29,VAN @ EDM,82c96670ad269b3647066b5e5032e0fd,team_total_alt,over,EDM,2.5,betmgm,-450,280,oddsapi
2026-09-29T16:05:06Z,2026-09-29,VAN @ EDM,82c96670ad269b3647066b5e5032e0fd,team_total_alt,under,EDM,2.5,betmgm,280,-450,oddsapi
2026-09-29T16:05:06Z,2026-09-29,VAN @ EDM,82c96670ad269b3647066b5e5032e0fd,team_total_alt,over,EDM,3,betmgm,-325,225,oddsapi
2026-09-29T16:05:06Z,2026-09-29,VAN @ EDM,82c96670ad269b3647066b5e5032e0fd,team_total_alt,under,EDM,3,betmgm,225,-325,oddsapi
2026-09-29T16:05:06Z,2026-09-29,VAN @ EDM,82c96670ad269b3647066b5e5032e0fd,team_total_alt,over,EDM,3.5,betmgm,-185,130,oddsapi
2026-09-29T16:05:06Z,2026-09-29,VAN @ EDM,82c96670ad269b3647066b5e5032e0fd,team_total_alt,under,EDM,3.5,betmgm,130,-185,oddsapi
2026-09-29T16:05:06Z,2026-09-29,VAN @ EDM,82c96670ad269b3647066b5e5032e0fd,team_total_alt,over,EDM,4,betmgm,-120,-115,oddsapi
2026-09-29T16:05:06Z,2026-09-29,VAN @ EDM,82c96670ad269b3647066b5e5032e0fd,team_total_alt,under,EDM,4,betmgm,-115,-120,oddsapi
2026-09-29T16:05:06Z,2026-09-29,VAN @ EDM,82c96670ad269b3647066b5e5032e0fd,team_total_alt,over,EDM,4.5,betmgm,120,-165,oddsapi
2026-09-29T16:05:06Z,2026-09-29,VAN @ EDM,82c96670ad269b3647066b5e5032e0fd,team_total_alt,under,EDM,4.5,betmgm,-165,120,oddsapi
2026-09-29T16:05:06Z,2026-09-29,VAN @ EDM,82c96670ad269b3647066b5e5032e0fd,team_total_alt,over,EDM,5,betmgm,220,-325,oddsapi
2026-09-29T16:05:06Z,2026-09-29,VAN @ EDM,82c96670ad269b3647066b5e5032e0fd,team_total_alt,under,EDM,5,betmgm,-325,220,oddsapi
2026-09-29T16:05:06Z,2026-09-29,VAN @ EDM,82c96670ad269b3647066b5e5032e0fd,team_total_alt,over,EDM,6,betmgm,500,-1000,oddsapi
2026-09-29T16:05:06Z,2026-09-29,VAN @ EDM,82c96670ad269b3647066b5e5032e0fd,team_total_alt,under,EDM,6,betmgm,-1000,500,oddsapi
2026-09-29T16:05:06Z,2026-09-29,VAN @ EDM,82c96670ad269b3647066b5e5032e0fd,team_total_alt,over,EDM,5.5,betmgm,270,-425,oddsapi
2026-09-29T16:05:06Z,2026-09-29,VAN @ EDM,82c96670ad269b3647066b5e5032e0fd,team_total_alt,under,EDM,5.5,betmgm,-425,270,oddsapi
2026-09-29T16:05:06Z,2026-09-29,VAN @ EDM,82c96670ad269b3647066b5e5032e0fd,team_total_alt,over,VAN,0.5,betmgm,-1400,600,oddsapi
2026-09-29T16:05:06Z,2026-09-29,VAN @ EDM,82c96670ad269b3647066b5e5032e0fd,team_total_alt,under,VAN,0.5,betmgm,600,-1400,oddsapi
2026-09-29T16:05:06Z,2026-09-29,VAN @ EDM,82c96670ad269b3647066b5e5032e0fd,team_total_alt,over,VAN,1,betmgm,-1000,475,oddsapi
2026-09-29T16:05:06Z,2026-09-29,VAN @ EDM,82c96670ad269b3647066b5e5032e0fd,team_total_alt,under,VAN,1,betmgm,475,-1000,oddsapi
2026-09-29T16:05:06Z,2026-09-29,VAN @ EDM,82c96670ad269b3647066b5e5032e0fd,team_total_alt,over,VAN,1.5,betmgm,-250,175,oddsapi
2026-09-29T16:05:06Z,2026-09-29,VAN @ EDM,82c96670ad269b3647066b5e5032e0fd,team_total_alt,under,VAN,1.5,betmgm,175,-250,oddsapi
2026-09-29T16:05:06Z,2026-09-29,VAN @ EDM,82c96670ad269b3647066b5e5032e0fd,team_total_alt,over,VAN,2,betmgm,-165,120,oddsapi
2026-09-29T16:05:06Z,2026-09-29,VAN @ EDM,82c96670ad269b3647066b5e5032e0fd,team_total_alt,under,VAN,2,betmgm,120,-165,oddsapi
2026-09-29T16:05:06Z,2026-09-29,VAN @ EDM,82c96670ad269b3647066b5e5032e0fd,team_total_alt,over,VAN,2.5,betmgm,100,-140,oddsapi
2026-09-29T16:05:06Z,2026-09-29,VAN @ EDM,82c96670ad269b3647066b5e5032e0fd,team_total_alt,under,VAN,2.5,betmgm,-140,100,oddsapi
2026-09-29T16:05:06Z,2026-09-29,VAN @ EDM,82c96670ad269b3647066b5e5032e0fd,team_total_alt,over,VAN,3,betmgm,175,-250,oddsapi
2026-09-29T16:05:06Z,2026-09-29,VAN @ EDM,82c96670ad269b3647066b5e5032e0fd,team_total_alt,under,VAN,3,betmgm,-250,175,oddsapi
2026-09-29T16:05:06Z,2026-09-29,VAN @ EDM,82c96670ad269b3647066b5e5032e0fd,team_total_alt,over,VAN,3.5,betmgm,230,-350,oddsapi
2026-09-29T16:05:06Z,2026-09-29,VAN @ EDM,82c96670ad269b3647066b5e5032e0fd,team_total_alt,under,VAN,3.5,betmgm,-350,230,oddsapi
2026-09-29T16:05:06Z,2026-09-29,VAN @ EDM,82c96670ad269b3647066b5e5032e0fd,team_total_alt,over,VAN,4,betmgm,425,-800,oddsapi
2026-09-29T16:05:06Z,2026-09-29,VAN @ EDM,82c96670ad269b3647066b5e5032e0fd,team_total_alt,under,VAN,4,betmgm,-800,425,oddsapi
2026-09-29T16:05:06Z,2026-09-29,VAN @ EDM,82c96670ad269b3647066b5e5032e0fd,team_total_alt,over,VAN,4.5,betmgm,500,-1000,oddsapi
2026-09-29T16:05:06Z,2026-09-29,VAN @ EDM,82c96670ad269b3647066b5e5032e0fd,team_total_alt,under,VAN,4.5,betmgm,-1000,500,oddsapi
2026-09-29T16:05:06Z,2026-09-29,VAN @ EDM,82c96670ad269b3647066b5e5032e0fd,game_ml3,EDM,,,betmgm,-190,,oddsapi
2026-09-29T16:05:06Z,2026-09-29,VAN @ EDM,82c96670ad269b3647066b5e5032e0fd,game_ml3,VAN,,,betmgm,360,,oddsapi
2026-09-29T16:05:06Z,2026-09-29,VAN @ EDM,82c96670ad269b3647066b5e5032e0fd,game_ml3,draw,,,betmgm,375,,oddsapi
2026-09-29T16:05:06Z,2026-09-29,VAN @ EDM,82c96670ad269b3647066b5e5032e0fd,p1_ml3,EDM,,,betmgm,-105,,oddsapi
2026-09-29T16:05:06Z,2026-09-29,VAN @ EDM,82c96670ad269b3647066b5e5032e0fd,p1_ml3,VAN,,,betmgm,280,,oddsapi
2026-09-29T16:05:06Z,2026-09-29,VAN @ EDM,82c96670ad269b3647066b5e5032e0fd,p1_ml3,draw,,,betmgm,195,,oddsapi
2026-09-29T16:05:06Z,2026-09-29,VAN @ EDM,82c96670ad269b3647066b5e5032e0fd,p2_ml3,EDM,,,betmgm,-110,,oddsapi
2026-09-29T16:05:06Z,2026-09-29,VAN @ EDM,82c96670ad269b3647066b5e5032e0fd,p2_ml3,VAN,,,betmgm,275,,oddsapi
2026-09-29T16:05:06Z,2026-09-29,VAN @ EDM,82c96670ad269b3647066b5e5032e0fd,p2_ml3,draw,,,betmgm,220,,oddsapi
2026-09-29T16:05:06Z,2026-09-29,VAN @ EDM,82c96670ad269b3647066b5e5032e0fd,p3_ml3,EDM,,,betmgm,-125,,oddsapi
2026-09-29T16:05:06Z,2026-09-29,VAN @ EDM,82c96670ad269b3647066b5e5032e0fd,p3_ml3,VAN,,,betmgm,275,,oddsapi
2026-09-29T16:05:06Z,2026-09-29,VAN @ EDM,82c96670ad269b3647066b5e5032e0fd,p3_ml3,draw,,,betmgm,250,,oddsapi
2026-09-29T16:05:06Z,2026-09-29,VAN @ EDM,82c96670ad269b3647066b5e5032e0fd,p1_ml,EDM,,,betmgm,-235,180,oddsapi
2026-09-29T16:05:06Z,2026-09-29,VAN @ EDM,82c96670ad269b3647066b5e5032e0fd,p1_ml,VAN,,,betmgm,180,-235,oddsapi
2026-09-29T16:05:06Z,2026-09-29,VAN @ EDM,82c96670ad269b3647066b5e5032e0fd,p2_ml,EDM,,,betmgm,-250,175,oddsapi
2026-09-29T16:05:06Z,2026-09-29,VAN @ EDM,82c96670ad269b3647066b5e5032e0fd,p2_ml,VAN,,,betmgm,175,-250,oddsapi
2026-09-29T16:05:06Z,2026-09-29,VAN @ EDM,82c96670ad269b3647066b5e5032e0fd,p3_ml,EDM,,,betmgm,-275,190,oddsapi
2026-09-29T16:05:06Z,2026-09-29,VAN @ EDM,82c96670ad269b3647066b5e5032e0fd,p3_ml,VAN,,,betmgm,190,-275,oddsapi
2026-09-29T16:05:06Z,2026-09-29,VAN @ EDM,82c96670ad269b3647066b5e5032e0fd,ags,yes,Leon Draisaitl,,betmgm,100,,oddsapi
2026-09-29T16:05:06Z,2026-09-29,VAN @ EDM,82c96670ad269b3647066b5e5032e0fd,ags,yes,Connor McDavid,,betmgm,115,,oddsapi
2026-09-29T16:05:06Z,2026-09-29,VAN @ EDM,82c96670ad269b3647066b5e5032e0fd,ags,yes,Zach Hyman,,betmgm,150,,oddsapi
2026-09-29T16:05:06Z,2026-09-29,VAN @ EDM,82c96670ad269b3647066b5e5032e0fd,ags,yes,Ryan Nugent-Hopkins,,betmgm,230,,oddsapi
2026-09-29T16:05:06Z,2026-09-29,VAN @ EDM,82c96670ad269b3647066b5e5032e0fd,ags,yes,Brock Boeser,,betmgm,230,,oddsapi
2026-09-29T16:05:06Z,2026-09-29,VAN @ EDM,82c96670ad269b3647066b5e5032e0fd,ags,yes,Jake DeBrusk,,betmgm,250,,oddsapi
2026-09-29T16:05:06Z,2026-09-29,VAN @ EDM,82c96670ad269b3647066b5e5032e0fd,ags,yes,Evan Bouchard,,betmgm,270,,oddsapi
2026-09-29T16:05:06Z,2026-09-29,VAN @ EDM,82c96670ad269b3647066b5e5032e0fd,ags,yes,Vasily Podkolzin,,betmgm,275,,oddsapi
2026-09-29T16:05:06Z,2026-09-29,VAN @ EDM,82c96670ad269b3647066b5e5032e0fd,ags,yes,Marco Rossi,,betmgm,320,,oddsapi
2026-09-29T16:05:06Z,2026-09-29,VAN @ EDM,82c96670ad269b3647066b5e5032e0fd,ags,yes,Isaac Howard,,betmgm,350,,oddsapi
2026-09-29T16:05:06Z,2026-09-29,VAN @ EDM,82c96670ad269b3647066b5e5032e0fd,ags,yes,Kasperi Kapanen,,betmgm,360,,oddsapi
2026-09-29T16:05:06Z,2026-09-29,VAN @ EDM,82c96670ad269b3647066b5e5032e0fd,ags,yes,Jonathan Lekkerimäki,,betmgm,400,,oddsapi
2026-09-29T16:05:06Z,2026-09-29,VAN @ EDM,82c96670ad269b3647066b5e5032e0fd,ags,yes,Linus Karlsson,,betmgm,425,,oddsapi
2026-09-29T16:05:06Z,2026-09-29,VAN @ EDM,82c96670ad269b3647066b5e5032e0fd,ags,yes,Filip Hronek,,betmgm,450,,oddsapi
2026-09-29T16:05:06Z,2026-09-29,VAN @ EDM,82c96670ad269b3647066b5e5032e0fd,ags,yes,Drew O'Connor,,betmgm,450,,oddsapi
2026-09-29T16:05:06Z,2026-09-29,VAN @ EDM,82c96670ad269b3647066b5e5032e0fd,ags,yes,Liam Ohgren,,betmgm,525,,oddsapi
2026-09-29T16:05:06Z,2026-09-29,VAN @ EDM,82c96670ad269b3647066b5e5032e0fd,ags,yes,Paul Cotter,,betmgm,550,,oddsapi
2026-09-29T16:05:06Z,2026-09-29,VAN @ EDM,82c96670ad269b3647066b5e5032e0fd,ags,yes,Max Sasson,,betmgm,550,,oddsapi
2026-09-29T16:05:06Z,2026-09-29,VAN @ EDM,82c96670ad269b3647066b5e5032e0fd,ags,yes,Max Jones,,betmgm,575,,oddsapi
2026-09-29T16:05:06Z,2026-09-29,VAN @ EDM,82c96670ad269b3647066b5e5032e0fd,ags,yes,Trent Frederic,,betmgm,575,,oddsapi
2026-09-29T16:05:06Z,2026-09-29,VAN @ EDM,82c96670ad269b3647066b5e5032e0fd,ags,yes,Jake Walman,,betmgm,650,,oddsapi
2026-09-29T16:05:06Z,2026-09-29,VAN @ EDM,82c96670ad269b3647066b5e5032e0fd,ags,yes,Mattias Ekholm,,betmgm,675,,oddsapi
2026-09-29T16:05:06Z,2026-09-29,VAN @ EDM,82c96670ad269b3647066b5e5032e0fd,ags,yes,Zeev Buium,,betmgm,700,,oddsapi
2026-09-29T16:05:06Z,2026-09-29,VAN @ EDM,82c96670ad269b3647066b5e5032e0fd,ags,yes,Colton Dach,,betmgm,725,,oddsapi
2026-09-29T16:05:06Z,2026-09-29,VAN @ EDM,82c96670ad269b3647066b5e5032e0fd,ags,yes,Mathieu Joseph,,betmgm,775,,oddsapi
2026-09-29T16:05:06Z,2026-09-29,VAN @ EDM,82c96670ad269b3647066b5e5032e0fd,ags,yes,Brendan Gallagher,,betmgm,800,,oddsapi
2026-09-29T16:05:06Z,2026-09-29,VAN @ EDM,82c96670ad269b3647066b5e5032e0fd,ags,yes,Shakir Mukhamadullin,,betmgm,875,,oddsapi
2026-09-29T16:05:06Z,2026-09-29,VAN @ EDM,82c96670ad269b3647066b5e5032e0fd,ags,yes,Connor Murphy,,betmgm,950,,oddsapi
2026-09-29T16:05:06Z,2026-09-29,VAN @ EDM,82c96670ad269b3647066b5e5032e0fd,ags,yes,Tom Willander,,betmgm,1000,,oddsapi
2026-09-29T16:05:06Z,2026-09-29,VAN @ EDM,82c96670ad269b3647066b5e5032e0fd,ags,yes,Ryan Shea,,betmgm,1000,,oddsapi
2026-09-29T16:05:06Z,2026-09-29,VAN @ EDM,82c96670ad269b3647066b5e5032e0fd,ags,yes,Elias Pettersson (2004),,betmgm,1200,,oddsapi
2026-09-29T16:05:06Z,2026-09-29,VAN @ EDM,82c96670ad269b3647066b5e5032e0fd,ags,yes,Arshdeep Bains,,betmgm,1250,,oddsapi
2026-09-29T16:05:06Z,2026-09-29,VAN @ EDM,82c96670ad269b3647066b5e5032e0fd,ags,yes,Jamie Oleksiak,,betmgm,1900,,oddsapi
2026-09-29T16:05:06Z,2026-09-29,VAN @ EDM,82c96670ad269b3647066b5e5032e0fd,ags,yes,Luke Schenn,,betmgm,2800,,oddsapi
2026-09-29T16:05:06Z,2026-09-29,VAN @ EDM,82c96670ad269b3647066b5e5032e0fd,ags,yes,Elias Pettersson,,betmgm,320,,oddsapi
2026-09-29T16:05:06Z,2026-09-29,VAN @ EDM,82c96670ad269b3647066b5e5032e0fd,fgs,yes,Leon Draisaitl,,betmgm,800,,oddsapi
2026-09-29T16:05:06Z,2026-09-29,VAN @ EDM,82c96670ad269b3647066b5e5032e0fd,fgs,yes,Connor McDavid,,betmgm,825,,oddsapi
2026-09-29T16:05:06Z,2026-09-29,VAN @ EDM,82c96670ad269b3647066b5e5032e0fd,fgs,yes,Zach Hyman,,betmgm,1150,,oddsapi
2026-09-29T16:05:06Z,2026-09-29,VAN @ EDM,82c96670ad269b3647066b5e5032e0fd,fgs,yes,Ryan Nugent-Hopkins,,betmgm,1550,,oddsapi
2026-09-29T16:05:06Z,2026-09-29,VAN @ EDM,82c96670ad269b3647066b5e5032e0fd,fgs,yes,Brock Boeser,,betmgm,1600,,oddsapi
2026-09-29T16:05:06Z,2026-09-29,VAN @ EDM,82c96670ad269b3647066b5e5032e0fd,fgs,yes,Evan Bouchard,,betmgm,1800,,oddsapi
2026-09-29T16:05:06Z,2026-09-29,VAN @ EDM,82c96670ad269b3647066b5e5032e0fd,fgs,yes,Vasily Podkolzin,,betmgm,1800,,oddsapi
2026-09-29T16:05:06Z,2026-09-29,VAN @ EDM,82c96670ad269b3647066b5e5032e0fd,fgs,yes,Jake DeBrusk,,betmgm,1850,,oddsapi
2026-09-29T16:05:06Z,2026-09-29,VAN @ EDM,82c96670ad269b3647066b5e5032e0fd,fgs,yes,Kasperi Kapanen,,betmgm,2000,,oddsapi
2026-09-29T16:05:06Z,2026-09-29,VAN @ EDM,82c96670ad269b3647066b5e5032e0fd,fgs,yes,Jonathan Lekkerimäki,,betmgm,2200,,oddsapi
2026-09-29T16:05:06Z,2026-09-29,VAN @ EDM,82c96670ad269b3647066b5e5032e0fd,fgs,yes,Marco Rossi,,betmgm,2200,,oddsapi
2026-09-29T16:05:06Z,2026-09-29,VAN @ EDM,82c96670ad269b3647066b5e5032e0fd,fgs,yes,Isaac Howard,,betmgm,2200,,oddsapi
2026-09-29T16:05:06Z,2026-09-29,VAN @ EDM,82c96670ad269b3647066b5e5032e0fd,fgs,yes,Filip Hronek,,betmgm,2500,,oddsapi
2026-09-29T16:05:06Z,2026-09-29,VAN @ EDM,82c96670ad269b3647066b5e5032e0fd,fgs,yes,Linus Karlsson,,betmgm,2800,,oddsapi
2026-09-29T16:05:06Z,2026-09-29,VAN @ EDM,82c96670ad269b3647066b5e5032e0fd,fgs,yes,Drew O'Connor,,betmgm,2800,,oddsapi
2026-09-29T16:05:06Z,2026-09-29,VAN @ EDM,82c96670ad269b3647066b5e5032e0fd,fgs,yes,Max Sasson,,betmgm,3300,,oddsapi
2026-09-29T16:05:06Z,2026-09-29,VAN @ EDM,82c96670ad269b3647066b5e5032e0fd,fgs,yes,Liam Ohgren,,betmgm,3300,,oddsapi
2026-09-29T16:05:06Z,2026-09-29,VAN @ EDM,82c96670ad269b3647066b5e5032e0fd,fgs,yes,Zeev Buium,,betmgm,3300,,oddsapi
2026-09-29T16:05:06Z,2026-09-29,VAN @ EDM,82c96670ad269b3647066b5e5032e0fd,fgs,yes,Max Jones,,betmgm,3300,,oddsapi
2026-09-29T16:05:06Z,2026-09-29,VAN @ EDM,82c96670ad269b3647066b5e5032e0fd,fgs,yes,Trent Frederic,,betmgm,3500,,oddsapi
2026-09-29T16:05:06Z,2026-09-29,VAN @ EDM,82c96670ad269b3647066b5e5032e0fd,fgs,yes,Paul Cotter,,betmgm,3500,,oddsapi
2026-09-29T16:05:06Z,2026-09-29,VAN @ EDM,82c96670ad269b3647066b5e5032e0fd,fgs,yes,Jake Walman,,betmgm,4000,,oddsapi
2026-09-29T16:05:06Z,2026-09-29,VAN @ EDM,82c96670ad269b3647066b5e5032e0fd,fgs,yes,Mattias Ekholm,,betmgm,4000,,oddsapi
2026-09-29T16:05:06Z,2026-09-29,VAN @ EDM,82c96670ad269b3647066b5e5032e0fd,fgs,yes,Colton Dach,,betmgm,4000,,oddsapi
2026-09-29T16:05:06Z,2026-09-29,VAN @ EDM,82c96670ad269b3647066b5e5032e0fd,fgs,yes,Mathieu Joseph,,betmgm,4500,,oddsapi
2026-09-29T16:05:06Z,2026-09-29,VAN @ EDM,82c96670ad269b3647066b5e5032e0fd,fgs,yes,Brendan Gallagher,,betmgm,4500,,oddsapi
2026-09-29T16:05:06Z,2026-09-29,VAN @ EDM,82c96670ad269b3647066b5e5032e0fd,fgs,yes,Connor Murphy,,betmgm,5000,,oddsapi
2026-09-29T16:05:06Z,2026-09-29,VAN @ EDM,82c96670ad269b3647066b5e5032e0fd,fgs,yes,Aatu Raty,,betmgm,5000,,oddsapi
2026-09-29T16:05:06Z,2026-09-29,VAN @ EDM,82c96670ad269b3647066b5e5032e0fd,fgs,yes,Shakir Mukhamadullin,,betmgm,5500,,oddsapi
2026-09-29T16:05:06Z,2026-09-29,VAN @ EDM,82c96670ad269b3647066b5e5032e0fd,fgs,yes,Tom Willander,,betmgm,5500,,oddsapi
2026-09-29T16:05:06Z,2026-09-29,VAN @ EDM,82c96670ad269b3647066b5e5032e0fd,fgs,yes,Ryan Shea,,betmgm,6600,,oddsapi
2026-09-29T16:05:06Z,2026-09-29,VAN @ EDM,82c96670ad269b3647066b5e5032e0fd,fgs,yes,Arshdeep Bains,,betmgm,6600,,oddsapi
2026-09-29T16:05:06Z,2026-09-29,VAN @ EDM,82c96670ad269b3647066b5e5032e0fd,fgs,yes,Luke Schenn,,betmgm,10000,,oddsapi
2026-09-29T16:05:06Z,2026-09-29,VAN @ EDM,82c96670ad269b3647066b5e5032e0fd,fgs,yes,Jamie Oleksiak,,betmgm,10000,,oddsapi
2026-09-29T16:05:06Z,2026-09-29,VAN @ EDM,82c96670ad269b3647066b5e5032e0fd,fgs,yes,Elias Pettersson (2004),,betmgm,10000,,oddsapi
2026-09-29T16:05:06Z,2026-09-29,VAN @ EDM,82c96670ad269b3647066b5e5032e0fd,fgs,yes,Elias Pettersson,,betmgm,2200,,oddsapi
2026-09-29T16:05:06Z,2026-09-29,VAN @ EDM,82c96670ad269b3647066b5e5032e0fd,p1_pl,EDM,,-2,betmgm,725,-1600,oddsapi
2026-09-29T16:05:06Z,2026-09-29,VAN @ EDM,82c96670ad269b3647066b5e5032e0fd,p1_pl,VAN,,2,betmgm,-1600,725,oddsapi
2026-09-29T16:05:06Z,2026-09-29,VAN @ EDM,82c96670ad269b3647066b5e5032e0fd,p2_pl,EDM,,-2,betmgm,575,-1400,oddsapi
2026-09-29T16:05:06Z,2026-09-29,VAN @ EDM,82c96670ad269b3647066b5e5032e0fd,p2_pl,VAN,,2,betmgm,-1400,575,oddsapi
2026-09-29T16:05:06Z,2026-09-29,VAN @ EDM,82c96670ad269b3647066b5e5032e0fd,p3_pl,EDM,,-2,betmgm,500,-1100,oddsapi
2026-09-29T16:05:06Z,2026-09-29,VAN @ EDM,82c96670ad269b3647066b5e5032e0fd,p3_pl,VAN,,2,betmgm,-1100,500,oddsapi
2026-09-29T16:05:06Z,2026-09-29,VAN @ EDM,82c96670ad269b3647066b5e5032e0fd,team_total,over,EDM,4,betmgm,-120,-115,oddsapi
2026-09-29T16:05:06Z,2026-09-29,VAN @ EDM,82c96670ad269b3647066b5e5032e0fd,team_total,under,EDM,4,betmgm,-115,-120,oddsapi
2026-09-29T16:05:06Z,2026-09-29,VAN @ EDM,82c96670ad269b3647066b5e5032e0fd,team_total,over,VAN,2.5,betmgm,100,-140,oddsapi
2026-09-29T16:05:06Z,2026-09-29,VAN @ EDM,82c96670ad269b3647066b5e5032e0fd,team_total,under,VAN,2.5,betmgm,-140,100,oddsapi
2026-09-29T16:05:06Z,2026-09-29,VAN @ EDM,82c96670ad269b3647066b5e5032e0fd,p1_total,over,,2.5,betmgm,200,-275,oddsapi
2026-09-29T16:05:06Z,2026-09-29,VAN @ EDM,82c96670ad269b3647066b5e5032e0fd,p1_total,under,,2.5,betmgm,-275,200,oddsapi
2026-09-29T16:05:06Z,2026-09-29,VAN @ EDM,82c96670ad269b3647066b5e5032e0fd,p2_total,over,,3,betmgm,280,-450,oddsapi
2026-09-29T16:05:06Z,2026-09-29,VAN @ EDM,82c96670ad269b3647066b5e5032e0fd,p2_total,under,,3,betmgm,-450,280,oddsapi
2026-09-29T16:05:06Z,2026-09-29,VAN @ EDM,82c96670ad269b3647066b5e5032e0fd,p3_total,over,,3,betmgm,250,-375,oddsapi
2026-09-29T16:05:06Z,2026-09-29,VAN @ EDM,82c96670ad269b3647066b5e5032e0fd,p3_total,under,,3,betmgm,-375,250,oddsapi
2026-09-29T16:05:06Z,2026-09-29,VAN @ EDM,82c96670ad269b3647066b5e5032e0fd,team_total_alt,over,EDM,3.5,betrivers,-177,128,oddsapi
2026-09-29T16:05:06Z,2026-09-29,VAN @ EDM,82c96670ad269b3647066b5e5032e0fd,team_total_alt,under,EDM,3.5,betrivers,128,-177,oddsapi
2026-09-29T16:05:06Z,2026-09-29,VAN @ EDM,82c96670ad269b3647066b5e5032e0fd,team_total_alt,over,EDM,2.5,betrivers,-480,300,oddsapi
2026-09-29T16:05:06Z,2026-09-29,VAN @ EDM,82c96670ad269b3647066b5e5032e0fd,team_total_alt,under,EDM,2.5,betrivers,300,-480,oddsapi
2026-09-29T16:05:06Z,2026-09-29,VAN @ EDM,82c96670ad269b3647066b5e5032e0fd,team_total_alt,over,EDM,5.5,betrivers,295,-455,oddsapi
2026-09-29T16:05:06Z,2026-09-29,VAN @ EDM,82c96670ad269b3647066b5e5032e0fd,team_total_alt,under,EDM,5.5,betrivers,-455,295,oddsapi
2026-09-29T16:05:06Z,2026-09-29,VAN @ EDM,82c96670ad269b3647066b5e5032e0fd,team_total_alt,over,EDM,4.5,betrivers,135,-190,oddsapi
2026-09-29T16:05:06Z,2026-09-29,VAN @ EDM,82c96670ad269b3647066b5e5032e0fd,team_total_alt,under,EDM,4.5,betrivers,-190,135,oddsapi
2026-09-29T16:05:06Z,2026-09-29,VAN @ EDM,82c96670ad269b3647066b5e5032e0fd,team_total_alt,over,VAN,3.5,betrivers,250,-375,oddsapi
2026-09-29T16:05:06Z,2026-09-29,VAN @ EDM,82c96670ad269b3647066b5e5032e0fd,team_total_alt,under,VAN,3.5,betrivers,-375,250,oddsapi
2026-09-29T16:05:06Z,2026-09-29,VAN @ EDM,82c96670ad269b3647066b5e5032e0fd,team_total_alt,over,VAN,1.5,betrivers,-315,215,oddsapi
2026-09-29T16:05:06Z,2026-09-29,VAN @ EDM,82c96670ad269b3647066b5e5032e0fd,team_total_alt,under,VAN,1.5,betrivers,215,-315,oddsapi
2026-09-29T16:05:06Z,2026-09-29,VAN @ EDM,82c96670ad269b3647066b5e5032e0fd,team_total_alt,over,VAN,2.5,betrivers,100,-136,oddsapi
2026-09-29T16:05:06Z,2026-09-29,VAN @ EDM,82c96670ad269b3647066b5e5032e0fd,team_total_alt,under,VAN,2.5,betrivers,-136,100,oddsapi
2026-09-29T16:05:06Z,2026-09-29,VAN @ EDM,82c96670ad269b3647066b5e5032e0fd,game_ml3,EDM,,,betrivers,-186,,oddsapi
2026-09-29T16:05:06Z,2026-09-29,VAN @ EDM,82c96670ad269b3647066b5e5032e0fd,game_ml3,VAN,,,betrivers,400,,oddsapi
2026-09-29T16:05:06Z,2026-09-29,VAN @ EDM,82c96670ad269b3647066b5e5032e0fd,game_ml3,draw,,,betrivers,380,,oddsapi
2026-09-29T16:05:06Z,2026-09-29,VAN @ EDM,82c96670ad269b3647066b5e5032e0fd,p1_ml3,EDM,,,betrivers,-103,,oddsapi
2026-09-29T16:05:06Z,2026-09-29,VAN @ EDM,82c96670ad269b3647066b5e5032e0fd,p1_ml3,VAN,,,betrivers,300,,oddsapi
2026-09-29T16:05:06Z,2026-09-29,VAN @ EDM,82c96670ad269b3647066b5e5032e0fd,p1_ml3,draw,,,betrivers,215,,oddsapi
2026-09-29T16:05:06Z,2026-09-29,VAN @ EDM,82c96670ad269b3647066b5e5032e0fd,p2_ml3,EDM,,,betrivers,-106,,oddsapi
2026-09-29T16:05:06Z,2026-09-29,VAN @ EDM,82c96670ad269b3647066b5e5032e0fd,p2_ml3,VAN,,,betrivers,280,,oddsapi
2026-09-29T16:05:06Z,2026-09-29,VAN @ EDM,82c96670ad269b3647066b5e5032e0fd,p2_ml3,draw,,,betrivers,235,,oddsapi
2026-09-29T16:05:06Z,2026-09-29,VAN @ EDM,82c96670ad269b3647066b5e5032e0fd,p3_ml3,EDM,,,betrivers,-106,,oddsapi
2026-09-29T16:05:06Z,2026-09-29,VAN @ EDM,82c96670ad269b3647066b5e5032e0fd,p3_ml3,VAN,,,betrivers,280,,oddsapi
2026-09-29T16:05:06Z,2026-09-29,VAN @ EDM,82c96670ad269b3647066b5e5032e0fd,p3_ml3,draw,,,betrivers,235,,oddsapi
2026-09-29T16:05:06Z,2026-09-29,VAN @ EDM,82c96670ad269b3647066b5e5032e0fd,ags,yes,Trent Frederic,,betrivers,500,,oddsapi
2026-09-29T16:05:06Z,2026-09-29,VAN @ EDM,82c96670ad269b3647066b5e5032e0fd,ags,yes,Connor McDavid,,betrivers,112,,oddsapi
2026-09-29T16:05:06Z,2026-09-29,VAN @ EDM,82c96670ad269b3647066b5e5032e0fd,ags,yes,Jake Walman,,betrivers,550,,oddsapi
2026-09-29T16:05:06Z,2026-09-29,VAN @ EDM,82c96670ad269b3647066b5e5032e0fd,ags,yes,Zeev Buium,,betrivers,750,,oddsapi
2026-09-29T16:05:06Z,2026-09-29,VAN @ EDM,82c96670ad269b3647066b5e5032e0fd,ags,yes,Filip Hronek,,betrivers,460,,oddsapi
2026-09-29T16:05:06Z,2026-09-29,VAN @ EDM,82c96670ad269b3647066b5e5032e0fd,ags,yes,Vasily Podkolzin,,betrivers,230,,oddsapi
2026-09-29T16:05:06Z,2026-09-29,VAN @ EDM,82c96670ad269b3647066b5e5032e0fd,ags,yes,Evan Bouchard,,betrivers,320,,oddsapi
2026-09-29T16:05:06Z,2026-09-29,VAN @ EDM,82c96670ad269b3647066b5e5032e0fd,ags,yes,Brendan Gallagher,,betrivers,575,,oddsapi
2026-09-29T16:05:06Z,2026-09-29,VAN @ EDM,82c96670ad269b3647066b5e5032e0fd,ags,yes,Colton Dach,,betrivers,600,,oddsapi
2026-09-29T16:05:06Z,2026-09-29,VAN @ EDM,82c96670ad269b3647066b5e5032e0fd,ags,yes,Liam Ohgren,,betrivers,540,,oddsapi
2026-09-29T16:05:06Z,2026-09-29,VAN @ EDM,82c96670ad269b3647066b5e5032e0fd,ags,yes,Max Sasson,,betrivers,600,,oddsapi
2026-09-29T16:05:06Z,2026-09-29,VAN @ EDM,82c96670ad269b3647066b5e5032e0fd,ags,yes,Marco Rossi,,betrivers,330,,oddsapi
2026-09-29T16:05:06Z,2026-09-29,VAN @ EDM,82c96670ad269b3647066b5e5032e0fd,ags,yes,Luke Schenn,,betrivers,950,,oddsapi
2026-09-29T16:05:06Z,2026-09-29,VAN @ EDM,82c96670ad269b3647066b5e5032e0fd,ags,yes,Ryan Shea,,betrivers,650,,oddsapi
2026-09-29T16:05:06Z,2026-09-29,VAN @ EDM,82c96670ad269b3647066b5e5032e0fd,ags,yes,Max Jones,,betrivers,540,,oddsapi
2026-09-29T16:05:06Z,2026-09-29,VAN @ EDM,82c96670ad269b3647066b5e5032e0fd,ags,yes,Mattias Ekholm,,betrivers,375,,oddsapi
2026-09-29T16:05:06Z,2026-09-29,VAN @ EDM,82c96670ad269b3647066b5e5032e0fd,ags,yes,Brock Boeser,,betrivers,225,,oddsapi
2026-09-29T16:05:06Z,2026-09-29,VAN @ EDM,82c96670ad269b3647066b5e5032e0fd,ags,yes,Tom Willander,,betrivers,950,,oddsapi
2026-09-29T16:05:06Z,2026-09-29,VAN @ EDM,82c96670ad269b3647066b5e5032e0fd,ags,yes,Zach Hyman,,betrivers,185,,oddsapi
2026-09-29T16:05:06Z,2026-09-29,VAN @ EDM,82c96670ad269b3647066b5e5032e0fd,ags,yes,Drew O'Connor,,betrivers,500,,oddsapi
2026-09-29T16:05:06Z,2026-09-29,VAN @ EDM,82c96670ad269b3647066b5e5032e0fd,ags,yes,Mathieu Joseph,,betrivers,650,,oddsapi
2026-09-29T16:05:06Z,2026-09-29,VAN @ EDM,82c96670ad269b3647066b5e5032e0fd,ags,yes,Leon Draisaitl,,betrivers,115,,oddsapi
2026-09-29T16:05:06Z,2026-09-29,VAN @ EDM,82c96670ad269b3647066b5e5032e0fd,ags,yes,Kasperi Kapanen,,betrivers,290,,oddsapi
2026-09-29T16:05:06Z,2026-09-29,VAN @ EDM,82c96670ad269b3647066b5e5032e0fd,ags,yes,Arshdeep Bains,,betrivers,1000,,oddsapi
2026-09-29T16:05:06Z,2026-09-29,VAN @ EDM,82c96670ad269b3647066b5e5032e0fd,ags,yes,Connor Murphy,,betrivers,575,,oddsapi
2026-09-29T16:05:06Z,2026-09-29,VAN @ EDM,82c96670ad269b3647066b5e5032e0fd,ags,yes,Jake DeBrusk,,betrivers,255,,oddsapi
2026-09-29T16:05:06Z,2026-09-29,VAN @ EDM,82c96670ad269b3647066b5e5032e0fd,ags,yes,Jamie Oleksiak,,betrivers,750,,oddsapi
2026-09-29T16:05:06Z,2026-09-29,VAN @ EDM,82c96670ad269b3647066b5e5032e0fd,ags,yes,Elias Pettersson,,betrivers,280,,oddsapi
2026-09-29T16:05:06Z,2026-09-29,VAN @ EDM,82c96670ad269b3647066b5e5032e0fd,ags,yes,Linus Karlsson,,betrivers,450,,oddsapi
2026-09-29T16:05:06Z,2026-09-29,VAN @ EDM,82c96670ad269b3647066b5e5032e0fd,ags,yes,Alex Formenton,,betrivers,525,,oddsapi
2026-09-29T16:05:06Z,2026-09-29,VAN @ EDM,82c96670ad269b3647066b5e5032e0fd,ags,yes,Paul Cotter,,betrivers,750,,oddsapi
2026-09-29T16:05:06Z,2026-09-29,VAN @ EDM,82c96670ad269b3647066b5e5032e0fd,ags,yes,Shakir Mukhamadullin,,betrivers,510,,oddsapi
2026-09-29T16:05:06Z,2026-09-29,VAN @ EDM,82c96670ad269b3647066b5e5032e0fd,ags,yes,Ryan Nugent-Hopkins,,betrivers,255,,oddsapi
2026-09-29T16:05:06Z,2026-09-29,VAN @ EDM,82c96670ad269b3647066b5e5032e0fd,ags,yes,Isaac Howard,,betrivers,380,,oddsapi
2026-09-29T16:05:06Z,2026-09-29,VAN @ EDM,82c96670ad269b3647066b5e5032e0fd,ags,yes,Elias Pettersson (2004),,betrivers,1000,,oddsapi
2026-09-29T16:05:06Z,2026-09-29,VAN @ EDM,82c96670ad269b3647066b5e5032e0fd,ags,yes,Jonathan Lekkerimäki,,betrivers,475,,oddsapi
2026-09-29T16:05:06Z,2026-09-29,VAN @ EDM,82c96670ad269b3647066b5e5032e0fd,fgs,yes,Connor Murphy,,betrivers,2400,,oddsapi
2026-09-29T16:05:06Z,2026-09-29,VAN @ EDM,82c96670ad269b3647066b5e5032e0fd,fgs,yes,Brendan Gallagher,,betrivers,2400,,oddsapi
2026-09-29T16:05:06Z,2026-09-29,VAN @ EDM,82c96670ad269b3647066b5e5032e0fd,fgs,yes,Elias Pettersson,,betrivers,1300,,oddsapi
2026-09-29T16:05:06Z,2026-09-29,VAN @ EDM,82c96670ad269b3647066b5e5032e0fd,fgs,yes,Mattias Ekholm,,betrivers,1600,,oddsapi
2026-09-29T16:05:06Z,2026-09-29,VAN @ EDM,82c96670ad269b3647066b5e5032e0fd,fgs,yes,Leon Draisaitl,,betrivers,600,,oddsapi
2026-09-29T16:05:06Z,2026-09-29,VAN @ EDM,82c96670ad269b3647066b5e5032e0fd,fgs,yes,Mathieu Joseph,,betrivers,2900,,oddsapi
2026-09-29T16:05:06Z,2026-09-29,VAN @ EDM,82c96670ad269b3647066b5e5032e0fd,fgs,yes,Ryan Shea,,betrivers,2800,,oddsapi
2026-09-29T16:05:06Z,2026-09-29,VAN @ EDM,82c96670ad269b3647066b5e5032e0fd,fgs,yes,Linus Karlsson,,betrivers,2000,,oddsapi
2026-09-29T16:05:06Z,2026-09-29,VAN @ EDM,82c96670ad269b3647066b5e5032e0fd,fgs,yes,Brock Boeser,,betrivers,1000,,oddsapi
2026-09-29T16:05:06Z,2026-09-29,VAN @ EDM,82c96670ad269b3647066b5e5032e0fd,fgs,yes,Elias Pettersson (2004),,betrivers,4500,,oddsapi
2026-09-29T16:05:06Z,2026-09-29,VAN @ EDM,82c96670ad269b3647066b5e5032e0fd,fgs,yes,Jamie Oleksiak,,betrivers,3300,,oddsapi
2026-09-29T16:05:06Z,2026-09-29,VAN @ EDM,82c96670ad269b3647066b5e5032e0fd,fgs,yes,Jake Walman,,betrivers,2500,,oddsapi
2026-09-29T16:05:06Z,2026-09-29,VAN @ EDM,82c96670ad269b3647066b5e5032e0fd,fgs,yes,Drew O'Connor,,betrivers,2200,,oddsapi
2026-09-29T16:05:06Z,2026-09-29,VAN @ EDM,82c96670ad269b3647066b5e5032e0fd,fgs,yes,Arshdeep Bains,,betrivers,4500,,oddsapi
2026-09-29T16:05:06Z,2026-09-29,VAN @ EDM,82c96670ad269b3647066b5e5032e0fd,fgs,yes,Filip Hronek,,betrivers,2000,,oddsapi
2026-09-29T16:05:06Z,2026-09-29,VAN @ EDM,82c96670ad269b3647066b5e5032e0fd,fgs,yes,Alex Formenton,,betrivers,2200,,oddsapi
2026-09-29T16:05:06Z,2026-09-29,VAN @ EDM,82c96670ad269b3647066b5e5032e0fd,fgs,yes,Jake DeBrusk,,betrivers,1200,,oddsapi
2026-09-29T16:05:06Z,2026-09-29,VAN @ EDM,82c96670ad269b3647066b5e5032e0fd,fgs,yes,Jonathan Lekkerimäki,,betrivers,2000,,oddsapi
2026-09-29T16:05:06Z,2026-09-29,VAN @ EDM,82c96670ad269b3647066b5e5032e0fd,fgs,yes,Max Jones,,betrivers,2200,,oddsapi
2026-09-29T16:05:06Z,2026-09-29,VAN @ EDM,82c96670ad269b3647066b5e5032e0fd,fgs,yes,Vasily Podkolzin,,betrivers,1000,,oddsapi
2026-09-29T16:05:06Z,2026-09-29,VAN @ EDM,82c96670ad269b3647066b5e5032e0fd,fgs,yes,Kasperi Kapanen,,betrivers,1300,,oddsapi
2026-09-29T16:05:06Z,2026-09-29,VAN @ EDM,82c96670ad269b3647066b5e5032e0fd,fgs,yes,Colton Dach,,betrivers,2400,,oddsapi
2026-09-29T16:05:06Z,2026-09-29,VAN @ EDM,82c96670ad269b3647066b5e5032e0fd,fgs,yes,Marco Rossi,,betrivers,1500,,oddsapi
2026-09-29T16:05:06Z,2026-09-29,VAN @ EDM,82c96670ad269b3647066b5e5032e0fd,fgs,yes,Luke Schenn,,betrivers,4500,,oddsapi
2026-09-29T16:05:06Z,2026-09-29,VAN @ EDM,82c96670ad269b3647066b5e5032e0fd,fgs,yes,Connor McDavid,,betrivers,600,,oddsapi
2026-09-29T16:05:06Z,2026-09-29,VAN @ EDM,82c96670ad269b3647066b5e5032e0fd,fgs,yes,Zach Hyman,,betrivers,900,,oddsapi
2026-09-29T16:05:06Z,2026-09-29,VAN @ EDM,82c96670ad269b3647066b5e5032e0fd,fgs,yes,Evan Bouchard,,betrivers,1300,,oddsapi
2026-09-29T16:05:06Z,2026-09-29,VAN @ EDM,82c96670ad269b3647066b5e5032e0fd,fgs,yes,Tom Willander,,betrivers,4000,,oddsapi
2026-09-29T16:05:06Z,2026-09-29,VAN @ EDM,82c96670ad269b3647066b5e5032e0fd,fgs,yes,Paul Cotter,,betrivers,3400,,oddsapi
2026-09-29T16:05:06Z,2026-09-29,VAN @ EDM,82c96670ad269b3647066b5e5032e0fd,fgs,yes,Shakir Mukhamadullin,,betrivers,2200,,oddsapi
2026-09-29T16:05:06Z,2026-09-29,VAN @ EDM,82c96670ad269b3647066b5e5032e0fd,fgs,yes,Isaac Howard,,betrivers,1600,,oddsapi
2026-09-29T16:05:06Z,2026-09-29,VAN @ EDM,82c96670ad269b3647066b5e5032e0fd,fgs,yes,Max Sasson,,betrivers,2800,,oddsapi
2026-09-29T16:05:06Z,2026-09-29,VAN @ EDM,82c96670ad269b3647066b5e5032e0fd,fgs,yes,Zeev Buium,,betrivers,3400,,oddsapi
2026-09-29T16:05:06Z,2026-09-29,VAN @ EDM,82c96670ad269b3647066b5e5032e0fd,fgs,yes,Liam Ohgren,,betrivers,2400,,oddsapi
2026-09-29T16:05:06Z,2026-09-29,VAN @ EDM,82c96670ad269b3647066b5e5032e0fd,fgs,yes,Ryan Nugent-Hopkins,,betrivers,1150,,oddsapi
2026-09-29T16:05:06Z,2026-09-29,VAN @ EDM,82c96670ad269b3647066b5e5032e0fd,fgs,yes,Trent Frederic,,betrivers,2000,,oddsapi
2026-09-29T16:05:06Z,2026-09-29,VAN @ EDM,82c96670ad269b3647066b5e5032e0fd,sk_g,over,Connor McDavid,2.5,betrivers,2400,,oddsapi
2026-09-29T16:05:06Z,2026-09-29,VAN @ EDM,82c96670ad269b3647066b5e5032e0fd,sk_g,over,Vasily Podkolzin,2.5,betrivers,10000,,oddsapi
2026-09-29T16:05:06Z,2026-09-29,VAN @ EDM,82c96670ad269b3647066b5e5032e0fd,sk_g,over,Max Jones,1.5,betrivers,6000,,oddsapi
2026-09-29T16:05:06Z,2026-09-29,VAN @ EDM,82c96670ad269b3647066b5e5032e0fd,sk_g,over,Elias Pettersson,2.5,betrivers,15000,,oddsapi
2026-09-29T16:05:06Z,2026-09-29,VAN @ EDM,82c96670ad269b3647066b5e5032e0fd,sk_g,over,Jake Walman,1.5,betrivers,6600,,oddsapi
2026-09-29T16:05:06Z,2026-09-29,VAN @ EDM,82c96670ad269b3647066b5e5032e0fd,sk_g,over,Evan Bouchard,1.5,betrivers,2200,,oddsapi
2026-09-29T16:05:06Z,2026-09-29,VAN @ EDM,82c96670ad269b3647066b5e5032e0fd,sk_g,over,Colton Dach,1.5,betrivers,7000,,oddsapi
2026-09-29T16:05:06Z,2026-09-29,VAN @ EDM,82c96670ad269b3647066b5e5032e0fd,sk_g,over,Linus Karlsson,1.5,betrivers,4500,,oddsapi
2026-09-29T16:05:06Z,2026-09-29,VAN @ EDM,82c96670ad269b3647066b5e5032e0fd,sk_g,over,Ryan Shea,1.5,betrivers,9000,,oddsapi
2026-09-29T16:05:06Z,2026-09-29,VAN @ EDM,82c96670ad269b3647066b5e5032e0fd,sk_g,over,Brock Boeser,1.5,betrivers,1300,,oddsapi
2026-09-29T16:05:06Z,2026-09-29,VAN @ EDM,82c96670ad269b3647066b5e5032e0fd,sk_g,over,Mathieu Joseph,1.5,betrivers,10000,,oddsapi
2026-09-29T16:05:06Z,2026-09-29,VAN @ EDM,82c96670ad269b3647066b5e5032e0fd,sk_g,over,Jake DeBrusk,1.5,betrivers,1600,,oddsapi
2026-09-29T16:05:06Z,2026-09-29,VAN @ EDM,82c96670ad269b3647066b5e5032e0fd,sk_g,over,Jonathan Lekkerimäki,1.5,betrivers,4500,,oddsapi
2026-09-29T16:05:06Z,2026-09-29,VAN @ EDM,82c96670ad269b3647066b5e5032e0fd,sk_g,over,Elias Pettersson,1.5,betrivers,1800,,oddsapi
2026-09-29T16:05:06Z,2026-09-29,VAN @ EDM,82c96670ad269b3647066b5e5032e0fd,sk_g,over,Liam Ohgren,1.5,betrivers,6000,,oddsapi
2026-09-29T16:05:06Z,2026-09-29,VAN @ EDM,82c96670ad269b3647066b5e5032e0fd,sk_g,over,Connor Murphy,1.5,betrivers,6000,,oddsapi
2026-09-29T16:05:06Z,2026-09-29,VAN @ EDM,82c96670ad269b3647066b5e5032e0fd,sk_g,over,Max Sasson,1.5,betrivers,7500,,oddsapi
2026-09-29T16:05:06Z,2026-09-29,VAN @ EDM,82c96670ad269b3647066b5e5032e0fd,sk_g,over,Alex Formenton,1.5,betrivers,5500,,oddsapi
2026-09-29T16:05:06Z,2026-09-29,VAN @ EDM,82c96670ad269b3647066b5e5032e0fd,sk_g,over,Kasperi Kapanen,1.5,betrivers,1900,,oddsapi
2026-09-29T16:05:06Z,2026-09-29,VAN @ EDM,82c96670ad269b3647066b5e5032e0fd,sk_g,over,Mattias Ekholm,1.5,betrivers,2800,,oddsapi
2026-09-29T16:05:06Z,2026-09-29,VAN @ EDM,82c96670ad269b3647066b5e5032e0fd,sk_g,over,Jake DeBrusk,2.5,betrivers,12000,,oddsapi
2026-09-29T16:05:06Z,2026-09-29,VAN @ EDM,82c96670ad269b3647066b5e5032e0fd,sk_g,over,Shakir Mukhamadullin,1.5,betrivers,5000,,oddsapi
2026-09-29T16:05:06Z,2026-09-29,VAN @ EDM,82c96670ad269b3647066b5e5032e0fd,sk_g,over,Trent Frederic,1.5,betrivers,5000,,oddsapi
2026-09-29T16:05:06Z,2026-09-29,VAN @ EDM,82c96670ad269b3647066b5e5032e0fd,sk_g,over,Zach Hyman,1.5,betrivers,1000,,oddsapi
2026-09-29T16:05:06Z,2026-09-29,VAN @ EDM,82c96670ad269b3647066b5e5032e0fd,sk_g,over,Ryan Nugent-Hopkins,2.5,betrivers,12000,,oddsapi
2026-09-29T16:05:06Z,2026-09-29,VAN @ EDM,82c96670ad269b3647066b5e5032e0fd,sk_g,over,Zach Hyman,2.5,betrivers,5500,,oddsapi
2026-09-29T16:05:06Z,2026-09-29,VAN @ EDM,82c96670ad269b3647066b5e5032e0fd,sk_g,over,Connor McDavid,1.5,betrivers,550,,oddsapi
2026-09-29T16:05:06Z,2026-09-29,VAN @ EDM,82c96670ad269b3647066b5e5032e0fd,sk_g,over,Leon Draisaitl,1.5,betrivers,575,,oddsapi
2026-09-29T16:05:06Z,2026-09-29,VAN @ EDM,82c96670ad269b3647066b5e5032e0fd,sk_g,over,Zeev Buium,1.5,betrivers,11000,,oddsapi
2026-09-29T16:05:06Z,2026-09-29,VAN @ EDM,82c96670ad269b3647066b5e5032e0fd,sk_g,over,Vasily Podkolzin,1.5,betrivers,1400,,oddsapi
2026-09-29T16:05:06Z,2026-09-29,VAN @ EDM,82c96670ad269b3647066b5e5032e0fd,sk_g,over,Leon Draisaitl,2.5,betrivers,2500,,oddsapi
2026-09-29T16:05:06Z,2026-09-29,VAN @ EDM,82c96670ad269b3647066b5e5032e0fd,sk_g,over,Ryan Nugent-Hopkins,1.5,betrivers,1500,,oddsapi
2026-09-29T16:05:06Z,2026-09-29,VAN @ EDM,82c96670ad269b3647066b5e5032e0fd,sk_g,over,Drew O'Connor,1.5,betrivers,5000,,oddsapi
2026-09-29T16:05:06Z,2026-09-29,VAN @ EDM,82c96670ad269b3647066b5e5032e0fd,sk_g,over,Filip Hronek,1.5,betrivers,4000,,oddsapi
2026-09-29T16:05:06Z,2026-09-29,VAN @ EDM,82c96670ad269b3647066b5e5032e0fd,sk_g,over,Jamie Oleksiak,1.5,betrivers,12500,,oddsapi
2026-09-29T16:05:06Z,2026-09-29,VAN @ EDM,82c96670ad269b3647066b5e5032e0fd,sk_g,over,Kasperi Kapanen,2.5,betrivers,13000,,oddsapi
2026-09-29T16:05:06Z,2026-09-29,VAN @ EDM,82c96670ad269b3647066b5e5032e0fd,sk_g,over,Brock Boeser,2.5,betrivers,8000,,oddsapi
2026-09-29T16:05:06Z,2026-09-29,VAN @ EDM,82c96670ad269b3647066b5e5032e0fd,sk_g,over,Brendan Gallagher,1.5,betrivers,7000,,oddsapi
2026-09-29T16:05:06Z,2026-09-29,VAN @ EDM,82c96670ad269b3647066b5e5032e0fd,sk_g,over,Marco Rossi,1.5,betrivers,2400,,oddsapi
2026-09-29T16:05:06Z,2026-09-29,VAN @ EDM,82c96670ad269b3647066b5e5032e0fd,sk_g,over,Isaac Howard,1.5,betrivers,3300,,oddsapi
2026-09-29T16:05:06Z,2026-09-29,VAN @ EDM,82c96670ad269b3647066b5e5032e0fd,sk_g,over,Paul Cotter,1.5,betrivers,12500,,oddsapi
2026-09-29T16:05:06Z,2026-09-29,VAN @ EDM,82c96670ad269b3647066b5e5032e0fd,p1_total,over,,2.5,betrivers,175,-265,oddsapi
2026-09-29T16:05:06Z,2026-09-29,VAN @ EDM,82c96670ad269b3647066b5e5032e0fd,p1_total,under,,2.5,betrivers,-265,175,oddsapi
2026-09-29T16:05:06Z,2026-09-29,VAN @ EDM,82c96670ad269b3647066b5e5032e0fd,p2_total,over,,3.5,betrivers,340,-625,oddsapi
2026-09-29T16:05:06Z,2026-09-29,VAN @ EDM,82c96670ad269b3647066b5e5032e0fd,p2_total,under,,3.5,betrivers,-625,340,oddsapi
2026-09-29T16:05:06Z,2026-09-29,VAN @ EDM,82c96670ad269b3647066b5e5032e0fd,p3_total,over,,1.5,betrivers,-230,155,oddsapi
2026-09-29T16:05:06Z,2026-09-29,VAN @ EDM,82c96670ad269b3647066b5e5032e0fd,p3_total,under,,1.5,betrivers,155,-230,oddsapi
2026-09-29T16:05:06Z,2026-09-29,VAN @ EDM,82c96670ad269b3647066b5e5032e0fd,game_pl_alt,EDM,,1.5,bovada,-950,525,oddsapi
2026-09-29T16:05:06Z,2026-09-29,VAN @ EDM,82c96670ad269b3647066b5e5032e0fd,game_pl_alt,EDM,,-2.5,bovada,140,-185,oddsapi
2026-09-29T16:05:06Z,2026-09-29,VAN @ EDM,82c96670ad269b3647066b5e5032e0fd,game_pl_alt,VAN,,-1.5,bovada,525,-950,oddsapi
2026-09-29T16:05:06Z,2026-09-29,VAN @ EDM,82c96670ad269b3647066b5e5032e0fd,game_pl_alt,VAN,,2.5,bovada,-185,140,oddsapi
2026-09-29T16:05:06Z,2026-09-29,VAN @ EDM,82c96670ad269b3647066b5e5032e0fd,team_total_alt,over,EDM,4.5,bovada,130,-170,oddsapi
2026-09-29T16:05:06Z,2026-09-29,VAN @ EDM,82c96670ad269b3647066b5e5032e0fd,team_total_alt,under,EDM,4.5,bovada,-170,130,oddsapi
2026-09-29T16:05:06Z,2026-09-29,VAN @ EDM,82c96670ad269b3647066b5e5032e0fd,team_total_alt,over,VAN,2.5,bovada,100,-130,oddsapi
2026-09-29T16:05:06Z,2026-09-29,VAN @ EDM,82c96670ad269b3647066b5e5032e0fd,team_total_alt,under,VAN,2.5,bovada,-130,100,oddsapi
2026-09-29T16:05:06Z,2026-09-29,VAN @ EDM,82c96670ad269b3647066b5e5032e0fd,game_total_alt,over,,4.5,bovada,-550,350,oddsapi
2026-09-29T16:05:06Z,2026-09-29,VAN @ EDM,82c96670ad269b3647066b5e5032e0fd,game_total_alt,over,,5.5,bovada,-205,155,oddsapi
2026-09-29T16:05:06Z,2026-09-29,VAN @ EDM,82c96670ad269b3647066b5e5032e0fd,game_total_alt,over,,6,bovada,-165,125,oddsapi
2026-09-29T16:05:06Z,2026-09-29,VAN @ EDM,82c96670ad269b3647066b5e5032e0fd,game_total_alt,over,,7,bovada,135,-175,oddsapi
2026-09-29T16:05:06Z,2026-09-29,VAN @ EDM,82c96670ad269b3647066b5e5032e0fd,game_total_alt,over,,7.5,bovada,185,-250,oddsapi
2026-09-29T16:05:06Z,2026-09-29,VAN @ EDM,82c96670ad269b3647066b5e5032e0fd,game_total_alt,over,,8.5,bovada,275,-400,oddsapi
2026-09-29T16:05:06Z,2026-09-29,VAN @ EDM,82c96670ad269b3647066b5e5032e0fd,game_total_alt,under,,4.5,bovada,350,-550,oddsapi
2026-09-29T16:05:06Z,2026-09-29,VAN @ EDM,82c96670ad269b3647066b5e5032e0fd,game_total_alt,under,,5.5,bovada,155,-205,oddsapi
2026-09-29T16:05:06Z,2026-09-29,VAN @ EDM,82c96670ad269b3647066b5e5032e0fd,game_total_alt,under,,6,bovada,125,-165,oddsapi
2026-09-29T16:05:06Z,2026-09-29,VAN @ EDM,82c96670ad269b3647066b5e5032e0fd,game_total_alt,under,,7,bovada,-175,135,oddsapi
2026-09-29T16:05:06Z,2026-09-29,VAN @ EDM,82c96670ad269b3647066b5e5032e0fd,game_total_alt,under,,7.5,bovada,-250,185,oddsapi
2026-09-29T16:05:06Z,2026-09-29,VAN @ EDM,82c96670ad269b3647066b5e5032e0fd,game_total_alt,under,,8.5,bovada,-400,275,oddsapi
2026-09-29T16:05:06Z,2026-09-29,VAN @ EDM,82c96670ad269b3647066b5e5032e0fd,game_ml3,EDM,,,bovada,-184,,oddsapi
2026-09-29T16:05:06Z,2026-09-29,VAN @ EDM,82c96670ad269b3647066b5e5032e0fd,game_ml3,VAN,,,bovada,350,,oddsapi
2026-09-29T16:05:06Z,2026-09-29,VAN @ EDM,82c96670ad269b3647066b5e5032e0fd,game_ml3,draw,,,bovada,390,,oddsapi
2026-09-29T16:05:06Z,2026-09-29,VAN @ EDM,82c96670ad269b3647066b5e5032e0fd,p1_ml,EDM,,,bovada,-215,160,oddsapi
2026-09-29T16:05:06Z,2026-09-29,VAN @ EDM,82c96670ad269b3647066b5e5032e0fd,p1_ml,VAN,,,bovada,160,-215,oddsapi
2026-09-29T16:05:06Z,2026-09-29,VAN @ EDM,82c96670ad269b3647066b5e5032e0fd,p2_ml,EDM,,,bovada,-230,170,oddsapi
2026-09-29T16:05:06Z,2026-09-29,VAN @ EDM,82c96670ad269b3647066b5e5032e0fd,p2_ml,VAN,,,bovada,170,-230,oddsapi
2026-09-29T16:05:06Z,2026-09-29,VAN @ EDM,82c96670ad269b3647066b5e5032e0fd,p3_ml,EDM,,,bovada,-250,185,oddsapi
2026-09-29T16:05:06Z,2026-09-29,VAN @ EDM,82c96670ad269b3647066b5e5032e0fd,p3_ml,VAN,,,bovada,185,-250,oddsapi
2026-09-29T16:05:06Z,2026-09-29,VAN @ EDM,82c96670ad269b3647066b5e5032e0fd,ags,yes,Aatu Raty,,bovada,1000,,oddsapi
2026-09-29T16:05:06Z,2026-09-29,VAN @ EDM,82c96670ad269b3647066b5e5032e0fd,ags,yes,Elias Pettersson (2004),,bovada,1900,,oddsapi
2026-09-29T16:05:06Z,2026-09-29,VAN @ EDM,82c96670ad269b3647066b5e5032e0fd,ags,yes,Mathieu Joseph,,bovada,800,,oddsapi
2026-09-29T16:05:06Z,2026-09-29,VAN @ EDM,82c96670ad269b3647066b5e5032e0fd,ags,yes,Brock Boeser,,bovada,235,,oddsapi
2026-09-29T16:05:06Z,2026-09-29,VAN @ EDM,82c96670ad269b3647066b5e5032e0fd,ags,yes,Elias Pettersson,,bovada,325,,oddsapi
2026-09-29T16:05:06Z,2026-09-29,VAN @ EDM,82c96670ad269b3647066b5e5032e0fd,ags,yes,Arshdeep Bains,,bovada,1100,,oddsapi
2026-09-29T16:05:06Z,2026-09-29,VAN @ EDM,82c96670ad269b3647066b5e5032e0fd,ags,yes,Max Jones,,bovada,575,,oddsapi
2026-09-29T16:05:06Z,2026-09-29,VAN @ EDM,82c96670ad269b3647066b5e5032e0fd,ags,yes,Liam Ohgren,,bovada,475,,oddsapi
2026-09-29T16:05:06Z,2026-09-29,VAN @ EDM,82c96670ad269b3647066b5e5032e0fd,ags,yes,Colton Dach,,bovada,750,,oddsapi
2026-09-29T16:05:06Z,2026-09-29,VAN @ EDM,82c96670ad269b3647066b5e5032e0fd,ags,yes,Alex Formenton,,bovada,775,,oddsapi
2026-09-29T16:05:06Z,2026-09-29,VAN @ EDM,82c96670ad269b3647066b5e5032e0fd,ags,yes,Connor Murphy,,bovada,1000,,oddsapi
2026-09-29T16:05:06Z,2026-09-29,VAN @ EDM,82c96670ad269b3647066b5e5032e0fd,ags,yes,Mattias Ekholm,,bovada,725,,oddsapi
2026-09-29T16:05:06Z,2026-09-29,VAN @ EDM,82c96670ad269b3647066b5e5032e0fd,ags,yes,Ryan Shea,,bovada,850,,oddsapi
2026-09-29T16:05:06Z,2026-09-29,VAN @ EDM,82c96670ad269b3647066b5e5032e0fd,ags,yes,Vasily Podkolzin,,bovada,240,,oddsapi
2026-09-29T16:05:06Z,2026-09-29,VAN @ EDM,82c96670ad269b3647066b5e5032e0fd,ags,yes,Zach Hyman,,bovada,155,,oddsapi
2026-09-29T16:05:06Z,2026-09-29,VAN @ EDM,82c96670ad269b3647066b5e5032e0fd,ags,yes,Linus Karlsson,,bovada,400,,oddsapi
2026-09-29T16:05:06Z,2026-09-29,VAN @ EDM,82c96670ad269b3647066b5e5032e0fd,ags,yes,Ryan Nugent-Hopkins,,bovada,225,,oddsapi
2026-09-29T16:05:06Z,2026-09-29,VAN @ EDM,82c96670ad269b3647066b5e5032e0fd,ags,yes,Jonathan Lekkerimäki,,bovada,410,,oddsapi
2026-09-29T16:05:06Z,2026-09-29,VAN @ EDM,82c96670ad269b3647066b5e5032e0fd,ags,yes,Shakir Mukhamadullin,,bovada,1200,,oddsapi
2026-09-29T16:05:06Z,2026-09-29,VAN @ EDM,82c96670ad269b3647066b5e5032e0fd,ags,yes,Drew O'Connor,,bovada,475,,oddsapi
2026-09-29T16:05:06Z,2026-09-29,VAN @ EDM,82c96670ad269b3647066b5e5032e0fd,ags,yes,Tom Willander,,bovada,1000,,oddsapi
2026-09-29T16:05:06Z,2026-09-29,VAN @ EDM,82c96670ad269b3647066b5e5032e0fd,ags,yes,Isaac Howard,,bovada,335,,oddsapi
2026-09-29T16:05:06Z,2026-09-29,VAN @ EDM,82c96670ad269b3647066b5e5032e0fd,ags,yes,Leon Draisaitl,,bovada,-102,,oddsapi
2026-09-29T16:05:06Z,2026-09-29,VAN @ EDM,82c96670ad269b3647066b5e5032e0fd,ags,yes,Jake Walman,,bovada,575,,oddsapi
2026-09-29T16:05:06Z,2026-09-29,VAN @ EDM,82c96670ad269b3647066b5e5032e0fd,ags,yes,Jake DeBrusk,,bovada,275,,oddsapi
2026-09-29T16:05:06Z,2026-09-29,VAN @ EDM,82c96670ad269b3647066b5e5032e0fd,ags,yes,Connor McDavid,,bovada,113,,oddsapi
2026-09-29T16:05:06Z,2026-09-29,VAN @ EDM,82c96670ad269b3647066b5e5032e0fd,ags,yes,Zeev Buium,,bovada,675,,oddsapi
2026-09-29T16:05:06Z,2026-09-29,VAN @ EDM,82c96670ad269b3647066b5e5032e0fd,ags,yes,Marco Rossi,,bovada,345,,oddsapi
2026-09-29T16:05:06Z,2026-09-29,VAN @ EDM,82c96670ad269b3647066b5e5032e0fd,ags,yes,Kasperi Kapanen,,bovada,310,,oddsapi
2026-09-29T16:05:06Z,2026-09-29,VAN @ EDM,82c96670ad269b3647066b5e5032e0fd,ags,yes,Trent Frederic,,bovada,625,,oddsapi
2026-09-29T16:05:06Z,2026-09-29,VAN @ EDM,82c96670ad269b3647066b5e5032e0fd,ags,yes,Max Sasson,,bovada,550,,oddsapi
2026-09-29T16:05:06Z,2026-09-29,VAN @ EDM,82c96670ad269b3647066b5e5032e0fd,ags,yes,Evan Bouchard,,bovada,265,,oddsapi
2026-09-29T16:05:06Z,2026-09-29,VAN @ EDM,82c96670ad269b3647066b5e5032e0fd,ags,yes,Filip Hronek,,bovada,525,,oddsapi
2026-09-29T16:05:06Z,2026-09-29,VAN @ EDM,82c96670ad269b3647066b5e5032e0fd,fgs,yes,Zach Hyman,,bovada,1200,,oddsapi
2026-09-29T16:05:06Z,2026-09-29,VAN @ EDM,82c96670ad269b3647066b5e5032e0fd,fgs,yes,Colton Dach,,bovada,4000,,oddsapi
2026-09-29T16:05:06Z,2026-09-29,VAN @ EDM,82c96670ad269b3647066b5e5032e0fd,fgs,yes,Jonathan Lekkerimäki,,bovada,2500,,oddsapi
2026-09-29T16:05:06Z,2026-09-29,VAN @ EDM,82c96670ad269b3647066b5e5032e0fd,fgs,yes,Max Sasson,,bovada,3500,,oddsapi
2026-09-29T16:05:06Z,2026-09-29,VAN @ EDM,82c96670ad269b3647066b5e5032e0fd,fgs,yes,Mattias Ekholm,,bovada,4500,,oddsapi
2026-09-29T16:05:06Z,2026-09-29,VAN @ EDM,82c96670ad269b3647066b5e5032e0fd,fgs,yes,Ryan Nugent-Hopkins,,bovada,1700,,oddsapi
2026-09-29T16:05:06Z,2026-09-29,VAN @ EDM,82c96670ad269b3647066b5e5032e0fd,fgs,yes,Marco Rossi,,bovada,2200,,oddsapi
2026-09-29T16:05:06Z,2026-09-29,VAN @ EDM,82c96670ad269b3647066b5e5032e0fd,fgs,yes,Jake Walman,,bovada,3000,,oddsapi
2026-09-29T16:05:06Z,2026-09-29,VAN @ EDM,82c96670ad269b3647066b5e5032e0fd,fgs,yes,Mathieu Joseph,,bovada,5000,,oddsapi
2026-09-29T16:05:06Z,2026-09-29,VAN @ EDM,82c96670ad269b3647066b5e5032e0fd,fgs,yes,Liam Ohgren,,bovada,3000,,oddsapi
2026-09-29T16:05:06Z,2026-09-29,VAN @ EDM,82c96670ad269b3647066b5e5032e0fd,fgs,yes,Ryan Shea,,bovada,4000,,oddsapi
2026-09-29T16:05:06Z,2026-09-29,VAN @ EDM,82c96670ad269b3647066b5e5032e0fd,fgs,yes,Jake DeBrusk,,bovada,1800,,oddsapi
2026-09-29T16:05:06Z,2026-09-29,VAN @ EDM,82c96670ad269b3647066b5e5032e0fd,fgs,yes,Alex Formenton,,bovada,4000,,oddsapi
2026-09-29T16:05:06Z,2026-09-29,VAN @ EDM,82c96670ad269b3647066b5e5032e0fd,fgs,yes,Zeev Buium,,bovada,4000,,oddsapi
2026-09-29T16:05:06Z,2026-09-29,VAN @ EDM,82c96670ad269b3647066b5e5032e0fd,fgs,yes,Linus Karlsson,,bovada,2500,,oddsapi
2026-09-29T16:05:06Z,2026-09-29,VAN @ EDM,82c96670ad269b3647066b5e5032e0fd,fgs,yes,Drew O'Connor,,bovada,3000,,oddsapi
2026-09-29T16:05:06Z,2026-09-29,VAN @ EDM,82c96670ad269b3647066b5e5032e0fd,fgs,yes,Evan Bouchard,,bovada,1700,,oddsapi
2026-09-29T16:05:06Z,2026-09-29,VAN @ EDM,82c96670ad269b3647066b5e5032e0fd,fgs,yes,Shakir Mukhamadullin,,bovada,8000,,oddsapi
2026-09-29T16:05:06Z,2026-09-29,VAN @ EDM,82c96670ad269b3647066b5e5032e0fd,fgs,yes,Connor McDavid,,bovada,900,,oddsapi
2026-09-29T16:05:06Z,2026-09-29,VAN @ EDM,82c96670ad269b3647066b5e5032e0fd,fgs,yes,Trent Frederic,,bovada,4000,,oddsapi
2026-09-29T16:05:06Z,2026-09-29,VAN @ EDM,82c96670ad269b3647066b5e5032e0fd,fgs,yes,Brock Boeser,,bovada,1700,,oddsapi
2026-09-29T16:05:06Z,2026-09-29,VAN @ EDM,82c96670ad269b3647066b5e5032e0fd,fgs,yes,Tom Willander,,bovada,5000,,oddsapi
2026-09-29T16:05:06Z,2026-09-29,VAN @ EDM,82c96670ad269b3647066b5e5032e0fd,fgs,yes,Filip Hronek,,bovada,3300,,oddsapi
2026-09-29T16:05:06Z,2026-09-29,VAN @ EDM,82c96670ad269b3647066b5e5032e0fd,fgs,yes,Leon Draisaitl,,bovada,850,,oddsapi
2026-09-29T16:05:06Z,2026-09-29,VAN @ EDM,82c96670ad269b3647066b5e5032e0fd,fgs,yes,Kasperi Kapanen,,bovada,1800,,oddsapi
2026-09-29T16:05:06Z,2026-09-29,VAN @ EDM,82c96670ad269b3647066b5e5032e0fd,fgs,yes,Vasily Podkolzin,,bovada,1600,,oddsapi
2026-09-29T16:05:06Z,2026-09-29,VAN @ EDM,82c96670ad269b3647066b5e5032e0fd,fgs,yes,Aatu Raty,,bovada,6000,,oddsapi
2026-09-29T16:05:06Z,2026-09-29,VAN @ EDM,82c96670ad269b3647066b5e5032e0fd,fgs,yes,Elias Pettersson (2004),,bovada,10000,,oddsapi
2026-09-29T16:05:06Z,2026-09-29,VAN @ EDM,82c96670ad269b3647066b5e5032e0fd,fgs,yes,Isaac Howard,,bovada,2200,,oddsapi
2026-09-29T16:05:06Z,2026-09-29,VAN @ EDM,82c96670ad269b3647066b5e5032e0fd,fgs,yes,Elias Pettersson,,bovada,2200,,oddsapi
2026-09-29T16:05:06Z,2026-09-29,VAN @ EDM,82c96670ad269b3647066b5e5032e0fd,fgs,yes,Connor Murphy,,bovada,6000,,oddsapi
2026-09-29T16:05:06Z,2026-09-29,VAN @ EDM,82c96670ad269b3647066b5e5032e0fd,p1_pl,EDM,,-0.5,bovada,105,-135,oddsapi
2026-09-29T16:05:06Z,2026-09-29,VAN @ EDM,82c96670ad269b3647066b5e5032e0fd,p1_pl,VAN,,0.5,bovada,-135,105,oddsapi
2026-09-29T16:05:06Z,2026-09-29,VAN @ EDM,82c96670ad269b3647066b5e5032e0fd,p2_pl,EDM,,-0.5,bovada,-105,-125,oddsapi
2026-09-29T16:05:06Z,2026-09-29,VAN @ EDM,82c96670ad269b3647066b5e5032e0fd,p2_pl,VAN,,0.5,bovada,-125,-105,oddsapi
2026-09-29T16:05:06Z,2026-09-29,VAN @ EDM,82c96670ad269b3647066b5e5032e0fd,p3_pl,EDM,,-0.5,bovada,-120,-110,oddsapi
2026-09-29T16:05:06Z,2026-09-29,VAN @ EDM,82c96670ad269b3647066b5e5032e0fd,p3_pl,VAN,,0.5,bovada,-110,-120,oddsapi
2026-09-29T16:05:06Z,2026-09-29,VAN @ EDM,82c96670ad269b3647066b5e5032e0fd,p1_total,over,,1.5,bovada,-160,120,oddsapi
2026-09-29T16:05:06Z,2026-09-29,VAN @ EDM,82c96670ad269b3647066b5e5032e0fd,p1_total,under,,1.5,bovada,120,-160,oddsapi
2026-09-29T16:05:06Z,2026-09-29,VAN @ EDM,82c96670ad269b3647066b5e5032e0fd,p2_total,over,,2,bovada,-120,-110,oddsapi
2026-09-29T16:05:06Z,2026-09-29,VAN @ EDM,82c96670ad269b3647066b5e5032e0fd,p2_total,under,,2,bovada,-110,-120,oddsapi
2026-09-29T16:05:06Z,2026-09-29,VAN @ EDM,82c96670ad269b3647066b5e5032e0fd,p3_total,over,,2,bovada,-160,120,oddsapi
2026-09-29T16:05:06Z,2026-09-29,VAN @ EDM,82c96670ad269b3647066b5e5032e0fd,p3_total,under,,2,bovada,120,-160,oddsapi
2026-09-29T16:05:06Z,2026-09-29,VAN @ EDM,82c96670ad269b3647066b5e5032e0fd,game_ml3,EDM,,,fanatics,-190,,oddsapi
2026-09-29T16:05:06Z,2026-09-29,VAN @ EDM,82c96670ad269b3647066b5e5032e0fd,game_ml3,VAN,,,fanatics,350,,oddsapi
2026-09-29T16:05:06Z,2026-09-29,VAN @ EDM,82c96670ad269b3647066b5e5032e0fd,game_ml3,draw,,,fanatics,350,,oddsapi
2026-09-29T16:05:06Z,2026-09-29,VAN @ EDM,82c96670ad269b3647066b5e5032e0fd,ags,yes,Trent Frederic,,fanatics,600,,oddsapi
2026-09-29T16:05:06Z,2026-09-29,VAN @ EDM,82c96670ad269b3647066b5e5032e0fd,ags,yes,Jake Walman,,fanatics,575,,oddsapi
2026-09-29T16:05:06Z,2026-09-29,VAN @ EDM,82c96670ad269b3647066b5e5032e0fd,ags,yes,Mathieu Joseph,,fanatics,800,,oddsapi
2026-09-29T16:05:06Z,2026-09-29,VAN @ EDM,82c96670ad269b3647066b5e5032e0fd,ags,yes,Connor Murphy,,fanatics,900,,oddsapi
2026-09-29T16:05:06Z,2026-09-29,VAN @ EDM,82c96670ad269b3647066b5e5032e0fd,ags,yes,Kasperi Kapanen,,fanatics,275,,oddsapi
2026-09-29T16:05:06Z,2026-09-29,VAN @ EDM,82c96670ad269b3647066b5e5032e0fd,ags,yes,Ryan Shea,,fanatics,700,,oddsapi
2026-09-29T16:05:06Z,2026-09-29,VAN @ EDM,82c96670ad269b3647066b5e5032e0fd,ags,yes,Evan Bouchard,,fanatics,275,,oddsapi
2026-09-29T16:05:06Z,2026-09-29,VAN @ EDM,82c96670ad269b3647066b5e5032e0fd,ags,yes,Mattias Ekholm,,fanatics,800,,oddsapi
2026-09-29T16:05:06Z,2026-09-29,VAN @ EDM,82c96670ad269b3647066b5e5032e0fd,ags,yes,Zach Hyman,,fanatics,150,,oddsapi
2026-09-29T16:05:06Z,2026-09-29,VAN @ EDM,82c96670ad269b3647066b5e5032e0fd,ags,yes,Leon Draisaitl,,fanatics,100,,oddsapi
2026-09-29T16:05:06Z,2026-09-29,VAN @ EDM,82c96670ad269b3647066b5e5032e0fd,ags,yes,Ryan Nugent-Hopkins,,fanatics,210,,oddsapi
2026-09-29T16:05:06Z,2026-09-29,VAN @ EDM,82c96670ad269b3647066b5e5032e0fd,ags,yes,Connor McDavid,,fanatics,110,,oddsapi
2026-09-29T16:05:06Z,2026-09-29,VAN @ EDM,82c96670ad269b3647066b5e5032e0fd,ags,yes,Max Jones,,fanatics,600,,oddsapi
2026-09-29T16:05:06Z,2026-09-29,VAN @ EDM,82c96670ad269b3647066b5e5032e0fd,ags,yes,Vasily Podkolzin,,fanatics,215,,oddsapi
2026-09-29T16:05:06Z,2026-09-29,VAN @ EDM,82c96670ad269b3647066b5e5032e0fd,ags,yes,Colton Dach,,fanatics,800,,oddsapi
2026-09-29T16:05:06Z,2026-09-29,VAN @ EDM,82c96670ad269b3647066b5e5032e0fd,ags,yes,Shakir Mukhamadullin,,fanatics,1400,,oddsapi
2026-09-29T16:05:06Z,2026-09-29,VAN @ EDM,82c96670ad269b3647066b5e5032e0fd,ags,yes,Alex Formenton,,fanatics,850,,oddsapi
2026-09-29T16:05:06Z,2026-09-29,VAN @ EDM,82c96670ad269b3647066b5e5032e0fd,ags,yes,Isaac Howard,,fanatics,310,,oddsapi
2026-09-29T16:05:06Z,2026-09-29,VAN @ EDM,82c96670ad269b3647066b5e5032e0fd,ags,yes,Jake DeBrusk,,fanatics,285,,oddsapi
2026-09-29T16:05:06Z,2026-09-29,VAN @ EDM,82c96670ad269b3647066b5e5032e0fd,ags,yes,Brendan Gallagher,,fanatics,800,,oddsapi
2026-09-29T16:05:06Z,2026-09-29,VAN @ EDM,82c96670ad269b3647066b5e5032e0fd,ags,yes,Luke Schenn,,fanatics,2200,,oddsapi
2026-09-29T16:05:06Z,2026-09-29,VAN @ EDM,82c96670ad269b3647066b5e5032e0fd,ags,yes,Marco Rossi,,fanatics,360,,oddsapi
2026-09-29T16:05:06Z,2026-09-29,VAN @ EDM,82c96670ad269b3647066b5e5032e0fd,ags,yes,Drew O'Connor,,fanatics,525,,oddsapi
2026-09-29T16:05:06Z,2026-09-29,VAN @ EDM,82c96670ad269b3647066b5e5032e0fd,ags,yes,Paul Cotter,,fanatics,1000,,oddsapi
2026-09-29T16:05:06Z,2026-09-29,VAN @ EDM,82c96670ad269b3647066b5e5032e0fd,ags,yes,Brock Boeser,,fanatics,250,,oddsapi
2026-09-29T16:05:06Z,2026-09-29,VAN @ EDM,82c96670ad269b3647066b5e5032e0fd,ags,yes,Filip Hronek,,fanatics,600,,oddsapi
2026-09-29T16:05:06Z,2026-09-29,VAN @ EDM,82c96670ad269b3647066b5e5032e0fd,ags,yes,Elias Pettersson,,fanatics,325,,oddsapi
2026-09-29T16:05:06Z,2026-09-29,VAN @ EDM,82c96670ad269b3647066b5e5032e0fd,ags,yes,Jamie Oleksiak,,fanatics,2500,,oddsapi
2026-09-29T16:05:06Z,2026-09-29,VAN @ EDM,82c96670ad269b3647066b5e5032e0fd,ags,yes,Max Sasson,,fanatics,575,,oddsapi
2026-09-29T16:05:06Z,2026-09-29,VAN @ EDM,82c96670ad269b3647066b5e5032e0fd,ags,yes,Linus Karlsson,,fanatics,390,,oddsapi
2026-09-29T16:05:06Z,2026-09-29,VAN @ EDM,82c96670ad269b3647066b5e5032e0fd,ags,yes,Liam Ohgren,,fanatics,430,,oddsapi
2026-09-29T16:05:06Z,2026-09-29,VAN @ EDM,82c96670ad269b3647066b5e5032e0fd,ags,yes,Elias Pettersson (2004),,fanatics,2000,,oddsapi
2026-09-29T16:05:06Z,2026-09-29,VAN @ EDM,82c96670ad269b3647066b5e5032e0fd,ags,yes,Tom Willander,,fanatics,900,,oddsapi
2026-09-29T16:05:06Z,2026-09-29,VAN @ EDM,82c96670ad269b3647066b5e5032e0fd,ags,yes,Zeev Buium,,fanatics,700,,oddsapi
2026-09-29T16:05:06Z,2026-09-29,VAN @ EDM,82c96670ad269b3647066b5e5032e0fd,ags,yes,Arshdeep Bains,,fanatics,1000,,oddsapi
2026-09-29T16:05:06Z,2026-09-29,VAN @ EDM,82c96670ad269b3647066b5e5032e0fd,ags,yes,Aatu Raty,,fanatics,1000,,oddsapi
2026-09-29T16:05:06Z,2026-09-29,VAN @ EDM,82c96670ad269b3647066b5e5032e0fd,fgs,yes,Trent Frederic,,fanatics,3000,,oddsapi
2026-09-29T16:05:06Z,2026-09-29,VAN @ EDM,82c96670ad269b3647066b5e5032e0fd,fgs,yes,Jake Walman,,fanatics,2800,,oddsapi
2026-09-29T16:05:06Z,2026-09-29,VAN @ EDM,82c96670ad269b3647066b5e5032e0fd,fgs,yes,Mathieu Joseph,,fanatics,3500,,oddsapi
2026-09-29T16:05:06Z,2026-09-29,VAN @ EDM,82c96670ad269b3647066b5e5032e0fd,fgs,yes,Connor Murphy,,fanatics,4000,,oddsapi
2026-09-29T16:05:06Z,2026-09-29,VAN @ EDM,82c96670ad269b3647066b5e5032e0fd,fgs,yes,Kasperi Kapanen,,fanatics,1700,,oddsapi
2026-09-29T16:05:06Z,2026-09-29,VAN @ EDM,82c96670ad269b3647066b5e5032e0fd,fgs,yes,Ryan Shea,,fanatics,3500,,oddsapi
2026-09-29T16:05:06Z,2026-09-29,VAN @ EDM,82c96670ad269b3647066b5e5032e0fd,fgs,yes,Evan Bouchard,,fanatics,1500,,oddsapi
2026-09-29T16:05:06Z,2026-09-29,VAN @ EDM,82c96670ad269b3647066b5e5032e0fd,fgs,yes,Mattias Ekholm,,fanatics,4000,,oddsapi
2026-09-29T16:05:06Z,2026-09-29,VAN @ EDM,82c96670ad269b3647066b5e5032e0fd,fgs,yes,Zach Hyman,,fanatics,1000,,oddsapi
2026-09-29T16:05:06Z,2026-09-29,VAN @ EDM,82c96670ad269b3647066b5e5032e0fd,fgs,yes,Leon Draisaitl,,fanatics,700,,oddsapi
2026-09-29T16:05:06Z,2026-09-29,VAN @ EDM,82c96670ad269b3647066b5e5032e0fd,fgs,yes,Ryan Nugent-Hopkins,,fanatics,1300,,oddsapi
2026-09-29T16:05:06Z,2026-09-29,VAN @ EDM,82c96670ad269b3647066b5e5032e0fd,fgs,yes,Connor McDavid,,fanatics,800,,oddsapi
2026-09-29T16:05:06Z,2026-09-29,VAN @ EDM,82c96670ad269b3647066b5e5032e0fd,fgs,yes,Max Jones,,fanatics,2800,,oddsapi
2026-09-29T16:05:06Z,2026-09-29,VAN @ EDM,82c96670ad269b3647066b5e5032e0fd,fgs,yes,Vasily Podkolzin,,fanatics,1300,,oddsapi
2026-09-29T16:05:06Z,2026-09-29,VAN @ EDM,82c96670ad269b3647066b5e5032e0fd,fgs,yes,Colton Dach,,fanatics,3500,,oddsapi
2026-09-29T16:05:06Z,2026-09-29,VAN @ EDM,82c96670ad269b3647066b5e5032e0fd,fgs,yes,Shakir Mukhamadullin,,fanatics,6000,,oddsapi
2026-09-29T16:05:06Z,2026-09-29,VAN @ EDM,82c96670ad269b3647066b5e5032e0fd,fgs,yes,Alex Formenton,,fanatics,3500,,oddsapi
2026-09-29T16:05:06Z,2026-09-29,VAN @ EDM,82c96670ad269b3647066b5e5032e0fd,fgs,yes,Isaac Howard,,fanatics,1700,,oddsapi
2026-09-29T16:05:06Z,2026-09-29,VAN @ EDM,82c96670ad269b3647066b5e5032e0fd,fgs,yes,Jake DeBrusk,,fanatics,1500,,oddsapi
2026-09-29T16:05:06Z,2026-09-29,VAN @ EDM,82c96670ad269b3647066b5e5032e0fd,fgs,yes,Brendan Gallagher,,fanatics,3500,,oddsapi
2026-09-29T16:05:06Z,2026-09-29,VAN @ EDM,82c96670ad269b3647066b5e5032e0fd,fgs,yes,Luke Schenn,,fanatics,8000,,oddsapi
2026-09-29T16:05:06Z,2026-09-29,VAN @ EDM,82c96670ad269b3647066b5e5032e0fd,fgs,yes,Marco Rossi,,fanatics,1700,,oddsapi
2026-09-29T16:05:06Z,2026-09-29,VAN @ EDM,82c96670ad269b3647066b5e5032e0fd,fgs,yes,Drew O'Connor,,fanatics,2800,,oddsapi
2026-09-29T16:05:06Z,2026-09-29,VAN @ EDM,82c96670ad269b3647066b5e5032e0fd,fgs,yes,Paul Cotter,,fanatics,4000,,oddsapi
2026-09-29T16:05:06Z,2026-09-29,VAN @ EDM,82c96670ad269b3647066b5e5032e0fd,fgs,yes,Brock Boeser,,fanatics,1500,,oddsapi
2026-09-29T16:05:06Z,2026-09-29,VAN @ EDM,82c96670ad269b3647066b5e5032e0fd,fgs,yes,Filip Hronek,,fanatics,2800,,oddsapi
2026-09-29T16:05:06Z,2026-09-29,VAN @ EDM,82c96670ad269b3647066b5e5032e0fd,fgs,yes,Elias Pettersson,,fanatics,1700,,oddsapi
2026-09-29T16:05:06Z,2026-09-29,VAN @ EDM,82c96670ad269b3647066b5e5032e0fd,fgs,yes,Jamie Oleksiak,,fanatics,10000,,oddsapi
2026-09-29T16:05:06Z,2026-09-29,VAN @ EDM,82c96670ad269b3647066b5e5032e0fd,fgs,yes,Max Sasson,,fanatics,2500,,oddsapi
2026-09-29T16:05:06Z,2026-09-29,VAN @ EDM,82c96670ad269b3647066b5e5032e0fd,fgs,yes,Linus Karlsson,,fanatics,2200,,oddsapi
2026-09-29T16:05:06Z,2026-09-29,VAN @ EDM,82c96670ad269b3647066b5e5032e0fd,fgs,yes,Liam Ohgren,,fanatics,2200,,oddsapi
2026-09-29T16:05:06Z,2026-09-29,VAN @ EDM,82c96670ad269b3647066b5e5032e0fd,fgs,yes,Elias Pettersson (2004),,fanatics,8000,,oddsapi
2026-09-29T16:05:06Z,2026-09-29,VAN @ EDM,82c96670ad269b3647066b5e5032e0fd,fgs,yes,Tom Willander,,fanatics,4000,,oddsapi
2026-09-29T16:05:06Z,2026-09-29,VAN @ EDM,82c96670ad269b3647066b5e5032e0fd,fgs,yes,Zeev Buium,,fanatics,3500,,oddsapi
2026-09-29T16:05:06Z,2026-09-29,VAN @ EDM,82c96670ad269b3647066b5e5032e0fd,fgs,yes,Arshdeep Bains,,fanatics,4500,,oddsapi
2026-09-29T16:05:06Z,2026-09-29,VAN @ EDM,82c96670ad269b3647066b5e5032e0fd,fgs,yes,No 1st Goal,,fanatics,20000,,oddsapi
2026-09-29T16:05:06Z,2026-09-29,VAN @ EDM,82c96670ad269b3647066b5e5032e0fd,fgs,yes,Aatu Raty,,fanatics,4500,,oddsapi
2026-09-29T16:05:06Z,2026-09-29,VAN @ EDM,82c96670ad269b3647066b5e5032e0fd,team_total,over,EDM,2.5,fanatics,-450,310,oddsapi
2026-09-29T16:05:06Z,2026-09-29,VAN @ EDM,82c96670ad269b3647066b5e5032e0fd,team_total,under,EDM,2.5,fanatics,310,-450,oddsapi
2026-09-29T16:05:06Z,2026-09-29,VAN @ EDM,82c96670ad269b3647066b5e5032e0fd,team_total,over,VAN,1.5,fanatics,-285,210,oddsapi
2026-09-29T16:05:06Z,2026-09-29,VAN @ EDM,82c96670ad269b3647066b5e5032e0fd,team_total,under,VAN,1.5,fanatics,210,-285,oddsapi
2026-09-29T16:05:06Z,2026-09-29,VAN @ EDM,82c96670ad269b3647066b5e5032e0fd,p1_ml,EDM,,,betus,-210,165,oddsapi
2026-09-29T16:05:06Z,2026-09-29,VAN @ EDM,82c96670ad269b3647066b5e5032e0fd,p1_ml,VAN,,,betus,165,-210,oddsapi
2026-09-29T16:05:06Z,2026-09-29,VAN @ EDM,82c96670ad269b3647066b5e5032e0fd,p1_pl,EDM,,-0.5,betus,105,-135,oddsapi
2026-09-29T16:05:06Z,2026-09-29,VAN @ EDM,82c96670ad269b3647066b5e5032e0fd,p1_pl,VAN,,0.5,betus,-135,105,oddsapi
2026-09-29T16:05:06Z,2026-09-29,VAN @ EDM,82c96670ad269b3647066b5e5032e0fd,p1_total,over,,1.5,betus,-145,115,oddsapi
2026-09-29T16:05:06Z,2026-09-29,VAN @ EDM,82c96670ad269b3647066b5e5032e0fd,p1_total,under,,1.5,betus,115,-145,oddsapi
2026-09-29T16:05:06Z,2026-09-29,CHI @ VGK,deceabd9bfa9fdbfb352546844ecee9b,game_pl_alt,CHI,,-3.5,draftkings,1800,-15000,oddsapi
2026-09-29T16:05:06Z,2026-09-29,CHI @ VGK,deceabd9bfa9fdbfb352546844ecee9b,game_pl_alt,CHI,,-2.5,draftkings,800,-1800,oddsapi
2026-09-29T16:05:06Z,2026-09-29,CHI @ VGK,deceabd9bfa9fdbfb352546844ecee9b,game_pl_alt,CHI,,-1.5,draftkings,430,-725,oddsapi
2026-09-29T16:05:06Z,2026-09-29,CHI @ VGK,deceabd9bfa9fdbfb352546844ecee9b,game_pl_alt,CHI,,2.5,draftkings,-225,165,oddsapi
2026-09-29T16:05:06Z,2026-09-29,CHI @ VGK,deceabd9bfa9fdbfb352546844ecee9b,game_pl_alt,CHI,,3.5,draftkings,-600,370,oddsapi
2026-09-29T16:05:06Z,2026-09-29,CHI @ VGK,deceabd9bfa9fdbfb352546844ecee9b,game_pl_alt,VGK,,3.5,draftkings,-15000,1800,oddsapi
2026-09-29T16:05:06Z,2026-09-29,CHI @ VGK,deceabd9bfa9fdbfb352546844ecee9b,game_pl_alt,VGK,,2.5,draftkings,-1800,800,oddsapi
2026-09-29T16:05:06Z,2026-09-29,CHI @ VGK,deceabd9bfa9fdbfb352546844ecee9b,game_pl_alt,VGK,,1.5,draftkings,-725,430,oddsapi
2026-09-29T16:05:06Z,2026-09-29,CHI @ VGK,deceabd9bfa9fdbfb352546844ecee9b,game_pl_alt,VGK,,-2.5,draftkings,165,-225,oddsapi
2026-09-29T16:05:06Z,2026-09-29,CHI @ VGK,deceabd9bfa9fdbfb352546844ecee9b,game_pl_alt,VGK,,-3.5,draftkings,370,-600,oddsapi
2026-09-29T16:05:06Z,2026-09-29,CHI @ VGK,deceabd9bfa9fdbfb352546844ecee9b,team_total_alt,over,CHI,0.5,draftkings,-1600,750,oddsapi
2026-09-29T16:05:06Z,2026-09-29,CHI @ VGK,deceabd9bfa9fdbfb352546844ecee9b,team_total_alt,under,CHI,0.5,draftkings,750,-1600,oddsapi
2026-09-29T16:05:06Z,2026-09-29,CHI @ VGK,deceabd9bfa9fdbfb352546844ecee9b,team_total_alt,over,CHI,1.5,draftkings,-285,205,oddsapi
2026-09-29T16:05:06Z,2026-09-29,CHI @ VGK,deceabd9bfa9fdbfb352546844ecee9b,team_total_alt,under,CHI,1.5,draftkings,205,-285,oddsapi
2026-09-29T16:05:06Z,2026-09-29,CHI @ VGK,deceabd9bfa9fdbfb352546844ecee9b,team_total_alt,over,CHI,2.5,draftkings,100,-140,oddsapi
2026-09-29T16:05:06Z,2026-09-29,CHI @ VGK,deceabd9bfa9fdbfb352546844ecee9b,team_total_alt,under,CHI,2.5,draftkings,-140,100,oddsapi
2026-09-29T16:05:06Z,2026-09-29,CHI @ VGK,deceabd9bfa9fdbfb352546844ecee9b,team_total_alt,over,CHI,3.5,draftkings,255,-370,oddsapi
2026-09-29T16:05:06Z,2026-09-29,CHI @ VGK,deceabd9bfa9fdbfb352546844ecee9b,team_total_alt,under,CHI,3.5,draftkings,-370,255,oddsapi
2026-09-29T16:05:06Z,2026-09-29,CHI @ VGK,deceabd9bfa9fdbfb352546844ecee9b,team_total_alt,over,CHI,4.5,draftkings,625,-1200,oddsapi
2026-09-29T16:05:06Z,2026-09-29,CHI @ VGK,deceabd9bfa9fdbfb352546844ecee9b,team_total_alt,under,CHI,4.5,draftkings,-1200,625,oddsapi
2026-09-29T16:05:06Z,2026-09-29,CHI @ VGK,deceabd9bfa9fdbfb352546844ecee9b,team_total_alt,over,CHI,5.5,draftkings,1500,-9000,oddsapi
2026-09-29T16:05:06Z,2026-09-29,CHI @ VGK,deceabd9bfa9fdbfb352546844ecee9b,team_total_alt,under,CHI,5.5,draftkings,-9000,1500,oddsapi
2026-09-29T16:05:06Z,2026-09-29,CHI @ VGK,deceabd9bfa9fdbfb352546844ecee9b,team_total_alt,over,VGK,0.5,draftkings,-9000,1500,oddsapi
2026-09-29T16:05:06Z,2026-09-29,CHI @ VGK,deceabd9bfa9fdbfb352546844ecee9b,team_total_alt,under,VGK,0.5,draftkings,1500,-9000,oddsapi
2026-09-29T16:05:06Z,2026-09-29,CHI @ VGK,deceabd9bfa9fdbfb352546844ecee9b,team_total_alt,over,VGK,1.5,draftkings,-900,500,oddsapi
2026-09-29T16:05:06Z,2026-09-29,CHI @ VGK,deceabd9bfa9fdbfb352546844ecee9b,team_total_alt,under,VGK,1.5,draftkings,500,-900,oddsapi
2026-09-29T16:05:06Z,2026-09-29,CHI @ VGK,deceabd9bfa9fdbfb352546844ecee9b,team_total_alt,over,VGK,2.5,draftkings,-290,210,oddsapi
2026-09-29T16:05:06Z,2026-09-29,CHI @ VGK,deceabd9bfa9fdbfb352546844ecee9b,team_total_alt,under,VGK,2.5,draftkings,210,-290,oddsapi
2026-09-29T16:05:06Z,2026-09-29,CHI @ VGK,deceabd9bfa9fdbfb352546844ecee9b,team_total_alt,over,VGK,3.5,draftkings,-130,-110,oddsapi
2026-09-29T16:05:06Z,2026-09-29,CHI @ VGK,deceabd9bfa9fdbfb352546844ecee9b,team_total_alt,under,VGK,3.5,draftkings,-110,-130,oddsapi
2026-09-29T16:05:06Z,2026-09-29,CHI @ VGK,deceabd9bfa9fdbfb352546844ecee9b,team_total_alt,over,VGK,4.5,draftkings,185,-255,oddsapi
2026-09-29T16:05:06Z,2026-09-29,CHI @ VGK,deceabd9bfa9fdbfb352546844ecee9b,team_total_alt,under,VGK,4.5,draftkings,-255,185,oddsapi
2026-09-29T16:05:06Z,2026-09-29,CHI @ VGK,deceabd9bfa9fdbfb352546844ecee9b,team_total_alt,over,VGK,5.5,draftkings,430,-725,oddsapi
2026-09-29T16:05:06Z,2026-09-29,CHI @ VGK,deceabd9bfa9fdbfb352546844ecee9b,team_total_alt,under,VGK,5.5,draftkings,-725,430,oddsapi
2026-09-29T16:05:06Z,2026-09-29,CHI @ VGK,deceabd9bfa9fdbfb352546844ecee9b,game_total_alt,over,,3.5,draftkings,-800,460,oddsapi
2026-09-29T16:05:06Z,2026-09-29,CHI @ VGK,deceabd9bfa9fdbfb352546844ecee9b,game_total_alt,over,,4.5,draftkings,-400,270,oddsapi
2026-09-29T16:05:06Z,2026-09-29,CHI @ VGK,deceabd9bfa9fdbfb352546844ecee9b,game_total_alt,over,,6.5,draftkings,115,-155,oddsapi
2026-09-29T16:05:06Z,2026-09-29,CHI @ VGK,deceabd9bfa9fdbfb352546844ecee9b,game_total_alt,over,,7.5,draftkings,265,-385,oddsapi
2026-09-29T16:05:06Z,2026-09-29,CHI @ VGK,deceabd9bfa9fdbfb352546844ecee9b,game_total_alt,over,,8.5,draftkings,410,-675,oddsapi
2026-09-29T16:05:06Z,2026-09-29,CHI @ VGK,deceabd9bfa9fdbfb352546844ecee9b,game_total_alt,over,,9.5,draftkings,900,-2200,oddsapi
2026-09-29T16:05:06Z,2026-09-29,CHI @ VGK,deceabd9bfa9fdbfb352546844ecee9b,game_total_alt,under,,3.5,draftkings,460,-800,oddsapi
2026-09-29T16:05:06Z,2026-09-29,CHI @ VGK,deceabd9bfa9fdbfb352546844ecee9b,game_total_alt,under,,4.5,draftkings,270,-400,oddsapi
2026-09-29T16:05:06Z,2026-09-29,CHI @ VGK,deceabd9bfa9fdbfb352546844ecee9b,game_total_alt,under,,6.5,draftkings,-155,115,oddsapi
2026-09-29T16:05:06Z,2026-09-29,CHI @ VGK,deceabd9bfa9fdbfb352546844ecee9b,game_total_alt,under,,7.5,draftkings,-385,265,oddsapi
2026-09-29T16:05:06Z,2026-09-29,CHI @ VGK,deceabd9bfa9fdbfb352546844ecee9b,game_total_alt,under,,8.5,draftkings,-675,410,oddsapi
2026-09-29T16:05:06Z,2026-09-29,CHI @ VGK,deceabd9bfa9fdbfb352546844ecee9b,game_total_alt,under,,9.5,draftkings,-2200,900,oddsapi
2026-09-29T16:05:06Z,2026-09-29,CHI @ VGK,deceabd9bfa9fdbfb352546844ecee9b,game_ml3,CHI,,,draftkings,285,,oddsapi
2026-09-29T16:05:06Z,2026-09-29,CHI @ VGK,deceabd9bfa9fdbfb352546844ecee9b,game_ml3,VGK,,,draftkings,-150,,oddsapi
2026-09-29T16:05:06Z,2026-09-29,CHI @ VGK,deceabd9bfa9fdbfb352546844ecee9b,game_ml3,draw,,,draftkings,360,,oddsapi
2026-09-29T16:05:06Z,2026-09-29,CHI @ VGK,deceabd9bfa9fdbfb352546844ecee9b,p1_ml3,CHI,,,draftkings,255,,oddsapi
2026-09-29T16:05:06Z,2026-09-29,CHI @ VGK,deceabd9bfa9fdbfb352546844ecee9b,p1_ml3,VGK,,,draftkings,130,,oddsapi
2026-09-29T16:05:06Z,2026-09-29,CHI @ VGK,deceabd9bfa9fdbfb352546844ecee9b,p1_ml3,draw,,,draftkings,180,,oddsapi
2026-09-29T16:05:06Z,2026-09-29,CHI @ VGK,deceabd9bfa9fdbfb352546844ecee9b,p2_ml3,CHI,,,draftkings,270,,oddsapi
2026-09-29T16:05:06Z,2026-09-29,CHI @ VGK,deceabd9bfa9fdbfb352546844ecee9b,p2_ml3,VGK,,,draftkings,110,,oddsapi
2026-09-29T16:05:06Z,2026-09-29,CHI @ VGK,deceabd9bfa9fdbfb352546844ecee9b,p2_ml3,draw,,,draftkings,205,,oddsapi
2026-09-29T16:05:06Z,2026-09-29,CHI @ VGK,deceabd9bfa9fdbfb352546844ecee9b,p3_ml3,CHI,,,draftkings,270,,oddsapi
2026-09-29T16:05:06Z,2026-09-29,CHI @ VGK,deceabd9bfa9fdbfb352546844ecee9b,p3_ml3,VGK,,,draftkings,-110,,oddsapi
2026-09-29T16:05:06Z,2026-09-29,CHI @ VGK,deceabd9bfa9fdbfb352546844ecee9b,p3_ml3,draw,,,draftkings,250,,oddsapi
2026-09-29T16:05:06Z,2026-09-29,CHI @ VGK,deceabd9bfa9fdbfb352546844ecee9b,sk_a,over,Jack Eichel,0.5,draftkings,-115,-120,oddsapi
2026-09-29T16:05:06Z,2026-09-29,CHI @ VGK,deceabd9bfa9fdbfb352546844ecee9b,sk_a,under,Jack Eichel,0.5,draftkings,-120,-115,oddsapi
2026-09-29T16:05:06Z,2026-09-29,CHI @ VGK,deceabd9bfa9fdbfb352546844ecee9b,sk_a,over,Mitch Marner,0.5,draftkings,100,-135,oddsapi
2026-09-29T16:05:06Z,2026-09-29,CHI @ VGK,deceabd9bfa9fdbfb352546844ecee9b,sk_a,under,Mitch Marner,0.5,draftkings,-135,100,oddsapi
2026-09-29T16:05:06Z,2026-09-29,CHI @ VGK,deceabd9bfa9fdbfb352546844ecee9b,sk_a,over,Shea Theodore,0.5,draftkings,125,-165,oddsapi
2026-09-29T16:05:06Z,2026-09-29,CHI @ VGK,deceabd9bfa9fdbfb352546844ecee9b,sk_a,under,Shea Theodore,0.5,draftkings,-165,125,oddsapi
2026-09-29T16:05:06Z,2026-09-29,CHI @ VGK,deceabd9bfa9fdbfb352546844ecee9b,sk_a,over,Mark Stone,0.5,draftkings,145,-200,oddsapi
2026-09-29T16:05:06Z,2026-09-29,CHI @ VGK,deceabd9bfa9fdbfb352546844ecee9b,sk_a,under,Mark Stone,0.5,draftkings,-200,145,oddsapi
2026-09-29T16:05:06Z,2026-09-29,CHI @ VGK,deceabd9bfa9fdbfb352546844ecee9b,sk_a,over,Patrick Kane,0.5,draftkings,145,-200,oddsapi
2026-09-29T16:05:06Z,2026-09-29,CHI @ VGK,deceabd9bfa9fdbfb352546844ecee9b,sk_a,under,Patrick Kane,0.5,draftkings,-200,145,oddsapi
2026-09-29T16:05:06Z,2026-09-29,CHI @ VGK,deceabd9bfa9fdbfb352546844ecee9b,sk_a,over,Rasmus Andersson,0.5,draftkings,155,-215,oddsapi
2026-09-29T16:05:06Z,2026-09-29,CHI @ VGK,deceabd9bfa9fdbfb352546844ecee9b,sk_a,under,Rasmus Andersson,0.5,draftkings,-215,155,oddsapi
2026-09-29T16:05:06Z,2026-09-29,CHI @ VGK,deceabd9bfa9fdbfb352546844ecee9b,sk_a,over,Tomas Hertl,0.5,draftkings,155,-215,oddsapi
2026-09-29T16:05:06Z,2026-09-29,CHI @ VGK,deceabd9bfa9fdbfb352546844ecee9b,sk_a,under,Tomas Hertl,0.5,draftkings,-215,155,oddsapi
2026-09-29T16:05:06Z,2026-09-29,CHI @ VGK,deceabd9bfa9fdbfb352546844ecee9b,sk_a,over,Bowen Byram,0.5,draftkings,190,-260,oddsapi
2026-09-29T16:05:06Z,2026-09-29,CHI @ VGK,deceabd9bfa9fdbfb352546844ecee9b,sk_a,under,Bowen Byram,0.5,draftkings,-260,190,oddsapi
2026-09-29T16:05:06Z,2026-09-29,CHI @ VGK,deceabd9bfa9fdbfb352546844ecee9b,sk_a,over,Anton Frondell,0.5,draftkings,210,-295,oddsapi
2026-09-29T16:05:06Z,2026-09-29,CHI @ VGK,deceabd9bfa9fdbfb352546844ecee9b,sk_a,under,Anton Frondell,0.5,draftkings,-295,210,oddsapi
2026-09-29T16:05:06Z,2026-09-29,CHI @ VGK,deceabd9bfa9fdbfb352546844ecee9b,sk_a,over,Ivan Barbashev,0.5,draftkings,210,-290,oddsapi
2026-09-29T16:05:06Z,2026-09-29,CHI @ VGK,deceabd9bfa9fdbfb352546844ecee9b,sk_a,under,Ivan Barbashev,0.5,draftkings,-290,210,oddsapi
2026-09-29T16:05:06Z,2026-09-29,CHI @ VGK,deceabd9bfa9fdbfb352546844ecee9b,sk_a,over,Roman Kantserov,0.5,draftkings,240,-340,oddsapi
2026-09-29T16:05:06Z,2026-09-29,CHI @ VGK,deceabd9bfa9fdbfb352546844ecee9b,sk_a,under,Roman Kantserov,0.5,draftkings,-340,240,oddsapi
2026-09-29T16:05:06Z,2026-09-29,CHI @ VGK,deceabd9bfa9fdbfb352546844ecee9b,sk_a,over,Victor Olofsson,0.5,draftkings,260,-360,oddsapi
2026-09-29T16:05:06Z,2026-09-29,CHI @ VGK,deceabd9bfa9fdbfb352546844ecee9b,sk_a,under,Victor Olofsson,0.5,draftkings,-360,260,oddsapi
2026-09-29T16:05:06Z,2026-09-29,CHI @ VGK,deceabd9bfa9fdbfb352546844ecee9b,sk_a,over,Tyler Bertuzzi,0.5,draftkings,265,-370,oddsapi
2026-09-29T16:05:06Z,2026-09-29,CHI @ VGK,deceabd9bfa9fdbfb352546844ecee9b,sk_a,under,Tyler Bertuzzi,0.5,draftkings,-370,265,oddsapi
2026-09-29T16:05:06Z,2026-09-29,CHI @ VGK,deceabd9bfa9fdbfb352546844ecee9b,sk_a,over,William Karlsson,0.5,draftkings,265,-380,oddsapi
2026-09-29T16:05:06Z,2026-09-29,CHI @ VGK,deceabd9bfa9fdbfb352546844ecee9b,sk_a,under,William Karlsson,0.5,draftkings,-380,265,oddsapi
2026-09-29T16:05:06Z,2026-09-29,CHI @ VGK,deceabd9bfa9fdbfb352546844ecee9b,sk_a,over,Frank Nazar,0.5,draftkings,330,-475,oddsapi
2026-09-29T16:05:06Z,2026-09-29,CHI @ VGK,deceabd9bfa9fdbfb352546844ecee9b,sk_a,under,Frank Nazar,0.5,draftkings,-475,330,oddsapi
2026-09-29T16:05:06Z,2026-09-29,CHI @ VGK,deceabd9bfa9fdbfb352546844ecee9b,sk_a,over,Brett Howden,0.5,draftkings,400,-600,oddsapi
2026-09-29T16:05:06Z,2026-09-29,CHI @ VGK,deceabd9bfa9fdbfb352546844ecee9b,sk_a,under,Brett Howden,0.5,draftkings,-600,400,oddsapi
2026-09-29T16:05:06Z,2026-09-29,CHI @ VGK,deceabd9bfa9fdbfb352546844ecee9b,ags,yes,Mark Stone,,draftkings,160,,oddsapi
2026-09-29T16:05:06Z,2026-09-29,CHI @ VGK,deceabd9bfa9fdbfb352546844ecee9b,ags,yes,Jack Eichel,,draftkings,165,,oddsapi
2026-09-29T16:05:06Z,2026-09-29,CHI @ VGK,deceabd9bfa9fdbfb352546844ecee9b,ags,yes,Mitch Marner,,draftkings,180,,oddsapi
2026-09-29T16:05:06Z,2026-09-29,CHI @ VGK,deceabd9bfa9fdbfb352546844ecee9b,ags,yes,Ivan Barbashev,,draftkings,245,,oddsapi
2026-09-29T16:05:06Z,2026-09-29,CHI @ VGK,deceabd9bfa9fdbfb352546844ecee9b,ags,yes,Tomas Hertl,,draftkings,255,,oddsapi
2026-09-29T16:05:06Z,2026-09-29,CHI @ VGK,deceabd9bfa9fdbfb352546844ecee9b,ags,yes,Brett Howden,,draftkings,255,,oddsapi
2026-09-29T16:05:06Z,2026-09-29,CHI @ VGK,deceabd9bfa9fdbfb352546844ecee9b,ags,yes,Tyler Bertuzzi,,draftkings,295,,oddsapi
2026-09-29T16:05:06Z,2026-09-29,CHI @ VGK,deceabd9bfa9fdbfb352546844ecee9b,ags,yes,Frank Nazar,,draftkings,330,,oddsapi
2026-09-29T16:05:06Z,2026-09-29,CHI @ VGK,deceabd9bfa9fdbfb352546844ecee9b,ags,yes,William Karlsson,,draftkings,340,,oddsapi
2026-09-29T16:05:06Z,2026-09-29,CHI @ VGK,deceabd9bfa9fdbfb352546844ecee9b,ags,yes,Patrick Kane,,draftkings,340,,oddsapi
2026-09-29T16:05:06Z,2026-09-29,CHI @ VGK,deceabd9bfa9fdbfb352546844ecee9b,ags,yes,Anton Frondell,,draftkings,350,,oddsapi
2026-09-29T16:05:06Z,2026-09-29,CHI @ VGK,deceabd9bfa9fdbfb352546844ecee9b,ags,yes,Roman Kantserov,,draftkings,350,,oddsapi
2026-09-29T16:05:06Z,2026-09-29,CHI @ VGK,deceabd9bfa9fdbfb352546844ecee9b,ags,yes,Victor Olofsson,,draftkings,370,,oddsapi
2026-09-29T16:05:06Z,2026-09-29,CHI @ VGK,deceabd9bfa9fdbfb352546844ecee9b,ags,yes,Trevor Connelly,,draftkings,425,,oddsapi
2026-09-29T16:05:06Z,2026-09-29,CHI @ VGK,deceabd9bfa9fdbfb352546844ecee9b,ags,yes,Braeden Bowman,,draftkings,425,,oddsapi
2026-09-29T16:05:06Z,2026-09-29,CHI @ VGK,deceabd9bfa9fdbfb352546844ecee9b,ags,yes,Ryan Donato,,draftkings,475,,oddsapi
2026-09-29T16:05:06Z,2026-09-29,CHI @ VGK,deceabd9bfa9fdbfb352546844ecee9b,ags,yes,Shea Theodore,,draftkings,500,,oddsapi
2026-09-29T16:05:06Z,2026-09-29,CHI @ VGK,deceabd9bfa9fdbfb352546844ecee9b,ags,yes,Nick Lardis,,draftkings,500,,oddsapi
2026-09-29T16:05:06Z,2026-09-29,CHI @ VGK,deceabd9bfa9fdbfb352546844ecee9b,ags,yes,Oliver Moore,,draftkings,500,,oddsapi
2026-09-29T16:05:06Z,2026-09-29,CHI @ VGK,deceabd9bfa9fdbfb352546844ecee9b,ags,yes,Andrew Mangiapane,,draftkings,550,,oddsapi
2026-09-29T16:05:06Z,2026-09-29,CHI @ VGK,deceabd9bfa9fdbfb352546844ecee9b,ags,yes,Ryan Greene,,draftkings,650,,oddsapi
2026-09-29T16:05:06Z,2026-09-29,CHI @ VGK,deceabd9bfa9fdbfb352546844ecee9b,ags,yes,Bowen Byram,,draftkings,700,,oddsapi
2026-09-29T16:05:06Z,2026-09-29,CHI @ VGK,deceabd9bfa9fdbfb352546844ecee9b,ags,yes,Rasmus Andersson,,draftkings,700,,oddsapi
2026-09-29T16:05:06Z,2026-09-29,CHI @ VGK,deceabd9bfa9fdbfb352546844ecee9b,ags,yes,Marc Gatcomb,,draftkings,700,,oddsapi
2026-09-29T16:05:06Z,2026-09-29,CHI @ VGK,deceabd9bfa9fdbfb352546844ecee9b,ags,yes,Nic Dowd,,draftkings,700,,oddsapi
2026-09-29T16:05:06Z,2026-09-29,CHI @ VGK,deceabd9bfa9fdbfb352546844ecee9b,ags,yes,Cole Smith,,draftkings,850,,oddsapi
2026-09-29T16:05:06Z,2026-09-29,CHI @ VGK,deceabd9bfa9fdbfb352546844ecee9b,ags,yes,Jordan Greenway,,draftkings,1000,,oddsapi
2026-09-29T16:05:06Z,2026-09-29,CHI @ VGK,deceabd9bfa9fdbfb352546844ecee9b,ags,yes,Parker Wotherspoon,,draftkings,1100,,oddsapi
2026-09-29T16:05:06Z,2026-09-29,CHI @ VGK,deceabd9bfa9fdbfb352546844ecee9b,ags,yes,Sam Rinzel,,draftkings,1100,,oddsapi
2026-09-29T16:05:06Z,2026-09-29,CHI @ VGK,deceabd9bfa9fdbfb352546844ecee9b,ags,yes,Alex Vlasic,,draftkings,1200,,oddsapi
2026-09-29T16:05:06Z,2026-09-29,CHI @ VGK,deceabd9bfa9fdbfb352546844ecee9b,ags,yes,Brayden McNabb,,draftkings,1300,,oddsapi
2026-09-29T16:05:06Z,2026-09-29,CHI @ VGK,deceabd9bfa9fdbfb352546844ecee9b,ags,yes,Wyatt Kaiser,,draftkings,1400,,oddsapi
2026-09-29T16:05:06Z,2026-09-29,CHI @ VGK,deceabd9bfa9fdbfb352546844ecee9b,ags,yes,Artyom Levshunov,,draftkings,1600,,oddsapi
2026-09-29T16:05:06Z,2026-09-29,CHI @ VGK,deceabd9bfa9fdbfb352546844ecee9b,ags,yes,Noah Hanifin,,draftkings,1600,,oddsapi
2026-09-29T16:05:06Z,2026-09-29,CHI @ VGK,deceabd9bfa9fdbfb352546844ecee9b,ags,yes,Ian Cole,,draftkings,2000,,oddsapi
2026-09-29T16:05:06Z,2026-09-29,CHI @ VGK,deceabd9bfa9fdbfb352546844ecee9b,ags,yes,Jeremy Lauzon,,draftkings,2200,,oddsapi
2026-09-29T16:05:06Z,2026-09-29,CHI @ VGK,deceabd9bfa9fdbfb352546844ecee9b,fgs,yes,Mark Stone,,draftkings,950,,oddsapi
2026-09-29T16:05:06Z,2026-09-29,CHI @ VGK,deceabd9bfa9fdbfb352546844ecee9b,fgs,yes,Jack Eichel,,draftkings,1000,,oddsapi
2026-09-29T16:05:06Z,2026-09-29,CHI @ VGK,deceabd9bfa9fdbfb352546844ecee9b,fgs,yes,Mitch Marner,,draftkings,1200,,oddsapi
2026-09-29T16:05:06Z,2026-09-29,CHI @ VGK,deceabd9bfa9fdbfb352546844ecee9b,fgs,yes,Ivan Barbashev,,draftkings,1300,,oddsapi
2026-09-29T16:05:06Z,2026-09-29,CHI @ VGK,deceabd9bfa9fdbfb352546844ecee9b,fgs,yes,Tomas Hertl,,draftkings,1600,,oddsapi
2026-09-29T16:05:06Z,2026-09-29,CHI @ VGK,deceabd9bfa9fdbfb352546844ecee9b,fgs,yes,Brett Howden,,draftkings,1700,,oddsapi
2026-09-29T16:05:06Z,2026-09-29,CHI @ VGK,deceabd9bfa9fdbfb352546844ecee9b,fgs,yes,Patrick Kane,,draftkings,1800,,oddsapi
2026-09-29T16:05:06Z,2026-09-29,CHI @ VGK,deceabd9bfa9fdbfb352546844ecee9b,fgs,yes,Roman Kantserov,,draftkings,1800,,oddsapi
2026-09-29T16:05:06Z,2026-09-29,CHI @ VGK,deceabd9bfa9fdbfb352546844ecee9b,fgs,yes,Tyler Bertuzzi,,draftkings,1800,,oddsapi
2026-09-29T16:05:06Z,2026-09-29,CHI @ VGK,deceabd9bfa9fdbfb352546844ecee9b,fgs,yes,Frank Nazar,,draftkings,2000,,oddsapi
2026-09-29T16:05:06Z,2026-09-29,CHI @ VGK,deceabd9bfa9fdbfb352546844ecee9b,fgs,yes,Anton Frondell,,draftkings,2000,,oddsapi
2026-09-29T16:05:06Z,2026-09-29,CHI @ VGK,deceabd9bfa9fdbfb352546844ecee9b,fgs,yes,William Karlsson,,draftkings,2200,,oddsapi
2026-09-29T16:05:06Z,2026-09-29,CHI @ VGK,deceabd9bfa9fdbfb352546844ecee9b,fgs,yes,Victor Olofsson,,draftkings,2200,,oddsapi
2026-09-29T16:05:06Z,2026-09-29,CHI @ VGK,deceabd9bfa9fdbfb352546844ecee9b,fgs,yes,Nick Lardis,,draftkings,2500,,oddsapi
2026-09-29T16:05:06Z,2026-09-29,CHI @ VGK,deceabd9bfa9fdbfb352546844ecee9b,fgs,yes,Braeden Bowman,,draftkings,2500,,oddsapi
2026-09-29T16:05:06Z,2026-09-29,CHI @ VGK,deceabd9bfa9fdbfb352546844ecee9b,fgs,yes,Oliver Moore,,draftkings,2500,,oddsapi
2026-09-29T16:05:06Z,2026-09-29,CHI @ VGK,deceabd9bfa9fdbfb352546844ecee9b,fgs,yes,Ryan Donato,,draftkings,2800,,oddsapi
2026-09-29T16:05:06Z,2026-09-29,CHI @ VGK,deceabd9bfa9fdbfb352546844ecee9b,fgs,yes,Shea Theodore,,draftkings,2800,,oddsapi
2026-09-29T16:05:06Z,2026-09-29,CHI @ VGK,deceabd9bfa9fdbfb352546844ecee9b,fgs,yes,Trevor Connelly,,draftkings,2800,,oddsapi
2026-09-29T16:05:06Z,2026-09-29,CHI @ VGK,deceabd9bfa9fdbfb352546844ecee9b,fgs,yes,Andrew Mangiapane,,draftkings,3000,,oddsapi
2026-09-29T16:05:06Z,2026-09-29,CHI @ VGK,deceabd9bfa9fdbfb352546844ecee9b,fgs,yes,Bowen Byram,,draftkings,3500,,oddsapi
2026-09-29T16:05:06Z,2026-09-29,CHI @ VGK,deceabd9bfa9fdbfb352546844ecee9b,fgs,yes,Marc Gatcomb,,draftkings,3500,,oddsapi
2026-09-29T16:05:06Z,2026-09-29,CHI @ VGK,deceabd9bfa9fdbfb352546844ecee9b,fgs,yes,Ryan Greene,,draftkings,3500,,oddsapi
2026-09-29T16:05:06Z,2026-09-29,CHI @ VGK,deceabd9bfa9fdbfb352546844ecee9b,fgs,yes,Rasmus Andersson,,draftkings,4000,,oddsapi
2026-09-29T16:05:06Z,2026-09-29,CHI @ VGK,deceabd9bfa9fdbfb352546844ecee9b,fgs,yes,Nic Dowd,,draftkings,4000,,oddsapi
2026-09-29T16:05:06Z,2026-09-29,CHI @ VGK,deceabd9bfa9fdbfb352546844ecee9b,fgs,yes,Cole Smith,,draftkings,4500,,oddsapi
2026-09-29T16:05:06Z,2026-09-29,CHI @ VGK,deceabd9bfa9fdbfb352546844ecee9b,fgs,yes,Jordan Greenway,,draftkings,5000,,oddsapi
2026-09-29T16:05:06Z,2026-09-29,CHI @ VGK,deceabd9bfa9fdbfb352546844ecee9b,fgs,yes,Parker Wotherspoon,,draftkings,5000,,oddsapi
2026-09-29T16:05:06Z,2026-09-29,CHI @ VGK,deceabd9bfa9fdbfb352546844ecee9b,fgs,yes,Brayden McNabb,,draftkings,5500,,oddsapi
2026-09-29T16:05:06Z,2026-09-29,CHI @ VGK,deceabd9bfa9fdbfb352546844ecee9b,fgs,yes,Alex Vlasic,,draftkings,5500,,oddsapi
2026-09-29T16:05:06Z,2026-09-29,CHI @ VGK,deceabd9bfa9fdbfb352546844ecee9b,fgs,yes,Sam Rinzel,,draftkings,5500,,oddsapi
2026-09-29T16:05:06Z,2026-09-29,CHI @ VGK,deceabd9bfa9fdbfb352546844ecee9b,fgs,yes,Wyatt Kaiser,,draftkings,6500,,oddsapi
2026-09-29T16:05:06Z,2026-09-29,CHI @ VGK,deceabd9bfa9fdbfb352546844ecee9b,fgs,yes,Noah Hanifin,,draftkings,7000,,oddsapi
2026-09-29T16:05:06Z,2026-09-29,CHI @ VGK,deceabd9bfa9fdbfb352546844ecee9b,fgs,yes,Artyom Levshunov,,draftkings,7000,,oddsapi
2026-09-29T16:05:06Z,2026-09-29,CHI @ VGK,deceabd9bfa9fdbfb352546844ecee9b,fgs,yes,Ian Cole,,draftkings,8000,,oddsapi
2026-09-29T16:05:06Z,2026-09-29,CHI @ VGK,deceabd9bfa9fdbfb352546844ecee9b,fgs,yes,Jeremy Lauzon,,draftkings,9000,,oddsapi
2026-09-29T16:05:06Z,2026-09-29,CHI @ VGK,deceabd9bfa9fdbfb352546844ecee9b,lgs,yes,Jack Eichel,,draftkings,900,,oddsapi
2026-09-29T16:05:06Z,2026-09-29,CHI @ VGK,deceabd9bfa9fdbfb352546844ecee9b,lgs,yes,Mark Stone,,draftkings,950,,oddsapi
2026-09-29T16:05:06Z,2026-09-29,CHI @ VGK,deceabd9bfa9fdbfb352546844ecee9b,lgs,yes,Mitch Marner,,draftkings,1000,,oddsapi
2026-09-29T16:05:06Z,2026-09-29,CHI @ VGK,deceabd9bfa9fdbfb352546844ecee9b,lgs,yes,Brett Howden,,draftkings,1100,,oddsapi
2026-09-29T16:05:06Z,2026-09-29,CHI @ VGK,deceabd9bfa9fdbfb352546844ecee9b,lgs,yes,Ivan Barbashev,,draftkings,1200,,oddsapi
2026-09-29T16:05:06Z,2026-09-29,CHI @ VGK,deceabd9bfa9fdbfb352546844ecee9b,lgs,yes,Tomas Hertl,,draftkings,1300,,oddsapi
2026-09-29T16:05:06Z,2026-09-29,CHI @ VGK,deceabd9bfa9fdbfb352546844ecee9b,lgs,yes,William Karlsson,,draftkings,1400,,oddsapi
2026-09-29T16:05:06Z,2026-09-29,CHI @ VGK,deceabd9bfa9fdbfb352546844ecee9b,lgs,yes,Frank Nazar,,draftkings,1600,,oddsapi
2026-09-29T16:05:06Z,2026-09-29,CHI @ VGK,deceabd9bfa9fdbfb352546844ecee9b,lgs,yes,Tyler Bertuzzi,,draftkings,1700,,oddsapi
2026-09-29T16:05:06Z,2026-09-29,CHI @ VGK,deceabd9bfa9fdbfb352546844ecee9b,lgs,yes,Trevor Connelly,,draftkings,1700,,oddsapi
2026-09-29T16:05:06Z,2026-09-29,CHI @ VGK,deceabd9bfa9fdbfb352546844ecee9b,lgs,yes,Braeden Bowman,,draftkings,1700,,oddsapi
2026-09-29T16:05:06Z,2026-09-29,CHI @ VGK,deceabd9bfa9fdbfb352546844ecee9b,lgs,yes,Roman Kantserov,,draftkings,1800,,oddsapi
2026-09-29T16:05:06Z,2026-09-29,CHI @ VGK,deceabd9bfa9fdbfb352546844ecee9b,lgs,yes,Victor Olofsson,,draftkings,1800,,oddsapi
2026-09-29T16:05:06Z,2026-09-29,CHI @ VGK,deceabd9bfa9fdbfb352546844ecee9b,lgs,yes,Patrick Kane,,draftkings,1900,,oddsapi
2026-09-29T16:05:06Z,2026-09-29,CHI @ VGK,deceabd9bfa9fdbfb352546844ecee9b,lgs,yes,Anton Frondell,,draftkings,1900,,oddsapi
2026-09-29T16:05:06Z,2026-09-29,CHI @ VGK,deceabd9bfa9fdbfb352546844ecee9b,lgs,yes,Shea Theodore,,draftkings,2000,,oddsapi
2026-09-29T16:05:06Z,2026-09-29,CHI @ VGK,deceabd9bfa9fdbfb352546844ecee9b,lgs,yes,Ryan Donato,,draftkings,2200,,oddsapi
2026-09-29T16:05:06Z,2026-09-29,CHI @ VGK,deceabd9bfa9fdbfb352546844ecee9b,lgs,yes,Oliver Moore,,draftkings,2200,,oddsapi
2026-09-29T16:05:06Z,2026-09-29,CHI @ VGK,deceabd9bfa9fdbfb352546844ecee9b,lgs,yes,Nick Lardis,,draftkings,2500,,oddsapi
2026-09-29T16:05:06Z,2026-09-29,CHI @ VGK,deceabd9bfa9fdbfb352546844ecee9b,lgs,yes,Andrew Mangiapane,,draftkings,2500,,oddsapi
2026-09-29T16:05:06Z,2026-09-29,CHI @ VGK,deceabd9bfa9fdbfb352546844ecee9b,lgs,yes,Ryan Greene,,draftkings,2500,,oddsapi
2026-09-29T16:05:06Z,2026-09-29,CHI @ VGK,deceabd9bfa9fdbfb352546844ecee9b,lgs,yes,Nic Dowd,,draftkings,2500,,oddsapi
2026-09-29T16:05:06Z,2026-09-29,CHI @ VGK,deceabd9bfa9fdbfb352546844ecee9b,lgs,yes,Marc Gatcomb,,draftkings,2500,,oddsapi
2026-09-29T16:05:06Z,2026-09-29,CHI @ VGK,deceabd9bfa9fdbfb352546844ecee9b,lgs,yes,Rasmus Andersson,,draftkings,2800,,oddsapi
2026-09-29T16:05:06Z,2026-09-29,CHI @ VGK,deceabd9bfa9fdbfb352546844ecee9b,lgs,yes,Bowen Byram,,draftkings,3000,,oddsapi
2026-09-29T16:05:06Z,2026-09-29,CHI @ VGK,deceabd9bfa9fdbfb352546844ecee9b,lgs,yes,Parker Wotherspoon,,draftkings,3000,,oddsapi
2026-09-29T16:05:06Z,2026-09-29,CHI @ VGK,deceabd9bfa9fdbfb352546844ecee9b,lgs,yes,Jordan Greenway,,draftkings,3500,,oddsapi
2026-09-29T16:05:06Z,2026-09-29,CHI @ VGK,deceabd9bfa9fdbfb352546844ecee9b,lgs,yes,Cole Smith,,draftkings,3500,,oddsapi
2026-09-29T16:05:06Z,2026-09-29,CHI @ VGK,deceabd9bfa9fdbfb352546844ecee9b,lgs,yes,Alex Vlasic,,draftkings,4000,,oddsapi
2026-09-29T16:05:06Z,2026-09-29,CHI @ VGK,deceabd9bfa9fdbfb352546844ecee9b,lgs,yes,Sam Rinzel,,draftkings,4000,,oddsapi
2026-09-29T16:05:06Z,2026-09-29,CHI @ VGK,deceabd9bfa9fdbfb352546844ecee9b,lgs,yes,Brayden McNabb,,draftkings,4000,,oddsapi
2026-09-29T16:05:06Z,2026-09-29,CHI @ VGK,deceabd9bfa9fdbfb352546844ecee9b,lgs,yes,Wyatt Kaiser,,draftkings,4500,,oddsapi
2026-09-29T16:05:06Z,2026-09-29,CHI @ VGK,deceabd9bfa9fdbfb352546844ecee9b,lgs,yes,Artyom Levshunov,,draftkings,4500,,oddsapi
2026-09-29T16:05:06Z,2026-09-29,CHI @ VGK,deceabd9bfa9fdbfb352546844ecee9b,lgs,yes,Noah Hanifin,,draftkings,4500,,oddsapi
2026-09-29T16:05:06Z,2026-09-29,CHI @ VGK,deceabd9bfa9fdbfb352546844ecee9b,lgs,yes,Ian Cole,,draftkings,6000,,oddsapi
2026-09-29T16:05:06Z,2026-09-29,CHI @ VGK,deceabd9bfa9fdbfb352546844ecee9b,lgs,yes,Jeremy Lauzon,,draftkings,7000,,oddsapi
2026-09-29T16:05:06Z,2026-09-29,CHI @ VGK,deceabd9bfa9fdbfb352546844ecee9b,sk_pts,over,Jack Eichel,0.5,draftkings,-230,170,oddsapi
2026-09-29T16:05:06Z,2026-09-29,CHI @ VGK,deceabd9bfa9fdbfb352546844ecee9b,sk_pts,under,Jack Eichel,0.5,draftkings,170,-230,oddsapi
2026-09-29T16:05:06Z,2026-09-29,CHI @ VGK,deceabd9bfa9fdbfb352546844ecee9b,sk_pts,over,Mitch Marner,0.5,draftkings,-205,150,oddsapi
2026-09-29T16:05:06Z,2026-09-29,CHI @ VGK,deceabd9bfa9fdbfb352546844ecee9b,sk_pts,under,Mitch Marner,0.5,draftkings,150,-205,oddsapi
2026-09-29T16:05:06Z,2026-09-29,CHI @ VGK,deceabd9bfa9fdbfb352546844ecee9b,sk_pts,over,Mark Stone,0.5,draftkings,-170,125,oddsapi
2026-09-29T16:05:06Z,2026-09-29,CHI @ VGK,deceabd9bfa9fdbfb352546844ecee9b,sk_pts,under,Mark Stone,0.5,draftkings,125,-170,oddsapi
2026-09-29T16:05:06Z,2026-09-29,CHI @ VGK,deceabd9bfa9fdbfb352546844ecee9b,sk_pts,over,Tomas Hertl,0.5,draftkings,-125,-110,oddsapi
2026-09-29T16:05:06Z,2026-09-29,CHI @ VGK,deceabd9bfa9fdbfb352546844ecee9b,sk_pts,under,Tomas Hertl,0.5,draftkings,-110,-125,oddsapi
2026-09-29T16:05:06Z,2026-09-29,CHI @ VGK,deceabd9bfa9fdbfb352546844ecee9b,sk_pts,over,Patrick Kane,0.5,draftkings,-115,-115,oddsapi
2026-09-29T16:05:06Z,2026-09-29,CHI @ VGK,deceabd9bfa9fdbfb352546844ecee9b,sk_pts,under,Patrick Kane,0.5,draftkings,-115,-115,oddsapi
2026-09-29T16:05:06Z,2026-09-29,CHI @ VGK,deceabd9bfa9fdbfb352546844ecee9b,sk_pts,over,Shea Theodore,0.5,draftkings,-110,-125,oddsapi
2026-09-29T16:05:06Z,2026-09-29,CHI @ VGK,deceabd9bfa9fdbfb352546844ecee9b,sk_pts,under,Shea Theodore,0.5,draftkings,-125,-110,oddsapi
2026-09-29T16:05:06Z,2026-09-29,CHI @ VGK,deceabd9bfa9fdbfb352546844ecee9b,sk_pts,over,Ivan Barbashev,0.5,draftkings,-105,-130,oddsapi
2026-09-29T16:05:06Z,2026-09-29,CHI @ VGK,deceabd9bfa9fdbfb352546844ecee9b,sk_pts,under,Ivan Barbashev,0.5,draftkings,-130,-105,oddsapi
2026-09-29T16:05:06Z,2026-09-29,CHI @ VGK,deceabd9bfa9fdbfb352546844ecee9b,sk_pts,over,Anton Frondell,0.5,draftkings,115,-160,oddsapi
2026-09-29T16:05:06Z,2026-09-29,CHI @ VGK,deceabd9bfa9fdbfb352546844ecee9b,sk_pts,under,Anton Frondell,0.5,draftkings,-160,115,oddsapi
2026-09-29T16:05:06Z,2026-09-29,CHI @ VGK,deceabd9bfa9fdbfb352546844ecee9b,sk_pts,over,Rasmus Andersson,0.5,draftkings,120,-160,oddsapi
2026-09-29T16:05:06Z,2026-09-29,CHI @ VGK,deceabd9bfa9fdbfb352546844ecee9b,sk_pts,under,Rasmus Andersson,0.5,draftkings,-160,120,oddsapi
2026-09-29T16:05:06Z,2026-09-29,CHI @ VGK,deceabd9bfa9fdbfb352546844ecee9b,sk_pts,over,Tyler Bertuzzi,0.5,draftkings,120,-165,oddsapi
2026-09-29T16:05:06Z,2026-09-29,CHI @ VGK,deceabd9bfa9fdbfb352546844ecee9b,sk_pts,under,Tyler Bertuzzi,0.5,draftkings,-165,120,oddsapi
2026-09-29T16:05:06Z,2026-09-29,CHI @ VGK,deceabd9bfa9fdbfb352546844ecee9b,sk_pts,over,Roman Kantserov,0.5,draftkings,125,-170,oddsapi
2026-09-29T16:05:06Z,2026-09-29,CHI @ VGK,deceabd9bfa9fdbfb352546844ecee9b,sk_pts,under,Roman Kantserov,0.5,draftkings,-170,125,oddsapi
2026-09-29T16:05:06Z,2026-09-29,CHI @ VGK,deceabd9bfa9fdbfb352546844ecee9b,sk_pts,over,William Karlsson,0.5,draftkings,130,-175,oddsapi
2026-09-29T16:05:06Z,2026-09-29,CHI @ VGK,deceabd9bfa9fdbfb352546844ecee9b,sk_pts,under,William Karlsson,0.5,draftkings,-175,130,oddsapi
2026-09-29T16:05:06Z,2026-09-29,CHI @ VGK,deceabd9bfa9fdbfb352546844ecee9b,sk_pts,over,Victor Olofsson,0.5,draftkings,135,-185,oddsapi
2026-09-29T16:05:06Z,2026-09-29,CHI @ VGK,deceabd9bfa9fdbfb352546844ecee9b,sk_pts,under,Victor Olofsson,0.5,draftkings,-185,135,oddsapi
2026-09-29T16:05:06Z,2026-09-29,CHI @ VGK,deceabd9bfa9fdbfb352546844ecee9b,sk_pts,over,Bowen Byram,0.5,draftkings,140,-190,oddsapi
2026-09-29T16:05:06Z,2026-09-29,CHI @ VGK,deceabd9bfa9fdbfb352546844ecee9b,sk_pts,under,Bowen Byram,0.5,draftkings,-190,140,oddsapi
2026-09-29T16:05:06Z,2026-09-29,CHI @ VGK,deceabd9bfa9fdbfb352546844ecee9b,sk_pts,over,Brett Howden,0.5,draftkings,145,-195,oddsapi
2026-09-29T16:05:06Z,2026-09-29,CHI @ VGK,deceabd9bfa9fdbfb352546844ecee9b,sk_pts,under,Brett Howden,0.5,draftkings,-195,145,oddsapi
2026-09-29T16:05:06Z,2026-09-29,CHI @ VGK,deceabd9bfa9fdbfb352546844ecee9b,sk_pts,over,Frank Nazar,0.5,draftkings,150,-205,oddsapi
2026-09-29T16:05:06Z,2026-09-29,CHI @ VGK,deceabd9bfa9fdbfb352546844ecee9b,sk_pts,under,Frank Nazar,0.5,draftkings,-205,150,oddsapi
2026-09-29T16:05:06Z,2026-09-29,CHI @ VGK,deceabd9bfa9fdbfb352546844ecee9b,sk_sog,over,Jack Eichel,3.5,draftkings,120,-165,oddsapi
2026-09-29T16:05:06Z,2026-09-29,CHI @ VGK,deceabd9bfa9fdbfb352546844ecee9b,sk_sog,under,Jack Eichel,3.5,draftkings,-165,120,oddsapi
2026-09-29T16:05:06Z,2026-09-29,CHI @ VGK,deceabd9bfa9fdbfb352546844ecee9b,sk_sog,over,Anton Frondell,2.5,draftkings,125,-170,oddsapi
2026-09-29T16:05:06Z,2026-09-29,CHI @ VGK,deceabd9bfa9fdbfb352546844ecee9b,sk_sog,under,Anton Frondell,2.5,draftkings,-170,125,oddsapi
2026-09-29T16:05:06Z,2026-09-29,CHI @ VGK,deceabd9bfa9fdbfb352546844ecee9b,sk_sog,over,Mitch Marner,2.5,draftkings,130,-175,oddsapi
2026-09-29T16:05:06Z,2026-09-29,CHI @ VGK,deceabd9bfa9fdbfb352546844ecee9b,sk_sog,under,Mitch Marner,2.5,draftkings,-175,130,oddsapi
2026-09-29T16:05:06Z,2026-09-29,CHI @ VGK,deceabd9bfa9fdbfb352546844ecee9b,sk_sog,over,Patrick Kane,1.5,draftkings,-190,140,oddsapi
2026-09-29T16:05:06Z,2026-09-29,CHI @ VGK,deceabd9bfa9fdbfb352546844ecee9b,sk_sog,under,Patrick Kane,1.5,draftkings,140,-190,oddsapi
2026-09-29T16:05:06Z,2026-09-29,CHI @ VGK,deceabd9bfa9fdbfb352546844ecee9b,sk_sog,over,Tomas Hertl,1.5,draftkings,-190,140,oddsapi
2026-09-29T16:05:06Z,2026-09-29,CHI @ VGK,deceabd9bfa9fdbfb352546844ecee9b,sk_sog,under,Tomas Hertl,1.5,draftkings,140,-190,oddsapi
2026-09-29T16:05:06Z,2026-09-29,CHI @ VGK,deceabd9bfa9fdbfb352546844ecee9b,sk_sog,over,Roman Kantserov,1.5,draftkings,-175,130,oddsapi
2026-09-29T16:05:06Z,2026-09-29,CHI @ VGK,deceabd9bfa9fdbfb352546844ecee9b,sk_sog,under,Roman Kantserov,1.5,draftkings,130,-175,oddsapi
2026-09-29T16:05:06Z,2026-09-29,CHI @ VGK,deceabd9bfa9fdbfb352546844ecee9b,sk_sog,over,Mark Stone,1.5,draftkings,-170,125,oddsapi
2026-09-29T16:05:06Z,2026-09-29,CHI @ VGK,deceabd9bfa9fdbfb352546844ecee9b,sk_sog,under,Mark Stone,1.5,draftkings,125,-170,oddsapi
2026-09-29T16:05:06Z,2026-09-29,CHI @ VGK,deceabd9bfa9fdbfb352546844ecee9b,sk_sog,over,Shea Theodore,1.5,draftkings,-160,115,oddsapi
2026-09-29T16:05:06Z,2026-09-29,CHI @ VGK,deceabd9bfa9fdbfb352546844ecee9b,sk_sog,under,Shea Theodore,1.5,draftkings,115,-160,oddsapi
2026-09-29T16:05:06Z,2026-09-29,CHI @ VGK,deceabd9bfa9fdbfb352546844ecee9b,sk_sog,over,William Karlsson,1.5,draftkings,-140,105,oddsapi
2026-09-29T16:05:06Z,2026-09-29,CHI @ VGK,deceabd9bfa9fdbfb352546844ecee9b,sk_sog,under,William Karlsson,1.5,draftkings,105,-140,oddsapi
2026-09-29T16:05:06Z,2026-09-29,CHI @ VGK,deceabd9bfa9fdbfb352546844ecee9b,sk_sog,over,Rasmus Andersson,1.5,draftkings,-130,-105,oddsapi
2026-09-29T16:05:06Z,2026-09-29,CHI @ VGK,deceabd9bfa9fdbfb352546844ecee9b,sk_sog,under,Rasmus Andersson,1.5,draftkings,-105,-130,oddsapi
2026-09-29T16:05:06Z,2026-09-29,CHI @ VGK,deceabd9bfa9fdbfb352546844ecee9b,sk_sog,over,Frank Nazar,1.5,draftkings,-115,-120,oddsapi
2026-09-29T16:05:06Z,2026-09-29,CHI @ VGK,deceabd9bfa9fdbfb352546844ecee9b,sk_sog,under,Frank Nazar,1.5,draftkings,-120,-115,oddsapi
2026-09-29T16:05:06Z,2026-09-29,CHI @ VGK,deceabd9bfa9fdbfb352546844ecee9b,sk_sog,over,Victor Olofsson,1.5,draftkings,-110,-120,oddsapi
2026-09-29T16:05:06Z,2026-09-29,CHI @ VGK,deceabd9bfa9fdbfb352546844ecee9b,sk_sog,under,Victor Olofsson,1.5,draftkings,-120,-110,oddsapi
2026-09-29T16:05:06Z,2026-09-29,CHI @ VGK,deceabd9bfa9fdbfb352546844ecee9b,sk_sog,over,Tyler Bertuzzi,1.5,draftkings,-105,-125,oddsapi
2026-09-29T16:05:06Z,2026-09-29,CHI @ VGK,deceabd9bfa9fdbfb352546844ecee9b,sk_sog,under,Tyler Bertuzzi,1.5,draftkings,-125,-105,oddsapi
2026-09-29T16:05:06Z,2026-09-29,CHI @ VGK,deceabd9bfa9fdbfb352546844ecee9b,sk_sog,over,Bowen Byram,1.5,draftkings,100,-135,oddsapi
2026-09-29T16:05:06Z,2026-09-29,CHI @ VGK,deceabd9bfa9fdbfb352546844ecee9b,sk_sog,under,Bowen Byram,1.5,draftkings,-135,100,oddsapi
2026-09-29T16:05:06Z,2026-09-29,CHI @ VGK,deceabd9bfa9fdbfb352546844ecee9b,sk_sog,over,Ivan Barbashev,1.5,draftkings,100,-140,oddsapi
2026-09-29T16:05:06Z,2026-09-29,CHI @ VGK,deceabd9bfa9fdbfb352546844ecee9b,sk_sog,under,Ivan Barbashev,1.5,draftkings,-140,100,oddsapi
2026-09-29T16:05:06Z,2026-09-29,CHI @ VGK,deceabd9bfa9fdbfb352546844ecee9b,sk_sog,over,Sam Rinzel,1.5,draftkings,115,-160,oddsapi
2026-09-29T16:05:06Z,2026-09-29,CHI @ VGK,deceabd9bfa9fdbfb352546844ecee9b,sk_sog,under,Sam Rinzel,1.5,draftkings,-160,115,oddsapi
2026-09-29T16:05:06Z,2026-09-29,CHI @ VGK,deceabd9bfa9fdbfb352546844ecee9b,g_saves,over,Spencer Knight,25.5,draftkings,-105,-130,oddsapi
2026-09-29T16:05:06Z,2026-09-29,CHI @ VGK,deceabd9bfa9fdbfb352546844ecee9b,g_saves,under,Spencer Knight,25.5,draftkings,-130,-105,oddsapi
2026-09-29T16:05:06Z,2026-09-29,CHI @ VGK,deceabd9bfa9fdbfb352546844ecee9b,g_saves,over,Carter Hart,20.5,draftkings,-110,-120,oddsapi
2026-09-29T16:05:06Z,2026-09-29,CHI @ VGK,deceabd9bfa9fdbfb352546844ecee9b,g_saves,under,Carter Hart,20.5,draftkings,-120,-110,oddsapi
2026-09-29T16:05:06Z,2026-09-29,CHI @ VGK,deceabd9bfa9fdbfb352546844ecee9b,p1_pl,CHI,,0.5,draftkings,-166,130,oddsapi
2026-09-29T16:05:06Z,2026-09-29,CHI @ VGK,deceabd9bfa9fdbfb352546844ecee9b,p1_pl,VGK,,-0.5,draftkings,130,-166,oddsapi
2026-09-29T16:05:06Z,2026-09-29,CHI @ VGK,deceabd9bfa9fdbfb352546844ecee9b,p2_pl,CHI,,0.5,draftkings,-140,110,oddsapi
2026-09-29T16:05:06Z,2026-09-29,CHI @ VGK,deceabd9bfa9fdbfb352546844ecee9b,p2_pl,VGK,,-0.5,draftkings,110,-140,oddsapi
2026-09-29T16:05:06Z,2026-09-29,CHI @ VGK,deceabd9bfa9fdbfb352546844ecee9b,p3_pl,CHI,,0.5,draftkings,-120,-110,oddsapi
2026-09-29T16:05:06Z,2026-09-29,CHI @ VGK,deceabd9bfa9fdbfb352546844ecee9b,p3_pl,VGK,,-0.5,draftkings,-110,-120,oddsapi
2026-09-29T16:05:06Z,2026-09-29,CHI @ VGK,deceabd9bfa9fdbfb352546844ecee9b,p1_team_total,over,CHI,0.5,draftkings,-130,-110,oddsapi
2026-09-29T16:05:06Z,2026-09-29,CHI @ VGK,deceabd9bfa9fdbfb352546844ecee9b,p1_team_total,under,CHI,0.5,draftkings,-110,-130,oddsapi
2026-09-29T16:05:06Z,2026-09-29,CHI @ VGK,deceabd9bfa9fdbfb352546844ecee9b,p1_team_total,over,VGK,0.5,draftkings,-200,150,oddsapi
2026-09-29T16:05:06Z,2026-09-29,CHI @ VGK,deceabd9bfa9fdbfb352546844ecee9b,p1_team_total,under,VGK,0.5,draftkings,150,-200,oddsapi
2026-09-29T16:05:06Z,2026-09-29,CHI @ VGK,deceabd9bfa9fdbfb352546844ecee9b,p1_total,over,,1.5,draftkings,-125,-105,oddsapi
2026-09-29T16:05:06Z,2026-09-29,CHI @ VGK,deceabd9bfa9fdbfb352546844ecee9b,p1_total,under,,1.5,draftkings,-105,-125,oddsapi
2026-09-29T16:05:06Z,2026-09-29,CHI @ VGK,deceabd9bfa9fdbfb352546844ecee9b,p2_total,over,,1.5,draftkings,-166,130,oddsapi
2026-09-29T16:05:06Z,2026-09-29,CHI @ VGK,deceabd9bfa9fdbfb352546844ecee9b,p2_total,under,,1.5,draftkings,130,-166,oddsapi
2026-09-29T16:05:06Z,2026-09-29,CHI @ VGK,deceabd9bfa9fdbfb352546844ecee9b,p3_total,over,,2.5,draftkings,145,-188,oddsapi
2026-09-29T16:05:06Z,2026-09-29,CHI @ VGK,deceabd9bfa9fdbfb352546844ecee9b,p3_total,under,,2.5,draftkings,-188,145,oddsapi
2026-09-29T16:05:06Z,2026-09-29,CHI @ VGK,deceabd9bfa9fdbfb352546844ecee9b,game_ml3,CHI,,,williamhill_us,245,,oddsapi
2026-09-29T16:05:06Z,2026-09-29,CHI @ VGK,deceabd9bfa9fdbfb352546844ecee9b,game_ml3,VGK,,,williamhill_us,-157,,oddsapi
2026-09-29T16:05:06Z,2026-09-29,CHI @ VGK,deceabd9bfa9fdbfb352546844ecee9b,game_ml3,draw,,,williamhill_us,305,,oddsapi
2026-09-29T16:05:06Z,2026-09-29,CHI @ VGK,deceabd9bfa9fdbfb352546844ecee9b,p1_ml3,CHI,,,williamhill_us,270,,oddsapi
2026-09-29T16:05:06Z,2026-09-29,CHI @ VGK,deceabd9bfa9fdbfb352546844ecee9b,p1_ml3,VGK,,,williamhill_us,114,,oddsapi
2026-09-29T16:05:06Z,2026-09-29,CHI @ VGK,deceabd9bfa9fdbfb352546844ecee9b,p1_ml3,draw,,,williamhill_us,154,,oddsapi
2026-09-29T16:05:06Z,2026-09-29,CHI @ VGK,deceabd9bfa9fdbfb352546844ecee9b,ags,yes,Jack Eichel,,williamhill_us,157,,oddsapi
2026-09-29T16:05:06Z,2026-09-29,CHI @ VGK,deceabd9bfa9fdbfb352546844ecee9b,ags,yes,Mark Stone,,williamhill_us,159,,oddsapi
2026-09-29T16:05:06Z,2026-09-29,CHI @ VGK,deceabd9bfa9fdbfb352546844ecee9b,ags,yes,Mitch Marner,,williamhill_us,168,,oddsapi
2026-09-29T16:05:06Z,2026-09-29,CHI @ VGK,deceabd9bfa9fdbfb352546844ecee9b,ags,yes,Tomas Hertl,,williamhill_us,230,,oddsapi
2026-09-29T16:05:06Z,2026-09-29,CHI @ VGK,deceabd9bfa9fdbfb352546844ecee9b,ags,yes,Brett Howden,,williamhill_us,235,,oddsapi
2026-09-29T16:05:06Z,2026-09-29,CHI @ VGK,deceabd9bfa9fdbfb352546844ecee9b,ags,yes,Ivan Barbashev,,williamhill_us,250,,oddsapi
2026-09-29T16:05:06Z,2026-09-29,CHI @ VGK,deceabd9bfa9fdbfb352546844ecee9b,ags,yes,Tyler Bertuzzi,,williamhill_us,260,,oddsapi
2026-09-29T16:05:06Z,2026-09-29,CHI @ VGK,deceabd9bfa9fdbfb352546844ecee9b,ags,yes,Patrick Kane,,williamhill_us,305,,oddsapi
2026-09-29T16:05:06Z,2026-09-29,CHI @ VGK,deceabd9bfa9fdbfb352546844ecee9b,ags,yes,Frank Nazar,,williamhill_us,320,,oddsapi
2026-09-29T16:05:06Z,2026-09-29,CHI @ VGK,deceabd9bfa9fdbfb352546844ecee9b,ags,yes,Anton Frondell,,williamhill_us,325,,oddsapi
2026-09-29T16:05:06Z,2026-09-29,CHI @ VGK,deceabd9bfa9fdbfb352546844ecee9b,ags,yes,William Karlsson,,williamhill_us,330,,oddsapi
2026-09-29T16:05:06Z,2026-09-29,CHI @ VGK,deceabd9bfa9fdbfb352546844ecee9b,ags,yes,Roman Kantserov,,williamhill_us,340,,oddsapi
2026-09-29T16:05:06Z,2026-09-29,CHI @ VGK,deceabd9bfa9fdbfb352546844ecee9b,ags,yes,Victor Olofsson,,williamhill_us,350,,oddsapi
2026-09-29T16:05:06Z,2026-09-29,CHI @ VGK,deceabd9bfa9fdbfb352546844ecee9b,ags,yes,Ryan Donato,,williamhill_us,400,,oddsapi
2026-09-29T16:05:06Z,2026-09-29,CHI @ VGK,deceabd9bfa9fdbfb352546844ecee9b,ags,yes,Shea Theodore,,williamhill_us,425,,oddsapi
2026-09-29T16:05:06Z,2026-09-29,CHI @ VGK,deceabd9bfa9fdbfb352546844ecee9b,ags,yes,Braeden Bowman,,williamhill_us,425,,oddsapi
2026-09-29T16:05:06Z,2026-09-29,CHI @ VGK,deceabd9bfa9fdbfb352546844ecee9b,ags,yes,Nick Lardis,,williamhill_us,450,,oddsapi
2026-09-29T16:05:06Z,2026-09-29,CHI @ VGK,deceabd9bfa9fdbfb352546844ecee9b,ags,yes,Trevor Connelly,,williamhill_us,450,,oddsapi
2026-09-29T16:05:06Z,2026-09-29,CHI @ VGK,deceabd9bfa9fdbfb352546844ecee9b,ags,yes,Oliver Moore,,williamhill_us,550,,oddsapi
2026-09-29T16:05:06Z,2026-09-29,CHI @ VGK,deceabd9bfa9fdbfb352546844ecee9b,ags,yes,Ryan Greene,,williamhill_us,600,,oddsapi
2026-09-29T16:05:06Z,2026-09-29,CHI @ VGK,deceabd9bfa9fdbfb352546844ecee9b,ags,yes,Andrew Mangiapane,,williamhill_us,600,,oddsapi
2026-09-29T16:05:06Z,2026-09-29,CHI @ VGK,deceabd9bfa9fdbfb352546844ecee9b,ags,yes,Rasmus Andersson,,williamhill_us,600,,oddsapi
2026-09-29T16:05:06Z,2026-09-29,CHI @ VGK,deceabd9bfa9fdbfb352546844ecee9b,ags,yes,Marc Gatcomb,,williamhill_us,650,,oddsapi
2026-09-29T16:05:06Z,2026-09-29,CHI @ VGK,deceabd9bfa9fdbfb352546844ecee9b,ags,yes,Nic Dowd,,williamhill_us,675,,oddsapi
2026-09-29T16:05:06Z,2026-09-29,CHI @ VGK,deceabd9bfa9fdbfb352546844ecee9b,ags,yes,Bowen Byram,,williamhill_us,675,,oddsapi
2026-09-29T16:05:06Z,2026-09-29,CHI @ VGK,deceabd9bfa9fdbfb352546844ecee9b,ags,yes,Cole Smith,,williamhill_us,800,,oddsapi
2026-09-29T16:05:06Z,2026-09-29,CHI @ VGK,deceabd9bfa9fdbfb352546844ecee9b,ags,yes,Jordan Greenway,,williamhill_us,950,,oddsapi
2026-09-29T16:05:06Z,2026-09-29,CHI @ VGK,deceabd9bfa9fdbfb352546844ecee9b,ags,yes,Sam Rinzel,,williamhill_us,1100,,oddsapi
2026-09-29T16:05:06Z,2026-09-29,CHI @ VGK,deceabd9bfa9fdbfb352546844ecee9b,ags,yes,Brayden McNabb,,williamhill_us,1200,,oddsapi
2026-09-29T16:05:06Z,2026-09-29,CHI @ VGK,deceabd9bfa9fdbfb352546844ecee9b,ags,yes,Alex Vlasic,,williamhill_us,1300,,oddsapi
2026-09-29T16:05:06Z,2026-09-29,CHI @ VGK,deceabd9bfa9fdbfb352546844ecee9b,ags,yes,Parker Wotherspoon,,williamhill_us,1300,,oddsapi
2026-09-29T16:05:06Z,2026-09-29,CHI @ VGK,deceabd9bfa9fdbfb352546844ecee9b,ags,yes,Wyatt Kaiser,,williamhill_us,1300,,oddsapi
2026-09-29T16:05:06Z,2026-09-29,CHI @ VGK,deceabd9bfa9fdbfb352546844ecee9b,ags,yes,Noah Hanifin,,williamhill_us,1400,,oddsapi
2026-09-29T16:05:06Z,2026-09-29,CHI @ VGK,deceabd9bfa9fdbfb352546844ecee9b,ags,yes,Artyom Levshunov,,williamhill_us,1400,,oddsapi
2026-09-29T16:05:06Z,2026-09-29,CHI @ VGK,deceabd9bfa9fdbfb352546844ecee9b,ags,yes,Jeremy Lauzon,,williamhill_us,2000,,oddsapi
2026-09-29T16:05:06Z,2026-09-29,CHI @ VGK,deceabd9bfa9fdbfb352546844ecee9b,ags,yes,Ian Cole,,williamhill_us,2100,,oddsapi
2026-09-29T16:05:06Z,2026-09-29,CHI @ VGK,deceabd9bfa9fdbfb352546844ecee9b,fgs,yes,Mark Stone,,williamhill_us,1000,,oddsapi
2026-09-29T16:05:06Z,2026-09-29,CHI @ VGK,deceabd9bfa9fdbfb352546844ecee9b,fgs,yes,Mitch Marner,,williamhill_us,1000,,oddsapi
2026-09-29T16:05:06Z,2026-09-29,CHI @ VGK,deceabd9bfa9fdbfb352546844ecee9b,fgs,yes,Jack Eichel,,williamhill_us,1000,,oddsapi
2026-09-29T16:05:06Z,2026-09-29,CHI @ VGK,deceabd9bfa9fdbfb352546844ecee9b,fgs,yes,Tomas Hertl,,williamhill_us,1400,,oddsapi
2026-09-29T16:05:06Z,2026-09-29,CHI @ VGK,deceabd9bfa9fdbfb352546844ecee9b,fgs,yes,Ivan Barbashev,,williamhill_us,1400,,oddsapi
2026-09-29T16:05:06Z,2026-09-29,CHI @ VGK,deceabd9bfa9fdbfb352546844ecee9b,fgs,yes,Brett Howden,,williamhill_us,1500,,oddsapi
2026-09-29T16:05:06Z,2026-09-29,CHI @ VGK,deceabd9bfa9fdbfb352546844ecee9b,fgs,yes,Tyler Bertuzzi,,williamhill_us,1700,,oddsapi
2026-09-29T16:05:06Z,2026-09-29,CHI @ VGK,deceabd9bfa9fdbfb352546844ecee9b,fgs,yes,Patrick Kane,,williamhill_us,1800,,oddsapi
2026-09-29T16:05:06Z,2026-09-29,CHI @ VGK,deceabd9bfa9fdbfb352546844ecee9b,fgs,yes,Frank Nazar,,williamhill_us,1800,,oddsapi
2026-09-29T16:05:06Z,2026-09-29,CHI @ VGK,deceabd9bfa9fdbfb352546844ecee9b,fgs,yes,William Karlsson,,williamhill_us,1800,,oddsapi
2026-09-29T16:05:06Z,2026-09-29,CHI @ VGK,deceabd9bfa9fdbfb352546844ecee9b,fgs,yes,Victor Olofsson,,williamhill_us,2000,,oddsapi
2026-09-29T16:05:06Z,2026-09-29,CHI @ VGK,deceabd9bfa9fdbfb352546844ecee9b,fgs,yes,Anton Frondell,,williamhill_us,2000,,oddsapi
2026-09-29T16:05:06Z,2026-09-29,CHI @ VGK,deceabd9bfa9fdbfb352546844ecee9b,fgs,yes,Roman Kantserov,,williamhill_us,2000,,oddsapi
2026-09-29T16:05:06Z,2026-09-29,CHI @ VGK,deceabd9bfa9fdbfb352546844ecee9b,fgs,yes,Ryan Donato,,williamhill_us,2200,,oddsapi
2026-09-29T16:05:06Z,2026-09-29,CHI @ VGK,deceabd9bfa9fdbfb352546844ecee9b,fgs,yes,Shea Theodore,,williamhill_us,2300,,oddsapi
2026-09-29T16:05:06Z,2026-09-29,CHI @ VGK,deceabd9bfa9fdbfb352546844ecee9b,fgs,yes,Trevor Connelly,,williamhill_us,2500,,oddsapi
2026-09-29T16:05:06Z,2026-09-29,CHI @ VGK,deceabd9bfa9fdbfb352546844ecee9b,fgs,yes,Braeden Bowman,,williamhill_us,2500,,oddsapi
2026-09-29T16:05:06Z,2026-09-29,CHI @ VGK,deceabd9bfa9fdbfb352546844ecee9b,fgs,yes,Nick Lardis,,williamhill_us,2500,,oddsapi
2026-09-29T16:05:06Z,2026-09-29,CHI @ VGK,deceabd9bfa9fdbfb352546844ecee9b,fgs,yes,Oliver Moore,,williamhill_us,2700,,oddsapi
2026-09-29T16:05:06Z,2026-09-29,CHI @ VGK,deceabd9bfa9fdbfb352546844ecee9b,fgs,yes,Andrew Mangiapane,,williamhill_us,3000,,oddsapi
2026-09-29T16:05:06Z,2026-09-29,CHI @ VGK,deceabd9bfa9fdbfb352546844ecee9b,fgs,yes,Rasmus Andersson,,williamhill_us,3300,,oddsapi
2026-09-29T16:05:06Z,2026-09-29,CHI @ VGK,deceabd9bfa9fdbfb352546844ecee9b,fgs,yes,Bowen Byram,,williamhill_us,3300,,oddsapi
2026-09-29T16:05:06Z,2026-09-29,CHI @ VGK,deceabd9bfa9fdbfb352546844ecee9b,fgs,yes,Marc Gatcomb,,williamhill_us,3300,,oddsapi
2026-09-29T16:05:06Z,2026-09-29,CHI @ VGK,deceabd9bfa9fdbfb352546844ecee9b,fgs,yes,Ryan Greene,,williamhill_us,3500,,oddsapi
2026-09-29T16:05:06Z,2026-09-29,CHI @ VGK,deceabd9bfa9fdbfb352546844ecee9b,fgs,yes,Nic Dowd,,williamhill_us,4000,,oddsapi
2026-09-29T16:05:06Z,2026-09-29,CHI @ VGK,deceabd9bfa9fdbfb352546844ecee9b,fgs,yes,Cole Smith,,williamhill_us,4500,,oddsapi
2026-09-29T16:05:06Z,2026-09-29,CHI @ VGK,deceabd9bfa9fdbfb352546844ecee9b,fgs,yes,Jordan Greenway,,williamhill_us,5000,,oddsapi
2026-09-29T16:05:06Z,2026-09-29,CHI @ VGK,deceabd9bfa9fdbfb352546844ecee9b,fgs,yes,Sam Rinzel,,williamhill_us,5500,,oddsapi
2026-09-29T16:05:06Z,2026-09-29,CHI @ VGK,deceabd9bfa9fdbfb352546844ecee9b,fgs,yes,Parker Wotherspoon,,williamhill_us,5500,,oddsapi
2026-09-29T16:05:06Z,2026-09-29,CHI @ VGK,deceabd9bfa9fdbfb352546844ecee9b,fgs,yes,Alex Vlasic,,williamhill_us,6000,,oddsapi
2026-09-29T16:05:06Z,2026-09-29,CHI @ VGK,deceabd9bfa9fdbfb352546844ecee9b,fgs,yes,Wyatt Kaiser,,williamhill_us,6600,,oddsapi
2026-09-29T16:05:06Z,2026-09-29,CHI @ VGK,deceabd9bfa9fdbfb352546844ecee9b,fgs,yes,Noah Hanifin,,williamhill_us,6600,,oddsapi
2026-09-29T16:05:06Z,2026-09-29,CHI @ VGK,deceabd9bfa9fdbfb352546844ecee9b,fgs,yes,Brayden McNabb,,williamhill_us,6600,,oddsapi
2026-09-29T16:05:06Z,2026-09-29,CHI @ VGK,deceabd9bfa9fdbfb352546844ecee9b,fgs,yes,Artyom Levshunov,,williamhill_us,6600,,oddsapi
2026-09-29T16:05:06Z,2026-09-29,CHI @ VGK,deceabd9bfa9fdbfb352546844ecee9b,lgs,yes,Jack Eichel,,williamhill_us,900,,oddsapi
2026-09-29T16:05:06Z,2026-09-29,CHI @ VGK,deceabd9bfa9fdbfb352546844ecee9b,lgs,yes,Mitch Marner,,williamhill_us,1000,,oddsapi
2026-09-29T16:05:06Z,2026-09-29,CHI @ VGK,deceabd9bfa9fdbfb352546844ecee9b,lgs,yes,Tomas Hertl,,williamhill_us,1200,,oddsapi
2026-09-29T16:05:06Z,2026-09-29,CHI @ VGK,deceabd9bfa9fdbfb352546844ecee9b,lgs,yes,Brett Howden,,williamhill_us,1200,,oddsapi
2026-09-29T16:05:06Z,2026-09-29,CHI @ VGK,deceabd9bfa9fdbfb352546844ecee9b,lgs,yes,Ivan Barbashev,,williamhill_us,1300,,oddsapi
2026-09-29T16:05:06Z,2026-09-29,CHI @ VGK,deceabd9bfa9fdbfb352546844ecee9b,lgs,yes,Tyler Bertuzzi,,williamhill_us,1400,,oddsapi
2026-09-29T16:05:06Z,2026-09-29,CHI @ VGK,deceabd9bfa9fdbfb352546844ecee9b,lgs,yes,William Karlsson,,williamhill_us,1400,,oddsapi
2026-09-29T16:05:06Z,2026-09-29,CHI @ VGK,deceabd9bfa9fdbfb352546844ecee9b,lgs,yes,Roman Kantserov,,williamhill_us,1600,,oddsapi
2026-09-29T16:05:06Z,2026-09-29,CHI @ VGK,deceabd9bfa9fdbfb352546844ecee9b,lgs,yes,Victor Olofsson,,williamhill_us,1700,,oddsapi
2026-09-29T16:05:06Z,2026-09-29,CHI @ VGK,deceabd9bfa9fdbfb352546844ecee9b,lgs,yes,Patrick Kane,,williamhill_us,1700,,oddsapi
2026-09-29T16:05:06Z,2026-09-29,CHI @ VGK,deceabd9bfa9fdbfb352546844ecee9b,lgs,yes,Anton Frondell,,williamhill_us,1750,,oddsapi
2026-09-29T16:05:06Z,2026-09-29,CHI @ VGK,deceabd9bfa9fdbfb352546844ecee9b,lgs,yes,Trevor Connelly,,williamhill_us,1800,,oddsapi
2026-09-29T16:05:06Z,2026-09-29,CHI @ VGK,deceabd9bfa9fdbfb352546844ecee9b,lgs,yes,Shea Theodore,,williamhill_us,1900,,oddsapi
2026-09-29T16:05:06Z,2026-09-29,CHI @ VGK,deceabd9bfa9fdbfb352546844ecee9b,lgs,yes,Braeden Bowman,,williamhill_us,2000,,oddsapi
2026-09-29T16:05:06Z,2026-09-29,CHI @ VGK,deceabd9bfa9fdbfb352546844ecee9b,lgs,yes,Ryan Donato,,williamhill_us,2100,,oddsapi
2026-09-29T16:05:06Z,2026-09-29,CHI @ VGK,deceabd9bfa9fdbfb352546844ecee9b,lgs,yes,Nick Lardis,,williamhill_us,2100,,oddsapi
2026-09-29T16:05:06Z,2026-09-29,CHI @ VGK,deceabd9bfa9fdbfb352546844ecee9b,lgs,yes,Oliver Moore,,williamhill_us,2400,,oddsapi
2026-09-29T16:05:06Z,2026-09-29,CHI @ VGK,deceabd9bfa9fdbfb352546844ecee9b,lgs,yes,Rasmus Andersson,,williamhill_us,2700,,oddsapi
2026-09-29T16:05:06Z,2026-09-29,CHI @ VGK,deceabd9bfa9fdbfb352546844ecee9b,lgs,yes,Nic Dowd,,williamhill_us,2700,,oddsapi
2026-09-29T16:05:06Z,2026-09-29,CHI @ VGK,deceabd9bfa9fdbfb352546844ecee9b,lgs,yes,Marc Gatcomb,,williamhill_us,2700,,oddsapi
2026-09-29T16:05:06Z,2026-09-29,CHI @ VGK,deceabd9bfa9fdbfb352546844ecee9b,lgs,yes,Bowen Byram,,williamhill_us,2800,,oddsapi
2026-09-29T16:05:06Z,2026-09-29,CHI @ VGK,deceabd9bfa9fdbfb352546844ecee9b,lgs,yes,Andrew Mangiapane,,williamhill_us,2900,,oddsapi
2026-09-29T16:05:06Z,2026-09-29,CHI @ VGK,deceabd9bfa9fdbfb352546844ecee9b,lgs,yes,Jordan Greenway,,williamhill_us,3500,,oddsapi
2026-09-29T16:05:06Z,2026-09-29,CHI @ VGK,deceabd9bfa9fdbfb352546844ecee9b,lgs,yes,Parker Wotherspoon,,williamhill_us,3500,,oddsapi
2026-09-29T16:05:06Z,2026-09-29,CHI @ VGK,deceabd9bfa9fdbfb352546844ecee9b,lgs,yes,Artyom Levshunov,,williamhill_us,4000,,oddsapi
2026-09-29T16:05:06Z,2026-09-29,CHI @ VGK,deceabd9bfa9fdbfb352546844ecee9b,lgs,yes,Alex Vlasic,,williamhill_us,4000,,oddsapi
2026-09-29T16:05:06Z,2026-09-29,CHI @ VGK,deceabd9bfa9fdbfb352546844ecee9b,lgs,yes,Brayden McNabb,,williamhill_us,4000,,oddsapi
2026-09-29T16:05:06Z,2026-09-29,CHI @ VGK,deceabd9bfa9fdbfb352546844ecee9b,lgs,yes,Sam Rinzel,,williamhill_us,4000,,oddsapi
2026-09-29T16:05:06Z,2026-09-29,CHI @ VGK,deceabd9bfa9fdbfb352546844ecee9b,lgs,yes,Wyatt Kaiser,,williamhill_us,4500,,oddsapi
2026-09-29T16:05:06Z,2026-09-29,CHI @ VGK,deceabd9bfa9fdbfb352546844ecee9b,sk_sog,over,Mark Stone,1.5,williamhill_us,-173,129,oddsapi
2026-09-29T16:05:06Z,2026-09-29,CHI @ VGK,deceabd9bfa9fdbfb352546844ecee9b,sk_sog,under,Mark Stone,1.5,williamhill_us,129,-173,oddsapi
2026-09-29T16:05:06Z,2026-09-29,CHI @ VGK,deceabd9bfa9fdbfb352546844ecee9b,sk_sog,over,Anton Frondell,2.5,williamhill_us,129,-173,oddsapi
2026-09-29T16:05:06Z,2026-09-29,CHI @ VGK,deceabd9bfa9fdbfb352546844ecee9b,sk_sog,under,Anton Frondell,2.5,williamhill_us,-173,129,oddsapi
2026-09-29T16:05:06Z,2026-09-29,CHI @ VGK,deceabd9bfa9fdbfb352546844ecee9b,sk_sog,over,Tomas Hertl,2.5,williamhill_us,141,-190,oddsapi
2026-09-29T16:05:06Z,2026-09-29,CHI @ VGK,deceabd9bfa9fdbfb352546844ecee9b,sk_sog,under,Tomas Hertl,2.5,williamhill_us,-190,141,oddsapi
2026-09-29T16:05:06Z,2026-09-29,CHI @ VGK,deceabd9bfa9fdbfb352546844ecee9b,sk_sog,over,Patrick Kane,1.5,williamhill_us,-182,136,oddsapi
2026-09-29T16:05:06Z,2026-09-29,CHI @ VGK,deceabd9bfa9fdbfb352546844ecee9b,sk_sog,under,Patrick Kane,1.5,williamhill_us,136,-182,oddsapi
2026-09-29T16:05:06Z,2026-09-29,CHI @ VGK,deceabd9bfa9fdbfb352546844ecee9b,sk_sog,over,Tyler Bertuzzi,1.5,williamhill_us,-106,-125,oddsapi
2026-09-29T16:05:06Z,2026-09-29,CHI @ VGK,deceabd9bfa9fdbfb352546844ecee9b,sk_sog,under,Tyler Bertuzzi,1.5,williamhill_us,-125,-106,oddsapi
2026-09-29T16:05:06Z,2026-09-29,CHI @ VGK,deceabd9bfa9fdbfb352546844ecee9b,sk_sog,over,Jack Eichel,3.5,williamhill_us,116,-154,oddsapi
2026-09-29T16:05:06Z,2026-09-29,CHI @ VGK,deceabd9bfa9fdbfb352546844ecee9b,sk_sog,under,Jack Eichel,3.5,williamhill_us,-154,116,oddsapi
2026-09-29T16:05:06Z,2026-09-29,CHI @ VGK,deceabd9bfa9fdbfb352546844ecee9b,sk_sog,over,William Karlsson,1.5,williamhill_us,-137,103,oddsapi
2026-09-29T16:05:06Z,2026-09-29,CHI @ VGK,deceabd9bfa9fdbfb352546844ecee9b,sk_sog,under,William Karlsson,1.5,williamhill_us,103,-137,oddsapi
2026-09-29T16:05:06Z,2026-09-29,CHI @ VGK,deceabd9bfa9fdbfb352546844ecee9b,sk_sog,over,Mitch Marner,2.5,williamhill_us,122,-160,oddsapi
2026-09-29T16:05:06Z,2026-09-29,CHI @ VGK,deceabd9bfa9fdbfb352546844ecee9b,sk_sog,under,Mitch Marner,2.5,williamhill_us,-160,122,oddsapi
2026-09-29T16:05:06Z,2026-09-29,CHI @ VGK,deceabd9bfa9fdbfb352546844ecee9b,sk_sog,over,Frank Nazar,1.5,williamhill_us,-120,-112,oddsapi
2026-09-29T16:05:06Z,2026-09-29,CHI @ VGK,deceabd9bfa9fdbfb352546844ecee9b,sk_sog,under,Frank Nazar,1.5,williamhill_us,-112,-120,oddsapi
2026-09-29T16:05:06Z,2026-09-29,CHI @ VGK,deceabd9bfa9fdbfb352546844ecee9b,sk_sog,over,Bowen Byram,1.5,williamhill_us,-102,-132,oddsapi
2026-09-29T16:05:06Z,2026-09-29,CHI @ VGK,deceabd9bfa9fdbfb352546844ecee9b,sk_sog,under,Bowen Byram,1.5,williamhill_us,-132,-102,oddsapi
2026-09-29T16:05:06Z,2026-09-29,CHI @ VGK,deceabd9bfa9fdbfb352546844ecee9b,sk_sog,over,Roman Kantserov,1.5,williamhill_us,-190,137,oddsapi
2026-09-29T16:05:06Z,2026-09-29,CHI @ VGK,deceabd9bfa9fdbfb352546844ecee9b,sk_sog,under,Roman Kantserov,1.5,williamhill_us,137,-190,oddsapi
2026-09-29T16:05:06Z,2026-09-29,CHI @ VGK,deceabd9bfa9fdbfb352546844ecee9b,sk_sog,over,Rasmus Andersson,1.5,williamhill_us,-141,106,oddsapi
2026-09-29T16:05:06Z,2026-09-29,CHI @ VGK,deceabd9bfa9fdbfb352546844ecee9b,sk_sog,under,Rasmus Andersson,1.5,williamhill_us,106,-141,oddsapi
2026-09-29T16:05:06Z,2026-09-29,CHI @ VGK,deceabd9bfa9fdbfb352546844ecee9b,sk_sog,over,Shea Theodore,1.5,williamhill_us,-157,117,oddsapi
2026-09-29T16:05:06Z,2026-09-29,CHI @ VGK,deceabd9bfa9fdbfb352546844ecee9b,sk_sog,under,Shea Theodore,1.5,williamhill_us,117,-157,oddsapi
2026-09-29T16:05:06Z,2026-09-29,CHI @ VGK,deceabd9bfa9fdbfb352546844ecee9b,team_total,over,CHI,2.5,williamhill_us,-113,-122,oddsapi
2026-09-29T16:05:06Z,2026-09-29,CHI @ VGK,deceabd9bfa9fdbfb352546844ecee9b,team_total,under,CHI,2.5,williamhill_us,-122,-113,oddsapi
2026-09-29T16:05:06Z,2026-09-29,CHI @ VGK,deceabd9bfa9fdbfb352546844ecee9b,team_total,over,VGK,3.5,williamhill_us,-143,103,oddsapi
2026-09-29T16:05:06Z,2026-09-29,CHI @ VGK,deceabd9bfa9fdbfb352546844ecee9b,team_total,under,VGK,3.5,williamhill_us,103,-143,oddsapi
2026-09-29T16:05:06Z,2026-09-29,CHI @ VGK,deceabd9bfa9fdbfb352546844ecee9b,game_pl_alt,CHI,,1.5,fanduel,-128,100,oddsapi
2026-09-29T16:05:06Z,2026-09-29,CHI @ VGK,deceabd9bfa9fdbfb352546844ecee9b,game_pl_alt,CHI,,2.5,fanduel,-210,160,oddsapi
2026-09-29T16:05:06Z,2026-09-29,CHI @ VGK,deceabd9bfa9fdbfb352546844ecee9b,game_pl_alt,CHI,,3.5,fanduel,-700,430,oddsapi
2026-09-29T16:05:06Z,2026-09-29,CHI @ VGK,deceabd9bfa9fdbfb352546844ecee9b,game_pl_alt,CHI,,4.5,fanduel,-2000,1000,oddsapi
2026-09-29T16:05:06Z,2026-09-29,CHI @ VGK,deceabd9bfa9fdbfb352546844ecee9b,game_pl_alt,CHI,,5.5,fanduel,-5000,2000,oddsapi
2026-09-29T16:05:06Z,2026-09-29,CHI @ VGK,deceabd9bfa9fdbfb352546844ecee9b,game_pl_alt,CHI,,6.5,fanduel,-20000,6000,oddsapi
2026-09-29T16:05:06Z,2026-09-29,CHI @ VGK,deceabd9bfa9fdbfb352546844ecee9b,game_pl_alt,CHI,,-1.5,fanduel,490,-800,oddsapi
2026-09-29T16:05:06Z,2026-09-29,CHI @ VGK,deceabd9bfa9fdbfb352546844ecee9b,game_pl_alt,CHI,,-2.5,fanduel,900,-1800,oddsapi
2026-09-29T16:05:06Z,2026-09-29,CHI @ VGK,deceabd9bfa9fdbfb352546844ecee9b,game_pl_alt,CHI,,-3.5,fanduel,2800,-8000,oddsapi
2026-09-29T16:05:06Z,2026-09-29,CHI @ VGK,deceabd9bfa9fdbfb352546844ecee9b,game_pl_alt,VGK,,1.5,fanduel,-800,490,oddsapi
2026-09-29T16:05:06Z,2026-09-29,CHI @ VGK,deceabd9bfa9fdbfb352546844ecee9b,game_pl_alt,VGK,,2.5,fanduel,-1800,900,oddsapi
2026-09-29T16:05:06Z,2026-09-29,CHI @ VGK,deceabd9bfa9fdbfb352546844ecee9b,game_pl_alt,VGK,,3.5,fanduel,-8000,2800,oddsapi
2026-09-29T16:05:06Z,2026-09-29,CHI @ VGK,deceabd9bfa9fdbfb352546844ecee9b,game_pl_alt,VGK,,4.5,fanduel,-50000,,oddsapi
2026-09-29T16:05:06Z,2026-09-29,CHI @ VGK,deceabd9bfa9fdbfb352546844ecee9b,game_pl_alt,VGK,,-1.5,fanduel,100,-128,oddsapi
2026-09-29T16:05:06Z,2026-09-29,CHI @ VGK,deceabd9bfa9fdbfb352546844ecee9b,game_pl_alt,VGK,,-2.5,fanduel,160,-210,oddsapi
2026-09-29T16:05:06Z,2026-09-29,CHI @ VGK,deceabd9bfa9fdbfb352546844ecee9b,game_pl_alt,VGK,,-3.5,fanduel,430,-700,oddsapi
2026-09-29T16:05:06Z,2026-09-29,CHI @ VGK,deceabd9bfa9fdbfb352546844ecee9b,game_pl_alt,VGK,,-4.5,fanduel,1000,-2000,oddsapi
2026-09-29T16:05:06Z,2026-09-29,CHI @ VGK,deceabd9bfa9fdbfb352546844ecee9b,game_pl_alt,VGK,,-5.5,fanduel,2000,-5000,oddsapi
2026-09-29T16:05:06Z,2026-09-29,CHI @ VGK,deceabd9bfa9fdbfb352546844ecee9b,game_pl_alt,VGK,,-6.5,fanduel,6000,-20000,oddsapi
2026-09-29T16:05:06Z,2026-09-29,CHI @ VGK,deceabd9bfa9fdbfb352546844ecee9b,team_total_alt,over,CHI,0.5,fanduel,-1450,790,oddsapi
2026-09-29T16:05:06Z,2026-09-29,CHI @ VGK,deceabd9bfa9fdbfb352546844ecee9b,team_total_alt,over,CHI,1.5,fanduel,-260,194,oddsapi
2026-09-29T16:05:06Z,2026-09-29,CHI @ VGK,deceabd9bfa9fdbfb352546844ecee9b,team_total_alt,over,CHI,2.5,fanduel,120,,oddsapi
2026-09-29T16:05:06Z,2026-09-29,CHI @ VGK,deceabd9bfa9fdbfb352546844ecee9b,team_total_alt,over,CHI,3.5,fanduel,290,-430,oddsapi
2026-09-29T16:05:06Z,2026-09-29,CHI @ VGK,deceabd9bfa9fdbfb352546844ecee9b,team_total_alt,over,CHI,4.5,fanduel,730,-1350,oddsapi
2026-09-29T16:05:06Z,2026-09-29,CHI @ VGK,deceabd9bfa9fdbfb352546844ecee9b,team_total_alt,over,CHI,5.5,fanduel,1800,-4500,oddsapi
2026-09-29T16:05:06Z,2026-09-29,CHI @ VGK,deceabd9bfa9fdbfb352546844ecee9b,team_total_alt,over,CHI,6.5,fanduel,6000,,oddsapi
2026-09-29T16:05:06Z,2026-09-29,CHI @ VGK,deceabd9bfa9fdbfb352546844ecee9b,team_total_alt,under,CHI,0.5,fanduel,790,-1450,oddsapi
2026-09-29T16:05:06Z,2026-09-29,CHI @ VGK,deceabd9bfa9fdbfb352546844ecee9b,team_total_alt,under,CHI,1.5,fanduel,194,-260,oddsapi
2026-09-29T16:05:06Z,2026-09-29,CHI @ VGK,deceabd9bfa9fdbfb352546844ecee9b,team_total_alt,under,CHI,3.5,fanduel,-430,290,oddsapi
2026-09-29T16:05:06Z,2026-09-29,CHI @ VGK,deceabd9bfa9fdbfb352546844ecee9b,team_total_alt,under,CHI,4.5,fanduel,-1350,730,oddsapi
2026-09-29T16:05:06Z,2026-09-29,CHI @ VGK,deceabd9bfa9fdbfb352546844ecee9b,team_total_alt,under,CHI,5.5,fanduel,-4500,1800,oddsapi
2026-09-29T16:05:06Z,2026-09-29,CHI @ VGK,deceabd9bfa9fdbfb352546844ecee9b,team_total_alt,over,VGK,0.5,fanduel,-6000,2400,oddsapi
2026-09-29T16:05:06Z,2026-09-29,CHI @ VGK,deceabd9bfa9fdbfb352546844ecee9b,team_total_alt,over,VGK,1.5,fanduel,-1250,640,oddsapi
2026-09-29T16:05:06Z,2026-09-29,CHI @ VGK,deceabd9bfa9fdbfb352546844ecee9b,team_total_alt,over,VGK,2.5,fanduel,-340,,oddsapi
2026-09-29T16:05:06Z,2026-09-29,CHI @ VGK,deceabd9bfa9fdbfb352546844ecee9b,team_total_alt,over,VGK,3.5,fanduel,-128,100,oddsapi
2026-09-29T16:05:06Z,2026-09-29,CHI @ VGK,deceabd9bfa9fdbfb352546844ecee9b,team_total_alt,over,VGK,4.5,fanduel,194,-260,oddsapi
2026-09-29T16:05:06Z,2026-09-29,CHI @ VGK,deceabd9bfa9fdbfb352546844ecee9b,team_total_alt,over,VGK,5.5,fanduel,490,-800,oddsapi
2026-09-29T16:05:06Z,2026-09-29,CHI @ VGK,deceabd9bfa9fdbfb352546844ecee9b,team_total_alt,over,VGK,6.5,fanduel,1200,-2400,oddsapi
2026-09-29T16:05:06Z,2026-09-29,CHI @ VGK,deceabd9bfa9fdbfb352546844ecee9b,team_total_alt,over,VGK,7.5,fanduel,3100,-8000,oddsapi
2026-09-29T16:05:06Z,2026-09-29,CHI @ VGK,deceabd9bfa9fdbfb352546844ecee9b,team_total_alt,under,VGK,0.5,fanduel,2400,-6000,oddsapi
2026-09-29T16:05:06Z,2026-09-29,CHI @ VGK,deceabd9bfa9fdbfb352546844ecee9b,team_total_alt,under,VGK,1.5,fanduel,640,-1250,oddsapi
2026-09-29T16:05:06Z,2026-09-29,CHI @ VGK,deceabd9bfa9fdbfb352546844ecee9b,team_total_alt,under,VGK,3.5,fanduel,100,-128,oddsapi
2026-09-29T16:05:06Z,2026-09-29,CHI @ VGK,deceabd9bfa9fdbfb352546844ecee9b,team_total_alt,under,VGK,4.5,fanduel,-260,194,oddsapi
2026-09-29T16:05:06Z,2026-09-29,CHI @ VGK,deceabd9bfa9fdbfb352546844ecee9b,team_total_alt,under,VGK,5.5,fanduel,-800,490,oddsapi
2026-09-29T16:05:06Z,2026-09-29,CHI @ VGK,deceabd9bfa9fdbfb352546844ecee9b,team_total_alt,under,VGK,6.5,fanduel,-2400,1200,oddsapi
2026-09-29T16:05:06Z,2026-09-29,CHI @ VGK,deceabd9bfa9fdbfb352546844ecee9b,team_total_alt,under,VGK,7.5,fanduel,-8000,3100,oddsapi
2026-09-29T16:05:06Z,2026-09-29,CHI @ VGK,deceabd9bfa9fdbfb352546844ecee9b,game_total_alt,over,,2.5,fanduel,-5000,2000,oddsapi
2026-09-29T16:05:06Z,2026-09-29,CHI @ VGK,deceabd9bfa9fdbfb352546844ecee9b,game_total_alt,over,,3.5,fanduel,-850,520,oddsapi
2026-09-29T16:05:06Z,2026-09-29,CHI @ VGK,deceabd9bfa9fdbfb352546844ecee9b,game_total_alt,over,,4.5,fanduel,-430,300,oddsapi
2026-09-29T16:05:06Z,2026-09-29,CHI @ VGK,deceabd9bfa9fdbfb352546844ecee9b,game_total_alt,over,,5.5,fanduel,-138,108,oddsapi
2026-09-29T16:05:06Z,2026-09-29,CHI @ VGK,deceabd9bfa9fdbfb352546844ecee9b,game_total_alt,over,,6.5,fanduel,120,-152,oddsapi
2026-09-29T16:05:06Z,2026-09-29,CHI @ VGK,deceabd9bfa9fdbfb352546844ecee9b,game_total_alt,over,,7.5,fanduel,290,-410,oddsapi
2026-09-29T16:05:06Z,2026-09-29,CHI @ VGK,deceabd9bfa9fdbfb352546844ecee9b,game_total_alt,over,,8.5,fanduel,480,-800,oddsapi
2026-09-29T16:05:06Z,2026-09-29,CHI @ VGK,deceabd9bfa9fdbfb352546844ecee9b,game_total_alt,over,,9.5,fanduel,1060,-2000,oddsapi
2026-09-29T16:05:06Z,2026-09-29,CHI @ VGK,deceabd9bfa9fdbfb352546844ecee9b,game_total_alt,over,,10.5,fanduel,1650,-4500,oddsapi
2026-09-29T16:05:06Z,2026-09-29,CHI @ VGK,deceabd9bfa9fdbfb352546844ecee9b,game_total_alt,over,,11.5,fanduel,4300,-8000,oddsapi
2026-09-29T16:05:06Z,2026-09-29,CHI @ VGK,deceabd9bfa9fdbfb352546844ecee9b,game_total_alt,under,,2.5,fanduel,2000,-5000,oddsapi
2026-09-29T16:05:06Z,2026-09-29,CHI @ VGK,deceabd9bfa9fdbfb352546844ecee9b,game_total_alt,under,,3.5,fanduel,520,-850,oddsapi
2026-09-29T16:05:06Z,2026-09-29,CHI @ VGK,deceabd9bfa9fdbfb352546844ecee9b,game_total_alt,under,,4.5,fanduel,300,-430,oddsapi
2026-09-29T16:05:06Z,2026-09-29,CHI @ VGK,deceabd9bfa9fdbfb352546844ecee9b,game_total_alt,under,,5.5,fanduel,108,-138,oddsapi
2026-09-29T16:05:06Z,2026-09-29,CHI @ VGK,deceabd9bfa9fdbfb352546844ecee9b,game_total_alt,under,,6.5,fanduel,-152,120,oddsapi
2026-09-29T16:05:06Z,2026-09-29,CHI @ VGK,deceabd9bfa9fdbfb352546844ecee9b,game_total_alt,under,,7.5,fanduel,-410,290,oddsapi
2026-09-29T16:05:06Z,2026-09-29,CHI @ VGK,deceabd9bfa9fdbfb352546844ecee9b,game_total_alt,under,,8.5,fanduel,-800,480,oddsapi
2026-09-29T16:05:06Z,2026-09-29,CHI @ VGK,deceabd9bfa9fdbfb352546844ecee9b,game_total_alt,under,,9.5,fanduel,-2000,1060,oddsapi
2026-09-29T16:05:06Z,2026-09-29,CHI @ VGK,deceabd9bfa9fdbfb352546844ecee9b,game_total_alt,under,,10.5,fanduel,-4500,1650,oddsapi
2026-09-29T16:05:06Z,2026-09-29,CHI @ VGK,deceabd9bfa9fdbfb352546844ecee9b,game_total_alt,under,,11.5,fanduel,-8000,4300,oddsapi
2026-09-29T16:05:06Z,2026-09-29,CHI @ VGK,deceabd9bfa9fdbfb352546844ecee9b,game_ml3,CHI,,,fanduel,340,,oddsapi
2026-09-29T16:05:06Z,2026-09-29,CHI @ VGK,deceabd9bfa9fdbfb352546844ecee9b,game_ml3,VGK,,,fanduel,-170,,oddsapi
2026-09-29T16:05:06Z,2026-09-29,CHI @ VGK,deceabd9bfa9fdbfb352546844ecee9b,game_ml3,draw,,,fanduel,360,,oddsapi
2026-09-29T16:05:06Z,2026-09-29,CHI @ VGK,deceabd9bfa9fdbfb352546844ecee9b,p1_ml3,CHI,,,fanduel,290,,oddsapi
2026-09-29T16:05:06Z,2026-09-29,CHI @ VGK,deceabd9bfa9fdbfb352546844ecee9b,p1_ml3,VGK,,,fanduel,120,,oddsapi
2026-09-29T16:05:06Z,2026-09-29,CHI @ VGK,deceabd9bfa9fdbfb352546844ecee9b,p1_ml3,draw,,,fanduel,180,,oddsapi
2026-09-29T16:05:06Z,2026-09-29,CHI @ VGK,deceabd9bfa9fdbfb352546844ecee9b,p2_ml3,CHI,,,fanduel,280,,oddsapi
2026-09-29T16:05:06Z,2026-09-29,CHI @ VGK,deceabd9bfa9fdbfb352546844ecee9b,p2_ml3,VGK,,,fanduel,105,,oddsapi
2026-09-29T16:05:06Z,2026-09-29,CHI @ VGK,deceabd9bfa9fdbfb352546844ecee9b,p2_ml3,draw,,,fanduel,210,,oddsapi
2026-09-29T16:05:06Z,2026-09-29,CHI @ VGK,deceabd9bfa9fdbfb352546844ecee9b,p3_ml3,CHI,,,fanduel,270,,oddsapi
2026-09-29T16:05:06Z,2026-09-29,CHI @ VGK,deceabd9bfa9fdbfb352546844ecee9b,p3_ml3,VGK,,,fanduel,-110,,oddsapi
2026-09-29T16:05:06Z,2026-09-29,CHI @ VGK,deceabd9bfa9fdbfb352546844ecee9b,p3_ml3,draw,,,fanduel,260,,oddsapi
2026-09-29T16:05:06Z,2026-09-29,CHI @ VGK,deceabd9bfa9fdbfb352546844ecee9b,p1_ml,CHI,,,fanduel,164,-215,oddsapi
2026-09-29T16:05:06Z,2026-09-29,CHI @ VGK,deceabd9bfa9fdbfb352546844ecee9b,p1_ml,VGK,,,fanduel,-215,164,oddsapi
2026-09-29T16:05:06Z,2026-09-29,CHI @ VGK,deceabd9bfa9fdbfb352546844ecee9b,p2_ml,CHI,,,fanduel,170,-220,oddsapi
2026-09-29T16:05:06Z,2026-09-29,CHI @ VGK,deceabd9bfa9fdbfb352546844ecee9b,p2_ml,VGK,,,fanduel,-220,170,oddsapi
2026-09-29T16:05:06Z,2026-09-29,CHI @ VGK,deceabd9bfa9fdbfb352546844ecee9b,p3_ml,CHI,,,fanduel,180,-235,oddsapi
2026-09-29T16:05:06Z,2026-09-29,CHI @ VGK,deceabd9bfa9fdbfb352546844ecee9b,p3_ml,VGK,,,fanduel,-235,180,oddsapi
2026-09-29T16:05:06Z,2026-09-29,CHI @ VGK,deceabd9bfa9fdbfb352546844ecee9b,ags,yes,Mark Stone,,fanduel,165,,oddsapi
2026-09-29T16:05:06Z,2026-09-29,CHI @ VGK,deceabd9bfa9fdbfb352546844ecee9b,ags,yes,Jack Eichel,,fanduel,170,,oddsapi
2026-09-29T16:05:06Z,2026-09-29,CHI @ VGK,deceabd9bfa9fdbfb352546844ecee9b,ags,yes,Mitch Marner,,fanduel,170,,oddsapi
2026-09-29T16:05:06Z,2026-09-29,CHI @ VGK,deceabd9bfa9fdbfb352546844ecee9b,ags,yes,Tomas Hertl,,fanduel,250,,oddsapi
2026-09-29T16:05:06Z,2026-09-29,CHI @ VGK,deceabd9bfa9fdbfb352546844ecee9b,ags,yes,Brett Howden,,fanduel,250,,oddsapi
2026-09-29T16:05:06Z,2026-09-29,CHI @ VGK,deceabd9bfa9fdbfb352546844ecee9b,ags,yes,Ivan Barbashev,,fanduel,260,,oddsapi
2026-09-29T16:05:06Z,2026-09-29,CHI @ VGK,deceabd9bfa9fdbfb352546844ecee9b,ags,yes,William Karlsson,,fanduel,270,,oddsapi
2026-09-29T16:05:06Z,2026-09-29,CHI @ VGK,deceabd9bfa9fdbfb352546844ecee9b,ags,yes,Tyler Bertuzzi,,fanduel,300,,oddsapi
2026-09-29T16:05:06Z,2026-09-29,CHI @ VGK,deceabd9bfa9fdbfb352546844ecee9b,ags,yes,Victor Olofsson,,fanduel,330,,oddsapi
2026-09-29T16:05:06Z,2026-09-29,CHI @ VGK,deceabd9bfa9fdbfb352546844ecee9b,ags,yes,Frank Nazar,,fanduel,340,,oddsapi
2026-09-29T16:05:06Z,2026-09-29,CHI @ VGK,deceabd9bfa9fdbfb352546844ecee9b,ags,yes,Patrick Kane,,fanduel,340,,oddsapi
2026-09-29T16:05:06Z,2026-09-29,CHI @ VGK,deceabd9bfa9fdbfb352546844ecee9b,ags,yes,Anton Frondell,,fanduel,340,,oddsapi
2026-09-29T16:05:06Z,2026-09-29,CHI @ VGK,deceabd9bfa9fdbfb352546844ecee9b,ags,yes,Roman Kantserov,,fanduel,360,,oddsapi
2026-09-29T16:05:06Z,2026-09-29,CHI @ VGK,deceabd9bfa9fdbfb352546844ecee9b,ags,yes,Trevor Connelly,,fanduel,420,,oddsapi
2026-09-29T16:05:06Z,2026-09-29,CHI @ VGK,deceabd9bfa9fdbfb352546844ecee9b,ags,yes,Ryan Donato,,fanduel,440,,oddsapi
2026-09-29T16:05:06Z,2026-09-29,CHI @ VGK,deceabd9bfa9fdbfb352546844ecee9b,ags,yes,Braeden Bowman,,fanduel,480,,oddsapi
2026-09-29T16:05:06Z,2026-09-29,CHI @ VGK,deceabd9bfa9fdbfb352546844ecee9b,ags,yes,Oliver Moore,,fanduel,480,,oddsapi
2026-09-29T16:05:06Z,2026-09-29,CHI @ VGK,deceabd9bfa9fdbfb352546844ecee9b,ags,yes,Nick Lardis,,fanduel,490,,oddsapi
2026-09-29T16:05:06Z,2026-09-29,CHI @ VGK,deceabd9bfa9fdbfb352546844ecee9b,ags,yes,Shea Theodore,,fanduel,490,,oddsapi
2026-09-29T16:05:06Z,2026-09-29,CHI @ VGK,deceabd9bfa9fdbfb352546844ecee9b,ags,yes,Rasmus Andersson,,fanduel,650,,oddsapi
2026-09-29T16:05:06Z,2026-09-29,CHI @ VGK,deceabd9bfa9fdbfb352546844ecee9b,ags,yes,Andrew Mangiapane,,fanduel,650,,oddsapi
2026-09-29T16:05:06Z,2026-09-29,CHI @ VGK,deceabd9bfa9fdbfb352546844ecee9b,ags,yes,Marc Gatcomb,,fanduel,700,,oddsapi
2026-09-29T16:05:06Z,2026-09-29,CHI @ VGK,deceabd9bfa9fdbfb352546844ecee9b,ags,yes,Bowen Byram,,fanduel,750,,oddsapi
2026-09-29T16:05:06Z,2026-09-29,CHI @ VGK,deceabd9bfa9fdbfb352546844ecee9b,ags,yes,Ryan Greene,,fanduel,800,,oddsapi
2026-09-29T16:05:06Z,2026-09-29,CHI @ VGK,deceabd9bfa9fdbfb352546844ecee9b,ags,yes,Nic Dowd,,fanduel,850,,oddsapi
2026-09-29T16:05:06Z,2026-09-29,CHI @ VGK,deceabd9bfa9fdbfb352546844ecee9b,ags,yes,Cole Smith,,fanduel,1100,,oddsapi
2026-09-29T16:05:06Z,2026-09-29,CHI @ VGK,deceabd9bfa9fdbfb352546844ecee9b,ags,yes,Parker Wotherspoon,,fanduel,1200,,oddsapi
2026-09-29T16:05:06Z,2026-09-29,CHI @ VGK,deceabd9bfa9fdbfb352546844ecee9b,ags,yes,Sam Rinzel,,fanduel,1200,,oddsapi
2026-09-29T16:05:06Z,2026-09-29,CHI @ VGK,deceabd9bfa9fdbfb352546844ecee9b,ags,yes,Jordan Greenway,,fanduel,1300,,oddsapi
2026-09-29T16:05:06Z,2026-09-29,CHI @ VGK,deceabd9bfa9fdbfb352546844ecee9b,ags,yes,Alex Vlasic,,fanduel,1300,,oddsapi
2026-09-29T16:05:06Z,2026-09-29,CHI @ VGK,deceabd9bfa9fdbfb352546844ecee9b,ags,yes,Artyom Levshunov,,fanduel,1400,,oddsapi
2026-09-29T16:05:06Z,2026-09-29,CHI @ VGK,deceabd9bfa9fdbfb352546844ecee9b,ags,yes,Brayden McNabb,,fanduel,1400,,oddsapi
2026-09-29T16:05:06Z,2026-09-29,CHI @ VGK,deceabd9bfa9fdbfb352546844ecee9b,ags,yes,Wyatt Kaiser,,fanduel,1700,,oddsapi
2026-09-29T16:05:06Z,2026-09-29,CHI @ VGK,deceabd9bfa9fdbfb352546844ecee9b,fgs,yes,Mark Stone,,fanduel,1000,,oddsapi
2026-09-29T16:05:06Z,2026-09-29,CHI @ VGK,deceabd9bfa9fdbfb352546844ecee9b,fgs,yes,Jack Eichel,,fanduel,1100,,oddsapi
2026-09-29T16:05:06Z,2026-09-29,CHI @ VGK,deceabd9bfa9fdbfb352546844ecee9b,fgs,yes,Mitch Marner,,fanduel,1100,,oddsapi
2026-09-29T16:05:06Z,2026-09-29,CHI @ VGK,deceabd9bfa9fdbfb352546844ecee9b,fgs,yes,Brett Howden,,fanduel,1600,,oddsapi
2026-09-29T16:05:06Z,2026-09-29,CHI @ VGK,deceabd9bfa9fdbfb352546844ecee9b,fgs,yes,Tomas Hertl,,fanduel,1600,,oddsapi
2026-09-29T16:05:06Z,2026-09-29,CHI @ VGK,deceabd9bfa9fdbfb352546844ecee9b,fgs,yes,William Karlsson,,fanduel,1700,,oddsapi
2026-09-29T16:05:06Z,2026-09-29,CHI @ VGK,deceabd9bfa9fdbfb352546844ecee9b,fgs,yes,Ivan Barbashev,,fanduel,1700,,oddsapi
2026-09-29T16:05:06Z,2026-09-29,CHI @ VGK,deceabd9bfa9fdbfb352546844ecee9b,fgs,yes,Frank Nazar,,fanduel,1900,,oddsapi
2026-09-29T16:05:06Z,2026-09-29,CHI @ VGK,deceabd9bfa9fdbfb352546844ecee9b,fgs,yes,Patrick Kane,,fanduel,1900,,oddsapi
2026-09-29T16:05:06Z,2026-09-29,CHI @ VGK,deceabd9bfa9fdbfb352546844ecee9b,fgs,yes,Tyler Bertuzzi,,fanduel,1900,,oddsapi
2026-09-29T16:05:06Z,2026-09-29,CHI @ VGK,deceabd9bfa9fdbfb352546844ecee9b,fgs,yes,Roman Kantserov,,fanduel,2000,,oddsapi
2026-09-29T16:05:06Z,2026-09-29,CHI @ VGK,deceabd9bfa9fdbfb352546844ecee9b,fgs,yes,Ryan Donato,,fanduel,2200,,oddsapi
2026-09-29T16:05:06Z,2026-09-29,CHI @ VGK,deceabd9bfa9fdbfb352546844ecee9b,fgs,yes,Trevor Connelly,,fanduel,2200,,oddsapi
2026-09-29T16:05:06Z,2026-09-29,CHI @ VGK,deceabd9bfa9fdbfb352546844ecee9b,fgs,yes,Anton Frondell,,fanduel,2200,,oddsapi
2026-09-29T16:05:06Z,2026-09-29,CHI @ VGK,deceabd9bfa9fdbfb352546844ecee9b,fgs,yes,Victor Olofsson,,fanduel,2200,,oddsapi
2026-09-29T16:05:06Z,2026-09-29,CHI @ VGK,deceabd9bfa9fdbfb352546844ecee9b,fgs,yes,Nick Lardis,,fanduel,2700,,oddsapi
2026-09-29T16:05:06Z,2026-09-29,CHI @ VGK,deceabd9bfa9fdbfb352546844ecee9b,fgs,yes,Oliver Moore,,fanduel,2700,,oddsapi
2026-09-29T16:05:06Z,2026-09-29,CHI @ VGK,deceabd9bfa9fdbfb352546844ecee9b,fgs,yes,Shea Theodore,,fanduel,2700,,oddsapi
2026-09-29T16:05:06Z,2026-09-29,CHI @ VGK,deceabd9bfa9fdbfb352546844ecee9b,fgs,yes,Braeden Bowman,,fanduel,2700,,oddsapi
2026-09-29T16:05:06Z,2026-09-29,CHI @ VGK,deceabd9bfa9fdbfb352546844ecee9b,fgs,yes,Bowen Byram,,fanduel,3300,,oddsapi
2026-09-29T16:05:06Z,2026-09-29,CHI @ VGK,deceabd9bfa9fdbfb352546844ecee9b,fgs,yes,Rasmus Andersson,,fanduel,3300,,oddsapi
2026-09-29T16:05:06Z,2026-09-29,CHI @ VGK,deceabd9bfa9fdbfb352546844ecee9b,fgs,yes,Andrew Mangiapane,,fanduel,3300,,oddsapi
2026-09-29T16:05:06Z,2026-09-29,CHI @ VGK,deceabd9bfa9fdbfb352546844ecee9b,fgs,yes,Marc Gatcomb,,fanduel,3500,,oddsapi
2026-09-29T16:05:06Z,2026-09-29,CHI @ VGK,deceabd9bfa9fdbfb352546844ecee9b,fgs,yes,Ryan Greene,,fanduel,4000,,oddsapi
2026-09-29T16:05:06Z,2026-09-29,CHI @ VGK,deceabd9bfa9fdbfb352546844ecee9b,fgs,yes,Nic Dowd,,fanduel,4500,,oddsapi
2026-09-29T16:05:06Z,2026-09-29,CHI @ VGK,deceabd9bfa9fdbfb352546844ecee9b,fgs,yes,Cole Smith,,fanduel,5000,,oddsapi
2026-09-29T16:05:06Z,2026-09-29,CHI @ VGK,deceabd9bfa9fdbfb352546844ecee9b,fgs,yes,Jordan Greenway,,fanduel,5500,,oddsapi
2026-09-29T16:05:06Z,2026-09-29,CHI @ VGK,deceabd9bfa9fdbfb352546844ecee9b,fgs,yes,Parker Wotherspoon,,fanduel,6000,,oddsapi
2026-09-29T16:05:06Z,2026-09-29,CHI @ VGK,deceabd9bfa9fdbfb352546844ecee9b,fgs,yes,Artyom Levshunov,,fanduel,6000,,oddsapi
2026-09-29T16:05:06Z,2026-09-29,CHI @ VGK,deceabd9bfa9fdbfb352546844ecee9b,fgs,yes,Alex Vlasic,,fanduel,6500,,oddsapi
2026-09-29T16:05:06Z,2026-09-29,CHI @ VGK,deceabd9bfa9fdbfb352546844ecee9b,fgs,yes,Sam Rinzel,,fanduel,6500,,oddsapi
2026-09-29T16:05:06Z,2026-09-29,CHI @ VGK,deceabd9bfa9fdbfb352546844ecee9b,fgs,yes,Wyatt Kaiser,,fanduel,7500,,oddsapi
2026-09-29T16:05:06Z,2026-09-29,CHI @ VGK,deceabd9bfa9fdbfb352546844ecee9b,fgs,yes,Brayden McNabb,,fanduel,8000,,oddsapi
2026-09-29T16:05:06Z,2026-09-29,CHI @ VGK,deceabd9bfa9fdbfb352546844ecee9b,sk_g,over,Anton Frondell,0.5,fanduel,340,-550,oddsapi
2026-09-29T16:05:06Z,2026-09-29,CHI @ VGK,deceabd9bfa9fdbfb352546844ecee9b,sk_g,under,Anton Frondell,0.5,fanduel,-550,340,oddsapi
2026-09-29T16:05:06Z,2026-09-29,CHI @ VGK,deceabd9bfa9fdbfb352546844ecee9b,sk_g,over,Ivan Barbashev,0.5,fanduel,260,-390,oddsapi
2026-09-29T16:05:06Z,2026-09-29,CHI @ VGK,deceabd9bfa9fdbfb352546844ecee9b,sk_g,under,Ivan Barbashev,0.5,fanduel,-390,260,oddsapi
2026-09-29T16:05:06Z,2026-09-29,CHI @ VGK,deceabd9bfa9fdbfb352546844ecee9b,sk_g,over,Patrick Kane,0.5,fanduel,340,-550,oddsapi
2026-09-29T16:05:06Z,2026-09-29,CHI @ VGK,deceabd9bfa9fdbfb352546844ecee9b,sk_g,under,Patrick Kane,0.5,fanduel,-550,340,oddsapi
2026-09-29T16:05:06Z,2026-09-29,CHI @ VGK,deceabd9bfa9fdbfb352546844ecee9b,sk_g,over,Mitch Marner,0.5,fanduel,170,-230,oddsapi
2026-09-29T16:05:06Z,2026-09-29,CHI @ VGK,deceabd9bfa9fdbfb352546844ecee9b,sk_g,under,Mitch Marner,0.5,fanduel,-230,170,oddsapi
2026-09-29T16:05:06Z,2026-09-29,CHI @ VGK,deceabd9bfa9fdbfb352546844ecee9b,sk_g,over,Jack Eichel,0.5,fanduel,170,-230,oddsapi
2026-09-29T16:05:06Z,2026-09-29,CHI @ VGK,deceabd9bfa9fdbfb352546844ecee9b,sk_g,under,Jack Eichel,0.5,fanduel,-230,170,oddsapi
2026-09-29T16:05:06Z,2026-09-29,CHI @ VGK,deceabd9bfa9fdbfb352546844ecee9b,sk_g,over,Mark Stone,0.5,fanduel,165,-230,oddsapi
2026-09-29T16:05:06Z,2026-09-29,CHI @ VGK,deceabd9bfa9fdbfb352546844ecee9b,sk_g,under,Mark Stone,0.5,fanduel,-230,165,oddsapi
2026-09-29T16:05:06Z,2026-09-29,CHI @ VGK,deceabd9bfa9fdbfb352546844ecee9b,sk_g,over,Brett Howden,0.5,fanduel,250,-360,oddsapi
2026-09-29T16:05:06Z,2026-09-29,CHI @ VGK,deceabd9bfa9fdbfb352546844ecee9b,sk_g,under,Brett Howden,0.5,fanduel,-360,250,oddsapi
2026-09-29T16:05:06Z,2026-09-29,CHI @ VGK,deceabd9bfa9fdbfb352546844ecee9b,sk_g,over,Tyler Bertuzzi,0.5,fanduel,300,-470,oddsapi
2026-09-29T16:05:06Z,2026-09-29,CHI @ VGK,deceabd9bfa9fdbfb352546844ecee9b,sk_g,under,Tyler Bertuzzi,0.5,fanduel,-470,300,oddsapi
2026-09-29T16:05:06Z,2026-09-29,CHI @ VGK,deceabd9bfa9fdbfb352546844ecee9b,sk_g,over,Frank Nazar,0.5,fanduel,340,-500,oddsapi
2026-09-29T16:05:06Z,2026-09-29,CHI @ VGK,deceabd9bfa9fdbfb352546844ecee9b,sk_g,under,Frank Nazar,0.5,fanduel,-500,340,oddsapi
2026-09-29T16:05:06Z,2026-09-29,CHI @ VGK,deceabd9bfa9fdbfb352546844ecee9b,sk_sog,over,Mark Stone,2.5,fanduel,140,-184,oddsapi
2026-09-29T16:05:06Z,2026-09-29,CHI @ VGK,deceabd9bfa9fdbfb352546844ecee9b,sk_sog,under,Mark Stone,2.5,fanduel,-184,140,oddsapi
2026-09-29T16:05:06Z,2026-09-29,CHI @ VGK,deceabd9bfa9fdbfb352546844ecee9b,sk_sog,over,Tyler Bertuzzi,1.5,fanduel,100,-130,oddsapi
2026-09-29T16:05:06Z,2026-09-29,CHI @ VGK,deceabd9bfa9fdbfb352546844ecee9b,sk_sog,under,Tyler Bertuzzi,1.5,fanduel,-130,100,oddsapi
2026-09-29T16:05:06Z,2026-09-29,CHI @ VGK,deceabd9bfa9fdbfb352546844ecee9b,sk_sog,over,Tomas Hertl,2.5,fanduel,134,-176,oddsapi
2026-09-29T16:05:06Z,2026-09-29,CHI @ VGK,deceabd9bfa9fdbfb352546844ecee9b,sk_sog,under,Tomas Hertl,2.5,fanduel,-176,134,oddsapi
2026-09-29T16:05:06Z,2026-09-29,CHI @ VGK,deceabd9bfa9fdbfb352546844ecee9b,sk_sog,over,Shea Theodore,1.5,fanduel,-152,116,oddsapi
2026-09-29T16:05:06Z,2026-09-29,CHI @ VGK,deceabd9bfa9fdbfb352546844ecee9b,sk_sog,under,Shea Theodore,1.5,fanduel,116,-152,oddsapi
2026-09-29T16:05:06Z,2026-09-29,CHI @ VGK,deceabd9bfa9fdbfb352546844ecee9b,sk_sog,over,Patrick Kane,2.5,fanduel,134,-176,oddsapi
2026-09-29T16:05:06Z,2026-09-29,CHI @ VGK,deceabd9bfa9fdbfb352546844ecee9b,sk_sog,under,Patrick Kane,2.5,fanduel,-176,134,oddsapi
2026-09-29T16:05:06Z,2026-09-29,CHI @ VGK,deceabd9bfa9fdbfb352546844ecee9b,sk_sog,over,Roman Kantserov,1.5,fanduel,-188,142,oddsapi
2026-09-29T16:05:06Z,2026-09-29,CHI @ VGK,deceabd9bfa9fdbfb352546844ecee9b,sk_sog,under,Roman Kantserov,1.5,fanduel,142,-188,oddsapi
2026-09-29T16:05:06Z,2026-09-29,CHI @ VGK,deceabd9bfa9fdbfb352546844ecee9b,sk_sog,over,Mitch Marner,2.5,fanduel,102,-132,oddsapi
2026-09-29T16:05:06Z,2026-09-29,CHI @ VGK,deceabd9bfa9fdbfb352546844ecee9b,sk_sog,under,Mitch Marner,2.5,fanduel,-132,102,oddsapi
2026-09-29T16:05:06Z,2026-09-29,CHI @ VGK,deceabd9bfa9fdbfb352546844ecee9b,sk_sog,over,Bowen Byram,1.5,fanduel,-114,-114,oddsapi
2026-09-29T16:05:06Z,2026-09-29,CHI @ VGK,deceabd9bfa9fdbfb352546844ecee9b,sk_sog,under,Bowen Byram,1.5,fanduel,-114,-114,oddsapi
2026-09-29T16:05:06Z,2026-09-29,CHI @ VGK,deceabd9bfa9fdbfb352546844ecee9b,sk_sog,over,Jack Eichel,3.5,fanduel,110,-144,oddsapi
2026-09-29T16:05:06Z,2026-09-29,CHI @ VGK,deceabd9bfa9fdbfb352546844ecee9b,sk_sog,under,Jack Eichel,3.5,fanduel,-144,110,oddsapi
2026-09-29T16:05:06Z,2026-09-29,CHI @ VGK,deceabd9bfa9fdbfb352546844ecee9b,sk_sog,over,Frank Nazar,1.5,fanduel,-122,-106,oddsapi
2026-09-29T16:05:06Z,2026-09-29,CHI @ VGK,deceabd9bfa9fdbfb352546844ecee9b,sk_sog,under,Frank Nazar,1.5,fanduel,-106,-122,oddsapi
2026-09-29T16:05:06Z,2026-09-29,CHI @ VGK,deceabd9bfa9fdbfb352546844ecee9b,sk_sog,over,Anton Frondell,2.5,fanduel,138,-182,oddsapi
2026-09-29T16:05:06Z,2026-09-29,CHI @ VGK,deceabd9bfa9fdbfb352546844ecee9b,sk_sog,under,Anton Frondell,2.5,fanduel,-182,138,oddsapi
2026-09-29T16:05:06Z,2026-09-29,CHI @ VGK,deceabd9bfa9fdbfb352546844ecee9b,p1_pl,CHI,,0.5,fanduel,-152,120,oddsapi
2026-09-29T16:05:06Z,2026-09-29,CHI @ VGK,deceabd9bfa9fdbfb352546844ecee9b,p1_pl,VGK,,-0.5,fanduel,120,-152,oddsapi
2026-09-29T16:05:06Z,2026-09-29,CHI @ VGK,deceabd9bfa9fdbfb352546844ecee9b,p2_pl,CHI,,0.5,fanduel,-134,106,oddsapi
2026-09-29T16:05:06Z,2026-09-29,CHI @ VGK,deceabd9bfa9fdbfb352546844ecee9b,p2_pl,VGK,,-0.5,fanduel,106,-134,oddsapi
2026-09-29T16:05:06Z,2026-09-29,CHI @ VGK,deceabd9bfa9fdbfb352546844ecee9b,p3_pl,CHI,,0.5,fanduel,-116,-110,oddsapi
2026-09-29T16:05:06Z,2026-09-29,CHI @ VGK,deceabd9bfa9fdbfb352546844ecee9b,p3_pl,VGK,,-0.5,fanduel,-110,-116,oddsapi
2026-09-29T16:05:06Z,2026-09-29,CHI @ VGK,deceabd9bfa9fdbfb352546844ecee9b,team_total,over,CHI,2.5,fanduel,120,,oddsapi
2026-09-29T16:05:06Z,2026-09-29,CHI @ VGK,deceabd9bfa9fdbfb352546844ecee9b,team_total,under,CHI,3.5,fanduel,-430,,oddsapi
2026-09-29T16:05:06Z,2026-09-29,CHI @ VGK,deceabd9bfa9fdbfb352546844ecee9b,team_total,over,VGK,3.5,fanduel,-128,,oddsapi
2026-09-29T16:05:06Z,2026-09-29,CHI @ VGK,deceabd9bfa9fdbfb352546844ecee9b,team_total,under,VGK,4.5,fanduel,-260,,oddsapi
2026-09-29T16:05:06Z,2026-09-29,CHI @ VGK,deceabd9bfa9fdbfb352546844ecee9b,p1_team_total,over,CHI,0.5,fanduel,-120,-106,oddsapi
2026-09-29T16:05:06Z,2026-09-29,CHI @ VGK,deceabd9bfa9fdbfb352546844ecee9b,p1_team_total,under,CHI,0.5,fanduel,-106,-120,oddsapi
2026-09-29T16:05:06Z,2026-09-29,CHI @ VGK,deceabd9bfa9fdbfb352546844ecee9b,p1_team_total,over,VGK,0.5,fanduel,-225,174,oddsapi
2026-09-29T16:05:06Z,2026-09-29,CHI @ VGK,deceabd9bfa9fdbfb352546844ecee9b,p1_team_total,under,VGK,0.5,fanduel,174,-225,oddsapi
2026-09-29T16:05:06Z,2026-09-29,CHI @ VGK,deceabd9bfa9fdbfb352546844ecee9b,p1_total,over,,1.5,fanduel,-118,-110,oddsapi
2026-09-29T16:05:06Z,2026-09-29,CHI @ VGK,deceabd9bfa9fdbfb352546844ecee9b,p1_total,under,,1.5,fanduel,-110,-118,oddsapi
2026-09-29T16:05:06Z,2026-09-29,CHI @ VGK,deceabd9bfa9fdbfb352546844ecee9b,p2_total,over,,1.5,fanduel,-168,132,oddsapi
2026-09-29T16:05:06Z,2026-09-29,CHI @ VGK,deceabd9bfa9fdbfb352546844ecee9b,p2_total,under,,1.5,fanduel,132,-168,oddsapi
2026-09-29T16:05:06Z,2026-09-29,CHI @ VGK,deceabd9bfa9fdbfb352546844ecee9b,p3_total,over,,2.5,fanduel,156,-205,oddsapi
2026-09-29T16:05:06Z,2026-09-29,CHI @ VGK,deceabd9bfa9fdbfb352546844ecee9b,p3_total,under,,2.5,fanduel,-205,156,oddsapi
2026-09-29T16:05:06Z,2026-09-29,CHI @ VGK,deceabd9bfa9fdbfb352546844ecee9b,p1_ml,CHI,,,betonlineag,161,-185,oddsapi
2026-09-29T16:05:06Z,2026-09-29,CHI @ VGK,deceabd9bfa9fdbfb352546844ecee9b,p1_ml,VGK,,,betonlineag,-185,161,oddsapi
2026-09-29T16:05:06Z,2026-09-29,CHI @ VGK,deceabd9bfa9fdbfb352546844ecee9b,sk_pts,over,Roman Kantserov,0.5,betonlineag,141,-185,oddsapi
2026-09-29T16:05:06Z,2026-09-29,CHI @ VGK,deceabd9bfa9fdbfb352546844ecee9b,sk_pts,under,Roman Kantserov,0.5,betonlineag,-185,141,oddsapi
2026-09-29T16:05:06Z,2026-09-29,CHI @ VGK,deceabd9bfa9fdbfb352546844ecee9b,sk_pts,over,Tyler Bertuzzi,0.5,betonlineag,118,-154,oddsapi
2026-09-29T16:05:06Z,2026-09-29,CHI @ VGK,deceabd9bfa9fdbfb352546844ecee9b,sk_pts,under,Tyler Bertuzzi,0.5,betonlineag,-154,118,oddsapi
2026-09-29T16:05:06Z,2026-09-29,CHI @ VGK,deceabd9bfa9fdbfb352546844ecee9b,sk_pts,over,Anton Frondell,0.5,betonlineag,115,-149,oddsapi
2026-09-29T16:05:06Z,2026-09-29,CHI @ VGK,deceabd9bfa9fdbfb352546844ecee9b,sk_pts,under,Anton Frondell,0.5,betonlineag,-149,115,oddsapi
2026-09-29T16:05:06Z,2026-09-29,CHI @ VGK,deceabd9bfa9fdbfb352546844ecee9b,sk_pts,over,Shea Theodore,0.5,betonlineag,-108,-120,oddsapi
2026-09-29T16:05:06Z,2026-09-29,CHI @ VGK,deceabd9bfa9fdbfb352546844ecee9b,sk_pts,under,Shea Theodore,0.5,betonlineag,-120,-108,oddsapi
2026-09-29T16:05:06Z,2026-09-29,CHI @ VGK,deceabd9bfa9fdbfb352546844ecee9b,sk_pts,over,Ivan Barbashev,0.5,betonlineag,100,-130,oddsapi
2026-09-29T16:05:06Z,2026-09-29,CHI @ VGK,deceabd9bfa9fdbfb352546844ecee9b,sk_pts,under,Ivan Barbashev,0.5,betonlineag,-130,100,oddsapi
2026-09-29T16:05:06Z,2026-09-29,CHI @ VGK,deceabd9bfa9fdbfb352546844ecee9b,sk_pts,over,Patrick Kane,0.5,betonlineag,-112,-115,oddsapi
2026-09-29T16:05:06Z,2026-09-29,CHI @ VGK,deceabd9bfa9fdbfb352546844ecee9b,sk_pts,under,Patrick Kane,0.5,betonlineag,-115,-112,oddsapi
2026-09-29T16:05:06Z,2026-09-29,CHI @ VGK,deceabd9bfa9fdbfb352546844ecee9b,sk_pts,over,Mitch Marner,0.5,betonlineag,-192,145,oddsapi
2026-09-29T16:05:06Z,2026-09-29,CHI @ VGK,deceabd9bfa9fdbfb352546844ecee9b,sk_pts,under,Mitch Marner,0.5,betonlineag,145,-192,oddsapi
2026-09-29T16:05:06Z,2026-09-29,CHI @ VGK,deceabd9bfa9fdbfb352546844ecee9b,sk_pts,over,Mark Stone,0.5,betonlineag,-149,115,oddsapi
2026-09-29T16:05:06Z,2026-09-29,CHI @ VGK,deceabd9bfa9fdbfb352546844ecee9b,sk_pts,under,Mark Stone,0.5,betonlineag,115,-149,oddsapi
2026-09-29T16:05:06Z,2026-09-29,CHI @ VGK,deceabd9bfa9fdbfb352546844ecee9b,sk_pts,over,Bowen Byram,0.5,betonlineag,134,-175,oddsapi
2026-09-29T16:05:06Z,2026-09-29,CHI @ VGK,deceabd9bfa9fdbfb352546844ecee9b,sk_pts,under,Bowen Byram,0.5,betonlineag,-175,134,oddsapi
2026-09-29T16:05:06Z,2026-09-29,CHI @ VGK,deceabd9bfa9fdbfb352546844ecee9b,sk_pts,over,Jack Eichel,0.5,betonlineag,-244,180,oddsapi
2026-09-29T16:05:06Z,2026-09-29,CHI @ VGK,deceabd9bfa9fdbfb352546844ecee9b,sk_pts,under,Jack Eichel,0.5,betonlineag,180,-244,oddsapi
2026-09-29T16:05:06Z,2026-09-29,CHI @ VGK,deceabd9bfa9fdbfb352546844ecee9b,sk_pts,over,Frank Nazar,0.5,betonlineag,155,-204,oddsapi
2026-09-29T16:05:06Z,2026-09-29,CHI @ VGK,deceabd9bfa9fdbfb352546844ecee9b,sk_pts,under,Frank Nazar,0.5,betonlineag,-204,155,oddsapi
2026-09-29T16:05:06Z,2026-09-29,CHI @ VGK,deceabd9bfa9fdbfb352546844ecee9b,sk_pts,over,Tomas Hertl,0.5,betonlineag,-118,-110,oddsapi
2026-09-29T16:05:06Z,2026-09-29,CHI @ VGK,deceabd9bfa9fdbfb352546844ecee9b,sk_pts,under,Tomas Hertl,0.5,betonlineag,-110,-118,oddsapi
2026-09-29T16:05:06Z,2026-09-29,CHI @ VGK,deceabd9bfa9fdbfb352546844ecee9b,sk_pts,over,William Karlsson,0.5,betonlineag,126,-164,oddsapi
2026-09-29T16:05:06Z,2026-09-29,CHI @ VGK,deceabd9bfa9fdbfb352546844ecee9b,sk_pts,under,William Karlsson,0.5,betonlineag,-164,126,oddsapi
2026-09-29T16:05:06Z,2026-09-29,CHI @ VGK,deceabd9bfa9fdbfb352546844ecee9b,sk_pts,over,Rasmus Andersson,0.5,betonlineag,122,-159,oddsapi
2026-09-29T16:05:06Z,2026-09-29,CHI @ VGK,deceabd9bfa9fdbfb352546844ecee9b,sk_pts,under,Rasmus Andersson,0.5,betonlineag,-159,122,oddsapi
2026-09-29T16:05:06Z,2026-09-29,CHI @ VGK,deceabd9bfa9fdbfb352546844ecee9b,sk_pts,over,Brett Howden,0.5,betonlineag,141,-185,oddsapi
2026-09-29T16:05:06Z,2026-09-29,CHI @ VGK,deceabd9bfa9fdbfb352546844ecee9b,sk_pts,under,Brett Howden,0.5,betonlineag,-185,141,oddsapi
2026-09-29T16:05:06Z,2026-09-29,CHI @ VGK,deceabd9bfa9fdbfb352546844ecee9b,sk_pts,over,Victor Olofsson,0.5,betonlineag,141,-185,oddsapi
2026-09-29T16:05:06Z,2026-09-29,CHI @ VGK,deceabd9bfa9fdbfb352546844ecee9b,sk_pts,under,Victor Olofsson,0.5,betonlineag,-185,141,oddsapi
2026-09-29T16:05:06Z,2026-09-29,CHI @ VGK,deceabd9bfa9fdbfb352546844ecee9b,sk_sog,over,Anton Frondell,2.5,betonlineag,134,-175,oddsapi
2026-09-29T16:05:06Z,2026-09-29,CHI @ VGK,deceabd9bfa9fdbfb352546844ecee9b,sk_sog,under,Anton Frondell,2.5,betonlineag,-175,134,oddsapi
2026-09-29T16:05:06Z,2026-09-29,CHI @ VGK,deceabd9bfa9fdbfb352546844ecee9b,sk_sog,over,Roman Kantserov,1.5,betonlineag,-182,138,oddsapi
2026-09-29T16:05:06Z,2026-09-29,CHI @ VGK,deceabd9bfa9fdbfb352546844ecee9b,sk_sog,under,Roman Kantserov,1.5,betonlineag,138,-182,oddsapi
2026-09-29T16:05:06Z,2026-09-29,CHI @ VGK,deceabd9bfa9fdbfb352546844ecee9b,sk_sog,over,Bowen Byram,1.5,betonlineag,-105,-123,oddsapi
2026-09-29T16:05:06Z,2026-09-29,CHI @ VGK,deceabd9bfa9fdbfb352546844ecee9b,sk_sog,under,Bowen Byram,1.5,betonlineag,-123,-105,oddsapi
2026-09-29T16:05:06Z,2026-09-29,CHI @ VGK,deceabd9bfa9fdbfb352546844ecee9b,sk_sog,over,Patrick Kane,1.5,betonlineag,-185,140,oddsapi
2026-09-29T16:05:06Z,2026-09-29,CHI @ VGK,deceabd9bfa9fdbfb352546844ecee9b,sk_sog,under,Patrick Kane,1.5,betonlineag,140,-185,oddsapi
2026-09-29T16:05:06Z,2026-09-29,CHI @ VGK,deceabd9bfa9fdbfb352546844ecee9b,sk_sog,over,Jack Eichel,3.5,betonlineag,118,-154,oddsapi
2026-09-29T16:05:06Z,2026-09-29,CHI @ VGK,deceabd9bfa9fdbfb352546844ecee9b,sk_sog,under,Jack Eichel,3.5,betonlineag,-154,118,oddsapi
2026-09-29T16:05:06Z,2026-09-29,CHI @ VGK,deceabd9bfa9fdbfb352546844ecee9b,sk_sog,over,Mark Stone,1.5,betonlineag,-164,125,oddsapi
2026-09-29T16:05:06Z,2026-09-29,CHI @ VGK,deceabd9bfa9fdbfb352546844ecee9b,sk_sog,under,Mark Stone,1.5,betonlineag,125,-164,oddsapi
2026-09-29T16:05:06Z,2026-09-29,CHI @ VGK,deceabd9bfa9fdbfb352546844ecee9b,sk_sog,over,William Karlsson,1.5,betonlineag,-143,110,oddsapi
2026-09-29T16:05:06Z,2026-09-29,CHI @ VGK,deceabd9bfa9fdbfb352546844ecee9b,sk_sog,under,William Karlsson,1.5,betonlineag,110,-143,oddsapi
2026-09-29T16:05:06Z,2026-09-29,CHI @ VGK,deceabd9bfa9fdbfb352546844ecee9b,sk_sog,over,Tomas Hertl,2.5,betonlineag,136,-179,oddsapi
2026-09-29T16:05:06Z,2026-09-29,CHI @ VGK,deceabd9bfa9fdbfb352546844ecee9b,sk_sog,under,Tomas Hertl,2.5,betonlineag,-179,136,oddsapi
2026-09-29T16:05:06Z,2026-09-29,CHI @ VGK,deceabd9bfa9fdbfb352546844ecee9b,sk_sog,over,Sam Rinzel,1.5,betonlineag,122,-159,oddsapi
2026-09-29T16:05:06Z,2026-09-29,CHI @ VGK,deceabd9bfa9fdbfb352546844ecee9b,sk_sog,under,Sam Rinzel,1.5,betonlineag,-159,122,oddsapi
2026-09-29T16:05:06Z,2026-09-29,CHI @ VGK,deceabd9bfa9fdbfb352546844ecee9b,sk_sog,over,Mitch Marner,2.5,betonlineag,115,-149,oddsapi
2026-09-29T16:05:06Z,2026-09-29,CHI @ VGK,deceabd9bfa9fdbfb352546844ecee9b,sk_sog,under,Mitch Marner,2.5,betonlineag,-149,115,oddsapi
2026-09-29T16:05:06Z,2026-09-29,CHI @ VGK,deceabd9bfa9fdbfb352546844ecee9b,sk_sog,over,Ivan Barbashev,1.5,betonlineag,109,-141,oddsapi
2026-09-29T16:05:06Z,2026-09-29,CHI @ VGK,deceabd9bfa9fdbfb352546844ecee9b,sk_sog,under,Ivan Barbashev,1.5,betonlineag,-141,109,oddsapi
2026-09-29T16:05:06Z,2026-09-29,CHI @ VGK,deceabd9bfa9fdbfb352546844ecee9b,sk_sog,over,Shea Theodore,1.5,betonlineag,-152,116,oddsapi
2026-09-29T16:05:06Z,2026-09-29,CHI @ VGK,deceabd9bfa9fdbfb352546844ecee9b,sk_sog,under,Shea Theodore,1.5,betonlineag,116,-152,oddsapi
2026-09-29T16:05:06Z,2026-09-29,CHI @ VGK,deceabd9bfa9fdbfb352546844ecee9b,sk_sog,over,Rasmus Andersson,1.5,betonlineag,-149,115,oddsapi
2026-09-29T16:05:06Z,2026-09-29,CHI @ VGK,deceabd9bfa9fdbfb352546844ecee9b,sk_sog,under,Rasmus Andersson,1.5,betonlineag,115,-149,oddsapi
2026-09-29T16:05:06Z,2026-09-29,CHI @ VGK,deceabd9bfa9fdbfb352546844ecee9b,sk_sog,over,Tyler Bertuzzi,1.5,betonlineag,-103,-125,oddsapi
2026-09-29T16:05:06Z,2026-09-29,CHI @ VGK,deceabd9bfa9fdbfb352546844ecee9b,sk_sog,under,Tyler Bertuzzi,1.5,betonlineag,-125,-103,oddsapi
2026-09-29T16:05:06Z,2026-09-29,CHI @ VGK,deceabd9bfa9fdbfb352546844ecee9b,sk_sog,over,Victor Olofsson,1.5,betonlineag,-112,-115,oddsapi
2026-09-29T16:05:06Z,2026-09-29,CHI @ VGK,deceabd9bfa9fdbfb352546844ecee9b,sk_sog,under,Victor Olofsson,1.5,betonlineag,-115,-112,oddsapi
2026-09-29T16:05:06Z,2026-09-29,CHI @ VGK,deceabd9bfa9fdbfb352546844ecee9b,sk_sog,over,Frank Nazar,1.5,betonlineag,-115,-112,oddsapi
2026-09-29T16:05:06Z,2026-09-29,CHI @ VGK,deceabd9bfa9fdbfb352546844ecee9b,sk_sog,under,Frank Nazar,1.5,betonlineag,-112,-115,oddsapi
2026-09-29T16:05:06Z,2026-09-29,CHI @ VGK,deceabd9bfa9fdbfb352546844ecee9b,g_saves,over,Carter Hart,20.5,betonlineag,-108,-120,oddsapi
2026-09-29T16:05:06Z,2026-09-29,CHI @ VGK,deceabd9bfa9fdbfb352546844ecee9b,g_saves,under,Carter Hart,20.5,betonlineag,-120,-108,oddsapi
2026-09-29T16:05:06Z,2026-09-29,CHI @ VGK,deceabd9bfa9fdbfb352546844ecee9b,g_saves,over,Spencer Knight,25.5,betonlineag,100,-130,oddsapi
2026-09-29T16:05:06Z,2026-09-29,CHI @ VGK,deceabd9bfa9fdbfb352546844ecee9b,g_saves,under,Spencer Knight,25.5,betonlineag,-130,100,oddsapi
2026-09-29T16:05:06Z,2026-09-29,CHI @ VGK,deceabd9bfa9fdbfb352546844ecee9b,p1_pl,CHI,,0.5,betonlineag,-140,120,oddsapi
2026-09-29T16:05:06Z,2026-09-29,CHI @ VGK,deceabd9bfa9fdbfb352546844ecee9b,p1_pl,VGK,,-0.5,betonlineag,120,-140,oddsapi
2026-09-29T16:05:06Z,2026-09-29,CHI @ VGK,deceabd9bfa9fdbfb352546844ecee9b,team_total,over,CHI,2.5,betonlineag,109,-140,oddsapi
2026-09-29T16:05:06Z,2026-09-29,CHI @ VGK,deceabd9bfa9fdbfb352546844ecee9b,team_total,under,CHI,2.5,betonlineag,-140,109,oddsapi
2026-09-29T16:05:06Z,2026-09-29,CHI @ VGK,deceabd9bfa9fdbfb352546844ecee9b,team_total,over,VGK,3.5,betonlineag,-123,-107,oddsapi
2026-09-29T16:05:06Z,2026-09-29,CHI @ VGK,deceabd9bfa9fdbfb352546844ecee9b,team_total,under,VGK,3.5,betonlineag,-107,-123,oddsapi
2026-09-29T16:05:06Z,2026-09-29,CHI @ VGK,deceabd9bfa9fdbfb352546844ecee9b,p1_total,over,,1.5,betonlineag,-120,100,oddsapi
2026-09-29T16:05:06Z,2026-09-29,CHI @ VGK,deceabd9bfa9fdbfb352546844ecee9b,p1_total,under,,1.5,betonlineag,100,-120,oddsapi
2026-09-29T16:05:06Z,2026-09-29,CHI @ VGK,deceabd9bfa9fdbfb352546844ecee9b,team_total_alt,over,CHI,0.5,betmgm,-1200,550,oddsapi
2026-09-29T16:05:06Z,2026-09-29,CHI @ VGK,deceabd9bfa9fdbfb352546844ecee9b,team_total_alt,under,CHI,0.5,betmgm,550,-1200,oddsapi
2026-09-29T16:05:06Z,2026-09-29,CHI @ VGK,deceabd9bfa9fdbfb352546844ecee9b,team_total_alt,over,CHI,1,betmgm,-900,450,oddsapi
2026-09-29T16:05:06Z,2026-09-29,CHI @ VGK,deceabd9bfa9fdbfb352546844ecee9b,team_total_alt,under,CHI,1,betmgm,450,-900,oddsapi
2026-09-29T16:05:06Z,2026-09-29,CHI @ VGK,deceabd9bfa9fdbfb352546844ecee9b,team_total_alt,over,CHI,1.5,betmgm,-250,170,oddsapi
2026-09-29T16:05:06Z,2026-09-29,CHI @ VGK,deceabd9bfa9fdbfb352546844ecee9b,team_total_alt,under,CHI,1.5,betmgm,170,-250,oddsapi
2026-09-29T16:05:06Z,2026-09-29,CHI @ VGK,deceabd9bfa9fdbfb352546844ecee9b,team_total_alt,over,CHI,2,betmgm,-160,115,oddsapi
2026-09-29T16:05:06Z,2026-09-29,CHI @ VGK,deceabd9bfa9fdbfb352546844ecee9b,team_total_alt,under,CHI,2,betmgm,115,-160,oddsapi
2026-09-29T16:05:06Z,2026-09-29,CHI @ VGK,deceabd9bfa9fdbfb352546844ecee9b,team_total_alt,over,CHI,2.5,betmgm,110,-155,oddsapi
2026-09-29T16:05:06Z,2026-09-29,CHI @ VGK,deceabd9bfa9fdbfb352546844ecee9b,team_total_alt,under,CHI,2.5,betmgm,-155,110,oddsapi
2026-09-29T16:05:06Z,2026-09-29,CHI @ VGK,deceabd9bfa9fdbfb352546844ecee9b,team_total_alt,over,CHI,3,betmgm,190,-275,oddsapi
2026-09-29T16:05:06Z,2026-09-29,CHI @ VGK,deceabd9bfa9fdbfb352546844ecee9b,team_total_alt,under,CHI,3,betmgm,-275,190,oddsapi
2026-09-29T16:05:06Z,2026-09-29,CHI @ VGK,deceabd9bfa9fdbfb352546844ecee9b,team_total_alt,over,CHI,3.5,betmgm,250,-375,oddsapi
2026-09-29T16:05:06Z,2026-09-29,CHI @ VGK,deceabd9bfa9fdbfb352546844ecee9b,team_total_alt,under,CHI,3.5,betmgm,-375,250,oddsapi
2026-09-29T16:05:06Z,2026-09-29,CHI @ VGK,deceabd9bfa9fdbfb352546844ecee9b,team_total_alt,over,CHI,4,betmgm,475,-1000,oddsapi
2026-09-29T16:05:06Z,2026-09-29,CHI @ VGK,deceabd9bfa9fdbfb352546844ecee9b,team_total_alt,under,CHI,4,betmgm,-1000,475,oddsapi
2026-09-29T16:05:06Z,2026-09-29,CHI @ VGK,deceabd9bfa9fdbfb352546844ecee9b,team_total_alt,over,VGK,1.5,betmgm,-1100,525,oddsapi
2026-09-29T16:05:06Z,2026-09-29,CHI @ VGK,deceabd9bfa9fdbfb352546844ecee9b,team_total_alt,under,VGK,1.5,betmgm,525,-1100,oddsapi
2026-09-29T16:05:06Z,2026-09-29,CHI @ VGK,deceabd9bfa9fdbfb352546844ecee9b,team_total_alt,over,VGK,2,betmgm,-900,450,oddsapi
2026-09-29T16:05:06Z,2026-09-29,CHI @ VGK,deceabd9bfa9fdbfb352546844ecee9b,team_total_alt,under,VGK,2,betmgm,450,-900,oddsapi
2026-09-29T16:05:06Z,2026-09-29,CHI @ VGK,deceabd9bfa9fdbfb352546844ecee9b,team_total_alt,over,VGK,2.5,betmgm,-325,225,oddsapi
2026-09-29T16:05:06Z,2026-09-29,CHI @ VGK,deceabd9bfa9fdbfb352546844ecee9b,team_total_alt,under,VGK,2.5,betmgm,225,-325,oddsapi
2026-09-29T16:05:06Z,2026-09-29,CHI @ VGK,deceabd9bfa9fdbfb352546844ecee9b,team_total_alt,over,VGK,3,betmgm,-250,170,oddsapi
2026-09-29T16:05:06Z,2026-09-29,CHI @ VGK,deceabd9bfa9fdbfb352546844ecee9b,team_total_alt,under,VGK,3,betmgm,170,-250,oddsapi
2026-09-29T16:05:06Z,2026-09-29,CHI @ VGK,deceabd9bfa9fdbfb352546844ecee9b,team_total_alt,over,VGK,3.5,betmgm,-140,100,oddsapi
2026-09-29T16:05:06Z,2026-09-29,CHI @ VGK,deceabd9bfa9fdbfb352546844ecee9b,team_total_alt,under,VGK,3.5,betmgm,100,-140,oddsapi
2026-09-29T16:05:06Z,2026-09-29,CHI @ VGK,deceabd9bfa9fdbfb352546844ecee9b,team_total_alt,over,VGK,4,betmgm,115,-160,oddsapi
2026-09-29T16:05:06Z,2026-09-29,CHI @ VGK,deceabd9bfa9fdbfb352546844ecee9b,team_total_alt,under,VGK,4,betmgm,-160,115,oddsapi
2026-09-29T16:05:06Z,2026-09-29,CHI @ VGK,deceabd9bfa9fdbfb352546844ecee9b,team_total_alt,over,VGK,4.5,betmgm,160,-225,oddsapi
2026-09-29T16:05:06Z,2026-09-29,CHI @ VGK,deceabd9bfa9fdbfb352546844ecee9b,team_total_alt,under,VGK,4.5,betmgm,-225,160,oddsapi
2026-09-29T16:05:06Z,2026-09-29,CHI @ VGK,deceabd9bfa9fdbfb352546844ecee9b,team_total_alt,over,VGK,5.5,betmgm,350,-625,oddsapi
2026-09-29T16:05:06Z,2026-09-29,CHI @ VGK,deceabd9bfa9fdbfb352546844ecee9b,team_total_alt,under,VGK,5.5,betmgm,-625,350,oddsapi
2026-09-29T16:05:06Z,2026-09-29,CHI @ VGK,deceabd9bfa9fdbfb352546844ecee9b,team_total_alt,over,VGK,5,betmgm,290,-475,oddsapi
2026-09-29T16:05:06Z,2026-09-29,CHI @ VGK,deceabd9bfa9fdbfb352546844ecee9b,team_total_alt,under,VGK,5,betmgm,-475,290,oddsapi
2026-09-29T16:05:06Z,2026-09-29,CHI @ VGK,deceabd9bfa9fdbfb352546844ecee9b,game_ml3,CHI,,,betmgm,320,,oddsapi
2026-09-29T16:05:06Z,2026-09-29,CHI @ VGK,deceabd9bfa9fdbfb352546844ecee9b,game_ml3,VGK,,,betmgm,-160,,oddsapi
2026-09-29T16:05:06Z,2026-09-29,CHI @ VGK,deceabd9bfa9fdbfb352546844ecee9b,game_ml3,draw,,,betmgm,350,,oddsapi
2026-09-29T16:05:06Z,2026-09-29,CHI @ VGK,deceabd9bfa9fdbfb352546844ecee9b,p1_ml3,CHI,,,betmgm,275,,oddsapi
2026-09-29T16:05:06Z,2026-09-29,CHI @ VGK,deceabd9bfa9fdbfb352546844ecee9b,p1_ml3,VGK,,,betmgm,105,,oddsapi
2026-09-29T16:05:06Z,2026-09-29,CHI @ VGK,deceabd9bfa9fdbfb352546844ecee9b,p1_ml3,draw,,,betmgm,180,,oddsapi
2026-09-29T16:05:06Z,2026-09-29,CHI @ VGK,deceabd9bfa9fdbfb352546844ecee9b,p2_ml3,CHI,,,betmgm,270,,oddsapi
2026-09-29T16:05:06Z,2026-09-29,CHI @ VGK,deceabd9bfa9fdbfb352546844ecee9b,p2_ml3,VGK,,,betmgm,-102,,oddsapi
2026-09-29T16:05:06Z,2026-09-29,CHI @ VGK,deceabd9bfa9fdbfb352546844ecee9b,p2_ml3,draw,,,betmgm,200,,oddsapi
2026-09-29T16:05:06Z,2026-09-29,CHI @ VGK,deceabd9bfa9fdbfb352546844ecee9b,p3_ml3,CHI,,,betmgm,260,,oddsapi
2026-09-29T16:05:06Z,2026-09-29,CHI @ VGK,deceabd9bfa9fdbfb352546844ecee9b,p3_ml3,VGK,,,betmgm,-115,,oddsapi
2026-09-29T16:05:06Z,2026-09-29,CHI @ VGK,deceabd9bfa9fdbfb352546844ecee9b,p3_ml3,draw,,,betmgm,240,,oddsapi
2026-09-29T16:05:06Z,2026-09-29,CHI @ VGK,deceabd9bfa9fdbfb352546844ecee9b,p1_ml,CHI,,,betmgm,165,-220,oddsapi
2026-09-29T16:05:06Z,2026-09-29,CHI @ VGK,deceabd9bfa9fdbfb352546844ecee9b,p1_ml,VGK,,,betmgm,-220,165,oddsapi
2026-09-29T16:05:06Z,2026-09-29,CHI @ VGK,deceabd9bfa9fdbfb352546844ecee9b,p2_ml,CHI,,,betmgm,165,-235,oddsapi
2026-09-29T16:05:06Z,2026-09-29,CHI @ VGK,deceabd9bfa9fdbfb352546844ecee9b,p2_ml,VGK,,,betmgm,-235,165,oddsapi
2026-09-29T16:05:06Z,2026-09-29,CHI @ VGK,deceabd9bfa9fdbfb352546844ecee9b,p3_ml,CHI,,,betmgm,170,-250,oddsapi
2026-09-29T16:05:06Z,2026-09-29,CHI @ VGK,deceabd9bfa9fdbfb352546844ecee9b,p3_ml,VGK,,,betmgm,-250,170,oddsapi
2026-09-29T16:05:06Z,2026-09-29,CHI @ VGK,deceabd9bfa9fdbfb352546844ecee9b,ags,yes,Mark Stone,,betmgm,154,,oddsapi
2026-09-29T16:05:06Z,2026-09-29,CHI @ VGK,deceabd9bfa9fdbfb352546844ecee9b,ags,yes,Jack Eichel,,betmgm,165,,oddsapi
2026-09-29T16:05:06Z,2026-09-29,CHI @ VGK,deceabd9bfa9fdbfb352546844ecee9b,ags,yes,Mitch Marner,,betmgm,190,,oddsapi
2026-09-29T16:05:06Z,2026-09-29,CHI @ VGK,deceabd9bfa9fdbfb352546844ecee9b,ags,yes,Tomas Hertl,,betmgm,220,,oddsapi
2026-09-29T16:05:06Z,2026-09-29,CHI @ VGK,deceabd9bfa9fdbfb352546844ecee9b,ags,yes,Tyler Bertuzzi,,betmgm,220,,oddsapi
2026-09-29T16:05:06Z,2026-09-29,CHI @ VGK,deceabd9bfa9fdbfb352546844ecee9b,ags,yes,Brett Howden,,betmgm,230,,oddsapi
2026-09-29T16:05:06Z,2026-09-29,CHI @ VGK,deceabd9bfa9fdbfb352546844ecee9b,ags,yes,Ivan Barbashev,,betmgm,250,,oddsapi
2026-09-29T16:05:06Z,2026-09-29,CHI @ VGK,deceabd9bfa9fdbfb352546844ecee9b,ags,yes,Patrick Kane,,betmgm,300,,oddsapi
2026-09-29T16:05:06Z,2026-09-29,CHI @ VGK,deceabd9bfa9fdbfb352546844ecee9b,ags,yes,Frank Nazar,,betmgm,333,,oddsapi
2026-09-29T16:05:06Z,2026-09-29,CHI @ VGK,deceabd9bfa9fdbfb352546844ecee9b,ags,yes,Anton Frondell,,betmgm,333,,oddsapi
2026-09-29T16:05:06Z,2026-09-29,CHI @ VGK,deceabd9bfa9fdbfb352546844ecee9b,ags,yes,Roman Kantserov,,betmgm,350,,oddsapi
2026-09-29T16:05:06Z,2026-09-29,CHI @ VGK,deceabd9bfa9fdbfb352546844ecee9b,ags,yes,William Karlsson,,betmgm,360,,oddsapi
2026-09-29T16:05:06Z,2026-09-29,CHI @ VGK,deceabd9bfa9fdbfb352546844ecee9b,ags,yes,Shea Theodore,,betmgm,375,,oddsapi
2026-09-29T16:05:06Z,2026-09-29,CHI @ VGK,deceabd9bfa9fdbfb352546844ecee9b,ags,yes,Victor Olofsson,,betmgm,375,,oddsapi
2026-09-29T16:05:06Z,2026-09-29,CHI @ VGK,deceabd9bfa9fdbfb352546844ecee9b,ags,yes,Ryan Donato,,betmgm,400,,oddsapi
2026-09-29T16:05:06Z,2026-09-29,CHI @ VGK,deceabd9bfa9fdbfb352546844ecee9b,ags,yes,Braeden Bowman,,betmgm,425,,oddsapi
2026-09-29T16:05:06Z,2026-09-29,CHI @ VGK,deceabd9bfa9fdbfb352546844ecee9b,ags,yes,Nick Lardis,,betmgm,475,,oddsapi
2026-09-29T16:05:06Z,2026-09-29,CHI @ VGK,deceabd9bfa9fdbfb352546844ecee9b,ags,yes,Ryan Greene,,betmgm,550,,oddsapi
2026-09-29T16:05:06Z,2026-09-29,CHI @ VGK,deceabd9bfa9fdbfb352546844ecee9b,ags,yes,Trevor Connelly,,betmgm,550,,oddsapi
2026-09-29T16:05:06Z,2026-09-29,CHI @ VGK,deceabd9bfa9fdbfb352546844ecee9b,ags,yes,Rasmus Andersson,,betmgm,575,,oddsapi
2026-09-29T16:05:06Z,2026-09-29,CHI @ VGK,deceabd9bfa9fdbfb352546844ecee9b,ags,yes,Oliver Moore,,betmgm,650,,oddsapi
2026-09-29T16:05:06Z,2026-09-29,CHI @ VGK,deceabd9bfa9fdbfb352546844ecee9b,ags,yes,Marc Gatcomb,,betmgm,650,,oddsapi
2026-09-29T16:05:06Z,2026-09-29,CHI @ VGK,deceabd9bfa9fdbfb352546844ecee9b,ags,yes,Andrew Mangiapane,,betmgm,675,,oddsapi
2026-09-29T16:05:06Z,2026-09-29,CHI @ VGK,deceabd9bfa9fdbfb352546844ecee9b,ags,yes,Bowen Byram,,betmgm,725,,oddsapi
2026-09-29T16:05:06Z,2026-09-29,CHI @ VGK,deceabd9bfa9fdbfb352546844ecee9b,ags,yes,Nic Dowd,,betmgm,775,,oddsapi
2026-09-29T16:05:06Z,2026-09-29,CHI @ VGK,deceabd9bfa9fdbfb352546844ecee9b,ags,yes,Cole Smith,,betmgm,850,,oddsapi
2026-09-29T16:05:06Z,2026-09-29,CHI @ VGK,deceabd9bfa9fdbfb352546844ecee9b,ags,yes,Jordan Greenway,,betmgm,1000,,oddsapi
2026-09-29T16:05:06Z,2026-09-29,CHI @ VGK,deceabd9bfa9fdbfb352546844ecee9b,ags,yes,Brayden McNabb,,betmgm,1200,,oddsapi
2026-09-29T16:05:06Z,2026-09-29,CHI @ VGK,deceabd9bfa9fdbfb352546844ecee9b,ags,yes,Sam Rinzel,,betmgm,1250,,oddsapi
2026-09-29T16:05:06Z,2026-09-29,CHI @ VGK,deceabd9bfa9fdbfb352546844ecee9b,ags,yes,Wyatt Kaiser,,betmgm,1400,,oddsapi
2026-09-29T16:05:06Z,2026-09-29,CHI @ VGK,deceabd9bfa9fdbfb352546844ecee9b,ags,yes,Noah Hanifin,,betmgm,1500,,oddsapi
2026-09-29T16:05:06Z,2026-09-29,CHI @ VGK,deceabd9bfa9fdbfb352546844ecee9b,ags,yes,Artyom Levshunov,,betmgm,1650,,oddsapi
2026-09-29T16:05:06Z,2026-09-29,CHI @ VGK,deceabd9bfa9fdbfb352546844ecee9b,ags,yes,Jeremy Lauzon,,betmgm,2200,,oddsapi
2026-09-29T16:05:06Z,2026-09-29,CHI @ VGK,deceabd9bfa9fdbfb352546844ecee9b,ags,yes,Parker Wotherspoon,,betmgm,2200,,oddsapi
2026-09-29T16:05:06Z,2026-09-29,CHI @ VGK,deceabd9bfa9fdbfb352546844ecee9b,ags,yes,Alex Vlasic,,betmgm,2200,,oddsapi
2026-09-29T16:05:06Z,2026-09-29,CHI @ VGK,deceabd9bfa9fdbfb352546844ecee9b,ags,yes,Ian Cole,,betmgm,3000,,oddsapi
2026-09-29T16:05:06Z,2026-09-29,CHI @ VGK,deceabd9bfa9fdbfb352546844ecee9b,fgs,yes,Jack Eichel,,betmgm,1000,,oddsapi
2026-09-29T16:05:06Z,2026-09-29,CHI @ VGK,deceabd9bfa9fdbfb352546844ecee9b,fgs,yes,Mark Stone,,betmgm,1050,,oddsapi
2026-09-29T16:05:06Z,2026-09-29,CHI @ VGK,deceabd9bfa9fdbfb352546844ecee9b,fgs,yes,Mitch Marner,,betmgm,1200,,oddsapi
2026-09-29T16:05:06Z,2026-09-29,CHI @ VGK,deceabd9bfa9fdbfb352546844ecee9b,fgs,yes,Ivan Barbashev,,betmgm,1450,,oddsapi
2026-09-29T16:05:06Z,2026-09-29,CHI @ VGK,deceabd9bfa9fdbfb352546844ecee9b,fgs,yes,Brett Howden,,betmgm,1500,,oddsapi
2026-09-29T16:05:06Z,2026-09-29,CHI @ VGK,deceabd9bfa9fdbfb352546844ecee9b,fgs,yes,Tomas Hertl,,betmgm,1500,,oddsapi
2026-09-29T16:05:06Z,2026-09-29,CHI @ VGK,deceabd9bfa9fdbfb352546844ecee9b,fgs,yes,Tyler Bertuzzi,,betmgm,1650,,oddsapi
2026-09-29T16:05:06Z,2026-09-29,CHI @ VGK,deceabd9bfa9fdbfb352546844ecee9b,fgs,yes,Patrick Kane,,betmgm,1700,,oddsapi
2026-09-29T16:05:06Z,2026-09-29,CHI @ VGK,deceabd9bfa9fdbfb352546844ecee9b,fgs,yes,Frank Nazar,,betmgm,1900,,oddsapi
2026-09-29T16:05:06Z,2026-09-29,CHI @ VGK,deceabd9bfa9fdbfb352546844ecee9b,fgs,yes,Roman Kantserov,,betmgm,2000,,oddsapi
2026-09-29T16:05:06Z,2026-09-29,CHI @ VGK,deceabd9bfa9fdbfb352546844ecee9b,fgs,yes,Victor Olofsson,,betmgm,2000,,oddsapi
2026-09-29T16:05:06Z,2026-09-29,CHI @ VGK,deceabd9bfa9fdbfb352546844ecee9b,fgs,yes,William Karlsson,,betmgm,2000,,oddsapi
2026-09-29T16:05:06Z,2026-09-29,CHI @ VGK,deceabd9bfa9fdbfb352546844ecee9b,fgs,yes,Shea Theodore,,betmgm,2200,,oddsapi
2026-09-29T16:05:06Z,2026-09-29,CHI @ VGK,deceabd9bfa9fdbfb352546844ecee9b,fgs,yes,Anton Frondell,,betmgm,2200,,oddsapi
2026-09-29T16:05:06Z,2026-09-29,CHI @ VGK,deceabd9bfa9fdbfb352546844ecee9b,fgs,yes,Nick Lardis,,betmgm,2500,,oddsapi
2026-09-29T16:05:06Z,2026-09-29,CHI @ VGK,deceabd9bfa9fdbfb352546844ecee9b,fgs,yes,Ryan Donato,,betmgm,2500,,oddsapi
2026-09-29T16:05:06Z,2026-09-29,CHI @ VGK,deceabd9bfa9fdbfb352546844ecee9b,fgs,yes,Braeden Bowman,,betmgm,2500,,oddsapi
2026-09-29T16:05:06Z,2026-09-29,CHI @ VGK,deceabd9bfa9fdbfb352546844ecee9b,fgs,yes,Oliver Moore,,betmgm,3000,,oddsapi
2026-09-29T16:05:06Z,2026-09-29,CHI @ VGK,deceabd9bfa9fdbfb352546844ecee9b,fgs,yes,Trevor Connelly,,betmgm,3000,,oddsapi
2026-09-29T16:05:06Z,2026-09-29,CHI @ VGK,deceabd9bfa9fdbfb352546844ecee9b,fgs,yes,Rasmus Andersson,,betmgm,3300,,oddsapi
2026-09-29T16:05:06Z,2026-09-29,CHI @ VGK,deceabd9bfa9fdbfb352546844ecee9b,fgs,yes,Bowen Byram,,betmgm,3300,,oddsapi
2026-09-29T16:05:06Z,2026-09-29,CHI @ VGK,deceabd9bfa9fdbfb352546844ecee9b,fgs,yes,Marc Gatcomb,,betmgm,3500,,oddsapi
2026-09-29T16:05:06Z,2026-09-29,CHI @ VGK,deceabd9bfa9fdbfb352546844ecee9b,fgs,yes,Andrew Mangiapane,,betmgm,3500,,oddsapi
2026-09-29T16:05:06Z,2026-09-29,CHI @ VGK,deceabd9bfa9fdbfb352546844ecee9b,fgs,yes,Ryan Greene,,betmgm,3500,,oddsapi
2026-09-29T16:05:06Z,2026-09-29,CHI @ VGK,deceabd9bfa9fdbfb352546844ecee9b,fgs,yes,Cole Smith,,betmgm,4500,,oddsapi
2026-09-29T16:05:06Z,2026-09-29,CHI @ VGK,deceabd9bfa9fdbfb352546844ecee9b,fgs,yes,Nic Dowd,,betmgm,5000,,oddsapi
2026-09-29T16:05:06Z,2026-09-29,CHI @ VGK,deceabd9bfa9fdbfb352546844ecee9b,fgs,yes,Jordan Greenway,,betmgm,5000,,oddsapi
2026-09-29T16:05:06Z,2026-09-29,CHI @ VGK,deceabd9bfa9fdbfb352546844ecee9b,fgs,yes,Brayden McNabb,,betmgm,6600,,oddsapi
2026-09-29T16:05:06Z,2026-09-29,CHI @ VGK,deceabd9bfa9fdbfb352546844ecee9b,fgs,yes,Wyatt Kaiser,,betmgm,6600,,oddsapi
2026-09-29T16:05:06Z,2026-09-29,CHI @ VGK,deceabd9bfa9fdbfb352546844ecee9b,fgs,yes,Sam Rinzel,,betmgm,6600,,oddsapi
2026-09-29T16:05:06Z,2026-09-29,CHI @ VGK,deceabd9bfa9fdbfb352546844ecee9b,fgs,yes,Artyom Levshunov,,betmgm,8000,,oddsapi
2026-09-29T16:05:06Z,2026-09-29,CHI @ VGK,deceabd9bfa9fdbfb352546844ecee9b,fgs,yes,Alex Vlasic,,betmgm,8000,,oddsapi
2026-09-29T16:05:06Z,2026-09-29,CHI @ VGK,deceabd9bfa9fdbfb352546844ecee9b,fgs,yes,Noah Hanifin,,betmgm,8000,,oddsapi
2026-09-29T16:05:06Z,2026-09-29,CHI @ VGK,deceabd9bfa9fdbfb352546844ecee9b,fgs,yes,Parker Wotherspoon,,betmgm,8000,,oddsapi
2026-09-29T16:05:06Z,2026-09-29,CHI @ VGK,deceabd9bfa9fdbfb352546844ecee9b,fgs,yes,Ian Cole,,betmgm,10000,,oddsapi
2026-09-29T16:05:06Z,2026-09-29,CHI @ VGK,deceabd9bfa9fdbfb352546844ecee9b,fgs,yes,Jeremy Lauzon,,betmgm,10000,,oddsapi
2026-09-29T16:05:06Z,2026-09-29,CHI @ VGK,deceabd9bfa9fdbfb352546844ecee9b,p1_pl,CHI,,2,betmgm,-2500,850,oddsapi
2026-09-29T16:05:06Z,2026-09-29,CHI @ VGK,deceabd9bfa9fdbfb352546844ecee9b,p1_pl,VGK,,-2,betmgm,850,-2500,oddsapi
2026-09-29T16:05:06Z,2026-09-29,CHI @ VGK,deceabd9bfa9fdbfb352546844ecee9b,p2_pl,CHI,,2,betmgm,-2000,675,oddsapi
2026-09-29T16:05:06Z,2026-09-29,CHI @ VGK,deceabd9bfa9fdbfb352546844ecee9b,p2_pl,VGK,,-2,betmgm,675,-2000,oddsapi
2026-09-29T16:05:06Z,2026-09-29,CHI @ VGK,deceabd9bfa9fdbfb352546844ecee9b,p3_pl,CHI,,2,betmgm,-1400,575,oddsapi
2026-09-29T16:05:06Z,2026-09-29,CHI @ VGK,deceabd9bfa9fdbfb352546844ecee9b,p3_pl,VGK,,-2,betmgm,575,-1400,oddsapi
2026-09-29T16:05:06Z,2026-09-29,CHI @ VGK,deceabd9bfa9fdbfb352546844ecee9b,team_total,over,CHI,2.5,betmgm,110,-155,oddsapi
2026-09-29T16:05:06Z,2026-09-29,CHI @ VGK,deceabd9bfa9fdbfb352546844ecee9b,team_total,under,CHI,2.5,betmgm,-155,110,oddsapi
2026-09-29T16:05:06Z,2026-09-29,CHI @ VGK,deceabd9bfa9fdbfb352546844ecee9b,team_total,over,VGK,3.5,betmgm,-140,100,oddsapi
2026-09-29T16:05:06Z,2026-09-29,CHI @ VGK,deceabd9bfa9fdbfb352546844ecee9b,team_total,under,VGK,3.5,betmgm,100,-140,oddsapi
2026-09-29T16:05:06Z,2026-09-29,CHI @ VGK,deceabd9bfa9fdbfb352546844ecee9b,p1_total,over,,2.5,betmgm,240,-325,oddsapi
2026-09-29T16:05:06Z,2026-09-29,CHI @ VGK,deceabd9bfa9fdbfb352546844ecee9b,p1_total,under,,2.5,betmgm,-325,240,oddsapi
2026-09-29T16:05:06Z,2026-09-29,CHI @ VGK,deceabd9bfa9fdbfb352546844ecee9b,p2_total,over,,3,betmgm,333,-550,oddsapi
2026-09-29T16:05:06Z,2026-09-29,CHI @ VGK,deceabd9bfa9fdbfb352546844ecee9b,p2_total,under,,3,betmgm,-550,333,oddsapi
2026-09-29T16:05:06Z,2026-09-29,CHI @ VGK,deceabd9bfa9fdbfb352546844ecee9b,p3_total,over,,3,betmgm,290,-475,oddsapi
2026-09-29T16:05:06Z,2026-09-29,CHI @ VGK,deceabd9bfa9fdbfb352546844ecee9b,p3_total,under,,3,betmgm,-475,290,oddsapi
2026-09-29T16:05:06Z,2026-09-29,CHI @ VGK,deceabd9bfa9fdbfb352546844ecee9b,team_total_alt,over,CHI,1.5,betrivers,-278,195,oddsapi
2026-09-29T16:05:06Z,2026-09-29,CHI @ VGK,deceabd9bfa9fdbfb352546844ecee9b,team_total_alt,under,CHI,1.5,betrivers,195,-278,oddsapi
2026-09-29T16:05:06Z,2026-09-29,CHI @ VGK,deceabd9bfa9fdbfb352546844ecee9b,team_total_alt,over,CHI,3.5,betrivers,280,-435,oddsapi
2026-09-29T16:05:06Z,2026-09-29,CHI @ VGK,deceabd9bfa9fdbfb352546844ecee9b,team_total_alt,under,CHI,3.5,betrivers,-435,280,oddsapi
2026-09-29T16:05:06Z,2026-09-29,CHI @ VGK,deceabd9bfa9fdbfb352546844ecee9b,team_total_alt,over,CHI,2.5,betrivers,110,-150,oddsapi
2026-09-29T16:05:06Z,2026-09-29,CHI @ VGK,deceabd9bfa9fdbfb352546844ecee9b,team_total_alt,under,CHI,2.5,betrivers,-150,110,oddsapi
2026-09-29T16:05:06Z,2026-09-29,CHI @ VGK,deceabd9bfa9fdbfb352546844ecee9b,team_total_alt,over,VGK,4.5,betrivers,185,-265,oddsapi
2026-09-29T16:05:06Z,2026-09-29,CHI @ VGK,deceabd9bfa9fdbfb352546844ecee9b,team_total_alt,under,VGK,4.5,betrivers,-265,185,oddsapi
2026-09-29T16:05:06Z,2026-09-29,CHI @ VGK,deceabd9bfa9fdbfb352546844ecee9b,team_total_alt,over,VGK,5.5,betrivers,400,-715,oddsapi
2026-09-29T16:05:06Z,2026-09-29,CHI @ VGK,deceabd9bfa9fdbfb352546844ecee9b,team_total_alt,under,VGK,5.5,betrivers,-715,400,oddsapi
2026-09-29T16:05:06Z,2026-09-29,CHI @ VGK,deceabd9bfa9fdbfb352546844ecee9b,team_total_alt,over,VGK,2.5,betrivers,-335,225,oddsapi
2026-09-29T16:05:06Z,2026-09-29,CHI @ VGK,deceabd9bfa9fdbfb352546844ecee9b,team_total_alt,under,VGK,2.5,betrivers,225,-335,oddsapi
2026-09-29T16:05:06Z,2026-09-29,CHI @ VGK,deceabd9bfa9fdbfb352546844ecee9b,team_total_alt,over,VGK,3.5,betrivers,-129,-106,oddsapi
2026-09-29T16:05:06Z,2026-09-29,CHI @ VGK,deceabd9bfa9fdbfb352546844ecee9b,team_total_alt,under,VGK,3.5,betrivers,-106,-129,oddsapi
2026-09-29T16:05:06Z,2026-09-29,CHI @ VGK,deceabd9bfa9fdbfb352546844ecee9b,game_ml3,CHI,,,betrivers,340,,oddsapi
2026-09-29T16:05:06Z,2026-09-29,CHI @ VGK,deceabd9bfa9fdbfb352546844ecee9b,game_ml3,VGK,,,betrivers,-162,,oddsapi
2026-09-29T16:05:06Z,2026-09-29,CHI @ VGK,deceabd9bfa9fdbfb352546844ecee9b,game_ml3,draw,,,betrivers,370,,oddsapi
2026-09-29T16:05:06Z,2026-09-29,CHI @ VGK,deceabd9bfa9fdbfb352546844ecee9b,p1_ml3,CHI,,,betrivers,290,,oddsapi
2026-09-29T16:05:06Z,2026-09-29,CHI @ VGK,deceabd9bfa9fdbfb352546844ecee9b,p1_ml3,VGK,,,betrivers,110,,oddsapi
2026-09-29T16:05:06Z,2026-09-29,CHI @ VGK,deceabd9bfa9fdbfb352546844ecee9b,p1_ml3,draw,,,betrivers,195,,oddsapi
2026-09-29T16:05:06Z,2026-09-29,CHI @ VGK,deceabd9bfa9fdbfb352546844ecee9b,p2_ml3,CHI,,,betrivers,275,,oddsapi
2026-09-29T16:05:06Z,2026-09-29,CHI @ VGK,deceabd9bfa9fdbfb352546844ecee9b,p2_ml3,VGK,,,betrivers,106,,oddsapi
2026-09-29T16:05:06Z,2026-09-29,CHI @ VGK,deceabd9bfa9fdbfb352546844ecee9b,p2_ml3,draw,,,betrivers,210,,oddsapi
2026-09-29T16:05:06Z,2026-09-29,CHI @ VGK,deceabd9bfa9fdbfb352546844ecee9b,p3_ml3,CHI,,,betrivers,265,,oddsapi
2026-09-29T16:05:06Z,2026-09-29,CHI @ VGK,deceabd9bfa9fdbfb352546844ecee9b,p3_ml3,VGK,,,betrivers,102,,oddsapi
2026-09-29T16:05:06Z,2026-09-29,CHI @ VGK,deceabd9bfa9fdbfb352546844ecee9b,p3_ml3,draw,,,betrivers,225,,oddsapi
2026-09-29T16:05:06Z,2026-09-29,CHI @ VGK,deceabd9bfa9fdbfb352546844ecee9b,ags,yes,Patrick Kane,,betrivers,330,,oddsapi
2026-09-29T16:05:06Z,2026-09-29,CHI @ VGK,deceabd9bfa9fdbfb352546844ecee9b,ags,yes,Ryan Donato,,betrivers,460,,oddsapi
2026-09-29T16:05:06Z,2026-09-29,CHI @ VGK,deceabd9bfa9fdbfb352546844ecee9b,ags,yes,Jordan Greenway,,betrivers,750,,oddsapi
2026-09-29T16:05:06Z,2026-09-29,CHI @ VGK,deceabd9bfa9fdbfb352546844ecee9b,ags,yes,Ivan Barbashev,,betrivers,245,,oddsapi
2026-09-29T16:05:06Z,2026-09-29,CHI @ VGK,deceabd9bfa9fdbfb352546844ecee9b,ags,yes,Brayden McNabb,,betrivers,900,,oddsapi
2026-09-29T16:05:06Z,2026-09-29,CHI @ VGK,deceabd9bfa9fdbfb352546844ecee9b,ags,yes,Roman Kantserov,,betrivers,375,,oddsapi
2026-09-29T16:05:06Z,2026-09-29,CHI @ VGK,deceabd9bfa9fdbfb352546844ecee9b,ags,yes,Tyler Bertuzzi,,betrivers,340,,oddsapi
2026-09-29T16:05:06Z,2026-09-29,CHI @ VGK,deceabd9bfa9fdbfb352546844ecee9b,ags,yes,Nick Lardis,,betrivers,450,,oddsapi
2026-09-29T16:05:06Z,2026-09-29,CHI @ VGK,deceabd9bfa9fdbfb352546844ecee9b,ags,yes,Jack Eichel,,betrivers,145,,oddsapi
2026-09-29T16:05:06Z,2026-09-29,CHI @ VGK,deceabd9bfa9fdbfb352546844ecee9b,ags,yes,Victor Olofsson,,betrivers,320,,oddsapi
2026-09-29T16:05:06Z,2026-09-29,CHI @ VGK,deceabd9bfa9fdbfb352546844ecee9b,ags,yes,Artyom Levshunov,,betrivers,800,,oddsapi
2026-09-29T16:05:06Z,2026-09-29,CHI @ VGK,deceabd9bfa9fdbfb352546844ecee9b,ags,yes,Mitch Marner,,betrivers,180,,oddsapi
2026-09-29T16:05:06Z,2026-09-29,CHI @ VGK,deceabd9bfa9fdbfb352546844ecee9b,ags,yes,Ryan Greene,,betrivers,600,,oddsapi
2026-09-29T16:05:06Z,2026-09-29,CHI @ VGK,deceabd9bfa9fdbfb352546844ecee9b,ags,yes,Marc Gatcomb,,betrivers,650,,oddsapi
2026-09-29T16:05:06Z,2026-09-29,CHI @ VGK,deceabd9bfa9fdbfb352546844ecee9b,ags,yes,Parker Wotherspoon,,betrivers,750,,oddsapi
2026-09-29T16:05:06Z,2026-09-29,CHI @ VGK,deceabd9bfa9fdbfb352546844ecee9b,ags,yes,Oliver Moore,,betrivers,475,,oddsapi
2026-09-29T16:05:06Z,2026-09-29,CHI @ VGK,deceabd9bfa9fdbfb352546844ecee9b,ags,yes,Anton Frondell,,betrivers,350,,oddsapi
2026-09-29T16:05:06Z,2026-09-29,CHI @ VGK,deceabd9bfa9fdbfb352546844ecee9b,ags,yes,Noah Hanifin,,betrivers,750,,oddsapi
2026-09-29T16:05:06Z,2026-09-29,CHI @ VGK,deceabd9bfa9fdbfb352546844ecee9b,ags,yes,Cole Smith,,betrivers,750,,oddsapi
2026-09-29T16:05:06Z,2026-09-29,CHI @ VGK,deceabd9bfa9fdbfb352546844ecee9b,ags,yes,Trevor Connelly,,betrivers,375,,oddsapi
2026-09-29T16:05:06Z,2026-09-29,CHI @ VGK,deceabd9bfa9fdbfb352546844ecee9b,ags,yes,Mark Stone,,betrivers,205,,oddsapi
2026-09-29T16:05:06Z,2026-09-29,CHI @ VGK,deceabd9bfa9fdbfb352546844ecee9b,ags,yes,Tomas Hertl,,betrivers,250,,oddsapi
2026-09-29T16:05:06Z,2026-09-29,CHI @ VGK,deceabd9bfa9fdbfb352546844ecee9b,ags,yes,Shea Theodore,,betrivers,460,,oddsapi
2026-09-29T16:05:06Z,2026-09-29,CHI @ VGK,deceabd9bfa9fdbfb352546844ecee9b,ags,yes,Brett Howden,,betrivers,220,,oddsapi
2026-09-29T16:05:06Z,2026-09-29,CHI @ VGK,deceabd9bfa9fdbfb352546844ecee9b,ags,yes,William Karlsson,,betrivers,280,,oddsapi
2026-09-29T16:05:06Z,2026-09-29,CHI @ VGK,deceabd9bfa9fdbfb352546844ecee9b,ags,yes,Rasmus Andersson,,betrivers,650,,oddsapi
2026-09-29T16:05:06Z,2026-09-29,CHI @ VGK,deceabd9bfa9fdbfb352546844ecee9b,ags,yes,Sam Rinzel,,betrivers,750,,oddsapi
2026-09-29T16:05:06Z,2026-09-29,CHI @ VGK,deceabd9bfa9fdbfb352546844ecee9b,ags,yes,Andrew Mangiapane,,betrivers,500,,oddsapi
2026-09-29T16:05:06Z,2026-09-29,CHI @ VGK,deceabd9bfa9fdbfb352546844ecee9b,ags,yes,Wyatt Kaiser,,betrivers,850,,oddsapi
2026-09-29T16:05:06Z,2026-09-29,CHI @ VGK,deceabd9bfa9fdbfb352546844ecee9b,ags,yes,Ian Cole,,betrivers,850,,oddsapi
2026-09-29T16:05:06Z,2026-09-29,CHI @ VGK,deceabd9bfa9fdbfb352546844ecee9b,ags,yes,Bowen Byram,,betrivers,600,,oddsapi
2026-09-29T16:05:06Z,2026-09-29,CHI @ VGK,deceabd9bfa9fdbfb352546844ecee9b,ags,yes,Braeden Bowman,,betrivers,500,,oddsapi
2026-09-29T16:05:06Z,2026-09-29,CHI @ VGK,deceabd9bfa9fdbfb352546844ecee9b,ags,yes,Jeremy Lauzon,,betrivers,950,,oddsapi
2026-09-29T16:05:06Z,2026-09-29,CHI @ VGK,deceabd9bfa9fdbfb352546844ecee9b,ags,yes,Frank Nazar,,betrivers,330,,oddsapi
2026-09-29T16:05:06Z,2026-09-29,CHI @ VGK,deceabd9bfa9fdbfb352546844ecee9b,ags,yes,Alex Vlasic,,betrivers,800,,oddsapi
2026-09-29T16:05:06Z,2026-09-29,CHI @ VGK,deceabd9bfa9fdbfb352546844ecee9b,ags,yes,Nic Dowd,,betrivers,700,,oddsapi
2026-09-29T16:05:06Z,2026-09-29,CHI @ VGK,deceabd9bfa9fdbfb352546844ecee9b,fgs,yes,Alex Vlasic,,betrivers,3400,,oddsapi
2026-09-29T16:05:06Z,2026-09-29,CHI @ VGK,deceabd9bfa9fdbfb352546844ecee9b,fgs,yes,Patrick Kane,,betrivers,1300,,oddsapi
2026-09-29T16:05:06Z,2026-09-29,CHI @ VGK,deceabd9bfa9fdbfb352546844ecee9b,fgs,yes,Ryan Donato,,betrivers,1800,,oddsapi
2026-09-29T16:05:06Z,2026-09-29,CHI @ VGK,deceabd9bfa9fdbfb352546844ecee9b,fgs,yes,Jeremy Lauzon,,betrivers,4000,,oddsapi
2026-09-29T16:05:06Z,2026-09-29,CHI @ VGK,deceabd9bfa9fdbfb352546844ecee9b,fgs,yes,Ivan Barbashev,,betrivers,1050,,oddsapi
2026-09-29T16:05:06Z,2026-09-29,CHI @ VGK,deceabd9bfa9fdbfb352546844ecee9b,fgs,yes,Braeden Bowman,,betrivers,2000,,oddsapi
2026-09-29T16:05:06Z,2026-09-29,CHI @ VGK,deceabd9bfa9fdbfb352546844ecee9b,fgs,yes,Jack Eichel,,betrivers,700,,oddsapi
2026-09-29T16:05:06Z,2026-09-29,CHI @ VGK,deceabd9bfa9fdbfb352546844ecee9b,fgs,yes,Ryan Greene,,betrivers,2800,,oddsapi
2026-09-29T16:05:06Z,2026-09-29,CHI @ VGK,deceabd9bfa9fdbfb352546844ecee9b,fgs,yes,Anton Frondell,,betrivers,1500,,oddsapi
2026-09-29T16:05:06Z,2026-09-29,CHI @ VGK,deceabd9bfa9fdbfb352546844ecee9b,fgs,yes,Frank Nazar,,betrivers,1300,,oddsapi
2026-09-29T16:05:06Z,2026-09-29,CHI @ VGK,deceabd9bfa9fdbfb352546844ecee9b,fgs,yes,Sam Rinzel,,betrivers,3300,,oddsapi
2026-09-29T16:05:06Z,2026-09-29,CHI @ VGK,deceabd9bfa9fdbfb352546844ecee9b,fgs,yes,Tyler Bertuzzi,,betrivers,1400,,oddsapi
2026-09-29T16:05:06Z,2026-09-29,CHI @ VGK,deceabd9bfa9fdbfb352546844ecee9b,fgs,yes,Ian Cole,,betrivers,3500,,oddsapi
2026-09-29T16:05:06Z,2026-09-29,CHI @ VGK,deceabd9bfa9fdbfb352546844ecee9b,fgs,yes,William Karlsson,,betrivers,1150,,oddsapi
2026-09-29T16:05:06Z,2026-09-29,CHI @ VGK,deceabd9bfa9fdbfb352546844ecee9b,fgs,yes,Andrew Mangiapane,,betrivers,2000,,oddsapi
2026-09-29T16:05:06Z,2026-09-29,CHI @ VGK,deceabd9bfa9fdbfb352546844ecee9b,fgs,yes,Roman Kantserov,,betrivers,1500,,oddsapi
2026-09-29T16:05:06Z,2026-09-29,CHI @ VGK,deceabd9bfa9fdbfb352546844ecee9b,fgs,yes,Brayden McNabb,,betrivers,3500,,oddsapi
2026-09-29T16:05:06Z,2026-09-29,CHI @ VGK,deceabd9bfa9fdbfb352546844ecee9b,fgs,yes,Nic Dowd,,betrivers,2800,,oddsapi
2026-09-29T16:05:06Z,2026-09-29,CHI @ VGK,deceabd9bfa9fdbfb352546844ecee9b,fgs,yes,Noah Hanifin,,betrivers,3000,,oddsapi
2026-09-29T16:05:06Z,2026-09-29,CHI @ VGK,deceabd9bfa9fdbfb352546844ecee9b,fgs,yes,Shea Theodore,,betrivers,1900,,oddsapi
2026-09-29T16:05:06Z,2026-09-29,CHI @ VGK,deceabd9bfa9fdbfb352546844ecee9b,fgs,yes,Jordan Greenway,,betrivers,3000,,oddsapi
2026-09-29T16:05:06Z,2026-09-29,CHI @ VGK,deceabd9bfa9fdbfb352546844ecee9b,fgs,yes,Victor Olofsson,,betrivers,1300,,oddsapi
2026-09-29T16:05:06Z,2026-09-29,CHI @ VGK,deceabd9bfa9fdbfb352546844ecee9b,fgs,yes,Bowen Byram,,betrivers,2200,,oddsapi
2026-09-29T16:05:06Z,2026-09-29,CHI @ VGK,deceabd9bfa9fdbfb352546844ecee9b,fgs,yes,Artyom Levshunov,,betrivers,3400,,oddsapi
2026-09-29T16:05:06Z,2026-09-29,CHI @ VGK,deceabd9bfa9fdbfb352546844ecee9b,fgs,yes,Brett Howden,,betrivers,950,,oddsapi
2026-09-29T16:05:06Z,2026-09-29,CHI @ VGK,deceabd9bfa9fdbfb352546844ecee9b,fgs,yes,Marc Gatcomb,,betrivers,2500,,oddsapi
2026-09-29T16:05:06Z,2026-09-29,CHI @ VGK,deceabd9bfa9fdbfb352546844ecee9b,fgs,yes,Rasmus Andersson,,betrivers,2400,,oddsapi
2026-09-29T16:05:06Z,2026-09-29,CHI @ VGK,deceabd9bfa9fdbfb352546844ecee9b,fgs,yes,Trevor Connelly,,betrivers,1500,,oddsapi
2026-09-29T16:05:06Z,2026-09-29,CHI @ VGK,deceabd9bfa9fdbfb352546844ecee9b,fgs,yes,Cole Smith,,betrivers,3300,,oddsapi
2026-09-29T16:05:06Z,2026-09-29,CHI @ VGK,deceabd9bfa9fdbfb352546844ecee9b,fgs,yes,Nick Lardis,,betrivers,1800,,oddsapi
2026-09-29T16:05:06Z,2026-09-29,CHI @ VGK,deceabd9bfa9fdbfb352546844ecee9b,fgs,yes,Wyatt Kaiser,,betrivers,3500,,oddsapi
2026-09-29T16:05:06Z,2026-09-29,CHI @ VGK,deceabd9bfa9fdbfb352546844ecee9b,fgs,yes,Parker Wotherspoon,,betrivers,3400,,oddsapi
2026-09-29T16:05:06Z,2026-09-29,CHI @ VGK,deceabd9bfa9fdbfb352546844ecee9b,fgs,yes,Oliver Moore,,betrivers,1900,,oddsapi
2026-09-29T16:05:06Z,2026-09-29,CHI @ VGK,deceabd9bfa9fdbfb352546844ecee9b,fgs,yes,Tomas Hertl,,betrivers,1050,,oddsapi
2026-09-29T16:05:06Z,2026-09-29,CHI @ VGK,deceabd9bfa9fdbfb352546844ecee9b,fgs,yes,Mitch Marner,,betrivers,800,,oddsapi
2026-09-29T16:05:06Z,2026-09-29,CHI @ VGK,deceabd9bfa9fdbfb352546844ecee9b,fgs,yes,Mark Stone,,betrivers,900,,oddsapi
2026-09-29T16:05:06Z,2026-09-29,CHI @ VGK,deceabd9bfa9fdbfb352546844ecee9b,sk_g,over,Patrick Kane,1.5,betrivers,2400,,oddsapi
2026-09-29T16:05:06Z,2026-09-29,CHI @ VGK,deceabd9bfa9fdbfb352546844ecee9b,sk_g,over,Bowen Byram,1.5,betrivers,7000,,oddsapi
2026-09-29T16:05:06Z,2026-09-29,CHI @ VGK,deceabd9bfa9fdbfb352546844ecee9b,sk_g,over,Frank Nazar,1.5,betrivers,2200,,oddsapi
2026-09-29T16:05:06Z,2026-09-29,CHI @ VGK,deceabd9bfa9fdbfb352546844ecee9b,sk_g,over,Jack Eichel,1.5,betrivers,700,,oddsapi
2026-09-29T16:05:06Z,2026-09-29,CHI @ VGK,deceabd9bfa9fdbfb352546844ecee9b,sk_g,over,Rasmus Andersson,1.5,betrivers,8000,,oddsapi
2026-09-29T16:05:06Z,2026-09-29,CHI @ VGK,deceabd9bfa9fdbfb352546844ecee9b,sk_g,over,Cole Smith,1.5,betrivers,12000,,oddsapi
2026-09-29T16:05:06Z,2026-09-29,CHI @ VGK,deceabd9bfa9fdbfb352546844ecee9b,sk_g,over,Tyler Bertuzzi,1.5,betrivers,2500,,oddsapi
2026-09-29T16:05:06Z,2026-09-29,CHI @ VGK,deceabd9bfa9fdbfb352546844ecee9b,sk_g,over,Anton Frondell,1.5,betrivers,2800,,oddsapi
2026-09-29T16:05:06Z,2026-09-29,CHI @ VGK,deceabd9bfa9fdbfb352546844ecee9b,sk_g,over,Braeden Bowman,1.5,betrivers,5000,,oddsapi
2026-09-29T16:05:06Z,2026-09-29,CHI @ VGK,deceabd9bfa9fdbfb352546844ecee9b,sk_g,over,Noah Hanifin,1.5,betrivers,11000,,oddsapi
2026-09-29T16:05:06Z,2026-09-29,CHI @ VGK,deceabd9bfa9fdbfb352546844ecee9b,sk_g,over,Mitch Marner,2.5,betrivers,6000,,oddsapi
2026-09-29T16:05:06Z,2026-09-29,CHI @ VGK,deceabd9bfa9fdbfb352546844ecee9b,sk_g,over,Parker Wotherspoon,1.5,betrivers,13000,,oddsapi
2026-09-29T16:05:06Z,2026-09-29,CHI @ VGK,deceabd9bfa9fdbfb352546844ecee9b,sk_g,over,Jack Eichel,2.5,betrivers,4000,,oddsapi
2026-09-29T16:05:06Z,2026-09-29,CHI @ VGK,deceabd9bfa9fdbfb352546844ecee9b,sk_g,over,Alex Vlasic,1.5,betrivers,14000,,oddsapi
2026-09-29T16:05:06Z,2026-09-29,CHI @ VGK,deceabd9bfa9fdbfb352546844ecee9b,sk_g,over,Ian Cole,1.5,betrivers,14000,,oddsapi
2026-09-29T16:05:06Z,2026-09-29,CHI @ VGK,deceabd9bfa9fdbfb352546844ecee9b,sk_g,over,Trevor Connelly,1.5,betrivers,3300,,oddsapi
2026-09-29T16:05:06Z,2026-09-29,CHI @ VGK,deceabd9bfa9fdbfb352546844ecee9b,sk_g,over,Brett Howden,1.5,betrivers,1200,,oddsapi
2026-09-29T16:05:06Z,2026-09-29,CHI @ VGK,deceabd9bfa9fdbfb352546844ecee9b,sk_g,over,Artyom Levshunov,1.5,betrivers,12500,,oddsapi
2026-09-29T16:05:06Z,2026-09-29,CHI @ VGK,deceabd9bfa9fdbfb352546844ecee9b,sk_g,over,Mark Stone,2.5,betrivers,7000,,oddsapi
2026-09-29T16:05:06Z,2026-09-29,CHI @ VGK,deceabd9bfa9fdbfb352546844ecee9b,sk_g,over,Nick Lardis,1.5,betrivers,4500,,oddsapi
2026-09-29T16:05:06Z,2026-09-29,CHI @ VGK,deceabd9bfa9fdbfb352546844ecee9b,sk_g,over,Tomas Hertl,2.5,betrivers,10000,,oddsapi
2026-09-29T16:05:06Z,2026-09-29,CHI @ VGK,deceabd9bfa9fdbfb352546844ecee9b,sk_g,over,Brayden McNabb,1.5,betrivers,18000,,oddsapi
2026-09-29T16:05:06Z,2026-09-29,CHI @ VGK,deceabd9bfa9fdbfb352546844ecee9b,sk_g,over,Ryan Greene,1.5,betrivers,7500,,oddsapi
2026-09-29T16:05:06Z,2026-09-29,CHI @ VGK,deceabd9bfa9fdbfb352546844ecee9b,sk_g,over,Victor Olofsson,1.5,betrivers,2200,,oddsapi
2026-09-29T16:05:06Z,2026-09-29,CHI @ VGK,deceabd9bfa9fdbfb352546844ecee9b,sk_g,over,Marc Gatcomb,1.5,betrivers,7500,,oddsapi
2026-09-29T16:05:06Z,2026-09-29,CHI @ VGK,deceabd9bfa9fdbfb352546844ecee9b,sk_g,over,Mark Stone,1.5,betrivers,1100,,oddsapi
2026-09-29T16:05:06Z,2026-09-29,CHI @ VGK,deceabd9bfa9fdbfb352546844ecee9b,sk_g,over,Mitch Marner,1.5,betrivers,950,,oddsapi
2026-09-29T16:05:06Z,2026-09-29,CHI @ VGK,deceabd9bfa9fdbfb352546844ecee9b,sk_g,over,Oliver Moore,1.5,betrivers,5000,,oddsapi
2026-09-29T16:05:06Z,2026-09-29,CHI @ VGK,deceabd9bfa9fdbfb352546844ecee9b,sk_g,over,Tomas Hertl,1.5,betrivers,1500,,oddsapi
2026-09-29T16:05:06Z,2026-09-29,CHI @ VGK,deceabd9bfa9fdbfb352546844ecee9b,sk_g,over,Wyatt Kaiser,1.5,betrivers,13000,,oddsapi
2026-09-29T16:05:06Z,2026-09-29,CHI @ VGK,deceabd9bfa9fdbfb352546844ecee9b,sk_g,over,Ivan Barbashev,2.5,betrivers,10000,,oddsapi
2026-09-29T16:05:06Z,2026-09-29,CHI @ VGK,deceabd9bfa9fdbfb352546844ecee9b,sk_g,over,Ivan Barbashev,1.5,betrivers,1500,,oddsapi
2026-09-29T16:05:06Z,2026-09-29,CHI @ VGK,deceabd9bfa9fdbfb352546844ecee9b,sk_g,over,Shea Theodore,1.5,betrivers,4500,,oddsapi
2026-09-29T16:05:06Z,2026-09-29,CHI @ VGK,deceabd9bfa9fdbfb352546844ecee9b,sk_g,over,Sam Rinzel,1.5,betrivers,15000,,oddsapi
2026-09-29T16:05:06Z,2026-09-29,CHI @ VGK,deceabd9bfa9fdbfb352546844ecee9b,sk_g,over,Andrew Mangiapane,1.5,betrivers,5000,,oddsapi
2026-09-29T16:05:06Z,2026-09-29,CHI @ VGK,deceabd9bfa9fdbfb352546844ecee9b,sk_g,over,Brett Howden,2.5,betrivers,7500,,oddsapi
2026-09-29T16:05:06Z,2026-09-29,CHI @ VGK,deceabd9bfa9fdbfb352546844ecee9b,sk_g,over,William Karlsson,1.5,betrivers,1900,,oddsapi
2026-09-29T16:05:06Z,2026-09-29,CHI @ VGK,deceabd9bfa9fdbfb352546844ecee9b,sk_g,over,Ryan Donato,1.5,betrivers,4000,,oddsapi
2026-09-29T16:05:06Z,2026-09-29,CHI @ VGK,deceabd9bfa9fdbfb352546844ecee9b,sk_g,over,Nic Dowd,1.5,betrivers,9000,,oddsapi
2026-09-29T16:05:06Z,2026-09-29,CHI @ VGK,deceabd9bfa9fdbfb352546844ecee9b,sk_g,over,William Karlsson,2.5,betrivers,16000,,oddsapi
2026-09-29T16:05:06Z,2026-09-29,CHI @ VGK,deceabd9bfa9fdbfb352546844ecee9b,sk_g,over,Roman Kantserov,1.5,betrivers,3000,,oddsapi
2026-09-29T16:05:06Z,2026-09-29,CHI @ VGK,deceabd9bfa9fdbfb352546844ecee9b,sk_g,over,Jordan Greenway,1.5,betrivers,11000,,oddsapi
2026-09-29T16:05:06Z,2026-09-29,CHI @ VGK,deceabd9bfa9fdbfb352546844ecee9b,p1_total,over,,0.5,betrivers,-770,390,oddsapi
2026-09-29T16:05:06Z,2026-09-29,CHI @ VGK,deceabd9bfa9fdbfb352546844ecee9b,p1_total,under,,0.5,betrivers,390,-770,oddsapi
2026-09-29T16:05:06Z,2026-09-29,CHI @ VGK,deceabd9bfa9fdbfb352546844ecee9b,p2_total,over,,2.5,betrivers,170,-250,oddsapi
2026-09-29T16:05:06Z,2026-09-29,CHI @ VGK,deceabd9bfa9fdbfb352546844ecee9b,p2_total,under,,2.5,betrivers,-250,170,oddsapi
2026-09-29T16:05:06Z,2026-09-29,CHI @ VGK,deceabd9bfa9fdbfb352546844ecee9b,p3_total,over,,3.5,betrivers,420,-835,oddsapi
2026-09-29T16:05:06Z,2026-09-29,CHI @ VGK,deceabd9bfa9fdbfb352546844ecee9b,p3_total,under,,3.5,betrivers,-835,420,oddsapi
2026-09-29T16:05:06Z,2026-09-29,CHI @ VGK,deceabd9bfa9fdbfb352546844ecee9b,game_pl_alt,CHI,,-1.5,bovada,500,-900,oddsapi
2026-09-29T16:05:06Z,2026-09-29,CHI @ VGK,deceabd9bfa9fdbfb352546844ecee9b,game_pl_alt,CHI,,-2.5,bovada,750,-1900,oddsapi
2026-09-29T16:05:06Z,2026-09-29,CHI @ VGK,deceabd9bfa9fdbfb352546844ecee9b,game_pl_alt,CHI,,2.5,bovada,-230,170,oddsapi
2026-09-29T16:05:06Z,2026-09-29,CHI @ VGK,deceabd9bfa9fdbfb352546844ecee9b,game_pl_alt,CHI,,-3.5,bovada,1600,-20000,oddsapi
2026-09-29T16:05:06Z,2026-09-29,CHI @ VGK,deceabd9bfa9fdbfb352546844ecee9b,game_pl_alt,CHI,,3.5,bovada,-700,425,oddsapi
2026-09-29T16:05:06Z,2026-09-29,CHI @ VGK,deceabd9bfa9fdbfb352546844ecee9b,game_pl_alt,CHI,,4.5,bovada,-2000,800,oddsapi
2026-09-29T16:05:06Z,2026-09-29,CHI @ VGK,deceabd9bfa9fdbfb352546844ecee9b,game_pl_alt,CHI,,5.5,bovada,-6600,1200,oddsapi
2026-09-29T16:05:06Z,2026-09-29,CHI @ VGK,deceabd9bfa9fdbfb352546844ecee9b,game_pl_alt,VGK,,1.5,bovada,-900,500,oddsapi
2026-09-29T16:05:06Z,2026-09-29,CHI @ VGK,deceabd9bfa9fdbfb352546844ecee9b,game_pl_alt,VGK,,2.5,bovada,-1900,750,oddsapi
2026-09-29T16:05:06Z,2026-09-29,CHI @ VGK,deceabd9bfa9fdbfb352546844ecee9b,game_pl_alt,VGK,,-2.5,bovada,170,-230,oddsapi
2026-09-29T16:05:06Z,2026-09-29,CHI @ VGK,deceabd9bfa9fdbfb352546844ecee9b,game_pl_alt,VGK,,3.5,bovada,-20000,1600,oddsapi
2026-09-29T16:05:06Z,2026-09-29,CHI @ VGK,deceabd9bfa9fdbfb352546844ecee9b,game_pl_alt,VGK,,-3.5,bovada,425,-700,oddsapi
2026-09-29T16:05:06Z,2026-09-29,CHI @ VGK,deceabd9bfa9fdbfb352546844ecee9b,game_pl_alt,VGK,,-4.5,bovada,800,-2000,oddsapi
2026-09-29T16:05:06Z,2026-09-29,CHI @ VGK,deceabd9bfa9fdbfb352546844ecee9b,game_pl_alt,VGK,,-5.5,bovada,1200,-6600,oddsapi
2026-09-29T16:05:06Z,2026-09-29,CHI @ VGK,deceabd9bfa9fdbfb352546844ecee9b,team_total_alt,over,CHI,2.5,bovada,110,-145,oddsapi
2026-09-29T16:05:06Z,2026-09-29,CHI @ VGK,deceabd9bfa9fdbfb352546844ecee9b,team_total_alt,under,CHI,2.5,bovada,-145,110,oddsapi
2026-09-29T16:05:06Z,2026-09-29,CHI @ VGK,deceabd9bfa9fdbfb352546844ecee9b,team_total_alt,over,VGK,3.5,bovada,-125,-105,oddsapi
2026-09-29T16:05:06Z,2026-09-29,CHI @ VGK,deceabd9bfa9fdbfb352546844ecee9b,team_total_alt,under,VGK,3.5,bovada,-105,-125,oddsapi
2026-09-29T16:05:06Z,2026-09-29,CHI @ VGK,deceabd9bfa9fdbfb352546844ecee9b,game_total_alt,over,,4.5,bovada,-385,265,oddsapi
2026-09-29T16:05:06Z,2026-09-29,CHI @ VGK,deceabd9bfa9fdbfb352546844ecee9b,game_total_alt,over,,5,bovada,-285,210,oddsapi
2026-09-29T16:05:06Z,2026-09-29,CHI @ VGK,deceabd9bfa9fdbfb352546844ecee9b,game_total_alt,over,,5.5,bovada,-145,110,oddsapi
2026-09-29T16:05:06Z,2026-09-29,CHI @ VGK,deceabd9bfa9fdbfb352546844ecee9b,game_total_alt,over,,6.5,bovada,115,-150,oddsapi
2026-09-29T16:05:06Z,2026-09-29,CHI @ VGK,deceabd9bfa9fdbfb352546844ecee9b,game_total_alt,over,,7,bovada,200,-275,oddsapi
2026-09-29T16:05:06Z,2026-09-29,CHI @ VGK,deceabd9bfa9fdbfb352546844ecee9b,game_total_alt,over,,7.5,bovada,255,-360,oddsapi
2026-09-29T16:05:06Z,2026-09-29,CHI @ VGK,deceabd9bfa9fdbfb352546844ecee9b,game_total_alt,under,,4.5,bovada,265,-385,oddsapi
2026-09-29T16:05:06Z,2026-09-29,CHI @ VGK,deceabd9bfa9fdbfb352546844ecee9b,game_total_alt,under,,5,bovada,210,-285,oddsapi
2026-09-29T16:05:06Z,2026-09-29,CHI @ VGK,deceabd9bfa9fdbfb352546844ecee9b,game_total_alt,under,,5.5,bovada,110,-145,oddsapi
2026-09-29T16:05:06Z,2026-09-29,CHI @ VGK,deceabd9bfa9fdbfb352546844ecee9b,game_total_alt,under,,6.5,bovada,-150,115,oddsapi
2026-09-29T16:05:06Z,2026-09-29,CHI @ VGK,deceabd9bfa9fdbfb352546844ecee9b,game_total_alt,under,,7,bovada,-275,200,oddsapi
2026-09-29T16:05:06Z,2026-09-29,CHI @ VGK,deceabd9bfa9fdbfb352546844ecee9b,game_total_alt,under,,7.5,bovada,-360,255,oddsapi
2026-09-29T16:05:06Z,2026-09-29,CHI @ VGK,deceabd9bfa9fdbfb352546844ecee9b,game_ml3,CHI,,,bovada,315,,oddsapi
2026-09-29T16:05:06Z,2026-09-29,CHI @ VGK,deceabd9bfa9fdbfb352546844ecee9b,game_ml3,VGK,,,bovada,-158,,oddsapi
2026-09-29T16:05:06Z,2026-09-29,CHI @ VGK,deceabd9bfa9fdbfb352546844ecee9b,game_ml3,draw,,,bovada,350,,oddsapi
2026-09-29T16:05:06Z,2026-09-29,CHI @ VGK,deceabd9bfa9fdbfb352546844ecee9b,p1_ml,CHI,,,bovada,150,-200,oddsapi
2026-09-29T16:05:06Z,2026-09-29,CHI @ VGK,deceabd9bfa9fdbfb352546844ecee9b,p1_ml,VGK,,,bovada,-200,150,oddsapi
2026-09-29T16:05:06Z,2026-09-29,CHI @ VGK,deceabd9bfa9fdbfb352546844ecee9b,p2_ml,CHI,,,bovada,160,-215,oddsapi
2026-09-29T16:05:06Z,2026-09-29,CHI @ VGK,deceabd9bfa9fdbfb352546844ecee9b,p2_ml,VGK,,,bovada,-215,160,oddsapi
2026-09-29T16:05:06Z,2026-09-29,CHI @ VGK,deceabd9bfa9fdbfb352546844ecee9b,p3_ml,CHI,,,bovada,170,-230,oddsapi
2026-09-29T16:05:06Z,2026-09-29,CHI @ VGK,deceabd9bfa9fdbfb352546844ecee9b,p3_ml,VGK,,,bovada,-230,170,oddsapi
2026-09-29T16:05:06Z,2026-09-29,CHI @ VGK,deceabd9bfa9fdbfb352546844ecee9b,ags,yes,Artyom Levshunov,,bovada,1500,,oddsapi
2026-09-29T16:05:06Z,2026-09-29,CHI @ VGK,deceabd9bfa9fdbfb352546844ecee9b,ags,yes,Frank Nazar,,bovada,330,,oddsapi
2026-09-29T16:05:06Z,2026-09-29,CHI @ VGK,deceabd9bfa9fdbfb352546844ecee9b,ags,yes,Mark Stone,,bovada,157,,oddsapi
2026-09-29T16:05:06Z,2026-09-29,CHI @ VGK,deceabd9bfa9fdbfb352546844ecee9b,ags,yes,Alex Vlasic,,bovada,1600,,oddsapi
2026-09-29T16:05:06Z,2026-09-29,CHI @ VGK,deceabd9bfa9fdbfb352546844ecee9b,ags,yes,Brayden McNabb,,bovada,1300,,oddsapi
2026-09-29T16:05:06Z,2026-09-29,CHI @ VGK,deceabd9bfa9fdbfb352546844ecee9b,ags,yes,Braeden Bowman,,bovada,440,,oddsapi
2026-09-29T16:05:06Z,2026-09-29,CHI @ VGK,deceabd9bfa9fdbfb352546844ecee9b,ags,yes,William Karlsson,,bovada,315,,oddsapi
2026-09-29T16:05:06Z,2026-09-29,CHI @ VGK,deceabd9bfa9fdbfb352546844ecee9b,ags,yes,Jeremy Lauzon,,bovada,2200,,oddsapi
2026-09-29T16:05:06Z,2026-09-29,CHI @ VGK,deceabd9bfa9fdbfb352546844ecee9b,ags,yes,Tyler Bertuzzi,,bovada,265,,oddsapi
2026-09-29T16:05:06Z,2026-09-29,CHI @ VGK,deceabd9bfa9fdbfb352546844ecee9b,ags,yes,Rasmus Andersson,,bovada,600,,oddsapi
2026-09-29T16:05:06Z,2026-09-29,CHI @ VGK,deceabd9bfa9fdbfb352546844ecee9b,ags,yes,Marc Gatcomb,,bovada,650,,oddsapi
2026-09-29T16:05:06Z,2026-09-29,CHI @ VGK,deceabd9bfa9fdbfb352546844ecee9b,ags,yes,Jack Eichel,,bovada,165,,oddsapi
2026-09-29T16:05:06Z,2026-09-29,CHI @ VGK,deceabd9bfa9fdbfb352546844ecee9b,ags,yes,Wyatt Kaiser,,bovada,1500,,oddsapi
2026-09-29T16:05:06Z,2026-09-29,CHI @ VGK,deceabd9bfa9fdbfb352546844ecee9b,ags,yes,Ryan Donato,,bovada,420,,oddsapi
2026-09-29T16:05:06Z,2026-09-29,CHI @ VGK,deceabd9bfa9fdbfb352546844ecee9b,ags,yes,Cole Smith,,bovada,900,,oddsapi
2026-09-29T16:05:06Z,2026-09-29,CHI @ VGK,deceabd9bfa9fdbfb352546844ecee9b,ags,yes,Roman Kantserov,,bovada,350,,oddsapi
2026-09-29T16:05:06Z,2026-09-29,CHI @ VGK,deceabd9bfa9fdbfb352546844ecee9b,ags,yes,Shea Theodore,,bovada,435,,oddsapi
2026-09-29T16:05:06Z,2026-09-29,CHI @ VGK,deceabd9bfa9fdbfb352546844ecee9b,ags,yes,Nick Lardis,,bovada,475,,oddsapi
2026-09-29T16:05:06Z,2026-09-29,CHI @ VGK,deceabd9bfa9fdbfb352546844ecee9b,ags,yes,Bowen Byram,,bovada,700,,oddsapi
2026-09-29T16:05:06Z,2026-09-29,CHI @ VGK,deceabd9bfa9fdbfb352546844ecee9b,ags,yes,Anton Frondell,,bovada,335,,oddsapi
2026-09-29T16:05:06Z,2026-09-29,CHI @ VGK,deceabd9bfa9fdbfb352546844ecee9b,ags,yes,Trevor Connelly,,bovada,460,,oddsapi
2026-09-29T16:05:06Z,2026-09-29,CHI @ VGK,deceabd9bfa9fdbfb352546844ecee9b,ags,yes,Ryan Greene,,bovada,650,,oddsapi
2026-09-29T16:05:06Z,2026-09-29,CHI @ VGK,deceabd9bfa9fdbfb352546844ecee9b,ags,yes,Noah Hanifin,,bovada,1500,,oddsapi
2026-09-29T16:05:06Z,2026-09-29,CHI @ VGK,deceabd9bfa9fdbfb352546844ecee9b,ags,yes,Tomas Hertl,,bovada,235,,oddsapi
2026-09-29T16:05:06Z,2026-09-29,CHI @ VGK,deceabd9bfa9fdbfb352546844ecee9b,ags,yes,Andrew Mangiapane,,bovada,625,,oddsapi
2026-09-29T16:05:06Z,2026-09-29,CHI @ VGK,deceabd9bfa9fdbfb352546844ecee9b,ags,yes,Ian Cole,,bovada,2500,,oddsapi
2026-09-29T16:05:06Z,2026-09-29,CHI @ VGK,deceabd9bfa9fdbfb352546844ecee9b,ags,yes,Ivan Barbashev,,bovada,250,,oddsapi
2026-09-29T16:05:06Z,2026-09-29,CHI @ VGK,deceabd9bfa9fdbfb352546844ecee9b,ags,yes,Nic Dowd,,bovada,750,,oddsapi
2026-09-29T16:05:06Z,2026-09-29,CHI @ VGK,deceabd9bfa9fdbfb352546844ecee9b,ags,yes,Sam Rinzel,,bovada,1200,,oddsapi
2026-09-29T16:05:06Z,2026-09-29,CHI @ VGK,deceabd9bfa9fdbfb352546844ecee9b,ags,yes,Victor Olofsson,,bovada,350,,oddsapi
2026-09-29T16:05:06Z,2026-09-29,CHI @ VGK,deceabd9bfa9fdbfb352546844ecee9b,ags,yes,Parker Wotherspoon,,bovada,1500,,oddsapi
2026-09-29T16:05:06Z,2026-09-29,CHI @ VGK,deceabd9bfa9fdbfb352546844ecee9b,ags,yes,Brett Howden,,bovada,240,,oddsapi
2026-09-29T16:05:06Z,2026-09-29,CHI @ VGK,deceabd9bfa9fdbfb352546844ecee9b,ags,yes,Jordan Greenway,,bovada,1100,,oddsapi
2026-09-29T16:05:06Z,2026-09-29,CHI @ VGK,deceabd9bfa9fdbfb352546844ecee9b,ags,yes,Mitch Marner,,bovada,176,,oddsapi
2026-09-29T16:05:06Z,2026-09-29,CHI @ VGK,deceabd9bfa9fdbfb352546844ecee9b,ags,yes,Oliver Moore,,bovada,525,,oddsapi
2026-09-29T16:05:06Z,2026-09-29,CHI @ VGK,deceabd9bfa9fdbfb352546844ecee9b,ags,yes,Patrick Kane,,bovada,320,,oddsapi
2026-09-29T16:05:06Z,2026-09-29,CHI @ VGK,deceabd9bfa9fdbfb352546844ecee9b,fgs,yes,Ivan Barbashev,,bovada,1700,,oddsapi
2026-09-29T16:05:06Z,2026-09-29,CHI @ VGK,deceabd9bfa9fdbfb352546844ecee9b,fgs,yes,William Karlsson,,bovada,1700,,oddsapi
2026-09-29T16:05:06Z,2026-09-29,CHI @ VGK,deceabd9bfa9fdbfb352546844ecee9b,fgs,yes,Nic Dowd,,bovada,4500,,oddsapi
2026-09-29T16:05:06Z,2026-09-29,CHI @ VGK,deceabd9bfa9fdbfb352546844ecee9b,fgs,yes,Shea Theodore,,bovada,2500,,oddsapi
2026-09-29T16:05:06Z,2026-09-29,CHI @ VGK,deceabd9bfa9fdbfb352546844ecee9b,fgs,yes,Alex Vlasic,,bovada,6500,,oddsapi
2026-09-29T16:05:06Z,2026-09-29,CHI @ VGK,deceabd9bfa9fdbfb352546844ecee9b,fgs,yes,Mitch Marner,,bovada,1100,,oddsapi
2026-09-29T16:05:06Z,2026-09-29,CHI @ VGK,deceabd9bfa9fdbfb352546844ecee9b,fgs,yes,Mark Stone,,bovada,1000,,oddsapi
2026-09-29T16:05:06Z,2026-09-29,CHI @ VGK,deceabd9bfa9fdbfb352546844ecee9b,fgs,yes,Brayden McNabb,,bovada,8000,,oddsapi
2026-09-29T16:05:06Z,2026-09-29,CHI @ VGK,deceabd9bfa9fdbfb352546844ecee9b,fgs,yes,Anton Frondell,,bovada,2200,,oddsapi
2026-09-29T16:05:06Z,2026-09-29,CHI @ VGK,deceabd9bfa9fdbfb352546844ecee9b,fgs,yes,Cole Smith,,bovada,5000,,oddsapi
2026-09-29T16:05:06Z,2026-09-29,CHI @ VGK,deceabd9bfa9fdbfb352546844ecee9b,fgs,yes,Jordan Greenway,,bovada,5500,,oddsapi
2026-09-29T16:05:06Z,2026-09-29,CHI @ VGK,deceabd9bfa9fdbfb352546844ecee9b,fgs,yes,Ryan Donato,,bovada,2200,,oddsapi
2026-09-29T16:05:06Z,2026-09-29,CHI @ VGK,deceabd9bfa9fdbfb352546844ecee9b,fgs,yes,Nick Lardis,,bovada,2500,,oddsapi
2026-09-29T16:05:06Z,2026-09-29,CHI @ VGK,deceabd9bfa9fdbfb352546844ecee9b,fgs,yes,Ryan Greene,,bovada,4000,,oddsapi
2026-09-29T16:05:06Z,2026-09-29,CHI @ VGK,deceabd9bfa9fdbfb352546844ecee9b,fgs,yes,Tomas Hertl,,bovada,1600,,oddsapi
2026-09-29T16:05:06Z,2026-09-29,CHI @ VGK,deceabd9bfa9fdbfb352546844ecee9b,fgs,yes,Artyom Levshunov,,bovada,6000,,oddsapi
2026-09-29T16:05:06Z,2026-09-29,CHI @ VGK,deceabd9bfa9fdbfb352546844ecee9b,fgs,yes,Parker Wotherspoon,,bovada,6000,,oddsapi
2026-09-29T16:05:06Z,2026-09-29,CHI @ VGK,deceabd9bfa9fdbfb352546844ecee9b,fgs,yes,Rasmus Andersson,,bovada,3300,,oddsapi
2026-09-29T16:05:06Z,2026-09-29,CHI @ VGK,deceabd9bfa9fdbfb352546844ecee9b,fgs,yes,Tyler Bertuzzi,,bovada,1900,,oddsapi
2026-09-29T16:05:06Z,2026-09-29,CHI @ VGK,deceabd9bfa9fdbfb352546844ecee9b,fgs,yes,Oliver Moore,,bovada,2500,,oddsapi
2026-09-29T16:05:06Z,2026-09-29,CHI @ VGK,deceabd9bfa9fdbfb352546844ecee9b,fgs,yes,Marc Gatcomb,,bovada,3500,,oddsapi
2026-09-29T16:05:06Z,2026-09-29,CHI @ VGK,deceabd9bfa9fdbfb352546844ecee9b,fgs,yes,Bowen Byram,,bovada,3300,,oddsapi
2026-09-29T16:05:06Z,2026-09-29,CHI @ VGK,deceabd9bfa9fdbfb352546844ecee9b,fgs,yes,Frank Nazar,,bovada,1900,,oddsapi
2026-09-29T16:05:06Z,2026-09-29,CHI @ VGK,deceabd9bfa9fdbfb352546844ecee9b,fgs,yes,Jack Eichel,,bovada,1100,,oddsapi
2026-09-29T16:05:06Z,2026-09-29,CHI @ VGK,deceabd9bfa9fdbfb352546844ecee9b,fgs,yes,Trevor Connelly,,bovada,2200,,oddsapi
2026-09-29T16:05:06Z,2026-09-29,CHI @ VGK,deceabd9bfa9fdbfb352546844ecee9b,fgs,yes,Braeden Bowman,,bovada,2500,,oddsapi
2026-09-29T16:05:06Z,2026-09-29,CHI @ VGK,deceabd9bfa9fdbfb352546844ecee9b,fgs,yes,Victor Olofsson,,bovada,2200,,oddsapi
2026-09-29T16:05:06Z,2026-09-29,CHI @ VGK,deceabd9bfa9fdbfb352546844ecee9b,fgs,yes,Wyatt Kaiser,,bovada,7500,,oddsapi
2026-09-29T16:05:06Z,2026-09-29,CHI @ VGK,deceabd9bfa9fdbfb352546844ecee9b,fgs,yes,Brett Howden,,bovada,1600,,oddsapi
2026-09-29T16:05:06Z,2026-09-29,CHI @ VGK,deceabd9bfa9fdbfb352546844ecee9b,fgs,yes,Roman Kantserov,,bovada,2000,,oddsapi
2026-09-29T16:05:06Z,2026-09-29,CHI @ VGK,deceabd9bfa9fdbfb352546844ecee9b,fgs,yes,Andrew Mangiapane,,bovada,3300,,oddsapi
2026-09-29T16:05:06Z,2026-09-29,CHI @ VGK,deceabd9bfa9fdbfb352546844ecee9b,fgs,yes,Sam Rinzel,,bovada,6500,,oddsapi
2026-09-29T16:05:06Z,2026-09-29,CHI @ VGK,deceabd9bfa9fdbfb352546844ecee9b,fgs,yes,Patrick Kane,,bovada,1900,,oddsapi
2026-09-29T16:05:06Z,2026-09-29,CHI @ VGK,deceabd9bfa9fdbfb352546844ecee9b,p1_pl,CHI,,0.5,bovada,-150,115,oddsapi
2026-09-29T16:05:06Z,2026-09-29,CHI @ VGK,deceabd9bfa9fdbfb352546844ecee9b,p1_pl,VGK,,-0.5,bovada,115,-150,oddsapi
2026-09-29T16:05:06Z,2026-09-29,CHI @ VGK,deceabd9bfa9fdbfb352546844ecee9b,p2_pl,CHI,,0.5,bovada,-135,105,oddsapi
2026-09-29T16:05:06Z,2026-09-29,CHI @ VGK,deceabd9bfa9fdbfb352546844ecee9b,p2_pl,VGK,,-0.5,bovada,105,-135,oddsapi
2026-09-29T16:05:06Z,2026-09-29,CHI @ VGK,deceabd9bfa9fdbfb352546844ecee9b,p3_pl,CHI,,0.5,bovada,-120,-110,oddsapi
2026-09-29T16:05:06Z,2026-09-29,CHI @ VGK,deceabd9bfa9fdbfb352546844ecee9b,p3_pl,VGK,,-0.5,bovada,-110,-120,oddsapi
2026-09-29T16:05:06Z,2026-09-29,CHI @ VGK,deceabd9bfa9fdbfb352546844ecee9b,p1_total,over,,1.5,bovada,-130,100,oddsapi
2026-09-29T16:05:06Z,2026-09-29,CHI @ VGK,deceabd9bfa9fdbfb352546844ecee9b,p1_total,under,,1.5,bovada,100,-130,oddsapi
2026-09-29T16:05:06Z,2026-09-29,CHI @ VGK,deceabd9bfa9fdbfb352546844ecee9b,p2_total,over,,2,bovada,110,-145,oddsapi
2026-09-29T16:05:06Z,2026-09-29,CHI @ VGK,deceabd9bfa9fdbfb352546844ecee9b,p2_total,under,,2,bovada,-145,110,oddsapi
2026-09-29T16:05:06Z,2026-09-29,CHI @ VGK,deceabd9bfa9fdbfb352546844ecee9b,p3_total,over,,2,bovada,-120,-110,oddsapi
2026-09-29T16:05:06Z,2026-09-29,CHI @ VGK,deceabd9bfa9fdbfb352546844ecee9b,p3_total,under,,2,bovada,-110,-120,oddsapi
2026-09-29T16:05:06Z,2026-09-29,CHI @ VGK,deceabd9bfa9fdbfb352546844ecee9b,game_ml3,CHI,,,fanatics,310,,oddsapi
2026-09-29T16:05:06Z,2026-09-29,CHI @ VGK,deceabd9bfa9fdbfb352546844ecee9b,game_ml3,VGK,,,fanatics,-150,,oddsapi
2026-09-29T16:05:06Z,2026-09-29,CHI @ VGK,deceabd9bfa9fdbfb352546844ecee9b,game_ml3,draw,,,fanatics,310,,oddsapi
2026-09-29T16:05:06Z,2026-09-29,CHI @ VGK,deceabd9bfa9fdbfb352546844ecee9b,ags,yes,Parker Wotherspoon,,fanatics,1200,,oddsapi
2026-09-29T16:05:06Z,2026-09-29,CHI @ VGK,deceabd9bfa9fdbfb352546844ecee9b,ags,yes,Mitch Marner,,fanatics,160,,oddsapi
2026-09-29T16:05:06Z,2026-09-29,CHI @ VGK,deceabd9bfa9fdbfb352546844ecee9b,ags,yes,Jeremy Lauzon,,fanatics,2500,,oddsapi
2026-09-29T16:05:06Z,2026-09-29,CHI @ VGK,deceabd9bfa9fdbfb352546844ecee9b,ags,yes,Nic Dowd,,fanatics,700,,oddsapi
2026-09-29T16:05:06Z,2026-09-29,CHI @ VGK,deceabd9bfa9fdbfb352546844ecee9b,ags,yes,Tomas Hertl,,fanatics,230,,oddsapi
2026-09-29T16:05:06Z,2026-09-29,CHI @ VGK,deceabd9bfa9fdbfb352546844ecee9b,ags,yes,Brayden McNabb,,fanatics,1400,,oddsapi
2026-09-29T16:05:06Z,2026-09-29,CHI @ VGK,deceabd9bfa9fdbfb352546844ecee9b,ags,yes,Jack Eichel,,fanatics,165,,oddsapi
2026-09-29T16:05:06Z,2026-09-29,CHI @ VGK,deceabd9bfa9fdbfb352546844ecee9b,ags,yes,Brett Howden,,fanatics,250,,oddsapi
2026-09-29T16:05:06Z,2026-09-29,CHI @ VGK,deceabd9bfa9fdbfb352546844ecee9b,ags,yes,Shea Theodore,,fanatics,475,,oddsapi
2026-09-29T16:05:06Z,2026-09-29,CHI @ VGK,deceabd9bfa9fdbfb352546844ecee9b,ags,yes,Ivan Barbashev,,fanatics,250,,oddsapi
2026-09-29T16:05:06Z,2026-09-29,CHI @ VGK,deceabd9bfa9fdbfb352546844ecee9b,ags,yes,Mark Stone,,fanatics,155,,oddsapi
2026-09-29T16:05:06Z,2026-09-29,CHI @ VGK,deceabd9bfa9fdbfb352546844ecee9b,ags,yes,William Karlsson,,fanatics,325,,oddsapi
2026-09-29T16:05:06Z,2026-09-29,CHI @ VGK,deceabd9bfa9fdbfb352546844ecee9b,ags,yes,Rasmus Andersson,,fanatics,650,,oddsapi
2026-09-29T16:05:06Z,2026-09-29,CHI @ VGK,deceabd9bfa9fdbfb352546844ecee9b,ags,yes,Noah Hanifin,,fanatics,1600,,oddsapi
2026-09-29T16:05:06Z,2026-09-29,CHI @ VGK,deceabd9bfa9fdbfb352546844ecee9b,ags,yes,Marc Gatcomb,,fanatics,650,,oddsapi
2026-09-29T16:05:06Z,2026-09-29,CHI @ VGK,deceabd9bfa9fdbfb352546844ecee9b,ags,yes,Braeden Bowman,,fanatics,475,,oddsapi
2026-09-29T16:05:06Z,2026-09-29,CHI @ VGK,deceabd9bfa9fdbfb352546844ecee9b,ags,yes,Trevor Connelly,,fanatics,450,,oddsapi
2026-09-29T16:05:06Z,2026-09-29,CHI @ VGK,deceabd9bfa9fdbfb352546844ecee9b,ags,yes,Tyler Bertuzzi,,fanatics,300,,oddsapi
2026-09-29T16:05:06Z,2026-09-29,CHI @ VGK,deceabd9bfa9fdbfb352546844ecee9b,ags,yes,Jordan Greenway,,fanatics,1100,,oddsapi
2026-09-29T16:05:06Z,2026-09-29,CHI @ VGK,deceabd9bfa9fdbfb352546844ecee9b,ags,yes,Bowen Byram,,fanatics,700,,oddsapi
2026-09-29T16:05:06Z,2026-09-29,CHI @ VGK,deceabd9bfa9fdbfb352546844ecee9b,ags,yes,Cole Smith,,fanatics,850,,oddsapi
2026-09-29T16:05:06Z,2026-09-29,CHI @ VGK,deceabd9bfa9fdbfb352546844ecee9b,ags,yes,Wyatt Kaiser,,fanatics,1600,,oddsapi
2026-09-29T16:05:06Z,2026-09-29,CHI @ VGK,deceabd9bfa9fdbfb352546844ecee9b,ags,yes,Ian Cole,,fanatics,1900,,oddsapi
2026-09-29T16:05:06Z,2026-09-29,CHI @ VGK,deceabd9bfa9fdbfb352546844ecee9b,ags,yes,Andrew Mangiapane,,fanatics,600,,oddsapi
2026-09-29T16:05:06Z,2026-09-29,CHI @ VGK,deceabd9bfa9fdbfb352546844ecee9b,ags,yes,Ryan Donato,,fanatics,450,,oddsapi
2026-09-29T16:05:06Z,2026-09-29,CHI @ VGK,deceabd9bfa9fdbfb352546844ecee9b,ags,yes,Alex Vlasic,,fanatics,1200,,oddsapi
2026-09-29T16:05:06Z,2026-09-29,CHI @ VGK,deceabd9bfa9fdbfb352546844ecee9b,ags,yes,Patrick Kane,,fanatics,340,,oddsapi
2026-09-29T16:05:06Z,2026-09-29,CHI @ VGK,deceabd9bfa9fdbfb352546844ecee9b,ags,yes,Nick Lardis,,fanatics,475,,oddsapi
2026-09-29T16:05:06Z,2026-09-29,CHI @ VGK,deceabd9bfa9fdbfb352546844ecee9b,ags,yes,Frank Nazar,,fanatics,340,,oddsapi
2026-09-29T16:05:06Z,2026-09-29,CHI @ VGK,deceabd9bfa9fdbfb352546844ecee9b,ags,yes,Artyom Levshunov,,fanatics,1400,,oddsapi
2026-09-29T16:05:06Z,2026-09-29,CHI @ VGK,deceabd9bfa9fdbfb352546844ecee9b,ags,yes,Sam Rinzel,,fanatics,1100,,oddsapi
2026-09-29T16:05:06Z,2026-09-29,CHI @ VGK,deceabd9bfa9fdbfb352546844ecee9b,ags,yes,Oliver Moore,,fanatics,475,,oddsapi
2026-09-29T16:05:06Z,2026-09-29,CHI @ VGK,deceabd9bfa9fdbfb352546844ecee9b,ags,yes,Ryan Greene,,fanatics,700,,oddsapi
2026-09-29T16:05:06Z,2026-09-29,CHI @ VGK,deceabd9bfa9fdbfb352546844ecee9b,ags,yes,Anton Frondell,,fanatics,350,,oddsapi
2026-09-29T16:05:06Z,2026-09-29,CHI @ VGK,deceabd9bfa9fdbfb352546844ecee9b,ags,yes,Roman Kantserov,,fanatics,340,,oddsapi
2026-09-29T16:05:06Z,2026-09-29,CHI @ VGK,deceabd9bfa9fdbfb352546844ecee9b,ags,yes,Teuvo Teravainen,,fanatics,650,,oddsapi
2026-09-29T16:05:06Z,2026-09-29,CHI @ VGK,deceabd9bfa9fdbfb352546844ecee9b,fgs,yes,Parker Wotherspoon,,fanatics,5000,,oddsapi
2026-09-29T16:05:06Z,2026-09-29,CHI @ VGK,deceabd9bfa9fdbfb352546844ecee9b,fgs,yes,Mitch Marner,,fanatics,950,,oddsapi
2026-09-29T16:05:06Z,2026-09-29,CHI @ VGK,deceabd9bfa9fdbfb352546844ecee9b,fgs,yes,Jeremy Lauzon,,fanatics,12000,,oddsapi
2026-09-29T16:05:06Z,2026-09-29,CHI @ VGK,deceabd9bfa9fdbfb352546844ecee9b,fgs,yes,Nic Dowd,,fanatics,3500,,oddsapi
2026-09-29T16:05:06Z,2026-09-29,CHI @ VGK,deceabd9bfa9fdbfb352546844ecee9b,fgs,yes,Tomas Hertl,,fanatics,1200,,oddsapi
2026-09-29T16:05:06Z,2026-09-29,CHI @ VGK,deceabd9bfa9fdbfb352546844ecee9b,fgs,yes,Brayden McNabb,,fanatics,6000,,oddsapi
2026-09-29T16:05:06Z,2026-09-29,CHI @ VGK,deceabd9bfa9fdbfb352546844ecee9b,fgs,yes,Jack Eichel,,fanatics,950,,oddsapi
2026-09-29T16:05:06Z,2026-09-29,CHI @ VGK,deceabd9bfa9fdbfb352546844ecee9b,fgs,yes,Brett Howden,,fanatics,1300,,oddsapi
2026-09-29T16:05:06Z,2026-09-29,CHI @ VGK,deceabd9bfa9fdbfb352546844ecee9b,fgs,yes,Shea Theodore,,fanatics,2200,,oddsapi
2026-09-29T16:05:06Z,2026-09-29,CHI @ VGK,deceabd9bfa9fdbfb352546844ecee9b,fgs,yes,Ivan Barbashev,,fanatics,1300,,oddsapi
2026-09-29T16:05:06Z,2026-09-29,CHI @ VGK,deceabd9bfa9fdbfb352546844ecee9b,fgs,yes,Mark Stone,,fanatics,900,,oddsapi
2026-09-29T16:05:06Z,2026-09-29,CHI @ VGK,deceabd9bfa9fdbfb352546844ecee9b,fgs,yes,William Karlsson,,fanatics,1700,,oddsapi
2026-09-29T16:05:06Z,2026-09-29,CHI @ VGK,deceabd9bfa9fdbfb352546844ecee9b,fgs,yes,Rasmus Andersson,,fanatics,3500,,oddsapi
2026-09-29T16:05:06Z,2026-09-29,CHI @ VGK,deceabd9bfa9fdbfb352546844ecee9b,fgs,yes,Noah Hanifin,,fanatics,7000,,oddsapi
2026-09-29T16:05:06Z,2026-09-29,CHI @ VGK,deceabd9bfa9fdbfb352546844ecee9b,fgs,yes,Marc Gatcomb,,fanatics,3000,,oddsapi
2026-09-29T16:05:06Z,2026-09-29,CHI @ VGK,deceabd9bfa9fdbfb352546844ecee9b,fgs,yes,Braeden Bowman,,fanatics,2200,,oddsapi
2026-09-29T16:05:06Z,2026-09-29,CHI @ VGK,deceabd9bfa9fdbfb352546844ecee9b,fgs,yes,Trevor Connelly,,fanatics,2200,,oddsapi
2026-09-29T16:05:06Z,2026-09-29,CHI @ VGK,deceabd9bfa9fdbfb352546844ecee9b,fgs,yes,Tyler Bertuzzi,,fanatics,1500,,oddsapi
2026-09-29T16:05:06Z,2026-09-29,CHI @ VGK,deceabd9bfa9fdbfb352546844ecee9b,fgs,yes,Jordan Greenway,,fanatics,4000,,oddsapi
2026-09-29T16:05:06Z,2026-09-29,CHI @ VGK,deceabd9bfa9fdbfb352546844ecee9b,fgs,yes,Bowen Byram,,fanatics,3500,,oddsapi
2026-09-29T16:05:06Z,2026-09-29,CHI @ VGK,deceabd9bfa9fdbfb352546844ecee9b,fgs,yes,Cole Smith,,fanatics,4000,,oddsapi
2026-09-29T16:05:06Z,2026-09-29,CHI @ VGK,deceabd9bfa9fdbfb352546844ecee9b,fgs,yes,Wyatt Kaiser,,fanatics,6000,,oddsapi
2026-09-29T16:05:06Z,2026-09-29,CHI @ VGK,deceabd9bfa9fdbfb352546844ecee9b,fgs,yes,Ian Cole,,fanatics,8000,,oddsapi
2026-09-29T16:05:06Z,2026-09-29,CHI @ VGK,deceabd9bfa9fdbfb352546844ecee9b,fgs,yes,Andrew Mangiapane,,fanatics,2800,,oddsapi
2026-09-29T16:05:06Z,2026-09-29,CHI @ VGK,deceabd9bfa9fdbfb352546844ecee9b,fgs,yes,Ryan Donato,,fanatics,1900,,oddsapi
2026-09-29T16:05:06Z,2026-09-29,CHI @ VGK,deceabd9bfa9fdbfb352546844ecee9b,fgs,yes,Alex Vlasic,,fanatics,5000,,oddsapi
2026-09-29T16:05:06Z,2026-09-29,CHI @ VGK,deceabd9bfa9fdbfb352546844ecee9b,fgs,yes,Patrick Kane,,fanatics,1700,,oddsapi
2026-09-29T16:05:06Z,2026-09-29,CHI @ VGK,deceabd9bfa9fdbfb352546844ecee9b,fgs,yes,Nick Lardis,,fanatics,2200,,oddsapi
2026-09-29T16:05:06Z,2026-09-29,CHI @ VGK,deceabd9bfa9fdbfb352546844ecee9b,fgs,yes,Frank Nazar,,fanatics,1700,,oddsapi
2026-09-29T16:05:06Z,2026-09-29,CHI @ VGK,deceabd9bfa9fdbfb352546844ecee9b,fgs,yes,Artyom Levshunov,,fanatics,5000,,oddsapi
2026-09-29T16:05:06Z,2026-09-29,CHI @ VGK,deceabd9bfa9fdbfb352546844ecee9b,fgs,yes,Sam Rinzel,,fanatics,4000,,oddsapi
2026-09-29T16:05:06Z,2026-09-29,CHI @ VGK,deceabd9bfa9fdbfb352546844ecee9b,fgs,yes,Oliver Moore,,fanatics,2500,,oddsapi
2026-09-29T16:05:06Z,2026-09-29,CHI @ VGK,deceabd9bfa9fdbfb352546844ecee9b,fgs,yes,Ryan Greene,,fanatics,2800,,oddsapi
2026-09-29T16:05:06Z,2026-09-29,CHI @ VGK,deceabd9bfa9fdbfb352546844ecee9b,fgs,yes,Anton Frondell,,fanatics,1700,,oddsapi
2026-09-29T16:05:06Z,2026-09-29,CHI @ VGK,deceabd9bfa9fdbfb352546844ecee9b,fgs,yes,Roman Kantserov,,fanatics,1900,,oddsapi
2026-09-29T16:05:06Z,2026-09-29,CHI @ VGK,deceabd9bfa9fdbfb352546844ecee9b,fgs,yes,No 1st Goal,,fanatics,15000,,oddsapi
2026-09-29T16:05:06Z,2026-09-29,CHI @ VGK,deceabd9bfa9fdbfb352546844ecee9b,fgs,yes,Teuvo Teravainen,,fanatics,2800,,oddsapi
2026-09-29T16:05:06Z,2026-09-29,CHI @ VGK,deceabd9bfa9fdbfb352546844ecee9b,team_total,over,CHI,2.5,fanatics,115,-150,oddsapi
2026-09-29T16:05:06Z,2026-09-29,CHI @ VGK,deceabd9bfa9fdbfb352546844ecee9b,team_total,under,CHI,2.5,fanatics,-150,115,oddsapi
2026-09-29T16:05:06Z,2026-09-29,CHI @ VGK,deceabd9bfa9fdbfb352546844ecee9b,team_total,over,VGK,3.5,fanatics,-125,-105,oddsapi
2026-09-29T16:05:06Z,2026-09-29,CHI @ VGK,deceabd9bfa9fdbfb352546844ecee9b,team_total,under,VGK,3.5,fanatics,-105,-125,oddsapi
2026-09-29T16:05:06Z,2026-09-29,CHI @ VGK,deceabd9bfa9fdbfb352546844ecee9b,p1_ml,CHI,,,betus,155,-185,oddsapi
2026-09-29T16:05:06Z,2026-09-29,CHI @ VGK,deceabd9bfa9fdbfb352546844ecee9b,p1_ml,VGK,,,betus,-185,155,oddsapi
2026-09-29T16:05:06Z,2026-09-29,CHI @ VGK,deceabd9bfa9fdbfb352546844ecee9b,p1_pl,CHI,,0.5,betus,-140,110,oddsapi
2026-09-29T16:05:06Z,2026-09-29,CHI @ VGK,deceabd9bfa9fdbfb352546844ecee9b,p1_pl,VGK,,-0.5,betus,110,-140,oddsapi
2026-09-29T16:05:06Z,2026-09-29,CHI @ VGK,deceabd9bfa9fdbfb352546844ecee9b,p1_total,over,,1.5,betus,-120,-110,oddsapi
2026-09-29T16:05:06Z,2026-09-29,CHI @ VGK,deceabd9bfa9fdbfb352546844ecee9b,p1_total,under,,1.5,betus,-110,-120,oddsapi
