date,matchup,category,market,selection,line,book,odds,under_odds,tier,model_prob,ev,result,pnl,raw_prob,fair_prob,bet_prob,close_odds,close_prob,clv,clv_ev,clv_pts,drift,pass_gate,sharp_div
2026-08-29,Hawaii @ Stanford,Moneyline,game_ml,Hawaii ML,,betrivers,165.0,-210.0,Pass,0.3718,-0.0149,loss,-1.0,0.3718,0.3696,0.3718,178.0,0.3582,-0.0114,-0.0508,,0.0301,,-21.0
2026-08-29,Hawaii @ Stanford,Moneyline,game_ml,Stanford ML,,draftkings,-185.0,154.0,Pass,0.6245,-0.0379,win,0.5405,0.6282,0.6304,0.6245,-185.0,0.6418,0.0114,-0.0113,,-0.0301,,21.0
2026-08-29,Hawaii @ Stanford,Spread (ATS),game_ats,Hawaii +4.0,4.0,lowvig,-106.0,-106.0,Pass,0.4702,-0.0863,loss,-1.0,0.4702,0.5003,0.4702,-101.0,0.484,-0.0163,-0.0594,-0.5,0.0349,,17.0
2026-08-29,Hawaii @ Stanford,Spread (ATS),game_ats,Stanford -4.0,-4.0,lowvig,-106.0,-106.0,Pass,0.5298,0.0297,win,0.9434,0.5298,0.4997,0.5298,-110.0,0.516,0.0163,0.0028,0.5,-0.0349,,-17.0
2026-08-29,Hawaii @ Stanford,Totals,game_total,Over 48.5,48.5,lowvig,-103.0,-114.0,Moderate buy,0.53,0.0445,win,0.9709,0.53,0.4997,0.53,-108.0,0.5012,0.0015,-0.0122,0.0,-0.0207,,-8.0
2026-08-29,Hawaii @ Stanford,Totals,game_total,Under 48.5,48.5,draftkings,-105.0,-115.0,Pass,0.47,-0.0823,loss,-1.0,0.47,0.5003,0.47,-105.0,0.4988,-0.0015,-0.0262,0.0,0.0207,,8.0
2026-08-29,Jacksonville S @ North Dakota S,Moneyline,game_ml,Jacksonville S ML,,betus,218.0,-260.0,Pass,0.3165,0.0064,loss,-1.0,0.3165,0.3055,0.3165,650.0,0.2201,-0.0854,-0.3001,,0.0054,,6.0
2026-08-29,Jacksonville S @ North Dakota S,Moneyline,game_ml,North Dakota S ML,,bovada,-245.0,205.0,Pass,0.6549,-0.0777,win,0.4082,0.6835,0.6945,0.6549,-286.0,0.7799,0.0854,0.0982,,-0.0054,,-6.0
2026-08-29,Jacksonville S @ North Dakota S,Spread (ATS),game_ats,Jacksonville S +6.5,6.5,lowvig,105.0,-117.0,Pass,0.4702,-0.036,loss,-1.0,0.4702,0.4854,0.4702,-108.0,0.5114,0.026,0.0484,1.0,-0.0083,,21.0
2026-08-29,Jacksonville S @ North Dakota S,Spread (ATS),game_ats,North Dakota S -6.5,-6.5,betus,-110.0,-110.0,Pass,0.5298,0.0113,win,0.9091,0.5298,0.5146,0.5298,-120.0,0.4886,-0.026,-0.0672,-1.0,0.0083,,-21.0
2026-08-29,Jacksonville S @ North Dakota S,Totals,game_total,Over 46.5,46.5,lowvig,-108.0,-108.0,Pass,0.6448,0.2419,loss,-1.0,0.6651,0.5005,0.6448,-118.0,0.3334,-0.1671,-0.3579,-6.0,0.0015,,-53.0
2026-08-29,Jacksonville S @ North Dakota S,Totals,game_total,Under 46.5,46.5,draftkings,-108.0,-112.0,Pass,0.3349,-0.3551,win,0.9259,0.3349,0.4995,0.3349,-105.0,0.6666,0.1671,0.2838,6.0,-0.0015,,53.0
2026-08-29,Memphis @ UNLV,Moneyline,game_ml,Memphis ML,,lowvig,165.0,-190.0,Pass,0.3529,-0.0648,win,1.65,0.3529,0.3714,0.3529,,,,,,0.0343,,27.0
2026-08-29,Memphis @ UNLV,Moneyline,game_ml,UNLV ML,,betus,-185.0,159.0,Pass,0.6349,-0.0219,loss,-1.0,0.6471,0.6286,0.6349,,,,,,-0.0343,,-27.0
2026-08-29,Memphis @ UNLV,Spread (ATS),game_ats,Memphis +4.0,4.0,lowvig,-104.0,-108.0,Pass,0.4492,-0.1189,win,0.9615,0.4492,0.4974,0.4492,,,,,,0.0394,,12.0
2026-08-29,Memphis @ UNLV,Spread (ATS),game_ats,UNLV -4.0,-4.0,lowvig,-108.0,-104.0,Strong buy,0.5508,0.0608,loss,-1.0,0.5508,0.5026,0.5508,,,,,,-0.0394,,-12.0
2026-08-29,Memphis @ UNLV,Totals,game_total,Over 56.5,56.5,bovada,-105.0,-115.0,Pass,0.6694,0.307,loss,-1.0,0.7098,0.4981,0.6694,,,,,,-0.0109,,-33.0
2026-08-29,Memphis @ UNLV,Totals,game_total,Under 56.5,56.5,williamhill_us,-110.0,-109.0,Pass,0.2902,-0.4461,win,0.9091,0.2902,0.5019,0.2902,,,,,,0.0109,,33.0
2026-08-29,NC State @ Virginia,Moneyline,game_ml,NC State ML,,betus,163.0,-190.0,Pass,0.3756,-0.0123,loss,-1.0,0.3756,0.3803,0.3756,164.0,0.3738,-0.0065,-0.0169,,0.0386,,7.0
2026-08-29,NC State @ Virginia,Moneyline,game_ml,Virginia ML,,betonlineag,-175.0,153.0,Pass,0.6224,-0.0219,win,0.5714,0.6244,0.6197,0.6224,-178.0,0.6262,0.0065,-0.016,,-0.0386,,-7.0
2026-08-29,NC State @ Virginia,Spread (ATS),game_ats,NC State +4.0,4.0,fanatics,-110.0,-110.0,Pass,0.4727,-0.0976,loss,-1.0,0.4727,0.5061,0.4727,-105.0,0.4978,-0.0083,-0.0497,0.0,0.0467,,12.0
2026-08-29,NC State @ Virginia,Spread (ATS),game_ats,Virginia -4.0,-4.0,lowvig,101.0,-113.0,Moderate buy,0.5273,0.0599,win,1.01,0.5273,0.4939,0.5273,-106.0,0.5022,0.0083,0.0094,0.0,-0.0467,,-12.0
2026-08-29,NC State @ Virginia,Totals,game_total,Over 51.0,51.0,lowvig,-108.0,-108.0,Pass,0.4599,-0.1143,loss,-1.0,0.4599,0.501,0.4599,-108.0,0.4894,-0.0116,-0.0575,-0.5,-0.0702,,-9.0
2026-08-29,NC State @ Virginia,Totals,game_total,Under 51.0,51.0,betrivers,-108.0,-115.0,Pass,0.5401,0.0402,win,0.9259,0.5401,0.499,0.5401,-102.0,0.5106,0.0116,-0.0166,0.5,0.0702,,9.0
2026-08-29,New Mexico Sta @ Florida State,Moneyline,game_ml,Florida State ML,,draftkings,-10000.0,3000.0,Pass,0.8105,-0.1814,win,0.01,0.9664,0.9633,0.8105,-8000.0,0.9583,-0.005,-0.0321,,0.01,,-9.0
2026-08-29,New Mexico Sta @ Florida State,Moneyline,game_ml,New Mexico Sta ML,,draftkings,3000.0,-10000.0,Pass,0.0336,0.0424,loss,-1.0,0.0336,0.0367,0.0336,3000.0,0.0417,0.005,0.2927,,-0.01,,9.0
2026-08-29,New Mexico Sta @ Florida State,Spread (ATS),game_ats,Florida State -31.5,-31.5,fanduel,-105.0,-115.0,Pass,0.4406,-0.1398,loss,-1.0,0.4406,0.4972,0.4406,-106.0,0.487,-0.0102,-0.0492,-0.5,0.0135,,-17.0
2026-08-29,New Mexico Sta @ Florida State,Spread (ATS),game_ats,New Mexico Sta +31.5,31.5,lowvig,-106.0,-106.0,Strong buy,0.5594,0.0872,win,0.9434,0.5594,0.5028,0.5594,-106.0,0.513,0.0102,-0.003,0.5,-0.0135,,17.0
2026-08-29,New Mexico Sta @ Florida State,Totals,game_total,Over 53.5,53.5,mybookieag,-110.0,-110.0,Pass,0.4785,-0.0865,loss,-1.0,0.4785,0.5051,0.4785,-108.0,0.5027,-0.0024,-0.0403,0.0,0.0056,,1.0
2026-08-29,New Mexico Sta @ Florida State,Totals,game_total,Under 53.5,53.5,bovada,-105.0,-115.0,Moderate buy,0.5215,0.0181,win,0.9524,0.5215,0.4949,0.5215,-105.0,0.4973,0.0024,-0.0291,0.0,-0.0056,,-1.0
2026-08-29,North Carolina @ TCU,Moneyline,game_ml,North Carolina ML,,mybookieag,271.0,-356.0,Pass,0.3101,0.1505,win,2.71,0.3101,0.2622,0.3101,,,,,,-0.0096,price_too_long,-5.0
2026-08-29,North Carolina @ TCU,Moneyline,game_ml,TCU ML,,betonlineag,-320.0,260.0,Pass,0.6584,-0.1358,loss,-1.0,0.6899,0.7378,0.6584,,,,,,0.0096,,5.0
2026-08-29,North Carolina @ TCU,Spread (ATS),game_ats,North Carolina +8.5,8.5,williamhill_us,-107.0,-113.0,Pass,0.514,-0.0056,win,0.9346,0.514,0.4982,0.514,,,,,,-0.0229,,-4.0
2026-08-29,North Carolina @ TCU,Spread (ATS),game_ats,TCU -8.5,-8.5,fanduel,-110.0,-110.0,Pass,0.486,-0.0722,loss,-1.0,0.486,0.5018,0.486,,,,,,0.0229,,4.0
2026-08-29,North Carolina @ TCU,Totals,game_total,Over 45.5,45.5,betmgm,-110.0,-108.0,Pass,0.5278,0.0076,loss,-1.0,0.5278,0.5075,0.5278,,,,,,-0.0542,,-2.0
2026-08-29,North Carolina @ TCU,Totals,game_total,Under 45.5,45.5,williamhill_us,-102.0,-120.0,Pass,0.4722,-0.0649,win,0.9804,0.4722,0.4925,0.4722,,,,,,0.0542,,2.0
2026-08-29,Sacramento Sta @ Eastern Michig,Moneyline,game_ml,Eastern Michig ML,,betus,-340.0,275.0,Pass,0.6781,-0.1225,win,0.2941,0.7256,0.7464,0.6781,,,,,,-0.0071,,
2026-08-29,Sacramento Sta @ Eastern Michig,Moneyline,game_ml,Sacramento Sta ML,,betrivers,290.0,-385.0,Pass,0.2744,0.0703,loss,-1.0,0.2744,0.2536,0.2744,,,,,,0.0071,price_too_long,-25.0
2026-08-29,Sacramento Sta @ Eastern Michig,Spread (ATS),game_ats,Eastern Michig -9.5,-9.5,draftkings,-105.0,-115.0,Pass,0.5008,-0.0223,win,0.9524,0.5008,0.5008,0.5008,,,,,,-0.0033,,
2026-08-29,Sacramento Sta @ Eastern Michig,Spread (ATS),game_ats,Sacramento Sta +9.5,9.5,williamhill_us,-107.0,-112.0,Pass,0.4992,-0.0342,loss,-1.0,0.4992,0.4992,0.4992,,,,,,0.0033,,53.0
2026-08-29,Sacramento Sta @ Eastern Michig,Totals,game_total,Over 53.5,53.5,bovada,-105.0,-115.0,Pass,0.3392,-0.3377,loss,-1.0,0.3392,0.5049,0.3392,,,,,,0.0353,,28.0
2026-08-29,Sacramento Sta @ Eastern Michig,Totals,game_total,Under 53.5,53.5,draftkings,-105.0,-115.0,Pass,0.6424,0.2542,win,0.9524,0.6607,0.4951,0.6424,,,,,,-0.0353,,
2026-08-29,San Jose State @ USC,Moneyline,game_ml,San Jose State ML,,mybookieag,1825.0,-50000.0,Pass,0.0117,-0.7748,loss,-1.0,0.0117,0.0495,0.0117,1825.0,0.0495,0.0,-0.0471,,0.0124,,
2026-08-29,San Jose State @ USC,Moneyline,game_ml,USC ML,,mybookieag,-50000.0,1825.0,Pass,0.8226,-0.1758,win,0.002,0.9883,0.9505,0.8226,-50000.0,0.9505,0.0,-0.0476,,-0.0124,,
2026-08-29,San Jose State @ USC,Spread (ATS),game_ats,San Jose State +38.5,38.5,betmgm,-108.0,-110.0,Strong buy,0.5547,0.0684,win,0.9259,0.5547,0.502,0.5547,-108.0,0.5386,0.0366,0.0373,1.5,-0.0069,,-14.0
2026-08-29,San Jose State @ USC,Spread (ATS),game_ats,USC -38.5,-38.5,bovada,-105.0,-115.0,Pass,0.4453,-0.1307,loss,-1.0,0.4453,0.498,0.4453,-104.0,0.4614,-0.0366,-0.0992,-1.5,0.0069,,14.0
2026-08-29,San Jose State @ USC,Totals,game_total,Over 61.5,61.5,lowvig,-103.0,-114.0,Strong buy,0.5512,0.0862,win,0.9709,0.5512,0.495,0.5512,-105.0,0.4957,0.0007,-0.023,0.0,0.027,,6.0
2026-08-29,San Jose State @ USC,Totals,game_total,Under 61.5,61.5,bovada,-105.0,-115.0,Pass,0.4488,-0.1237,loss,-1.0,0.4488,0.505,0.4488,-110.0,0.5043,-0.0007,-0.0154,0.0,-0.027,,-6.0
2026-09-03,Akron @ Wake Forest,Moneyline,game_ml,Akron ML,,betmgm,1500.0,-3000.0,Pass,0.0768,0.2296,loss,-1.0,0.0768,0.0688,0.0768,2000.0,0.0598,-0.009,-0.0432,,0.0,,54.0
2026-09-03,Akron @ Wake Forest,Moneyline,game_ml,Wake Forest ML,,bovada,-2500.0,1000.0,Pass,0.7867,-0.1818,win,0.04,0.9232,0.9312,0.7867,-3000.0,0.9402,0.009,-0.0222,,0.0,,-54.0
2026-09-03,Akron @ Wake Forest,Spread (ATS),game_ats,Akron +24.5,24.5,fanatics,-105.0,-115.0,Strong buy,0.5443,0.0627,win,0.9524,0.5443,0.4985,0.5443,-106.0,0.4143,-0.0842,-0.1911,-3.5,0.0,,-8.0
2026-09-03,Akron @ Wake Forest,Spread (ATS),game_ats,Wake Forest -24.5,-24.5,williamhill_us,-109.0,-110.0,Pass,0.4557,-0.1263,loss,-1.0,0.4557,0.5015,0.4557,-106.0,0.5857,0.0842,0.123,3.5,0.0,,8.0
2026-09-03,Akron @ Wake Forest,Totals,game_total,Over 48.5,48.5,betrivers,-109.0,-114.0,Pass,0.3505,-0.328,win,0.9174,0.3505,0.5017,0.3505,-110.0,0.5678,0.0661,0.0887,2.0,0.0,,-12.0
2026-09-03,Akron @ Wake Forest,Totals,game_total,Under 48.5,48.5,williamhill_us,-105.0,-115.0,Pass,0.6362,0.2422,loss,-1.0,0.6495,0.4983,0.6362,-103.0,0.4322,-0.0661,-0.1562,-2.0,0.0,,12.0
2026-09-03,Albany @ Buffalo,Moneyline,game_ml,Albany ML,,fanduel,890.0,-1700.0,Pass,0.1251,0.2382,loss,-1.0,0.1251,0.1088,0.1251,,,,,,0.0,,11.0
2026-09-03,Albany @ Buffalo,Moneyline,game_ml,Buffalo ML,,fanatics,-1200.0,750.0,Pass,0.7602,-0.1764,win,0.0833,0.8749,0.8912,0.7602,,,,,,0.0,,-11.0
2026-09-03,Albany @ Buffalo,Spread (ATS),game_ats,Albany +18.5,18.5,fanduel,-108.0,-112.0,Pass,0.4987,-0.0396,win,0.9259,0.4987,0.5142,0.4987,,,,,,0.0,,27.0
2026-09-03,Albany @ Buffalo,Spread (ATS),game_ats,Buffalo -18.5,-18.5,lowvig,-101.0,-130.0,Pass,0.5013,-0.0023,loss,-1.0,0.5013,0.4858,0.5013,,,,,,0.0,,-27.0
2026-09-03,Albany @ Buffalo,Totals,game_total,Over 48.5,48.5,fanduel,-110.0,-110.0,Pass,0.5012,-0.0431,loss,-1.0,0.5012,0.5007,0.5012,,,,,,0.0,,
2026-09-03,Albany @ Buffalo,Totals,game_total,Under 48.5,48.5,betmgm,-108.0,-110.0,Pass,0.4988,-0.0394,win,0.9259,0.4988,0.4993,0.4988,,,,,,0.0,,
2026-09-03,Arkansas Pine @ Missouri,Moneyline,game_ml,Arkansas Pine ML,,mybookieag,1575.0,-100000.0,Pass,0.0001,-0.9975,loss,-1.0,0.0001,0.0564,0.0001,,,,,,0.0,,
2026-09-03,Arkansas Pine @ Missouri,Moneyline,game_ml,Missouri ML,,mybookieag,-100000.0,1575.0,Pass,0.8289,-0.1703,win,0.001,0.9999,0.9436,0.8289,,,,,,0.0,,
2026-09-03,Arkansas Pine @ Missouri,Spread (ATS),game_ats,Arkansas Pine +54.5,54.5,fanatics,-105.0,-115.0,Pass,0.5046,-0.0149,win,0.9524,0.5046,0.4974,0.5046,,,,,,0.0,,
2026-09-03,Arkansas Pine @ Missouri,Spread (ATS),game_ats,Missouri -54.5,-54.5,fanduel,-105.0,-115.0,Pass,0.4955,-0.0327,loss,-1.0,0.4955,0.5026,0.4955,,,,,,0.0,,-4.0
2026-09-03,Arkansas Pine @ Missouri,Totals,game_total,Over 61.5,61.5,williamhill_us,-108.0,-114.0,Pass,0.5036,-0.0301,win,0.9259,0.5036,0.4994,0.5036,,,,,,0.0,,
2026-09-03,Arkansas Pine @ Missouri,Totals,game_total,Under 61.5,61.5,draftkings,-108.0,-112.0,Pass,0.4964,-0.044,loss,-1.0,0.4964,0.5006,0.4964,,,,,,0.0,,7.0
2026-09-03,Bethune-Cookma @ UCF,Moneyline,game_ml,Bethune-Cookma ML,,mybookieag,1575.0,-100000.0,Pass,0.0039,-0.9351,loss,-1.0,0.0039,0.0564,0.0039,1575.0,0.0564,0.0,-0.0553,,0.0,,
2026-09-03,Bethune-Cookma @ UCF,Moneyline,game_ml,UCF ML,,mybookieag,-100000.0,1575.0,Pass,0.8269,-0.1723,win,0.001,0.9961,0.9436,0.8269,-100000.0,0.9436,0.0,-0.0555,,0.0,,
2026-09-03,Bethune-Cookma @ UCF,Spread (ATS),game_ats,Bethune-Cookma +42.5,42.5,fanduel,-110.0,-110.0,Pass,0.4958,-0.0535,loss,-1.0,0.4958,0.5045,0.4958,-110.0,0.4738,-0.0307,-0.0955,-1.0,0.0,,-28.0
2026-09-03,Bethune-Cookma @ UCF,Spread (ATS),game_ats,UCF -42.5,-42.5,draftkings,-102.0,-118.0,Pass,0.5042,-0.0014,win,0.9804,0.5042,0.4955,0.5042,-105.0,0.5262,0.0307,0.0421,1.0,0.0,,28.0
2026-09-03,Bethune-Cookma @ UCF,Totals,game_total,Over 58.5,58.5,mybookieag,-110.0,-110.0,Pass,0.5009,-0.0438,win,0.9091,0.5009,0.5063,0.5009,-110.0,0.5135,0.0072,-0.0197,0.0,0.0,,-8.0
2026-09-03,Bethune-Cookma @ UCF,Totals,game_total,Under 58.5,58.5,fanatics,-105.0,-115.0,Pass,0.4991,-0.0255,loss,-1.0,0.4991,0.4937,0.4991,100.0,0.4865,-0.0072,-0.0502,0.0,0.0,,8.0
2026-09-03,Colorado @ Georgia Tech,Moneyline,game_ml,Colorado ML,,fanatics,220.0,-270.0,Pass,0.316,0.0112,win,2.2,0.316,0.317,0.316,,,,,,0.0,,28.0
2026-09-03,Colorado @ Georgia Tech,Moneyline,game_ml,Georgia Tech ML,,draftkings,-238.0,195.0,Pass,0.6552,-0.0695,loss,-1.0,0.684,0.683,0.6552,,,,,,0.0,,-28.0
2026-09-03,Colorado @ Georgia Tech,Spread (ATS),game_ats,Colorado +6.5,6.5,draftkings,-105.0,-115.0,Pass,0.4726,-0.0773,win,0.9524,0.4726,0.4946,0.4726,,,,,,0.0,,5.0
2026-09-03,Colorado @ Georgia Tech,Spread (ATS),game_ats,Georgia Tech -6.5,-6.5,lowvig,-107.0,-105.0,Moderate buy,0.5274,0.0202,loss,-1.0,0.5274,0.5054,0.5274,,,,,,0.0,,-6.0
2026-09-03,Colorado @ Georgia Tech,Totals,game_total,Over 51.0,51.0,lowvig,-106.0,-110.0,Pass,0.5167,0.0042,loss,-1.0,0.5167,0.4982,0.5167,,,,,,0.0,,-14.0
2026-09-03,Colorado @ Georgia Tech,Totals,game_total,Under 51.0,51.0,lowvig,-110.0,-106.0,Pass,0.4833,-0.0773,win,0.9091,0.4833,0.5018,0.4833,,,,,,0.0,,14.0
2026-09-03,Eastern Illino @ Minnesota,Moneyline,game_ml,Eastern Illino ML,,mybookieag,1575.0,-100000.0,Pass,0.0038,-0.9359,loss,-1.0,0.0038,0.0564,0.0038,,,,,,0.0,,
2026-09-03,Eastern Illino @ Minnesota,Moneyline,game_ml,Minnesota ML,,mybookieag,-100000.0,1575.0,Pass,0.8269,-0.1723,win,0.001,0.9962,0.9436,0.8269,,,,,,0.0,,
2026-09-03,Eastern Illino @ Minnesota,Spread (ATS),game_ats,Eastern Illino +42.5,42.5,betmgm,-108.0,-110.0,Pass,0.5008,-0.0356,loss,-1.0,0.5008,0.5022,0.5008,,,,,,0.0,,
2026-09-03,Eastern Illino @ Minnesota,Spread (ATS),game_ats,Minnesota -42.5,-42.5,draftkings,-105.0,-115.0,Pass,0.4993,-0.0253,win,0.9524,0.4993,0.4978,0.4993,,,,,,0.0,,-26.0
2026-09-03,Eastern Illino @ Minnesota,Totals,game_total,Over 51.5,51.5,draftkings,-108.0,-112.0,Pass,0.5,-0.0371,win,0.9259,0.5,0.4998,0.5,,,,,,0.0,,
2026-09-03,Eastern Illino @ Minnesota,Totals,game_total,Under 51.5,51.5,betmgm,-105.0,-112.0,Pass,0.5,-0.0237,loss,-1.0,0.5,0.5002,0.5,,,,,,0.0,,10.0
2026-09-03,Idaho @ Utah,Moneyline,game_ml,Idaho ML,,draftkings,5000.0,-100000.0,Pass,0.0141,-0.2796,loss,-1.0,0.0141,0.0219,0.0141,,,,,,0.0,,52.0
2026-09-03,Idaho @ Utah,Moneyline,game_ml,Utah ML,,fanatics,-10000.0,3500.0,Pass,0.8212,-0.1706,win,0.01,0.9859,0.9781,0.8212,,,,,,0.0,,-52.0
2026-09-03,Idaho @ Utah,Spread (ATS),game_ats,Idaho +35.0,35.0,fanatics,-105.0,-115.0,Pass,0.4976,-0.0284,loss,-1.0,0.4976,0.4937,0.4976,,,,,,0.0,,-17.0
2026-09-03,Idaho @ Utah,Spread (ATS),game_ats,Utah -35.0,-35.0,williamhill_us,-112.0,-110.0,Pass,0.5024,-0.0491,win,0.8929,0.5024,0.5063,0.5024,,,,,,0.0,,17.0
2026-09-03,Idaho @ Utah,Totals,game_total,Over 57.5,57.5,fanduel,-110.0,-110.0,Pass,0.4986,-0.0482,win,0.9091,0.4986,0.503,0.4986,,,,,,0.0,,-1.0
2026-09-03,Idaho @ Utah,Totals,game_total,Under 57.5,57.5,betmgm,-108.0,-110.0,Pass,0.5014,-0.0343,loss,-1.0,0.5014,0.497,0.5014,,,,,,0.0,,1.0
2026-09-03,Merrimack @ Delaware,Moneyline,game_ml,Delaware ML,,fanatics,-9000.0,2800.0,Pass,0.808,-0.183,win,0.0111,0.9619,0.9616,0.808,-8000.0,0.957,-0.0046,-0.0324,,0.0,,-56.0
2026-09-03,Merrimack @ Delaware,Moneyline,game_ml,Merrimack ML,,draftkings,3500.0,-20000.0,Pass,0.0381,0.3725,loss,-1.0,0.0381,0.0384,0.0381,3000.0,0.043,0.0046,0.548,,0.0,,
2026-09-03,Merrimack @ Delaware,Spread (ATS),game_ats,Delaware -28.5,-28.5,betrivers,-110.0,-113.0,Pass,0.4983,-0.0487,win,0.9091,0.4983,0.5047,0.4983,-108.0,0.575,0.0703,0.0977,3.0,0.0,,12.0
2026-09-03,Merrimack @ Delaware,Spread (ATS),game_ats,Merrimack +28.5,28.5,draftkings,-102.0,-118.0,Pass,0.5017,-0.0065,loss,-1.0,0.5017,0.4953,0.5017,-108.0,0.425,-0.0703,-0.1583,-3.0,0.0,,
2026-09-03,Merrimack @ Delaware,Totals,game_total,Over 55.5,55.5,draftkings,-108.0,-112.0,Pass,0.5006,-0.0358,loss,-1.0,0.5006,0.505,0.5006,-105.0,0.5267,0.0217,0.0144,1.0,0.0,,
2026-09-03,Merrimack @ Delaware,Totals,game_total,Under 55.5,55.5,williamhill_us,-107.0,-115.0,Pass,0.4994,-0.0339,win,0.9346,0.4994,0.495,0.4994,-110.0,0.4733,-0.0217,-0.0844,-1.0,0.0,,-42.0
2026-09-03,UAB @ Illinois,Moneyline,game_ml,Illinois ML,,mybookieag,-4000.0,1250.0,Pass,0.8091,-0.1707,win,0.025,0.9637,0.9434,0.8091,,,,,,0.0,,-34.0
2026-09-03,UAB @ Illinois,Moneyline,game_ml,UAB ML,,fanduel,2000.0,-7000.0,Pass,0.0363,-0.2387,loss,-1.0,0.0363,0.0566,0.0363,,,,,,0.0,,34.0
2026-09-03,UAB @ Illinois,Spread (ATS),game_ats,Illinois -27.5,-27.5,lowvig,-101.0,-111.0,Moderate buy,0.5237,0.0422,loss,-1.0,0.5237,0.4983,0.5237,,,,,,0.0,,-35.0
2026-09-03,UAB @ Illinois,Spread (ATS),game_ats,UAB +27.5,27.5,draftkings,-108.0,-112.0,Pass,0.4763,-0.0826,win,0.9259,0.4763,0.5017,0.4763,,,,,,0.0,,34.0
2026-09-03,UAB @ Illinois,Totals,game_total,Over 54.5,54.5,bovada,-110.0,-110.0,Pass,0.6614,0.2627,win,0.9091,0.6953,0.5084,0.6614,,,,,,0.0,,-26.0
2026-09-03,UAB @ Illinois,Totals,game_total,Under 54.5,54.5,draftkings,-102.0,-118.0,Pass,0.3047,-0.3965,loss,-1.0,0.3047,0.4916,0.3047,,,,,,0.0,,26.0
2026-09-03,UMass @ Rutgers,Moneyline,game_ml,Rutgers ML,,fanatics,-4000.0,1800.0,Pass,0.8186,-0.161,loss,-1.0,0.981,0.9568,0.8186,,,,,,0.0,,-11.0
2026-09-03,UMass @ Rutgers,Moneyline,game_ml,UMass ML,,betmgm,2500.0,-10000.0,Pass,0.019,-0.5073,win,25.0,0.019,0.0432,0.019,,,,,,0.0,,11.0
2026-09-03,UMass @ Rutgers,Spread (ATS),game_ats,Rutgers -29.0,-29.0,bovada,-105.0,-115.0,Pass,0.6095,0.19,loss,-1.0,0.6095,0.4977,0.6095,,,,,,0.0,,-16.0
2026-09-03,UMass @ Rutgers,Spread (ATS),game_ats,UMass +29.0,29.0,lowvig,-106.0,-106.0,Pass,0.3905,-0.2412,win,0.9434,0.3905,0.5023,0.3905,,,,,,0.0,,16.0
2026-09-03,UMass @ Rutgers,Totals,game_total,Over 52.5,52.5,betmgm,-102.0,-118.0,Pass,0.6213,0.2305,win,0.9804,0.6224,0.4887,0.6213,,,,,,0.0,,49.0
2026-09-03,UMass @ Rutgers,Totals,game_total,Under 52.5,52.5,betonlineag,-115.0,-105.0,Pass,0.3776,-0.2941,loss,-1.0,0.3776,0.5113,0.3776,,,,,,0.0,,-49.0
2026-09-03,West Georgia @ Kennesaw State,Moneyline,game_ml,Kennesaw State ML,,betmgm,-2500.0,1400.0,Pass,0.7855,-0.1831,win,0.04,0.9208,0.933,0.7855,,,,,,0.0,,-50.0
2026-09-03,West Georgia @ Kennesaw State,Moneyline,game_ml,West Georgia ML,,draftkings,1600.0,-4000.0,Pass,0.0792,0.346,loss,-1.0,0.0792,0.067,0.0792,,,,,,0.0,,
2026-09-03,West Georgia @ Kennesaw State,Spread (ATS),game_ats,Kennesaw State -22.5,-22.5,fanduel,-108.0,-112.0,Pass,0.4986,-0.0397,win,0.9259,0.4986,0.5,0.4986,,,,,,0.0,,-32.0
2026-09-03,West Georgia @ Kennesaw State,Spread (ATS),game_ats,West Georgia +22.5,22.5,draftkings,-108.0,-112.0,Pass,0.5014,-0.0344,loss,-1.0,0.5014,0.5,0.5014,,,,,,0.0,,
2026-09-03,West Georgia @ Kennesaw State,Totals,game_total,Over 51.5,51.5,betmgm,-105.0,-115.0,Pass,0.5028,-0.0183,loss,-1.0,0.5028,0.4955,0.5028,,,,,,0.0,,
2026-09-03,West Georgia @ Kennesaw State,Totals,game_total,Under 51.5,51.5,draftkings,-108.0,-112.0,Pass,0.4972,-0.0424,win,0.9259,0.4972,0.5045,0.4972,,,,,,0.0,,13.0
2026-09-04,Fresno State @ USC,Moneyline,game_ml,Fresno State ML,,betrivers,1400.0,-5000.0,Pass,0.1407,1.1105,loss,-1.0,0.1407,0.0764,0.1407,1300.0,0.076,-0.0004,0.14,,0.0,price_too_long,62.0
2026-09-04,Fresno State @ USC,Moneyline,game_ml,USC ML,,bovada,-2000.0,950.0,Pass,0.7516,-0.2108,win,0.05,0.8593,0.9236,0.7516,-1900.0,0.924,0.0004,-0.0298,,0.0,,-62.0
2026-09-04,Fresno State @ USC,Spread (ATS),game_ats,Fresno State +21.5,21.5,lowvig,-106.0,-106.0,Pass,0.6026,0.1711,loss,-1.0,0.6026,0.5016,0.6026,-105.0,0.5006,-0.001,-0.0271,0.0,0.0,,-7.0
2026-09-04,Fresno State @ USC,Spread (ATS),game_ats,USC -21.5,-21.5,bovada,-105.0,-115.0,Pass,0.3974,-0.2241,win,0.9524,0.3974,0.4984,0.3974,-105.0,0.4994,0.001,-0.025,0.0,0.0,,7.0
2026-09-04,Fresno State @ USC,Totals,game_total,Over 51.5,51.5,betus,-110.0,-110.0,Pass,0.4543,-0.1327,loss,-1.0,0.4543,0.5019,0.4543,-105.0,0.4828,-0.0191,-0.0783,-0.5,0.0,,-2.0
2026-09-04,Fresno State @ USC,Totals,game_total,Under 51.5,51.5,williamhill_us,-106.0,-114.0,Strong buy,0.5457,0.0606,win,0.9434,0.5457,0.4981,0.5457,-108.0,0.5172,0.0191,0.0051,0.5,0.0,,2.0
2026-09-04,Indiana State @ Purdue,Spread (ATS),game_ats,Indiana State +35.5,35.5,fanduel,-110.0,-110.0,Pass,0.4987,-0.048,win,0.9091,0.4987,0.4996,0.4987,-110.0,0.5185,0.0189,-0.0101,0.0,0.0,,
2026-09-04,Indiana State @ Purdue,Spread (ATS),game_ats,Purdue -35.5,-35.5,fanduel,-110.0,-110.0,Pass,0.5013,-0.0429,loss,-1.0,0.5013,0.5004,0.5013,-101.0,0.4815,-0.0189,-0.0808,0.0,0.0,,21.0
2026-09-04,Indiana State @ Purdue,Totals,game_total,Over 56.5,56.5,fanduel,-108.0,-112.0,Pass,0.4923,-0.0518,win,0.9259,0.4923,0.4968,0.4923,-115.0,0.4871,-0.0097,-0.0619,-1.0,0.0,,
2026-09-04,Indiana State @ Purdue,Totals,game_total,Under 56.5,56.5,fanatics,-110.0,-110.0,Pass,0.5077,-0.0308,loss,-1.0,0.5077,0.5032,0.5077,-105.0,0.5129,0.0097,-0.0208,1.0,0.0,,10.0
2026-09-04,LIU @ Kansas,Spread (ATS),game_ats,Kansas -41.5,-41.5,williamhill_us,-124.0,101.0,Pass,0.5163,-0.0673,win,0.8065,0.5163,0.5286,0.5163,-110.0,0.5494,0.0208,-0.0075,2.0,0.0,,11.0
2026-09-04,LIU @ Kansas,Spread (ATS),game_ats,LIU +41.5,41.5,williamhill_us,101.0,-124.0,Pass,0.4837,-0.0278,loss,-1.0,0.4837,0.4714,0.4837,-110.0,0.4506,-0.0208,-0.0943,-2.0,0.0,,
2026-09-04,LIU @ Kansas,Totals,game_total,Over 54.5,54.5,fanduel,-105.0,-115.0,Pass,0.5009,-0.0222,win,0.9524,0.5009,0.4986,0.5009,-109.0,0.5443,0.0457,0.0627,1.5,0.0,,
2026-09-04,LIU @ Kansas,Totals,game_total,Under 54.5,54.5,draftkings,-108.0,-112.0,Pass,0.4991,-0.0387,loss,-1.0,0.4991,0.5014,0.4991,-110.0,0.4557,-0.0457,-0.1224,-1.5,0.0,,-12.0
2026-09-04,Miami @ Stanford,Moneyline,game_ml,Miami ML,,betmgm,-2500.0,1400.0,Pass,0.7545,-0.2153,win,0.04,0.8646,0.9308,0.7545,-3000.0,0.9388,0.008,-0.0236,,0.0,,73.0
2026-09-04,Miami @ Stanford,Moneyline,game_ml,Stanford ML,,draftkings,1400.0,-3200.0,Pass,0.1354,1.0306,loss,-1.0,0.1354,0.0692,0.1354,1700.0,0.0612,-0.008,-0.082,,0.0,price_too_long,-73.0
2026-09-04,Miami @ Stanford,Spread (ATS),game_ats,Miami -23.5,-23.5,lowvig,-112.0,100.0,Pass,0.3594,-0.3197,win,0.8929,0.3594,0.5126,0.3594,-105.0,0.5267,0.0141,-0.003,1.0,0.0,,-11.0
2026-09-04,Miami @ Stanford,Spread (ATS),game_ats,Stanford +23.5,23.5,lowvig,100.0,-112.0,Pass,0.6313,0.2627,loss,-1.0,0.6406,0.4874,0.6313,-105.0,0.4733,-0.0141,-0.0534,-1.0,0.0,,11.0
2026-09-04,Miami @ Stanford,Totals,game_total,Over 48.0,48.0,lowvig,-108.0,-108.0,Pass,0.4347,-0.1628,win,0.9259,0.4347,0.4997,0.4347,-108.0,0.4563,-0.0434,-0.1212,-1.5,0.0,,-17.0
2026-09-04,Miami @ Stanford,Totals,game_total,Under 48.0,48.0,lowvig,-108.0,-108.0,Strong buy,0.5653,0.0888,loss,-1.0,0.5653,0.5003,0.5653,-105.0,0.5437,0.0434,0.0471,1.5,0.0,,17.0
2026-09-04,North Carolina @ Georgia State,Moneyline,game_ml,Georgia State ML,,fanatics,-6000.0,2200.0,Pass,0.8086,-0.1779,win,0.0167,0.963,0.9533,0.8086,-4000.0,0.9439,-0.0094,-0.0404,,0.0,,-55.0
2026-09-04,North Carolina @ Georgia State,Moneyline,game_ml,North Carolina ML,,fanduel,2400.0,-10000.0,Pass,0.037,-0.075,loss,-1.0,0.037,0.0467,0.037,2200.0,0.0561,0.0094,0.4025,,0.0,,
2026-09-04,North Carolina @ Georgia State,Spread (ATS),game_ats,Georgia State -28.5,-28.5,betrivers,-112.0,-112.0,Pass,0.5046,-0.045,win,0.8929,0.5046,0.5187,0.5046,-104.0,0.4955,-0.0232,-0.0621,0.0,0.0,,-24.0
2026-09-04,North Carolina @ Georgia State,Spread (ATS),game_ats,North Carolina +28.5,28.5,lowvig,-101.0,-130.0,Pass,0.4954,-0.014,loss,-1.0,0.4954,0.4813,0.4954,-110.0,0.5045,0.0232,0.004,0.0,0.0,,
2026-09-04,North Carolina @ Georgia State,Totals,game_total,Over 62.0,62.0,fanatics,-110.0,-110.0,Pass,0.501,-0.0434,win,0.9091,0.501,0.4942,0.501,-110.0,0.3968,-0.0974,-0.2425,-3.5,0.0,,
2026-09-04,North Carolina @ Georgia State,Totals,game_total,Under 62.0,62.0,fanatics,-110.0,-110.0,Pass,0.499,-0.0475,loss,-1.0,0.499,0.5058,0.499,-102.0,0.6032,0.0974,0.1516,3.5,0.0,,-25.0
2026-09-04,San Jose State @ Eastern Michig,Moneyline,game_ml,Eastern Michig ML,,betonlineag,-139.0,119.0,Pass,0.5519,-0.0511,loss,-1.0,0.5519,0.5715,0.5519,-128.0,0.5532,-0.0183,-0.0488,,0.0,,
2026-09-04,San Jose State @ Eastern Michig,Moneyline,game_ml,San Jose State ML,,bovada,130.0,-150.0,Pass,0.4481,0.0307,win,1.3,0.4481,0.4285,0.4481,122.0,0.4468,0.0183,0.0276,,0.0,,-44.0
2026-09-04,San Jose State @ Eastern Michig,Spread (ATS),game_ats,Eastern Michig -3.0,-3.0,lowvig,102.0,-114.0,Pass,0.4788,-0.0328,loss,-1.0,0.4788,0.4892,0.4788,-106.0,0.4956,0.0064,0.0011,-0.5,0.0,,
2026-09-04,San Jose State @ Eastern Michig,Spread (ATS),game_ats,San Jose State +3.0,3.0,mybookieag,-110.0,-110.0,Pass,0.5212,-0.005,win,0.9091,0.5212,0.5108,0.5212,100.0,0.5044,-0.0064,-0.0371,0.5,0.0,,44.0
2026-09-04,San Jose State @ Eastern Michig,Totals,game_total,Over 56.0,56.0,lowvig,-108.0,-108.0,Pass,0.3296,-0.3652,loss,-1.0,0.3296,0.5,0.3296,-105.0,0.4666,-0.0334,-0.1014,-1.0,0.0,,27.0
2026-09-04,San Jose State @ Eastern Michig,Totals,game_total,Under 56.0,56.0,lowvig,-108.0,-108.0,Pass,0.6477,0.2475,win,0.9259,0.6704,0.5,0.6477,-110.0,0.5334,0.0334,0.0273,1.0,0.0,,
2026-09-04,Toledo @ Michigan State,Moneyline,game_ml,Michigan State ML,,williamhill_us,-400.0,320.0,Pass,0.6957,-0.1304,win,0.25,0.7576,0.7757,0.6957,-410.0,0.7765,0.0008,-0.0294,,0.0,,-22.0
2026-09-04,Toledo @ Michigan State,Moneyline,game_ml,Toledo ML,,betrivers,360.0,-530.0,Pass,0.2424,0.1152,loss,-1.0,0.2424,0.2243,0.2424,350.0,0.2235,-0.0008,0.0281,,0.0,,22.0
2026-09-04,Toledo @ Michigan State,Spread (ATS),game_ats,Michigan State -10.5,-10.5,betus,-105.0,-115.0,Moderate buy,0.5145,0.0045,loss,-1.0,0.5145,0.4906,0.5145,-110.0,0.4906,0.0,-0.0422,-0.5,0.0,,-23.0
2026-09-04,Toledo @ Michigan State,Spread (ATS),game_ats,Toledo +10.5,10.5,betmgm,-112.0,-105.0,Pass,0.4855,-0.0811,win,0.8929,0.4855,0.5094,0.4855,-105.0,0.5094,0.0,-0.0358,0.5,0.0,,22.0
2026-09-04,Toledo @ Michigan State,Totals,game_total,Over 46.5,46.5,lowvig,-108.0,-108.0,Pass,0.4919,-0.0527,win,0.9259,0.4919,0.5054,0.4919,-110.0,0.5482,0.0428,0.0558,1.5,0.0,,-26.0
2026-09-04,Toledo @ Michigan State,Totals,game_total,Under 46.5,46.5,williamhill_us,-102.0,-118.0,Pass,0.5081,0.0063,loss,-1.0,0.5081,0.4946,0.5081,-105.0,0.4518,-0.0428,-0.1053,-1.5,0.0,,26.0
2026-09-04,UTEP @ Oklahoma,Moneyline,game_ml,Oklahoma ML,,mybookieag,-100000.0,1900.0,Pass,0.8235,-0.1756,win,0.001,0.99,0.9523,0.8235,-30000.0,0.9642,0.0119,-0.0348,,0.0,,
2026-09-04,UTEP @ Oklahoma,Moneyline,game_ml,UTEP ML,,mybookieag,1900.0,-100000.0,Pass,0.01,-0.801,loss,-1.0,0.01,0.0477,0.01,4000.0,0.0358,-0.0119,-0.284,,0.0,,
2026-09-04,UTEP @ Oklahoma,Spread (ATS),game_ats,Oklahoma -41.5,-41.5,williamhill_us,-103.0,-118.0,Pass,0.4034,-0.2049,win,0.9709,0.4034,0.4948,0.4034,-106.0,0.4882,-0.0066,-0.0378,-0.5,0.0,,-5.0
2026-09-04,UTEP @ Oklahoma,Spread (ATS),game_ats,UTEP +41.5,41.5,lowvig,-106.0,-106.0,Pass,0.5966,0.1594,loss,-1.0,0.5966,0.5052,0.5966,-106.0,0.5118,0.0066,-0.0054,0.5,0.0,,5.0
2026-09-04,UTEP @ Oklahoma,Totals,game_total,Over 51.5,51.5,draftkings,-110.0,-110.0,Pass,0.4998,-0.0459,loss,-1.0,0.4998,0.5055,0.4998,-106.0,0.4826,-0.0229,-0.0787,-0.5,0.0,,-6.0
2026-09-04,UTEP @ Oklahoma,Totals,game_total,Under 51.5,51.5,williamhill_us,-102.0,-118.0,Pass,0.5002,-0.0093,win,0.9804,0.5002,0.4945,0.5002,-110.0,0.5174,0.0229,0.0247,0.5,0.0,,6.0
2026-09-07,SMU @ Florida State,Moneyline,game_ml,Florida State ML,,draftkings,130.0,-155.0,Pass,0.4592,0.0563,loss,-1.0,0.4592,0.4234,0.4592,,,,,,0.0,ml_no_sharp_money,-30.0
2026-09-07,SMU @ Florida State,Moneyline,game_ml,SMU ML,,bovada,-145.0,125.0,Pass,0.5408,-0.0863,win,0.6897,0.5408,0.5766,0.5408,,,,,,0.0,,30.0
2026-09-07,SMU @ Florida State,Spread (ATS),game_ats,Florida State +3.0,3.0,lowvig,-112.0,100.0,Pass,0.5332,0.0093,push,0.0,0.5332,0.5135,0.5332,,,,,,0.0,,25.0
2026-09-07,SMU @ Florida State,Spread (ATS),game_ats,SMU -3.0,-3.0,mybookieag,100.0,-120.0,Pass,0.4668,-0.0664,push,0.0,0.4668,0.4865,0.4668,,,,,,0.0,,-25.0
2026-09-07,SMU @ Florida State,Totals,game_total,Over 53.5,53.5,bovada,-105.0,-115.0,Pass,0.4199,-0.1801,loss,-1.0,0.4199,0.5026,0.4199,,,,,,0.0,,-7.0
2026-09-07,SMU @ Florida State,Totals,game_total,Under 53.5,53.5,lowvig,-103.0,-114.0,Pass,0.58,0.1432,win,0.9709,0.58,0.4974,0.58,,,,,,0.0,,7.0
2026-09-10,Florida A&M @ Miami,Spread (ATS),game_ats,Florida A&M +57.5,57.5,draftkings,-105.0,-115.0,Pass,0.4984,-0.0269,loss,-1.0,0.4984,0.4964,0.4984,-110.0,0.4538,-0.0426,-0.114,-2.0,0.0,,
2026-09-10,Florida A&M @ Miami,Spread (ATS),game_ats,Miami -57.5,-57.5,fanduel,-110.0,-110.0,Pass,0.5016,-0.0424,win,0.9091,0.5016,0.5036,0.5016,-105.0,0.5462,0.0426,0.0427,2.0,0.0,,-16.0
2026-09-10,Florida A&M @ Miami,Totals,game_total,Over 62.5,62.5,betmgm,-110.0,-108.0,Moderate buy,0.5294,0.0108,win,0.9091,0.5294,0.5087,0.5294,-108.0,0.5974,0.0887,0.1405,3.0,0.0,,
2026-09-10,Florida A&M @ Miami,Totals,game_total,Under 62.5,62.5,williamhill_us,-103.0,-117.0,Pass,0.4706,-0.0726,loss,-1.0,0.4706,0.4913,0.4706,-104.0,0.4026,-0.0887,-0.2065,-3.0,0.0,,-18.0
2026-09-11,Missouri @ Kansas,Moneyline,game_ml,Kansas ML,,mybookieag,186.0,-234.0,Pass,0.3877,0.1089,loss,-1.0,0.3877,0.3449,0.3877,,,,,,0.0,ml_no_sharp_money,-69.0
2026-09-11,Missouri @ Kansas,Moneyline,game_ml,Missouri ML,,betonlineag,-210.0,180.0,Pass,0.6123,-0.0962,win,0.4762,0.6123,0.6551,0.6123,,,,,,0.0,,69.0
2026-09-11,Missouri @ Kansas,Spread (ATS),game_ats,Kansas +5.5,5.5,betmgm,-108.0,-110.0,Pass,0.5203,0.0022,loss,-1.0,0.5203,0.5019,0.5203,,,,,,0.0,,20.0
2026-09-11,Missouri @ Kansas,Spread (ATS),game_ats,Missouri -5.5,-5.5,williamhill_us,-107.0,-113.0,Pass,0.4797,-0.0721,win,0.9346,0.4797,0.4981,0.4797,,,,,,0.0,,-20.0
2026-09-11,Missouri @ Kansas,Totals,game_total,Over 51.5,51.5,lowvig,-108.0,-108.0,Pass,0.4798,-0.076,win,0.9259,0.4798,0.5051,0.4798,,,,,,0.0,,-13.0
2026-09-11,Missouri @ Kansas,Totals,game_total,Under 51.5,51.5,williamhill_us,102.0,-121.0,Pass,0.5202,0.0509,loss,-1.0,0.5202,0.4949,0.5202,,,,,,0.0,,13.0
2026-09-11,Norfolk State @ Virginia,Spread (ATS),game_ats,Norfolk State +45.5,45.5,betmgm,-108.0,-110.0,Pass,0.4428,-0.1472,loss,-1.0,0.4428,0.5059,0.4428,-108.0,0.4743,-0.0316,-0.0865,-1.0,0.0,,21.0
2026-09-11,Norfolk State @ Virginia,Spread (ATS),game_ats,Virginia -45.5,-45.5,fanduel,-105.0,-115.0,Strong buy,0.5572,0.0879,win,0.9524,0.5572,0.4941,0.5572,-110.0,0.5257,0.0316,0.0264,1.0,0.0,,-21.0
2026-09-11,Norfolk State @ Virginia,Totals,game_total,Over 54.5,54.5,betmgm,-108.0,-110.0,Pass,0.5012,-0.0347,win,0.9259,0.5012,0.5079,0.5012,-105.0,0.5673,0.0594,0.0926,2.0,0.0,,1.0
2026-09-11,Norfolk State @ Virginia,Totals,game_total,Under 54.5,54.5,draftkings,105.0,-125.0,Pass,0.4988,0.0225,loss,-1.0,0.4988,0.4921,0.4988,105.0,0.4327,-0.0594,-0.113,-2.0,0.0,,-1.0
2026-09-11,Richmond @ NC State,Moneyline,game_ml,NC State ML,,draftkings,-6500.0,2000.0,Pass,0.818,-0.1694,win,0.0154,0.98,0.9661,0.818,,,,,,0.0,,-38.0
2026-09-11,Richmond @ NC State,Moneyline,game_ml,Richmond ML,,betmgm,4000.0,-15000.0,Pass,0.02,-0.18,loss,-1.0,0.02,0.0339,0.02,,,,,,0.0,,
2026-09-11,Richmond @ NC State,Spread (ATS),game_ats,NC State -32.5,-32.5,fanatics,-110.0,-110.0,Pass,0.5106,-0.0252,win,0.9091,0.5106,0.5021,0.5106,,,,,,0.0,,19.0
2026-09-11,Richmond @ NC State,Spread (ATS),game_ats,Richmond +32.5,32.5,williamhill_us,-108.0,-114.0,Pass,0.4894,-0.0575,loss,-1.0,0.4894,0.4979,0.4894,,,,,,0.0,,
2026-09-11,Richmond @ NC State,Totals,game_total,Over 50.5,50.5,betrivers,-109.0,-114.0,Pass,0.501,-0.0393,win,0.9174,0.501,0.5029,0.501,,,,,,0.0,,
2026-09-11,Richmond @ NC State,Totals,game_total,Under 50.5,50.5,draftkings,-102.0,-118.0,Pass,0.499,-0.0119,loss,-1.0,0.499,0.4971,0.499,,,,,,0.0,,-22.0
2026-09-11,Rutgers @ Boston College,Moneyline,game_ml,Boston College ML,,betus,-150.0,129.0,Pass,0.5243,-0.1262,win,0.6667,0.5243,0.5886,0.5243,,,,,,0.0,,49.0
2026-09-11,Rutgers @ Boston College,Moneyline,game_ml,Rutgers ML,,bovada,140.0,-165.0,Pass,0.4757,0.1417,loss,-1.0,0.4757,0.4114,0.4757,,,,,,0.0,,-49.0
2026-09-11,Rutgers @ Boston College,Spread (ATS),game_ats,Boston College -3.0,-3.0,lowvig,-106.0,-106.0,Pass,0.4487,-0.1279,win,0.9434,0.4487,0.507,0.4487,,,,,,0.0,,13.0
2026-09-11,Rutgers @ Boston College,Spread (ATS),game_ats,Rutgers +3.0,3.0,bovada,100.0,-120.0,Strong buy,0.5513,0.1025,loss,-1.0,0.5513,0.493,0.5513,,,,,,0.0,,-13.0
2026-09-11,Rutgers @ Boston College,Totals,game_total,Over 54.5,54.5,lowvig,-102.0,-115.0,Pass,0.5713,0.1313,loss,-1.0,0.5713,0.4889,0.5713,,,,,,0.0,,47.0
2026-09-11,Rutgers @ Boston College,Totals,game_total,Under 54.5,54.5,betrivers,-114.0,-109.0,Pass,0.4287,-0.1952,win,0.8772,0.4287,0.5111,0.4287,,,,,,0.0,,-47.0
2026-09-11,Villanova @ Louisville,Moneyline,game_ml,Louisville ML,,fanduel,-10000.0,2400.0,Pass,0.8225,-0.1692,win,0.01,0.9882,0.9718,0.8225,-100000.0,0.9824,0.0106,-0.0078,,0.0,,
2026-09-11,Villanova @ Louisville,Moneyline,game_ml,Villanova ML,,betmgm,5500.0,-100000.0,Pass,0.0118,-0.342,loss,-1.0,0.0118,0.0282,0.0118,5500.0,0.0176,-0.0106,-0.0144,,0.0,,
2026-09-11,Villanova @ Louisville,Spread (ATS),game_ats,Louisville -36.5,-36.5,fanduel,-110.0,-110.0,Pass,0.4974,-0.0505,win,0.9091,0.4974,0.5007,0.4974,-105.0,0.5743,0.0736,0.0964,3.0,0.0,,-3.0
2026-09-11,Villanova @ Louisville,Spread (ATS),game_ats,Villanova +36.5,36.5,betmgm,-108.0,-110.0,Pass,0.5026,-0.032,loss,-1.0,0.5026,0.4993,0.5026,100.0,0.4257,-0.0736,-0.1801,-3.0,0.0,,3.0
2026-09-11,Villanova @ Louisville,Totals,game_total,Over 56.5,56.5,draftkings,-108.0,-112.0,Pass,0.4989,-0.0393,win,0.9259,0.4989,0.5024,0.4989,-108.0,0.5067,0.0043,-0.0241,0.0,0.0,,3.0
2026-09-11,Villanova @ Louisville,Totals,game_total,Under 56.5,56.5,bovada,-105.0,-115.0,Pass,0.5011,-0.0216,loss,-1.0,0.5011,0.4976,0.5011,-102.0,0.4933,-0.0043,-0.0369,0.0,0.0,,-3.0
2026-09-12,Alabama @ Kentucky,Moneyline,game_ml,Alabama ML,,fanduel,-375.0,290.0,Pass,0.674,-0.1463,win,0.2667,0.7181,0.7652,0.674,,,,,,-0.0007,,-27.0
2026-09-12,Alabama @ Kentucky,Moneyline,game_ml,Kentucky ML,,draftkings,320.0,-410.0,Pass,0.2819,0.1839,loss,-1.0,0.2819,0.2348,0.2819,,,,,,0.0007,,27.0
2026-09-12,Alabama @ Kentucky,Spread (ATS),game_ats,Alabama -10.0,-10.0,lowvig,-103.0,-109.0,Pass,0.4809,-0.0522,win,0.9709,0.4809,0.4973,0.4809,,,,,,-0.0022,,-14.0
2026-09-12,Alabama @ Kentucky,Spread (ATS),game_ats,Kentucky +10.0,10.0,lowvig,-109.0,-103.0,Pass,0.5191,-0.0047,loss,-1.0,0.5191,0.5027,0.5191,,,,,,0.0022,,14.0
2026-09-12,Alabama @ Kentucky,Totals,game_total,Over 48.5,48.5,draftkings,-105.0,-115.0,Pass,0.3352,-0.3455,win,0.9524,0.3352,0.4953,0.3352,,,,,,-0.0012,,-74.0
2026-09-12,Alabama @ Kentucky,Totals,game_total,Under 48.5,48.5,lowvig,-108.0,-108.0,Pass,0.6446,0.2415,loss,-1.0,0.6647,0.5047,0.6446,,,,,,0.0012,,74.0
2026-09-12,Alabama State @ Troy,Moneyline,game_ml,Alabama State ML,,fanatics,1050.0,-1800.0,Pass,0.0755,-0.1323,loss,-1.0,0.0755,0.0867,0.0755,,,,,,-0.001,,36.0
2026-09-12,Alabama State @ Troy,Moneyline,game_ml,Troy ML,,betmgm,-1600.0,1050.0,Pass,0.7875,-0.1633,win,0.0625,0.9245,0.9133,0.7875,,,,,,0.001,,-36.0
2026-09-12,Alabama State @ Troy,Spread (ATS),game_ats,Alabama State +22.5,22.5,draftkings,-108.0,-112.0,Pass,0.4831,-0.0695,win,0.9259,0.4831,0.4977,0.4831,,,,,,-0.0007,,-21.0
2026-09-12,Alabama State @ Troy,Spread (ATS),game_ats,Troy -22.5,-22.5,betonlineag,-110.0,-110.0,Pass,0.5169,-0.0132,loss,-1.0,0.5169,0.5023,0.5169,,,,,,0.0007,,21.0
2026-09-12,Alabama State @ Troy,Totals,game_total,Over 51.5,51.5,fanduel,-110.0,-110.0,Pass,0.5012,-0.0432,loss,-1.0,0.5012,0.5022,0.5012,,,,,,0.0003,,11.0
2026-09-12,Alabama State @ Troy,Totals,game_total,Under 51.5,51.5,draftkings,-105.0,-115.0,Pass,0.4988,-0.0261,win,0.9524,0.4988,0.4978,0.4988,,,,,,-0.0003,,-11.0
2026-09-12,Appalachian St @ East Carolina,Moneyline,game_ml,Appalachian St ML,,draftkings,215.0,-265.0,Pass,0.3419,0.0769,win,2.15,0.3419,0.3182,0.3419,,,,,,0.0012,price_too_long,12.0
2026-09-12,Appalachian St @ East Carolina,Moneyline,game_ml,East Carolina ML,,betmgm,-235.0,200.0,Pass,0.641,-0.0863,loss,-1.0,0.6581,0.6818,0.641,,,,,,-0.0012,,-12.0
2026-09-12,Appalachian St @ East Carolina,Spread (ATS),game_ats,Appalachian St +6.5,6.5,lowvig,-106.0,-106.0,Pass,0.4984,-0.0314,win,0.9434,0.4984,0.4988,0.4984,,,,,,0.0022,,-2.0
2026-09-12,Appalachian St @ East Carolina,Spread (ATS),game_ats,East Carolina -6.5,-6.5,lowvig,-106.0,-106.0,Pass,0.5016,-0.0252,loss,-1.0,0.5016,0.5012,0.5016,,,,,,-0.0022,,2.0
2026-09-12,Appalachian St @ East Carolina,Totals,game_total,Over 56.0,56.0,lowvig,-108.0,-108.0,Pass,0.4989,-0.0393,loss,-1.0,0.4989,0.5,0.4989,,,,,,0.0,,9.0
2026-09-12,Appalachian St @ East Carolina,Totals,game_total,Under 56.0,56.0,lowvig,-108.0,-108.0,Pass,0.5011,-0.0348,win,0.9259,0.5011,0.5,0.5011,,,,,,0.0,,-9.0
2026-09-12,Arizona @ BYU,Moneyline,game_ml,Arizona ML,,betrivers,250.0,-335.0,Pass,0.3034,0.0618,loss,-1.0,0.3034,0.283,0.3034,,,,,,-0.0002,price_too_long,8.0
2026-09-12,Arizona @ BYU,Moneyline,game_ml,BYU ML,,lowvig,-280.0,230.0,Pass,0.6621,-0.1014,win,0.3571,0.6966,0.717,0.6621,,,,,,0.0002,,-8.0
2026-09-12,Arizona @ BYU,Spread (ATS),game_ats,Arizona +7.5,7.5,betmgm,-108.0,-110.0,Pass,0.4819,-0.0718,loss,-1.0,0.4819,0.5038,0.4819,,,,,,-0.0015,,48.0
2026-09-12,Arizona @ BYU,Spread (ATS),game_ats,BYU -7.5,-7.5,lowvig,-103.0,-109.0,Moderate buy,0.5181,0.0211,win,0.9709,0.5181,0.4962,0.5181,,,,,,0.0015,,-48.0
2026-09-12,Arizona @ BYU,Totals,game_total,Over 48.5,48.5,fanduel,-106.0,-114.0,Pass,0.4981,-0.032,loss,-1.0,0.4981,0.4998,0.4981,,,,,,-0.0033,,2.0
2026-09-12,Arizona @ BYU,Totals,game_total,Under 48.5,48.5,draftkings,-105.0,-115.0,Pass,0.5019,-0.0201,win,0.9524,0.5019,0.5002,0.5019,,,,,,0.0033,,-2.0
2026-09-12,Arizona State @ Texas A&M,Moneyline,game_ml,Arizona State ML,,betmgm,550.0,-700.0,Pass,0.1906,0.2389,loss,-1.0,0.1906,0.1588,0.1906,,,,,,0.0,price_too_long,11.0
2026-09-12,Arizona State @ Texas A&M,Moneyline,game_ml,Texas A&M ML,,draftkings,-675.0,490.0,Pass,0.7242,-0.1685,win,0.1481,0.8094,0.8412,0.7242,,,,,,-0.0,,
2026-09-12,Arizona State @ Texas A&M,Spread (ATS),game_ats,Arizona State +14.5,14.5,lowvig,-104.0,-108.0,Pass,0.5137,0.0076,loss,-1.0,0.5137,0.5002,0.5137,,,,,,-0.0014,,-13.0
2026-09-12,Arizona State @ Texas A&M,Spread (ATS),game_ats,Texas A&M -14.5,-14.5,draftkings,-108.0,-112.0,Pass,0.4863,-0.0634,win,0.9259,0.4863,0.4998,0.4863,,,,,,0.0014,,
2026-09-12,Arizona State @ Texas A&M,Totals,game_total,Over 50.5,50.5,mybookieag,-110.0,-110.0,Pass,0.4355,-0.1686,win,0.9091,0.4355,0.5062,0.4355,,,,,,-0.0015,,-6.0
2026-09-12,Arizona State @ Texas A&M,Totals,game_total,Under 50.5,50.5,fanatics,-105.0,-115.0,Pass,0.5645,0.1021,loss,-1.0,0.5645,0.4938,0.5645,,,,,,0.0015,,
2026-09-12,Arkansas @ Utah,Moneyline,game_ml,Arkansas ML,,betrivers,400.0,-590.0,Pass,0.1726,-0.1368,loss,-1.0,0.1726,0.2,0.1726,700.0,0.1345,-0.0655,-0.3275,,-0.0008,,33.0
2026-09-12,Arkansas @ Utah,Moneyline,game_ml,Utah ML,,betonlineag,-470.0,364.0,Pass,0.734,-0.1098,win,0.2128,0.8274,0.8,0.734,-800.0,0.8655,0.0655,0.0496,,0.0008,,-33.0
2026-09-12,Arkansas @ Utah,Spread (ATS),game_ats,Arkansas +12.5,12.5,bovada,-105.0,-115.0,Pass,0.437,-0.1469,loss,-1.0,0.437,0.4994,0.437,-110.0,0.3905,-0.1089,-0.2376,-5.0,0.0016,,31.0
2026-09-12,Arkansas @ Utah,Spread (ATS),game_ats,Utah -12.5,-12.5,betmgm,-108.0,-110.0,Strong buy,0.563,0.0843,win,0.9259,0.563,0.5006,0.563,-102.0,0.6095,0.1089,0.1739,5.0,-0.0016,,-31.0
2026-09-12,Arkansas @ Utah,Totals,game_total,Over 55.5,55.5,betmgm,-108.0,-110.0,Pass,0.6526,0.2568,loss,-1.0,0.6792,0.5002,0.6526,-102.0,0.4907,-0.0095,-0.0549,0.0,-0.0001,,35.0
2026-09-12,Arkansas @ Utah,Totals,game_total,Under 55.5,55.5,draftkings,-108.0,-112.0,Pass,0.3208,-0.3822,win,0.9259,0.3208,0.4998,0.3208,-110.0,0.5093,0.0095,-0.0191,0.0,0.0001,,-35.0
2026-09-12,Bowling Green @ Nebraska,Moneyline,game_ml,Bowling Green ML,,fanduel,3500.0,-10000.0,Pass,0.0437,0.5741,loss,-1.0,0.0437,0.0468,0.0437,3000.0,0.0456,-0.0012,0.6416,,-0.0008,,1.0
2026-09-12,Bowling Green @ Nebraska,Moneyline,game_ml,Nebraska ML,,williamhill_us,-5000.0,1600.0,Pass,0.805,-0.1789,win,0.02,0.9563,0.9532,0.805,-5000.0,0.9544,0.0012,-0.0265,,0.0008,,-1.0
2026-09-12,Bowling Green @ Nebraska,Spread (ATS),game_ats,Bowling Green +30.5,30.5,lowvig,-106.0,-106.0,Strong buy,0.5753,0.1181,loss,-1.0,0.5753,0.501,0.5753,-105.0,0.4959,-0.0051,-0.0363,0.0,-0.0004,,-8.0
2026-09-12,Bowling Green @ Nebraska,Spread (ATS),game_ats,Nebraska -30.5,-30.5,lowvig,-106.0,-106.0,Pass,0.4247,-0.1747,win,0.9434,0.4247,0.499,0.4247,-109.0,0.5041,0.0051,-0.0203,0.0,0.0004,,8.0
2026-09-12,Bowling Green @ Nebraska,Totals,game_total,Over 49.5,49.5,betmgm,-110.0,-108.0,Pass,0.4606,-0.1206,win,0.9091,0.4606,0.5035,0.4606,-108.0,0.4863,-0.0172,-0.0716,-0.5,0.0,,-32.0
2026-09-12,Bowling Green @ Nebraska,Totals,game_total,Under 49.5,49.5,williamhill_us,-105.0,-115.0,Strong buy,0.5394,0.0531,loss,-1.0,0.5394,0.4965,0.5394,-105.0,0.5137,0.0172,0.0029,0.5,0.0,,32.0
2026-09-12,Buffalo @ Florida Intern,Moneyline,game_ml,Buffalo ML,,draftkings,320.0,-410.0,Pass,0.3202,0.3449,loss,-1.0,0.3202,0.2325,0.3202,,,,,,0.0014,,48.0
2026-09-12,Buffalo @ Florida Intern,Moneyline,game_ml,Florida Intern ML,,betus,-370.0,295.0,Pass,0.6529,-0.1707,win,0.2703,0.6798,0.7675,0.6529,,,,,,-0.0014,,-48.0
2026-09-12,Buffalo @ Florida Intern,Spread (ATS),game_ats,Buffalo +10.0,10.0,lowvig,-101.0,-111.0,Strong buy,0.5615,0.1175,loss,-1.0,0.5615,0.4954,0.5615,,,,,,-0.0031,,10.0
2026-09-12,Buffalo @ Florida Intern,Spread (ATS),game_ats,Florida Intern -10.0,-10.0,betrivers,-110.0,-113.0,Pass,0.4385,-0.1629,win,0.9091,0.4385,0.5046,0.4385,,,,,,0.0031,,-10.0
2026-09-12,Buffalo @ Florida Intern,Totals,game_total,Over 47.5,47.5,draftkings,-105.0,-115.0,Pass,0.3752,-0.2674,win,0.9524,0.3752,0.4966,0.3752,,,,,,0.0032,,-9.0
2026-09-12,Buffalo @ Florida Intern,Totals,game_total,Under 47.5,47.5,mybookieag,-110.0,-110.0,Pass,0.6226,0.1887,loss,-1.0,0.6248,0.5034,0.6226,,,,,,-0.0032,,9.0
2026-09-12,Cal Poly @ San Jose State,Moneyline,game_ml,Cal Poly ML,,betrivers,1100.0,-3335.0,Pass,0.097,0.164,loss,-1.0,0.097,0.0923,0.097,,,,,,-0.0,,66.0
2026-09-12,Cal Poly @ San Jose State,Moneyline,game_ml,San Jose State ML,,fanatics,-1500.0,900.0,Pass,0.7757,-0.1726,win,0.0667,0.903,0.9077,0.7757,,,,,,0.0,,-66.0
2026-09-12,Cal Poly @ San Jose State,Spread (ATS),game_ats,Cal Poly +20.5,20.5,fanduel,-102.0,-120.0,Pass,0.4932,-0.0232,win,0.9804,0.4932,0.4909,0.4932,,,,,,-0.0061,,19.0
2026-09-12,Cal Poly @ San Jose State,Spread (ATS),game_ats,San Jose State -20.5,-20.5,fanatics,-110.0,-110.0,Pass,0.5068,-0.0326,loss,-1.0,0.5068,0.5091,0.5068,,,,,,0.0061,,-19.0
2026-09-12,Cal Poly @ San Jose State,Totals,game_total,Over 56.5,56.5,fanatics,-110.0,-110.0,Pass,0.4979,-0.0494,loss,-1.0,0.4979,0.5024,0.4979,,,,,,-0.0,,-27.0
2026-09-12,Cal Poly @ San Jose State,Totals,game_total,Under 56.5,56.5,williamhill_us,-106.0,-117.0,Pass,0.5021,-0.0243,win,0.9434,0.5021,0.4976,0.5021,,,,,,0.0,,27.0
2026-09-12,California @ Syracuse,Moneyline,game_ml,California ML,,draftkings,160.0,-192.0,Pass,0.291,-0.2434,win,1.6,0.291,0.3786,0.291,,,,,,-0.0014,,28.0
2026-09-12,California @ Syracuse,Moneyline,game_ml,Syracuse ML,,fanduel,-178.0,146.0,Pass,0.6689,0.0448,loss,-1.0,0.709,0.6214,0.6689,,,,,,0.0014,,-28.0
2026-09-12,California @ Syracuse,Spread (ATS),game_ats,California +3.5,3.5,draftkings,-105.0,-115.0,Pass,0.3705,-0.2766,win,0.9524,0.3705,0.4969,0.3705,,,,,,-0.0025,,-6.0
2026-09-12,California @ Syracuse,Spread (ATS),game_ats,Syracuse -3.5,-3.5,lowvig,-106.0,-106.0,Pass,0.6252,0.2151,loss,-1.0,0.6295,0.5031,0.6252,,,,,,0.0025,,6.0
2026-09-12,California @ Syracuse,Totals,game_total,Over 56.5,56.5,betmgm,-112.0,-105.0,Pass,0.4406,-0.166,loss,-1.0,0.4406,0.5108,0.4406,,,,,,0.0012,,15.0
2026-09-12,California @ Syracuse,Totals,game_total,Under 56.5,56.5,lowvig,-103.0,-114.0,Pass,0.5594,0.1025,win,0.9709,0.5594,0.4892,0.5594,,,,,,-0.0012,,-15.0
2026-09-12,Central Connec @ Toledo,Moneyline,game_ml,Central Connec ML,,betmgm,5500.0,-50000.0,Pass,0.0194,0.0892,loss,-1.0,0.0194,0.0224,0.0194,3500.0,0.0272,0.0048,0.5232,,-0.0048,,
2026-09-12,Central Connec @ Toledo,Moneyline,game_ml,Toledo ML,,draftkings,-20000.0,3500.0,Pass,0.8183,-0.1776,win,0.005,0.9806,0.9776,0.8183,-20000.0,0.9728,-0.0048,-0.0223,,0.0048,,-90.0
2026-09-12,Central Connec @ Toledo,Spread (ATS),game_ats,Central Connec +35.5,35.5,fanduel,-108.0,-112.0,Strong buy,0.5575,0.0738,loss,-1.0,0.5575,0.4994,0.5575,-108.0,0.4993,-0.0001,-0.0384,0.0,-0.0018,,
2026-09-12,Central Connec @ Toledo,Spread (ATS),game_ats,Toledo -35.5,-35.5,betrivers,-108.0,-115.0,Pass,0.4425,-0.1479,win,0.9259,0.4425,0.5006,0.4425,-110.0,0.5007,0.0001,-0.0357,0.0,0.0018,,16.0
2026-09-12,Central Connec @ Toledo,Totals,game_total,Over 54.5,54.5,draftkings,-108.0,-112.0,Pass,0.5047,-0.028,win,0.9259,0.5047,0.5073,0.5047,-108.0,0.4388,-0.0685,-0.1549,-2.0,0.0019,,
2026-09-12,Central Connec @ Toledo,Totals,game_total,Under 54.5,54.5,fanduel,-104.0,-118.0,Pass,0.4953,-0.0284,loss,-1.0,0.4953,0.4927,0.4953,-107.0,0.5612,0.0685,0.1008,2.0,-0.0019,,-24.0
2026-09-12,Charlotte @ Ole Miss,Spread (ATS),game_ats,Charlotte +45.5,45.5,betmgm,-110.0,-108.0,Pass,0.4986,-0.0481,win,0.9091,0.4986,0.5127,0.4986,,,,,,0.0,,26.0
2026-09-12,Charlotte @ Ole Miss,Spread (ATS),game_ats,Ole Miss -45.5,-45.5,bovada,100.0,-120.0,Pass,0.5014,0.0028,loss,-1.0,0.5014,0.4873,0.5014,,,,,,0.0,,-26.0
2026-09-12,Charlotte @ Ole Miss,Totals,game_total,Over 59.5,59.5,fanduel,-105.0,-115.0,Pass,0.5003,-0.0232,loss,-1.0,0.5003,0.5007,0.5003,,,,,,-0.0012,,-31.0
2026-09-12,Charlotte @ Ole Miss,Totals,game_total,Under 59.5,59.5,williamhill_us,-103.0,-118.0,Pass,0.4997,-0.0152,win,0.9709,0.4997,0.4993,0.4997,,,,,,0.0012,,31.0
2026-09-12,Colgate @ Central Michig,Moneyline,game_ml,Central Michig ML,,betmgm,-1400.0,950.0,Pass,0.7779,-0.1665,win,0.0714,0.9072,0.9124,0.7779,,,,,,-0.003,,-42.0
2026-09-12,Colgate @ Central Michig,Moneyline,game_ml,Colgate ML,,fanduel,1280.0,-3500.0,Pass,0.0928,0.281,loss,-1.0,0.0928,0.0876,0.0928,,,,,,0.003,,42.0
2026-09-12,Colgate @ Central Michig,Spread (ATS),game_ats,Central Michig -21.0,-21.0,betonlineag,-110.0,-110.0,Pass,0.5084,-0.0294,loss,-1.0,0.5084,0.5029,0.5084,,,,,,-0.0143,,-61.0
2026-09-12,Colgate @ Central Michig,Spread (ATS),game_ats,Colgate +21.0,21.0,bovada,-105.0,-115.0,Pass,0.4916,-0.0403,win,0.9524,0.4916,0.4971,0.4916,,,,,,0.0143,,61.0
2026-09-12,Colgate @ Central Michig,Totals,game_total,Over 48.5,48.5,betonlineag,-115.0,-105.0,Pass,0.5135,-0.0399,loss,-1.0,0.5135,0.5107,0.5135,,,,,,0.005,,19.0
2026-09-12,Colgate @ Central Michig,Totals,game_total,Under 48.5,48.5,betonlineag,-105.0,-115.0,Pass,0.4865,-0.0503,win,0.9524,0.4865,0.4893,0.4865,,,,,,-0.005,,-19.0
2026-09-12,Delaware @ Vanderbilt,Moneyline,game_ml,Delaware ML,,betmgm,950.0,-1400.0,Pass,0.1165,0.223,loss,-1.0,0.1165,0.1017,0.1165,,,,,,0.0005,,50.0
2026-09-12,Delaware @ Vanderbilt,Moneyline,game_ml,Vanderbilt ML,,draftkings,-1350.0,800.0,Pass,0.7649,-0.1784,win,0.0741,0.8835,0.8983,0.7649,,,,,,-0.0005,,-50.0
2026-09-12,Delaware @ Vanderbilt,Spread (ATS),game_ats,Delaware +21.0,21.0,lowvig,-109.0,-103.0,Strong buy,0.5447,0.0444,win,0.9174,0.5447,0.501,0.5447,,,,,,-0.0001,,-45.0
2026-09-12,Delaware @ Vanderbilt,Spread (ATS),game_ats,Vanderbilt -21.0,-21.0,lowvig,-103.0,-109.0,Pass,0.4553,-0.1027,loss,-1.0,0.4553,0.499,0.4553,,,,,,0.0001,,45.0
2026-09-12,Delaware @ Vanderbilt,Totals,game_total,Over 54.5,54.5,betrivers,-112.0,-112.0,Pass,0.6514,0.233,win,0.8929,0.6771,0.5084,0.6514,,,,,,0.0,,-17.0
2026-09-12,Delaware @ Vanderbilt,Totals,game_total,Under 54.5,54.5,draftkings,-105.0,-115.0,Pass,0.3229,-0.3696,loss,-1.0,0.3229,0.4916,0.3229,,,,,,-0.0,,17.0
2026-09-12,Duke @ Illinois,Moneyline,game_ml,Duke ML,,betonlineag,203.0,-245.0,Pass,0.3851,0.1669,win,2.03,0.3851,0.3279,0.3851,,,,,,0.0015,price_too_long,-35.0
2026-09-12,Duke @ Illinois,Moneyline,game_ml,Illinois ML,,betrivers,-215.0,165.0,Pass,0.6149,-0.0991,loss,-1.0,0.6149,0.6721,0.6149,,,,,,-0.0015,,35.0
2026-09-12,Duke @ Illinois,Spread (ATS),game_ats,Duke +6.0,6.0,lowvig,-106.0,-106.0,Moderate buy,0.5353,0.0403,win,0.9434,0.5353,0.5006,0.5353,,,,,,0.0015,,22.0
2026-09-12,Duke @ Illinois,Spread (ATS),game_ats,Illinois -6.0,-6.0,lowvig,-106.0,-106.0,Pass,0.4647,-0.0969,loss,-1.0,0.4647,0.4994,0.4647,,,,,,-0.0015,,-22.0
2026-09-12,Duke @ Illinois,Totals,game_total,Over 51.5,51.5,fanduel,-110.0,-110.0,Pass,0.6413,0.2243,win,0.9091,0.6587,0.5012,0.6413,,,,,,0.0,,-14.0
2026-09-12,Duke @ Illinois,Totals,game_total,Under 51.5,51.5,draftkings,-108.0,-112.0,Pass,0.3413,-0.3427,loss,-1.0,0.3413,0.4988,0.3413,,,,,,0.0,,14.0
2026-09-12,East Tennessee @ North Carolina,Moneyline,game_ml,East Tennessee ML,,betmgm,5000.0,-50000.0,Pass,0.0138,-0.2949,loss,-1.0,0.0138,0.0216,0.0138,,,,,,0.0,,
2026-09-12,East Tennessee @ North Carolina,Moneyline,game_ml,North Carolina ML,,fanduel,-30000.0,4000.0,Pass,0.8214,-0.1759,win,0.0033,0.9862,0.9784,0.8214,,,,,,0.0,,
2026-09-12,East Tennessee @ North Carolina,Spread (ATS),game_ats,East Tennessee +35.5,35.5,betrivers,-109.0,-114.0,Pass,0.4958,-0.0494,win,0.9174,0.4958,0.4988,0.4958,,,,,,0.0,,
2026-09-12,East Tennessee @ North Carolina,Spread (ATS),game_ats,North Carolina -35.5,-35.5,betmgm,-108.0,-110.0,Pass,0.5042,-0.0289,loss,-1.0,0.5042,0.5012,0.5042,,,,,,0.0,,1.0
2026-09-12,East Tennessee @ North Carolina,Totals,game_total,Over 54.5,54.5,betmgm,-110.0,-110.0,Pass,0.5009,-0.0438,loss,-1.0,0.5009,0.5078,0.5009,,,,,,0.0021,,
2026-09-12,East Tennessee @ North Carolina,Totals,game_total,Under 54.5,54.5,fanduel,-105.0,-115.0,Pass,0.4991,-0.0255,win,0.9524,0.4991,0.4922,0.4991,,,,,,-0.0021,,-10.0
2026-09-12,Eastern Michig @ Michigan State,Moneyline,game_ml,Eastern Michig ML,,betmgm,650.0,-900.0,Pass,0.1422,0.0663,loss,-1.0,0.1422,0.1313,0.1422,650.0,0.1315,0.0002,-0.0138,,0.0024,,
2026-09-12,Eastern Michig @ Michigan State,Moneyline,game_ml,Michigan State ML,,draftkings,-900.0,600.0,Pass,0.7508,-0.1658,win,0.1111,0.8578,0.8687,0.7508,-900.0,0.8685,-0.0002,-0.035,,-0.0024,,-12.0
2026-09-12,Eastern Michig @ Michigan State,Spread (ATS),game_ats,Eastern Michig +17.5,17.5,draftkings,-110.0,-110.0,Pass,0.5148,-0.0173,loss,-1.0,0.5148,0.5062,0.5148,-110.0,0.5093,0.0031,-0.0277,0.0,0.0006,,
2026-09-12,Eastern Michig @ Michigan State,Spread (ATS),game_ats,Michigan State -17.5,-17.5,lowvig,100.0,-112.0,Pass,0.4853,-0.0295,win,1.0,0.4853,0.4938,0.4853,100.0,0.4907,-0.0031,-0.0186,0.0,-0.0006,,7.0
2026-09-12,Eastern Michig @ Michigan State,Totals,game_total,Over 50.0,50.0,lowvig,-103.0,-114.0,Pass,0.5139,0.0129,loss,-1.0,0.5139,0.4953,0.5139,-110.0,0.4892,-0.0061,-0.0358,-0.5,0.0,,
2026-09-12,Eastern Michig @ Michigan State,Totals,game_total,Under 50.0,50.0,fanatics,-110.0,-110.0,Pass,0.4861,-0.072,win,0.9091,0.4861,0.5047,0.4861,-105.0,0.5108,0.0061,-0.0248,0.5,0.0,,-17.0
2026-09-12,Fordham @ Coastal Caroli,Moneyline,game_ml,Coastal Caroli ML,,fanatics,-9000.0,3000.0,Pass,0.8213,-0.1696,win,0.0111,0.9859,0.9684,0.8213,,,,,,0.0,,
2026-09-12,Fordham @ Coastal Caroli,Moneyline,game_ml,Fordham ML,,fanduel,3000.0,-10000.0,Pass,0.0141,-0.5644,loss,-1.0,0.0141,0.0316,0.0141,,,,,,0.0,,
2026-09-12,Fordham @ Coastal Caroli,Spread (ATS),game_ats,Coastal Caroli -34.5,-34.5,bovada,-110.0,-110.0,Pass,0.5055,-0.035,win,0.9091,0.5055,0.5048,0.5055,,,,,,-0.0012,,27.0
2026-09-12,Fordham @ Coastal Caroli,Spread (ATS),game_ats,Fordham +34.5,34.5,draftkings,-105.0,-115.0,Pass,0.4945,-0.0345,loss,-1.0,0.4945,0.4952,0.4945,,,,,,0.0012,,-27.0
2026-09-12,Fordham @ Coastal Caroli,Totals,game_total,Over 53.5,53.5,williamhill_us,-108.0,-114.0,Pass,0.4936,-0.0494,loss,-1.0,0.4936,0.4995,0.4936,,,,,,0.0,,-58.0
2026-09-12,Fordham @ Coastal Caroli,Totals,game_total,Under 53.5,53.5,betrivers,-109.0,-113.0,Pass,0.5064,-0.029,win,0.9174,0.5064,0.5005,0.5064,,,,,,-0.0,,58.0
2026-09-12,Georgia Southe @ Clemson,Moneyline,game_ml,Clemson ML,,draftkings,-1200.0,750.0,Pass,0.7339,-0.205,win,0.0833,0.8271,0.8949,0.7339,,,,,,-0.0003,,-36.0
2026-09-12,Georgia Southe @ Clemson,Moneyline,game_ml,Georgia Southe ML,,betrivers,950.0,-2500.0,Pass,0.1729,0.8157,loss,-1.0,0.1729,0.1051,0.1729,,,,,,0.0003,price_too_long,36.0
2026-09-12,Georgia Southe @ Clemson,Spread (ATS),game_ats,Clemson -20.0,-20.0,lowvig,-106.0,-106.0,Pass,0.3806,-0.2603,loss,-1.0,0.3806,0.4992,0.3806,,,,,,0.0041,,-42.0
2026-09-12,Georgia Southe @ Clemson,Spread (ATS),game_ats,Georgia Southe +20.0,20.0,lowvig,-106.0,-106.0,Pass,0.6194,0.2037,win,0.9434,0.6194,0.5008,0.6194,,,,,,-0.0041,,42.0
2026-09-12,Georgia Southe @ Clemson,Totals,game_total,Over 55.5,55.5,draftkings,-102.0,-118.0,Pass,0.4229,-0.1624,loss,-1.0,0.4229,0.4884,0.4229,,,,,,0.0099,,17.0
2026-09-12,Georgia Southe @ Clemson,Totals,game_total,Under 55.5,55.5,betrivers,-113.0,-110.0,Strong buy,0.5771,0.0878,win,0.885,0.5771,0.5116,0.5771,,,,,,-0.0099,,-17.0
2026-09-12,Georgia State @ Kennesaw State,Moneyline,game_ml,Georgia State ML,,draftkings,270.0,-340.0,Pass,0.2479,-0.083,win,2.7,0.2479,0.2662,0.2479,255.0,0.2774,0.0112,0.0264,,0.0076,,11.0
2026-09-12,Georgia State @ Kennesaw State,Moneyline,game_ml,Kennesaw State ML,,betonlineag,-315.0,256.0,Pass,0.6927,-0.0874,loss,-1.0,0.7521,0.7338,0.6927,-295.0,0.7226,-0.0112,-0.048,,-0.0076,,-11.0
2026-09-12,Georgia State @ Kennesaw State,Spread (ATS),game_ats,Georgia State +8.5,8.5,draftkings,-108.0,-112.0,Pass,0.4421,-0.1486,win,0.9259,0.4421,0.5063,0.4421,102.0,0.5231,0.0168,0.0075,1.5,0.0051,,24.0
2026-09-12,Georgia State @ Kennesaw State,Spread (ATS),game_ats,Kennesaw State -8.5,-8.5,lowvig,-101.0,-111.0,Pass,0.5579,0.1103,loss,-1.0,0.5579,0.4937,0.5579,-114.0,0.4769,-0.0168,-0.0509,-1.5,-0.0051,,-24.0
2026-09-12,Georgia State @ Kennesaw State,Totals,game_total,Over 54.5,54.5,draftkings,-108.0,-112.0,Moderate buy,0.5404,0.0409,loss,-1.0,0.5404,0.5028,0.5404,-106.0,0.5305,0.0277,0.0217,1.0,0.0009,,-12.0
2026-09-12,Georgia State @ Kennesaw State,Totals,game_total,Under 54.5,54.5,lowvig,-103.0,-114.0,Pass,0.4596,-0.0943,win,0.9709,0.4596,0.4972,0.4596,-106.0,0.4695,-0.0277,-0.0747,-1.0,-0.0009,,12.0
2026-09-12,Holy Cross @ Miami (OH),Moneyline,game_ml,Holy Cross ML,,betmgm,3000.0,-10000.0,Pass,0.0246,-0.2359,loss,-1.0,0.0246,0.0406,0.0246,,,,,,-0.0046,,
2026-09-12,Holy Cross @ Miami (OH),Moneyline,game_ml,Miami (OH) ML,,draftkings,-5000.0,1800.0,Pass,0.8154,-0.1682,win,0.02,0.9754,0.9594,0.8154,,,,,,0.0046,,-69.0
2026-09-12,Holy Cross @ Miami (OH),Spread (ATS),game_ats,Holy Cross +30.5,30.5,draftkings,-108.0,-112.0,Pass,0.4862,-0.0637,loss,-1.0,0.4862,0.5007,0.4862,,,,,,0.0029,,
2026-09-12,Holy Cross @ Miami (OH),Spread (ATS),game_ats,Miami (OH) -30.5,-30.5,bovada,-105.0,-115.0,Pass,0.5138,0.0032,win,0.9524,0.5138,0.4993,0.5138,,,,,,-0.0029,,19.0
2026-09-12,Holy Cross @ Miami (OH),Totals,game_total,Over 50.5,50.5,betmgm,-108.0,-110.0,Pass,0.5009,-0.0353,win,0.9259,0.5009,0.5002,0.5009,,,,,,-0.006,,
2026-09-12,Holy Cross @ Miami (OH),Totals,game_total,Under 50.5,50.5,fanduel,-110.0,-110.0,Pass,0.4991,-0.0472,loss,-1.0,0.4991,0.4998,0.4991,,,,,,0.006,,50.0
2026-09-12,Howard @ Indiana,Spread (ATS),game_ats,Howard +57.5,57.5,fanduel,-110.0,-110.0,Pass,0.5014,-0.0428,win,0.9091,0.5014,0.5001,0.5014,,,,,,-0.0005,,-8.0
2026-09-12,Howard @ Indiana,Spread (ATS),game_ats,Indiana -57.5,-57.5,williamhill_us,-109.0,-113.0,Pass,0.4986,-0.0439,loss,-1.0,0.4986,0.4999,0.4986,,,,,,0.0005,,8.0
2026-09-12,Howard @ Indiana,Totals,game_total,Over 66.5,66.5,draftkings,-102.0,-118.0,Pass,0.5028,-0.0043,loss,-1.0,0.5028,0.5048,0.5028,,,,,,0.0083,,20.0
2026-09-12,Howard @ Indiana,Totals,game_total,Under 66.5,66.5,betonlineag,-102.0,-118.0,Pass,0.4972,-0.0153,win,0.9804,0.4972,0.4952,0.4972,,,,,,-0.0083,,-20.0
2026-09-12,Illinois State @ Northern Illin,Moneyline,game_ml,Illinois State ML,,fanduel,-194.0,160.0,Pass,0.6245,-0.0535,win,0.5155,0.6282,0.6375,0.6245,-140.0,0.5679,-0.0696,-0.1394,,-0.0023,,
2026-09-12,Illinois State @ Northern Illin,Moneyline,game_ml,Northern Illin ML,,bovada,170.0,-200.0,Pass,0.3718,0.0037,loss,-1.0,0.3718,0.3625,0.3718,124.0,0.4321,0.0696,0.1667,,0.0023,,
2026-09-12,Illinois State @ Northern Illin,Spread (ATS),game_ats,Illinois State -4.5,-4.5,fanduel,-110.0,-110.0,Pass,0.5175,-0.012,loss,-1.0,0.5175,0.5036,0.5175,-112.0,0.4624,-0.0412,-0.1172,-2.0,-0.0098,,
2026-09-12,Illinois State @ Northern Illin,Spread (ATS),game_ats,Northern Illin +4.5,4.5,draftkings,-105.0,-115.0,Pass,0.4825,-0.058,win,0.9524,0.4825,0.4964,0.4825,100.0,0.5376,0.0412,0.0496,2.0,0.0098,,
2026-09-12,Illinois State @ Northern Illin,Totals,game_total,Over 48.0,48.0,fanatics,-110.0,-110.0,Pass,0.4997,-0.0461,win,0.9091,0.4997,0.5014,0.4997,-115.0,0.4936,-0.0078,-0.0577,-0.5,0.0013,,
2026-09-12,Illinois State @ Northern Illin,Totals,game_total,Under 48.0,48.0,williamhill_us,-109.0,-113.0,Pass,0.5003,-0.0407,loss,-1.0,0.5003,0.4986,0.5003,-105.0,0.5064,0.0078,-0.029,0.5,-0.0013,,
2026-09-12,Iowa State @ Iowa,Moneyline,game_ml,Iowa ML,,draftkings,-575.0,425.0,Pass,0.7239,-0.1502,win,0.1739,0.8089,0.8278,0.7239,-650.0,0.9304,0.1026,0.0922,,0.0,,
2026-09-12,Iowa State @ Iowa,Moneyline,game_ml,Iowa State ML,,mybookieag,500.0,-752.0,Pass,0.1911,0.1464,loss,-1.0,0.1911,0.1722,0.1911,4100.0,0.0696,-0.1026,-0.5824,,0.0,,-57.0
2026-09-12,Iowa State @ Iowa,Spread (ATS),game_ats,Iowa -14.0,-14.0,lowvig,-106.0,-106.0,Pass,0.5001,-0.028,loss,-1.0,0.5001,0.5003,0.5001,-105.0,0.4987,-0.0016,-0.0308,0.0,0.0,,
2026-09-12,Iowa State @ Iowa,Spread (ATS),game_ats,Iowa State +14.0,14.0,bovada,-105.0,-115.0,Pass,0.4999,-0.0241,win,0.9524,0.4999,0.4997,0.4999,-106.0,0.5013,0.0016,-0.0213,0.0,0.0,,36.0
2026-09-12,Iowa State @ Iowa,Totals,game_total,Over 41.5,41.5,draftkings,-102.0,-118.0,Pass,0.4904,-0.0289,loss,-1.0,0.4904,0.4893,0.4904,-110.0,0.5358,0.0465,0.0611,1.0,0.0,,66.0
2026-09-12,Iowa State @ Iowa,Totals,game_total,Under 41.5,41.5,mybookieag,-110.0,-110.0,Pass,0.5096,-0.027,win,0.9091,0.5096,0.5107,0.5096,-103.0,0.4642,-0.0465,-0.1138,-1.0,0.0,,
2026-09-12,Jacksonville S @ Ohio,Moneyline,game_ml,Jacksonville S ML,,lowvig,115.0,-135.0,Pass,0.5783,0.2433,loss,-1.0,0.5783,0.4528,0.5783,,,,,,-0.0009,,-8.0
2026-09-12,Jacksonville S @ Ohio,Moneyline,game_ml,Ohio ML,,draftkings,-130.0,110.0,Pass,0.4217,-0.2539,win,0.7692,0.4217,0.5472,0.4217,,,,,,0.0009,,8.0
2026-09-12,Jacksonville S @ Ohio,Spread (ATS),game_ats,Jacksonville S +2.5,2.5,lowvig,-106.0,-106.0,Pass,0.6304,0.225,win,0.9434,0.6388,0.501,0.6304,,,,,,0.0,,10.0
2026-09-12,Jacksonville S @ Ohio,Spread (ATS),game_ats,Ohio -2.5,-2.5,bovada,-105.0,-115.0,Pass,0.3612,-0.2948,loss,-1.0,0.3612,0.499,0.3612,,,,,,0.0,,-10.0
2026-09-12,Jacksonville S @ Ohio,Totals,game_total,Over 49.5,49.5,lowvig,-108.0,-108.0,Pass,0.3893,-0.2503,win,0.9259,0.3893,0.5022,0.3893,,,,,,-0.0021,,-50.0
2026-09-12,Jacksonville S @ Ohio,Totals,game_total,Under 49.5,49.5,lowvig,-108.0,-108.0,Pass,0.6107,0.1762,loss,-1.0,0.6107,0.4978,0.6107,,,,,,0.0021,,50.0
2026-09-12,Lindenwood @ Missouri State,Moneyline,game_ml,Lindenwood ML,,betrivers,750.0,-1430.0,Pass,0.1551,0.3184,loss,-1.0,0.1551,0.1362,0.1551,640.0,0.1408,0.0046,0.1968,,0.0008,,-2.0
2026-09-12,Lindenwood @ Missouri State,Moneyline,game_ml,Missouri State ML,,fanatics,-850.0,575.0,Pass,0.7437,-0.1688,win,0.1176,0.8449,0.8638,0.7437,-800.0,0.8592,-0.0046,-0.0397,,-0.0008,,2.0
2026-09-12,Lindenwood @ Missouri State,Spread (ATS),game_ats,Lindenwood +16.5,16.5,fanatics,-105.0,-115.0,Pass,0.5071,-0.0099,loss,-1.0,0.5071,0.5,0.5071,-108.0,0.5021,0.0021,-0.0197,0.0,-0.0038,,74.0
2026-09-12,Lindenwood @ Missouri State,Spread (ATS),game_ats,Missouri State -16.5,-16.5,betonlineag,-105.0,-115.0,Pass,0.4929,-0.0377,win,0.9524,0.4929,0.5,0.4929,-105.0,0.4979,-0.0021,-0.0279,0.0,0.0038,,-74.0
2026-09-12,Lindenwood @ Missouri State,Totals,game_total,Over 52.5,52.5,draftkings,-108.0,-112.0,Pass,0.5013,-0.0345,win,0.9259,0.5013,0.5004,0.5013,-108.0,0.5314,0.031,0.0234,1.0,0.0,,50.0
2026-09-12,Lindenwood @ Missouri State,Totals,game_total,Under 52.5,52.5,williamhill_us,-108.0,-114.0,Pass,0.4987,-0.0395,loss,-1.0,0.4987,0.4996,0.4987,-108.0,0.4686,-0.031,-0.0975,-1.0,-0.0,,-50.0
2026-09-12,Louisiana @ USC,Moneyline,game_ml,Louisiana ML,,betmgm,3000.0,-10000.0,Pass,0.0334,0.0362,loss,-1.0,0.0334,0.0442,0.0334,3000.0,0.0459,0.0017,0.4229,,0.0006,,74.0
2026-09-12,Louisiana @ USC,Moneyline,game_ml,USC ML,,fanatics,-8000.0,2800.0,Pass,0.8106,-0.1793,win,0.0125,0.9666,0.9558,0.8106,-6500.0,0.9541,-0.0017,-0.034,,-0.0006,,-74.0
2026-09-12,Louisiana @ USC,Spread (ATS),game_ats,Louisiana +31.0,31.0,williamhill_us,-110.0,-109.0,Strong buy,0.5479,0.046,win,0.9091,0.5479,0.504,0.5479,-107.0,0.4979,-0.0061,-0.0495,0.0,-0.0007,,-16.0
2026-09-12,Louisiana @ USC,Spread (ATS),game_ats,USC -31.0,-31.0,lowvig,-101.0,-111.0,Pass,0.4521,-0.1003,loss,-1.0,0.4521,0.496,0.4521,-110.0,0.5021,0.0061,-0.0008,0.0,0.0007,,16.0
2026-09-12,Louisiana @ USC,Totals,game_total,Over 59.5,59.5,lowvig,-103.0,-114.0,Pass,0.6442,0.2696,win,0.9709,0.664,0.4926,0.6442,-110.0,0.4774,-0.0152,-0.0591,-1.0,0.0,,15.0
2026-09-12,Louisiana @ USC,Totals,game_total,Under 59.5,59.5,betmgm,-108.0,-110.0,Pass,0.336,-0.3528,loss,-1.0,0.336,0.5074,0.336,-105.0,0.5226,0.0152,0.0065,1.0,0.0,,-15.0
2026-09-12,Louisiana Tech @ LSU,Moneyline,game_ml,LSU ML,,draftkings,-20000.0,3500.0,Pass,0.8078,-0.1882,win,0.005,0.9614,0.9768,0.8078,,,,,,0.0,,-68.0
2026-09-12,Louisiana Tech @ LSU,Moneyline,game_ml,Louisiana Tech ML,,betmgm,5000.0,-50000.0,Pass,0.0386,0.9673,loss,-1.0,0.0386,0.0232,0.0386,,,,,,0.0,,68.0
2026-09-12,Louisiana Tech @ LSU,Spread (ATS),game_ats,LSU -35.0,-35.0,lowvig,-106.0,-106.0,Pass,0.3449,-0.3297,loss,-1.0,0.3449,0.5015,0.3449,,,,,,0.0024,,-20.0
2026-09-12,Louisiana Tech @ LSU,Spread (ATS),game_ats,Louisiana Tech +35.0,35.0,fanatics,-105.0,-115.0,Pass,0.6393,0.2482,win,0.9524,0.6551,0.4985,0.6393,,,,,,-0.0024,,20.0
2026-09-12,Louisiana Tech @ LSU,Totals,game_total,Over 55.5,55.5,lowvig,-108.0,-108.0,Pass,0.3456,-0.3344,win,0.9259,0.3456,0.5037,0.3456,,,,,,0.0,,9.0
2026-09-12,Louisiana Tech @ LSU,Totals,game_total,Under 55.5,55.5,betmgm,-102.0,-115.0,Pass,0.6389,0.2653,loss,-1.0,0.6544,0.4963,0.6389,,,,,,0.0,,-9.0
2026-09-12,Maryland @ UConn,Moneyline,game_ml,Maryland ML,,lowvig,-450.0,350.0,Pass,0.691,-0.1555,win,0.2222,0.749,0.7884,0.691,-450.0,0.79,0.0016,-0.0344,,-0.0008,,-32.0
2026-09-12,Maryland @ UConn,Moneyline,game_ml,UConn ML,,betrivers,390.0,-560.0,Pass,0.251,0.2297,loss,-1.0,0.251,0.2116,0.251,410.0,0.21,-0.0016,0.029,,0.0008,,32.0
2026-09-12,Maryland @ UConn,Spread (ATS),game_ats,Maryland -11.5,-11.5,draftkings,-108.0,-112.0,Pass,0.4817,-0.0723,win,0.9259,0.4817,0.4993,0.4817,-108.0,0.4993,0.0,-0.0384,0.0,-0.0005,,-38.0
2026-09-12,Maryland @ UConn,Spread (ATS),game_ats,UConn +11.5,11.5,williamhill_us,-109.0,-110.0,Pass,0.5183,-0.0061,loss,-1.0,0.5183,0.5007,0.5183,-109.0,0.5007,0.0,-0.0399,0.0,0.0005,,38.0
2026-09-12,Maryland @ UConn,Totals,game_total,Over 52.0,52.0,lowvig,-103.0,-114.0,Pass,0.4681,-0.0774,push,0.0,0.4681,0.4961,0.4681,-108.0,0.5209,0.0248,0.0266,0.5,0.0001,,-55.0
2026-09-12,Maryland @ UConn,Totals,game_total,Under 52.0,52.0,williamhill_us,-109.0,-110.0,Pass,0.5319,0.0198,push,0.0,0.5319,0.5039,0.5319,-103.0,0.4791,-0.0248,-0.0814,-0.5,-0.0001,,55.0
2026-09-12,Memphis @ Boise State,Moneyline,game_ml,Boise State ML,,draftkings,-325.0,260.0,Pass,0.68,-0.1107,win,0.3077,0.7291,0.7429,0.68,,,,,,0.0023,,22.0
2026-09-12,Memphis @ Boise State,Moneyline,game_ml,Memphis ML,,betonlineag,280.0,-350.0,Pass,0.2709,0.0293,loss,-1.0,0.2709,0.2571,0.2709,,,,,,-0.0023,,-22.0
2026-09-12,Memphis @ Boise State,Spread (ATS),game_ats,Boise State -8.5,-8.5,draftkings,-105.0,-115.0,Pass,0.5289,0.0327,win,0.9524,0.5289,0.498,0.5289,,,,,,0.0006,,19.0
2026-09-12,Memphis @ Boise State,Spread (ATS),game_ats,Memphis +8.5,8.5,lowvig,-106.0,-106.0,Pass,0.4711,-0.0845,loss,-1.0,0.4711,0.502,0.4711,,,,,,-0.0006,,-19.0
2026-09-12,Memphis @ Boise State,Totals,game_total,Over 56.0,56.0,lowvig,-108.0,-108.0,Pass,0.6008,0.1572,win,0.9259,0.6008,0.5024,0.6008,,,,,,0.0,,24.0
2026-09-12,Memphis @ Boise State,Totals,game_total,Under 56.0,56.0,bovada,-105.0,-115.0,Pass,0.3992,-0.2207,loss,-1.0,0.3992,0.4976,0.3992,,,,,,-0.0,,-24.0
2026-09-12,Mercyhurst @ New Mexico,Spread (ATS),game_ats,Mercyhurst +41.5,41.5,bovada,100.0,-120.0,Pass,0.4979,-0.0043,loss,-1.0,0.4979,0.4942,0.4979,,,,,,-0.0008,,
2026-09-12,Mercyhurst @ New Mexico,Spread (ATS),game_ats,New Mexico -41.5,-41.5,betonlineag,-110.0,-110.0,Pass,0.5021,-0.0414,win,0.9091,0.5021,0.5058,0.5021,,,,,,0.0008,,8.0
2026-09-12,Mercyhurst @ New Mexico,Totals,game_total,Over 53.5,53.5,draftkings,-108.0,-112.0,Pass,0.4994,-0.0382,win,0.9259,0.4994,0.5013,0.4994,,,,,,0.0024,,
2026-09-12,Mercyhurst @ New Mexico,Totals,game_total,Under 53.5,53.5,williamhill_us,-109.0,-113.0,Pass,0.5006,-0.0401,loss,-1.0,0.5006,0.4987,0.5006,,,,,,-0.0024,,-15.0
2026-09-12,Middle Tenness @ Marshall,Moneyline,game_ml,Marshall ML,,lowvig,-500.0,383.0,Pass,0.7103,-0.1477,win,0.2,0.7841,0.808,0.7103,-430.0,0.793,-0.015,-0.0484,,-0.0021,,-16.0
2026-09-12,Middle Tenness @ Marshall,Moneyline,game_ml,Middle Tenness ML,,bovada,425.0,-600.0,Pass,0.2159,0.1333,loss,-1.0,0.2159,0.192,0.2159,390.0,0.207,0.015,0.0867,,0.0021,,
2026-09-12,Middle Tenness @ Marshall,Spread (ATS),game_ats,Marshall -13.0,-13.0,lowvig,-106.0,-106.0,Pass,0.4906,-0.0466,loss,-1.0,0.4906,0.4997,0.4906,-106.0,0.4611,-0.0386,-0.1039,-1.5,-0.0005,,-8.0
2026-09-12,Middle Tenness @ Marshall,Spread (ATS),game_ats,Middle Tenness +13.0,13.0,lowvig,-106.0,-106.0,Pass,0.5094,-0.01,win,0.9434,0.5094,0.5003,0.5094,-106.0,0.5389,0.0386,0.0473,1.5,0.0005,,
2026-09-12,Middle Tenness @ Marshall,Totals,game_total,Over 57.0,57.0,lowvig,-103.0,-114.0,Pass,0.5638,0.1111,loss,-1.0,0.5638,0.495,0.5638,-105.0,0.4527,-0.0423,-0.1078,-1.5,-0.0,,
2026-09-12,Middle Tenness @ Marshall,Totals,game_total,Under 57.0,57.0,williamhill_us,-106.0,-114.0,Pass,0.4362,-0.1522,win,0.9434,0.4362,0.505,0.4362,-108.0,0.5473,0.0423,0.0636,1.5,0.0,,28.0
2026-09-12,Mississippi St @ Minnesota,Moneyline,game_ml,Minnesota ML,,draftkings,-105.0,-115.0,Pass,0.5986,0.1686,loss,-1.0,0.5986,0.4993,0.5986,,,,,,0.0,,-27.0
2026-09-12,Mississippi St @ Minnesota,Moneyline,game_ml,Mississippi St ML,,fanduel,-105.0,-114.0,Pass,0.4014,-0.2162,win,0.9524,0.4014,0.5007,0.4014,,,,,,-0.0,,27.0
2026-09-12,Mississippi St @ Minnesota,Spread (ATS),game_ats,Minnesota +1.5,1.5,mybookieag,-110.0,-110.0,Pass,0.628,0.1989,loss,-1.0,0.6345,0.5113,0.628,,,,,,-0.0261,,8.0
2026-09-12,Mississippi St @ Minnesota,Spread (ATS),game_ats,Mississippi St -1.5,-1.5,fanduel,100.0,-122.0,Pass,0.3655,-0.2691,win,1.0,0.3655,0.4887,0.3655,,,,,,0.0261,,-8.0
2026-09-12,Mississippi St @ Minnesota,Totals,game_total,Over 54.5,54.5,lowvig,-108.0,-108.0,Pass,0.4013,-0.2271,loss,-1.0,0.4013,0.5036,0.4013,,,,,,-0.0004,,-16.0
2026-09-12,Mississippi St @ Minnesota,Totals,game_total,Under 54.5,54.5,fanduel,-105.0,-115.0,Pass,0.5987,0.1689,win,0.9524,0.5987,0.4964,0.5987,,,,,,0.0004,,16.0
2026-09-12,Monmouth @ Western Michig,Moneyline,game_ml,Monmouth ML,,fanduel,2000.0,-7000.0,Pass,0.0434,-0.0876,loss,-1.0,0.0434,0.0606,0.0434,3500.0,0.0272,-0.0334,-0.4288,,-0.0009,,
2026-09-12,Monmouth @ Western Michig,Moneyline,game_ml,Western Michig ML,,fanatics,-3000.0,1500.0,Pass,0.8051,-0.1681,win,0.0333,0.9566,0.9394,0.8051,-20000.0,0.9728,0.0334,0.0052,,0.0009,,
2026-09-12,Monmouth @ Western Michig,Spread (ATS),game_ats,Monmouth +27.5,27.5,draftkings,-105.0,-115.0,Pass,0.4991,-0.0256,loss,-1.0,0.4991,0.4955,0.4991,-114.0,0.3504,-0.1451,-0.3159,-6.0,-0.002,,
2026-09-12,Monmouth @ Western Michig,Spread (ATS),game_ats,Western Michig -27.5,-27.5,fanduel,-110.0,-110.0,Pass,0.5009,-0.0437,win,0.9091,0.5009,0.5045,0.5009,-114.0,0.6496,0.1451,0.2401,6.0,0.002,,
2026-09-12,Monmouth @ Western Michig,Totals,game_total,Over 52.5,52.5,fanatics,-110.0,-110.0,Pass,0.5007,-0.0441,win,0.9091,0.5007,0.5027,0.5007,-105.0,0.4934,-0.0093,-0.0581,0.0,0.0027,,
2026-09-12,Monmouth @ Western Michig,Totals,game_total,Under 52.5,52.5,williamhill_us,-105.0,-118.0,Pass,0.4993,-0.0252,loss,-1.0,0.4993,0.4973,0.4993,-113.0,0.5066,0.0093,-0.0109,0.0,-0.0027,,
2026-09-12,Montana State @ Nevada,Moneyline,game_ml,Montana State ML,,fanduel,-162.0,134.0,Pass,0.5841,-0.0553,win,0.6173,0.5841,0.6012,0.5841,,,,,,0.0026,,-29.0
2026-09-12,Montana State @ Nevada,Moneyline,game_ml,Nevada ML,,bovada,150.0,-175.0,Pass,0.4158,0.0396,loss,-1.0,0.4158,0.3988,0.4158,,,,,,-0.0026,,29.0
2026-09-12,Montana State @ Nevada,Spread (ATS),game_ats,Montana State -3.5,-3.5,fanduel,100.0,-122.0,Pass,0.4991,-0.0018,win,1.0,0.4991,0.4855,0.4991,,,,,,0.0006,,-8.0
2026-09-12,Montana State @ Nevada,Spread (ATS),game_ats,Nevada +3.5,3.5,draftkings,-112.0,-108.0,Pass,0.5009,-0.0519,loss,-1.0,0.5009,0.5145,0.5009,,,,,,-0.0006,,8.0
2026-09-12,Montana State @ Nevada,Totals,game_total,Over 50.5,50.5,williamhill_us,-102.0,-120.0,Pass,0.499,-0.0118,loss,-1.0,0.499,0.4898,0.499,,,,,,0.02,,13.0
2026-09-12,Montana State @ Nevada,Totals,game_total,Under 50.5,50.5,fanduel,-112.0,-108.0,Pass,0.501,-0.0516,win,0.8929,0.501,0.5102,0.501,,,,,,-0.02,,-13.0
2026-09-12,Navy @ Florida Atlant,Moneyline,game_ml,Florida Atlant ML,,betonlineag,165.0,-190.0,Pass,0.2962,-0.2152,win,1.65,0.2962,0.3664,0.2962,,,,,,-0.0,,
2026-09-12,Navy @ Florida Atlant,Moneyline,game_ml,Navy ML,,betonlineag,-190.0,165.0,Pass,0.6661,0.0167,loss,-1.0,0.7038,0.6336,0.6661,,,,,,0.0,ml_no_sharp_money,-45.0
2026-09-12,Navy @ Florida Atlant,Spread (ATS),game_ats,Florida Atlant +4.0,4.0,bovada,-105.0,-115.0,Pass,0.3856,-0.2473,win,0.9524,0.3856,0.4987,0.3856,,,,,,0.0015,,
2026-09-12,Navy @ Florida Atlant,Spread (ATS),game_ats,Navy -4.0,-4.0,lowvig,-106.0,-106.0,Pass,0.6144,0.1941,loss,-1.0,0.6144,0.5013,0.6144,,,,,,-0.0015,,-46.0
2026-09-12,Navy @ Florida Atlant,Totals,game_total,Over 58.5,58.5,lowvig,-105.0,-112.0,Pass,0.6639,0.2962,win,0.9524,0.6998,0.5024,0.6639,,,,,,0.0,,29.0
2026-09-12,Navy @ Florida Atlant,Totals,game_total,Under 58.5,58.5,draftkings,-105.0,-115.0,Pass,0.3002,-0.4139,loss,-1.0,0.3002,0.4976,0.3002,,,,,,-0.0,,
2026-09-12,North Dakota S @ Air Force,Moneyline,game_ml,Air Force ML,,betus,110.0,-130.0,Moderate buy,0.4922,0.0336,loss,-1.0,0.4922,0.4635,0.4922,,,,,,-0.0004,,37.0
2026-09-12,North Dakota S @ Air Force,Moneyline,game_ml,North Dakota S ML,,bovada,-120.0,100.0,Pass,0.5078,-0.069,win,0.8333,0.5078,0.5365,0.5078,,,,,,0.0004,,-37.0
2026-09-12,North Dakota S @ Air Force,Spread (ATS),game_ats,Air Force +2.0,2.0,lowvig,-106.0,-106.0,Strong buy,0.5432,0.0556,loss,-1.0,0.5432,0.5017,0.5432,,,,,,-0.0003,,25.0
2026-09-12,North Dakota S @ Air Force,Spread (ATS),game_ats,North Dakota S -2.0,-2.0,bovada,-105.0,-115.0,Pass,0.4568,-0.1081,win,0.9524,0.4568,0.4983,0.4568,,,,,,0.0003,,-25.0
2026-09-12,North Dakota S @ Air Force,Totals,game_total,Over 47.0,47.0,lowvig,-108.0,-108.0,Strong buy,0.5471,0.0536,win,0.9259,0.5471,0.5008,0.5471,,,,,,-0.0135,,15.0
2026-09-12,North Dakota S @ Air Force,Totals,game_total,Under 47.0,47.0,williamhill_us,-107.0,-113.0,Pass,0.4529,-0.1238,loss,-1.0,0.4529,0.4992,0.4529,,,,,,0.0135,,-15.0
2026-09-12,Northern Color @ Wyoming,Moneyline,game_ml,Northern Color ML,,fanduel,1280.0,-3500.0,Pass,0.0792,0.093,loss,-1.0,0.0792,0.0813,0.0792,,,,,,-0.0011,,
2026-09-12,Northern Color @ Wyoming,Moneyline,game_ml,Wyoming ML,,draftkings,-1650.0,950.0,Pass,0.7854,-0.167,win,0.0606,0.9208,0.9187,0.7854,,,,,,0.0011,,-41.0
2026-09-12,Northern Color @ Wyoming,Spread (ATS),game_ats,Northern Color +23.5,23.5,fanduel,-110.0,-110.0,Pass,0.522,-0.0034,win,0.9091,0.522,0.5143,0.522,,,,,,0.0098,,
2026-09-12,Northern Color @ Wyoming,Spread (ATS),game_ats,Wyoming -23.5,-23.5,betonlineag,100.0,-120.0,Pass,0.478,-0.044,loss,-1.0,0.478,0.4857,0.478,,,,,,-0.0098,,-31.0
2026-09-12,Northern Color @ Wyoming,Totals,game_total,Over 47.5,47.5,draftkings,-105.0,-115.0,Pass,0.5004,-0.023,loss,-1.0,0.5004,0.4962,0.5004,,,,,,-0.0009,,
2026-09-12,Northern Color @ Wyoming,Totals,game_total,Under 47.5,47.5,fanatics,-110.0,-110.0,Pass,0.4996,-0.0462,win,0.9091,0.4996,0.5038,0.4996,,,,,,0.0009,,45.0
2026-09-12,Ohio State @ Texas,Moneyline,game_ml,Ohio State ML,,lowvig,110.0,-130.0,Pass,0.4873,0.0233,loss,-1.0,0.4873,0.4697,0.4873,126.0,0.5016,0.0319,0.0534,,-0.0007,,-7.0
2026-09-12,Ohio State @ Texas,Moneyline,game_ml,Texas ML,,fanduel,-118.0,100.0,Pass,0.5127,-0.0528,win,0.8475,0.5127,0.5303,0.5127,102.0,0.4984,-0.0319,-0.0792,,0.0007,,7.0
2026-09-12,Ohio State @ Texas,Spread (ATS),game_ats,Ohio State +1.5,1.5,fanduel,-108.0,-112.0,Moderate buy,0.525,0.0111,win,0.9259,0.525,0.4984,0.525,110.0,0.5173,0.0189,-0.0037,3.0,0.0,,-9.0
2026-09-12,Ohio State @ Texas,Spread (ATS),game_ats,Texas -1.5,-1.5,fanatics,-110.0,-110.0,Pass,0.475,-0.0931,loss,-1.0,0.475,0.5016,0.475,-150.0,0.4827,-0.0189,-0.0785,-3.0,-0.0,,9.0
2026-09-12,Ohio State @ Texas,Totals,game_total,Over 49.5,49.5,lowvig,-108.0,-108.0,Pass,0.2663,-0.487,loss,-1.0,0.2663,0.5029,0.2663,-150.0,0.3734,-0.1295,-0.2809,-6.0,0.0004,,27.0
2026-09-12,Ohio State @ Texas,Totals,game_total,Under 49.5,49.5,fanduel,-105.0,-115.0,Pass,0.6825,0.3325,win,0.9524,0.7337,0.4971,0.6825,110.0,0.6266,0.1295,0.2234,6.0,-0.0004,,-27.0
2026-09-12,Oklahoma @ Michigan,Moneyline,game_ml,Michigan ML,,betonlineag,183.0,-215.0,Pass,0.3911,0.1067,win,1.83,0.3911,0.3476,0.3911,,,,,,-0.0023,ml_no_sharp_money,-39.0
2026-09-12,Oklahoma @ Michigan,Moneyline,game_ml,Oklahoma ML,,fanduel,-200.0,172.0,Pass,0.6089,-0.0866,loss,-1.0,0.6089,0.6524,0.6089,,,,,,0.0023,,39.0
2026-09-12,Oklahoma @ Michigan,Spread (ATS),game_ats,Michigan +4.5,4.5,fanatics,-105.0,-115.0,Pass,0.5022,-0.0195,win,0.9524,0.5022,0.4963,0.5022,,,,,,-0.0049,,40.0
2026-09-12,Oklahoma @ Michigan,Spread (ATS),game_ats,Oklahoma -4.5,-4.5,lowvig,-106.0,-106.0,Pass,0.4978,-0.0326,loss,-1.0,0.4978,0.5037,0.4978,,,,,,0.0049,,-40.0
2026-09-12,Oklahoma @ Michigan,Totals,game_total,Over 43.5,43.5,fanduel,-108.0,-112.0,Pass,0.3797,-0.2687,loss,-1.0,0.3797,0.502,0.3797,,,,,,-0.0002,,9.0
2026-09-12,Oklahoma @ Michigan,Totals,game_total,Under 43.5,43.5,lowvig,-103.0,-114.0,Pass,0.6202,0.2222,win,0.9709,0.6203,0.498,0.6202,,,,,,0.0002,,-9.0
2026-09-12,Old Dominion @ Virginia Tech,Moneyline,game_ml,Old Dominion ML,,betrivers,850.0,-2000.0,Pass,0.1119,0.0635,loss,-1.0,0.1119,0.1087,0.1119,,,,,,0.0,,-49.0
2026-09-12,Old Dominion @ Virginia Tech,Moneyline,game_ml,Virginia Tech ML,,draftkings,-1200.0,750.0,Pass,0.7674,-0.1686,win,0.0833,0.8881,0.8913,0.7674,,,,,,-0.0,,49.0
2026-09-12,Old Dominion @ Virginia Tech,Spread (ATS),game_ats,Old Dominion +19.5,19.5,lowvig,-101.0,-111.0,Pass,0.4988,-0.0073,loss,-1.0,0.4988,0.4949,0.4988,,,,,,0.0,,19.0
2026-09-12,Old Dominion @ Virginia Tech,Spread (ATS),game_ats,Virginia Tech -19.5,-19.5,draftkings,-108.0,-112.0,Pass,0.5012,-0.0347,win,0.9259,0.5012,0.5051,0.5012,,,,,,0.0,,-19.0
2026-09-12,Old Dominion @ Virginia Tech,Totals,game_total,Over 47.5,47.5,fanduel,-110.0,-110.0,Pass,0.5015,-0.0425,win,0.9091,0.5015,0.5111,0.5015,,,,,,-0.0009,,-8.0
2026-09-12,Old Dominion @ Virginia Tech,Totals,game_total,Under 47.5,47.5,draftkings,100.0,-120.0,Pass,0.4985,-0.003,loss,-1.0,0.4985,0.4889,0.4985,,,,,,0.0009,,8.0
2026-09-12,Oregon @ Oklahoma State,Moneyline,game_ml,Oklahoma State ML,,betus,1250.0,-2800.0,Pass,0.1137,0.5349,win,12.5,0.1137,0.0785,0.1137,,,,,,-0.0008,price_too_long,-49.0
2026-09-12,Oregon @ Oklahoma State,Moneyline,game_ml,Oregon ML,,betmgm,-2000.0,1200.0,Pass,0.7665,-0.1952,loss,-1.0,0.8863,0.9215,0.7665,,,,,,0.0008,,49.0
2026-09-12,Oregon @ Oklahoma State,Spread (ATS),game_ats,Oklahoma State +23.5,23.5,lowvig,-103.0,-109.0,Pass,0.6062,0.1948,win,0.9709,0.6062,0.4996,0.6062,,,,,,-0.0017,,-10.0
2026-09-12,Oregon @ Oklahoma State,Spread (ATS),game_ats,Oregon -23.5,-23.5,fanduel,-105.0,-115.0,Pass,0.3938,-0.2312,loss,-1.0,0.3938,0.5004,0.3938,,,,,,0.0017,,10.0
2026-09-12,Oregon @ Oklahoma State,Totals,game_total,Over 54.5,54.5,bovada,-105.0,-115.0,Pass,0.4908,-0.0417,win,0.9524,0.4908,0.5038,0.4908,,,,,,-0.0065,,-31.0
2026-09-12,Oregon @ Oklahoma State,Totals,game_total,Under 54.5,54.5,fanduel,-105.0,-115.0,Pass,0.5092,-0.0059,loss,-1.0,0.5092,0.4962,0.5092,,,,,,0.0065,,31.0
2026-09-12,Prairie View A @ Baylor,Spread (ATS),game_ats,Baylor -37.5,-37.5,draftkings,-105.0,-115.0,Pass,0.5031,-0.0177,win,0.9524,0.5031,0.497,0.5031,,,,,,-0.0002,,-12.0
2026-09-12,Prairie View A @ Baylor,Spread (ATS),game_ats,Prairie View A +37.5,37.5,fanduel,-104.0,-118.0,Pass,0.4969,-0.0254,loss,-1.0,0.4969,0.503,0.4969,,,,,,0.0002,,
2026-09-12,Prairie View A @ Baylor,Totals,game_total,Over 55.5,55.5,fanatics,-110.0,-110.0,Pass,0.5014,-0.0427,loss,-1.0,0.5014,0.5017,0.5014,,,,,,0.0,,
2026-09-12,Prairie View A @ Baylor,Totals,game_total,Under 55.5,55.5,fanduel,-105.0,-115.0,Pass,0.4986,-0.0266,win,0.9524,0.4986,0.4983,0.4986,,,,,,0.0,,21.0
2026-09-12,Rice @ Notre Dame,Spread (ATS),game_ats,Notre Dame -44.5,-44.5,betmgm,-108.0,-110.0,Pass,0.3683,-0.2907,win,0.9259,0.3683,0.5132,0.3683,-104.0,0.5023,-0.0109,-0.0326,0.0,0.0013,,56.0
2026-09-12,Rice @ Notre Dame,Spread (ATS),game_ats,Rice +44.5,44.5,draftkings,100.0,-120.0,Pass,0.6264,0.2529,loss,-1.0,0.6317,0.4868,0.6264,-102.0,0.4977,0.0109,-0.0046,0.0,-0.0013,,-56.0
2026-09-12,Rice @ Notre Dame,Totals,game_total,Over 55.0,55.0,lowvig,-108.0,-108.0,Moderate buy,0.5382,0.0365,loss,-1.0,0.5382,0.5005,0.5382,-108.0,0.4851,-0.0154,-0.0657,-0.5,0.0013,,20.0
2026-09-12,Rice @ Notre Dame,Totals,game_total,Under 55.0,55.0,lowvig,-108.0,-108.0,Pass,0.4618,-0.1106,win,0.9259,0.4618,0.4995,0.4618,-105.0,0.5149,0.0154,-0.0083,0.5,-0.0013,,-20.0
2026-09-12,Robert Morris @ Akron,Moneyline,game_ml,Akron ML,,draftkings,-3600.0,1500.0,Pass,0.8051,-0.1726,win,0.0278,0.9565,0.9483,0.8051,-3200.0,0.9424,-0.0059,-0.0314,,-0.0016,,-80.0
2026-09-12,Robert Morris @ Akron,Moneyline,game_ml,Robert Morris ML,,fanatics,2500.0,-7000.0,Pass,0.0435,0.131,loss,-1.0,0.0435,0.0517,0.0435,2000.0,0.0576,0.0059,0.4976,,0.0016,,
2026-09-12,Robert Morris @ Akron,Spread (ATS),game_ats,Akron -27.5,-27.5,draftkings,-105.0,-115.0,Pass,0.5054,-0.0132,win,0.9524,0.5054,0.5005,0.5054,-110.0,0.4784,-0.0221,-0.066,-1.0,-0.0003,,-2.0
2026-09-12,Robert Morris @ Akron,Spread (ATS),game_ats,Robert Morris +27.5,27.5,fanatics,-105.0,-115.0,Pass,0.4946,-0.0344,loss,-1.0,0.4946,0.4995,0.4946,-105.0,0.5216,0.0221,0.0184,1.0,0.0003,,
2026-09-12,Robert Morris @ Akron,Totals,game_total,Over 44.5,44.5,draftkings,-102.0,-118.0,Pass,0.4846,-0.0403,win,0.9804,0.4846,0.4902,0.4846,-110.0,0.5313,0.0411,0.0522,1.0,0.0096,,
2026-09-12,Robert Morris @ Akron,Totals,game_total,Under 44.5,44.5,bovada,-110.0,-110.0,Pass,0.5154,-0.0161,loss,-1.0,0.5154,0.5098,0.5154,-108.0,0.4687,-0.0411,-0.1052,-1.0,-0.0096,,-16.0
2026-09-12,Sacramento Sta @ Fresno State,Moneyline,game_ml,Fresno State ML,,draftkings,-950.0,625.0,Pass,0.706,-0.2197,win,0.1053,0.7764,0.8778,0.706,,,,,,0.0,,-5.0
2026-09-12,Sacramento Sta @ Fresno State,Moneyline,game_ml,Sacramento Sta ML,,lowvig,709.0,-1100.0,Pass,0.2236,0.8089,loss,-1.0,0.2236,0.1222,0.2236,,,,,,0.0,,5.0
2026-09-12,Sacramento Sta @ Fresno State,Spread (ATS),game_ats,Fresno State -17.5,-17.5,lowvig,-106.0,-106.0,Pass,0.3715,-0.278,win,0.9434,0.3715,0.5002,0.3715,,,,,,-0.0023,,-67.0
2026-09-12,Sacramento Sta @ Fresno State,Spread (ATS),game_ats,Sacramento Sta +17.5,17.5,lowvig,-106.0,-106.0,Pass,0.6247,0.214,loss,-1.0,0.6285,0.4998,0.6247,,,,,,0.0023,,67.0
2026-09-12,Sacramento Sta @ Fresno State,Totals,game_total,Over 44.5,44.5,lowvig,-108.0,-108.0,Pass,0.4482,-0.1368,win,0.9259,0.4482,0.5057,0.4482,,,,,,-0.0019,,-17.0
2026-09-12,Sacramento Sta @ Fresno State,Totals,game_total,Under 44.5,44.5,draftkings,-102.0,-118.0,Strong buy,0.5518,0.0928,loss,-1.0,0.5518,0.4943,0.5518,,,,,,0.0019,,17.0
2026-09-12,Sacred Heart @ UMass,Moneyline,game_ml,Sacred Heart ML,,betrivers,1400.0,-10000.0,Pass,0.0706,0.0594,loss,-1.0,0.0706,0.0749,0.0706,1400.0,0.0754,0.0005,0.131,,-0.0006,,
2026-09-12,Sacred Heart @ UMass,Moneyline,game_ml,UMass ML,,fanatics,-2200.0,1200.0,Pass,0.7902,-0.1739,win,0.0455,0.9294,0.9251,0.7902,-2000.0,0.9246,-0.0005,-0.0334,,0.0006,,-16.0
2026-09-12,Sacred Heart @ UMass,Spread (ATS),game_ats,Sacred Heart +23.5,23.5,fanduel,-108.0,-112.0,Pass,0.5022,-0.0327,loss,-1.0,0.5022,0.4981,0.5022,-108.0,0.5014,0.0033,-0.0343,0.0,0.0019,,
2026-09-12,Sacred Heart @ UMass,Spread (ATS),game_ats,UMass -23.5,-23.5,fanatics,-110.0,-110.0,Pass,0.4978,-0.0497,win,0.9091,0.4978,0.5019,0.4978,-105.0,0.4986,-0.0033,-0.0481,0.0,-0.0019,,-5.0
2026-09-12,Sacred Heart @ UMass,Totals,game_total,Over 53.5,53.5,betmgm,-108.0,-110.0,Pass,0.5014,-0.0344,loss,-1.0,0.5014,0.5012,0.5014,-108.0,0.5011,-0.0001,-0.0349,0.0,-0.0004,,
2026-09-12,Sacred Heart @ UMass,Totals,game_total,Under 53.5,53.5,draftkings,-108.0,-112.0,Pass,0.4986,-0.0397,win,0.9259,0.4986,0.4988,0.4986,-108.0,0.4989,0.0001,-0.0392,0.0,0.0004,,-21.0
2026-09-12,San Diego Stat @ UCLA,Moneyline,game_ml,San Diego Stat ML,,fanduel,400.0,-550.0,Pass,0.2661,0.3306,loss,-1.0,0.2661,0.1987,0.2661,450.0,0.1815,-0.0172,-0.0925,,0.0001,price_too_long,13.0
2026-09-12,San Diego Stat @ UCLA,Moneyline,game_ml,UCLA ML,,draftkings,-485.0,370.0,Pass,0.6826,-0.1766,win,0.2062,0.7339,0.8013,0.6826,-535.0,0.8185,0.0172,-0.0127,,-0.0001,,-13.0
2026-09-12,San Diego Stat @ UCLA,Spread (ATS),game_ats,San Diego Stat +12.5,12.5,lowvig,-103.0,-109.0,Strong buy,0.5611,0.1059,loss,-1.0,0.5611,0.4972,0.5611,-105.0,0.472,-0.0252,-0.0697,-1.0,-0.0031,,-4.0
2026-09-12,San Diego Stat @ UCLA,Spread (ATS),game_ats,UCLA -12.5,-12.5,betmgm,-108.0,-110.0,Pass,0.4389,-0.1547,win,0.9259,0.4389,0.5028,0.4389,-106.0,0.528,0.0252,0.0169,1.0,0.0031,,4.0
2026-09-12,San Diego Stat @ UCLA,Totals,game_total,Over 54.5,54.5,fanduel,-106.0,-114.0,Pass,0.4372,-0.1503,loss,-1.0,0.4372,0.4988,0.4372,-110.0,0.476,-0.0228,-0.0749,-1.0,-0.0076,,-9.0
2026-09-12,San Diego Stat @ UCLA,Totals,game_total,Under 54.5,54.5,draftkings,-108.0,-112.0,Pass,0.5628,0.0839,win,0.9259,0.5628,0.5012,0.5628,-104.0,0.524,0.0228,0.0092,1.0,0.0076,,8.0
2026-09-12,South Alabama @ Tulane,Moneyline,game_ml,South Alabama ML,,fanduel,310.0,-400.0,Pass,0.2751,0.128,loss,-1.0,0.2751,0.2402,0.2751,315.0,0.2449,0.0047,0.0041,,0.0027,price_too_long,62.0
2026-09-12,South Alabama @ Tulane,Moneyline,game_ml,Tulane ML,,lowvig,-370.0,296.0,Pass,0.6777,-0.1392,win,0.2703,0.7249,0.7598,0.6777,-350.0,0.7551,-0.0047,-0.0408,,-0.0027,,-62.0
2026-09-12,South Alabama @ Tulane,Spread (ATS),game_ats,South Alabama +9.5,9.5,fanduel,-102.0,-120.0,Pass,0.4991,-0.0115,win,0.9804,0.4991,0.4975,0.4991,-105.0,0.499,0.0015,-0.0118,0.0,0.0042,,2.0
2026-09-12,South Alabama @ Tulane,Spread (ATS),game_ats,Tulane -9.5,-9.5,lowvig,-101.0,-111.0,Pass,0.5009,-0.0033,loss,-1.0,0.5009,0.5025,0.5009,-110.0,0.501,-0.0015,-0.003,0.0,-0.0042,,-2.0
2026-09-12,South Alabama @ Tulane,Totals,game_total,Over 49.5,49.5,lowvig,-103.0,-114.0,Pass,0.501,-0.0127,win,0.9709,0.501,0.4947,0.501,-105.0,0.4478,-0.0469,-0.1174,-1.5,-0.001,,5.0
2026-09-12,South Alabama @ Tulane,Totals,game_total,Under 49.5,49.5,draftkings,-108.0,-112.0,Pass,0.499,-0.0389,loss,-1.0,0.499,0.5053,0.499,-110.0,0.5522,0.0469,0.0635,1.5,0.001,,-5.0
2026-09-12,South Florida @ Army,Moneyline,game_ml,Army ML,,fanduel,-164.0,136.0,Strong buy,0.6448,0.0379,loss,-1.0,0.665,0.602,0.6448,,,,,,-0.0022,,
2026-09-12,South Florida @ Army,Moneyline,game_ml,South Florida ML,,lowvig,145.0,-165.0,Pass,0.335,-0.1793,win,1.45,0.335,0.398,0.335,,,,,,0.0022,,44.0
2026-09-12,South Florida @ Army,Spread (ATS),game_ats,Army -3.5,-3.5,lowvig,-101.0,-111.0,Pass,0.5817,0.1575,loss,-1.0,0.5817,0.4866,0.5817,,,,,,0.0024,,
2026-09-12,South Florida @ Army,Spread (ATS),game_ats,South Florida +3.5,3.5,lowvig,-111.0,-101.0,Pass,0.4183,-0.2048,win,0.9009,0.4183,0.5134,0.4183,,,,,,-0.0024,,18.0
2026-09-12,South Florida @ Army,Totals,game_total,Over 45.5,45.5,fanduel,-110.0,-110.0,Pass,0.6591,0.2583,win,0.9091,0.6911,0.5035,0.6591,,,,,,-0.0034,,-7.0
2026-09-12,South Florida @ Army,Totals,game_total,Under 45.5,45.5,williamhill_us,-103.0,-117.0,Pass,0.3089,-0.3912,loss,-1.0,0.3089,0.4965,0.3089,,,,,,0.0034,,
2026-09-12,Southern Utah @ Colorado State,Moneyline,game_ml,Colorado State ML,,fanatics,-1400.0,850.0,Pass,0.7737,-0.1711,win,0.0714,0.8994,0.902,0.7737,-1350.0,0.8959,-0.0061,-0.0401,,0.0009,,-52.0
2026-09-12,Southern Utah @ Colorado State,Moneyline,game_ml,Southern Utah ML,,betrivers,1000.0,-3335.0,Pass,0.1006,0.1069,loss,-1.0,0.1006,0.098,0.1006,900.0,0.1041,0.0061,0.1451,,-0.0009,,
2026-09-12,Southern Utah @ Colorado State,Spread (ATS),game_ats,Colorado State -20.5,-20.5,draftkings,-108.0,-112.0,Pass,0.4987,-0.0395,win,0.9259,0.4987,0.5001,0.4987,-108.0,0.4871,-0.013,-0.0619,-0.5,0.0,,27.0
2026-09-12,Southern Utah @ Colorado State,Spread (ATS),game_ats,Southern Utah +20.5,20.5,fanduel,-108.0,-112.0,Pass,0.5013,-0.0345,loss,-1.0,0.5013,0.4999,0.5013,-110.0,0.5129,0.013,-0.0122,0.5,0.0,,
2026-09-12,Southern Utah @ Colorado State,Totals,game_total,Over 56.5,56.5,draftkings,-108.0,-112.0,Pass,0.5018,-0.0336,win,0.9259,0.5018,0.4996,0.5018,-105.0,0.5313,0.0317,0.0232,1.0,-0.0013,,
2026-09-12,Southern Utah @ Colorado State,Totals,game_total,Under 56.5,56.5,williamhill_us,-109.0,-113.0,Pass,0.4982,-0.0447,loss,-1.0,0.4982,0.5004,0.4982,-108.0,0.4687,-0.0317,-0.1013,-1.0,0.0013,,-29.0
2026-09-12,Stony Brook @ Ball State,Moneyline,game_ml,Ball State ML,,fanatics,-600.0,440.0,Pass,0.7243,-0.1549,win,0.1667,0.8097,0.8313,0.7243,,,,,,0.0006,,-1.0
2026-09-12,Stony Brook @ Ball State,Moneyline,game_ml,Stony Brook ML,,betrivers,525.0,-835.0,Pass,0.1903,0.1892,loss,-1.0,0.1903,0.1687,0.1903,,,,,,-0.0006,price_too_long,
2026-09-12,Stony Brook @ Ball State,Spread (ATS),game_ats,Ball State -14.0,-14.0,draftkings,-108.0,-112.0,Pass,0.5003,-0.0365,win,0.9259,0.5003,0.4993,0.5003,,,,,,-0.0111,,-52.0
2026-09-12,Stony Brook @ Ball State,Spread (ATS),game_ats,Stony Brook +14.0,14.0,fanatics,-110.0,-110.0,Pass,0.4997,-0.046,loss,-1.0,0.4997,0.5007,0.4997,,,,,,0.0111,,
2026-09-12,Stony Brook @ Ball State,Totals,game_total,Over 54.5,54.5,bovada,-110.0,-110.0,Pass,0.5023,-0.0411,win,0.9091,0.5023,0.5081,0.5023,,,,,,0.0016,,
2026-09-12,Stony Brook @ Ball State,Totals,game_total,Under 54.5,54.5,draftkings,-102.0,-118.0,Pass,0.4977,-0.0144,loss,-1.0,0.4977,0.4919,0.4977,,,,,,-0.0016,,52.0
2026-09-12,Tennessee @ Georgia Tech,Moneyline,game_ml,Georgia Tech ML,,betrivers,390.0,-560.0,Pass,0.2412,0.1818,loss,-1.0,0.2412,0.2032,0.2412,,,,,,-0.0001,price_too_long,13.0
2026-09-12,Tennessee @ Georgia Tech,Moneyline,game_ml,Tennessee ML,,draftkings,-470.0,360.0,Pass,0.6964,-0.1555,win,0.2128,0.7588,0.7968,0.6964,,,,,,0.0001,,-13.0
2026-09-12,Tennessee @ Georgia Tech,Spread (ATS),game_ats,Georgia Tech +12.0,12.0,lowvig,-106.0,-106.0,Moderate buy,0.5212,0.013,loss,-1.0,0.5212,0.5003,0.5212,,,,,,-0.0011,,57.0
2026-09-12,Tennessee @ Georgia Tech,Spread (ATS),game_ats,Tennessee -12.0,-12.0,lowvig,-106.0,-106.0,Pass,0.4788,-0.0696,win,0.9434,0.4788,0.4997,0.4788,,,,,,0.0011,,-57.0
2026-09-12,Tennessee @ Georgia Tech,Totals,game_total,Over 55.5,55.5,lowvig,-108.0,-108.0,Strong buy,0.5444,0.0484,win,0.9259,0.5444,0.5003,0.5444,,,,,,0.0008,,29.0
2026-09-12,Tennessee @ Georgia Tech,Totals,game_total,Under 55.5,55.5,williamhill_us,-107.0,-113.0,Pass,0.4556,-0.1185,loss,-1.0,0.4556,0.4997,0.4556,,,,,,-0.0008,,-29.0
2026-09-12,Texas Southern @ UTEP,Moneyline,game_ml,Texas Southern ML,,fanduel,2000.0,-7000.0,Pass,0.0521,0.0941,loss,-1.0,0.0521,0.0593,0.0521,3500.0,0.0294,-0.0299,-0.3826,,0.0,,78.0
2026-09-12,Texas Southern @ UTEP,Moneyline,game_ml,UTEP ML,,fanatics,-3000.0,1500.0,Pass,0.8003,-0.173,win,0.0333,0.9479,0.9407,0.8003,-10000.0,0.9706,0.0299,0.003,,0.0,,-78.0
2026-09-12,Texas Southern @ UTEP,Spread (ATS),game_ats,Texas Southern +25.5,25.5,fanduel,-106.0,-114.0,Pass,0.4955,-0.037,loss,-1.0,0.4955,0.4987,0.4955,-114.0,0.5778,0.0791,0.1229,3.0,-0.0001,,-41.0
2026-09-12,Texas Southern @ UTEP,Spread (ATS),game_ats,UTEP -25.5,-25.5,draftkings,-108.0,-112.0,Pass,0.5045,-0.0284,win,0.9259,0.5045,0.5013,0.5045,-110.0,0.4222,-0.0791,-0.1869,-3.0,0.0001,,41.0
2026-09-12,Texas Southern @ UTEP,Totals,game_total,Over 52.5,52.5,draftkings,-110.0,-110.0,Pass,0.511,-0.0245,win,0.9091,0.511,0.5029,0.511,104.0,0.5728,0.0699,0.0935,3.0,0.0,,20.0
2026-09-12,Texas Southern @ UTEP,Totals,game_total,Under 52.5,52.5,williamhill_us,-105.0,-118.0,Pass,0.489,-0.0453,loss,-1.0,0.489,0.4971,0.489,-114.0,0.4272,-0.0699,-0.1659,-3.0,0.0,,-20.0
2026-09-12,Texas Tech @ Oregon State,Moneyline,game_ml,Oregon State ML,,betrivers,1700.0,-10000.0,Pass,0.1171,1.1078,loss,-1.0,0.1171,0.0655,0.1171,,,,,,0.0003,price_too_long,59.0
2026-09-12,Texas Tech @ Oregon State,Moneyline,game_ml,Texas Tech ML,,lowvig,-3000.0,1256.0,Pass,0.7646,-0.2099,win,0.0333,0.8829,0.9345,0.7646,,,,,,-0.0003,,-59.0
2026-09-12,Texas Tech @ Oregon State,Spread (ATS),game_ats,Oregon State +25.5,25.5,lowvig,-106.0,-106.0,Pass,0.6405,0.2448,win,0.9434,0.6573,0.4993,0.6405,,,,,,0.0,,16.0
2026-09-12,Texas Tech @ Oregon State,Spread (ATS),game_ats,Texas Tech -25.5,-25.5,lowvig,-106.0,-106.0,Pass,0.3427,-0.334,loss,-1.0,0.3427,0.5007,0.3427,,,,,,0.0,,-16.0
2026-09-12,Texas Tech @ Oregon State,Totals,game_total,Over 53.5,53.5,williamhill_us,-105.0,-115.0,Pass,0.4269,-0.1665,win,0.9524,0.4269,0.4948,0.4269,,,,,,0.0101,,20.0
2026-09-12,Texas Tech @ Oregon State,Totals,game_total,Under 53.5,53.5,fanduel,-110.0,-110.0,Strong buy,0.5731,0.0941,loss,-1.0,0.5731,0.5052,0.5731,,,,,,-0.0101,,-21.0
2026-09-12,Towson @ South Carolina,Spread (ATS),game_ats,South Carolina -44.5,-44.5,draftkings,-108.0,-112.0,Pass,0.4861,-0.0639,loss,-1.0,0.4861,0.4982,0.4861,,,,,,0.0228,,-4.0
2026-09-12,Towson @ South Carolina,Spread (ATS),game_ats,Towson +44.5,44.5,lowvig,-110.0,-110.0,Pass,0.5139,-0.0189,win,0.9091,0.5139,0.5018,0.5139,,,,,,-0.0228,,4.0
2026-09-12,Towson @ South Carolina,Totals,game_total,Over 56.0,56.0,fanatics,-110.0,-110.0,Pass,0.5005,-0.0445,loss,-1.0,0.5005,0.5062,0.5005,,,,,,0.0087,,15.0
2026-09-12,Towson @ South Carolina,Totals,game_total,Under 56.0,56.0,lowvig,-105.0,-115.0,Pass,0.4995,-0.0247,win,0.9524,0.4995,0.4938,0.4995,,,,,,-0.0087,,-15.0
2026-09-12,UC Davis @ SMU,Moneyline,game_ml,SMU ML,,draftkings,-4000.0,1600.0,Pass,0.8133,-0.1664,win,0.025,0.9714,0.9463,0.8133,,,,,,0.0008,,
2026-09-12,UC Davis @ SMU,Moneyline,game_ml,UC Davis ML,,fanduel,2400.0,-10000.0,Pass,0.0286,-0.2844,loss,-1.0,0.0286,0.0537,0.0286,,,,,,-0.0008,,
2026-09-12,UC Davis @ SMU,Spread (ATS),game_ats,SMU -30.5,-30.5,draftkings,-108.0,-112.0,Pass,0.4975,-0.0419,win,0.9259,0.4975,0.4981,0.4975,,,,,,0.0224,,-10.0
2026-09-12,UC Davis @ SMU,Spread (ATS),game_ats,UC Davis +30.5,30.5,fanduel,-110.0,-110.0,Pass,0.5026,-0.0406,loss,-1.0,0.5026,0.5019,0.5026,,,,,,-0.0224,,10.0
2026-09-12,UC Davis @ SMU,Totals,game_total,Over 58.5,58.5,fanatics,-110.0,-110.0,Pass,0.5016,-0.0424,win,0.9091,0.5016,0.5018,0.5016,,,,,,-0.0007,,18.0
2026-09-12,UC Davis @ SMU,Totals,game_total,Under 58.5,58.5,draftkings,-108.0,-112.0,Pass,0.4984,-0.0401,loss,-1.0,0.4984,0.4982,0.4984,,,,,,0.0007,,-18.0
2026-09-12,UCF @ Pittsburgh,Moneyline,game_ml,Pittsburgh ML,,fanduel,-275.0,220.0,Pass,0.6273,-0.1446,win,0.3636,0.6333,0.7085,0.6273,,,,,,0.0002,,42.0
2026-09-12,UCF @ Pittsburgh,Moneyline,game_ml,UCF ML,,betrivers,235.0,-315.0,Pass,0.3667,0.2285,loss,-1.0,0.3667,0.2915,0.3667,,,,,,-0.0002,,-42.0
2026-09-12,UCF @ Pittsburgh,Spread (ATS),game_ats,Pittsburgh -7.0,-7.0,mybookieag,-110.0,-110.0,Pass,0.462,-0.118,loss,-1.0,0.462,0.5081,0.462,,,,,,0.0011,,-31.0
2026-09-12,UCF @ Pittsburgh,Spread (ATS),game_ats,UCF +7.0,7.0,lowvig,-101.0,-111.0,Strong buy,0.538,0.0707,win,0.9901,0.538,0.4919,0.538,,,,,,-0.0011,,31.0
2026-09-12,UCF @ Pittsburgh,Totals,game_total,Over 55.5,55.5,lowvig,-108.0,-108.0,Pass,0.3741,-0.2796,loss,-1.0,0.3741,0.5015,0.3741,,,,,,0.0002,,-36.0
2026-09-12,UCF @ Pittsburgh,Totals,game_total,Under 55.5,55.5,williamhill_us,-106.0,-114.0,Pass,0.6233,0.2112,win,0.9434,0.6259,0.4985,0.6233,,,,,,-0.0002,,36.0
2026-09-12,UL Monroe @ UAB,Moneyline,game_ml,UAB ML,,betrivers,-335.0,245.0,Pass,0.7403,-0.0387,win,0.2985,0.8387,0.7487,0.7403,-335.0,0.7486,-0.0001,-0.0279,,0.0,,-32.0
2026-09-12,UL Monroe @ UAB,Moneyline,game_ml,UL Monroe ML,,bovada,295.0,-390.0,Pass,0.1613,-0.3631,loss,-1.0,0.1613,0.2513,0.1613,290.0,0.2514,0.0001,-0.007,,0.0,,
2026-09-12,UL Monroe @ UAB,Spread (ATS),game_ats,UAB -9.5,-9.5,fanduel,-110.0,-110.0,Pass,0.6411,0.2239,loss,-1.0,0.6583,0.501,0.6411,-110.0,0.5013,0.0003,-0.043,0.0,0.0006,,-57.0
2026-09-12,UL Monroe @ UAB,Spread (ATS),game_ats,UL Monroe +9.5,9.5,draftkings,-108.0,-112.0,Pass,0.3417,-0.342,win,0.9259,0.3417,0.499,0.3417,-108.0,0.4987,-0.0003,-0.0395,0.0,-0.0006,,
2026-09-12,UL Monroe @ UAB,Totals,game_total,Over 54.5,54.5,fanduel,-105.0,-115.0,Pass,0.4618,-0.0983,loss,-1.0,0.4618,0.4939,0.4618,-103.0,0.4473,-0.0466,-0.1267,-1.5,0.0,,
2026-09-12,UL Monroe @ UAB,Totals,game_total,Under 54.5,54.5,draftkings,-110.0,-110.0,Moderate buy,0.5382,0.0274,win,0.9091,0.5382,0.5061,0.5382,-110.0,0.5527,0.0466,0.0552,1.5,0.0,,41.0
2026-09-12,UNLV @ North Texas,Moneyline,game_ml,North Texas ML,,draftkings,136.0,-162.0,Pass,0.3373,-0.204,win,1.36,0.3373,0.4093,0.3373,,,,,,0.0,,36.0
2026-09-12,UNLV @ North Texas,Moneyline,game_ml,UNLV ML,,betonlineag,-155.0,135.0,Pass,0.6435,0.0587,loss,-1.0,0.6627,0.5907,0.6435,,,,,,0.0,ml_no_sharp_money,-36.0
2026-09-12,UNLV @ North Texas,Spread (ATS),game_ats,North Texas +3.0,3.0,draftkings,-105.0,-115.0,Pass,0.4078,-0.2038,win,0.9524,0.4078,0.4942,0.4078,,,,,,0.0011,,30.0
2026-09-12,UNLV @ North Texas,Spread (ATS),game_ats,UNLV -3.0,-3.0,lowvig,-106.0,-106.0,Pass,0.5922,0.1509,loss,-1.0,0.5922,0.5058,0.5922,,,,,,-0.0011,,-30.0
2026-09-12,UNLV @ North Texas,Totals,game_total,Over 58.5,58.5,fanduel,-105.0,-115.0,Pass,0.6387,0.247,loss,-1.0,0.654,0.49,0.6387,,,,,,0.0054,,30.0
2026-09-12,UNLV @ North Texas,Totals,game_total,Under 58.5,58.5,williamhill_us,-113.0,-107.0,Pass,0.346,-0.3479,win,0.885,0.346,0.51,0.346,,,,,,-0.0054,,-31.0
2026-09-12,UT Martin @ West Virginia,Spread (ATS),game_ats,UT Martin +41.5,41.5,fanduel,-104.0,-118.0,Pass,0.4988,-0.0215,loss,-1.0,0.4988,0.4982,0.4988,110.0,0.2944,-0.2038,-0.4225,-7.0,0.0035,,
2026-09-12,UT Martin @ West Virginia,Spread (ATS),game_ats,West Virginia -41.5,-41.5,betonlineag,-105.0,-115.0,Pass,0.5012,-0.0215,win,0.9524,0.5012,0.5018,0.5012,-118.0,0.7056,0.2038,0.3776,7.0,-0.0035,,12.0
2026-09-12,UT Martin @ West Virginia,Totals,game_total,Over 55.5,55.5,betonlineag,-110.0,-110.0,Pass,0.5019,-0.0418,win,0.9091,0.5019,0.5071,0.5019,-120.0,0.5327,0.0256,0.017,0.0,0.0055,,
2026-09-12,UT Martin @ West Virginia,Totals,game_total,Under 55.5,55.5,williamhill_us,-104.0,-120.0,Pass,0.4981,-0.023,loss,-1.0,0.4981,0.4929,0.4981,110.0,0.4673,-0.0256,-0.0834,0.0,-0.0055,,-18.0
2026-09-12,UTSA @ Texas State,Moneyline,game_ml,Texas State ML,,draftkings,-122.0,102.0,Pass,0.5552,0.0103,loss,-1.0,0.5552,0.5352,0.5552,,,,,,0.003,,8.0
2026-09-12,UTSA @ Texas State,Moneyline,game_ml,UTSA ML,,lowvig,110.0,-130.0,Pass,0.4448,-0.0659,win,1.1,0.4448,0.4648,0.4448,,,,,,-0.003,,
2026-09-12,UTSA @ Texas State,Spread (ATS),game_ats,Texas State -2.0,-2.0,lowvig,-106.0,-106.0,Pass,0.5059,-0.0169,loss,-1.0,0.5059,0.5005,0.5059,,,,,,0.01,,18.0
2026-09-12,UTSA @ Texas State,Spread (ATS),game_ats,UTSA +2.0,2.0,lowvig,-106.0,-106.0,Pass,0.4941,-0.0397,win,0.9434,0.4941,0.4995,0.4941,,,,,,-0.01,,
2026-09-12,UTSA @ Texas State,Totals,game_total,Over 66.0,66.0,lowvig,-108.0,-108.0,Pass,0.5031,-0.031,loss,-1.0,0.5031,0.5,0.5031,,,,,,0.0,,
2026-09-12,UTSA @ Texas State,Totals,game_total,Under 66.0,66.0,lowvig,-108.0,-108.0,Pass,0.4969,-0.0431,win,0.9259,0.4969,0.5,0.4969,,,,,,0.0,,-13.0
2026-09-12,Utah State @ Washington,Moneyline,game_ml,Utah State ML,,fanduel,2000.0,-7000.0,Pass,0.0554,0.1634,loss,-1.0,0.0554,0.057,0.0554,,,,,,-0.0002,,-34.0
2026-09-12,Utah State @ Washington,Moneyline,game_ml,Washington ML,,betmgm,-3000.0,1750.0,Pass,0.7985,-0.1749,win,0.0333,0.9446,0.943,0.7985,,,,,,0.0002,,34.0
2026-09-12,Utah State @ Washington,Spread (ATS),game_ats,Utah State +27.5,27.5,fanduel,-105.0,-115.0,Strong buy,0.5497,0.0732,win,0.9524,0.5497,0.4984,0.5497,,,,,,-0.0053,,57.0
2026-09-12,Utah State @ Washington,Spread (ATS),game_ats,Washington -27.5,-27.5,lowvig,-106.0,-106.0,Pass,0.4503,-0.1249,loss,-1.0,0.4503,0.5016,0.4503,,,,,,0.0053,,-57.0
2026-09-12,Utah State @ Washington,Totals,game_total,Over 55.5,55.5,lowvig,-108.0,-108.0,Pass,0.4381,-0.1562,loss,-1.0,0.4381,0.5007,0.4381,,,,,,0.0,,18.0
2026-09-12,Utah State @ Washington,Totals,game_total,Under 55.5,55.5,draftkings,-108.0,-112.0,Strong buy,0.5619,0.0821,win,0.9259,0.5619,0.4993,0.5619,,,,,,0.0,,-18.0
2026-09-12,Wagner @ James Madison,Spread (ATS),game_ats,James Madison -46.5,-46.5,draftkings,-108.0,-112.0,Pass,0.4955,-0.0458,win,0.9259,0.4955,0.4983,0.4955,,,,,,0.028,,
2026-09-12,Wagner @ James Madison,Spread (ATS),game_ats,Wagner +46.5,46.5,fanduel,-110.0,-110.0,Pass,0.5046,-0.0368,loss,-1.0,0.5046,0.5017,0.5046,,,,,,-0.028,,
2026-09-12,Wagner @ James Madison,Totals,game_total,Over 56.5,56.5,betmgm,-108.0,-110.0,Pass,0.5036,-0.0301,win,0.9259,0.5036,0.5005,0.5036,,,,,,0.0035,,
2026-09-12,Wagner @ James Madison,Totals,game_total,Under 56.5,56.5,bovada,-105.0,-115.0,Pass,0.4964,-0.0308,loss,-1.0,0.4964,0.4995,0.4964,,,,,,-0.0035,,
2026-09-12,Wake Forest @ Purdue,Moneyline,game_ml,Purdue ML,,draftkings,130.0,-155.0,Pass,0.4818,0.1082,loss,-1.0,0.4818,0.4258,0.4818,,,,,,0.0015,ml_no_sharp_money,-26.0
2026-09-12,Wake Forest @ Purdue,Moneyline,game_ml,Wake Forest ML,,betrivers,-143.0,115.0,Pass,0.5182,-0.1195,win,0.6993,0.5182,0.5742,0.5182,,,,,,-0.0015,,26.0
2026-09-12,Wake Forest @ Purdue,Spread (ATS),game_ats,Purdue +3.0,3.0,mybookieag,-110.0,-110.0,Strong buy,0.5572,0.0637,win,0.9091,0.5572,0.5074,0.5572,,,,,,0.0001,,-6.0
2026-09-12,Wake Forest @ Purdue,Spread (ATS),game_ats,Wake Forest -3.0,-3.0,lowvig,100.0,-112.0,Pass,0.4428,-0.1144,loss,-1.0,0.4428,0.4926,0.4428,,,,,,-0.0001,,6.0
2026-09-12,Wake Forest @ Purdue,Totals,game_total,Over 50.5,50.5,williamhill_us,-107.0,-113.0,Pass,0.4131,-0.2008,win,0.9346,0.4131,0.4989,0.4131,,,,,,0.0011,,-24.0
2026-09-12,Wake Forest @ Purdue,Totals,game_total,Under 50.5,50.5,lowvig,-108.0,-108.0,Pass,0.5869,0.1303,loss,-1.0,0.5869,0.5011,0.5869,,,,,,-0.0011,,24.0
2026-09-12,Washington Sta @ Kansas State,Moneyline,game_ml,Kansas State ML,,betonlineag,-900.0,613.0,Pass,0.7516,-0.1649,win,0.1111,0.8592,0.8713,0.7516,,,,,,0.0005,,19.0
2026-09-12,Washington Sta @ Kansas State,Moneyline,game_ml,Washington Sta ML,,fanduel,740.0,-1250.0,Pass,0.1408,0.1823,loss,-1.0,0.1408,0.1287,0.1408,,,,,,-0.0005,,-19.0
2026-09-12,Washington Sta @ Kansas State,Spread (ATS),game_ats,Kansas State -17.5,-17.5,lowvig,-106.0,-106.0,Pass,0.4922,-0.0435,win,0.9434,0.4922,0.4995,0.4922,,,,,,0.0,,-33.0
2026-09-12,Washington Sta @ Kansas State,Spread (ATS),game_ats,Washington Sta +17.5,17.5,lowvig,-106.0,-106.0,Pass,0.5078,-0.0131,loss,-1.0,0.5078,0.5005,0.5078,,,,,,0.0,,33.0
2026-09-12,Washington Sta @ Kansas State,Totals,game_total,Over 49.0,49.0,bovada,-105.0,-115.0,Pass,0.4987,-0.0263,loss,-1.0,0.4987,0.4986,0.4987,,,,,,-0.0014,,35.0
2026-09-12,Washington Sta @ Kansas State,Totals,game_total,Under 49.0,49.0,lowvig,-108.0,-108.0,Pass,0.5013,-0.0346,win,0.9259,0.5013,0.5014,0.5013,,,,,,0.0014,,-35.0
2026-09-12,Weber State @ Colorado,Moneyline,game_ml,Colorado ML,,draftkings,-6500.0,2000.0,Pass,0.8207,-0.1666,win,0.0154,0.985,0.9695,0.8207,,,,,,0.0046,,-36.0
2026-09-12,Weber State @ Colorado,Moneyline,game_ml,Weber State ML,,betmgm,4500.0,-25000.0,Pass,0.015,-0.3089,loss,-1.0,0.015,0.0305,0.015,,,,,,-0.0046,,36.0
2026-09-12,Weber State @ Colorado,Spread (ATS),game_ats,Colorado -34.5,-34.5,fanduel,-105.0,-115.0,Pass,0.5082,-0.0077,loss,-1.0,0.5082,0.4964,0.5082,,,,,,-0.0017,,20.0
2026-09-12,Weber State @ Colorado,Spread (ATS),game_ats,Weber State +34.5,34.5,lowvig,-110.0,-110.0,Pass,0.4918,-0.0612,win,0.9091,0.4918,0.5036,0.4918,,,,,,0.0017,,-20.0
2026-09-12,Weber State @ Colorado,Totals,game_total,Over 55.5,55.5,fanatics,-105.0,-115.0,Pass,0.4988,-0.0262,win,0.9524,0.4988,0.4931,0.4988,,,,,,0.0002,,29.0
2026-09-12,Weber State @ Colorado,Totals,game_total,Under 55.5,55.5,fanduel,-108.0,-112.0,Pass,0.5012,-0.0347,loss,-1.0,0.5012,0.5069,0.5012,,,,,,-0.0002,,-29.0
2026-09-12,West Georgia @ Arkansas State,Moneyline,game_ml,Arkansas State ML,,fanatics,-9000.0,3000.0,Pass,0.8156,-0.1753,win,0.0111,0.9757,0.9634,0.8156,-8000.0,0.9692,0.0058,-0.02,,0.0,,-92.0
2026-09-12,West Georgia @ Arkansas State,Moneyline,game_ml,West Georgia ML,,fanduel,3500.0,-20000.0,Pass,0.0243,-0.1243,loss,-1.0,0.0243,0.0366,0.0243,3500.0,0.0308,-0.0058,0.1088,,0.0,,
2026-09-12,West Georgia @ Arkansas State,Spread (ATS),game_ats,Arkansas State -31.5,-31.5,bovada,-110.0,-110.0,Pass,0.5005,-0.0445,win,0.9091,0.5005,0.5037,0.5005,-112.0,0.5081,0.0044,-0.03,0.0,0.0017,,-3.0
2026-09-12,West Georgia @ Arkansas State,Spread (ATS),game_ats,West Georgia +31.5,31.5,fanduel,-105.0,-115.0,Pass,0.4995,-0.0248,loss,-1.0,0.4995,0.4963,0.4995,-105.0,0.4919,-0.0044,-0.0396,0.0,-0.0017,,
2026-09-12,West Georgia @ Arkansas State,Totals,game_total,Over 56.5,56.5,betonlineag,-105.0,-115.0,Pass,0.5018,-0.0203,win,0.9524,0.5018,0.4973,0.5018,-108.0,0.5026,0.0053,-0.0187,0.0,-0.0038,,
2026-09-12,West Georgia @ Arkansas State,Totals,game_total,Under 56.5,56.5,draftkings,-108.0,-112.0,Pass,0.4982,-0.0405,loss,-1.0,0.4982,0.5027,0.4982,-105.0,0.4974,-0.0053,-0.042,0.0,0.0038,,40.0
2026-09-12,Western Caroli @ Cincinnati,Moneyline,game_ml,Cincinnati ML,,fanatics,-9000.0,3000.0,Pass,0.8227,-0.1681,win,0.0111,0.9886,0.9648,0.8227,-10000.0,0.9716,0.0068,-0.0176,,0.0,,
2026-09-12,Western Caroli @ Cincinnati,Moneyline,game_ml,Western Caroli ML,,fanatics,3000.0,-9000.0,Pass,0.0114,-0.6466,loss,-1.0,0.0114,0.0352,0.0114,5000.0,0.0284,-0.0068,-0.1196,,0.0,,
2026-09-12,Western Caroli @ Cincinnati,Spread (ATS),game_ats,Cincinnati -36.5,-36.5,fanatics,-110.0,-110.0,Pass,0.4974,-0.0505,win,0.9091,0.4974,0.5003,0.4974,-108.0,0.4978,-0.0025,-0.0497,0.0,0.0,,-4.0
2026-09-12,Western Caroli @ Cincinnati,Spread (ATS),game_ats,Western Caroli +36.5,36.5,draftkings,-108.0,-112.0,Pass,0.5026,-0.032,loss,-1.0,0.5026,0.4997,0.5026,-110.0,0.5022,0.0025,-0.0328,0.0,0.0,,
2026-09-12,Western Caroli @ Cincinnati,Totals,game_total,Over 60.5,60.5,draftkings,-108.0,-112.0,Pass,0.5001,-0.0369,win,0.9259,0.5001,0.5006,0.5001,-106.0,0.5336,0.033,0.0277,1.0,0.0,,
2026-09-12,Western Caroli @ Cincinnati,Totals,game_total,Under 60.5,60.5,williamhill_us,-107.0,-115.0,Pass,0.4999,-0.0329,loss,-1.0,0.4999,0.4994,0.4999,-105.0,0.4664,-0.033,-0.0977,-1.0,0.0,,2.0
2026-09-12,Western Illino @ Wisconsin,Spread (ATS),game_ats,Western Illino +41.5,41.5,betonlineag,-110.0,-110.0,Pass,0.5104,-0.0257,win,0.9091,0.5104,0.5078,0.5104,-105.0,0.4448,-0.063,-0.1508,-2.0,-0.0269,,
2026-09-12,Western Illino @ Wisconsin,Spread (ATS),game_ats,Wisconsin -41.5,-41.5,williamhill_us,102.0,-125.0,Pass,0.4896,-0.0109,loss,-1.0,0.4896,0.4922,0.4896,-108.0,0.5552,0.063,0.1215,2.0,0.0269,,15.0
2026-09-12,Western Illino @ Wisconsin,Totals,game_total,Over 50.5,50.5,draftkings,-105.0,-115.0,Pass,0.498,-0.0278,loss,-1.0,0.498,0.5004,0.498,-108.0,0.5974,0.097,0.1664,3.0,-0.002,,
2026-09-12,Western Illino @ Wisconsin,Totals,game_total,Under 50.5,50.5,betonlineag,-105.0,-115.0,Pass,0.502,-0.0199,win,0.9524,0.502,0.4996,0.502,-105.0,0.4026,-0.097,-0.214,-3.0,0.002,,-10.0
2026-09-12,Western Kentuc @ Georgia,Spread (ATS),game_ats,Georgia -40.5,-40.5,lowvig,-106.0,-106.0,Pass,0.4859,-0.0556,win,0.9434,0.4859,0.5002,0.4859,,,,,,-0.0003,,6.0
2026-09-12,Western Kentuc @ Georgia,Spread (ATS),game_ats,Western Kentuc +40.5,40.5,lowvig,-106.0,-106.0,Pass,0.5141,-0.001,loss,-1.0,0.5141,0.4998,0.5141,,,,,,0.0003,,
2026-09-12,Western Kentuc @ Georgia,Totals,game_total,Over 55.5,55.5,fanatics,-105.0,-115.0,Pass,0.6388,0.2471,win,0.9524,0.6541,0.5004,0.6388,,,,,,0.0003,,
2026-09-12,Western Kentuc @ Georgia,Totals,game_total,Under 55.5,55.5,draftkings,-108.0,-112.0,Pass,0.3459,-0.3339,loss,-1.0,0.3459,0.4996,0.3459,,,,,,-0.0003,,-8.0
2026-09-12,Wofford @ Kent State,Moneyline,game_ml,Kent State ML,,draftkings,-470.0,360.0,Pass,0.6881,-0.1655,win,0.2128,0.7438,0.7949,0.6881,,,,,,-0.0031,,-16.0
2026-09-12,Wofford @ Kent State,Moneyline,game_ml,Wofford ML,,betrivers,375.0,-530.0,Pass,0.2562,0.2168,loss,-1.0,0.2562,0.2051,0.2562,,,,,,0.0031,price_too_long,
2026-09-12,Wofford @ Kent State,Spread (ATS),game_ats,Kent State -10.5,-10.5,draftkings,-108.0,-112.0,Pass,0.4993,-0.0385,win,0.9259,0.4993,0.5001,0.4993,,,,,,-0.0041,,-20.0
2026-09-12,Wofford @ Kent State,Spread (ATS),game_ats,Wofford +10.5,10.5,betrivers,-110.0,-113.0,Pass,0.5008,-0.044,loss,-1.0,0.5008,0.4999,0.5008,,,,,,0.0041,,
2026-09-12,Wofford @ Kent State,Totals,game_total,Over 47.0,47.0,fanatics,-110.0,-110.0,Pass,0.5,-0.0455,win,0.9091,0.5,0.5021,0.5,,,,,,-0.0175,,
2026-09-12,Wofford @ Kent State,Totals,game_total,Under 47.0,47.0,williamhill_us,-108.0,-114.0,Pass,0.5,-0.0369,loss,-1.0,0.5,0.4979,0.5,,,,,,0.0175,,45.0
2026-09-17,Syracuse @ Pittsburgh,Moneyline,game_ml,Pittsburgh ML,,fanduel,-410.0,315.0,Pass,0.6812,-0.1526,win,0.2439,0.7313,0.7783,0.6812,-400.0,0.777,-0.0013,-0.0335,,0.0025,,17.0
2026-09-17,Syracuse @ Pittsburgh,Moneyline,game_ml,Syracuse ML,,mybookieag,340.0,-461.0,Pass,0.2687,0.1821,loss,-1.0,0.2687,0.2217,0.2687,340.0,0.223,0.0013,-0.0188,,-0.0025,,-17.0
2026-09-17,Syracuse @ Pittsburgh,Spread (ATS),game_ats,Pittsburgh -10.5,-10.5,draftkings,-105.0,-115.0,Pass,0.4852,-0.0528,win,0.9524,0.4852,0.4986,0.4852,-108.0,0.5013,0.0027,-0.0213,0.0,-0.0032,,45.0
2026-09-17,Syracuse @ Pittsburgh,Spread (ATS),game_ats,Syracuse +10.5,10.5,lowvig,-104.0,-108.0,Pass,0.5148,0.0098,loss,-1.0,0.5148,0.5014,0.5148,-108.0,0.4987,-0.0027,-0.0218,0.0,0.0032,,-45.0
2026-09-17,Syracuse @ Pittsburgh,Totals,game_total,Over 51.5,51.5,lowvig,-105.0,-112.0,Pass,0.4274,-0.1657,loss,-1.0,0.4274,0.4977,0.4274,-103.0,0.4924,-0.0053,-0.0386,0.0,0.0019,,16.0
2026-09-17,Syracuse @ Pittsburgh,Totals,game_total,Under 51.5,51.5,draftkings,-108.0,-112.0,Strong buy,0.5726,0.1029,win,0.9259,0.5726,0.5023,0.5726,-110.0,0.5076,0.0053,-0.0224,0.0,-0.0019,,-16.0
2026-09-18,Houston @ Texas Tech,Moneyline,game_ml,Houston ML,,draftkings,260.0,-325.0,Pass,0.3229,0.1626,loss,-1.0,0.3229,0.2713,0.3229,267.0,0.2685,-0.0028,-0.0334,,-0.0079,price_too_long,
2026-09-18,Houston @ Texas Tech,Moneyline,game_ml,Texas Tech ML,,betmgm,-300.0,250.0,Pass,0.6514,-0.1315,win,0.3333,0.6771,0.7287,0.6514,-310.0,0.7315,0.0028,-0.0247,,0.0079,,
2026-09-18,Houston @ Texas Tech,Spread (ATS),game_ats,Houston +7.5,7.5,fanduel,-105.0,-115.0,Pass,0.5065,-0.0112,win,0.9524,0.5065,0.4994,0.5065,-108.0,0.501,0.0016,-0.0219,0.0,-0.0035,,
2026-09-18,Houston @ Texas Tech,Spread (ATS),game_ats,Texas Tech -7.5,-7.5,fanatics,-105.0,-115.0,Pass,0.4935,-0.0365,loss,-1.0,0.4935,0.5006,0.4935,-104.0,0.499,-0.0016,-0.0258,0.0,0.0035,,
2026-09-18,Houston @ Texas Tech,Totals,game_total,Over 52.5,52.5,draftkings,-108.0,-112.0,Pass,0.4435,-0.1458,win,0.9259,0.4435,0.5026,0.4435,-108.0,0.5014,-0.0012,-0.0343,0.0,-0.029,,
2026-09-18,Houston @ Texas Tech,Totals,game_total,Under 52.5,52.5,lowvig,-103.0,-114.0,Strong buy,0.5565,0.0967,loss,-1.0,0.5565,0.4974,0.5565,-104.0,0.4986,0.0012,-0.0173,0.0,0.029,,
2026-09-18,Miami @ Wake Forest,Moneyline,game_ml,Miami ML,,betmgm,-1400.0,950.0,Pass,0.7503,-0.1961,win,0.0714,0.8569,0.9051,0.7503,-1400.0,0.9055,0.0004,-0.0298,,-0.0061,,25.0
2026-09-18,Miami @ Wake Forest,Moneyline,game_ml,Wake Forest ML,,betmgm,950.0,-1400.0,Pass,0.1431,0.5023,loss,-1.0,0.1431,0.0949,0.1431,950.0,0.0945,-0.0004,-0.0077,,0.0061,price_too_long,-25.0
2026-09-18,Miami @ Wake Forest,Spread (ATS),game_ats,Miami -20.5,-20.5,lowvig,-104.0,-108.0,Pass,0.4126,-0.1906,loss,-1.0,0.4126,0.5004,0.4126,-108.0,0.4952,-0.0052,-0.0286,-0.5,-0.0131,,-27.0
2026-09-18,Miami @ Wake Forest,Spread (ATS),game_ats,Wake Forest +20.5,20.5,betrivers,-107.0,-115.0,Pass,0.5874,0.1363,win,0.9346,0.5874,0.4996,0.5874,-104.0,0.5048,0.0052,-0.0234,0.5,0.0131,,27.0
2026-09-18,Miami @ Wake Forest,Totals,game_total,Over 55.5,55.5,betmgm,-105.0,-112.0,Pass,0.2574,-0.4974,loss,-1.0,0.2574,0.4949,0.2574,-105.0,0.5149,0.02,0.0053,0.5,-0.0017,,-40.0
2026-09-18,Miami @ Wake Forest,Totals,game_total,Under 55.5,55.5,williamhill_us,-107.0,-113.0,Pass,0.6874,0.3299,win,0.9346,0.7426,0.5051,0.6874,-105.0,0.4851,-0.02,-0.0615,-0.5,0.0017,,40.0
2026-09-18,Portland State @ Oregon,Spread (ATS),game_ats,Oregon -57.5,-57.5,draftkings,-108.0,-112.0,Pass,0.5013,-0.0344,win,0.9259,0.5013,0.5013,0.5013,-105.0,0.5423,0.041,0.0444,1.5,0.0262,,
2026-09-18,Portland State @ Oregon,Spread (ATS),game_ats,Portland State +57.5,57.5,fanduel,-105.0,-115.0,Pass,0.4987,-0.0264,loss,-1.0,0.4987,0.4987,0.4987,-105.0,0.4577,-0.041,-0.1064,-1.5,-0.0262,,
2026-09-18,Portland State @ Oregon,Totals,game_total,Over 68.5,68.5,betonlineag,-110.0,-110.0,Pass,0.5012,-0.0431,win,0.9091,0.5012,0.5031,0.5012,-109.0,0.5982,0.0951,0.142,3.0,0.0951,,
2026-09-18,Portland State @ Oregon,Totals,game_total,Under 68.5,68.5,betmgm,-105.0,-112.0,Pass,0.4988,-0.0262,loss,-1.0,0.4988,0.4969,0.4988,-103.0,0.4018,-0.0951,-0.2155,-3.0,-0.0951,,
2026-09-19,Akron @ Minnesota,Moneyline,game_ml,Akron ML,,betmgm,1600.0,-3000.0,Pass,0.0943,0.6025,loss,-1.0,0.0943,0.0651,0.0943,1500.0,0.0655,0.0004,0.1135,,0.0003,price_too_long,
2026-09-19,Akron @ Minnesota,Moneyline,game_ml,Minnesota ML,,betmgm,-3000.0,1600.0,Pass,0.9057,-0.0641,win,0.0333,0.9057,0.9349,0.9057,-3000.0,0.9345,-0.0004,-0.0343,,-0.0003,,
2026-09-19,Akron @ Minnesota,Spread (ATS),game_ats,Akron +23.0,23.0,lowvig,-106.0,-106.0,Strong buy,0.5532,0.075,loss,-1.0,0.5532,0.4995,0.5532,-105.0,0.514,0.0145,-0.0011,0.5,0.0337,,
2026-09-19,Akron @ Minnesota,Spread (ATS),game_ats,Minnesota -23.0,-23.0,lowvig,-106.0,-106.0,Pass,0.4469,-0.1316,win,0.9434,0.4469,0.5005,0.4469,-103.0,0.486,-0.0145,-0.0555,-0.5,-0.0337,,
2026-09-19,Akron @ Minnesota,Totals,game_total,Over 49.5,49.5,fanduel,-105.0,-115.0,Pass,0.3403,-0.3356,loss,-1.0,0.3403,0.4984,0.3403,-105.0,0.4955,-0.0029,-0.0326,0.0,0.01,,
2026-09-19,Akron @ Minnesota,Totals,game_total,Under 49.5,49.5,lowvig,-108.0,-108.0,Pass,0.6418,0.2361,win,0.9259,0.6597,0.5016,0.6418,-108.0,0.5045,0.0029,-0.0284,0.0,-0.01,,
2026-09-19,Arkansas State @ TCU,Moneyline,game_ml,Arkansas State ML,,williamhill_us,850.0,-1450.0,Pass,0.1079,0.0253,loss,-1.0,0.1079,0.109,0.1079,850.0,0.1098,0.0008,0.0431,,0.0038,,
2026-09-19,Arkansas State @ TCU,Moneyline,game_ml,TCU ML,,betmgm,-1200.0,825.0,Pass,0.8921,-0.0336,win,0.0833,0.8921,0.891,0.8921,-1200.0,0.8902,-0.0008,-0.0356,,-0.0038,,
2026-09-19,Arkansas State @ TCU,Spread (ATS),game_ats,Arkansas State +18.5,18.5,lowvig,-101.0,-111.0,Pass,0.4816,-0.0415,loss,-1.0,0.4816,0.4898,0.4816,-105.0,0.497,0.0072,-0.0109,0.0,0.0398,,
2026-09-19,Arkansas State @ TCU,Spread (ATS),game_ats,TCU -18.5,-18.5,lowvig,-111.0,-101.0,Pass,0.5184,-0.0146,win,0.9009,0.5184,0.5102,0.5184,-106.0,0.503,-0.0072,-0.0438,0.0,-0.0398,,
2026-09-19,Arkansas State @ TCU,Totals,game_total,Over 56.0,56.0,lowvig,-108.0,-108.0,Moderate buy,0.538,0.0361,loss,-1.0,0.538,0.5,0.538,-108.0,0.5026,0.0026,-0.032,0.0,0.0,,
2026-09-19,Arkansas State @ TCU,Totals,game_total,Under 56.0,56.0,lowvig,-108.0,-108.0,Pass,0.462,-0.1102,win,0.9259,0.462,0.5,0.462,-105.0,0.4974,-0.0026,-0.042,0.0,0.0,,
2026-09-19,BYU @ Colorado State,Moneyline,game_ml,BYU ML,,fanatics,-950.0,650.0,Pass,0.8599,-0.0496,win,0.1053,0.8599,0.8765,0.8599,-950.0,0.8756,-0.0009,-0.0322,,0.0034,,
2026-09-19,BYU @ Colorado State,Moneyline,game_ml,Colorado State ML,,fanduel,760.0,-1300.0,Pass,0.1401,0.2046,loss,-1.0,0.1401,0.1235,0.1401,720.0,0.1244,0.0009,0.0698,,-0.0034,,
2026-09-19,BYU @ Colorado State,Spread (ATS),game_ats,BYU -17.5,-17.5,draftkings,-105.0,-115.0,Pass,0.4646,-0.0929,win,0.9524,0.4646,0.4988,0.4646,-104.0,0.4994,0.0006,-0.025,0.0,-0.004,,
2026-09-19,BYU @ Colorado State,Spread (ATS),game_ats,Colorado State +17.5,17.5,fanduel,-106.0,-114.0,Moderate buy,0.5354,0.0405,loss,-1.0,0.5354,0.5012,0.5354,-106.0,0.5006,-0.0006,-0.0271,0.0,0.004,,
2026-09-19,BYU @ Colorado State,Totals,game_total,Over 52.5,52.5,draftkings,-110.0,-110.0,Pass,0.3992,-0.2379,win,0.9091,0.3992,0.5006,0.3992,-104.0,0.5562,0.0556,0.0618,2.0,0.0036,,
2026-09-19,BYU @ Colorado State,Totals,game_total,Under 52.5,52.5,fanduel,-108.0,-112.0,Pass,0.6008,0.1571,loss,-1.0,0.6008,0.4994,0.6008,-110.0,0.4438,-0.0556,-0.1453,-2.0,-0.0036,,
2026-09-19,Ball State @ Liberty,Moneyline,game_ml,Ball State ML,,betmgm,500.0,-650.0,Pass,0.1601,-0.0393,loss,-1.0,0.1601,0.1666,0.1601,480.0,0.168,0.0014,0.008,,0.0047,,
2026-09-19,Ball State @ Liberty,Moneyline,game_ml,Liberty ML,,draftkings,-650.0,470.0,Pass,0.8399,-0.0309,win,0.1538,0.8399,0.8334,0.8399,-610.0,0.832,-0.0014,-0.04,,-0.0047,,
2026-09-19,Ball State @ Liberty,Spread (ATS),game_ats,Ball State +14.5,14.5,fanduel,-110.0,-110.0,Pass,0.4996,-0.0463,loss,-1.0,0.4996,0.5079,0.4996,-110.0,0.5095,0.0016,-0.0273,0.0,0.0049,,
2026-09-19,Ball State @ Liberty,Spread (ATS),game_ats,Liberty -14.5,-14.5,lowvig,-101.0,-111.0,Pass,0.5004,-0.0041,win,0.9901,0.5004,0.4921,0.5004,-101.0,0.4905,-0.0016,-0.0239,0.0,-0.0049,,
2026-09-19,Ball State @ Liberty,Totals,game_total,Over 49.5,49.5,betmgm,-105.0,-112.0,Pass,0.49,-0.0433,win,0.9524,0.49,0.493,0.49,-105.0,0.493,0.0,-0.0375,0.0,-0.0062,,
2026-09-19,Ball State @ Liberty,Totals,game_total,Under 49.5,49.5,draftkings,-112.0,-108.0,Pass,0.51,-0.0347,loss,-1.0,0.51,0.507,0.51,-112.0,0.507,0.0,-0.0403,0.0,0.0062,,
2026-09-19,Bowling Green @ Iowa State,Moneyline,game_ml,Bowling Green ML,,fanduel,1600.0,-4500.0,Pass,0.0922,0.567,loss,-1.0,0.0922,0.0736,0.0922,1300.0,0.0758,0.0022,0.2886,,0.0005,,
2026-09-19,Bowling Green @ Iowa State,Moneyline,game_ml,Iowa State ML,,bovada,-2200.0,1000.0,Pass,0.9078,-0.0509,win,0.0455,0.9078,0.9264,0.9078,-2200.0,0.9242,-0.0022,-0.0338,,-0.0005,,
2026-09-19,Bowling Green @ Iowa State,Spread (ATS),game_ats,Bowling Green +23.5,23.5,draftkings,100.0,-120.0,Strong buy,0.5615,0.123,loss,-1.0,0.5615,0.4885,0.5615,-108.0,0.5052,0.0167,0.0104,0.0,-0.0083,,
2026-09-19,Bowling Green @ Iowa State,Spread (ATS),game_ats,Iowa State -23.5,-23.5,betmgm,-112.0,-105.0,Pass,0.4385,-0.17,win,0.8929,0.4385,0.5115,0.4385,-101.0,0.4948,-0.0167,-0.0634,0.0,0.0083,,
2026-09-19,Bowling Green @ Iowa State,Totals,game_total,Over 43.5,43.5,betmgm,-110.0,-108.0,Pass,0.3942,-0.2473,win,0.9091,0.3942,0.5088,0.3942,-110.0,0.5084,-0.0004,-0.0294,0.0,-0.0296,,
2026-09-19,Bowling Green @ Iowa State,Totals,game_total,Under 43.5,43.5,lowvig,-103.0,-114.0,Pass,0.6058,0.1939,loss,-1.0,0.6058,0.4912,0.6058,-103.0,0.4916,0.0004,-0.0311,0.0,0.0296,,
2026-09-19,Charlotte @ Appalachian St,Moneyline,game_ml,Appalachian St ML,,betus,-1000.0,650.0,Pass,0.876,-0.0364,win,0.1,0.876,0.882,0.876,-900.0,0.87,-0.012,-0.043,,0.0,,
2026-09-19,Charlotte @ Appalachian St,Moneyline,game_ml,Charlotte ML,,betrivers,800.0,-1667.0,Pass,0.124,0.1163,loss,-1.0,0.124,0.118,0.124,675.0,0.13,0.012,0.17,,-0.0,,
2026-09-19,Charlotte @ Appalachian St,Spread (ATS),game_ats,Appalachian St -17.5,-17.5,lowvig,-101.0,-111.0,Pass,0.4973,-0.0103,loss,-1.0,0.4973,0.4911,0.4973,-106.0,0.4501,-0.041,-0.1043,-2.0,-0.0059,,
2026-09-19,Charlotte @ Appalachian St,Spread (ATS),game_ats,Charlotte +17.5,17.5,betrivers,-110.0,-113.0,Pass,0.5027,-0.0403,win,0.9091,0.5027,0.5089,0.5027,-106.0,0.5499,0.041,0.0498,2.0,0.0059,,
2026-09-19,Charlotte @ Appalachian St,Totals,game_total,Over 53.0,53.0,lowvig,-108.0,-108.0,Pass,0.4963,-0.0441,loss,-1.0,0.4963,0.5,0.4963,-110.0,0.4874,-0.0126,-0.0613,-0.5,0.0501,,
2026-09-19,Charlotte @ Appalachian St,Totals,game_total,Under 53.0,53.0,lowvig,-108.0,-108.0,Pass,0.5037,-0.03,win,0.9259,0.5037,0.5,0.5037,-108.0,0.5126,0.0126,-0.0128,0.5,-0.0501,,
2026-09-19,Coastal Caroli @ Delaware,Moneyline,game_ml,Coastal Caroli ML,,betonlineag,177.0,-205.0,Pass,0.3345,-0.0734,loss,-1.0,0.3345,0.3531,0.3345,180.0,0.3516,-0.0015,-0.0261,,0.0031,,24.0
2026-09-19,Coastal Caroli @ Delaware,Moneyline,game_ml,Delaware ML,,betus,-200.0,170.0,Pass,0.6655,-0.0018,win,0.5,0.6655,0.6469,0.6655,-200.0,0.6484,0.0015,-0.0274,,-0.0031,,-24.0
2026-09-19,Coastal Caroli @ Delaware,Spread (ATS),game_ats,Coastal Caroli +5.0,5.0,lowvig,-104.0,-108.0,Pass,0.4821,-0.0543,loss,-1.0,0.4821,0.4974,0.4821,-105.0,0.4977,0.0003,-0.0237,0.0,-0.0022,,-3.0
2026-09-19,Coastal Caroli @ Delaware,Spread (ATS),game_ats,Delaware -5.0,-5.0,lowvig,-108.0,-104.0,Pass,0.5179,-0.0026,win,0.9259,0.5179,0.5026,0.5179,-106.0,0.5023,-0.0003,-0.0326,0.0,0.0022,,3.0
2026-09-19,Coastal Caroli @ Delaware,Totals,game_total,Over 56.5,56.5,lowvig,-108.0,-108.0,Strong buy,0.5678,0.0935,loss,-1.0,0.5678,0.501,0.5678,-108.0,0.5,-0.001,-0.037,0.0,-0.0307,,15.0
2026-09-19,Coastal Caroli @ Delaware,Totals,game_total,Under 56.5,56.5,draftkings,-108.0,-112.0,Pass,0.4322,-0.1676,win,0.9259,0.4322,0.499,0.4322,-108.0,0.5,0.001,-0.037,0.0,0.0307,,-15.0
2026-09-19,Colorado @ Northwestern,Moneyline,game_ml,Colorado ML,,betrivers,150.0,-190.0,Pass,0.3229,-0.1928,loss,-1.0,0.3229,0.3884,0.3229,157.0,0.3816,-0.0068,-0.046,,0.0154,,
2026-09-19,Colorado @ Northwestern,Moneyline,game_ml,Northwestern ML,,lowvig,-170.0,149.0,Strong buy,0.6771,0.0754,win,0.5882,0.6771,0.6116,0.6771,-175.0,0.6184,0.0068,-0.0178,,-0.0154,,
2026-09-19,Colorado @ Northwestern,Spread (ATS),game_ats,Colorado +3.5,3.5,lowvig,-106.0,-106.0,Pass,0.437,-0.1507,loss,-1.0,0.437,0.5008,0.437,-108.0,0.5049,0.0041,-0.0188,0.0,0.0166,,
2026-09-19,Colorado @ Northwestern,Spread (ATS),game_ats,Northwestern -3.5,-3.5,draftkings,-105.0,-115.0,Strong buy,0.563,0.0991,win,0.9524,0.563,0.4992,0.563,-101.0,0.4951,-0.0041,-0.0334,0.0,-0.0166,,
2026-09-19,Colorado @ Northwestern,Totals,game_total,Over 48.0,48.0,lowvig,-103.0,-114.0,Pass,0.4295,-0.1534,push,0.0,0.4295,0.4921,0.4295,-103.0,0.4932,0.0011,-0.028,0.0,-0.0386,,
2026-09-19,Colorado @ Northwestern,Totals,game_total,Under 48.0,48.0,bovada,-110.0,-110.0,Pass,0.5705,0.089,push,0.0,0.5705,0.5079,0.5705,-110.0,0.5068,-0.0011,-0.0325,0.0,0.0386,,
2026-09-19,Delaware State @ South Florida,Spread (ATS),game_ats,Delaware State +36.5,36.5,bovada,-105.0,-115.0,Pass,0.4977,-0.0283,loss,-1.0,0.4977,0.4959,0.4977,-105.0,0.4961,0.0002,-0.0314,0.0,0.0121,,
2026-09-19,Delaware State @ South Florida,Spread (ATS),game_ats,South Florida -36.5,-36.5,fanduel,-114.0,-106.0,Pass,0.5023,-0.057,win,0.8772,0.5023,0.5041,0.5023,-110.0,0.5039,-0.0002,-0.0541,0.0,-0.0121,,
2026-09-19,Delaware State @ South Florida,Totals,game_total,Over 61.5,61.5,draftkings,-105.0,-115.0,Pass,0.5016,-0.0207,win,0.9524,0.5016,0.4992,0.5016,-110.0,0.4716,-0.0276,-0.0793,-1.0,-0.0315,,
2026-09-19,Delaware State @ South Florida,Totals,game_total,Under 61.5,61.5,fanduel,-106.0,-114.0,Pass,0.4984,-0.0314,loss,-1.0,0.4984,0.5008,0.4984,-105.0,0.5284,0.0276,0.0269,1.0,0.0315,,
2026-09-19,Duquesne @ Washington Sta,Spread (ATS),game_ats,Duquesne +38.5,38.5,draftkings,-105.0,-115.0,Pass,0.4986,-0.0266,loss,-1.0,0.4986,0.4943,0.4986,-114.0,0.5102,0.0159,-0.0039,0.0,-0.0805,,
2026-09-19,Duquesne @ Washington Sta,Spread (ATS),game_ats,Washington Sta -38.5,-38.5,betrivers,-108.0,-115.0,Pass,0.5014,-0.0343,win,0.9259,0.5014,0.5057,0.5014,-105.0,0.4898,-0.0159,-0.0567,0.0,0.0805,,
2026-09-19,Duquesne @ Washington Sta,Totals,game_total,Over 54.5,54.5,betmgm,-105.0,-112.0,Pass,0.4834,-0.0562,win,0.9524,0.4834,0.4979,0.4834,-110.0,0.4149,-0.083,-0.19,-3.0,0.0593,,
2026-09-19,Duquesne @ Washington Sta,Totals,game_total,Under 54.5,54.5,betmgm,-112.0,-105.0,Pass,0.5166,-0.0222,loss,-1.0,0.5166,0.5021,0.5166,-102.0,0.5851,0.083,0.1075,3.0,-0.0593,,
2026-09-19,East Carolina @ Old Dominion,Moneyline,game_ml,East Carolina ML,,betonlineag,125.0,-145.0,Pass,0.4202,-0.0546,win,1.25,0.4202,0.433,0.4202,125.0,0.433,0.0,-0.0257,,0.0051,,
2026-09-19,East Carolina @ Old Dominion,Moneyline,game_ml,Old Dominion ML,,bovada,-140.0,120.0,Pass,0.5798,-0.006,loss,-1.0,0.5798,0.567,0.5798,-140.0,0.567,0.0,-0.028,,-0.0051,,
2026-09-19,East Carolina @ Old Dominion,Spread (ATS),game_ats,East Carolina +2.5,2.5,fanduel,100.0,-122.0,Pass,0.4963,-0.0074,win,1.0,0.4963,0.484,0.4963,-110.0,0.4965,0.0125,-0.007,-0.5,-0.0183,,
2026-09-19,East Carolina @ Old Dominion,Spread (ATS),game_ats,Old Dominion -2.5,-2.5,bovada,-115.0,-105.0,Pass,0.5037,-0.0583,loss,-1.0,0.5037,0.516,0.5037,-101.0,0.5035,-0.0125,-0.0587,0.5,0.0183,,
2026-09-19,East Carolina @ Old Dominion,Totals,game_total,Over 48.0,48.0,lowvig,-119.0,102.0,Pass,0.5222,-0.0391,loss,-1.0,0.5222,0.5226,0.5222,-110.0,0.5204,-0.0022,-0.0423,0.5,-0.0219,,
2026-09-19,East Carolina @ Old Dominion,Totals,game_total,Under 48.0,48.0,lowvig,102.0,-119.0,Pass,0.4778,-0.0347,win,1.02,0.4778,0.4774,0.4778,-105.0,0.4796,0.0022,-0.0312,-0.5,0.0219,,
2026-09-19,East Texas A&M @ Tulsa,Spread (ATS),game_ats,East Texas A&M +41.5,41.5,lowvig,-104.0,-127.0,Pass,0.4942,-0.0305,loss,-1.0,0.4942,0.4807,0.4942,-110.0,0.5125,0.0318,0.0053,0.5,-0.0442,,
2026-09-19,East Texas A&M @ Tulsa,Spread (ATS),game_ats,Tulsa -41.5,-41.5,fanduel,-114.0,-106.0,Pass,0.5058,-0.0506,win,0.8772,0.5058,0.5193,0.5058,-110.0,0.4875,-0.0318,-0.0849,-0.5,0.0442,,
2026-09-19,East Texas A&M @ Tulsa,Totals,game_total,Over 56.5,56.5,draftkings,-108.0,-112.0,Pass,0.495,-0.0468,loss,-1.0,0.495,0.5022,0.495,-105.0,0.4919,-0.0103,-0.0526,0.0,-0.0394,,
2026-09-19,East Texas A&M @ Tulsa,Totals,game_total,Under 56.5,56.5,fanduel,-106.0,-114.0,Pass,0.505,-0.0185,win,0.9434,0.505,0.4978,0.505,-112.0,0.5081,0.0103,-0.0126,0.0,0.0394,,
2026-09-19,Eastern Michig @ Wisconsin,Moneyline,game_ml,Eastern Michig ML,,fanduel,1400.0,-4000.0,Pass,0.121,0.8143,loss,-1.0,0.121,0.075,0.121,1400.0,0.0746,-0.0004,0.119,,0.0068,price_too_long,
2026-09-19,Eastern Michig @ Wisconsin,Moneyline,game_ml,Wisconsin ML,,draftkings,-2400.0,1200.0,Pass,0.879,-0.0843,win,0.0417,0.879,0.925,0.879,-2400.0,0.9254,0.0004,-0.036,,-0.0068,,
2026-09-19,Eastern Michig @ Wisconsin,Spread (ATS),game_ats,Eastern Michig +23.5,23.5,lowvig,-101.0,-111.0,Pass,0.632,0.2578,loss,-1.0,0.6419,0.4935,0.632,-101.0,0.494,0.0005,-0.0169,0.0,0.007,,
2026-09-19,Eastern Michig @ Wisconsin,Spread (ATS),game_ats,Wisconsin -23.5,-23.5,betmgm,-110.0,-108.0,Pass,0.3582,-0.3163,win,0.9091,0.3582,0.5065,0.3582,-110.0,0.506,-0.0005,-0.034,0.0,-0.007,,
2026-09-19,Eastern Michig @ Wisconsin,Totals,game_total,Over 44.5,44.5,lowvig,-108.0,-108.0,Pass,0.3782,-0.2717,win,0.9259,0.3782,0.5044,0.3782,-108.0,0.5039,-0.0005,-0.0295,0.0,-0.0265,,
2026-09-19,Eastern Michig @ Wisconsin,Totals,game_total,Under 44.5,44.5,williamhill_us,-103.0,-118.0,Pass,0.621,0.2239,loss,-1.0,0.6218,0.4956,0.621,-103.0,0.4961,0.0005,-0.0222,0.0,0.0265,,
2026-09-19,Eastern Washin @ Washington,Spread (ATS),game_ats,Eastern Washin +42.5,42.5,betmgm,-108.0,-110.0,Pass,0.4999,-0.0373,win,0.9259,0.4999,0.4998,0.4999,-105.0,0.4957,-0.0041,-0.0453,0.0,-0.0002,,
2026-09-19,Eastern Washin @ Washington,Spread (ATS),game_ats,Washington -42.5,-42.5,fanduel,-110.0,-110.0,Pass,0.5001,-0.0452,loss,-1.0,0.5001,0.5002,0.5001,-110.0,0.5043,0.0041,-0.0372,0.0,0.0002,,
2026-09-19,Eastern Washin @ Washington,Totals,game_total,Over 57.5,57.5,williamhill_us,-109.0,-113.0,Pass,0.5058,-0.0303,win,0.9174,0.5058,0.504,0.5058,-105.0,0.5259,0.0219,0.0084,1.0,0.0347,,
2026-09-19,Eastern Washin @ Washington,Totals,game_total,Under 57.5,57.5,betmgm,-108.0,-110.0,Pass,0.4942,-0.0481,loss,-1.0,0.4942,0.496,0.4942,-110.0,0.4741,-0.0219,-0.0869,-1.0,-0.0347,,
2026-09-19,Florida @ Auburn,Moneyline,game_ml,Auburn ML,,draftkings,110.0,-130.0,Pass,0.4256,-0.1062,loss,-1.0,0.4256,0.4614,0.4256,120.0,0.4545,-0.0069,-0.0455,,0.0225,,
2026-09-19,Florida @ Auburn,Moneyline,game_ml,Florida ML,,williamhill_us,-120.0,100.0,Pass,0.5744,0.053,win,0.8333,0.5744,0.5386,0.5744,-128.0,0.5455,0.0069,0.0001,,-0.0225,,
2026-09-19,Florida @ Auburn,Spread (ATS),game_ats,Auburn +2.5,2.5,williamhill_us,-113.0,-107.0,Pass,0.5012,-0.0552,loss,-1.0,0.5012,0.5097,0.5012,-106.0,0.5026,-0.0071,-0.0526,0.0,0.0211,,
2026-09-19,Florida @ Auburn,Spread (ATS),game_ats,Florida -2.5,-2.5,draftkings,-105.0,-115.0,Pass,0.4988,-0.0262,win,0.9524,0.4988,0.4903,0.4988,-105.0,0.4974,0.0071,-0.0289,0.0,-0.0211,,
2026-09-19,Florida @ Auburn,Totals,game_total,Over 53.5,53.5,draftkings,-105.0,-115.0,Pass,0.2066,-0.5967,win,0.9524,0.2066,0.4941,0.2066,-105.0,0.4983,0.0042,-0.0271,0.0,-0.0041,,
2026-09-19,Florida @ Auburn,Totals,game_total,Under 53.5,53.5,lowvig,-110.0,-106.0,Pass,0.7154,0.3657,loss,-1.0,0.7934,0.5059,0.7154,-108.0,0.5017,-0.0042,-0.0422,0.0,0.0041,,
2026-09-19,Florida Intern @ Florida Atlant,Moneyline,game_ml,Florida Atlant ML,,betmgm,-235.0,200.0,Moderate buy,0.707,0.0078,win,0.4255,0.707,0.6856,0.707,-235.0,0.6822,-0.0034,-0.0275,,-0.0048,,
2026-09-19,Florida Intern @ Florida Atlant,Moneyline,game_ml,Florida Intern ML,,betrivers,215.0,-278.0,Pass,0.293,-0.077,loss,-1.0,0.293,0.3144,0.293,210.0,0.3178,0.0034,0.0011,,0.0048,,
2026-09-19,Florida Intern @ Florida Atlant,Spread (ATS),game_ats,Florida Atlant -6.5,-6.5,lowvig,-107.0,-105.0,Pass,0.5185,0.0031,loss,-1.0,0.5185,0.5061,0.5185,-107.0,0.5024,-0.0037,-0.0281,0.0,-0.0007,,
2026-09-19,Florida Intern @ Florida Atlant,Spread (ATS),game_ats,Florida Intern +6.5,6.5,bovada,100.0,-120.0,Pass,0.4815,-0.037,win,1.0,0.4815,0.4939,0.4815,-105.0,0.4976,0.0037,-0.0048,0.0,0.0007,,
2026-09-19,Florida Intern @ Florida Atlant,Totals,game_total,Over 62.0,62.0,lowvig,-108.0,-108.0,Strong buy,0.5451,0.0498,loss,-1.0,0.5451,0.5,0.5451,-105.0,0.5119,0.0119,-0.0141,0.5,-0.0156,,
2026-09-19,Florida Intern @ Florida Atlant,Totals,game_total,Under 62.0,62.0,lowvig,-108.0,-108.0,Pass,0.4549,-0.1239,win,0.9259,0.4549,0.5,0.4549,-110.0,0.4881,-0.0119,-0.06,-0.5,0.0156,,
2026-09-19,Florida State @ Alabama,Moneyline,game_ml,Alabama ML,,draftkings,-1350.0,800.0,Pass,0.8651,-0.0709,win,0.0741,0.8651,0.8979,0.8651,-1350.0,0.897,-0.0009,-0.0366,,-0.0014,,
2026-09-19,Florida State @ Alabama,Moneyline,game_ml,Florida State ML,,betmgm,900.0,-1400.0,Pass,0.1349,0.3494,loss,-1.0,0.1349,0.1021,0.1349,950.0,0.103,0.0009,0.03,,0.0014,price_too_long,
2026-09-19,Florida State @ Alabama,Spread (ATS),game_ats,Alabama -19.5,-19.5,fanduel,-106.0,-114.0,Pass,0.4248,-0.1744,loss,-1.0,0.4248,0.4987,0.4248,-108.0,0.4756,-0.0231,-0.0757,-1.0,-0.0258,,
2026-09-19,Florida State @ Alabama,Spread (ATS),game_ats,Florida State +19.5,19.5,lowvig,-106.0,-106.0,Strong buy,0.5752,0.1178,win,0.9434,0.5752,0.5013,0.5752,-108.0,0.5244,0.0231,0.0191,1.0,0.0258,,
2026-09-19,Florida State @ Alabama,Totals,game_total,Over 49.5,49.5,betrivers,-112.0,-112.0,Pass,0.3387,-0.359,win,0.8929,0.3387,0.5069,0.3387,-110.0,0.5069,0.0,-0.0405,0.0,0.0032,,
2026-09-19,Florida State @ Alabama,Totals,game_total,Under 49.5,49.5,fanduel,-106.0,-114.0,Pass,0.6427,0.2491,loss,-1.0,0.6613,0.4931,0.6427,-104.0,0.4931,0.0,-0.0417,0.0,-0.0032,,
2026-09-19,Fresno State @ San Jose State,Moneyline,game_ml,Fresno State ML,,draftkings,-230.0,190.0,Pass,0.6832,-0.0198,win,0.4348,0.6832,0.6748,0.6832,-185.0,0.6402,-0.0346,-0.0815,,-0.0163,,
2026-09-19,Fresno State @ San Jose State,Moneyline,game_ml,San Jose State ML,,betrivers,210.0,-278.0,Pass,0.3168,-0.0178,loss,-1.0,0.3168,0.3252,0.3168,180.0,0.3598,0.0346,0.1154,,0.0163,,
2026-09-19,Fresno State @ San Jose State,Spread (ATS),game_ats,Fresno State -6.5,-6.5,lowvig,-101.0,-111.0,Pass,0.4992,-0.0064,win,0.9901,0.4992,0.4947,0.4992,-105.0,0.4508,-0.0439,-0.1029,-2.0,-0.0131,,
2026-09-19,Fresno State @ San Jose State,Spread (ATS),game_ats,San Jose State +6.5,6.5,fanduel,-110.0,-110.0,Pass,0.5008,-0.044,loss,-1.0,0.5008,0.5053,0.5008,-105.0,0.5492,0.0439,0.0485,2.0,0.0131,,
2026-09-19,Fresno State @ San Jose State,Totals,game_total,Over 49.5,49.5,betmgm,-110.0,-108.0,Pass,0.3818,-0.2711,loss,-1.0,0.3818,0.5075,0.3818,-105.0,0.468,-0.0395,-0.1065,-1.0,-0.0169,,
2026-09-19,Fresno State @ San Jose State,Totals,game_total,Under 49.5,49.5,bovada,-105.0,-115.0,Pass,0.6182,0.2069,win,0.9524,0.6182,0.4925,0.6182,-106.0,0.532,0.0395,0.0387,1.0,0.0169,,
2026-09-19,Georgia @ Arkansas,Moneyline,game_ml,Arkansas ML,,betmgm,1550.0,-3000.0,Pass,0.0615,0.0145,loss,-1.0,0.0615,0.0664,0.0615,1550.0,0.0664,0.0,0.0956,,0.0006,,
2026-09-19,Georgia @ Arkansas,Moneyline,game_ml,Georgia ML,,fanatics,-2800.0,1400.0,Pass,0.9385,-0.028,win,0.0357,0.9385,0.9336,0.9385,-2800.0,0.9336,0.0,-0.0331,,-0.0006,,
2026-09-19,Georgia @ Arkansas,Spread (ATS),game_ats,Arkansas +24.5,24.5,lowvig,-101.0,-111.0,Pass,0.4626,-0.0793,loss,-1.0,0.4626,0.4932,0.4626,-101.0,0.4912,-0.002,-0.0225,0.0,0.0236,,
2026-09-19,Georgia @ Arkansas,Spread (ATS),game_ats,Georgia -24.5,-24.5,betmgm,-110.0,-108.0,Moderate buy,0.5374,0.0259,win,0.9091,0.5374,0.5068,0.5374,-111.0,0.5088,0.002,-0.0287,0.0,-0.0236,,
2026-09-19,Georgia @ Arkansas,Totals,game_total,Over 54.5,54.5,betrivers,-112.0,-112.0,Pass,0.6427,0.2165,win,0.8929,0.6612,0.5097,0.6427,-112.0,0.5101,0.0004,-0.0345,0.0,0.0117,,
2026-09-19,Georgia @ Arkansas,Totals,game_total,Under 54.5,54.5,draftkings,-102.0,-118.0,Pass,0.3388,-0.3291,loss,-1.0,0.3388,0.4903,0.3388,-102.0,0.4899,-0.0004,-0.0298,0.0,-0.0117,,
2026-09-19,Georgia Southe @ Jacksonville S,Moneyline,game_ml,Georgia Southe ML,,lowvig,145.0,-165.0,Pass,0.4152,0.0172,loss,-1.0,0.4152,0.404,0.4152,153.0,0.3912,-0.0128,-0.0416,,0.0,,
2026-09-19,Georgia Southe @ Jacksonville S,Moneyline,game_ml,Jacksonville S ML,,betus,-155.0,134.0,Pass,0.5848,-0.0379,win,0.6452,0.5848,0.596,0.5848,-162.0,0.6088,0.0128,0.0016,,-0.0,,
2026-09-19,Georgia Southe @ Jacksonville S,Spread (ATS),game_ats,Georgia Southe +3.0,3.0,bovada,100.0,-120.0,Pass,0.5033,0.0066,loss,-1.0,0.5033,0.4883,0.5033,-106.0,0.4901,0.0018,-0.0198,-0.5,-0.0079,,
2026-09-19,Georgia Southe @ Jacksonville S,Spread (ATS),game_ats,Jacksonville S -3.0,-3.0,betus,-110.0,-110.0,Pass,0.4967,-0.0518,win,0.9091,0.4967,0.5117,0.4967,-105.0,0.5099,-0.0018,-0.0266,0.5,0.0079,,
2026-09-19,Georgia Southe @ Jacksonville S,Totals,game_total,Over 52.5,52.5,betmgm,-108.0,-110.0,Strong buy,0.5765,0.1102,win,0.9259,0.5765,0.5013,0.5765,-108.0,0.4996,-0.0017,-0.0378,0.0,-0.001,,
2026-09-19,Georgia Southe @ Jacksonville S,Totals,game_total,Under 52.5,52.5,draftkings,-108.0,-112.0,Pass,0.4235,-0.1843,loss,-1.0,0.4235,0.4987,0.4235,-108.0,0.5004,0.0017,-0.0363,0.0,0.001,,
2026-09-19,Georgia State @ UCF,Moneyline,game_ml,Georgia State ML,,betmgm,750.0,-1100.0,Pass,0.0955,-0.1886,loss,-1.0,0.0955,0.1206,0.0955,750.0,0.1201,-0.0005,0.0208,,0.0082,,
2026-09-19,Georgia State @ UCF,Moneyline,game_ml,UCF ML,,draftkings,-1050.0,675.0,Pass,0.9045,-0.0093,win,0.0952,0.9045,0.8794,0.9045,-1100.0,0.8799,0.0005,-0.0363,,-0.0082,,
2026-09-19,Georgia State @ UCF,Spread (ATS),game_ats,Georgia State +17.5,17.5,bovada,-110.0,-110.0,Pass,0.4237,-0.1911,win,0.9091,0.4237,0.5095,0.4237,-110.0,0.5068,-0.0027,-0.0325,0.0,0.0343,,
2026-09-19,Georgia State @ UCF,Spread (ATS),game_ats,UCF -17.5,-17.5,lowvig,-101.0,-111.0,Pass,0.5763,0.1469,loss,-1.0,0.5763,0.4905,0.5763,-101.0,0.4932,0.0027,-0.0185,0.0,-0.0343,,
2026-09-19,Georgia State @ UCF,Totals,game_total,Over 50.0,50.0,lowvig,-108.0,-108.0,Pass,0.5351,0.0305,win,0.9259,0.5351,0.5009,0.5351,-108.0,0.5008,-0.0001,-0.0355,0.0,-0.0498,,
2026-09-19,Georgia State @ UCF,Totals,game_total,Under 50.0,50.0,lowvig,-108.0,-108.0,Pass,0.4649,-0.1046,loss,-1.0,0.4649,0.4991,0.4649,-108.0,0.4992,0.0001,-0.0386,0.0,0.0498,,
2026-09-19,James Madison @ San Diego Stat,Moneyline,game_ml,James Madison ML,,betus,105.0,-125.0,Pass,0.4561,-0.065,win,1.05,0.4561,0.4754,0.4561,110.0,0.4638,-0.0116,-0.0492,,0.0265,,
2026-09-19,James Madison @ San Diego Stat,Moneyline,game_ml,San Diego Stat ML,,draftkings,-120.0,100.0,Pass,0.5439,-0.0029,loss,-1.0,0.5439,0.5246,0.5439,-122.0,0.5362,0.0116,-0.017,,-0.0265,,
2026-09-19,James Madison @ San Diego Stat,Spread (ATS),game_ats,James Madison +1.5,1.5,lowvig,-104.0,-108.0,Pass,0.5007,-0.0179,win,0.9615,0.5007,0.4958,0.5007,-105.0,0.4843,-0.0115,-0.05,-0.5,0.0263,,
2026-09-19,James Madison @ San Diego Stat,Spread (ATS),game_ats,San Diego Stat -1.5,-1.5,lowvig,-108.0,-104.0,Pass,0.4993,-0.0383,loss,-1.0,0.4993,0.5042,0.4993,-110.0,0.5157,0.0115,-0.0068,0.5,-0.0263,,
2026-09-19,James Madison @ San Diego Stat,Totals,game_total,Over 46.5,46.5,lowvig,-103.0,-114.0,Pass,0.4978,-0.0189,loss,-1.0,0.4978,0.4923,0.4978,-103.0,0.4932,0.0009,-0.028,0.0,-0.0082,,
2026-09-19,James Madison @ San Diego Stat,Totals,game_total,Under 46.5,46.5,draftkings,-110.0,-110.0,Pass,0.5022,-0.0413,win,0.9091,0.5022,0.5077,0.5022,-110.0,0.5068,-0.0009,-0.0325,0.0,0.0082,,
2026-09-19,Kansas @ Arizona State,Moneyline,game_ml,Arizona State ML,,williamhill_us,-200.0,165.0,Strong buy,0.6954,0.0431,win,0.5,0.6954,0.6494,0.6954,-200.0,0.6531,0.0037,-0.0203,,-0.0067,,
2026-09-19,Kansas @ Arizona State,Moneyline,game_ml,Kansas ML,,lowvig,183.0,-215.0,Pass,0.3046,-0.1381,loss,-1.0,0.3046,0.3506,0.3046,188.0,0.3469,-0.0037,-0.0183,,0.0067,,
2026-09-19,Kansas @ Arizona State,Spread (ATS),game_ats,Arizona State -5.5,-5.5,lowvig,-103.0,-109.0,Moderate buy,0.5331,0.0507,win,0.9709,0.5331,0.4972,0.5331,-103.0,0.4968,-0.0004,-0.0209,0.0,-0.0074,,
2026-09-19,Kansas @ Arizona State,Spread (ATS),game_ats,Kansas +5.5,5.5,williamhill_us,-108.0,-112.0,Pass,0.4669,-0.1008,loss,-1.0,0.4669,0.5028,0.4669,-108.0,0.5032,0.0004,-0.0309,0.0,0.0074,,
2026-09-19,Kansas @ Arizona State,Totals,game_total,Over 50.5,50.5,williamhill_us,-106.0,-114.0,Pass,0.5306,0.0313,loss,-1.0,0.5306,0.501,0.5306,-106.0,0.5106,0.0096,-0.0077,0.0,-0.0313,,
2026-09-19,Kansas @ Arizona State,Totals,game_total,Under 50.5,50.5,betmgm,-102.0,-115.0,Pass,0.4694,-0.0705,win,0.9804,0.4694,0.499,0.4694,102.0,0.4894,-0.0096,-0.0308,0.0,0.0313,,
2026-09-19,Kennesaw State @ Tennessee,Moneyline,game_ml,Kennesaw State ML,,betmgm,4000.0,-20000.0,Pass,0.0394,0.6143,loss,-1.0,0.0394,0.033,0.0394,4000.0,0.0394,0.0064,0.6154,,0.0146,,
2026-09-19,Kennesaw State @ Tennessee,Moneyline,game_ml,Tennessee ML,,draftkings,-8000.0,2200.0,Pass,0.9606,-0.0274,win,0.0125,0.9606,0.967,0.9606,-8000.0,0.9606,-0.0064,-0.0274,,-0.0146,,
2026-09-19,Kennesaw State @ Tennessee,Spread (ATS),game_ats,Kennesaw State +35.5,35.5,betmgm,-110.0,-108.0,Pass,0.5953,0.1365,win,0.9091,0.5953,0.507,0.5953,-110.0,0.5065,-0.0005,-0.033,0.0,0.0057,,
2026-09-19,Kennesaw State @ Tennessee,Spread (ATS),game_ats,Tennessee -35.5,-35.5,fanduel,-105.0,-115.0,Pass,0.4047,-0.2099,loss,-1.0,0.4047,0.493,0.4047,-105.0,0.4935,0.0005,-0.0365,0.0,-0.0057,,
2026-09-19,Kennesaw State @ Tennessee,Totals,game_total,Over 61.0,61.0,lowvig,-103.0,-114.0,Strong buy,0.5598,0.1033,loss,-1.0,0.5598,0.4916,0.5598,-103.0,0.4945,0.0029,-0.0254,0.0,0.036,,
2026-09-19,Kennesaw State @ Tennessee,Totals,game_total,Under 61.0,61.0,fanatics,-110.0,-110.0,Pass,0.4402,-0.1596,win,0.9091,0.4402,0.5084,0.4402,-110.0,0.5055,-0.0029,-0.035,0.0,-0.036,,
2026-09-19,Kent State @ Ohio State,Spread (ATS),game_ats,Kent State +52.5,52.5,williamhill_us,-110.0,-110.0,Pass,0.606,0.157,loss,-1.0,0.606,0.5061,0.606,-109.0,0.5158,0.0097,-0.0153,0.5,0.0085,,
2026-09-19,Kent State @ Ohio State,Spread (ATS),game_ats,Ohio State -52.5,-52.5,draftkings,-105.0,-115.0,Pass,0.394,-0.2309,win,0.9524,0.394,0.4939,0.394,-103.0,0.4842,-0.0097,-0.0547,-0.5,-0.0085,,
2026-09-19,Kent State @ Ohio State,Totals,game_total,Over 59.0,59.0,lowvig,-108.0,-108.0,Moderate buy,0.5219,0.005,win,0.9259,0.5219,0.5009,0.5219,-105.0,0.5084,0.0075,-0.0209,0.5,-0.0111,,
2026-09-19,Kent State @ Ohio State,Totals,game_total,Under 59.0,59.0,lowvig,-108.0,-108.0,Pass,0.4781,-0.0791,loss,-1.0,0.4781,0.4991,0.4781,-110.0,0.4916,-0.0075,-0.0532,-0.5,0.0111,,
2026-09-19,Kentucky @ Texas A&M,Moneyline,game_ml,Kentucky ML,,fanduel,680.0,-1100.0,Pass,0.1167,-0.0897,win,6.8,0.1167,0.1362,0.1167,613.0,0.1409,0.0047,0.099,,-0.0054,,
2026-09-19,Kentucky @ Texas A&M,Moneyline,game_ml,Texas A&M ML,,draftkings,-850.0,575.0,Pass,0.8833,-0.0128,loss,-1.0,0.8833,0.8638,0.8833,-800.0,0.8591,-0.0047,-0.0398,,0.0054,,
2026-09-19,Kentucky @ Texas A&M,Spread (ATS),game_ats,Kentucky +16.5,16.5,fanduel,100.0,-122.0,Pass,0.4568,-0.0863,win,1.0,0.4568,0.4851,0.4568,-101.0,0.4942,0.0091,-0.0116,0.0,0.0003,,
2026-09-19,Kentucky @ Texas A&M,Spread (ATS),game_ats,Texas A&M -16.5,-16.5,lowvig,-111.0,-101.0,Pass,0.5432,0.0325,loss,-1.0,0.5432,0.5149,0.5432,-105.0,0.5058,-0.0091,-0.0385,0.0,-0.0003,,
2026-09-19,Kentucky @ Texas A&M,Totals,game_total,Over 49.5,49.5,betus,-110.0,-110.0,Pass,0.4691,-0.1045,win,0.9091,0.4691,0.5073,0.4691,-110.0,0.5034,-0.0039,-0.039,0.0,-0.0081,,
2026-09-19,Kentucky @ Texas A&M,Totals,game_total,Under 49.5,49.5,williamhill_us,-104.0,-117.0,Moderate buy,0.5309,0.0414,loss,-1.0,0.5309,0.4927,0.5309,-104.0,0.4966,0.0039,-0.0259,0.0,0.0081,,
2026-09-19,LSU @ Ole Miss,Moneyline,game_ml,LSU ML,,betus,-145.0,125.0,Pass,0.7036,0.1888,loss,-1.0,0.7036,0.58,0.7036,-144.0,0.5755,-0.0045,-0.0276,,0.002,,
2026-09-19,LSU @ Ole Miss,Moneyline,game_ml,Ole Miss ML,,bovada,135.0,-160.0,Pass,0.2964,-0.3034,win,1.35,0.2964,0.42,0.2964,130.0,0.4245,0.0045,-0.0024,,-0.002,,
2026-09-19,LSU @ Ole Miss,Spread (ATS),game_ats,LSU -3.0,-3.0,betonlineag,-102.0,-118.0,Pass,0.6022,0.1927,loss,-1.0,0.6022,0.4968,0.6022,100.0,0.49,-0.0068,-0.0296,0.0,0.0041,,
2026-09-19,LSU @ Ole Miss,Spread (ATS),game_ats,Ole Miss +3.0,3.0,betus,-105.0,-115.0,Pass,0.3977,-0.2234,win,0.9524,0.3977,0.5032,0.3977,-110.0,0.51,0.0068,-0.0043,0.0,-0.0041,,
2026-09-19,LSU @ Ole Miss,Totals,game_total,Over 58.5,58.5,draftkings,-108.0,-112.0,Pass,0.2107,-0.5943,loss,-1.0,0.2107,0.5016,0.2107,-108.0,0.503,0.0014,-0.0313,0.0,-0.0075,,
2026-09-19,LSU @ Ole Miss,Totals,game_total,Under 58.5,58.5,betonlineag,-105.0,-115.0,Pass,0.7131,0.3923,win,0.9524,0.7893,0.4984,0.7131,-105.0,0.497,-0.0014,-0.0297,0.0,0.0075,,
2026-09-19,Louisiana Tech @ Baylor,Moneyline,game_ml,Baylor ML,,bovada,-1100.0,650.0,Pass,0.8396,-0.0841,win,0.0909,0.8396,0.8911,0.8396,-1200.0,0.8911,0.0,-0.0279,,0.0129,,
2026-09-19,Louisiana Tech @ Baylor,Moneyline,game_ml,Louisiana Tech ML,,fanduel,890.0,-1700.0,Pass,0.1604,0.5882,loss,-1.0,0.1604,0.1089,0.1604,860.0,0.1089,0.0,0.0781,,-0.0129,price_too_long,
2026-09-19,Louisiana Tech @ Baylor,Spread (ATS),game_ats,Baylor -19.5,-19.5,lowvig,-106.0,-106.0,Pass,0.3757,-0.2698,loss,-1.0,0.3757,0.5021,0.3757,-108.0,0.511,0.0089,-0.0069,0.5,0.0047,,
2026-09-19,Louisiana Tech @ Baylor,Spread (ATS),game_ats,Louisiana Tech +19.5,19.5,draftkings,-105.0,-115.0,Pass,0.6224,0.2151,win,0.9524,0.6243,0.4979,0.6224,-110.0,0.489,-0.0089,-0.0453,-0.5,-0.0047,,
2026-09-19,Louisiana Tech @ Baylor,Totals,game_total,Over 48.5,48.5,bovada,-110.0,-110.0,Pass,0.6751,0.2887,win,0.9091,0.7201,0.5108,0.6751,-107.0,0.5584,0.0476,0.066,2.0,-0.143,,
2026-09-19,Louisiana Tech @ Baylor,Totals,game_total,Under 48.5,48.5,williamhill_us,-102.0,-120.0,Pass,0.2799,-0.4457,loss,-1.0,0.2799,0.4892,0.2799,-108.0,0.4416,-0.0476,-0.1255,-2.0,0.143,,
2026-09-19,Marshall @ Missouri State,Moneyline,game_ml,Marshall ML,,williamhill_us,-182.0,153.0,Pass,0.5872,-0.0902,win,0.5495,0.5872,0.6268,0.5872,-182.0,0.6304,0.0036,-0.0232,,0.023,,
2026-09-19,Marshall @ Missouri State,Moneyline,game_ml,Missouri State ML,,betonlineag,164.0,-188.0,Moderate buy,0.4128,0.0898,loss,-1.0,0.4128,0.3732,0.4128,164.0,0.3696,-0.0036,-0.0243,,-0.023,,
2026-09-19,Marshall @ Missouri State,Spread (ATS),game_ats,Marshall -4.0,-4.0,lowvig,-106.0,-106.0,Pass,0.474,-0.0787,win,0.9434,0.474,0.5015,0.474,-106.0,0.5014,-0.0001,-0.0256,0.0,0.0184,,
2026-09-19,Marshall @ Missouri State,Spread (ATS),game_ats,Missouri State +4.0,4.0,lowvig,-106.0,-106.0,Moderate buy,0.526,0.0221,loss,-1.0,0.526,0.4985,0.526,-106.0,0.4986,0.0001,-0.031,0.0,-0.0184,,
2026-09-19,Marshall @ Missouri State,Totals,game_total,Over 53.5,53.5,lowvig,-103.0,-114.0,Pass,0.5713,0.1259,win,0.9709,0.5713,0.4936,0.5713,-110.0,0.4744,-0.0192,-0.065,-1.0,0.0396,,
2026-09-19,Marshall @ Missouri State,Totals,game_total,Under 53.5,53.5,betmgm,-108.0,-110.0,Pass,0.4287,-0.1743,loss,-1.0,0.4287,0.5064,0.4287,-105.0,0.5256,0.0192,0.0123,1.0,-0.0396,,
2026-09-19,Mercer @ Georgia Tech,Spread (ATS),game_ats,Georgia Tech -38.5,-38.5,betmgm,-110.0,-108.0,Pass,0.5011,-0.0434,loss,-1.0,0.5011,0.5042,0.5011,-105.0,0.5027,-0.0015,-0.0403,0.0,-0.0207,,
2026-09-19,Mercer @ Georgia Tech,Spread (ATS),game_ats,Mercer +38.5,38.5,draftkings,-105.0,-115.0,Pass,0.4989,-0.0259,win,0.9524,0.4989,0.4958,0.4989,-105.0,0.4973,0.0015,-0.0291,0.0,0.0207,,
2026-09-19,Mercer @ Georgia Tech,Totals,game_total,Over 59.5,59.5,fanduel,-106.0,-114.0,Pass,0.5007,-0.0269,loss,-1.0,0.5007,0.495,0.5007,-105.0,0.4405,-0.0545,-0.1439,-2.0,-0.0357,,
2026-09-19,Mercer @ Georgia Tech,Totals,game_total,Under 59.5,59.5,bovada,-105.0,-115.0,Pass,0.4993,-0.0252,win,0.9524,0.4993,0.505,0.4993,-102.0,0.5595,0.0545,0.0924,2.0,0.0357,,
2026-09-19,Miami (OH) @ Cincinnati,Moneyline,game_ml,Cincinnati ML,,draftkings,-700.0,500.0,Pass,0.8526,-0.0256,win,0.1429,0.8526,0.8457,0.8526,-600.0,0.836,-0.0097,-0.0446,,0.0052,,
2026-09-19,Miami (OH) @ Cincinnati,Moneyline,game_ml,Miami (OH) ML,,fanduel,550.0,-820.0,Pass,0.1474,-0.0417,loss,-1.0,0.1474,0.1543,0.1474,530.0,0.164,0.0097,0.066,,-0.0052,,
2026-09-19,Miami (OH) @ Cincinnati,Spread (ATS),game_ats,Cincinnati -15.5,-15.5,betmgm,-108.0,-110.0,Pass,0.4999,-0.0373,loss,-1.0,0.4999,0.5005,0.4999,-105.0,0.4728,-0.0277,-0.0894,-1.0,0.0236,,
2026-09-19,Miami (OH) @ Cincinnati,Spread (ATS),game_ats,Miami (OH) +15.5,15.5,draftkings,-108.0,-112.0,Pass,0.5001,-0.0368,win,0.9259,0.5001,0.4995,0.5001,-106.0,0.5272,0.0277,0.0153,1.0,-0.0236,,
2026-09-19,Miami (OH) @ Cincinnati,Totals,game_total,Over 49.5,49.5,lowvig,-103.0,-114.0,Pass,0.4728,-0.0683,win,0.9709,0.4728,0.494,0.4728,-106.0,0.5285,0.0345,0.0416,1.0,-0.0389,,
2026-09-19,Miami (OH) @ Cincinnati,Totals,game_total,Under 49.5,49.5,fanduel,-110.0,-110.0,Pass,0.5272,0.0066,loss,-1.0,0.5272,0.506,0.5272,-110.0,0.4715,-0.0345,-0.0999,-1.0,0.0389,,
2026-09-19,Michigan State @ Notre Dame,Moneyline,game_ml,Michigan State ML,,betmgm,2500.0,-10000.0,Pass,0.0594,0.5446,loss,-1.0,0.0594,0.0469,0.0594,2200.0,0.0507,0.0038,0.3182,,-0.0009,,
2026-09-19,Michigan State @ Notre Dame,Moneyline,game_ml,Notre Dame ML,,draftkings,-5000.0,1800.0,Pass,0.9406,-0.0406,win,0.02,0.9406,0.9531,0.9406,-5000.0,0.9493,-0.0038,-0.0317,,0.0009,,
2026-09-19,Michigan State @ Notre Dame,Spread (ATS),game_ats,Michigan State +29.5,29.5,lowvig,-106.0,-106.0,Strong buy,0.5785,0.1242,win,0.9434,0.5785,0.5001,0.5785,-106.0,0.5125,0.0124,-0.004,0.5,-0.0047,,
2026-09-19,Michigan State @ Notre Dame,Spread (ATS),game_ats,Notre Dame -29.5,-29.5,lowvig,-106.0,-106.0,Pass,0.4215,-0.1808,loss,-1.0,0.4215,0.4999,0.4215,-106.0,0.4875,-0.0124,-0.0526,-0.5,0.0047,,
2026-09-19,Michigan State @ Notre Dame,Totals,game_total,Over 52.0,52.0,lowvig,-108.0,-108.0,Pass,0.515,-0.0082,loss,-1.0,0.515,0.5,0.515,-105.0,0.4849,-0.0151,-0.0661,-0.5,-0.0117,,
2026-09-19,Michigan State @ Notre Dame,Totals,game_total,Under 52.0,52.0,lowvig,-108.0,-108.0,Pass,0.485,-0.0659,win,0.9259,0.485,0.5,0.485,-105.0,0.5151,0.0151,-0.008,0.5,0.0117,,
2026-09-19,Mississippi St @ South Carolina,Moneyline,game_ml,Mississippi St ML,,bovada,155.0,-180.0,Pass,0.2873,-0.2674,win,1.55,0.2873,0.3828,0.2873,146.0,0.3945,0.0117,0.006,,0.0001,,
2026-09-19,Mississippi St @ South Carolina,Moneyline,game_ml,South Carolina ML,,lowvig,-175.0,153.0,Pass,0.7127,0.12,loss,-1.0,0.7127,0.6172,0.7127,-161.0,0.6055,-0.0117,-0.0485,,-0.0001,,
2026-09-19,Mississippi St @ South Carolina,Spread (ATS),game_ats,Mississippi St +4.0,4.0,betmgm,-110.0,-108.0,Pass,0.4121,-0.2134,win,0.9091,0.4121,0.5056,0.4121,-109.0,0.5198,0.0142,-0.0077,0.5,0.0022,,
2026-09-19,Mississippi St @ South Carolina,Spread (ATS),game_ats,South Carolina -4.0,-4.0,bovada,-105.0,-115.0,Pass,0.5879,0.1479,loss,-1.0,0.5879,0.4944,0.5879,103.0,0.4802,-0.0142,-0.0625,-0.5,-0.0022,,
2026-09-19,Mississippi St @ South Carolina,Totals,game_total,Over 58.5,58.5,lowvig,-108.0,-108.0,Pass,0.3401,-0.345,win,0.9259,0.3401,0.5012,0.3401,-110.0,0.5166,0.0154,-0.0051,0.5,-0.0317,,
2026-09-19,Mississippi St @ South Carolina,Totals,game_total,Under 58.5,58.5,draftkings,-108.0,-112.0,Pass,0.642,0.2364,loss,-1.0,0.6599,0.4988,0.642,-106.0,0.4834,-0.0154,-0.069,-0.5,0.0317,,
2026-09-19,Montana @ Oregon State,Moneyline,game_ml,Montana ML,,draftkings,600.0,-900.0,Pass,0.1291,-0.0964,loss,-1.0,0.1291,0.1408,0.1291,680.0,0.1354,-0.0054,-0.0522,,-0.0188,,
2026-09-19,Montana @ Oregon State,Moneyline,game_ml,Oregon State ML,,fanduel,-780.0,530.0,Pass,0.8709,-0.0174,win,0.1282,0.8709,0.8592,0.8709,-850.0,0.8646,0.0054,-0.0246,,0.0188,,
2026-09-19,Montana @ Oregon State,Spread (ATS),game_ats,Montana +17.0,17.0,betrivers,-109.0,-114.0,Pass,0.4986,-0.0439,loss,-1.0,0.4986,0.5047,0.4986,-110.0,0.4912,-0.0135,-0.0582,-0.5,-0.0576,,
2026-09-19,Montana @ Oregon State,Spread (ATS),game_ats,Oregon State -17.0,-17.0,lowvig,-110.0,-120.0,Pass,0.5014,-0.0428,win,0.9091,0.5014,0.4953,0.5014,-105.0,0.5088,0.0135,-0.0287,0.5,0.0576,,
2026-09-19,Montana @ Oregon State,Totals,game_total,Over 54.0,54.0,betrivers,-109.0,-114.0,Pass,0.5003,-0.0407,win,0.9174,0.5003,0.4912,0.5003,-110.0,0.5683,0.0771,0.0897,2.0,0.0065,,
2026-09-19,Montana @ Oregon State,Totals,game_total,Under 54.0,54.0,betrivers,-114.0,-109.0,Pass,0.4997,-0.062,loss,-1.0,0.4997,0.5088,0.4997,-105.0,0.4317,-0.0771,-0.1896,-2.0,-0.0065,,
2026-09-19,Murray State @ Oklahoma State,Spread (ATS),game_ats,Murray State +55.5,55.5,fanduel,100.0,-122.0,Pass,0.4991,-0.0018,loss,-1.0,0.4991,0.4937,0.4991,-105.0,0.5016,0.0079,0.0032,0.5,-0.0063,,
2026-09-19,Murray State @ Oklahoma State,Spread (ATS),game_ats,Oklahoma State -55.5,-55.5,betrivers,-112.0,-112.0,Pass,0.5009,-0.0519,win,0.8929,0.5009,0.5063,0.5009,-115.0,0.4984,-0.0079,-0.0566,-0.5,0.0063,,
2026-09-19,Murray State @ Oklahoma State,Totals,game_total,Over 70.5,70.5,draftkings,-108.0,-112.0,Pass,0.5007,-0.0356,loss,-1.0,0.5007,0.5008,0.5007,-108.0,0.5046,0.0038,-0.0282,0.0,0.0315,,
2026-09-19,Murray State @ Oklahoma State,Totals,game_total,Under 70.5,70.5,fanduel,-106.0,-114.0,Pass,0.4993,-0.0297,win,0.9434,0.4993,0.4992,0.4993,-105.0,0.4954,-0.0038,-0.0372,0.0,-0.0315,,
2026-09-19,NC State @ Vanderbilt,Moneyline,game_ml,NC State ML,,betonlineag,140.0,-160.0,Moderate buy,0.438,0.0512,loss,-1.0,0.438,0.4081,0.438,140.0,0.406,-0.0021,-0.0256,,0.0129,,
2026-09-19,NC State @ Vanderbilt,Moneyline,game_ml,Vanderbilt ML,,fanduel,-154.0,128.0,Pass,0.562,-0.0731,win,0.6494,0.562,0.5919,0.562,-160.0,0.594,0.0021,-0.0203,,-0.0129,,
2026-09-19,NC State @ Vanderbilt,Spread (ATS),game_ats,NC State +3.0,3.0,lowvig,-101.0,-111.0,Moderate buy,0.5206,0.0361,loss,-1.0,0.5206,0.4882,0.5206,-101.0,0.4879,-0.0003,-0.029,0.0,-0.0084,,
2026-09-19,NC State @ Vanderbilt,Spread (ATS),game_ats,Vanderbilt -3.0,-3.0,lowvig,-111.0,-101.0,Pass,0.4794,-0.0888,win,0.9009,0.4794,0.5118,0.4794,-111.0,0.5121,0.0003,-0.0265,0.0,0.0084,,
2026-09-19,NC State @ Vanderbilt,Totals,game_total,Over 50.5,50.5,fanduel,-110.0,-110.0,Pass,0.6444,0.2303,win,0.9091,0.6644,0.5016,0.6444,-108.0,0.4995,-0.0021,-0.0464,0.0,-0.0266,,
2026-09-19,NC State @ Vanderbilt,Totals,game_total,Under 50.5,50.5,draftkings,-108.0,-112.0,Pass,0.3356,-0.3538,loss,-1.0,0.3356,0.4984,0.3356,-108.0,0.5005,0.0021,-0.0361,0.0,0.0266,,
2026-09-19,Nevada @ Middle Tenness,Moneyline,game_ml,Middle Tenness ML,,betus,155.0,-180.0,Pass,0.3898,-0.006,win,1.55,0.3898,0.3874,0.3898,158.0,0.3869,-0.0005,-0.0134,,0.003,,
2026-09-19,Nevada @ Middle Tenness,Moneyline,game_ml,Nevada ML,,lowvig,-170.0,149.0,Pass,0.6102,-0.0308,loss,-1.0,0.6102,0.6126,0.6102,-170.0,0.6131,0.0005,-0.0263,,-0.003,,
2026-09-19,Nevada @ Middle Tenness,Spread (ATS),game_ats,Middle Tenness +3.5,3.5,lowvig,-101.0,-111.0,Pass,0.4982,-0.0085,win,0.9901,0.4982,0.4923,0.4982,-101.0,0.4935,0.0012,-0.0179,0.0,-0.0052,,
2026-09-19,Nevada @ Middle Tenness,Spread (ATS),game_ats,Nevada -3.5,-3.5,fanduel,-110.0,-110.0,Pass,0.5018,-0.0421,loss,-1.0,0.5018,0.5077,0.5018,-110.0,0.5065,-0.0012,-0.033,0.0,0.0052,,
2026-09-19,Nevada @ Middle Tenness,Totals,game_total,Over 50.5,50.5,bovada,-105.0,-115.0,Pass,0.3976,-0.2238,loss,-1.0,0.3976,0.4984,0.3976,-108.0,0.4998,0.0014,-0.0242,0.0,-0.0033,,
2026-09-19,Nevada @ Middle Tenness,Totals,game_total,Under 50.5,50.5,lowvig,-108.0,-108.0,Pass,0.6024,0.1602,win,0.9259,0.6024,0.5016,0.6024,-108.0,0.5002,-0.0014,-0.0367,0.0,0.0033,,
2026-09-19,New Mexico @ Oklahoma,Moneyline,game_ml,New Mexico ML,,betrivers,1300.0,-5000.0,Pass,0.0884,0.237,loss,-1.0,0.0884,0.0799,0.0884,1300.0,0.0812,0.0013,0.1368,,0.0023,,
2026-09-19,New Mexico @ Oklahoma,Moneyline,game_ml,Oklahoma ML,,fanatics,-1800.0,1050.0,Pass,0.9116,-0.0377,win,0.0556,0.9116,0.9201,0.9116,-1800.0,0.9188,-0.0013,-0.0302,,-0.0023,,
2026-09-19,New Mexico @ Oklahoma,Spread (ATS),game_ats,New Mexico +21.5,21.5,betus,-110.0,-110.0,Pass,0.4991,-0.0471,win,0.9091,0.4991,0.5104,0.4991,-111.0,0.5119,0.0015,-0.0227,0.0,0.037,,
2026-09-19,New Mexico @ Oklahoma,Spread (ATS),game_ats,Oklahoma -21.5,-21.5,lowvig,-101.0,-111.0,Pass,0.5009,-0.0033,loss,-1.0,0.5009,0.4896,0.5009,-101.0,0.4881,-0.0015,-0.0286,0.0,-0.037,,
2026-09-19,New Mexico @ Oklahoma,Totals,game_total,Over 45.5,45.5,fanduel,-102.0,-120.0,Pass,0.4931,-0.0235,loss,-1.0,0.4931,0.4883,0.4931,-110.0,0.5047,0.0164,-0.0005,0.0,-0.0451,,
2026-09-19,New Mexico @ Oklahoma,Totals,game_total,Under 45.5,45.5,bovada,-110.0,-110.0,Pass,0.5069,-0.0323,win,0.9091,0.5069,0.5117,0.5069,-105.0,0.4953,-0.0164,-0.0544,0.0,0.0451,,
2026-09-19,North Carolina @ Clemson,Moneyline,game_ml,Clemson ML,,betus,-160.0,138.0,Pass,0.5912,-0.0393,win,0.625,0.5912,0.5985,0.5912,-145.0,0.5798,-0.0187,-0.0578,,-0.0094,,
2026-09-19,North Carolina @ Clemson,Moneyline,game_ml,North Carolina ML,,lowvig,142.0,-162.0,Pass,0.4088,-0.0106,loss,-1.0,0.4088,0.4015,0.4088,135.0,0.4202,0.0187,0.0169,,0.0094,,
2026-09-19,North Carolina @ Clemson,Spread (ATS),game_ats,Clemson -3.0,-3.0,lowvig,-111.0,-101.0,Pass,0.5001,-0.0494,win,0.9009,0.5001,0.5129,0.5001,100.0,0.4947,-0.0182,-0.0596,0.0,0.0062,,
2026-09-19,North Carolina @ Clemson,Spread (ATS),game_ats,North Carolina +3.0,3.0,bovada,100.0,-120.0,Pass,0.4999,-0.0002,loss,-1.0,0.4999,0.4871,0.4999,-106.0,0.5053,0.0182,0.0106,0.0,-0.0062,,
2026-09-19,North Carolina @ Clemson,Totals,game_total,Over 44.5,44.5,lowvig,-108.0,-108.0,Pass,0.3898,-0.2492,win,0.9259,0.3898,0.5029,0.3898,-108.0,0.5008,-0.0021,-0.0355,0.0,0.0047,,
2026-09-19,North Carolina @ Clemson,Totals,game_total,Under 44.5,44.5,fanduel,-106.0,-114.0,Pass,0.6102,0.1858,loss,-1.0,0.6102,0.4971,0.6102,-106.0,0.4992,0.0021,-0.0299,0.0,-0.0047,,
2026-09-19,North Dakota S @ Sacramento Sta,Moneyline,game_ml,North Dakota S ML,,fanduel,-4500.0,1600.0,Pass,0.9004,-0.0795,win,0.0222,0.9004,0.9446,0.9004,-4500.0,0.9426,-0.002,-0.0365,,-0.0087,,
2026-09-19,North Dakota S @ Sacramento Sta,Moneyline,game_ml,Sacramento Sta ML,,draftkings,2000.0,-6500.0,Pass,0.0996,1.0906,loss,-1.0,0.0996,0.0554,0.0996,1900.0,0.0574,0.002,0.2054,,0.0087,,
2026-09-19,North Dakota S @ Sacramento Sta,Spread (ATS),game_ats,North Dakota S -27.0,-27.0,lowvig,-106.0,-106.0,Pass,0.3333,-0.3523,loss,-1.0,0.3333,0.5008,0.3333,100.0,0.4842,-0.0166,-0.059,-0.5,-0.0206,,
2026-09-19,North Dakota S @ Sacramento Sta,Spread (ATS),game_ats,Sacramento Sta +27.0,27.0,lowvig,-106.0,-106.0,Pass,0.6457,0.2548,win,0.9434,0.6667,0.4992,0.6457,-105.0,0.5158,0.0166,0.0024,0.5,0.0206,,
2026-09-19,North Dakota S @ Sacramento Sta,Totals,game_total,Over 50.5,50.5,lowvig,-108.0,-108.0,Pass,0.5046,-0.0283,loss,-1.0,0.5046,0.5051,0.5046,-108.0,0.5042,-0.0009,-0.0289,0.0,-0.032,,
2026-09-19,North Dakota S @ Sacramento Sta,Totals,game_total,Under 50.5,50.5,draftkings,-102.0,-118.0,Pass,0.4954,-0.0188,win,0.9804,0.4954,0.4949,0.4954,-102.0,0.4958,0.0009,-0.0181,0.0,0.032,,
2026-09-19,North Texas @ Texas State,Moneyline,game_ml,North Texas ML,,fanduel,125.0,-150.0,Pass,0.3841,-0.1359,loss,-1.0,0.3841,0.434,0.3841,125.0,0.4324,-0.0016,-0.0271,,0.0096,,
2026-09-19,North Texas @ Texas State,Moneyline,game_ml,Texas State ML,,betus,-140.0,120.0,Strong buy,0.6159,0.0559,win,0.7143,0.6159,0.566,0.6159,-140.0,0.5676,0.0016,-0.027,,-0.0096,,
2026-09-19,North Texas @ Texas State,Spread (ATS),game_ats,North Texas +3.0,3.0,betmgm,-110.0,-108.0,Pass,0.4783,-0.0868,loss,-1.0,0.4783,0.5097,0.4783,-110.0,0.5077,-0.002,-0.0308,0.0,0.0041,,
2026-09-19,North Texas @ Texas State,Spread (ATS),game_ats,Texas State -3.0,-3.0,bovada,100.0,-120.0,Pass,0.5217,0.0433,win,1.0,0.5217,0.4903,0.5217,-101.0,0.4923,0.002,-0.0154,0.0,-0.0041,,
2026-09-19,North Texas @ Texas State,Totals,game_total,Over 62.5,62.5,draftkings,-108.0,-112.0,Pass,0.6848,0.319,win,0.9259,0.7379,0.5007,0.6848,-108.0,0.4997,-0.001,-0.0376,0.0,-0.0281,,
2026-09-19,North Texas @ Texas State,Totals,game_total,Under 62.5,62.5,betmgm,-105.0,-112.0,Pass,0.2621,-0.4883,loss,-1.0,0.2621,0.4993,0.2621,-108.0,0.5003,0.001,-0.0232,0.0,0.0281,,
2026-09-19,Northern Illin @ Arizona,Moneyline,game_ml,Arizona ML,,draftkings,-6500.0,2000.0,Pass,0.9546,-0.0307,win,0.0154,0.9546,0.9663,0.9546,-6500.0,0.9663,0.0,-0.0188,,-0.0124,,
2026-09-19,Northern Illin @ Arizona,Moneyline,game_ml,Northern Illin ML,,betmgm,4500.0,-35000.0,Pass,0.0454,1.0878,loss,-1.0,0.0454,0.0337,0.0454,4500.0,0.0337,0.0,0.5502,,0.0124,,
2026-09-19,Northern Illin @ Arizona,Spread (ATS),game_ats,Arizona -34.0,-34.0,lowvig,-106.0,-106.0,Pass,0.3955,-0.2315,loss,-1.0,0.3955,0.5005,0.3955,-101.0,0.4947,-0.0058,-0.0386,0.0,-0.0085,,
2026-09-19,Northern Illin @ Arizona,Spread (ATS),game_ats,Northern Illin +34.0,34.0,williamhill_us,-105.0,-115.0,Pass,0.6045,0.1803,win,0.9524,0.6045,0.4995,0.6045,-105.0,0.5053,0.0058,-0.0135,0.0,0.0085,,
2026-09-19,Northern Illin @ Arizona,Totals,game_total,Over 50.5,50.5,lowvig,-103.0,-114.0,Pass,0.4835,-0.047,win,0.9709,0.4835,0.4947,0.4835,-108.0,0.4707,-0.024,-0.0723,-1.0,0.028,,
2026-09-19,Northern Illin @ Arizona,Totals,game_total,Under 50.5,50.5,draftkings,-108.0,-112.0,Pass,0.5165,-0.0054,loss,-1.0,0.5165,0.5053,0.5165,-106.0,0.5293,0.024,0.0194,1.0,-0.028,,
2026-09-19,Northern Iowa @ Iowa,Spread (ATS),game_ats,Iowa -38.5,-38.5,fanatics,-105.0,-115.0,Pass,0.4978,-0.0282,win,0.9524,0.4978,0.4973,0.4978,-108.0,0.4784,-0.0189,-0.066,-1.0,-0.0568,,
2026-09-19,Northern Iowa @ Iowa,Spread (ATS),game_ats,Northern Iowa +38.5,38.5,fanduel,-110.0,-110.0,Pass,0.5022,-0.0412,loss,-1.0,0.5022,0.5027,0.5022,-102.0,0.5216,0.0189,-0.0042,1.0,0.0568,,
2026-09-19,Northern Iowa @ Iowa,Totals,game_total,Over 49.5,49.5,draftkings,-108.0,-112.0,Pass,0.4857,-0.0646,win,0.9259,0.4857,0.5103,0.4857,-106.0,0.4682,-0.0421,-0.0983,-1.0,0.041,,
2026-09-19,Northern Iowa @ Iowa,Totals,game_total,Under 49.5,49.5,lowvig,-105.0,-125.0,Moderate buy,0.5143,0.0041,loss,-1.0,0.5143,0.4897,0.5143,-108.0,0.5318,0.0421,0.0383,1.0,-0.041,,
2026-09-19,Ohio @ South Alabama,Moneyline,game_ml,Ohio ML,,betus,218.0,-260.0,Pass,0.3073,-0.0229,loss,-1.0,0.3073,0.3109,0.3073,218.0,0.3076,-0.0033,-0.0218,,-0.0549,,
2026-09-19,Ohio @ South Alabama,Moneyline,game_ml,South Alabama ML,,bovada,-240.0,200.0,Pass,0.6927,-0.0186,win,0.4167,0.6927,0.6891,0.6927,-245.0,0.6924,0.0033,-0.0191,,0.0549,,
2026-09-19,Ohio @ South Alabama,Spread (ATS),game_ats,Ohio +6.5,6.5,draftkings,-105.0,-115.0,Pass,0.4922,-0.039,win,0.9524,0.4922,0.4926,0.4922,-110.0,0.4973,0.0047,-0.0291,-0.5,-0.0587,,
2026-09-19,Ohio @ South Alabama,Spread (ATS),game_ats,South Alabama -6.5,-6.5,bovada,-110.0,-110.0,Pass,0.5078,-0.0306,loss,-1.0,0.5078,0.5074,0.5078,-101.0,0.5027,-0.0047,-0.0403,0.5,0.0587,,
2026-09-19,Ohio @ South Alabama,Totals,game_total,Over 48.5,48.5,betmgm,-110.0,-108.0,Pass,0.5087,-0.0289,win,0.9091,0.5087,0.5067,0.5087,-110.0,0.504,-0.0027,-0.0378,0.0,-0.0901,,
2026-09-19,Ohio @ South Alabama,Totals,game_total,Under 48.5,48.5,bovada,-105.0,-115.0,Pass,0.4913,-0.0407,loss,-1.0,0.4913,0.4933,0.4913,-108.0,0.496,0.0027,-0.0316,0.0,0.0901,,
2026-09-19,Purdue @ UCLA,Moneyline,game_ml,Purdue ML,,betrivers,500.0,-770.0,Pass,0.1566,-0.0602,loss,-1.0,0.1566,0.1652,0.1566,475.0,0.1742,0.009,0.0452,,0.0064,,
2026-09-19,Purdue @ UCLA,Moneyline,game_ml,UCLA ML,,fanduel,-650.0,460.0,Pass,0.8434,-0.0269,win,0.1538,0.8434,0.8348,0.8434,-550.0,0.8258,-0.009,-0.0472,,-0.0064,,
2026-09-19,Purdue @ UCLA,Spread (ATS),game_ats,Purdue +14.0,14.0,lowvig,-101.0,-111.0,Pass,0.4824,-0.04,push,0.0,0.4824,0.4947,0.4824,100.0,0.4993,0.0046,-0.0063,0.5,0.0077,,
2026-09-19,Purdue @ UCLA,Spread (ATS),game_ats,UCLA -14.0,-14.0,betrivers,-110.0,-112.0,Pass,0.5176,-0.0119,push,0.0,0.5176,0.5053,0.5176,-112.0,0.5007,-0.0046,-0.0441,-0.5,-0.0077,,
2026-09-19,Purdue @ UCLA,Totals,game_total,Over 52.5,52.5,fanduel,-105.0,-115.0,Moderate buy,0.5253,0.0256,win,0.9524,0.5253,0.5046,0.5253,-110.0,0.5234,0.0188,0.0219,0.5,0.0021,,
2026-09-19,Purdue @ UCLA,Totals,game_total,Under 52.5,52.5,lowvig,-103.0,-114.0,Pass,0.4747,-0.0644,loss,-1.0,0.4747,0.4954,0.4747,100.0,0.4766,-0.0188,-0.0607,-0.5,-0.0021,,
2026-09-19,SMU @ Louisville,Moneyline,game_ml,Louisville ML,,betmgm,-120.0,100.0,Moderate buy,0.5604,0.0273,win,0.8333,0.5604,0.5266,0.5604,-134.0,0.5676,0.041,0.0406,,0.0028,,
2026-09-19,SMU @ Louisville,Moneyline,game_ml,SMU ML,,bovada,110.0,-130.0,Pass,0.4396,-0.0768,loss,-1.0,0.4396,0.4734,0.4396,130.0,0.4324,-0.041,-0.092,,-0.0028,,
2026-09-19,SMU @ Louisville,Spread (ATS),game_ats,Louisville -1.5,-1.5,lowvig,-106.0,-106.0,Pass,0.5114,-0.0061,win,0.9434,0.5114,0.5004,0.5114,-103.0,0.5328,0.0324,0.0354,1.5,0.005,,
2026-09-19,SMU @ Louisville,Spread (ATS),game_ats,SMU +1.5,1.5,fanduel,-105.0,-115.0,Pass,0.4886,-0.0461,loss,-1.0,0.4886,0.4996,0.4886,-108.0,0.4672,-0.0324,-0.0878,-1.5,-0.005,,
2026-09-19,SMU @ Louisville,Totals,game_total,Over 58.5,58.5,betmgm,-108.0,-110.0,Pass,0.3234,-0.3772,win,0.9259,0.3234,0.5011,0.3234,-103.0,0.4672,-0.0339,-0.1002,-1.0,-0.0311,,
2026-09-19,SMU @ Louisville,Totals,game_total,Under 58.5,58.5,draftkings,-108.0,-112.0,Pass,0.6511,0.254,loss,-1.0,0.6766,0.4989,0.6511,-105.0,0.5328,0.0339,0.0261,1.0,0.0311,,
2026-09-19,South Dakota @ Boise State,Moneyline,game_ml,Boise State ML,,draftkings,-2400.0,1200.0,Pass,0.9388,-0.0221,win,0.0417,0.9388,0.9324,0.9388,-2800.0,0.9351,0.0027,-0.0259,,-0.0036,,
2026-09-19,South Dakota @ Boise State,Moneyline,game_ml,South Dakota ML,,fanduel,1600.0,-4500.0,Pass,0.0612,0.0411,loss,-1.0,0.0612,0.0676,0.0612,1650.0,0.0649,-0.0027,0.1033,,0.0036,,
2026-09-19,South Dakota @ Boise State,Spread (ATS),game_ats,Boise State -25.5,-25.5,draftkings,-112.0,-108.0,Pass,0.5131,-0.0289,loss,-1.0,0.5131,0.516,0.5131,-115.0,0.5618,0.0458,0.0634,2.0,0.0409,,
2026-09-19,South Dakota @ Boise State,Spread (ATS),game_ats,South Dakota +25.5,25.5,betonlineag,-105.0,-125.0,Pass,0.4869,-0.0493,win,0.9524,0.4869,0.484,0.4869,-104.0,0.4382,-0.0458,-0.1445,-2.0,-0.0409,,
2026-09-19,South Dakota @ Boise State,Totals,game_total,Over 57.0,57.0,betonlineag,-101.0,-130.0,Pass,0.4995,-0.0059,win,0.9901,0.4995,0.4786,0.4995,-110.0,0.6131,0.1345,0.2201,3.5,-0.0061,,
2026-09-19,South Dakota @ Boise State,Totals,game_total,Under 57.0,57.0,bovada,-110.0,-110.0,Pass,0.5005,-0.0445,loss,-1.0,0.5005,0.5214,0.5005,-105.0,0.3869,-0.1345,-0.2614,-3.5,0.0061,,
2026-09-19,Southern Illin @ Illinois,Spread (ATS),game_ats,Illinois -38.5,-38.5,draftkings,-108.0,-112.0,Pass,0.5006,-0.0359,loss,-1.0,0.5006,0.5015,0.5006,-112.0,0.4156,-0.0859,-0.1996,-4.0,-0.0234,,
2026-09-19,Southern Illin @ Illinois,Spread (ATS),game_ats,Southern Illin +38.5,38.5,fanduel,-106.0,-114.0,Pass,0.4994,-0.0294,win,0.9434,0.4994,0.4985,0.4994,-102.0,0.5844,0.0859,0.1357,4.0,0.0234,,
2026-09-19,Southern Illin @ Illinois,Totals,game_total,Over 55.5,55.5,fanduel,-106.0,-114.0,Pass,0.4988,-0.0307,win,0.9434,0.4988,0.4973,0.4988,-105.0,0.4918,-0.0055,-0.0442,0.0,0.0587,,
2026-09-19,Southern Illin @ Illinois,Totals,game_total,Under 55.5,55.5,draftkings,-110.0,-110.0,Pass,0.5012,-0.0431,loss,-1.0,0.5012,0.5027,0.5012,-110.0,0.5082,0.0055,-0.0298,0.0,-0.0587,,
2026-09-19,Stanford @ Duke,Moneyline,game_ml,Duke ML,,betmgm,-375.0,310.0,Pass,0.7754,-0.0178,win,0.2667,0.7754,0.7624,0.7754,-375.0,0.7628,0.0004,-0.0338,,0.0116,,
2026-09-19,Stanford @ Duke,Moneyline,game_ml,Stanford ML,,draftkings,310.0,-395.0,Pass,0.2246,-0.0793,loss,-1.0,0.2246,0.2376,0.2246,315.0,0.2372,-0.0004,-0.0275,,-0.0116,,
2026-09-19,Stanford @ Duke,Spread (ATS),game_ats,Duke -10.0,-10.0,draftkings,-105.0,-115.0,Pass,0.5125,0.0006,win,0.9524,0.5125,0.4958,0.5125,-105.0,0.4973,0.0015,-0.0291,0.0,0.0067,,
2026-09-19,Stanford @ Duke,Spread (ATS),game_ats,Stanford +10.0,10.0,lowvig,-106.0,-106.0,Pass,0.4875,-0.0526,loss,-1.0,0.4875,0.5042,0.4875,-106.0,0.5027,-0.0015,-0.0231,0.0,-0.0067,,
2026-09-19,Stanford @ Duke,Totals,game_total,Over 51.0,51.0,lowvig,-108.0,-108.0,Strong buy,0.5559,0.0706,loss,-1.0,0.5559,0.5006,0.5559,-108.0,0.501,0.0004,-0.0351,0.0,-0.0013,,
2026-09-19,Stanford @ Duke,Totals,game_total,Under 51.0,51.0,lowvig,-108.0,-108.0,Pass,0.4441,-0.1447,win,0.9259,0.4441,0.4994,0.4441,-108.0,0.499,-0.0004,-0.039,0.0,0.0013,,
2026-09-19,Stonehill @ UMass,Moneyline,game_ml,Stonehill ML,,betmgm,4000.0,-15000.0,Pass,0.042,0.7228,loss,-1.0,0.042,0.0256,0.042,3500.0,0.0272,0.0016,0.1152,,0.0,,
2026-09-19,Stonehill @ UMass,Moneyline,game_ml,UMass ML,,betmgm,-15000.0,4000.0,Pass,0.958,-0.0356,win,0.0067,0.958,0.9744,0.958,-12500.0,0.9728,-0.0016,-0.0207,,0.0,,
2026-09-19,Stonehill @ UMass,Spread (ATS),game_ats,Stonehill +31.0,31.0,betmgm,-108.0,-110.0,Pass,0.5068,-0.0239,win,0.9259,0.5068,0.5142,0.5068,-105.0,0.5023,-0.0119,-0.0326,0.5,0.0766,,
2026-09-19,Stonehill @ UMass,Spread (ATS),game_ats,UMass -31.0,-31.0,lowvig,-105.0,-125.0,Pass,0.4932,-0.0371,loss,-1.0,0.4932,0.4858,0.4932,-112.0,0.4977,0.0119,-0.0283,-0.5,-0.0766,,
2026-09-19,Stonehill @ UMass,Totals,game_total,Over 50.0,50.0,bovada,-110.0,-110.0,Pass,0.4981,-0.0491,push,0.0,0.4981,0.5148,0.4981,-114.0,0.5285,0.0137,0.009,0.5,0.0608,,
2026-09-19,Stonehill @ UMass,Totals,game_total,Under 50.0,50.0,lowvig,-105.0,-125.0,Pass,0.5019,-0.0201,push,0.0,0.5019,0.4852,0.5019,-102.0,0.4715,-0.0137,-0.0795,-0.5,-0.0608,,
2026-09-19,Temple @ Toledo,Moneyline,game_ml,Temple ML,,draftkings,190.0,-230.0,Pass,0.3524,0.0219,loss,-1.0,0.3524,0.3353,0.3524,185.0,0.3484,0.0131,0.0104,,-0.0094,,
2026-09-19,Temple @ Toledo,Moneyline,game_ml,Toledo ML,,betus,-220.0,185.0,Pass,0.6476,-0.058,win,0.4545,0.6476,0.6647,0.6476,-205.0,0.6516,-0.0131,-0.0522,,0.0094,,
2026-09-19,Temple @ Toledo,Spread (ATS),game_ats,Temple +6.0,6.0,lowvig,-106.0,-106.0,Moderate buy,0.5255,0.0212,win,0.9434,0.5255,0.5026,0.5255,-108.0,0.5149,0.0123,0.0007,0.5,-0.0075,,
2026-09-19,Temple @ Toledo,Spread (ATS),game_ats,Toledo -6.0,-6.0,betus,-105.0,-115.0,Pass,0.4745,-0.0735,loss,-1.0,0.4745,0.4974,0.4745,-105.0,0.4851,-0.0123,-0.0529,-0.5,0.0075,,
2026-09-19,Temple @ Toledo,Totals,game_total,Over 48.5,48.5,lowvig,-108.0,-108.0,Pass,0.517,-0.0043,win,0.9259,0.517,0.503,0.517,-108.0,0.5034,0.0004,-0.0305,0.0,-0.076,,
2026-09-19,Temple @ Toledo,Totals,game_total,Under 48.5,48.5,fanduel,-105.0,-115.0,Pass,0.483,-0.057,loss,-1.0,0.483,0.497,0.483,-105.0,0.4966,-0.0004,-0.0304,0.0,0.076,,
2026-09-19,Troy @ Missouri,Moneyline,game_ml,Missouri ML,,fanatics,-4000.0,1800.0,Pass,0.9335,-0.0431,win,0.025,0.9335,0.9446,0.9335,-4000.0,0.9438,-0.0008,-0.0326,,0.0023,,
2026-09-19,Troy @ Missouri,Moneyline,game_ml,Troy ML,,betmgm,1850.0,-5000.0,Pass,0.0665,0.2962,loss,-1.0,0.0665,0.0554,0.0665,1900.0,0.0562,0.0008,0.0959,,-0.0023,,
2026-09-19,Troy @ Missouri,Spread (ATS),game_ats,Missouri -27.5,-27.5,lowvig,-101.0,-111.0,Pass,0.4394,-0.1256,loss,-1.0,0.4394,0.491,0.4394,-106.0,0.476,-0.015,-0.0527,-1.0,0.0106,,
2026-09-19,Troy @ Missouri,Spread (ATS),game_ats,Troy +27.5,27.5,fanatics,-110.0,-110.0,Strong buy,0.5606,0.0703,win,0.9091,0.5606,0.509,0.5606,-105.0,0.524,0.015,0.0004,1.0,-0.0106,,
2026-09-19,Troy @ Missouri,Totals,game_total,Over 50.5,50.5,bovada,-105.0,-115.0,Moderate buy,0.5211,0.0174,loss,-1.0,0.5211,0.4972,0.5211,-108.0,0.4716,-0.0256,-0.0793,-1.0,-0.0023,,
2026-09-19,Troy @ Missouri,Totals,game_total,Under 50.5,50.5,draftkings,-108.0,-112.0,Pass,0.4789,-0.0777,win,0.9259,0.4789,0.5028,0.4789,-105.0,0.5284,0.0256,0.0177,1.0,0.0023,,
2026-09-19,Tulane @ Kansas State,Moneyline,game_ml,Kansas State ML,,betonlineag,-1400.0,836.0,Pass,0.9039,-0.0315,win,0.0714,0.9039,0.9009,0.9039,-1400.0,0.9009,0.0,-0.0347,,-0.0013,,
2026-09-19,Tulane @ Kansas State,Moneyline,game_ml,Tulane ML,,fanduel,980.0,-2000.0,Pass,0.0961,0.0375,loss,-1.0,0.0961,0.0991,0.0961,980.0,0.0991,0.0,0.0703,,0.0013,,
2026-09-19,Tulane @ Kansas State,Spread (ATS),game_ats,Kansas State -20.5,-20.5,draftkings,-108.0,-112.0,Pass,0.5014,-0.0342,loss,-1.0,0.5014,0.5031,0.5014,-108.0,0.5036,0.0005,-0.0301,0.0,0.0152,,
2026-09-19,Tulane @ Kansas State,Spread (ATS),game_ats,Tulane +20.5,20.5,lowvig,-103.0,-109.0,Pass,0.4986,-0.0174,win,0.9709,0.4986,0.4969,0.4986,-103.0,0.4964,-0.0005,-0.0217,0.0,-0.0152,,
2026-09-19,Tulane @ Kansas State,Totals,game_total,Over 49.5,49.5,lowvig,-108.0,-108.0,Pass,0.5725,0.1025,win,0.9259,0.5725,0.5035,0.5725,-108.0,0.5035,0.0,-0.0303,0.0,0.0032,,
2026-09-19,Tulane @ Kansas State,Totals,game_total,Under 49.5,49.5,williamhill_us,-103.0,-118.0,Pass,0.4275,-0.1574,loss,-1.0,0.4275,0.4965,0.4275,-103.0,0.4965,0.0,-0.0215,0.0,-0.0032,,
2026-09-19,UAB @ Louisiana,Moneyline,game_ml,Louisiana ML,,betmgm,-300.0,250.0,Strong buy,0.7941,0.0588,win,0.3333,0.7941,0.7281,0.7941,-260.0,0.6995,-0.0286,-0.0673,,0.0025,,
2026-09-19,UAB @ Louisiana,Moneyline,game_ml,UAB ML,,betrivers,280.0,-375.0,Pass,0.2059,-0.2174,loss,-1.0,0.2059,0.2719,0.2059,225.0,0.3005,0.0286,0.1419,,-0.0025,,
2026-09-19,UAB @ Louisiana,Spread (ATS),game_ats,Louisiana -7.5,-7.5,bovada,-105.0,-115.0,Pass,0.5964,0.1644,loss,-1.0,0.5964,0.4983,0.5964,-104.0,0.4821,-0.0162,-0.0588,-0.5,-0.0016,,
2026-09-19,UAB @ Louisiana,Spread (ATS),game_ats,UAB +7.5,7.5,betmgm,-108.0,-110.0,Pass,0.4036,-0.2226,win,0.9259,0.4036,0.5017,0.4036,-106.0,0.5179,0.0162,-0.0026,0.5,0.0016,,
2026-09-19,UAB @ Louisiana,Totals,game_total,Over 55.5,55.5,betmgm,-105.0,-112.0,Pass,0.6459,0.2611,loss,-1.0,0.6671,0.498,0.6459,-108.0,0.5043,0.0063,-0.0154,0.0,-0.0348,,
2026-09-19,UAB @ Louisiana,Totals,game_total,Under 55.5,55.5,betrivers,-109.0,-117.0,Pass,0.3329,-0.3617,win,0.9174,0.3329,0.502,0.3329,-103.0,0.4957,-0.0063,-0.0495,0.0,0.0348,,
2026-09-19,USC @ Rutgers,Moneyline,game_ml,Rutgers ML,,betrivers,1300.0,-5000.0,Pass,0.1059,0.4831,loss,-1.0,0.1059,0.0785,0.1059,1300.0,0.0806,0.0021,0.1284,,0.0041,,
2026-09-19,USC @ Rutgers,Moneyline,game_ml,USC ML,,betmgm,-2000.0,1200.0,Pass,0.8941,-0.0612,win,0.05,0.8941,0.9215,0.8941,-2000.0,0.9194,-0.0021,-0.0346,,-0.0041,,
2026-09-19,USC @ Rutgers,Spread (ATS),game_ats,Rutgers +21.5,21.5,fanduel,-105.0,-115.0,Strong buy,0.5521,0.078,win,0.9524,0.5521,0.498,0.5521,-101.0,0.5063,0.0083,-0.0115,0.5,0.0589,,
2026-09-19,USC @ Rutgers,Spread (ATS),game_ats,USC -21.5,-21.5,lowvig,-106.0,-106.0,Pass,0.4479,-0.1296,loss,-1.0,0.4479,0.502,0.4479,-110.0,0.4937,-0.0083,-0.0405,-0.5,-0.0589,,
2026-09-19,USC @ Rutgers,Totals,game_total,Over 57.5,57.5,betus,-110.0,-110.0,Pass,0.6558,0.2519,win,0.9091,0.6851,0.51,0.6558,-105.0,0.5462,0.0362,0.0427,1.5,-0.0506,,
2026-09-19,USC @ Rutgers,Totals,game_total,Under 57.5,57.5,draftkings,-102.0,-118.0,Pass,0.3149,-0.3763,loss,-1.0,0.3149,0.49,0.3149,-106.0,0.4538,-0.0362,-0.1013,-1.5,0.0506,,
2026-09-19,UT Martin @ Memphis,Moneyline,game_ml,Memphis ML,,draftkings,-50000.0,4000.0,Pass,0.9682,-0.0299,win,0.002,0.9682,0.9784,0.9682,-5000.0,0.9649,-0.0135,-0.0332,,0.0,,
2026-09-19,UT Martin @ Memphis,Moneyline,game_ml,UT Martin ML,,betmgm,5000.0,-50000.0,Pass,0.0318,0.6218,loss,-1.0,0.0318,0.0216,0.0318,3500.0,0.0351,0.0135,0.7901,,-0.0,,
2026-09-19,UT Martin @ Memphis,Spread (ATS),game_ats,Memphis -34.5,-34.5,draftkings,-110.0,-110.0,Pass,0.4934,-0.058,loss,-1.0,0.4934,0.5019,0.4934,-110.0,0.477,-0.0249,-0.0894,-1.0,0.0128,,
2026-09-19,UT Martin @ Memphis,Spread (ATS),game_ats,UT Martin +34.5,34.5,fanduel,-105.0,-115.0,Pass,0.5066,-0.011,win,0.9524,0.5066,0.4981,0.5066,-105.0,0.523,0.0249,0.0211,1.0,-0.0128,,
2026-09-19,UT Martin @ Memphis,Totals,game_total,Over 56.5,56.5,fanduel,-108.0,-112.0,Pass,0.5135,-0.011,win,0.9259,0.5135,0.5011,0.5135,-106.0,0.5666,0.0655,0.0912,2.0,0.0054,,
2026-09-19,UT Martin @ Memphis,Totals,game_total,Under 56.5,56.5,draftkings,-105.0,-115.0,Pass,0.4865,-0.0502,loss,-1.0,0.4865,0.4989,0.4865,-105.0,0.4334,-0.0655,-0.1538,-2.0,-0.0054,,
2026-09-19,UTEP @ Michigan,Moneyline,game_ml,Michigan ML,,betmgm,-35000.0,5000.0,Pass,0.9578,-0.0395,win,0.0029,0.9578,0.9807,0.9578,-50000.0,0.9807,0.0,-0.0165,,0.0,,
2026-09-19,UTEP @ Michigan,Moneyline,game_ml,UTEP ML,,betmgm,5000.0,-35000.0,Pass,0.0422,1.1547,loss,-1.0,0.0422,0.0193,0.0422,5000.0,0.0193,0.0,-0.0157,,0.0,price_too_long,
2026-09-19,UTEP @ Michigan,Spread (ATS),game_ats,Michigan -34.5,-34.5,betmgm,-110.0,-108.0,Pass,0.4062,-0.2245,win,0.9091,0.4062,0.5117,0.4062,-110.0,0.5073,-0.0044,-0.0315,0.0,0.0015,,
2026-09-19,UTEP @ Michigan,Spread (ATS),game_ats,UTEP +34.5,34.5,bovada,100.0,-120.0,Pass,0.5938,0.1876,loss,-1.0,0.5938,0.4883,0.5938,-101.0,0.4927,0.0044,-0.0146,0.0,-0.0015,,
2026-09-19,UTEP @ Michigan,Totals,game_total,Over 48.5,48.5,bovada,-105.0,-115.0,Pass,0.4979,-0.028,win,0.9524,0.4979,0.4995,0.4979,-108.0,0.5017,0.0022,-0.0205,0.0,0.0148,,
2026-09-19,UTEP @ Michigan,Totals,game_total,Under 48.5,48.5,betmgm,-108.0,-110.0,Pass,0.5021,-0.0329,loss,-1.0,0.5021,0.5005,0.5021,-105.0,0.4983,-0.0022,-0.0403,0.0,-0.0148,,
2026-09-19,UTSA @ Texas,Moneyline,game_ml,Texas ML,,draftkings,-5000.0,1800.0,Pass,0.9554,-0.0255,win,0.02,0.9554,0.9535,0.9554,-5000.0,0.951,-0.0025,-0.03,,0.002,,
2026-09-19,UTSA @ Texas,Moneyline,game_ml,UTSA ML,,fanduel,2200.0,-8000.0,Pass,0.0446,0.0266,loss,-1.0,0.0446,0.0465,0.0446,2200.0,0.049,0.0025,0.127,,-0.002,,
2026-09-19,UTSA @ Texas,Spread (ATS),game_ats,Texas -30.0,-30.0,lowvig,-106.0,-106.0,Pass,0.4988,-0.0307,loss,-1.0,0.4988,0.5019,0.4988,-106.0,0.501,-0.0009,-0.0264,0.0,0.0016,,
2026-09-19,UTSA @ Texas,Spread (ATS),game_ats,UTSA +30.0,30.0,bovada,-105.0,-115.0,Pass,0.5012,-0.0214,win,0.9524,0.5012,0.4981,0.5012,-105.0,0.499,0.0009,-0.0258,0.0,-0.0016,,
2026-09-19,UTSA @ Texas,Totals,game_total,Over 58.5,58.5,betrivers,-109.0,-114.0,Pass,0.4959,-0.0492,loss,-1.0,0.4959,0.4989,0.4959,-109.0,0.5016,0.0027,-0.0382,0.0,0.0069,,
2026-09-19,UTSA @ Texas,Totals,game_total,Under 58.5,58.5,betmgm,-108.0,-110.0,Pass,0.5041,-0.0291,win,0.9259,0.5041,0.5011,0.5041,-105.0,0.4984,-0.0027,-0.0401,0.0,-0.0069,,
2026-09-19,Utah State @ Utah,Moneyline,game_ml,Utah ML,,draftkings,-5000.0,1800.0,Pass,0.9289,-0.0525,win,0.02,0.9289,0.9491,0.9289,-4500.0,0.9447,-0.0044,-0.0364,,0.0012,,
2026-09-19,Utah State @ Utah,Moneyline,game_ml,Utah State ML,,betmgm,2200.0,-5000.0,Pass,0.0711,0.6353,loss,-1.0,0.0711,0.0509,0.0711,2000.0,0.0553,0.0044,0.2719,,-0.0012,,
2026-09-19,Utah State @ Utah,Spread (ATS),game_ats,Utah -27.5,-27.5,betmgm,-108.0,-110.0,Pass,0.4169,-0.1971,win,0.9259,0.4169,0.5007,0.4169,-108.0,0.4738,-0.0269,-0.0875,-1.0,-0.0093,,
2026-09-19,Utah State @ Utah,Spread (ATS),game_ats,Utah State +27.5,27.5,draftkings,-108.0,-112.0,Pass,0.5831,0.1231,loss,-1.0,0.5831,0.4993,0.5831,-109.0,0.5262,0.0269,0.0134,1.0,0.0093,,
2026-09-19,Utah State @ Utah,Totals,game_total,Over 56.5,56.5,bovada,-105.0,-115.0,Pass,0.4942,-0.0352,loss,-1.0,0.4942,0.5006,0.4942,-110.0,0.4702,-0.0304,-0.082,-1.0,-0.0029,,
2026-09-19,Utah State @ Utah,Totals,game_total,Under 56.5,56.5,williamhill_us,-106.0,-114.0,Pass,0.5058,-0.017,win,0.9434,0.5058,0.4994,0.5058,-106.0,0.5298,0.0304,0.0296,1.0,0.0029,,
2026-09-19,Virginia @ West Virginia,Moneyline,game_ml,Virginia ML,,lowvig,-400.0,316.0,Pass,0.7801,-0.0249,loss,-1.0,0.7801,0.7726,0.7801,-410.0,0.7783,0.0057,-0.0271,,0.015,,
2026-09-19,Virginia @ West Virginia,Moneyline,game_ml,West Virginia ML,,fanduel,340.0,-450.0,Pass,0.2199,-0.0325,win,3.4,0.2199,0.2274,0.2199,365.0,0.2217,-0.0057,-0.0245,,-0.015,,
2026-09-19,Virginia @ West Virginia,Spread (ATS),game_ats,Virginia -10.5,-10.5,lowvig,-106.0,-106.0,Pass,0.5015,-0.0253,loss,-1.0,0.5015,0.4993,0.5015,-111.0,0.5076,0.0083,-0.0135,0.0,0.0072,,
2026-09-19,Virginia @ West Virginia,Spread (ATS),game_ats,West Virginia +10.5,10.5,lowvig,-106.0,-106.0,Pass,0.4985,-0.0313,win,0.9434,0.4985,0.5007,0.4985,-101.0,0.4924,-0.0083,-0.0431,0.0,-0.0072,,
2026-09-19,Virginia @ West Virginia,Totals,game_total,Over 53.5,53.5,fanduel,-105.0,-115.0,Pass,0.3432,-0.3298,win,0.9524,0.3432,0.4968,0.3432,-105.0,0.4384,-0.0584,-0.1441,-2.0,-0.0015,,
2026-09-19,Virginia @ West Virginia,Totals,game_total,Under 53.5,53.5,betmgm,-108.0,-110.0,Pass,0.6402,0.233,loss,-1.0,0.6567,0.5032,0.6402,-107.0,0.5616,0.0584,0.0816,2.0,0.0015,,
2026-09-19,Virginia Tech @ Maryland,Moneyline,game_ml,Maryland ML,,lowvig,125.0,-145.0,Moderate buy,0.4651,0.0464,loss,-1.0,0.4651,0.4339,0.4651,125.0,0.4349,0.001,-0.0215,,0.0059,,
2026-09-19,Virginia Tech @ Maryland,Moneyline,game_ml,Virginia Tech ML,,fanduel,-137.0,114.0,Pass,0.5349,-0.0746,win,0.7299,0.5349,0.5661,0.5349,-140.0,0.5651,-0.001,-0.0224,,-0.0059,,
2026-09-19,Virginia Tech @ Maryland,Spread (ATS),game_ats,Maryland +2.5,2.5,lowvig,104.0,-116.0,Strong buy,0.5347,0.0909,loss,-1.0,0.5347,0.4842,0.5347,104.0,0.4795,-0.0047,-0.0218,0.0,-0.0133,,
2026-09-19,Virginia Tech @ Maryland,Spread (ATS),game_ats,Virginia Tech -2.5,-2.5,fanduel,-110.0,-110.0,Pass,0.4653,-0.1118,win,0.9091,0.4653,0.5158,0.4653,-116.0,0.5205,0.0047,-0.0063,0.0,0.0133,,
2026-09-19,Virginia Tech @ Maryland,Totals,game_total,Over 53.5,53.5,fanduel,-108.0,-112.0,Pass,0.3793,-0.2695,win,0.9259,0.3793,0.4997,0.3793,-108.0,0.4998,0.0001,-0.0374,0.0,-0.003,,
2026-09-19,Virginia Tech @ Maryland,Totals,game_total,Under 53.5,53.5,williamhill_us,-108.0,-112.0,Pass,0.6204,0.1948,loss,-1.0,0.6207,0.5003,0.6204,-108.0,0.5002,-0.0001,-0.0367,0.0,0.003,,
2026-09-19,Wagner @ California,Spread (ATS),game_ats,California -58.5,-58.5,fanduel,-105.0,-115.0,Pass,0.5003,-0.0232,loss,-1.0,0.5003,0.4946,0.5003,-105.0,0.4957,0.0011,-0.0322,0.0,0.0054,,
2026-09-19,Wagner @ California,Spread (ATS),game_ats,Wagner +58.5,58.5,draftkings,-110.0,-110.0,Pass,0.4997,-0.046,win,0.9091,0.4997,0.5054,0.4997,-110.0,0.5043,-0.0011,-0.0372,0.0,-0.0054,,
2026-09-19,Wagner @ California,Totals,game_total,Over 65.5,65.5,fanduel,-105.0,-115.0,Pass,0.5023,-0.0193,loss,-1.0,0.5023,0.4946,0.5023,-110.0,0.4876,-0.007,-0.048,-0.5,0.0054,,
2026-09-19,Wagner @ California,Totals,game_total,Under 65.5,65.5,draftkings,-110.0,-110.0,Pass,0.4977,-0.0498,win,0.9091,0.4977,0.5054,0.4977,-105.0,0.5124,0.007,-0.0218,0.5,-0.0054,,
2026-09-19,Western Kentuc @ Indiana,Spread (ATS),game_ats,Indiana -44.5,-44.5,williamhill_us,-109.0,-110.0,Pass,0.3741,-0.2826,loss,-1.0,0.3741,0.5077,0.3741,-109.0,0.5069,-0.0008,-0.0281,0.0,0.0153,,
2026-09-19,Western Kentuc @ Indiana,Spread (ATS),game_ats,Western Kentuc +44.5,44.5,lowvig,-101.0,-111.0,Pass,0.6232,0.2403,win,0.9901,0.6259,0.4923,0.6232,-101.0,0.4931,0.0008,-0.0187,0.0,-0.0153,,
2026-09-19,Western Kentuc @ Indiana,Totals,game_total,Over 60.5,60.5,williamhill_us,-106.0,-114.0,Moderate buy,0.5214,0.0133,loss,-1.0,0.5214,0.4988,0.5214,-105.0,0.4673,-0.0315,-0.0919,-1.0,-0.0023,,
2026-09-19,Western Kentuc @ Indiana,Totals,game_total,Under 60.5,60.5,lowvig,-108.0,-108.0,Pass,0.4786,-0.0783,win,0.9259,0.4786,0.5012,0.4786,-106.0,0.5327,0.0315,0.0259,1.0,0.0023,,
2026-09-19,Western Michig @ Rice,Moneyline,game_ml,Rice ML,,betrivers,310.0,-420.0,Pass,0.3083,0.2641,loss,-1.0,0.3083,0.2481,0.3083,310.0,0.2479,-0.0002,0.0164,,0.0091,price_too_long,
2026-09-19,Western Michig @ Rice,Moneyline,game_ml,Western Michig ML,,betus,-330.0,270.0,Pass,0.6917,-0.0987,win,0.303,0.6917,0.7519,0.6917,-330.0,0.7521,0.0002,-0.02,,-0.0091,,
2026-09-19,Western Michig @ Rice,Spread (ATS),game_ats,Rice +9.0,9.0,lowvig,-109.0,-103.0,Strong buy,0.557,0.0681,win,0.9174,0.557,0.5036,0.557,-109.0,0.5032,-0.0004,-0.0351,0.0,0.0178,,
2026-09-19,Western Michig @ Rice,Spread (ATS),game_ats,Western Michig -9.0,-9.0,lowvig,-103.0,-109.0,Pass,0.443,-0.127,loss,-1.0,0.443,0.4964,0.443,-103.0,0.4968,0.0004,-0.0209,0.0,-0.0178,,
2026-09-19,Western Michig @ Rice,Totals,game_total,Over 43.5,43.5,betus,-110.0,-110.0,Pass,0.4315,-0.1762,win,0.9091,0.4315,0.5096,0.4315,-110.0,0.5098,0.0002,-0.0267,0.0,0.0067,,
2026-09-19,Western Michig @ Rice,Totals,game_total,Under 43.5,43.5,lowvig,-103.0,-114.0,Strong buy,0.5685,0.1204,loss,-1.0,0.5685,0.4904,0.5685,-103.0,0.4902,-0.0002,-0.0339,0.0,-0.0067,,
2026-09-19,Wyoming @ Central Michig,Moneyline,game_ml,Central Michig ML,,betmgm,-105.0,-115.0,Strong buy,0.5672,0.1073,win,0.9524,0.5672,0.4933,0.5672,-105.0,0.4933,0.0,-0.0369,,-0.028,,
2026-09-19,Wyoming @ Central Michig,Moneyline,game_ml,Wyoming ML,,fanduel,-110.0,-110.0,Pass,0.4328,-0.1737,loss,-1.0,0.4328,0.5067,0.4328,-110.0,0.5067,0.0,-0.0327,,0.028,,
2026-09-19,Wyoming @ Central Michig,Spread (ATS),game_ats,Central Michig +0.0,0.0,lowvig,-101.0,-111.0,Strong buy,0.5573,0.109,win,0.9901,0.5573,0.4918,0.5573,-101.0,0.4918,0.0,-0.0213,0.0,-0.0408,,
2026-09-19,Wyoming @ Central Michig,Spread (ATS),game_ats,Wyoming -0.0,-0.0,betus,-110.0,-110.0,Pass,0.4427,-0.1548,loss,-1.0,0.4427,0.5082,0.4427,-110.0,0.5082,0.0,-0.0298,0.0,0.0408,,
2026-09-19,Wyoming @ Central Michig,Totals,game_total,Over 38.5,38.5,lowvig,-108.0,-108.0,Pass,0.3619,-0.3031,loss,-1.0,0.3619,0.4998,0.3619,-112.0,0.5372,0.0374,0.0346,1.0,-0.0329,,
2026-09-19,Wyoming @ Central Michig,Totals,game_total,Under 38.5,38.5,draftkings,-108.0,-112.0,Pass,0.63,0.2133,win,0.9259,0.6381,0.5002,0.63,-105.0,0.4628,-0.0374,-0.1087,-1.0,0.0329,,
2026-09-24,Liberty @ Coastal Caroli,Moneyline,game_ml,Coastal Caroli ML,,williamhill_us,117.0,-137.0,Pass,0.4257,-0.0762,loss,-1.0,0.4257,0.4517,0.4257,120.0,0.4441,-0.0076,-0.0363,,0.0,,-14.0
2026-09-24,Liberty @ Coastal Caroli,Moneyline,game_ml,Liberty ML,,betrivers,-130.0,105.0,Moderate buy,0.5743,0.016,win,0.7692,0.5743,0.5483,0.5743,-129.0,0.5559,0.0076,-0.0165,,0.0,,14.0
2026-09-24,Liberty @ Coastal Caroli,Spread (ATS),game_ats,Coastal Caroli +2.5,2.5,fanduel,-108.0,-112.0,Pass,0.5016,-0.034,loss,-1.0,0.5016,0.5028,0.5016,-105.0,0.4989,-0.0039,-0.0392,0.0,0.0,,28.0
2026-09-24,Liberty @ Coastal Caroli,Spread (ATS),game_ats,Liberty -2.5,-2.5,lowvig,-103.0,-109.0,Pass,0.4984,-0.0177,win,0.9709,0.4984,0.4972,0.4984,-106.0,0.5011,0.0039,-0.0124,0.0,0.0,,-28.0
2026-09-24,Liberty @ Coastal Caroli,Totals,game_total,Over 50.5,50.5,draftkings,-105.0,-115.0,Pass,0.4989,-0.0261,win,0.9524,0.4989,0.4977,0.4989,-112.0,0.4779,-0.0198,-0.067,-1.0,0.0,,5.0
2026-09-24,Liberty @ Coastal Caroli,Totals,game_total,Under 50.5,50.5,fanduel,-110.0,-110.0,Pass,0.5011,-0.0433,loss,-1.0,0.5011,0.5023,0.5011,-103.0,0.5221,0.0198,-0.0033,1.0,0.0,,-5.0
2026-09-25,Army @ Temple,Moneyline,game_ml,Army ML,,betrivers,-152.0,118.0,Pass,0.6763,0.1213,win,0.6579,0.6763,0.5876,0.6763,,,,,,0.0,,
2026-09-25,Army @ Temple,Moneyline,game_ml,Temple ML,,draftkings,136.0,-162.0,Pass,0.3237,-0.2361,loss,-1.0,0.3237,0.4124,0.3237,,,,,,0.0,,14.0
2026-09-25,Army @ Temple,Spread (ATS),game_ats,Army -3.0,-3.0,lowvig,-111.0,-101.0,Strong buy,0.574,0.0911,win,0.9009,0.574,0.5109,0.574,,,,,,0.0,,
2026-09-25,Army @ Temple,Spread (ATS),game_ats,Temple +3.0,3.0,betus,100.0,-120.0,Pass,0.426,-0.148,loss,-1.0,0.426,0.4891,0.426,,,,,,0.0,,-35.0
2026-09-25,Army @ Temple,Totals,game_total,Over 48.0,48.0,bovada,-105.0,-115.0,Pass,0.6797,0.327,loss,-1.0,0.7286,0.4992,0.6797,,,,,,0.0,,
2026-09-25,Army @ Temple,Totals,game_total,Under 48.0,48.0,lowvig,-108.0,-108.0,Pass,0.2714,-0.4772,win,0.9259,0.2714,0.5008,0.2714,,,,,,0.0,,46.0
2026-09-25,Clemson @ California,Moneyline,game_ml,California ML,,betmgm,100.0,-118.0,Pass,0.4812,-0.0375,loss,-1.0,0.4812,0.4838,0.4812,115.0,0.4549,-0.0289,-0.0902,,0.0,,
2026-09-25,Clemson @ California,Moneyline,game_ml,Clemson ML,,williamhill_us,-114.0,-104.0,Pass,0.5188,-0.0262,win,0.8772,0.5188,0.5162,0.5188,-125.0,0.5451,0.0289,0.0233,,0.0,,
2026-09-25,Clemson @ California,Spread (ATS),game_ats,California +1.5,1.5,betmgm,-108.0,-110.0,Pass,0.5194,0.0003,loss,-1.0,0.5194,0.5018,0.5194,-106.0,0.478,-0.0238,-0.0794,-1.0,0.0,,
2026-09-25,Clemson @ California,Spread (ATS),game_ats,Clemson -1.5,-1.5,williamhill_us,-106.0,-114.0,Pass,0.4806,-0.066,win,0.9434,0.4806,0.4982,0.4806,-105.0,0.522,0.0238,0.0145,1.0,0.0,,
2026-09-25,Clemson @ California,Totals,game_total,Over 50.5,50.5,williamhill_us,-105.0,-115.0,Pass,0.4312,-0.1581,loss,-1.0,0.4312,0.4987,0.4312,-104.0,0.5273,0.0286,0.0295,1.0,0.0,,
2026-09-25,Clemson @ California,Totals,game_total,Under 50.5,50.5,lowvig,-108.0,-108.0,Strong buy,0.5688,0.0955,win,0.9259,0.5688,0.5013,0.5688,-110.0,0.4727,-0.0286,-0.0896,-1.0,0.0,,
2026-09-25,Howard @ Rutgers,Spread (ATS),game_ats,Howard +43.5,43.5,fanduel,-108.0,-112.0,Strong buy,0.5593,0.0771,loss,-1.0,0.5593,0.4996,0.5593,-105.0,0.5394,0.0398,0.0388,2.0,0.0,,
2026-09-25,Howard @ Rutgers,Spread (ATS),game_ats,Rutgers -43.5,-43.5,draftkings,-108.0,-112.0,Pass,0.4407,-0.1512,win,0.9259,0.4407,0.5004,0.4407,-112.0,0.4606,-0.0398,-0.1129,-2.0,0.0,,
2026-09-25,Howard @ Rutgers,Totals,game_total,Over 56.5,56.5,fanduel,-108.0,-112.0,Pass,0.501,-0.035,win,0.9259,0.501,0.4978,0.501,-110.0,0.5365,0.0387,0.0333,1.0,0.0,,
2026-09-25,Howard @ Rutgers,Totals,game_total,Under 56.5,56.5,lowvig,-110.0,-110.0,Pass,0.499,-0.0475,loss,-1.0,0.499,0.5022,0.499,-105.0,0.4635,-0.0387,-0.1151,-1.0,0.0,,
2026-09-25,Navy @ UAB,Moneyline,game_ml,Navy ML,,fanduel,-245.0,198.0,Pass,0.7883,0.1101,loss,-1.0,0.7883,0.6923,0.7883,,,,,,0.0,,
2026-09-25,Navy @ UAB,Moneyline,game_ml,UAB ML,,betrivers,230.0,-305.0,Pass,0.2117,-0.3014,win,2.3,0.2117,0.3077,0.2117,,,,,,0.0,,
2026-09-25,Navy @ UAB,Spread (ATS),game_ats,Navy -6.5,-6.5,mybookieag,-110.0,-110.0,Pass,0.6112,0.1668,loss,-1.0,0.6112,0.5019,0.6112,,,,,,0.0,,
2026-09-25,Navy @ UAB,Spread (ATS),game_ats,UAB +6.5,6.5,fanduel,-106.0,-114.0,Pass,0.3888,-0.2444,win,0.9434,0.3888,0.4981,0.3888,,,,,,0.0,,
2026-09-25,Navy @ UAB,Totals,game_total,Over 51.5,51.5,lowvig,-103.0,-114.0,Pass,0.6211,0.2241,loss,-1.0,0.622,0.4917,0.6211,,,,,,0.0,,
2026-09-25,Navy @ UAB,Totals,game_total,Under 51.5,51.5,betus,-110.0,-110.0,Pass,0.378,-0.2784,win,0.9091,0.378,0.5083,0.378,,,,,,0.0,,
2026-09-25,Northwestern @ Indiana,Moneyline,game_ml,Indiana ML,,fanatics,-1500.0,900.0,Pass,0.8804,-0.061,win,0.0667,0.8804,0.9085,0.8804,-1500.0,0.9092,0.0007,-0.0302,,0.0,,
2026-09-25,Northwestern @ Indiana,Moneyline,game_ml,Northwestern ML,,betrivers,1100.0,-3335.0,Pass,0.1196,0.4358,loss,-1.0,0.1196,0.0915,0.1196,1050.0,0.0908,-0.0007,0.0896,,0.0,price_too_long,
2026-09-25,Northwestern @ Indiana,Spread (ATS),game_ats,Indiana -20.5,-20.5,mybookieag,-110.0,-110.0,Pass,0.4365,-0.1666,loss,-1.0,0.4365,0.5049,0.4365,-106.0,0.5047,-0.0002,-0.0365,0.0,0.0,,
2026-09-25,Northwestern @ Indiana,Spread (ATS),game_ats,Northwestern +20.5,20.5,williamhill_us,-104.0,-117.0,Strong buy,0.5635,0.1053,win,0.9615,0.5635,0.4951,0.5635,-101.0,0.4953,0.0002,-0.0284,0.0,0.0,,
2026-09-25,Northwestern @ Indiana,Totals,game_total,Over 49.5,49.5,betmgm,-108.0,-110.0,Pass,0.3675,-0.2921,win,0.9259,0.3675,0.5008,0.3675,-108.0,0.5047,0.0039,-0.028,0.0,0.0,,
2026-09-25,Northwestern @ Indiana,Totals,game_total,Under 49.5,49.5,draftkings,-108.0,-112.0,Pass,0.6268,0.2073,loss,-1.0,0.6324,0.4992,0.6268,-103.0,0.4953,-0.0039,-0.0461,0.0,0.0,,
2026-09-26,Air Force @ Nevada,Moneyline,game_ml,Air Force ML,,fanduel,-230.0,188.0,Moderate buy,0.7037,0.0096,win,0.4348,0.7037,0.674,0.7037,-230.0,0.6726,-0.0014,-0.035,,0.0408,,
2026-09-26,Air Force @ Nevada,Moneyline,game_ml,Nevada ML,,betrivers,215.0,-278.0,Pass,0.2963,-0.0666,loss,-1.0,0.2963,0.326,0.2963,205.0,0.3274,0.0014,0.0313,,-0.0408,,
2026-09-26,Air Force @ Nevada,Spread (ATS),game_ats,Air Force -6.0,-6.0,lowvig,-101.0,-111.0,Moderate buy,0.5273,0.0494,loss,-1.0,0.5273,0.4936,0.5273,-110.0,0.4936,0.0,-0.0177,-0.5,0.0326,,
2026-09-26,Air Force @ Nevada,Spread (ATS),game_ats,Nevada +6.0,6.0,betmgm,-108.0,-110.0,Pass,0.4727,-0.0897,win,0.9259,0.4727,0.5064,0.4727,-105.0,0.5064,0.0,-0.0247,0.5,-0.0326,,
2026-09-26,Air Force @ Nevada,Totals,game_total,Over 50.5,50.5,betrivers,-108.0,-120.0,Pass,0.4382,-0.156,win,0.9259,0.4382,0.4993,0.4382,-108.0,0.4996,0.0003,-0.0378,0.0,0.03,,
2026-09-26,Air Force @ Nevada,Totals,game_total,Under 50.5,50.5,fanduel,-108.0,-112.0,Strong buy,0.5618,0.0819,loss,-1.0,0.5618,0.5007,0.5618,-108.0,0.5004,-0.0003,-0.0363,0.0,-0.03,,
2026-09-26,Appalachian St @ NC State,Moneyline,game_ml,Appalachian St ML,,betmgm,475.0,-625.0,Pass,0.1682,-0.0327,loss,-1.0,0.1682,0.1748,0.1682,420.0,0.1911,0.0163,0.0988,,-0.0112,,
2026-09-26,Appalachian St @ NC State,Moneyline,game_ml,NC State ML,,draftkings,-600.0,440.0,Pass,0.8318,-0.0296,win,0.1667,0.8318,0.8252,0.8318,-525.0,0.8089,-0.0163,-0.0563,,0.0112,,
2026-09-26,Appalachian St @ NC State,Spread (ATS),game_ats,Appalachian St +14.0,14.0,lowvig,-107.0,-105.0,Pass,0.503,-0.027,win,0.9346,0.503,0.5019,0.503,-108.0,0.5244,0.0225,0.0145,1.0,-0.0106,,
2026-09-26,Appalachian St @ NC State,Spread (ATS),game_ats,NC State -14.0,-14.0,lowvig,-105.0,-107.0,Pass,0.497,-0.0296,loss,-1.0,0.497,0.4981,0.497,-110.0,0.4756,-0.0225,-0.0714,-1.0,0.0106,,
2026-09-26,Appalachian St @ NC State,Totals,game_total,Over 55.5,55.5,lowvig,-108.0,-108.0,Strong buy,0.5458,0.0511,win,0.9259,0.5458,0.5002,0.5458,-108.0,0.5298,0.0296,0.0204,1.0,0.0309,,
2026-09-26,Appalachian St @ NC State,Totals,game_total,Under 55.5,55.5,lowvig,-108.0,-108.0,Pass,0.4542,-0.1252,loss,-1.0,0.4542,0.4998,0.4542,-108.0,0.4702,-0.0296,-0.0944,-1.0,-0.0309,,
2026-09-26,Arizona @ Washington Sta,Moneyline,game_ml,Arizona ML,,draftkings,-410.0,320.0,Pass,0.7322,-0.0893,win,0.2439,0.7322,0.7761,0.7322,-410.0,0.7759,-0.0002,-0.0349,,-0.0306,,
2026-09-26,Arizona @ Washington Sta,Moneyline,game_ml,Washington Sta ML,,bovada,345.0,-470.0,Pass,0.2678,0.1919,loss,-1.0,0.2678,0.2239,0.2678,350.0,0.2241,0.0002,-0.0028,,0.0306,price_too_long,
2026-09-26,Arizona @ Washington Sta,Spread (ATS),game_ats,Arizona -10.5,-10.5,lowvig,-106.0,-106.0,Pass,0.4435,-0.1382,loss,-1.0,0.4435,0.4995,0.4435,-110.0,0.5034,0.0039,-0.0217,0.0,-0.0504,,
2026-09-26,Arizona @ Washington Sta,Spread (ATS),game_ats,Washington Sta +10.5,10.5,lowvig,-106.0,-106.0,Strong buy,0.5565,0.0815,win,0.9434,0.5565,0.5005,0.5565,-101.0,0.4966,-0.0039,-0.0349,0.0,0.0504,,
2026-09-26,Arizona @ Washington Sta,Totals,game_total,Over 48.0,48.0,lowvig,-108.0,-108.0,Pass,0.4701,-0.0947,win,0.9259,0.4701,0.5019,0.4701,-110.0,0.5093,0.0074,-0.0191,0.0,-0.0288,,
2026-09-26,Arizona @ Washington Sta,Totals,game_total,Under 48.0,48.0,bovada,-105.0,-115.0,Moderate buy,0.5299,0.0346,loss,-1.0,0.5299,0.4981,0.5299,-103.0,0.4907,-0.0074,-0.042,0.0,0.0288,,
2026-09-26,Ball State @ Kent State,Moneyline,game_ml,Ball State ML,,lowvig,135.0,-155.0,Pass,0.4239,-0.0039,loss,-1.0,0.4239,0.4151,0.4239,125.0,0.4316,0.0165,0.0143,,0.0263,,
2026-09-26,Ball State @ Kent State,Moneyline,game_ml,Kent State ML,,betus,-150.0,129.0,Pass,0.5761,-0.0398,win,0.6667,0.5761,0.5849,0.5761,-140.0,0.5684,-0.0165,-0.0527,,-0.0263,,
2026-09-26,Ball State @ Kent State,Spread (ATS),game_ats,Ball State +3.0,3.0,lowvig,-104.0,-108.0,Pass,0.512,0.0044,loss,-1.0,0.512,0.4961,0.512,-110.0,0.5105,0.0144,0.0014,0.0,0.0097,,
2026-09-26,Ball State @ Kent State,Spread (ATS),game_ats,Kent State -3.0,-3.0,lowvig,-108.0,-104.0,Pass,0.488,-0.0602,win,0.9259,0.488,0.5039,0.488,100.0,0.4895,-0.0144,-0.0573,0.0,-0.0097,,
2026-09-26,Ball State @ Kent State,Totals,game_total,Over 50.5,50.5,lowvig,-108.0,-108.0,Pass,0.288,-0.4452,loss,-1.0,0.288,0.5046,0.288,-108.0,0.5038,-0.0008,-0.0297,0.0,0.0036,,
2026-09-26,Ball State @ Kent State,Totals,game_total,Under 50.5,50.5,draftkings,-105.0,-115.0,Pass,0.6706,0.3092,win,0.9524,0.712,0.4954,0.6706,-105.0,0.4962,0.0008,-0.0312,0.0,-0.0036,,
2026-09-26,Boise State @ Western Michig,Moneyline,game_ml,Boise State ML,,draftkings,-285.0,230.0,Pass,0.6543,-0.1161,win,0.3509,0.6543,0.7142,0.6543,-298.0,0.7297,0.0155,-0.0143,,-0.0101,,
2026-09-26,Boise State @ Western Michig,Moneyline,game_ml,Western Michig ML,,fanduel,240.0,-300.0,Pass,0.3457,0.1753,loss,-1.0,0.3457,0.2858,0.3457,270.0,0.2703,-0.0155,-0.081,,0.0101,price_too_long,
2026-09-26,Boise State @ Western Michig,Spread (ATS),game_ats,Boise State -7.5,-7.5,lowvig,100.0,-112.0,Pass,0.4445,-0.1111,win,1.0,0.4445,0.4867,0.4445,-108.0,0.5244,0.0377,0.0488,1.0,-0.0133,,
2026-09-26,Boise State @ Western Michig,Spread (ATS),game_ats,Western Michig +7.5,7.5,mybookieag,-110.0,-110.0,Strong buy,0.5555,0.0606,loss,-1.0,0.5555,0.5133,0.5555,-108.0,0.4756,-0.0377,-0.092,-1.0,0.0133,,
2026-09-26,Boise State @ Western Michig,Totals,game_total,Over 50.0,50.0,mybookieag,-110.0,-110.0,Pass,0.447,-0.1467,loss,-1.0,0.447,0.5074,0.447,-110.0,0.5197,0.0123,-0.0078,0.5,0.079,,
2026-09-26,Boise State @ Western Michig,Totals,game_total,Under 50.0,50.0,lowvig,-103.0,-114.0,Strong buy,0.5531,0.09,win,0.9709,0.5531,0.4926,0.5531,-105.0,0.4803,-0.0123,-0.0534,-0.5,-0.079,,
2026-09-26,Bucknell @ Pittsburgh,Spread (ATS),game_ats,Bucknell +52.5,52.5,lowvig,105.0,-125.0,Pass,0.468,-0.0405,loss,-1.0,0.468,0.4675,0.468,-115.0,0.461,-0.0065,-0.0549,-2.0,0.0,,
2026-09-26,Bucknell @ Pittsburgh,Spread (ATS),game_ats,Pittsburgh -52.5,-52.5,lowvig,-125.0,105.0,Pass,0.532,-0.0425,win,0.8,0.532,0.5325,0.532,-105.0,0.539,0.0065,-0.0298,2.0,0.0,,
2026-09-26,Bucknell @ Pittsburgh,Totals,game_total,Over 63.5,63.5,fanduel,-110.0,-110.0,Pass,0.5006,-0.0443,loss,-1.0,0.5006,0.5011,0.5006,-110.0,0.4847,-0.0164,-0.0747,-0.5,0.0,,
2026-09-26,Bucknell @ Pittsburgh,Totals,game_total,Under 63.5,63.5,draftkings,-108.0,-112.0,Pass,0.4994,-0.0382,win,0.9259,0.4994,0.4989,0.4994,-110.0,0.5153,0.0164,-0.0076,0.5,0.0,,
2026-09-26,Central Arkans @ Florida State,Spread (ATS),game_ats,Central Arkans +46.5,46.5,fanduel,-105.0,-115.0,Pass,0.5057,-0.0127,win,0.9524,0.5057,0.5036,0.5057,-110.0,0.5005,-0.0031,-0.0228,0.0,0.0,,
2026-09-26,Central Arkans @ Florida State,Spread (ATS),game_ats,Florida State -46.5,-46.5,draftkings,-105.0,-115.0,Pass,0.4943,-0.0349,loss,-1.0,0.4943,0.4964,0.4943,-108.0,0.4995,0.0031,-0.0248,0.0,0.0,,
2026-09-26,Central Arkans @ Florida State,Totals,game_total,Over 62.5,62.5,draftkings,-115.0,-105.0,Pass,0.5087,-0.049,loss,-1.0,0.5087,0.5108,0.5087,-110.0,0.5153,0.0045,-0.0366,0.5,0.0,,
2026-09-26,Central Arkans @ Florida State,Totals,game_total,Under 62.5,62.5,draftkings,-105.0,-115.0,Pass,0.4913,-0.0408,win,0.9524,0.4913,0.4892,0.4913,-110.0,0.4847,-0.0045,-0.0537,-0.5,0.0,,
2026-09-26,Central Michig @ Miami,Spread (ATS),game_ats,Central Michig +41.5,41.5,lowvig,-101.0,-111.0,Pass,0.6227,0.2393,loss,-1.0,0.625,0.4928,0.6227,-101.0,0.4932,0.0004,-0.0185,0.0,0.0178,,
2026-09-26,Central Michig @ Miami,Spread (ATS),game_ats,Miami -41.5,-41.5,betrivers,-110.0,-113.0,Pass,0.375,-0.284,win,0.9091,0.375,0.5072,0.375,-110.0,0.5068,-0.0004,-0.0325,0.0,-0.0178,,
2026-09-26,Central Michig @ Miami,Totals,game_total,Over 53.5,53.5,lowvig,-108.0,-108.0,Pass,0.4019,-0.2259,win,0.9259,0.4019,0.5037,0.4019,-105.0,0.4699,-0.0338,-0.095,-1.0,-0.027,,
2026-09-26,Central Michig @ Miami,Totals,game_total,Under 53.5,53.5,fanduel,-105.0,-115.0,Pass,0.5981,0.1677,loss,-1.0,0.5981,0.4963,0.5981,-106.0,0.5301,0.0338,0.035,1.0,0.027,,
2026-09-26,Colorado @ Baylor,Moneyline,game_ml,Baylor ML,,fanduel,-360.0,280.0,Pass,0.7716,-0.0141,win,0.2778,0.7716,0.7576,0.7716,-360.0,0.7573,-0.0003,-0.0323,,0.0605,,
2026-09-26,Colorado @ Baylor,Moneyline,game_ml,Colorado ML,,betus,305.0,-380.0,Pass,0.2284,-0.0749,loss,-1.0,0.2284,0.2424,0.2284,305.0,0.2427,0.0003,-0.0171,,-0.0605,,
2026-09-26,Colorado @ Baylor,Spread (ATS),game_ats,Baylor -9.5,-9.5,lowvig,-106.0,-106.0,Pass,0.5191,0.0088,win,0.9434,0.5191,0.5032,0.5191,-106.0,0.5024,-0.0008,-0.0236,0.0,0.0689,,
2026-09-26,Colorado @ Baylor,Spread (ATS),game_ats,Colorado +9.5,9.5,draftkings,-105.0,-115.0,Pass,0.4809,-0.0611,loss,-1.0,0.4809,0.4968,0.4809,-105.0,0.4976,0.0008,-0.0285,0.0,-0.0689,,
2026-09-26,Colorado @ Baylor,Totals,game_total,Over 55.5,55.5,draftkings,-105.0,-115.0,Pass,0.4872,-0.0488,loss,-1.0,0.4872,0.4928,0.4872,-105.0,0.4826,-0.0102,-0.0578,-0.5,0.0834,,
2026-09-26,Colorado @ Baylor,Totals,game_total,Under 55.5,55.5,mybookieag,-110.0,-110.0,Pass,0.5128,-0.0211,win,0.9091,0.5128,0.5072,0.5128,-108.0,0.5174,0.0102,-0.0122,0.5,-0.0834,,
2026-09-26,Colorado State @ UTSA,Moneyline,game_ml,Colorado State ML,,fanduel,480.0,-690.0,Pass,0.1669,-0.032,loss,-1.0,0.1669,0.174,0.1669,500.0,0.1678,-0.0062,-0.0268,,-0.0193,,
2026-09-26,Colorado State @ UTSA,Moneyline,game_ml,UTSA ML,,lowvig,-610.0,452.0,Pass,0.8331,-0.0303,win,0.1639,0.8331,0.826,0.8331,-625.0,0.8322,0.0062,-0.0314,,0.0193,,
2026-09-26,Colorado State @ UTSA,Spread (ATS),game_ats,Colorado State +14.0,14.0,lowvig,-106.0,-106.0,Pass,0.5014,-0.0256,push,0.0,0.5014,0.4986,0.5014,102.0,0.4868,-0.0118,-0.054,0.0,-0.0388,,
2026-09-26,Colorado State @ UTSA,Spread (ATS),game_ats,UTSA -14.0,-14.0,lowvig,-106.0,-106.0,Pass,0.4986,-0.031,push,0.0,0.4986,0.5014,0.4986,-110.0,0.5132,0.0118,-0.0026,0.0,0.0388,,
2026-09-26,Colorado State @ UTSA,Totals,game_total,Over 57.5,57.5,fanduel,-108.0,-112.0,Pass,0.5028,-0.0316,win,0.9259,0.5028,0.5004,0.5028,-108.0,0.5009,0.0005,-0.0353,0.0,0.0311,,
2026-09-26,Colorado State @ UTSA,Totals,game_total,Under 57.5,57.5,betrivers,-107.0,-121.0,Pass,0.4972,-0.0381,loss,-1.0,0.4972,0.4996,0.4972,-107.0,0.4991,-0.0005,-0.0345,0.0,-0.0311,,
2026-09-26,Delaware @ Virginia,Moneyline,game_ml,Delaware ML,,betmgm,950.0,-1400.0,Pass,0.1051,0.1032,loss,-1.0,0.1051,0.102,0.1051,950.0,0.1017,-0.0003,0.0678,,0.0039,,
2026-09-26,Delaware @ Virginia,Moneyline,game_ml,Virginia ML,,lowvig,-1400.0,836.0,Pass,0.8949,-0.0411,win,0.0714,0.8949,0.898,0.8949,-1400.0,0.8983,0.0003,-0.0375,,-0.0039,,
2026-09-26,Delaware @ Virginia,Spread (ATS),game_ats,Delaware +20.0,20.0,lowvig,-106.0,-106.0,Pass,0.5098,-0.0093,loss,-1.0,0.5098,0.4996,0.5098,-106.0,0.4996,0.0,-0.0291,0.0,0.0121,,
2026-09-26,Delaware @ Virginia,Spread (ATS),game_ats,Virginia -20.0,-20.0,lowvig,-106.0,-106.0,Pass,0.4902,-0.0473,win,0.9434,0.4902,0.5004,0.4902,-106.0,0.5004,0.0,-0.0275,0.0,-0.0121,,
2026-09-26,Delaware @ Virginia,Totals,game_total,Over 52.5,52.5,draftkings,-108.0,-112.0,Pass,0.5175,-0.0034,loss,-1.0,0.5175,0.4989,0.5175,-106.0,0.4989,0.0,-0.0392,0.0,-0.0625,,
2026-09-26,Delaware @ Virginia,Totals,game_total,Under 52.5,52.5,fanduel,-110.0,-110.0,Pass,0.4825,-0.0788,win,0.9091,0.4825,0.5011,0.4825,-108.0,0.5011,0.0,-0.0434,0.0,0.0625,,
2026-09-26,Florida Atlant @ UL Monroe,Moneyline,game_ml,Florida Atlant ML,,lowvig,-450.0,350.0,Strong buy,0.8362,0.022,win,0.2222,0.8362,0.7892,0.8362,-450.0,0.7919,0.0027,-0.0321,,-0.0333,,
2026-09-26,Florida Atlant @ UL Monroe,Moneyline,game_ml,UL Monroe ML,,draftkings,370.0,-485.0,Pass,0.1638,-0.2301,loss,-1.0,0.1638,0.2108,0.1638,370.0,0.2081,-0.0027,-0.0219,,0.0333,,
2026-09-26,Florida Atlant @ UL Monroe,Spread (ATS),game_ats,Florida Atlant -11.5,-11.5,betmgm,-108.0,-110.0,Strong buy,0.5669,0.0917,win,0.9259,0.5669,0.5027,0.5669,-109.0,0.5033,0.0006,-0.0307,0.0,-0.058,,
2026-09-26,Florida Atlant @ UL Monroe,Spread (ATS),game_ats,UL Monroe +11.5,11.5,fanduel,-106.0,-114.0,Pass,0.4331,-0.1582,loss,-1.0,0.4331,0.4973,0.4331,-103.0,0.4967,-0.0006,-0.0347,0.0,0.058,,
2026-09-26,Florida Atlant @ UL Monroe,Totals,game_total,Over 58.0,58.0,mybookieag,-110.0,-110.0,Pass,0.4844,-0.0752,win,0.9091,0.4844,0.5093,0.4844,-110.0,0.5093,0.0,-0.0277,0.0,-0.0061,,
2026-09-26,Florida Atlant @ UL Monroe,Totals,game_total,Under 58.0,58.0,lowvig,-103.0,-114.0,Moderate buy,0.5156,0.0162,loss,-1.0,0.5156,0.4907,0.5156,-103.0,0.4907,0.0,-0.0329,0.0,0.0061,,
2026-09-26,Georgia Tech @ Stanford,Moneyline,game_ml,Georgia Tech ML,,fanduel,-160.0,132.0,Pass,0.6182,0.0046,loss,-1.0,0.6182,0.6071,0.6182,-144.0,0.5811,-0.026,-0.0557,,-0.0276,,
2026-09-26,Georgia Tech @ Stanford,Moneyline,game_ml,Stanford ML,,betonlineag,151.0,-172.0,Pass,0.3818,-0.0417,win,1.51,0.3818,0.3929,0.3818,133.0,0.4189,0.026,0.0514,,0.0276,,
2026-09-26,Georgia Tech @ Stanford,Spread (ATS),game_ats,Georgia Tech -3.5,-3.5,fanduel,100.0,-122.0,Moderate buy,0.5128,0.0256,loss,-1.0,0.5128,0.488,0.5128,-104.0,0.4858,-0.0022,-0.0284,-0.5,-0.0369,,
2026-09-26,Georgia Tech @ Stanford,Spread (ATS),game_ats,Stanford +3.5,3.5,mybookieag,-110.0,-110.0,Pass,0.4872,-0.0699,win,0.9091,0.4872,0.512,0.4872,-106.0,0.5142,0.0022,-0.0183,0.5,0.0369,,
2026-09-26,Georgia Tech @ Stanford,Totals,game_total,Over 48.5,48.5,fanduel,-106.0,-114.0,Pass,0.488,-0.0516,win,0.9434,0.488,0.4986,0.488,-106.0,0.5024,0.0038,-0.0236,0.0,0.0292,,
2026-09-26,Georgia Tech @ Stanford,Totals,game_total,Under 48.5,48.5,williamhill_us,-108.0,-112.0,Pass,0.512,-0.014,loss,-1.0,0.512,0.5014,0.512,-105.0,0.4976,-0.0038,-0.0417,0.0,-0.0292,,
2026-09-26,Hawaii @ Wyoming,Moneyline,game_ml,Hawaii ML,,betonlineag,-125.0,105.0,Pass,0.6296,0.1332,loss,-1.0,0.6296,0.5415,0.6296,-125.0,0.5332,-0.0083,-0.0402,,-0.1124,,
2026-09-26,Hawaii @ Wyoming,Moneyline,game_ml,Wyoming ML,,fanduel,118.0,-142.0,Pass,0.3704,-0.1924,win,1.18,0.3704,0.4585,0.3704,106.0,0.4668,0.0083,0.0176,,0.1124,,
2026-09-26,Hawaii @ Wyoming,Spread (ATS),game_ats,Hawaii -2.5,-2.5,mybookieag,-110.0,-110.0,Strong buy,0.5472,0.0447,loss,-1.0,0.5472,0.5036,0.5472,-106.0,0.4879,-0.0157,-0.0686,-0.5,-0.0712,,
2026-09-26,Hawaii @ Wyoming,Spread (ATS),game_ats,Wyoming +2.5,2.5,fanduel,-102.0,-120.0,Pass,0.4528,-0.1033,win,0.9804,0.4528,0.4964,0.4528,-106.0,0.5121,0.0157,0.0142,0.5,0.0712,,
2026-09-26,Hawaii @ Wyoming,Totals,game_total,Over 43.5,43.5,lowvig,-108.0,-108.0,Pass,0.4191,-0.1928,loss,-1.0,0.4191,0.5036,0.4191,-108.0,0.5153,0.0117,-0.0076,0.5,-0.0588,,
2026-09-26,Hawaii @ Wyoming,Totals,game_total,Under 43.5,43.5,bovada,-105.0,-115.0,Pass,0.5809,0.1341,win,0.9524,0.5809,0.4964,0.5809,-108.0,0.4847,-0.0117,-0.0537,-0.5,0.0588,,
2026-09-26,Houston @ Georgia Southe,Moneyline,game_ml,Georgia Southe ML,,betonlineag,661.0,-1000.0,Pass,0.1398,0.0641,loss,-1.0,0.1398,0.1299,0.1398,661.0,0.1307,0.0008,-0.0054,,0.032,,
2026-09-26,Houston @ Georgia Southe,Moneyline,game_ml,Houston ML,,betmgm,-900.0,650.0,Pass,0.8602,-0.0443,win,0.1111,0.8602,0.8701,0.8602,-900.0,0.8693,-0.0008,-0.0341,,-0.032,,
2026-09-26,Houston @ Georgia Southe,Spread (ATS),game_ats,Georgia Southe +17.5,17.5,fanduel,-110.0,-110.0,Moderate buy,0.5354,0.0222,win,0.9091,0.5354,0.5004,0.5354,-110.0,0.5013,0.0009,-0.043,0.0,0.0503,,
2026-09-26,Houston @ Georgia Southe,Spread (ATS),game_ats,Houston -17.5,-17.5,draftkings,-108.0,-112.0,Pass,0.4646,-0.1053,loss,-1.0,0.4646,0.4996,0.4646,-105.0,0.4987,-0.0009,-0.0395,0.0,-0.0503,,
2026-09-26,Houston @ Georgia Southe,Totals,game_total,Over 56.5,56.5,lowvig,-108.0,-108.0,Moderate buy,0.5245,0.0101,win,0.9259,0.5245,0.4992,0.5245,-108.0,0.4997,0.0005,-0.0376,0.0,0.0606,,
2026-09-26,Houston @ Georgia Southe,Totals,game_total,Under 56.5,56.5,lowvig,-108.0,-108.0,Pass,0.4755,-0.0842,loss,-1.0,0.4755,0.5008,0.4755,-108.0,0.5003,-0.0005,-0.0365,0.0,-0.0606,,
2026-09-26,Illinois @ Ohio State,Moneyline,game_ml,Illinois ML,,betmgm,1900.0,-5000.0,Pass,0.0723,0.4453,loss,-1.0,0.0723,0.0583,0.0723,1900.0,0.0583,0.0,0.166,,0.0061,,
2026-09-26,Illinois @ Ohio State,Moneyline,game_ml,Ohio State ML,,draftkings,-4000.0,1600.0,Pass,0.9277,-0.0491,win,0.025,0.9277,0.9417,0.9277,-4000.0,0.9417,0.0,-0.0348,,-0.0061,,
2026-09-26,Illinois @ Ohio State,Spread (ATS),game_ats,Illinois +26.5,26.5,betrivers,-110.0,-113.0,Strong buy,0.5607,0.0704,win,0.9091,0.5607,0.5011,0.5607,-102.0,0.5189,0.0178,-0.0094,1.0,0.0065,,
2026-09-26,Illinois @ Ohio State,Spread (ATS),game_ats,Ohio State -26.5,-26.5,draftkings,-108.0,-112.0,Pass,0.4393,-0.1539,loss,-1.0,0.4393,0.4989,0.4393,-110.0,0.4811,-0.0178,-0.0734,-1.0,-0.0065,,
2026-09-26,Illinois @ Ohio State,Totals,game_total,Over 54.5,54.5,betmgm,-110.0,-108.0,Pass,0.4037,-0.2293,win,0.9091,0.4037,0.5046,0.4037,-110.0,0.4881,-0.0165,-0.0682,-0.5,0.0351,,
2026-09-26,Illinois @ Ohio State,Totals,game_total,Under 54.5,54.5,lowvig,-103.0,-114.0,Pass,0.5963,0.1752,loss,-1.0,0.5963,0.4954,0.5963,-105.0,0.5119,0.0165,0.0089,0.5,-0.0351,,
2026-09-26,Incarnate Word @ Texas State,Moneyline,game_ml,Incarnate Word ML,,draftkings,1800.0,-5000.0,Pass,0.0431,-0.1814,loss,-1.0,0.0431,0.0538,0.0431,2200.0,0.0545,0.0007,0.0355,,0.0,,
2026-09-26,Incarnate Word @ Texas State,Moneyline,game_ml,Texas State ML,,fanduel,-4500.0,1600.0,Pass,0.9569,-0.0218,win,0.0222,0.9569,0.9462,0.9569,-3200.0,0.9455,-0.0007,-0.0335,,0.0,,
2026-09-26,Incarnate Word @ Texas State,Spread (ATS),game_ats,Incarnate Word +30.5,30.5,bovada,100.0,-120.0,Pass,0.5006,0.0012,loss,-1.0,0.5006,0.4861,0.5006,-102.0,0.4971,0.011,-0.0058,0.0,0.0,,
2026-09-26,Incarnate Word @ Texas State,Spread (ATS),game_ats,Texas State -30.5,-30.5,fanduel,-115.0,-105.0,Pass,0.4994,-0.0664,win,0.8696,0.4994,0.5139,0.4994,-105.0,0.5029,-0.011,-0.0598,0.0,0.0,,
2026-09-26,Incarnate Word @ Texas State,Totals,game_total,Over 64.5,64.5,lowvig,-105.0,-115.0,Pass,0.5081,-0.008,win,0.9524,0.5081,0.495,0.5081,-104.0,0.5301,0.0351,0.035,1.0,0.0,,
2026-09-26,Incarnate Word @ Texas State,Totals,game_total,Under 64.5,64.5,draftkings,-105.0,-115.0,Pass,0.4919,-0.0396,loss,-1.0,0.4919,0.505,0.4919,-105.0,0.4699,-0.0351,-0.0826,-1.0,0.0,,
2026-09-26,Iowa @ Michigan,Moneyline,game_ml,Iowa ML,,bovada,185.0,-225.0,Strong buy,0.3951,0.126,win,1.85,0.3951,0.3414,0.3951,180.0,0.3481,0.0067,-0.0079,,-0.0188,,
2026-09-26,Iowa @ Michigan,Moneyline,game_ml,Michigan ML,,betonlineag,-215.0,183.0,Pass,0.6049,-0.1137,loss,-1.0,0.6049,0.6586,0.6049,-200.0,0.6519,-0.0067,-0.0449,,0.0188,,
2026-09-26,Iowa @ Michigan,Spread (ATS),game_ats,Iowa +5.5,5.5,lowvig,-108.0,-104.0,Strong buy,0.5493,0.0579,win,0.9259,0.5493,0.502,0.5493,-108.0,0.5037,0.0017,-0.0299,0.0,-0.0229,,
2026-09-26,Iowa @ Michigan,Spread (ATS),game_ats,Michigan -5.5,-5.5,lowvig,-104.0,-108.0,Pass,0.4507,-0.1159,loss,-1.0,0.4507,0.498,0.4507,-104.0,0.4963,-0.0017,-0.0265,0.0,0.0229,,
2026-09-26,Iowa @ Michigan,Totals,game_total,Over 38.5,38.5,lowvig,-106.0,-110.0,Pass,0.4492,-0.127,win,0.9434,0.4492,0.4994,0.4492,-108.0,0.546,0.0466,0.0611,1.5,0.0285,,
2026-09-26,Iowa @ Michigan,Totals,game_total,Under 38.5,38.5,draftkings,-108.0,-112.0,Strong buy,0.5508,0.0608,loss,-1.0,0.5508,0.5006,0.5508,-108.0,0.454,-0.0466,-0.1256,-1.5,-0.0285,,
2026-09-26,James Madison @ Old Dominion,Moneyline,game_ml,James Madison ML,,betrivers,-220.0,170.0,Pass,0.6738,-0.0199,win,0.4545,0.6738,0.6673,0.6738,,,,,,0.0399,,
2026-09-26,James Madison @ Old Dominion,Moneyline,game_ml,Old Dominion ML,,mybookieag,204.0,-260.0,Pass,0.3262,-0.0083,loss,-1.0,0.3262,0.3327,0.3262,,,,,,-0.0399,,
2026-09-26,James Madison @ Old Dominion,Spread (ATS),game_ats,James Madison -6.0,-6.0,lowvig,-109.0,-103.0,Pass,0.4977,-0.0457,win,0.9174,0.4977,0.505,0.4977,,,,,,0.0424,,
2026-09-26,James Madison @ Old Dominion,Spread (ATS),game_ats,Old Dominion +6.0,6.0,lowvig,-103.0,-109.0,Pass,0.5023,-0.01,loss,-1.0,0.5023,0.495,0.5023,,,,,,-0.0424,,
2026-09-26,James Madison @ Old Dominion,Totals,game_total,Over 43.5,43.5,lowvig,-114.0,-103.0,Pass,0.5016,-0.0584,win,0.8772,0.5016,0.5112,0.5016,,,,,,-0.2361,,
2026-09-26,James Madison @ Old Dominion,Totals,game_total,Under 43.5,43.5,lowvig,-103.0,-114.0,Pass,0.4984,-0.0177,loss,-1.0,0.4984,0.4888,0.4984,,,,,,0.2361,,
2026-09-26,Kansas State @ Cincinnati,Moneyline,game_ml,Cincinnati ML,,betrivers,210.0,-275.0,Pass,0.3557,0.1028,win,2.1,0.3557,0.3259,0.3557,195.0,0.329,0.0031,0.0199,,0.0285,price_too_long,
2026-09-26,Kansas State @ Cincinnati,Moneyline,game_ml,Kansas State ML,,fanduel,-230.0,188.0,Pass,0.6443,-0.0756,loss,-1.0,0.6443,0.6741,0.6443,-225.0,0.671,-0.0031,-0.0373,,-0.0285,,
2026-09-26,Kansas State @ Cincinnati,Spread (ATS),game_ats,Cincinnati +6.5,6.5,betrivers,-112.0,-110.0,Moderate buy,0.5394,0.0211,win,0.8929,0.5394,0.5096,0.5394,-110.0,0.5134,0.0038,-0.0282,0.5,0.0332,,
2026-09-26,Kansas State @ Cincinnati,Spread (ATS),game_ats,Kansas State -6.5,-6.5,lowvig,100.0,-112.0,Pass,0.4606,-0.0789,loss,-1.0,0.4606,0.4904,0.4606,-108.0,0.4866,-0.0038,-0.0268,-0.5,-0.0332,,
2026-09-26,Kansas State @ Cincinnati,Totals,game_total,Over 55.5,55.5,betmgm,-102.0,-118.0,Strong buy,0.5496,0.0885,win,0.9804,0.5496,0.4926,0.5496,-105.0,0.4927,0.0001,-0.0243,0.0,0.054,,
2026-09-26,Kansas State @ Cincinnati,Totals,game_total,Under 55.5,55.5,betrivers,-109.0,-113.0,Pass,0.4504,-0.1364,loss,-1.0,0.4504,0.5074,0.4504,-109.0,0.5073,-0.0001,-0.0273,0.0,-0.054,,
2026-09-26,Kennesaw State @ Arkansas State,Moneyline,game_ml,Arkansas State ML,,betmgm,-235.0,200.0,Pass,0.6691,-0.0462,win,0.4255,0.6691,0.6824,0.6691,-235.0,0.6824,0.0,-0.0272,,0.0455,,
2026-09-26,Kennesaw State @ Arkansas State,Moneyline,game_ml,Kennesaw State ML,,betus,210.0,-250.0,Pass,0.3309,0.0259,loss,-1.0,0.3309,0.3176,0.3309,210.0,0.3176,0.0,-0.0154,,-0.0455,,
2026-09-26,Kennesaw State @ Arkansas State,Spread (ATS),game_ats,Arkansas State -6.5,-6.5,bovada,-105.0,-115.0,Pass,0.4853,-0.0525,loss,-1.0,0.4853,0.499,0.4853,-105.0,0.499,0.0,-0.0258,0.0,0.0489,,
2026-09-26,Kennesaw State @ Arkansas State,Spread (ATS),game_ats,Kennesaw State +6.5,6.5,lowvig,-106.0,-106.0,Pass,0.5147,0.0003,win,0.9434,0.5147,0.501,0.5147,-106.0,0.501,0.0,-0.0264,0.0,-0.0489,,
2026-09-26,Kennesaw State @ Arkansas State,Totals,game_total,Over 52.5,52.5,betrivers,-113.0,-114.0,Pass,0.5276,-0.0055,loss,-1.0,0.5276,0.5079,0.5276,-110.0,0.5057,-0.0022,-0.0468,0.0,-0.0535,,
2026-09-26,Kennesaw State @ Arkansas State,Totals,game_total,Under 52.5,52.5,fanduel,-105.0,-115.0,Pass,0.4724,-0.0776,win,0.9524,0.4724,0.4921,0.4724,-105.0,0.4943,0.0022,-0.0349,0.0,0.0535,,
2026-09-26,LIU @ Florida Intern,Moneyline,game_ml,Florida Intern ML,,draftkings,-20000.0,3500.0,Pass,0.9733,-0.0219,win,0.005,0.9733,0.9728,0.9733,-4500.0,0.9596,-0.0132,-0.0356,,0.0,,
2026-09-26,LIU @ Florida Intern,Moneyline,game_ml,LIU ML,,draftkings,3500.0,-20000.0,Pass,0.0267,-0.037,loss,-1.0,0.0267,0.0272,0.0267,3500.0,0.0404,0.0132,0.4544,,0.0,,
2026-09-26,LIU @ Florida Intern,Spread (ATS),game_ats,Florida Intern -36.5,-36.5,draftkings,-110.0,-110.0,Pass,0.5021,-0.0414,loss,-1.0,0.5021,0.5058,0.5021,-108.0,0.5258,0.02,0.0038,1.0,0.0,,
2026-09-26,LIU @ Florida Intern,Spread (ATS),game_ats,LIU +36.5,36.5,lowvig,-105.0,-115.0,Pass,0.4979,-0.028,win,0.9524,0.4979,0.4942,0.4979,-105.0,0.4742,-0.02,-0.0742,-1.0,0.0,,
2026-09-26,LIU @ Florida Intern,Totals,game_total,Over 53.5,53.5,betrivers,-107.0,-115.0,Pass,0.4918,-0.0486,loss,-1.0,0.4918,0.5008,0.4918,-105.0,0.5245,0.0237,0.0147,1.0,0.0,,
2026-09-26,LIU @ Florida Intern,Totals,game_total,Under 53.5,53.5,fanduel,-105.0,-115.0,Pass,0.5082,-0.0078,win,0.9524,0.5082,0.4992,0.5082,-110.0,0.4755,-0.0237,-0.0716,-1.0,0.0,,
2026-09-26,Lindenwood @ Eastern Michig,Moneyline,game_ml,Eastern Michig ML,,draftkings,-2400.0,1200.0,Pass,0.9235,-0.038,win,0.0417,0.9235,0.932,0.9235,-2400.0,0.9271,-0.0049,-0.0343,,0.0,,
2026-09-26,Lindenwood @ Eastern Michig,Moneyline,game_ml,Lindenwood ML,,fanduel,1600.0,-4500.0,Pass,0.0765,0.3005,loss,-1.0,0.0765,0.068,0.0765,1300.0,0.0729,0.0049,0.2393,,0.0,,
2026-09-26,Lindenwood @ Eastern Michig,Spread (ATS),game_ats,Eastern Michig -25.5,-25.5,bovada,-105.0,-115.0,Pass,0.448,-0.1253,win,0.9524,0.448,0.4977,0.448,-105.0,0.4608,-0.0369,-0.1003,-1.5,0.0,,
2026-09-26,Lindenwood @ Eastern Michig,Spread (ATS),game_ats,Lindenwood +25.5,25.5,draftkings,-110.0,-110.0,Strong buy,0.552,0.0538,loss,-1.0,0.552,0.5023,0.552,-108.0,0.5392,0.0369,0.0294,1.5,0.0,,
2026-09-26,Lindenwood @ Eastern Michig,Totals,game_total,Over 50.5,50.5,fanduel,-110.0,-110.0,Pass,0.4951,-0.0548,loss,-1.0,0.4951,0.5014,0.4951,-110.0,0.5846,0.0832,0.1161,2.5,0.0,,
2026-09-26,Lindenwood @ Eastern Michig,Totals,game_total,Under 50.5,50.5,betrivers,-108.0,-114.0,Pass,0.5049,-0.0276,win,0.9259,0.5049,0.4986,0.5049,-105.0,0.4154,-0.0832,-0.2,-2.5,0.0,,
2026-09-26,Louisiana @ Charlotte,Moneyline,game_ml,Charlotte ML,,betrivers,340.0,-480.0,Pass,0.2332,0.026,loss,-1.0,0.2332,0.228,0.2332,310.0,0.2405,0.0125,0.0582,,0.0592,,
2026-09-26,Louisiana @ Charlotte,Moneyline,game_ml,Louisiana ML,,fanduel,-400.0,310.0,Pass,0.7668,-0.0415,win,0.25,0.7668,0.772,0.7668,-350.0,0.7595,-0.0125,-0.0506,,-0.0592,,
2026-09-26,Louisiana @ Charlotte,Spread (ATS),game_ats,Charlotte +10.0,10.0,betrivers,-109.0,-113.0,Pass,0.5,-0.0412,loss,-1.0,0.5,0.5037,0.5,-106.0,0.5125,0.0088,-0.0173,0.5,0.091,,
2026-09-26,Louisiana @ Charlotte,Spread (ATS),game_ats,Louisiana -10.0,-10.0,lowvig,-101.0,-111.0,Pass,0.5,-0.005,win,0.9901,0.5,0.4963,0.5,-106.0,0.4875,-0.0088,-0.0298,-0.5,-0.091,,
2026-09-26,Louisiana @ Charlotte,Totals,game_total,Over 49.0,49.0,mybookieag,-110.0,-110.0,Pass,0.4979,-0.0495,loss,-1.0,0.4979,0.509,0.4979,-110.0,0.509,0.0,-0.0283,0.0,-0.0678,,
2026-09-26,Louisiana @ Charlotte,Totals,game_total,Under 49.0,49.0,lowvig,-103.0,-114.0,Pass,0.5021,-0.0104,win,0.9709,0.5021,0.491,0.5021,-103.0,0.491,0.0,-0.0323,0.0,0.0678,,
2026-09-26,Mercyhurst @ Western Kentuc,Moneyline,game_ml,Mercyhurst ML,,fanduel,4000.0,-30000.0,Pass,0.0201,-0.1764,loss,-1.0,0.0201,0.0239,0.0201,3500.0,0.0272,0.0033,0.1152,,0.0,,
2026-09-26,Mercyhurst @ Western Kentuc,Moneyline,game_ml,Western Kentuc ML,,fanduel,-30000.0,4000.0,Pass,0.9799,-0.0168,win,0.0033,0.9799,0.9761,0.9799,-20000.0,0.9728,-0.0033,-0.024,,0.0,,
2026-09-26,Mercyhurst @ Western Kentuc,Spread (ATS),game_ats,Mercyhurst +40.5,40.5,bovada,-105.0,-115.0,Pass,0.4995,-0.0248,loss,-1.0,0.4995,0.4981,0.4995,100.0,0.4951,-0.003,-0.0334,0.0,0.0,,
2026-09-26,Mercyhurst @ Western Kentuc,Spread (ATS),game_ats,Western Kentuc -40.5,-40.5,fanduel,-110.0,-110.0,Pass,0.5005,-0.0445,win,0.9091,0.5005,0.5019,0.5005,-108.0,0.5049,0.003,-0.0361,0.0,0.0,,
2026-09-26,Mercyhurst @ Western Kentuc,Totals,game_total,Over 58.5,58.5,draftkings,-105.0,-115.0,Pass,0.5018,-0.0203,win,0.9524,0.5018,0.491,0.5018,-105.0,0.4986,0.0076,-0.0265,0.0,0.0,,
2026-09-26,Mercyhurst @ Western Kentuc,Totals,game_total,Under 58.5,58.5,fanduel,-112.0,-110.0,Pass,0.4982,-0.0569,loss,-1.0,0.4982,0.509,0.4982,-104.0,0.5014,-0.0076,-0.0509,0.0,0.0,,
2026-09-26,Middle Tenness @ Jacksonville S,Moneyline,game_ml,Jacksonville S ML,,draftkings,-285.0,230.0,Pass,0.8269,0.117,win,0.3509,0.8269,0.7129,0.8269,-285.0,0.7133,0.0004,-0.0364,,-0.0333,,
2026-09-26,Middle Tenness @ Jacksonville S,Moneyline,game_ml,Middle Tenness ML,,bovada,250.0,-300.0,Pass,0.1731,-0.394,loss,-1.0,0.1731,0.2871,0.1731,250.0,0.2867,-0.0004,0.0034,,0.0333,,
2026-09-26,Middle Tenness @ Jacksonville S,Spread (ATS),game_ats,Jacksonville S -7.0,-7.0,lowvig,-106.0,-106.0,Pass,0.6437,0.2511,win,0.9434,0.6632,0.5039,0.6437,-102.0,0.5014,-0.0025,-0.0256,0.5,-0.0335,,
2026-09-26,Middle Tenness @ Jacksonville S,Spread (ATS),game_ats,Middle Tenness +7.0,7.0,draftkings,-105.0,-115.0,Pass,0.3368,-0.3424,loss,-1.0,0.3368,0.4961,0.3368,-110.0,0.4986,0.0025,-0.0265,-0.5,0.0335,,
2026-09-26,Middle Tenness @ Jacksonville S,Totals,game_total,Over 51.5,51.5,lowvig,-108.0,-108.0,Strong buy,0.5744,0.1063,loss,-1.0,0.5744,0.4985,0.5744,-108.0,0.4985,0.0,-0.0399,0.0,-0.0629,,
2026-09-26,Middle Tenness @ Jacksonville S,Totals,game_total,Under 51.5,51.5,lowvig,-108.0,-108.0,Pass,0.4256,-0.1804,win,0.9259,0.4256,0.5015,0.4256,-108.0,0.5015,0.0,-0.0341,0.0,0.0629,,
2026-09-26,Minnesota @ Washington,Moneyline,game_ml,Minnesota ML,,betrivers,330.0,-500.0,Pass,0.2604,0.1198,win,3.3,0.2604,0.2278,0.2604,390.0,0.2141,-0.0137,-0.0794,,-0.0124,,
2026-09-26,Minnesota @ Washington,Moneyline,game_ml,Washington ML,,fanduel,-385.0,300.0,Pass,0.7396,-0.0683,loss,-1.0,0.7396,0.7722,0.7396,-415.0,0.7859,0.0137,-0.01,,0.0124,,
2026-09-26,Minnesota @ Washington,Spread (ATS),game_ats,Minnesota +10.5,10.5,mybookieag,-110.0,-110.0,Moderate buy,0.546,0.0423,win,0.9091,0.546,0.5063,0.546,-106.0,0.4647,-0.0416,-0.1128,-1.5,-0.0436,,
2026-09-26,Minnesota @ Washington,Spread (ATS),game_ats,Washington -10.5,-10.5,lowvig,-101.0,-111.0,Pass,0.454,-0.0964,loss,-1.0,0.454,0.4937,0.454,-105.0,0.5353,0.0416,0.0653,1.5,0.0436,,
2026-09-26,Minnesota @ Washington,Totals,game_total,Over 45.5,45.5,draftkings,-112.0,-108.0,Pass,0.4256,-0.1944,win,0.8929,0.4256,0.5066,0.4256,-108.0,0.4847,-0.0219,-0.0825,-0.5,0.0121,,
2026-09-26,Minnesota @ Washington,Totals,game_total,Under 45.5,45.5,fanduel,-105.0,-115.0,Pass,0.5744,0.1214,loss,-1.0,0.5744,0.4934,0.5744,-108.0,0.5153,0.0219,0.0061,0.5,-0.0121,,
2026-09-26,Missouri @ Mississippi St,Moneyline,game_ml,Mississippi St ML,,fanduel,-220.0,180.0,Pass,0.5475,-0.2036,win,0.4545,0.5475,0.6638,0.5475,-165.0,0.6104,-0.0534,-0.1121,,0.0664,,
2026-09-26,Missouri @ Mississippi St,Moneyline,game_ml,Missouri ML,,draftkings,190.0,-230.0,Pass,0.4525,0.3122,loss,-1.0,0.4525,0.3362,0.4525,150.0,0.3896,0.0534,0.1298,,-0.0664,,
2026-09-26,Missouri @ Mississippi St,Spread (ATS),game_ats,Mississippi St -6.0,-6.0,betmgm,-108.0,-110.0,Pass,0.3901,-0.2486,win,0.9259,0.3901,0.4994,0.3901,-103.0,0.4366,-0.0628,-0.1591,-2.5,0.0606,,
2026-09-26,Missouri @ Mississippi St,Spread (ATS),game_ats,Missouri +6.0,6.0,williamhill_us,-109.0,-112.0,Pass,0.6099,0.1694,loss,-1.0,0.6099,0.5006,0.6099,-107.0,0.5634,0.0628,0.0803,2.5,-0.0606,,
2026-09-26,Missouri @ Mississippi St,Totals,game_total,Over 58.5,58.5,lowvig,-108.0,-108.0,Pass,0.3429,-0.3395,loss,-1.0,0.3429,0.5047,0.3429,-105.0,0.502,-0.0027,-0.0332,0.0,0.0073,,
2026-09-26,Missouri @ Mississippi St,Totals,game_total,Under 58.5,58.5,fanduel,-104.0,-118.0,Pass,0.6404,0.2561,win,0.9615,0.6571,0.4953,0.6404,-103.0,0.498,0.0027,-0.0232,0.0,-0.0073,,
2026-09-26,Missouri State @ SMU,Moneyline,game_ml,Missouri State ML,,fanduel,3500.0,-20000.0,Pass,0.0375,0.3512,loss,-1.0,0.0375,0.0356,0.0375,3000.0,0.0409,0.0053,0.4724,,0.0129,,
2026-09-26,Missouri State @ SMU,Moneyline,game_ml,SMU ML,,fanatics,-9000.0,3000.0,Pass,0.9625,-0.0268,win,0.0111,0.9625,0.9644,0.9625,-8000.0,0.9591,-0.0053,-0.0302,,-0.0129,,
2026-09-26,Missouri State @ SMU,Spread (ATS),game_ats,Missouri State +33.5,33.5,williamhill_us,-106.0,-114.0,Moderate buy,0.5313,0.0326,win,0.9434,0.5313,0.4983,0.5313,-101.0,0.5699,0.0716,0.1075,3.0,0.0286,,
2026-09-26,Missouri State @ SMU,Spread (ATS),game_ats,SMU -33.5,-33.5,fanduel,-110.0,-110.0,Pass,0.4687,-0.1053,loss,-1.0,0.4687,0.5017,0.4687,-110.0,0.4301,-0.0716,-0.1789,-3.0,-0.0286,,
2026-09-26,Missouri State @ SMU,Totals,game_total,Over 59.5,59.5,fanatics,-110.0,-110.0,Pass,0.4851,-0.0739,loss,-1.0,0.4851,0.5035,0.4851,-107.0,0.5285,0.025,0.009,1.0,0.008,,
2026-09-26,Missouri State @ SMU,Totals,game_total,Under 59.5,59.5,lowvig,-103.0,-114.0,Pass,0.5149,0.0148,win,0.9709,0.5149,0.4965,0.5149,-110.0,0.4715,-0.025,-0.0707,-1.0,-0.008,,
2026-09-26,Nebraska @ Michigan State,Moneyline,game_ml,Michigan State ML,,mybookieag,198.0,-250.0,Pass,0.3448,0.0276,loss,-1.0,0.3448,0.3336,0.3448,199.0,0.334,0.0004,-0.0047,,-0.0387,,
2026-09-26,Nebraska @ Michigan State,Moneyline,game_ml,Nebraska ML,,draftkings,-225.0,185.0,Pass,0.6552,-0.0537,win,0.4444,0.6552,0.6664,0.6552,-220.0,0.666,-0.0004,-0.038,,0.0387,,
2026-09-26,Nebraska @ Michigan State,Spread (ATS),game_ats,Michigan State +5.5,5.5,lowvig,-101.0,-111.0,Pass,0.5028,0.0006,loss,-1.0,0.5028,0.4882,0.5028,-101.0,0.4902,0.002,-0.0245,0.0,-0.0381,,
2026-09-26,Nebraska @ Michigan State,Spread (ATS),game_ats,Nebraska -5.5,-5.5,williamhill_us,-110.0,-109.0,Pass,0.4972,-0.0508,win,0.9091,0.4972,0.5118,0.4972,-110.0,0.5098,-0.002,-0.0267,0.0,0.0381,,
2026-09-26,Nebraska @ Michigan State,Totals,game_total,Over 49.0,49.0,mybookieag,-110.0,-110.0,Moderate buy,0.5299,0.0116,loss,-1.0,0.5299,0.5021,0.5299,-105.0,0.5096,0.0075,-0.0271,0.5,0.0164,,
2026-09-26,Nebraska @ Michigan State,Totals,game_total,Under 49.0,49.0,lowvig,-106.0,-110.0,Pass,0.4701,-0.0864,win,0.9434,0.4701,0.4979,0.4701,-110.0,0.4904,-0.0075,-0.047,-0.5,-0.0164,,
2026-09-26,New Mexico @ New Mexico Sta,Moneyline,game_ml,New Mexico ML,,lowvig,-450.0,350.0,Pass,0.7959,-0.0272,win,0.2222,0.7959,0.7935,0.7959,-450.0,0.7933,-0.0002,-0.0304,,-0.0177,,
2026-09-26,New Mexico @ New Mexico Sta,Moneyline,game_ml,New Mexico Sta ML,,betrivers,400.0,-590.0,Pass,0.2041,0.0203,loss,-1.0,0.2041,0.2065,0.2041,400.0,0.2067,0.0002,0.0335,,0.0177,,
2026-09-26,New Mexico @ New Mexico Sta,Spread (ATS),game_ats,New Mexico -11.5,-11.5,lowvig,-101.0,-111.0,Pass,0.4996,-0.0058,win,0.9901,0.4996,0.4965,0.4996,-101.0,0.4961,-0.0004,-0.0127,0.0,-0.0534,,
2026-09-26,New Mexico @ New Mexico Sta,Spread (ATS),game_ats,New Mexico Sta +11.5,11.5,fanduel,-110.0,-110.0,Pass,0.5004,-0.0446,loss,-1.0,0.5004,0.5035,0.5004,-110.0,0.5039,0.0004,-0.038,0.0,0.0534,,
2026-09-26,New Mexico @ New Mexico Sta,Totals,game_total,Over 48.5,48.5,betmgm,-105.0,-112.0,Pass,0.4978,-0.0282,win,0.9524,0.4978,0.4964,0.4978,-108.0,0.4735,-0.0229,-0.0755,-1.0,-0.0663,,
2026-09-26,New Mexico @ New Mexico Sta,Totals,game_total,Under 48.5,48.5,mybookieag,-110.0,-110.0,Pass,0.5022,-0.0412,loss,-1.0,0.5022,0.5036,0.5022,-105.0,0.5265,0.0229,0.0051,1.0,0.0663,,
2026-09-26,North Carolina @ East Carolina,Moneyline,game_ml,East Carolina ML,,draftkings,-4500.0,1700.0,Pass,0.9729,-0.0054,win,0.0222,0.9729,0.9537,0.9729,-10000.0,0.9753,0.0216,-0.003,,0.0,,
2026-09-26,North Carolina @ East Carolina,Moneyline,game_ml,North Carolina ML,,fanduel,2400.0,-10000.0,Pass,0.0271,-0.3234,loss,-1.0,0.0271,0.0463,0.0271,5500.0,0.0247,-0.0216,-0.3825,,0.0,,
2026-09-26,North Carolina @ East Carolina,Spread (ATS),game_ats,East Carolina -36.5,-36.5,draftkings,-112.0,-108.0,Pass,0.5034,-0.0471,loss,-1.0,0.5034,0.5085,0.5034,-110.0,0.5286,0.0201,0.0006,1.0,0.0,,
2026-09-26,North Carolina @ East Carolina,Spread (ATS),game_ats,North Carolina +36.5,36.5,lowvig,-105.0,-115.0,Pass,0.4966,-0.0304,win,0.9524,0.4966,0.4915,0.4966,-104.0,0.4714,-0.0201,-0.0796,-1.0,0.0,,
2026-09-26,North Carolina @ East Carolina,Totals,game_total,Over 56.5,56.5,betrivers,-104.0,-121.0,Pass,0.4995,-0.0203,loss,-1.0,0.4995,0.5055,0.4995,-108.0,0.5322,0.0267,0.0439,1.0,0.0,,
2026-09-26,North Carolina @ East Carolina,Totals,game_total,Under 56.5,56.5,lowvig,100.0,-120.0,Pass,0.5005,0.001,win,1.0,0.5005,0.4945,0.5005,-105.0,0.4678,-0.0267,-0.0644,-1.0,0.0,,
2026-09-26,Northern Illin @ Georgia State,Moneyline,game_ml,Georgia State ML,,mybookieag,-386.0,290.0,Pass,0.7887,-0.007,win,0.2591,0.7887,0.7699,0.7887,-370.0,0.7675,-0.0024,-0.0337,,0.0186,,
2026-09-26,Northern Illin @ Georgia State,Moneyline,game_ml,Northern Illin ML,,betrivers,340.0,-480.0,Pass,0.2113,-0.0701,loss,-1.0,0.2113,0.2301,0.2113,340.0,0.2325,0.0024,0.023,,-0.0186,,
2026-09-26,Northern Illin @ Georgia State,Spread (ATS),game_ats,Georgia State -10.5,-10.5,draftkings,-102.0,-118.0,Moderate buy,0.5158,0.0214,win,0.9804,0.5158,0.4934,0.5158,103.0,0.4876,-0.0058,-0.0344,0.0,0.0486,,
2026-09-26,Northern Illin @ Georgia State,Spread (ATS),game_ats,Northern Illin +10.5,10.5,lowvig,-109.0,-103.0,Pass,0.4842,-0.0715,loss,-1.0,0.4842,0.5066,0.4842,-110.0,0.5124,0.0058,-0.0175,0.0,-0.0486,,
2026-09-26,Northern Illin @ Georgia State,Totals,game_total,Over 56.5,56.5,bovada,-105.0,-115.0,Pass,0.343,-0.3304,loss,-1.0,0.343,0.4986,0.343,-105.0,0.4981,-0.0005,-0.0275,0.0,0.06,,
2026-09-26,Northern Illin @ Georgia State,Totals,game_total,Under 56.5,56.5,fanduel,-108.0,-112.0,Pass,0.6404,0.2333,win,0.9259,0.657,0.5014,0.6404,-108.0,0.5019,0.0005,-0.0334,0.0,-0.06,,
2026-09-26,Notre Dame @ Purdue,Moneyline,game_ml,Notre Dame ML,,fanatics,-4000.0,1800.0,Pass,0.9424,-0.034,win,0.025,0.9424,0.9441,0.9424,-4000.0,0.9431,-0.001,-0.0333,,-0.0062,,
2026-09-26,Notre Dame @ Purdue,Moneyline,game_ml,Purdue ML,,fanduel,2000.0,-7000.0,Pass,0.0576,0.2091,loss,-1.0,0.0576,0.0559,0.0576,1900.0,0.0569,0.001,0.1949,,0.0062,,
2026-09-26,Notre Dame @ Purdue,Spread (ATS),game_ats,Notre Dame -27.5,-27.5,betmgm,-108.0,-110.0,Pass,0.4818,-0.072,win,0.9259,0.4818,0.5032,0.4818,-105.0,0.4969,-0.0063,-0.043,0.0,-0.0065,,
2026-09-26,Notre Dame @ Purdue,Spread (ATS),game_ats,Purdue +27.5,27.5,fanduel,-104.0,-118.0,Moderate buy,0.5182,0.0164,loss,-1.0,0.5182,0.4968,0.5182,-110.0,0.5031,0.0063,-0.0131,0.0,0.0065,,
2026-09-26,Notre Dame @ Purdue,Totals,game_total,Over 57.5,57.5,lowvig,-103.0,-114.0,Strong buy,0.5458,0.0758,win,0.9709,0.5458,0.4946,0.5458,-103.0,0.494,-0.0006,-0.0264,0.0,-0.0054,,
2026-09-26,Notre Dame @ Purdue,Totals,game_total,Under 57.5,57.5,williamhill_us,-109.0,-110.0,Pass,0.4542,-0.1292,loss,-1.0,0.4542,0.5054,0.4542,-109.0,0.506,0.0006,-0.0298,0.0,0.0054,,
2026-09-26,Oklahoma @ Georgia,Moneyline,game_ml,Georgia ML,,draftkings,-550.0,410.0,Pass,0.7538,-0.1091,win,0.1818,0.7538,0.8172,0.7538,-485.0,0.8032,-0.014,-0.0508,,-0.0177,,
2026-09-26,Oklahoma @ Georgia,Moneyline,game_ml,Oklahoma ML,,betrivers,450.0,-670.0,Pass,0.2462,0.354,loss,-1.0,0.2462,0.1828,0.2462,400.0,0.1968,0.014,0.0824,,0.0177,price_too_long,
2026-09-26,Oklahoma @ Georgia,Spread (ATS),game_ats,Georgia -13.5,-13.5,lowvig,-105.0,-107.0,Pass,0.3963,-0.2262,win,0.9524,0.3963,0.5005,0.3963,-106.0,0.4664,-0.0341,-0.0894,-1.5,-0.0106,,
2026-09-26,Oklahoma @ Georgia,Spread (ATS),game_ats,Oklahoma +13.5,13.5,williamhill_us,-105.0,-115.0,Pass,0.6037,0.1786,loss,-1.0,0.6037,0.4995,0.6037,-105.0,0.5336,0.0341,0.0418,1.5,0.0106,,
2026-09-26,Oklahoma @ Georgia,Totals,game_total,Over 44.0,44.0,lowvig,-108.0,-108.0,Pass,0.3255,-0.3732,win,0.9259,0.3255,0.5005,0.3255,-105.0,0.4986,-0.0019,-0.0397,0.0,0.0158,,
2026-09-26,Oklahoma @ Georgia,Totals,game_total,Under 44.0,44.0,lowvig,-108.0,-108.0,Pass,0.65,0.2518,loss,-1.0,0.6745,0.4995,0.65,-108.0,0.5014,0.0019,-0.0343,0.0,-0.0158,,
2026-09-26,Oklahoma State @ West Virginia,Moneyline,game_ml,Oklahoma State ML,,lowvig,107.0,-127.0,Pass,0.4852,0.0044,win,1.07,0.4852,0.4667,0.4852,110.0,0.4669,0.0002,-0.0335,,-0.0198,,
2026-09-26,Oklahoma State @ West Virginia,Moneyline,game_ml,West Virginia ML,,williamhill_us,-121.0,103.0,Pass,0.5148,-0.0598,loss,-1.0,0.5148,0.5333,0.5148,-120.0,0.5331,-0.0002,-0.0263,,0.0198,,
2026-09-26,Oklahoma State @ West Virginia,Spread (ATS),game_ats,Oklahoma State +2.0,2.0,lowvig,-106.0,-106.0,Moderate buy,0.5347,0.0391,win,0.9434,0.5347,0.5005,0.5347,-106.0,0.5008,0.0003,-0.0267,0.0,-0.0066,,
2026-09-26,Oklahoma State @ West Virginia,Spread (ATS),game_ats,West Virginia -2.0,-2.0,lowvig,-106.0,-106.0,Pass,0.4653,-0.0957,loss,-1.0,0.4653,0.4995,0.4653,-106.0,0.4992,-0.0003,-0.0299,0.0,0.0066,,
2026-09-26,Oklahoma State @ West Virginia,Totals,game_total,Over 61.0,61.0,mybookieag,-110.0,-110.0,Pass,0.3654,-0.3025,win,0.9091,0.3654,0.5074,0.3654,-108.0,0.4868,-0.0206,-0.0707,-0.5,0.0841,,
2026-09-26,Oklahoma State @ West Virginia,Totals,game_total,Under 61.0,61.0,lowvig,-103.0,-114.0,Pass,0.6281,0.2378,loss,-1.0,0.6346,0.4926,0.6281,-105.0,0.5132,0.0206,0.0115,0.5,-0.0841,,
2026-09-26,Ole Miss @ Florida,Moneyline,game_ml,Florida ML,,fanduel,-166.0,138.0,Strong buy,0.6515,0.0439,win,0.6024,0.6515,0.6101,0.6515,-170.0,0.6143,0.0042,-0.0156,,0.0719,,
2026-09-26,Ole Miss @ Florida,Moneyline,game_ml,Ole Miss ML,,bovada,155.0,-180.0,Pass,0.3485,-0.1112,loss,-1.0,0.3485,0.3899,0.3485,155.0,0.3857,-0.0042,-0.0165,,-0.0719,,
2026-09-26,Ole Miss @ Florida,Spread (ATS),game_ats,Florida -3.5,-3.5,fanduel,-104.0,-118.0,Strong buy,0.5412,0.0615,win,0.9615,0.5412,0.4965,0.5412,-105.0,0.5122,0.0157,0.0047,0.5,0.0366,,
2026-09-26,Ole Miss @ Florida,Spread (ATS),game_ats,Ole Miss +3.5,3.5,draftkings,-110.0,-110.0,Pass,0.4588,-0.124,loss,-1.0,0.4588,0.5035,0.4588,-105.0,0.4878,-0.0157,-0.0687,-0.5,-0.0366,,
2026-09-26,Ole Miss @ Florida,Totals,game_total,Over 58.5,58.5,betmgm,-108.0,-110.0,Pass,0.3423,-0.3407,win,0.9259,0.3423,0.5078,0.3423,-108.0,0.5039,-0.0039,-0.0295,0.0,0.0168,,
2026-09-26,Ole Miss @ Florida,Totals,game_total,Under 58.5,58.5,draftkings,-105.0,-115.0,Pass,0.6407,0.2509,loss,-1.0,0.6577,0.4922,0.6407,-105.0,0.4961,0.0039,-0.0314,0.0,-0.0168,,
2026-09-26,Oregon @ USC,Moneyline,game_ml,Oregon ML,,fanduel,-170.0,140.0,Pass,0.6224,-0.0115,win,0.5882,0.6224,0.6078,0.6224,-176.0,0.6216,0.0138,-0.0128,,0.0836,,
2026-09-26,Oregon @ USC,Moneyline,game_ml,USC ML,,lowvig,149.0,-170.0,Pass,0.3776,-0.0598,loss,-1.0,0.3776,0.3922,0.3776,160.0,0.3784,-0.0138,-0.0578,,-0.0836,,
2026-09-26,Oregon @ USC,Spread (ATS),game_ats,Oregon -3.5,-3.5,bovada,100.0,-120.0,Moderate buy,0.5171,0.0343,win,1.0,0.5171,0.4915,0.5171,-108.0,0.5027,0.0112,0.0054,0.0,0.0436,,
2026-09-26,Oregon @ USC,Spread (ATS),game_ats,USC +3.5,3.5,mybookieag,-110.0,-110.0,Pass,0.4829,-0.0782,loss,-1.0,0.4829,0.5085,0.4829,-104.0,0.4973,-0.0112,-0.0506,0.0,-0.0436,,
2026-09-26,Oregon @ USC,Totals,game_total,Over 61.5,61.5,lowvig,-108.0,-108.0,Pass,0.4143,-0.2022,win,0.9259,0.4143,0.5013,0.4143,-109.0,0.4713,-0.03,-0.0923,-1.0,-0.0288,,
2026-09-26,Oregon @ USC,Totals,game_total,Under 61.5,61.5,williamhill_us,-106.0,-114.0,Pass,0.5857,0.1383,loss,-1.0,0.5857,0.4987,0.5857,-105.0,0.5287,0.03,0.0275,1.0,0.0288,,
2026-09-26,Oregon State @ UTEP,Moneyline,game_ml,Oregon State ML,,draftkings,-440.0,340.0,Pass,0.77,-0.055,win,0.2273,0.77,0.787,0.77,-430.0,0.7868,-0.0002,-0.0344,,-0.0048,,
2026-09-26,Oregon State @ UTEP,Moneyline,game_ml,UTEP ML,,bovada,360.0,-500.0,Pass,0.23,0.058,loss,-1.0,0.23,0.213,0.23,360.0,0.2132,0.0002,-0.0193,,0.0048,,
2026-09-26,Oregon State @ UTEP,Spread (ATS),game_ats,Oregon State -11.5,-11.5,williamhill_us,-107.0,-113.0,Pass,0.4624,-0.1055,win,0.9346,0.4624,0.4966,0.4624,-106.0,0.4903,-0.0063,-0.0515,-0.5,0.0107,,
2026-09-26,Oregon State @ UTEP,Spread (ATS),game_ats,UTEP +11.5,11.5,betus,-110.0,-110.0,Moderate buy,0.5376,0.0264,loss,-1.0,0.5376,0.5034,0.5376,-105.0,0.5097,0.0063,-0.0269,0.5,-0.0107,,
2026-09-26,Oregon State @ UTEP,Totals,game_total,Over 56.0,56.0,lowvig,-108.0,-108.0,Pass,0.3308,-0.3629,loss,-1.0,0.3308,0.4995,0.3308,-108.0,0.4995,0.0,-0.038,0.0,-0.0158,,
2026-09-26,Oregon State @ UTEP,Totals,game_total,Under 56.0,56.0,lowvig,-108.0,-108.0,Pass,0.6471,0.2462,win,0.9259,0.6692,0.5005,0.6471,-108.0,0.5005,0.0,-0.0361,0.0,0.0158,,
2026-09-26,Rice @ Fresno State,Moneyline,game_ml,Fresno State ML,,betmgm,-525.0,400.0,Pass,0.8389,-0.0013,win,0.1905,0.8389,0.8104,0.8389,-515.0,0.8087,-0.0017,-0.0373,,0.0037,,
2026-09-26,Rice @ Fresno State,Moneyline,game_ml,Rice ML,,betrivers,430.0,-625.0,Pass,0.1611,-0.1464,loss,-1.0,0.1611,0.1896,0.1611,430.0,0.1913,0.0017,0.0139,,-0.0037,,
2026-09-26,Rice @ Fresno State,Spread (ATS),game_ats,Fresno State -13.5,-13.5,fanduel,100.0,-122.0,Moderate buy,0.5241,0.0481,win,1.0,0.5241,0.4898,0.5241,100.0,0.4862,-0.0036,-0.0276,0.0,0.0147,,
2026-09-26,Rice @ Fresno State,Spread (ATS),game_ats,Rice +13.5,13.5,mybookieag,-110.0,-110.0,Pass,0.4759,-0.0914,loss,-1.0,0.4759,0.5102,0.4759,-111.0,0.5138,0.0036,-0.0191,0.0,-0.0147,,
2026-09-26,Rice @ Fresno State,Totals,game_total,Over 44.5,44.5,betmgm,-102.0,-118.0,Pass,0.4136,-0.181,win,0.9804,0.4136,0.4872,0.4136,-110.0,0.4763,-0.0109,-0.0567,-1.0,-0.0128,,
2026-09-26,Rice @ Fresno State,Totals,game_total,Under 44.5,44.5,lowvig,-114.0,-103.0,Strong buy,0.5864,0.1008,loss,-1.0,0.5864,0.5128,0.5864,-105.0,0.5237,0.0109,-0.0169,1.0,0.0128,,
2026-09-26,Robert Morris @ Buffalo,Moneyline,game_ml,Buffalo ML,,draftkings,-3600.0,1500.0,Pass,0.9504,-0.0232,win,0.0278,0.9504,0.9468,0.9504,-3200.0,0.9448,-0.002,-0.029,,0.0,,
2026-09-26,Robert Morris @ Buffalo,Moneyline,game_ml,Robert Morris ML,,fanduel,2000.0,-7000.0,Pass,0.0496,0.0409,loss,-1.0,0.0496,0.0532,0.0496,2000.0,0.0552,0.002,0.1592,,0.0,,
2026-09-26,Robert Morris @ Buffalo,Spread (ATS),game_ats,Buffalo -28.5,-28.5,betrivers,-110.0,-112.0,Pass,0.5054,-0.0351,loss,-1.0,0.5054,0.501,0.5054,-110.0,0.4898,-0.0112,-0.0649,-0.5,0.0,,
2026-09-26,Robert Morris @ Buffalo,Spread (ATS),game_ats,Robert Morris +28.5,28.5,fanduel,-106.0,-114.0,Pass,0.4946,-0.0389,win,0.9434,0.4946,0.499,0.4946,-105.0,0.5102,0.0112,-0.0085,0.5,0.0,,
2026-09-26,Robert Morris @ Buffalo,Totals,game_total,Over 46.5,46.5,fanduel,-108.0,-112.0,Pass,0.4986,-0.0397,win,0.9259,0.4986,0.5019,0.4986,-105.0,0.4928,-0.0091,-0.0509,0.0,0.0,,
2026-09-26,Robert Morris @ Buffalo,Totals,game_total,Under 46.5,46.5,bovada,-105.0,-115.0,Pass,0.5014,-0.0211,loss,-1.0,0.5014,0.4981,0.5014,-112.0,0.5072,0.0091,-0.0098,0.0,0.0,,
2026-09-26,San Diego Stat @ Toledo,Moneyline,game_ml,San Diego Stat ML,,fanduel,122.0,-146.0,Pass,0.4041,-0.103,loss,-1.0,0.4041,0.4375,0.4041,122.0,0.4385,0.001,-0.0265,,-0.0896,,
2026-09-26,San Diego Stat @ Toledo,Moneyline,game_ml,Toledo ML,,lowvig,-137.0,117.0,Moderate buy,0.5959,0.0309,win,0.7299,0.5959,0.5625,0.5959,-136.0,0.5615,-0.001,-0.0286,,0.0896,,
2026-09-26,San Diego Stat @ Toledo,Spread (ATS),game_ats,San Diego Stat +2.5,2.5,fanduel,100.0,-122.0,Pass,0.4836,-0.0329,loss,-1.0,0.4836,0.4918,0.4836,100.0,0.4888,-0.003,-0.0224,0.0,-0.0983,,
2026-09-26,San Diego Stat @ Toledo,Spread (ATS),game_ats,Toledo -2.5,-2.5,lowvig,-108.0,-104.0,Pass,0.5164,-0.0054,win,0.9259,0.5164,0.5082,0.5164,-110.0,0.5112,0.003,-0.0155,0.0,0.0983,,
2026-09-26,San Diego Stat @ Toledo,Totals,game_total,Over 51.0,51.0,lowvig,-103.0,-114.0,Pass,0.3606,-0.2893,win,0.9709,0.3606,0.4933,0.3606,-103.0,0.4847,-0.0086,-0.0447,-0.5,0.0387,,
2026-09-26,San Diego Stat @ Toledo,Totals,game_total,Under 51.0,51.0,betus,-110.0,-110.0,Pass,0.6307,0.204,loss,-1.0,0.6394,0.5067,0.6307,-104.0,0.5153,0.0086,-0.0162,0.5,-0.0387,,
2026-09-26,South Alabama @ Kentucky,Moneyline,game_ml,Kentucky ML,,betmgm,-1400.0,950.0,Pass,0.9037,-0.0318,win,0.0714,0.9037,0.9014,0.9037,-1400.0,0.9011,-0.0003,-0.0345,,0.0077,,
2026-09-26,South Alabama @ Kentucky,Moneyline,game_ml,South Alabama ML,,betmgm,950.0,-1400.0,Pass,0.0963,0.0112,loss,-1.0,0.0963,0.0986,0.0963,950.0,0.0989,0.0003,0.0384,,-0.0077,,
2026-09-26,South Alabama @ Kentucky,Spread (ATS),game_ats,Kentucky -20.5,-20.5,fanduel,-110.0,-110.0,Pass,0.5012,-0.0432,win,0.9091,0.5012,0.5051,0.5012,-110.0,0.5072,0.0021,-0.0317,0.0,0.0301,,
2026-09-26,South Alabama @ Kentucky,Spread (ATS),game_ats,South Alabama +20.5,20.5,lowvig,100.0,-112.0,Pass,0.4988,-0.0024,loss,-1.0,0.4988,0.4949,0.4988,100.0,0.4928,-0.0021,-0.0144,0.0,-0.0301,,
2026-09-26,South Alabama @ Kentucky,Totals,game_total,Over 54.0,54.0,lowvig,-108.0,-108.0,Pass,0.5015,-0.0341,win,0.9259,0.5015,0.5006,0.5015,-105.0,0.5127,0.0121,-0.0126,0.5,-0.0608,,
2026-09-26,South Alabama @ Kentucky,Totals,game_total,Under 54.0,54.0,lowvig,-108.0,-108.0,Pass,0.4985,-0.04,loss,-1.0,0.4985,0.4994,0.4985,-110.0,0.4873,-0.0121,-0.0615,-0.5,0.0608,,
2026-09-26,South Carolina @ Alabama,Moneyline,game_ml,Alabama ML,,betus,-485.0,380.0,Pass,0.7874,-0.0502,win,0.2062,0.7874,0.8037,0.7874,-455.0,0.801,-0.0027,-0.0338,,0.0089,,
2026-09-26,South Carolina @ Alabama,Moneyline,game_ml,South Carolina ML,,betrivers,400.0,-625.0,Pass,0.2126,0.063,loss,-1.0,0.2126,0.1963,0.2126,400.0,0.199,0.0027,-0.005,,-0.0089,,
2026-09-26,South Carolina @ Alabama,Spread (ATS),game_ats,Alabama -12.5,-12.5,lowvig,-106.0,-106.0,Pass,0.4626,-0.101,win,0.9434,0.4626,0.4996,0.4626,-110.0,0.4889,-0.0107,-0.0499,-0.5,0.0235,,
2026-09-26,South Carolina @ Alabama,Spread (ATS),game_ats,South Carolina +12.5,12.5,lowvig,-106.0,-106.0,Moderate buy,0.5374,0.0444,loss,-1.0,0.5374,0.5004,0.5374,-108.0,0.5111,0.0107,-0.0067,0.5,-0.0235,,
2026-09-26,South Carolina @ Alabama,Totals,game_total,Over 54.0,54.0,lowvig,-108.0,-108.0,Pass,0.2841,-0.4529,win,0.9259,0.2841,0.5008,0.2841,-110.0,0.4871,-0.0137,-0.0619,-0.5,0.0469,,
2026-09-26,South Carolina @ Alabama,Totals,game_total,Under 54.0,54.0,bovada,-105.0,-115.0,Pass,0.6728,0.3135,loss,-1.0,0.7159,0.4992,0.6728,-105.0,0.5129,0.0137,0.0014,0.5,-0.0469,,
2026-09-26,South Florida @ Bowling Green,Moneyline,game_ml,Bowling Green ML,,betrivers,700.0,-1250.0,Pass,0.099,-0.2083,loss,-1.0,0.099,0.1234,0.099,800.0,0.1213,-0.0021,-0.0296,,-0.0392,,
2026-09-26,South Florida @ Bowling Green,Moneyline,game_ml,South Florida ML,,fanduel,-1000.0,640.0,Pass,0.901,-0.0089,win,0.1,0.901,0.8766,0.901,-1000.0,0.8787,0.0021,-0.0334,,0.0392,,
2026-09-26,South Florida @ Bowling Green,Spread (ATS),game_ats,Bowling Green +18.5,18.5,mybookieag,-110.0,-110.0,Pass,0.4565,-0.1285,win,0.9091,0.4565,0.5061,0.4565,-110.0,0.5054,-0.0007,-0.0351,0.0,-0.0947,,
2026-09-26,South Florida @ Bowling Green,Spread (ATS),game_ats,South Florida -18.5,-18.5,lowvig,-102.0,-110.0,Strong buy,0.5435,0.0763,loss,-1.0,0.5435,0.4939,0.5435,-102.0,0.4946,0.0007,-0.0205,0.0,0.0947,,
2026-09-26,South Florida @ Bowling Green,Totals,game_total,Over 48.5,48.5,lowvig,-108.0,-108.0,Pass,0.5579,0.0744,loss,-1.0,0.5579,0.5018,0.5579,-112.0,0.5055,0.0037,-0.0264,0.0,-0.0902,,
2026-09-26,South Florida @ Bowling Green,Totals,game_total,Under 48.5,48.5,draftkings,-108.0,-112.0,Pass,0.4421,-0.1485,win,0.9259,0.4421,0.4982,0.4421,-105.0,0.4945,-0.0037,-0.0476,0.0,0.0902,,
2026-09-26,Stonehill @ Ohio,Moneyline,game_ml,Ohio ML,,draftkings,-10000.0,3000.0,Pass,0.9636,-0.0268,win,0.01,0.9636,0.9723,0.9636,-5000.0,0.966,-0.0063,-0.0243,,0.0,,
2026-09-26,Stonehill @ Ohio,Moneyline,game_ml,Stonehill ML,,fanduel,4000.0,-30000.0,Pass,0.0364,0.4925,loss,-1.0,0.0364,0.0277,0.0364,4000.0,0.034,0.0063,0.394,,0.0,,
2026-09-26,Stonehill @ Ohio,Spread (ATS),game_ats,Ohio -32.0,-32.0,lowvig,-110.0,-110.0,Pass,0.5165,-0.0139,loss,-1.0,0.5165,0.5,0.5165,-108.0,0.513,0.013,-0.0206,0.5,0.0,,
2026-09-26,Stonehill @ Ohio,Spread (ATS),game_ats,Stonehill +32.0,32.0,lowvig,-110.0,-110.0,Pass,0.4835,-0.077,win,0.9091,0.4835,0.5,0.4835,-108.0,0.487,-0.013,-0.0703,-0.5,0.0,,
2026-09-26,Stonehill @ Ohio,Totals,game_total,Over 53.5,53.5,fanduel,-110.0,-110.0,Pass,0.4998,-0.0459,loss,-1.0,0.4998,0.4996,0.4998,-108.0,0.4994,-0.0002,-0.0466,0.0,0.0,,
2026-09-26,Stonehill @ Ohio,Totals,game_total,Under 53.5,53.5,fanduel,-110.0,-110.0,Pass,0.5002,-0.045,win,0.9091,0.5002,0.5004,0.5002,-110.0,0.5006,0.0002,-0.0443,0.0,0.0,,
2026-09-26,TCU @ UCF,Moneyline,game_ml,TCU ML,,bovada,-150.0,130.0,Pass,0.5104,-0.1493,loss,-1.0,0.5104,0.5866,0.5104,-164.0,0.6066,0.02,0.011,,-0.0179,,
2026-09-26,TCU @ UCF,Moneyline,game_ml,UCF ML,,betonlineag,137.0,-157.0,Strong buy,0.4896,0.1604,win,1.37,0.4896,0.4134,0.4896,151.0,0.3934,-0.02,-0.0676,,0.0179,,
2026-09-26,TCU @ UCF,Spread (ATS),game_ats,TCU -3.0,-3.0,mybookieag,-110.0,-110.0,Pass,0.4333,-0.1727,loss,-1.0,0.4333,0.5056,0.4333,-102.0,0.5089,0.0033,-0.0285,0.5,-0.0069,,
2026-09-26,TCU @ UCF,Spread (ATS),game_ats,UCF +3.0,3.0,lowvig,-102.0,-110.0,Strong buy,0.5667,0.1222,win,0.9804,0.5667,0.4944,0.5667,-106.0,0.4911,-0.0033,-0.0274,-0.5,0.0069,,
2026-09-26,TCU @ UCF,Totals,game_total,Over 48.0,48.0,mybookieag,-110.0,-110.0,Pass,0.4214,-0.1956,loss,-1.0,0.4214,0.504,0.4214,-110.0,0.504,0.0,-0.0378,0.0,-0.1045,,
2026-09-26,TCU @ UCF,Totals,game_total,Under 48.0,48.0,bovada,-105.0,-115.0,Pass,0.5786,0.1297,win,0.9524,0.5786,0.496,0.5786,-105.0,0.496,0.0,-0.0316,0.0,0.1045,,
2026-09-26,Texas @ Tennessee,Moneyline,game_ml,Tennessee ML,,lowvig,176.0,-203.0,Pass,0.3345,-0.0767,loss,-1.0,0.3345,0.3579,0.3345,176.0,0.3532,-0.0047,-0.0252,,0.0095,,
2026-09-26,Texas @ Tennessee,Moneyline,game_ml,Texas ML,,fanduel,-196.0,162.0,Moderate buy,0.6655,0.005,win,0.5102,0.6655,0.6421,0.6655,-200.0,0.6468,0.0047,-0.0232,,-0.0095,,
2026-09-26,Texas @ Tennessee,Spread (ATS),game_ats,Tennessee +5.5,5.5,mybookieag,-110.0,-110.0,Pass,0.495,-0.0549,win,0.9091,0.495,0.5093,0.495,-108.0,0.5057,-0.0036,-0.0346,0.0,0.0093,,
2026-09-26,Texas @ Tennessee,Spread (ATS),game_ats,Texas -5.5,-5.5,lowvig,-101.0,-111.0,Pass,0.505,0.0049,loss,-1.0,0.505,0.4907,0.505,-101.0,0.4943,0.0036,-0.0163,0.0,-0.0093,,
2026-09-26,Texas @ Tennessee,Totals,game_total,Over 55.0,55.0,bovada,-105.0,-115.0,Pass,0.4334,-0.1539,loss,-1.0,0.4334,0.4982,0.4334,-105.0,0.4982,0.0,-0.0273,0.0,-0.075,,
2026-09-26,Texas @ Tennessee,Totals,game_total,Under 55.0,55.0,lowvig,-108.0,-108.0,Strong buy,0.5666,0.0913,win,0.9259,0.5666,0.5018,0.5666,-108.0,0.5018,0.0,-0.0336,0.0,0.075,,
2026-09-26,Texas A&M @ LSU,Moneyline,game_ml,LSU ML,,fanduel,-320.0,255.0,Pass,0.7173,-0.0586,win,0.3125,0.7173,0.7418,0.7173,-335.0,0.7452,0.0034,-0.0219,,-0.0002,,
2026-09-26,Texas A&M @ LSU,Moneyline,game_ml,Texas A&M ML,,betonlineag,278.0,-345.0,Pass,0.2827,0.0687,loss,-1.0,0.2827,0.2582,0.2827,285.0,0.2548,-0.0034,-0.0369,,0.0002,,
2026-09-26,Texas A&M @ LSU,Spread (ATS),game_ats,LSU -8.0,-8.0,lowvig,-106.0,-106.0,Pass,0.489,-0.0496,win,0.9434,0.489,0.4992,0.489,-106.0,0.5097,0.0105,-0.0095,0.5,0.0036,,
2026-09-26,Texas A&M @ LSU,Spread (ATS),game_ats,Texas A&M +8.0,8.0,lowvig,-106.0,-106.0,Pass,0.511,-0.007,loss,-1.0,0.511,0.5008,0.511,-110.0,0.4903,-0.0105,-0.0472,-0.5,-0.0036,,
2026-09-26,Texas A&M @ LSU,Totals,game_total,Over 52.0,52.0,bovada,-105.0,-115.0,Pass,0.2818,-0.4498,loss,-1.0,0.2818,0.4984,0.2818,-108.0,0.5,0.0016,-0.0238,0.0,-0.0448,,
2026-09-26,Texas A&M @ LSU,Totals,game_total,Under 52.0,52.0,lowvig,-108.0,-108.0,Pass,0.674,0.2981,win,0.9259,0.7182,0.5016,0.674,-108.0,0.5,-0.0016,-0.037,0.0,0.0448,,
2026-09-26,Troy @ Utah State,Moneyline,game_ml,Troy ML,,lowvig,127.0,-147.0,Pass,0.4274,-0.0297,loss,-1.0,0.4274,0.4258,0.4274,126.0,0.4327,0.0069,-0.0178,,-0.024,,
2026-09-26,Troy @ Utah State,Moneyline,game_ml,Utah State ML,,betus,-145.0,125.0,Pass,0.5726,-0.0326,win,0.6897,0.5726,0.5742,0.5726,-137.0,0.5673,-0.0069,-0.0415,,0.024,,
2026-09-26,Troy @ Utah State,Spread (ATS),game_ats,Troy +3.0,3.0,mybookieag,-110.0,-110.0,Pass,0.5144,-0.018,loss,-1.0,0.5144,0.5055,0.5144,-110.0,0.5094,0.0039,-0.0275,0.0,0.0005,,
2026-09-26,Troy @ Utah State,Spread (ATS),game_ats,Utah State -3.0,-3.0,lowvig,-102.0,-110.0,Pass,0.4856,-0.0383,win,0.9804,0.4856,0.4945,0.4856,-101.0,0.4906,-0.0039,-0.0284,0.0,-0.0005,,
2026-09-26,Troy @ Utah State,Totals,game_total,Over 47.5,47.5,draftkings,-102.0,-118.0,Pass,0.506,0.002,loss,-1.0,0.506,0.4889,0.506,-110.0,0.5037,0.0148,-0.0025,0.0,-0.1952,,
2026-09-26,Troy @ Utah State,Totals,game_total,Under 47.5,47.5,betmgm,-112.0,-105.0,Pass,0.494,-0.0648,win,0.8929,0.494,0.5111,0.494,-105.0,0.4963,-0.0148,-0.0606,0.0,0.1952,,
2026-09-26,Tulsa @ Arkansas,Moneyline,game_ml,Arkansas ML,,betus,-260.0,218.0,Pass,0.635,-0.1208,win,0.3846,0.635,0.7025,0.635,-260.0,0.7012,-0.0013,-0.0291,,-0.0367,,
2026-09-26,Tulsa @ Arkansas,Moneyline,game_ml,Tulsa ML,,fanduel,230.0,-285.0,Pass,0.365,0.2047,loss,-1.0,0.365,0.2975,0.365,230.0,0.2988,0.0013,-0.014,,0.0367,price_too_long,
2026-09-26,Tulsa @ Arkansas,Spread (ATS),game_ats,Arkansas -7.0,-7.0,betus,-105.0,-115.0,Pass,0.4373,-0.1462,win,0.9524,0.4373,0.5013,0.4373,-105.0,0.5011,-0.0002,-0.0217,0.0,-0.0361,,
2026-09-26,Tulsa @ Arkansas,Spread (ATS),game_ats,Tulsa +7.0,7.0,lowvig,-104.0,-108.0,Strong buy,0.5627,0.1038,loss,-1.0,0.5627,0.4987,0.5627,-104.0,0.4989,0.0002,-0.0214,0.0,0.0361,,
2026-09-26,Tulsa @ Arkansas,Totals,game_total,Over 50.5,50.5,fanduel,-110.0,-110.0,Pass,0.6605,0.261,loss,-1.0,0.6937,0.5058,0.6605,-108.0,0.4993,-0.0065,-0.0468,0.0,-0.0556,,
2026-09-26,Tulsa @ Arkansas,Totals,game_total,Under 50.5,50.5,lowvig,-103.0,-114.0,Pass,0.3063,-0.3964,win,0.9709,0.3063,0.4942,0.3063,-108.0,0.5007,0.0065,-0.0132,0.0,0.0556,,
2026-09-26,UCLA @ Maryland,Moneyline,game_ml,Maryland ML,,bovada,105.0,-125.0,Pass,0.5805,0.1901,loss,-1.0,0.5805,0.4757,0.5805,105.0,0.4712,-0.0045,-0.034,,0.0242,,
2026-09-26,UCLA @ Maryland,Moneyline,game_ml,UCLA ML,,draftkings,-120.0,100.0,Pass,0.4195,-0.231,win,0.8333,0.4195,0.5243,0.4195,-120.0,0.5288,0.0045,-0.0305,,-0.0242,,
2026-09-26,UCLA @ Maryland,Spread (ATS),game_ats,Maryland +1.5,1.5,fanduel,-106.0,-114.0,Pass,0.604,0.1739,loss,-1.0,0.604,0.4982,0.604,100.0,0.4937,-0.0045,-0.0405,0.0,0.0251,,
2026-09-26,UCLA @ Maryland,Spread (ATS),game_ats,UCLA -1.5,-1.5,lowvig,-106.0,-106.0,Pass,0.396,-0.2305,win,0.9434,0.396,0.5018,0.396,-110.0,0.5063,0.0045,-0.0161,0.0,-0.0251,,
2026-09-26,UCLA @ Maryland,Totals,game_total,Over 56.5,56.5,williamhill_us,-102.0,-118.0,Pass,0.4379,-0.1329,win,0.9804,0.4379,0.4923,0.4379,-108.0,0.473,-0.0193,-0.0633,-1.0,-0.0077,,
2026-09-26,UCLA @ Maryland,Totals,game_total,Under 56.5,56.5,fanduel,-110.0,-110.0,Pass,0.5621,0.0732,loss,-1.0,0.5621,0.5077,0.5621,-102.0,0.527,0.0193,0.0061,1.0,0.0077,,
2026-09-26,UConn @ Miami (OH),Moneyline,game_ml,Miami (OH) ML,,betonlineag,-165.0,145.0,Pass,0.5595,-0.1014,win,0.6061,0.5595,0.605,0.5595,-130.0,0.5493,-0.0557,-0.1178,,-0.0034,,
2026-09-26,UConn @ Miami (OH),Moneyline,game_ml,UConn ML,,draftkings,145.0,-175.0,Strong buy,0.4405,0.0792,loss,-1.0,0.4405,0.395,0.4405,116.0,0.4507,0.0557,0.1042,,0.0034,,
2026-09-26,UConn @ Miami (OH),Spread (ATS),game_ats,Miami (OH) -3.5,-3.5,lowvig,101.0,-113.0,Pass,0.4603,-0.0748,loss,-1.0,0.4603,0.4885,0.4603,-110.0,0.4787,-0.0098,-0.0378,-1.0,-0.0162,,
2026-09-26,UConn @ Miami (OH),Spread (ATS),game_ats,UConn +3.5,3.5,betrivers,-109.0,-113.0,Moderate buy,0.5397,0.0348,win,0.9174,0.5397,0.5115,0.5397,-105.0,0.5213,0.0098,-0.0004,1.0,0.0162,,
2026-09-26,UConn @ Miami (OH),Totals,game_total,Over 51.5,51.5,betmgm,-112.0,-105.0,Pass,0.4411,-0.165,loss,-1.0,0.4411,0.5102,0.4411,-105.0,0.5266,0.0164,-0.0032,1.0,0.1033,,
2026-09-26,UConn @ Miami (OH),Totals,game_total,Under 51.5,51.5,lowvig,-103.0,-114.0,Pass,0.5589,0.1015,win,0.9709,0.5589,0.4898,0.5589,-108.0,0.4734,-0.0164,-0.067,-1.0,-0.1033,,
2026-09-26,UMass @ Sacramento Sta,Moneyline,game_ml,Sacramento Sta ML,,betonlineag,165.0,-190.0,Pass,0.4929,0.3061,loss,-1.0,0.4929,0.3671,0.4929,170.0,0.3631,-0.004,-0.0378,,0.0401,,
2026-09-26,UMass @ Sacramento Sta,Moneyline,game_ml,UMass ML,,bovada,-185.0,160.0,Pass,0.5071,-0.2188,win,0.5405,0.5071,0.6329,0.5071,-190.0,0.6369,0.004,-0.0188,,-0.0401,,
2026-09-26,UMass @ Sacramento Sta,Spread (ATS),game_ats,Sacramento Sta +4.5,4.5,lowvig,-104.0,-108.0,Pass,0.6069,0.1904,loss,-1.0,0.6069,0.5023,0.6069,-104.0,0.4979,-0.0044,-0.0233,0.0,0.0521,,
2026-09-26,UMass @ Sacramento Sta,Spread (ATS),game_ats,UMass -4.5,-4.5,fanduel,-105.0,-115.0,Pass,0.3931,-0.2324,win,0.9524,0.3931,0.4977,0.3931,-108.0,0.5021,0.0044,-0.0197,0.0,-0.0521,,
2026-09-26,UMass @ Sacramento Sta,Totals,game_total,Over 48.5,48.5,fanduel,-108.0,-112.0,Pass,0.302,-0.4183,loss,-1.0,0.302,0.4997,0.302,-108.0,0.5153,0.0156,-0.0076,0.5,-0.046,,
2026-09-26,UMass @ Sacramento Sta,Totals,game_total,Under 48.5,48.5,draftkings,-108.0,-112.0,Pass,0.6629,0.2767,win,0.9259,0.698,0.5003,0.6629,-108.0,0.4847,-0.0156,-0.0665,-0.5,0.046,,
2026-09-26,UNLV @ Akron,Moneyline,game_ml,Akron ML,,betus,410.0,-530.0,Pass,0.1769,-0.0978,loss,-1.0,0.1769,0.1924,0.1769,420.0,0.1913,-0.0011,-0.0244,,0.0232,,-36.0
2026-09-26,UNLV @ Akron,Moneyline,game_ml,UNLV ML,,draftkings,-520.0,390.0,Pass,0.8231,-0.0186,win,0.1923,0.8231,0.8076,0.8231,-520.0,0.8087,0.0011,-0.0358,,-0.0232,,36.0
2026-09-26,UNLV @ Akron,Spread (ATS),game_ats,Akron +13.5,13.5,lowvig,-106.0,-106.0,Pass,0.5068,-0.0151,loss,-1.0,0.5068,0.5026,0.5068,-110.0,0.5047,0.0021,-0.0192,0.0,0.0117,,-12.0
2026-09-26,UNLV @ Akron,Spread (ATS),game_ats,UNLV -13.5,-13.5,betonlineag,-105.0,-115.0,Pass,0.4932,-0.0371,win,0.9524,0.4932,0.4974,0.4932,100.0,0.4953,-0.0021,-0.033,0.0,-0.0117,,12.0
2026-09-26,UNLV @ Akron,Totals,game_total,Over 53.0,53.0,mybookieag,-110.0,-110.0,Pass,0.4054,-0.2261,loss,-1.0,0.4054,0.5021,0.4054,-108.0,0.5132,0.0111,-0.0203,0.5,0.0896,,2.0
2026-09-26,UNLV @ Akron,Totals,game_total,Under 53.0,53.0,lowvig,-106.0,-110.0,Pass,0.5946,0.1556,win,0.9434,0.5946,0.4979,0.5946,-110.0,0.4868,-0.0111,-0.054,-0.5,-0.0896,,-2.0
2026-09-26,Utah @ Iowa State,Moneyline,game_ml,Iowa State ML,,betmgm,270.0,-325.0,Pass,0.3176,0.175,loss,-1.0,0.3176,0.2634,0.3176,265.0,0.2665,0.0031,-0.0139,,0.0646,price_too_long,
2026-09-26,Utah @ Iowa State,Moneyline,game_ml,Utah ML,,draftkings,-325.0,260.0,Pass,0.6824,-0.1076,win,0.3077,0.6824,0.7366,0.6824,-315.0,0.7335,-0.0031,-0.0408,,-0.0646,,
2026-09-26,Utah @ Iowa State,Spread (ATS),game_ats,Iowa State +7.5,7.5,mybookieag,-110.0,-110.0,Moderate buy,0.5285,0.009,loss,-1.0,0.5285,0.5005,0.5285,-110.0,0.5049,0.0044,-0.0361,0.0,0.0862,,
2026-09-26,Utah @ Iowa State,Spread (ATS),game_ats,Utah -7.5,-7.5,draftkings,-108.0,-112.0,Pass,0.4715,-0.0919,win,0.9259,0.4715,0.4995,0.4715,-105.0,0.4951,-0.0044,-0.0465,0.0,-0.0862,,
2026-09-26,Utah @ Iowa State,Totals,game_total,Over 47.5,47.5,bovada,-105.0,-115.0,Pass,0.4336,-0.1534,win,0.9524,0.4336,0.5009,0.4336,-110.0,0.4839,-0.017,-0.0552,-0.5,-0.0324,,
2026-09-26,Utah @ Iowa State,Totals,game_total,Under 47.5,47.5,fanduel,-106.0,-114.0,Pass,0.5664,0.1006,loss,-1.0,0.5664,0.4991,0.5664,-110.0,0.5161,0.017,0.003,0.5,0.0324,,
2026-09-26,Vanderbilt @ Auburn,Moneyline,game_ml,Auburn ML,,fanduel,-350.0,275.0,Pass,0.7307,-0.0606,win,0.2857,0.7307,0.7523,0.7307,-375.0,0.7637,0.0114,-0.0181,,0.0022,,
2026-09-26,Vanderbilt @ Auburn,Moneyline,game_ml,Vanderbilt ML,,draftkings,295.0,-375.0,Pass,0.2693,0.0638,loss,-1.0,0.2693,0.2477,0.2693,316.0,0.2363,-0.0114,-0.0666,,-0.0022,price_too_long,
2026-09-26,Vanderbilt @ Auburn,Spread (ATS),game_ats,Auburn -9.5,-9.5,draftkings,-110.0,-110.0,Pass,0.4677,-0.1071,loss,-1.0,0.4677,0.5057,0.4677,-106.0,0.511,0.0053,-0.0245,0.5,0.0057,,
2026-09-26,Vanderbilt @ Auburn,Spread (ATS),game_ats,Vanderbilt +9.5,9.5,lowvig,103.0,-115.0,Moderate buy,0.5323,0.0805,win,1.03,0.5323,0.4943,0.5323,-106.0,0.489,-0.0053,-0.0073,-0.5,-0.0057,,
2026-09-26,Vanderbilt @ Auburn,Totals,game_total,Over 55.5,55.5,fanduel,-105.0,-115.0,Pass,0.3851,-0.2481,loss,-1.0,0.3851,0.4961,0.3851,-108.0,0.4697,-0.0264,-0.083,-1.0,0.0871,,
2026-09-26,Vanderbilt @ Auburn,Totals,game_total,Under 55.5,55.5,lowvig,-108.0,-108.0,Pass,0.6149,0.1843,win,0.9259,0.6149,0.5039,0.6149,-108.0,0.5303,0.0264,0.0213,1.0,-0.0871,,
2026-09-26,Virginia Tech @ Boston College,Moneyline,game_ml,Boston College ML,,fanduel,520.0,-750.0,Pass,0.1622,0.0058,loss,-1.0,0.1622,0.1693,0.1622,,,,,,0.0083,,
2026-09-26,Virginia Tech @ Boston College,Moneyline,game_ml,Virginia Tech ML,,betrivers,-590.0,410.0,Pass,0.8378,-0.0202,win,0.1695,0.8378,0.8307,0.8378,,,,,,-0.0083,,
2026-09-26,Virginia Tech @ Boston College,Spread (ATS),game_ats,Boston College +14.0,14.0,lowvig,-101.0,-111.0,Pass,0.4937,-0.0175,win,0.9901,0.4937,0.4937,0.4937,,,,,,0.0062,,
2026-09-26,Virginia Tech @ Boston College,Spread (ATS),game_ats,Virginia Tech -14.0,-14.0,betrivers,-108.0,-115.0,Pass,0.5063,-0.0249,loss,-1.0,0.5063,0.5063,0.5063,,,,,,-0.0062,,
2026-09-26,Virginia Tech @ Boston College,Totals,game_total,Over 46.5,46.5,fanduel,-108.0,-112.0,Pass,0.6392,0.2311,loss,-1.0,0.655,0.4994,0.6392,,,,,,-0.2262,,
2026-09-26,Virginia Tech @ Boston College,Totals,game_total,Under 46.5,46.5,lowvig,-108.0,-108.0,Pass,0.345,-0.3356,win,0.9259,0.345,0.5006,0.345,,,,,,0.2262,,
2026-09-26,Wake Forest @ Louisville,Moneyline,game_ml,Louisville ML,,mybookieag,-490.0,360.0,Pass,0.7866,-0.0529,loss,-1.0,0.7866,0.805,0.7866,-450.0,0.7976,-0.0074,-0.0396,,-0.0127,,
2026-09-26,Wake Forest @ Louisville,Moneyline,game_ml,Wake Forest ML,,betrivers,420.0,-625.0,Pass,0.2134,0.1098,win,4.2,0.2134,0.195,0.2134,395.0,0.2024,0.0074,0.0525,,0.0127,,
2026-09-26,Wake Forest @ Louisville,Spread (ATS),game_ats,Louisville -12.5,-12.5,draftkings,-110.0,-110.0,Pass,0.4618,-0.1183,loss,-1.0,0.4618,0.5029,0.4618,-105.0,0.4741,-0.0288,-0.0949,-1.0,-0.022,,
2026-09-26,Wake Forest @ Louisville,Spread (ATS),game_ats,Wake Forest +12.5,12.5,bovada,-105.0,-115.0,Strong buy,0.5382,0.0507,win,0.9524,0.5382,0.4971,0.5382,-107.0,0.5259,0.0288,0.0268,1.0,0.022,,
2026-09-26,Wake Forest @ Louisville,Totals,game_total,Over 57.5,57.5,williamhill_us,-106.0,-114.0,Pass,0.3727,-0.2757,loss,-1.0,0.3727,0.4966,0.3727,-106.0,0.4996,0.003,-0.0291,0.0,-0.0149,,
2026-09-26,Wake Forest @ Louisville,Totals,game_total,Under 57.5,57.5,fanduel,-110.0,-110.0,Pass,0.624,0.1913,win,0.9091,0.6273,0.5034,0.624,-105.0,0.5004,-0.003,-0.0447,0.0,0.0149,,
2026-10-01,North Texas @ Tulsa,Moneyline,game_ml,North Texas ML,,draftkings,-112.0,-108.0,Pass,0.4637,-0.1224,win,0.8929,0.4637,0.511,0.4637,-116.0,0.5441,0.0331,0.0299,,0.0,,
2026-10-01,North Texas @ Tulsa,Moneyline,game_ml,Tulsa ML,,bovada,100.0,-120.0,Strong buy,0.5363,0.0727,loss,-1.0,0.5363,0.489,0.5363,115.0,0.4559,-0.0331,-0.0882,,0.0,,
2026-10-01,North Texas @ Tulsa,Spread (ATS),game_ats,North Texas -1.0,-1.0,lowvig,-107.0,-105.0,Pass,0.4475,-0.1344,push,0.0,0.4475,0.5007,0.4475,-108.0,0.5377,0.037,0.0402,1.5,0.0,,
2026-10-01,North Texas @ Tulsa,Spread (ATS),game_ats,Tulsa +1.0,1.0,lowvig,-105.0,-107.0,Strong buy,0.5525,0.0788,push,0.0,0.5525,0.4993,0.5525,-105.0,0.4623,-0.037,-0.0974,-1.5,0.0,,
2026-10-01,North Texas @ Tulsa,Totals,game_total,Over 56.5,56.5,lowvig,-108.0,-108.0,Pass,0.5116,-0.0146,win,0.9259,0.5116,0.5053,0.5116,-105.0,0.5018,-0.0035,-0.0336,0.0,0.0,,
2026-10-01,North Texas @ Tulsa,Totals,game_total,Under 56.5,56.5,williamhill_us,-104.0,-117.0,Pass,0.4884,-0.042,loss,-1.0,0.4884,0.4947,0.4884,-104.0,0.4982,0.0035,-0.0228,0.0,0.0,,
2026-10-01,Western Kentuc @ New Mexico Sta,Moneyline,game_ml,New Mexico Sta ML,,fanduel,-126.0,105.0,Pass,0.5017,-0.1002,win,0.7937,0.5017,0.5496,0.5017,-126.0,0.5442,-0.0054,-0.0239,,0.0,,25.0
2026-10-01,Western Kentuc @ New Mexico Sta,Moneyline,game_ml,Western Kentuc ML,,fanatics,115.0,-140.0,Strong buy,0.4983,0.0714,loss,-1.0,0.4983,0.4504,0.4983,114.0,0.4558,0.0054,-0.02,,0.0,,
2026-10-01,Western Kentuc @ New Mexico Sta,Spread (ATS),game_ats,New Mexico Sta -2.5,-2.5,fanduel,-106.0,-114.0,Pass,0.4405,-0.1438,win,0.9434,0.4405,0.501,0.4405,-101.0,0.4923,-0.0087,-0.0433,0.0,0.0,,7.0
2026-10-01,Western Kentuc @ New Mexico Sta,Spread (ATS),game_ats,Western Kentuc +2.5,2.5,lowvig,-102.0,-110.0,Strong buy,0.5595,0.1079,loss,-1.0,0.5595,0.499,0.5595,-110.0,0.5077,0.0087,0.0054,0.0,0.0,,
2026-10-01,Western Kentuc @ New Mexico Sta,Totals,game_total,Over 57.0,57.0,lowvig,-103.0,-114.0,Pass,0.4283,-0.1559,loss,-1.0,0.4283,0.4945,0.4283,-103.0,0.4646,-0.0299,-0.0843,-1.0,0.0,,
2026-10-01,Western Kentuc @ New Mexico Sta,Totals,game_total,Under 57.0,57.0,fanatics,-110.0,-110.0,Strong buy,0.5717,0.0914,win,0.9091,0.5717,0.5055,0.5717,-105.0,0.5354,0.0299,0.0221,1.0,0.0,,2.0
2026-10-02,Liberty @ Delaware,Moneyline,game_ml,Delaware ML,,draftkings,220.0,-270.0,Pass,0.2991,-0.0428,loss,-1.0,0.2991,0.3048,0.2991,225.0,0.2983,-0.0065,-0.0454,,0.0,,
2026-10-02,Liberty @ Delaware,Moneyline,game_ml,Liberty ML,,fanduel,-260.0,210.0,Pass,0.7009,-0.0296,win,0.3846,0.7009,0.6952,0.7009,-260.0,0.7017,0.0065,-0.0284,,0.0,,
2026-10-02,Liberty @ Delaware,Spread (ATS),game_ats,Delaware +7.0,7.0,betmgm,-112.0,-105.0,Pass,0.5016,-0.0505,loss,-1.0,0.5016,0.5141,0.5016,-110.0,0.5051,-0.009,-0.0439,0.0,0.0,,
2026-10-02,Liberty @ Delaware,Spread (ATS),game_ats,Liberty -7.0,-7.0,mybookieag,100.0,-120.0,Pass,0.4984,-0.0032,win,1.0,0.4984,0.4859,0.4984,-101.0,0.4949,0.009,-0.0102,0.0,0.0,,
2026-10-02,Liberty @ Delaware,Totals,game_total,Over 50.0,50.0,lowvig,-106.0,-110.0,Pass,0.4989,-0.0305,loss,-1.0,0.4989,0.4978,0.4989,-105.0,0.5435,0.0457,0.0562,1.5,0.0,,
2026-10-02,Liberty @ Delaware,Totals,game_total,Under 50.0,50.0,lowvig,-110.0,-106.0,Pass,0.5011,-0.0433,win,0.9091,0.5011,0.5022,0.5011,-110.0,0.4565,-0.0457,-0.1285,-1.5,0.0,,
2026-10-02,Penn State Nit @ Northwestern,Moneyline,game_ml,Northwestern ML,,betus,125.0,-145.0,Pass,0.4245,-0.0449,win,1.25,0.4245,0.4341,0.4245,120.0,0.4446,0.0105,0.0003,,0.0,,
2026-10-02,Penn State Nit @ Northwestern,Moneyline,game_ml,Penn State Nit ML,,bovada,-140.0,120.0,Pass,0.5755,-0.0134,loss,-1.0,0.5755,0.5659,0.5755,-135.0,0.5554,-0.0105,-0.0479,,0.0,,
2026-10-02,Penn State Nit @ Northwestern,Spread (ATS),game_ats,Northwestern +2.5,2.5,lowvig,109.0,-122.0,Moderate buy,0.5013,0.0478,win,1.09,0.5013,0.4769,0.5013,-102.0,0.4903,0.0134,0.0247,0.0,0.0,,
2026-10-02,Penn State Nit @ Northwestern,Spread (ATS),game_ats,Penn State Nit -2.5,-2.5,mybookieag,-115.0,-105.0,Pass,0.4987,-0.0677,loss,-1.0,0.4987,0.5231,0.4987,-109.0,0.5097,-0.0134,-0.0471,0.0,0.0,,
2026-10-02,Penn State Nit @ Northwestern,Totals,game_total,Over 45.5,45.5,fanduel,-110.0,-110.0,Pass,0.5012,-0.0431,win,0.9091,0.5012,0.5006,0.5012,101.0,0.5314,0.0308,0.0145,1.0,0.0,,
2026-10-02,Penn State Nit @ Northwestern,Totals,game_total,Under 45.5,45.5,draftkings,-108.0,-112.0,Pass,0.4988,-0.0394,loss,-1.0,0.4988,0.4994,0.4988,-105.0,0.4686,-0.0308,-0.0975,-1.0,0.0,,
2026-10-02,Pittsburgh @ Virginia Tech,Moneyline,game_ml,Pittsburgh ML,,bovada,120.0,-140.0,Strong buy,0.4933,0.0853,win,1.2,0.4933,0.4442,0.4933,112.0,0.4668,0.0226,0.027,,0.0,,22.0
2026-10-02,Pittsburgh @ Virginia Tech,Moneyline,game_ml,Virginia Tech ML,,betonlineag,-133.0,113.0,Pass,0.5067,-0.1123,loss,-1.0,0.5067,0.5558,0.5067,-118.0,0.5332,-0.0226,-0.0659,,0.0,,-22.0
2026-10-02,Pittsburgh @ Virginia Tech,Spread (ATS),game_ats,Pittsburgh +2.5,2.5,draftkings,-105.0,-115.0,Strong buy,0.5576,0.0886,win,0.9524,0.5576,0.4982,0.5576,-105.0,0.5236,0.0254,0.0223,1.0,0.0,,33.0
2026-10-02,Pittsburgh @ Virginia Tech,Spread (ATS),game_ats,Virginia Tech -2.5,-2.5,lowvig,-102.0,-110.0,Pass,0.4424,-0.1239,loss,-1.0,0.4424,0.5018,0.4424,-104.0,0.4764,-0.0254,-0.0565,-1.0,0.0,,-33.0
2026-10-02,Pittsburgh @ Virginia Tech,Totals,game_total,Over 54.5,54.5,lowvig,-108.0,-108.0,Pass,0.3469,-0.3318,win,0.9259,0.3469,0.503,0.3469,-108.0,0.4564,-0.0466,-0.121,-1.5,0.0,,41.0
2026-10-02,Pittsburgh @ Virginia Tech,Totals,game_total,Under 54.5,54.5,williamhill_us,-104.0,-117.0,Pass,0.6382,0.2518,loss,-1.0,0.6531,0.497,0.6382,-105.0,0.5436,0.0466,0.0663,1.5,0.0,,-41.0
2026-10-03,Akron @ Central Michig,Moneyline,game_ml,Akron ML,,betrivers,225.0,-295.0,Pass,0.3499,0.137,loss,-1.0,0.3499,0.3078,0.3499,235.0,0.2976,-0.0102,-0.0328,,0.0,price_too_long,
2026-10-03,Akron @ Central Michig,Moneyline,game_ml,Central Michig ML,,betus,-240.0,203.0,Pass,0.6501,-0.079,win,0.4167,0.6501,0.6922,0.6501,-255.0,0.7024,0.0102,-0.0049,,0.0,,
2026-10-03,Akron @ Central Michig,Spread (ATS),game_ats,Akron +7.0,7.0,lowvig,-105.0,-107.0,Moderate buy,0.5459,0.0658,loss,-1.0,0.5459,0.5063,0.5459,-110.0,0.5059,-0.0004,-0.0123,0.0,0.0,,
2026-10-03,Akron @ Central Michig,Spread (ATS),game_ats,Central Michig -7.0,-7.0,bovada,100.0,-120.0,Pass,0.4541,-0.0918,win,1.0,0.4541,0.4937,0.4541,-105.0,0.4941,0.0004,-0.0118,0.0,0.0,,
2026-10-03,Akron @ Central Michig,Totals,game_total,Over 47.0,47.0,lowvig,-108.0,-108.0,Pass,0.2787,-0.4631,win,0.9259,0.2787,0.5016,0.2787,-108.0,0.5,-0.0016,-0.037,0.0,0.0,,
2026-10-03,Akron @ Central Michig,Totals,game_total,Under 47.0,47.0,bovada,-105.0,-115.0,Pass,0.6757,0.3192,loss,-1.0,0.7212,0.4984,0.6757,-108.0,0.5,0.0016,-0.0238,0.0,0.0,,
2026-10-03,Alabama @ Mississippi St,Moneyline,game_ml,Alabama ML,,fanduel,-200.0,164.0,Strong buy,0.7086,0.063,win,0.5,0.7086,0.6566,0.7086,-205.0,0.6567,0.0001,-0.015,,0.0,,
2026-10-03,Alabama @ Mississippi St,Moneyline,game_ml,Mississippi St ML,,betonlineag,189.0,-225.0,Pass,0.2914,-0.158,loss,-1.0,0.2914,0.3434,0.2914,195.0,0.3433,-0.0001,-0.0079,,0.0,,
2026-10-03,Alabama @ Mississippi St,Spread (ATS),game_ats,Alabama -5.5,-5.5,lowvig,-104.0,-108.0,Strong buy,0.5428,0.0646,win,0.9615,0.5428,0.4968,0.5428,-102.0,0.5,0.0032,-0.0192,0.0,0.0,,
2026-10-03,Alabama @ Mississippi St,Spread (ATS),game_ats,Mississippi St +5.5,5.5,fanatics,-107.0,-112.0,Pass,0.4572,-0.1154,loss,-1.0,0.4572,0.5032,0.4572,-106.0,0.5,-0.0032,-0.0327,0.0,0.0,,
2026-10-03,Alabama @ Mississippi St,Totals,game_total,Over 61.5,61.5,fanduel,-106.0,-114.0,Pass,0.4321,-0.1602,win,0.9434,0.4321,0.4991,0.4321,-110.0,0.5311,0.032,0.0321,1.0,0.0,,
2026-10-03,Alabama @ Mississippi St,Totals,game_total,Under 61.5,61.5,bovada,-105.0,-115.0,Pass,0.5678,0.1087,loss,-1.0,0.5678,0.5009,0.5678,-108.0,0.4689,-0.032,-0.0845,-1.0,0.0,,
2026-10-03,Arkansas @ Texas A&M,Moneyline,game_ml,Arkansas ML,,fanduel,480.0,-690.0,Pass,0.1646,-0.0451,loss,-1.0,0.1646,0.1722,0.1646,475.0,0.173,0.0008,0.0034,,0.0,,
2026-10-03,Arkansas @ Texas A&M,Moneyline,game_ml,Texas A&M ML,,fanatics,-600.0,440.0,Pass,0.8354,-0.0254,win,0.1667,0.8354,0.8278,0.8354,-600.0,0.827,-0.0008,-0.0352,,0.0,,
2026-10-03,Arkansas @ Texas A&M,Spread (ATS),game_ats,Arkansas +14.0,14.0,lowvig,-107.0,-105.0,Pass,0.4972,-0.0381,loss,-1.0,0.4972,0.5024,0.4972,-107.0,0.5014,-0.001,-0.03,0.0,0.0,,
2026-10-03,Arkansas @ Texas A&M,Spread (ATS),game_ats,Texas A&M -14.0,-14.0,lowvig,-105.0,-107.0,Pass,0.5028,-0.0183,win,0.9524,0.5028,0.4976,0.5028,-105.0,0.4986,0.001,-0.0265,0.0,0.0,,
2026-10-03,Arkansas @ Texas A&M,Totals,game_total,Over 50.0,50.0,lowvig,-108.0,-108.0,Pass,0.6373,0.2274,loss,-1.0,0.6515,0.5,0.6373,-106.0,0.5122,0.0122,-0.0135,0.5,0.0,,
2026-10-03,Arkansas @ Texas A&M,Totals,game_total,Under 50.0,50.0,lowvig,-108.0,-108.0,Pass,0.3485,-0.3288,win,0.9259,0.3485,0.5,0.3485,-110.0,0.4878,-0.0122,-0.0605,-0.5,0.0,,
2026-10-03,Arkansas State @ Louisiana,Moneyline,game_ml,Arkansas State ML,,betrivers,200.0,-265.0,Pass,0.2941,-0.1178,loss,-1.0,0.2941,0.3295,0.2941,185.0,0.3529,0.0234,0.0587,,0.0,,
2026-10-03,Arkansas State @ Louisiana,Moneyline,game_ml,Louisiana ML,,betonlineag,-220.0,186.0,Moderate buy,0.7059,0.0268,win,0.4545,0.7059,0.6705,0.7059,-191.0,0.6471,-0.0234,-0.0588,,0.0,,
2026-10-03,Arkansas State @ Louisiana,Spread (ATS),game_ats,Arkansas State +6.0,6.0,lowvig,-101.0,-111.0,Pass,0.4674,-0.0699,win,0.9901,0.4674,0.4928,0.4674,-106.0,0.5245,0.0317,0.0438,1.0,0.0,,
2026-10-03,Arkansas State @ Louisiana,Spread (ATS),game_ats,Louisiana -6.0,-6.0,mybookieag,-110.0,-110.0,Moderate buy,0.5326,0.0168,loss,-1.0,0.5326,0.5072,0.5326,-106.0,0.4755,-0.0317,-0.0922,-1.0,0.0,,
2026-10-03,Arkansas State @ Louisiana,Totals,game_total,Over 48.5,48.5,draftkings,-105.0,-115.0,Pass,0.6248,0.2198,loss,-1.0,0.6287,0.4934,0.6248,-105.0,0.5259,0.0325,0.0268,1.0,0.0,,
2026-10-03,Arkansas State @ Louisiana,Totals,game_total,Under 48.5,48.5,lowvig,-108.0,-108.0,Pass,0.3713,-0.285,win,0.9259,0.3713,0.5066,0.3713,-110.0,0.4741,-0.0325,-0.0869,-1.0,0.0,,
2026-10-03,Army @ Louisiana Tech,Moneyline,game_ml,Army ML,,bovada,-115.0,-105.0,Pass,0.488,-0.0877,loss,-1.0,0.488,0.5242,0.488,-105.0,0.4966,-0.0276,-0.0716,,0.0,,
2026-10-03,Army @ Louisiana Tech,Moneyline,game_ml,Louisiana Tech ML,,fanduel,105.0,-126.0,Moderate buy,0.512,0.0496,win,1.05,0.512,0.4758,0.512,-109.0,0.5034,0.0276,0.032,,0.0,,
2026-10-03,Army @ Louisiana Tech,Spread (ATS),game_ats,Army -1.5,-1.5,lowvig,-103.0,-109.0,Pass,0.4525,-0.1082,loss,-1.0,0.4525,0.4982,0.4525,-105.0,0.4366,-0.0616,-0.1395,-2.5,0.0,,
2026-10-03,Army @ Louisiana Tech,Spread (ATS),game_ats,Louisiana Tech +1.5,1.5,fanduel,-108.0,-112.0,Strong buy,0.5475,0.0545,win,0.9259,0.5475,0.5018,0.5475,-107.0,0.5634,0.0616,0.0851,2.5,0.0,,
2026-10-03,Army @ Louisiana Tech,Totals,game_total,Over 47.0,47.0,lowvig,-108.0,-108.0,Pass,0.6084,0.1717,win,0.9259,0.6084,0.5,0.6084,-108.0,0.4544,-0.0456,-0.1249,-1.5,0.0,,
2026-10-03,Army @ Louisiana Tech,Totals,game_total,Under 47.0,47.0,lowvig,-108.0,-108.0,Pass,0.3916,-0.2458,loss,-1.0,0.3916,0.5,0.3916,-108.0,0.5456,0.0456,0.0508,1.5,0.0,,
2026-10-03,Auburn @ Tennessee,Moneyline,game_ml,Auburn ML,,bovada,220.0,-270.0,Pass,0.3282,0.0501,loss,-1.0,0.3282,0.309,0.3282,210.0,0.3301,0.0211,0.0563,,0.0,,
2026-10-03,Auburn @ Tennessee,Moneyline,game_ml,Tennessee ML,,fanduel,-250.0,202.0,Pass,0.6718,-0.0594,win,0.4,0.6718,0.691,0.6718,-220.0,0.6699,-0.0211,-0.0621,,0.0,,
2026-10-03,Auburn @ Tennessee,Spread (ATS),game_ats,Auburn +6.5,6.5,lowvig,-101.0,-111.0,Moderate buy,0.5152,0.0252,loss,-1.0,0.5152,0.4925,0.5152,-108.0,0.5062,0.0137,0.0074,0.0,0.0,,
2026-10-03,Auburn @ Tennessee,Spread (ATS),game_ats,Tennessee -6.5,-6.5,fanduel,-110.0,-110.0,Pass,0.4848,-0.0744,win,0.9091,0.4848,0.5075,0.4848,-101.0,0.4938,-0.0137,-0.0573,0.0,0.0,,
2026-10-03,Auburn @ Tennessee,Totals,game_total,Over 54.0,54.0,lowvig,-108.0,-108.0,Pass,0.3296,-0.3651,loss,-1.0,0.3296,0.5,0.3296,-108.0,0.5001,0.0001,-0.0368,0.0,0.0,,
2026-10-03,Auburn @ Tennessee,Totals,game_total,Under 54.0,54.0,lowvig,-108.0,-108.0,Pass,0.6477,0.2474,win,0.9259,0.6704,0.5,0.6477,-108.0,0.4999,-0.0001,-0.0372,0.0,0.0,,
2026-10-03,BYU @ TCU,Moneyline,game_ml,BYU ML,,fanduel,-220.0,180.0,Pass,0.6661,-0.0312,win,0.4545,0.6661,0.6658,0.6661,-200.0,0.6572,-0.0086,-0.0441,,0.0,,
2026-10-03,BYU @ TCU,Moneyline,game_ml,TCU ML,,williamhill_us,195.0,-235.0,Pass,0.3339,-0.0149,loss,-1.0,0.3339,0.3342,0.3339,186.0,0.3428,0.0086,0.0113,,0.0,,
2026-10-03,BYU @ TCU,Spread (ATS),game_ats,BYU -6.0,-6.0,lowvig,-103.0,-109.0,Pass,0.4904,-0.0335,win,0.9709,0.4904,0.4979,0.4904,-106.0,0.4864,-0.0115,-0.0414,-0.5,0.0,,
2026-10-03,BYU @ TCU,Spread (ATS),game_ats,TCU +6.0,6.0,betmgm,-108.0,-110.0,Pass,0.5096,-0.0185,loss,-1.0,0.5096,0.5021,0.5096,-106.0,0.5136,0.0115,-0.0108,0.5,0.0,,
2026-10-03,BYU @ TCU,Totals,game_total,Over 48.0,48.0,bovada,-105.0,-115.0,Pass,0.444,-0.1332,loss,-1.0,0.444,0.4985,0.444,-106.0,0.5184,0.0199,0.0121,0.5,0.0,,
2026-10-03,BYU @ TCU,Totals,game_total,Under 48.0,48.0,lowvig,-108.0,-108.0,Strong buy,0.556,0.0709,win,0.9259,0.556,0.5015,0.556,100.0,0.4816,-0.0199,-0.0725,-0.5,0.0,,
2026-10-03,Baylor @ Arizona State,Moneyline,game_ml,Arizona State ML,,betus,-170.0,146.0,Pass,0.6312,0.0024,loss,-1.0,0.6312,0.6142,0.6312,-162.0,0.6047,-0.0095,-0.0396,,0.0,,
2026-10-03,Baylor @ Arizona State,Moneyline,game_ml,Baylor ML,,bovada,155.0,-180.0,Pass,0.3688,-0.0595,win,1.55,0.3688,0.3858,0.3688,149.0,0.3953,0.0095,0.008,,0.0,,
2026-10-03,Baylor @ Arizona State,Spread (ATS),game_ats,Arizona State -3.5,-3.5,lowvig,-110.0,-102.0,Pass,0.5249,0.002,loss,-1.0,0.5249,0.5085,0.5249,-101.0,0.4915,-0.017,-0.0617,0.0,0.0,,
2026-10-03,Baylor @ Arizona State,Spread (ATS),game_ats,Baylor +3.5,3.5,lowvig,-102.0,-110.0,Pass,0.4751,-0.0591,win,0.9804,0.4751,0.4915,0.4751,-110.0,0.5085,0.017,0.007,0.0,0.0,,
2026-10-03,Baylor @ Arizona State,Totals,game_total,Over 48.5,48.5,fanduel,-108.0,-112.0,Pass,0.434,-0.1642,win,0.9259,0.434,0.5004,0.434,-108.0,0.4996,-0.0008,-0.0378,0.0,0.0,,
2026-10-03,Baylor @ Arizona State,Totals,game_total,Under 48.5,48.5,bovada,-105.0,-115.0,Strong buy,0.566,0.1051,loss,-1.0,0.566,0.4996,0.566,-108.0,0.5004,0.0008,-0.023,0.0,0.0,,
2026-10-03,Boston College @ SMU,Moneyline,game_ml,Boston College ML,,fanduel,1100.0,-2500.0,Pass,0.1044,0.2528,loss,-1.0,0.1044,0.0873,0.1044,1050.0,0.0897,0.0024,0.0764,,0.0,,
2026-10-03,Boston College @ SMU,Moneyline,game_ml,SMU ML,,bovada,-1600.0,800.0,Pass,0.8956,-0.0484,win,0.0625,0.8956,0.9127,0.8956,-1400.0,0.9103,-0.0024,-0.0328,,0.0,,
2026-10-03,Boston College @ SMU,Spread (ATS),game_ats,Boston College +21.5,21.5,lowvig,-107.0,-105.0,Strong buy,0.5469,0.0581,win,0.9346,0.5469,0.5038,0.5469,-107.0,0.5063,0.0025,-0.0205,0.0,0.0,,
2026-10-03,Boston College @ SMU,Spread (ATS),game_ats,SMU -21.5,-21.5,draftkings,-105.0,-115.0,Pass,0.4531,-0.1154,loss,-1.0,0.4531,0.4962,0.4531,-105.0,0.4937,-0.0025,-0.0361,0.0,0.0,,
2026-10-03,Boston College @ SMU,Totals,game_total,Over 55.5,55.5,lowvig,-103.0,-114.0,Pass,0.4313,-0.15,loss,-1.0,0.4313,0.4898,0.4313,-103.0,0.4949,0.0051,-0.0246,0.0,0.0,,
2026-10-03,Boston College @ SMU,Totals,game_total,Under 55.5,55.5,fanduel,-114.0,-106.0,Strong buy,0.5687,0.0676,win,0.8772,0.5687,0.5102,0.5687,-108.0,0.5051,-0.0051,-0.0518,0.0,0.0,,
2026-10-03,Bowling Green @ Miami (OH),Moneyline,game_ml,Bowling Green ML,,betrivers,480.0,-715.0,Pass,0.1177,-0.3172,win,4.8,0.1177,0.1926,0.1177,380.0,0.2097,0.0171,0.2163,,0.0,,
2026-10-03,Bowling Green @ Miami (OH),Moneyline,game_ml,Miami (OH) ML,,draftkings,-500.0,380.0,Strong buy,0.8823,0.0587,loss,-1.0,0.8823,0.8074,0.8823,-450.0,0.7903,-0.0171,-0.0516,,0.0,,
2026-10-03,Bowling Green @ Miami (OH),Spread (ATS),game_ats,Bowling Green +12.0,12.0,lowvig,-106.0,-106.0,Pass,0.3505,-0.3189,win,0.9434,0.3505,0.5,0.3505,-105.0,0.5371,0.0371,0.0438,1.5,0.0,,
2026-10-03,Bowling Green @ Miami (OH),Spread (ATS),game_ats,Miami (OH) -12.0,-12.0,lowvig,-106.0,-106.0,Pass,0.6363,0.2365,loss,-1.0,0.6495,0.5,0.6363,-108.0,0.4629,-0.0371,-0.1004,-1.5,0.0,,
2026-10-03,Bowling Green @ Miami (OH),Totals,game_total,Over 43.0,43.0,lowvig,-108.0,-108.0,Pass,0.4906,-0.0552,win,0.9259,0.4906,0.5,0.4906,-105.0,0.4515,-0.0485,-0.1304,-1.5,0.0,,
2026-10-03,Bowling Green @ Miami (OH),Totals,game_total,Under 43.0,43.0,lowvig,-108.0,-108.0,Pass,0.5094,-0.0189,loss,-1.0,0.5094,0.5,0.5094,-110.0,0.5485,0.0485,0.0564,1.5,0.0,,
2026-10-03,California @ UNLV,Moneyline,game_ml,California ML,,williamhill_us,111.0,-130.0,Pass,0.4352,-0.0818,loss,-1.0,0.4352,0.4609,0.4352,100.0,0.4873,0.0264,0.0282,,0.0,,
2026-10-03,California @ UNLV,Moneyline,game_ml,UNLV ML,,betrivers,-124.0,100.0,Moderate buy,0.5648,0.0203,win,0.8065,0.5648,0.5391,0.5648,-111.0,0.5127,-0.0264,-0.0738,,0.0,,
2026-10-03,California @ UNLV,Spread (ATS),game_ats,California +2.5,2.5,lowvig,-109.0,-103.0,Pass,0.5086,-0.0248,loss,-1.0,0.5086,0.5027,0.5086,-108.0,0.5369,0.0342,0.0295,1.5,0.0,,
2026-10-03,California @ UNLV,Spread (ATS),game_ats,UNLV -2.5,-2.5,lowvig,-103.0,-109.0,Pass,0.4914,-0.0315,win,0.9709,0.4914,0.4973,0.4914,-110.0,0.4631,-0.0342,-0.0873,-1.5,0.0,,
2026-10-03,California @ UNLV,Totals,game_total,Over 53.5,53.5,lowvig,-106.0,-110.0,Pass,0.4406,-0.1438,win,0.9434,0.4406,0.4955,0.4406,-110.0,0.4581,-0.0374,-0.1097,-1.5,0.0,,
2026-10-03,California @ UNLV,Totals,game_total,Under 53.5,53.5,lowvig,-110.0,-106.0,Strong buy,0.5594,0.068,loss,-1.0,0.5594,0.5045,0.5594,-105.0,0.5419,0.0374,0.0345,1.5,0.0,,
2026-10-03,Cincinnati @ Arizona,Moneyline,game_ml,Arizona ML,,betmgm,-235.0,200.0,Pass,0.6945,-0.01,win,0.4255,0.6945,0.6841,0.6945,-245.0,0.689,0.0049,-0.0178,,0.0,,
2026-10-03,Cincinnati @ Arizona,Moneyline,game_ml,Cincinnati ML,,bovada,215.0,-260.0,Pass,0.3055,-0.0376,loss,-1.0,0.3055,0.3159,0.3055,220.0,0.311,-0.0049,-0.0204,,0.0,,
2026-10-03,Cincinnati @ Arizona,Spread (ATS),game_ats,Arizona -6.5,-6.5,lowvig,-114.0,102.0,Pass,0.5047,-0.0526,win,0.8772,0.5047,0.5146,0.5047,-101.0,0.5049,-0.0097,-0.0522,0.5,0.0,,
2026-10-03,Cincinnati @ Arizona,Spread (ATS),game_ats,Cincinnati +6.5,6.5,lowvig,102.0,-114.0,Pass,0.4953,0.0006,loss,-1.0,0.4953,0.4854,0.4953,-110.0,0.4951,0.0097,0.0001,-0.5,0.0,,
2026-10-03,Cincinnati @ Arizona,Totals,game_total,Over 56.0,56.0,lowvig,-108.0,-108.0,Strong buy,0.5632,0.0846,loss,-1.0,0.5632,0.4994,0.5632,-110.0,0.4868,-0.0126,-0.0625,-0.5,0.0,,
2026-10-03,Cincinnati @ Arizona,Totals,game_total,Under 56.0,56.0,lowvig,-108.0,-108.0,Pass,0.4368,-0.1587,win,0.9259,0.4368,0.5006,0.4368,-106.0,0.5132,0.0126,-0.0116,0.5,0.0,,
2026-10-03,Eastern Michig @ UMass,Moneyline,game_ml,Eastern Michig ML,,lowvig,186.0,-220.0,Pass,0.2571,-0.2646,win,1.86,0.2571,0.3403,0.2571,186.0,0.338,-0.0023,-0.0333,,0.0,,
2026-10-03,Eastern Michig @ UMass,Moneyline,game_ml,UMass ML,,fanduel,-205.0,168.0,Pass,0.7429,0.1052,loss,-1.0,0.7429,0.6597,0.7429,-215.0,0.662,0.0023,-0.0151,,0.0,,
2026-10-03,Eastern Michig @ UMass,Spread (ATS),game_ats,Eastern Michig +6.0,6.0,betmgm,-110.0,-108.0,Pass,0.4299,-0.1793,win,0.9091,0.4299,0.505,0.4299,-105.0,0.5103,0.0053,-0.0258,0.5,0.0,,
2026-10-03,Eastern Michig @ UMass,Spread (ATS),game_ats,UMass -6.0,-6.0,bovada,-105.0,-115.0,Strong buy,0.5701,0.1131,loss,-1.0,0.5701,0.495,0.5701,-110.0,0.4897,-0.0053,-0.0439,-0.5,0.0,,
2026-10-03,Eastern Michig @ UMass,Totals,game_total,Over 48.5,48.5,draftkings,-110.0,-110.0,Pass,0.3693,-0.295,win,0.9091,0.3693,0.502,0.3693,-109.0,0.5038,0.0018,-0.0382,0.0,0.0,,
2026-10-03,Eastern Michig @ UMass,Totals,game_total,Under 48.5,48.5,lowvig,-106.0,-110.0,Pass,0.6259,0.2163,loss,-1.0,0.6307,0.498,0.6259,-105.0,0.4962,-0.0018,-0.0357,0.0,0.0,,
2026-10-03,Florida @ Missouri,Moneyline,game_ml,Florida ML,,williamhill_us,-213.0,178.0,Pass,0.5388,-0.2082,loss,-1.0,0.5388,0.6605,0.5388,-213.0,0.6624,0.0019,-0.0266,,0.0,,
2026-10-03,Florida @ Missouri,Moneyline,game_ml,Missouri ML,,betus,190.0,-225.0,Pass,0.4612,0.3374,win,1.9,0.4612,0.3395,0.4612,190.0,0.3376,-0.0019,-0.021,,0.0,,
2026-10-03,Florida @ Missouri,Spread (ATS),game_ats,Florida -5.5,-5.5,williamhill_us,-107.0,-113.0,Pass,0.3958,-0.2342,loss,-1.0,0.3958,0.499,0.3958,-105.0,0.5023,0.0033,-0.0283,0.0,0.0,,
2026-10-03,Florida @ Missouri,Spread (ATS),game_ats,Missouri +5.5,5.5,betrivers,-109.0,-114.0,Pass,0.6042,0.1585,win,0.9174,0.6042,0.501,0.6042,-103.0,0.4977,-0.0033,-0.0457,0.0,0.0,,
2026-10-03,Florida @ Missouri,Totals,game_total,Over 57.5,57.5,williamhill_us,-110.0,-109.0,Pass,0.351,-0.3298,win,0.9091,0.351,0.5067,0.351,-110.0,0.5056,-0.0011,-0.0348,0.0,0.0,,
2026-10-03,Florida @ Missouri,Totals,game_total,Under 57.5,57.5,lowvig,-103.0,-114.0,Pass,0.6359,0.2533,loss,-1.0,0.649,0.4933,0.6359,-105.0,0.4944,0.0011,-0.0256,0.0,0.0,,
2026-10-03,Fresno State @ Washington Sta,Moneyline,game_ml,Fresno State ML,,betrivers,107.0,-132.0,Strong buy,0.5315,0.1002,win,1.07,0.5315,0.4692,0.5315,112.0,0.4612,-0.008,-0.0453,,0.0,,
2026-10-03,Fresno State @ Washington Sta,Moneyline,game_ml,Washington Sta ML,,betmgm,-120.0,100.0,Pass,0.4685,-0.1411,loss,-1.0,0.4685,0.5308,0.4685,-125.0,0.5388,0.008,-0.0122,,0.0,,
2026-10-03,Fresno State @ Washington Sta,Spread (ATS),game_ats,Fresno State +1.5,1.5,williamhill_us,-103.0,-118.0,Strong buy,0.5613,0.1063,win,0.9709,0.5613,0.4946,0.5613,-110.0,0.4808,-0.0138,-0.0524,-1.0,0.0,,
2026-10-03,Fresno State @ Washington Sta,Spread (ATS),game_ats,Washington Sta -1.5,-1.5,lowvig,-107.0,-105.0,Pass,0.4387,-0.1513,loss,-1.0,0.4387,0.5054,0.4387,-105.0,0.5192,0.0138,0.0044,1.0,0.0,,
2026-10-03,Fresno State @ Washington Sta,Totals,game_total,Over 45.5,45.5,lowvig,-103.0,-114.0,Pass,0.413,-0.186,loss,-1.0,0.413,0.4904,0.413,-103.0,0.4641,-0.0263,-0.0853,-1.0,0.0,,
2026-10-03,Fresno State @ Washington Sta,Totals,game_total,Under 45.5,45.5,bovada,-110.0,-110.0,Strong buy,0.587,0.1206,win,0.9091,0.587,0.5096,0.587,-106.0,0.5359,0.0263,0.0231,1.0,0.0,,
2026-10-03,Georgia Southe @ Coastal Caroli,Moneyline,game_ml,Coastal Caroli ML,,draftkings,105.0,-125.0,Pass,0.4778,-0.0205,loss,-1.0,0.4778,0.4683,0.4778,125.0,0.4354,-0.0329,-0.1074,,0.0,,
2026-10-03,Georgia Southe @ Coastal Caroli,Moneyline,game_ml,Georgia Southe ML,,betrivers,-124.0,100.0,Pass,0.5222,-0.0567,win,0.8065,0.5222,0.5317,0.5222,-135.0,0.5646,0.0329,0.0199,,0.0,,
2026-10-03,Georgia Southe @ Coastal Caroli,Spread (ATS),game_ats,Coastal Caroli +2.0,2.0,betus,-105.0,-115.0,Moderate buy,0.5306,0.0359,loss,-1.0,0.5306,0.4989,0.5306,104.0,0.4735,-0.0254,-0.0755,-0.5,0.0,,
2026-10-03,Georgia Southe @ Coastal Caroli,Spread (ATS),game_ats,Georgia Southe -2.0,-2.0,lowvig,-106.0,-106.0,Pass,0.4694,-0.0878,win,0.9434,0.4694,0.5011,0.4694,-110.0,0.5265,0.0254,0.0232,0.5,0.0,,
2026-10-03,Georgia Southe @ Coastal Caroli,Totals,game_total,Over 53.5,53.5,lowvig,-103.0,-114.0,Strong buy,0.5529,0.0897,win,0.9709,0.5529,0.4936,0.5529,-103.0,0.4911,-0.0025,-0.0321,0.0,0.0,,
2026-10-03,Georgia Southe @ Coastal Caroli,Totals,game_total,Under 53.5,53.5,fanatics,-110.0,-110.0,Pass,0.4471,-0.1464,loss,-1.0,0.4471,0.5064,0.4471,-112.0,0.5089,0.0025,-0.0285,0.0,0.0,,
2026-10-03,Indiana @ Rutgers,Moneyline,game_ml,Indiana ML,,fanatics,-2200.0,1200.0,Pass,0.9338,-0.0237,win,0.0455,0.9338,0.9244,0.9338,-2200.0,0.9242,-0.0002,-0.0338,,0.0,,
2026-10-03,Indiana @ Rutgers,Moneyline,game_ml,Rutgers ML,,betrivers,1300.0,-5000.0,Pass,0.0662,-0.0734,loss,-1.0,0.0662,0.0756,0.0662,1300.0,0.0758,0.0002,0.0612,,0.0,,
2026-10-03,Indiana @ Rutgers,Spread (ATS),game_ats,Indiana -24.0,-24.0,lowvig,-110.0,-102.0,Moderate buy,0.5285,0.009,win,0.9091,0.5285,0.504,0.5285,-105.0,0.5092,0.0052,-0.0279,0.5,0.0,,
2026-10-03,Indiana @ Rutgers,Spread (ATS),game_ats,Rutgers +24.0,24.0,lowvig,-102.0,-110.0,Pass,0.4715,-0.0662,loss,-1.0,0.4715,0.496,0.4715,-108.0,0.4908,-0.0052,-0.028,-0.5,0.0,,
2026-10-03,Indiana @ Rutgers,Totals,game_total,Over 56.5,56.5,betrivers,-109.0,-113.0,Pass,0.6531,0.2522,win,0.9174,0.6801,0.5004,0.6531,-103.0,0.526,0.0256,0.0086,1.0,0.0,,
2026-10-03,Indiana @ Rutgers,Totals,game_total,Under 56.5,56.5,draftkings,-108.0,-112.0,Pass,0.3199,-0.3839,loss,-1.0,0.3199,0.4996,0.3199,-108.0,0.474,-0.0256,-0.0871,-1.0,0.0,,
2026-10-03,Kentucky @ South Carolina,Moneyline,game_ml,Kentucky ML,,draftkings,120.0,-142.0,Pass,0.409,-0.1001,win,1.2,0.409,0.4427,0.409,120.0,0.4418,-0.0009,-0.028,,0.0,,
2026-10-03,Kentucky @ South Carolina,Moneyline,game_ml,South Carolina ML,,betus,-135.0,115.0,Moderate buy,0.591,0.0287,loss,-1.0,0.591,0.5573,0.591,-135.0,0.5582,0.0009,-0.0283,,0.0,,
2026-10-03,Kentucky @ South Carolina,Spread (ATS),game_ats,Kentucky +2.5,2.5,williamhill_us,-103.0,-118.0,Pass,0.4845,-0.0452,win,0.9709,0.4845,0.4952,0.4845,-103.0,0.4952,0.0,-0.024,0.0,0.0,,
2026-10-03,Kentucky @ South Carolina,Spread (ATS),game_ats,South Carolina -2.5,-2.5,lowvig,-108.0,-104.0,Pass,0.5155,-0.0071,loss,-1.0,0.5155,0.5048,0.5155,-108.0,0.5048,0.0,-0.0278,0.0,0.0,,
2026-10-03,Kentucky @ South Carolina,Totals,game_total,Over 53.5,53.5,draftkings,-110.0,-110.0,Moderate buy,0.541,0.0328,win,0.9091,0.541,0.5011,0.541,-110.0,0.474,-0.0271,-0.0951,-1.0,0.0,,
2026-10-03,Kentucky @ South Carolina,Totals,game_total,Under 53.5,53.5,betmgm,-108.0,-110.0,Pass,0.459,-0.116,loss,-1.0,0.459,0.4989,0.459,-105.0,0.526,0.0271,0.013,1.0,0.0,,
2026-10-03,Louisville @ NC State,Moneyline,game_ml,Louisville ML,,fanduel,-156.0,130.0,Pass,0.5922,-0.0281,loss,-1.0,0.5922,0.5932,0.5922,-200.0,0.6512,0.058,0.0686,,0.0,,
2026-10-03,Louisville @ NC State,Moneyline,game_ml,NC State ML,,draftkings,140.0,-166.0,Pass,0.4078,-0.0214,win,1.4,0.4078,0.4068,0.4078,185.0,0.3488,-0.058,-0.1629,,0.0,,
2026-10-03,Louisville @ NC State,Spread (ATS),game_ats,Louisville -3.0,-3.0,lowvig,-111.0,-101.0,Pass,0.5035,-0.0429,loss,-1.0,0.5035,0.5128,0.5035,-110.0,0.5575,0.0447,0.0598,2.0,0.0,,
2026-10-03,Louisville @ NC State,Spread (ATS),game_ats,NC State +3.0,3.0,bovada,100.0,-120.0,Pass,0.4965,-0.007,win,1.0,0.4965,0.4872,0.4965,-101.0,0.4425,-0.0447,-0.115,-2.0,0.0,,
2026-10-03,Louisville @ NC State,Totals,game_total,Over 57.5,57.5,lowvig,-110.0,-106.0,Pass,0.6592,0.2585,win,0.9091,0.6913,0.5063,0.6592,-108.0,0.4686,-0.0377,-0.1054,-1.0,0.0,,
2026-10-03,Louisville @ NC State,Totals,game_total,Under 57.5,57.5,draftkings,-105.0,-115.0,Pass,0.3087,-0.3973,loss,-1.0,0.3087,0.4937,0.3087,-108.0,0.5314,0.0377,0.0375,1.0,0.0,,
2026-10-03,Marshall @ James Madison,Moneyline,game_ml,James Madison ML,,betmgm,-1000.0,700.0,Pass,0.882,-0.0298,win,0.1,0.882,0.8788,0.882,-720.0,0.8538,-0.025,-0.0608,,0.0,,
2026-10-03,Marshall @ James Madison,Moneyline,game_ml,Marshall ML,,betrivers,800.0,-1667.0,Pass,0.118,0.0618,loss,-1.0,0.118,0.1212,0.118,650.0,0.1462,0.025,0.3158,,0.0,,
2026-10-03,Marshall @ James Madison,Spread (ATS),game_ats,James Madison -18.0,-18.0,fanatics,-110.0,-110.0,Pass,0.5044,-0.037,win,0.9091,0.5044,0.5042,0.5044,-106.0,0.4377,-0.0665,-0.1644,-2.5,0.0,,
2026-10-03,Marshall @ James Madison,Spread (ATS),game_ats,Marshall +18.0,18.0,lowvig,-101.0,-111.0,Pass,0.4956,-0.0138,loss,-1.0,0.4956,0.4958,0.4956,-106.0,0.5623,0.0665,0.119,2.5,0.0,,
2026-10-03,Marshall @ James Madison,Totals,game_total,Over 56.0,56.0,bovada,-105.0,-115.0,Pass,0.4998,-0.0242,win,0.9524,0.4998,0.4981,0.4998,-105.0,0.4835,-0.0146,-0.056,-0.5,0.0,,
2026-10-03,Marshall @ James Madison,Totals,game_total,Under 56.0,56.0,lowvig,-108.0,-108.0,Pass,0.5002,-0.0366,loss,-1.0,0.5002,0.5019,0.5002,-108.0,0.5165,0.0146,-0.0053,0.5,0.0,,
2026-10-03,Maryland @ Nebraska,Moneyline,game_ml,Maryland ML,,betrivers,525.0,-910.0,Pass,0.1645,0.0284,loss,-1.0,0.1645,0.1627,0.1645,525.0,0.1609,-0.0018,0.0056,,0.0,,
2026-10-03,Maryland @ Nebraska,Moneyline,game_ml,Nebraska ML,,fanduel,-650.0,470.0,Pass,0.8355,-0.036,win,0.1538,0.8355,0.8373,0.8355,-650.0,0.8391,0.0018,-0.0318,,0.0,,
2026-10-03,Maryland @ Nebraska,Spread (ATS),game_ats,Maryland +14.5,14.5,lowvig,-106.0,-106.0,Pass,0.506,-0.0166,loss,-1.0,0.506,0.4994,0.506,-108.0,0.487,-0.0124,-0.0536,-0.5,0.0,,
2026-10-03,Maryland @ Nebraska,Spread (ATS),game_ats,Nebraska -14.5,-14.5,lowvig,-106.0,-106.0,Pass,0.494,-0.04,win,0.9434,0.494,0.5006,0.494,-110.0,0.513,0.0124,-0.003,0.5,0.0,,
2026-10-03,Maryland @ Nebraska,Totals,game_total,Over 52.5,52.5,williamhill_us,-106.0,-114.0,Pass,0.5042,-0.02,win,0.9434,0.5042,0.499,0.5042,-106.0,0.4994,0.0004,-0.0295,0.0,0.0,,
2026-10-03,Maryland @ Nebraska,Totals,game_total,Under 52.5,52.5,lowvig,-108.0,-108.0,Pass,0.4958,-0.0452,loss,-1.0,0.4958,0.501,0.4958,-108.0,0.5006,-0.0004,-0.0359,0.0,0.0,,
2026-10-03,Memphis @ Charlotte,Moneyline,game_ml,Charlotte ML,,betrivers,1100.0,-3335.0,Pass,0.0967,0.1602,loss,-1.0,0.0967,0.1009,0.0967,860.0,0.109,0.0081,0.308,,0.0,,1.0
2026-10-03,Memphis @ Charlotte,Moneyline,game_ml,Memphis ML,,betonlineag,-1400.0,836.0,Pass,0.9033,-0.0322,win,0.0714,0.9033,0.8991,0.9033,-1200.0,0.891,-0.0081,-0.0454,,0.0,,-1.0
2026-10-03,Memphis @ Charlotte,Spread (ATS),game_ats,Charlotte +20.5,20.5,lowvig,-106.0,-106.0,Pass,0.5016,-0.0252,loss,-1.0,0.5016,0.5,0.5016,-110.0,0.5431,0.0431,0.0555,1.5,0.0,,1.0
2026-10-03,Memphis @ Charlotte,Spread (ATS),game_ats,Memphis -20.5,-20.5,lowvig,-106.0,-106.0,Pass,0.4984,-0.0314,win,0.9434,0.4984,0.5,0.4984,-101.0,0.4569,-0.0431,-0.1121,-1.5,0.0,,-1.0
2026-10-03,Memphis @ Charlotte,Totals,game_total,Over 52.0,52.0,lowvig,-108.0,-108.0,Pass,0.5061,-0.0253,win,0.9259,0.5061,0.5,0.5061,-110.0,0.5063,0.0063,-0.0249,0.0,0.0,,16.0
2026-10-03,Memphis @ Charlotte,Totals,game_total,Under 52.0,52.0,lowvig,-108.0,-108.0,Pass,0.4939,-0.0488,loss,-1.0,0.4939,0.5,0.4939,-103.0,0.4937,-0.0063,-0.0492,0.0,0.0,,-16.0
2026-10-03,Miami @ Clemson,Moneyline,game_ml,Clemson ML,,fanatics,550.0,-800.0,Pass,0.1946,0.2651,loss,-1.0,0.1946,0.1548,0.1946,510.0,0.161,0.0062,0.0465,,0.0,price_too_long,
2026-10-03,Miami @ Clemson,Moneyline,game_ml,Miami ML,,betmgm,-700.0,525.0,Pass,0.8054,-0.0796,win,0.1429,0.8054,0.8452,0.8054,-650.0,0.839,-0.0062,-0.0411,,0.0,,
2026-10-03,Miami @ Clemson,Spread (ATS),game_ats,Clemson +15.5,15.5,williamhill_us,-109.0,-112.0,Pass,0.5833,0.1184,loss,-1.0,0.5833,0.4998,0.5833,-110.0,0.5329,0.0331,0.0218,1.0,0.0,,
2026-10-03,Miami @ Clemson,Spread (ATS),game_ats,Miami -15.5,-15.5,betmgm,-108.0,-110.0,Pass,0.4167,-0.1974,win,0.9259,0.4167,0.5002,0.4167,-105.0,0.4671,-0.0331,-0.1004,-1.0,0.0,,
2026-10-03,Miami @ Clemson,Totals,game_total,Over 47.5,47.5,lowvig,-108.0,-108.0,Pass,0.3519,-0.3222,win,0.9259,0.3519,0.5021,0.3519,-110.0,0.5519,0.0498,0.0629,1.5,0.0,,
2026-10-03,Miami @ Clemson,Totals,game_total,Under 47.5,47.5,fanduel,-104.0,-118.0,Pass,0.6354,0.2464,loss,-1.0,0.6481,0.4979,0.6354,-103.0,0.4481,-0.0498,-0.121,-1.5,0.0,,
2026-10-03,Michigan @ Minnesota,Moneyline,game_ml,Michigan ML,,fanduel,-225.0,184.0,Pass,0.633,-0.0857,loss,-1.0,0.633,0.6711,0.633,-225.0,0.6724,0.0013,-0.0288,,0.0,,
2026-10-03,Michigan @ Minnesota,Moneyline,game_ml,Minnesota ML,,mybookieag,212.0,-270.0,Pass,0.367,0.145,win,2.12,0.367,0.3289,0.367,200.0,0.3276,-0.0013,0.0221,,0.0,price_too_long,
2026-10-03,Michigan @ Minnesota,Spread (ATS),game_ats,Michigan -6.0,-6.0,lowvig,-109.0,-103.0,Pass,0.4653,-0.1078,loss,-1.0,0.4653,0.5045,0.4653,-109.0,0.5048,0.0003,-0.0321,0.0,0.0,,
2026-10-03,Michigan @ Minnesota,Spread (ATS),game_ats,Minnesota +6.0,6.0,lowvig,-103.0,-109.0,Moderate buy,0.5347,0.0538,win,0.9709,0.5347,0.4955,0.5347,-103.0,0.4952,-0.0003,-0.024,0.0,0.0,,
2026-10-03,Michigan @ Minnesota,Totals,game_total,Over 43.0,43.0,betus,-105.0,-115.0,Pass,0.4007,-0.2178,loss,-1.0,0.4007,0.499,0.4007,-108.0,0.455,-0.044,-0.1117,-1.5,0.0,,
2026-10-03,Michigan @ Minnesota,Totals,game_total,Under 43.0,43.0,lowvig,-108.0,-108.0,Pass,0.5994,0.1543,win,0.9259,0.5994,0.501,0.5994,-106.0,0.545,0.044,0.0496,1.5,0.0,,
2026-10-03,Michigan State @ Wisconsin,Moneyline,game_ml,Michigan State ML,,fanduel,315.0,-410.0,Pass,0.2677,0.1109,loss,-1.0,0.2677,0.2483,0.2677,290.0,0.251,0.0027,0.0417,,0.0,,
2026-10-03,Michigan State @ Wisconsin,Moneyline,game_ml,Wisconsin ML,,betonlineag,-350.0,280.0,Pass,0.7323,-0.0584,win,0.2857,0.7323,0.7517,0.7323,-350.0,0.749,-0.0027,-0.037,,0.0,,
2026-10-03,Michigan State @ Wisconsin,Spread (ATS),game_ats,Michigan State +9.0,9.0,lowvig,-107.0,-105.0,Pass,0.5183,0.0028,loss,-1.0,0.5183,0.5026,0.5183,-102.0,0.5082,0.0056,-0.0168,0.5,0.0,,
2026-10-03,Michigan State @ Wisconsin,Spread (ATS),game_ats,Wisconsin -9.0,-9.0,lowvig,-105.0,-107.0,Pass,0.4817,-0.0596,win,0.9524,0.4817,0.4974,0.4817,-108.0,0.4918,-0.0056,-0.0398,-0.5,0.0,,
2026-10-03,Michigan State @ Wisconsin,Totals,game_total,Over 43.5,43.5,lowvig,-108.0,-108.0,Pass,0.438,-0.1564,loss,-1.0,0.438,0.4993,0.438,-108.0,0.4988,-0.0005,-0.0393,0.0,0.0,,
2026-10-03,Michigan State @ Wisconsin,Totals,game_total,Under 43.5,43.5,lowvig,-108.0,-108.0,Strong buy,0.562,0.0823,win,0.9259,0.562,0.5007,0.562,-108.0,0.5012,0.0005,-0.0347,0.0,0.0,,
2026-10-03,Middle Tenness @ Kansas,Moneyline,game_ml,Kansas ML,,fanatics,-1400.0,850.0,Pass,0.917,-0.0176,win,0.0714,0.917,0.9023,0.917,-1400.0,0.9016,-0.0007,-0.034,,0.0,,
2026-10-03,Middle Tenness @ Kansas,Moneyline,game_ml,Middle Tenness ML,,betrivers,1200.0,-10000.0,Pass,0.083,0.0796,loss,-1.0,0.083,0.0977,0.083,1200.0,0.0984,0.0007,0.2792,,0.0,,
2026-10-03,Middle Tenness @ Kansas,Spread (ATS),game_ats,Kansas -20.5,-20.5,fanduel,-110.0,-110.0,Strong buy,0.5443,0.0392,win,0.9091,0.5443,0.5035,0.5443,-101.0,0.5058,0.0023,-0.0344,0.5,0.0,,
2026-10-03,Middle Tenness @ Kansas,Spread (ATS),game_ats,Middle Tenness +20.5,20.5,fanatics,-105.0,-115.0,Pass,0.4557,-0.1103,loss,-1.0,0.4557,0.4965,0.4557,-110.0,0.4942,-0.0023,-0.0351,-0.5,0.0,,
2026-10-03,Middle Tenness @ Kansas,Totals,game_total,Over 50.5,50.5,betrivers,-106.0,-117.0,Pass,0.5212,0.0129,win,0.9434,0.5212,0.5075,0.5212,-106.0,0.5033,-0.0042,-0.0219,0.0,0.0,,
2026-10-03,Middle Tenness @ Kansas,Totals,game_total,Under 50.5,50.5,draftkings,-102.0,-118.0,Pass,0.4788,-0.0518,loss,-1.0,0.4788,0.4925,0.4788,-102.0,0.4967,0.0042,-0.0163,0.0,0.0,,
2026-10-03,Navy @ Air Force,Moneyline,game_ml,Air Force ML,,lowvig,-139.0,119.0,Moderate buy,0.5922,0.0182,win,0.7194,0.5922,0.571,0.5922,-139.0,0.5733,0.0023,-0.0143,,0.0,,
2026-10-03,Navy @ Air Force,Moneyline,game_ml,Navy ML,,betrivers,130.0,-162.0,Pass,0.4078,-0.062,loss,-1.0,0.4078,0.429,0.4078,138.0,0.4267,-0.0023,-0.0186,,0.0,,
2026-10-03,Navy @ Air Force,Spread (ATS),game_ats,Air Force -3.0,-3.0,draftkings,-105.0,-115.0,Pass,0.5026,-0.0188,win,0.9524,0.5026,0.4918,0.5026,-105.0,0.499,0.0072,-0.0258,0.0,0.0,,
2026-10-03,Navy @ Air Force,Spread (ATS),game_ats,Navy +3.0,3.0,mybookieag,-110.0,-110.0,Pass,0.4974,-0.0503,loss,-1.0,0.4974,0.5082,0.4974,-107.0,0.501,-0.0072,-0.0435,0.0,0.0,,
2026-10-03,Navy @ Air Force,Totals,game_total,Over 45.5,45.5,fanduel,-108.0,-112.0,Pass,0.6874,0.3239,loss,-1.0,0.7426,0.5009,0.6874,-104.0,0.4999,-0.001,-0.0372,0.0,0.0,,
2026-10-03,Navy @ Air Force,Totals,game_total,Under 45.5,45.5,betrivers,-108.0,-114.0,Pass,0.2574,-0.5042,win,0.9259,0.2574,0.4991,0.2574,-108.0,0.5001,0.001,-0.0368,0.0,0.0,,
2026-10-03,Notre Dame @ North Carolina,Moneyline,game_ml,North Carolina ML,,betrivers,1200.0,-5000.0,Pass,0.1484,0.9289,loss,-1.0,0.1484,0.0871,0.1484,1200.0,0.0872,0.0001,0.1336,,0.0,price_too_long,
2026-10-03,Notre Dame @ North Carolina,Moneyline,game_ml,Notre Dame ML,,betmgm,-1600.0,1050.0,Pass,0.8516,-0.0951,win,0.0625,0.8516,0.9129,0.8516,-1600.0,0.9128,-0.0001,-0.0302,,0.0,,
2026-10-03,Notre Dame @ North Carolina,Spread (ATS),game_ats,North Carolina +21.0,21.0,betmgm,-105.0,-112.0,Pass,0.6289,0.2279,win,0.9524,0.6362,0.4984,0.6289,-105.0,0.4979,-0.0005,-0.0279,0.0,0.0,,
2026-10-03,Notre Dame @ North Carolina,Spread (ATS),game_ats,Notre Dame -21.0,-21.0,lowvig,-106.0,-106.0,Pass,0.3638,-0.293,loss,-1.0,0.3638,0.5016,0.3638,-106.0,0.5021,0.0005,-0.0242,0.0,0.0,,
2026-10-03,Notre Dame @ North Carolina,Totals,game_total,Over 46.5,46.5,draftkings,-110.0,-110.0,Pass,0.4434,-0.1535,win,0.9091,0.4434,0.5043,0.4434,-110.0,0.5022,-0.0021,-0.0413,0.0,0.0,,
2026-10-03,Notre Dame @ North Carolina,Totals,game_total,Under 46.5,46.5,fanatics,-105.0,-115.0,Strong buy,0.5566,0.0866,loss,-1.0,0.5566,0.4957,0.5566,-106.0,0.4978,0.0021,-0.0281,0.0,0.0,,
2026-10-03,Ohio @ Kent State,Moneyline,game_ml,Kent State ML,,bovada,150.0,-175.0,Pass,0.306,-0.2351,loss,-1.0,0.306,0.3927,0.306,150.0,0.3927,0.0,-0.0182,,0.0,,
2026-10-03,Ohio @ Kent State,Moneyline,game_ml,Ohio ML,,lowvig,-165.0,145.0,Pass,0.694,0.1147,win,0.6061,0.694,0.6073,0.694,-165.0,0.6073,0.0,-0.0246,,0.0,,
2026-10-03,Ohio @ Kent State,Spread (ATS),game_ats,Kent State +3.5,3.5,lowvig,-109.0,-103.0,Pass,0.4201,-0.1944,win,0.9174,0.4201,0.5059,0.4201,-109.0,0.5059,0.0,-0.03,0.0,0.0,,
2026-10-03,Ohio @ Kent State,Spread (ATS),game_ats,Ohio -3.5,-3.5,lowvig,-103.0,-109.0,Pass,0.5799,0.1429,loss,-1.0,0.5799,0.4941,0.5799,-103.0,0.4941,0.0,-0.0262,0.0,0.0,,
2026-10-03,Ohio @ Kent State,Totals,game_total,Over 50.5,50.5,betrivers,-109.0,-114.0,Pass,0.3677,-0.2949,loss,-1.0,0.3677,0.5039,0.3677,-109.0,0.5039,0.0,-0.0338,0.0,0.0,,
2026-10-03,Ohio @ Kent State,Totals,game_total,Under 50.5,50.5,fanatics,-105.0,-115.0,Pass,0.6268,0.2237,win,0.9524,0.6323,0.4961,0.6268,-105.0,0.4961,0.0,-0.0314,0.0,0.0,,
2026-10-03,Ohio State @ Iowa,Moneyline,game_ml,Iowa ML,,fanduel,490.0,-710.0,Pass,0.2617,0.5438,loss,-1.0,0.2617,0.1679,0.2617,500.0,0.1651,-0.0028,-0.0259,,0.0,,
2026-10-03,Ohio State @ Iowa,Moneyline,game_ml,Ohio State ML,,draftkings,-625.0,455.0,Pass,0.7383,-0.1435,win,0.16,0.7383,0.8321,0.7383,-625.0,0.8349,0.0028,-0.0315,,0.0,,
2026-10-03,Ohio State @ Iowa,Spread (ATS),game_ats,Iowa +14.5,14.5,mybookieag,-110.0,-110.0,Pass,0.6344,0.2111,loss,-1.0,0.6461,0.5098,0.6344,-102.0,0.5036,-0.0062,-0.0386,0.0,0.0,,
2026-10-03,Ohio State @ Iowa,Spread (ATS),game_ats,Ohio State -14.5,-14.5,lowvig,100.0,-112.0,Pass,0.3539,-0.2922,win,1.0,0.3539,0.4902,0.3539,-102.0,0.4964,0.0062,-0.0072,0.0,0.0,,
2026-10-03,Ohio State @ Iowa,Totals,game_total,Over 45.5,45.5,fanduel,-105.0,-115.0,Pass,0.3414,-0.3334,loss,-1.0,0.3414,0.502,0.3414,-104.0,0.5281,0.0261,0.0311,1.0,0.0,,
2026-10-03,Ohio State @ Iowa,Totals,game_total,Under 45.5,45.5,lowvig,-103.0,-114.0,Pass,0.6412,0.2638,win,0.9709,0.6586,0.498,0.6412,-108.0,0.4719,-0.0261,-0.0699,-1.0,0.0,,
2026-10-03,Old Dominion @ Georgia State,Moneyline,game_ml,Georgia State ML,,fanduel,-130.0,108.0,Moderate buy,0.5733,0.0143,win,0.7692,0.5733,0.5516,0.5733,-134.0,0.5527,0.0011,-0.0221,,0.0,,
2026-10-03,Old Dominion @ Georgia State,Moneyline,game_ml,Old Dominion ML,,betrivers,118.0,-148.0,Pass,0.4267,-0.0699,loss,-1.0,0.4267,0.4484,0.4267,118.0,0.4473,-0.0011,-0.0249,,0.0,,
2026-10-03,Old Dominion @ Georgia State,Spread (ATS),game_ats,Georgia State -2.5,-2.5,fanduel,-106.0,-114.0,Pass,0.4968,-0.0346,win,0.9434,0.4968,0.5022,0.4968,-108.0,0.5045,0.0023,-0.0196,0.0,0.0,,
2026-10-03,Old Dominion @ Georgia State,Spread (ATS),game_ats,Old Dominion +2.5,2.5,lowvig,-104.0,-108.0,Pass,0.5032,-0.0129,loss,-1.0,0.5032,0.4978,0.5032,-104.0,0.4955,-0.0023,-0.0281,0.0,0.0,,
2026-10-03,Old Dominion @ Georgia State,Totals,game_total,Over 51.5,51.5,fanduel,-105.0,-115.0,Pass,0.5009,-0.0221,win,0.9524,0.5009,0.4981,0.5009,-108.0,0.5007,0.0026,-0.0224,0.0,0.0,,
2026-10-03,Old Dominion @ Georgia State,Totals,game_total,Under 51.5,51.5,lowvig,-108.0,-108.0,Pass,0.4991,-0.0387,loss,-1.0,0.4991,0.5019,0.4991,-105.0,0.4993,-0.0026,-0.0384,0.0,0.0,,
2026-10-03,Oregon State @ Colorado State,Moneyline,game_ml,Colorado State ML,,bovada,215.0,-260.0,Pass,0.3873,0.2199,loss,-1.0,0.3873,0.313,0.3873,215.0,0.3137,0.0007,-0.0118,,0.0,price_too_long,
2026-10-03,Oregon State @ Colorado State,Moneyline,game_ml,Oregon State ML,,fanduel,-245.0,198.0,Pass,0.6127,-0.1372,win,0.4082,0.6127,0.687,0.6127,-235.0,0.6863,-0.0007,-0.0336,,0.0,,
2026-10-03,Oregon State @ Colorado State,Spread (ATS),game_ats,Colorado State +6.5,6.5,lowvig,104.0,-116.0,Pass,0.5668,0.1563,loss,-1.0,0.5668,0.4838,0.5668,105.0,0.4834,-0.0004,-0.0139,0.0,0.0,,
2026-10-03,Oregon State @ Colorado State,Spread (ATS),game_ats,Oregon State -6.5,-6.5,fanduel,-115.0,-105.0,Pass,0.4332,-0.1901,win,0.8696,0.4332,0.5162,0.4332,-114.0,0.5166,0.0004,-0.0342,0.0,0.0,,
2026-10-03,Oregon State @ Colorado State,Totals,game_total,Over 62.5,62.5,fanatics,-105.0,-115.0,Pass,0.4128,-0.1941,win,0.9524,0.4128,0.4937,0.4128,-110.0,0.492,-0.0017,-0.0394,-0.5,0.0,,
2026-10-03,Oregon State @ Colorado State,Totals,game_total,Under 62.5,62.5,draftkings,-110.0,-110.0,Pass,0.5872,0.1211,loss,-1.0,0.5872,0.5063,0.5872,-103.0,0.508,0.0017,-0.0302,0.5,0.0,,
2026-10-03,Purdue @ Illinois,Moneyline,game_ml,Illinois ML,,betonlineag,-370.0,296.0,Strong buy,0.8308,0.0554,loss,-1.0,0.8308,0.7622,0.8308,-365.0,0.7581,-0.0041,-0.037,,0.0,,
2026-10-03,Purdue @ Illinois,Moneyline,game_ml,Purdue ML,,betrivers,350.0,-500.0,Pass,0.1692,-0.2387,win,3.5,0.1692,0.2378,0.1692,320.0,0.2419,0.0041,0.0886,,0.0,,
2026-10-03,Purdue @ Illinois,Spread (ATS),game_ats,Illinois -10.0,-10.0,betmgm,-108.0,-110.0,Pass,0.5919,0.14,loss,-1.0,0.5919,0.4988,0.5919,-108.0,0.4961,-0.0027,-0.0445,-0.5,0.0,,
2026-10-03,Purdue @ Illinois,Spread (ATS),game_ats,Purdue +10.0,10.0,fanatics,-110.0,-110.0,Pass,0.4081,-0.2209,win,0.9091,0.4081,0.5012,0.4081,-101.0,0.5039,0.0027,-0.038,0.5,0.0,,
2026-10-03,Purdue @ Illinois,Totals,game_total,Over 62.5,62.5,draftkings,-110.0,-110.0,Pass,0.6654,0.2703,loss,-1.0,0.7026,0.5022,0.6654,-110.0,0.4719,-0.0303,-0.0991,-1.0,0.0,,
2026-10-03,Purdue @ Illinois,Totals,game_total,Under 62.5,62.5,fanduel,-106.0,-114.0,Pass,0.2974,-0.422,win,0.9434,0.2974,0.4978,0.2974,-105.0,0.5281,0.0303,0.0263,1.0,0.0,,
2026-10-03,Samford @ UAB,Moneyline,game_ml,Samford ML,,fanatics,2800.0,-8000.0,Pass,0.0424,0.2303,loss,-1.0,0.0424,0.043,0.0424,2500.0,0.0427,-0.0003,0.2383,,0.0,,
2026-10-03,Samford @ UAB,Moneyline,game_ml,UAB ML,,draftkings,-4500.0,1700.0,Pass,0.9576,-0.0211,win,0.0222,0.9576,0.957,0.9576,-4500.0,0.9573,0.0003,-0.0214,,0.0,,
2026-10-03,Samford @ UAB,Spread (ATS),game_ats,Samford +30.5,30.5,bovada,100.0,-120.0,Pass,0.4951,-0.0098,win,1.0,0.4951,0.4933,0.4951,100.0,0.4965,0.0032,-0.007,0.0,0.0,,
2026-10-03,Samford @ UAB,Spread (ATS),game_ats,UAB -30.5,-30.5,fanatics,-110.0,-110.0,Pass,0.5049,-0.0361,loss,-1.0,0.5049,0.5067,0.5049,-105.0,0.5035,-0.0032,-0.0388,0.0,0.0,,
2026-10-03,Samford @ UAB,Totals,game_total,Over 54.5,54.5,bovada,-105.0,-115.0,Pass,0.4978,-0.0282,loss,-1.0,0.4978,0.4981,0.4978,-110.0,0.505,0.0069,-0.014,0.0,0.0,,
2026-10-03,Samford @ UAB,Totals,game_total,Under 54.5,54.5,betmgm,-108.0,-110.0,Pass,0.5022,-0.0328,win,0.9259,0.5022,0.5019,0.5022,-105.0,0.495,-0.0069,-0.0467,0.0,0.0,,
2026-10-03,Stanford @ Wake Forest,Moneyline,game_ml,Stanford ML,,betmgm,500.0,-650.0,Pass,0.1475,-0.1151,loss,-1.0,0.1475,0.1676,0.1475,500.0,0.168,0.0004,0.008,,0.0,,
2026-10-03,Stanford @ Wake Forest,Moneyline,game_ml,Wake Forest ML,,betonlineag,-625.0,461.0,Pass,0.8525,-0.0111,win,0.16,0.8525,0.8324,0.8525,-625.0,0.832,-0.0004,-0.0349,,0.0,,
2026-10-03,Stanford @ Wake Forest,Spread (ATS),game_ats,Stanford +14.5,14.5,draftkings,-108.0,-112.0,Pass,0.4777,-0.0799,loss,-1.0,0.4777,0.4978,0.4777,-107.0,0.5,0.0022,-0.037,0.0,0.0,,
2026-10-03,Stanford @ Wake Forest,Spread (ATS),game_ats,Wake Forest -14.5,-14.5,fanatics,-110.0,-110.0,Pass,0.5223,-0.0029,win,0.9091,0.5223,0.5022,0.5223,-105.0,0.5,-0.0022,-0.0455,0.0,0.0,,
2026-10-03,Stanford @ Wake Forest,Totals,game_total,Over 53.5,53.5,mybookieag,-110.0,-110.0,Pass,0.5211,-0.0052,win,0.9091,0.5211,0.5084,0.5211,-110.0,0.5073,-0.0011,-0.0315,0.0,0.0,,
2026-10-03,Stanford @ Wake Forest,Totals,game_total,Under 53.5,53.5,lowvig,-103.0,-114.0,Pass,0.4789,-0.0561,loss,-1.0,0.4789,0.4916,0.4789,-103.0,0.4927,0.0011,-0.029,0.0,0.0,,
2026-10-03,Syracuse @ UConn,Moneyline,game_ml,Syracuse ML,,fanduel,-245.0,198.0,Pass,0.6739,-0.0511,win,0.4082,0.6739,0.693,0.6739,-250.0,0.6934,0.0004,-0.0236,,0.0,,
2026-10-03,Syracuse @ UConn,Moneyline,game_ml,UConn ML,,betus,218.0,-260.0,Pass,0.3261,0.0371,loss,-1.0,0.3261,0.307,0.3261,218.0,0.3066,-0.0004,-0.025,,0.0,,
2026-10-03,Syracuse @ UConn,Spread (ATS),game_ats,Syracuse -6.5,-6.5,lowvig,-112.0,100.0,Pass,0.4876,-0.0771,loss,-1.0,0.4876,0.513,0.4876,-112.0,0.5121,-0.0009,-0.0307,0.0,0.0,,
2026-10-03,Syracuse @ UConn,Spread (ATS),game_ats,UConn +6.5,6.5,lowvig,100.0,-112.0,Moderate buy,0.5124,0.0249,win,1.0,0.5124,0.487,0.5124,100.0,0.4879,0.0009,-0.0242,0.0,0.0,,
2026-10-03,Syracuse @ UConn,Totals,game_total,Over 50.5,50.5,lowvig,-108.0,-108.0,Pass,0.4582,-0.1176,win,0.9259,0.4582,0.4994,0.4582,-105.0,0.5265,0.0271,0.014,1.0,0.0,,
2026-10-03,Syracuse @ UConn,Totals,game_total,Under 50.5,50.5,lowvig,-108.0,-108.0,Strong buy,0.5418,0.0436,loss,-1.0,0.5418,0.5006,0.5418,-105.0,0.4735,-0.0271,-0.0881,-1.0,0.0,,
2026-10-03,Temple @ South Florida,Moneyline,game_ml,South Florida ML,,betonlineag,-220.0,186.0,Pass,0.7573,0.1015,loss,-1.0,0.7573,0.6659,0.7573,-215.0,0.6599,-0.006,-0.0401,,0.0,,
2026-10-03,Temple @ South Florida,Moneyline,game_ml,Temple ML,,mybookieag,194.0,-246.0,Pass,0.2427,-0.2865,win,1.94,0.2427,0.3341,0.2427,186.0,0.3401,0.006,-0.0001,,0.0,,
2026-10-03,Temple @ South Florida,Spread (ATS),game_ats,South Florida -5.5,-5.5,lowvig,-107.0,-105.0,Pass,0.5991,0.159,loss,-1.0,0.5991,0.5064,0.5991,-108.0,0.5043,-0.0021,-0.0244,0.0,0.0,,
2026-10-03,Temple @ South Florida,Spread (ATS),game_ats,Temple +5.5,5.5,fanduel,-105.0,-115.0,Pass,0.4009,-0.2173,win,0.9524,0.4009,0.4936,0.4009,-104.0,0.4957,0.0021,-0.0322,0.0,0.0,,
2026-10-03,Temple @ South Florida,Totals,game_total,Over 48.5,48.5,williamhill_us,-107.0,-113.0,Pass,0.686,0.3271,loss,-1.0,0.74,0.4992,0.686,-105.0,0.5595,0.0603,0.0824,2.0,0.0,,
2026-10-03,Temple @ South Florida,Totals,game_total,Under 48.5,48.5,draftkings,-108.0,-112.0,Pass,0.26,-0.4993,win,0.9259,0.26,0.5008,0.26,-108.0,0.4405,-0.0603,-0.1516,-2.0,0.0,,
2026-10-03,Texas Southern @ Florida Atlant,Spread (ATS),game_ats,Florida Atlant -44.5,-44.5,fanduel,-108.0,-112.0,Pass,0.4926,-0.0512,win,0.9259,0.4926,0.5015,0.4926,-108.0,0.5744,0.0729,0.1063,3.0,0.0,,
2026-10-03,Texas Southern @ Florida Atlant,Spread (ATS),game_ats,Texas Southern +44.5,44.5,draftkings,-108.0,-112.0,Pass,0.5074,-0.0228,loss,-1.0,0.5074,0.4985,0.5074,-110.0,0.4256,-0.0729,-0.1803,-3.0,0.0,,
2026-10-03,Texas Southern @ Florida Atlant,Totals,game_total,Over 61.5,61.5,bovada,-105.0,-115.0,Pass,0.4963,-0.031,win,0.9524,0.4963,0.5,0.4963,-105.0,0.5274,0.0274,0.0297,1.0,0.0,,
2026-10-03,Texas Southern @ Florida Atlant,Totals,game_total,Under 61.5,61.5,fanduel,-106.0,-114.0,Pass,0.5037,-0.0212,loss,-1.0,0.5037,0.5,0.5037,-109.0,0.4726,-0.0274,-0.0816,-1.0,0.0,,
2026-10-03,Texas State @ San Diego Stat,Moneyline,game_ml,San Diego Stat ML,,betrivers,335.0,-455.0,Pass,0.3491,0.5185,win,3.35,0.3491,0.2427,0.3491,317.0,0.2423,-0.0004,0.054,,0.0,,
2026-10-03,Texas State @ San Diego Stat,Moneyline,game_ml,Texas State ML,,williamhill_us,-345.0,275.0,Pass,0.6509,-0.1604,loss,-1.0,0.6509,0.7573,0.6509,-365.0,0.7577,0.0004,-0.0227,,0.0,,
2026-10-03,Texas State @ San Diego Stat,Spread (ATS),game_ats,San Diego Stat +9.5,9.5,fanatics,-105.0,-115.0,Pass,0.609,0.189,win,0.9524,0.609,0.4946,0.609,-108.0,0.4893,-0.0053,-0.0447,-0.5,0.0,,
2026-10-03,Texas State @ San Diego Stat,Spread (ATS),game_ats,Texas State -9.5,-9.5,williamhill_us,-108.0,-112.0,Pass,0.391,-0.247,loss,-1.0,0.391,0.5054,0.391,-104.0,0.5107,0.0053,-0.0164,0.5,0.0,,
2026-10-03,Texas State @ San Diego Stat,Totals,game_total,Over 57.5,57.5,fanduel,-105.0,-115.0,Pass,0.591,0.154,win,0.9524,0.591,0.4988,0.591,-105.0,0.4983,-0.0005,-0.0271,0.0,0.0,,
2026-10-03,Texas State @ San Diego Stat,Totals,game_total,Under 57.5,57.5,draftkings,-108.0,-112.0,Pass,0.409,-0.2124,loss,-1.0,0.409,0.5012,0.409,-108.0,0.5017,0.0005,-0.0338,0.0,0.0,,
2026-10-03,Texas Tech @ Colorado,Moneyline,game_ml,Colorado ML,,lowvig,446.0,-600.0,Pass,0.1679,-0.0835,loss,-1.0,0.1679,0.1841,0.1679,450.0,0.1793,-0.0048,-0.021,,0.0,,
2026-10-03,Texas Tech @ Colorado,Moneyline,game_ml,Texas Tech ML,,fanduel,-530.0,390.0,Pass,0.8321,-0.0108,win,0.1887,0.8321,0.8159,0.8321,-550.0,0.8207,0.0048,-0.0245,,0.0,,
2026-10-03,Texas Tech @ Colorado,Spread (ATS),game_ats,Colorado +13.5,13.5,lowvig,-103.0,-109.0,Pass,0.4905,-0.0332,loss,-1.0,0.4905,0.498,0.4905,-103.0,0.4976,-0.0004,-0.0193,0.0,0.0,,
2026-10-03,Texas Tech @ Colorado,Spread (ATS),game_ats,Texas Tech -13.5,-13.5,fanduel,-106.0,-114.0,Pass,0.5095,-0.0099,win,0.9434,0.5095,0.502,0.5095,-108.0,0.5024,0.0004,-0.0236,0.0,0.0,,
2026-10-03,Texas Tech @ Colorado,Totals,game_total,Over 49.5,49.5,bovada,-105.0,-115.0,Pass,0.5107,-0.003,loss,-1.0,0.5107,0.4976,0.5107,-108.0,0.5336,0.036,0.0418,1.0,0.0,,
2026-10-03,Texas Tech @ Colorado,Totals,game_total,Under 49.5,49.5,lowvig,-108.0,-108.0,Pass,0.4893,-0.0576,win,0.9259,0.4893,0.5024,0.4893,-105.0,0.4664,-0.036,-0.1017,-1.0,0.0,,
2026-10-03,Toledo @ Ball State,Moneyline,game_ml,Ball State ML,,betrivers,1200.0,-10000.0,Pass,0.1033,0.3434,loss,-1.0,0.1033,0.0999,0.1033,1200.0,0.1009,0.001,0.3117,,0.0,,
2026-10-03,Toledo @ Ball State,Moneyline,game_ml,Toledo ML,,betonlineag,-1300.0,795.0,Pass,0.8967,-0.0344,win,0.0769,0.8967,0.9001,0.8967,-1300.0,0.8991,-0.001,-0.0317,,0.0,,
2026-10-03,Toledo @ Ball State,Spread (ATS),game_ats,Ball State +21.0,21.0,mybookieag,-110.0,-110.0,Moderate buy,0.533,0.0175,win,0.9091,0.533,0.5073,0.533,-110.0,0.5069,-0.0004,-0.0323,0.0,0.0,,
2026-10-03,Toledo @ Ball State,Spread (ATS),game_ats,Toledo -21.0,-21.0,lowvig,-101.0,-111.0,Pass,0.467,-0.0706,loss,-1.0,0.467,0.4927,0.467,-101.0,0.4931,0.0004,-0.0187,0.0,0.0,,
2026-10-03,Toledo @ Ball State,Totals,game_total,Over 51.5,51.5,betus,-110.0,-110.0,Pass,0.4643,-0.1135,win,0.9091,0.4643,0.5067,0.4643,-105.0,0.5137,0.007,-0.0193,0.5,0.0,,
2026-10-03,Toledo @ Ball State,Totals,game_total,Under 51.5,51.5,fanduel,-105.0,-115.0,Pass,0.5356,0.0458,loss,-1.0,0.5356,0.4933,0.5356,-108.0,0.4863,-0.007,-0.0506,-0.5,0.0,,
2026-10-03,UCF @ Houston,Moneyline,game_ml,Houston ML,,betonlineag,-400.0,316.0,Pass,0.6853,-0.1434,win,0.25,0.6853,0.7764,0.6853,-400.0,0.7751,-0.0013,-0.0311,,0.0,,
2026-10-03,UCF @ Houston,Moneyline,game_ml,UCF ML,,fanduel,340.0,-450.0,Pass,0.3147,0.3847,loss,-1.0,0.3147,0.2236,0.3147,340.0,0.2249,0.0013,-0.0104,,0.0,,
2026-10-03,UCF @ Houston,Spread (ATS),game_ats,Houston -10.5,-10.5,lowvig,-106.0,-106.0,Pass,0.3993,-0.224,loss,-1.0,0.3993,0.5025,0.3993,-106.0,0.501,-0.0015,-0.0264,0.0,0.0,,
2026-10-03,UCF @ Houston,Spread (ATS),game_ats,UCF +10.5,10.5,draftkings,-105.0,-115.0,Pass,0.6007,0.1727,win,0.9524,0.6007,0.4975,0.6007,-106.0,0.499,0.0015,-0.0258,0.0,0.0,,
2026-10-03,UCF @ Houston,Totals,game_total,Over 51.0,51.0,lowvig,-108.0,-108.0,Pass,0.4744,-0.0863,loss,-1.0,0.4744,0.5007,0.4744,-108.0,0.4864,-0.0143,-0.0632,-0.5,0.0,,
2026-10-03,UCF @ Houston,Totals,game_total,Under 51.0,51.0,betrivers,-108.0,-115.0,Moderate buy,0.5256,0.0123,win,0.9259,0.5256,0.4993,0.5256,-108.0,0.5136,0.0143,-0.0108,0.5,0.0,,
2026-10-03,UL Monroe @ South Alabama,Moneyline,game_ml,South Alabama ML,,betus,-600.0,450.0,Pass,0.8341,-0.0268,win,0.1667,0.8341,0.8293,0.8341,-549.0,0.8204,-0.0089,-0.0429,,0.0,,
2026-10-03,UL Monroe @ South Alabama,Moneyline,game_ml,UL Monroe ML,,betrivers,550.0,-910.0,Pass,0.1659,0.0781,loss,-1.0,0.1659,0.1707,0.1659,525.0,0.1796,0.0089,0.1674,,0.0,,
2026-10-03,UL Monroe @ South Alabama,Spread (ATS),game_ats,South Alabama -14.0,-14.0,lowvig,-110.0,-102.0,Pass,0.5023,-0.041,win,0.9091,0.5023,0.5083,0.5023,-108.0,0.4908,-0.0175,-0.063,-0.5,0.0,,
2026-10-03,UL Monroe @ South Alabama,Spread (ATS),game_ats,UL Monroe +14.0,14.0,lowvig,-102.0,-110.0,Pass,0.4977,-0.0144,loss,-1.0,0.4977,0.4917,0.4977,-105.0,0.5092,0.0175,0.0084,0.5,0.0,,
2026-10-03,UL Monroe @ South Alabama,Totals,game_total,Over 56.5,56.5,fanduel,-110.0,-110.0,Pass,0.5016,-0.0424,win,0.9091,0.5016,0.5017,0.5016,-110.0,0.5021,0.0004,-0.0414,0.0,0.0,,
2026-10-03,UL Monroe @ South Alabama,Totals,game_total,Under 56.5,56.5,lowvig,-106.0,-110.0,Pass,0.4984,-0.0314,loss,-1.0,0.4984,0.4983,0.4984,-106.0,0.4979,-0.0004,-0.0324,0.0,0.0,,
2026-10-03,UTEP @ New Mexico,Moneyline,game_ml,New Mexico ML,,betmgm,-2000.0,1200.0,Pass,0.9246,-0.0291,win,0.05,0.9246,0.9219,0.9246,-2000.0,0.9241,0.0022,-0.0297,,0.0,,
2026-10-03,UTEP @ New Mexico,Moneyline,game_ml,UTEP ML,,draftkings,1200.0,-2400.0,Pass,0.0754,-0.0202,loss,-1.0,0.0754,0.0781,0.0754,1400.0,0.0759,-0.0022,-0.0133,,0.0,,
2026-10-03,UTEP @ New Mexico,Spread (ATS),game_ats,New Mexico -23.5,-23.5,betmgm,-108.0,-110.0,Pass,0.5034,-0.0305,win,0.9259,0.5034,0.5049,0.5034,-110.0,0.5065,0.0016,-0.0245,0.0,0.0,,
2026-10-03,UTEP @ New Mexico,Spread (ATS),game_ats,UTEP +23.5,23.5,lowvig,-101.0,-111.0,Pass,0.4966,-0.0117,loss,-1.0,0.4966,0.4951,0.4966,-101.0,0.4935,-0.0016,-0.0179,0.0,0.0,,
2026-10-03,UTEP @ New Mexico,Totals,game_total,Over 48.0,48.0,lowvig,-108.0,-108.0,Pass,0.4995,-0.038,win,0.9259,0.4995,0.5,0.4995,-108.0,0.5,0.0,-0.037,0.0,0.0,,
2026-10-03,UTEP @ New Mexico,Totals,game_total,Under 48.0,48.0,lowvig,-108.0,-108.0,Pass,0.5005,-0.036,loss,-1.0,0.5005,0.5,0.5005,-108.0,0.5,0.0,-0.037,0.0,0.0,,
2026-10-03,UTSA @ Rice,Moneyline,game_ml,Rice ML,,betus,425.0,-550.0,Pass,0.1875,-0.0156,loss,-1.0,0.1875,0.1933,0.1875,430.0,0.1964,0.0031,0.0311,,0.0,,
2026-10-03,UTSA @ Rice,Moneyline,game_ml,UTSA ML,,fanatics,-500.0,375.0,Pass,0.8125,-0.025,win,0.2,0.8125,0.8067,0.8125,-481.0,0.8036,-0.0031,-0.0357,,0.0,,
2026-10-03,UTSA @ Rice,Spread (ATS),game_ats,Rice +12.5,12.5,fanatics,-110.0,-110.0,Pass,0.4994,-0.0466,win,0.9091,0.4994,0.5015,0.4994,-110.0,0.5073,0.0058,-0.0315,0.0,0.0,,
2026-10-03,UTSA @ Rice,Spread (ATS),game_ats,UTSA -12.5,-12.5,draftkings,-108.0,-112.0,Pass,0.5006,-0.0358,loss,-1.0,0.5006,0.4985,0.5006,-101.0,0.4927,-0.0058,-0.0511,0.0,0.0,,
2026-10-03,UTSA @ Rice,Totals,game_total,Over 56.0,56.0,lowvig,-108.0,-108.0,Pass,0.5004,-0.0363,loss,-1.0,0.5004,0.5,0.5004,-106.0,0.4829,-0.0171,-0.07,-0.5,0.0,,
2026-10-03,UTSA @ Rice,Totals,game_total,Under 56.0,56.0,lowvig,-108.0,-108.0,Pass,0.4996,-0.0378,win,0.9259,0.4996,0.5,0.4996,-110.0,0.5171,0.0171,-0.0041,0.5,0.0,,
2026-10-03,Utah State @ Boise State,Moneyline,game_ml,Boise State ML,,bovada,-1300.0,725.0,Pass,0.8798,-0.0525,win,0.0769,0.8798,0.9008,0.8798,-1300.0,0.8978,-0.003,-0.0331,,0.0,,
2026-10-03,Utah State @ Boise State,Moneyline,game_ml,Utah State ML,,betrivers,1150.0,-3335.0,Pass,0.1202,0.5021,loss,-1.0,0.1202,0.0992,0.1202,950.0,0.1022,0.003,0.2775,,0.0,,
2026-10-03,Utah State @ Boise State,Spread (ATS),game_ats,Boise State -19.5,-19.5,williamhill_us,-105.0,-115.0,Pass,0.4581,-0.1056,loss,-1.0,0.4581,0.4967,0.4581,-105.0,0.4978,0.0011,-0.0281,0.0,0.0,,
2026-10-03,Utah State @ Boise State,Spread (ATS),game_ats,Utah State +19.5,19.5,fanduel,-110.0,-110.0,Moderate buy,0.5419,0.0345,win,0.9091,0.5419,0.5033,0.5419,-110.0,0.5022,-0.0011,-0.0413,0.0,0.0,,
2026-10-03,Utah State @ Boise State,Totals,game_total,Over 51.5,51.5,williamhill_us,-107.0,-113.0,Pass,0.4685,-0.0937,win,0.9346,0.4685,0.4992,0.4685,-102.0,0.4958,-0.0034,-0.0408,0.0,0.0,,
2026-10-03,Utah State @ Boise State,Totals,game_total,Under 51.5,51.5,lowvig,-108.0,-108.0,Moderate buy,0.5315,0.0237,loss,-1.0,0.5315,0.5008,0.5315,-108.0,0.5042,0.0034,-0.0289,0.0,0.0,,
2026-10-03,Vanderbilt @ Georgia,Moneyline,game_ml,Georgia ML,,fanatics,-3000.0,1500.0,Pass,0.9267,-0.0424,win,0.0333,0.9267,0.9348,0.9267,-3000.0,0.9349,0.0001,-0.0339,,0.0,,
2026-10-03,Vanderbilt @ Georgia,Moneyline,game_ml,Vanderbilt ML,,fanduel,1600.0,-4500.0,Pass,0.0733,0.2459,loss,-1.0,0.0733,0.0652,0.0733,1600.0,0.0651,-0.0001,0.1067,,0.0,,
2026-10-03,Vanderbilt @ Georgia,Spread (ATS),game_ats,Georgia -25.5,-25.5,williamhill_us,-106.0,-114.0,Pass,0.4614,-0.1033,loss,-1.0,0.4614,0.4978,0.4614,-110.0,0.4942,-0.0036,-0.0396,-0.5,0.0,,
2026-10-03,Vanderbilt @ Georgia,Spread (ATS),game_ats,Vanderbilt +25.5,25.5,fanatics,-110.0,-110.0,Moderate buy,0.5386,0.0282,win,0.9091,0.5386,0.5022,0.5386,-101.0,0.5058,0.0036,-0.0344,0.5,0.0,,
2026-10-03,Vanderbilt @ Georgia,Totals,game_total,Over 50.5,50.5,mybookieag,-110.0,-110.0,Pass,0.4709,-0.1011,win,0.9091,0.4709,0.5077,0.4709,-110.0,0.5081,0.0004,-0.03,0.0,0.0,,
2026-10-03,Vanderbilt @ Georgia,Totals,game_total,Under 50.5,50.5,draftkings,-105.0,-115.0,Moderate buy,0.5291,0.0331,loss,-1.0,0.5291,0.4923,0.5291,-105.0,0.4919,-0.0004,-0.0396,0.0,0.0,,
2026-10-03,Virginia @ Florida State,Moneyline,game_ml,Florida State ML,,betrivers,104.0,-129.0,Pass,0.3738,-0.2374,win,1.04,0.3738,0.4785,0.3738,-104.0,0.4967,0.0182,0.0133,,0.0,,
2026-10-03,Virginia @ Florida State,Moneyline,game_ml,Virginia ML,,bovada,-115.0,-105.0,Pass,0.6262,0.1707,loss,-1.0,0.6262,0.5215,0.6262,-105.0,0.5033,-0.0182,-0.059,,0.0,,
2026-10-03,Virginia @ Florida State,Spread (ATS),game_ats,Florida State +1.5,1.5,lowvig,-109.0,-103.0,Pass,0.4305,-0.1745,win,0.9174,0.4305,0.5041,0.4305,-108.0,0.5146,0.0105,-0.0133,0.5,0.0,,
2026-10-03,Virginia @ Florida State,Spread (ATS),game_ats,Virginia -1.5,-1.5,lowvig,-103.0,-109.0,Strong buy,0.5695,0.1224,loss,-1.0,0.5695,0.4959,0.5695,-101.0,0.4854,-0.0105,-0.0433,-0.5,0.0,,
2026-10-03,Virginia @ Florida State,Totals,game_total,Over 51.5,51.5,fanduel,-106.0,-114.0,Strong buy,0.5546,0.0779,loss,-1.0,0.5546,0.4999,0.5546,-106.0,0.502,0.0021,-0.0244,0.0,0.0,,
2026-10-03,Virginia @ Florida State,Totals,game_total,Under 51.5,51.5,draftkings,-105.0,-115.0,Pass,0.4454,-0.1305,win,0.9524,0.4454,0.5001,0.4454,-105.0,0.498,-0.0021,-0.0277,0.0,0.0,,
2026-10-03,Washington @ USC,Moneyline,game_ml,USC ML,,fanduel,-350.0,275.0,Pass,0.698,-0.1026,win,0.2857,0.698,0.7534,0.698,-300.0,0.7262,-0.0272,-0.0663,,0.0,,
2026-10-03,Washington @ USC,Moneyline,game_ml,Washington ML,,betrivers,310.0,-420.0,Pass,0.302,0.2383,loss,-1.0,0.302,0.2466,0.302,265.0,0.2738,0.0272,0.1226,,0.0,price_too_long,
2026-10-03,Washington @ USC,Spread (ATS),game_ats,USC -9.0,-9.0,williamhill_us,-108.0,-113.0,Pass,0.4481,-0.137,loss,-1.0,0.4481,0.5022,0.4481,100.0,0.4531,-0.0491,-0.1274,-1.5,0.0,,
2026-10-03,Washington @ USC,Spread (ATS),game_ats,Washington +9.0,9.0,lowvig,-103.0,-109.0,Strong buy,0.5519,0.0878,win,0.9709,0.5519,0.4978,0.5519,-110.0,0.5469,0.0491,0.0779,1.5,0.0,,
2026-10-03,Washington @ USC,Totals,game_total,Over 58.0,58.0,fanatics,-110.0,-110.0,Pass,0.4423,-0.1556,loss,-1.0,0.4423,0.5046,0.4423,-105.0,0.4978,-0.0068,-0.0497,0.0,0.0,,
2026-10-03,Washington @ USC,Totals,game_total,Under 58.0,58.0,lowvig,-103.0,-114.0,Strong buy,0.5577,0.0992,win,0.9709,0.5577,0.4954,0.5577,-108.0,0.5022,0.0068,-0.0102,0.0,0.0,,
2026-10-03,West Virginia @ Iowa State,Moneyline,game_ml,Iowa State ML,,fanduel,-152.0,126.0,Pass,0.6209,0.0293,win,0.6579,0.6209,0.5877,0.6209,-140.0,0.5747,-0.013,-0.0472,,0.0,,
2026-10-03,West Virginia @ Iowa State,Moneyline,game_ml,West Virginia ML,,betrivers,135.0,-175.0,Pass,0.3791,-0.109,loss,-1.0,0.3791,0.4123,0.3791,135.0,0.4253,0.013,-0.0005,,0.0,,
2026-10-03,West Virginia @ Iowa State,Spread (ATS),game_ats,Iowa State -3.0,-3.0,mybookieag,-110.0,-110.0,Pass,0.5265,0.0052,push,0.0,0.5265,0.5093,0.5265,-105.0,0.5004,-0.0089,-0.0447,0.0,0.0,,
2026-10-03,West Virginia @ Iowa State,Spread (ATS),game_ats,West Virginia +3.0,3.0,lowvig,100.0,-112.0,Pass,0.4735,-0.0531,push,0.0,0.4735,0.4907,0.4735,-107.0,0.4996,0.0089,-0.0008,0.0,0.0,,
2026-10-03,West Virginia @ Iowa State,Totals,game_total,Over 53.0,53.0,mybookieag,-110.0,-110.0,Pass,0.4657,-0.111,win,0.9091,0.4657,0.5073,0.4657,-110.0,0.5073,0.0,-0.0315,0.0,0.0,,
2026-10-03,West Virginia @ Iowa State,Totals,game_total,Under 53.0,53.0,lowvig,-102.0,-115.0,Strong buy,0.5343,0.0582,loss,-1.0,0.5343,0.4927,0.5343,-102.0,0.4927,0.0,-0.0243,0.0,0.0,,
2026-10-03,Western Michig @ Buffalo,Moneyline,game_ml,Buffalo ML,,betrivers,480.0,-715.0,Pass,0.258,0.4964,loss,-1.0,0.258,0.1894,0.258,480.0,0.1894,0.0,0.0985,,0.0,price_too_long,
2026-10-03,Western Michig @ Buffalo,Moneyline,game_ml,Western Michig ML,,betus,-500.0,390.0,Pass,0.742,-0.1096,win,0.2,0.742,0.8106,0.742,-500.0,0.8106,0.0,-0.0273,,0.0,,
2026-10-03,Western Michig @ Buffalo,Spread (ATS),game_ats,Buffalo +12.5,12.5,draftkings,-108.0,-112.0,Pass,0.5948,0.1456,win,0.9259,0.5948,0.5038,0.5948,-108.0,0.5011,-0.0027,-0.0349,0.0,0.0,,
2026-10-03,Western Michig @ Buffalo,Spread (ATS),game_ats,Western Michig -12.5,-12.5,lowvig,-102.0,-110.0,Pass,0.4052,-0.1976,loss,-1.0,0.4052,0.4962,0.4052,-104.0,0.4989,0.0027,-0.012,0.0,0.0,,
2026-10-03,Western Michig @ Buffalo,Totals,game_total,Over 46.0,46.0,lowvig,-106.0,-110.0,Pass,0.3382,-0.3428,loss,-1.0,0.3382,0.4979,0.3382,-106.0,0.4979,0.0,-0.0324,0.0,0.0,,
2026-10-03,Western Michig @ Buffalo,Totals,game_total,Under 46.0,46.0,lowvig,-110.0,-106.0,Pass,0.643,0.2276,win,0.9091,0.6619,0.5021,0.643,-110.0,0.5021,0.0,-0.0414,0.0,0.0,,
2026-10-03,Wyoming @ North Dakota S,Moneyline,game_ml,North Dakota S ML,,mybookieag,-1000.0,620.0,Pass,0.8965,-0.0139,win,0.1,0.8965,0.8771,0.8965,-850.0,0.8688,-0.0083,-0.0443,,0.0,,
2026-10-03,Wyoming @ North Dakota S,Moneyline,game_ml,Wyoming ML,,lowvig,709.0,-1100.0,Pass,0.1035,-0.1623,loss,-1.0,0.1035,0.1229,0.1035,700.0,0.1312,0.0083,0.0614,,0.0,,
2026-10-03,Wyoming @ North Dakota S,Spread (ATS),game_ats,North Dakota S -17.0,-17.0,lowvig,-106.0,-106.0,Strong buy,0.564,0.0961,win,0.9434,0.564,0.4997,0.564,-105.0,0.5033,0.0036,-0.0219,0.0,0.0,,
2026-10-03,Wyoming @ North Dakota S,Spread (ATS),game_ats,Wyoming +17.0,17.0,lowvig,-106.0,-106.0,Pass,0.436,-0.1527,loss,-1.0,0.436,0.5003,0.436,102.0,0.4967,-0.0036,-0.0347,0.0,0.0,,
2026-10-03,Wyoming @ North Dakota S,Totals,game_total,Over 44.5,44.5,draftkings,-108.0,-112.0,Pass,0.4294,-0.1731,loss,-1.0,0.4294,0.4986,0.4294,-110.0,0.4901,-0.0085,-0.0561,-0.5,0.0,,
2026-10-03,Wyoming @ North Dakota S,Totals,game_total,Under 44.5,44.5,fanduel,-110.0,-110.0,Pass,0.5706,0.0894,win,0.9091,0.5706,0.5014,0.5706,-103.0,0.5099,0.0085,-0.0266,0.5,0.0,,
