captured_at,game_date,matchup,event_id,market,side,entity,line,book,american,opposite_american,source
2026-10-02T21:05:05Z,2026-10-02,NYR @ DET,5b5466f836933f5fb3ed4b9f267cce75,game_pl_alt,DET,,3.5,draftkings,-2200,900,oddsapi
2026-10-02T21:05:05Z,2026-10-02,NYR @ DET,5b5466f836933f5fb3ed4b9f267cce75,game_pl_alt,DET,,2.5,draftkings,-600,370,oddsapi
2026-10-02T21:05:05Z,2026-10-02,NYR @ DET,5b5466f836933f5fb3ed4b9f267cce75,game_pl_alt,DET,,1.5,draftkings,-320,225,oddsapi
2026-10-02T21:05:05Z,2026-10-02,NYR @ DET,5b5466f836933f5fb3ed4b9f267cce75,game_pl_alt,DET,,-2.5,draftkings,320,-485,oddsapi
2026-10-02T21:05:05Z,2026-10-02,NYR @ DET,5b5466f836933f5fb3ed4b9f267cce75,game_pl_alt,DET,,-3.5,draftkings,750,-1600,oddsapi
2026-10-02T21:05:05Z,2026-10-02,NYR @ DET,5b5466f836933f5fb3ed4b9f267cce75,game_pl_alt,NYR,,-3.5,draftkings,900,-2200,oddsapi
2026-10-02T21:05:05Z,2026-10-02,NYR @ DET,5b5466f836933f5fb3ed4b9f267cce75,game_pl_alt,NYR,,-2.5,draftkings,370,-600,oddsapi
2026-10-02T21:05:05Z,2026-10-02,NYR @ DET,5b5466f836933f5fb3ed4b9f267cce75,game_pl_alt,NYR,,-1.5,draftkings,225,-320,oddsapi
2026-10-02T21:05:05Z,2026-10-02,NYR @ DET,5b5466f836933f5fb3ed4b9f267cce75,game_pl_alt,NYR,,2.5,draftkings,-485,320,oddsapi
2026-10-02T21:05:05Z,2026-10-02,NYR @ DET,5b5466f836933f5fb3ed4b9f267cce75,game_pl_alt,NYR,,3.5,draftkings,-1600,750,oddsapi
2026-10-02T21:05:05Z,2026-10-02,NYR @ DET,5b5466f836933f5fb3ed4b9f267cce75,team_total_alt,over,DET,0.5,draftkings,-3500,1100,oddsapi
2026-10-02T21:05:05Z,2026-10-02,NYR @ DET,5b5466f836933f5fb3ed4b9f267cce75,team_total_alt,under,DET,0.5,draftkings,1100,-3500,oddsapi
2026-10-02T21:05:05Z,2026-10-02,NYR @ DET,5b5466f836933f5fb3ed4b9f267cce75,team_total_alt,over,DET,1.5,draftkings,-550,350,oddsapi
2026-10-02T21:05:05Z,2026-10-02,NYR @ DET,5b5466f836933f5fb3ed4b9f267cce75,team_total_alt,under,DET,1.5,draftkings,350,-550,oddsapi
2026-10-02T21:05:05Z,2026-10-02,NYR @ DET,5b5466f836933f5fb3ed4b9f267cce75,team_total_alt,over,DET,2.5,draftkings,-180,140,oddsapi
2026-10-02T21:05:05Z,2026-10-02,NYR @ DET,5b5466f836933f5fb3ed4b9f267cce75,team_total_alt,under,DET,2.5,draftkings,140,-180,oddsapi
2026-10-02T21:05:05Z,2026-10-02,NYR @ DET,5b5466f836933f5fb3ed4b9f267cce75,team_total_alt,over,DET,3.5,draftkings,130,-170,oddsapi
2026-10-02T21:05:05Z,2026-10-02,NYR @ DET,5b5466f836933f5fb3ed4b9f267cce75,team_total_alt,under,DET,3.5,draftkings,-170,130,oddsapi
2026-10-02T21:05:05Z,2026-10-02,NYR @ DET,5b5466f836933f5fb3ed4b9f267cce75,team_total_alt,over,DET,4.5,draftkings,285,-425,oddsapi
2026-10-02T21:05:05Z,2026-10-02,NYR @ DET,5b5466f836933f5fb3ed4b9f267cce75,team_total_alt,under,DET,4.5,draftkings,-425,285,oddsapi
2026-10-02T21:05:05Z,2026-10-02,NYR @ DET,5b5466f836933f5fb3ed4b9f267cce75,team_total_alt,over,DET,5.5,draftkings,700,-1400,oddsapi
2026-10-02T21:05:05Z,2026-10-02,NYR @ DET,5b5466f836933f5fb3ed4b9f267cce75,team_total_alt,under,DET,5.5,draftkings,-1400,700,oddsapi
2026-10-02T21:05:05Z,2026-10-02,NYR @ DET,5b5466f836933f5fb3ed4b9f267cce75,team_total_alt,over,NYR,0.5,draftkings,-3500,1100,oddsapi
2026-10-02T21:05:05Z,2026-10-02,NYR @ DET,5b5466f836933f5fb3ed4b9f267cce75,team_total_alt,under,NYR,0.5,draftkings,1100,-3500,oddsapi
2026-10-02T21:05:05Z,2026-10-02,NYR @ DET,5b5466f836933f5fb3ed4b9f267cce75,team_total_alt,over,NYR,1.5,draftkings,-475,310,oddsapi
2026-10-02T21:05:05Z,2026-10-02,NYR @ DET,5b5466f836933f5fb3ed4b9f267cce75,team_total_alt,under,NYR,1.5,draftkings,310,-475,oddsapi
2026-10-02T21:05:05Z,2026-10-02,NYR @ DET,5b5466f836933f5fb3ed4b9f267cce75,team_total_alt,over,NYR,2.5,draftkings,-160,120,oddsapi
2026-10-02T21:05:05Z,2026-10-02,NYR @ DET,5b5466f836933f5fb3ed4b9f267cce75,team_total_alt,under,NYR,2.5,draftkings,120,-160,oddsapi
2026-10-02T21:05:05Z,2026-10-02,NYR @ DET,5b5466f836933f5fb3ed4b9f267cce75,team_total_alt,over,NYR,3.5,draftkings,150,-200,oddsapi
2026-10-02T21:05:05Z,2026-10-02,NYR @ DET,5b5466f836933f5fb3ed4b9f267cce75,team_total_alt,under,NYR,3.5,draftkings,-200,150,oddsapi
2026-10-02T21:05:05Z,2026-10-02,NYR @ DET,5b5466f836933f5fb3ed4b9f267cce75,team_total_alt,over,NYR,4.5,draftkings,350,-550,oddsapi
2026-10-02T21:05:05Z,2026-10-02,NYR @ DET,5b5466f836933f5fb3ed4b9f267cce75,team_total_alt,under,NYR,4.5,draftkings,-550,350,oddsapi
2026-10-02T21:05:05Z,2026-10-02,NYR @ DET,5b5466f836933f5fb3ed4b9f267cce75,team_total_alt,over,NYR,5.5,draftkings,800,-1800,oddsapi
2026-10-02T21:05:05Z,2026-10-02,NYR @ DET,5b5466f836933f5fb3ed4b9f267cce75,team_total_alt,under,NYR,5.5,draftkings,-1800,800,oddsapi
2026-10-02T21:05:05Z,2026-10-02,NYR @ DET,5b5466f836933f5fb3ed4b9f267cce75,game_total_alt,over,,3.5,draftkings,-825,470,oddsapi
2026-10-02T21:05:05Z,2026-10-02,NYR @ DET,5b5466f836933f5fb3ed4b9f267cce75,game_total_alt,over,,4.5,draftkings,-420,280,oddsapi
2026-10-02T21:05:05Z,2026-10-02,NYR @ DET,5b5466f836933f5fb3ed4b9f267cce75,game_total_alt,over,,6.5,draftkings,110,-150,oddsapi
2026-10-02T21:05:05Z,2026-10-02,NYR @ DET,5b5466f836933f5fb3ed4b9f267cce75,game_total_alt,over,,7.5,draftkings,265,-385,oddsapi
2026-10-02T21:05:05Z,2026-10-02,NYR @ DET,5b5466f836933f5fb3ed4b9f267cce75,game_total_alt,over,,8.5,draftkings,400,-650,oddsapi
2026-10-02T21:05:05Z,2026-10-02,NYR @ DET,5b5466f836933f5fb3ed4b9f267cce75,game_total_alt,over,,9.5,draftkings,850,-2000,oddsapi
2026-10-02T21:05:05Z,2026-10-02,NYR @ DET,5b5466f836933f5fb3ed4b9f267cce75,game_total_alt,under,,3.5,draftkings,470,-825,oddsapi
2026-10-02T21:05:05Z,2026-10-02,NYR @ DET,5b5466f836933f5fb3ed4b9f267cce75,game_total_alt,under,,4.5,draftkings,280,-420,oddsapi
2026-10-02T21:05:05Z,2026-10-02,NYR @ DET,5b5466f836933f5fb3ed4b9f267cce75,game_total_alt,under,,6.5,draftkings,-150,110,oddsapi
2026-10-02T21:05:05Z,2026-10-02,NYR @ DET,5b5466f836933f5fb3ed4b9f267cce75,game_total_alt,under,,7.5,draftkings,-385,265,oddsapi
2026-10-02T21:05:05Z,2026-10-02,NYR @ DET,5b5466f836933f5fb3ed4b9f267cce75,game_total_alt,under,,8.5,draftkings,-650,400,oddsapi
2026-10-02T21:05:05Z,2026-10-02,NYR @ DET,5b5466f836933f5fb3ed4b9f267cce75,game_total_alt,under,,9.5,draftkings,-2000,850,oddsapi
2026-10-02T21:05:05Z,2026-10-02,NYR @ DET,5b5466f836933f5fb3ed4b9f267cce75,game_ml3,DET,,,draftkings,125,,oddsapi
2026-10-02T21:05:05Z,2026-10-02,NYR @ DET,5b5466f836933f5fb3ed4b9f267cce75,game_ml3,NYR,,,draftkings,155,,oddsapi
2026-10-02T21:05:05Z,2026-10-02,NYR @ DET,5b5466f836933f5fb3ed4b9f267cce75,game_ml3,draw,,,draftkings,310,,oddsapi
2026-10-02T21:05:05Z,2026-10-02,NYR @ DET,5b5466f836933f5fb3ed4b9f267cce75,p1_ml3,DET,,,draftkings,170,,oddsapi
2026-10-02T21:05:05Z,2026-10-02,NYR @ DET,5b5466f836933f5fb3ed4b9f267cce75,p1_ml3,NYR,,,draftkings,195,,oddsapi
2026-10-02T21:05:05Z,2026-10-02,NYR @ DET,5b5466f836933f5fb3ed4b9f267cce75,p1_ml3,draw,,,draftkings,175,,oddsapi
2026-10-02T21:05:05Z,2026-10-02,NYR @ DET,5b5466f836933f5fb3ed4b9f267cce75,p2_ml3,DET,,,draftkings,160,,oddsapi
2026-10-02T21:05:05Z,2026-10-02,NYR @ DET,5b5466f836933f5fb3ed4b9f267cce75,p2_ml3,NYR,,,draftkings,180,,oddsapi
2026-10-02T21:05:05Z,2026-10-02,NYR @ DET,5b5466f836933f5fb3ed4b9f267cce75,p2_ml3,draw,,,draftkings,205,,oddsapi
2026-10-02T21:05:05Z,2026-10-02,NYR @ DET,5b5466f836933f5fb3ed4b9f267cce75,p3_ml3,DET,,,draftkings,150,,oddsapi
2026-10-02T21:05:05Z,2026-10-02,NYR @ DET,5b5466f836933f5fb3ed4b9f267cce75,p3_ml3,NYR,,,draftkings,165,,oddsapi
2026-10-02T21:05:05Z,2026-10-02,NYR @ DET,5b5466f836933f5fb3ed4b9f267cce75,p3_ml3,draw,,,draftkings,240,,oddsapi
2026-10-02T21:05:05Z,2026-10-02,NYR @ DET,5b5466f836933f5fb3ed4b9f267cce75,sk_a,over,Adam Fox,0.5,draftkings,105,-140,oddsapi
2026-10-02T21:05:05Z,2026-10-02,NYR @ DET,5b5466f836933f5fb3ed4b9f267cce75,sk_a,under,Adam Fox,0.5,draftkings,-140,105,oddsapi
2026-10-02T21:05:05Z,2026-10-02,NYR @ DET,5b5466f836933f5fb3ed4b9f267cce75,sk_a,over,Lucas Raymond,0.5,draftkings,110,-150,oddsapi
2026-10-02T21:05:05Z,2026-10-02,NYR @ DET,5b5466f836933f5fb3ed4b9f267cce75,sk_a,under,Lucas Raymond,0.5,draftkings,-150,110,oddsapi
2026-10-02T21:05:05Z,2026-10-02,NYR @ DET,5b5466f836933f5fb3ed4b9f267cce75,sk_a,over,Alex DeBrincat,0.5,draftkings,115,-155,oddsapi
2026-10-02T21:05:05Z,2026-10-02,NYR @ DET,5b5466f836933f5fb3ed4b9f267cce75,sk_a,under,Alex DeBrincat,0.5,draftkings,-155,115,oddsapi
2026-10-02T21:05:05Z,2026-10-02,NYR @ DET,5b5466f836933f5fb3ed4b9f267cce75,sk_a,over,Mika Zibanejad,0.5,draftkings,120,-165,oddsapi
2026-10-02T21:05:05Z,2026-10-02,NYR @ DET,5b5466f836933f5fb3ed4b9f267cce75,sk_a,under,Mika Zibanejad,0.5,draftkings,-165,120,oddsapi
2026-10-02T21:05:05Z,2026-10-02,NYR @ DET,5b5466f836933f5fb3ed4b9f267cce75,sk_a,over,J.T. Miller,0.5,draftkings,125,-170,oddsapi
2026-10-02T21:05:05Z,2026-10-02,NYR @ DET,5b5466f836933f5fb3ed4b9f267cce75,sk_a,under,J.T. Miller,0.5,draftkings,-170,125,oddsapi
2026-10-02T21:05:05Z,2026-10-02,NYR @ DET,5b5466f836933f5fb3ed4b9f267cce75,sk_a,over,Moritz Seider,0.5,draftkings,125,-170,oddsapi
2026-10-02T21:05:05Z,2026-10-02,NYR @ DET,5b5466f836933f5fb3ed4b9f267cce75,sk_a,under,Moritz Seider,0.5,draftkings,-170,125,oddsapi
2026-10-02T21:05:05Z,2026-10-02,NYR @ DET,5b5466f836933f5fb3ed4b9f267cce75,sk_a,over,Andrew Copp,0.5,draftkings,155,-215,oddsapi
2026-10-02T21:05:05Z,2026-10-02,NYR @ DET,5b5466f836933f5fb3ed4b9f267cce75,sk_a,under,Andrew Copp,0.5,draftkings,-215,155,oddsapi
2026-10-02T21:05:05Z,2026-10-02,NYR @ DET,5b5466f836933f5fb3ed4b9f267cce75,sk_a,over,Alexis Lafrenière,0.5,draftkings,165,-230,oddsapi
2026-10-02T21:05:05Z,2026-10-02,NYR @ DET,5b5466f836933f5fb3ed4b9f267cce75,sk_a,under,Alexis Lafrenière,0.5,draftkings,-230,165,oddsapi
2026-10-02T21:05:05Z,2026-10-02,NYR @ DET,5b5466f836933f5fb3ed4b9f267cce75,sk_a,over,J.T. Compher,0.5,draftkings,215,-300,oddsapi
2026-10-02T21:05:05Z,2026-10-02,NYR @ DET,5b5466f836933f5fb3ed4b9f267cce75,sk_a,under,J.T. Compher,0.5,draftkings,-300,215,oddsapi
2026-10-02T21:05:05Z,2026-10-02,NYR @ DET,5b5466f836933f5fb3ed4b9f267cce75,sk_a,over,Pavel Dorofeyev,0.5,draftkings,215,-300,oddsapi
2026-10-02T21:05:05Z,2026-10-02,NYR @ DET,5b5466f836933f5fb3ed4b9f267cce75,sk_a,under,Pavel Dorofeyev,0.5,draftkings,-300,215,oddsapi
2026-10-02T21:05:05Z,2026-10-02,NYR @ DET,5b5466f836933f5fb3ed4b9f267cce75,sk_a,over,Emmitt Finnie,0.5,draftkings,235,-330,oddsapi
2026-10-02T21:05:05Z,2026-10-02,NYR @ DET,5b5466f836933f5fb3ed4b9f267cce75,sk_a,under,Emmitt Finnie,0.5,draftkings,-330,235,oddsapi
2026-10-02T21:05:05Z,2026-10-02,NYR @ DET,5b5466f836933f5fb3ed4b9f267cce75,sk_a,over,Oliver Bjorkstrand,0.5,draftkings,245,-340,oddsapi
2026-10-02T21:05:05Z,2026-10-02,NYR @ DET,5b5466f836933f5fb3ed4b9f267cce75,sk_a,under,Oliver Bjorkstrand,0.5,draftkings,-340,245,oddsapi
2026-10-02T21:05:05Z,2026-10-02,NYR @ DET,5b5466f836933f5fb3ed4b9f267cce75,sk_a,over,Vladislav Gavrikov,0.5,draftkings,245,-340,oddsapi
2026-10-02T21:05:05Z,2026-10-02,NYR @ DET,5b5466f836933f5fb3ed4b9f267cce75,sk_a,under,Vladislav Gavrikov,0.5,draftkings,-340,245,oddsapi
2026-10-02T21:05:05Z,2026-10-02,NYR @ DET,5b5466f836933f5fb3ed4b9f267cce75,sk_a,over,Justin Faulk,0.5,draftkings,255,-360,oddsapi
2026-10-02T21:05:05Z,2026-10-02,NYR @ DET,5b5466f836933f5fb3ed4b9f267cce75,sk_a,under,Justin Faulk,0.5,draftkings,-360,255,oddsapi
2026-10-02T21:05:05Z,2026-10-02,NYR @ DET,5b5466f836933f5fb3ed4b9f267cce75,sk_a,over,Sean Durzi,0.5,draftkings,255,-360,oddsapi
2026-10-02T21:05:05Z,2026-10-02,NYR @ DET,5b5466f836933f5fb3ed4b9f267cce75,sk_a,under,Sean Durzi,0.5,draftkings,-360,255,oddsapi
2026-10-02T21:05:05Z,2026-10-02,NYR @ DET,5b5466f836933f5fb3ed4b9f267cce75,sk_a,over,Gabe Perreault,0.5,draftkings,285,-400,oddsapi
2026-10-02T21:05:05Z,2026-10-02,NYR @ DET,5b5466f836933f5fb3ed4b9f267cce75,sk_a,under,Gabe Perreault,0.5,draftkings,-400,285,oddsapi
2026-10-02T21:05:05Z,2026-10-02,NYR @ DET,5b5466f836933f5fb3ed4b9f267cce75,sk_a,over,Will Cuylle,0.5,draftkings,310,-450,oddsapi
2026-10-02T21:05:05Z,2026-10-02,NYR @ DET,5b5466f836933f5fb3ed4b9f267cce75,sk_a,under,Will Cuylle,0.5,draftkings,-450,310,oddsapi
2026-10-02T21:05:05Z,2026-10-02,NYR @ DET,5b5466f836933f5fb3ed4b9f267cce75,sk_a,over,Marcus Pettersson,0.5,draftkings,320,-475,oddsapi
2026-10-02T21:05:05Z,2026-10-02,NYR @ DET,5b5466f836933f5fb3ed4b9f267cce75,sk_a,under,Marcus Pettersson,0.5,draftkings,-475,320,oddsapi
2026-10-02T21:05:05Z,2026-10-02,NYR @ DET,5b5466f836933f5fb3ed4b9f267cce75,sk_a,over,Eeli Tolvanen,0.5,draftkings,330,-475,oddsapi
2026-10-02T21:05:05Z,2026-10-02,NYR @ DET,5b5466f836933f5fb3ed4b9f267cce75,sk_a,under,Eeli Tolvanen,0.5,draftkings,-475,330,oddsapi
2026-10-02T21:05:05Z,2026-10-02,NYR @ DET,5b5466f836933f5fb3ed4b9f267cce75,sk_a,over,Noah Laba,0.5,draftkings,340,-500,oddsapi
2026-10-02T21:05:05Z,2026-10-02,NYR @ DET,5b5466f836933f5fb3ed4b9f267cce75,sk_a,under,Noah Laba,0.5,draftkings,-500,340,oddsapi
2026-10-02T21:05:05Z,2026-10-02,NYR @ DET,5b5466f836933f5fb3ed4b9f267cce75,sk_a,over,Michael Brandsegg-Nygard,0.5,draftkings,400,-600,oddsapi
2026-10-02T21:05:05Z,2026-10-02,NYR @ DET,5b5466f836933f5fb3ed4b9f267cce75,sk_a,under,Michael Brandsegg-Nygard,0.5,draftkings,-600,400,oddsapi
2026-10-02T21:05:05Z,2026-10-02,NYR @ DET,5b5466f836933f5fb3ed4b9f267cce75,sk_a,over,Mason Appleton,0.5,draftkings,475,-750,oddsapi
2026-10-02T21:05:05Z,2026-10-02,NYR @ DET,5b5466f836933f5fb3ed4b9f267cce75,sk_a,under,Mason Appleton,0.5,draftkings,-750,475,oddsapi
2026-10-02T21:05:05Z,2026-10-02,NYR @ DET,5b5466f836933f5fb3ed4b9f267cce75,sk_a,over,Nate Danielson,0.5,draftkings,500,-800,oddsapi
2026-10-02T21:05:05Z,2026-10-02,NYR @ DET,5b5466f836933f5fb3ed4b9f267cce75,sk_a,under,Nate Danielson,0.5,draftkings,-800,500,oddsapi
2026-10-02T21:05:05Z,2026-10-02,NYR @ DET,5b5466f836933f5fb3ed4b9f267cce75,sk_a,over,Albert Johansson,0.5,draftkings,650,-1100,oddsapi
2026-10-02T21:05:05Z,2026-10-02,NYR @ DET,5b5466f836933f5fb3ed4b9f267cce75,sk_a,under,Albert Johansson,0.5,draftkings,-1100,650,oddsapi
2026-10-02T21:05:05Z,2026-10-02,NYR @ DET,5b5466f836933f5fb3ed4b9f267cce75,ags,yes,Alex DeBrincat,,draftkings,130,,oddsapi
2026-10-02T21:05:05Z,2026-10-02,NYR @ DET,5b5466f836933f5fb3ed4b9f267cce75,ags,yes,Pavel Dorofeyev,,draftkings,190,,oddsapi
2026-10-02T21:05:05Z,2026-10-02,NYR @ DET,5b5466f836933f5fb3ed4b9f267cce75,ags,yes,Mika Zibanejad,,draftkings,205,,oddsapi
2026-10-02T21:05:05Z,2026-10-02,NYR @ DET,5b5466f836933f5fb3ed4b9f267cce75,ags,yes,Lucas Raymond,,draftkings,230,,oddsapi
2026-10-02T21:05:05Z,2026-10-02,NYR @ DET,5b5466f836933f5fb3ed4b9f267cce75,ags,yes,Alexis Lafrenière,,draftkings,240,,oddsapi
2026-10-02T21:05:05Z,2026-10-02,NYR @ DET,5b5466f836933f5fb3ed4b9f267cce75,ags,yes,J.T. Miller,,draftkings,280,,oddsapi
2026-10-02T21:05:05Z,2026-10-02,NYR @ DET,5b5466f836933f5fb3ed4b9f267cce75,ags,yes,Emmitt Finnie,,draftkings,310,,oddsapi
2026-10-02T21:05:05Z,2026-10-02,NYR @ DET,5b5466f836933f5fb3ed4b9f267cce75,ags,yes,Andrew Copp,,draftkings,310,,oddsapi
2026-10-02T21:05:05Z,2026-10-02,NYR @ DET,5b5466f836933f5fb3ed4b9f267cce75,ags,yes,Will Cuylle,,draftkings,340,,oddsapi
2026-10-02T21:05:05Z,2026-10-02,NYR @ DET,5b5466f836933f5fb3ed4b9f267cce75,ags,yes,Gabe Perreault,,draftkings,350,,oddsapi
2026-10-02T21:05:05Z,2026-10-02,NYR @ DET,5b5466f836933f5fb3ed4b9f267cce75,ags,yes,Moritz Seider,,draftkings,400,,oddsapi
2026-10-02T21:05:05Z,2026-10-02,NYR @ DET,5b5466f836933f5fb3ed4b9f267cce75,ags,yes,Oliver Bjorkstrand,,draftkings,425,,oddsapi
2026-10-02T21:05:05Z,2026-10-02,NYR @ DET,5b5466f836933f5fb3ed4b9f267cce75,ags,yes,Eeli Tolvanen,,draftkings,425,,oddsapi
2026-10-02T21:05:05Z,2026-10-02,NYR @ DET,5b5466f836933f5fb3ed4b9f267cce75,ags,yes,Adam Fox,,draftkings,475,,oddsapi
2026-10-02T21:05:05Z,2026-10-02,NYR @ DET,5b5466f836933f5fb3ed4b9f267cce75,ags,yes,Marco Kasper,,draftkings,475,,oddsapi
2026-10-02T21:05:05Z,2026-10-02,NYR @ DET,5b5466f836933f5fb3ed4b9f267cce75,ags,yes,Michael Rasmussen,,draftkings,600,,oddsapi
2026-10-02T21:05:05Z,2026-10-02,NYR @ DET,5b5466f836933f5fb3ed4b9f267cce75,ags,yes,J.T. Compher,,draftkings,600,,oddsapi
2026-10-02T21:05:05Z,2026-10-02,NYR @ DET,5b5466f836933f5fb3ed4b9f267cce75,ags,yes,Mason Appleton,,draftkings,650,,oddsapi
2026-10-02T21:05:05Z,2026-10-02,NYR @ DET,5b5466f836933f5fb3ed4b9f267cce75,ags,yes,Michael Brandsegg-Nygard,,draftkings,700,,oddsapi
2026-10-02T21:05:05Z,2026-10-02,NYR @ DET,5b5466f836933f5fb3ed4b9f267cce75,ags,yes,Justin Faulk,,draftkings,700,,oddsapi
2026-10-02T21:05:05Z,2026-10-02,NYR @ DET,5b5466f836933f5fb3ed4b9f267cce75,ags,yes,Noah Laba,,draftkings,700,,oddsapi
2026-10-02T21:05:05Z,2026-10-02,NYR @ DET,5b5466f836933f5fb3ed4b9f267cce75,ags,yes,Tye Kartye,,draftkings,800,,oddsapi
2026-10-02T21:05:05Z,2026-10-02,NYR @ DET,5b5466f836933f5fb3ed4b9f267cce75,ags,yes,Sean Durzi,,draftkings,850,,oddsapi
2026-10-02T21:05:05Z,2026-10-02,NYR @ DET,5b5466f836933f5fb3ed4b9f267cce75,ags,yes,Nate Danielson,,draftkings,850,,oddsapi
2026-10-02T21:05:05Z,2026-10-02,NYR @ DET,5b5466f836933f5fb3ed4b9f267cce75,ags,yes,Vladislav Gavrikov,,draftkings,900,,oddsapi
2026-10-02T21:05:05Z,2026-10-02,NYR @ DET,5b5466f836933f5fb3ed4b9f267cce75,ags,yes,Axel Sandin Pellikka,,draftkings,1000,,oddsapi
2026-10-02T21:05:05Z,2026-10-02,NYR @ DET,5b5466f836933f5fb3ed4b9f267cce75,ags,yes,Alberts Smits,,draftkings,1100,,oddsapi
2026-10-02T21:05:05Z,2026-10-02,NYR @ DET,5b5466f836933f5fb3ed4b9f267cce75,ags,yes,Joe Veleno,,draftkings,1100,,oddsapi
2026-10-02T21:05:05Z,2026-10-02,NYR @ DET,5b5466f836933f5fb3ed4b9f267cce75,ags,yes,Matt Rempe,,draftkings,1100,,oddsapi
2026-10-02T21:05:05Z,2026-10-02,NYR @ DET,5b5466f836933f5fb3ed4b9f267cce75,ags,yes,Ben Chiarot,,draftkings,1200,,oddsapi
2026-10-02T21:05:05Z,2026-10-02,NYR @ DET,5b5466f836933f5fb3ed4b9f267cce75,ags,yes,Albert Johansson,,draftkings,1200,,oddsapi
2026-10-02T21:05:05Z,2026-10-02,NYR @ DET,5b5466f836933f5fb3ed4b9f267cce75,ags,yes,Braden Schneider,,draftkings,1400,,oddsapi
2026-10-02T21:05:05Z,2026-10-02,NYR @ DET,5b5466f836933f5fb3ed4b9f267cce75,ags,yes,Marcus Pettersson,,draftkings,1600,,oddsapi
2026-10-02T21:05:05Z,2026-10-02,NYR @ DET,5b5466f836933f5fb3ed4b9f267cce75,fgs,yes,Alex DeBrincat,,draftkings,850,,oddsapi
2026-10-02T21:05:05Z,2026-10-02,NYR @ DET,5b5466f836933f5fb3ed4b9f267cce75,fgs,yes,Mika Zibanejad,,draftkings,1200,,oddsapi
2026-10-02T21:05:05Z,2026-10-02,NYR @ DET,5b5466f836933f5fb3ed4b9f267cce75,fgs,yes,Pavel Dorofeyev,,draftkings,1200,,oddsapi
2026-10-02T21:05:05Z,2026-10-02,NYR @ DET,5b5466f836933f5fb3ed4b9f267cce75,fgs,yes,Lucas Raymond,,draftkings,1300,,oddsapi
2026-10-02T21:05:05Z,2026-10-02,NYR @ DET,5b5466f836933f5fb3ed4b9f267cce75,fgs,yes,Alexis Lafrenière,,draftkings,1400,,oddsapi
2026-10-02T21:05:05Z,2026-10-02,NYR @ DET,5b5466f836933f5fb3ed4b9f267cce75,fgs,yes,Andrew Copp,,draftkings,1600,,oddsapi
2026-10-02T21:05:05Z,2026-10-02,NYR @ DET,5b5466f836933f5fb3ed4b9f267cce75,fgs,yes,J.T. Miller,,draftkings,1700,,oddsapi
2026-10-02T21:05:05Z,2026-10-02,NYR @ DET,5b5466f836933f5fb3ed4b9f267cce75,fgs,yes,Gabe Perreault,,draftkings,1900,,oddsapi
2026-10-02T21:05:05Z,2026-10-02,NYR @ DET,5b5466f836933f5fb3ed4b9f267cce75,fgs,yes,Emmitt Finnie,,draftkings,1900,,oddsapi
2026-10-02T21:05:05Z,2026-10-02,NYR @ DET,5b5466f836933f5fb3ed4b9f267cce75,fgs,yes,Will Cuylle,,draftkings,2200,,oddsapi
2026-10-02T21:05:05Z,2026-10-02,NYR @ DET,5b5466f836933f5fb3ed4b9f267cce75,fgs,yes,Moritz Seider,,draftkings,2200,,oddsapi
2026-10-02T21:05:05Z,2026-10-02,NYR @ DET,5b5466f836933f5fb3ed4b9f267cce75,fgs,yes,Oliver Bjorkstrand,,draftkings,2500,,oddsapi
2026-10-02T21:05:05Z,2026-10-02,NYR @ DET,5b5466f836933f5fb3ed4b9f267cce75,fgs,yes,Adam Fox,,draftkings,2500,,oddsapi
2026-10-02T21:05:05Z,2026-10-02,NYR @ DET,5b5466f836933f5fb3ed4b9f267cce75,fgs,yes,Eeli Tolvanen,,draftkings,2500,,oddsapi
2026-10-02T21:05:05Z,2026-10-02,NYR @ DET,5b5466f836933f5fb3ed4b9f267cce75,fgs,yes,Marco Kasper,,draftkings,2500,,oddsapi
2026-10-02T21:05:05Z,2026-10-02,NYR @ DET,5b5466f836933f5fb3ed4b9f267cce75,fgs,yes,J.T. Compher,,draftkings,3000,,oddsapi
2026-10-02T21:05:05Z,2026-10-02,NYR @ DET,5b5466f836933f5fb3ed4b9f267cce75,fgs,yes,Michael Rasmussen,,draftkings,3000,,oddsapi
2026-10-02T21:05:05Z,2026-10-02,NYR @ DET,5b5466f836933f5fb3ed4b9f267cce75,fgs,yes,Mason Appleton,,draftkings,3500,,oddsapi
2026-10-02T21:05:05Z,2026-10-02,NYR @ DET,5b5466f836933f5fb3ed4b9f267cce75,fgs,yes,Michael Brandsegg-Nygard,,draftkings,3500,,oddsapi
2026-10-02T21:05:05Z,2026-10-02,NYR @ DET,5b5466f836933f5fb3ed4b9f267cce75,fgs,yes,Noah Laba,,draftkings,4000,,oddsapi
2026-10-02T21:05:05Z,2026-10-02,NYR @ DET,5b5466f836933f5fb3ed4b9f267cce75,fgs,yes,Justin Faulk,,draftkings,4000,,oddsapi
2026-10-02T21:05:05Z,2026-10-02,NYR @ DET,5b5466f836933f5fb3ed4b9f267cce75,fgs,yes,Tye Kartye,,draftkings,4500,,oddsapi
2026-10-02T21:05:05Z,2026-10-02,NYR @ DET,5b5466f836933f5fb3ed4b9f267cce75,fgs,yes,Vladislav Gavrikov,,draftkings,4500,,oddsapi
2026-10-02T21:05:05Z,2026-10-02,NYR @ DET,5b5466f836933f5fb3ed4b9f267cce75,fgs,yes,Sean Durzi,,draftkings,4500,,oddsapi
2026-10-02T21:05:05Z,2026-10-02,NYR @ DET,5b5466f836933f5fb3ed4b9f267cce75,fgs,yes,Nate Danielson,,draftkings,5000,,oddsapi
2026-10-02T21:05:05Z,2026-10-02,NYR @ DET,5b5466f836933f5fb3ed4b9f267cce75,fgs,yes,Ben Chiarot,,draftkings,5500,,oddsapi
2026-10-02T21:05:05Z,2026-10-02,NYR @ DET,5b5466f836933f5fb3ed4b9f267cce75,fgs,yes,Joe Veleno,,draftkings,5500,,oddsapi
2026-10-02T21:05:05Z,2026-10-02,NYR @ DET,5b5466f836933f5fb3ed4b9f267cce75,fgs,yes,Axel Sandin Pellikka,,draftkings,5500,,oddsapi
2026-10-02T21:05:05Z,2026-10-02,NYR @ DET,5b5466f836933f5fb3ed4b9f267cce75,fgs,yes,Albert Johansson,,draftkings,5500,,oddsapi
2026-10-02T21:05:05Z,2026-10-02,NYR @ DET,5b5466f836933f5fb3ed4b9f267cce75,fgs,yes,Alberts Smits,,draftkings,6000,,oddsapi
2026-10-02T21:05:05Z,2026-10-02,NYR @ DET,5b5466f836933f5fb3ed4b9f267cce75,fgs,yes,Matt Rempe,,draftkings,6000,,oddsapi
2026-10-02T21:05:05Z,2026-10-02,NYR @ DET,5b5466f836933f5fb3ed4b9f267cce75,fgs,yes,Braden Schneider,,draftkings,6500,,oddsapi
2026-10-02T21:05:05Z,2026-10-02,NYR @ DET,5b5466f836933f5fb3ed4b9f267cce75,fgs,yes,Marcus Pettersson,,draftkings,8000,,oddsapi
2026-10-02T21:05:05Z,2026-10-02,NYR @ DET,5b5466f836933f5fb3ed4b9f267cce75,lgs,yes,Alex DeBrincat,,draftkings,800,,oddsapi
2026-10-02T21:05:05Z,2026-10-02,NYR @ DET,5b5466f836933f5fb3ed4b9f267cce75,lgs,yes,Pavel Dorofeyev,,draftkings,1100,,oddsapi
2026-10-02T21:05:05Z,2026-10-02,NYR @ DET,5b5466f836933f5fb3ed4b9f267cce75,lgs,yes,Mika Zibanejad,,draftkings,1200,,oddsapi
2026-10-02T21:05:05Z,2026-10-02,NYR @ DET,5b5466f836933f5fb3ed4b9f267cce75,lgs,yes,Alexis Lafrenière,,draftkings,1300,,oddsapi
2026-10-02T21:05:05Z,2026-10-02,NYR @ DET,5b5466f836933f5fb3ed4b9f267cce75,lgs,yes,Lucas Raymond,,draftkings,1300,,oddsapi
2026-10-02T21:05:05Z,2026-10-02,NYR @ DET,5b5466f836933f5fb3ed4b9f267cce75,lgs,yes,Will Cuylle,,draftkings,1500,,oddsapi
2026-10-02T21:05:05Z,2026-10-02,NYR @ DET,5b5466f836933f5fb3ed4b9f267cce75,lgs,yes,Gabe Perreault,,draftkings,1500,,oddsapi
2026-10-02T21:05:05Z,2026-10-02,NYR @ DET,5b5466f836933f5fb3ed4b9f267cce75,lgs,yes,Emmitt Finnie,,draftkings,1500,,oddsapi
2026-10-02T21:05:05Z,2026-10-02,NYR @ DET,5b5466f836933f5fb3ed4b9f267cce75,lgs,yes,J.T. Miller,,draftkings,1500,,oddsapi
2026-10-02T21:05:05Z,2026-10-02,NYR @ DET,5b5466f836933f5fb3ed4b9f267cce75,lgs,yes,Andrew Copp,,draftkings,1700,,oddsapi
2026-10-02T21:05:05Z,2026-10-02,NYR @ DET,5b5466f836933f5fb3ed4b9f267cce75,lgs,yes,Oliver Bjorkstrand,,draftkings,1800,,oddsapi
2026-10-02T21:05:05Z,2026-10-02,NYR @ DET,5b5466f836933f5fb3ed4b9f267cce75,lgs,yes,Eeli Tolvanen,,draftkings,1900,,oddsapi
2026-10-02T21:05:05Z,2026-10-02,NYR @ DET,5b5466f836933f5fb3ed4b9f267cce75,lgs,yes,Moritz Seider,,draftkings,1900,,oddsapi
2026-10-02T21:05:05Z,2026-10-02,NYR @ DET,5b5466f836933f5fb3ed4b9f267cce75,lgs,yes,Marco Kasper,,draftkings,1900,,oddsapi
2026-10-02T21:05:05Z,2026-10-02,NYR @ DET,5b5466f836933f5fb3ed4b9f267cce75,lgs,yes,Adam Fox,,draftkings,2000,,oddsapi
2026-10-02T21:05:05Z,2026-10-02,NYR @ DET,5b5466f836933f5fb3ed4b9f267cce75,lgs,yes,Michael Rasmussen,,draftkings,2200,,oddsapi
2026-10-02T21:05:05Z,2026-10-02,NYR @ DET,5b5466f836933f5fb3ed4b9f267cce75,lgs,yes,Justin Faulk,,draftkings,2500,,oddsapi
2026-10-02T21:05:05Z,2026-10-02,NYR @ DET,5b5466f836933f5fb3ed4b9f267cce75,lgs,yes,J.T. Compher,,draftkings,2500,,oddsapi
2026-10-02T21:05:05Z,2026-10-02,NYR @ DET,5b5466f836933f5fb3ed4b9f267cce75,lgs,yes,Noah Laba,,draftkings,2500,,oddsapi
2026-10-02T21:05:05Z,2026-10-02,NYR @ DET,5b5466f836933f5fb3ed4b9f267cce75,lgs,yes,Mason Appleton,,draftkings,2500,,oddsapi
2026-10-02T21:05:05Z,2026-10-02,NYR @ DET,5b5466f836933f5fb3ed4b9f267cce75,lgs,yes,Sean Durzi,,draftkings,3000,,oddsapi
2026-10-02T21:05:05Z,2026-10-02,NYR @ DET,5b5466f836933f5fb3ed4b9f267cce75,lgs,yes,Tye Kartye,,draftkings,3000,,oddsapi
2026-10-02T21:05:05Z,2026-10-02,NYR @ DET,5b5466f836933f5fb3ed4b9f267cce75,lgs,yes,Nate Danielson,,draftkings,3000,,oddsapi
2026-10-02T21:05:05Z,2026-10-02,NYR @ DET,5b5466f836933f5fb3ed4b9f267cce75,lgs,yes,Michael Brandsegg-Nygard,,draftkings,3000,,oddsapi
2026-10-02T21:05:05Z,2026-10-02,NYR @ DET,5b5466f836933f5fb3ed4b9f267cce75,lgs,yes,Vladislav Gavrikov,,draftkings,3000,,oddsapi
2026-10-02T21:05:05Z,2026-10-02,NYR @ DET,5b5466f836933f5fb3ed4b9f267cce75,lgs,yes,Alberts Smits,,draftkings,3500,,oddsapi
2026-10-02T21:05:05Z,2026-10-02,NYR @ DET,5b5466f836933f5fb3ed4b9f267cce75,lgs,yes,Albert Johansson,,draftkings,3500,,oddsapi
2026-10-02T21:05:05Z,2026-10-02,NYR @ DET,5b5466f836933f5fb3ed4b9f267cce75,lgs,yes,Joe Veleno,,draftkings,3500,,oddsapi
2026-10-02T21:05:05Z,2026-10-02,NYR @ DET,5b5466f836933f5fb3ed4b9f267cce75,lgs,yes,Ben Chiarot,,draftkings,3500,,oddsapi
2026-10-02T21:05:05Z,2026-10-02,NYR @ DET,5b5466f836933f5fb3ed4b9f267cce75,lgs,yes,Axel Sandin Pellikka,,draftkings,3500,,oddsapi
2026-10-02T21:05:05Z,2026-10-02,NYR @ DET,5b5466f836933f5fb3ed4b9f267cce75,lgs,yes,Matt Rempe,,draftkings,4000,,oddsapi
2026-10-02T21:05:05Z,2026-10-02,NYR @ DET,5b5466f836933f5fb3ed4b9f267cce75,lgs,yes,Braden Schneider,,draftkings,4500,,oddsapi
2026-10-02T21:05:05Z,2026-10-02,NYR @ DET,5b5466f836933f5fb3ed4b9f267cce75,lgs,yes,Marcus Pettersson,,draftkings,5000,,oddsapi
2026-10-02T21:05:05Z,2026-10-02,NYR @ DET,5b5466f836933f5fb3ed4b9f267cce75,sk_pts,over,Alex DeBrincat,0.5,draftkings,-220,160,oddsapi
2026-10-02T21:05:05Z,2026-10-02,NYR @ DET,5b5466f836933f5fb3ed4b9f267cce75,sk_pts,under,Alex DeBrincat,0.5,draftkings,160,-220,oddsapi
2026-10-02T21:05:05Z,2026-10-02,NYR @ DET,5b5466f836933f5fb3ed4b9f267cce75,sk_pts,over,Lucas Raymond,0.5,draftkings,-165,125,oddsapi
2026-10-02T21:05:05Z,2026-10-02,NYR @ DET,5b5466f836933f5fb3ed4b9f267cce75,sk_pts,under,Lucas Raymond,0.5,draftkings,125,-165,oddsapi
2026-10-02T21:05:05Z,2026-10-02,NYR @ DET,5b5466f836933f5fb3ed4b9f267cce75,sk_pts,over,Mika Zibanejad,0.5,draftkings,-165,125,oddsapi
2026-10-02T21:05:05Z,2026-10-02,NYR @ DET,5b5466f836933f5fb3ed4b9f267cce75,sk_pts,under,Mika Zibanejad,0.5,draftkings,125,-165,oddsapi
2026-10-02T21:05:05Z,2026-10-02,NYR @ DET,5b5466f836933f5fb3ed4b9f267cce75,sk_pts,over,J.T. Miller,0.5,draftkings,-135,100,oddsapi
2026-10-02T21:05:05Z,2026-10-02,NYR @ DET,5b5466f836933f5fb3ed4b9f267cce75,sk_pts,under,J.T. Miller,0.5,draftkings,100,-135,oddsapi
2026-10-02T21:05:05Z,2026-10-02,NYR @ DET,5b5466f836933f5fb3ed4b9f267cce75,sk_pts,over,Adam Fox,0.5,draftkings,-130,-105,oddsapi
2026-10-02T21:05:05Z,2026-10-02,NYR @ DET,5b5466f836933f5fb3ed4b9f267cce75,sk_pts,under,Adam Fox,0.5,draftkings,-105,-130,oddsapi
2026-10-02T21:05:05Z,2026-10-02,NYR @ DET,5b5466f836933f5fb3ed4b9f267cce75,sk_pts,over,Alexis Lafrenière,0.5,draftkings,-120,-115,oddsapi
2026-10-02T21:05:05Z,2026-10-02,NYR @ DET,5b5466f836933f5fb3ed4b9f267cce75,sk_pts,under,Alexis Lafrenière,0.5,draftkings,-115,-120,oddsapi
2026-10-02T21:05:05Z,2026-10-02,NYR @ DET,5b5466f836933f5fb3ed4b9f267cce75,sk_pts,over,Moritz Seider,0.5,draftkings,-120,-115,oddsapi
2026-10-02T21:05:05Z,2026-10-02,NYR @ DET,5b5466f836933f5fb3ed4b9f267cce75,sk_pts,under,Moritz Seider,0.5,draftkings,-115,-120,oddsapi
2026-10-02T21:05:05Z,2026-10-02,NYR @ DET,5b5466f836933f5fb3ed4b9f267cce75,sk_pts,over,Pavel Dorofeyev,0.5,draftkings,-120,-115,oddsapi
2026-10-02T21:05:05Z,2026-10-02,NYR @ DET,5b5466f836933f5fb3ed4b9f267cce75,sk_pts,under,Pavel Dorofeyev,0.5,draftkings,-115,-120,oddsapi
2026-10-02T21:05:05Z,2026-10-02,NYR @ DET,5b5466f836933f5fb3ed4b9f267cce75,sk_pts,over,Andrew Copp,0.5,draftkings,-115,-120,oddsapi
2026-10-02T21:05:05Z,2026-10-02,NYR @ DET,5b5466f836933f5fb3ed4b9f267cce75,sk_pts,under,Andrew Copp,0.5,draftkings,-120,-115,oddsapi
2026-10-02T21:05:05Z,2026-10-02,NYR @ DET,5b5466f836933f5fb3ed4b9f267cce75,sk_pts,over,Emmitt Finnie,0.5,draftkings,120,-160,oddsapi
2026-10-02T21:05:05Z,2026-10-02,NYR @ DET,5b5466f836933f5fb3ed4b9f267cce75,sk_pts,under,Emmitt Finnie,0.5,draftkings,-160,120,oddsapi
2026-10-02T21:05:05Z,2026-10-02,NYR @ DET,5b5466f836933f5fb3ed4b9f267cce75,sk_pts,over,Oliver Bjorkstrand,0.5,draftkings,140,-190,oddsapi
2026-10-02T21:05:05Z,2026-10-02,NYR @ DET,5b5466f836933f5fb3ed4b9f267cce75,sk_pts,under,Oliver Bjorkstrand,0.5,draftkings,-190,140,oddsapi
2026-10-02T21:05:05Z,2026-10-02,NYR @ DET,5b5466f836933f5fb3ed4b9f267cce75,sk_pts,over,Gabe Perreault,0.5,draftkings,145,-195,oddsapi
2026-10-02T21:05:05Z,2026-10-02,NYR @ DET,5b5466f836933f5fb3ed4b9f267cce75,sk_pts,under,Gabe Perreault,0.5,draftkings,-195,145,oddsapi
2026-10-02T21:05:05Z,2026-10-02,NYR @ DET,5b5466f836933f5fb3ed4b9f267cce75,sk_pts,over,J.T. Compher,0.5,draftkings,145,-200,oddsapi
2026-10-02T21:05:05Z,2026-10-02,NYR @ DET,5b5466f836933f5fb3ed4b9f267cce75,sk_pts,under,J.T. Compher,0.5,draftkings,-200,145,oddsapi
2026-10-02T21:05:05Z,2026-10-02,NYR @ DET,5b5466f836933f5fb3ed4b9f267cce75,sk_pts,over,Will Cuylle,0.5,draftkings,150,-200,oddsapi
2026-10-02T21:05:05Z,2026-10-02,NYR @ DET,5b5466f836933f5fb3ed4b9f267cce75,sk_pts,under,Will Cuylle,0.5,draftkings,-200,150,oddsapi
2026-10-02T21:05:05Z,2026-10-02,NYR @ DET,5b5466f836933f5fb3ed4b9f267cce75,sk_pts,over,Justin Faulk,0.5,draftkings,170,-235,oddsapi
2026-10-02T21:05:05Z,2026-10-02,NYR @ DET,5b5466f836933f5fb3ed4b9f267cce75,sk_pts,under,Justin Faulk,0.5,draftkings,-235,170,oddsapi
2026-10-02T21:05:05Z,2026-10-02,NYR @ DET,5b5466f836933f5fb3ed4b9f267cce75,sk_pts,over,Eeli Tolvanen,0.5,draftkings,175,-235,oddsapi
2026-10-02T21:05:05Z,2026-10-02,NYR @ DET,5b5466f836933f5fb3ed4b9f267cce75,sk_pts,under,Eeli Tolvanen,0.5,draftkings,-235,175,oddsapi
2026-10-02T21:05:05Z,2026-10-02,NYR @ DET,5b5466f836933f5fb3ed4b9f267cce75,sk_pts,over,Vladislav Gavrikov,0.5,draftkings,180,-250,oddsapi
2026-10-02T21:05:05Z,2026-10-02,NYR @ DET,5b5466f836933f5fb3ed4b9f267cce75,sk_pts,under,Vladislav Gavrikov,0.5,draftkings,-250,180,oddsapi
2026-10-02T21:05:05Z,2026-10-02,NYR @ DET,5b5466f836933f5fb3ed4b9f267cce75,sk_pts,over,Sean Durzi,0.5,draftkings,190,-260,oddsapi
2026-10-02T21:05:05Z,2026-10-02,NYR @ DET,5b5466f836933f5fb3ed4b9f267cce75,sk_pts,under,Sean Durzi,0.5,draftkings,-260,190,oddsapi
2026-10-02T21:05:05Z,2026-10-02,NYR @ DET,5b5466f836933f5fb3ed4b9f267cce75,sk_pts,over,Noah Laba,0.5,draftkings,225,-310,oddsapi
2026-10-02T21:05:05Z,2026-10-02,NYR @ DET,5b5466f836933f5fb3ed4b9f267cce75,sk_pts,under,Noah Laba,0.5,draftkings,-310,225,oddsapi
2026-10-02T21:05:05Z,2026-10-02,NYR @ DET,5b5466f836933f5fb3ed4b9f267cce75,sk_pts,over,Michael Brandsegg-Nygard,0.5,draftkings,250,-350,oddsapi
2026-10-02T21:05:05Z,2026-10-02,NYR @ DET,5b5466f836933f5fb3ed4b9f267cce75,sk_pts,under,Michael Brandsegg-Nygard,0.5,draftkings,-350,250,oddsapi
2026-10-02T21:05:05Z,2026-10-02,NYR @ DET,5b5466f836933f5fb3ed4b9f267cce75,sk_pts,over,Marcus Pettersson,0.5,draftkings,265,-370,oddsapi
2026-10-02T21:05:05Z,2026-10-02,NYR @ DET,5b5466f836933f5fb3ed4b9f267cce75,sk_pts,under,Marcus Pettersson,0.5,draftkings,-370,265,oddsapi
2026-10-02T21:05:05Z,2026-10-02,NYR @ DET,5b5466f836933f5fb3ed4b9f267cce75,sk_pts,over,Mason Appleton,0.5,draftkings,270,-380,oddsapi
2026-10-02T21:05:05Z,2026-10-02,NYR @ DET,5b5466f836933f5fb3ed4b9f267cce75,sk_pts,under,Mason Appleton,0.5,draftkings,-380,270,oddsapi
2026-10-02T21:05:05Z,2026-10-02,NYR @ DET,5b5466f836933f5fb3ed4b9f267cce75,sk_pts,over,Nate Danielson,0.5,draftkings,310,-450,oddsapi
2026-10-02T21:05:05Z,2026-10-02,NYR @ DET,5b5466f836933f5fb3ed4b9f267cce75,sk_pts,under,Nate Danielson,0.5,draftkings,-450,310,oddsapi
2026-10-02T21:05:05Z,2026-10-02,NYR @ DET,5b5466f836933f5fb3ed4b9f267cce75,sk_pts,over,Albert Johansson,0.5,draftkings,425,-650,oddsapi
2026-10-02T21:05:05Z,2026-10-02,NYR @ DET,5b5466f836933f5fb3ed4b9f267cce75,sk_pts,under,Albert Johansson,0.5,draftkings,-650,425,oddsapi
2026-10-02T21:05:05Z,2026-10-02,NYR @ DET,5b5466f836933f5fb3ed4b9f267cce75,sk_sog,over,Alex DeBrincat,3.5,draftkings,-105,-130,oddsapi
2026-10-02T21:05:05Z,2026-10-02,NYR @ DET,5b5466f836933f5fb3ed4b9f267cce75,sk_sog,under,Alex DeBrincat,3.5,draftkings,-130,-105,oddsapi
2026-10-02T21:05:05Z,2026-10-02,NYR @ DET,5b5466f836933f5fb3ed4b9f267cce75,sk_sog,over,Pavel Dorofeyev,2.5,draftkings,-140,105,oddsapi
2026-10-02T21:05:05Z,2026-10-02,NYR @ DET,5b5466f836933f5fb3ed4b9f267cce75,sk_sog,under,Pavel Dorofeyev,2.5,draftkings,105,-140,oddsapi
2026-10-02T21:05:05Z,2026-10-02,NYR @ DET,5b5466f836933f5fb3ed4b9f267cce75,sk_sog,over,Lucas Raymond,2.5,draftkings,110,-150,oddsapi
2026-10-02T21:05:05Z,2026-10-02,NYR @ DET,5b5466f836933f5fb3ed4b9f267cce75,sk_sog,under,Lucas Raymond,2.5,draftkings,-150,110,oddsapi
2026-10-02T21:05:05Z,2026-10-02,NYR @ DET,5b5466f836933f5fb3ed4b9f267cce75,sk_sog,over,Mika Zibanejad,2.5,draftkings,110,-145,oddsapi
2026-10-02T21:05:05Z,2026-10-02,NYR @ DET,5b5466f836933f5fb3ed4b9f267cce75,sk_sog,under,Mika Zibanejad,2.5,draftkings,-145,110,oddsapi
2026-10-02T21:05:05Z,2026-10-02,NYR @ DET,5b5466f836933f5fb3ed4b9f267cce75,sk_sog,over,Alexis Lafrenière,2.5,draftkings,115,-155,oddsapi
2026-10-02T21:05:05Z,2026-10-02,NYR @ DET,5b5466f836933f5fb3ed4b9f267cce75,sk_sog,under,Alexis Lafrenière,2.5,draftkings,-155,115,oddsapi
2026-10-02T21:05:05Z,2026-10-02,NYR @ DET,5b5466f836933f5fb3ed4b9f267cce75,sk_sog,over,Moritz Seider,2.5,draftkings,120,-165,oddsapi
2026-10-02T21:05:05Z,2026-10-02,NYR @ DET,5b5466f836933f5fb3ed4b9f267cce75,sk_sog,under,Moritz Seider,2.5,draftkings,-165,120,oddsapi
2026-10-02T21:05:05Z,2026-10-02,NYR @ DET,5b5466f836933f5fb3ed4b9f267cce75,sk_sog,over,J.T. Miller,1.5,draftkings,-185,135,oddsapi
2026-10-02T21:05:05Z,2026-10-02,NYR @ DET,5b5466f836933f5fb3ed4b9f267cce75,sk_sog,under,J.T. Miller,1.5,draftkings,135,-185,oddsapi
2026-10-02T21:05:05Z,2026-10-02,NYR @ DET,5b5466f836933f5fb3ed4b9f267cce75,sk_sog,over,Justin Faulk,1.5,draftkings,-135,100,oddsapi
2026-10-02T21:05:05Z,2026-10-02,NYR @ DET,5b5466f836933f5fb3ed4b9f267cce75,sk_sog,under,Justin Faulk,1.5,draftkings,100,-135,oddsapi
2026-10-02T21:05:05Z,2026-10-02,NYR @ DET,5b5466f836933f5fb3ed4b9f267cce75,sk_sog,over,Will Cuylle,1.5,draftkings,-130,-105,oddsapi
2026-10-02T21:05:05Z,2026-10-02,NYR @ DET,5b5466f836933f5fb3ed4b9f267cce75,sk_sog,under,Will Cuylle,1.5,draftkings,-105,-130,oddsapi
2026-10-02T21:05:05Z,2026-10-02,NYR @ DET,5b5466f836933f5fb3ed4b9f267cce75,sk_sog,over,Emmitt Finnie,1.5,draftkings,-120,-115,oddsapi
2026-10-02T21:05:05Z,2026-10-02,NYR @ DET,5b5466f836933f5fb3ed4b9f267cce75,sk_sog,under,Emmitt Finnie,1.5,draftkings,-115,-120,oddsapi
2026-10-02T21:05:05Z,2026-10-02,NYR @ DET,5b5466f836933f5fb3ed4b9f267cce75,sk_sog,over,Adam Fox,1.5,draftkings,-115,-120,oddsapi
2026-10-02T21:05:05Z,2026-10-02,NYR @ DET,5b5466f836933f5fb3ed4b9f267cce75,sk_sog,under,Adam Fox,1.5,draftkings,-120,-115,oddsapi
2026-10-02T21:05:05Z,2026-10-02,NYR @ DET,5b5466f836933f5fb3ed4b9f267cce75,sk_sog,over,Oliver Bjorkstrand,1.5,draftkings,-115,-120,oddsapi
2026-10-02T21:05:05Z,2026-10-02,NYR @ DET,5b5466f836933f5fb3ed4b9f267cce75,sk_sog,under,Oliver Bjorkstrand,1.5,draftkings,-120,-115,oddsapi
2026-10-02T21:05:05Z,2026-10-02,NYR @ DET,5b5466f836933f5fb3ed4b9f267cce75,sk_sog,over,Eeli Tolvanen,1.5,draftkings,-105,-125,oddsapi
2026-10-02T21:05:05Z,2026-10-02,NYR @ DET,5b5466f836933f5fb3ed4b9f267cce75,sk_sog,under,Eeli Tolvanen,1.5,draftkings,-125,-105,oddsapi
2026-10-02T21:05:05Z,2026-10-02,NYR @ DET,5b5466f836933f5fb3ed4b9f267cce75,sk_sog,over,Andrew Copp,1.5,draftkings,105,-140,oddsapi
2026-10-02T21:05:05Z,2026-10-02,NYR @ DET,5b5466f836933f5fb3ed4b9f267cce75,sk_sog,under,Andrew Copp,1.5,draftkings,-140,105,oddsapi
2026-10-02T21:05:05Z,2026-10-02,NYR @ DET,5b5466f836933f5fb3ed4b9f267cce75,sk_sog,over,Vladislav Gavrikov,1.5,draftkings,110,-150,oddsapi
2026-10-02T21:05:05Z,2026-10-02,NYR @ DET,5b5466f836933f5fb3ed4b9f267cce75,sk_sog,under,Vladislav Gavrikov,1.5,draftkings,-150,110,oddsapi
2026-10-02T21:05:05Z,2026-10-02,NYR @ DET,5b5466f836933f5fb3ed4b9f267cce75,sk_sog,over,Gabe Perreault,1.5,draftkings,115,-160,oddsapi
2026-10-02T21:05:05Z,2026-10-02,NYR @ DET,5b5466f836933f5fb3ed4b9f267cce75,sk_sog,under,Gabe Perreault,1.5,draftkings,-160,115,oddsapi
2026-10-02T21:05:05Z,2026-10-02,NYR @ DET,5b5466f836933f5fb3ed4b9f267cce75,g_saves,over,John Gibson,23.5,draftkings,-125,-110,oddsapi
2026-10-02T21:05:05Z,2026-10-02,NYR @ DET,5b5466f836933f5fb3ed4b9f267cce75,g_saves,under,John Gibson,23.5,draftkings,-110,-125,oddsapi
2026-10-02T21:05:05Z,2026-10-02,NYR @ DET,5b5466f836933f5fb3ed4b9f267cce75,p1_pl,DET,,-0.5,draftkings,170,-220,oddsapi
2026-10-02T21:05:05Z,2026-10-02,NYR @ DET,5b5466f836933f5fb3ed4b9f267cce75,p1_pl,NYR,,0.5,draftkings,-220,170,oddsapi
2026-10-02T21:05:05Z,2026-10-02,NYR @ DET,5b5466f836933f5fb3ed4b9f267cce75,p2_pl,DET,,-0.5,draftkings,154,-200,oddsapi
2026-10-02T21:05:05Z,2026-10-02,NYR @ DET,5b5466f836933f5fb3ed4b9f267cce75,p2_pl,NYR,,0.5,draftkings,-200,154,oddsapi
2026-10-02T21:05:05Z,2026-10-02,NYR @ DET,5b5466f836933f5fb3ed4b9f267cce75,p3_pl,DET,,-0.5,draftkings,145,-188,oddsapi
2026-10-02T21:05:05Z,2026-10-02,NYR @ DET,5b5466f836933f5fb3ed4b9f267cce75,p3_pl,NYR,,0.5,draftkings,-188,145,oddsapi
2026-10-02T21:05:05Z,2026-10-02,NYR @ DET,5b5466f836933f5fb3ed4b9f267cce75,p1_team_total,over,DET,0.5,draftkings,-170,130,oddsapi
2026-10-02T21:05:05Z,2026-10-02,NYR @ DET,5b5466f836933f5fb3ed4b9f267cce75,p1_team_total,under,DET,0.5,draftkings,130,-170,oddsapi
2026-10-02T21:05:05Z,2026-10-02,NYR @ DET,5b5466f836933f5fb3ed4b9f267cce75,p1_team_total,over,NYR,0.5,draftkings,-155,115,oddsapi
2026-10-02T21:05:05Z,2026-10-02,NYR @ DET,5b5466f836933f5fb3ed4b9f267cce75,p1_team_total,under,NYR,0.5,draftkings,115,-155,oddsapi
2026-10-02T21:05:05Z,2026-10-02,NYR @ DET,5b5466f836933f5fb3ed4b9f267cce75,p1_total,over,,1.5,draftkings,-125,-105,oddsapi
2026-10-02T21:05:05Z,2026-10-02,NYR @ DET,5b5466f836933f5fb3ed4b9f267cce75,p1_total,under,,1.5,draftkings,-105,-125,oddsapi
2026-10-02T21:05:05Z,2026-10-02,NYR @ DET,5b5466f836933f5fb3ed4b9f267cce75,p2_total,over,,1.5,draftkings,-175,135,oddsapi
2026-10-02T21:05:05Z,2026-10-02,NYR @ DET,5b5466f836933f5fb3ed4b9f267cce75,p2_total,under,,1.5,draftkings,135,-175,oddsapi
2026-10-02T21:05:05Z,2026-10-02,NYR @ DET,5b5466f836933f5fb3ed4b9f267cce75,p3_total,over,,2.5,draftkings,150,-195,oddsapi
2026-10-02T21:05:05Z,2026-10-02,NYR @ DET,5b5466f836933f5fb3ed4b9f267cce75,p3_total,under,,2.5,draftkings,-195,150,oddsapi
2026-10-02T21:05:05Z,2026-10-02,NYR @ DET,5b5466f836933f5fb3ed4b9f267cce75,game_ml3,DET,,,williamhill_us,118,,oddsapi
2026-10-02T21:05:05Z,2026-10-02,NYR @ DET,5b5466f836933f5fb3ed4b9f267cce75,game_ml3,NYR,,,williamhill_us,146,,oddsapi
2026-10-02T21:05:05Z,2026-10-02,NYR @ DET,5b5466f836933f5fb3ed4b9f267cce75,game_ml3,draw,,,williamhill_us,260,,oddsapi
2026-10-02T21:05:05Z,2026-10-02,NYR @ DET,5b5466f836933f5fb3ed4b9f267cce75,p1_ml3,DET,,,williamhill_us,157,,oddsapi
2026-10-02T21:05:05Z,2026-10-02,NYR @ DET,5b5466f836933f5fb3ed4b9f267cce75,p1_ml3,NYR,,,williamhill_us,188,,oddsapi
2026-10-02T21:05:05Z,2026-10-02,NYR @ DET,5b5466f836933f5fb3ed4b9f267cce75,p1_ml3,draw,,,williamhill_us,152,,oddsapi
2026-10-02T21:05:05Z,2026-10-02,NYR @ DET,5b5466f836933f5fb3ed4b9f267cce75,ags,yes,Alex DeBrincat,,williamhill_us,131,,oddsapi
2026-10-02T21:05:05Z,2026-10-02,NYR @ DET,5b5466f836933f5fb3ed4b9f267cce75,ags,yes,Pavel Dorofeyev,,williamhill_us,190,,oddsapi
2026-10-02T21:05:05Z,2026-10-02,NYR @ DET,5b5466f836933f5fb3ed4b9f267cce75,ags,yes,Mika Zibanejad,,williamhill_us,196,,oddsapi
2026-10-02T21:05:05Z,2026-10-02,NYR @ DET,5b5466f836933f5fb3ed4b9f267cce75,ags,yes,Lucas Raymond,,williamhill_us,215,,oddsapi
2026-10-02T21:05:05Z,2026-10-02,NYR @ DET,5b5466f836933f5fb3ed4b9f267cce75,ags,yes,Alexis Lafrenière,,williamhill_us,235,,oddsapi
2026-10-02T21:05:05Z,2026-10-02,NYR @ DET,5b5466f836933f5fb3ed4b9f267cce75,ags,yes,Andrew Copp,,williamhill_us,255,,oddsapi
2026-10-02T21:05:05Z,2026-10-02,NYR @ DET,5b5466f836933f5fb3ed4b9f267cce75,ags,yes,J.T. Miller,,williamhill_us,255,,oddsapi
2026-10-02T21:05:05Z,2026-10-02,NYR @ DET,5b5466f836933f5fb3ed4b9f267cce75,ags,yes,Emmitt Finnie,,williamhill_us,285,,oddsapi
2026-10-02T21:05:05Z,2026-10-02,NYR @ DET,5b5466f836933f5fb3ed4b9f267cce75,ags,yes,Will Cuylle,,williamhill_us,305,,oddsapi
2026-10-02T21:05:05Z,2026-10-02,NYR @ DET,5b5466f836933f5fb3ed4b9f267cce75,ags,yes,Gabe Perreault,,williamhill_us,305,,oddsapi
2026-10-02T21:05:05Z,2026-10-02,NYR @ DET,5b5466f836933f5fb3ed4b9f267cce75,ags,yes,Oliver Bjorkstrand,,williamhill_us,340,,oddsapi
2026-10-02T21:05:05Z,2026-10-02,NYR @ DET,5b5466f836933f5fb3ed4b9f267cce75,ags,yes,Marco Kasper,,williamhill_us,350,,oddsapi
2026-10-02T21:05:05Z,2026-10-02,NYR @ DET,5b5466f836933f5fb3ed4b9f267cce75,ags,yes,Eeli Tolvanen,,williamhill_us,360,,oddsapi
2026-10-02T21:05:05Z,2026-10-02,NYR @ DET,5b5466f836933f5fb3ed4b9f267cce75,ags,yes,Moritz Seider,,williamhill_us,360,,oddsapi
2026-10-02T21:05:05Z,2026-10-02,NYR @ DET,5b5466f836933f5fb3ed4b9f267cce75,ags,yes,Adam Fox,,williamhill_us,400,,oddsapi
2026-10-02T21:05:05Z,2026-10-02,NYR @ DET,5b5466f836933f5fb3ed4b9f267cce75,ags,yes,J.T. Compher,,williamhill_us,425,,oddsapi
2026-10-02T21:05:05Z,2026-10-02,NYR @ DET,5b5466f836933f5fb3ed4b9f267cce75,ags,yes,Justin Faulk,,williamhill_us,475,,oddsapi
2026-10-02T21:05:05Z,2026-10-02,NYR @ DET,5b5466f836933f5fb3ed4b9f267cce75,ags,yes,Michael Rasmussen,,williamhill_us,475,,oddsapi
2026-10-02T21:05:05Z,2026-10-02,NYR @ DET,5b5466f836933f5fb3ed4b9f267cce75,ags,yes,Noah Laba,,williamhill_us,500,,oddsapi
2026-10-02T21:05:05Z,2026-10-02,NYR @ DET,5b5466f836933f5fb3ed4b9f267cce75,ags,yes,Mason Appleton,,williamhill_us,500,,oddsapi
2026-10-02T21:05:05Z,2026-10-02,NYR @ DET,5b5466f836933f5fb3ed4b9f267cce75,ags,yes,Michael Brandsegg-Nygard,,williamhill_us,525,,oddsapi
2026-10-02T21:05:05Z,2026-10-02,NYR @ DET,5b5466f836933f5fb3ed4b9f267cce75,ags,yes,Sean Durzi,,williamhill_us,575,,oddsapi
2026-10-02T21:05:05Z,2026-10-02,NYR @ DET,5b5466f836933f5fb3ed4b9f267cce75,ags,yes,Tye Kartye,,williamhill_us,600,,oddsapi
2026-10-02T21:05:05Z,2026-10-02,NYR @ DET,5b5466f836933f5fb3ed4b9f267cce75,ags,yes,Nate Danielson,,williamhill_us,600,,oddsapi
2026-10-02T21:05:05Z,2026-10-02,NYR @ DET,5b5466f836933f5fb3ed4b9f267cce75,ags,yes,Axel Sandin Pellikka,,williamhill_us,625,,oddsapi
2026-10-02T21:05:05Z,2026-10-02,NYR @ DET,5b5466f836933f5fb3ed4b9f267cce75,ags,yes,Vladislav Gavrikov,,williamhill_us,650,,oddsapi
2026-10-02T21:05:05Z,2026-10-02,NYR @ DET,5b5466f836933f5fb3ed4b9f267cce75,ags,yes,Matt Rempe,,williamhill_us,675,,oddsapi
2026-10-02T21:05:05Z,2026-10-02,NYR @ DET,5b5466f836933f5fb3ed4b9f267cce75,ags,yes,Joe Veleno,,williamhill_us,700,,oddsapi
2026-10-02T21:05:05Z,2026-10-02,NYR @ DET,5b5466f836933f5fb3ed4b9f267cce75,ags,yes,Albert Johansson,,williamhill_us,750,,oddsapi
2026-10-02T21:05:05Z,2026-10-02,NYR @ DET,5b5466f836933f5fb3ed4b9f267cce75,ags,yes,Ben Chiarot,,williamhill_us,800,,oddsapi
2026-10-02T21:05:05Z,2026-10-02,NYR @ DET,5b5466f836933f5fb3ed4b9f267cce75,ags,yes,Alberts Smits,,williamhill_us,800,,oddsapi
2026-10-02T21:05:05Z,2026-10-02,NYR @ DET,5b5466f836933f5fb3ed4b9f267cce75,ags,yes,Marcus Pettersson,,williamhill_us,850,,oddsapi
2026-10-02T21:05:05Z,2026-10-02,NYR @ DET,5b5466f836933f5fb3ed4b9f267cce75,ags,yes,Braden Schneider,,williamhill_us,850,,oddsapi
2026-10-02T21:05:05Z,2026-10-02,NYR @ DET,5b5466f836933f5fb3ed4b9f267cce75,fgs,yes,Alex DeBrincat,,williamhill_us,800,,oddsapi
2026-10-02T21:05:05Z,2026-10-02,NYR @ DET,5b5466f836933f5fb3ed4b9f267cce75,fgs,yes,Pavel Dorofeyev,,williamhill_us,1200,,oddsapi
2026-10-02T21:05:05Z,2026-10-02,NYR @ DET,5b5466f836933f5fb3ed4b9f267cce75,fgs,yes,Lucas Raymond,,williamhill_us,1200,,oddsapi
2026-10-02T21:05:05Z,2026-10-02,NYR @ DET,5b5466f836933f5fb3ed4b9f267cce75,fgs,yes,Mika Zibanejad,,williamhill_us,1200,,oddsapi
2026-10-02T21:05:05Z,2026-10-02,NYR @ DET,5b5466f836933f5fb3ed4b9f267cce75,fgs,yes,Alexis Lafrenière,,williamhill_us,1500,,oddsapi
2026-10-02T21:05:05Z,2026-10-02,NYR @ DET,5b5466f836933f5fb3ed4b9f267cce75,fgs,yes,Andrew Copp,,williamhill_us,1600,,oddsapi
2026-10-02T21:05:05Z,2026-10-02,NYR @ DET,5b5466f836933f5fb3ed4b9f267cce75,fgs,yes,J.T. Miller,,williamhill_us,1700,,oddsapi
2026-10-02T21:05:05Z,2026-10-02,NYR @ DET,5b5466f836933f5fb3ed4b9f267cce75,fgs,yes,Gabe Perreault,,williamhill_us,1800,,oddsapi
2026-10-02T21:05:05Z,2026-10-02,NYR @ DET,5b5466f836933f5fb3ed4b9f267cce75,fgs,yes,Emmitt Finnie,,williamhill_us,1800,,oddsapi
2026-10-02T21:05:05Z,2026-10-02,NYR @ DET,5b5466f836933f5fb3ed4b9f267cce75,fgs,yes,Will Cuylle,,williamhill_us,1900,,oddsapi
2026-10-02T21:05:05Z,2026-10-02,NYR @ DET,5b5466f836933f5fb3ed4b9f267cce75,fgs,yes,Oliver Bjorkstrand,,williamhill_us,2000,,oddsapi
2026-10-02T21:05:05Z,2026-10-02,NYR @ DET,5b5466f836933f5fb3ed4b9f267cce75,fgs,yes,Marco Kasper,,williamhill_us,2200,,oddsapi
2026-10-02T21:05:05Z,2026-10-02,NYR @ DET,5b5466f836933f5fb3ed4b9f267cce75,fgs,yes,Moritz Seider,,williamhill_us,2200,,oddsapi
2026-10-02T21:05:05Z,2026-10-02,NYR @ DET,5b5466f836933f5fb3ed4b9f267cce75,fgs,yes,Eeli Tolvanen,,williamhill_us,2300,,oddsapi
2026-10-02T21:05:05Z,2026-10-02,NYR @ DET,5b5466f836933f5fb3ed4b9f267cce75,fgs,yes,J.T. Compher,,williamhill_us,2500,,oddsapi
2026-10-02T21:05:05Z,2026-10-02,NYR @ DET,5b5466f836933f5fb3ed4b9f267cce75,fgs,yes,Adam Fox,,williamhill_us,2600,,oddsapi
2026-10-02T21:05:05Z,2026-10-02,NYR @ DET,5b5466f836933f5fb3ed4b9f267cce75,fgs,yes,Michael Rasmussen,,williamhill_us,2900,,oddsapi
2026-10-02T21:05:05Z,2026-10-02,NYR @ DET,5b5466f836933f5fb3ed4b9f267cce75,fgs,yes,Justin Faulk,,williamhill_us,3300,,oddsapi
2026-10-02T21:05:05Z,2026-10-02,NYR @ DET,5b5466f836933f5fb3ed4b9f267cce75,fgs,yes,Mason Appleton,,williamhill_us,3300,,oddsapi
2026-10-02T21:05:05Z,2026-10-02,NYR @ DET,5b5466f836933f5fb3ed4b9f267cce75,fgs,yes,Michael Brandsegg-Nygard,,williamhill_us,3500,,oddsapi
2026-10-02T21:05:05Z,2026-10-02,NYR @ DET,5b5466f836933f5fb3ed4b9f267cce75,fgs,yes,Noah Laba,,williamhill_us,3500,,oddsapi
2026-10-02T21:05:05Z,2026-10-02,NYR @ DET,5b5466f836933f5fb3ed4b9f267cce75,fgs,yes,Sean Durzi,,williamhill_us,4000,,oddsapi
2026-10-02T21:05:05Z,2026-10-02,NYR @ DET,5b5466f836933f5fb3ed4b9f267cce75,fgs,yes,Vladislav Gavrikov,,williamhill_us,4500,,oddsapi
2026-10-02T21:05:05Z,2026-10-02,NYR @ DET,5b5466f836933f5fb3ed4b9f267cce75,fgs,yes,Tye Kartye,,williamhill_us,4500,,oddsapi
2026-10-02T21:05:05Z,2026-10-02,NYR @ DET,5b5466f836933f5fb3ed4b9f267cce75,fgs,yes,Nate Danielson,,williamhill_us,4500,,oddsapi
2026-10-02T21:05:05Z,2026-10-02,NYR @ DET,5b5466f836933f5fb3ed4b9f267cce75,fgs,yes,Axel Sandin Pellikka,,williamhill_us,4500,,oddsapi
2026-10-02T21:05:05Z,2026-10-02,NYR @ DET,5b5466f836933f5fb3ed4b9f267cce75,fgs,yes,Braden Schneider,,williamhill_us,6000,,oddsapi
2026-10-02T21:05:05Z,2026-10-02,NYR @ DET,5b5466f836933f5fb3ed4b9f267cce75,fgs,yes,Albert Johansson,,williamhill_us,6000,,oddsapi
2026-10-02T21:05:05Z,2026-10-02,NYR @ DET,5b5466f836933f5fb3ed4b9f267cce75,fgs,yes,Joe Veleno,,williamhill_us,6000,,oddsapi
2026-10-02T21:05:05Z,2026-10-02,NYR @ DET,5b5466f836933f5fb3ed4b9f267cce75,fgs,yes,Alberts Smits,,williamhill_us,6000,,oddsapi
2026-10-02T21:05:05Z,2026-10-02,NYR @ DET,5b5466f836933f5fb3ed4b9f267cce75,fgs,yes,Ben Chiarot,,williamhill_us,6500,,oddsapi
2026-10-02T21:05:05Z,2026-10-02,NYR @ DET,5b5466f836933f5fb3ed4b9f267cce75,team_total,over,DET,3.5,williamhill_us,114,-159,oddsapi
2026-10-02T21:05:05Z,2026-10-02,NYR @ DET,5b5466f836933f5fb3ed4b9f267cce75,team_total,under,DET,3.5,williamhill_us,-159,114,oddsapi
2026-10-02T21:05:05Z,2026-10-02,NYR @ DET,5b5466f836933f5fb3ed4b9f267cce75,team_total,over,NYR,3.5,williamhill_us,139,-197,oddsapi
2026-10-02T21:05:05Z,2026-10-02,NYR @ DET,5b5466f836933f5fb3ed4b9f267cce75,team_total,under,NYR,3.5,williamhill_us,-197,139,oddsapi
2026-10-02T21:05:05Z,2026-10-02,NYR @ DET,5b5466f836933f5fb3ed4b9f267cce75,game_pl_alt,DET,,1.5,bovada,-370,260,oddsapi
2026-10-02T21:05:05Z,2026-10-02,NYR @ DET,5b5466f836933f5fb3ed4b9f267cce75,game_pl_alt,DET,,-2.5,bovada,315,-470,oddsapi
2026-10-02T21:05:05Z,2026-10-02,NYR @ DET,5b5466f836933f5fb3ed4b9f267cce75,game_pl_alt,DET,,2.5,bovada,-700,425,oddsapi
2026-10-02T21:05:05Z,2026-10-02,NYR @ DET,5b5466f836933f5fb3ed4b9f267cce75,game_pl_alt,NYR,,-1.5,bovada,260,-370,oddsapi
2026-10-02T21:05:05Z,2026-10-02,NYR @ DET,5b5466f836933f5fb3ed4b9f267cce75,game_pl_alt,NYR,,2.5,bovada,-470,315,oddsapi
2026-10-02T21:05:05Z,2026-10-02,NYR @ DET,5b5466f836933f5fb3ed4b9f267cce75,game_pl_alt,NYR,,-2.5,bovada,425,-700,oddsapi
2026-10-02T21:05:05Z,2026-10-02,NYR @ DET,5b5466f836933f5fb3ed4b9f267cce75,team_total_alt,over,DET,3.5,bovada,130,-170,oddsapi
2026-10-02T21:05:05Z,2026-10-02,NYR @ DET,5b5466f836933f5fb3ed4b9f267cce75,team_total_alt,under,DET,3.5,bovada,-170,130,oddsapi
2026-10-02T21:05:05Z,2026-10-02,NYR @ DET,5b5466f836933f5fb3ed4b9f267cce75,team_total_alt,over,NYR,2.5,bovada,-145,110,oddsapi
2026-10-02T21:05:05Z,2026-10-02,NYR @ DET,5b5466f836933f5fb3ed4b9f267cce75,team_total_alt,under,NYR,2.5,bovada,110,-145,oddsapi
2026-10-02T21:05:05Z,2026-10-02,NYR @ DET,5b5466f836933f5fb3ed4b9f267cce75,game_total_alt,over,,4.5,bovada,-400,275,oddsapi
2026-10-02T21:05:05Z,2026-10-02,NYR @ DET,5b5466f836933f5fb3ed4b9f267cce75,game_total_alt,over,,5,bovada,-285,210,oddsapi
2026-10-02T21:05:05Z,2026-10-02,NYR @ DET,5b5466f836933f5fb3ed4b9f267cce75,game_total_alt,over,,5.5,bovada,-145,110,oddsapi
2026-10-02T21:05:05Z,2026-10-02,NYR @ DET,5b5466f836933f5fb3ed4b9f267cce75,game_total_alt,over,,6.5,bovada,110,-145,oddsapi
2026-10-02T21:05:05Z,2026-10-02,NYR @ DET,5b5466f836933f5fb3ed4b9f267cce75,game_total_alt,over,,7,bovada,220,-300,oddsapi
2026-10-02T21:05:05Z,2026-10-02,NYR @ DET,5b5466f836933f5fb3ed4b9f267cce75,game_total_alt,over,,7.5,bovada,265,-385,oddsapi
2026-10-02T21:05:05Z,2026-10-02,NYR @ DET,5b5466f836933f5fb3ed4b9f267cce75,game_total_alt,under,,4.5,bovada,275,-400,oddsapi
2026-10-02T21:05:05Z,2026-10-02,NYR @ DET,5b5466f836933f5fb3ed4b9f267cce75,game_total_alt,under,,5,bovada,210,-285,oddsapi
2026-10-02T21:05:05Z,2026-10-02,NYR @ DET,5b5466f836933f5fb3ed4b9f267cce75,game_total_alt,under,,5.5,bovada,110,-145,oddsapi
2026-10-02T21:05:05Z,2026-10-02,NYR @ DET,5b5466f836933f5fb3ed4b9f267cce75,game_total_alt,under,,6.5,bovada,-145,110,oddsapi
2026-10-02T21:05:05Z,2026-10-02,NYR @ DET,5b5466f836933f5fb3ed4b9f267cce75,game_total_alt,under,,7,bovada,-300,220,oddsapi
2026-10-02T21:05:05Z,2026-10-02,NYR @ DET,5b5466f836933f5fb3ed4b9f267cce75,game_total_alt,under,,7.5,bovada,-385,265,oddsapi
2026-10-02T21:05:05Z,2026-10-02,NYR @ DET,5b5466f836933f5fb3ed4b9f267cce75,game_ml3,DET,,,bovada,120,,oddsapi
2026-10-02T21:05:05Z,2026-10-02,NYR @ DET,5b5466f836933f5fb3ed4b9f267cce75,game_ml3,NYR,,,bovada,168,,oddsapi
2026-10-02T21:05:05Z,2026-10-02,NYR @ DET,5b5466f836933f5fb3ed4b9f267cce75,game_ml3,draw,,,bovada,310,,oddsapi
2026-10-02T21:05:05Z,2026-10-02,NYR @ DET,5b5466f836933f5fb3ed4b9f267cce75,p1_ml3,DET,,,bovada,167,,oddsapi
2026-10-02T21:05:05Z,2026-10-02,NYR @ DET,5b5466f836933f5fb3ed4b9f267cce75,p1_ml3,NYR,,,bovada,190,,oddsapi
2026-10-02T21:05:05Z,2026-10-02,NYR @ DET,5b5466f836933f5fb3ed4b9f267cce75,p1_ml3,draw,,,bovada,175,,oddsapi
2026-10-02T21:05:05Z,2026-10-02,NYR @ DET,5b5466f836933f5fb3ed4b9f267cce75,p1_ml,DET,,,bovada,-130,100,oddsapi
2026-10-02T21:05:05Z,2026-10-02,NYR @ DET,5b5466f836933f5fb3ed4b9f267cce75,p1_ml,NYR,,,bovada,100,-130,oddsapi
2026-10-02T21:05:05Z,2026-10-02,NYR @ DET,5b5466f836933f5fb3ed4b9f267cce75,p2_ml,DET,,,bovada,-130,100,oddsapi
2026-10-02T21:05:05Z,2026-10-02,NYR @ DET,5b5466f836933f5fb3ed4b9f267cce75,p2_ml,NYR,,,bovada,100,-130,oddsapi
2026-10-02T21:05:05Z,2026-10-02,NYR @ DET,5b5466f836933f5fb3ed4b9f267cce75,p3_ml,DET,,,bovada,-135,105,oddsapi
2026-10-02T21:05:05Z,2026-10-02,NYR @ DET,5b5466f836933f5fb3ed4b9f267cce75,p3_ml,NYR,,,bovada,105,-135,oddsapi
2026-10-02T21:05:05Z,2026-10-02,NYR @ DET,5b5466f836933f5fb3ed4b9f267cce75,ags,yes,Matt Rempe,,bovada,875,,oddsapi
2026-10-02T21:05:05Z,2026-10-02,NYR @ DET,5b5466f836933f5fb3ed4b9f267cce75,ags,yes,Braden Schneider,,bovada,1300,,oddsapi
2026-10-02T21:05:05Z,2026-10-02,NYR @ DET,5b5466f836933f5fb3ed4b9f267cce75,ags,yes,Adam Fox,,bovada,460,,oddsapi
2026-10-02T21:05:05Z,2026-10-02,NYR @ DET,5b5466f836933f5fb3ed4b9f267cce75,ags,yes,J.T. Compher,,bovada,500,,oddsapi
2026-10-02T21:05:05Z,2026-10-02,NYR @ DET,5b5466f836933f5fb3ed4b9f267cce75,ags,yes,Tye Kartye,,bovada,775,,oddsapi
2026-10-02T21:05:05Z,2026-10-02,NYR @ DET,5b5466f836933f5fb3ed4b9f267cce75,ags,yes,Noah Laba,,bovada,625,,oddsapi
2026-10-02T21:05:05Z,2026-10-02,NYR @ DET,5b5466f836933f5fb3ed4b9f267cce75,ags,yes,Moritz Seider,,bovada,415,,oddsapi
2026-10-02T21:05:05Z,2026-10-02,NYR @ DET,5b5466f836933f5fb3ed4b9f267cce75,ags,yes,Joe Veleno,,bovada,1000,,oddsapi
2026-10-02T21:05:05Z,2026-10-02,NYR @ DET,5b5466f836933f5fb3ed4b9f267cce75,ags,yes,Sean Durzi,,bovada,775,,oddsapi
2026-10-02T21:05:05Z,2026-10-02,NYR @ DET,5b5466f836933f5fb3ed4b9f267cce75,ags,yes,Axel Sandin Pellikka,,bovada,825,,oddsapi
2026-10-02T21:05:05Z,2026-10-02,NYR @ DET,5b5466f836933f5fb3ed4b9f267cce75,ags,yes,Marco Kasper,,bovada,395,,oddsapi
2026-10-02T21:05:05Z,2026-10-02,NYR @ DET,5b5466f836933f5fb3ed4b9f267cce75,ags,yes,Justin Faulk,,bovada,600,,oddsapi
2026-10-02T21:05:05Z,2026-10-02,NYR @ DET,5b5466f836933f5fb3ed4b9f267cce75,ags,yes,Oliver Bjorkstrand,,bovada,365,,oddsapi
2026-10-02T21:05:05Z,2026-10-02,NYR @ DET,5b5466f836933f5fb3ed4b9f267cce75,ags,yes,Lucas Raymond,,bovada,220,,oddsapi
2026-10-02T21:05:05Z,2026-10-02,NYR @ DET,5b5466f836933f5fb3ed4b9f267cce75,ags,yes,Mika Zibanejad,,bovada,200,,oddsapi
2026-10-02T21:05:05Z,2026-10-02,NYR @ DET,5b5466f836933f5fb3ed4b9f267cce75,ags,yes,Alex DeBrincat,,bovada,130,,oddsapi
2026-10-02T21:05:05Z,2026-10-02,NYR @ DET,5b5466f836933f5fb3ed4b9f267cce75,ags,yes,Michael Rasmussen,,bovada,575,,oddsapi
2026-10-02T21:05:05Z,2026-10-02,NYR @ DET,5b5466f836933f5fb3ed4b9f267cce75,ags,yes,Marcus Pettersson,,bovada,1600,,oddsapi
2026-10-02T21:05:05Z,2026-10-02,NYR @ DET,5b5466f836933f5fb3ed4b9f267cce75,ags,yes,Emmitt Finnie,,bovada,305,,oddsapi
2026-10-02T21:05:05Z,2026-10-02,NYR @ DET,5b5466f836933f5fb3ed4b9f267cce75,ags,yes,Michael Brandsegg-Nygard,,bovada,675,,oddsapi
2026-10-02T21:05:05Z,2026-10-02,NYR @ DET,5b5466f836933f5fb3ed4b9f267cce75,ags,yes,Alexis Lafrenière,,bovada,245,,oddsapi
2026-10-02T21:05:05Z,2026-10-02,NYR @ DET,5b5466f836933f5fb3ed4b9f267cce75,ags,yes,Ben Chiarot,,bovada,1200,,oddsapi
2026-10-02T21:05:05Z,2026-10-02,NYR @ DET,5b5466f836933f5fb3ed4b9f267cce75,ags,yes,Nate Danielson,,bovada,800,,oddsapi
2026-10-02T21:05:05Z,2026-10-02,NYR @ DET,5b5466f836933f5fb3ed4b9f267cce75,ags,yes,Eeli Tolvanen,,bovada,415,,oddsapi
2026-10-02T21:05:05Z,2026-10-02,NYR @ DET,5b5466f836933f5fb3ed4b9f267cce75,ags,yes,Andrew Copp,,bovada,280,,oddsapi
2026-10-02T21:05:05Z,2026-10-02,NYR @ DET,5b5466f836933f5fb3ed4b9f267cce75,ags,yes,Will Cuylle,,bovada,335,,oddsapi
2026-10-02T21:05:05Z,2026-10-02,NYR @ DET,5b5466f836933f5fb3ed4b9f267cce75,ags,yes,J.T. Miller,,bovada,275,,oddsapi
2026-10-02T21:05:05Z,2026-10-02,NYR @ DET,5b5466f836933f5fb3ed4b9f267cce75,ags,yes,Alberts Smits,,bovada,1100,,oddsapi
2026-10-02T21:05:05Z,2026-10-02,NYR @ DET,5b5466f836933f5fb3ed4b9f267cce75,ags,yes,Vladislav Gavrikov,,bovada,900,,oddsapi
2026-10-02T21:05:05Z,2026-10-02,NYR @ DET,5b5466f836933f5fb3ed4b9f267cce75,ags,yes,Mason Appleton,,bovada,625,,oddsapi
2026-10-02T21:05:05Z,2026-10-02,NYR @ DET,5b5466f836933f5fb3ed4b9f267cce75,ags,yes,Pavel Dorofeyev,,bovada,190,,oddsapi
2026-10-02T21:05:05Z,2026-10-02,NYR @ DET,5b5466f836933f5fb3ed4b9f267cce75,ags,yes,Gabe Perreault,,bovada,330,,oddsapi
2026-10-02T21:05:05Z,2026-10-02,NYR @ DET,5b5466f836933f5fb3ed4b9f267cce75,fgs,yes,Mika Zibanejad,,bovada,1200,,oddsapi
2026-10-02T21:05:05Z,2026-10-02,NYR @ DET,5b5466f836933f5fb3ed4b9f267cce75,fgs,yes,Tye Kartye,,bovada,6000,,oddsapi
2026-10-02T21:05:05Z,2026-10-02,NYR @ DET,5b5466f836933f5fb3ed4b9f267cce75,fgs,yes,J.T. Miller,,bovada,1600,,oddsapi
2026-10-02T21:05:05Z,2026-10-02,NYR @ DET,5b5466f836933f5fb3ed4b9f267cce75,fgs,yes,Alexis Lafrenière,,bovada,1700,,oddsapi
2026-10-02T21:05:05Z,2026-10-02,NYR @ DET,5b5466f836933f5fb3ed4b9f267cce75,fgs,yes,J.T. Compher,,bovada,2500,,oddsapi
2026-10-02T21:05:05Z,2026-10-02,NYR @ DET,5b5466f836933f5fb3ed4b9f267cce75,fgs,yes,Adam Fox,,bovada,2500,,oddsapi
2026-10-02T21:05:05Z,2026-10-02,NYR @ DET,5b5466f836933f5fb3ed4b9f267cce75,fgs,yes,Eeli Tolvanen,,bovada,2500,,oddsapi
2026-10-02T21:05:05Z,2026-10-02,NYR @ DET,5b5466f836933f5fb3ed4b9f267cce75,fgs,yes,Andrew Copp,,bovada,1700,,oddsapi
2026-10-02T21:05:05Z,2026-10-02,NYR @ DET,5b5466f836933f5fb3ed4b9f267cce75,fgs,yes,Vladislav Gavrikov,,bovada,5500,,oddsapi
2026-10-02T21:05:05Z,2026-10-02,NYR @ DET,5b5466f836933f5fb3ed4b9f267cce75,fgs,yes,Axel Sandin Pellikka,,bovada,4000,,oddsapi
2026-10-02T21:05:05Z,2026-10-02,NYR @ DET,5b5466f836933f5fb3ed4b9f267cce75,fgs,yes,Alex DeBrincat,,bovada,900,,oddsapi
2026-10-02T21:05:05Z,2026-10-02,NYR @ DET,5b5466f836933f5fb3ed4b9f267cce75,fgs,yes,Marcus Pettersson,,bovada,10000,,oddsapi
2026-10-02T21:05:05Z,2026-10-02,NYR @ DET,5b5466f836933f5fb3ed4b9f267cce75,fgs,yes,Alberts Smits,,bovada,6500,,oddsapi
2026-10-02T21:05:05Z,2026-10-02,NYR @ DET,5b5466f836933f5fb3ed4b9f267cce75,fgs,yes,Ben Chiarot,,bovada,8000,,oddsapi
2026-10-02T21:05:05Z,2026-10-02,NYR @ DET,5b5466f836933f5fb3ed4b9f267cce75,fgs,yes,Sean Durzi,,bovada,4000,,oddsapi
2026-10-02T21:05:05Z,2026-10-02,NYR @ DET,5b5466f836933f5fb3ed4b9f267cce75,fgs,yes,Mason Appleton,,bovada,3500,,oddsapi
2026-10-02T21:05:05Z,2026-10-02,NYR @ DET,5b5466f836933f5fb3ed4b9f267cce75,fgs,yes,Moritz Seider,,bovada,2500,,oddsapi
2026-10-02T21:05:05Z,2026-10-02,NYR @ DET,5b5466f836933f5fb3ed4b9f267cce75,fgs,yes,Pavel Dorofeyev,,bovada,1200,,oddsapi
2026-10-02T21:05:05Z,2026-10-02,NYR @ DET,5b5466f836933f5fb3ed4b9f267cce75,fgs,yes,Will Cuylle,,bovada,2200,,oddsapi
2026-10-02T21:05:05Z,2026-10-02,NYR @ DET,5b5466f836933f5fb3ed4b9f267cce75,fgs,yes,Noah Laba,,bovada,3500,,oddsapi
2026-10-02T21:05:05Z,2026-10-02,NYR @ DET,5b5466f836933f5fb3ed4b9f267cce75,fgs,yes,Albert Johansson,,bovada,6000,,oddsapi
2026-10-02T21:05:05Z,2026-10-02,NYR @ DET,5b5466f836933f5fb3ed4b9f267cce75,fgs,yes,Oliver Bjorkstrand,,bovada,2000,,oddsapi
2026-10-02T21:05:05Z,2026-10-02,NYR @ DET,5b5466f836933f5fb3ed4b9f267cce75,fgs,yes,Lucas Raymond,,bovada,1400,,oddsapi
2026-10-02T21:05:05Z,2026-10-02,NYR @ DET,5b5466f836933f5fb3ed4b9f267cce75,fgs,yes,Michael Rasmussen,,bovada,3000,,oddsapi
2026-10-02T21:05:05Z,2026-10-02,NYR @ DET,5b5466f836933f5fb3ed4b9f267cce75,fgs,yes,Emmitt Finnie,,bovada,1800,,oddsapi
2026-10-02T21:05:05Z,2026-10-02,NYR @ DET,5b5466f836933f5fb3ed4b9f267cce75,fgs,yes,Michael Brandsegg-Nygard,,bovada,4000,,oddsapi
2026-10-02T21:05:05Z,2026-10-02,NYR @ DET,5b5466f836933f5fb3ed4b9f267cce75,fgs,yes,Gabe Perreault,,bovada,1900,,oddsapi
2026-10-02T21:05:05Z,2026-10-02,NYR @ DET,5b5466f836933f5fb3ed4b9f267cce75,fgs,yes,Marco Kasper,,bovada,2200,,oddsapi
2026-10-02T21:05:05Z,2026-10-02,NYR @ DET,5b5466f836933f5fb3ed4b9f267cce75,fgs,yes,Joe Veleno,,bovada,6500,,oddsapi
2026-10-02T21:05:05Z,2026-10-02,NYR @ DET,5b5466f836933f5fb3ed4b9f267cce75,fgs,yes,Nate Danielson,,bovada,4000,,oddsapi
2026-10-02T21:05:05Z,2026-10-02,NYR @ DET,5b5466f836933f5fb3ed4b9f267cce75,fgs,yes,Justin Faulk,,bovada,3300,,oddsapi
2026-10-02T21:05:05Z,2026-10-02,NYR @ DET,5b5466f836933f5fb3ed4b9f267cce75,sk_sog,over,Adam Fox,1.5,bovada,-115,-115,oddsapi
2026-10-02T21:05:05Z,2026-10-02,NYR @ DET,5b5466f836933f5fb3ed4b9f267cce75,sk_sog,under,Adam Fox,1.5,bovada,-115,-115,oddsapi
2026-10-02T21:05:05Z,2026-10-02,NYR @ DET,5b5466f836933f5fb3ed4b9f267cce75,sk_sog,over,Alex DeBrincat,3.5,bovada,100,-130,oddsapi
2026-10-02T21:05:05Z,2026-10-02,NYR @ DET,5b5466f836933f5fb3ed4b9f267cce75,sk_sog,under,Alex DeBrincat,3.5,bovada,-130,100,oddsapi
2026-10-02T21:05:05Z,2026-10-02,NYR @ DET,5b5466f836933f5fb3ed4b9f267cce75,sk_sog,over,Alexis Lafrenière,2.5,bovada,125,-165,oddsapi
2026-10-02T21:05:05Z,2026-10-02,NYR @ DET,5b5466f836933f5fb3ed4b9f267cce75,sk_sog,under,Alexis Lafrenière,2.5,bovada,-165,125,oddsapi
2026-10-02T21:05:05Z,2026-10-02,NYR @ DET,5b5466f836933f5fb3ed4b9f267cce75,sk_sog,over,Andrew Copp,1.5,bovada,-105,-125,oddsapi
2026-10-02T21:05:05Z,2026-10-02,NYR @ DET,5b5466f836933f5fb3ed4b9f267cce75,sk_sog,under,Andrew Copp,1.5,bovada,-125,-105,oddsapi
2026-10-02T21:05:05Z,2026-10-02,NYR @ DET,5b5466f836933f5fb3ed4b9f267cce75,sk_sog,over,Eeli Tolvanen,1.5,bovada,100,-130,oddsapi
2026-10-02T21:05:05Z,2026-10-02,NYR @ DET,5b5466f836933f5fb3ed4b9f267cce75,sk_sog,under,Eeli Tolvanen,1.5,bovada,-130,100,oddsapi
2026-10-02T21:05:05Z,2026-10-02,NYR @ DET,5b5466f836933f5fb3ed4b9f267cce75,sk_sog,over,Gabe Perreault,1.5,bovada,120,-155,oddsapi
2026-10-02T21:05:05Z,2026-10-02,NYR @ DET,5b5466f836933f5fb3ed4b9f267cce75,sk_sog,under,Gabe Perreault,1.5,bovada,-155,120,oddsapi
2026-10-02T21:05:05Z,2026-10-02,NYR @ DET,5b5466f836933f5fb3ed4b9f267cce75,sk_sog,over,J.T. Miller,1.5,bovada,-190,145,oddsapi
2026-10-02T21:05:05Z,2026-10-02,NYR @ DET,5b5466f836933f5fb3ed4b9f267cce75,sk_sog,under,J.T. Miller,1.5,bovada,145,-190,oddsapi
2026-10-02T21:05:05Z,2026-10-02,NYR @ DET,5b5466f836933f5fb3ed4b9f267cce75,sk_sog,over,Justin Faulk,1.5,bovada,-130,100,oddsapi
2026-10-02T21:05:05Z,2026-10-02,NYR @ DET,5b5466f836933f5fb3ed4b9f267cce75,sk_sog,under,Justin Faulk,1.5,bovada,100,-130,oddsapi
2026-10-02T21:05:05Z,2026-10-02,NYR @ DET,5b5466f836933f5fb3ed4b9f267cce75,sk_sog,over,Lucas Raymond,2.5,bovada,115,-150,oddsapi
2026-10-02T21:05:05Z,2026-10-02,NYR @ DET,5b5466f836933f5fb3ed4b9f267cce75,sk_sog,under,Lucas Raymond,2.5,bovada,-150,115,oddsapi
2026-10-02T21:05:05Z,2026-10-02,NYR @ DET,5b5466f836933f5fb3ed4b9f267cce75,sk_sog,over,Mika Zibanejad,2.5,bovada,105,-135,oddsapi
2026-10-02T21:05:05Z,2026-10-02,NYR @ DET,5b5466f836933f5fb3ed4b9f267cce75,sk_sog,under,Mika Zibanejad,2.5,bovada,-135,105,oddsapi
2026-10-02T21:05:05Z,2026-10-02,NYR @ DET,5b5466f836933f5fb3ed4b9f267cce75,sk_sog,over,Moritz Seider,2.5,bovada,125,-165,oddsapi
2026-10-02T21:05:05Z,2026-10-02,NYR @ DET,5b5466f836933f5fb3ed4b9f267cce75,sk_sog,under,Moritz Seider,2.5,bovada,-165,125,oddsapi
2026-10-02T21:05:05Z,2026-10-02,NYR @ DET,5b5466f836933f5fb3ed4b9f267cce75,sk_sog,over,Oliver Bjorkstrand,1.5,bovada,-110,-120,oddsapi
2026-10-02T21:05:05Z,2026-10-02,NYR @ DET,5b5466f836933f5fb3ed4b9f267cce75,sk_sog,under,Oliver Bjorkstrand,1.5,bovada,-120,-110,oddsapi
2026-10-02T21:05:05Z,2026-10-02,NYR @ DET,5b5466f836933f5fb3ed4b9f267cce75,sk_sog,over,Pavel Dorofeyev,2.5,bovada,-145,110,oddsapi
2026-10-02T21:05:05Z,2026-10-02,NYR @ DET,5b5466f836933f5fb3ed4b9f267cce75,sk_sog,under,Pavel Dorofeyev,2.5,bovada,110,-145,oddsapi
2026-10-02T21:05:05Z,2026-10-02,NYR @ DET,5b5466f836933f5fb3ed4b9f267cce75,sk_sog,over,Vladislav Gavrikov,1.5,bovada,120,-155,oddsapi
2026-10-02T21:05:05Z,2026-10-02,NYR @ DET,5b5466f836933f5fb3ed4b9f267cce75,sk_sog,under,Vladislav Gavrikov,1.5,bovada,-155,120,oddsapi
2026-10-02T21:05:05Z,2026-10-02,NYR @ DET,5b5466f836933f5fb3ed4b9f267cce75,sk_sog,over,Will Cuylle,1.5,bovada,-125,-105,oddsapi
2026-10-02T21:05:05Z,2026-10-02,NYR @ DET,5b5466f836933f5fb3ed4b9f267cce75,sk_sog,under,Will Cuylle,1.5,bovada,-105,-125,oddsapi
2026-10-02T21:05:05Z,2026-10-02,NYR @ DET,5b5466f836933f5fb3ed4b9f267cce75,g_saves,over,John Gibson,23.5,bovada,-125,-105,oddsapi
2026-10-02T21:05:05Z,2026-10-02,NYR @ DET,5b5466f836933f5fb3ed4b9f267cce75,g_saves,under,John Gibson,23.5,bovada,-105,-125,oddsapi
2026-10-02T21:05:05Z,2026-10-02,NYR @ DET,5b5466f836933f5fb3ed4b9f267cce75,p1_pl,DET,,-0.5,bovada,155,-210,oddsapi
2026-10-02T21:05:05Z,2026-10-02,NYR @ DET,5b5466f836933f5fb3ed4b9f267cce75,p1_pl,NYR,,0.5,bovada,-210,155,oddsapi
2026-10-02T21:05:05Z,2026-10-02,NYR @ DET,5b5466f836933f5fb3ed4b9f267cce75,p2_pl,DET,,-0.5,bovada,150,-200,oddsapi
2026-10-02T21:05:05Z,2026-10-02,NYR @ DET,5b5466f836933f5fb3ed4b9f267cce75,p2_pl,NYR,,0.5,bovada,-200,150,oddsapi
2026-10-02T21:05:05Z,2026-10-02,NYR @ DET,5b5466f836933f5fb3ed4b9f267cce75,p3_pl,DET,,-0.5,bovada,135,-180,oddsapi
2026-10-02T21:05:05Z,2026-10-02,NYR @ DET,5b5466f836933f5fb3ed4b9f267cce75,p3_pl,NYR,,0.5,bovada,-180,135,oddsapi
2026-10-02T21:05:05Z,2026-10-02,NYR @ DET,5b5466f836933f5fb3ed4b9f267cce75,p1_total,over,,1.5,bovada,-125,-105,oddsapi
2026-10-02T21:05:05Z,2026-10-02,NYR @ DET,5b5466f836933f5fb3ed4b9f267cce75,p1_total,under,,1.5,bovada,-105,-125,oddsapi
2026-10-02T21:05:05Z,2026-10-02,NYR @ DET,5b5466f836933f5fb3ed4b9f267cce75,p2_total,over,,2,bovada,115,-150,oddsapi
2026-10-02T21:05:05Z,2026-10-02,NYR @ DET,5b5466f836933f5fb3ed4b9f267cce75,p2_total,under,,2,bovada,-150,115,oddsapi
2026-10-02T21:05:05Z,2026-10-02,NYR @ DET,5b5466f836933f5fb3ed4b9f267cce75,p3_total,over,,2,bovada,-120,-110,oddsapi
2026-10-02T21:05:05Z,2026-10-02,NYR @ DET,5b5466f836933f5fb3ed4b9f267cce75,p3_total,under,,2,bovada,-110,-120,oddsapi
2026-10-02T21:05:05Z,2026-10-02,NYR @ DET,5b5466f836933f5fb3ed4b9f267cce75,game_ml3,DET,,,fanatics,120,,oddsapi
2026-10-02T21:05:05Z,2026-10-02,NYR @ DET,5b5466f836933f5fb3ed4b9f267cce75,game_ml3,NYR,,,fanatics,155,,oddsapi
2026-10-02T21:05:05Z,2026-10-02,NYR @ DET,5b5466f836933f5fb3ed4b9f267cce75,game_ml3,draw,,,fanatics,290,,oddsapi
2026-10-02T21:05:05Z,2026-10-02,NYR @ DET,5b5466f836933f5fb3ed4b9f267cce75,ags,yes,Ben Chiarot,,fanatics,1400,,oddsapi
2026-10-02T21:05:05Z,2026-10-02,NYR @ DET,5b5466f836933f5fb3ed4b9f267cce75,ags,yes,Andrew Copp,,fanatics,285,,oddsapi
2026-10-02T21:05:05Z,2026-10-02,NYR @ DET,5b5466f836933f5fb3ed4b9f267cce75,ags,yes,Lucas Raymond,,fanatics,220,,oddsapi
2026-10-02T21:05:05Z,2026-10-02,NYR @ DET,5b5466f836933f5fb3ed4b9f267cce75,ags,yes,J.T. Compher,,fanatics,575,,oddsapi
2026-10-02T21:05:05Z,2026-10-02,NYR @ DET,5b5466f836933f5fb3ed4b9f267cce75,ags,yes,Moritz Seider,,fanatics,430,,oddsapi
2026-10-02T21:05:05Z,2026-10-02,NYR @ DET,5b5466f836933f5fb3ed4b9f267cce75,ags,yes,Marco Kasper,,fanatics,390,,oddsapi
2026-10-02T21:05:05Z,2026-10-02,NYR @ DET,5b5466f836933f5fb3ed4b9f267cce75,ags,yes,Alex DeBrincat,,fanatics,125,,oddsapi
2026-10-02T21:05:05Z,2026-10-02,NYR @ DET,5b5466f836933f5fb3ed4b9f267cce75,ags,yes,Mason Appleton,,fanatics,650,,oddsapi
2026-10-02T21:05:05Z,2026-10-02,NYR @ DET,5b5466f836933f5fb3ed4b9f267cce75,ags,yes,Justin Faulk,,fanatics,650,,oddsapi
2026-10-02T21:05:05Z,2026-10-02,NYR @ DET,5b5466f836933f5fb3ed4b9f267cce75,ags,yes,Michael Rasmussen,,fanatics,600,,oddsapi
2026-10-02T21:05:05Z,2026-10-02,NYR @ DET,5b5466f836933f5fb3ed4b9f267cce75,ags,yes,Albert Johansson,,fanatics,1400,,oddsapi
2026-10-02T21:05:05Z,2026-10-02,NYR @ DET,5b5466f836933f5fb3ed4b9f267cce75,ags,yes,Emmitt Finnie,,fanatics,310,,oddsapi
2026-10-02T21:05:05Z,2026-10-02,NYR @ DET,5b5466f836933f5fb3ed4b9f267cce75,ags,yes,Michael Brandsegg-Nygard,,fanatics,700,,oddsapi
2026-10-02T21:05:05Z,2026-10-02,NYR @ DET,5b5466f836933f5fb3ed4b9f267cce75,ags,yes,Nate Danielson,,fanatics,800,,oddsapi
2026-10-02T21:05:05Z,2026-10-02,NYR @ DET,5b5466f836933f5fb3ed4b9f267cce75,ags,yes,Sean Durzi,,fanatics,700,,oddsapi
2026-10-02T21:05:05Z,2026-10-02,NYR @ DET,5b5466f836933f5fb3ed4b9f267cce75,ags,yes,Alexis Lafrenière,,fanatics,230,,oddsapi
2026-10-02T21:05:05Z,2026-10-02,NYR @ DET,5b5466f836933f5fb3ed4b9f267cce75,ags,yes,Adam Fox,,fanatics,525,,oddsapi
2026-10-02T21:05:05Z,2026-10-02,NYR @ DET,5b5466f836933f5fb3ed4b9f267cce75,ags,yes,Mika Zibanejad,,fanatics,200,,oddsapi
2026-10-02T21:05:05Z,2026-10-02,NYR @ DET,5b5466f836933f5fb3ed4b9f267cce75,ags,yes,Marcus Pettersson,,fanatics,1800,,oddsapi
2026-10-02T21:05:05Z,2026-10-02,NYR @ DET,5b5466f836933f5fb3ed4b9f267cce75,ags,yes,Pavel Dorofeyev,,fanatics,185,,oddsapi
2026-10-02T21:05:05Z,2026-10-02,NYR @ DET,5b5466f836933f5fb3ed4b9f267cce75,ags,yes,J.T. Miller,,fanatics,260,,oddsapi
2026-10-02T21:05:05Z,2026-10-02,NYR @ DET,5b5466f836933f5fb3ed4b9f267cce75,ags,yes,Oliver Bjorkstrand,,fanatics,390,,oddsapi
2026-10-02T21:05:05Z,2026-10-02,NYR @ DET,5b5466f836933f5fb3ed4b9f267cce75,ags,yes,Vladislav Gavrikov,,fanatics,850,,oddsapi
2026-10-02T21:05:05Z,2026-10-02,NYR @ DET,5b5466f836933f5fb3ed4b9f267cce75,ags,yes,Will Cuylle,,fanatics,340,,oddsapi
2026-10-02T21:05:05Z,2026-10-02,NYR @ DET,5b5466f836933f5fb3ed4b9f267cce75,ags,yes,Tye Kartye,,fanatics,900,,oddsapi
2026-10-02T21:05:05Z,2026-10-02,NYR @ DET,5b5466f836933f5fb3ed4b9f267cce75,ags,yes,Gabe Perreault,,fanatics,340,,oddsapi
2026-10-02T21:05:05Z,2026-10-02,NYR @ DET,5b5466f836933f5fb3ed4b9f267cce75,ags,yes,Noah Laba,,fanatics,600,,oddsapi
2026-10-02T21:05:05Z,2026-10-02,NYR @ DET,5b5466f836933f5fb3ed4b9f267cce75,ags,yes,Alberts Smits,,fanatics,1200,,oddsapi
2026-10-02T21:05:05Z,2026-10-02,NYR @ DET,5b5466f836933f5fb3ed4b9f267cce75,ags,yes,Eeli Tolvanen,,fanatics,410,,oddsapi
2026-10-02T21:05:05Z,2026-10-02,NYR @ DET,5b5466f836933f5fb3ed4b9f267cce75,ags,yes,Braden Schneider,,fanatics,1400,,oddsapi
2026-10-02T21:05:05Z,2026-10-02,NYR @ DET,5b5466f836933f5fb3ed4b9f267cce75,ags,yes,Matt Rempe,,fanatics,1100,,oddsapi
2026-10-02T21:05:05Z,2026-10-02,NYR @ DET,5b5466f836933f5fb3ed4b9f267cce75,fgs,yes,Ben Chiarot,,fanatics,5000,,oddsapi
2026-10-02T21:05:05Z,2026-10-02,NYR @ DET,5b5466f836933f5fb3ed4b9f267cce75,fgs,yes,Andrew Copp,,fanatics,1500,,oddsapi
2026-10-02T21:05:05Z,2026-10-02,NYR @ DET,5b5466f836933f5fb3ed4b9f267cce75,fgs,yes,Lucas Raymond,,fanatics,1100,,oddsapi
2026-10-02T21:05:05Z,2026-10-02,NYR @ DET,5b5466f836933f5fb3ed4b9f267cce75,fgs,yes,J.T. Compher,,fanatics,2800,,oddsapi
2026-10-02T21:05:05Z,2026-10-02,NYR @ DET,5b5466f836933f5fb3ed4b9f267cce75,fgs,yes,Moritz Seider,,fanatics,2200,,oddsapi
2026-10-02T21:05:05Z,2026-10-02,NYR @ DET,5b5466f836933f5fb3ed4b9f267cce75,fgs,yes,Marco Kasper,,fanatics,1700,,oddsapi
2026-10-02T21:05:05Z,2026-10-02,NYR @ DET,5b5466f836933f5fb3ed4b9f267cce75,fgs,yes,Alex DeBrincat,,fanatics,800,,oddsapi
2026-10-02T21:05:05Z,2026-10-02,NYR @ DET,5b5466f836933f5fb3ed4b9f267cce75,fgs,yes,Mason Appleton,,fanatics,2800,,oddsapi
2026-10-02T21:05:05Z,2026-10-02,NYR @ DET,5b5466f836933f5fb3ed4b9f267cce75,fgs,yes,Justin Faulk,,fanatics,2800,,oddsapi
2026-10-02T21:05:05Z,2026-10-02,NYR @ DET,5b5466f836933f5fb3ed4b9f267cce75,fgs,yes,Michael Rasmussen,,fanatics,2800,,oddsapi
2026-10-02T21:05:05Z,2026-10-02,NYR @ DET,5b5466f836933f5fb3ed4b9f267cce75,fgs,yes,Albert Johansson,,fanatics,6000,,oddsapi
2026-10-02T21:05:05Z,2026-10-02,NYR @ DET,5b5466f836933f5fb3ed4b9f267cce75,fgs,yes,Emmitt Finnie,,fanatics,1500,,oddsapi
2026-10-02T21:05:05Z,2026-10-02,NYR @ DET,5b5466f836933f5fb3ed4b9f267cce75,fgs,yes,Michael Brandsegg-Nygard,,fanatics,3000,,oddsapi
2026-10-02T21:05:05Z,2026-10-02,NYR @ DET,5b5466f836933f5fb3ed4b9f267cce75,fgs,yes,Nate Danielson,,fanatics,3000,,oddsapi
2026-10-02T21:05:05Z,2026-10-02,NYR @ DET,5b5466f836933f5fb3ed4b9f267cce75,fgs,yes,Sean Durzi,,fanatics,3500,,oddsapi
2026-10-02T21:05:05Z,2026-10-02,NYR @ DET,5b5466f836933f5fb3ed4b9f267cce75,fgs,yes,Alexis Lafrenière,,fanatics,1200,,oddsapi
2026-10-02T21:05:05Z,2026-10-02,NYR @ DET,5b5466f836933f5fb3ed4b9f267cce75,fgs,yes,Adam Fox,,fanatics,2500,,oddsapi
2026-10-02T21:05:05Z,2026-10-02,NYR @ DET,5b5466f836933f5fb3ed4b9f267cce75,fgs,yes,Mika Zibanejad,,fanatics,1100,,oddsapi
2026-10-02T21:05:05Z,2026-10-02,NYR @ DET,5b5466f836933f5fb3ed4b9f267cce75,fgs,yes,Marcus Pettersson,,fanatics,6000,,oddsapi
2026-10-02T21:05:05Z,2026-10-02,NYR @ DET,5b5466f836933f5fb3ed4b9f267cce75,fgs,yes,Pavel Dorofeyev,,fanatics,1100,,oddsapi
2026-10-02T21:05:05Z,2026-10-02,NYR @ DET,5b5466f836933f5fb3ed4b9f267cce75,fgs,yes,J.T. Miller,,fanatics,1300,,oddsapi
2026-10-02T21:05:05Z,2026-10-02,NYR @ DET,5b5466f836933f5fb3ed4b9f267cce75,fgs,yes,Oliver Bjorkstrand,,fanatics,1900,,oddsapi
2026-10-02T21:05:05Z,2026-10-02,NYR @ DET,5b5466f836933f5fb3ed4b9f267cce75,fgs,yes,Vladislav Gavrikov,,fanatics,4000,,oddsapi
2026-10-02T21:05:05Z,2026-10-02,NYR @ DET,5b5466f836933f5fb3ed4b9f267cce75,fgs,yes,Will Cuylle,,fanatics,1700,,oddsapi
2026-10-02T21:05:05Z,2026-10-02,NYR @ DET,5b5466f836933f5fb3ed4b9f267cce75,fgs,yes,Tye Kartye,,fanatics,4500,,oddsapi
2026-10-02T21:05:05Z,2026-10-02,NYR @ DET,5b5466f836933f5fb3ed4b9f267cce75,fgs,yes,Gabe Perreault,,fanatics,1900,,oddsapi
2026-10-02T21:05:05Z,2026-10-02,NYR @ DET,5b5466f836933f5fb3ed4b9f267cce75,fgs,yes,Noah Laba,,fanatics,3000,,oddsapi
2026-10-02T21:05:05Z,2026-10-02,NYR @ DET,5b5466f836933f5fb3ed4b9f267cce75,fgs,yes,Alberts Smits,,fanatics,4500,,oddsapi
2026-10-02T21:05:05Z,2026-10-02,NYR @ DET,5b5466f836933f5fb3ed4b9f267cce75,fgs,yes,Eeli Tolvanen,,fanatics,1900,,oddsapi
2026-10-02T21:05:05Z,2026-10-02,NYR @ DET,5b5466f836933f5fb3ed4b9f267cce75,fgs,yes,No 1st Goal,,fanatics,12000,,oddsapi
2026-10-02T21:05:05Z,2026-10-02,NYR @ DET,5b5466f836933f5fb3ed4b9f267cce75,fgs,yes,Braden Schneider,,fanatics,5000,,oddsapi
2026-10-02T21:05:05Z,2026-10-02,NYR @ DET,5b5466f836933f5fb3ed4b9f267cce75,fgs,yes,Matt Rempe,,fanatics,4500,,oddsapi
2026-10-02T21:05:05Z,2026-10-02,NYR @ DET,5b5466f836933f5fb3ed4b9f267cce75,team_total,over,DET,3.5,fanatics,130,-170,oddsapi
2026-10-02T21:05:05Z,2026-10-02,NYR @ DET,5b5466f836933f5fb3ed4b9f267cce75,team_total,under,DET,3.5,fanatics,-170,130,oddsapi
2026-10-02T21:05:05Z,2026-10-02,NYR @ DET,5b5466f836933f5fb3ed4b9f267cce75,team_total,over,NYR,2.5,fanatics,-150,115,oddsapi
2026-10-02T21:05:05Z,2026-10-02,NYR @ DET,5b5466f836933f5fb3ed4b9f267cce75,team_total,under,NYR,2.5,fanatics,115,-150,oddsapi
2026-10-02T21:05:05Z,2026-10-02,NYR @ DET,5b5466f836933f5fb3ed4b9f267cce75,team_total_alt,over,DET,1,betmgm,-3000,825,oddsapi
2026-10-02T21:05:05Z,2026-10-02,NYR @ DET,5b5466f836933f5fb3ed4b9f267cce75,team_total_alt,under,DET,1,betmgm,825,-3000,oddsapi
2026-10-02T21:05:05Z,2026-10-02,NYR @ DET,5b5466f836933f5fb3ed4b9f267cce75,team_total_alt,over,DET,1.5,betmgm,-550,333,oddsapi
2026-10-02T21:05:05Z,2026-10-02,NYR @ DET,5b5466f836933f5fb3ed4b9f267cce75,team_total_alt,under,DET,1.5,betmgm,333,-550,oddsapi
2026-10-02T21:05:05Z,2026-10-02,NYR @ DET,5b5466f836933f5fb3ed4b9f267cce75,team_total_alt,over,DET,2,betmgm,-400,260,oddsapi
2026-10-02T21:05:05Z,2026-10-02,NYR @ DET,5b5466f836933f5fb3ed4b9f267cce75,team_total_alt,under,DET,2,betmgm,260,-400,oddsapi
2026-10-02T21:05:05Z,2026-10-02,NYR @ DET,5b5466f836933f5fb3ed4b9f267cce75,team_total_alt,over,DET,2.5,betmgm,-190,135,oddsapi
2026-10-02T21:05:05Z,2026-10-02,NYR @ DET,5b5466f836933f5fb3ed4b9f267cce75,team_total_alt,under,DET,2.5,betmgm,135,-190,oddsapi
2026-10-02T21:05:05Z,2026-10-02,NYR @ DET,5b5466f836933f5fb3ed4b9f267cce75,team_total_alt,over,DET,3,betmgm,-125,-110,oddsapi
2026-10-02T21:05:05Z,2026-10-02,NYR @ DET,5b5466f836933f5fb3ed4b9f267cce75,team_total_alt,under,DET,3,betmgm,-110,-125,oddsapi
2026-10-02T21:05:05Z,2026-10-02,NYR @ DET,5b5466f836933f5fb3ed4b9f267cce75,team_total_alt,over,DET,3.5,betmgm,120,-165,oddsapi
2026-10-02T21:05:05Z,2026-10-02,NYR @ DET,5b5466f836933f5fb3ed4b9f267cce75,team_total_alt,under,DET,3.5,betmgm,-165,120,oddsapi
2026-10-02T21:05:05Z,2026-10-02,NYR @ DET,5b5466f836933f5fb3ed4b9f267cce75,team_total_alt,over,DET,4,betmgm,210,-300,oddsapi
2026-10-02T21:05:05Z,2026-10-02,NYR @ DET,5b5466f836933f5fb3ed4b9f267cce75,team_total_alt,under,DET,4,betmgm,-300,210,oddsapi
2026-10-02T21:05:05Z,2026-10-02,NYR @ DET,5b5466f836933f5fb3ed4b9f267cce75,team_total_alt,over,DET,4.5,betmgm,260,-425,oddsapi
2026-10-02T21:05:05Z,2026-10-02,NYR @ DET,5b5466f836933f5fb3ed4b9f267cce75,team_total_alt,under,DET,4.5,betmgm,-425,260,oddsapi
2026-10-02T21:05:05Z,2026-10-02,NYR @ DET,5b5466f836933f5fb3ed4b9f267cce75,team_total_alt,over,DET,5,betmgm,500,-1100,oddsapi
2026-10-02T21:05:05Z,2026-10-02,NYR @ DET,5b5466f836933f5fb3ed4b9f267cce75,team_total_alt,under,DET,5,betmgm,-1100,500,oddsapi
2026-10-02T21:05:05Z,2026-10-02,NYR @ DET,5b5466f836933f5fb3ed4b9f267cce75,team_total_alt,over,NYR,0.5,betmgm,-3000,800,oddsapi
2026-10-02T21:05:05Z,2026-10-02,NYR @ DET,5b5466f836933f5fb3ed4b9f267cce75,team_total_alt,under,NYR,0.5,betmgm,800,-3000,oddsapi
2026-10-02T21:05:05Z,2026-10-02,NYR @ DET,5b5466f836933f5fb3ed4b9f267cce75,team_total_alt,over,NYR,1,betmgm,-2000,700,oddsapi
2026-10-02T21:05:05Z,2026-10-02,NYR @ DET,5b5466f836933f5fb3ed4b9f267cce75,team_total_alt,under,NYR,1,betmgm,700,-2000,oddsapi
2026-10-02T21:05:05Z,2026-10-02,NYR @ DET,5b5466f836933f5fb3ed4b9f267cce75,team_total_alt,over,NYR,1.5,betmgm,-425,270,oddsapi
2026-10-02T21:05:05Z,2026-10-02,NYR @ DET,5b5466f836933f5fb3ed4b9f267cce75,team_total_alt,under,NYR,1.5,betmgm,270,-425,oddsapi
2026-10-02T21:05:05Z,2026-10-02,NYR @ DET,5b5466f836933f5fb3ed4b9f267cce75,team_total_alt,over,NYR,2,betmgm,-295,200,oddsapi
2026-10-02T21:05:05Z,2026-10-02,NYR @ DET,5b5466f836933f5fb3ed4b9f267cce75,team_total_alt,under,NYR,2,betmgm,200,-295,oddsapi
2026-10-02T21:05:05Z,2026-10-02,NYR @ DET,5b5466f836933f5fb3ed4b9f267cce75,team_total_alt,over,NYR,2.5,betmgm,-155,110,oddsapi
2026-10-02T21:05:05Z,2026-10-02,NYR @ DET,5b5466f836933f5fb3ed4b9f267cce75,team_total_alt,under,NYR,2.5,betmgm,110,-155,oddsapi
2026-10-02T21:05:05Z,2026-10-02,NYR @ DET,5b5466f836933f5fb3ed4b9f267cce75,team_total_alt,over,NYR,3,betmgm,105,-145,oddsapi
2026-10-02T21:05:05Z,2026-10-02,NYR @ DET,5b5466f836933f5fb3ed4b9f267cce75,team_total_alt,under,NYR,3,betmgm,-145,105,oddsapi
2026-10-02T21:05:05Z,2026-10-02,NYR @ DET,5b5466f836933f5fb3ed4b9f267cce75,team_total_alt,over,NYR,3.5,betmgm,150,-210,oddsapi
2026-10-02T21:05:05Z,2026-10-02,NYR @ DET,5b5466f836933f5fb3ed4b9f267cce75,team_total_alt,under,NYR,3.5,betmgm,-210,150,oddsapi
2026-10-02T21:05:05Z,2026-10-02,NYR @ DET,5b5466f836933f5fb3ed4b9f267cce75,team_total_alt,over,NYR,4,betmgm,270,-425,oddsapi
2026-10-02T21:05:05Z,2026-10-02,NYR @ DET,5b5466f836933f5fb3ed4b9f267cce75,team_total_alt,under,NYR,4,betmgm,-425,270,oddsapi
2026-10-02T21:05:05Z,2026-10-02,NYR @ DET,5b5466f836933f5fb3ed4b9f267cce75,team_total_alt,over,NYR,4.5,betmgm,325,-550,oddsapi
2026-10-02T21:05:05Z,2026-10-02,NYR @ DET,5b5466f836933f5fb3ed4b9f267cce75,team_total_alt,under,NYR,4.5,betmgm,-550,325,oddsapi
2026-10-02T21:05:05Z,2026-10-02,NYR @ DET,5b5466f836933f5fb3ed4b9f267cce75,game_ml3,DET,,,betmgm,120,,oddsapi
2026-10-02T21:05:05Z,2026-10-02,NYR @ DET,5b5466f836933f5fb3ed4b9f267cce75,game_ml3,NYR,,,betmgm,165,,oddsapi
2026-10-02T21:05:05Z,2026-10-02,NYR @ DET,5b5466f836933f5fb3ed4b9f267cce75,game_ml3,draw,,,betmgm,300,,oddsapi
2026-10-02T21:05:05Z,2026-10-02,NYR @ DET,5b5466f836933f5fb3ed4b9f267cce75,p1_ml3,DET,,,betmgm,154,,oddsapi
2026-10-02T21:05:05Z,2026-10-02,NYR @ DET,5b5466f836933f5fb3ed4b9f267cce75,p1_ml3,NYR,,,betmgm,185,,oddsapi
2026-10-02T21:05:05Z,2026-10-02,NYR @ DET,5b5466f836933f5fb3ed4b9f267cce75,p1_ml3,draw,,,betmgm,175,,oddsapi
2026-10-02T21:05:05Z,2026-10-02,NYR @ DET,5b5466f836933f5fb3ed4b9f267cce75,p2_ml3,DET,,,betmgm,150,,oddsapi
2026-10-02T21:05:05Z,2026-10-02,NYR @ DET,5b5466f836933f5fb3ed4b9f267cce75,p2_ml3,NYR,,,betmgm,175,,oddsapi
2026-10-02T21:05:05Z,2026-10-02,NYR @ DET,5b5466f836933f5fb3ed4b9f267cce75,p2_ml3,draw,,,betmgm,190,,oddsapi
2026-10-02T21:05:05Z,2026-10-02,NYR @ DET,5b5466f836933f5fb3ed4b9f267cce75,p3_ml3,DET,,,betmgm,135,,oddsapi
2026-10-02T21:05:05Z,2026-10-02,NYR @ DET,5b5466f836933f5fb3ed4b9f267cce75,p3_ml3,NYR,,,betmgm,165,,oddsapi
2026-10-02T21:05:05Z,2026-10-02,NYR @ DET,5b5466f836933f5fb3ed4b9f267cce75,p3_ml3,draw,,,betmgm,225,,oddsapi
2026-10-02T21:05:05Z,2026-10-02,NYR @ DET,5b5466f836933f5fb3ed4b9f267cce75,p1_ml,DET,,,betmgm,-130,-102,oddsapi
2026-10-02T21:05:05Z,2026-10-02,NYR @ DET,5b5466f836933f5fb3ed4b9f267cce75,p1_ml,NYR,,,betmgm,-102,-130,oddsapi
2026-10-02T21:05:05Z,2026-10-02,NYR @ DET,5b5466f836933f5fb3ed4b9f267cce75,p2_ml,DET,,,betmgm,-135,-105,oddsapi
2026-10-02T21:05:05Z,2026-10-02,NYR @ DET,5b5466f836933f5fb3ed4b9f267cce75,p2_ml,NYR,,,betmgm,-105,-135,oddsapi
2026-10-02T21:05:05Z,2026-10-02,NYR @ DET,5b5466f836933f5fb3ed4b9f267cce75,p3_ml,DET,,,betmgm,-135,-105,oddsapi
2026-10-02T21:05:05Z,2026-10-02,NYR @ DET,5b5466f836933f5fb3ed4b9f267cce75,p3_ml,NYR,,,betmgm,-105,-135,oddsapi
2026-10-02T21:05:05Z,2026-10-02,NYR @ DET,5b5466f836933f5fb3ed4b9f267cce75,ags,yes,Alex DeBrincat,,betmgm,135,,oddsapi
2026-10-02T21:05:05Z,2026-10-02,NYR @ DET,5b5466f836933f5fb3ed4b9f267cce75,ags,yes,Pavel Dorofeyev,,betmgm,190,,oddsapi
2026-10-02T21:05:05Z,2026-10-02,NYR @ DET,5b5466f836933f5fb3ed4b9f267cce75,ags,yes,Mika Zibanejad,,betmgm,200,,oddsapi
2026-10-02T21:05:05Z,2026-10-02,NYR @ DET,5b5466f836933f5fb3ed4b9f267cce75,ags,yes,Lucas Raymond,,betmgm,220,,oddsapi
2026-10-02T21:05:05Z,2026-10-02,NYR @ DET,5b5466f836933f5fb3ed4b9f267cce75,ags,yes,Alexis Lafrenière,,betmgm,250,,oddsapi
2026-10-02T21:05:05Z,2026-10-02,NYR @ DET,5b5466f836933f5fb3ed4b9f267cce75,ags,yes,J.T. Miller,,betmgm,280,,oddsapi
2026-10-02T21:05:05Z,2026-10-02,NYR @ DET,5b5466f836933f5fb3ed4b9f267cce75,ags,yes,Andrew Copp,,betmgm,280,,oddsapi
2026-10-02T21:05:05Z,2026-10-02,NYR @ DET,5b5466f836933f5fb3ed4b9f267cce75,ags,yes,Emmitt Finnie,,betmgm,300,,oddsapi
2026-10-02T21:05:05Z,2026-10-02,NYR @ DET,5b5466f836933f5fb3ed4b9f267cce75,ags,yes,Gabe Perreault,,betmgm,333,,oddsapi
2026-10-02T21:05:05Z,2026-10-02,NYR @ DET,5b5466f836933f5fb3ed4b9f267cce75,ags,yes,Will Cuylle,,betmgm,333,,oddsapi
2026-10-02T21:05:05Z,2026-10-02,NYR @ DET,5b5466f836933f5fb3ed4b9f267cce75,ags,yes,Oliver Bjorkstrand,,betmgm,375,,oddsapi
2026-10-02T21:05:05Z,2026-10-02,NYR @ DET,5b5466f836933f5fb3ed4b9f267cce75,ags,yes,Marco Kasper,,betmgm,400,,oddsapi
2026-10-02T21:05:05Z,2026-10-02,NYR @ DET,5b5466f836933f5fb3ed4b9f267cce75,ags,yes,Eeli Tolvanen,,betmgm,425,,oddsapi
2026-10-02T21:05:05Z,2026-10-02,NYR @ DET,5b5466f836933f5fb3ed4b9f267cce75,ags,yes,Moritz Seider,,betmgm,450,,oddsapi
2026-10-02T21:05:05Z,2026-10-02,NYR @ DET,5b5466f836933f5fb3ed4b9f267cce75,ags,yes,Adam Fox,,betmgm,475,,oddsapi
2026-10-02T21:05:05Z,2026-10-02,NYR @ DET,5b5466f836933f5fb3ed4b9f267cce75,ags,yes,J.T. Compher,,betmgm,500,,oddsapi
2026-10-02T21:05:05Z,2026-10-02,NYR @ DET,5b5466f836933f5fb3ed4b9f267cce75,ags,yes,Michael Rasmussen,,betmgm,625,,oddsapi
2026-10-02T21:05:05Z,2026-10-02,NYR @ DET,5b5466f836933f5fb3ed4b9f267cce75,ags,yes,Justin Faulk,,betmgm,625,,oddsapi
2026-10-02T21:05:05Z,2026-10-02,NYR @ DET,5b5466f836933f5fb3ed4b9f267cce75,ags,yes,Axel Sandin Pellikka,,betmgm,625,,oddsapi
2026-10-02T21:05:05Z,2026-10-02,NYR @ DET,5b5466f836933f5fb3ed4b9f267cce75,ags,yes,Mason Appleton,,betmgm,650,,oddsapi
2026-10-02T21:05:05Z,2026-10-02,NYR @ DET,5b5466f836933f5fb3ed4b9f267cce75,ags,yes,Noah Laba,,betmgm,650,,oddsapi
2026-10-02T21:05:05Z,2026-10-02,NYR @ DET,5b5466f836933f5fb3ed4b9f267cce75,ags,yes,Michael Brandsegg-Nygard,,betmgm,675,,oddsapi
2026-10-02T21:05:05Z,2026-10-02,NYR @ DET,5b5466f836933f5fb3ed4b9f267cce75,ags,yes,Tye Kartye,,betmgm,750,,oddsapi
2026-10-02T21:05:05Z,2026-10-02,NYR @ DET,5b5466f836933f5fb3ed4b9f267cce75,ags,yes,Sean Durzi,,betmgm,825,,oddsapi
2026-10-02T21:05:05Z,2026-10-02,NYR @ DET,5b5466f836933f5fb3ed4b9f267cce75,ags,yes,Nate Danielson,,betmgm,825,,oddsapi
2026-10-02T21:05:05Z,2026-10-02,NYR @ DET,5b5466f836933f5fb3ed4b9f267cce75,ags,yes,Vladislav Gavrikov,,betmgm,900,,oddsapi
2026-10-02T21:05:05Z,2026-10-02,NYR @ DET,5b5466f836933f5fb3ed4b9f267cce75,ags,yes,Matt Rempe,,betmgm,900,,oddsapi
2026-10-02T21:05:05Z,2026-10-02,NYR @ DET,5b5466f836933f5fb3ed4b9f267cce75,ags,yes,Axel Sandin Pellikka,,betmgm,900,,oddsapi
2026-10-02T21:05:05Z,2026-10-02,NYR @ DET,5b5466f836933f5fb3ed4b9f267cce75,ags,yes,Joe Veleno,,betmgm,1050,,oddsapi
2026-10-02T21:05:05Z,2026-10-02,NYR @ DET,5b5466f836933f5fb3ed4b9f267cce75,ags,yes,Albert Johansson,,betmgm,1150,,oddsapi
2026-10-02T21:05:05Z,2026-10-02,NYR @ DET,5b5466f836933f5fb3ed4b9f267cce75,ags,yes,Alberts Smits,,betmgm,1200,,oddsapi
2026-10-02T21:05:05Z,2026-10-02,NYR @ DET,5b5466f836933f5fb3ed4b9f267cce75,ags,yes,Ben Chiarot,,betmgm,1200,,oddsapi
2026-10-02T21:05:05Z,2026-10-02,NYR @ DET,5b5466f836933f5fb3ed4b9f267cce75,ags,yes,Braden Schneider,,betmgm,1550,,oddsapi
2026-10-02T21:05:05Z,2026-10-02,NYR @ DET,5b5466f836933f5fb3ed4b9f267cce75,ags,yes,Marcus Pettersson,,betmgm,1600,,oddsapi
2026-10-02T21:05:05Z,2026-10-02,NYR @ DET,5b5466f836933f5fb3ed4b9f267cce75,fgs,yes,Alex DeBrincat,,betmgm,825,,oddsapi
2026-10-02T21:05:05Z,2026-10-02,NYR @ DET,5b5466f836933f5fb3ed4b9f267cce75,fgs,yes,Pavel Dorofeyev,,betmgm,1200,,oddsapi
2026-10-02T21:05:05Z,2026-10-02,NYR @ DET,5b5466f836933f5fb3ed4b9f267cce75,fgs,yes,Lucas Raymond,,betmgm,1250,,oddsapi
2026-10-02T21:05:05Z,2026-10-02,NYR @ DET,5b5466f836933f5fb3ed4b9f267cce75,fgs,yes,Mika Zibanejad,,betmgm,1250,,oddsapi
2026-10-02T21:05:05Z,2026-10-02,NYR @ DET,5b5466f836933f5fb3ed4b9f267cce75,fgs,yes,Alexis Lafrenière,,betmgm,1600,,oddsapi
2026-10-02T21:05:05Z,2026-10-02,NYR @ DET,5b5466f836933f5fb3ed4b9f267cce75,fgs,yes,J.T. Miller,,betmgm,1700,,oddsapi
2026-10-02T21:05:05Z,2026-10-02,NYR @ DET,5b5466f836933f5fb3ed4b9f267cce75,fgs,yes,Andrew Copp,,betmgm,1750,,oddsapi
2026-10-02T21:05:05Z,2026-10-02,NYR @ DET,5b5466f836933f5fb3ed4b9f267cce75,fgs,yes,Emmitt Finnie,,betmgm,1750,,oddsapi
2026-10-02T21:05:05Z,2026-10-02,NYR @ DET,5b5466f836933f5fb3ed4b9f267cce75,fgs,yes,Gabe Perreault,,betmgm,1850,,oddsapi
2026-10-02T21:05:05Z,2026-10-02,NYR @ DET,5b5466f836933f5fb3ed4b9f267cce75,fgs,yes,Will Cuylle,,betmgm,1900,,oddsapi
2026-10-02T21:05:05Z,2026-10-02,NYR @ DET,5b5466f836933f5fb3ed4b9f267cce75,fgs,yes,Oliver Bjorkstrand,,betmgm,2000,,oddsapi
2026-10-02T21:05:05Z,2026-10-02,NYR @ DET,5b5466f836933f5fb3ed4b9f267cce75,fgs,yes,Marco Kasper,,betmgm,2200,,oddsapi
2026-10-02T21:05:05Z,2026-10-02,NYR @ DET,5b5466f836933f5fb3ed4b9f267cce75,fgs,yes,Moritz Seider,,betmgm,2200,,oddsapi
2026-10-02T21:05:05Z,2026-10-02,NYR @ DET,5b5466f836933f5fb3ed4b9f267cce75,fgs,yes,J.T. Compher,,betmgm,2500,,oddsapi
2026-10-02T21:05:05Z,2026-10-02,NYR @ DET,5b5466f836933f5fb3ed4b9f267cce75,fgs,yes,Eeli Tolvanen,,betmgm,2500,,oddsapi
2026-10-02T21:05:05Z,2026-10-02,NYR @ DET,5b5466f836933f5fb3ed4b9f267cce75,fgs,yes,Adam Fox,,betmgm,2800,,oddsapi
2026-10-02T21:05:05Z,2026-10-02,NYR @ DET,5b5466f836933f5fb3ed4b9f267cce75,fgs,yes,Michael Rasmussen,,betmgm,3000,,oddsapi
2026-10-02T21:05:05Z,2026-10-02,NYR @ DET,5b5466f836933f5fb3ed4b9f267cce75,fgs,yes,Justin Faulk,,betmgm,3300,,oddsapi
2026-10-02T21:05:05Z,2026-10-02,NYR @ DET,5b5466f836933f5fb3ed4b9f267cce75,fgs,yes,Mason Appleton,,betmgm,3300,,oddsapi
2026-10-02T21:05:05Z,2026-10-02,NYR @ DET,5b5466f836933f5fb3ed4b9f267cce75,fgs,yes,Noah Laba,,betmgm,3500,,oddsapi
2026-10-02T21:05:05Z,2026-10-02,NYR @ DET,5b5466f836933f5fb3ed4b9f267cce75,fgs,yes,Michael Brandsegg-Nygard,,betmgm,3500,,oddsapi
2026-10-02T21:05:05Z,2026-10-02,NYR @ DET,5b5466f836933f5fb3ed4b9f267cce75,fgs,yes,Sean Durzi,,betmgm,4000,,oddsapi
2026-10-02T21:05:05Z,2026-10-02,NYR @ DET,5b5466f836933f5fb3ed4b9f267cce75,fgs,yes,Tye Kartye,,betmgm,4500,,oddsapi
2026-10-02T21:05:05Z,2026-10-02,NYR @ DET,5b5466f836933f5fb3ed4b9f267cce75,fgs,yes,Axel Sandin Pellikka,,betmgm,5000,,oddsapi
2026-10-02T21:05:05Z,2026-10-02,NYR @ DET,5b5466f836933f5fb3ed4b9f267cce75,fgs,yes,Vladislav Gavrikov,,betmgm,5000,,oddsapi
2026-10-02T21:05:05Z,2026-10-02,NYR @ DET,5b5466f836933f5fb3ed4b9f267cce75,fgs,yes,Nate Danielson,,betmgm,5500,,oddsapi
2026-10-02T21:05:05Z,2026-10-02,NYR @ DET,5b5466f836933f5fb3ed4b9f267cce75,fgs,yes,Joe Veleno,,betmgm,6600,,oddsapi
2026-10-02T21:05:05Z,2026-10-02,NYR @ DET,5b5466f836933f5fb3ed4b9f267cce75,fgs,yes,Albert Johansson,,betmgm,6600,,oddsapi
2026-10-02T21:05:05Z,2026-10-02,NYR @ DET,5b5466f836933f5fb3ed4b9f267cce75,fgs,yes,Alberts Smits,,betmgm,6600,,oddsapi
2026-10-02T21:05:05Z,2026-10-02,NYR @ DET,5b5466f836933f5fb3ed4b9f267cce75,fgs,yes,Ben Chiarot,,betmgm,6600,,oddsapi
2026-10-02T21:05:05Z,2026-10-02,NYR @ DET,5b5466f836933f5fb3ed4b9f267cce75,fgs,yes,Marcus Pettersson,,betmgm,10000,,oddsapi
2026-10-02T21:05:05Z,2026-10-02,NYR @ DET,5b5466f836933f5fb3ed4b9f267cce75,p1_pl,DET,,1.5,betmgm,-1200,600,oddsapi
2026-10-02T21:05:05Z,2026-10-02,NYR @ DET,5b5466f836933f5fb3ed4b9f267cce75,p1_pl,NYR,,-1.5,betmgm,600,-1200,oddsapi
2026-10-02T21:05:05Z,2026-10-02,NYR @ DET,5b5466f836933f5fb3ed4b9f267cce75,p2_pl,DET,,1.5,betmgm,-1100,525,oddsapi
2026-10-02T21:05:05Z,2026-10-02,NYR @ DET,5b5466f836933f5fb3ed4b9f267cce75,p2_pl,NYR,,-1.5,betmgm,525,-1100,oddsapi
2026-10-02T21:05:05Z,2026-10-02,NYR @ DET,5b5466f836933f5fb3ed4b9f267cce75,p3_pl,DET,,1.5,betmgm,-800,425,oddsapi
2026-10-02T21:05:05Z,2026-10-02,NYR @ DET,5b5466f836933f5fb3ed4b9f267cce75,p3_pl,NYR,,-1.5,betmgm,425,-800,oddsapi
2026-10-02T21:05:05Z,2026-10-02,NYR @ DET,5b5466f836933f5fb3ed4b9f267cce75,team_total,over,DET,3,betmgm,-125,-110,oddsapi
2026-10-02T21:05:05Z,2026-10-02,NYR @ DET,5b5466f836933f5fb3ed4b9f267cce75,team_total,under,DET,3,betmgm,-110,-125,oddsapi
2026-10-02T21:05:05Z,2026-10-02,NYR @ DET,5b5466f836933f5fb3ed4b9f267cce75,team_total,over,NYR,3,betmgm,105,-145,oddsapi
2026-10-02T21:05:05Z,2026-10-02,NYR @ DET,5b5466f836933f5fb3ed4b9f267cce75,team_total,under,NYR,3,betmgm,-145,105,oddsapi
2026-10-02T21:05:05Z,2026-10-02,NYR @ DET,5b5466f836933f5fb3ed4b9f267cce75,p1_total,over,,2.5,betmgm,240,-325,oddsapi
2026-10-02T21:05:05Z,2026-10-02,NYR @ DET,5b5466f836933f5fb3ed4b9f267cce75,p1_total,under,,2.5,betmgm,-325,240,oddsapi
2026-10-02T21:05:05Z,2026-10-02,NYR @ DET,5b5466f836933f5fb3ed4b9f267cce75,p2_total,over,,3,betmgm,360,-625,oddsapi
2026-10-02T21:05:05Z,2026-10-02,NYR @ DET,5b5466f836933f5fb3ed4b9f267cce75,p2_total,under,,3,betmgm,-625,360,oddsapi
2026-10-02T21:05:05Z,2026-10-02,NYR @ DET,5b5466f836933f5fb3ed4b9f267cce75,p3_total,over,,3,betmgm,310,-500,oddsapi
2026-10-02T21:05:05Z,2026-10-02,NYR @ DET,5b5466f836933f5fb3ed4b9f267cce75,p3_total,under,,3,betmgm,-500,310,oddsapi
2026-10-02T21:05:05Z,2026-10-02,NYR @ DET,5b5466f836933f5fb3ed4b9f267cce75,game_pl_alt,DET,,1.5,fanduel,-350,250,oddsapi
2026-10-02T21:05:05Z,2026-10-02,NYR @ DET,5b5466f836933f5fb3ed4b9f267cce75,game_pl_alt,DET,,2.5,fanduel,-700,450,oddsapi
2026-10-02T21:05:05Z,2026-10-02,NYR @ DET,5b5466f836933f5fb3ed4b9f267cce75,game_pl_alt,DET,,3.5,fanduel,-3000,1320,oddsapi
2026-10-02T21:05:05Z,2026-10-02,NYR @ DET,5b5466f836933f5fb3ed4b9f267cce75,game_pl_alt,DET,,4.5,fanduel,-8000,3600,oddsapi
2026-10-02T21:05:05Z,2026-10-02,NYR @ DET,5b5466f836933f5fb3ed4b9f267cce75,game_pl_alt,DET,,5.5,fanduel,-50000,,oddsapi
2026-10-02T21:05:05Z,2026-10-02,NYR @ DET,5b5466f836933f5fb3ed4b9f267cce75,game_pl_alt,DET,,-1.5,fanduel,168,-230,oddsapi
2026-10-02T21:05:05Z,2026-10-02,NYR @ DET,5b5466f836933f5fb3ed4b9f267cce75,game_pl_alt,DET,,-2.5,fanduel,310,-450,oddsapi
2026-10-02T21:05:05Z,2026-10-02,NYR @ DET,5b5466f836933f5fb3ed4b9f267cce75,game_pl_alt,DET,,-3.5,fanduel,830,-1600,oddsapi
2026-10-02T21:05:05Z,2026-10-02,NYR @ DET,5b5466f836933f5fb3ed4b9f267cce75,game_pl_alt,DET,,-4.5,fanduel,2000,-5000,oddsapi
2026-10-02T21:05:05Z,2026-10-02,NYR @ DET,5b5466f836933f5fb3ed4b9f267cce75,game_pl_alt,DET,,-5.5,fanduel,5000,-20000,oddsapi
2026-10-02T21:05:05Z,2026-10-02,NYR @ DET,5b5466f836933f5fb3ed4b9f267cce75,game_pl_alt,NYR,,1.5,fanduel,-230,168,oddsapi
2026-10-02T21:05:05Z,2026-10-02,NYR @ DET,5b5466f836933f5fb3ed4b9f267cce75,game_pl_alt,NYR,,2.5,fanduel,-450,310,oddsapi
2026-10-02T21:05:05Z,2026-10-02,NYR @ DET,5b5466f836933f5fb3ed4b9f267cce75,game_pl_alt,NYR,,3.5,fanduel,-1600,830,oddsapi
2026-10-02T21:05:05Z,2026-10-02,NYR @ DET,5b5466f836933f5fb3ed4b9f267cce75,game_pl_alt,NYR,,4.5,fanduel,-5000,2000,oddsapi
2026-10-02T21:05:05Z,2026-10-02,NYR @ DET,5b5466f836933f5fb3ed4b9f267cce75,game_pl_alt,NYR,,5.5,fanduel,-20000,5000,oddsapi
2026-10-02T21:05:05Z,2026-10-02,NYR @ DET,5b5466f836933f5fb3ed4b9f267cce75,game_pl_alt,NYR,,6.5,fanduel,-50000,,oddsapi
2026-10-02T21:05:05Z,2026-10-02,NYR @ DET,5b5466f836933f5fb3ed4b9f267cce75,game_pl_alt,NYR,,-1.5,fanduel,250,-350,oddsapi
2026-10-02T21:05:05Z,2026-10-02,NYR @ DET,5b5466f836933f5fb3ed4b9f267cce75,game_pl_alt,NYR,,-2.5,fanduel,450,-700,oddsapi
2026-10-02T21:05:05Z,2026-10-02,NYR @ DET,5b5466f836933f5fb3ed4b9f267cce75,game_pl_alt,NYR,,-3.5,fanduel,1320,-3000,oddsapi
2026-10-02T21:05:05Z,2026-10-02,NYR @ DET,5b5466f836933f5fb3ed4b9f267cce75,game_pl_alt,NYR,,-4.5,fanduel,3600,-8000,oddsapi
2026-10-02T21:05:05Z,2026-10-02,NYR @ DET,5b5466f836933f5fb3ed4b9f267cce75,team_total_alt,over,DET,0.5,fanduel,-3500,1480,oddsapi
2026-10-02T21:05:05Z,2026-10-02,NYR @ DET,5b5466f836933f5fb3ed4b9f267cce75,team_total_alt,over,DET,1.5,fanduel,-650,410,oddsapi
2026-10-02T21:05:05Z,2026-10-02,NYR @ DET,5b5466f836933f5fb3ed4b9f267cce75,team_total_alt,over,DET,2.5,fanduel,-182,144,oddsapi
2026-10-02T21:05:05Z,2026-10-02,NYR @ DET,5b5466f836933f5fb3ed4b9f267cce75,team_total_alt,over,DET,3.5,fanduel,134,-172,oddsapi
2026-10-02T21:05:05Z,2026-10-02,NYR @ DET,5b5466f836933f5fb3ed4b9f267cce75,team_total_alt,over,DET,4.5,fanduel,320,-460,oddsapi
2026-10-02T21:05:05Z,2026-10-02,NYR @ DET,5b5466f836933f5fb3ed4b9f267cce75,team_total_alt,over,DET,5.5,fanduel,820,-1600,oddsapi
2026-10-02T21:05:05Z,2026-10-02,NYR @ DET,5b5466f836933f5fb3ed4b9f267cce75,team_total_alt,over,DET,6.5,fanduel,2000,-5000,oddsapi
2026-10-02T21:05:05Z,2026-10-02,NYR @ DET,5b5466f836933f5fb3ed4b9f267cce75,team_total_alt,over,DET,7.5,fanduel,6500,,oddsapi
2026-10-02T21:05:05Z,2026-10-02,NYR @ DET,5b5466f836933f5fb3ed4b9f267cce75,team_total_alt,under,DET,0.5,fanduel,1480,-3500,oddsapi
2026-10-02T21:05:05Z,2026-10-02,NYR @ DET,5b5466f836933f5fb3ed4b9f267cce75,team_total_alt,under,DET,1.5,fanduel,410,-650,oddsapi
2026-10-02T21:05:05Z,2026-10-02,NYR @ DET,5b5466f836933f5fb3ed4b9f267cce75,team_total_alt,under,DET,2.5,fanduel,144,-182,oddsapi
2026-10-02T21:05:05Z,2026-10-02,NYR @ DET,5b5466f836933f5fb3ed4b9f267cce75,team_total_alt,under,DET,3.5,fanduel,-172,134,oddsapi
2026-10-02T21:05:05Z,2026-10-02,NYR @ DET,5b5466f836933f5fb3ed4b9f267cce75,team_total_alt,under,DET,4.5,fanduel,-460,320,oddsapi
2026-10-02T21:05:05Z,2026-10-02,NYR @ DET,5b5466f836933f5fb3ed4b9f267cce75,team_total_alt,under,DET,5.5,fanduel,-1600,820,oddsapi
2026-10-02T21:05:05Z,2026-10-02,NYR @ DET,5b5466f836933f5fb3ed4b9f267cce75,team_total_alt,under,DET,6.5,fanduel,-5000,2000,oddsapi
2026-10-02T21:05:05Z,2026-10-02,NYR @ DET,5b5466f836933f5fb3ed4b9f267cce75,team_total_alt,over,NYR,0.5,fanduel,-2400,1160,oddsapi
2026-10-02T21:05:05Z,2026-10-02,NYR @ DET,5b5466f836933f5fb3ed4b9f267cce75,team_total_alt,over,NYR,1.5,fanduel,-410,290,oddsapi
2026-10-02T21:05:05Z,2026-10-02,NYR @ DET,5b5466f836933f5fb3ed4b9f267cce75,team_total_alt,over,NYR,2.5,fanduel,-140,,oddsapi
2026-10-02T21:05:05Z,2026-10-02,NYR @ DET,5b5466f836933f5fb3ed4b9f267cce75,team_total_alt,over,NYR,3.5,fanduel,170,-220,oddsapi
2026-10-02T21:05:05Z,2026-10-02,NYR @ DET,5b5466f836933f5fb3ed4b9f267cce75,team_total_alt,over,NYR,4.5,fanduel,410,-650,oddsapi
2026-10-02T21:05:05Z,2026-10-02,NYR @ DET,5b5466f836933f5fb3ed4b9f267cce75,team_total_alt,over,NYR,5.5,fanduel,1080,-2000,oddsapi
2026-10-02T21:05:05Z,2026-10-02,NYR @ DET,5b5466f836933f5fb3ed4b9f267cce75,team_total_alt,over,NYR,6.5,fanduel,3100,-8000,oddsapi
2026-10-02T21:05:05Z,2026-10-02,NYR @ DET,5b5466f836933f5fb3ed4b9f267cce75,team_total_alt,under,NYR,0.5,fanduel,1160,-2400,oddsapi
2026-10-02T21:05:05Z,2026-10-02,NYR @ DET,5b5466f836933f5fb3ed4b9f267cce75,team_total_alt,under,NYR,1.5,fanduel,290,-410,oddsapi
2026-10-02T21:05:05Z,2026-10-02,NYR @ DET,5b5466f836933f5fb3ed4b9f267cce75,team_total_alt,under,NYR,3.5,fanduel,-220,170,oddsapi
2026-10-02T21:05:05Z,2026-10-02,NYR @ DET,5b5466f836933f5fb3ed4b9f267cce75,team_total_alt,under,NYR,4.5,fanduel,-650,410,oddsapi
2026-10-02T21:05:05Z,2026-10-02,NYR @ DET,5b5466f836933f5fb3ed4b9f267cce75,team_total_alt,under,NYR,5.5,fanduel,-2000,1080,oddsapi
2026-10-02T21:05:05Z,2026-10-02,NYR @ DET,5b5466f836933f5fb3ed4b9f267cce75,team_total_alt,under,NYR,6.5,fanduel,-8000,3100,oddsapi
2026-10-02T21:05:05Z,2026-10-02,NYR @ DET,5b5466f836933f5fb3ed4b9f267cce75,game_total_alt,over,,2.5,fanduel,-4500,1850,oddsapi
2026-10-02T21:05:05Z,2026-10-02,NYR @ DET,5b5466f836933f5fb3ed4b9f267cce75,game_total_alt,over,,3.5,fanduel,-750,470,oddsapi
2026-10-02T21:05:05Z,2026-10-02,NYR @ DET,5b5466f836933f5fb3ed4b9f267cce75,game_total_alt,over,,4.5,fanduel,-400,280,oddsapi
2026-10-02T21:05:05Z,2026-10-02,NYR @ DET,5b5466f836933f5fb3ed4b9f267cce75,game_total_alt,over,,5.5,fanduel,-130,102,oddsapi
2026-10-02T21:05:05Z,2026-10-02,NYR @ DET,5b5466f836933f5fb3ed4b9f267cce75,game_total_alt,over,,6.5,fanduel,124,-156,oddsapi
2026-10-02T21:05:05Z,2026-10-02,NYR @ DET,5b5466f836933f5fb3ed4b9f267cce75,game_total_alt,over,,7.5,fanduel,290,-430,oddsapi
2026-10-02T21:05:05Z,2026-10-02,NYR @ DET,5b5466f836933f5fb3ed4b9f267cce75,game_total_alt,over,,8.5,fanduel,470,-750,oddsapi
2026-10-02T21:05:05Z,2026-10-02,NYR @ DET,5b5466f836933f5fb3ed4b9f267cce75,game_total_alt,over,,9.5,fanduel,1120,-2400,oddsapi
2026-10-02T21:05:05Z,2026-10-02,NYR @ DET,5b5466f836933f5fb3ed4b9f267cce75,game_total_alt,over,,10.5,fanduel,1750,-4500,oddsapi
2026-10-02T21:05:05Z,2026-10-02,NYR @ DET,5b5466f836933f5fb3ed4b9f267cce75,game_total_alt,over,,11.5,fanduel,5500,,oddsapi
2026-10-02T21:05:05Z,2026-10-02,NYR @ DET,5b5466f836933f5fb3ed4b9f267cce75,game_total_alt,under,,2.5,fanduel,1850,-4500,oddsapi
2026-10-02T21:05:05Z,2026-10-02,NYR @ DET,5b5466f836933f5fb3ed4b9f267cce75,game_total_alt,under,,3.5,fanduel,470,-750,oddsapi
2026-10-02T21:05:05Z,2026-10-02,NYR @ DET,5b5466f836933f5fb3ed4b9f267cce75,game_total_alt,under,,4.5,fanduel,280,-400,oddsapi
2026-10-02T21:05:05Z,2026-10-02,NYR @ DET,5b5466f836933f5fb3ed4b9f267cce75,game_total_alt,under,,5.5,fanduel,102,-130,oddsapi
2026-10-02T21:05:05Z,2026-10-02,NYR @ DET,5b5466f836933f5fb3ed4b9f267cce75,game_total_alt,under,,6.5,fanduel,-156,124,oddsapi
2026-10-02T21:05:05Z,2026-10-02,NYR @ DET,5b5466f836933f5fb3ed4b9f267cce75,game_total_alt,under,,7.5,fanduel,-430,290,oddsapi
2026-10-02T21:05:05Z,2026-10-02,NYR @ DET,5b5466f836933f5fb3ed4b9f267cce75,game_total_alt,under,,8.5,fanduel,-750,470,oddsapi
2026-10-02T21:05:05Z,2026-10-02,NYR @ DET,5b5466f836933f5fb3ed4b9f267cce75,game_total_alt,under,,9.5,fanduel,-2400,1120,oddsapi
2026-10-02T21:05:05Z,2026-10-02,NYR @ DET,5b5466f836933f5fb3ed4b9f267cce75,game_total_alt,under,,10.5,fanduel,-4500,1750,oddsapi
2026-10-02T21:05:05Z,2026-10-02,NYR @ DET,5b5466f836933f5fb3ed4b9f267cce75,game_ml3,DET,,,fanduel,125,,oddsapi
2026-10-02T21:05:05Z,2026-10-02,NYR @ DET,5b5466f836933f5fb3ed4b9f267cce75,game_ml3,NYR,,,fanduel,185,,oddsapi
2026-10-02T21:05:05Z,2026-10-02,NYR @ DET,5b5466f836933f5fb3ed4b9f267cce75,game_ml3,draw,,,fanduel,290,,oddsapi
2026-10-02T21:05:05Z,2026-10-02,NYR @ DET,5b5466f836933f5fb3ed4b9f267cce75,p1_ml3,DET,,,fanduel,165,,oddsapi
2026-10-02T21:05:05Z,2026-10-02,NYR @ DET,5b5466f836933f5fb3ed4b9f267cce75,p1_ml3,NYR,,,fanduel,200,,oddsapi
2026-10-02T21:05:05Z,2026-10-02,NYR @ DET,5b5466f836933f5fb3ed4b9f267cce75,p1_ml3,draw,,,fanduel,175,,oddsapi
2026-10-02T21:05:05Z,2026-10-02,NYR @ DET,5b5466f836933f5fb3ed4b9f267cce75,p2_ml3,DET,,,fanduel,155,,oddsapi
2026-10-02T21:05:05Z,2026-10-02,NYR @ DET,5b5466f836933f5fb3ed4b9f267cce75,p2_ml3,NYR,,,fanduel,200,,oddsapi
2026-10-02T21:05:05Z,2026-10-02,NYR @ DET,5b5466f836933f5fb3ed4b9f267cce75,p2_ml3,draw,,,fanduel,200,,oddsapi
2026-10-02T21:05:05Z,2026-10-02,NYR @ DET,5b5466f836933f5fb3ed4b9f267cce75,p3_ml3,DET,,,fanduel,140,,oddsapi
2026-10-02T21:05:05Z,2026-10-02,NYR @ DET,5b5466f836933f5fb3ed4b9f267cce75,p3_ml3,NYR,,,fanduel,175,,oddsapi
2026-10-02T21:05:05Z,2026-10-02,NYR @ DET,5b5466f836933f5fb3ed4b9f267cce75,p3_ml3,draw,,,fanduel,240,,oddsapi
2026-10-02T21:05:05Z,2026-10-02,NYR @ DET,5b5466f836933f5fb3ed4b9f267cce75,p1_ml,DET,,,fanduel,-130,104,oddsapi
2026-10-02T21:05:05Z,2026-10-02,NYR @ DET,5b5466f836933f5fb3ed4b9f267cce75,p1_ml,NYR,,,fanduel,104,-130,oddsapi
2026-10-02T21:05:05Z,2026-10-02,NYR @ DET,5b5466f836933f5fb3ed4b9f267cce75,p2_ml,DET,,,fanduel,-134,104,oddsapi
2026-10-02T21:05:05Z,2026-10-02,NYR @ DET,5b5466f836933f5fb3ed4b9f267cce75,p2_ml,NYR,,,fanduel,104,-134,oddsapi
2026-10-02T21:05:05Z,2026-10-02,NYR @ DET,5b5466f836933f5fb3ed4b9f267cce75,p3_ml,DET,,,fanduel,-128,102,oddsapi
2026-10-02T21:05:05Z,2026-10-02,NYR @ DET,5b5466f836933f5fb3ed4b9f267cce75,p3_ml,NYR,,,fanduel,102,-128,oddsapi
2026-10-02T21:05:05Z,2026-10-02,NYR @ DET,5b5466f836933f5fb3ed4b9f267cce75,ags,yes,Alex DeBrincat,,fanduel,130,,oddsapi
2026-10-02T21:05:05Z,2026-10-02,NYR @ DET,5b5466f836933f5fb3ed4b9f267cce75,ags,yes,Pavel Dorofeyev,,fanduel,195,,oddsapi
2026-10-02T21:05:05Z,2026-10-02,NYR @ DET,5b5466f836933f5fb3ed4b9f267cce75,ags,yes,Mika Zibanejad,,fanduel,210,,oddsapi
2026-10-02T21:05:05Z,2026-10-02,NYR @ DET,5b5466f836933f5fb3ed4b9f267cce75,ags,yes,Lucas Raymond,,fanduel,230,,oddsapi
2026-10-02T21:05:05Z,2026-10-02,NYR @ DET,5b5466f836933f5fb3ed4b9f267cce75,ags,yes,Alexis Lafrenière,,fanduel,250,,oddsapi
2026-10-02T21:05:05Z,2026-10-02,NYR @ DET,5b5466f836933f5fb3ed4b9f267cce75,ags,yes,J.T. Miller,,fanduel,280,,oddsapi
2026-10-02T21:05:05Z,2026-10-02,NYR @ DET,5b5466f836933f5fb3ed4b9f267cce75,ags,yes,Andrew Copp,,fanduel,290,,oddsapi
2026-10-02T21:05:05Z,2026-10-02,NYR @ DET,5b5466f836933f5fb3ed4b9f267cce75,ags,yes,Emmitt Finnie,,fanduel,320,,oddsapi
2026-10-02T21:05:05Z,2026-10-02,NYR @ DET,5b5466f836933f5fb3ed4b9f267cce75,ags,yes,Gabe Perreault,,fanduel,340,,oddsapi
2026-10-02T21:05:05Z,2026-10-02,NYR @ DET,5b5466f836933f5fb3ed4b9f267cce75,ags,yes,Oliver Bjorkstrand,,fanduel,350,,oddsapi
2026-10-02T21:05:05Z,2026-10-02,NYR @ DET,5b5466f836933f5fb3ed4b9f267cce75,ags,yes,Will Cuylle,,fanduel,360,,oddsapi
2026-10-02T21:05:05Z,2026-10-02,NYR @ DET,5b5466f836933f5fb3ed4b9f267cce75,ags,yes,Marco Kasper,,fanduel,400,,oddsapi
2026-10-02T21:05:05Z,2026-10-02,NYR @ DET,5b5466f836933f5fb3ed4b9f267cce75,ags,yes,Moritz Seider,,fanduel,440,,oddsapi
2026-10-02T21:05:05Z,2026-10-02,NYR @ DET,5b5466f836933f5fb3ed4b9f267cce75,ags,yes,Eeli Tolvanen,,fanduel,460,,oddsapi
2026-10-02T21:05:05Z,2026-10-02,NYR @ DET,5b5466f836933f5fb3ed4b9f267cce75,ags,yes,Adam Fox,,fanduel,500,,oddsapi
2026-10-02T21:05:05Z,2026-10-02,NYR @ DET,5b5466f836933f5fb3ed4b9f267cce75,ags,yes,J.T. Compher,,fanduel,525,,oddsapi
2026-10-02T21:05:05Z,2026-10-02,NYR @ DET,5b5466f836933f5fb3ed4b9f267cce75,ags,yes,Michael Rasmussen,,fanduel,600,,oddsapi
2026-10-02T21:05:05Z,2026-10-02,NYR @ DET,5b5466f836933f5fb3ed4b9f267cce75,ags,yes,Justin Faulk,,fanduel,650,,oddsapi
2026-10-02T21:05:05Z,2026-10-02,NYR @ DET,5b5466f836933f5fb3ed4b9f267cce75,ags,yes,Noah Laba,,fanduel,700,,oddsapi
2026-10-02T21:05:05Z,2026-10-02,NYR @ DET,5b5466f836933f5fb3ed4b9f267cce75,ags,yes,Mason Appleton,,fanduel,700,,oddsapi
2026-10-02T21:05:05Z,2026-10-02,NYR @ DET,5b5466f836933f5fb3ed4b9f267cce75,ags,yes,Michael Brandsegg-Nygard,,fanduel,800,,oddsapi
2026-10-02T21:05:05Z,2026-10-02,NYR @ DET,5b5466f836933f5fb3ed4b9f267cce75,ags,yes,Sean Durzi,,fanduel,850,,oddsapi
2026-10-02T21:05:05Z,2026-10-02,NYR @ DET,5b5466f836933f5fb3ed4b9f267cce75,ags,yes,Axel Sandin Pellikka,,fanduel,900,,oddsapi
2026-10-02T21:05:05Z,2026-10-02,NYR @ DET,5b5466f836933f5fb3ed4b9f267cce75,ags,yes,Nate Danielson,,fanduel,950,,oddsapi
2026-10-02T21:05:05Z,2026-10-02,NYR @ DET,5b5466f836933f5fb3ed4b9f267cce75,ags,yes,Tye Kartye,,fanduel,1000,,oddsapi
2026-10-02T21:05:05Z,2026-10-02,NYR @ DET,5b5466f836933f5fb3ed4b9f267cce75,ags,yes,Vladislav Gavrikov,,fanduel,1100,,oddsapi
2026-10-02T21:05:05Z,2026-10-02,NYR @ DET,5b5466f836933f5fb3ed4b9f267cce75,ags,yes,Albert Johansson,,fanduel,1300,,oddsapi
2026-10-02T21:05:05Z,2026-10-02,NYR @ DET,5b5466f836933f5fb3ed4b9f267cce75,ags,yes,Joe Veleno,,fanduel,1300,,oddsapi
2026-10-02T21:05:05Z,2026-10-02,NYR @ DET,5b5466f836933f5fb3ed4b9f267cce75,ags,yes,Alberts Smits,,fanduel,1400,,oddsapi
2026-10-02T21:05:05Z,2026-10-02,NYR @ DET,5b5466f836933f5fb3ed4b9f267cce75,ags,yes,Ben Chiarot,,fanduel,1600,,oddsapi
2026-10-02T21:05:05Z,2026-10-02,NYR @ DET,5b5466f836933f5fb3ed4b9f267cce75,ags,yes,Marcus Pettersson,,fanduel,2000,,oddsapi
2026-10-02T21:05:05Z,2026-10-02,NYR @ DET,5b5466f836933f5fb3ed4b9f267cce75,fgs,yes,Alex DeBrincat,,fanduel,900,,oddsapi
2026-10-02T21:05:05Z,2026-10-02,NYR @ DET,5b5466f836933f5fb3ed4b9f267cce75,fgs,yes,Mika Zibanejad,,fanduel,1200,,oddsapi
2026-10-02T21:05:05Z,2026-10-02,NYR @ DET,5b5466f836933f5fb3ed4b9f267cce75,fgs,yes,Pavel Dorofeyev,,fanduel,1200,,oddsapi
2026-10-02T21:05:05Z,2026-10-02,NYR @ DET,5b5466f836933f5fb3ed4b9f267cce75,fgs,yes,Lucas Raymond,,fanduel,1400,,oddsapi
2026-10-02T21:05:05Z,2026-10-02,NYR @ DET,5b5466f836933f5fb3ed4b9f267cce75,fgs,yes,J.T. Miller,,fanduel,1600,,oddsapi
2026-10-02T21:05:05Z,2026-10-02,NYR @ DET,5b5466f836933f5fb3ed4b9f267cce75,fgs,yes,Alexis Lafrenière,,fanduel,1700,,oddsapi
2026-10-02T21:05:05Z,2026-10-02,NYR @ DET,5b5466f836933f5fb3ed4b9f267cce75,fgs,yes,Andrew Copp,,fanduel,1700,,oddsapi
2026-10-02T21:05:05Z,2026-10-02,NYR @ DET,5b5466f836933f5fb3ed4b9f267cce75,fgs,yes,Emmitt Finnie,,fanduel,1800,,oddsapi
2026-10-02T21:05:05Z,2026-10-02,NYR @ DET,5b5466f836933f5fb3ed4b9f267cce75,fgs,yes,Gabe Perreault,,fanduel,1900,,oddsapi
2026-10-02T21:05:05Z,2026-10-02,NYR @ DET,5b5466f836933f5fb3ed4b9f267cce75,fgs,yes,Oliver Bjorkstrand,,fanduel,2000,,oddsapi
2026-10-02T21:05:05Z,2026-10-02,NYR @ DET,5b5466f836933f5fb3ed4b9f267cce75,fgs,yes,Marco Kasper,,fanduel,2200,,oddsapi
2026-10-02T21:05:05Z,2026-10-02,NYR @ DET,5b5466f836933f5fb3ed4b9f267cce75,fgs,yes,Will Cuylle,,fanduel,2200,,oddsapi
2026-10-02T21:05:05Z,2026-10-02,NYR @ DET,5b5466f836933f5fb3ed4b9f267cce75,fgs,yes,Eeli Tolvanen,,fanduel,2500,,oddsapi
2026-10-02T21:05:05Z,2026-10-02,NYR @ DET,5b5466f836933f5fb3ed4b9f267cce75,fgs,yes,Moritz Seider,,fanduel,2700,,oddsapi
2026-10-02T21:05:05Z,2026-10-02,NYR @ DET,5b5466f836933f5fb3ed4b9f267cce75,fgs,yes,J.T. Compher,,fanduel,2700,,oddsapi
2026-10-02T21:05:05Z,2026-10-02,NYR @ DET,5b5466f836933f5fb3ed4b9f267cce75,fgs,yes,Adam Fox,,fanduel,2700,,oddsapi
2026-10-02T21:05:05Z,2026-10-02,NYR @ DET,5b5466f836933f5fb3ed4b9f267cce75,fgs,yes,Michael Rasmussen,,fanduel,3000,,oddsapi
2026-10-02T21:05:05Z,2026-10-02,NYR @ DET,5b5466f836933f5fb3ed4b9f267cce75,fgs,yes,Justin Faulk,,fanduel,3300,,oddsapi
2026-10-02T21:05:05Z,2026-10-02,NYR @ DET,5b5466f836933f5fb3ed4b9f267cce75,fgs,yes,Noah Laba,,fanduel,3500,,oddsapi
2026-10-02T21:05:05Z,2026-10-02,NYR @ DET,5b5466f836933f5fb3ed4b9f267cce75,fgs,yes,Mason Appleton,,fanduel,3500,,oddsapi
2026-10-02T21:05:05Z,2026-10-02,NYR @ DET,5b5466f836933f5fb3ed4b9f267cce75,fgs,yes,Nate Danielson,,fanduel,4000,,oddsapi
2026-10-02T21:05:05Z,2026-10-02,NYR @ DET,5b5466f836933f5fb3ed4b9f267cce75,fgs,yes,Sean Durzi,,fanduel,4000,,oddsapi
2026-10-02T21:05:05Z,2026-10-02,NYR @ DET,5b5466f836933f5fb3ed4b9f267cce75,fgs,yes,Axel Sandin Pellikka,,fanduel,4000,,oddsapi
2026-10-02T21:05:05Z,2026-10-02,NYR @ DET,5b5466f836933f5fb3ed4b9f267cce75,fgs,yes,Michael Brandsegg-Nygard,,fanduel,4000,,oddsapi
2026-10-02T21:05:05Z,2026-10-02,NYR @ DET,5b5466f836933f5fb3ed4b9f267cce75,fgs,yes,Vladislav Gavrikov,,fanduel,5500,,oddsapi
2026-10-02T21:05:05Z,2026-10-02,NYR @ DET,5b5466f836933f5fb3ed4b9f267cce75,fgs,yes,Albert Johansson,,fanduel,6000,,oddsapi
2026-10-02T21:05:05Z,2026-10-02,NYR @ DET,5b5466f836933f5fb3ed4b9f267cce75,fgs,yes,Tye Kartye,,fanduel,6000,,oddsapi
2026-10-02T21:05:05Z,2026-10-02,NYR @ DET,5b5466f836933f5fb3ed4b9f267cce75,fgs,yes,Alberts Smits,,fanduel,6500,,oddsapi
2026-10-02T21:05:05Z,2026-10-02,NYR @ DET,5b5466f836933f5fb3ed4b9f267cce75,fgs,yes,Joe Veleno,,fanduel,6500,,oddsapi
2026-10-02T21:05:05Z,2026-10-02,NYR @ DET,5b5466f836933f5fb3ed4b9f267cce75,fgs,yes,Ben Chiarot,,fanduel,8000,,oddsapi
2026-10-02T21:05:05Z,2026-10-02,NYR @ DET,5b5466f836933f5fb3ed4b9f267cce75,fgs,yes,Marcus Pettersson,,fanduel,10000,,oddsapi
2026-10-02T21:05:05Z,2026-10-02,NYR @ DET,5b5466f836933f5fb3ed4b9f267cce75,sk_g,over,Andrew Copp,0.5,fanduel,290,-440,oddsapi
2026-10-02T21:05:05Z,2026-10-02,NYR @ DET,5b5466f836933f5fb3ed4b9f267cce75,sk_g,under,Andrew Copp,0.5,fanduel,-440,290,oddsapi
2026-10-02T21:05:05Z,2026-10-02,NYR @ DET,5b5466f836933f5fb3ed4b9f267cce75,sk_g,over,Alex DeBrincat,0.5,fanduel,130,-175,oddsapi
2026-10-02T21:05:05Z,2026-10-02,NYR @ DET,5b5466f836933f5fb3ed4b9f267cce75,sk_g,under,Alex DeBrincat,0.5,fanduel,-175,130,oddsapi
2026-10-02T21:05:05Z,2026-10-02,NYR @ DET,5b5466f836933f5fb3ed4b9f267cce75,sk_g,over,Lucas Raymond,0.5,fanduel,230,-320,oddsapi
2026-10-02T21:05:05Z,2026-10-02,NYR @ DET,5b5466f836933f5fb3ed4b9f267cce75,sk_g,under,Lucas Raymond,0.5,fanduel,-320,230,oddsapi
2026-10-02T21:05:05Z,2026-10-02,NYR @ DET,5b5466f836933f5fb3ed4b9f267cce75,sk_g,over,Mika Zibanejad,0.5,fanduel,210,-300,oddsapi
2026-10-02T21:05:05Z,2026-10-02,NYR @ DET,5b5466f836933f5fb3ed4b9f267cce75,sk_g,under,Mika Zibanejad,0.5,fanduel,-300,210,oddsapi
2026-10-02T21:05:05Z,2026-10-02,NYR @ DET,5b5466f836933f5fb3ed4b9f267cce75,sk_g,over,Alexis Lafrenière,0.5,fanduel,250,-360,oddsapi
2026-10-02T21:05:05Z,2026-10-02,NYR @ DET,5b5466f836933f5fb3ed4b9f267cce75,sk_g,under,Alexis Lafrenière,0.5,fanduel,-360,250,oddsapi
2026-10-02T21:05:05Z,2026-10-02,NYR @ DET,5b5466f836933f5fb3ed4b9f267cce75,sk_g,over,Pavel Dorofeyev,0.5,fanduel,195,-270,oddsapi
2026-10-02T21:05:05Z,2026-10-02,NYR @ DET,5b5466f836933f5fb3ed4b9f267cce75,sk_g,under,Pavel Dorofeyev,0.5,fanduel,-270,195,oddsapi
2026-10-02T21:05:05Z,2026-10-02,NYR @ DET,5b5466f836933f5fb3ed4b9f267cce75,sk_g,over,J.T. Miller,0.5,fanduel,280,-420,oddsapi
2026-10-02T21:05:05Z,2026-10-02,NYR @ DET,5b5466f836933f5fb3ed4b9f267cce75,sk_g,under,J.T. Miller,0.5,fanduel,-420,280,oddsapi
2026-10-02T21:05:05Z,2026-10-02,NYR @ DET,5b5466f836933f5fb3ed4b9f267cce75,sk_g,over,Gabe Perreault,0.5,fanduel,340,-500,oddsapi
2026-10-02T21:05:05Z,2026-10-02,NYR @ DET,5b5466f836933f5fb3ed4b9f267cce75,sk_g,under,Gabe Perreault,0.5,fanduel,-500,340,oddsapi
2026-10-02T21:05:05Z,2026-10-02,NYR @ DET,5b5466f836933f5fb3ed4b9f267cce75,sk_sog,over,Oliver Bjorkstrand,1.5,fanduel,-102,-128,oddsapi
2026-10-02T21:05:05Z,2026-10-02,NYR @ DET,5b5466f836933f5fb3ed4b9f267cce75,sk_sog,under,Oliver Bjorkstrand,1.5,fanduel,-128,-102,oddsapi
2026-10-02T21:05:05Z,2026-10-02,NYR @ DET,5b5466f836933f5fb3ed4b9f267cce75,sk_sog,over,Alex DeBrincat,3.5,fanduel,-104,-125,oddsapi
2026-10-02T21:05:05Z,2026-10-02,NYR @ DET,5b5466f836933f5fb3ed4b9f267cce75,sk_sog,under,Alex DeBrincat,3.5,fanduel,-125,-104,oddsapi
2026-10-02T21:05:05Z,2026-10-02,NYR @ DET,5b5466f836933f5fb3ed4b9f267cce75,sk_sog,over,Lucas Raymond,2.5,fanduel,106,-138,oddsapi
2026-10-02T21:05:05Z,2026-10-02,NYR @ DET,5b5466f836933f5fb3ed4b9f267cce75,sk_sog,under,Lucas Raymond,2.5,fanduel,-138,106,oddsapi
2026-10-02T21:05:05Z,2026-10-02,NYR @ DET,5b5466f836933f5fb3ed4b9f267cce75,sk_sog,over,Adam Fox,1.5,fanduel,-118,-110,oddsapi
2026-10-02T21:05:05Z,2026-10-02,NYR @ DET,5b5466f836933f5fb3ed4b9f267cce75,sk_sog,under,Adam Fox,1.5,fanduel,-110,-118,oddsapi
2026-10-02T21:05:05Z,2026-10-02,NYR @ DET,5b5466f836933f5fb3ed4b9f267cce75,sk_sog,over,Mika Zibanejad,2.5,fanduel,110,-144,oddsapi
2026-10-02T21:05:05Z,2026-10-02,NYR @ DET,5b5466f836933f5fb3ed4b9f267cce75,sk_sog,under,Mika Zibanejad,2.5,fanduel,-144,110,oddsapi
2026-10-02T21:05:05Z,2026-10-02,NYR @ DET,5b5466f836933f5fb3ed4b9f267cce75,sk_sog,over,Alexis Lafrenière,2.5,fanduel,150,-198,oddsapi
2026-10-02T21:05:05Z,2026-10-02,NYR @ DET,5b5466f836933f5fb3ed4b9f267cce75,sk_sog,under,Alexis Lafrenière,2.5,fanduel,-198,150,oddsapi
2026-10-02T21:05:05Z,2026-10-02,NYR @ DET,5b5466f836933f5fb3ed4b9f267cce75,sk_sog,over,Pavel Dorofeyev,2.5,fanduel,-128,-102,oddsapi
2026-10-02T21:05:05Z,2026-10-02,NYR @ DET,5b5466f836933f5fb3ed4b9f267cce75,sk_sog,under,Pavel Dorofeyev,2.5,fanduel,-102,-128,oddsapi
2026-10-02T21:05:05Z,2026-10-02,NYR @ DET,5b5466f836933f5fb3ed4b9f267cce75,sk_sog,over,Moritz Seider,2.5,fanduel,122,-160,oddsapi
2026-10-02T21:05:05Z,2026-10-02,NYR @ DET,5b5466f836933f5fb3ed4b9f267cce75,sk_sog,under,Moritz Seider,2.5,fanduel,-160,122,oddsapi
2026-10-02T21:05:05Z,2026-10-02,NYR @ DET,5b5466f836933f5fb3ed4b9f267cce75,sk_sog,over,J.T. Miller,1.5,fanduel,-192,146,oddsapi
2026-10-02T21:05:05Z,2026-10-02,NYR @ DET,5b5466f836933f5fb3ed4b9f267cce75,sk_sog,under,J.T. Miller,1.5,fanduel,146,-192,oddsapi
2026-10-02T21:05:05Z,2026-10-02,NYR @ DET,5b5466f836933f5fb3ed4b9f267cce75,g_saves,over,John Gibson,23.5,fanduel,-102,-130,oddsapi
2026-10-02T21:05:05Z,2026-10-02,NYR @ DET,5b5466f836933f5fb3ed4b9f267cce75,g_saves,under,John Gibson,23.5,fanduel,-130,-102,oddsapi
2026-10-02T21:05:05Z,2026-10-02,NYR @ DET,5b5466f836933f5fb3ed4b9f267cce75,g_saves,over,Dylan Garand,25.5,fanduel,-118,-114,oddsapi
2026-10-02T21:05:05Z,2026-10-02,NYR @ DET,5b5466f836933f5fb3ed4b9f267cce75,g_saves,under,Dylan Garand,25.5,fanduel,-114,-118,oddsapi
2026-10-02T21:05:05Z,2026-10-02,NYR @ DET,5b5466f836933f5fb3ed4b9f267cce75,p1_pl,DET,,-0.5,fanduel,164,-215,oddsapi
2026-10-02T21:05:05Z,2026-10-02,NYR @ DET,5b5466f836933f5fb3ed4b9f267cce75,p1_pl,NYR,,0.5,fanduel,-215,164,oddsapi
2026-10-02T21:05:05Z,2026-10-02,NYR @ DET,5b5466f836933f5fb3ed4b9f267cce75,p2_pl,DET,,-0.5,fanduel,152,-196,oddsapi
2026-10-02T21:05:05Z,2026-10-02,NYR @ DET,5b5466f836933f5fb3ed4b9f267cce75,p2_pl,NYR,,0.5,fanduel,-196,152,oddsapi
2026-10-02T21:05:05Z,2026-10-02,NYR @ DET,5b5466f836933f5fb3ed4b9f267cce75,p3_pl,DET,,-0.5,fanduel,140,-180,oddsapi
2026-10-02T21:05:05Z,2026-10-02,NYR @ DET,5b5466f836933f5fb3ed4b9f267cce75,p3_pl,NYR,,0.5,fanduel,-180,140,oddsapi
2026-10-02T21:05:05Z,2026-10-02,NYR @ DET,5b5466f836933f5fb3ed4b9f267cce75,team_total,over,DET,3.5,fanduel,134,-172,oddsapi
2026-10-02T21:05:05Z,2026-10-02,NYR @ DET,5b5466f836933f5fb3ed4b9f267cce75,team_total,under,DET,3.5,fanduel,-172,134,oddsapi
2026-10-02T21:05:05Z,2026-10-02,NYR @ DET,5b5466f836933f5fb3ed4b9f267cce75,team_total,over,NYR,2.5,fanduel,-140,,oddsapi
2026-10-02T21:05:05Z,2026-10-02,NYR @ DET,5b5466f836933f5fb3ed4b9f267cce75,team_total,under,NYR,3.5,fanduel,-220,,oddsapi
2026-10-02T21:05:05Z,2026-10-02,NYR @ DET,5b5466f836933f5fb3ed4b9f267cce75,p1_team_total,over,DET,0.5,fanduel,-168,130,oddsapi
2026-10-02T21:05:05Z,2026-10-02,NYR @ DET,5b5466f836933f5fb3ed4b9f267cce75,p1_team_total,under,DET,0.5,fanduel,130,-168,oddsapi
2026-10-02T21:05:05Z,2026-10-02,NYR @ DET,5b5466f836933f5fb3ed4b9f267cce75,p1_team_total,over,NYR,0.5,fanduel,-144,114,oddsapi
2026-10-02T21:05:05Z,2026-10-02,NYR @ DET,5b5466f836933f5fb3ed4b9f267cce75,p1_team_total,under,NYR,0.5,fanduel,114,-144,oddsapi
2026-10-02T21:05:05Z,2026-10-02,NYR @ DET,5b5466f836933f5fb3ed4b9f267cce75,p1_total,over,,1.5,fanduel,-132,104,oddsapi
2026-10-02T21:05:05Z,2026-10-02,NYR @ DET,5b5466f836933f5fb3ed4b9f267cce75,p1_total,under,,1.5,fanduel,104,-132,oddsapi
2026-10-02T21:05:05Z,2026-10-02,NYR @ DET,5b5466f836933f5fb3ed4b9f267cce75,p2_total,over,,1.5,fanduel,-166,130,oddsapi
2026-10-02T21:05:05Z,2026-10-02,NYR @ DET,5b5466f836933f5fb3ed4b9f267cce75,p2_total,under,,1.5,fanduel,130,-166,oddsapi
2026-10-02T21:05:05Z,2026-10-02,NYR @ DET,5b5466f836933f5fb3ed4b9f267cce75,p3_total,over,,1.5,fanduel,-200,154,oddsapi
2026-10-02T21:05:05Z,2026-10-02,NYR @ DET,5b5466f836933f5fb3ed4b9f267cce75,p3_total,under,,1.5,fanduel,154,-200,oddsapi
2026-10-02T21:05:05Z,2026-10-02,NYR @ DET,5b5466f836933f5fb3ed4b9f267cce75,team_total_alt,over,DET,4.5,betrivers,285,-435,oddsapi
2026-10-02T21:05:05Z,2026-10-02,NYR @ DET,5b5466f836933f5fb3ed4b9f267cce75,team_total_alt,under,DET,4.5,betrivers,-435,285,oddsapi
2026-10-02T21:05:05Z,2026-10-02,NYR @ DET,5b5466f836933f5fb3ed4b9f267cce75,team_total_alt,over,DET,2.5,betrivers,-200,145,oddsapi
2026-10-02T21:05:05Z,2026-10-02,NYR @ DET,5b5466f836933f5fb3ed4b9f267cce75,team_total_alt,under,DET,2.5,betrivers,145,-200,oddsapi
2026-10-02T21:05:05Z,2026-10-02,NYR @ DET,5b5466f836933f5fb3ed4b9f267cce75,team_total_alt,over,DET,1.5,betrivers,-625,370,oddsapi
2026-10-02T21:05:05Z,2026-10-02,NYR @ DET,5b5466f836933f5fb3ed4b9f267cce75,team_total_alt,under,DET,1.5,betrivers,370,-625,oddsapi
2026-10-02T21:05:05Z,2026-10-02,NYR @ DET,5b5466f836933f5fb3ed4b9f267cce75,team_total_alt,over,DET,3.5,betrivers,123,-167,oddsapi
2026-10-02T21:05:05Z,2026-10-02,NYR @ DET,5b5466f836933f5fb3ed4b9f267cce75,team_total_alt,under,DET,3.5,betrivers,-167,123,oddsapi
2026-10-02T21:05:05Z,2026-10-02,NYR @ DET,5b5466f836933f5fb3ed4b9f267cce75,team_total_alt,over,NYR,2.5,betrivers,-157,115,oddsapi
2026-10-02T21:05:05Z,2026-10-02,NYR @ DET,5b5466f836933f5fb3ed4b9f267cce75,team_total_alt,under,NYR,2.5,betrivers,115,-157,oddsapi
2026-10-02T21:05:05Z,2026-10-02,NYR @ DET,5b5466f836933f5fb3ed4b9f267cce75,team_total_alt,over,NYR,3.5,betrivers,160,-230,oddsapi
2026-10-02T21:05:05Z,2026-10-02,NYR @ DET,5b5466f836933f5fb3ed4b9f267cce75,team_total_alt,under,NYR,3.5,betrivers,-230,160,oddsapi
2026-10-02T21:05:05Z,2026-10-02,NYR @ DET,5b5466f836933f5fb3ed4b9f267cce75,team_total_alt,over,NYR,4.5,betrivers,380,-670,oddsapi
2026-10-02T21:05:05Z,2026-10-02,NYR @ DET,5b5466f836933f5fb3ed4b9f267cce75,team_total_alt,under,NYR,4.5,betrivers,-670,380,oddsapi
2026-10-02T21:05:05Z,2026-10-02,NYR @ DET,5b5466f836933f5fb3ed4b9f267cce75,team_total_alt,over,NYR,1.5,betrivers,-500,320,oddsapi
2026-10-02T21:05:05Z,2026-10-02,NYR @ DET,5b5466f836933f5fb3ed4b9f267cce75,team_total_alt,under,NYR,1.5,betrivers,320,-500,oddsapi
2026-10-02T21:05:05Z,2026-10-02,NYR @ DET,5b5466f836933f5fb3ed4b9f267cce75,game_ml3,DET,,,betrivers,123,,oddsapi
2026-10-02T21:05:05Z,2026-10-02,NYR @ DET,5b5466f836933f5fb3ed4b9f267cce75,game_ml3,NYR,,,betrivers,170,,oddsapi
2026-10-02T21:05:05Z,2026-10-02,NYR @ DET,5b5466f836933f5fb3ed4b9f267cce75,game_ml3,draw,,,betrivers,310,,oddsapi
2026-10-02T21:05:05Z,2026-10-02,NYR @ DET,5b5466f836933f5fb3ed4b9f267cce75,p1_ml3,DET,,,betrivers,155,,oddsapi
2026-10-02T21:05:05Z,2026-10-02,NYR @ DET,5b5466f836933f5fb3ed4b9f267cce75,p1_ml3,NYR,,,betrivers,200,,oddsapi
2026-10-02T21:05:05Z,2026-10-02,NYR @ DET,5b5466f836933f5fb3ed4b9f267cce75,p1_ml3,draw,,,betrivers,188,,oddsapi
2026-10-02T21:05:05Z,2026-10-02,NYR @ DET,5b5466f836933f5fb3ed4b9f267cce75,p2_ml3,DET,,,betrivers,155,,oddsapi
2026-10-02T21:05:05Z,2026-10-02,NYR @ DET,5b5466f836933f5fb3ed4b9f267cce75,p2_ml3,NYR,,,betrivers,185,,oddsapi
2026-10-02T21:05:05Z,2026-10-02,NYR @ DET,5b5466f836933f5fb3ed4b9f267cce75,p2_ml3,draw,,,betrivers,200,,oddsapi
2026-10-02T21:05:05Z,2026-10-02,NYR @ DET,5b5466f836933f5fb3ed4b9f267cce75,p3_ml3,DET,,,betrivers,150,,oddsapi
2026-10-02T21:05:05Z,2026-10-02,NYR @ DET,5b5466f836933f5fb3ed4b9f267cce75,p3_ml3,NYR,,,betrivers,180,,oddsapi
2026-10-02T21:05:05Z,2026-10-02,NYR @ DET,5b5466f836933f5fb3ed4b9f267cce75,p3_ml3,draw,,,betrivers,215,,oddsapi
2026-10-02T21:05:05Z,2026-10-02,NYR @ DET,5b5466f836933f5fb3ed4b9f267cce75,ags,yes,Michael Brandsegg-Nygard,,betrivers,510,,oddsapi
2026-10-02T21:05:05Z,2026-10-02,NYR @ DET,5b5466f836933f5fb3ed4b9f267cce75,ags,yes,Vladislav Gavrikov,,betrivers,800,,oddsapi
2026-10-02T21:05:05Z,2026-10-02,NYR @ DET,5b5466f836933f5fb3ed4b9f267cce75,ags,yes,Marco Kasper,,betrivers,440,,oddsapi
2026-10-02T21:05:05Z,2026-10-02,NYR @ DET,5b5466f836933f5fb3ed4b9f267cce75,ags,yes,Alberts Smits,,betrivers,950,,oddsapi
2026-10-02T21:05:05Z,2026-10-02,NYR @ DET,5b5466f836933f5fb3ed4b9f267cce75,ags,yes,Sean Durzi,,betrivers,700,,oddsapi
2026-10-02T21:05:05Z,2026-10-02,NYR @ DET,5b5466f836933f5fb3ed4b9f267cce75,ags,yes,Lucas Raymond,,betrivers,220,,oddsapi
2026-10-02T21:05:05Z,2026-10-02,NYR @ DET,5b5466f836933f5fb3ed4b9f267cce75,ags,yes,Emmitt Finnie,,betrivers,310,,oddsapi
2026-10-02T21:05:05Z,2026-10-02,NYR @ DET,5b5466f836933f5fb3ed4b9f267cce75,ags,yes,Will Cuylle,,betrivers,360,,oddsapi
2026-10-02T21:05:05Z,2026-10-02,NYR @ DET,5b5466f836933f5fb3ed4b9f267cce75,ags,yes,Matt Rempe,,betrivers,850,,oddsapi
2026-10-02T21:05:05Z,2026-10-02,NYR @ DET,5b5466f836933f5fb3ed4b9f267cce75,ags,yes,Tye Kartye,,betrivers,750,,oddsapi
2026-10-02T21:05:05Z,2026-10-02,NYR @ DET,5b5466f836933f5fb3ed4b9f267cce75,ags,yes,Pavel Dorofeyev,,betrivers,185,,oddsapi
2026-10-02T21:05:05Z,2026-10-02,NYR @ DET,5b5466f836933f5fb3ed4b9f267cce75,ags,yes,Alexis Lafrenière,,betrivers,260,,oddsapi
2026-10-02T21:05:05Z,2026-10-02,NYR @ DET,5b5466f836933f5fb3ed4b9f267cce75,ags,yes,Noah Laba,,betrivers,750,,oddsapi
2026-10-02T21:05:05Z,2026-10-02,NYR @ DET,5b5466f836933f5fb3ed4b9f267cce75,ags,yes,Albert Johansson,,betrivers,1000,,oddsapi
2026-10-02T21:05:05Z,2026-10-02,NYR @ DET,5b5466f836933f5fb3ed4b9f267cce75,ags,yes,Moritz Seider,,betrivers,440,,oddsapi
2026-10-02T21:05:05Z,2026-10-02,NYR @ DET,5b5466f836933f5fb3ed4b9f267cce75,ags,yes,Adam Fox,,betrivers,460,,oddsapi
2026-10-02T21:05:05Z,2026-10-02,NYR @ DET,5b5466f836933f5fb3ed4b9f267cce75,ags,yes,Axel Sandin Pellikka,,betrivers,650,,oddsapi
2026-10-02T21:05:05Z,2026-10-02,NYR @ DET,5b5466f836933f5fb3ed4b9f267cce75,ags,yes,Michael Rasmussen,,betrivers,600,,oddsapi
2026-10-02T21:05:05Z,2026-10-02,NYR @ DET,5b5466f836933f5fb3ed4b9f267cce75,ags,yes,Mason Appleton,,betrivers,510,,oddsapi
2026-10-02T21:05:05Z,2026-10-02,NYR @ DET,5b5466f836933f5fb3ed4b9f267cce75,ags,yes,Joe Veleno,,betrivers,850,,oddsapi
2026-10-02T21:05:05Z,2026-10-02,NYR @ DET,5b5466f836933f5fb3ed4b9f267cce75,ags,yes,Ben Chiarot,,betrivers,850,,oddsapi
2026-10-02T21:05:05Z,2026-10-02,NYR @ DET,5b5466f836933f5fb3ed4b9f267cce75,ags,yes,Justin Faulk,,betrivers,575,,oddsapi
2026-10-02T21:05:05Z,2026-10-02,NYR @ DET,5b5466f836933f5fb3ed4b9f267cce75,ags,yes,J.T. Miller,,betrivers,290,,oddsapi
2026-10-02T21:05:05Z,2026-10-02,NYR @ DET,5b5466f836933f5fb3ed4b9f267cce75,ags,yes,Andrew Copp,,betrivers,270,,oddsapi
2026-10-02T21:05:05Z,2026-10-02,NYR @ DET,5b5466f836933f5fb3ed4b9f267cce75,ags,yes,Nate Danielson,,betrivers,550,,oddsapi
2026-10-02T21:05:05Z,2026-10-02,NYR @ DET,5b5466f836933f5fb3ed4b9f267cce75,ags,yes,Braden Schneider,,betrivers,800,,oddsapi
2026-10-02T21:05:05Z,2026-10-02,NYR @ DET,5b5466f836933f5fb3ed4b9f267cce75,ags,yes,Marcus Pettersson,,betrivers,750,,oddsapi
2026-10-02T21:05:05Z,2026-10-02,NYR @ DET,5b5466f836933f5fb3ed4b9f267cce75,ags,yes,Eeli Tolvanen,,betrivers,440,,oddsapi
2026-10-02T21:05:05Z,2026-10-02,NYR @ DET,5b5466f836933f5fb3ed4b9f267cce75,ags,yes,Oliver Bjorkstrand,,betrivers,335,,oddsapi
2026-10-02T21:05:05Z,2026-10-02,NYR @ DET,5b5466f836933f5fb3ed4b9f267cce75,ags,yes,J.T. Compher,,betrivers,400,,oddsapi
2026-10-02T21:05:05Z,2026-10-02,NYR @ DET,5b5466f836933f5fb3ed4b9f267cce75,ags,yes,Mika Zibanejad,,betrivers,215,,oddsapi
2026-10-02T21:05:05Z,2026-10-02,NYR @ DET,5b5466f836933f5fb3ed4b9f267cce75,ags,yes,Gabe Perreault,,betrivers,310,,oddsapi
2026-10-02T21:05:05Z,2026-10-02,NYR @ DET,5b5466f836933f5fb3ed4b9f267cce75,ags,yes,Alex DeBrincat,,betrivers,138,,oddsapi
2026-10-02T21:05:05Z,2026-10-02,NYR @ DET,5b5466f836933f5fb3ed4b9f267cce75,fgs,yes,Eeli Tolvanen,,betrivers,1800,,oddsapi
2026-10-02T21:05:05Z,2026-10-02,NYR @ DET,5b5466f836933f5fb3ed4b9f267cce75,fgs,yes,Marcus Pettersson,,betrivers,3300,,oddsapi
2026-10-02T21:05:05Z,2026-10-02,NYR @ DET,5b5466f836933f5fb3ed4b9f267cce75,fgs,yes,Will Cuylle,,betrivers,1400,,oddsapi
2026-10-02T21:05:05Z,2026-10-02,NYR @ DET,5b5466f836933f5fb3ed4b9f267cce75,fgs,yes,Ben Chiarot,,betrivers,3400,,oddsapi
2026-10-02T21:05:05Z,2026-10-02,NYR @ DET,5b5466f836933f5fb3ed4b9f267cce75,fgs,yes,Emmitt Finnie,,betrivers,1200,,oddsapi
2026-10-02T21:05:05Z,2026-10-02,NYR @ DET,5b5466f836933f5fb3ed4b9f267cce75,fgs,yes,Nate Danielson,,betrivers,2200,,oddsapi
2026-10-02T21:05:05Z,2026-10-02,NYR @ DET,5b5466f836933f5fb3ed4b9f267cce75,fgs,yes,Noah Laba,,betrivers,3400,,oddsapi
2026-10-02T21:05:05Z,2026-10-02,NYR @ DET,5b5466f836933f5fb3ed4b9f267cce75,fgs,yes,Braden Schneider,,betrivers,3500,,oddsapi
2026-10-02T21:05:05Z,2026-10-02,NYR @ DET,5b5466f836933f5fb3ed4b9f267cce75,fgs,yes,Gabe Perreault,,betrivers,1300,,oddsapi
2026-10-02T21:05:05Z,2026-10-02,NYR @ DET,5b5466f836933f5fb3ed4b9f267cce75,fgs,yes,Axel Sandin Pellikka,,betrivers,2500,,oddsapi
2026-10-02T21:05:05Z,2026-10-02,NYR @ DET,5b5466f836933f5fb3ed4b9f267cce75,fgs,yes,Michael Rasmussen,,betrivers,2200,,oddsapi
2026-10-02T21:05:05Z,2026-10-02,NYR @ DET,5b5466f836933f5fb3ed4b9f267cce75,fgs,yes,Tye Kartye,,betrivers,3000,,oddsapi
2026-10-02T21:05:05Z,2026-10-02,NYR @ DET,5b5466f836933f5fb3ed4b9f267cce75,fgs,yes,Mason Appleton,,betrivers,2000,,oddsapi
2026-10-02T21:05:05Z,2026-10-02,NYR @ DET,5b5466f836933f5fb3ed4b9f267cce75,fgs,yes,Oliver Bjorkstrand,,betrivers,1400,,oddsapi
2026-10-02T21:05:05Z,2026-10-02,NYR @ DET,5b5466f836933f5fb3ed4b9f267cce75,fgs,yes,Vladislav Gavrikov,,betrivers,3000,,oddsapi
2026-10-02T21:05:05Z,2026-10-02,NYR @ DET,5b5466f836933f5fb3ed4b9f267cce75,fgs,yes,J.T. Miller,,betrivers,1200,,oddsapi
2026-10-02T21:05:05Z,2026-10-02,NYR @ DET,5b5466f836933f5fb3ed4b9f267cce75,fgs,yes,Albert Johansson,,betrivers,4000,,oddsapi
2026-10-02T21:05:05Z,2026-10-02,NYR @ DET,5b5466f836933f5fb3ed4b9f267cce75,fgs,yes,J.T. Compher,,betrivers,1600,,oddsapi
2026-10-02T21:05:05Z,2026-10-02,NYR @ DET,5b5466f836933f5fb3ed4b9f267cce75,fgs,yes,Mika Zibanejad,,betrivers,950,,oddsapi
2026-10-02T21:05:05Z,2026-10-02,NYR @ DET,5b5466f836933f5fb3ed4b9f267cce75,fgs,yes,Pavel Dorofeyev,,betrivers,850,,oddsapi
2026-10-02T21:05:05Z,2026-10-02,NYR @ DET,5b5466f836933f5fb3ed4b9f267cce75,fgs,yes,Lucas Raymond,,betrivers,950,,oddsapi
2026-10-02T21:05:05Z,2026-10-02,NYR @ DET,5b5466f836933f5fb3ed4b9f267cce75,fgs,yes,Adam Fox,,betrivers,1900,,oddsapi
2026-10-02T21:05:05Z,2026-10-02,NYR @ DET,5b5466f836933f5fb3ed4b9f267cce75,fgs,yes,Alex DeBrincat,,betrivers,650,,oddsapi
2026-10-02T21:05:05Z,2026-10-02,NYR @ DET,5b5466f836933f5fb3ed4b9f267cce75,fgs,yes,Alberts Smits,,betrivers,4000,,oddsapi
2026-10-02T21:05:05Z,2026-10-02,NYR @ DET,5b5466f836933f5fb3ed4b9f267cce75,fgs,yes,Andrew Copp,,betrivers,1100,,oddsapi
2026-10-02T21:05:05Z,2026-10-02,NYR @ DET,5b5466f836933f5fb3ed4b9f267cce75,fgs,yes,Joe Veleno,,betrivers,3400,,oddsapi
2026-10-02T21:05:05Z,2026-10-02,NYR @ DET,5b5466f836933f5fb3ed4b9f267cce75,fgs,yes,Michael Brandsegg-Nygard,,betrivers,2000,,oddsapi
2026-10-02T21:05:05Z,2026-10-02,NYR @ DET,5b5466f836933f5fb3ed4b9f267cce75,fgs,yes,Alexis Lafrenière,,betrivers,1100,,oddsapi
2026-10-02T21:05:05Z,2026-10-02,NYR @ DET,5b5466f836933f5fb3ed4b9f267cce75,fgs,yes,Marco Kasper,,betrivers,1800,,oddsapi
2026-10-02T21:05:05Z,2026-10-02,NYR @ DET,5b5466f836933f5fb3ed4b9f267cce75,fgs,yes,Justin Faulk,,betrivers,2200,,oddsapi
2026-10-02T21:05:05Z,2026-10-02,NYR @ DET,5b5466f836933f5fb3ed4b9f267cce75,fgs,yes,Moritz Seider,,betrivers,1800,,oddsapi
2026-10-02T21:05:05Z,2026-10-02,NYR @ DET,5b5466f836933f5fb3ed4b9f267cce75,fgs,yes,Matt Rempe,,betrivers,3500,,oddsapi
2026-10-02T21:05:05Z,2026-10-02,NYR @ DET,5b5466f836933f5fb3ed4b9f267cce75,fgs,yes,Sean Durzi,,betrivers,2900,,oddsapi
2026-10-02T21:05:05Z,2026-10-02,NYR @ DET,5b5466f836933f5fb3ed4b9f267cce75,sk_g,over,Andrew Copp,2.5,betrivers,12000,,oddsapi
2026-10-02T21:05:05Z,2026-10-02,NYR @ DET,5b5466f836933f5fb3ed4b9f267cce75,sk_g,over,J.T. Miller,1.5,betrivers,2000,,oddsapi
2026-10-02T21:05:05Z,2026-10-02,NYR @ DET,5b5466f836933f5fb3ed4b9f267cce75,sk_g,over,Nate Danielson,1.5,betrivers,6600,,oddsapi
2026-10-02T21:05:05Z,2026-10-02,NYR @ DET,5b5466f836933f5fb3ed4b9f267cce75,sk_g,over,Braden Schneider,1.5,betrivers,14000,,oddsapi
2026-10-02T21:05:05Z,2026-10-02,NYR @ DET,5b5466f836933f5fb3ed4b9f267cce75,sk_g,over,Marco Kasper,1.5,betrivers,4000,,oddsapi
2026-10-02T21:05:05Z,2026-10-02,NYR @ DET,5b5466f836933f5fb3ed4b9f267cce75,sk_g,over,Eeli Tolvanen,1.5,betrivers,4000,,oddsapi
2026-10-02T21:05:05Z,2026-10-02,NYR @ DET,5b5466f836933f5fb3ed4b9f267cce75,sk_g,over,Sean Durzi,1.5,betrivers,10000,,oddsapi
2026-10-02T21:05:05Z,2026-10-02,NYR @ DET,5b5466f836933f5fb3ed4b9f267cce75,sk_g,over,Emmitt Finnie,1.5,betrivers,2000,,oddsapi
2026-10-02T21:05:05Z,2026-10-02,NYR @ DET,5b5466f836933f5fb3ed4b9f267cce75,sk_g,over,Mika Zibanejad,1.5,betrivers,1300,,oddsapi
2026-10-02T21:05:05Z,2026-10-02,NYR @ DET,5b5466f836933f5fb3ed4b9f267cce75,sk_g,over,Michael Brandsegg-Nygard,1.5,betrivers,5000,,oddsapi
2026-10-02T21:05:05Z,2026-10-02,NYR @ DET,5b5466f836933f5fb3ed4b9f267cce75,sk_g,over,Alexis Lafrenière,1.5,betrivers,1700,,oddsapi
2026-10-02T21:05:05Z,2026-10-02,NYR @ DET,5b5466f836933f5fb3ed4b9f267cce75,sk_g,over,Alexis Lafrenière,2.5,betrivers,13000,,oddsapi
2026-10-02T21:05:05Z,2026-10-02,NYR @ DET,5b5466f836933f5fb3ed4b9f267cce75,sk_g,over,Will Cuylle,1.5,betrivers,2800,,oddsapi
2026-10-02T21:05:05Z,2026-10-02,NYR @ DET,5b5466f836933f5fb3ed4b9f267cce75,sk_g,over,Alex DeBrincat,1.5,betrivers,650,,oddsapi
2026-10-02T21:05:05Z,2026-10-02,NYR @ DET,5b5466f836933f5fb3ed4b9f267cce75,sk_g,over,Marcus Pettersson,1.5,betrivers,13000,,oddsapi
2026-10-02T21:05:05Z,2026-10-02,NYR @ DET,5b5466f836933f5fb3ed4b9f267cce75,sk_g,over,Michael Rasmussen,1.5,betrivers,6600,,oddsapi
2026-10-02T21:05:05Z,2026-10-02,NYR @ DET,5b5466f836933f5fb3ed4b9f267cce75,sk_g,over,Joe Veleno,1.5,betrivers,14000,,oddsapi
2026-10-02T21:05:05Z,2026-10-02,NYR @ DET,5b5466f836933f5fb3ed4b9f267cce75,sk_g,over,Ben Chiarot,1.5,betrivers,16000,,oddsapi
2026-10-02T21:05:05Z,2026-10-02,NYR @ DET,5b5466f836933f5fb3ed4b9f267cce75,sk_g,over,Lucas Raymond,2.5,betrivers,8000,,oddsapi
2026-10-02T21:05:05Z,2026-10-02,NYR @ DET,5b5466f836933f5fb3ed4b9f267cce75,sk_g,over,Lucas Raymond,1.5,betrivers,1300,,oddsapi
2026-10-02T21:05:05Z,2026-10-02,NYR @ DET,5b5466f836933f5fb3ed4b9f267cce75,sk_g,over,Justin Faulk,1.5,betrivers,6600,,oddsapi
2026-10-02T21:05:05Z,2026-10-02,NYR @ DET,5b5466f836933f5fb3ed4b9f267cce75,sk_g,over,J.T. Miller,2.5,betrivers,18000,,oddsapi
2026-10-02T21:05:05Z,2026-10-02,NYR @ DET,5b5466f836933f5fb3ed4b9f267cce75,sk_g,over,Andrew Copp,1.5,betrivers,1700,,oddsapi
2026-10-02T21:05:05Z,2026-10-02,NYR @ DET,5b5466f836933f5fb3ed4b9f267cce75,sk_g,over,Axel Sandin Pellikka,1.5,betrivers,8000,,oddsapi
2026-10-02T21:05:05Z,2026-10-02,NYR @ DET,5b5466f836933f5fb3ed4b9f267cce75,sk_g,over,Adam Fox,1.5,betrivers,4000,,oddsapi
2026-10-02T21:05:05Z,2026-10-02,NYR @ DET,5b5466f836933f5fb3ed4b9f267cce75,sk_g,over,Vladislav Gavrikov,1.5,betrivers,13000,,oddsapi
2026-10-02T21:05:05Z,2026-10-02,NYR @ DET,5b5466f836933f5fb3ed4b9f267cce75,sk_g,over,Mason Appleton,1.5,betrivers,5500,,oddsapi
2026-10-02T21:05:05Z,2026-10-02,NYR @ DET,5b5466f836933f5fb3ed4b9f267cce75,sk_g,over,Oliver Bjorkstrand,1.5,betrivers,2400,,oddsapi
2026-10-02T21:05:05Z,2026-10-02,NYR @ DET,5b5466f836933f5fb3ed4b9f267cce75,sk_g,over,J.T. Compher,1.5,betrivers,3300,,oddsapi
2026-10-02T21:05:05Z,2026-10-02,NYR @ DET,5b5466f836933f5fb3ed4b9f267cce75,sk_g,over,Mika Zibanejad,2.5,betrivers,8000,,oddsapi
2026-10-02T21:05:05Z,2026-10-02,NYR @ DET,5b5466f836933f5fb3ed4b9f267cce75,sk_g,over,Gabe Perreault,1.5,betrivers,2000,,oddsapi
2026-10-02T21:05:05Z,2026-10-02,NYR @ DET,5b5466f836933f5fb3ed4b9f267cce75,sk_g,over,Alex DeBrincat,2.5,betrivers,3000,,oddsapi
2026-10-02T21:05:05Z,2026-10-02,NYR @ DET,5b5466f836933f5fb3ed4b9f267cce75,sk_g,over,Matt Rempe,1.5,betrivers,14000,,oddsapi
2026-10-02T21:05:05Z,2026-10-02,NYR @ DET,5b5466f836933f5fb3ed4b9f267cce75,sk_g,over,Tye Kartye,1.5,betrivers,11000,,oddsapi
2026-10-02T21:05:05Z,2026-10-02,NYR @ DET,5b5466f836933f5fb3ed4b9f267cce75,sk_g,over,Pavel Dorofeyev,2.5,betrivers,6600,,oddsapi
2026-10-02T21:05:05Z,2026-10-02,NYR @ DET,5b5466f836933f5fb3ed4b9f267cce75,sk_g,over,Moritz Seider,1.5,betrivers,4000,,oddsapi
2026-10-02T21:05:05Z,2026-10-02,NYR @ DET,5b5466f836933f5fb3ed4b9f267cce75,sk_g,over,Pavel Dorofeyev,1.5,betrivers,950,,oddsapi
2026-10-02T21:05:05Z,2026-10-02,NYR @ DET,5b5466f836933f5fb3ed4b9f267cce75,sk_g,over,Noah Laba,1.5,betrivers,13000,,oddsapi
2026-10-02T21:05:05Z,2026-10-02,NYR @ DET,5b5466f836933f5fb3ed4b9f267cce75,p1_total,over,,0.5,betrivers,-770,400,oddsapi
2026-10-02T21:05:05Z,2026-10-02,NYR @ DET,5b5466f836933f5fb3ed4b9f267cce75,p1_total,under,,0.5,betrivers,400,-770,oddsapi
2026-10-02T21:05:05Z,2026-10-02,NYR @ DET,5b5466f836933f5fb3ed4b9f267cce75,p2_total,over,,1.5,betrivers,-195,132,oddsapi
2026-10-02T21:05:05Z,2026-10-02,NYR @ DET,5b5466f836933f5fb3ed4b9f267cce75,p2_total,under,,1.5,betrivers,132,-195,oddsapi
2026-10-02T21:05:05Z,2026-10-02,NYR @ DET,5b5466f836933f5fb3ed4b9f267cce75,p3_total,over,,2.5,betrivers,163,-245,oddsapi
2026-10-02T21:05:05Z,2026-10-02,NYR @ DET,5b5466f836933f5fb3ed4b9f267cce75,p3_total,under,,2.5,betrivers,-245,163,oddsapi
2026-10-02T21:05:05Z,2026-10-02,NYR @ DET,5b5466f836933f5fb3ed4b9f267cce75,p1_ml,DET,,,betonlineag,-123,103,oddsapi
2026-10-02T21:05:05Z,2026-10-02,NYR @ DET,5b5466f836933f5fb3ed4b9f267cce75,p1_ml,NYR,,,betonlineag,103,-123,oddsapi
2026-10-02T21:05:05Z,2026-10-02,NYR @ DET,5b5466f836933f5fb3ed4b9f267cce75,sk_pts,over,Lucas Raymond,0.5,betonlineag,-167,127,oddsapi
2026-10-02T21:05:05Z,2026-10-02,NYR @ DET,5b5466f836933f5fb3ed4b9f267cce75,sk_pts,under,Lucas Raymond,0.5,betonlineag,127,-167,oddsapi
2026-10-02T21:05:05Z,2026-10-02,NYR @ DET,5b5466f836933f5fb3ed4b9f267cce75,sk_pts,over,Andrew Copp,0.5,betonlineag,-115,-112,oddsapi
2026-10-02T21:05:05Z,2026-10-02,NYR @ DET,5b5466f836933f5fb3ed4b9f267cce75,sk_pts,under,Andrew Copp,0.5,betonlineag,-112,-115,oddsapi
2026-10-02T21:05:05Z,2026-10-02,NYR @ DET,5b5466f836933f5fb3ed4b9f267cce75,sk_pts,over,Alex DeBrincat,0.5,betonlineag,-213,160,oddsapi
2026-10-02T21:05:05Z,2026-10-02,NYR @ DET,5b5466f836933f5fb3ed4b9f267cce75,sk_pts,under,Alex DeBrincat,0.5,betonlineag,160,-213,oddsapi
2026-10-02T21:05:05Z,2026-10-02,NYR @ DET,5b5466f836933f5fb3ed4b9f267cce75,sk_pts,over,Moritz Seider,0.5,betonlineag,-122,-106,oddsapi
2026-10-02T21:05:05Z,2026-10-02,NYR @ DET,5b5466f836933f5fb3ed4b9f267cce75,sk_pts,under,Moritz Seider,0.5,betonlineag,-106,-122,oddsapi
2026-10-02T21:05:05Z,2026-10-02,NYR @ DET,5b5466f836933f5fb3ed4b9f267cce75,sk_pts,over,J.T. Miller,0.5,betonlineag,-132,102,oddsapi
2026-10-02T21:05:05Z,2026-10-02,NYR @ DET,5b5466f836933f5fb3ed4b9f267cce75,sk_pts,under,J.T. Miller,0.5,betonlineag,102,-132,oddsapi
2026-10-02T21:05:05Z,2026-10-02,NYR @ DET,5b5466f836933f5fb3ed4b9f267cce75,sk_pts,over,Pavel Dorofeyev,0.5,betonlineag,-115,-112,oddsapi
2026-10-02T21:05:05Z,2026-10-02,NYR @ DET,5b5466f836933f5fb3ed4b9f267cce75,sk_pts,under,Pavel Dorofeyev,0.5,betonlineag,-112,-115,oddsapi
2026-10-02T21:05:05Z,2026-10-02,NYR @ DET,5b5466f836933f5fb3ed4b9f267cce75,sk_pts,over,Adam Fox,0.5,betonlineag,-125,-103,oddsapi
2026-10-02T21:05:05Z,2026-10-02,NYR @ DET,5b5466f836933f5fb3ed4b9f267cce75,sk_pts,under,Adam Fox,0.5,betonlineag,-103,-125,oddsapi
2026-10-02T21:05:05Z,2026-10-02,NYR @ DET,5b5466f836933f5fb3ed4b9f267cce75,sk_pts,over,Alexis Lafrenière,0.5,betonlineag,-116,-111,oddsapi
2026-10-02T21:05:05Z,2026-10-02,NYR @ DET,5b5466f836933f5fb3ed4b9f267cce75,sk_pts,under,Alexis Lafrenière,0.5,betonlineag,-111,-116,oddsapi
2026-10-02T21:05:05Z,2026-10-02,NYR @ DET,5b5466f836933f5fb3ed4b9f267cce75,sk_pts,over,Mika Zibanejad,0.5,betonlineag,-156,121,oddsapi
2026-10-02T21:05:05Z,2026-10-02,NYR @ DET,5b5466f836933f5fb3ed4b9f267cce75,sk_pts,under,Mika Zibanejad,0.5,betonlineag,121,-156,oddsapi
2026-10-02T21:05:05Z,2026-10-02,NYR @ DET,5b5466f836933f5fb3ed4b9f267cce75,sk_pts,over,Gabe Perreault,0.5,betonlineag,146,-192,oddsapi
2026-10-02T21:05:05Z,2026-10-02,NYR @ DET,5b5466f836933f5fb3ed4b9f267cce75,sk_pts,under,Gabe Perreault,0.5,betonlineag,-192,146,oddsapi
2026-10-02T21:05:05Z,2026-10-02,NYR @ DET,5b5466f836933f5fb3ed4b9f267cce75,sk_pts,over,Justin Faulk,0.5,betonlineag,178,-238,oddsapi
2026-10-02T21:05:05Z,2026-10-02,NYR @ DET,5b5466f836933f5fb3ed4b9f267cce75,sk_pts,under,Justin Faulk,0.5,betonlineag,-238,178,oddsapi
2026-10-02T21:05:05Z,2026-10-02,NYR @ DET,5b5466f836933f5fb3ed4b9f267cce75,sk_pts,over,J.T. Compher,0.5,betonlineag,158,-208,oddsapi
2026-10-02T21:05:05Z,2026-10-02,NYR @ DET,5b5466f836933f5fb3ed4b9f267cce75,sk_pts,under,J.T. Compher,0.5,betonlineag,-208,158,oddsapi
2026-10-02T21:05:05Z,2026-10-02,NYR @ DET,5b5466f836933f5fb3ed4b9f267cce75,sk_pts,over,Emmitt Finnie,0.5,betonlineag,122,-159,oddsapi
2026-10-02T21:05:05Z,2026-10-02,NYR @ DET,5b5466f836933f5fb3ed4b9f267cce75,sk_pts,under,Emmitt Finnie,0.5,betonlineag,-159,122,oddsapi
2026-10-02T21:05:05Z,2026-10-02,NYR @ DET,5b5466f836933f5fb3ed4b9f267cce75,sk_pts,over,Will Cuylle,0.5,betonlineag,152,-200,oddsapi
2026-10-02T21:05:05Z,2026-10-02,NYR @ DET,5b5466f836933f5fb3ed4b9f267cce75,sk_pts,under,Will Cuylle,0.5,betonlineag,-200,152,oddsapi
2026-10-02T21:05:05Z,2026-10-02,NYR @ DET,5b5466f836933f5fb3ed4b9f267cce75,sk_pts,over,Eeli Tolvanen,0.5,betonlineag,186,-250,oddsapi
2026-10-02T21:05:05Z,2026-10-02,NYR @ DET,5b5466f836933f5fb3ed4b9f267cce75,sk_pts,under,Eeli Tolvanen,0.5,betonlineag,-250,186,oddsapi
2026-10-02T21:05:05Z,2026-10-02,NYR @ DET,5b5466f836933f5fb3ed4b9f267cce75,sk_pts,over,Sean Durzi,0.5,betonlineag,199,-270,oddsapi
2026-10-02T21:05:05Z,2026-10-02,NYR @ DET,5b5466f836933f5fb3ed4b9f267cce75,sk_pts,under,Sean Durzi,0.5,betonlineag,-270,199,oddsapi
2026-10-02T21:05:05Z,2026-10-02,NYR @ DET,5b5466f836933f5fb3ed4b9f267cce75,sk_pts,over,Oliver Bjorkstrand,0.5,betonlineag,146,-192,oddsapi
2026-10-02T21:05:05Z,2026-10-02,NYR @ DET,5b5466f836933f5fb3ed4b9f267cce75,sk_pts,under,Oliver Bjorkstrand,0.5,betonlineag,-192,146,oddsapi
2026-10-02T21:05:05Z,2026-10-02,NYR @ DET,5b5466f836933f5fb3ed4b9f267cce75,sk_pts,over,Noah Laba,0.5,betonlineag,233,-323,oddsapi
2026-10-02T21:05:05Z,2026-10-02,NYR @ DET,5b5466f836933f5fb3ed4b9f267cce75,sk_pts,under,Noah Laba,0.5,betonlineag,-323,233,oddsapi
2026-10-02T21:05:05Z,2026-10-02,NYR @ DET,5b5466f836933f5fb3ed4b9f267cce75,sk_pts,over,Vladislav Gavrikov,0.5,betonlineag,195,-263,oddsapi
2026-10-02T21:05:05Z,2026-10-02,NYR @ DET,5b5466f836933f5fb3ed4b9f267cce75,sk_pts,under,Vladislav Gavrikov,0.5,betonlineag,-263,195,oddsapi
2026-10-02T21:05:05Z,2026-10-02,NYR @ DET,5b5466f836933f5fb3ed4b9f267cce75,sk_sog,over,Adam Fox,1.5,betonlineag,-122,-106,oddsapi
2026-10-02T21:05:05Z,2026-10-02,NYR @ DET,5b5466f836933f5fb3ed4b9f267cce75,sk_sog,under,Adam Fox,1.5,betonlineag,-106,-122,oddsapi
2026-10-02T21:05:05Z,2026-10-02,NYR @ DET,5b5466f836933f5fb3ed4b9f267cce75,sk_sog,over,Mika Zibanejad,2.5,betonlineag,115,-149,oddsapi
2026-10-02T21:05:05Z,2026-10-02,NYR @ DET,5b5466f836933f5fb3ed4b9f267cce75,sk_sog,under,Mika Zibanejad,2.5,betonlineag,-149,115,oddsapi
2026-10-02T21:05:05Z,2026-10-02,NYR @ DET,5b5466f836933f5fb3ed4b9f267cce75,sk_sog,over,Alexis Lafrenière,2.5,betonlineag,134,-175,oddsapi
2026-10-02T21:05:05Z,2026-10-02,NYR @ DET,5b5466f836933f5fb3ed4b9f267cce75,sk_sog,under,Alexis Lafrenière,2.5,betonlineag,-175,134,oddsapi
2026-10-02T21:05:05Z,2026-10-02,NYR @ DET,5b5466f836933f5fb3ed4b9f267cce75,sk_sog,over,Pavel Dorofeyev,2.5,betonlineag,-130,101,oddsapi
2026-10-02T21:05:05Z,2026-10-02,NYR @ DET,5b5466f836933f5fb3ed4b9f267cce75,sk_sog,under,Pavel Dorofeyev,2.5,betonlineag,101,-130,oddsapi
2026-10-02T21:05:05Z,2026-10-02,NYR @ DET,5b5466f836933f5fb3ed4b9f267cce75,sk_sog,over,J.T. Miller,1.5,betonlineag,-182,138,oddsapi
2026-10-02T21:05:05Z,2026-10-02,NYR @ DET,5b5466f836933f5fb3ed4b9f267cce75,sk_sog,under,J.T. Miller,1.5,betonlineag,138,-182,oddsapi
2026-10-02T21:05:05Z,2026-10-02,NYR @ DET,5b5466f836933f5fb3ed4b9f267cce75,sk_sog,over,Oliver Bjorkstrand,1.5,betonlineag,-103,-125,oddsapi
2026-10-02T21:05:05Z,2026-10-02,NYR @ DET,5b5466f836933f5fb3ed4b9f267cce75,sk_sog,under,Oliver Bjorkstrand,1.5,betonlineag,-125,-103,oddsapi
2026-10-02T21:05:05Z,2026-10-02,NYR @ DET,5b5466f836933f5fb3ed4b9f267cce75,sk_sog,over,Alex DeBrincat,3.5,betonlineag,104,-135,oddsapi
2026-10-02T21:05:05Z,2026-10-02,NYR @ DET,5b5466f836933f5fb3ed4b9f267cce75,sk_sog,under,Alex DeBrincat,3.5,betonlineag,-135,104,oddsapi
2026-10-02T21:05:05Z,2026-10-02,NYR @ DET,5b5466f836933f5fb3ed4b9f267cce75,sk_sog,over,Lucas Raymond,2.5,betonlineag,112,-145,oddsapi
2026-10-02T21:05:05Z,2026-10-02,NYR @ DET,5b5466f836933f5fb3ed4b9f267cce75,sk_sog,under,Lucas Raymond,2.5,betonlineag,-145,112,oddsapi
2026-10-02T21:05:05Z,2026-10-02,NYR @ DET,5b5466f836933f5fb3ed4b9f267cce75,sk_sog,over,Moritz Seider,2.5,betonlineag,109,-141,oddsapi
2026-10-02T21:05:05Z,2026-10-02,NYR @ DET,5b5466f836933f5fb3ed4b9f267cce75,sk_sog,under,Moritz Seider,2.5,betonlineag,-141,109,oddsapi
2026-10-02T21:05:05Z,2026-10-02,NYR @ DET,5b5466f836933f5fb3ed4b9f267cce75,sk_sog,over,Andrew Copp,1.5,betonlineag,-106,-122,oddsapi
2026-10-02T21:05:05Z,2026-10-02,NYR @ DET,5b5466f836933f5fb3ed4b9f267cce75,sk_sog,under,Andrew Copp,1.5,betonlineag,-122,-106,oddsapi
2026-10-02T21:05:05Z,2026-10-02,NYR @ DET,5b5466f836933f5fb3ed4b9f267cce75,sk_sog,over,Justin Faulk,1.5,betonlineag,-143,110,oddsapi
2026-10-02T21:05:05Z,2026-10-02,NYR @ DET,5b5466f836933f5fb3ed4b9f267cce75,sk_sog,under,Justin Faulk,1.5,betonlineag,110,-143,oddsapi
2026-10-02T21:05:05Z,2026-10-02,NYR @ DET,5b5466f836933f5fb3ed4b9f267cce75,sk_sog,over,Gabe Perreault,1.5,betonlineag,122,-159,oddsapi
2026-10-02T21:05:05Z,2026-10-02,NYR @ DET,5b5466f836933f5fb3ed4b9f267cce75,sk_sog,under,Gabe Perreault,1.5,betonlineag,-159,122,oddsapi
2026-10-02T21:05:05Z,2026-10-02,NYR @ DET,5b5466f836933f5fb3ed4b9f267cce75,sk_sog,over,Will Cuylle,1.5,betonlineag,-128,-101,oddsapi
2026-10-02T21:05:05Z,2026-10-02,NYR @ DET,5b5466f836933f5fb3ed4b9f267cce75,sk_sog,under,Will Cuylle,1.5,betonlineag,-101,-128,oddsapi
2026-10-02T21:05:05Z,2026-10-02,NYR @ DET,5b5466f836933f5fb3ed4b9f267cce75,sk_sog,over,Vladislav Gavrikov,1.5,betonlineag,120,-156,oddsapi
2026-10-02T21:05:05Z,2026-10-02,NYR @ DET,5b5466f836933f5fb3ed4b9f267cce75,sk_sog,under,Vladislav Gavrikov,1.5,betonlineag,-156,120,oddsapi
2026-10-02T21:05:05Z,2026-10-02,NYR @ DET,5b5466f836933f5fb3ed4b9f267cce75,sk_sog,over,Eeli Tolvanen,1.5,betonlineag,100,-130,oddsapi
2026-10-02T21:05:05Z,2026-10-02,NYR @ DET,5b5466f836933f5fb3ed4b9f267cce75,sk_sog,under,Eeli Tolvanen,1.5,betonlineag,-130,100,oddsapi
2026-10-02T21:05:05Z,2026-10-02,NYR @ DET,5b5466f836933f5fb3ed4b9f267cce75,sk_sog,over,Emmitt Finnie,1.5,betonlineag,-119,-109,oddsapi
2026-10-02T21:05:05Z,2026-10-02,NYR @ DET,5b5466f836933f5fb3ed4b9f267cce75,sk_sog,under,Emmitt Finnie,1.5,betonlineag,-109,-119,oddsapi
2026-10-02T21:05:05Z,2026-10-02,NYR @ DET,5b5466f836933f5fb3ed4b9f267cce75,g_saves,over,John Gibson,23.5,betonlineag,-109,-119,oddsapi
2026-10-02T21:05:05Z,2026-10-02,NYR @ DET,5b5466f836933f5fb3ed4b9f267cce75,g_saves,under,John Gibson,23.5,betonlineag,-119,-109,oddsapi
2026-10-02T21:05:05Z,2026-10-02,NYR @ DET,5b5466f836933f5fb3ed4b9f267cce75,p1_pl,DET,,-0.5,betonlineag,168,-193,oddsapi
2026-10-02T21:05:05Z,2026-10-02,NYR @ DET,5b5466f836933f5fb3ed4b9f267cce75,p1_pl,NYR,,0.5,betonlineag,-193,168,oddsapi
2026-10-02T21:05:05Z,2026-10-02,NYR @ DET,5b5466f836933f5fb3ed4b9f267cce75,team_total,over,DET,3.5,betonlineag,131,-168,oddsapi
2026-10-02T21:05:05Z,2026-10-02,NYR @ DET,5b5466f836933f5fb3ed4b9f267cce75,team_total,under,DET,3.5,betonlineag,-168,131,oddsapi
2026-10-02T21:05:05Z,2026-10-02,NYR @ DET,5b5466f836933f5fb3ed4b9f267cce75,team_total,over,NYR,2.5,betonlineag,-143,112,oddsapi
2026-10-02T21:05:05Z,2026-10-02,NYR @ DET,5b5466f836933f5fb3ed4b9f267cce75,team_total,under,NYR,2.5,betonlineag,112,-143,oddsapi
2026-10-02T21:05:05Z,2026-10-02,NYR @ DET,5b5466f836933f5fb3ed4b9f267cce75,p1_total,over,,1.5,betonlineag,-120,100,oddsapi
2026-10-02T21:05:05Z,2026-10-02,NYR @ DET,5b5466f836933f5fb3ed4b9f267cce75,p1_total,under,,1.5,betonlineag,100,-120,oddsapi
2026-10-02T21:05:05Z,2026-10-02,NYR @ DET,5b5466f836933f5fb3ed4b9f267cce75,p1_ml,DET,,,betus,-125,-105,oddsapi
2026-10-02T21:05:05Z,2026-10-02,NYR @ DET,5b5466f836933f5fb3ed4b9f267cce75,p1_ml,NYR,,,betus,-105,-125,oddsapi
2026-10-02T21:05:05Z,2026-10-02,NYR @ DET,5b5466f836933f5fb3ed4b9f267cce75,p1_pl,DET,,-0.5,betus,160,-195,oddsapi
2026-10-02T21:05:05Z,2026-10-02,NYR @ DET,5b5466f836933f5fb3ed4b9f267cce75,p1_pl,NYR,,0.5,betus,-195,160,oddsapi
2026-10-02T21:05:05Z,2026-10-02,NYR @ DET,5b5466f836933f5fb3ed4b9f267cce75,p1_total,over,,1.5,betus,-125,-105,oddsapi
2026-10-02T21:05:05Z,2026-10-02,NYR @ DET,5b5466f836933f5fb3ed4b9f267cce75,p1_total,under,,1.5,betus,-105,-125,oddsapi
2026-10-02T21:05:05Z,2026-10-02,WSH @ CAR,dfc3a73fc50d3d1c4b58150c834e2e7d,game_pl_alt,CAR,,1.5,fanduel,-400,280,oddsapi
2026-10-02T21:05:05Z,2026-10-02,WSH @ CAR,dfc3a73fc50d3d1c4b58150c834e2e7d,game_pl_alt,CAR,,2.5,fanduel,-750,470,oddsapi
2026-10-02T21:05:05Z,2026-10-02,WSH @ CAR,dfc3a73fc50d3d1c4b58150c834e2e7d,game_pl_alt,CAR,,3.5,fanduel,-3500,1420,oddsapi
2026-10-02T21:05:05Z,2026-10-02,WSH @ CAR,dfc3a73fc50d3d1c4b58150c834e2e7d,game_pl_alt,CAR,,4.5,fanduel,-8000,3800,oddsapi
2026-10-02T21:05:05Z,2026-10-02,WSH @ CAR,dfc3a73fc50d3d1c4b58150c834e2e7d,game_pl_alt,CAR,,5.5,fanduel,-50000,,oddsapi
2026-10-02T21:05:05Z,2026-10-02,WSH @ CAR,dfc3a73fc50d3d1c4b58150c834e2e7d,game_pl_alt,CAR,,-1.5,fanduel,160,-210,oddsapi
2026-10-02T21:05:05Z,2026-10-02,WSH @ CAR,dfc3a73fc50d3d1c4b58150c834e2e7d,game_pl_alt,CAR,,-2.5,fanduel,260,-370,oddsapi
2026-10-02T21:05:05Z,2026-10-02,WSH @ CAR,dfc3a73fc50d3d1c4b58150c834e2e7d,game_pl_alt,CAR,,-3.5,fanduel,740,-1350,oddsapi
2026-10-02T21:05:05Z,2026-10-02,WSH @ CAR,dfc3a73fc50d3d1c4b58150c834e2e7d,game_pl_alt,CAR,,-4.5,fanduel,1750,-4500,oddsapi
2026-10-02T21:05:05Z,2026-10-02,WSH @ CAR,dfc3a73fc50d3d1c4b58150c834e2e7d,game_pl_alt,CAR,,-5.5,fanduel,4300,-8000,oddsapi
2026-10-02T21:05:05Z,2026-10-02,WSH @ CAR,dfc3a73fc50d3d1c4b58150c834e2e7d,game_pl_alt,WSH,,1.5,fanduel,-210,160,oddsapi
2026-10-02T21:05:05Z,2026-10-02,WSH @ CAR,dfc3a73fc50d3d1c4b58150c834e2e7d,game_pl_alt,WSH,,2.5,fanduel,-370,260,oddsapi
2026-10-02T21:05:05Z,2026-10-02,WSH @ CAR,dfc3a73fc50d3d1c4b58150c834e2e7d,game_pl_alt,WSH,,3.5,fanduel,-1350,740,oddsapi
2026-10-02T21:05:05Z,2026-10-02,WSH @ CAR,dfc3a73fc50d3d1c4b58150c834e2e7d,game_pl_alt,WSH,,4.5,fanduel,-4500,1750,oddsapi
2026-10-02T21:05:05Z,2026-10-02,WSH @ CAR,dfc3a73fc50d3d1c4b58150c834e2e7d,game_pl_alt,WSH,,5.5,fanduel,-8000,4300,oddsapi
2026-10-02T21:05:05Z,2026-10-02,WSH @ CAR,dfc3a73fc50d3d1c4b58150c834e2e7d,game_pl_alt,WSH,,6.5,fanduel,-50000,,oddsapi
2026-10-02T21:05:05Z,2026-10-02,WSH @ CAR,dfc3a73fc50d3d1c4b58150c834e2e7d,game_pl_alt,WSH,,-1.5,fanduel,280,-400,oddsapi
2026-10-02T21:05:05Z,2026-10-02,WSH @ CAR,dfc3a73fc50d3d1c4b58150c834e2e7d,game_pl_alt,WSH,,-2.5,fanduel,470,-750,oddsapi
2026-10-02T21:05:05Z,2026-10-02,WSH @ CAR,dfc3a73fc50d3d1c4b58150c834e2e7d,game_pl_alt,WSH,,-3.5,fanduel,1420,-3500,oddsapi
2026-10-02T21:05:05Z,2026-10-02,WSH @ CAR,dfc3a73fc50d3d1c4b58150c834e2e7d,game_pl_alt,WSH,,-4.5,fanduel,3800,-8000,oddsapi
2026-10-02T21:05:05Z,2026-10-02,WSH @ CAR,dfc3a73fc50d3d1c4b58150c834e2e7d,team_total_alt,over,CAR,0.5,fanduel,-4500,1750,oddsapi
2026-10-02T21:05:05Z,2026-10-02,WSH @ CAR,dfc3a73fc50d3d1c4b58150c834e2e7d,team_total_alt,over,CAR,1.5,fanduel,-750,470,oddsapi
2026-10-02T21:05:05Z,2026-10-02,WSH @ CAR,dfc3a73fc50d3d1c4b58150c834e2e7d,team_total_alt,over,CAR,2.5,fanduel,-230,,oddsapi
2026-10-02T21:05:05Z,2026-10-02,WSH @ CAR,dfc3a73fc50d3d1c4b58150c834e2e7d,team_total_alt,over,CAR,3.5,fanduel,108,-136,oddsapi
2026-10-02T21:05:05Z,2026-10-02,WSH @ CAR,dfc3a73fc50d3d1c4b58150c834e2e7d,team_total_alt,over,CAR,4.5,fanduel,250,-360,oddsapi
2026-10-02T21:05:05Z,2026-10-02,WSH @ CAR,dfc3a73fc50d3d1c4b58150c834e2e7d,team_total_alt,over,CAR,5.5,fanduel,630,-1250,oddsapi
2026-10-02T21:05:05Z,2026-10-02,WSH @ CAR,dfc3a73fc50d3d1c4b58150c834e2e7d,team_total_alt,over,CAR,6.5,fanduel,1550,-3500,oddsapi
2026-10-02T21:05:05Z,2026-10-02,WSH @ CAR,dfc3a73fc50d3d1c4b58150c834e2e7d,team_total_alt,over,CAR,7.5,fanduel,5000,,oddsapi
2026-10-02T21:05:05Z,2026-10-02,WSH @ CAR,dfc3a73fc50d3d1c4b58150c834e2e7d,team_total_alt,under,CAR,0.5,fanduel,1750,-4500,oddsapi
2026-10-02T21:05:05Z,2026-10-02,WSH @ CAR,dfc3a73fc50d3d1c4b58150c834e2e7d,team_total_alt,under,CAR,1.5,fanduel,470,-750,oddsapi
2026-10-02T21:05:05Z,2026-10-02,WSH @ CAR,dfc3a73fc50d3d1c4b58150c834e2e7d,team_total_alt,under,CAR,3.5,fanduel,-136,108,oddsapi
2026-10-02T21:05:05Z,2026-10-02,WSH @ CAR,dfc3a73fc50d3d1c4b58150c834e2e7d,team_total_alt,under,CAR,4.5,fanduel,-360,250,oddsapi
2026-10-02T21:05:05Z,2026-10-02,WSH @ CAR,dfc3a73fc50d3d1c4b58150c834e2e7d,team_total_alt,under,CAR,5.5,fanduel,-1250,630,oddsapi
2026-10-02T21:05:05Z,2026-10-02,WSH @ CAR,dfc3a73fc50d3d1c4b58150c834e2e7d,team_total_alt,under,CAR,6.5,fanduel,-3500,1550,oddsapi
2026-10-02T21:05:05Z,2026-10-02,WSH @ CAR,dfc3a73fc50d3d1c4b58150c834e2e7d,team_total_alt,over,WSH,0.5,fanduel,-2400,1240,oddsapi
2026-10-02T21:05:05Z,2026-10-02,WSH @ CAR,dfc3a73fc50d3d1c4b58150c834e2e7d,team_total_alt,over,WSH,1.5,fanduel,-450,310,oddsapi
2026-10-02T21:05:05Z,2026-10-02,WSH @ CAR,dfc3a73fc50d3d1c4b58150c834e2e7d,team_total_alt,over,WSH,2.5,fanduel,-148,,oddsapi
2026-10-02T21:05:05Z,2026-10-02,WSH @ CAR,dfc3a73fc50d3d1c4b58150c834e2e7d,team_total_alt,over,WSH,3.5,fanduel,168,-215,oddsapi
2026-10-02T21:05:05Z,2026-10-02,WSH @ CAR,dfc3a73fc50d3d1c4b58150c834e2e7d,team_total_alt,over,WSH,4.5,fanduel,410,-650,oddsapi
2026-10-02T21:05:05Z,2026-10-02,WSH @ CAR,dfc3a73fc50d3d1c4b58150c834e2e7d,team_total_alt,over,WSH,5.5,fanduel,1020,-2000,oddsapi
2026-10-02T21:05:05Z,2026-10-02,WSH @ CAR,dfc3a73fc50d3d1c4b58150c834e2e7d,team_total_alt,over,WSH,6.5,fanduel,2700,-6000,oddsapi
2026-10-02T21:05:05Z,2026-10-02,WSH @ CAR,dfc3a73fc50d3d1c4b58150c834e2e7d,team_total_alt,under,WSH,0.5,fanduel,1240,-2400,oddsapi
2026-10-02T21:05:05Z,2026-10-02,WSH @ CAR,dfc3a73fc50d3d1c4b58150c834e2e7d,team_total_alt,under,WSH,1.5,fanduel,310,-450,oddsapi
2026-10-02T21:05:05Z,2026-10-02,WSH @ CAR,dfc3a73fc50d3d1c4b58150c834e2e7d,team_total_alt,under,WSH,3.5,fanduel,-215,168,oddsapi
2026-10-02T21:05:05Z,2026-10-02,WSH @ CAR,dfc3a73fc50d3d1c4b58150c834e2e7d,team_total_alt,under,WSH,4.5,fanduel,-650,410,oddsapi
2026-10-02T21:05:05Z,2026-10-02,WSH @ CAR,dfc3a73fc50d3d1c4b58150c834e2e7d,team_total_alt,under,WSH,5.5,fanduel,-2000,1020,oddsapi
2026-10-02T21:05:05Z,2026-10-02,WSH @ CAR,dfc3a73fc50d3d1c4b58150c834e2e7d,team_total_alt,under,WSH,6.5,fanduel,-6000,2700,oddsapi
2026-10-02T21:05:05Z,2026-10-02,WSH @ CAR,dfc3a73fc50d3d1c4b58150c834e2e7d,game_total_alt,over,,2.5,fanduel,-6000,2400,oddsapi
2026-10-02T21:05:05Z,2026-10-02,WSH @ CAR,dfc3a73fc50d3d1c4b58150c834e2e7d,game_total_alt,over,,3.5,fanduel,-1100,590,oddsapi
2026-10-02T21:05:05Z,2026-10-02,WSH @ CAR,dfc3a73fc50d3d1c4b58150c834e2e7d,game_total_alt,over,,4.5,fanduel,-550,340,oddsapi
2026-10-02T21:05:05Z,2026-10-02,WSH @ CAR,dfc3a73fc50d3d1c4b58150c834e2e7d,game_total_alt,over,,5.5,fanduel,-152,120,oddsapi
2026-10-02T21:05:05Z,2026-10-02,WSH @ CAR,dfc3a73fc50d3d1c4b58150c834e2e7d,game_total_alt,over,,6.5,fanduel,104,-132,oddsapi
2026-10-02T21:05:05Z,2026-10-02,WSH @ CAR,dfc3a73fc50d3d1c4b58150c834e2e7d,game_total_alt,over,,7.5,fanduel,250,-350,oddsapi
2026-10-02T21:05:05Z,2026-10-02,WSH @ CAR,dfc3a73fc50d3d1c4b58150c834e2e7d,game_total_alt,over,,8.5,fanduel,390,-600,oddsapi
2026-10-02T21:05:05Z,2026-10-02,WSH @ CAR,dfc3a73fc50d3d1c4b58150c834e2e7d,game_total_alt,over,,9.5,fanduel,920,-1800,oddsapi
2026-10-02T21:05:05Z,2026-10-02,WSH @ CAR,dfc3a73fc50d3d1c4b58150c834e2e7d,game_total_alt,over,,10.5,fanduel,1400,-3500,oddsapi
2026-10-02T21:05:05Z,2026-10-02,WSH @ CAR,dfc3a73fc50d3d1c4b58150c834e2e7d,game_total_alt,over,,11.5,fanduel,3400,-8000,oddsapi
2026-10-02T21:05:05Z,2026-10-02,WSH @ CAR,dfc3a73fc50d3d1c4b58150c834e2e7d,game_total_alt,over,,12.5,fanduel,6000,,oddsapi
2026-10-02T21:05:05Z,2026-10-02,WSH @ CAR,dfc3a73fc50d3d1c4b58150c834e2e7d,game_total_alt,under,,2.5,fanduel,2400,-6000,oddsapi
2026-10-02T21:05:05Z,2026-10-02,WSH @ CAR,dfc3a73fc50d3d1c4b58150c834e2e7d,game_total_alt,under,,3.5,fanduel,590,-1100,oddsapi
2026-10-02T21:05:05Z,2026-10-02,WSH @ CAR,dfc3a73fc50d3d1c4b58150c834e2e7d,game_total_alt,under,,4.5,fanduel,340,-550,oddsapi
2026-10-02T21:05:05Z,2026-10-02,WSH @ CAR,dfc3a73fc50d3d1c4b58150c834e2e7d,game_total_alt,under,,5.5,fanduel,120,-152,oddsapi
2026-10-02T21:05:05Z,2026-10-02,WSH @ CAR,dfc3a73fc50d3d1c4b58150c834e2e7d,game_total_alt,under,,6.5,fanduel,-132,104,oddsapi
2026-10-02T21:05:05Z,2026-10-02,WSH @ CAR,dfc3a73fc50d3d1c4b58150c834e2e7d,game_total_alt,under,,7.5,fanduel,-350,250,oddsapi
2026-10-02T21:05:05Z,2026-10-02,WSH @ CAR,dfc3a73fc50d3d1c4b58150c834e2e7d,game_total_alt,under,,8.5,fanduel,-600,390,oddsapi
2026-10-02T21:05:05Z,2026-10-02,WSH @ CAR,dfc3a73fc50d3d1c4b58150c834e2e7d,game_total_alt,under,,9.5,fanduel,-1800,920,oddsapi
2026-10-02T21:05:05Z,2026-10-02,WSH @ CAR,dfc3a73fc50d3d1c4b58150c834e2e7d,game_total_alt,under,,10.5,fanduel,-3500,1400,oddsapi
2026-10-02T21:05:05Z,2026-10-02,WSH @ CAR,dfc3a73fc50d3d1c4b58150c834e2e7d,game_total_alt,under,,11.5,fanduel,-8000,3400,oddsapi
2026-10-02T21:05:05Z,2026-10-02,WSH @ CAR,dfc3a73fc50d3d1c4b58150c834e2e7d,game_ml3,CAR,,,fanduel,110,,oddsapi
2026-10-02T21:05:05Z,2026-10-02,WSH @ CAR,dfc3a73fc50d3d1c4b58150c834e2e7d,game_ml3,WSH,,,fanduel,190,,oddsapi
2026-10-02T21:05:05Z,2026-10-02,WSH @ CAR,dfc3a73fc50d3d1c4b58150c834e2e7d,game_ml3,draw,,,fanduel,300,,oddsapi
2026-10-02T21:05:05Z,2026-10-02,WSH @ CAR,dfc3a73fc50d3d1c4b58150c834e2e7d,p1_ml3,CAR,,,fanduel,160,,oddsapi
2026-10-02T21:05:05Z,2026-10-02,WSH @ CAR,dfc3a73fc50d3d1c4b58150c834e2e7d,p1_ml3,WSH,,,fanduel,210,,oddsapi
2026-10-02T21:05:05Z,2026-10-02,WSH @ CAR,dfc3a73fc50d3d1c4b58150c834e2e7d,p1_ml3,draw,,,fanduel,180,,oddsapi
2026-10-02T21:05:05Z,2026-10-02,WSH @ CAR,dfc3a73fc50d3d1c4b58150c834e2e7d,p2_ml3,CAR,,,fanduel,145,,oddsapi
2026-10-02T21:05:05Z,2026-10-02,WSH @ CAR,dfc3a73fc50d3d1c4b58150c834e2e7d,p2_ml3,WSH,,,fanduel,200,,oddsapi
2026-10-02T21:05:05Z,2026-10-02,WSH @ CAR,dfc3a73fc50d3d1c4b58150c834e2e7d,p2_ml3,draw,,,fanduel,210,,oddsapi
2026-10-02T21:05:05Z,2026-10-02,WSH @ CAR,dfc3a73fc50d3d1c4b58150c834e2e7d,p3_ml3,CAR,,,fanduel,130,,oddsapi
2026-10-02T21:05:05Z,2026-10-02,WSH @ CAR,dfc3a73fc50d3d1c4b58150c834e2e7d,p3_ml3,WSH,,,fanduel,190,,oddsapi
2026-10-02T21:05:05Z,2026-10-02,WSH @ CAR,dfc3a73fc50d3d1c4b58150c834e2e7d,p3_ml3,draw,,,fanduel,250,,oddsapi
2026-10-02T21:05:05Z,2026-10-02,WSH @ CAR,dfc3a73fc50d3d1c4b58150c834e2e7d,p1_ml,CAR,,,fanduel,-140,110,oddsapi
2026-10-02T21:05:05Z,2026-10-02,WSH @ CAR,dfc3a73fc50d3d1c4b58150c834e2e7d,p1_ml,WSH,,,fanduel,110,-140,oddsapi
2026-10-02T21:05:05Z,2026-10-02,WSH @ CAR,dfc3a73fc50d3d1c4b58150c834e2e7d,p2_ml,CAR,,,fanduel,-138,108,oddsapi
2026-10-02T21:05:05Z,2026-10-02,WSH @ CAR,dfc3a73fc50d3d1c4b58150c834e2e7d,p2_ml,WSH,,,fanduel,108,-138,oddsapi
2026-10-02T21:05:05Z,2026-10-02,WSH @ CAR,dfc3a73fc50d3d1c4b58150c834e2e7d,p3_ml,CAR,,,fanduel,-142,112,oddsapi
2026-10-02T21:05:05Z,2026-10-02,WSH @ CAR,dfc3a73fc50d3d1c4b58150c834e2e7d,p3_ml,WSH,,,fanduel,112,-142,oddsapi
2026-10-02T21:05:05Z,2026-10-02,WSH @ CAR,dfc3a73fc50d3d1c4b58150c834e2e7d,ags,yes,Andrei Svechnikov,,fanduel,190,,oddsapi
2026-10-02T21:05:05Z,2026-10-02,WSH @ CAR,dfc3a73fc50d3d1c4b58150c834e2e7d,ags,yes,Sebastian Aho,,fanduel,200,,oddsapi
2026-10-02T21:05:05Z,2026-10-02,WSH @ CAR,dfc3a73fc50d3d1c4b58150c834e2e7d,ags,yes,Logan Stankoven,,fanduel,220,,oddsapi
2026-10-02T21:05:05Z,2026-10-02,WSH @ CAR,dfc3a73fc50d3d1c4b58150c834e2e7d,ags,yes,Alex Ovechkin,,fanduel,230,,oddsapi
2026-10-02T21:05:05Z,2026-10-02,WSH @ CAR,dfc3a73fc50d3d1c4b58150c834e2e7d,ags,yes,Jackson Blake,,fanduel,230,,oddsapi
2026-10-02T21:05:05Z,2026-10-02,WSH @ CAR,dfc3a73fc50d3d1c4b58150c834e2e7d,ags,yes,Nikolaj Ehlers,,fanduel,240,,oddsapi
2026-10-02T21:05:05Z,2026-10-02,WSH @ CAR,dfc3a73fc50d3d1c4b58150c834e2e7d,ags,yes,Taylor Hall,,fanduel,290,,oddsapi
2026-10-02T21:05:05Z,2026-10-02,WSH @ CAR,dfc3a73fc50d3d1c4b58150c834e2e7d,ags,yes,Jordan Staal,,fanduel,290,,oddsapi
2026-10-02T21:05:05Z,2026-10-02,WSH @ CAR,dfc3a73fc50d3d1c4b58150c834e2e7d,ags,yes,Tom Wilson,,fanduel,320,,oddsapi
2026-10-02T21:05:05Z,2026-10-02,WSH @ CAR,dfc3a73fc50d3d1c4b58150c834e2e7d,ags,yes,Ryan Leonard,,fanduel,330,,oddsapi
2026-10-02T21:05:05Z,2026-10-02,WSH @ CAR,dfc3a73fc50d3d1c4b58150c834e2e7d,ags,yes,Dylan Strome,,fanduel,330,,oddsapi
2026-10-02T21:05:05Z,2026-10-02,WSH @ CAR,dfc3a73fc50d3d1c4b58150c834e2e7d,ags,yes,Mark Jankowski,,fanduel,360,,oddsapi
2026-10-02T21:05:05Z,2026-10-02,WSH @ CAR,dfc3a73fc50d3d1c4b58150c834e2e7d,ags,yes,Ilya Protas,,fanduel,380,,oddsapi
2026-10-02T21:05:05Z,2026-10-02,WSH @ CAR,dfc3a73fc50d3d1c4b58150c834e2e7d,ags,yes,Pierre-Luc Dubois,,fanduel,380,,oddsapi
2026-10-02T21:05:05Z,2026-10-02,WSH @ CAR,dfc3a73fc50d3d1c4b58150c834e2e7d,ags,yes,Jakob Chychrun,,fanduel,410,,oddsapi
2026-10-02T21:05:05Z,2026-10-02,WSH @ CAR,dfc3a73fc50d3d1c4b58150c834e2e7d,ags,yes,Aliaksei Protas,,fanduel,440,,oddsapi
2026-10-02T21:05:05Z,2026-10-02,WSH @ CAR,dfc3a73fc50d3d1c4b58150c834e2e7d,ags,yes,Shayne Gostisbehere,,fanduel,550,,oddsapi
2026-10-02T21:05:05Z,2026-10-02,WSH @ CAR,dfc3a73fc50d3d1c4b58150c834e2e7d,ags,yes,Jordan Martinook,,fanduel,575,,oddsapi
2026-10-02T21:05:05Z,2026-10-02,WSH @ CAR,dfc3a73fc50d3d1c4b58150c834e2e7d,ags,yes,Eric Robinson,,fanduel,600,,oddsapi
2026-10-02T21:05:05Z,2026-10-02,WSH @ CAR,dfc3a73fc50d3d1c4b58150c834e2e7d,ags,yes,Cole Hutson,,fanduel,650,,oddsapi
2026-10-02T21:05:05Z,2026-10-02,WSH @ CAR,dfc3a73fc50d3d1c4b58150c834e2e7d,ags,yes,K'Andre Miller,,fanduel,750,,oddsapi
2026-10-02T21:05:05Z,2026-10-02,WSH @ CAR,dfc3a73fc50d3d1c4b58150c834e2e7d,ags,yes,Justin Sourdif,,fanduel,750,,oddsapi
2026-10-02T21:05:05Z,2026-10-02,WSH @ CAR,dfc3a73fc50d3d1c4b58150c834e2e7d,ags,yes,Sean Walker,,fanduel,800,,oddsapi
2026-10-02T21:05:05Z,2026-10-02,WSH @ CAR,dfc3a73fc50d3d1c4b58150c834e2e7d,ags,yes,Anthony Beauvillier,,fanduel,800,,oddsapi
2026-10-02T21:05:05Z,2026-10-02,WSH @ CAR,dfc3a73fc50d3d1c4b58150c834e2e7d,ags,yes,William Carrier,,fanduel,950,,oddsapi
2026-10-02T21:05:05Z,2026-10-02,WSH @ CAR,dfc3a73fc50d3d1c4b58150c834e2e7d,ags,yes,Jaccob Slavin,,fanduel,1000,,oddsapi
2026-10-02T21:05:05Z,2026-10-02,WSH @ CAR,dfc3a73fc50d3d1c4b58150c834e2e7d,ags,yes,Jalen Chatfield,,fanduel,1300,,oddsapi
2026-10-02T21:05:05Z,2026-10-02,WSH @ CAR,dfc3a73fc50d3d1c4b58150c834e2e7d,ags,yes,Matt Roy,,fanduel,1700,,oddsapi
2026-10-02T21:05:05Z,2026-10-02,WSH @ CAR,dfc3a73fc50d3d1c4b58150c834e2e7d,fgs,yes,Andrei Svechnikov,,fanduel,1200,,oddsapi
2026-10-02T21:05:05Z,2026-10-02,WSH @ CAR,dfc3a73fc50d3d1c4b58150c834e2e7d,fgs,yes,Sebastian Aho,,fanduel,1300,,oddsapi
2026-10-02T21:05:05Z,2026-10-02,WSH @ CAR,dfc3a73fc50d3d1c4b58150c834e2e7d,fgs,yes,Jackson Blake,,fanduel,1400,,oddsapi
2026-10-02T21:05:05Z,2026-10-02,WSH @ CAR,dfc3a73fc50d3d1c4b58150c834e2e7d,fgs,yes,Alex Ovechkin,,fanduel,1500,,oddsapi
2026-10-02T21:05:05Z,2026-10-02,WSH @ CAR,dfc3a73fc50d3d1c4b58150c834e2e7d,fgs,yes,Logan Stankoven,,fanduel,1600,,oddsapi
2026-10-02T21:05:05Z,2026-10-02,WSH @ CAR,dfc3a73fc50d3d1c4b58150c834e2e7d,fgs,yes,Nikolaj Ehlers,,fanduel,1600,,oddsapi
2026-10-02T21:05:05Z,2026-10-02,WSH @ CAR,dfc3a73fc50d3d1c4b58150c834e2e7d,fgs,yes,Taylor Hall,,fanduel,1700,,oddsapi
2026-10-02T21:05:05Z,2026-10-02,WSH @ CAR,dfc3a73fc50d3d1c4b58150c834e2e7d,fgs,yes,Jordan Staal,,fanduel,1800,,oddsapi
2026-10-02T21:05:05Z,2026-10-02,WSH @ CAR,dfc3a73fc50d3d1c4b58150c834e2e7d,fgs,yes,Mark Jankowski,,fanduel,2000,,oddsapi
2026-10-02T21:05:05Z,2026-10-02,WSH @ CAR,dfc3a73fc50d3d1c4b58150c834e2e7d,fgs,yes,Tom Wilson,,fanduel,2000,,oddsapi
2026-10-02T21:05:05Z,2026-10-02,WSH @ CAR,dfc3a73fc50d3d1c4b58150c834e2e7d,fgs,yes,Ryan Leonard,,fanduel,2200,,oddsapi
2026-10-02T21:05:05Z,2026-10-02,WSH @ CAR,dfc3a73fc50d3d1c4b58150c834e2e7d,fgs,yes,Dylan Strome,,fanduel,2200,,oddsapi
2026-10-02T21:05:05Z,2026-10-02,WSH @ CAR,dfc3a73fc50d3d1c4b58150c834e2e7d,fgs,yes,Ilya Protas,,fanduel,2200,,oddsapi
2026-10-02T21:05:05Z,2026-10-02,WSH @ CAR,dfc3a73fc50d3d1c4b58150c834e2e7d,fgs,yes,Jakob Chychrun,,fanduel,2500,,oddsapi
2026-10-02T21:05:05Z,2026-10-02,WSH @ CAR,dfc3a73fc50d3d1c4b58150c834e2e7d,fgs,yes,Pierre-Luc Dubois,,fanduel,2500,,oddsapi
2026-10-02T21:05:05Z,2026-10-02,WSH @ CAR,dfc3a73fc50d3d1c4b58150c834e2e7d,fgs,yes,Aliaksei Protas,,fanduel,2500,,oddsapi
2026-10-02T21:05:05Z,2026-10-02,WSH @ CAR,dfc3a73fc50d3d1c4b58150c834e2e7d,fgs,yes,Shayne Gostisbehere,,fanduel,2700,,oddsapi
2026-10-02T21:05:05Z,2026-10-02,WSH @ CAR,dfc3a73fc50d3d1c4b58150c834e2e7d,fgs,yes,Jordan Martinook,,fanduel,3000,,oddsapi
2026-10-02T21:05:05Z,2026-10-02,WSH @ CAR,dfc3a73fc50d3d1c4b58150c834e2e7d,fgs,yes,Cole Hutson,,fanduel,3300,,oddsapi
2026-10-02T21:05:05Z,2026-10-02,WSH @ CAR,dfc3a73fc50d3d1c4b58150c834e2e7d,fgs,yes,Eric Robinson,,fanduel,3300,,oddsapi
2026-10-02T21:05:05Z,2026-10-02,WSH @ CAR,dfc3a73fc50d3d1c4b58150c834e2e7d,fgs,yes,Justin Sourdif,,fanduel,3500,,oddsapi
2026-10-02T21:05:05Z,2026-10-02,WSH @ CAR,dfc3a73fc50d3d1c4b58150c834e2e7d,fgs,yes,Anthony Beauvillier,,fanduel,4000,,oddsapi
2026-10-02T21:05:05Z,2026-10-02,WSH @ CAR,dfc3a73fc50d3d1c4b58150c834e2e7d,fgs,yes,Sean Walker,,fanduel,4000,,oddsapi
2026-10-02T21:05:05Z,2026-10-02,WSH @ CAR,dfc3a73fc50d3d1c4b58150c834e2e7d,fgs,yes,K'Andre Miller,,fanduel,4000,,oddsapi
2026-10-02T21:05:05Z,2026-10-02,WSH @ CAR,dfc3a73fc50d3d1c4b58150c834e2e7d,fgs,yes,Jaccob Slavin,,fanduel,4500,,oddsapi
2026-10-02T21:05:05Z,2026-10-02,WSH @ CAR,dfc3a73fc50d3d1c4b58150c834e2e7d,fgs,yes,William Carrier,,fanduel,5000,,oddsapi
2026-10-02T21:05:05Z,2026-10-02,WSH @ CAR,dfc3a73fc50d3d1c4b58150c834e2e7d,fgs,yes,Jalen Chatfield,,fanduel,6000,,oddsapi
2026-10-02T21:05:05Z,2026-10-02,WSH @ CAR,dfc3a73fc50d3d1c4b58150c834e2e7d,fgs,yes,Matt Roy,,fanduel,8000,,oddsapi
2026-10-02T21:05:05Z,2026-10-02,WSH @ CAR,dfc3a73fc50d3d1c4b58150c834e2e7d,sk_g,over,Tom Wilson,0.5,fanduel,320,-490,oddsapi
2026-10-02T21:05:05Z,2026-10-02,WSH @ CAR,dfc3a73fc50d3d1c4b58150c834e2e7d,sk_g,under,Tom Wilson,0.5,fanduel,-490,320,oddsapi
2026-10-02T21:05:05Z,2026-10-02,WSH @ CAR,dfc3a73fc50d3d1c4b58150c834e2e7d,sk_g,over,Alex Ovechkin,0.5,fanduel,230,-320,oddsapi
2026-10-02T21:05:05Z,2026-10-02,WSH @ CAR,dfc3a73fc50d3d1c4b58150c834e2e7d,sk_g,under,Alex Ovechkin,0.5,fanduel,-320,230,oddsapi
2026-10-02T21:05:05Z,2026-10-02,WSH @ CAR,dfc3a73fc50d3d1c4b58150c834e2e7d,sk_sog,over,Nikolaj Ehlers,2.5,fanduel,122,-160,oddsapi
2026-10-02T21:05:05Z,2026-10-02,WSH @ CAR,dfc3a73fc50d3d1c4b58150c834e2e7d,sk_sog,under,Nikolaj Ehlers,2.5,fanduel,-160,122,oddsapi
2026-10-02T21:05:05Z,2026-10-02,WSH @ CAR,dfc3a73fc50d3d1c4b58150c834e2e7d,sk_sog,over,Jackson Blake,2.5,fanduel,120,-156,oddsapi
2026-10-02T21:05:05Z,2026-10-02,WSH @ CAR,dfc3a73fc50d3d1c4b58150c834e2e7d,sk_sog,under,Jackson Blake,2.5,fanduel,-156,120,oddsapi
2026-10-02T21:05:05Z,2026-10-02,WSH @ CAR,dfc3a73fc50d3d1c4b58150c834e2e7d,sk_sog,over,Andrei Svechnikov,2.5,fanduel,-104,-125,oddsapi
2026-10-02T21:05:05Z,2026-10-02,WSH @ CAR,dfc3a73fc50d3d1c4b58150c834e2e7d,sk_sog,under,Andrei Svechnikov,2.5,fanduel,-125,-104,oddsapi
2026-10-02T21:05:05Z,2026-10-02,WSH @ CAR,dfc3a73fc50d3d1c4b58150c834e2e7d,sk_sog,over,Alex Ovechkin,2.5,fanduel,-114,-114,oddsapi
2026-10-02T21:05:05Z,2026-10-02,WSH @ CAR,dfc3a73fc50d3d1c4b58150c834e2e7d,sk_sog,under,Alex Ovechkin,2.5,fanduel,-114,-114,oddsapi
2026-10-02T21:05:05Z,2026-10-02,WSH @ CAR,dfc3a73fc50d3d1c4b58150c834e2e7d,sk_sog,over,Jakob Chychrun,1.5,fanduel,-184,140,oddsapi
2026-10-02T21:05:05Z,2026-10-02,WSH @ CAR,dfc3a73fc50d3d1c4b58150c834e2e7d,sk_sog,under,Jakob Chychrun,1.5,fanduel,140,-184,oddsapi
2026-10-02T21:05:05Z,2026-10-02,WSH @ CAR,dfc3a73fc50d3d1c4b58150c834e2e7d,sk_sog,over,Sebastian Aho,2.5,fanduel,108,-140,oddsapi
2026-10-02T21:05:05Z,2026-10-02,WSH @ CAR,dfc3a73fc50d3d1c4b58150c834e2e7d,sk_sog,under,Sebastian Aho,2.5,fanduel,-140,108,oddsapi
2026-10-02T21:05:05Z,2026-10-02,WSH @ CAR,dfc3a73fc50d3d1c4b58150c834e2e7d,sk_sog,over,Tom Wilson,1.5,fanduel,-128,-102,oddsapi
2026-10-02T21:05:05Z,2026-10-02,WSH @ CAR,dfc3a73fc50d3d1c4b58150c834e2e7d,sk_sog,under,Tom Wilson,1.5,fanduel,-102,-128,oddsapi
2026-10-02T21:05:05Z,2026-10-02,WSH @ CAR,dfc3a73fc50d3d1c4b58150c834e2e7d,p1_pl,CAR,,-0.5,fanduel,156,-205,oddsapi
2026-10-02T21:05:05Z,2026-10-02,WSH @ CAR,dfc3a73fc50d3d1c4b58150c834e2e7d,p1_pl,WSH,,0.5,fanduel,-205,156,oddsapi
2026-10-02T21:05:05Z,2026-10-02,WSH @ CAR,dfc3a73fc50d3d1c4b58150c834e2e7d,p2_pl,CAR,,-0.5,fanduel,144,-186,oddsapi
2026-10-02T21:05:05Z,2026-10-02,WSH @ CAR,dfc3a73fc50d3d1c4b58150c834e2e7d,p2_pl,WSH,,0.5,fanduel,-186,144,oddsapi
2026-10-02T21:05:05Z,2026-10-02,WSH @ CAR,dfc3a73fc50d3d1c4b58150c834e2e7d,p3_pl,CAR,,-0.5,fanduel,130,-166,oddsapi
2026-10-02T21:05:05Z,2026-10-02,WSH @ CAR,dfc3a73fc50d3d1c4b58150c834e2e7d,p3_pl,WSH,,0.5,fanduel,-166,130,oddsapi
2026-10-02T21:05:05Z,2026-10-02,WSH @ CAR,dfc3a73fc50d3d1c4b58150c834e2e7d,team_total,over,CAR,2.5,fanduel,-230,,oddsapi
2026-10-02T21:05:05Z,2026-10-02,WSH @ CAR,dfc3a73fc50d3d1c4b58150c834e2e7d,team_total,under,CAR,3.5,fanduel,-136,,oddsapi
2026-10-02T21:05:05Z,2026-10-02,WSH @ CAR,dfc3a73fc50d3d1c4b58150c834e2e7d,team_total,over,WSH,2.5,fanduel,-148,,oddsapi
2026-10-02T21:05:05Z,2026-10-02,WSH @ CAR,dfc3a73fc50d3d1c4b58150c834e2e7d,team_total,under,WSH,3.5,fanduel,-215,,oddsapi
2026-10-02T21:05:05Z,2026-10-02,WSH @ CAR,dfc3a73fc50d3d1c4b58150c834e2e7d,p1_team_total,over,CAR,0.5,fanduel,-186,146,oddsapi
2026-10-02T21:05:05Z,2026-10-02,WSH @ CAR,dfc3a73fc50d3d1c4b58150c834e2e7d,p1_team_total,under,CAR,0.5,fanduel,146,-186,oddsapi
2026-10-02T21:05:05Z,2026-10-02,WSH @ CAR,dfc3a73fc50d3d1c4b58150c834e2e7d,p1_team_total,over,WSH,0.5,fanduel,-146,114,oddsapi
2026-10-02T21:05:05Z,2026-10-02,WSH @ CAR,dfc3a73fc50d3d1c4b58150c834e2e7d,p1_team_total,under,WSH,0.5,fanduel,114,-146,oddsapi
2026-10-02T21:05:05Z,2026-10-02,WSH @ CAR,dfc3a73fc50d3d1c4b58150c834e2e7d,p1_total,over,,1.5,fanduel,-138,108,oddsapi
2026-10-02T21:05:05Z,2026-10-02,WSH @ CAR,dfc3a73fc50d3d1c4b58150c834e2e7d,p1_total,under,,1.5,fanduel,108,-138,oddsapi
2026-10-02T21:05:05Z,2026-10-02,WSH @ CAR,dfc3a73fc50d3d1c4b58150c834e2e7d,p2_total,over,,1.5,fanduel,-182,142,oddsapi
2026-10-02T21:05:05Z,2026-10-02,WSH @ CAR,dfc3a73fc50d3d1c4b58150c834e2e7d,p2_total,under,,1.5,fanduel,142,-182,oddsapi
2026-10-02T21:05:05Z,2026-10-02,WSH @ CAR,dfc3a73fc50d3d1c4b58150c834e2e7d,p3_total,over,,2.5,fanduel,142,-182,oddsapi
2026-10-02T21:05:05Z,2026-10-02,WSH @ CAR,dfc3a73fc50d3d1c4b58150c834e2e7d,p3_total,under,,2.5,fanduel,-182,142,oddsapi
2026-10-02T21:05:05Z,2026-10-02,WSH @ CAR,dfc3a73fc50d3d1c4b58150c834e2e7d,game_ml3,CAR,,,fanatics,105,,oddsapi
2026-10-02T21:05:05Z,2026-10-02,WSH @ CAR,dfc3a73fc50d3d1c4b58150c834e2e7d,game_ml3,WSH,,,fanatics,180,,oddsapi
2026-10-02T21:05:05Z,2026-10-02,WSH @ CAR,dfc3a73fc50d3d1c4b58150c834e2e7d,game_ml3,draw,,,fanatics,280,,oddsapi
2026-10-02T21:05:05Z,2026-10-02,WSH @ CAR,dfc3a73fc50d3d1c4b58150c834e2e7d,ags,yes,Shayne Gostisbehere,,fanatics,500,,oddsapi
2026-10-02T21:05:05Z,2026-10-02,WSH @ CAR,dfc3a73fc50d3d1c4b58150c834e2e7d,ags,yes,Taylor Hall,,fanatics,285,,oddsapi
2026-10-02T21:05:05Z,2026-10-02,WSH @ CAR,dfc3a73fc50d3d1c4b58150c834e2e7d,ags,yes,Nikolaj Ehlers,,fanatics,225,,oddsapi
2026-10-02T21:05:05Z,2026-10-02,WSH @ CAR,dfc3a73fc50d3d1c4b58150c834e2e7d,ags,yes,Sean Walker,,fanatics,800,,oddsapi
2026-10-02T21:05:05Z,2026-10-02,WSH @ CAR,dfc3a73fc50d3d1c4b58150c834e2e7d,ags,yes,K'Andre Miller,,fanatics,700,,oddsapi
2026-10-02T21:05:05Z,2026-10-02,WSH @ CAR,dfc3a73fc50d3d1c4b58150c834e2e7d,ags,yes,Jalen Chatfield,,fanatics,1100,,oddsapi
2026-10-02T21:05:05Z,2026-10-02,WSH @ CAR,dfc3a73fc50d3d1c4b58150c834e2e7d,ags,yes,Jordan Staal,,fanatics,285,,oddsapi
2026-10-02T21:05:05Z,2026-10-02,WSH @ CAR,dfc3a73fc50d3d1c4b58150c834e2e7d,ags,yes,Sebastian Aho,,fanatics,190,,oddsapi
2026-10-02T21:05:05Z,2026-10-02,WSH @ CAR,dfc3a73fc50d3d1c4b58150c834e2e7d,ags,yes,Jordan Martinook,,fanatics,525,,oddsapi
2026-10-02T21:05:05Z,2026-10-02,WSH @ CAR,dfc3a73fc50d3d1c4b58150c834e2e7d,ags,yes,William Carrier,,fanatics,1000,,oddsapi
2026-10-02T21:05:05Z,2026-10-02,WSH @ CAR,dfc3a73fc50d3d1c4b58150c834e2e7d,ags,yes,Mark Jankowski,,fanatics,360,,oddsapi
2026-10-02T21:05:05Z,2026-10-02,WSH @ CAR,dfc3a73fc50d3d1c4b58150c834e2e7d,ags,yes,Logan Stankoven,,fanatics,215,,oddsapi
2026-10-02T21:05:05Z,2026-10-02,WSH @ CAR,dfc3a73fc50d3d1c4b58150c834e2e7d,ags,yes,Andrei Svechnikov,,fanatics,170,,oddsapi
2026-10-02T21:05:05Z,2026-10-02,WSH @ CAR,dfc3a73fc50d3d1c4b58150c834e2e7d,ags,yes,Eric Robinson,,fanatics,600,,oddsapi
2026-10-02T21:05:05Z,2026-10-02,WSH @ CAR,dfc3a73fc50d3d1c4b58150c834e2e7d,ags,yes,Jackson Blake,,fanatics,220,,oddsapi
2026-10-02T21:05:05Z,2026-10-02,WSH @ CAR,dfc3a73fc50d3d1c4b58150c834e2e7d,ags,yes,Jakob Chychrun,,fanatics,410,,oddsapi
2026-10-02T21:05:05Z,2026-10-02,WSH @ CAR,dfc3a73fc50d3d1c4b58150c834e2e7d,ags,yes,Alex Ovechkin,,fanatics,230,,oddsapi
2026-10-02T21:05:05Z,2026-10-02,WSH @ CAR,dfc3a73fc50d3d1c4b58150c834e2e7d,ags,yes,Dylan Strome,,fanatics,340,,oddsapi
2026-10-02T21:05:05Z,2026-10-02,WSH @ CAR,dfc3a73fc50d3d1c4b58150c834e2e7d,ags,yes,Tom Wilson,,fanatics,275,,oddsapi
2026-10-02T21:05:05Z,2026-10-02,WSH @ CAR,dfc3a73fc50d3d1c4b58150c834e2e7d,ags,yes,Anthony Beauvillier,,fanatics,700,,oddsapi
2026-10-02T21:05:05Z,2026-10-02,WSH @ CAR,dfc3a73fc50d3d1c4b58150c834e2e7d,ags,yes,Matt Roy,,fanatics,1800,,oddsapi
2026-10-02T21:05:05Z,2026-10-02,WSH @ CAR,dfc3a73fc50d3d1c4b58150c834e2e7d,ags,yes,Pierre-Luc Dubois,,fanatics,350,,oddsapi
2026-10-02T21:05:05Z,2026-10-02,WSH @ CAR,dfc3a73fc50d3d1c4b58150c834e2e7d,ags,yes,Justin Sourdif,,fanatics,700,,oddsapi
2026-10-02T21:05:05Z,2026-10-02,WSH @ CAR,dfc3a73fc50d3d1c4b58150c834e2e7d,ags,yes,Aliaksei Protas,,fanatics,450,,oddsapi
2026-10-02T21:05:05Z,2026-10-02,WSH @ CAR,dfc3a73fc50d3d1c4b58150c834e2e7d,ags,yes,Ilya Protas,,fanatics,390,,oddsapi
2026-10-02T21:05:05Z,2026-10-02,WSH @ CAR,dfc3a73fc50d3d1c4b58150c834e2e7d,ags,yes,Ryan Leonard,,fanatics,310,,oddsapi
2026-10-02T21:05:05Z,2026-10-02,WSH @ CAR,dfc3a73fc50d3d1c4b58150c834e2e7d,ags,yes,Cole Hutson,,fanatics,650,,oddsapi
2026-10-02T21:05:05Z,2026-10-02,WSH @ CAR,dfc3a73fc50d3d1c4b58150c834e2e7d,ags,yes,Nicolas Deslauriers,,fanatics,1600,,oddsapi
2026-10-02T21:05:05Z,2026-10-02,WSH @ CAR,dfc3a73fc50d3d1c4b58150c834e2e7d,ags,yes,Charles-Alexis Legault,,fanatics,1200,,oddsapi
2026-10-02T21:05:05Z,2026-10-02,WSH @ CAR,dfc3a73fc50d3d1c4b58150c834e2e7d,ags,yes,Timothy Liljegren,,fanatics,1800,,oddsapi
2026-10-02T21:05:05Z,2026-10-02,WSH @ CAR,dfc3a73fc50d3d1c4b58150c834e2e7d,ags,yes,Martin Fehervary,,fanatics,1800,,oddsapi
2026-10-02T21:05:05Z,2026-10-02,WSH @ CAR,dfc3a73fc50d3d1c4b58150c834e2e7d,fgs,yes,Shayne Gostisbehere,,fanatics,2500,,oddsapi
2026-10-02T21:05:05Z,2026-10-02,WSH @ CAR,dfc3a73fc50d3d1c4b58150c834e2e7d,fgs,yes,Taylor Hall,,fanatics,1500,,oddsapi
2026-10-02T21:05:05Z,2026-10-02,WSH @ CAR,dfc3a73fc50d3d1c4b58150c834e2e7d,fgs,yes,Nikolaj Ehlers,,fanatics,1300,,oddsapi
2026-10-02T21:05:05Z,2026-10-02,WSH @ CAR,dfc3a73fc50d3d1c4b58150c834e2e7d,fgs,yes,Sean Walker,,fanatics,3500,,oddsapi
2026-10-02T21:05:05Z,2026-10-02,WSH @ CAR,dfc3a73fc50d3d1c4b58150c834e2e7d,fgs,yes,K'Andre Miller,,fanatics,3000,,oddsapi
2026-10-02T21:05:05Z,2026-10-02,WSH @ CAR,dfc3a73fc50d3d1c4b58150c834e2e7d,fgs,yes,Jalen Chatfield,,fanatics,4500,,oddsapi
2026-10-02T21:05:05Z,2026-10-02,WSH @ CAR,dfc3a73fc50d3d1c4b58150c834e2e7d,fgs,yes,Jordan Staal,,fanatics,1500,,oddsapi
2026-10-02T21:05:05Z,2026-10-02,WSH @ CAR,dfc3a73fc50d3d1c4b58150c834e2e7d,fgs,yes,Sebastian Aho,,fanatics,1100,,oddsapi
2026-10-02T21:05:05Z,2026-10-02,WSH @ CAR,dfc3a73fc50d3d1c4b58150c834e2e7d,fgs,yes,Jordan Martinook,,fanatics,2500,,oddsapi
2026-10-02T21:05:05Z,2026-10-02,WSH @ CAR,dfc3a73fc50d3d1c4b58150c834e2e7d,fgs,yes,William Carrier,,fanatics,4500,,oddsapi
2026-10-02T21:05:05Z,2026-10-02,WSH @ CAR,dfc3a73fc50d3d1c4b58150c834e2e7d,fgs,yes,Mark Jankowski,,fanatics,1900,,oddsapi
2026-10-02T21:05:05Z,2026-10-02,WSH @ CAR,dfc3a73fc50d3d1c4b58150c834e2e7d,fgs,yes,Logan Stankoven,,fanatics,1200,,oddsapi
2026-10-02T21:05:05Z,2026-10-02,WSH @ CAR,dfc3a73fc50d3d1c4b58150c834e2e7d,fgs,yes,Andrei Svechnikov,,fanatics,950,,oddsapi
2026-10-02T21:05:05Z,2026-10-02,WSH @ CAR,dfc3a73fc50d3d1c4b58150c834e2e7d,fgs,yes,Eric Robinson,,fanatics,2500,,oddsapi
2026-10-02T21:05:05Z,2026-10-02,WSH @ CAR,dfc3a73fc50d3d1c4b58150c834e2e7d,fgs,yes,Jackson Blake,,fanatics,1300,,oddsapi
2026-10-02T21:05:05Z,2026-10-02,WSH @ CAR,dfc3a73fc50d3d1c4b58150c834e2e7d,fgs,yes,Jakob Chychrun,,fanatics,1900,,oddsapi
2026-10-02T21:05:05Z,2026-10-02,WSH @ CAR,dfc3a73fc50d3d1c4b58150c834e2e7d,fgs,yes,Alex Ovechkin,,fanatics,1200,,oddsapi
2026-10-02T21:05:05Z,2026-10-02,WSH @ CAR,dfc3a73fc50d3d1c4b58150c834e2e7d,fgs,yes,Dylan Strome,,fanatics,1700,,oddsapi
2026-10-02T21:05:05Z,2026-10-02,WSH @ CAR,dfc3a73fc50d3d1c4b58150c834e2e7d,fgs,yes,Tom Wilson,,fanatics,1500,,oddsapi
2026-10-02T21:05:05Z,2026-10-02,WSH @ CAR,dfc3a73fc50d3d1c4b58150c834e2e7d,fgs,yes,Anthony Beauvillier,,fanatics,3000,,oddsapi
2026-10-02T21:05:05Z,2026-10-02,WSH @ CAR,dfc3a73fc50d3d1c4b58150c834e2e7d,fgs,yes,Matt Roy,,fanatics,8000,,oddsapi
2026-10-02T21:05:05Z,2026-10-02,WSH @ CAR,dfc3a73fc50d3d1c4b58150c834e2e7d,fgs,yes,Pierre-Luc Dubois,,fanatics,1900,,oddsapi
2026-10-02T21:05:05Z,2026-10-02,WSH @ CAR,dfc3a73fc50d3d1c4b58150c834e2e7d,fgs,yes,Justin Sourdif,,fanatics,2800,,oddsapi
2026-10-02T21:05:05Z,2026-10-02,WSH @ CAR,dfc3a73fc50d3d1c4b58150c834e2e7d,fgs,yes,Aliaksei Protas,,fanatics,2200,,oddsapi
2026-10-02T21:05:05Z,2026-10-02,WSH @ CAR,dfc3a73fc50d3d1c4b58150c834e2e7d,fgs,yes,Ilya Protas,,fanatics,1900,,oddsapi
2026-10-02T21:05:05Z,2026-10-02,WSH @ CAR,dfc3a73fc50d3d1c4b58150c834e2e7d,fgs,yes,Ryan Leonard,,fanatics,1700,,oddsapi
2026-10-02T21:05:05Z,2026-10-02,WSH @ CAR,dfc3a73fc50d3d1c4b58150c834e2e7d,fgs,yes,Cole Hutson,,fanatics,2800,,oddsapi
2026-10-02T21:05:05Z,2026-10-02,WSH @ CAR,dfc3a73fc50d3d1c4b58150c834e2e7d,fgs,yes,No 1st Goal,,fanatics,15000,,oddsapi
2026-10-02T21:05:05Z,2026-10-02,WSH @ CAR,dfc3a73fc50d3d1c4b58150c834e2e7d,fgs,yes,Nicolas Deslauriers,,fanatics,7000,,oddsapi
2026-10-02T21:05:05Z,2026-10-02,WSH @ CAR,dfc3a73fc50d3d1c4b58150c834e2e7d,fgs,yes,Charles-Alexis Legault,,fanatics,5000,,oddsapi
2026-10-02T21:05:05Z,2026-10-02,WSH @ CAR,dfc3a73fc50d3d1c4b58150c834e2e7d,fgs,yes,Timothy Liljegren,,fanatics,8000,,oddsapi
2026-10-02T21:05:05Z,2026-10-02,WSH @ CAR,dfc3a73fc50d3d1c4b58150c834e2e7d,fgs,yes,Martin Fehervary,,fanatics,7000,,oddsapi
2026-10-02T21:05:05Z,2026-10-02,WSH @ CAR,dfc3a73fc50d3d1c4b58150c834e2e7d,team_total,over,CAR,3.5,fanatics,110,-145,oddsapi
2026-10-02T21:05:05Z,2026-10-02,WSH @ CAR,dfc3a73fc50d3d1c4b58150c834e2e7d,team_total,under,CAR,3.5,fanatics,-145,110,oddsapi
2026-10-02T21:05:05Z,2026-10-02,WSH @ CAR,dfc3a73fc50d3d1c4b58150c834e2e7d,team_total,over,WSH,2.5,fanatics,-145,110,oddsapi
2026-10-02T21:05:05Z,2026-10-02,WSH @ CAR,dfc3a73fc50d3d1c4b58150c834e2e7d,team_total,under,WSH,2.5,fanatics,110,-145,oddsapi
2026-10-02T21:05:05Z,2026-10-02,WSH @ CAR,dfc3a73fc50d3d1c4b58150c834e2e7d,game_pl_alt,CAR,,3.5,draftkings,-2800,1000,oddsapi
2026-10-02T21:05:05Z,2026-10-02,WSH @ CAR,dfc3a73fc50d3d1c4b58150c834e2e7d,game_pl_alt,CAR,,2.5,draftkings,-725,430,oddsapi
2026-10-02T21:05:05Z,2026-10-02,WSH @ CAR,dfc3a73fc50d3d1c4b58150c834e2e7d,game_pl_alt,CAR,,1.5,draftkings,-360,250,oddsapi
2026-10-02T21:05:05Z,2026-10-02,WSH @ CAR,dfc3a73fc50d3d1c4b58150c834e2e7d,game_pl_alt,CAR,,-2.5,draftkings,265,-385,oddsapi
2026-10-02T21:05:05Z,2026-10-02,WSH @ CAR,dfc3a73fc50d3d1c4b58150c834e2e7d,game_pl_alt,CAR,,-3.5,draftkings,625,-1200,oddsapi
2026-10-02T21:05:05Z,2026-10-02,WSH @ CAR,dfc3a73fc50d3d1c4b58150c834e2e7d,game_pl_alt,WSH,,-3.5,draftkings,1000,-2800,oddsapi
2026-10-02T21:05:05Z,2026-10-02,WSH @ CAR,dfc3a73fc50d3d1c4b58150c834e2e7d,game_pl_alt,WSH,,-2.5,draftkings,430,-725,oddsapi
2026-10-02T21:05:05Z,2026-10-02,WSH @ CAR,dfc3a73fc50d3d1c4b58150c834e2e7d,game_pl_alt,WSH,,-1.5,draftkings,250,-360,oddsapi
2026-10-02T21:05:05Z,2026-10-02,WSH @ CAR,dfc3a73fc50d3d1c4b58150c834e2e7d,game_pl_alt,WSH,,2.5,draftkings,-385,265,oddsapi
2026-10-02T21:05:05Z,2026-10-02,WSH @ CAR,dfc3a73fc50d3d1c4b58150c834e2e7d,game_pl_alt,WSH,,3.5,draftkings,-1200,625,oddsapi
2026-10-02T21:05:05Z,2026-10-02,WSH @ CAR,dfc3a73fc50d3d1c4b58150c834e2e7d,team_total_alt,over,CAR,0.5,draftkings,-4500,1200,oddsapi
2026-10-02T21:05:05Z,2026-10-02,WSH @ CAR,dfc3a73fc50d3d1c4b58150c834e2e7d,team_total_alt,under,CAR,0.5,draftkings,1200,-4500,oddsapi
2026-10-02T21:05:05Z,2026-10-02,WSH @ CAR,dfc3a73fc50d3d1c4b58150c834e2e7d,team_total_alt,over,CAR,1.5,draftkings,-600,370,oddsapi
2026-10-02T21:05:05Z,2026-10-02,WSH @ CAR,dfc3a73fc50d3d1c4b58150c834e2e7d,team_total_alt,under,CAR,1.5,draftkings,370,-600,oddsapi
2026-10-02T21:05:05Z,2026-10-02,WSH @ CAR,dfc3a73fc50d3d1c4b58150c834e2e7d,team_total_alt,over,CAR,2.5,draftkings,-210,155,oddsapi
2026-10-02T21:05:05Z,2026-10-02,WSH @ CAR,dfc3a73fc50d3d1c4b58150c834e2e7d,team_total_alt,under,CAR,2.5,draftkings,155,-210,oddsapi
2026-10-02T21:05:05Z,2026-10-02,WSH @ CAR,dfc3a73fc50d3d1c4b58150c834e2e7d,team_total_alt,over,CAR,3.5,draftkings,110,-150,oddsapi
2026-10-02T21:05:05Z,2026-10-02,WSH @ CAR,dfc3a73fc50d3d1c4b58150c834e2e7d,team_total_alt,under,CAR,3.5,draftkings,-150,110,oddsapi
2026-10-02T21:05:05Z,2026-10-02,WSH @ CAR,dfc3a73fc50d3d1c4b58150c834e2e7d,team_total_alt,over,CAR,4.5,draftkings,255,-370,oddsapi
2026-10-02T21:05:05Z,2026-10-02,WSH @ CAR,dfc3a73fc50d3d1c4b58150c834e2e7d,team_total_alt,under,CAR,4.5,draftkings,-370,255,oddsapi
2026-10-02T21:05:05Z,2026-10-02,WSH @ CAR,dfc3a73fc50d3d1c4b58150c834e2e7d,team_total_alt,over,CAR,5.5,draftkings,575,-1050,oddsapi
2026-10-02T21:05:05Z,2026-10-02,WSH @ CAR,dfc3a73fc50d3d1c4b58150c834e2e7d,team_total_alt,under,CAR,5.5,draftkings,-1050,575,oddsapi
2026-10-02T21:05:05Z,2026-10-02,WSH @ CAR,dfc3a73fc50d3d1c4b58150c834e2e7d,team_total_alt,over,WSH,0.5,draftkings,-3500,1100,oddsapi
2026-10-02T21:05:05Z,2026-10-02,WSH @ CAR,dfc3a73fc50d3d1c4b58150c834e2e7d,team_total_alt,under,WSH,0.5,draftkings,1100,-3500,oddsapi
2026-10-02T21:05:05Z,2026-10-02,WSH @ CAR,dfc3a73fc50d3d1c4b58150c834e2e7d,team_total_alt,over,WSH,1.5,draftkings,-450,300,oddsapi
2026-10-02T21:05:05Z,2026-10-02,WSH @ CAR,dfc3a73fc50d3d1c4b58150c834e2e7d,team_total_alt,under,WSH,1.5,draftkings,300,-450,oddsapi
2026-10-02T21:05:05Z,2026-10-02,WSH @ CAR,dfc3a73fc50d3d1c4b58150c834e2e7d,team_total_alt,over,WSH,2.5,draftkings,-160,120,oddsapi
2026-10-02T21:05:05Z,2026-10-02,WSH @ CAR,dfc3a73fc50d3d1c4b58150c834e2e7d,team_total_alt,under,WSH,2.5,draftkings,120,-160,oddsapi
2026-10-02T21:05:05Z,2026-10-02,WSH @ CAR,dfc3a73fc50d3d1c4b58150c834e2e7d,team_total_alt,over,WSH,3.5,draftkings,155,-210,oddsapi
2026-10-02T21:05:05Z,2026-10-02,WSH @ CAR,dfc3a73fc50d3d1c4b58150c834e2e7d,team_total_alt,under,WSH,3.5,draftkings,-210,155,oddsapi
2026-10-02T21:05:05Z,2026-10-02,WSH @ CAR,dfc3a73fc50d3d1c4b58150c834e2e7d,team_total_alt,over,WSH,4.5,draftkings,360,-575,oddsapi
2026-10-02T21:05:05Z,2026-10-02,WSH @ CAR,dfc3a73fc50d3d1c4b58150c834e2e7d,team_total_alt,under,WSH,4.5,draftkings,-575,360,oddsapi
2026-10-02T21:05:05Z,2026-10-02,WSH @ CAR,dfc3a73fc50d3d1c4b58150c834e2e7d,team_total_alt,over,WSH,5.5,draftkings,900,-2200,oddsapi
2026-10-02T21:05:05Z,2026-10-02,WSH @ CAR,dfc3a73fc50d3d1c4b58150c834e2e7d,team_total_alt,under,WSH,5.5,draftkings,-2200,900,oddsapi
2026-10-02T21:05:05Z,2026-10-02,WSH @ CAR,dfc3a73fc50d3d1c4b58150c834e2e7d,game_total_alt,over,,3.5,draftkings,-875,490,oddsapi
2026-10-02T21:05:05Z,2026-10-02,WSH @ CAR,dfc3a73fc50d3d1c4b58150c834e2e7d,game_total_alt,over,,4.5,draftkings,-440,295,oddsapi
2026-10-02T21:05:05Z,2026-10-02,WSH @ CAR,dfc3a73fc50d3d1c4b58150c834e2e7d,game_total_alt,over,,5.5,draftkings,-150,110,oddsapi
2026-10-02T21:05:05Z,2026-10-02,WSH @ CAR,dfc3a73fc50d3d1c4b58150c834e2e7d,game_total_alt,over,,7.5,draftkings,240,-340,oddsapi
2026-10-02T21:05:05Z,2026-10-02,WSH @ CAR,dfc3a73fc50d3d1c4b58150c834e2e7d,game_total_alt,over,,8.5,draftkings,360,-575,oddsapi
2026-10-02T21:05:05Z,2026-10-02,WSH @ CAR,dfc3a73fc50d3d1c4b58150c834e2e7d,game_total_alt,over,,9.5,draftkings,800,-1800,oddsapi
2026-10-02T21:05:05Z,2026-10-02,WSH @ CAR,dfc3a73fc50d3d1c4b58150c834e2e7d,game_total_alt,under,,3.5,draftkings,490,-875,oddsapi
2026-10-02T21:05:05Z,2026-10-02,WSH @ CAR,dfc3a73fc50d3d1c4b58150c834e2e7d,game_total_alt,under,,4.5,draftkings,295,-440,oddsapi
2026-10-02T21:05:05Z,2026-10-02,WSH @ CAR,dfc3a73fc50d3d1c4b58150c834e2e7d,game_total_alt,under,,5.5,draftkings,110,-150,oddsapi
2026-10-02T21:05:05Z,2026-10-02,WSH @ CAR,dfc3a73fc50d3d1c4b58150c834e2e7d,game_total_alt,under,,7.5,draftkings,-340,240,oddsapi
2026-10-02T21:05:05Z,2026-10-02,WSH @ CAR,dfc3a73fc50d3d1c4b58150c834e2e7d,game_total_alt,under,,8.5,draftkings,-575,360,oddsapi
2026-10-02T21:05:05Z,2026-10-02,WSH @ CAR,dfc3a73fc50d3d1c4b58150c834e2e7d,game_total_alt,under,,9.5,draftkings,-1800,800,oddsapi
2026-10-02T21:05:05Z,2026-10-02,WSH @ CAR,dfc3a73fc50d3d1c4b58150c834e2e7d,game_ml3,CAR,,,draftkings,110,,oddsapi
2026-10-02T21:05:05Z,2026-10-02,WSH @ CAR,dfc3a73fc50d3d1c4b58150c834e2e7d,game_ml3,WSH,,,draftkings,170,,oddsapi
2026-10-02T21:05:05Z,2026-10-02,WSH @ CAR,dfc3a73fc50d3d1c4b58150c834e2e7d,game_ml3,draw,,,draftkings,320,,oddsapi
2026-10-02T21:05:05Z,2026-10-02,WSH @ CAR,dfc3a73fc50d3d1c4b58150c834e2e7d,p1_ml3,CAR,,,draftkings,155,,oddsapi
2026-10-02T21:05:05Z,2026-10-02,WSH @ CAR,dfc3a73fc50d3d1c4b58150c834e2e7d,p1_ml3,WSH,,,draftkings,200,,oddsapi
2026-10-02T21:05:05Z,2026-10-02,WSH @ CAR,dfc3a73fc50d3d1c4b58150c834e2e7d,p1_ml3,draw,,,draftkings,185,,oddsapi
2026-10-02T21:05:05Z,2026-10-02,WSH @ CAR,dfc3a73fc50d3d1c4b58150c834e2e7d,p2_ml3,CAR,,,draftkings,155,,oddsapi
2026-10-02T21:05:05Z,2026-10-02,WSH @ CAR,dfc3a73fc50d3d1c4b58150c834e2e7d,p2_ml3,WSH,,,draftkings,185,,oddsapi
2026-10-02T21:05:05Z,2026-10-02,WSH @ CAR,dfc3a73fc50d3d1c4b58150c834e2e7d,p2_ml3,draw,,,draftkings,200,,oddsapi
2026-10-02T21:05:05Z,2026-10-02,WSH @ CAR,dfc3a73fc50d3d1c4b58150c834e2e7d,p3_ml3,CAR,,,draftkings,135,,oddsapi
2026-10-02T21:05:05Z,2026-10-02,WSH @ CAR,dfc3a73fc50d3d1c4b58150c834e2e7d,p3_ml3,WSH,,,draftkings,180,,oddsapi
2026-10-02T21:05:05Z,2026-10-02,WSH @ CAR,dfc3a73fc50d3d1c4b58150c834e2e7d,p3_ml3,draw,,,draftkings,235,,oddsapi
2026-10-02T21:05:05Z,2026-10-02,WSH @ CAR,dfc3a73fc50d3d1c4b58150c834e2e7d,sk_a,over,Sebastian Aho,0.5,draftkings,105,-140,oddsapi
2026-10-02T21:05:05Z,2026-10-02,WSH @ CAR,dfc3a73fc50d3d1c4b58150c834e2e7d,sk_a,under,Sebastian Aho,0.5,draftkings,-140,105,oddsapi
2026-10-02T21:05:05Z,2026-10-02,WSH @ CAR,dfc3a73fc50d3d1c4b58150c834e2e7d,sk_a,over,Shayne Gostisbehere,0.5,draftkings,130,-175,oddsapi
2026-10-02T21:05:05Z,2026-10-02,WSH @ CAR,dfc3a73fc50d3d1c4b58150c834e2e7d,sk_a,under,Shayne Gostisbehere,0.5,draftkings,-175,130,oddsapi
2026-10-02T21:05:05Z,2026-10-02,WSH @ CAR,dfc3a73fc50d3d1c4b58150c834e2e7d,sk_a,over,Jakob Chychrun,0.5,draftkings,135,-185,oddsapi
2026-10-02T21:05:05Z,2026-10-02,WSH @ CAR,dfc3a73fc50d3d1c4b58150c834e2e7d,sk_a,under,Jakob Chychrun,0.5,draftkings,-185,135,oddsapi
2026-10-02T21:05:05Z,2026-10-02,WSH @ CAR,dfc3a73fc50d3d1c4b58150c834e2e7d,sk_a,over,Nikolaj Ehlers,0.5,draftkings,135,-180,oddsapi
2026-10-02T21:05:05Z,2026-10-02,WSH @ CAR,dfc3a73fc50d3d1c4b58150c834e2e7d,sk_a,under,Nikolaj Ehlers,0.5,draftkings,-180,135,oddsapi
2026-10-02T21:05:05Z,2026-10-02,WSH @ CAR,dfc3a73fc50d3d1c4b58150c834e2e7d,sk_a,over,Dylan Strome,0.5,draftkings,150,-205,oddsapi
2026-10-02T21:05:05Z,2026-10-02,WSH @ CAR,dfc3a73fc50d3d1c4b58150c834e2e7d,sk_a,under,Dylan Strome,0.5,draftkings,-205,150,oddsapi
2026-10-02T21:05:05Z,2026-10-02,WSH @ CAR,dfc3a73fc50d3d1c4b58150c834e2e7d,sk_a,over,Andrei Svechnikov,0.5,draftkings,160,-215,oddsapi
2026-10-02T21:05:05Z,2026-10-02,WSH @ CAR,dfc3a73fc50d3d1c4b58150c834e2e7d,sk_a,under,Andrei Svechnikov,0.5,draftkings,-215,160,oddsapi
2026-10-02T21:05:05Z,2026-10-02,WSH @ CAR,dfc3a73fc50d3d1c4b58150c834e2e7d,sk_a,over,Jackson Blake,0.5,draftkings,180,-245,oddsapi
2026-10-02T21:05:05Z,2026-10-02,WSH @ CAR,dfc3a73fc50d3d1c4b58150c834e2e7d,sk_a,under,Jackson Blake,0.5,draftkings,-245,180,oddsapi
2026-10-02T21:05:05Z,2026-10-02,WSH @ CAR,dfc3a73fc50d3d1c4b58150c834e2e7d,sk_a,over,Alex Ovechkin,0.5,draftkings,185,-255,oddsapi
2026-10-02T21:05:05Z,2026-10-02,WSH @ CAR,dfc3a73fc50d3d1c4b58150c834e2e7d,sk_a,under,Alex Ovechkin,0.5,draftkings,-255,185,oddsapi
2026-10-02T21:05:05Z,2026-10-02,WSH @ CAR,dfc3a73fc50d3d1c4b58150c834e2e7d,sk_a,over,Taylor Hall,0.5,draftkings,195,-265,oddsapi
2026-10-02T21:05:05Z,2026-10-02,WSH @ CAR,dfc3a73fc50d3d1c4b58150c834e2e7d,sk_a,under,Taylor Hall,0.5,draftkings,-265,195,oddsapi
2026-10-02T21:05:05Z,2026-10-02,WSH @ CAR,dfc3a73fc50d3d1c4b58150c834e2e7d,sk_a,over,Logan Stankoven,0.5,draftkings,200,-280,oddsapi
2026-10-02T21:05:05Z,2026-10-02,WSH @ CAR,dfc3a73fc50d3d1c4b58150c834e2e7d,sk_a,under,Logan Stankoven,0.5,draftkings,-280,200,oddsapi
2026-10-02T21:05:05Z,2026-10-02,WSH @ CAR,dfc3a73fc50d3d1c4b58150c834e2e7d,sk_a,over,Pierre-Luc Dubois,0.5,draftkings,200,-280,oddsapi
2026-10-02T21:05:05Z,2026-10-02,WSH @ CAR,dfc3a73fc50d3d1c4b58150c834e2e7d,sk_a,under,Pierre-Luc Dubois,0.5,draftkings,-280,200,oddsapi
2026-10-02T21:05:05Z,2026-10-02,WSH @ CAR,dfc3a73fc50d3d1c4b58150c834e2e7d,sk_a,over,Ryan Leonard,0.5,draftkings,205,-285,oddsapi
2026-10-02T21:05:05Z,2026-10-02,WSH @ CAR,dfc3a73fc50d3d1c4b58150c834e2e7d,sk_a,under,Ryan Leonard,0.5,draftkings,-285,205,oddsapi
2026-10-02T21:05:05Z,2026-10-02,WSH @ CAR,dfc3a73fc50d3d1c4b58150c834e2e7d,sk_a,over,Tom Wilson,0.5,draftkings,205,-285,oddsapi
2026-10-02T21:05:05Z,2026-10-02,WSH @ CAR,dfc3a73fc50d3d1c4b58150c834e2e7d,sk_a,under,Tom Wilson,0.5,draftkings,-285,205,oddsapi
2026-10-02T21:05:05Z,2026-10-02,WSH @ CAR,dfc3a73fc50d3d1c4b58150c834e2e7d,sk_a,over,Aliaksei Protas,0.5,draftkings,225,-310,oddsapi
2026-10-02T21:05:05Z,2026-10-02,WSH @ CAR,dfc3a73fc50d3d1c4b58150c834e2e7d,sk_a,under,Aliaksei Protas,0.5,draftkings,-310,225,oddsapi
2026-10-02T21:05:05Z,2026-10-02,WSH @ CAR,dfc3a73fc50d3d1c4b58150c834e2e7d,sk_a,over,Jordan Martinook,0.5,draftkings,230,-320,oddsapi
2026-10-02T21:05:05Z,2026-10-02,WSH @ CAR,dfc3a73fc50d3d1c4b58150c834e2e7d,sk_a,under,Jordan Martinook,0.5,draftkings,-320,230,oddsapi
2026-10-02T21:05:05Z,2026-10-02,WSH @ CAR,dfc3a73fc50d3d1c4b58150c834e2e7d,sk_a,over,K'Andre Miller,0.5,draftkings,230,-320,oddsapi
2026-10-02T21:05:05Z,2026-10-02,WSH @ CAR,dfc3a73fc50d3d1c4b58150c834e2e7d,sk_a,under,K'Andre Miller,0.5,draftkings,-320,230,oddsapi
2026-10-02T21:05:05Z,2026-10-02,WSH @ CAR,dfc3a73fc50d3d1c4b58150c834e2e7d,sk_a,over,Cole Hutson,0.5,draftkings,240,-330,oddsapi
2026-10-02T21:05:05Z,2026-10-02,WSH @ CAR,dfc3a73fc50d3d1c4b58150c834e2e7d,sk_a,under,Cole Hutson,0.5,draftkings,-330,240,oddsapi
2026-10-02T21:05:05Z,2026-10-02,WSH @ CAR,dfc3a73fc50d3d1c4b58150c834e2e7d,sk_a,over,Sean Walker,0.5,draftkings,245,-350,oddsapi
2026-10-02T21:05:05Z,2026-10-02,WSH @ CAR,dfc3a73fc50d3d1c4b58150c834e2e7d,sk_a,under,Sean Walker,0.5,draftkings,-350,245,oddsapi
2026-10-02T21:05:05Z,2026-10-02,WSH @ CAR,dfc3a73fc50d3d1c4b58150c834e2e7d,sk_a,over,Eric Robinson,0.5,draftkings,250,-350,oddsapi
2026-10-02T21:05:05Z,2026-10-02,WSH @ CAR,dfc3a73fc50d3d1c4b58150c834e2e7d,sk_a,under,Eric Robinson,0.5,draftkings,-350,250,oddsapi
2026-10-02T21:05:05Z,2026-10-02,WSH @ CAR,dfc3a73fc50d3d1c4b58150c834e2e7d,sk_a,over,Ilya Protas,0.5,draftkings,250,-350,oddsapi
2026-10-02T21:05:05Z,2026-10-02,WSH @ CAR,dfc3a73fc50d3d1c4b58150c834e2e7d,sk_a,under,Ilya Protas,0.5,draftkings,-350,250,oddsapi
2026-10-02T21:05:05Z,2026-10-02,WSH @ CAR,dfc3a73fc50d3d1c4b58150c834e2e7d,sk_a,over,Jordan Staal,0.5,draftkings,280,-400,oddsapi
2026-10-02T21:05:05Z,2026-10-02,WSH @ CAR,dfc3a73fc50d3d1c4b58150c834e2e7d,sk_a,under,Jordan Staal,0.5,draftkings,-400,280,oddsapi
2026-10-02T21:05:05Z,2026-10-02,WSH @ CAR,dfc3a73fc50d3d1c4b58150c834e2e7d,sk_a,over,Matt Roy,0.5,draftkings,330,-475,oddsapi
2026-10-02T21:05:05Z,2026-10-02,WSH @ CAR,dfc3a73fc50d3d1c4b58150c834e2e7d,sk_a,under,Matt Roy,0.5,draftkings,-475,330,oddsapi
2026-10-02T21:05:05Z,2026-10-02,WSH @ CAR,dfc3a73fc50d3d1c4b58150c834e2e7d,sk_a,over,Jaccob Slavin,0.5,draftkings,380,-550,oddsapi
2026-10-02T21:05:05Z,2026-10-02,WSH @ CAR,dfc3a73fc50d3d1c4b58150c834e2e7d,sk_a,under,Jaccob Slavin,0.5,draftkings,-550,380,oddsapi
2026-10-02T21:05:05Z,2026-10-02,WSH @ CAR,dfc3a73fc50d3d1c4b58150c834e2e7d,sk_a,over,Jalen Chatfield,0.5,draftkings,390,-575,oddsapi
2026-10-02T21:05:05Z,2026-10-02,WSH @ CAR,dfc3a73fc50d3d1c4b58150c834e2e7d,sk_a,under,Jalen Chatfield,0.5,draftkings,-575,390,oddsapi
2026-10-02T21:05:05Z,2026-10-02,WSH @ CAR,dfc3a73fc50d3d1c4b58150c834e2e7d,sk_blk,over,Martin Fehervary,1.5,draftkings,-175,120,oddsapi
2026-10-02T21:05:05Z,2026-10-02,WSH @ CAR,dfc3a73fc50d3d1c4b58150c834e2e7d,sk_blk,under,Martin Fehervary,1.5,draftkings,120,-175,oddsapi
2026-10-02T21:05:05Z,2026-10-02,WSH @ CAR,dfc3a73fc50d3d1c4b58150c834e2e7d,sk_blk,over,Jaccob Slavin,1.5,draftkings,-150,105,oddsapi
2026-10-02T21:05:05Z,2026-10-02,WSH @ CAR,dfc3a73fc50d3d1c4b58150c834e2e7d,sk_blk,under,Jaccob Slavin,1.5,draftkings,105,-150,oddsapi
2026-10-02T21:05:05Z,2026-10-02,WSH @ CAR,dfc3a73fc50d3d1c4b58150c834e2e7d,ags,yes,Sebastian Aho,,draftkings,205,,oddsapi
2026-10-02T21:05:05Z,2026-10-02,WSH @ CAR,dfc3a73fc50d3d1c4b58150c834e2e7d,ags,yes,Andrei Svechnikov,,draftkings,205,,oddsapi
2026-10-02T21:05:05Z,2026-10-02,WSH @ CAR,dfc3a73fc50d3d1c4b58150c834e2e7d,ags,yes,Nikolaj Ehlers,,draftkings,225,,oddsapi
2026-10-02T21:05:05Z,2026-10-02,WSH @ CAR,dfc3a73fc50d3d1c4b58150c834e2e7d,ags,yes,Alex Ovechkin,,draftkings,225,,oddsapi
2026-10-02T21:05:05Z,2026-10-02,WSH @ CAR,dfc3a73fc50d3d1c4b58150c834e2e7d,ags,yes,Logan Stankoven,,draftkings,235,,oddsapi
2026-10-02T21:05:05Z,2026-10-02,WSH @ CAR,dfc3a73fc50d3d1c4b58150c834e2e7d,ags,yes,Jackson Blake,,draftkings,245,,oddsapi
2026-10-02T21:05:05Z,2026-10-02,WSH @ CAR,dfc3a73fc50d3d1c4b58150c834e2e7d,ags,yes,Taylor Hall,,draftkings,295,,oddsapi
2026-10-02T21:05:05Z,2026-10-02,WSH @ CAR,dfc3a73fc50d3d1c4b58150c834e2e7d,ags,yes,Tom Wilson,,draftkings,295,,oddsapi
2026-10-02T21:05:05Z,2026-10-02,WSH @ CAR,dfc3a73fc50d3d1c4b58150c834e2e7d,ags,yes,Jordan Staal,,draftkings,310,,oddsapi
2026-10-02T21:05:05Z,2026-10-02,WSH @ CAR,dfc3a73fc50d3d1c4b58150c834e2e7d,ags,yes,Ryan Leonard,,draftkings,330,,oddsapi
2026-10-02T21:05:05Z,2026-10-02,WSH @ CAR,dfc3a73fc50d3d1c4b58150c834e2e7d,ags,yes,Dylan Strome,,draftkings,350,,oddsapi
2026-10-02T21:05:05Z,2026-10-02,WSH @ CAR,dfc3a73fc50d3d1c4b58150c834e2e7d,ags,yes,Mark Jankowski,,draftkings,370,,oddsapi
2026-10-02T21:05:05Z,2026-10-02,WSH @ CAR,dfc3a73fc50d3d1c4b58150c834e2e7d,ags,yes,Pierre-Luc Dubois,,draftkings,370,,oddsapi
2026-10-02T21:05:05Z,2026-10-02,WSH @ CAR,dfc3a73fc50d3d1c4b58150c834e2e7d,ags,yes,Ilya Protas,,draftkings,390,,oddsapi
2026-10-02T21:05:05Z,2026-10-02,WSH @ CAR,dfc3a73fc50d3d1c4b58150c834e2e7d,ags,yes,Jakob Chychrun,,draftkings,425,,oddsapi
2026-10-02T21:05:05Z,2026-10-02,WSH @ CAR,dfc3a73fc50d3d1c4b58150c834e2e7d,ags,yes,Aliaksei Protas,,draftkings,450,,oddsapi
2026-10-02T21:05:05Z,2026-10-02,WSH @ CAR,dfc3a73fc50d3d1c4b58150c834e2e7d,ags,yes,Shayne Gostisbehere,,draftkings,500,,oddsapi
2026-10-02T21:05:05Z,2026-10-02,WSH @ CAR,dfc3a73fc50d3d1c4b58150c834e2e7d,ags,yes,Jordan Martinook,,draftkings,500,,oddsapi
2026-10-02T21:05:05Z,2026-10-02,WSH @ CAR,dfc3a73fc50d3d1c4b58150c834e2e7d,ags,yes,Eric Robinson,,draftkings,550,,oddsapi
2026-10-02T21:05:05Z,2026-10-02,WSH @ CAR,dfc3a73fc50d3d1c4b58150c834e2e7d,ags,yes,Anthony Beauvillier,,draftkings,650,,oddsapi
2026-10-02T21:05:05Z,2026-10-02,WSH @ CAR,dfc3a73fc50d3d1c4b58150c834e2e7d,ags,yes,Justin Sourdif,,draftkings,700,,oddsapi
2026-10-02T21:05:05Z,2026-10-02,WSH @ CAR,dfc3a73fc50d3d1c4b58150c834e2e7d,ags,yes,Cole Hutson,,draftkings,700,,oddsapi
2026-10-02T21:05:05Z,2026-10-02,WSH @ CAR,dfc3a73fc50d3d1c4b58150c834e2e7d,ags,yes,K'Andre Miller,,draftkings,750,,oddsapi
2026-10-02T21:05:05Z,2026-10-02,WSH @ CAR,dfc3a73fc50d3d1c4b58150c834e2e7d,ags,yes,Sean Walker,,draftkings,900,,oddsapi
2026-10-02T21:05:05Z,2026-10-02,WSH @ CAR,dfc3a73fc50d3d1c4b58150c834e2e7d,ags,yes,Jalen Chatfield,,draftkings,1100,,oddsapi
2026-10-02T21:05:05Z,2026-10-02,WSH @ CAR,dfc3a73fc50d3d1c4b58150c834e2e7d,ags,yes,William Carrier,,draftkings,1200,,oddsapi
2026-10-02T21:05:05Z,2026-10-02,WSH @ CAR,dfc3a73fc50d3d1c4b58150c834e2e7d,ags,yes,Charles-Alexis Legault,,draftkings,1300,,oddsapi
2026-10-02T21:05:05Z,2026-10-02,WSH @ CAR,dfc3a73fc50d3d1c4b58150c834e2e7d,ags,yes,Jaccob Slavin,,draftkings,1300,,oddsapi
2026-10-02T21:05:05Z,2026-10-02,WSH @ CAR,dfc3a73fc50d3d1c4b58150c834e2e7d,ags,yes,Nicolas Deslauriers,,draftkings,1500,,oddsapi
2026-10-02T21:05:05Z,2026-10-02,WSH @ CAR,dfc3a73fc50d3d1c4b58150c834e2e7d,ags,yes,Martin Fehervary,,draftkings,1600,,oddsapi
2026-10-02T21:05:05Z,2026-10-02,WSH @ CAR,dfc3a73fc50d3d1c4b58150c834e2e7d,ags,yes,Matt Roy,,draftkings,1700,,oddsapi
2026-10-02T21:05:05Z,2026-10-02,WSH @ CAR,dfc3a73fc50d3d1c4b58150c834e2e7d,ags,yes,Timothy Liljegren,,draftkings,1700,,oddsapi
2026-10-02T21:05:05Z,2026-10-02,WSH @ CAR,dfc3a73fc50d3d1c4b58150c834e2e7d,fgs,yes,Sebastian Aho,,draftkings,1100,,oddsapi
2026-10-02T21:05:05Z,2026-10-02,WSH @ CAR,dfc3a73fc50d3d1c4b58150c834e2e7d,fgs,yes,Andrei Svechnikov,,draftkings,1200,,oddsapi
2026-10-02T21:05:05Z,2026-10-02,WSH @ CAR,dfc3a73fc50d3d1c4b58150c834e2e7d,fgs,yes,Nikolaj Ehlers,,draftkings,1500,,oddsapi
2026-10-02T21:05:05Z,2026-10-02,WSH @ CAR,dfc3a73fc50d3d1c4b58150c834e2e7d,fgs,yes,Alex Ovechkin,,draftkings,1600,,oddsapi
2026-10-02T21:05:05Z,2026-10-02,WSH @ CAR,dfc3a73fc50d3d1c4b58150c834e2e7d,fgs,yes,Logan Stankoven,,draftkings,1600,,oddsapi
2026-10-02T21:05:05Z,2026-10-02,WSH @ CAR,dfc3a73fc50d3d1c4b58150c834e2e7d,fgs,yes,Jackson Blake,,draftkings,1600,,oddsapi
2026-10-02T21:05:05Z,2026-10-02,WSH @ CAR,dfc3a73fc50d3d1c4b58150c834e2e7d,fgs,yes,Tom Wilson,,draftkings,1700,,oddsapi
2026-10-02T21:05:05Z,2026-10-02,WSH @ CAR,dfc3a73fc50d3d1c4b58150c834e2e7d,fgs,yes,Taylor Hall,,draftkings,1900,,oddsapi
2026-10-02T21:05:05Z,2026-10-02,WSH @ CAR,dfc3a73fc50d3d1c4b58150c834e2e7d,fgs,yes,Pierre-Luc Dubois,,draftkings,1900,,oddsapi
2026-10-02T21:05:05Z,2026-10-02,WSH @ CAR,dfc3a73fc50d3d1c4b58150c834e2e7d,fgs,yes,Dylan Strome,,draftkings,2000,,oddsapi
2026-10-02T21:05:05Z,2026-10-02,WSH @ CAR,dfc3a73fc50d3d1c4b58150c834e2e7d,fgs,yes,Ryan Leonard,,draftkings,2000,,oddsapi
2026-10-02T21:05:05Z,2026-10-02,WSH @ CAR,dfc3a73fc50d3d1c4b58150c834e2e7d,fgs,yes,Jordan Staal,,draftkings,2000,,oddsapi
2026-10-02T21:05:05Z,2026-10-02,WSH @ CAR,dfc3a73fc50d3d1c4b58150c834e2e7d,fgs,yes,Mark Jankowski,,draftkings,2200,,oddsapi
2026-10-02T21:05:05Z,2026-10-02,WSH @ CAR,dfc3a73fc50d3d1c4b58150c834e2e7d,fgs,yes,Jakob Chychrun,,draftkings,2200,,oddsapi
2026-10-02T21:05:05Z,2026-10-02,WSH @ CAR,dfc3a73fc50d3d1c4b58150c834e2e7d,fgs,yes,Eric Robinson,,draftkings,2500,,oddsapi
2026-10-02T21:05:05Z,2026-10-02,WSH @ CAR,dfc3a73fc50d3d1c4b58150c834e2e7d,fgs,yes,Ilya Protas,,draftkings,2500,,oddsapi
2026-10-02T21:05:05Z,2026-10-02,WSH @ CAR,dfc3a73fc50d3d1c4b58150c834e2e7d,fgs,yes,Aliaksei Protas,,draftkings,2800,,oddsapi
2026-10-02T21:05:05Z,2026-10-02,WSH @ CAR,dfc3a73fc50d3d1c4b58150c834e2e7d,fgs,yes,Jordan Martinook,,draftkings,3000,,oddsapi
2026-10-02T21:05:05Z,2026-10-02,WSH @ CAR,dfc3a73fc50d3d1c4b58150c834e2e7d,fgs,yes,Shayne Gostisbehere,,draftkings,3000,,oddsapi
2026-10-02T21:05:05Z,2026-10-02,WSH @ CAR,dfc3a73fc50d3d1c4b58150c834e2e7d,fgs,yes,Anthony Beauvillier,,draftkings,3500,,oddsapi
2026-10-02T21:05:05Z,2026-10-02,WSH @ CAR,dfc3a73fc50d3d1c4b58150c834e2e7d,fgs,yes,Cole Hutson,,draftkings,3500,,oddsapi
2026-10-02T21:05:05Z,2026-10-02,WSH @ CAR,dfc3a73fc50d3d1c4b58150c834e2e7d,fgs,yes,Justin Sourdif,,draftkings,4000,,oddsapi
2026-10-02T21:05:05Z,2026-10-02,WSH @ CAR,dfc3a73fc50d3d1c4b58150c834e2e7d,fgs,yes,K'Andre Miller,,draftkings,4500,,oddsapi
2026-10-02T21:05:05Z,2026-10-02,WSH @ CAR,dfc3a73fc50d3d1c4b58150c834e2e7d,fgs,yes,Sean Walker,,draftkings,5000,,oddsapi
2026-10-02T21:05:05Z,2026-10-02,WSH @ CAR,dfc3a73fc50d3d1c4b58150c834e2e7d,fgs,yes,Jaccob Slavin,,draftkings,5500,,oddsapi
2026-10-02T21:05:05Z,2026-10-02,WSH @ CAR,dfc3a73fc50d3d1c4b58150c834e2e7d,fgs,yes,Jalen Chatfield,,draftkings,5500,,oddsapi
2026-10-02T21:05:05Z,2026-10-02,WSH @ CAR,dfc3a73fc50d3d1c4b58150c834e2e7d,fgs,yes,William Carrier,,draftkings,6000,,oddsapi
2026-10-02T21:05:05Z,2026-10-02,WSH @ CAR,dfc3a73fc50d3d1c4b58150c834e2e7d,fgs,yes,Matt Roy,,draftkings,7000,,oddsapi
2026-10-02T21:05:05Z,2026-10-02,WSH @ CAR,dfc3a73fc50d3d1c4b58150c834e2e7d,fgs,yes,Charles-Alexis Legault,,draftkings,7000,,oddsapi
2026-10-02T21:05:05Z,2026-10-02,WSH @ CAR,dfc3a73fc50d3d1c4b58150c834e2e7d,fgs,yes,Nicolas Deslauriers,,draftkings,7500,,oddsapi
2026-10-02T21:05:05Z,2026-10-02,WSH @ CAR,dfc3a73fc50d3d1c4b58150c834e2e7d,fgs,yes,Martin Fehervary,,draftkings,7500,,oddsapi
2026-10-02T21:05:05Z,2026-10-02,WSH @ CAR,dfc3a73fc50d3d1c4b58150c834e2e7d,fgs,yes,Timothy Liljegren,,draftkings,7500,,oddsapi
2026-10-02T21:05:05Z,2026-10-02,WSH @ CAR,dfc3a73fc50d3d1c4b58150c834e2e7d,lgs,yes,Andrei Svechnikov,,draftkings,1100,,oddsapi
2026-10-02T21:05:05Z,2026-10-02,WSH @ CAR,dfc3a73fc50d3d1c4b58150c834e2e7d,lgs,yes,Jackson Blake,,draftkings,1200,,oddsapi
2026-10-02T21:05:05Z,2026-10-02,WSH @ CAR,dfc3a73fc50d3d1c4b58150c834e2e7d,lgs,yes,Nikolaj Ehlers,,draftkings,1200,,oddsapi
2026-10-02T21:05:05Z,2026-10-02,WSH @ CAR,dfc3a73fc50d3d1c4b58150c834e2e7d,lgs,yes,Logan Stankoven,,draftkings,1200,,oddsapi
2026-10-02T21:05:05Z,2026-10-02,WSH @ CAR,dfc3a73fc50d3d1c4b58150c834e2e7d,lgs,yes,Sebastian Aho,,draftkings,1200,,oddsapi
2026-10-02T21:05:05Z,2026-10-02,WSH @ CAR,dfc3a73fc50d3d1c4b58150c834e2e7d,lgs,yes,Alex Ovechkin,,draftkings,1300,,oddsapi
2026-10-02T21:05:05Z,2026-10-02,WSH @ CAR,dfc3a73fc50d3d1c4b58150c834e2e7d,lgs,yes,Taylor Hall,,draftkings,1400,,oddsapi
2026-10-02T21:05:05Z,2026-10-02,WSH @ CAR,dfc3a73fc50d3d1c4b58150c834e2e7d,lgs,yes,Jordan Staal,,draftkings,1500,,oddsapi
2026-10-02T21:05:05Z,2026-10-02,WSH @ CAR,dfc3a73fc50d3d1c4b58150c834e2e7d,lgs,yes,Ryan Leonard,,draftkings,1500,,oddsapi
2026-10-02T21:05:05Z,2026-10-02,WSH @ CAR,dfc3a73fc50d3d1c4b58150c834e2e7d,lgs,yes,Tom Wilson,,draftkings,1600,,oddsapi
2026-10-02T21:05:05Z,2026-10-02,WSH @ CAR,dfc3a73fc50d3d1c4b58150c834e2e7d,lgs,yes,Ilya Protas,,draftkings,1700,,oddsapi
2026-10-02T21:05:05Z,2026-10-02,WSH @ CAR,dfc3a73fc50d3d1c4b58150c834e2e7d,lgs,yes,Mark Jankowski,,draftkings,1800,,oddsapi
2026-10-02T21:05:05Z,2026-10-02,WSH @ CAR,dfc3a73fc50d3d1c4b58150c834e2e7d,lgs,yes,Dylan Strome,,draftkings,1800,,oddsapi
2026-10-02T21:05:05Z,2026-10-02,WSH @ CAR,dfc3a73fc50d3d1c4b58150c834e2e7d,lgs,yes,Aliaksei Protas,,draftkings,2000,,oddsapi
2026-10-02T21:05:05Z,2026-10-02,WSH @ CAR,dfc3a73fc50d3d1c4b58150c834e2e7d,lgs,yes,Pierre-Luc Dubois,,draftkings,2000,,oddsapi
2026-10-02T21:05:05Z,2026-10-02,WSH @ CAR,dfc3a73fc50d3d1c4b58150c834e2e7d,lgs,yes,Jakob Chychrun,,draftkings,2000,,oddsapi
2026-10-02T21:05:05Z,2026-10-02,WSH @ CAR,dfc3a73fc50d3d1c4b58150c834e2e7d,lgs,yes,Jordan Martinook,,draftkings,2200,,oddsapi
2026-10-02T21:05:05Z,2026-10-02,WSH @ CAR,dfc3a73fc50d3d1c4b58150c834e2e7d,lgs,yes,Eric Robinson,,draftkings,2500,,oddsapi
2026-10-02T21:05:05Z,2026-10-02,WSH @ CAR,dfc3a73fc50d3d1c4b58150c834e2e7d,lgs,yes,K'Andre Miller,,draftkings,2500,,oddsapi
2026-10-02T21:05:05Z,2026-10-02,WSH @ CAR,dfc3a73fc50d3d1c4b58150c834e2e7d,lgs,yes,Shayne Gostisbehere,,draftkings,2500,,oddsapi
2026-10-02T21:05:05Z,2026-10-02,WSH @ CAR,dfc3a73fc50d3d1c4b58150c834e2e7d,lgs,yes,Justin Sourdif,,draftkings,2800,,oddsapi
2026-10-02T21:05:05Z,2026-10-02,WSH @ CAR,dfc3a73fc50d3d1c4b58150c834e2e7d,lgs,yes,Anthony Beauvillier,,draftkings,2800,,oddsapi
2026-10-02T21:05:05Z,2026-10-02,WSH @ CAR,dfc3a73fc50d3d1c4b58150c834e2e7d,lgs,yes,Sean Walker,,draftkings,3000,,oddsapi
2026-10-02T21:05:05Z,2026-10-02,WSH @ CAR,dfc3a73fc50d3d1c4b58150c834e2e7d,lgs,yes,Cole Hutson,,draftkings,3000,,oddsapi
2026-10-02T21:05:05Z,2026-10-02,WSH @ CAR,dfc3a73fc50d3d1c4b58150c834e2e7d,lgs,yes,Jalen Chatfield,,draftkings,3500,,oddsapi
2026-10-02T21:05:05Z,2026-10-02,WSH @ CAR,dfc3a73fc50d3d1c4b58150c834e2e7d,lgs,yes,Charles-Alexis Legault,,draftkings,4000,,oddsapi
2026-10-02T21:05:05Z,2026-10-02,WSH @ CAR,dfc3a73fc50d3d1c4b58150c834e2e7d,lgs,yes,William Carrier,,draftkings,4000,,oddsapi
2026-10-02T21:05:05Z,2026-10-02,WSH @ CAR,dfc3a73fc50d3d1c4b58150c834e2e7d,lgs,yes,Jaccob Slavin,,draftkings,4000,,oddsapi
2026-10-02T21:05:05Z,2026-10-02,WSH @ CAR,dfc3a73fc50d3d1c4b58150c834e2e7d,lgs,yes,Matt Roy,,draftkings,4500,,oddsapi
2026-10-02T21:05:05Z,2026-10-02,WSH @ CAR,dfc3a73fc50d3d1c4b58150c834e2e7d,lgs,yes,Nicolas Deslauriers,,draftkings,5000,,oddsapi
2026-10-02T21:05:05Z,2026-10-02,WSH @ CAR,dfc3a73fc50d3d1c4b58150c834e2e7d,lgs,yes,Martin Fehervary,,draftkings,5000,,oddsapi
2026-10-02T21:05:05Z,2026-10-02,WSH @ CAR,dfc3a73fc50d3d1c4b58150c834e2e7d,lgs,yes,Timothy Liljegren,,draftkings,5000,,oddsapi
2026-10-02T21:05:05Z,2026-10-02,WSH @ CAR,dfc3a73fc50d3d1c4b58150c834e2e7d,sk_pts,over,Sebastian Aho,0.5,draftkings,-185,135,oddsapi
2026-10-02T21:05:05Z,2026-10-02,WSH @ CAR,dfc3a73fc50d3d1c4b58150c834e2e7d,sk_pts,under,Sebastian Aho,0.5,draftkings,135,-185,oddsapi
2026-10-02T21:05:05Z,2026-10-02,WSH @ CAR,dfc3a73fc50d3d1c4b58150c834e2e7d,sk_pts,over,Nikolaj Ehlers,0.5,draftkings,-145,105,oddsapi
2026-10-02T21:05:05Z,2026-10-02,WSH @ CAR,dfc3a73fc50d3d1c4b58150c834e2e7d,sk_pts,under,Nikolaj Ehlers,0.5,draftkings,105,-145,oddsapi
2026-10-02T21:05:05Z,2026-10-02,WSH @ CAR,dfc3a73fc50d3d1c4b58150c834e2e7d,sk_pts,over,Andrei Svechnikov,0.5,draftkings,-140,105,oddsapi
2026-10-02T21:05:05Z,2026-10-02,WSH @ CAR,dfc3a73fc50d3d1c4b58150c834e2e7d,sk_pts,under,Andrei Svechnikov,0.5,draftkings,105,-140,oddsapi
2026-10-02T21:05:05Z,2026-10-02,WSH @ CAR,dfc3a73fc50d3d1c4b58150c834e2e7d,sk_pts,over,Alex Ovechkin,0.5,draftkings,-115,-115,oddsapi
2026-10-02T21:05:05Z,2026-10-02,WSH @ CAR,dfc3a73fc50d3d1c4b58150c834e2e7d,sk_pts,under,Alex Ovechkin,0.5,draftkings,-115,-115,oddsapi
2026-10-02T21:05:05Z,2026-10-02,WSH @ CAR,dfc3a73fc50d3d1c4b58150c834e2e7d,sk_pts,over,Dylan Strome,0.5,draftkings,-115,-120,oddsapi
2026-10-02T21:05:05Z,2026-10-02,WSH @ CAR,dfc3a73fc50d3d1c4b58150c834e2e7d,sk_pts,under,Dylan Strome,0.5,draftkings,-120,-115,oddsapi
2026-10-02T21:05:05Z,2026-10-02,WSH @ CAR,dfc3a73fc50d3d1c4b58150c834e2e7d,sk_pts,over,Jackson Blake,0.5,draftkings,-115,-115,oddsapi
2026-10-02T21:05:05Z,2026-10-02,WSH @ CAR,dfc3a73fc50d3d1c4b58150c834e2e7d,sk_pts,under,Jackson Blake,0.5,draftkings,-115,-115,oddsapi
2026-10-02T21:05:05Z,2026-10-02,WSH @ CAR,dfc3a73fc50d3d1c4b58150c834e2e7d,sk_pts,over,Jakob Chychrun,0.5,draftkings,-110,-125,oddsapi
2026-10-02T21:05:05Z,2026-10-02,WSH @ CAR,dfc3a73fc50d3d1c4b58150c834e2e7d,sk_pts,under,Jakob Chychrun,0.5,draftkings,-125,-110,oddsapi
2026-10-02T21:05:05Z,2026-10-02,WSH @ CAR,dfc3a73fc50d3d1c4b58150c834e2e7d,sk_pts,over,Logan Stankoven,0.5,draftkings,-110,-125,oddsapi
2026-10-02T21:05:05Z,2026-10-02,WSH @ CAR,dfc3a73fc50d3d1c4b58150c834e2e7d,sk_pts,under,Logan Stankoven,0.5,draftkings,-125,-110,oddsapi
2026-10-02T21:05:05Z,2026-10-02,WSH @ CAR,dfc3a73fc50d3d1c4b58150c834e2e7d,sk_pts,over,Shayne Gostisbehere,0.5,draftkings,-105,-130,oddsapi
2026-10-02T21:05:05Z,2026-10-02,WSH @ CAR,dfc3a73fc50d3d1c4b58150c834e2e7d,sk_pts,under,Shayne Gostisbehere,0.5,draftkings,-130,-105,oddsapi
2026-10-02T21:05:05Z,2026-10-02,WSH @ CAR,dfc3a73fc50d3d1c4b58150c834e2e7d,sk_pts,over,Taylor Hall,0.5,draftkings,105,-140,oddsapi
2026-10-02T21:05:05Z,2026-10-02,WSH @ CAR,dfc3a73fc50d3d1c4b58150c834e2e7d,sk_pts,under,Taylor Hall,0.5,draftkings,-140,105,oddsapi
2026-10-02T21:05:05Z,2026-10-02,WSH @ CAR,dfc3a73fc50d3d1c4b58150c834e2e7d,sk_pts,over,Tom Wilson,0.5,draftkings,105,-140,oddsapi
2026-10-02T21:05:05Z,2026-10-02,WSH @ CAR,dfc3a73fc50d3d1c4b58150c834e2e7d,sk_pts,under,Tom Wilson,0.5,draftkings,-140,105,oddsapi
2026-10-02T21:05:05Z,2026-10-02,WSH @ CAR,dfc3a73fc50d3d1c4b58150c834e2e7d,sk_pts,over,Ryan Leonard,0.5,draftkings,110,-150,oddsapi
2026-10-02T21:05:05Z,2026-10-02,WSH @ CAR,dfc3a73fc50d3d1c4b58150c834e2e7d,sk_pts,under,Ryan Leonard,0.5,draftkings,-150,110,oddsapi
2026-10-02T21:05:05Z,2026-10-02,WSH @ CAR,dfc3a73fc50d3d1c4b58150c834e2e7d,sk_pts,over,Pierre-Luc Dubois,0.5,draftkings,115,-160,oddsapi
2026-10-02T21:05:05Z,2026-10-02,WSH @ CAR,dfc3a73fc50d3d1c4b58150c834e2e7d,sk_pts,under,Pierre-Luc Dubois,0.5,draftkings,-160,115,oddsapi
2026-10-02T21:05:05Z,2026-10-02,WSH @ CAR,dfc3a73fc50d3d1c4b58150c834e2e7d,sk_pts,over,Aliaksei Protas,0.5,draftkings,135,-180,oddsapi
2026-10-02T21:05:05Z,2026-10-02,WSH @ CAR,dfc3a73fc50d3d1c4b58150c834e2e7d,sk_pts,under,Aliaksei Protas,0.5,draftkings,-180,135,oddsapi
2026-10-02T21:05:05Z,2026-10-02,WSH @ CAR,dfc3a73fc50d3d1c4b58150c834e2e7d,sk_pts,over,Jordan Staal,0.5,draftkings,135,-180,oddsapi
2026-10-02T21:05:05Z,2026-10-02,WSH @ CAR,dfc3a73fc50d3d1c4b58150c834e2e7d,sk_pts,under,Jordan Staal,0.5,draftkings,-180,135,oddsapi
2026-10-02T21:05:05Z,2026-10-02,WSH @ CAR,dfc3a73fc50d3d1c4b58150c834e2e7d,sk_pts,over,Ilya Protas,0.5,draftkings,140,-190,oddsapi
2026-10-02T21:05:05Z,2026-10-02,WSH @ CAR,dfc3a73fc50d3d1c4b58150c834e2e7d,sk_pts,under,Ilya Protas,0.5,draftkings,-190,140,oddsapi
2026-10-02T21:05:05Z,2026-10-02,WSH @ CAR,dfc3a73fc50d3d1c4b58150c834e2e7d,sk_pts,over,Jordan Martinook,0.5,draftkings,140,-195,oddsapi
2026-10-02T21:05:05Z,2026-10-02,WSH @ CAR,dfc3a73fc50d3d1c4b58150c834e2e7d,sk_pts,under,Jordan Martinook,0.5,draftkings,-195,140,oddsapi
2026-10-02T21:05:05Z,2026-10-02,WSH @ CAR,dfc3a73fc50d3d1c4b58150c834e2e7d,sk_pts,over,Eric Robinson,0.5,draftkings,160,-220,oddsapi
2026-10-02T21:05:05Z,2026-10-02,WSH @ CAR,dfc3a73fc50d3d1c4b58150c834e2e7d,sk_pts,under,Eric Robinson,0.5,draftkings,-220,160,oddsapi
2026-10-02T21:05:05Z,2026-10-02,WSH @ CAR,dfc3a73fc50d3d1c4b58150c834e2e7d,sk_pts,over,K'Andre Miller,0.5,draftkings,165,-230,oddsapi
2026-10-02T21:05:05Z,2026-10-02,WSH @ CAR,dfc3a73fc50d3d1c4b58150c834e2e7d,sk_pts,under,K'Andre Miller,0.5,draftkings,-230,165,oddsapi
2026-10-02T21:05:05Z,2026-10-02,WSH @ CAR,dfc3a73fc50d3d1c4b58150c834e2e7d,sk_pts,over,Cole Hutson,0.5,draftkings,170,-230,oddsapi
2026-10-02T21:05:05Z,2026-10-02,WSH @ CAR,dfc3a73fc50d3d1c4b58150c834e2e7d,sk_pts,under,Cole Hutson,0.5,draftkings,-230,170,oddsapi
2026-10-02T21:05:05Z,2026-10-02,WSH @ CAR,dfc3a73fc50d3d1c4b58150c834e2e7d,sk_pts,over,Sean Walker,0.5,draftkings,185,-250,oddsapi
2026-10-02T21:05:05Z,2026-10-02,WSH @ CAR,dfc3a73fc50d3d1c4b58150c834e2e7d,sk_pts,under,Sean Walker,0.5,draftkings,-250,185,oddsapi
2026-10-02T21:05:05Z,2026-10-02,WSH @ CAR,dfc3a73fc50d3d1c4b58150c834e2e7d,sk_pts,over,Matt Roy,0.5,draftkings,275,-390,oddsapi
2026-10-02T21:05:05Z,2026-10-02,WSH @ CAR,dfc3a73fc50d3d1c4b58150c834e2e7d,sk_pts,under,Matt Roy,0.5,draftkings,-390,275,oddsapi
2026-10-02T21:05:05Z,2026-10-02,WSH @ CAR,dfc3a73fc50d3d1c4b58150c834e2e7d,sk_pts,over,Jalen Chatfield,0.5,draftkings,285,-400,oddsapi
2026-10-02T21:05:05Z,2026-10-02,WSH @ CAR,dfc3a73fc50d3d1c4b58150c834e2e7d,sk_pts,under,Jalen Chatfield,0.5,draftkings,-400,285,oddsapi
2026-10-02T21:05:05Z,2026-10-02,WSH @ CAR,dfc3a73fc50d3d1c4b58150c834e2e7d,sk_pts,over,Jaccob Slavin,0.5,draftkings,290,-425,oddsapi
2026-10-02T21:05:05Z,2026-10-02,WSH @ CAR,dfc3a73fc50d3d1c4b58150c834e2e7d,sk_pts,under,Jaccob Slavin,0.5,draftkings,-425,290,oddsapi
2026-10-02T21:05:05Z,2026-10-02,WSH @ CAR,dfc3a73fc50d3d1c4b58150c834e2e7d,sk_sog,over,Alex Ovechkin,2.5,draftkings,-135,100,oddsapi
2026-10-02T21:05:05Z,2026-10-02,WSH @ CAR,dfc3a73fc50d3d1c4b58150c834e2e7d,sk_sog,under,Alex Ovechkin,2.5,draftkings,100,-135,oddsapi
2026-10-02T21:05:05Z,2026-10-02,WSH @ CAR,dfc3a73fc50d3d1c4b58150c834e2e7d,sk_sog,over,Sebastian Aho,2.5,draftkings,-105,-125,oddsapi
2026-10-02T21:05:05Z,2026-10-02,WSH @ CAR,dfc3a73fc50d3d1c4b58150c834e2e7d,sk_sog,under,Sebastian Aho,2.5,draftkings,-125,-105,oddsapi
2026-10-02T21:05:05Z,2026-10-02,WSH @ CAR,dfc3a73fc50d3d1c4b58150c834e2e7d,sk_sog,over,Andrei Svechnikov,2.5,draftkings,115,-155,oddsapi
2026-10-02T21:05:05Z,2026-10-02,WSH @ CAR,dfc3a73fc50d3d1c4b58150c834e2e7d,sk_sog,under,Andrei Svechnikov,2.5,draftkings,-155,115,oddsapi
2026-10-02T21:05:05Z,2026-10-02,WSH @ CAR,dfc3a73fc50d3d1c4b58150c834e2e7d,sk_sog,over,Jackson Blake,2.5,draftkings,115,-155,oddsapi
2026-10-02T21:05:05Z,2026-10-02,WSH @ CAR,dfc3a73fc50d3d1c4b58150c834e2e7d,sk_sog,under,Jackson Blake,2.5,draftkings,-155,115,oddsapi
2026-10-02T21:05:05Z,2026-10-02,WSH @ CAR,dfc3a73fc50d3d1c4b58150c834e2e7d,sk_sog,over,Nikolaj Ehlers,2.5,draftkings,125,-170,oddsapi
2026-10-02T21:05:05Z,2026-10-02,WSH @ CAR,dfc3a73fc50d3d1c4b58150c834e2e7d,sk_sog,under,Nikolaj Ehlers,2.5,draftkings,-170,125,oddsapi
2026-10-02T21:05:05Z,2026-10-02,WSH @ CAR,dfc3a73fc50d3d1c4b58150c834e2e7d,sk_sog,over,Logan Stankoven,1.5,draftkings,-185,135,oddsapi
2026-10-02T21:05:05Z,2026-10-02,WSH @ CAR,dfc3a73fc50d3d1c4b58150c834e2e7d,sk_sog,under,Logan Stankoven,1.5,draftkings,135,-185,oddsapi
2026-10-02T21:05:05Z,2026-10-02,WSH @ CAR,dfc3a73fc50d3d1c4b58150c834e2e7d,sk_sog,over,Jakob Chychrun,1.5,draftkings,-165,120,oddsapi
2026-10-02T21:05:05Z,2026-10-02,WSH @ CAR,dfc3a73fc50d3d1c4b58150c834e2e7d,sk_sog,under,Jakob Chychrun,1.5,draftkings,120,-165,oddsapi
2026-10-02T21:05:05Z,2026-10-02,WSH @ CAR,dfc3a73fc50d3d1c4b58150c834e2e7d,sk_sog,over,Taylor Hall,1.5,draftkings,-165,120,oddsapi
2026-10-02T21:05:05Z,2026-10-02,WSH @ CAR,dfc3a73fc50d3d1c4b58150c834e2e7d,sk_sog,under,Taylor Hall,1.5,draftkings,120,-165,oddsapi
2026-10-02T21:05:05Z,2026-10-02,WSH @ CAR,dfc3a73fc50d3d1c4b58150c834e2e7d,sk_sog,over,Shayne Gostisbehere,1.5,draftkings,-135,100,oddsapi
2026-10-02T21:05:05Z,2026-10-02,WSH @ CAR,dfc3a73fc50d3d1c4b58150c834e2e7d,sk_sog,under,Shayne Gostisbehere,1.5,draftkings,100,-135,oddsapi
2026-10-02T21:05:05Z,2026-10-02,WSH @ CAR,dfc3a73fc50d3d1c4b58150c834e2e7d,sk_sog,over,Tom Wilson,1.5,draftkings,-130,-105,oddsapi
2026-10-02T21:05:05Z,2026-10-02,WSH @ CAR,dfc3a73fc50d3d1c4b58150c834e2e7d,sk_sog,under,Tom Wilson,1.5,draftkings,-105,-130,oddsapi
2026-10-02T21:05:05Z,2026-10-02,WSH @ CAR,dfc3a73fc50d3d1c4b58150c834e2e7d,sk_sog,over,Jordan Staal,1.5,draftkings,-120,-115,oddsapi
2026-10-02T21:05:05Z,2026-10-02,WSH @ CAR,dfc3a73fc50d3d1c4b58150c834e2e7d,sk_sog,under,Jordan Staal,1.5,draftkings,-115,-120,oddsapi
2026-10-02T21:05:05Z,2026-10-02,WSH @ CAR,dfc3a73fc50d3d1c4b58150c834e2e7d,g_saves,over,Logan Thompson,26.5,draftkings,-130,-105,oddsapi
2026-10-02T21:05:05Z,2026-10-02,WSH @ CAR,dfc3a73fc50d3d1c4b58150c834e2e7d,g_saves,under,Logan Thompson,26.5,draftkings,-105,-130,oddsapi
2026-10-02T21:05:05Z,2026-10-02,WSH @ CAR,dfc3a73fc50d3d1c4b58150c834e2e7d,g_saves,over,Brandon Bussi,23.5,draftkings,-110,-125,oddsapi
2026-10-02T21:05:05Z,2026-10-02,WSH @ CAR,dfc3a73fc50d3d1c4b58150c834e2e7d,g_saves,under,Brandon Bussi,23.5,draftkings,-125,-110,oddsapi
2026-10-02T21:05:05Z,2026-10-02,WSH @ CAR,dfc3a73fc50d3d1c4b58150c834e2e7d,p1_pl,CAR,,-0.5,draftkings,154,-200,oddsapi
2026-10-02T21:05:05Z,2026-10-02,WSH @ CAR,dfc3a73fc50d3d1c4b58150c834e2e7d,p1_pl,WSH,,0.5,draftkings,-200,154,oddsapi
2026-10-02T21:05:05Z,2026-10-02,WSH @ CAR,dfc3a73fc50d3d1c4b58150c834e2e7d,p2_pl,CAR,,-0.5,draftkings,145,-188,oddsapi
2026-10-02T21:05:05Z,2026-10-02,WSH @ CAR,dfc3a73fc50d3d1c4b58150c834e2e7d,p2_pl,WSH,,0.5,draftkings,-188,145,oddsapi
2026-10-02T21:05:05Z,2026-10-02,WSH @ CAR,dfc3a73fc50d3d1c4b58150c834e2e7d,p3_pl,CAR,,-0.5,draftkings,130,-166,oddsapi
2026-10-02T21:05:05Z,2026-10-02,WSH @ CAR,dfc3a73fc50d3d1c4b58150c834e2e7d,p3_pl,WSH,,0.5,draftkings,-166,130,oddsapi
2026-10-02T21:05:05Z,2026-10-02,WSH @ CAR,dfc3a73fc50d3d1c4b58150c834e2e7d,p1_team_total,over,CAR,0.5,draftkings,-190,145,oddsapi
2026-10-02T21:05:05Z,2026-10-02,WSH @ CAR,dfc3a73fc50d3d1c4b58150c834e2e7d,p1_team_total,under,CAR,0.5,draftkings,145,-190,oddsapi
2026-10-02T21:05:05Z,2026-10-02,WSH @ CAR,dfc3a73fc50d3d1c4b58150c834e2e7d,p1_team_total,over,WSH,0.5,draftkings,-165,125,oddsapi
2026-10-02T21:05:05Z,2026-10-02,WSH @ CAR,dfc3a73fc50d3d1c4b58150c834e2e7d,p1_team_total,under,WSH,0.5,draftkings,125,-165,oddsapi
2026-10-02T21:05:05Z,2026-10-02,WSH @ CAR,dfc3a73fc50d3d1c4b58150c834e2e7d,p1_total,over,,1.5,draftkings,-140,110,oddsapi
2026-10-02T21:05:05Z,2026-10-02,WSH @ CAR,dfc3a73fc50d3d1c4b58150c834e2e7d,p1_total,under,,1.5,draftkings,110,-140,oddsapi
2026-10-02T21:05:05Z,2026-10-02,WSH @ CAR,dfc3a73fc50d3d1c4b58150c834e2e7d,p2_total,over,,1.5,draftkings,-175,135,oddsapi
2026-10-02T21:05:05Z,2026-10-02,WSH @ CAR,dfc3a73fc50d3d1c4b58150c834e2e7d,p2_total,under,,1.5,draftkings,135,-175,oddsapi
2026-10-02T21:05:05Z,2026-10-02,WSH @ CAR,dfc3a73fc50d3d1c4b58150c834e2e7d,p3_total,over,,2.5,draftkings,145,-188,oddsapi
2026-10-02T21:05:05Z,2026-10-02,WSH @ CAR,dfc3a73fc50d3d1c4b58150c834e2e7d,p3_total,under,,2.5,draftkings,-188,145,oddsapi
2026-10-02T21:05:05Z,2026-10-02,WSH @ CAR,dfc3a73fc50d3d1c4b58150c834e2e7d,game_ml3,CAR,,,williamhill_us,108,,oddsapi
2026-10-02T21:05:05Z,2026-10-02,WSH @ CAR,dfc3a73fc50d3d1c4b58150c834e2e7d,game_ml3,WSH,,,williamhill_us,156,,oddsapi
2026-10-02T21:05:05Z,2026-10-02,WSH @ CAR,dfc3a73fc50d3d1c4b58150c834e2e7d,game_ml3,draw,,,williamhill_us,270,,oddsapi
2026-10-02T21:05:05Z,2026-10-02,WSH @ CAR,dfc3a73fc50d3d1c4b58150c834e2e7d,p1_ml3,CAR,,,williamhill_us,145,,oddsapi
2026-10-02T21:05:05Z,2026-10-02,WSH @ CAR,dfc3a73fc50d3d1c4b58150c834e2e7d,p1_ml3,WSH,,,williamhill_us,189,,oddsapi
2026-10-02T21:05:05Z,2026-10-02,WSH @ CAR,dfc3a73fc50d3d1c4b58150c834e2e7d,p1_ml3,draw,,,williamhill_us,165,,oddsapi
2026-10-02T21:05:05Z,2026-10-02,WSH @ CAR,dfc3a73fc50d3d1c4b58150c834e2e7d,ags,yes,Andrei Svechnikov,,williamhill_us,196,,oddsapi
2026-10-02T21:05:05Z,2026-10-02,WSH @ CAR,dfc3a73fc50d3d1c4b58150c834e2e7d,ags,yes,Sebastian Aho,,williamhill_us,196,,oddsapi
2026-10-02T21:05:05Z,2026-10-02,WSH @ CAR,dfc3a73fc50d3d1c4b58150c834e2e7d,ags,yes,Logan Stankoven,,williamhill_us,215,,oddsapi
2026-10-02T21:05:05Z,2026-10-02,WSH @ CAR,dfc3a73fc50d3d1c4b58150c834e2e7d,ags,yes,Alex Ovechkin,,williamhill_us,220,,oddsapi
2026-10-02T21:05:05Z,2026-10-02,WSH @ CAR,dfc3a73fc50d3d1c4b58150c834e2e7d,ags,yes,Nikolaj Ehlers,,williamhill_us,220,,oddsapi
2026-10-02T21:05:05Z,2026-10-02,WSH @ CAR,dfc3a73fc50d3d1c4b58150c834e2e7d,ags,yes,Jackson Blake,,williamhill_us,230,,oddsapi
2026-10-02T21:05:05Z,2026-10-02,WSH @ CAR,dfc3a73fc50d3d1c4b58150c834e2e7d,ags,yes,Taylor Hall,,williamhill_us,255,,oddsapi
2026-10-02T21:05:05Z,2026-10-02,WSH @ CAR,dfc3a73fc50d3d1c4b58150c834e2e7d,ags,yes,Jordan Staal,,williamhill_us,270,,oddsapi
2026-10-02T21:05:05Z,2026-10-02,WSH @ CAR,dfc3a73fc50d3d1c4b58150c834e2e7d,ags,yes,Tom Wilson,,williamhill_us,275,,oddsapi
2026-10-02T21:05:05Z,2026-10-02,WSH @ CAR,dfc3a73fc50d3d1c4b58150c834e2e7d,ags,yes,Ryan Leonard,,williamhill_us,295,,oddsapi
2026-10-02T21:05:05Z,2026-10-02,WSH @ CAR,dfc3a73fc50d3d1c4b58150c834e2e7d,ags,yes,Dylan Strome,,williamhill_us,305,,oddsapi
2026-10-02T21:05:05Z,2026-10-02,WSH @ CAR,dfc3a73fc50d3d1c4b58150c834e2e7d,ags,yes,Mark Jankowski,,williamhill_us,325,,oddsapi
2026-10-02T21:05:05Z,2026-10-02,WSH @ CAR,dfc3a73fc50d3d1c4b58150c834e2e7d,ags,yes,Pierre-Luc Dubois,,williamhill_us,330,,oddsapi
2026-10-02T21:05:05Z,2026-10-02,WSH @ CAR,dfc3a73fc50d3d1c4b58150c834e2e7d,ags,yes,Ilya Protas,,williamhill_us,330,,oddsapi
2026-10-02T21:05:05Z,2026-10-02,WSH @ CAR,dfc3a73fc50d3d1c4b58150c834e2e7d,ags,yes,Jakob Chychrun,,williamhill_us,350,,oddsapi
2026-10-02T21:05:05Z,2026-10-02,WSH @ CAR,dfc3a73fc50d3d1c4b58150c834e2e7d,ags,yes,Aliaksei Protas,,williamhill_us,360,,oddsapi
2026-10-02T21:05:05Z,2026-10-02,WSH @ CAR,dfc3a73fc50d3d1c4b58150c834e2e7d,ags,yes,Jordan Martinook,,williamhill_us,400,,oddsapi
2026-10-02T21:05:05Z,2026-10-02,WSH @ CAR,dfc3a73fc50d3d1c4b58150c834e2e7d,ags,yes,Shayne Gostisbehere,,williamhill_us,425,,oddsapi
2026-10-02T21:05:05Z,2026-10-02,WSH @ CAR,dfc3a73fc50d3d1c4b58150c834e2e7d,ags,yes,Eric Robinson,,williamhill_us,450,,oddsapi
2026-10-02T21:05:05Z,2026-10-02,WSH @ CAR,dfc3a73fc50d3d1c4b58150c834e2e7d,ags,yes,Cole Hutson,,williamhill_us,500,,oddsapi
2026-10-02T21:05:05Z,2026-10-02,WSH @ CAR,dfc3a73fc50d3d1c4b58150c834e2e7d,ags,yes,Anthony Beauvillier,,williamhill_us,525,,oddsapi
2026-10-02T21:05:05Z,2026-10-02,WSH @ CAR,dfc3a73fc50d3d1c4b58150c834e2e7d,ags,yes,Justin Sourdif,,williamhill_us,525,,oddsapi
2026-10-02T21:05:05Z,2026-10-02,WSH @ CAR,dfc3a73fc50d3d1c4b58150c834e2e7d,ags,yes,K'Andre Miller,,williamhill_us,550,,oddsapi
2026-10-02T21:05:05Z,2026-10-02,WSH @ CAR,dfc3a73fc50d3d1c4b58150c834e2e7d,ags,yes,Sean Walker,,williamhill_us,575,,oddsapi
2026-10-02T21:05:05Z,2026-10-02,WSH @ CAR,dfc3a73fc50d3d1c4b58150c834e2e7d,ags,yes,William Carrier,,williamhill_us,675,,oddsapi
2026-10-02T21:05:05Z,2026-10-02,WSH @ CAR,dfc3a73fc50d3d1c4b58150c834e2e7d,ags,yes,Jalen Chatfield,,williamhill_us,700,,oddsapi
2026-10-02T21:05:05Z,2026-10-02,WSH @ CAR,dfc3a73fc50d3d1c4b58150c834e2e7d,ags,yes,Charles-Alexis Legault,,williamhill_us,700,,oddsapi
2026-10-02T21:05:05Z,2026-10-02,WSH @ CAR,dfc3a73fc50d3d1c4b58150c834e2e7d,ags,yes,Jaccob Slavin,,williamhill_us,700,,oddsapi
2026-10-02T21:05:05Z,2026-10-02,WSH @ CAR,dfc3a73fc50d3d1c4b58150c834e2e7d,ags,yes,Nicolas Deslauriers,,williamhill_us,750,,oddsapi
2026-10-02T21:05:05Z,2026-10-02,WSH @ CAR,dfc3a73fc50d3d1c4b58150c834e2e7d,ags,yes,Matt Roy,,williamhill_us,750,,oddsapi
2026-10-02T21:05:05Z,2026-10-02,WSH @ CAR,dfc3a73fc50d3d1c4b58150c834e2e7d,ags,yes,Timothy Liljegren,,williamhill_us,800,,oddsapi
2026-10-02T21:05:05Z,2026-10-02,WSH @ CAR,dfc3a73fc50d3d1c4b58150c834e2e7d,ags,yes,Martin Fehervary,,williamhill_us,850,,oddsapi
2026-10-02T21:05:05Z,2026-10-02,WSH @ CAR,dfc3a73fc50d3d1c4b58150c834e2e7d,fgs,yes,Sebastian Aho,,williamhill_us,1100,,oddsapi
2026-10-02T21:05:05Z,2026-10-02,WSH @ CAR,dfc3a73fc50d3d1c4b58150c834e2e7d,fgs,yes,Andrei Svechnikov,,williamhill_us,1200,,oddsapi
2026-10-02T21:05:05Z,2026-10-02,WSH @ CAR,dfc3a73fc50d3d1c4b58150c834e2e7d,fgs,yes,Jackson Blake,,williamhill_us,1300,,oddsapi
2026-10-02T21:05:05Z,2026-10-02,WSH @ CAR,dfc3a73fc50d3d1c4b58150c834e2e7d,fgs,yes,Nikolaj Ehlers,,williamhill_us,1400,,oddsapi
2026-10-02T21:05:05Z,2026-10-02,WSH @ CAR,dfc3a73fc50d3d1c4b58150c834e2e7d,fgs,yes,Logan Stankoven,,williamhill_us,1400,,oddsapi
2026-10-02T21:05:05Z,2026-10-02,WSH @ CAR,dfc3a73fc50d3d1c4b58150c834e2e7d,fgs,yes,Alex Ovechkin,,williamhill_us,1500,,oddsapi
2026-10-02T21:05:05Z,2026-10-02,WSH @ CAR,dfc3a73fc50d3d1c4b58150c834e2e7d,fgs,yes,Taylor Hall,,williamhill_us,1700,,oddsapi
2026-10-02T21:05:05Z,2026-10-02,WSH @ CAR,dfc3a73fc50d3d1c4b58150c834e2e7d,fgs,yes,Tom Wilson,,williamhill_us,1700,,oddsapi
2026-10-02T21:05:05Z,2026-10-02,WSH @ CAR,dfc3a73fc50d3d1c4b58150c834e2e7d,fgs,yes,Jordan Staal,,williamhill_us,1750,,oddsapi
2026-10-02T21:05:05Z,2026-10-02,WSH @ CAR,dfc3a73fc50d3d1c4b58150c834e2e7d,fgs,yes,Mark Jankowski,,williamhill_us,2000,,oddsapi
2026-10-02T21:05:05Z,2026-10-02,WSH @ CAR,dfc3a73fc50d3d1c4b58150c834e2e7d,fgs,yes,Ryan Leonard,,williamhill_us,2000,,oddsapi
2026-10-02T21:05:05Z,2026-10-02,WSH @ CAR,dfc3a73fc50d3d1c4b58150c834e2e7d,fgs,yes,Ilya Protas,,williamhill_us,2100,,oddsapi
2026-10-02T21:05:05Z,2026-10-02,WSH @ CAR,dfc3a73fc50d3d1c4b58150c834e2e7d,fgs,yes,Dylan Strome,,williamhill_us,2100,,oddsapi
2026-10-02T21:05:05Z,2026-10-02,WSH @ CAR,dfc3a73fc50d3d1c4b58150c834e2e7d,fgs,yes,Pierre-Luc Dubois,,williamhill_us,2100,,oddsapi
2026-10-02T21:05:05Z,2026-10-02,WSH @ CAR,dfc3a73fc50d3d1c4b58150c834e2e7d,fgs,yes,Jakob Chychrun,,williamhill_us,2200,,oddsapi
2026-10-02T21:05:05Z,2026-10-02,WSH @ CAR,dfc3a73fc50d3d1c4b58150c834e2e7d,fgs,yes,Aliaksei Protas,,williamhill_us,2300,,oddsapi
2026-10-02T21:05:05Z,2026-10-02,WSH @ CAR,dfc3a73fc50d3d1c4b58150c834e2e7d,fgs,yes,Eric Robinson,,williamhill_us,2600,,oddsapi
2026-10-02T21:05:05Z,2026-10-02,WSH @ CAR,dfc3a73fc50d3d1c4b58150c834e2e7d,fgs,yes,Shayne Gostisbehere,,williamhill_us,2800,,oddsapi
2026-10-02T21:05:05Z,2026-10-02,WSH @ CAR,dfc3a73fc50d3d1c4b58150c834e2e7d,fgs,yes,Jordan Martinook,,williamhill_us,2900,,oddsapi
2026-10-02T21:05:05Z,2026-10-02,WSH @ CAR,dfc3a73fc50d3d1c4b58150c834e2e7d,fgs,yes,Cole Hutson,,williamhill_us,3300,,oddsapi
2026-10-02T21:05:05Z,2026-10-02,WSH @ CAR,dfc3a73fc50d3d1c4b58150c834e2e7d,fgs,yes,Justin Sourdif,,williamhill_us,3500,,oddsapi
2026-10-02T21:05:05Z,2026-10-02,WSH @ CAR,dfc3a73fc50d3d1c4b58150c834e2e7d,fgs,yes,Anthony Beauvillier,,williamhill_us,3500,,oddsapi
2026-10-02T21:05:05Z,2026-10-02,WSH @ CAR,dfc3a73fc50d3d1c4b58150c834e2e7d,fgs,yes,K'Andre Miller,,williamhill_us,4000,,oddsapi
2026-10-02T21:05:05Z,2026-10-02,WSH @ CAR,dfc3a73fc50d3d1c4b58150c834e2e7d,fgs,yes,Sean Walker,,williamhill_us,4000,,oddsapi
2026-10-02T21:05:05Z,2026-10-02,WSH @ CAR,dfc3a73fc50d3d1c4b58150c834e2e7d,fgs,yes,Jaccob Slavin,,williamhill_us,5000,,oddsapi
2026-10-02T21:05:05Z,2026-10-02,WSH @ CAR,dfc3a73fc50d3d1c4b58150c834e2e7d,fgs,yes,William Carrier,,williamhill_us,5500,,oddsapi
2026-10-02T21:05:05Z,2026-10-02,WSH @ CAR,dfc3a73fc50d3d1c4b58150c834e2e7d,fgs,yes,Jalen Chatfield,,williamhill_us,5500,,oddsapi
2026-10-02T21:05:05Z,2026-10-02,WSH @ CAR,dfc3a73fc50d3d1c4b58150c834e2e7d,fgs,yes,Nicolas Deslauriers,,williamhill_us,6000,,oddsapi
2026-10-02T21:05:05Z,2026-10-02,WSH @ CAR,dfc3a73fc50d3d1c4b58150c834e2e7d,fgs,yes,Timothy Liljegren,,williamhill_us,6600,,oddsapi
2026-10-02T21:05:05Z,2026-10-02,WSH @ CAR,dfc3a73fc50d3d1c4b58150c834e2e7d,fgs,yes,Martin Fehervary,,williamhill_us,7000,,oddsapi
2026-10-02T21:05:05Z,2026-10-02,WSH @ CAR,dfc3a73fc50d3d1c4b58150c834e2e7d,fgs,yes,Matt Roy,,williamhill_us,7000,,oddsapi
2026-10-02T21:05:05Z,2026-10-02,WSH @ CAR,dfc3a73fc50d3d1c4b58150c834e2e7d,fgs,yes,Charles-Alexis Legault,,williamhill_us,7000,,oddsapi
2026-10-02T21:05:05Z,2026-10-02,WSH @ CAR,dfc3a73fc50d3d1c4b58150c834e2e7d,team_total,over,CAR,3.5,williamhill_us,101,-139,oddsapi
2026-10-02T21:05:05Z,2026-10-02,WSH @ CAR,dfc3a73fc50d3d1c4b58150c834e2e7d,team_total,under,CAR,3.5,williamhill_us,-139,101,oddsapi
2026-10-02T21:05:05Z,2026-10-02,WSH @ CAR,dfc3a73fc50d3d1c4b58150c834e2e7d,team_total,over,WSH,3.5,williamhill_us,141,-197,oddsapi
2026-10-02T21:05:05Z,2026-10-02,WSH @ CAR,dfc3a73fc50d3d1c4b58150c834e2e7d,team_total,under,WSH,3.5,williamhill_us,-197,141,oddsapi
2026-10-02T21:05:05Z,2026-10-02,WSH @ CAR,dfc3a73fc50d3d1c4b58150c834e2e7d,team_total_alt,over,CAR,4.5,betrivers,265,-400,oddsapi
2026-10-02T21:05:05Z,2026-10-02,WSH @ CAR,dfc3a73fc50d3d1c4b58150c834e2e7d,team_total_alt,under,CAR,4.5,betrivers,-400,265,oddsapi
2026-10-02T21:05:05Z,2026-10-02,WSH @ CAR,dfc3a73fc50d3d1c4b58150c834e2e7d,team_total_alt,over,CAR,3.5,betrivers,114,-155,oddsapi
2026-10-02T21:05:05Z,2026-10-02,WSH @ CAR,dfc3a73fc50d3d1c4b58150c834e2e7d,team_total_alt,under,CAR,3.5,betrivers,-155,114,oddsapi
2026-10-02T21:05:05Z,2026-10-02,WSH @ CAR,dfc3a73fc50d3d1c4b58150c834e2e7d,team_total_alt,over,CAR,2.5,betrivers,-225,160,oddsapi
2026-10-02T21:05:05Z,2026-10-02,WSH @ CAR,dfc3a73fc50d3d1c4b58150c834e2e7d,team_total_alt,under,CAR,2.5,betrivers,160,-225,oddsapi
2026-10-02T21:05:05Z,2026-10-02,WSH @ CAR,dfc3a73fc50d3d1c4b58150c834e2e7d,team_total_alt,over,WSH,4.5,betrivers,375,-670,oddsapi
2026-10-02T21:05:05Z,2026-10-02,WSH @ CAR,dfc3a73fc50d3d1c4b58150c834e2e7d,team_total_alt,under,WSH,4.5,betrivers,-670,375,oddsapi
2026-10-02T21:05:05Z,2026-10-02,WSH @ CAR,dfc3a73fc50d3d1c4b58150c834e2e7d,team_total_alt,over,WSH,2.5,betrivers,-157,115,oddsapi
2026-10-02T21:05:05Z,2026-10-02,WSH @ CAR,dfc3a73fc50d3d1c4b58150c834e2e7d,team_total_alt,under,WSH,2.5,betrivers,115,-157,oddsapi
2026-10-02T21:05:05Z,2026-10-02,WSH @ CAR,dfc3a73fc50d3d1c4b58150c834e2e7d,team_total_alt,over,WSH,3.5,betrivers,160,-225,oddsapi
2026-10-02T21:05:05Z,2026-10-02,WSH @ CAR,dfc3a73fc50d3d1c4b58150c834e2e7d,team_total_alt,under,WSH,3.5,betrivers,-225,160,oddsapi
2026-10-02T21:05:05Z,2026-10-02,WSH @ CAR,dfc3a73fc50d3d1c4b58150c834e2e7d,team_total_alt,over,WSH,1.5,betrivers,-480,310,oddsapi
2026-10-02T21:05:05Z,2026-10-02,WSH @ CAR,dfc3a73fc50d3d1c4b58150c834e2e7d,team_total_alt,under,WSH,1.5,betrivers,310,-480,oddsapi
2026-10-02T21:05:05Z,2026-10-02,WSH @ CAR,dfc3a73fc50d3d1c4b58150c834e2e7d,game_ml3,CAR,,,betrivers,116,,oddsapi
2026-10-02T21:05:05Z,2026-10-02,WSH @ CAR,dfc3a73fc50d3d1c4b58150c834e2e7d,game_ml3,WSH,,,betrivers,185,,oddsapi
2026-10-02T21:05:05Z,2026-10-02,WSH @ CAR,dfc3a73fc50d3d1c4b58150c834e2e7d,game_ml3,draw,,,betrivers,310,,oddsapi
2026-10-02T21:05:05Z,2026-10-02,WSH @ CAR,dfc3a73fc50d3d1c4b58150c834e2e7d,p1_ml3,CAR,,,betrivers,150,,oddsapi
2026-10-02T21:05:05Z,2026-10-02,WSH @ CAR,dfc3a73fc50d3d1c4b58150c834e2e7d,p1_ml3,WSH,,,betrivers,200,,oddsapi
2026-10-02T21:05:05Z,2026-10-02,WSH @ CAR,dfc3a73fc50d3d1c4b58150c834e2e7d,p1_ml3,draw,,,betrivers,195,,oddsapi
2026-10-02T21:05:05Z,2026-10-02,WSH @ CAR,dfc3a73fc50d3d1c4b58150c834e2e7d,p2_ml3,CAR,,,betrivers,148,,oddsapi
2026-10-02T21:05:05Z,2026-10-02,WSH @ CAR,dfc3a73fc50d3d1c4b58150c834e2e7d,p2_ml3,WSH,,,betrivers,188,,oddsapi
2026-10-02T21:05:05Z,2026-10-02,WSH @ CAR,dfc3a73fc50d3d1c4b58150c834e2e7d,p2_ml3,draw,,,betrivers,205,,oddsapi
2026-10-02T21:05:05Z,2026-10-02,WSH @ CAR,dfc3a73fc50d3d1c4b58150c834e2e7d,p3_ml3,CAR,,,betrivers,143,,oddsapi
2026-10-02T21:05:05Z,2026-10-02,WSH @ CAR,dfc3a73fc50d3d1c4b58150c834e2e7d,p3_ml3,WSH,,,betrivers,180,,oddsapi
2026-10-02T21:05:05Z,2026-10-02,WSH @ CAR,dfc3a73fc50d3d1c4b58150c834e2e7d,p3_ml3,draw,,,betrivers,225,,oddsapi
2026-10-02T21:05:05Z,2026-10-02,WSH @ CAR,dfc3a73fc50d3d1c4b58150c834e2e7d,ags,yes,Shayne Gostisbehere,,betrivers,540,,oddsapi
2026-10-02T21:05:05Z,2026-10-02,WSH @ CAR,dfc3a73fc50d3d1c4b58150c834e2e7d,ags,yes,Sean Walker,,betrivers,850,,oddsapi
2026-10-02T21:05:05Z,2026-10-02,WSH @ CAR,dfc3a73fc50d3d1c4b58150c834e2e7d,ags,yes,Ryan Leonard,,betrivers,300,,oddsapi
2026-10-02T21:05:05Z,2026-10-02,WSH @ CAR,dfc3a73fc50d3d1c4b58150c834e2e7d,ags,yes,Sebastian Aho,,betrivers,210,,oddsapi
2026-10-02T21:05:05Z,2026-10-02,WSH @ CAR,dfc3a73fc50d3d1c4b58150c834e2e7d,ags,yes,Andrei Svechnikov,,betrivers,190,,oddsapi
2026-10-02T21:05:05Z,2026-10-02,WSH @ CAR,dfc3a73fc50d3d1c4b58150c834e2e7d,ags,yes,Mark Jankowski,,betrivers,370,,oddsapi
2026-10-02T21:05:05Z,2026-10-02,WSH @ CAR,dfc3a73fc50d3d1c4b58150c834e2e7d,ags,yes,Jackson Blake,,betrivers,235,,oddsapi
2026-10-02T21:05:05Z,2026-10-02,WSH @ CAR,dfc3a73fc50d3d1c4b58150c834e2e7d,ags,yes,Tom Wilson,,betrivers,295,,oddsapi
2026-10-02T21:05:05Z,2026-10-02,WSH @ CAR,dfc3a73fc50d3d1c4b58150c834e2e7d,ags,yes,Pierre-Luc Dubois,,betrivers,350,,oddsapi
2026-10-02T21:05:05Z,2026-10-02,WSH @ CAR,dfc3a73fc50d3d1c4b58150c834e2e7d,ags,yes,Cole Hutson,,betrivers,650,,oddsapi
2026-10-02T21:05:05Z,2026-10-02,WSH @ CAR,dfc3a73fc50d3d1c4b58150c834e2e7d,ags,yes,Jaccob Slavin,,betrivers,850,,oddsapi
2026-10-02T21:05:05Z,2026-10-02,WSH @ CAR,dfc3a73fc50d3d1c4b58150c834e2e7d,ags,yes,Jalen Chatfield,,betrivers,950,,oddsapi
2026-10-02T21:05:05Z,2026-10-02,WSH @ CAR,dfc3a73fc50d3d1c4b58150c834e2e7d,ags,yes,Taylor Hall,,betrivers,265,,oddsapi
2026-10-02T21:05:05Z,2026-10-02,WSH @ CAR,dfc3a73fc50d3d1c4b58150c834e2e7d,ags,yes,Dylan Strome,,betrivers,335,,oddsapi
2026-10-02T21:05:05Z,2026-10-02,WSH @ CAR,dfc3a73fc50d3d1c4b58150c834e2e7d,ags,yes,Aliaksei Protas,,betrivers,400,,oddsapi
2026-10-02T21:05:05Z,2026-10-02,WSH @ CAR,dfc3a73fc50d3d1c4b58150c834e2e7d,ags,yes,Anthony Beauvillier,,betrivers,750,,oddsapi
2026-10-02T21:05:05Z,2026-10-02,WSH @ CAR,dfc3a73fc50d3d1c4b58150c834e2e7d,ags,yes,Eric Robinson,,betrivers,540,,oddsapi
2026-10-02T21:05:05Z,2026-10-02,WSH @ CAR,dfc3a73fc50d3d1c4b58150c834e2e7d,ags,yes,Nicolas Deslauriers,,betrivers,1000,,oddsapi
2026-10-02T21:05:05Z,2026-10-02,WSH @ CAR,dfc3a73fc50d3d1c4b58150c834e2e7d,ags,yes,K'Andre Miller,,betrivers,650,,oddsapi
2026-10-02T21:05:05Z,2026-10-02,WSH @ CAR,dfc3a73fc50d3d1c4b58150c834e2e7d,ags,yes,Justin Sourdif,,betrivers,700,,oddsapi
2026-10-02T21:05:05Z,2026-10-02,WSH @ CAR,dfc3a73fc50d3d1c4b58150c834e2e7d,ags,yes,Logan Stankoven,,betrivers,235,,oddsapi
2026-10-02T21:05:05Z,2026-10-02,WSH @ CAR,dfc3a73fc50d3d1c4b58150c834e2e7d,ags,yes,Jordan Martinook,,betrivers,440,,oddsapi
2026-10-02T21:05:05Z,2026-10-02,WSH @ CAR,dfc3a73fc50d3d1c4b58150c834e2e7d,ags,yes,Martin Fehervary,,betrivers,1000,,oddsapi
2026-10-02T21:05:05Z,2026-10-02,WSH @ CAR,dfc3a73fc50d3d1c4b58150c834e2e7d,ags,yes,Ilya Protas,,betrivers,350,,oddsapi
2026-10-02T21:05:05Z,2026-10-02,WSH @ CAR,dfc3a73fc50d3d1c4b58150c834e2e7d,ags,yes,Jordan Staal,,betrivers,290,,oddsapi
2026-10-02T21:05:05Z,2026-10-02,WSH @ CAR,dfc3a73fc50d3d1c4b58150c834e2e7d,ags,yes,Jakob Chychrun,,betrivers,410,,oddsapi
2026-10-02T21:05:05Z,2026-10-02,WSH @ CAR,dfc3a73fc50d3d1c4b58150c834e2e7d,ags,yes,Charles-Alexis Legault,,betrivers,950,,oddsapi
2026-10-02T21:05:05Z,2026-10-02,WSH @ CAR,dfc3a73fc50d3d1c4b58150c834e2e7d,ags,yes,William Carrier,,betrivers,600,,oddsapi
2026-10-02T21:05:05Z,2026-10-02,WSH @ CAR,dfc3a73fc50d3d1c4b58150c834e2e7d,ags,yes,Timothy Liljegren,,betrivers,950,,oddsapi
2026-10-02T21:05:05Z,2026-10-02,WSH @ CAR,dfc3a73fc50d3d1c4b58150c834e2e7d,ags,yes,Matt Roy,,betrivers,900,,oddsapi
2026-10-02T21:05:05Z,2026-10-02,WSH @ CAR,dfc3a73fc50d3d1c4b58150c834e2e7d,ags,yes,Nikolaj Ehlers,,betrivers,250,,oddsapi
2026-10-02T21:05:05Z,2026-10-02,WSH @ CAR,dfc3a73fc50d3d1c4b58150c834e2e7d,ags,yes,Alex Ovechkin,,betrivers,235,,oddsapi
2026-10-02T21:05:05Z,2026-10-02,WSH @ CAR,dfc3a73fc50d3d1c4b58150c834e2e7d,fgs,yes,Jaccob Slavin,,betrivers,3400,,oddsapi
2026-10-02T21:05:05Z,2026-10-02,WSH @ CAR,dfc3a73fc50d3d1c4b58150c834e2e7d,fgs,yes,K'Andre Miller,,betrivers,2500,,oddsapi
2026-10-02T21:05:05Z,2026-10-02,WSH @ CAR,dfc3a73fc50d3d1c4b58150c834e2e7d,fgs,yes,Jakob Chychrun,,betrivers,1800,,oddsapi
2026-10-02T21:05:05Z,2026-10-02,WSH @ CAR,dfc3a73fc50d3d1c4b58150c834e2e7d,fgs,yes,Jordan Staal,,betrivers,1200,,oddsapi
2026-10-02T21:05:05Z,2026-10-02,WSH @ CAR,dfc3a73fc50d3d1c4b58150c834e2e7d,fgs,yes,Timothy Liljegren,,betrivers,4000,,oddsapi
2026-10-02T21:05:05Z,2026-10-02,WSH @ CAR,dfc3a73fc50d3d1c4b58150c834e2e7d,fgs,yes,Sebastian Aho,,betrivers,900,,oddsapi
2026-10-02T21:05:05Z,2026-10-02,WSH @ CAR,dfc3a73fc50d3d1c4b58150c834e2e7d,fgs,yes,Pierre-Luc Dubois,,betrivers,1400,,oddsapi
2026-10-02T21:05:05Z,2026-10-02,WSH @ CAR,dfc3a73fc50d3d1c4b58150c834e2e7d,fgs,yes,Taylor Hall,,betrivers,1100,,oddsapi
2026-10-02T21:05:05Z,2026-10-02,WSH @ CAR,dfc3a73fc50d3d1c4b58150c834e2e7d,fgs,yes,Mark Jankowski,,betrivers,1400,,oddsapi
2026-10-02T21:05:05Z,2026-10-02,WSH @ CAR,dfc3a73fc50d3d1c4b58150c834e2e7d,fgs,yes,Aliaksei Protas,,betrivers,1700,,oddsapi
2026-10-02T21:05:05Z,2026-10-02,WSH @ CAR,dfc3a73fc50d3d1c4b58150c834e2e7d,fgs,yes,Cole Hutson,,betrivers,2900,,oddsapi
2026-10-02T21:05:05Z,2026-10-02,WSH @ CAR,dfc3a73fc50d3d1c4b58150c834e2e7d,fgs,yes,Dylan Strome,,betrivers,1400,,oddsapi
2026-10-02T21:05:05Z,2026-10-02,WSH @ CAR,dfc3a73fc50d3d1c4b58150c834e2e7d,fgs,yes,Justin Sourdif,,betrivers,2900,,oddsapi
2026-10-02T21:05:05Z,2026-10-02,WSH @ CAR,dfc3a73fc50d3d1c4b58150c834e2e7d,fgs,yes,Nicolas Deslauriers,,betrivers,4000,,oddsapi
2026-10-02T21:05:05Z,2026-10-02,WSH @ CAR,dfc3a73fc50d3d1c4b58150c834e2e7d,fgs,yes,Alex Ovechkin,,betrivers,1050,,oddsapi
2026-10-02T21:05:05Z,2026-10-02,WSH @ CAR,dfc3a73fc50d3d1c4b58150c834e2e7d,fgs,yes,Matt Roy,,betrivers,4000,,oddsapi
2026-10-02T21:05:05Z,2026-10-02,WSH @ CAR,dfc3a73fc50d3d1c4b58150c834e2e7d,fgs,yes,Shayne Gostisbehere,,betrivers,2200,,oddsapi
2026-10-02T21:05:05Z,2026-10-02,WSH @ CAR,dfc3a73fc50d3d1c4b58150c834e2e7d,fgs,yes,Eric Robinson,,betrivers,2200,,oddsapi
2026-10-02T21:05:05Z,2026-10-02,WSH @ CAR,dfc3a73fc50d3d1c4b58150c834e2e7d,fgs,yes,Ilya Protas,,betrivers,1500,,oddsapi
2026-10-02T21:05:05Z,2026-10-02,WSH @ CAR,dfc3a73fc50d3d1c4b58150c834e2e7d,fgs,yes,Jordan Martinook,,betrivers,1800,,oddsapi
2026-10-02T21:05:05Z,2026-10-02,WSH @ CAR,dfc3a73fc50d3d1c4b58150c834e2e7d,fgs,yes,Anthony Beauvillier,,betrivers,3400,,oddsapi
2026-10-02T21:05:05Z,2026-10-02,WSH @ CAR,dfc3a73fc50d3d1c4b58150c834e2e7d,fgs,yes,Sean Walker,,betrivers,3500,,oddsapi
2026-10-02T21:05:05Z,2026-10-02,WSH @ CAR,dfc3a73fc50d3d1c4b58150c834e2e7d,fgs,yes,Logan Stankoven,,betrivers,1000,,oddsapi
2026-10-02T21:05:05Z,2026-10-02,WSH @ CAR,dfc3a73fc50d3d1c4b58150c834e2e7d,fgs,yes,William Carrier,,betrivers,2500,,oddsapi
2026-10-02T21:05:05Z,2026-10-02,WSH @ CAR,dfc3a73fc50d3d1c4b58150c834e2e7d,fgs,yes,Andrei Svechnikov,,betrivers,800,,oddsapi
2026-10-02T21:05:05Z,2026-10-02,WSH @ CAR,dfc3a73fc50d3d1c4b58150c834e2e7d,fgs,yes,Ryan Leonard,,betrivers,1300,,oddsapi
2026-10-02T21:05:05Z,2026-10-02,WSH @ CAR,dfc3a73fc50d3d1c4b58150c834e2e7d,fgs,yes,Nikolaj Ehlers,,betrivers,1050,,oddsapi
2026-10-02T21:05:05Z,2026-10-02,WSH @ CAR,dfc3a73fc50d3d1c4b58150c834e2e7d,fgs,yes,Martin Fehervary,,betrivers,4500,,oddsapi
2026-10-02T21:05:05Z,2026-10-02,WSH @ CAR,dfc3a73fc50d3d1c4b58150c834e2e7d,fgs,yes,Charles-Alexis Legault,,betrivers,3500,,oddsapi
2026-10-02T21:05:05Z,2026-10-02,WSH @ CAR,dfc3a73fc50d3d1c4b58150c834e2e7d,fgs,yes,Tom Wilson,,betrivers,1200,,oddsapi
2026-10-02T21:05:05Z,2026-10-02,WSH @ CAR,dfc3a73fc50d3d1c4b58150c834e2e7d,fgs,yes,Jalen Chatfield,,betrivers,4000,,oddsapi
2026-10-02T21:05:05Z,2026-10-02,WSH @ CAR,dfc3a73fc50d3d1c4b58150c834e2e7d,fgs,yes,Jackson Blake,,betrivers,950,,oddsapi
2026-10-02T21:05:05Z,2026-10-02,WSH @ CAR,dfc3a73fc50d3d1c4b58150c834e2e7d,sk_g,over,Logan Stankoven,2.5,betrivers,10000,,oddsapi
2026-10-02T21:05:05Z,2026-10-02,WSH @ CAR,dfc3a73fc50d3d1c4b58150c834e2e7d,sk_g,over,Cole Hutson,1.5,betrivers,10000,,oddsapi
2026-10-02T21:05:05Z,2026-10-02,WSH @ CAR,dfc3a73fc50d3d1c4b58150c834e2e7d,sk_g,over,Pierre-Luc Dubois,1.5,betrivers,2800,,oddsapi
2026-10-02T21:05:05Z,2026-10-02,WSH @ CAR,dfc3a73fc50d3d1c4b58150c834e2e7d,sk_g,over,Ryan Leonard,1.5,betrivers,2200,,oddsapi
2026-10-02T21:05:05Z,2026-10-02,WSH @ CAR,dfc3a73fc50d3d1c4b58150c834e2e7d,sk_g,over,Jackson Blake,1.5,betrivers,1400,,oddsapi
2026-10-02T21:05:05Z,2026-10-02,WSH @ CAR,dfc3a73fc50d3d1c4b58150c834e2e7d,sk_g,over,Andrei Svechnikov,2.5,betrivers,6600,,oddsapi
2026-10-02T21:05:05Z,2026-10-02,WSH @ CAR,dfc3a73fc50d3d1c4b58150c834e2e7d,sk_g,over,Jackson Blake,2.5,betrivers,10000,,oddsapi
2026-10-02T21:05:05Z,2026-10-02,WSH @ CAR,dfc3a73fc50d3d1c4b58150c834e2e7d,sk_g,over,Tom Wilson,1.5,betrivers,1900,,oddsapi
2026-10-02T21:05:05Z,2026-10-02,WSH @ CAR,dfc3a73fc50d3d1c4b58150c834e2e7d,sk_g,over,Jordan Staal,1.5,betrivers,1900,,oddsapi
2026-10-02T21:05:05Z,2026-10-02,WSH @ CAR,dfc3a73fc50d3d1c4b58150c834e2e7d,sk_g,over,Shayne Gostisbehere,1.5,betrivers,5500,,oddsapi
2026-10-02T21:05:05Z,2026-10-02,WSH @ CAR,dfc3a73fc50d3d1c4b58150c834e2e7d,sk_g,over,Nikolaj Ehlers,1.5,betrivers,1600,,oddsapi
2026-10-02T21:05:05Z,2026-10-02,WSH @ CAR,dfc3a73fc50d3d1c4b58150c834e2e7d,sk_g,over,Alex Ovechkin,2.5,betrivers,11000,,oddsapi
2026-10-02T21:05:05Z,2026-10-02,WSH @ CAR,dfc3a73fc50d3d1c4b58150c834e2e7d,sk_g,over,Alex Ovechkin,1.5,betrivers,1400,,oddsapi
2026-10-02T21:05:05Z,2026-10-02,WSH @ CAR,dfc3a73fc50d3d1c4b58150c834e2e7d,sk_g,over,Logan Stankoven,1.5,betrivers,1400,,oddsapi
2026-10-02T21:05:05Z,2026-10-02,WSH @ CAR,dfc3a73fc50d3d1c4b58150c834e2e7d,sk_g,over,Sean Walker,1.5,betrivers,15000,,oddsapi
2026-10-02T21:05:05Z,2026-10-02,WSH @ CAR,dfc3a73fc50d3d1c4b58150c834e2e7d,sk_g,over,Sebastian Aho,1.5,betrivers,1200,,oddsapi
2026-10-02T21:05:05Z,2026-10-02,WSH @ CAR,dfc3a73fc50d3d1c4b58150c834e2e7d,sk_g,over,Mark Jankowski,1.5,betrivers,2800,,oddsapi
2026-10-02T21:05:05Z,2026-10-02,WSH @ CAR,dfc3a73fc50d3d1c4b58150c834e2e7d,sk_g,over,Andrei Svechnikov,1.5,betrivers,1000,,oddsapi
2026-10-02T21:05:05Z,2026-10-02,WSH @ CAR,dfc3a73fc50d3d1c4b58150c834e2e7d,sk_g,over,Aliaksei Protas,1.5,betrivers,3300,,oddsapi
2026-10-02T21:05:05Z,2026-10-02,WSH @ CAR,dfc3a73fc50d3d1c4b58150c834e2e7d,sk_g,over,Anthony Beauvillier,1.5,betrivers,13000,,oddsapi
2026-10-02T21:05:05Z,2026-10-02,WSH @ CAR,dfc3a73fc50d3d1c4b58150c834e2e7d,sk_g,over,Eric Robinson,1.5,betrivers,6000,,oddsapi
2026-10-02T21:05:05Z,2026-10-02,WSH @ CAR,dfc3a73fc50d3d1c4b58150c834e2e7d,sk_g,over,K'Andre Miller,1.5,betrivers,10000,,oddsapi
2026-10-02T21:05:05Z,2026-10-02,WSH @ CAR,dfc3a73fc50d3d1c4b58150c834e2e7d,sk_g,over,Jordan Martinook,1.5,betrivers,4000,,oddsapi
2026-10-02T21:05:05Z,2026-10-02,WSH @ CAR,dfc3a73fc50d3d1c4b58150c834e2e7d,sk_g,over,Jordan Staal,2.5,betrivers,15000,,oddsapi
2026-10-02T21:05:05Z,2026-10-02,WSH @ CAR,dfc3a73fc50d3d1c4b58150c834e2e7d,sk_g,over,Nikolaj Ehlers,2.5,betrivers,12000,,oddsapi
2026-10-02T21:05:05Z,2026-10-02,WSH @ CAR,dfc3a73fc50d3d1c4b58150c834e2e7d,sk_g,over,Jaccob Slavin,1.5,betrivers,16000,,oddsapi
2026-10-02T21:05:05Z,2026-10-02,WSH @ CAR,dfc3a73fc50d3d1c4b58150c834e2e7d,sk_g,over,Sebastian Aho,2.5,betrivers,7500,,oddsapi
2026-10-02T21:05:05Z,2026-10-02,WSH @ CAR,dfc3a73fc50d3d1c4b58150c834e2e7d,sk_g,over,Taylor Hall,1.5,betrivers,1600,,oddsapi
2026-10-02T21:05:05Z,2026-10-02,WSH @ CAR,dfc3a73fc50d3d1c4b58150c834e2e7d,sk_g,over,Taylor Hall,2.5,betrivers,11000,,oddsapi
2026-10-02T21:05:05Z,2026-10-02,WSH @ CAR,dfc3a73fc50d3d1c4b58150c834e2e7d,sk_g,over,Ilya Protas,1.5,betrivers,2800,,oddsapi
2026-10-02T21:05:05Z,2026-10-02,WSH @ CAR,dfc3a73fc50d3d1c4b58150c834e2e7d,sk_g,over,Dylan Strome,1.5,betrivers,2500,,oddsapi
2026-10-02T21:05:05Z,2026-10-02,WSH @ CAR,dfc3a73fc50d3d1c4b58150c834e2e7d,sk_g,over,Jakob Chychrun,1.5,betrivers,3400,,oddsapi
2026-10-02T21:05:05Z,2026-10-02,WSH @ CAR,dfc3a73fc50d3d1c4b58150c834e2e7d,sk_g,over,William Carrier,1.5,betrivers,9000,,oddsapi
2026-10-02T21:05:05Z,2026-10-02,WSH @ CAR,dfc3a73fc50d3d1c4b58150c834e2e7d,sk_g,over,Justin Sourdif,1.5,betrivers,12500,,oddsapi
2026-10-02T21:05:05Z,2026-10-02,WSH @ CAR,dfc3a73fc50d3d1c4b58150c834e2e7d,p1_total,over,,2.5,betrivers,210,-335,oddsapi
2026-10-02T21:05:05Z,2026-10-02,WSH @ CAR,dfc3a73fc50d3d1c4b58150c834e2e7d,p1_total,under,,2.5,betrivers,-335,210,oddsapi
2026-10-02T21:05:05Z,2026-10-02,WSH @ CAR,dfc3a73fc50d3d1c4b58150c834e2e7d,p2_total,over,,1.5,betrivers,-195,133,oddsapi
2026-10-02T21:05:05Z,2026-10-02,WSH @ CAR,dfc3a73fc50d3d1c4b58150c834e2e7d,p2_total,under,,1.5,betrivers,133,-195,oddsapi
2026-10-02T21:05:05Z,2026-10-02,WSH @ CAR,dfc3a73fc50d3d1c4b58150c834e2e7d,p3_total,over,,3.5,betrivers,390,-770,oddsapi
2026-10-02T21:05:05Z,2026-10-02,WSH @ CAR,dfc3a73fc50d3d1c4b58150c834e2e7d,p3_total,under,,3.5,betrivers,-770,390,oddsapi
2026-10-02T21:05:05Z,2026-10-02,WSH @ CAR,dfc3a73fc50d3d1c4b58150c834e2e7d,p1_ml,CAR,,,betonlineag,-130,110,oddsapi
2026-10-02T21:05:05Z,2026-10-02,WSH @ CAR,dfc3a73fc50d3d1c4b58150c834e2e7d,p1_ml,WSH,,,betonlineag,110,-130,oddsapi
2026-10-02T21:05:05Z,2026-10-02,WSH @ CAR,dfc3a73fc50d3d1c4b58150c834e2e7d,sk_pts,over,Jackson Blake,0.5,betonlineag,-118,-110,oddsapi
2026-10-02T21:05:05Z,2026-10-02,WSH @ CAR,dfc3a73fc50d3d1c4b58150c834e2e7d,sk_pts,under,Jackson Blake,0.5,betonlineag,-110,-118,oddsapi
2026-10-02T21:05:05Z,2026-10-02,WSH @ CAR,dfc3a73fc50d3d1c4b58150c834e2e7d,sk_pts,over,Nikolaj Ehlers,0.5,betonlineag,-145,111,oddsapi
2026-10-02T21:05:05Z,2026-10-02,WSH @ CAR,dfc3a73fc50d3d1c4b58150c834e2e7d,sk_pts,under,Nikolaj Ehlers,0.5,betonlineag,111,-145,oddsapi
2026-10-02T21:05:05Z,2026-10-02,WSH @ CAR,dfc3a73fc50d3d1c4b58150c834e2e7d,sk_pts,over,K'Andre Miller,0.5,betonlineag,174,-233,oddsapi
2026-10-02T21:05:05Z,2026-10-02,WSH @ CAR,dfc3a73fc50d3d1c4b58150c834e2e7d,sk_pts,under,K'Andre Miller,0.5,betonlineag,-233,174,oddsapi
2026-10-02T21:05:05Z,2026-10-02,WSH @ CAR,dfc3a73fc50d3d1c4b58150c834e2e7d,sk_pts,over,Andrei Svechnikov,0.5,betonlineag,-145,112,oddsapi
2026-10-02T21:05:05Z,2026-10-02,WSH @ CAR,dfc3a73fc50d3d1c4b58150c834e2e7d,sk_pts,under,Andrei Svechnikov,0.5,betonlineag,112,-145,oddsapi
2026-10-02T21:05:05Z,2026-10-02,WSH @ CAR,dfc3a73fc50d3d1c4b58150c834e2e7d,sk_pts,over,Logan Stankoven,0.5,betonlineag,-108,-120,oddsapi
2026-10-02T21:05:05Z,2026-10-02,WSH @ CAR,dfc3a73fc50d3d1c4b58150c834e2e7d,sk_pts,under,Logan Stankoven,0.5,betonlineag,-120,-108,oddsapi
2026-10-02T21:05:05Z,2026-10-02,WSH @ CAR,dfc3a73fc50d3d1c4b58150c834e2e7d,sk_pts,over,Shayne Gostisbehere,0.5,betonlineag,-111,-116,oddsapi
2026-10-02T21:05:05Z,2026-10-02,WSH @ CAR,dfc3a73fc50d3d1c4b58150c834e2e7d,sk_pts,under,Shayne Gostisbehere,0.5,betonlineag,-116,-111,oddsapi
2026-10-02T21:05:05Z,2026-10-02,WSH @ CAR,dfc3a73fc50d3d1c4b58150c834e2e7d,sk_pts,over,Taylor Hall,0.5,betonlineag,109,-141,oddsapi
2026-10-02T21:05:05Z,2026-10-02,WSH @ CAR,dfc3a73fc50d3d1c4b58150c834e2e7d,sk_pts,under,Taylor Hall,0.5,betonlineag,-141,109,oddsapi
2026-10-02T21:05:05Z,2026-10-02,WSH @ CAR,dfc3a73fc50d3d1c4b58150c834e2e7d,sk_pts,over,Sebastian Aho,0.5,betonlineag,-182,138,oddsapi
2026-10-02T21:05:05Z,2026-10-02,WSH @ CAR,dfc3a73fc50d3d1c4b58150c834e2e7d,sk_pts,under,Sebastian Aho,0.5,betonlineag,138,-182,oddsapi
2026-10-02T21:05:05Z,2026-10-02,WSH @ CAR,dfc3a73fc50d3d1c4b58150c834e2e7d,sk_pts,over,Tom Wilson,0.5,betonlineag,106,-137,oddsapi
2026-10-02T21:05:05Z,2026-10-02,WSH @ CAR,dfc3a73fc50d3d1c4b58150c834e2e7d,sk_pts,under,Tom Wilson,0.5,betonlineag,-137,106,oddsapi
2026-10-02T21:05:05Z,2026-10-02,WSH @ CAR,dfc3a73fc50d3d1c4b58150c834e2e7d,sk_pts,over,Pierre-Luc Dubois,0.5,betonlineag,118,-154,oddsapi
2026-10-02T21:05:05Z,2026-10-02,WSH @ CAR,dfc3a73fc50d3d1c4b58150c834e2e7d,sk_pts,under,Pierre-Luc Dubois,0.5,betonlineag,-154,118,oddsapi
2026-10-02T21:05:05Z,2026-10-02,WSH @ CAR,dfc3a73fc50d3d1c4b58150c834e2e7d,sk_pts,over,Dylan Strome,0.5,betonlineag,-115,-112,oddsapi
2026-10-02T21:05:05Z,2026-10-02,WSH @ CAR,dfc3a73fc50d3d1c4b58150c834e2e7d,sk_pts,under,Dylan Strome,0.5,betonlineag,-112,-115,oddsapi
2026-10-02T21:05:05Z,2026-10-02,WSH @ CAR,dfc3a73fc50d3d1c4b58150c834e2e7d,sk_pts,over,Alex Ovechkin,0.5,betonlineag,-114,-114,oddsapi
2026-10-02T21:05:05Z,2026-10-02,WSH @ CAR,dfc3a73fc50d3d1c4b58150c834e2e7d,sk_pts,under,Alex Ovechkin,0.5,betonlineag,-114,-114,oddsapi
2026-10-02T21:05:05Z,2026-10-02,WSH @ CAR,dfc3a73fc50d3d1c4b58150c834e2e7d,sk_pts,over,Jakob Chychrun,0.5,betonlineag,-110,-118,oddsapi
2026-10-02T21:05:05Z,2026-10-02,WSH @ CAR,dfc3a73fc50d3d1c4b58150c834e2e7d,sk_pts,under,Jakob Chychrun,0.5,betonlineag,-118,-110,oddsapi
2026-10-02T21:05:05Z,2026-10-02,WSH @ CAR,dfc3a73fc50d3d1c4b58150c834e2e7d,sk_pts,over,Cole Hutson,0.5,betonlineag,161,-213,oddsapi
2026-10-02T21:05:05Z,2026-10-02,WSH @ CAR,dfc3a73fc50d3d1c4b58150c834e2e7d,sk_pts,under,Cole Hutson,0.5,betonlineag,-213,161,oddsapi
2026-10-02T21:05:05Z,2026-10-02,WSH @ CAR,dfc3a73fc50d3d1c4b58150c834e2e7d,sk_pts,over,Sean Walker,0.5,betonlineag,186,-250,oddsapi
2026-10-02T21:05:05Z,2026-10-02,WSH @ CAR,dfc3a73fc50d3d1c4b58150c834e2e7d,sk_pts,under,Sean Walker,0.5,betonlineag,-250,186,oddsapi
2026-10-02T21:05:05Z,2026-10-02,WSH @ CAR,dfc3a73fc50d3d1c4b58150c834e2e7d,sk_pts,over,Jordan Staal,0.5,betonlineag,136,-179,oddsapi
2026-10-02T21:05:05Z,2026-10-02,WSH @ CAR,dfc3a73fc50d3d1c4b58150c834e2e7d,sk_pts,under,Jordan Staal,0.5,betonlineag,-179,136,oddsapi
2026-10-02T21:05:05Z,2026-10-02,WSH @ CAR,dfc3a73fc50d3d1c4b58150c834e2e7d,sk_pts,over,Jordan Martinook,0.5,betonlineag,152,-200,oddsapi
2026-10-02T21:05:05Z,2026-10-02,WSH @ CAR,dfc3a73fc50d3d1c4b58150c834e2e7d,sk_pts,under,Jordan Martinook,0.5,betonlineag,-200,152,oddsapi
2026-10-02T21:05:05Z,2026-10-02,WSH @ CAR,dfc3a73fc50d3d1c4b58150c834e2e7d,sk_pts,over,Eric Robinson,0.5,betonlineag,167,-222,oddsapi
2026-10-02T21:05:05Z,2026-10-02,WSH @ CAR,dfc3a73fc50d3d1c4b58150c834e2e7d,sk_pts,under,Eric Robinson,0.5,betonlineag,-222,167,oddsapi
2026-10-02T21:05:05Z,2026-10-02,WSH @ CAR,dfc3a73fc50d3d1c4b58150c834e2e7d,sk_pts,over,Ryan Leonard,0.5,betonlineag,115,-149,oddsapi
2026-10-02T21:05:05Z,2026-10-02,WSH @ CAR,dfc3a73fc50d3d1c4b58150c834e2e7d,sk_pts,under,Ryan Leonard,0.5,betonlineag,-149,115,oddsapi
2026-10-02T21:05:05Z,2026-10-02,WSH @ CAR,dfc3a73fc50d3d1c4b58150c834e2e7d,sk_pts,over,Ilya Protas,0.5,betonlineag,141,-185,oddsapi
2026-10-02T21:05:05Z,2026-10-02,WSH @ CAR,dfc3a73fc50d3d1c4b58150c834e2e7d,sk_pts,under,Ilya Protas,0.5,betonlineag,-185,141,oddsapi
2026-10-02T21:05:05Z,2026-10-02,WSH @ CAR,dfc3a73fc50d3d1c4b58150c834e2e7d,sk_pts,over,Aliaksei Protas,0.5,betonlineag,141,-185,oddsapi
2026-10-02T21:05:05Z,2026-10-02,WSH @ CAR,dfc3a73fc50d3d1c4b58150c834e2e7d,sk_pts,under,Aliaksei Protas,0.5,betonlineag,-185,141,oddsapi
2026-10-02T21:05:05Z,2026-10-02,WSH @ CAR,dfc3a73fc50d3d1c4b58150c834e2e7d,sk_sog,over,Sebastian Aho,2.5,betonlineag,103,-133,oddsapi
2026-10-02T21:05:05Z,2026-10-02,WSH @ CAR,dfc3a73fc50d3d1c4b58150c834e2e7d,sk_sog,under,Sebastian Aho,2.5,betonlineag,-133,103,oddsapi
2026-10-02T21:05:05Z,2026-10-02,WSH @ CAR,dfc3a73fc50d3d1c4b58150c834e2e7d,sk_sog,over,Shayne Gostisbehere,1.5,betonlineag,-130,100,oddsapi
2026-10-02T21:05:05Z,2026-10-02,WSH @ CAR,dfc3a73fc50d3d1c4b58150c834e2e7d,sk_sog,under,Shayne Gostisbehere,1.5,betonlineag,100,-130,oddsapi
2026-10-02T21:05:05Z,2026-10-02,WSH @ CAR,dfc3a73fc50d3d1c4b58150c834e2e7d,sk_sog,over,Andrei Svechnikov,2.5,betonlineag,107,-139,oddsapi
2026-10-02T21:05:05Z,2026-10-02,WSH @ CAR,dfc3a73fc50d3d1c4b58150c834e2e7d,sk_sog,under,Andrei Svechnikov,2.5,betonlineag,-139,107,oddsapi
2026-10-02T21:05:05Z,2026-10-02,WSH @ CAR,dfc3a73fc50d3d1c4b58150c834e2e7d,sk_sog,over,Jackson Blake,2.5,betonlineag,124,-161,oddsapi
2026-10-02T21:05:05Z,2026-10-02,WSH @ CAR,dfc3a73fc50d3d1c4b58150c834e2e7d,sk_sog,under,Jackson Blake,2.5,betonlineag,-161,124,oddsapi
2026-10-02T21:05:05Z,2026-10-02,WSH @ CAR,dfc3a73fc50d3d1c4b58150c834e2e7d,sk_sog,over,Taylor Hall,1.5,betonlineag,-145,112,oddsapi
2026-10-02T21:05:05Z,2026-10-02,WSH @ CAR,dfc3a73fc50d3d1c4b58150c834e2e7d,sk_sog,under,Taylor Hall,1.5,betonlineag,112,-145,oddsapi
2026-10-02T21:05:05Z,2026-10-02,WSH @ CAR,dfc3a73fc50d3d1c4b58150c834e2e7d,sk_sog,over,Nikolaj Ehlers,2.5,betonlineag,126,-164,oddsapi
2026-10-02T21:05:05Z,2026-10-02,WSH @ CAR,dfc3a73fc50d3d1c4b58150c834e2e7d,sk_sog,under,Nikolaj Ehlers,2.5,betonlineag,-164,126,oddsapi
2026-10-02T21:05:05Z,2026-10-02,WSH @ CAR,dfc3a73fc50d3d1c4b58150c834e2e7d,sk_sog,over,Tom Wilson,1.5,betonlineag,-119,-109,oddsapi
2026-10-02T21:05:05Z,2026-10-02,WSH @ CAR,dfc3a73fc50d3d1c4b58150c834e2e7d,sk_sog,under,Tom Wilson,1.5,betonlineag,-109,-119,oddsapi
2026-10-02T21:05:05Z,2026-10-02,WSH @ CAR,dfc3a73fc50d3d1c4b58150c834e2e7d,sk_sog,over,Jakob Chychrun,2.5,betonlineag,152,-200,oddsapi
2026-10-02T21:05:05Z,2026-10-02,WSH @ CAR,dfc3a73fc50d3d1c4b58150c834e2e7d,sk_sog,under,Jakob Chychrun,2.5,betonlineag,-200,152,oddsapi
2026-10-02T21:05:05Z,2026-10-02,WSH @ CAR,dfc3a73fc50d3d1c4b58150c834e2e7d,sk_sog,over,Alex Ovechkin,2.5,betonlineag,-114,-114,oddsapi
2026-10-02T21:05:05Z,2026-10-02,WSH @ CAR,dfc3a73fc50d3d1c4b58150c834e2e7d,sk_sog,under,Alex Ovechkin,2.5,betonlineag,-114,-114,oddsapi
2026-10-02T21:05:05Z,2026-10-02,WSH @ CAR,dfc3a73fc50d3d1c4b58150c834e2e7d,sk_sog,over,Jordan Staal,1.5,betonlineag,-112,-115,oddsapi
2026-10-02T21:05:05Z,2026-10-02,WSH @ CAR,dfc3a73fc50d3d1c4b58150c834e2e7d,sk_sog,under,Jordan Staal,1.5,betonlineag,-115,-112,oddsapi
2026-10-02T21:05:05Z,2026-10-02,WSH @ CAR,dfc3a73fc50d3d1c4b58150c834e2e7d,sk_sog,over,Logan Stankoven,1.5,betonlineag,-200,152,oddsapi
2026-10-02T21:05:05Z,2026-10-02,WSH @ CAR,dfc3a73fc50d3d1c4b58150c834e2e7d,sk_sog,under,Logan Stankoven,1.5,betonlineag,152,-200,oddsapi
2026-10-02T21:05:05Z,2026-10-02,WSH @ CAR,dfc3a73fc50d3d1c4b58150c834e2e7d,g_saves,over,Logan Thompson,26.5,betonlineag,-123,-105,oddsapi
2026-10-02T21:05:05Z,2026-10-02,WSH @ CAR,dfc3a73fc50d3d1c4b58150c834e2e7d,g_saves,under,Logan Thompson,26.5,betonlineag,-105,-123,oddsapi
2026-10-02T21:05:05Z,2026-10-02,WSH @ CAR,dfc3a73fc50d3d1c4b58150c834e2e7d,g_saves,over,Brandon Bussi,22.5,betonlineag,-114,-114,oddsapi
2026-10-02T21:05:05Z,2026-10-02,WSH @ CAR,dfc3a73fc50d3d1c4b58150c834e2e7d,g_saves,under,Brandon Bussi,22.5,betonlineag,-114,-114,oddsapi
2026-10-02T21:05:05Z,2026-10-02,WSH @ CAR,dfc3a73fc50d3d1c4b58150c834e2e7d,p1_pl,CAR,,-0.5,betonlineag,159,-182,oddsapi
2026-10-02T21:05:05Z,2026-10-02,WSH @ CAR,dfc3a73fc50d3d1c4b58150c834e2e7d,p1_pl,WSH,,0.5,betonlineag,-182,159,oddsapi
2026-10-02T21:05:05Z,2026-10-02,WSH @ CAR,dfc3a73fc50d3d1c4b58150c834e2e7d,team_total,over,CAR,3.5,betonlineag,111,-142,oddsapi
2026-10-02T21:05:05Z,2026-10-02,WSH @ CAR,dfc3a73fc50d3d1c4b58150c834e2e7d,team_total,under,CAR,3.5,betonlineag,-142,111,oddsapi
2026-10-02T21:05:05Z,2026-10-02,WSH @ CAR,dfc3a73fc50d3d1c4b58150c834e2e7d,team_total,over,WSH,2.5,betonlineag,-130,100,oddsapi
2026-10-02T21:05:05Z,2026-10-02,WSH @ CAR,dfc3a73fc50d3d1c4b58150c834e2e7d,team_total,under,WSH,2.5,betonlineag,100,-130,oddsapi
2026-10-02T21:05:05Z,2026-10-02,WSH @ CAR,dfc3a73fc50d3d1c4b58150c834e2e7d,p1_total,over,,1.5,betonlineag,-128,108,oddsapi
2026-10-02T21:05:05Z,2026-10-02,WSH @ CAR,dfc3a73fc50d3d1c4b58150c834e2e7d,p1_total,under,,1.5,betonlineag,108,-128,oddsapi
2026-10-02T21:05:05Z,2026-10-02,WSH @ CAR,dfc3a73fc50d3d1c4b58150c834e2e7d,team_total_alt,over,CAR,1.5,betmgm,-650,375,oddsapi
2026-10-02T21:05:05Z,2026-10-02,WSH @ CAR,dfc3a73fc50d3d1c4b58150c834e2e7d,team_total_alt,under,CAR,1.5,betmgm,375,-650,oddsapi
2026-10-02T21:05:05Z,2026-10-02,WSH @ CAR,dfc3a73fc50d3d1c4b58150c834e2e7d,team_total_alt,over,CAR,2,betmgm,-525,310,oddsapi
2026-10-02T21:05:05Z,2026-10-02,WSH @ CAR,dfc3a73fc50d3d1c4b58150c834e2e7d,team_total_alt,under,CAR,2,betmgm,310,-525,oddsapi
2026-10-02T21:05:05Z,2026-10-02,WSH @ CAR,dfc3a73fc50d3d1c4b58150c834e2e7d,team_total_alt,over,CAR,2.5,betmgm,-225,160,oddsapi
2026-10-02T21:05:05Z,2026-10-02,WSH @ CAR,dfc3a73fc50d3d1c4b58150c834e2e7d,team_total_alt,under,CAR,2.5,betmgm,160,-225,oddsapi
2026-10-02T21:05:05Z,2026-10-02,WSH @ CAR,dfc3a73fc50d3d1c4b58150c834e2e7d,team_total_alt,over,CAR,3,betmgm,-160,115,oddsapi
2026-10-02T21:05:05Z,2026-10-02,WSH @ CAR,dfc3a73fc50d3d1c4b58150c834e2e7d,team_total_alt,under,CAR,3,betmgm,115,-160,oddsapi
2026-10-02T21:05:05Z,2026-10-02,WSH @ CAR,dfc3a73fc50d3d1c4b58150c834e2e7d,team_total_alt,over,CAR,3.5,betmgm,100,-140,oddsapi
2026-10-02T21:05:05Z,2026-10-02,WSH @ CAR,dfc3a73fc50d3d1c4b58150c834e2e7d,team_total_alt,under,CAR,3.5,betmgm,-140,100,oddsapi
2026-10-02T21:05:05Z,2026-10-02,WSH @ CAR,dfc3a73fc50d3d1c4b58150c834e2e7d,team_total_alt,over,CAR,4,betmgm,165,-235,oddsapi
2026-10-02T21:05:05Z,2026-10-02,WSH @ CAR,dfc3a73fc50d3d1c4b58150c834e2e7d,team_total_alt,under,CAR,4,betmgm,-235,165,oddsapi
2026-10-02T21:05:05Z,2026-10-02,WSH @ CAR,dfc3a73fc50d3d1c4b58150c834e2e7d,team_total_alt,over,CAR,4.5,betmgm,220,-325,oddsapi
2026-10-02T21:05:05Z,2026-10-02,WSH @ CAR,dfc3a73fc50d3d1c4b58150c834e2e7d,team_total_alt,under,CAR,4.5,betmgm,-325,220,oddsapi
2026-10-02T21:05:05Z,2026-10-02,WSH @ CAR,dfc3a73fc50d3d1c4b58150c834e2e7d,team_total_alt,over,CAR,5,betmgm,425,-750,oddsapi
2026-10-02T21:05:05Z,2026-10-02,WSH @ CAR,dfc3a73fc50d3d1c4b58150c834e2e7d,team_total_alt,under,CAR,5,betmgm,-750,425,oddsapi
2026-10-02T21:05:05Z,2026-10-02,WSH @ CAR,dfc3a73fc50d3d1c4b58150c834e2e7d,team_total_alt,over,CAR,5.5,betmgm,475,-1000,oddsapi
2026-10-02T21:05:05Z,2026-10-02,WSH @ CAR,dfc3a73fc50d3d1c4b58150c834e2e7d,team_total_alt,under,CAR,5.5,betmgm,-1000,475,oddsapi
2026-10-02T21:05:05Z,2026-10-02,WSH @ CAR,dfc3a73fc50d3d1c4b58150c834e2e7d,team_total_alt,over,WSH,0.5,betmgm,-2500,775,oddsapi
2026-10-02T21:05:05Z,2026-10-02,WSH @ CAR,dfc3a73fc50d3d1c4b58150c834e2e7d,team_total_alt,under,WSH,0.5,betmgm,775,-2500,oddsapi
2026-10-02T21:05:05Z,2026-10-02,WSH @ CAR,dfc3a73fc50d3d1c4b58150c834e2e7d,team_total_alt,over,WSH,1,betmgm,-2000,675,oddsapi
2026-10-02T21:05:05Z,2026-10-02,WSH @ CAR,dfc3a73fc50d3d1c4b58150c834e2e7d,team_total_alt,under,WSH,1,betmgm,675,-2000,oddsapi
2026-10-02T21:05:05Z,2026-10-02,WSH @ CAR,dfc3a73fc50d3d1c4b58150c834e2e7d,team_total_alt,over,WSH,1.5,betmgm,-400,260,oddsapi
2026-10-02T21:05:05Z,2026-10-02,WSH @ CAR,dfc3a73fc50d3d1c4b58150c834e2e7d,team_total_alt,under,WSH,1.5,betmgm,260,-400,oddsapi
2026-10-02T21:05:05Z,2026-10-02,WSH @ CAR,dfc3a73fc50d3d1c4b58150c834e2e7d,team_total_alt,over,WSH,2,betmgm,-275,190,oddsapi
2026-10-02T21:05:05Z,2026-10-02,WSH @ CAR,dfc3a73fc50d3d1c4b58150c834e2e7d,team_total_alt,under,WSH,2,betmgm,190,-275,oddsapi
2026-10-02T21:05:05Z,2026-10-02,WSH @ CAR,dfc3a73fc50d3d1c4b58150c834e2e7d,team_total_alt,over,WSH,2.5,betmgm,-145,105,oddsapi
2026-10-02T21:05:05Z,2026-10-02,WSH @ CAR,dfc3a73fc50d3d1c4b58150c834e2e7d,team_total_alt,under,WSH,2.5,betmgm,105,-145,oddsapi
2026-10-02T21:05:05Z,2026-10-02,WSH @ CAR,dfc3a73fc50d3d1c4b58150c834e2e7d,team_total_alt,over,WSH,3,betmgm,110,-155,oddsapi
2026-10-02T21:05:05Z,2026-10-02,WSH @ CAR,dfc3a73fc50d3d1c4b58150c834e2e7d,team_total_alt,under,WSH,3,betmgm,-155,110,oddsapi
2026-10-02T21:05:05Z,2026-10-02,WSH @ CAR,dfc3a73fc50d3d1c4b58150c834e2e7d,team_total_alt,over,WSH,3.5,betmgm,155,-220,oddsapi
2026-10-02T21:05:05Z,2026-10-02,WSH @ CAR,dfc3a73fc50d3d1c4b58150c834e2e7d,team_total_alt,under,WSH,3.5,betmgm,-220,155,oddsapi
2026-10-02T21:05:05Z,2026-10-02,WSH @ CAR,dfc3a73fc50d3d1c4b58150c834e2e7d,team_total_alt,over,WSH,4,betmgm,280,-450,oddsapi
2026-10-02T21:05:05Z,2026-10-02,WSH @ CAR,dfc3a73fc50d3d1c4b58150c834e2e7d,team_total_alt,under,WSH,4,betmgm,-450,280,oddsapi
2026-10-02T21:05:05Z,2026-10-02,WSH @ CAR,dfc3a73fc50d3d1c4b58150c834e2e7d,team_total_alt,over,WSH,4.5,betmgm,340,-600,oddsapi
2026-10-02T21:05:05Z,2026-10-02,WSH @ CAR,dfc3a73fc50d3d1c4b58150c834e2e7d,team_total_alt,under,WSH,4.5,betmgm,-600,340,oddsapi
2026-10-02T21:05:05Z,2026-10-02,WSH @ CAR,dfc3a73fc50d3d1c4b58150c834e2e7d,game_ml3,CAR,,,betmgm,105,,oddsapi
2026-10-02T21:05:05Z,2026-10-02,WSH @ CAR,dfc3a73fc50d3d1c4b58150c834e2e7d,game_ml3,WSH,,,betmgm,190,,oddsapi
2026-10-02T21:05:05Z,2026-10-02,WSH @ CAR,dfc3a73fc50d3d1c4b58150c834e2e7d,game_ml3,draw,,,betmgm,300,,oddsapi
2026-10-02T21:05:05Z,2026-10-02,WSH @ CAR,dfc3a73fc50d3d1c4b58150c834e2e7d,p1_ml3,CAR,,,betmgm,140,,oddsapi
2026-10-02T21:05:05Z,2026-10-02,WSH @ CAR,dfc3a73fc50d3d1c4b58150c834e2e7d,p1_ml3,WSH,,,betmgm,195,,oddsapi
2026-10-02T21:05:05Z,2026-10-02,WSH @ CAR,dfc3a73fc50d3d1c4b58150c834e2e7d,p1_ml3,draw,,,betmgm,180,,oddsapi
2026-10-02T21:05:05Z,2026-10-02,WSH @ CAR,dfc3a73fc50d3d1c4b58150c834e2e7d,p2_ml3,CAR,,,betmgm,135,,oddsapi
2026-10-02T21:05:05Z,2026-10-02,WSH @ CAR,dfc3a73fc50d3d1c4b58150c834e2e7d,p2_ml3,WSH,,,betmgm,190,,oddsapi
2026-10-02T21:05:05Z,2026-10-02,WSH @ CAR,dfc3a73fc50d3d1c4b58150c834e2e7d,p2_ml3,draw,,,betmgm,195,,oddsapi
2026-10-02T21:05:05Z,2026-10-02,WSH @ CAR,dfc3a73fc50d3d1c4b58150c834e2e7d,p3_ml3,CAR,,,betmgm,125,,oddsapi
2026-10-02T21:05:05Z,2026-10-02,WSH @ CAR,dfc3a73fc50d3d1c4b58150c834e2e7d,p3_ml3,WSH,,,betmgm,180,,oddsapi
2026-10-02T21:05:05Z,2026-10-02,WSH @ CAR,dfc3a73fc50d3d1c4b58150c834e2e7d,p3_ml3,draw,,,betmgm,225,,oddsapi
2026-10-02T21:05:05Z,2026-10-02,WSH @ CAR,dfc3a73fc50d3d1c4b58150c834e2e7d,p1_ml,CAR,,,betmgm,-145,110,oddsapi
2026-10-02T21:05:05Z,2026-10-02,WSH @ CAR,dfc3a73fc50d3d1c4b58150c834e2e7d,p1_ml,WSH,,,betmgm,110,-145,oddsapi
2026-10-02T21:05:05Z,2026-10-02,WSH @ CAR,dfc3a73fc50d3d1c4b58150c834e2e7d,p2_ml,CAR,,,betmgm,-145,105,oddsapi
2026-10-02T21:05:05Z,2026-10-02,WSH @ CAR,dfc3a73fc50d3d1c4b58150c834e2e7d,p2_ml,WSH,,,betmgm,105,-145,oddsapi
2026-10-02T21:05:05Z,2026-10-02,WSH @ CAR,dfc3a73fc50d3d1c4b58150c834e2e7d,p3_ml,CAR,,,betmgm,-155,110,oddsapi
2026-10-02T21:05:05Z,2026-10-02,WSH @ CAR,dfc3a73fc50d3d1c4b58150c834e2e7d,p3_ml,WSH,,,betmgm,110,-155,oddsapi
2026-10-02T21:05:05Z,2026-10-02,WSH @ CAR,dfc3a73fc50d3d1c4b58150c834e2e7d,ags,yes,Andrei Svechnikov,,betmgm,190,,oddsapi
2026-10-02T21:05:05Z,2026-10-02,WSH @ CAR,dfc3a73fc50d3d1c4b58150c834e2e7d,ags,yes,Sebastian Aho,,betmgm,210,,oddsapi
2026-10-02T21:05:05Z,2026-10-02,WSH @ CAR,dfc3a73fc50d3d1c4b58150c834e2e7d,ags,yes,Jackson Blake,,betmgm,225,,oddsapi
2026-10-02T21:05:05Z,2026-10-02,WSH @ CAR,dfc3a73fc50d3d1c4b58150c834e2e7d,ags,yes,Alex Ovechkin,,betmgm,225,,oddsapi
2026-10-02T21:05:05Z,2026-10-02,WSH @ CAR,dfc3a73fc50d3d1c4b58150c834e2e7d,ags,yes,Nikolaj Ehlers,,betmgm,225,,oddsapi
2026-10-02T21:05:05Z,2026-10-02,WSH @ CAR,dfc3a73fc50d3d1c4b58150c834e2e7d,ags,yes,Logan Stankoven,,betmgm,230,,oddsapi
2026-10-02T21:05:05Z,2026-10-02,WSH @ CAR,dfc3a73fc50d3d1c4b58150c834e2e7d,ags,yes,Taylor Hall,,betmgm,275,,oddsapi
2026-10-02T21:05:05Z,2026-10-02,WSH @ CAR,dfc3a73fc50d3d1c4b58150c834e2e7d,ags,yes,Jordan Staal,,betmgm,290,,oddsapi
2026-10-02T21:05:05Z,2026-10-02,WSH @ CAR,dfc3a73fc50d3d1c4b58150c834e2e7d,ags,yes,Tom Wilson,,betmgm,290,,oddsapi
2026-10-02T21:05:05Z,2026-10-02,WSH @ CAR,dfc3a73fc50d3d1c4b58150c834e2e7d,ags,yes,Ryan Leonard,,betmgm,325,,oddsapi
2026-10-02T21:05:05Z,2026-10-02,WSH @ CAR,dfc3a73fc50d3d1c4b58150c834e2e7d,ags,yes,Dylan Strome,,betmgm,333,,oddsapi
2026-10-02T21:05:05Z,2026-10-02,WSH @ CAR,dfc3a73fc50d3d1c4b58150c834e2e7d,ags,yes,Mark Jankowski,,betmgm,350,,oddsapi
2026-10-02T21:05:05Z,2026-10-02,WSH @ CAR,dfc3a73fc50d3d1c4b58150c834e2e7d,ags,yes,Ilya Protas,,betmgm,375,,oddsapi
2026-10-02T21:05:05Z,2026-10-02,WSH @ CAR,dfc3a73fc50d3d1c4b58150c834e2e7d,ags,yes,Pierre-Luc Dubois,,betmgm,375,,oddsapi
2026-10-02T21:05:05Z,2026-10-02,WSH @ CAR,dfc3a73fc50d3d1c4b58150c834e2e7d,ags,yes,Jakob Chychrun,,betmgm,400,,oddsapi
2026-10-02T21:05:05Z,2026-10-02,WSH @ CAR,dfc3a73fc50d3d1c4b58150c834e2e7d,ags,yes,Aliaksei Protas,,betmgm,425,,oddsapi
2026-10-02T21:05:05Z,2026-10-02,WSH @ CAR,dfc3a73fc50d3d1c4b58150c834e2e7d,ags,yes,Shayne Gostisbehere,,betmgm,500,,oddsapi
2026-10-02T21:05:05Z,2026-10-02,WSH @ CAR,dfc3a73fc50d3d1c4b58150c834e2e7d,ags,yes,Jordan Martinook,,betmgm,500,,oddsapi
2026-10-02T21:05:05Z,2026-10-02,WSH @ CAR,dfc3a73fc50d3d1c4b58150c834e2e7d,ags,yes,Eric Robinson,,betmgm,550,,oddsapi
2026-10-02T21:05:05Z,2026-10-02,WSH @ CAR,dfc3a73fc50d3d1c4b58150c834e2e7d,ags,yes,Cole Hutson,,betmgm,650,,oddsapi
2026-10-02T21:05:05Z,2026-10-02,WSH @ CAR,dfc3a73fc50d3d1c4b58150c834e2e7d,ags,yes,Anthony Beauvillier,,betmgm,650,,oddsapi
2026-10-02T21:05:05Z,2026-10-02,WSH @ CAR,dfc3a73fc50d3d1c4b58150c834e2e7d,ags,yes,K'Andre Miller,,betmgm,700,,oddsapi
2026-10-02T21:05:05Z,2026-10-02,WSH @ CAR,dfc3a73fc50d3d1c4b58150c834e2e7d,ags,yes,Justin Sourdif,,betmgm,700,,oddsapi
2026-10-02T21:05:05Z,2026-10-02,WSH @ CAR,dfc3a73fc50d3d1c4b58150c834e2e7d,ags,yes,Sean Walker,,betmgm,800,,oddsapi
2026-10-02T21:05:05Z,2026-10-02,WSH @ CAR,dfc3a73fc50d3d1c4b58150c834e2e7d,ags,yes,Charles-Alexis Legault,,betmgm,1000,,oddsapi
2026-10-02T21:05:05Z,2026-10-02,WSH @ CAR,dfc3a73fc50d3d1c4b58150c834e2e7d,ags,yes,Jalen Chatfield,,betmgm,1100,,oddsapi
2026-10-02T21:05:05Z,2026-10-02,WSH @ CAR,dfc3a73fc50d3d1c4b58150c834e2e7d,ags,yes,Jaccob Slavin,,betmgm,1100,,oddsapi
2026-10-02T21:05:05Z,2026-10-02,WSH @ CAR,dfc3a73fc50d3d1c4b58150c834e2e7d,ags,yes,William Carrier,,betmgm,1100,,oddsapi
2026-10-02T21:05:05Z,2026-10-02,WSH @ CAR,dfc3a73fc50d3d1c4b58150c834e2e7d,ags,yes,Timothy Liljegren,,betmgm,1150,,oddsapi
2026-10-02T21:05:05Z,2026-10-02,WSH @ CAR,dfc3a73fc50d3d1c4b58150c834e2e7d,ags,yes,Martin Fehervary,,betmgm,1200,,oddsapi
2026-10-02T21:05:05Z,2026-10-02,WSH @ CAR,dfc3a73fc50d3d1c4b58150c834e2e7d,ags,yes,Nicolas Deslauriers,,betmgm,1200,,oddsapi
2026-10-02T21:05:05Z,2026-10-02,WSH @ CAR,dfc3a73fc50d3d1c4b58150c834e2e7d,ags,yes,Matt Roy,,betmgm,1350,,oddsapi
2026-10-02T21:05:05Z,2026-10-02,WSH @ CAR,dfc3a73fc50d3d1c4b58150c834e2e7d,fgs,yes,Andrei Svechnikov,,betmgm,1150,,oddsapi
2026-10-02T21:05:05Z,2026-10-02,WSH @ CAR,dfc3a73fc50d3d1c4b58150c834e2e7d,fgs,yes,Sebastian Aho,,betmgm,1250,,oddsapi
2026-10-02T21:05:05Z,2026-10-02,WSH @ CAR,dfc3a73fc50d3d1c4b58150c834e2e7d,fgs,yes,Jackson Blake,,betmgm,1300,,oddsapi
2026-10-02T21:05:05Z,2026-10-02,WSH @ CAR,dfc3a73fc50d3d1c4b58150c834e2e7d,fgs,yes,Logan Stankoven,,betmgm,1400,,oddsapi
2026-10-02T21:05:05Z,2026-10-02,WSH @ CAR,dfc3a73fc50d3d1c4b58150c834e2e7d,fgs,yes,Nikolaj Ehlers,,betmgm,1400,,oddsapi
2026-10-02T21:05:05Z,2026-10-02,WSH @ CAR,dfc3a73fc50d3d1c4b58150c834e2e7d,fgs,yes,Alex Ovechkin,,betmgm,1500,,oddsapi
2026-10-02T21:05:05Z,2026-10-02,WSH @ CAR,dfc3a73fc50d3d1c4b58150c834e2e7d,fgs,yes,Jordan Staal,,betmgm,1700,,oddsapi
2026-10-02T21:05:05Z,2026-10-02,WSH @ CAR,dfc3a73fc50d3d1c4b58150c834e2e7d,fgs,yes,Tom Wilson,,betmgm,1750,,oddsapi
2026-10-02T21:05:05Z,2026-10-02,WSH @ CAR,dfc3a73fc50d3d1c4b58150c834e2e7d,fgs,yes,Taylor Hall,,betmgm,1750,,oddsapi
2026-10-02T21:05:05Z,2026-10-02,WSH @ CAR,dfc3a73fc50d3d1c4b58150c834e2e7d,fgs,yes,Mark Jankowski,,betmgm,2000,,oddsapi
2026-10-02T21:05:05Z,2026-10-02,WSH @ CAR,dfc3a73fc50d3d1c4b58150c834e2e7d,fgs,yes,Pierre-Luc Dubois,,betmgm,2200,,oddsapi
2026-10-02T21:05:05Z,2026-10-02,WSH @ CAR,dfc3a73fc50d3d1c4b58150c834e2e7d,fgs,yes,Jakob Chychrun,,betmgm,2200,,oddsapi
2026-10-02T21:05:05Z,2026-10-02,WSH @ CAR,dfc3a73fc50d3d1c4b58150c834e2e7d,fgs,yes,Ilya Protas,,betmgm,2200,,oddsapi
2026-10-02T21:05:05Z,2026-10-02,WSH @ CAR,dfc3a73fc50d3d1c4b58150c834e2e7d,fgs,yes,Dylan Strome,,betmgm,2200,,oddsapi
2026-10-02T21:05:05Z,2026-10-02,WSH @ CAR,dfc3a73fc50d3d1c4b58150c834e2e7d,fgs,yes,Ryan Leonard,,betmgm,2200,,oddsapi
2026-10-02T21:05:05Z,2026-10-02,WSH @ CAR,dfc3a73fc50d3d1c4b58150c834e2e7d,fgs,yes,Eric Robinson,,betmgm,2500,,oddsapi
2026-10-02T21:05:05Z,2026-10-02,WSH @ CAR,dfc3a73fc50d3d1c4b58150c834e2e7d,fgs,yes,Aliaksei Protas,,betmgm,2500,,oddsapi
2026-10-02T21:05:05Z,2026-10-02,WSH @ CAR,dfc3a73fc50d3d1c4b58150c834e2e7d,fgs,yes,Shayne Gostisbehere,,betmgm,2800,,oddsapi
2026-10-02T21:05:05Z,2026-10-02,WSH @ CAR,dfc3a73fc50d3d1c4b58150c834e2e7d,fgs,yes,Jordan Martinook,,betmgm,2800,,oddsapi
2026-10-02T21:05:05Z,2026-10-02,WSH @ CAR,dfc3a73fc50d3d1c4b58150c834e2e7d,fgs,yes,Anthony Beauvillier,,betmgm,3300,,oddsapi
2026-10-02T21:05:05Z,2026-10-02,WSH @ CAR,dfc3a73fc50d3d1c4b58150c834e2e7d,fgs,yes,Cole Hutson,,betmgm,3300,,oddsapi
2026-10-02T21:05:05Z,2026-10-02,WSH @ CAR,dfc3a73fc50d3d1c4b58150c834e2e7d,fgs,yes,Justin Sourdif,,betmgm,3500,,oddsapi
2026-10-02T21:05:05Z,2026-10-02,WSH @ CAR,dfc3a73fc50d3d1c4b58150c834e2e7d,fgs,yes,K'Andre Miller,,betmgm,3500,,oddsapi
2026-10-02T21:05:05Z,2026-10-02,WSH @ CAR,dfc3a73fc50d3d1c4b58150c834e2e7d,fgs,yes,Sean Walker,,betmgm,4000,,oddsapi
2026-10-02T21:05:05Z,2026-10-02,WSH @ CAR,dfc3a73fc50d3d1c4b58150c834e2e7d,fgs,yes,Jaccob Slavin,,betmgm,5500,,oddsapi
2026-10-02T21:05:05Z,2026-10-02,WSH @ CAR,dfc3a73fc50d3d1c4b58150c834e2e7d,fgs,yes,William Carrier,,betmgm,5500,,oddsapi
2026-10-02T21:05:05Z,2026-10-02,WSH @ CAR,dfc3a73fc50d3d1c4b58150c834e2e7d,fgs,yes,Jalen Chatfield,,betmgm,6600,,oddsapi
2026-10-02T21:05:05Z,2026-10-02,WSH @ CAR,dfc3a73fc50d3d1c4b58150c834e2e7d,fgs,yes,Matt Roy,,betmgm,6600,,oddsapi
2026-10-02T21:05:05Z,2026-10-02,WSH @ CAR,dfc3a73fc50d3d1c4b58150c834e2e7d,p1_pl,CAR,,1.5,betmgm,-1200,625,oddsapi
2026-10-02T21:05:05Z,2026-10-02,WSH @ CAR,dfc3a73fc50d3d1c4b58150c834e2e7d,p1_pl,WSH,,-1.5,betmgm,625,-1200,oddsapi
2026-10-02T21:05:05Z,2026-10-02,WSH @ CAR,dfc3a73fc50d3d1c4b58150c834e2e7d,p2_pl,CAR,,1.5,betmgm,-1200,550,oddsapi
2026-10-02T21:05:05Z,2026-10-02,WSH @ CAR,dfc3a73fc50d3d1c4b58150c834e2e7d,p2_pl,WSH,,-1.5,betmgm,550,-1200,oddsapi
2026-10-02T21:05:05Z,2026-10-02,WSH @ CAR,dfc3a73fc50d3d1c4b58150c834e2e7d,p3_pl,CAR,,1.5,betmgm,-1000,475,oddsapi
2026-10-02T21:05:05Z,2026-10-02,WSH @ CAR,dfc3a73fc50d3d1c4b58150c834e2e7d,p3_pl,WSH,,-1.5,betmgm,475,-1000,oddsapi
2026-10-02T21:05:05Z,2026-10-02,WSH @ CAR,dfc3a73fc50d3d1c4b58150c834e2e7d,team_total,over,CAR,3.5,betmgm,100,-140,oddsapi
2026-10-02T21:05:05Z,2026-10-02,WSH @ CAR,dfc3a73fc50d3d1c4b58150c834e2e7d,team_total,under,CAR,3.5,betmgm,-140,100,oddsapi
2026-10-02T21:05:05Z,2026-10-02,WSH @ CAR,dfc3a73fc50d3d1c4b58150c834e2e7d,team_total,over,WSH,2.5,betmgm,-145,105,oddsapi
2026-10-02T21:05:05Z,2026-10-02,WSH @ CAR,dfc3a73fc50d3d1c4b58150c834e2e7d,team_total,under,WSH,2.5,betmgm,105,-145,oddsapi
2026-10-02T21:05:05Z,2026-10-02,WSH @ CAR,dfc3a73fc50d3d1c4b58150c834e2e7d,p1_total,over,,2.5,betmgm,220,-300,oddsapi
2026-10-02T21:05:05Z,2026-10-02,WSH @ CAR,dfc3a73fc50d3d1c4b58150c834e2e7d,p1_total,under,,2.5,betmgm,-300,220,oddsapi
2026-10-02T21:05:05Z,2026-10-02,WSH @ CAR,dfc3a73fc50d3d1c4b58150c834e2e7d,p2_total,over,,3,betmgm,340,-600,oddsapi
2026-10-02T21:05:05Z,2026-10-02,WSH @ CAR,dfc3a73fc50d3d1c4b58150c834e2e7d,p2_total,under,,3,betmgm,-600,340,oddsapi
2026-10-02T21:05:05Z,2026-10-02,WSH @ CAR,dfc3a73fc50d3d1c4b58150c834e2e7d,p3_total,over,,3,betmgm,290,-450,oddsapi
2026-10-02T21:05:05Z,2026-10-02,WSH @ CAR,dfc3a73fc50d3d1c4b58150c834e2e7d,p3_total,under,,3,betmgm,-450,290,oddsapi
2026-10-02T21:05:05Z,2026-10-02,WSH @ CAR,dfc3a73fc50d3d1c4b58150c834e2e7d,p1_ml,CAR,,,betus,-130,100,oddsapi
2026-10-02T21:05:05Z,2026-10-02,WSH @ CAR,dfc3a73fc50d3d1c4b58150c834e2e7d,p1_ml,WSH,,,betus,100,-130,oddsapi
2026-10-02T21:05:05Z,2026-10-02,WSH @ CAR,dfc3a73fc50d3d1c4b58150c834e2e7d,p1_pl,CAR,,-0.5,betus,160,-200,oddsapi
2026-10-02T21:05:05Z,2026-10-02,WSH @ CAR,dfc3a73fc50d3d1c4b58150c834e2e7d,p1_pl,WSH,,0.5,betus,-200,160,oddsapi
2026-10-02T21:05:05Z,2026-10-02,WSH @ CAR,dfc3a73fc50d3d1c4b58150c834e2e7d,p1_total,over,,1.5,betus,-130,100,oddsapi
2026-10-02T21:05:05Z,2026-10-02,WSH @ CAR,dfc3a73fc50d3d1c4b58150c834e2e7d,p1_total,under,,1.5,betus,100,-130,oddsapi
2026-10-02T21:05:05Z,2026-10-02,WSH @ CAR,dfc3a73fc50d3d1c4b58150c834e2e7d,game_pl_alt,CAR,,1.5,bovada,-420,285,oddsapi
2026-10-02T21:05:05Z,2026-10-02,WSH @ CAR,dfc3a73fc50d3d1c4b58150c834e2e7d,game_pl_alt,CAR,,2.5,bovada,-800,460,oddsapi
2026-10-02T21:05:05Z,2026-10-02,WSH @ CAR,dfc3a73fc50d3d1c4b58150c834e2e7d,game_pl_alt,CAR,,-2.5,bovada,280,-410,oddsapi
2026-10-02T21:05:05Z,2026-10-02,WSH @ CAR,dfc3a73fc50d3d1c4b58150c834e2e7d,game_pl_alt,WSH,,-1.5,bovada,285,-420,oddsapi
2026-10-02T21:05:05Z,2026-10-02,WSH @ CAR,dfc3a73fc50d3d1c4b58150c834e2e7d,game_pl_alt,WSH,,-2.5,bovada,460,-800,oddsapi
2026-10-02T21:05:05Z,2026-10-02,WSH @ CAR,dfc3a73fc50d3d1c4b58150c834e2e7d,game_pl_alt,WSH,,2.5,bovada,-410,280,oddsapi
2026-10-02T21:05:05Z,2026-10-02,WSH @ CAR,dfc3a73fc50d3d1c4b58150c834e2e7d,team_total_alt,over,CAR,3.5,bovada,110,-145,oddsapi
2026-10-02T21:05:05Z,2026-10-02,WSH @ CAR,dfc3a73fc50d3d1c4b58150c834e2e7d,team_total_alt,under,CAR,3.5,bovada,-145,110,oddsapi
2026-10-02T21:05:05Z,2026-10-02,WSH @ CAR,dfc3a73fc50d3d1c4b58150c834e2e7d,team_total_alt,over,WSH,2.5,bovada,-145,110,oddsapi
2026-10-02T21:05:05Z,2026-10-02,WSH @ CAR,dfc3a73fc50d3d1c4b58150c834e2e7d,team_total_alt,under,WSH,2.5,bovada,110,-145,oddsapi
2026-10-02T21:05:05Z,2026-10-02,WSH @ CAR,dfc3a73fc50d3d1c4b58150c834e2e7d,game_total_alt,over,,4.5,bovada,-460,305,oddsapi
2026-10-02T21:05:05Z,2026-10-02,WSH @ CAR,dfc3a73fc50d3d1c4b58150c834e2e7d,game_total_alt,over,,5,bovada,-310,225,oddsapi
2026-10-02T21:05:05Z,2026-10-02,WSH @ CAR,dfc3a73fc50d3d1c4b58150c834e2e7d,game_total_alt,over,,5.5,bovada,-150,115,oddsapi
2026-10-02T21:05:05Z,2026-10-02,WSH @ CAR,dfc3a73fc50d3d1c4b58150c834e2e7d,game_total_alt,over,,6.5,bovada,105,-135,oddsapi
2026-10-02T21:05:05Z,2026-10-02,WSH @ CAR,dfc3a73fc50d3d1c4b58150c834e2e7d,game_total_alt,over,,7,bovada,190,-260,oddsapi
2026-10-02T21:05:05Z,2026-10-02,WSH @ CAR,dfc3a73fc50d3d1c4b58150c834e2e7d,game_total_alt,over,,7.5,bovada,230,-325,oddsapi
2026-10-02T21:05:05Z,2026-10-02,WSH @ CAR,dfc3a73fc50d3d1c4b58150c834e2e7d,game_total_alt,under,,4.5,bovada,305,-460,oddsapi
2026-10-02T21:05:05Z,2026-10-02,WSH @ CAR,dfc3a73fc50d3d1c4b58150c834e2e7d,game_total_alt,under,,5,bovada,225,-310,oddsapi
2026-10-02T21:05:05Z,2026-10-02,WSH @ CAR,dfc3a73fc50d3d1c4b58150c834e2e7d,game_total_alt,under,,5.5,bovada,115,-150,oddsapi
2026-10-02T21:05:05Z,2026-10-02,WSH @ CAR,dfc3a73fc50d3d1c4b58150c834e2e7d,game_total_alt,under,,6.5,bovada,-135,105,oddsapi
2026-10-02T21:05:05Z,2026-10-02,WSH @ CAR,dfc3a73fc50d3d1c4b58150c834e2e7d,game_total_alt,under,,7,bovada,-260,190,oddsapi
2026-10-02T21:05:05Z,2026-10-02,WSH @ CAR,dfc3a73fc50d3d1c4b58150c834e2e7d,game_total_alt,under,,7.5,bovada,-325,230,oddsapi
2026-10-02T21:05:05Z,2026-10-02,WSH @ CAR,dfc3a73fc50d3d1c4b58150c834e2e7d,game_ml3,CAR,,,bovada,107,,oddsapi
2026-10-02T21:05:05Z,2026-10-02,WSH @ CAR,dfc3a73fc50d3d1c4b58150c834e2e7d,game_ml3,WSH,,,bovada,185,,oddsapi
2026-10-02T21:05:05Z,2026-10-02,WSH @ CAR,dfc3a73fc50d3d1c4b58150c834e2e7d,game_ml3,draw,,,bovada,315,,oddsapi
2026-10-02T21:05:05Z,2026-10-02,WSH @ CAR,dfc3a73fc50d3d1c4b58150c834e2e7d,p1_ml3,CAR,,,bovada,157,,oddsapi
2026-10-02T21:05:05Z,2026-10-02,WSH @ CAR,dfc3a73fc50d3d1c4b58150c834e2e7d,p1_ml3,WSH,,,bovada,200,,oddsapi
2026-10-02T21:05:05Z,2026-10-02,WSH @ CAR,dfc3a73fc50d3d1c4b58150c834e2e7d,p1_ml3,draw,,,bovada,180,,oddsapi
2026-10-02T21:05:05Z,2026-10-02,WSH @ CAR,dfc3a73fc50d3d1c4b58150c834e2e7d,p1_ml,CAR,,,bovada,-135,105,oddsapi
2026-10-02T21:05:05Z,2026-10-02,WSH @ CAR,dfc3a73fc50d3d1c4b58150c834e2e7d,p1_ml,WSH,,,bovada,105,-135,oddsapi
2026-10-02T21:05:05Z,2026-10-02,WSH @ CAR,dfc3a73fc50d3d1c4b58150c834e2e7d,p2_ml,CAR,,,bovada,-145,110,oddsapi
2026-10-02T21:05:05Z,2026-10-02,WSH @ CAR,dfc3a73fc50d3d1c4b58150c834e2e7d,p2_ml,WSH,,,bovada,110,-145,oddsapi
2026-10-02T21:05:05Z,2026-10-02,WSH @ CAR,dfc3a73fc50d3d1c4b58150c834e2e7d,p3_ml,CAR,,,bovada,-145,110,oddsapi
2026-10-02T21:05:05Z,2026-10-02,WSH @ CAR,dfc3a73fc50d3d1c4b58150c834e2e7d,p3_ml,WSH,,,bovada,110,-145,oddsapi
2026-10-02T21:05:05Z,2026-10-02,WSH @ CAR,dfc3a73fc50d3d1c4b58150c834e2e7d,ags,yes,Sean Walker,,bovada,725,,oddsapi
2026-10-02T21:05:05Z,2026-10-02,WSH @ CAR,dfc3a73fc50d3d1c4b58150c834e2e7d,ags,yes,Jordan Staal,,bovada,280,,oddsapi
2026-10-02T21:05:05Z,2026-10-02,WSH @ CAR,dfc3a73fc50d3d1c4b58150c834e2e7d,ags,yes,Shayne Gostisbehere,,bovada,475,,oddsapi
2026-10-02T21:05:05Z,2026-10-02,WSH @ CAR,dfc3a73fc50d3d1c4b58150c834e2e7d,ags,yes,Logan Stankoven,,bovada,220,,oddsapi
2026-10-02T21:05:05Z,2026-10-02,WSH @ CAR,dfc3a73fc50d3d1c4b58150c834e2e7d,ags,yes,Aliaksei Protas,,bovada,410,,oddsapi
2026-10-02T21:05:05Z,2026-10-02,WSH @ CAR,dfc3a73fc50d3d1c4b58150c834e2e7d,ags,yes,Andrei Svechnikov,,bovada,188,,oddsapi
2026-10-02T21:05:05Z,2026-10-02,WSH @ CAR,dfc3a73fc50d3d1c4b58150c834e2e7d,ags,yes,Alex Ovechkin,,bovada,220,,oddsapi
2026-10-02T21:05:05Z,2026-10-02,WSH @ CAR,dfc3a73fc50d3d1c4b58150c834e2e7d,ags,yes,Anthony Beauvillier,,bovada,650,,oddsapi
2026-10-02T21:05:05Z,2026-10-02,WSH @ CAR,dfc3a73fc50d3d1c4b58150c834e2e7d,ags,yes,Justin Sourdif,,bovada,675,,oddsapi
2026-10-02T21:05:05Z,2026-10-02,WSH @ CAR,dfc3a73fc50d3d1c4b58150c834e2e7d,ags,yes,Tom Wilson,,bovada,290,,oddsapi
2026-10-02T21:05:05Z,2026-10-02,WSH @ CAR,dfc3a73fc50d3d1c4b58150c834e2e7d,ags,yes,William Carrier,,bovada,900,,oddsapi
2026-10-02T21:05:05Z,2026-10-02,WSH @ CAR,dfc3a73fc50d3d1c4b58150c834e2e7d,ags,yes,Nikolaj Ehlers,,bovada,230,,oddsapi
2026-10-02T21:05:05Z,2026-10-02,WSH @ CAR,dfc3a73fc50d3d1c4b58150c834e2e7d,ags,yes,Jackson Blake,,bovada,225,,oddsapi
2026-10-02T21:05:05Z,2026-10-02,WSH @ CAR,dfc3a73fc50d3d1c4b58150c834e2e7d,ags,yes,Eric Robinson,,bovada,525,,oddsapi
2026-10-02T21:05:05Z,2026-10-02,WSH @ CAR,dfc3a73fc50d3d1c4b58150c834e2e7d,ags,yes,Matt Roy,,bovada,1300,,oddsapi
2026-10-02T21:05:05Z,2026-10-02,WSH @ CAR,dfc3a73fc50d3d1c4b58150c834e2e7d,ags,yes,Jordan Martinook,,bovada,475,,oddsapi
2026-10-02T21:05:05Z,2026-10-02,WSH @ CAR,dfc3a73fc50d3d1c4b58150c834e2e7d,ags,yes,Jakob Chychrun,,bovada,390,,oddsapi
2026-10-02T21:05:05Z,2026-10-02,WSH @ CAR,dfc3a73fc50d3d1c4b58150c834e2e7d,ags,yes,Dylan Strome,,bovada,320,,oddsapi
2026-10-02T21:05:05Z,2026-10-02,WSH @ CAR,dfc3a73fc50d3d1c4b58150c834e2e7d,ags,yes,Jaccob Slavin,,bovada,1000,,oddsapi
2026-10-02T21:05:05Z,2026-10-02,WSH @ CAR,dfc3a73fc50d3d1c4b58150c834e2e7d,ags,yes,Sebastian Aho,,bovada,200,,oddsapi
2026-10-02T21:05:05Z,2026-10-02,WSH @ CAR,dfc3a73fc50d3d1c4b58150c834e2e7d,ags,yes,Ryan Leonard,,bovada,315,,oddsapi
2026-10-02T21:05:05Z,2026-10-02,WSH @ CAR,dfc3a73fc50d3d1c4b58150c834e2e7d,ags,yes,Cole Hutson,,bovada,600,,oddsapi
2026-10-02T21:05:05Z,2026-10-02,WSH @ CAR,dfc3a73fc50d3d1c4b58150c834e2e7d,ags,yes,Mark Jankowski,,bovada,345,,oddsapi
2026-10-02T21:05:05Z,2026-10-02,WSH @ CAR,dfc3a73fc50d3d1c4b58150c834e2e7d,ags,yes,Ilya Protas,,bovada,360,,oddsapi
2026-10-02T21:05:05Z,2026-10-02,WSH @ CAR,dfc3a73fc50d3d1c4b58150c834e2e7d,ags,yes,Pierre-Luc Dubois,,bovada,360,,oddsapi
2026-10-02T21:05:05Z,2026-10-02,WSH @ CAR,dfc3a73fc50d3d1c4b58150c834e2e7d,ags,yes,Jalen Chatfield,,bovada,1100,,oddsapi
2026-10-02T21:05:05Z,2026-10-02,WSH @ CAR,dfc3a73fc50d3d1c4b58150c834e2e7d,ags,yes,K'Andre Miller,,bovada,675,,oddsapi
2026-10-02T21:05:05Z,2026-10-02,WSH @ CAR,dfc3a73fc50d3d1c4b58150c834e2e7d,ags,yes,Taylor Hall,,bovada,270,,oddsapi
2026-10-02T21:05:05Z,2026-10-02,WSH @ CAR,dfc3a73fc50d3d1c4b58150c834e2e7d,ags,yes,Nicolas Deslauriers,,bovada,1000,,oddsapi
2026-10-02T21:05:05Z,2026-10-02,WSH @ CAR,dfc3a73fc50d3d1c4b58150c834e2e7d,ags,yes,Charles-Alexis Legault,,bovada,900,,oddsapi
2026-10-02T21:05:05Z,2026-10-02,WSH @ CAR,dfc3a73fc50d3d1c4b58150c834e2e7d,ags,yes,Timothy Liljegren,,bovada,1000,,oddsapi
2026-10-02T21:05:05Z,2026-10-02,WSH @ CAR,dfc3a73fc50d3d1c4b58150c834e2e7d,ags,yes,Martin Fehervary,,bovada,1100,,oddsapi
2026-10-02T21:05:05Z,2026-10-02,WSH @ CAR,dfc3a73fc50d3d1c4b58150c834e2e7d,fgs,yes,Logan Stankoven,,bovada,1600,,oddsapi
2026-10-02T21:05:05Z,2026-10-02,WSH @ CAR,dfc3a73fc50d3d1c4b58150c834e2e7d,fgs,yes,Tom Wilson,,bovada,2000,,oddsapi
2026-10-02T21:05:05Z,2026-10-02,WSH @ CAR,dfc3a73fc50d3d1c4b58150c834e2e7d,fgs,yes,Anthony Beauvillier,,bovada,4000,,oddsapi
2026-10-02T21:05:05Z,2026-10-02,WSH @ CAR,dfc3a73fc50d3d1c4b58150c834e2e7d,fgs,yes,Aliaksei Protas,,bovada,2500,,oddsapi
2026-10-02T21:05:05Z,2026-10-02,WSH @ CAR,dfc3a73fc50d3d1c4b58150c834e2e7d,fgs,yes,Cole Hutson,,bovada,3300,,oddsapi
2026-10-02T21:05:05Z,2026-10-02,WSH @ CAR,dfc3a73fc50d3d1c4b58150c834e2e7d,fgs,yes,Jaccob Slavin,,bovada,4500,,oddsapi
2026-10-02T21:05:05Z,2026-10-02,WSH @ CAR,dfc3a73fc50d3d1c4b58150c834e2e7d,fgs,yes,Jordan Staal,,bovada,1800,,oddsapi
2026-10-02T21:05:05Z,2026-10-02,WSH @ CAR,dfc3a73fc50d3d1c4b58150c834e2e7d,fgs,yes,William Carrier,,bovada,5000,,oddsapi
2026-10-02T21:05:05Z,2026-10-02,WSH @ CAR,dfc3a73fc50d3d1c4b58150c834e2e7d,fgs,yes,Sean Walker,,bovada,4000,,oddsapi
2026-10-02T21:05:05Z,2026-10-02,WSH @ CAR,dfc3a73fc50d3d1c4b58150c834e2e7d,fgs,yes,Pierre-Luc Dubois,,bovada,2500,,oddsapi
2026-10-02T21:05:05Z,2026-10-02,WSH @ CAR,dfc3a73fc50d3d1c4b58150c834e2e7d,fgs,yes,Dylan Strome,,bovada,2200,,oddsapi
2026-10-02T21:05:05Z,2026-10-02,WSH @ CAR,dfc3a73fc50d3d1c4b58150c834e2e7d,fgs,yes,Andrei Svechnikov,,bovada,1200,,oddsapi
2026-10-02T21:05:05Z,2026-10-02,WSH @ CAR,dfc3a73fc50d3d1c4b58150c834e2e7d,fgs,yes,Jakob Chychrun,,bovada,2500,,oddsapi
2026-10-02T21:05:05Z,2026-10-02,WSH @ CAR,dfc3a73fc50d3d1c4b58150c834e2e7d,fgs,yes,Jackson Blake,,bovada,1400,,oddsapi
2026-10-02T21:05:05Z,2026-10-02,WSH @ CAR,dfc3a73fc50d3d1c4b58150c834e2e7d,fgs,yes,Taylor Hall,,bovada,1700,,oddsapi
2026-10-02T21:05:05Z,2026-10-02,WSH @ CAR,dfc3a73fc50d3d1c4b58150c834e2e7d,fgs,yes,Justin Sourdif,,bovada,3500,,oddsapi
2026-10-02T21:05:05Z,2026-10-02,WSH @ CAR,dfc3a73fc50d3d1c4b58150c834e2e7d,fgs,yes,Mark Jankowski,,bovada,2000,,oddsapi
2026-10-02T21:05:05Z,2026-10-02,WSH @ CAR,dfc3a73fc50d3d1c4b58150c834e2e7d,fgs,yes,Ilya Protas,,bovada,2200,,oddsapi
2026-10-02T21:05:05Z,2026-10-02,WSH @ CAR,dfc3a73fc50d3d1c4b58150c834e2e7d,fgs,yes,Jalen Chatfield,,bovada,6000,,oddsapi
2026-10-02T21:05:05Z,2026-10-02,WSH @ CAR,dfc3a73fc50d3d1c4b58150c834e2e7d,fgs,yes,Shayne Gostisbehere,,bovada,2500,,oddsapi
2026-10-02T21:05:05Z,2026-10-02,WSH @ CAR,dfc3a73fc50d3d1c4b58150c834e2e7d,fgs,yes,Alex Ovechkin,,bovada,1500,,oddsapi
2026-10-02T21:05:05Z,2026-10-02,WSH @ CAR,dfc3a73fc50d3d1c4b58150c834e2e7d,fgs,yes,Eric Robinson,,bovada,3300,,oddsapi
2026-10-02T21:05:05Z,2026-10-02,WSH @ CAR,dfc3a73fc50d3d1c4b58150c834e2e7d,fgs,yes,Nikolaj Ehlers,,bovada,1600,,oddsapi
2026-10-02T21:05:05Z,2026-10-02,WSH @ CAR,dfc3a73fc50d3d1c4b58150c834e2e7d,fgs,yes,Jordan Martinook,,bovada,3000,,oddsapi
2026-10-02T21:05:05Z,2026-10-02,WSH @ CAR,dfc3a73fc50d3d1c4b58150c834e2e7d,fgs,yes,Matt Roy,,bovada,8000,,oddsapi
2026-10-02T21:05:05Z,2026-10-02,WSH @ CAR,dfc3a73fc50d3d1c4b58150c834e2e7d,fgs,yes,K'Andre Miller,,bovada,4000,,oddsapi
2026-10-02T21:05:05Z,2026-10-02,WSH @ CAR,dfc3a73fc50d3d1c4b58150c834e2e7d,fgs,yes,Sebastian Aho,,bovada,1300,,oddsapi
2026-10-02T21:05:05Z,2026-10-02,WSH @ CAR,dfc3a73fc50d3d1c4b58150c834e2e7d,fgs,yes,Ryan Leonard,,bovada,2200,,oddsapi
2026-10-02T21:05:05Z,2026-10-02,WSH @ CAR,dfc3a73fc50d3d1c4b58150c834e2e7d,sk_sog,over,Alex Ovechkin,2.5,bovada,-135,105,oddsapi
2026-10-02T21:05:05Z,2026-10-02,WSH @ CAR,dfc3a73fc50d3d1c4b58150c834e2e7d,sk_sog,under,Alex Ovechkin,2.5,bovada,105,-135,oddsapi
2026-10-02T21:05:05Z,2026-10-02,WSH @ CAR,dfc3a73fc50d3d1c4b58150c834e2e7d,sk_sog,over,Andrei Svechnikov,2.5,bovada,115,-150,oddsapi
2026-10-02T21:05:05Z,2026-10-02,WSH @ CAR,dfc3a73fc50d3d1c4b58150c834e2e7d,sk_sog,under,Andrei Svechnikov,2.5,bovada,-150,115,oddsapi
2026-10-02T21:05:05Z,2026-10-02,WSH @ CAR,dfc3a73fc50d3d1c4b58150c834e2e7d,sk_sog,over,Jackson Blake,2.5,bovada,115,-150,oddsapi
2026-10-02T21:05:05Z,2026-10-02,WSH @ CAR,dfc3a73fc50d3d1c4b58150c834e2e7d,sk_sog,under,Jackson Blake,2.5,bovada,-150,115,oddsapi
2026-10-02T21:05:05Z,2026-10-02,WSH @ CAR,dfc3a73fc50d3d1c4b58150c834e2e7d,sk_sog,over,Jakob Chychrun,2.5,bovada,135,-175,oddsapi
2026-10-02T21:05:05Z,2026-10-02,WSH @ CAR,dfc3a73fc50d3d1c4b58150c834e2e7d,sk_sog,under,Jakob Chychrun,2.5,bovada,-175,135,oddsapi
2026-10-02T21:05:05Z,2026-10-02,WSH @ CAR,dfc3a73fc50d3d1c4b58150c834e2e7d,sk_sog,over,Jordan Staal,1.5,bovada,-120,-110,oddsapi
2026-10-02T21:05:05Z,2026-10-02,WSH @ CAR,dfc3a73fc50d3d1c4b58150c834e2e7d,sk_sog,under,Jordan Staal,1.5,bovada,-110,-120,oddsapi
2026-10-02T21:05:05Z,2026-10-02,WSH @ CAR,dfc3a73fc50d3d1c4b58150c834e2e7d,sk_sog,over,Logan Stankoven,1.5,bovada,-185,140,oddsapi
2026-10-02T21:05:05Z,2026-10-02,WSH @ CAR,dfc3a73fc50d3d1c4b58150c834e2e7d,sk_sog,under,Logan Stankoven,1.5,bovada,140,-185,oddsapi
2026-10-02T21:05:05Z,2026-10-02,WSH @ CAR,dfc3a73fc50d3d1c4b58150c834e2e7d,sk_sog,over,Nikolaj Ehlers,2.5,bovada,125,-165,oddsapi
2026-10-02T21:05:05Z,2026-10-02,WSH @ CAR,dfc3a73fc50d3d1c4b58150c834e2e7d,sk_sog,under,Nikolaj Ehlers,2.5,bovada,-165,125,oddsapi
2026-10-02T21:05:05Z,2026-10-02,WSH @ CAR,dfc3a73fc50d3d1c4b58150c834e2e7d,sk_sog,over,Sebastian Aho,2.5,bovada,-105,-125,oddsapi
2026-10-02T21:05:05Z,2026-10-02,WSH @ CAR,dfc3a73fc50d3d1c4b58150c834e2e7d,sk_sog,under,Sebastian Aho,2.5,bovada,-125,-105,oddsapi
2026-10-02T21:05:05Z,2026-10-02,WSH @ CAR,dfc3a73fc50d3d1c4b58150c834e2e7d,sk_sog,over,Shayne Gostisbehere,1.5,bovada,-135,105,oddsapi
2026-10-02T21:05:05Z,2026-10-02,WSH @ CAR,dfc3a73fc50d3d1c4b58150c834e2e7d,sk_sog,under,Shayne Gostisbehere,1.5,bovada,105,-135,oddsapi
2026-10-02T21:05:05Z,2026-10-02,WSH @ CAR,dfc3a73fc50d3d1c4b58150c834e2e7d,sk_sog,over,Taylor Hall,1.5,bovada,-155,120,oddsapi
2026-10-02T21:05:05Z,2026-10-02,WSH @ CAR,dfc3a73fc50d3d1c4b58150c834e2e7d,sk_sog,under,Taylor Hall,1.5,bovada,120,-155,oddsapi
2026-10-02T21:05:05Z,2026-10-02,WSH @ CAR,dfc3a73fc50d3d1c4b58150c834e2e7d,sk_sog,over,Tom Wilson,1.5,bovada,-130,100,oddsapi
2026-10-02T21:05:05Z,2026-10-02,WSH @ CAR,dfc3a73fc50d3d1c4b58150c834e2e7d,sk_sog,under,Tom Wilson,1.5,bovada,100,-130,oddsapi
2026-10-02T21:05:05Z,2026-10-02,WSH @ CAR,dfc3a73fc50d3d1c4b58150c834e2e7d,g_saves,over,Brandon Bussi,23.5,bovada,-105,-125,oddsapi
2026-10-02T21:05:05Z,2026-10-02,WSH @ CAR,dfc3a73fc50d3d1c4b58150c834e2e7d,g_saves,under,Brandon Bussi,23.5,bovada,-125,-105,oddsapi
2026-10-02T21:05:05Z,2026-10-02,WSH @ CAR,dfc3a73fc50d3d1c4b58150c834e2e7d,g_saves,over,Logan Thompson,26.5,bovada,-130,100,oddsapi
2026-10-02T21:05:05Z,2026-10-02,WSH @ CAR,dfc3a73fc50d3d1c4b58150c834e2e7d,g_saves,under,Logan Thompson,26.5,bovada,100,-130,oddsapi
2026-10-02T21:05:05Z,2026-10-02,WSH @ CAR,dfc3a73fc50d3d1c4b58150c834e2e7d,p1_pl,CAR,,-0.5,bovada,150,-200,oddsapi
2026-10-02T21:05:05Z,2026-10-02,WSH @ CAR,dfc3a73fc50d3d1c4b58150c834e2e7d,p1_pl,WSH,,0.5,bovada,-200,150,oddsapi
2026-10-02T21:05:05Z,2026-10-02,WSH @ CAR,dfc3a73fc50d3d1c4b58150c834e2e7d,p2_pl,CAR,,-0.5,bovada,140,-185,oddsapi
2026-10-02T21:05:05Z,2026-10-02,WSH @ CAR,dfc3a73fc50d3d1c4b58150c834e2e7d,p2_pl,WSH,,0.5,bovada,-185,140,oddsapi
2026-10-02T21:05:05Z,2026-10-02,WSH @ CAR,dfc3a73fc50d3d1c4b58150c834e2e7d,p3_pl,CAR,,-0.5,bovada,125,-165,oddsapi
2026-10-02T21:05:05Z,2026-10-02,WSH @ CAR,dfc3a73fc50d3d1c4b58150c834e2e7d,p3_pl,WSH,,0.5,bovada,-165,125,oddsapi
2026-10-02T21:05:05Z,2026-10-02,WSH @ CAR,dfc3a73fc50d3d1c4b58150c834e2e7d,p1_total,over,,1.5,bovada,-135,105,oddsapi
2026-10-02T21:05:05Z,2026-10-02,WSH @ CAR,dfc3a73fc50d3d1c4b58150c834e2e7d,p1_total,under,,1.5,bovada,105,-135,oddsapi
2026-10-02T21:05:05Z,2026-10-02,WSH @ CAR,dfc3a73fc50d3d1c4b58150c834e2e7d,p2_total,over,,2,bovada,110,-145,oddsapi
2026-10-02T21:05:05Z,2026-10-02,WSH @ CAR,dfc3a73fc50d3d1c4b58150c834e2e7d,p2_total,under,,2,bovada,-145,110,oddsapi
2026-10-02T21:05:05Z,2026-10-02,WSH @ CAR,dfc3a73fc50d3d1c4b58150c834e2e7d,p3_total,over,,2,bovada,-135,105,oddsapi
2026-10-02T21:05:05Z,2026-10-02,WSH @ CAR,dfc3a73fc50d3d1c4b58150c834e2e7d,p3_total,under,,2,bovada,105,-135,oddsapi
2026-10-02T21:05:05Z,2026-10-02,BOS @ WPG,f5a9759e52a784d5fdcc1f3a2fcfc5a2,game_pl_alt,BOS,,-3.5,draftkings,900,-2200,oddsapi
2026-10-02T21:05:05Z,2026-10-02,BOS @ WPG,f5a9759e52a784d5fdcc1f3a2fcfc5a2,game_pl_alt,BOS,,-2.5,draftkings,380,-615,oddsapi
2026-10-02T21:05:05Z,2026-10-02,BOS @ WPG,f5a9759e52a784d5fdcc1f3a2fcfc5a2,game_pl_alt,BOS,,-1.5,draftkings,215,-300,oddsapi
2026-10-02T21:05:05Z,2026-10-02,BOS @ WPG,f5a9759e52a784d5fdcc1f3a2fcfc5a2,game_pl_alt,BOS,,2.5,draftkings,-550,350,oddsapi
2026-10-02T21:05:05Z,2026-10-02,BOS @ WPG,f5a9759e52a784d5fdcc1f3a2fcfc5a2,game_pl_alt,BOS,,3.5,draftkings,-1800,800,oddsapi
2026-10-02T21:05:05Z,2026-10-02,BOS @ WPG,f5a9759e52a784d5fdcc1f3a2fcfc5a2,game_pl_alt,WPG,,3.5,draftkings,-2200,900,oddsapi
2026-10-02T21:05:05Z,2026-10-02,BOS @ WPG,f5a9759e52a784d5fdcc1f3a2fcfc5a2,game_pl_alt,WPG,,2.5,draftkings,-615,380,oddsapi
2026-10-02T21:05:05Z,2026-10-02,BOS @ WPG,f5a9759e52a784d5fdcc1f3a2fcfc5a2,game_pl_alt,WPG,,1.5,draftkings,-300,215,oddsapi
2026-10-02T21:05:05Z,2026-10-02,BOS @ WPG,f5a9759e52a784d5fdcc1f3a2fcfc5a2,game_pl_alt,WPG,,-2.5,draftkings,350,-550,oddsapi
2026-10-02T21:05:05Z,2026-10-02,BOS @ WPG,f5a9759e52a784d5fdcc1f3a2fcfc5a2,game_pl_alt,WPG,,-3.5,draftkings,800,-1800,oddsapi
2026-10-02T21:05:05Z,2026-10-02,BOS @ WPG,f5a9759e52a784d5fdcc1f3a2fcfc5a2,team_total_alt,over,BOS,0.5,draftkings,-3500,1100,oddsapi
2026-10-02T21:05:05Z,2026-10-02,BOS @ WPG,f5a9759e52a784d5fdcc1f3a2fcfc5a2,team_total_alt,under,BOS,0.5,draftkings,1100,-3500,oddsapi
2026-10-02T21:05:05Z,2026-10-02,BOS @ WPG,f5a9759e52a784d5fdcc1f3a2fcfc5a2,team_total_alt,over,BOS,1.5,draftkings,-475,310,oddsapi
2026-10-02T21:05:05Z,2026-10-02,BOS @ WPG,f5a9759e52a784d5fdcc1f3a2fcfc5a2,team_total_alt,under,BOS,1.5,draftkings,310,-475,oddsapi
2026-10-02T21:05:05Z,2026-10-02,BOS @ WPG,f5a9759e52a784d5fdcc1f3a2fcfc5a2,team_total_alt,over,BOS,2.5,draftkings,-160,120,oddsapi
2026-10-02T21:05:05Z,2026-10-02,BOS @ WPG,f5a9759e52a784d5fdcc1f3a2fcfc5a2,team_total_alt,under,BOS,2.5,draftkings,120,-160,oddsapi
2026-10-02T21:05:05Z,2026-10-02,BOS @ WPG,f5a9759e52a784d5fdcc1f3a2fcfc5a2,team_total_alt,over,BOS,3.5,draftkings,150,-200,oddsapi
2026-10-02T21:05:05Z,2026-10-02,BOS @ WPG,f5a9759e52a784d5fdcc1f3a2fcfc5a2,team_total_alt,under,BOS,3.5,draftkings,-200,150,oddsapi
2026-10-02T21:05:05Z,2026-10-02,BOS @ WPG,f5a9759e52a784d5fdcc1f3a2fcfc5a2,team_total_alt,over,BOS,4.5,draftkings,360,-575,oddsapi
2026-10-02T21:05:05Z,2026-10-02,BOS @ WPG,f5a9759e52a784d5fdcc1f3a2fcfc5a2,team_total_alt,under,BOS,4.5,draftkings,-575,360,oddsapi
2026-10-02T21:05:05Z,2026-10-02,BOS @ WPG,f5a9759e52a784d5fdcc1f3a2fcfc5a2,team_total_alt,over,BOS,5.5,draftkings,900,-2200,oddsapi
2026-10-02T21:05:05Z,2026-10-02,BOS @ WPG,f5a9759e52a784d5fdcc1f3a2fcfc5a2,team_total_alt,under,BOS,5.5,draftkings,-2200,900,oddsapi
2026-10-02T21:05:05Z,2026-10-02,BOS @ WPG,f5a9759e52a784d5fdcc1f3a2fcfc5a2,team_total_alt,over,WPG,0.5,draftkings,-3500,1100,oddsapi
2026-10-02T21:05:05Z,2026-10-02,BOS @ WPG,f5a9759e52a784d5fdcc1f3a2fcfc5a2,team_total_alt,under,WPG,0.5,draftkings,1100,-3500,oddsapi
2026-10-02T21:05:05Z,2026-10-02,BOS @ WPG,f5a9759e52a784d5fdcc1f3a2fcfc5a2,team_total_alt,over,WPG,1.5,draftkings,-505,330,oddsapi
2026-10-02T21:05:05Z,2026-10-02,BOS @ WPG,f5a9759e52a784d5fdcc1f3a2fcfc5a2,team_total_alt,under,WPG,1.5,draftkings,330,-505,oddsapi
2026-10-02T21:05:05Z,2026-10-02,BOS @ WPG,f5a9759e52a784d5fdcc1f3a2fcfc5a2,team_total_alt,over,WPG,2.5,draftkings,-165,125,oddsapi
2026-10-02T21:05:05Z,2026-10-02,BOS @ WPG,f5a9759e52a784d5fdcc1f3a2fcfc5a2,team_total_alt,under,WPG,2.5,draftkings,125,-165,oddsapi
2026-10-02T21:05:05Z,2026-10-02,BOS @ WPG,f5a9759e52a784d5fdcc1f3a2fcfc5a2,team_total_alt,over,WPG,3.5,draftkings,145,-190,oddsapi
2026-10-02T21:05:05Z,2026-10-02,BOS @ WPG,f5a9759e52a784d5fdcc1f3a2fcfc5a2,team_total_alt,under,WPG,3.5,draftkings,-190,145,oddsapi
2026-10-02T21:05:05Z,2026-10-02,BOS @ WPG,f5a9759e52a784d5fdcc1f3a2fcfc5a2,team_total_alt,over,WPG,4.5,draftkings,330,-505,oddsapi
2026-10-02T21:05:05Z,2026-10-02,BOS @ WPG,f5a9759e52a784d5fdcc1f3a2fcfc5a2,team_total_alt,under,WPG,4.5,draftkings,-505,330,oddsapi
2026-10-02T21:05:05Z,2026-10-02,BOS @ WPG,f5a9759e52a784d5fdcc1f3a2fcfc5a2,team_total_alt,over,WPG,5.5,draftkings,800,-1800,oddsapi
2026-10-02T21:05:05Z,2026-10-02,BOS @ WPG,f5a9759e52a784d5fdcc1f3a2fcfc5a2,team_total_alt,under,WPG,5.5,draftkings,-1800,800,oddsapi
2026-10-02T21:05:05Z,2026-10-02,BOS @ WPG,f5a9759e52a784d5fdcc1f3a2fcfc5a2,game_total_alt,over,,3.5,draftkings,-725,430,oddsapi
2026-10-02T21:05:05Z,2026-10-02,BOS @ WPG,f5a9759e52a784d5fdcc1f3a2fcfc5a2,game_total_alt,over,,4.5,draftkings,-375,260,oddsapi
2026-10-02T21:05:05Z,2026-10-02,BOS @ WPG,f5a9759e52a784d5fdcc1f3a2fcfc5a2,game_total_alt,over,,6.5,draftkings,125,-165,oddsapi
2026-10-02T21:05:05Z,2026-10-02,BOS @ WPG,f5a9759e52a784d5fdcc1f3a2fcfc5a2,game_total_alt,over,,7.5,draftkings,280,-420,oddsapi
2026-10-02T21:05:05Z,2026-10-02,BOS @ WPG,f5a9759e52a784d5fdcc1f3a2fcfc5a2,game_total_alt,over,,8.5,draftkings,430,-725,oddsapi
2026-10-02T21:05:05Z,2026-10-02,BOS @ WPG,f5a9759e52a784d5fdcc1f3a2fcfc5a2,game_total_alt,over,,9.5,draftkings,1000,-2800,oddsapi
2026-10-02T21:05:05Z,2026-10-02,BOS @ WPG,f5a9759e52a784d5fdcc1f3a2fcfc5a2,game_total_alt,under,,3.5,draftkings,430,-725,oddsapi
2026-10-02T21:05:05Z,2026-10-02,BOS @ WPG,f5a9759e52a784d5fdcc1f3a2fcfc5a2,game_total_alt,under,,4.5,draftkings,260,-375,oddsapi
2026-10-02T21:05:05Z,2026-10-02,BOS @ WPG,f5a9759e52a784d5fdcc1f3a2fcfc5a2,game_total_alt,under,,6.5,draftkings,-165,125,oddsapi
2026-10-02T21:05:05Z,2026-10-02,BOS @ WPG,f5a9759e52a784d5fdcc1f3a2fcfc5a2,game_total_alt,under,,7.5,draftkings,-420,280,oddsapi
2026-10-02T21:05:05Z,2026-10-02,BOS @ WPG,f5a9759e52a784d5fdcc1f3a2fcfc5a2,game_total_alt,under,,8.5,draftkings,-725,430,oddsapi
2026-10-02T21:05:05Z,2026-10-02,BOS @ WPG,f5a9759e52a784d5fdcc1f3a2fcfc5a2,game_total_alt,under,,9.5,draftkings,-2800,1000,oddsapi
2026-10-02T21:05:05Z,2026-10-02,BOS @ WPG,f5a9759e52a784d5fdcc1f3a2fcfc5a2,game_ml3,BOS,,,draftkings,145,,oddsapi
2026-10-02T21:05:05Z,2026-10-02,BOS @ WPG,f5a9759e52a784d5fdcc1f3a2fcfc5a2,game_ml3,WPG,,,draftkings,135,,oddsapi
2026-10-02T21:05:05Z,2026-10-02,BOS @ WPG,f5a9759e52a784d5fdcc1f3a2fcfc5a2,game_ml3,draw,,,draftkings,300,,oddsapi
2026-10-02T21:05:05Z,2026-10-02,BOS @ WPG,f5a9759e52a784d5fdcc1f3a2fcfc5a2,p1_ml3,BOS,,,draftkings,185,,oddsapi
2026-10-02T21:05:05Z,2026-10-02,BOS @ WPG,f5a9759e52a784d5fdcc1f3a2fcfc5a2,p1_ml3,WPG,,,draftkings,175,,oddsapi
2026-10-02T21:05:05Z,2026-10-02,BOS @ WPG,f5a9759e52a784d5fdcc1f3a2fcfc5a2,p1_ml3,draw,,,draftkings,175,,oddsapi
2026-10-02T21:05:05Z,2026-10-02,BOS @ WPG,f5a9759e52a784d5fdcc1f3a2fcfc5a2,p2_ml3,BOS,,,draftkings,175,,oddsapi
2026-10-02T21:05:05Z,2026-10-02,BOS @ WPG,f5a9759e52a784d5fdcc1f3a2fcfc5a2,p2_ml3,WPG,,,draftkings,170,,oddsapi
2026-10-02T21:05:05Z,2026-10-02,BOS @ WPG,f5a9759e52a784d5fdcc1f3a2fcfc5a2,p2_ml3,draw,,,draftkings,195,,oddsapi
2026-10-02T21:05:05Z,2026-10-02,BOS @ WPG,f5a9759e52a784d5fdcc1f3a2fcfc5a2,p3_ml3,BOS,,,draftkings,160,,oddsapi
2026-10-02T21:05:05Z,2026-10-02,BOS @ WPG,f5a9759e52a784d5fdcc1f3a2fcfc5a2,p3_ml3,WPG,,,draftkings,155,,oddsapi
2026-10-02T21:05:05Z,2026-10-02,BOS @ WPG,f5a9759e52a784d5fdcc1f3a2fcfc5a2,p3_ml3,draw,,,draftkings,230,,oddsapi
2026-10-02T21:05:05Z,2026-10-02,BOS @ WPG,f5a9759e52a784d5fdcc1f3a2fcfc5a2,sk_a,over,David Pastrnak,0.5,draftkings,-120,-115,oddsapi
2026-10-02T21:05:05Z,2026-10-02,BOS @ WPG,f5a9759e52a784d5fdcc1f3a2fcfc5a2,sk_a,under,David Pastrnak,0.5,draftkings,-115,-120,oddsapi
2026-10-02T21:05:05Z,2026-10-02,BOS @ WPG,f5a9759e52a784d5fdcc1f3a2fcfc5a2,sk_a,over,Mark Scheifele,0.5,draftkings,-120,-110,oddsapi
2026-10-02T21:05:05Z,2026-10-02,BOS @ WPG,f5a9759e52a784d5fdcc1f3a2fcfc5a2,sk_a,under,Mark Scheifele,0.5,draftkings,-110,-120,oddsapi
2026-10-02T21:05:05Z,2026-10-02,BOS @ WPG,f5a9759e52a784d5fdcc1f3a2fcfc5a2,sk_a,over,Josh Morrissey,0.5,draftkings,105,-145,oddsapi
2026-10-02T21:05:05Z,2026-10-02,BOS @ WPG,f5a9759e52a784d5fdcc1f3a2fcfc5a2,sk_a,under,Josh Morrissey,0.5,draftkings,-145,105,oddsapi
2026-10-02T21:05:05Z,2026-10-02,BOS @ WPG,f5a9759e52a784d5fdcc1f3a2fcfc5a2,sk_a,over,Kyle Connor,0.5,draftkings,110,-150,oddsapi
2026-10-02T21:05:05Z,2026-10-02,BOS @ WPG,f5a9759e52a784d5fdcc1f3a2fcfc5a2,sk_a,under,Kyle Connor,0.5,draftkings,-150,110,oddsapi
2026-10-02T21:05:05Z,2026-10-02,BOS @ WPG,f5a9759e52a784d5fdcc1f3a2fcfc5a2,sk_a,over,Hampus Lindholm,0.5,draftkings,140,-190,oddsapi
2026-10-02T21:05:05Z,2026-10-02,BOS @ WPG,f5a9759e52a784d5fdcc1f3a2fcfc5a2,sk_a,under,Hampus Lindholm,0.5,draftkings,-190,140,oddsapi
2026-10-02T21:05:05Z,2026-10-02,BOS @ WPG,f5a9759e52a784d5fdcc1f3a2fcfc5a2,sk_a,over,Pavel Zacha,0.5,draftkings,165,-225,oddsapi
2026-10-02T21:05:05Z,2026-10-02,BOS @ WPG,f5a9759e52a784d5fdcc1f3a2fcfc5a2,sk_a,under,Pavel Zacha,0.5,draftkings,-225,165,oddsapi
2026-10-02T21:05:05Z,2026-10-02,BOS @ WPG,f5a9759e52a784d5fdcc1f3a2fcfc5a2,sk_a,over,Gabriel Vilardi,0.5,draftkings,170,-230,oddsapi
2026-10-02T21:05:05Z,2026-10-02,BOS @ WPG,f5a9759e52a784d5fdcc1f3a2fcfc5a2,sk_a,under,Gabriel Vilardi,0.5,draftkings,-230,170,oddsapi
2026-10-02T21:05:05Z,2026-10-02,BOS @ WPG,f5a9759e52a784d5fdcc1f3a2fcfc5a2,sk_a,over,Cole Perfetti,0.5,draftkings,180,-245,oddsapi
2026-10-02T21:05:05Z,2026-10-02,BOS @ WPG,f5a9759e52a784d5fdcc1f3a2fcfc5a2,sk_a,under,Cole Perfetti,0.5,draftkings,-245,180,oddsapi
2026-10-02T21:05:05Z,2026-10-02,BOS @ WPG,f5a9759e52a784d5fdcc1f3a2fcfc5a2,sk_a,over,JJ Peterka,0.5,draftkings,180,-245,oddsapi
2026-10-02T21:05:05Z,2026-10-02,BOS @ WPG,f5a9759e52a784d5fdcc1f3a2fcfc5a2,sk_a,under,JJ Peterka,0.5,draftkings,-245,180,oddsapi
2026-10-02T21:05:05Z,2026-10-02,BOS @ WPG,f5a9759e52a784d5fdcc1f3a2fcfc5a2,sk_a,over,Morgan Geekie,0.5,draftkings,185,-255,oddsapi
2026-10-02T21:05:05Z,2026-10-02,BOS @ WPG,f5a9759e52a784d5fdcc1f3a2fcfc5a2,sk_a,under,Morgan Geekie,0.5,draftkings,-255,185,oddsapi
2026-10-02T21:05:05Z,2026-10-02,BOS @ WPG,f5a9759e52a784d5fdcc1f3a2fcfc5a2,sk_a,over,Casey Mittelstadt,0.5,draftkings,205,-285,oddsapi
2026-10-02T21:05:05Z,2026-10-02,BOS @ WPG,f5a9759e52a784d5fdcc1f3a2fcfc5a2,sk_a,under,Casey Mittelstadt,0.5,draftkings,-285,205,oddsapi
2026-10-02T21:05:05Z,2026-10-02,BOS @ WPG,f5a9759e52a784d5fdcc1f3a2fcfc5a2,sk_a,over,Elias Lindholm,0.5,draftkings,205,-285,oddsapi
2026-10-02T21:05:05Z,2026-10-02,BOS @ WPG,f5a9759e52a784d5fdcc1f3a2fcfc5a2,sk_a,under,Elias Lindholm,0.5,draftkings,-285,205,oddsapi
2026-10-02T21:05:05Z,2026-10-02,BOS @ WPG,f5a9759e52a784d5fdcc1f3a2fcfc5a2,sk_a,over,Neal Pionk,0.5,draftkings,235,-330,oddsapi
2026-10-02T21:05:05Z,2026-10-02,BOS @ WPG,f5a9759e52a784d5fdcc1f3a2fcfc5a2,sk_a,under,Neal Pionk,0.5,draftkings,-330,235,oddsapi
2026-10-02T21:05:05Z,2026-10-02,BOS @ WPG,f5a9759e52a784d5fdcc1f3a2fcfc5a2,sk_a,over,Marat Khusnutdinov,0.5,draftkings,260,-370,oddsapi
2026-10-02T21:05:05Z,2026-10-02,BOS @ WPG,f5a9759e52a784d5fdcc1f3a2fcfc5a2,sk_a,under,Marat Khusnutdinov,0.5,draftkings,-370,260,oddsapi
2026-10-02T21:05:05Z,2026-10-02,BOS @ WPG,f5a9759e52a784d5fdcc1f3a2fcfc5a2,sk_a,over,Isak Rosen,0.5,draftkings,280,-390,oddsapi
2026-10-02T21:05:05Z,2026-10-02,BOS @ WPG,f5a9759e52a784d5fdcc1f3a2fcfc5a2,sk_a,under,Isak Rosen,0.5,draftkings,-390,280,oddsapi
2026-10-02T21:05:05Z,2026-10-02,BOS @ WPG,f5a9759e52a784d5fdcc1f3a2fcfc5a2,sk_a,over,Fraser Minten,0.5,draftkings,300,-450,oddsapi
2026-10-02T21:05:05Z,2026-10-02,BOS @ WPG,f5a9759e52a784d5fdcc1f3a2fcfc5a2,sk_a,under,Fraser Minten,0.5,draftkings,-450,300,oddsapi
2026-10-02T21:05:05Z,2026-10-02,BOS @ WPG,f5a9759e52a784d5fdcc1f3a2fcfc5a2,sk_a,over,James Hagens,0.5,draftkings,310,-450,oddsapi
2026-10-02T21:05:05Z,2026-10-02,BOS @ WPG,f5a9759e52a784d5fdcc1f3a2fcfc5a2,sk_a,under,James Hagens,0.5,draftkings,-450,310,oddsapi
2026-10-02T21:05:05Z,2026-10-02,BOS @ WPG,f5a9759e52a784d5fdcc1f3a2fcfc5a2,sk_a,over,Morgan Barron,0.5,draftkings,400,-600,oddsapi
2026-10-02T21:05:05Z,2026-10-02,BOS @ WPG,f5a9759e52a784d5fdcc1f3a2fcfc5a2,sk_a,under,Morgan Barron,0.5,draftkings,-600,400,oddsapi
2026-10-02T21:05:05Z,2026-10-02,BOS @ WPG,f5a9759e52a784d5fdcc1f3a2fcfc5a2,sk_a,over,Adam Lowry,0.5,draftkings,425,-650,oddsapi
2026-10-02T21:05:05Z,2026-10-02,BOS @ WPG,f5a9759e52a784d5fdcc1f3a2fcfc5a2,sk_a,under,Adam Lowry,0.5,draftkings,-650,425,oddsapi
2026-10-02T21:05:05Z,2026-10-02,BOS @ WPG,f5a9759e52a784d5fdcc1f3a2fcfc5a2,sk_a,over,Nikita Zadorov,0.5,draftkings,450,-700,oddsapi
2026-10-02T21:05:05Z,2026-10-02,BOS @ WPG,f5a9759e52a784d5fdcc1f3a2fcfc5a2,sk_a,under,Nikita Zadorov,0.5,draftkings,-700,450,oddsapi
2026-10-02T21:05:05Z,2026-10-02,BOS @ WPG,f5a9759e52a784d5fdcc1f3a2fcfc5a2,sk_a,over,Brad Lambert,0.5,draftkings,500,-800,oddsapi
2026-10-02T21:05:05Z,2026-10-02,BOS @ WPG,f5a9759e52a784d5fdcc1f3a2fcfc5a2,sk_a,under,Brad Lambert,0.5,draftkings,-800,500,oddsapi
2026-10-02T21:05:05Z,2026-10-02,BOS @ WPG,f5a9759e52a784d5fdcc1f3a2fcfc5a2,sk_a,over,Dylan DeMelo,0.5,draftkings,500,-800,oddsapi
2026-10-02T21:05:05Z,2026-10-02,BOS @ WPG,f5a9759e52a784d5fdcc1f3a2fcfc5a2,sk_a,under,Dylan DeMelo,0.5,draftkings,-800,500,oddsapi
2026-10-02T21:05:05Z,2026-10-02,BOS @ WPG,f5a9759e52a784d5fdcc1f3a2fcfc5a2,sk_blk,over,Connor Clifton,1.5,draftkings,-115,-125,oddsapi
2026-10-02T21:05:05Z,2026-10-02,BOS @ WPG,f5a9759e52a784d5fdcc1f3a2fcfc5a2,sk_blk,under,Connor Clifton,1.5,draftkings,-125,-115,oddsapi
2026-10-02T21:05:05Z,2026-10-02,BOS @ WPG,f5a9759e52a784d5fdcc1f3a2fcfc5a2,sk_blk,over,Josh Morrissey,1.5,draftkings,-105,-135,oddsapi
2026-10-02T21:05:05Z,2026-10-02,BOS @ WPG,f5a9759e52a784d5fdcc1f3a2fcfc5a2,sk_blk,under,Josh Morrissey,1.5,draftkings,-135,-105,oddsapi
2026-10-02T21:05:05Z,2026-10-02,BOS @ WPG,f5a9759e52a784d5fdcc1f3a2fcfc5a2,sk_blk,over,Hampus Lindholm,1.5,draftkings,135,-190,oddsapi
2026-10-02T21:05:05Z,2026-10-02,BOS @ WPG,f5a9759e52a784d5fdcc1f3a2fcfc5a2,sk_blk,under,Hampus Lindholm,1.5,draftkings,-190,135,oddsapi
2026-10-02T21:05:05Z,2026-10-02,BOS @ WPG,f5a9759e52a784d5fdcc1f3a2fcfc5a2,ags,yes,David Pastrnak,,draftkings,150,,oddsapi
2026-10-02T21:05:05Z,2026-10-02,BOS @ WPG,f5a9759e52a784d5fdcc1f3a2fcfc5a2,ags,yes,Kyle Connor,,draftkings,170,,oddsapi
2026-10-02T21:05:05Z,2026-10-02,BOS @ WPG,f5a9759e52a784d5fdcc1f3a2fcfc5a2,ags,yes,Mark Scheifele,,draftkings,225,,oddsapi
2026-10-02T21:05:05Z,2026-10-02,BOS @ WPG,f5a9759e52a784d5fdcc1f3a2fcfc5a2,ags,yes,Morgan Geekie,,draftkings,235,,oddsapi
2026-10-02T21:05:05Z,2026-10-02,BOS @ WPG,f5a9759e52a784d5fdcc1f3a2fcfc5a2,ags,yes,Gabriel Vilardi,,draftkings,245,,oddsapi
2026-10-02T21:05:05Z,2026-10-02,BOS @ WPG,f5a9759e52a784d5fdcc1f3a2fcfc5a2,ags,yes,Cole Perfetti,,draftkings,250,,oddsapi
2026-10-02T21:05:05Z,2026-10-02,BOS @ WPG,f5a9759e52a784d5fdcc1f3a2fcfc5a2,ags,yes,JJ Peterka,,draftkings,255,,oddsapi
2026-10-02T21:05:05Z,2026-10-02,BOS @ WPG,f5a9759e52a784d5fdcc1f3a2fcfc5a2,ags,yes,Pavel Zacha,,draftkings,255,,oddsapi
2026-10-02T21:05:05Z,2026-10-02,BOS @ WPG,f5a9759e52a784d5fdcc1f3a2fcfc5a2,ags,yes,Nino Niederreiter,,draftkings,390,,oddsapi
2026-10-02T21:05:05Z,2026-10-02,BOS @ WPG,f5a9759e52a784d5fdcc1f3a2fcfc5a2,ags,yes,Fraser Minten,,draftkings,390,,oddsapi
2026-10-02T21:05:05Z,2026-10-02,BOS @ WPG,f5a9759e52a784d5fdcc1f3a2fcfc5a2,ags,yes,Elias Lindholm,,draftkings,425,,oddsapi
2026-10-02T21:05:05Z,2026-10-02,BOS @ WPG,f5a9759e52a784d5fdcc1f3a2fcfc5a2,ags,yes,Casey Mittelstadt,,draftkings,450,,oddsapi
2026-10-02T21:05:05Z,2026-10-02,BOS @ WPG,f5a9759e52a784d5fdcc1f3a2fcfc5a2,ags,yes,James Hagens,,draftkings,475,,oddsapi
2026-10-02T21:05:05Z,2026-10-02,BOS @ WPG,f5a9759e52a784d5fdcc1f3a2fcfc5a2,ags,yes,Isak Rosen,,draftkings,475,,oddsapi
2026-10-02T21:05:05Z,2026-10-02,BOS @ WPG,f5a9759e52a784d5fdcc1f3a2fcfc5a2,ags,yes,Vladislav Namestnikov,,draftkings,500,,oddsapi
2026-10-02T21:05:05Z,2026-10-02,BOS @ WPG,f5a9759e52a784d5fdcc1f3a2fcfc5a2,ags,yes,Brad Lambert,,draftkings,550,,oddsapi
2026-10-02T21:05:05Z,2026-10-02,BOS @ WPG,f5a9759e52a784d5fdcc1f3a2fcfc5a2,ags,yes,Josh Morrissey,,draftkings,550,,oddsapi
2026-10-02T21:05:05Z,2026-10-02,BOS @ WPG,f5a9759e52a784d5fdcc1f3a2fcfc5a2,ags,yes,Adam Lowry,,draftkings,550,,oddsapi
2026-10-02T21:05:05Z,2026-10-02,BOS @ WPG,f5a9759e52a784d5fdcc1f3a2fcfc5a2,ags,yes,Alex Iafallo,,draftkings,600,,oddsapi
2026-10-02T21:05:05Z,2026-10-02,BOS @ WPG,f5a9759e52a784d5fdcc1f3a2fcfc5a2,ags,yes,Marat Khusnutdinov,,draftkings,750,,oddsapi
2026-10-02T21:05:05Z,2026-10-02,BOS @ WPG,f5a9759e52a784d5fdcc1f3a2fcfc5a2,ags,yes,Morgan Barron,,draftkings,750,,oddsapi
2026-10-02T21:05:05Z,2026-10-02,BOS @ WPG,f5a9759e52a784d5fdcc1f3a2fcfc5a2,ags,yes,Neal Pionk,,draftkings,800,,oddsapi
2026-10-02T21:05:05Z,2026-10-02,BOS @ WPG,f5a9759e52a784d5fdcc1f3a2fcfc5a2,ags,yes,Hampus Lindholm,,draftkings,850,,oddsapi
2026-10-02T21:05:05Z,2026-10-02,BOS @ WPG,f5a9759e52a784d5fdcc1f3a2fcfc5a2,ags,yes,Mark Kastelic,,draftkings,900,,oddsapi
2026-10-02T21:05:05Z,2026-10-02,BOS @ WPG,f5a9759e52a784d5fdcc1f3a2fcfc5a2,ags,yes,Sean Kuraly,,draftkings,900,,oddsapi
2026-10-02T21:05:05Z,2026-10-02,BOS @ WPG,f5a9759e52a784d5fdcc1f3a2fcfc5a2,ags,yes,Tanner Jeannot,,draftkings,1000,,oddsapi
2026-10-02T21:05:05Z,2026-10-02,BOS @ WPG,f5a9759e52a784d5fdcc1f3a2fcfc5a2,ags,yes,Mason Lohrei,,draftkings,1100,,oddsapi
2026-10-02T21:05:05Z,2026-10-02,BOS @ WPG,f5a9759e52a784d5fdcc1f3a2fcfc5a2,ags,yes,Connor Clifton,,draftkings,1300,,oddsapi
2026-10-02T21:05:05Z,2026-10-02,BOS @ WPG,f5a9759e52a784d5fdcc1f3a2fcfc5a2,ags,yes,Dylan DeMelo,,draftkings,1700,,oddsapi
2026-10-02T21:05:05Z,2026-10-02,BOS @ WPG,f5a9759e52a784d5fdcc1f3a2fcfc5a2,ags,yes,Dylan Samberg,,draftkings,1900,,oddsapi
2026-10-02T21:05:05Z,2026-10-02,BOS @ WPG,f5a9759e52a784d5fdcc1f3a2fcfc5a2,ags,yes,Nikita Zadorov,,draftkings,2000,,oddsapi
2026-10-02T21:05:05Z,2026-10-02,BOS @ WPG,f5a9759e52a784d5fdcc1f3a2fcfc5a2,ags,yes,Jonathan Aspirot,,draftkings,2200,,oddsapi
2026-10-02T21:05:05Z,2026-10-02,BOS @ WPG,f5a9759e52a784d5fdcc1f3a2fcfc5a2,fgs,yes,David Pastrnak,,draftkings,850,,oddsapi
2026-10-02T21:05:05Z,2026-10-02,BOS @ WPG,f5a9759e52a784d5fdcc1f3a2fcfc5a2,fgs,yes,Kyle Connor,,draftkings,950,,oddsapi
2026-10-02T21:05:05Z,2026-10-02,BOS @ WPG,f5a9759e52a784d5fdcc1f3a2fcfc5a2,fgs,yes,JJ Peterka,,draftkings,1300,,oddsapi
2026-10-02T21:05:05Z,2026-10-02,BOS @ WPG,f5a9759e52a784d5fdcc1f3a2fcfc5a2,fgs,yes,Cole Perfetti,,draftkings,1300,,oddsapi
2026-10-02T21:05:05Z,2026-10-02,BOS @ WPG,f5a9759e52a784d5fdcc1f3a2fcfc5a2,fgs,yes,Mark Scheifele,,draftkings,1300,,oddsapi
2026-10-02T21:05:05Z,2026-10-02,BOS @ WPG,f5a9759e52a784d5fdcc1f3a2fcfc5a2,fgs,yes,Morgan Geekie,,draftkings,1400,,oddsapi
2026-10-02T21:05:05Z,2026-10-02,BOS @ WPG,f5a9759e52a784d5fdcc1f3a2fcfc5a2,fgs,yes,Gabriel Vilardi,,draftkings,1500,,oddsapi
2026-10-02T21:05:05Z,2026-10-02,BOS @ WPG,f5a9759e52a784d5fdcc1f3a2fcfc5a2,fgs,yes,Pavel Zacha,,draftkings,1600,,oddsapi
2026-10-02T21:05:05Z,2026-10-02,BOS @ WPG,f5a9759e52a784d5fdcc1f3a2fcfc5a2,fgs,yes,Elias Lindholm,,draftkings,2000,,oddsapi
2026-10-02T21:05:05Z,2026-10-02,BOS @ WPG,f5a9759e52a784d5fdcc1f3a2fcfc5a2,fgs,yes,Fraser Minten,,draftkings,2200,,oddsapi
2026-10-02T21:05:05Z,2026-10-02,BOS @ WPG,f5a9759e52a784d5fdcc1f3a2fcfc5a2,fgs,yes,Nino Niederreiter,,draftkings,2500,,oddsapi
2026-10-02T21:05:05Z,2026-10-02,BOS @ WPG,f5a9759e52a784d5fdcc1f3a2fcfc5a2,fgs,yes,James Hagens,,draftkings,2500,,oddsapi
2026-10-02T21:05:05Z,2026-10-02,BOS @ WPG,f5a9759e52a784d5fdcc1f3a2fcfc5a2,fgs,yes,Isak Rosen,,draftkings,2500,,oddsapi
2026-10-02T21:05:05Z,2026-10-02,BOS @ WPG,f5a9759e52a784d5fdcc1f3a2fcfc5a2,fgs,yes,Casey Mittelstadt,,draftkings,2500,,oddsapi
2026-10-02T21:05:05Z,2026-10-02,BOS @ WPG,f5a9759e52a784d5fdcc1f3a2fcfc5a2,fgs,yes,Vladislav Namestnikov,,draftkings,2800,,oddsapi
2026-10-02T21:05:05Z,2026-10-02,BOS @ WPG,f5a9759e52a784d5fdcc1f3a2fcfc5a2,fgs,yes,Josh Morrissey,,draftkings,2800,,oddsapi
2026-10-02T21:05:05Z,2026-10-02,BOS @ WPG,f5a9759e52a784d5fdcc1f3a2fcfc5a2,fgs,yes,Alex Iafallo,,draftkings,3000,,oddsapi
2026-10-02T21:05:05Z,2026-10-02,BOS @ WPG,f5a9759e52a784d5fdcc1f3a2fcfc5a2,fgs,yes,Brad Lambert,,draftkings,3000,,oddsapi
2026-10-02T21:05:05Z,2026-10-02,BOS @ WPG,f5a9759e52a784d5fdcc1f3a2fcfc5a2,fgs,yes,Adam Lowry,,draftkings,3500,,oddsapi
2026-10-02T21:05:05Z,2026-10-02,BOS @ WPG,f5a9759e52a784d5fdcc1f3a2fcfc5a2,fgs,yes,Hampus Lindholm,,draftkings,3500,,oddsapi
2026-10-02T21:05:05Z,2026-10-02,BOS @ WPG,f5a9759e52a784d5fdcc1f3a2fcfc5a2,fgs,yes,Morgan Barron,,draftkings,3500,,oddsapi
2026-10-02T21:05:05Z,2026-10-02,BOS @ WPG,f5a9759e52a784d5fdcc1f3a2fcfc5a2,fgs,yes,Neal Pionk,,draftkings,4000,,oddsapi
2026-10-02T21:05:05Z,2026-10-02,BOS @ WPG,f5a9759e52a784d5fdcc1f3a2fcfc5a2,fgs,yes,Marat Khusnutdinov,,draftkings,4000,,oddsapi
2026-10-02T21:05:05Z,2026-10-02,BOS @ WPG,f5a9759e52a784d5fdcc1f3a2fcfc5a2,fgs,yes,Mark Kastelic,,draftkings,4500,,oddsapi
2026-10-02T21:05:05Z,2026-10-02,BOS @ WPG,f5a9759e52a784d5fdcc1f3a2fcfc5a2,fgs,yes,Sean Kuraly,,draftkings,5000,,oddsapi
2026-10-02T21:05:05Z,2026-10-02,BOS @ WPG,f5a9759e52a784d5fdcc1f3a2fcfc5a2,fgs,yes,Mason Lohrei,,draftkings,5000,,oddsapi
2026-10-02T21:05:05Z,2026-10-02,BOS @ WPG,f5a9759e52a784d5fdcc1f3a2fcfc5a2,fgs,yes,Tanner Jeannot,,draftkings,5000,,oddsapi
2026-10-02T21:05:05Z,2026-10-02,BOS @ WPG,f5a9759e52a784d5fdcc1f3a2fcfc5a2,fgs,yes,Connor Clifton,,draftkings,6000,,oddsapi
2026-10-02T21:05:05Z,2026-10-02,BOS @ WPG,f5a9759e52a784d5fdcc1f3a2fcfc5a2,fgs,yes,Dylan DeMelo,,draftkings,7000,,oddsapi
2026-10-02T21:05:05Z,2026-10-02,BOS @ WPG,f5a9759e52a784d5fdcc1f3a2fcfc5a2,fgs,yes,Dylan Samberg,,draftkings,8000,,oddsapi
2026-10-02T21:05:05Z,2026-10-02,BOS @ WPG,f5a9759e52a784d5fdcc1f3a2fcfc5a2,fgs,yes,Nikita Zadorov,,draftkings,8000,,oddsapi
2026-10-02T21:05:05Z,2026-10-02,BOS @ WPG,f5a9759e52a784d5fdcc1f3a2fcfc5a2,fgs,yes,Jonathan Aspirot,,draftkings,10000,,oddsapi
2026-10-02T21:05:05Z,2026-10-02,BOS @ WPG,f5a9759e52a784d5fdcc1f3a2fcfc5a2,lgs,yes,David Pastrnak,,draftkings,800,,oddsapi
2026-10-02T21:05:05Z,2026-10-02,BOS @ WPG,f5a9759e52a784d5fdcc1f3a2fcfc5a2,lgs,yes,Kyle Connor,,draftkings,950,,oddsapi
2026-10-02T21:05:05Z,2026-10-02,BOS @ WPG,f5a9759e52a784d5fdcc1f3a2fcfc5a2,lgs,yes,Pavel Zacha,,draftkings,1200,,oddsapi
2026-10-02T21:05:05Z,2026-10-02,BOS @ WPG,f5a9759e52a784d5fdcc1f3a2fcfc5a2,lgs,yes,Morgan Geekie,,draftkings,1200,,oddsapi
2026-10-02T21:05:05Z,2026-10-02,BOS @ WPG,f5a9759e52a784d5fdcc1f3a2fcfc5a2,lgs,yes,Mark Scheifele,,draftkings,1200,,oddsapi
2026-10-02T21:05:05Z,2026-10-02,BOS @ WPG,f5a9759e52a784d5fdcc1f3a2fcfc5a2,lgs,yes,Gabriel Vilardi,,draftkings,1300,,oddsapi
2026-10-02T21:05:05Z,2026-10-02,BOS @ WPG,f5a9759e52a784d5fdcc1f3a2fcfc5a2,lgs,yes,JJ Peterka,,draftkings,1300,,oddsapi
2026-10-02T21:05:05Z,2026-10-02,BOS @ WPG,f5a9759e52a784d5fdcc1f3a2fcfc5a2,lgs,yes,Cole Perfetti,,draftkings,1400,,oddsapi
2026-10-02T21:05:05Z,2026-10-02,BOS @ WPG,f5a9759e52a784d5fdcc1f3a2fcfc5a2,lgs,yes,Nino Niederreiter,,draftkings,1700,,oddsapi
2026-10-02T21:05:05Z,2026-10-02,BOS @ WPG,f5a9759e52a784d5fdcc1f3a2fcfc5a2,lgs,yes,Fraser Minten,,draftkings,1700,,oddsapi
2026-10-02T21:05:05Z,2026-10-02,BOS @ WPG,f5a9759e52a784d5fdcc1f3a2fcfc5a2,lgs,yes,Casey Mittelstadt,,draftkings,1800,,oddsapi
2026-10-02T21:05:05Z,2026-10-02,BOS @ WPG,f5a9759e52a784d5fdcc1f3a2fcfc5a2,lgs,yes,Elias Lindholm,,draftkings,1900,,oddsapi
2026-10-02T21:05:05Z,2026-10-02,BOS @ WPG,f5a9759e52a784d5fdcc1f3a2fcfc5a2,lgs,yes,James Hagens,,draftkings,1900,,oddsapi
2026-10-02T21:05:05Z,2026-10-02,BOS @ WPG,f5a9759e52a784d5fdcc1f3a2fcfc5a2,lgs,yes,Isak Rosen,,draftkings,2000,,oddsapi
2026-10-02T21:05:05Z,2026-10-02,BOS @ WPG,f5a9759e52a784d5fdcc1f3a2fcfc5a2,lgs,yes,Adam Lowry,,draftkings,2200,,oddsapi
2026-10-02T21:05:05Z,2026-10-02,BOS @ WPG,f5a9759e52a784d5fdcc1f3a2fcfc5a2,lgs,yes,Brad Lambert,,draftkings,2200,,oddsapi
2026-10-02T21:05:05Z,2026-10-02,BOS @ WPG,f5a9759e52a784d5fdcc1f3a2fcfc5a2,lgs,yes,Vladislav Namestnikov,,draftkings,2200,,oddsapi
2026-10-02T21:05:05Z,2026-10-02,BOS @ WPG,f5a9759e52a784d5fdcc1f3a2fcfc5a2,lgs,yes,Josh Morrissey,,draftkings,2200,,oddsapi
2026-10-02T21:05:05Z,2026-10-02,BOS @ WPG,f5a9759e52a784d5fdcc1f3a2fcfc5a2,lgs,yes,Alex Iafallo,,draftkings,2200,,oddsapi
2026-10-02T21:05:05Z,2026-10-02,BOS @ WPG,f5a9759e52a784d5fdcc1f3a2fcfc5a2,lgs,yes,Marat Khusnutdinov,,draftkings,2500,,oddsapi
2026-10-02T21:05:05Z,2026-10-02,BOS @ WPG,f5a9759e52a784d5fdcc1f3a2fcfc5a2,lgs,yes,Morgan Barron,,draftkings,2800,,oddsapi
2026-10-02T21:05:05Z,2026-10-02,BOS @ WPG,f5a9759e52a784d5fdcc1f3a2fcfc5a2,lgs,yes,Sean Kuraly,,draftkings,2800,,oddsapi
2026-10-02T21:05:05Z,2026-10-02,BOS @ WPG,f5a9759e52a784d5fdcc1f3a2fcfc5a2,lgs,yes,Neal Pionk,,draftkings,2800,,oddsapi
2026-10-02T21:05:05Z,2026-10-02,BOS @ WPG,f5a9759e52a784d5fdcc1f3a2fcfc5a2,lgs,yes,Hampus Lindholm,,draftkings,3000,,oddsapi
2026-10-02T21:05:05Z,2026-10-02,BOS @ WPG,f5a9759e52a784d5fdcc1f3a2fcfc5a2,lgs,yes,Mark Kastelic,,draftkings,3000,,oddsapi
2026-10-02T21:05:05Z,2026-10-02,BOS @ WPG,f5a9759e52a784d5fdcc1f3a2fcfc5a2,lgs,yes,Mason Lohrei,,draftkings,3000,,oddsapi
2026-10-02T21:05:05Z,2026-10-02,BOS @ WPG,f5a9759e52a784d5fdcc1f3a2fcfc5a2,lgs,yes,Tanner Jeannot,,draftkings,3500,,oddsapi
2026-10-02T21:05:05Z,2026-10-02,BOS @ WPG,f5a9759e52a784d5fdcc1f3a2fcfc5a2,lgs,yes,Connor Clifton,,draftkings,4000,,oddsapi
2026-10-02T21:05:05Z,2026-10-02,BOS @ WPG,f5a9759e52a784d5fdcc1f3a2fcfc5a2,lgs,yes,Nikita Zadorov,,draftkings,5000,,oddsapi
2026-10-02T21:05:05Z,2026-10-02,BOS @ WPG,f5a9759e52a784d5fdcc1f3a2fcfc5a2,lgs,yes,Dylan DeMelo,,draftkings,5500,,oddsapi
2026-10-02T21:05:05Z,2026-10-02,BOS @ WPG,f5a9759e52a784d5fdcc1f3a2fcfc5a2,lgs,yes,Dylan Samberg,,draftkings,5500,,oddsapi
2026-10-02T21:05:05Z,2026-10-02,BOS @ WPG,f5a9759e52a784d5fdcc1f3a2fcfc5a2,lgs,yes,Jonathan Aspirot,,draftkings,6500,,oddsapi
2026-10-02T21:05:05Z,2026-10-02,BOS @ WPG,f5a9759e52a784d5fdcc1f3a2fcfc5a2,sk_pts,over,David Pastrnak,1.5,draftkings,175,-235,oddsapi
2026-10-02T21:05:05Z,2026-10-02,BOS @ WPG,f5a9759e52a784d5fdcc1f3a2fcfc5a2,sk_pts,under,David Pastrnak,1.5,draftkings,-235,175,oddsapi
2026-10-02T21:05:05Z,2026-10-02,BOS @ WPG,f5a9759e52a784d5fdcc1f3a2fcfc5a2,sk_pts,over,Mark Scheifele,0.5,draftkings,-210,155,oddsapi
2026-10-02T21:05:05Z,2026-10-02,BOS @ WPG,f5a9759e52a784d5fdcc1f3a2fcfc5a2,sk_pts,under,Mark Scheifele,0.5,draftkings,155,-210,oddsapi
2026-10-02T21:05:05Z,2026-10-02,BOS @ WPG,f5a9759e52a784d5fdcc1f3a2fcfc5a2,sk_pts,over,Kyle Connor,0.5,draftkings,-195,145,oddsapi
2026-10-02T21:05:05Z,2026-10-02,BOS @ WPG,f5a9759e52a784d5fdcc1f3a2fcfc5a2,sk_pts,under,Kyle Connor,0.5,draftkings,145,-195,oddsapi
2026-10-02T21:05:05Z,2026-10-02,BOS @ WPG,f5a9759e52a784d5fdcc1f3a2fcfc5a2,sk_pts,over,Josh Morrissey,0.5,draftkings,-125,-110,oddsapi
2026-10-02T21:05:05Z,2026-10-02,BOS @ WPG,f5a9759e52a784d5fdcc1f3a2fcfc5a2,sk_pts,under,Josh Morrissey,0.5,draftkings,-110,-125,oddsapi
2026-10-02T21:05:05Z,2026-10-02,BOS @ WPG,f5a9759e52a784d5fdcc1f3a2fcfc5a2,sk_pts,over,Gabriel Vilardi,0.5,draftkings,-120,-115,oddsapi
2026-10-02T21:05:05Z,2026-10-02,BOS @ WPG,f5a9759e52a784d5fdcc1f3a2fcfc5a2,sk_pts,under,Gabriel Vilardi,0.5,draftkings,-115,-120,oddsapi
2026-10-02T21:05:05Z,2026-10-02,BOS @ WPG,f5a9759e52a784d5fdcc1f3a2fcfc5a2,sk_pts,over,Pavel Zacha,0.5,draftkings,-120,-115,oddsapi
2026-10-02T21:05:05Z,2026-10-02,BOS @ WPG,f5a9759e52a784d5fdcc1f3a2fcfc5a2,sk_pts,under,Pavel Zacha,0.5,draftkings,-115,-120,oddsapi
2026-10-02T21:05:05Z,2026-10-02,BOS @ WPG,f5a9759e52a784d5fdcc1f3a2fcfc5a2,sk_pts,over,Cole Perfetti,0.5,draftkings,-115,-115,oddsapi
2026-10-02T21:05:05Z,2026-10-02,BOS @ WPG,f5a9759e52a784d5fdcc1f3a2fcfc5a2,sk_pts,under,Cole Perfetti,0.5,draftkings,-115,-115,oddsapi
2026-10-02T21:05:05Z,2026-10-02,BOS @ WPG,f5a9759e52a784d5fdcc1f3a2fcfc5a2,sk_pts,over,Morgan Geekie,0.5,draftkings,-115,-120,oddsapi
2026-10-02T21:05:05Z,2026-10-02,BOS @ WPG,f5a9759e52a784d5fdcc1f3a2fcfc5a2,sk_pts,under,Morgan Geekie,0.5,draftkings,-120,-115,oddsapi
2026-10-02T21:05:05Z,2026-10-02,BOS @ WPG,f5a9759e52a784d5fdcc1f3a2fcfc5a2,sk_pts,over,JJ Peterka,0.5,draftkings,-110,-120,oddsapi
2026-10-02T21:05:05Z,2026-10-02,BOS @ WPG,f5a9759e52a784d5fdcc1f3a2fcfc5a2,sk_pts,under,JJ Peterka,0.5,draftkings,-120,-110,oddsapi
2026-10-02T21:05:05Z,2026-10-02,BOS @ WPG,f5a9759e52a784d5fdcc1f3a2fcfc5a2,sk_pts,over,Hampus Lindholm,0.5,draftkings,115,-155,oddsapi
2026-10-02T21:05:05Z,2026-10-02,BOS @ WPG,f5a9759e52a784d5fdcc1f3a2fcfc5a2,sk_pts,under,Hampus Lindholm,0.5,draftkings,-155,115,oddsapi
2026-10-02T21:05:05Z,2026-10-02,BOS @ WPG,f5a9759e52a784d5fdcc1f3a2fcfc5a2,sk_pts,over,Casey Mittelstadt,0.5,draftkings,125,-170,oddsapi
2026-10-02T21:05:05Z,2026-10-02,BOS @ WPG,f5a9759e52a784d5fdcc1f3a2fcfc5a2,sk_pts,under,Casey Mittelstadt,0.5,draftkings,-170,125,oddsapi
2026-10-02T21:05:05Z,2026-10-02,BOS @ WPG,f5a9759e52a784d5fdcc1f3a2fcfc5a2,sk_pts,over,Elias Lindholm,0.5,draftkings,125,-165,oddsapi
2026-10-02T21:05:05Z,2026-10-02,BOS @ WPG,f5a9759e52a784d5fdcc1f3a2fcfc5a2,sk_pts,under,Elias Lindholm,0.5,draftkings,-165,125,oddsapi
2026-10-02T21:05:05Z,2026-10-02,BOS @ WPG,f5a9759e52a784d5fdcc1f3a2fcfc5a2,sk_pts,over,Fraser Minten,0.5,draftkings,160,-215,oddsapi
2026-10-02T21:05:05Z,2026-10-02,BOS @ WPG,f5a9759e52a784d5fdcc1f3a2fcfc5a2,sk_pts,under,Fraser Minten,0.5,draftkings,-215,160,oddsapi
2026-10-02T21:05:05Z,2026-10-02,BOS @ WPG,f5a9759e52a784d5fdcc1f3a2fcfc5a2,sk_pts,over,Isak Rosen,0.5,draftkings,165,-220,oddsapi
2026-10-02T21:05:05Z,2026-10-02,BOS @ WPG,f5a9759e52a784d5fdcc1f3a2fcfc5a2,sk_pts,under,Isak Rosen,0.5,draftkings,-220,165,oddsapi
2026-10-02T21:05:05Z,2026-10-02,BOS @ WPG,f5a9759e52a784d5fdcc1f3a2fcfc5a2,sk_pts,over,James Hagens,0.5,draftkings,175,-240,oddsapi
2026-10-02T21:05:05Z,2026-10-02,BOS @ WPG,f5a9759e52a784d5fdcc1f3a2fcfc5a2,sk_pts,under,James Hagens,0.5,draftkings,-240,175,oddsapi
2026-10-02T21:05:05Z,2026-10-02,BOS @ WPG,f5a9759e52a784d5fdcc1f3a2fcfc5a2,sk_pts,over,Neal Pionk,0.5,draftkings,175,-240,oddsapi
2026-10-02T21:05:05Z,2026-10-02,BOS @ WPG,f5a9759e52a784d5fdcc1f3a2fcfc5a2,sk_pts,under,Neal Pionk,0.5,draftkings,-240,175,oddsapi
2026-10-02T21:05:05Z,2026-10-02,BOS @ WPG,f5a9759e52a784d5fdcc1f3a2fcfc5a2,sk_pts,over,Marat Khusnutdinov,0.5,draftkings,185,-255,oddsapi
2026-10-02T21:05:05Z,2026-10-02,BOS @ WPG,f5a9759e52a784d5fdcc1f3a2fcfc5a2,sk_pts,under,Marat Khusnutdinov,0.5,draftkings,-255,185,oddsapi
2026-10-02T21:05:05Z,2026-10-02,BOS @ WPG,f5a9759e52a784d5fdcc1f3a2fcfc5a2,sk_pts,over,Adam Lowry,0.5,draftkings,235,-330,oddsapi
2026-10-02T21:05:05Z,2026-10-02,BOS @ WPG,f5a9759e52a784d5fdcc1f3a2fcfc5a2,sk_pts,under,Adam Lowry,0.5,draftkings,-330,235,oddsapi
2026-10-02T21:05:05Z,2026-10-02,BOS @ WPG,f5a9759e52a784d5fdcc1f3a2fcfc5a2,sk_pts,over,Morgan Barron,0.5,draftkings,250,-350,oddsapi
2026-10-02T21:05:05Z,2026-10-02,BOS @ WPG,f5a9759e52a784d5fdcc1f3a2fcfc5a2,sk_pts,under,Morgan Barron,0.5,draftkings,-350,250,oddsapi
2026-10-02T21:05:05Z,2026-10-02,BOS @ WPG,f5a9759e52a784d5fdcc1f3a2fcfc5a2,sk_pts,over,Brad Lambert,0.5,draftkings,265,-370,oddsapi
2026-10-02T21:05:05Z,2026-10-02,BOS @ WPG,f5a9759e52a784d5fdcc1f3a2fcfc5a2,sk_pts,under,Brad Lambert,0.5,draftkings,-370,265,oddsapi
2026-10-02T21:05:05Z,2026-10-02,BOS @ WPG,f5a9759e52a784d5fdcc1f3a2fcfc5a2,sk_pts,over,Dylan Samberg,0.5,draftkings,370,-550,oddsapi
2026-10-02T21:05:05Z,2026-10-02,BOS @ WPG,f5a9759e52a784d5fdcc1f3a2fcfc5a2,sk_pts,under,Dylan Samberg,0.5,draftkings,-550,370,oddsapi
2026-10-02T21:05:05Z,2026-10-02,BOS @ WPG,f5a9759e52a784d5fdcc1f3a2fcfc5a2,sk_pts,over,Dylan DeMelo,0.5,draftkings,400,-650,oddsapi
2026-10-02T21:05:05Z,2026-10-02,BOS @ WPG,f5a9759e52a784d5fdcc1f3a2fcfc5a2,sk_pts,under,Dylan DeMelo,0.5,draftkings,-650,400,oddsapi
2026-10-02T21:05:05Z,2026-10-02,BOS @ WPG,f5a9759e52a784d5fdcc1f3a2fcfc5a2,sk_sog,over,David Pastrnak,3.5,draftkings,-105,-125,oddsapi
2026-10-02T21:05:05Z,2026-10-02,BOS @ WPG,f5a9759e52a784d5fdcc1f3a2fcfc5a2,sk_sog,under,David Pastrnak,3.5,draftkings,-125,-105,oddsapi
2026-10-02T21:05:05Z,2026-10-02,BOS @ WPG,f5a9759e52a784d5fdcc1f3a2fcfc5a2,sk_sog,over,Kyle Connor,3.5,draftkings,120,-160,oddsapi
2026-10-02T21:05:05Z,2026-10-02,BOS @ WPG,f5a9759e52a784d5fdcc1f3a2fcfc5a2,sk_sog,under,Kyle Connor,3.5,draftkings,-160,120,oddsapi
2026-10-02T21:05:05Z,2026-10-02,BOS @ WPG,f5a9759e52a784d5fdcc1f3a2fcfc5a2,sk_sog,over,Josh Morrissey,2.5,draftkings,135,-185,oddsapi
2026-10-02T21:05:05Z,2026-10-02,BOS @ WPG,f5a9759e52a784d5fdcc1f3a2fcfc5a2,sk_sog,under,Josh Morrissey,2.5,draftkings,-185,135,oddsapi
2026-10-02T21:05:05Z,2026-10-02,BOS @ WPG,f5a9759e52a784d5fdcc1f3a2fcfc5a2,sk_sog,over,Mark Scheifele,2.5,draftkings,135,-180,oddsapi
2026-10-02T21:05:05Z,2026-10-02,BOS @ WPG,f5a9759e52a784d5fdcc1f3a2fcfc5a2,sk_sog,under,Mark Scheifele,2.5,draftkings,-180,135,oddsapi
2026-10-02T21:05:05Z,2026-10-02,BOS @ WPG,f5a9759e52a784d5fdcc1f3a2fcfc5a2,sk_sog,over,JJ Peterka,2.5,draftkings,145,-195,oddsapi
2026-10-02T21:05:05Z,2026-10-02,BOS @ WPG,f5a9759e52a784d5fdcc1f3a2fcfc5a2,sk_sog,under,JJ Peterka,2.5,draftkings,-195,145,oddsapi
2026-10-02T21:05:05Z,2026-10-02,BOS @ WPG,f5a9759e52a784d5fdcc1f3a2fcfc5a2,sk_sog,over,Morgan Geekie,1.5,draftkings,-195,145,oddsapi
2026-10-02T21:05:05Z,2026-10-02,BOS @ WPG,f5a9759e52a784d5fdcc1f3a2fcfc5a2,sk_sog,under,Morgan Geekie,1.5,draftkings,145,-195,oddsapi
2026-10-02T21:05:05Z,2026-10-02,BOS @ WPG,f5a9759e52a784d5fdcc1f3a2fcfc5a2,sk_sog,over,Cole Perfetti,1.5,draftkings,-180,130,oddsapi
2026-10-02T21:05:05Z,2026-10-02,BOS @ WPG,f5a9759e52a784d5fdcc1f3a2fcfc5a2,sk_sog,under,Cole Perfetti,1.5,draftkings,130,-180,oddsapi
2026-10-02T21:05:05Z,2026-10-02,BOS @ WPG,f5a9759e52a784d5fdcc1f3a2fcfc5a2,sk_sog,over,Gabriel Vilardi,1.5,draftkings,-135,100,oddsapi
2026-10-02T21:05:05Z,2026-10-02,BOS @ WPG,f5a9759e52a784d5fdcc1f3a2fcfc5a2,sk_sog,under,Gabriel Vilardi,1.5,draftkings,100,-135,oddsapi
2026-10-02T21:05:05Z,2026-10-02,BOS @ WPG,f5a9759e52a784d5fdcc1f3a2fcfc5a2,sk_sog,over,Neal Pionk,1.5,draftkings,-125,-110,oddsapi
2026-10-02T21:05:05Z,2026-10-02,BOS @ WPG,f5a9759e52a784d5fdcc1f3a2fcfc5a2,sk_sog,under,Neal Pionk,1.5,draftkings,-110,-125,oddsapi
2026-10-02T21:05:05Z,2026-10-02,BOS @ WPG,f5a9759e52a784d5fdcc1f3a2fcfc5a2,sk_sog,over,Pavel Zacha,1.5,draftkings,-125,-110,oddsapi
2026-10-02T21:05:05Z,2026-10-02,BOS @ WPG,f5a9759e52a784d5fdcc1f3a2fcfc5a2,sk_sog,under,Pavel Zacha,1.5,draftkings,-110,-125,oddsapi
2026-10-02T21:05:05Z,2026-10-02,BOS @ WPG,f5a9759e52a784d5fdcc1f3a2fcfc5a2,sk_sog,over,Elias Lindholm,1.5,draftkings,-115,-120,oddsapi
2026-10-02T21:05:05Z,2026-10-02,BOS @ WPG,f5a9759e52a784d5fdcc1f3a2fcfc5a2,sk_sog,under,Elias Lindholm,1.5,draftkings,-120,-115,oddsapi
2026-10-02T21:05:05Z,2026-10-02,BOS @ WPG,f5a9759e52a784d5fdcc1f3a2fcfc5a2,sk_sog,over,Hampus Lindholm,1.5,draftkings,-110,-125,oddsapi
2026-10-02T21:05:05Z,2026-10-02,BOS @ WPG,f5a9759e52a784d5fdcc1f3a2fcfc5a2,sk_sog,under,Hampus Lindholm,1.5,draftkings,-125,-110,oddsapi
2026-10-02T21:05:05Z,2026-10-02,BOS @ WPG,f5a9759e52a784d5fdcc1f3a2fcfc5a2,sk_sog,over,Fraser Minten,1.5,draftkings,105,-145,oddsapi
2026-10-02T21:05:05Z,2026-10-02,BOS @ WPG,f5a9759e52a784d5fdcc1f3a2fcfc5a2,sk_sog,under,Fraser Minten,1.5,draftkings,-145,105,oddsapi
2026-10-02T21:05:05Z,2026-10-02,BOS @ WPG,f5a9759e52a784d5fdcc1f3a2fcfc5a2,sk_sog,over,James Hagens,1.5,draftkings,105,-140,oddsapi
2026-10-02T21:05:05Z,2026-10-02,BOS @ WPG,f5a9759e52a784d5fdcc1f3a2fcfc5a2,sk_sog,under,James Hagens,1.5,draftkings,-140,105,oddsapi
2026-10-02T21:05:05Z,2026-10-02,BOS @ WPG,f5a9759e52a784d5fdcc1f3a2fcfc5a2,g_saves,over,Jeremy Swayman,24.5,draftkings,-125,-110,oddsapi
2026-10-02T21:05:05Z,2026-10-02,BOS @ WPG,f5a9759e52a784d5fdcc1f3a2fcfc5a2,g_saves,under,Jeremy Swayman,24.5,draftkings,-110,-125,oddsapi
2026-10-02T21:05:05Z,2026-10-02,BOS @ WPG,f5a9759e52a784d5fdcc1f3a2fcfc5a2,p1_pl,BOS,,0.5,draftkings,-220,170,oddsapi
2026-10-02T21:05:05Z,2026-10-02,BOS @ WPG,f5a9759e52a784d5fdcc1f3a2fcfc5a2,p1_pl,WPG,,-0.5,draftkings,170,-220,oddsapi
2026-10-02T21:05:05Z,2026-10-02,BOS @ WPG,f5a9759e52a784d5fdcc1f3a2fcfc5a2,p2_pl,BOS,,0.5,draftkings,-210,160,oddsapi
2026-10-02T21:05:05Z,2026-10-02,BOS @ WPG,f5a9759e52a784d5fdcc1f3a2fcfc5a2,p2_pl,WPG,,-0.5,draftkings,160,-210,oddsapi
2026-10-02T21:05:05Z,2026-10-02,BOS @ WPG,f5a9759e52a784d5fdcc1f3a2fcfc5a2,p3_pl,BOS,,0.5,draftkings,-195,150,oddsapi
2026-10-02T21:05:05Z,2026-10-02,BOS @ WPG,f5a9759e52a784d5fdcc1f3a2fcfc5a2,p3_pl,WPG,,-0.5,draftkings,150,-195,oddsapi
2026-10-02T21:05:05Z,2026-10-02,BOS @ WPG,f5a9759e52a784d5fdcc1f3a2fcfc5a2,p1_team_total,over,BOS,0.5,draftkings,-155,115,oddsapi
2026-10-02T21:05:05Z,2026-10-02,BOS @ WPG,f5a9759e52a784d5fdcc1f3a2fcfc5a2,p1_team_total,under,BOS,0.5,draftkings,115,-155,oddsapi
2026-10-02T21:05:05Z,2026-10-02,BOS @ WPG,f5a9759e52a784d5fdcc1f3a2fcfc5a2,p1_team_total,over,WPG,0.5,draftkings,-165,125,oddsapi
2026-10-02T21:05:05Z,2026-10-02,BOS @ WPG,f5a9759e52a784d5fdcc1f3a2fcfc5a2,p1_team_total,under,WPG,0.5,draftkings,125,-165,oddsapi
2026-10-02T21:05:05Z,2026-10-02,BOS @ WPG,f5a9759e52a784d5fdcc1f3a2fcfc5a2,p1_total,over,,1.5,draftkings,-125,-105,oddsapi
2026-10-02T21:05:05Z,2026-10-02,BOS @ WPG,f5a9759e52a784d5fdcc1f3a2fcfc5a2,p1_total,under,,1.5,draftkings,-105,-125,oddsapi
2026-10-02T21:05:05Z,2026-10-02,BOS @ WPG,f5a9759e52a784d5fdcc1f3a2fcfc5a2,p2_total,over,,1.5,draftkings,-154,120,oddsapi
2026-10-02T21:05:05Z,2026-10-02,BOS @ WPG,f5a9759e52a784d5fdcc1f3a2fcfc5a2,p2_total,under,,1.5,draftkings,120,-154,oddsapi
2026-10-02T21:05:05Z,2026-10-02,BOS @ WPG,f5a9759e52a784d5fdcc1f3a2fcfc5a2,p3_total,over,,1.5,draftkings,-195,150,oddsapi
2026-10-02T21:05:05Z,2026-10-02,BOS @ WPG,f5a9759e52a784d5fdcc1f3a2fcfc5a2,p3_total,under,,1.5,draftkings,150,-195,oddsapi
2026-10-02T21:05:05Z,2026-10-02,BOS @ WPG,f5a9759e52a784d5fdcc1f3a2fcfc5a2,game_ml3,BOS,,,williamhill_us,134,,oddsapi
2026-10-02T21:05:05Z,2026-10-02,BOS @ WPG,f5a9759e52a784d5fdcc1f3a2fcfc5a2,game_ml3,WPG,,,williamhill_us,126,,oddsapi
2026-10-02T21:05:05Z,2026-10-02,BOS @ WPG,f5a9759e52a784d5fdcc1f3a2fcfc5a2,game_ml3,draw,,,williamhill_us,265,,oddsapi
2026-10-02T21:05:05Z,2026-10-02,BOS @ WPG,f5a9759e52a784d5fdcc1f3a2fcfc5a2,p1_ml3,BOS,,,williamhill_us,174,,oddsapi
2026-10-02T21:05:05Z,2026-10-02,BOS @ WPG,f5a9759e52a784d5fdcc1f3a2fcfc5a2,p1_ml3,WPG,,,williamhill_us,162,,oddsapi
2026-10-02T21:05:05Z,2026-10-02,BOS @ WPG,f5a9759e52a784d5fdcc1f3a2fcfc5a2,p1_ml3,draw,,,williamhill_us,159,,oddsapi
2026-10-02T21:05:05Z,2026-10-02,BOS @ WPG,f5a9759e52a784d5fdcc1f3a2fcfc5a2,ags,yes,David Pastrnak,,williamhill_us,141,,oddsapi
2026-10-02T21:05:05Z,2026-10-02,BOS @ WPG,f5a9759e52a784d5fdcc1f3a2fcfc5a2,ags,yes,Kyle Connor,,williamhill_us,169,,oddsapi
2026-10-02T21:05:05Z,2026-10-02,BOS @ WPG,f5a9759e52a784d5fdcc1f3a2fcfc5a2,ags,yes,Mark Scheifele,,williamhill_us,205,,oddsapi
2026-10-02T21:05:05Z,2026-10-02,BOS @ WPG,f5a9759e52a784d5fdcc1f3a2fcfc5a2,ags,yes,Morgan Geekie,,williamhill_us,215,,oddsapi
2026-10-02T21:05:05Z,2026-10-02,BOS @ WPG,f5a9759e52a784d5fdcc1f3a2fcfc5a2,ags,yes,Cole Perfetti,,williamhill_us,225,,oddsapi
2026-10-02T21:05:05Z,2026-10-02,BOS @ WPG,f5a9759e52a784d5fdcc1f3a2fcfc5a2,ags,yes,Gabriel Vilardi,,williamhill_us,230,,oddsapi
2026-10-02T21:05:05Z,2026-10-02,BOS @ WPG,f5a9759e52a784d5fdcc1f3a2fcfc5a2,ags,yes,JJ Peterka,,williamhill_us,230,,oddsapi
2026-10-02T21:05:05Z,2026-10-02,BOS @ WPG,f5a9759e52a784d5fdcc1f3a2fcfc5a2,ags,yes,Pavel Zacha,,williamhill_us,255,,oddsapi
2026-10-02T21:05:05Z,2026-10-02,BOS @ WPG,f5a9759e52a784d5fdcc1f3a2fcfc5a2,ags,yes,Fraser Minten,,williamhill_us,330,,oddsapi
2026-10-02T21:05:05Z,2026-10-02,BOS @ WPG,f5a9759e52a784d5fdcc1f3a2fcfc5a2,ags,yes,James Hagens,,williamhill_us,360,,oddsapi
2026-10-02T21:05:05Z,2026-10-02,BOS @ WPG,f5a9759e52a784d5fdcc1f3a2fcfc5a2,ags,yes,Nino Niederreiter,,williamhill_us,360,,oddsapi
2026-10-02T21:05:05Z,2026-10-02,BOS @ WPG,f5a9759e52a784d5fdcc1f3a2fcfc5a2,ags,yes,Elias Lindholm,,williamhill_us,380,,oddsapi
2026-10-02T21:05:05Z,2026-10-02,BOS @ WPG,f5a9759e52a784d5fdcc1f3a2fcfc5a2,ags,yes,Isak Rosen,,williamhill_us,380,,oddsapi
2026-10-02T21:05:05Z,2026-10-02,BOS @ WPG,f5a9759e52a784d5fdcc1f3a2fcfc5a2,ags,yes,Casey Mittelstadt,,williamhill_us,380,,oddsapi
2026-10-02T21:05:05Z,2026-10-02,BOS @ WPG,f5a9759e52a784d5fdcc1f3a2fcfc5a2,ags,yes,Vladislav Namestnikov,,williamhill_us,400,,oddsapi
2026-10-02T21:05:05Z,2026-10-02,BOS @ WPG,f5a9759e52a784d5fdcc1f3a2fcfc5a2,ags,yes,Josh Morrissey,,williamhill_us,450,,oddsapi
2026-10-02T21:05:05Z,2026-10-02,BOS @ WPG,f5a9759e52a784d5fdcc1f3a2fcfc5a2,ags,yes,Brad Lambert,,williamhill_us,450,,oddsapi
2026-10-02T21:05:05Z,2026-10-02,BOS @ WPG,f5a9759e52a784d5fdcc1f3a2fcfc5a2,ags,yes,Adam Lowry,,williamhill_us,450,,oddsapi
2026-10-02T21:05:05Z,2026-10-02,BOS @ WPG,f5a9759e52a784d5fdcc1f3a2fcfc5a2,ags,yes,Alex Iafallo,,williamhill_us,475,,oddsapi
2026-10-02T21:05:05Z,2026-10-02,BOS @ WPG,f5a9759e52a784d5fdcc1f3a2fcfc5a2,ags,yes,Hampus Lindholm,,williamhill_us,525,,oddsapi
2026-10-02T21:05:05Z,2026-10-02,BOS @ WPG,f5a9759e52a784d5fdcc1f3a2fcfc5a2,ags,yes,Marat Khusnutdinov,,williamhill_us,525,,oddsapi
2026-10-02T21:05:05Z,2026-10-02,BOS @ WPG,f5a9759e52a784d5fdcc1f3a2fcfc5a2,ags,yes,Morgan Barron,,williamhill_us,525,,oddsapi
2026-10-02T21:05:05Z,2026-10-02,BOS @ WPG,f5a9759e52a784d5fdcc1f3a2fcfc5a2,ags,yes,Mason Lohrei,,williamhill_us,575,,oddsapi
2026-10-02T21:05:05Z,2026-10-02,BOS @ WPG,f5a9759e52a784d5fdcc1f3a2fcfc5a2,ags,yes,Neal Pionk,,williamhill_us,575,,oddsapi
2026-10-02T21:05:05Z,2026-10-02,BOS @ WPG,f5a9759e52a784d5fdcc1f3a2fcfc5a2,ags,yes,Mark Kastelic,,williamhill_us,600,,oddsapi
2026-10-02T21:05:05Z,2026-10-02,BOS @ WPG,f5a9759e52a784d5fdcc1f3a2fcfc5a2,ags,yes,Tanner Jeannot,,williamhill_us,600,,oddsapi
2026-10-02T21:05:05Z,2026-10-02,BOS @ WPG,f5a9759e52a784d5fdcc1f3a2fcfc5a2,ags,yes,Sean Kuraly,,williamhill_us,600,,oddsapi
2026-10-02T21:05:05Z,2026-10-02,BOS @ WPG,f5a9759e52a784d5fdcc1f3a2fcfc5a2,ags,yes,Connor Clifton,,williamhill_us,700,,oddsapi
2026-10-02T21:05:05Z,2026-10-02,BOS @ WPG,f5a9759e52a784d5fdcc1f3a2fcfc5a2,ags,yes,Dylan DeMelo,,williamhill_us,800,,oddsapi
2026-10-02T21:05:05Z,2026-10-02,BOS @ WPG,f5a9759e52a784d5fdcc1f3a2fcfc5a2,ags,yes,Dylan Samberg,,williamhill_us,800,,oddsapi
2026-10-02T21:05:05Z,2026-10-02,BOS @ WPG,f5a9759e52a784d5fdcc1f3a2fcfc5a2,ags,yes,Nikita Zadorov,,williamhill_us,850,,oddsapi
2026-10-02T21:05:05Z,2026-10-02,BOS @ WPG,f5a9759e52a784d5fdcc1f3a2fcfc5a2,ags,yes,Jonathan Aspirot,,williamhill_us,950,,oddsapi
2026-10-02T21:05:05Z,2026-10-02,BOS @ WPG,f5a9759e52a784d5fdcc1f3a2fcfc5a2,fgs,yes,David Pastrnak,,williamhill_us,900,,oddsapi
2026-10-02T21:05:05Z,2026-10-02,BOS @ WPG,f5a9759e52a784d5fdcc1f3a2fcfc5a2,fgs,yes,Kyle Connor,,williamhill_us,1000,,oddsapi
2026-10-02T21:05:05Z,2026-10-02,BOS @ WPG,f5a9759e52a784d5fdcc1f3a2fcfc5a2,fgs,yes,Mark Scheifele,,williamhill_us,1300,,oddsapi
2026-10-02T21:05:05Z,2026-10-02,BOS @ WPG,f5a9759e52a784d5fdcc1f3a2fcfc5a2,fgs,yes,JJ Peterka,,williamhill_us,1400,,oddsapi
2026-10-02T21:05:05Z,2026-10-02,BOS @ WPG,f5a9759e52a784d5fdcc1f3a2fcfc5a2,fgs,yes,Morgan Geekie,,williamhill_us,1400,,oddsapi
2026-10-02T21:05:05Z,2026-10-02,BOS @ WPG,f5a9759e52a784d5fdcc1f3a2fcfc5a2,fgs,yes,Cole Perfetti,,williamhill_us,1400,,oddsapi
2026-10-02T21:05:05Z,2026-10-02,BOS @ WPG,f5a9759e52a784d5fdcc1f3a2fcfc5a2,fgs,yes,Gabriel Vilardi,,williamhill_us,1500,,oddsapi
2026-10-02T21:05:05Z,2026-10-02,BOS @ WPG,f5a9759e52a784d5fdcc1f3a2fcfc5a2,fgs,yes,Pavel Zacha,,williamhill_us,1500,,oddsapi
2026-10-02T21:05:05Z,2026-10-02,BOS @ WPG,f5a9759e52a784d5fdcc1f3a2fcfc5a2,fgs,yes,Fraser Minten,,williamhill_us,2000,,oddsapi
2026-10-02T21:05:05Z,2026-10-02,BOS @ WPG,f5a9759e52a784d5fdcc1f3a2fcfc5a2,fgs,yes,Elias Lindholm,,williamhill_us,2100,,oddsapi
2026-10-02T21:05:05Z,2026-10-02,BOS @ WPG,f5a9759e52a784d5fdcc1f3a2fcfc5a2,fgs,yes,Nino Niederreiter,,williamhill_us,2300,,oddsapi
2026-10-02T21:05:05Z,2026-10-02,BOS @ WPG,f5a9759e52a784d5fdcc1f3a2fcfc5a2,fgs,yes,James Hagens,,williamhill_us,2300,,oddsapi
2026-10-02T21:05:05Z,2026-10-02,BOS @ WPG,f5a9759e52a784d5fdcc1f3a2fcfc5a2,fgs,yes,Casey Mittelstadt,,williamhill_us,2300,,oddsapi
2026-10-02T21:05:05Z,2026-10-02,BOS @ WPG,f5a9759e52a784d5fdcc1f3a2fcfc5a2,fgs,yes,Isak Rosen,,williamhill_us,2400,,oddsapi
2026-10-02T21:05:05Z,2026-10-02,BOS @ WPG,f5a9759e52a784d5fdcc1f3a2fcfc5a2,fgs,yes,Josh Morrissey,,williamhill_us,2600,,oddsapi
2026-10-02T21:05:05Z,2026-10-02,BOS @ WPG,f5a9759e52a784d5fdcc1f3a2fcfc5a2,fgs,yes,Vladislav Namestnikov,,williamhill_us,2600,,oddsapi
2026-10-02T21:05:05Z,2026-10-02,BOS @ WPG,f5a9759e52a784d5fdcc1f3a2fcfc5a2,fgs,yes,Brad Lambert,,williamhill_us,2900,,oddsapi
2026-10-02T21:05:05Z,2026-10-02,BOS @ WPG,f5a9759e52a784d5fdcc1f3a2fcfc5a2,fgs,yes,Adam Lowry,,williamhill_us,2900,,oddsapi
2026-10-02T21:05:05Z,2026-10-02,BOS @ WPG,f5a9759e52a784d5fdcc1f3a2fcfc5a2,fgs,yes,Alex Iafallo,,williamhill_us,2900,,oddsapi
2026-10-02T21:05:05Z,2026-10-02,BOS @ WPG,f5a9759e52a784d5fdcc1f3a2fcfc5a2,fgs,yes,Morgan Barron,,williamhill_us,3300,,oddsapi
2026-10-02T21:05:05Z,2026-10-02,BOS @ WPG,f5a9759e52a784d5fdcc1f3a2fcfc5a2,fgs,yes,Hampus Lindholm,,williamhill_us,3300,,oddsapi
2026-10-02T21:05:05Z,2026-10-02,BOS @ WPG,f5a9759e52a784d5fdcc1f3a2fcfc5a2,fgs,yes,Marat Khusnutdinov,,williamhill_us,3500,,oddsapi
2026-10-02T21:05:05Z,2026-10-02,BOS @ WPG,f5a9759e52a784d5fdcc1f3a2fcfc5a2,fgs,yes,Neal Pionk,,williamhill_us,4000,,oddsapi
2026-10-02T21:05:05Z,2026-10-02,BOS @ WPG,f5a9759e52a784d5fdcc1f3a2fcfc5a2,fgs,yes,Mason Lohrei,,williamhill_us,4000,,oddsapi
2026-10-02T21:05:05Z,2026-10-02,BOS @ WPG,f5a9759e52a784d5fdcc1f3a2fcfc5a2,fgs,yes,Mark Kastelic,,williamhill_us,4000,,oddsapi
2026-10-02T21:05:05Z,2026-10-02,BOS @ WPG,f5a9759e52a784d5fdcc1f3a2fcfc5a2,fgs,yes,Tanner Jeannot,,williamhill_us,4000,,oddsapi
2026-10-02T21:05:05Z,2026-10-02,BOS @ WPG,f5a9759e52a784d5fdcc1f3a2fcfc5a2,fgs,yes,Sean Kuraly,,williamhill_us,4500,,oddsapi
2026-10-02T21:05:05Z,2026-10-02,BOS @ WPG,f5a9759e52a784d5fdcc1f3a2fcfc5a2,fgs,yes,Connor Clifton,,williamhill_us,5500,,oddsapi
2026-10-02T21:05:05Z,2026-10-02,BOS @ WPG,f5a9759e52a784d5fdcc1f3a2fcfc5a2,fgs,yes,Nikita Zadorov,,williamhill_us,7500,,oddsapi
2026-10-02T21:05:05Z,2026-10-02,BOS @ WPG,f5a9759e52a784d5fdcc1f3a2fcfc5a2,fgs,yes,Dylan DeMelo,,williamhill_us,7500,,oddsapi
2026-10-02T21:05:05Z,2026-10-02,BOS @ WPG,f5a9759e52a784d5fdcc1f3a2fcfc5a2,team_total,over,BOS,3.5,williamhill_us,135,-190,oddsapi
2026-10-02T21:05:05Z,2026-10-02,BOS @ WPG,f5a9759e52a784d5fdcc1f3a2fcfc5a2,team_total,under,BOS,3.5,williamhill_us,-190,135,oddsapi
2026-10-02T21:05:05Z,2026-10-02,BOS @ WPG,f5a9759e52a784d5fdcc1f3a2fcfc5a2,team_total,over,WPG,3.5,williamhill_us,126,-176,oddsapi
2026-10-02T21:05:05Z,2026-10-02,BOS @ WPG,f5a9759e52a784d5fdcc1f3a2fcfc5a2,team_total,under,WPG,3.5,williamhill_us,-176,126,oddsapi
2026-10-02T21:05:05Z,2026-10-02,BOS @ WPG,f5a9759e52a784d5fdcc1f3a2fcfc5a2,game_pl_alt,BOS,,-1.5,bovada,240,-340,oddsapi
2026-10-02T21:05:05Z,2026-10-02,BOS @ WPG,f5a9759e52a784d5fdcc1f3a2fcfc5a2,game_pl_alt,BOS,,2.5,bovada,-526,340,oddsapi
2026-10-02T21:05:05Z,2026-10-02,BOS @ WPG,f5a9759e52a784d5fdcc1f3a2fcfc5a2,game_pl_alt,BOS,,-2.5,bovada,400,-650,oddsapi
2026-10-02T21:05:05Z,2026-10-02,BOS @ WPG,f5a9759e52a784d5fdcc1f3a2fcfc5a2,game_pl_alt,WPG,,1.5,bovada,-340,240,oddsapi
2026-10-02T21:05:05Z,2026-10-02,BOS @ WPG,f5a9759e52a784d5fdcc1f3a2fcfc5a2,game_pl_alt,WPG,,-2.5,bovada,340,-526,oddsapi
2026-10-02T21:05:05Z,2026-10-02,BOS @ WPG,f5a9759e52a784d5fdcc1f3a2fcfc5a2,game_pl_alt,WPG,,2.5,bovada,-650,400,oddsapi
2026-10-02T21:05:05Z,2026-10-02,BOS @ WPG,f5a9759e52a784d5fdcc1f3a2fcfc5a2,team_total_alt,over,BOS,2.5,bovada,-155,120,oddsapi
2026-10-02T21:05:05Z,2026-10-02,BOS @ WPG,f5a9759e52a784d5fdcc1f3a2fcfc5a2,team_total_alt,under,BOS,2.5,bovada,120,-155,oddsapi
2026-10-02T21:05:05Z,2026-10-02,BOS @ WPG,f5a9759e52a784d5fdcc1f3a2fcfc5a2,team_total_alt,over,WPG,2.5,bovada,-175,135,oddsapi
2026-10-02T21:05:05Z,2026-10-02,BOS @ WPG,f5a9759e52a784d5fdcc1f3a2fcfc5a2,team_total_alt,under,WPG,2.5,bovada,135,-175,oddsapi
2026-10-02T21:05:05Z,2026-10-02,BOS @ WPG,f5a9759e52a784d5fdcc1f3a2fcfc5a2,game_total_alt,over,,4.5,bovada,-410,280,oddsapi
2026-10-02T21:05:05Z,2026-10-02,BOS @ WPG,f5a9759e52a784d5fdcc1f3a2fcfc5a2,game_total_alt,over,,5,bovada,-285,210,oddsapi
2026-10-02T21:05:05Z,2026-10-02,BOS @ WPG,f5a9759e52a784d5fdcc1f3a2fcfc5a2,game_total_alt,over,,5.5,bovada,-135,105,oddsapi
2026-10-02T21:05:05Z,2026-10-02,BOS @ WPG,f5a9759e52a784d5fdcc1f3a2fcfc5a2,game_total_alt,over,,6.5,bovada,115,-150,oddsapi
2026-10-02T21:05:05Z,2026-10-02,BOS @ WPG,f5a9759e52a784d5fdcc1f3a2fcfc5a2,game_total_alt,over,,7,bovada,210,-285,oddsapi
2026-10-02T21:05:05Z,2026-10-02,BOS @ WPG,f5a9759e52a784d5fdcc1f3a2fcfc5a2,game_total_alt,over,,7.5,bovada,280,-410,oddsapi
2026-10-02T21:05:05Z,2026-10-02,BOS @ WPG,f5a9759e52a784d5fdcc1f3a2fcfc5a2,game_total_alt,under,,4.5,bovada,280,-410,oddsapi
2026-10-02T21:05:05Z,2026-10-02,BOS @ WPG,f5a9759e52a784d5fdcc1f3a2fcfc5a2,game_total_alt,under,,5,bovada,210,-285,oddsapi
2026-10-02T21:05:05Z,2026-10-02,BOS @ WPG,f5a9759e52a784d5fdcc1f3a2fcfc5a2,game_total_alt,under,,5.5,bovada,105,-135,oddsapi
2026-10-02T21:05:05Z,2026-10-02,BOS @ WPG,f5a9759e52a784d5fdcc1f3a2fcfc5a2,game_total_alt,under,,6.5,bovada,-150,115,oddsapi
2026-10-02T21:05:05Z,2026-10-02,BOS @ WPG,f5a9759e52a784d5fdcc1f3a2fcfc5a2,game_total_alt,under,,7,bovada,-285,210,oddsapi
2026-10-02T21:05:05Z,2026-10-02,BOS @ WPG,f5a9759e52a784d5fdcc1f3a2fcfc5a2,game_total_alt,under,,7.5,bovada,-410,280,oddsapi
2026-10-02T21:05:05Z,2026-10-02,BOS @ WPG,f5a9759e52a784d5fdcc1f3a2fcfc5a2,game_ml3,BOS,,,bovada,154,,oddsapi
2026-10-02T21:05:05Z,2026-10-02,BOS @ WPG,f5a9759e52a784d5fdcc1f3a2fcfc5a2,game_ml3,WPG,,,bovada,131,,oddsapi
2026-10-02T21:05:05Z,2026-10-02,BOS @ WPG,f5a9759e52a784d5fdcc1f3a2fcfc5a2,game_ml3,draw,,,bovada,305,,oddsapi
2026-10-02T21:05:05Z,2026-10-02,BOS @ WPG,f5a9759e52a784d5fdcc1f3a2fcfc5a2,p1_ml3,BOS,,,bovada,183,,oddsapi
2026-10-02T21:05:05Z,2026-10-02,BOS @ WPG,f5a9759e52a784d5fdcc1f3a2fcfc5a2,p1_ml3,WPG,,,bovada,176,,oddsapi
2026-10-02T21:05:05Z,2026-10-02,BOS @ WPG,f5a9759e52a784d5fdcc1f3a2fcfc5a2,p1_ml3,draw,,,bovada,173,,oddsapi
2026-10-02T21:05:05Z,2026-10-02,BOS @ WPG,f5a9759e52a784d5fdcc1f3a2fcfc5a2,p1_ml,BOS,,,bovada,-105,-125,oddsapi
2026-10-02T21:05:05Z,2026-10-02,BOS @ WPG,f5a9759e52a784d5fdcc1f3a2fcfc5a2,p1_ml,WPG,,,bovada,-125,-105,oddsapi
2026-10-02T21:05:05Z,2026-10-02,BOS @ WPG,f5a9759e52a784d5fdcc1f3a2fcfc5a2,p2_ml,BOS,,,bovada,-105,-125,oddsapi
2026-10-02T21:05:05Z,2026-10-02,BOS @ WPG,f5a9759e52a784d5fdcc1f3a2fcfc5a2,p2_ml,WPG,,,bovada,-125,-105,oddsapi
2026-10-02T21:05:05Z,2026-10-02,BOS @ WPG,f5a9759e52a784d5fdcc1f3a2fcfc5a2,p3_ml,BOS,,,bovada,-105,-125,oddsapi
2026-10-02T21:05:05Z,2026-10-02,BOS @ WPG,f5a9759e52a784d5fdcc1f3a2fcfc5a2,p3_ml,WPG,,,bovada,-125,-105,oddsapi
2026-10-02T21:05:05Z,2026-10-02,BOS @ WPG,f5a9759e52a784d5fdcc1f3a2fcfc5a2,ags,yes,Kyle Connor,,bovada,169,,oddsapi
2026-10-02T21:05:05Z,2026-10-02,BOS @ WPG,f5a9759e52a784d5fdcc1f3a2fcfc5a2,ags,yes,Casey Mittelstadt,,bovada,410,,oddsapi
2026-10-02T21:05:05Z,2026-10-02,BOS @ WPG,f5a9759e52a784d5fdcc1f3a2fcfc5a2,ags,yes,Dylan DeMelo,,bovada,1400,,oddsapi
2026-10-02T21:05:05Z,2026-10-02,BOS @ WPG,f5a9759e52a784d5fdcc1f3a2fcfc5a2,ags,yes,Jonathan Aspirot,,bovada,2000,,oddsapi
2026-10-02T21:05:05Z,2026-10-02,BOS @ WPG,f5a9759e52a784d5fdcc1f3a2fcfc5a2,ags,yes,Connor Clifton,,bovada,1200,,oddsapi
2026-10-02T21:05:05Z,2026-10-02,BOS @ WPG,f5a9759e52a784d5fdcc1f3a2fcfc5a2,ags,yes,JJ Peterka,,bovada,235,,oddsapi
2026-10-02T21:05:05Z,2026-10-02,BOS @ WPG,f5a9759e52a784d5fdcc1f3a2fcfc5a2,ags,yes,Adam Lowry,,bovada,525,,oddsapi
2026-10-02T21:05:05Z,2026-10-02,BOS @ WPG,f5a9759e52a784d5fdcc1f3a2fcfc5a2,ags,yes,Elias Lindholm,,bovada,410,,oddsapi
2026-10-02T21:05:05Z,2026-10-02,BOS @ WPG,f5a9759e52a784d5fdcc1f3a2fcfc5a2,ags,yes,James Hagens,,bovada,415,,oddsapi
2026-10-02T21:05:05Z,2026-10-02,BOS @ WPG,f5a9759e52a784d5fdcc1f3a2fcfc5a2,ags,yes,Nino Niederreiter,,bovada,400,,oddsapi
2026-10-02T21:05:05Z,2026-10-02,BOS @ WPG,f5a9759e52a784d5fdcc1f3a2fcfc5a2,ags,yes,Mark Scheifele,,bovada,215,,oddsapi
2026-10-02T21:05:05Z,2026-10-02,BOS @ WPG,f5a9759e52a784d5fdcc1f3a2fcfc5a2,ags,yes,Fraser Minten,,bovada,350,,oddsapi
2026-10-02T21:05:05Z,2026-10-02,BOS @ WPG,f5a9759e52a784d5fdcc1f3a2fcfc5a2,ags,yes,Cole Perfetti,,bovada,240,,oddsapi
2026-10-02T21:05:05Z,2026-10-02,BOS @ WPG,f5a9759e52a784d5fdcc1f3a2fcfc5a2,ags,yes,Tanner Jeannot,,bovada,800,,oddsapi
2026-10-02T21:05:05Z,2026-10-02,BOS @ WPG,f5a9759e52a784d5fdcc1f3a2fcfc5a2,ags,yes,Gabriel Vilardi,,bovada,230,,oddsapi
2026-10-02T21:05:05Z,2026-10-02,BOS @ WPG,f5a9759e52a784d5fdcc1f3a2fcfc5a2,ags,yes,Josh Morrissey,,bovada,500,,oddsapi
2026-10-02T21:05:05Z,2026-10-02,BOS @ WPG,f5a9759e52a784d5fdcc1f3a2fcfc5a2,ags,yes,Vladislav Namestnikov,,bovada,460,,oddsapi
2026-10-02T21:05:05Z,2026-10-02,BOS @ WPG,f5a9759e52a784d5fdcc1f3a2fcfc5a2,ags,yes,Brad Lambert,,bovada,525,,oddsapi
2026-10-02T21:05:05Z,2026-10-02,BOS @ WPG,f5a9759e52a784d5fdcc1f3a2fcfc5a2,ags,yes,David Pastrnak,,bovada,140,,oddsapi
2026-10-02T21:05:05Z,2026-10-02,BOS @ WPG,f5a9759e52a784d5fdcc1f3a2fcfc5a2,ags,yes,Mason Lohrei,,bovada,800,,oddsapi
2026-10-02T21:05:05Z,2026-10-02,BOS @ WPG,f5a9759e52a784d5fdcc1f3a2fcfc5a2,ags,yes,Morgan Barron,,bovada,625,,oddsapi
2026-10-02T21:05:05Z,2026-10-02,BOS @ WPG,f5a9759e52a784d5fdcc1f3a2fcfc5a2,ags,yes,Isak Rosen,,bovada,425,,oddsapi
2026-10-02T21:05:05Z,2026-10-02,BOS @ WPG,f5a9759e52a784d5fdcc1f3a2fcfc5a2,ags,yes,Alex Iafallo,,bovada,525,,oddsapi
2026-10-02T21:05:05Z,2026-10-02,BOS @ WPG,f5a9759e52a784d5fdcc1f3a2fcfc5a2,ags,yes,Sean Kuraly,,bovada,800,,oddsapi
2026-10-02T21:05:05Z,2026-10-02,BOS @ WPG,f5a9759e52a784d5fdcc1f3a2fcfc5a2,ags,yes,Mark Kastelic,,bovada,750,,oddsapi
2026-10-02T21:05:05Z,2026-10-02,BOS @ WPG,f5a9759e52a784d5fdcc1f3a2fcfc5a2,ags,yes,Neal Pionk,,bovada,700,,oddsapi
2026-10-02T21:05:05Z,2026-10-02,BOS @ WPG,f5a9759e52a784d5fdcc1f3a2fcfc5a2,ags,yes,Pavel Zacha,,bovada,260,,oddsapi
2026-10-02T21:05:05Z,2026-10-02,BOS @ WPG,f5a9759e52a784d5fdcc1f3a2fcfc5a2,ags,yes,Dylan Samberg,,bovada,1500,,oddsapi
2026-10-02T21:05:05Z,2026-10-02,BOS @ WPG,f5a9759e52a784d5fdcc1f3a2fcfc5a2,ags,yes,Morgan Geekie,,bovada,225,,oddsapi
2026-10-02T21:05:05Z,2026-10-02,BOS @ WPG,f5a9759e52a784d5fdcc1f3a2fcfc5a2,ags,yes,Nikita Zadorov,,bovada,1500,,oddsapi
2026-10-02T21:05:05Z,2026-10-02,BOS @ WPG,f5a9759e52a784d5fdcc1f3a2fcfc5a2,ags,yes,Marat Khusnutdinov,,bovada,650,,oddsapi
2026-10-02T21:05:05Z,2026-10-02,BOS @ WPG,f5a9759e52a784d5fdcc1f3a2fcfc5a2,ags,yes,Hampus Lindholm,,bovada,650,,oddsapi
2026-10-02T21:05:05Z,2026-10-02,BOS @ WPG,f5a9759e52a784d5fdcc1f3a2fcfc5a2,fgs,yes,Jonathan Aspirot,,bovada,10000,,oddsapi
2026-10-02T21:05:05Z,2026-10-02,BOS @ WPG,f5a9759e52a784d5fdcc1f3a2fcfc5a2,fgs,yes,Gabriel Vilardi,,bovada,1500,,oddsapi
2026-10-02T21:05:05Z,2026-10-02,BOS @ WPG,f5a9759e52a784d5fdcc1f3a2fcfc5a2,fgs,yes,Mason Lohrei,,bovada,4000,,oddsapi
2026-10-02T21:05:05Z,2026-10-02,BOS @ WPG,f5a9759e52a784d5fdcc1f3a2fcfc5a2,fgs,yes,Fraser Minten,,bovada,2000,,oddsapi
2026-10-02T21:05:05Z,2026-10-02,BOS @ WPG,f5a9759e52a784d5fdcc1f3a2fcfc5a2,fgs,yes,Elias Lindholm,,bovada,2200,,oddsapi
2026-10-02T21:05:05Z,2026-10-02,BOS @ WPG,f5a9759e52a784d5fdcc1f3a2fcfc5a2,fgs,yes,Pavel Zacha,,bovada,1600,,oddsapi
2026-10-02T21:05:05Z,2026-10-02,BOS @ WPG,f5a9759e52a784d5fdcc1f3a2fcfc5a2,fgs,yes,Tanner Jeannot,,bovada,4000,,oddsapi
2026-10-02T21:05:05Z,2026-10-02,BOS @ WPG,f5a9759e52a784d5fdcc1f3a2fcfc5a2,fgs,yes,Brad Lambert,,bovada,3000,,oddsapi
2026-10-02T21:05:05Z,2026-10-02,BOS @ WPG,f5a9759e52a784d5fdcc1f3a2fcfc5a2,fgs,yes,Dylan DeMelo,,bovada,8000,,oddsapi
2026-10-02T21:05:05Z,2026-10-02,BOS @ WPG,f5a9759e52a784d5fdcc1f3a2fcfc5a2,fgs,yes,Casey Mittelstadt,,bovada,2500,,oddsapi
2026-10-02T21:05:05Z,2026-10-02,BOS @ WPG,f5a9759e52a784d5fdcc1f3a2fcfc5a2,fgs,yes,Isak Rosen,,bovada,2500,,oddsapi
2026-10-02T21:05:05Z,2026-10-02,BOS @ WPG,f5a9759e52a784d5fdcc1f3a2fcfc5a2,fgs,yes,Vladislav Namestnikov,,bovada,3000,,oddsapi
2026-10-02T21:05:05Z,2026-10-02,BOS @ WPG,f5a9759e52a784d5fdcc1f3a2fcfc5a2,fgs,yes,Morgan Geekie,,bovada,1500,,oddsapi
2026-10-02T21:05:05Z,2026-10-02,BOS @ WPG,f5a9759e52a784d5fdcc1f3a2fcfc5a2,fgs,yes,Mark Kastelic,,bovada,4000,,oddsapi
2026-10-02T21:05:05Z,2026-10-02,BOS @ WPG,f5a9759e52a784d5fdcc1f3a2fcfc5a2,fgs,yes,Sean Kuraly,,bovada,4500,,oddsapi
2026-10-02T21:05:05Z,2026-10-02,BOS @ WPG,f5a9759e52a784d5fdcc1f3a2fcfc5a2,fgs,yes,Neal Pionk,,bovada,4500,,oddsapi
2026-10-02T21:05:05Z,2026-10-02,BOS @ WPG,f5a9759e52a784d5fdcc1f3a2fcfc5a2,fgs,yes,JJ Peterka,,bovada,1600,,oddsapi
2026-10-02T21:05:05Z,2026-10-02,BOS @ WPG,f5a9759e52a784d5fdcc1f3a2fcfc5a2,fgs,yes,Adam Lowry,,bovada,3000,,oddsapi
2026-10-02T21:05:05Z,2026-10-02,BOS @ WPG,f5a9759e52a784d5fdcc1f3a2fcfc5a2,fgs,yes,Morgan Barron,,bovada,3300,,oddsapi
2026-10-02T21:05:05Z,2026-10-02,BOS @ WPG,f5a9759e52a784d5fdcc1f3a2fcfc5a2,fgs,yes,Josh Morrissey,,bovada,3000,,oddsapi
2026-10-02T21:05:05Z,2026-10-02,BOS @ WPG,f5a9759e52a784d5fdcc1f3a2fcfc5a2,fgs,yes,Nino Niederreiter,,bovada,2500,,oddsapi
2026-10-02T21:05:05Z,2026-10-02,BOS @ WPG,f5a9759e52a784d5fdcc1f3a2fcfc5a2,fgs,yes,Kyle Connor,,bovada,1100,,oddsapi
2026-10-02T21:05:05Z,2026-10-02,BOS @ WPG,f5a9759e52a784d5fdcc1f3a2fcfc5a2,fgs,yes,Nikita Zadorov,,bovada,8000,,oddsapi
2026-10-02T21:05:05Z,2026-10-02,BOS @ WPG,f5a9759e52a784d5fdcc1f3a2fcfc5a2,fgs,yes,Alex Iafallo,,bovada,3000,,oddsapi
2026-10-02T21:05:05Z,2026-10-02,BOS @ WPG,f5a9759e52a784d5fdcc1f3a2fcfc5a2,fgs,yes,James Hagens,,bovada,2500,,oddsapi
2026-10-02T21:05:05Z,2026-10-02,BOS @ WPG,f5a9759e52a784d5fdcc1f3a2fcfc5a2,fgs,yes,Connor Clifton,,bovada,6500,,oddsapi
2026-10-02T21:05:05Z,2026-10-02,BOS @ WPG,f5a9759e52a784d5fdcc1f3a2fcfc5a2,fgs,yes,Hampus Lindholm,,bovada,3500,,oddsapi
2026-10-02T21:05:05Z,2026-10-02,BOS @ WPG,f5a9759e52a784d5fdcc1f3a2fcfc5a2,fgs,yes,Dylan Samberg,,bovada,8000,,oddsapi
2026-10-02T21:05:05Z,2026-10-02,BOS @ WPG,f5a9759e52a784d5fdcc1f3a2fcfc5a2,fgs,yes,Mark Scheifele,,bovada,1400,,oddsapi
2026-10-02T21:05:05Z,2026-10-02,BOS @ WPG,f5a9759e52a784d5fdcc1f3a2fcfc5a2,fgs,yes,Cole Perfetti,,bovada,1600,,oddsapi
2026-10-02T21:05:05Z,2026-10-02,BOS @ WPG,f5a9759e52a784d5fdcc1f3a2fcfc5a2,fgs,yes,Marat Khusnutdinov,,bovada,3500,,oddsapi
2026-10-02T21:05:05Z,2026-10-02,BOS @ WPG,f5a9759e52a784d5fdcc1f3a2fcfc5a2,fgs,yes,David Pastrnak,,bovada,1000,,oddsapi
2026-10-02T21:05:05Z,2026-10-02,BOS @ WPG,f5a9759e52a784d5fdcc1f3a2fcfc5a2,sk_sog,over,Cole Perfetti,1.5,bovada,-175,135,oddsapi
2026-10-02T21:05:05Z,2026-10-02,BOS @ WPG,f5a9759e52a784d5fdcc1f3a2fcfc5a2,sk_sog,under,Cole Perfetti,1.5,bovada,135,-175,oddsapi
2026-10-02T21:05:05Z,2026-10-02,BOS @ WPG,f5a9759e52a784d5fdcc1f3a2fcfc5a2,sk_sog,over,David Pastrnak,3.5,bovada,-105,-125,oddsapi
2026-10-02T21:05:05Z,2026-10-02,BOS @ WPG,f5a9759e52a784d5fdcc1f3a2fcfc5a2,sk_sog,under,David Pastrnak,3.5,bovada,-125,-105,oddsapi
2026-10-02T21:05:05Z,2026-10-02,BOS @ WPG,f5a9759e52a784d5fdcc1f3a2fcfc5a2,sk_sog,over,Elias Lindholm,1.5,bovada,-110,-120,oddsapi
2026-10-02T21:05:05Z,2026-10-02,BOS @ WPG,f5a9759e52a784d5fdcc1f3a2fcfc5a2,sk_sog,under,Elias Lindholm,1.5,bovada,-120,-110,oddsapi
2026-10-02T21:05:05Z,2026-10-02,BOS @ WPG,f5a9759e52a784d5fdcc1f3a2fcfc5a2,sk_sog,over,Fraser Minten,1.5,bovada,110,-145,oddsapi
2026-10-02T21:05:05Z,2026-10-02,BOS @ WPG,f5a9759e52a784d5fdcc1f3a2fcfc5a2,sk_sog,under,Fraser Minten,1.5,bovada,-145,110,oddsapi
2026-10-02T21:05:05Z,2026-10-02,BOS @ WPG,f5a9759e52a784d5fdcc1f3a2fcfc5a2,sk_sog,over,Gabriel Vilardi,1.5,bovada,-145,110,oddsapi
2026-10-02T21:05:05Z,2026-10-02,BOS @ WPG,f5a9759e52a784d5fdcc1f3a2fcfc5a2,sk_sog,under,Gabriel Vilardi,1.5,bovada,110,-145,oddsapi
2026-10-02T21:05:05Z,2026-10-02,BOS @ WPG,f5a9759e52a784d5fdcc1f3a2fcfc5a2,sk_sog,over,Hampus Lindholm,1.5,bovada,100,-130,oddsapi
2026-10-02T21:05:05Z,2026-10-02,BOS @ WPG,f5a9759e52a784d5fdcc1f3a2fcfc5a2,sk_sog,under,Hampus Lindholm,1.5,bovada,-130,100,oddsapi
2026-10-02T21:05:05Z,2026-10-02,BOS @ WPG,f5a9759e52a784d5fdcc1f3a2fcfc5a2,sk_sog,over,James Hagens,1.5,bovada,105,-135,oddsapi
2026-10-02T21:05:05Z,2026-10-02,BOS @ WPG,f5a9759e52a784d5fdcc1f3a2fcfc5a2,sk_sog,under,James Hagens,1.5,bovada,-135,105,oddsapi
2026-10-02T21:05:05Z,2026-10-02,BOS @ WPG,f5a9759e52a784d5fdcc1f3a2fcfc5a2,sk_sog,over,JJ Peterka,2.5,bovada,140,-185,oddsapi
2026-10-02T21:05:05Z,2026-10-02,BOS @ WPG,f5a9759e52a784d5fdcc1f3a2fcfc5a2,sk_sog,under,JJ Peterka,2.5,bovada,-185,140,oddsapi
2026-10-02T21:05:05Z,2026-10-02,BOS @ WPG,f5a9759e52a784d5fdcc1f3a2fcfc5a2,sk_sog,over,Josh Morrissey,2.5,bovada,125,-165,oddsapi
2026-10-02T21:05:05Z,2026-10-02,BOS @ WPG,f5a9759e52a784d5fdcc1f3a2fcfc5a2,sk_sog,under,Josh Morrissey,2.5,bovada,-165,125,oddsapi
2026-10-02T21:05:05Z,2026-10-02,BOS @ WPG,f5a9759e52a784d5fdcc1f3a2fcfc5a2,sk_sog,over,Kyle Connor,3.5,bovada,120,-155,oddsapi
2026-10-02T21:05:05Z,2026-10-02,BOS @ WPG,f5a9759e52a784d5fdcc1f3a2fcfc5a2,sk_sog,under,Kyle Connor,3.5,bovada,-155,120,oddsapi
2026-10-02T21:05:05Z,2026-10-02,BOS @ WPG,f5a9759e52a784d5fdcc1f3a2fcfc5a2,sk_sog,over,Mark Scheifele,2.5,bovada,135,-175,oddsapi
2026-10-02T21:05:05Z,2026-10-02,BOS @ WPG,f5a9759e52a784d5fdcc1f3a2fcfc5a2,sk_sog,under,Mark Scheifele,2.5,bovada,-175,135,oddsapi
2026-10-02T21:05:05Z,2026-10-02,BOS @ WPG,f5a9759e52a784d5fdcc1f3a2fcfc5a2,sk_sog,over,Morgan Geekie,1.5,bovada,-200,150,oddsapi
2026-10-02T21:05:05Z,2026-10-02,BOS @ WPG,f5a9759e52a784d5fdcc1f3a2fcfc5a2,sk_sog,under,Morgan Geekie,1.5,bovada,150,-200,oddsapi
2026-10-02T21:05:05Z,2026-10-02,BOS @ WPG,f5a9759e52a784d5fdcc1f3a2fcfc5a2,sk_sog,over,Neal Pionk,1.5,bovada,-125,-105,oddsapi
2026-10-02T21:05:05Z,2026-10-02,BOS @ WPG,f5a9759e52a784d5fdcc1f3a2fcfc5a2,sk_sog,under,Neal Pionk,1.5,bovada,-105,-125,oddsapi
2026-10-02T21:05:05Z,2026-10-02,BOS @ WPG,f5a9759e52a784d5fdcc1f3a2fcfc5a2,sk_sog,over,Pavel Zacha,1.5,bovada,-120,-110,oddsapi
2026-10-02T21:05:05Z,2026-10-02,BOS @ WPG,f5a9759e52a784d5fdcc1f3a2fcfc5a2,sk_sog,under,Pavel Zacha,1.5,bovada,-110,-120,oddsapi
2026-10-02T21:05:05Z,2026-10-02,BOS @ WPG,f5a9759e52a784d5fdcc1f3a2fcfc5a2,g_saves,over,Jeremy Swayman,24.5,bovada,-125,-105,oddsapi
2026-10-02T21:05:05Z,2026-10-02,BOS @ WPG,f5a9759e52a784d5fdcc1f3a2fcfc5a2,g_saves,under,Jeremy Swayman,24.5,bovada,-105,-125,oddsapi
2026-10-02T21:05:05Z,2026-10-02,BOS @ WPG,f5a9759e52a784d5fdcc1f3a2fcfc5a2,p1_pl,BOS,,0.5,bovada,-220,165,oddsapi
2026-10-02T21:05:05Z,2026-10-02,BOS @ WPG,f5a9759e52a784d5fdcc1f3a2fcfc5a2,p1_pl,WPG,,-0.5,bovada,165,-220,oddsapi
2026-10-02T21:05:05Z,2026-10-02,BOS @ WPG,f5a9759e52a784d5fdcc1f3a2fcfc5a2,p2_pl,BOS,,0.5,bovada,-215,160,oddsapi
2026-10-02T21:05:05Z,2026-10-02,BOS @ WPG,f5a9759e52a784d5fdcc1f3a2fcfc5a2,p2_pl,WPG,,-0.5,bovada,160,-215,oddsapi
2026-10-02T21:05:05Z,2026-10-02,BOS @ WPG,f5a9759e52a784d5fdcc1f3a2fcfc5a2,p3_pl,BOS,,0.5,bovada,-190,145,oddsapi
2026-10-02T21:05:05Z,2026-10-02,BOS @ WPG,f5a9759e52a784d5fdcc1f3a2fcfc5a2,p3_pl,WPG,,-0.5,bovada,145,-190,oddsapi
2026-10-02T21:05:05Z,2026-10-02,BOS @ WPG,f5a9759e52a784d5fdcc1f3a2fcfc5a2,p1_total,over,,1.5,bovada,-130,100,oddsapi
2026-10-02T21:05:05Z,2026-10-02,BOS @ WPG,f5a9759e52a784d5fdcc1f3a2fcfc5a2,p1_total,under,,1.5,bovada,100,-130,oddsapi
2026-10-02T21:05:05Z,2026-10-02,BOS @ WPG,f5a9759e52a784d5fdcc1f3a2fcfc5a2,p2_total,over,,2,bovada,120,-160,oddsapi
2026-10-02T21:05:05Z,2026-10-02,BOS @ WPG,f5a9759e52a784d5fdcc1f3a2fcfc5a2,p2_total,under,,2,bovada,-160,120,oddsapi
2026-10-02T21:05:05Z,2026-10-02,BOS @ WPG,f5a9759e52a784d5fdcc1f3a2fcfc5a2,p3_total,over,,2,bovada,-120,-110,oddsapi
2026-10-02T21:05:05Z,2026-10-02,BOS @ WPG,f5a9759e52a784d5fdcc1f3a2fcfc5a2,p3_total,under,,2,bovada,-110,-120,oddsapi
2026-10-02T21:05:05Z,2026-10-02,BOS @ WPG,f5a9759e52a784d5fdcc1f3a2fcfc5a2,team_total_alt,over,BOS,1,betmgm,-2500,750,oddsapi
2026-10-02T21:05:05Z,2026-10-02,BOS @ WPG,f5a9759e52a784d5fdcc1f3a2fcfc5a2,team_total_alt,under,BOS,1,betmgm,750,-2500,oddsapi
2026-10-02T21:05:05Z,2026-10-02,BOS @ WPG,f5a9759e52a784d5fdcc1f3a2fcfc5a2,team_total_alt,over,BOS,1.5,betmgm,-450,280,oddsapi
2026-10-02T21:05:05Z,2026-10-02,BOS @ WPG,f5a9759e52a784d5fdcc1f3a2fcfc5a2,team_total_alt,under,BOS,1.5,betmgm,280,-450,oddsapi
2026-10-02T21:05:05Z,2026-10-02,BOS @ WPG,f5a9759e52a784d5fdcc1f3a2fcfc5a2,team_total_alt,over,BOS,2,betmgm,-325,220,oddsapi
2026-10-02T21:05:05Z,2026-10-02,BOS @ WPG,f5a9759e52a784d5fdcc1f3a2fcfc5a2,team_total_alt,under,BOS,2,betmgm,220,-325,oddsapi
2026-10-02T21:05:05Z,2026-10-02,BOS @ WPG,f5a9759e52a784d5fdcc1f3a2fcfc5a2,team_total_alt,over,BOS,2.5,betmgm,-160,115,oddsapi
2026-10-02T21:05:05Z,2026-10-02,BOS @ WPG,f5a9759e52a784d5fdcc1f3a2fcfc5a2,team_total_alt,under,BOS,2.5,betmgm,115,-160,oddsapi
2026-10-02T21:05:05Z,2026-10-02,BOS @ WPG,f5a9759e52a784d5fdcc1f3a2fcfc5a2,team_total_alt,over,BOS,3,betmgm,-105,-135,oddsapi
2026-10-02T21:05:05Z,2026-10-02,BOS @ WPG,f5a9759e52a784d5fdcc1f3a2fcfc5a2,team_total_alt,under,BOS,3,betmgm,-135,-105,oddsapi
2026-10-02T21:05:05Z,2026-10-02,BOS @ WPG,f5a9759e52a784d5fdcc1f3a2fcfc5a2,team_total_alt,over,BOS,3.5,betmgm,140,-200,oddsapi
2026-10-02T21:05:05Z,2026-10-02,BOS @ WPG,f5a9759e52a784d5fdcc1f3a2fcfc5a2,team_total_alt,under,BOS,3.5,betmgm,-200,140,oddsapi
2026-10-02T21:05:05Z,2026-10-02,BOS @ WPG,f5a9759e52a784d5fdcc1f3a2fcfc5a2,team_total_alt,over,BOS,4,betmgm,250,-375,oddsapi
2026-10-02T21:05:05Z,2026-10-02,BOS @ WPG,f5a9759e52a784d5fdcc1f3a2fcfc5a2,team_total_alt,under,BOS,4,betmgm,-375,250,oddsapi
2026-10-02T21:05:05Z,2026-10-02,BOS @ WPG,f5a9759e52a784d5fdcc1f3a2fcfc5a2,team_total_alt,over,BOS,4.5,betmgm,310,-500,oddsapi
2026-10-02T21:05:05Z,2026-10-02,BOS @ WPG,f5a9759e52a784d5fdcc1f3a2fcfc5a2,team_total_alt,under,BOS,4.5,betmgm,-500,310,oddsapi
2026-10-02T21:05:05Z,2026-10-02,BOS @ WPG,f5a9759e52a784d5fdcc1f3a2fcfc5a2,team_total_alt,over,BOS,5,betmgm,600,-1400,oddsapi
2026-10-02T21:05:05Z,2026-10-02,BOS @ WPG,f5a9759e52a784d5fdcc1f3a2fcfc5a2,team_total_alt,under,BOS,5,betmgm,-1400,600,oddsapi
2026-10-02T21:05:05Z,2026-10-02,BOS @ WPG,f5a9759e52a784d5fdcc1f3a2fcfc5a2,team_total_alt,over,WPG,1,betmgm,-3000,825,oddsapi
2026-10-02T21:05:05Z,2026-10-02,BOS @ WPG,f5a9759e52a784d5fdcc1f3a2fcfc5a2,team_total_alt,under,WPG,1,betmgm,825,-3000,oddsapi
2026-10-02T21:05:05Z,2026-10-02,BOS @ WPG,f5a9759e52a784d5fdcc1f3a2fcfc5a2,team_total_alt,over,WPG,1.5,betmgm,-525,320,oddsapi
2026-10-02T21:05:05Z,2026-10-02,BOS @ WPG,f5a9759e52a784d5fdcc1f3a2fcfc5a2,team_total_alt,under,WPG,1.5,betmgm,320,-525,oddsapi
2026-10-02T21:05:05Z,2026-10-02,BOS @ WPG,f5a9759e52a784d5fdcc1f3a2fcfc5a2,team_total_alt,over,WPG,2,betmgm,-375,250,oddsapi
2026-10-02T21:05:05Z,2026-10-02,BOS @ WPG,f5a9759e52a784d5fdcc1f3a2fcfc5a2,team_total_alt,under,WPG,2,betmgm,250,-375,oddsapi
2026-10-02T21:05:05Z,2026-10-02,BOS @ WPG,f5a9759e52a784d5fdcc1f3a2fcfc5a2,team_total_alt,over,WPG,2.5,betmgm,-185,130,oddsapi
2026-10-02T21:05:05Z,2026-10-02,BOS @ WPG,f5a9759e52a784d5fdcc1f3a2fcfc5a2,team_total_alt,under,WPG,2.5,betmgm,130,-185,oddsapi
2026-10-02T21:05:05Z,2026-10-02,BOS @ WPG,f5a9759e52a784d5fdcc1f3a2fcfc5a2,team_total_alt,over,WPG,3,betmgm,-120,-115,oddsapi
2026-10-02T21:05:05Z,2026-10-02,BOS @ WPG,f5a9759e52a784d5fdcc1f3a2fcfc5a2,team_total_alt,under,WPG,3,betmgm,-115,-120,oddsapi
2026-10-02T21:05:05Z,2026-10-02,BOS @ WPG,f5a9759e52a784d5fdcc1f3a2fcfc5a2,team_total_alt,over,WPG,3.5,betmgm,125,-175,oddsapi
2026-10-02T21:05:05Z,2026-10-02,BOS @ WPG,f5a9759e52a784d5fdcc1f3a2fcfc5a2,team_total_alt,under,WPG,3.5,betmgm,-175,125,oddsapi
2026-10-02T21:05:05Z,2026-10-02,BOS @ WPG,f5a9759e52a784d5fdcc1f3a2fcfc5a2,team_total_alt,over,WPG,4,betmgm,220,-325,oddsapi
2026-10-02T21:05:05Z,2026-10-02,BOS @ WPG,f5a9759e52a784d5fdcc1f3a2fcfc5a2,team_total_alt,under,WPG,4,betmgm,-325,220,oddsapi
2026-10-02T21:05:05Z,2026-10-02,BOS @ WPG,f5a9759e52a784d5fdcc1f3a2fcfc5a2,team_total_alt,over,WPG,4.5,betmgm,270,-425,oddsapi
2026-10-02T21:05:05Z,2026-10-02,BOS @ WPG,f5a9759e52a784d5fdcc1f3a2fcfc5a2,team_total_alt,under,WPG,4.5,betmgm,-425,270,oddsapi
2026-10-02T21:05:05Z,2026-10-02,BOS @ WPG,f5a9759e52a784d5fdcc1f3a2fcfc5a2,team_total_alt,over,WPG,5,betmgm,525,-1100,oddsapi
2026-10-02T21:05:05Z,2026-10-02,BOS @ WPG,f5a9759e52a784d5fdcc1f3a2fcfc5a2,team_total_alt,under,WPG,5,betmgm,-1100,525,oddsapi
2026-10-02T21:05:05Z,2026-10-02,BOS @ WPG,f5a9759e52a784d5fdcc1f3a2fcfc5a2,game_ml3,BOS,,,betmgm,155,,oddsapi
2026-10-02T21:05:05Z,2026-10-02,BOS @ WPG,f5a9759e52a784d5fdcc1f3a2fcfc5a2,game_ml3,WPG,,,betmgm,130,,oddsapi
2026-10-02T21:05:05Z,2026-10-02,BOS @ WPG,f5a9759e52a784d5fdcc1f3a2fcfc5a2,game_ml3,draw,,,betmgm,290,,oddsapi
2026-10-02T21:05:05Z,2026-10-02,BOS @ WPG,f5a9759e52a784d5fdcc1f3a2fcfc5a2,p1_ml3,BOS,,,betmgm,180,,oddsapi
2026-10-02T21:05:05Z,2026-10-02,BOS @ WPG,f5a9759e52a784d5fdcc1f3a2fcfc5a2,p1_ml3,WPG,,,betmgm,160,,oddsapi
2026-10-02T21:05:05Z,2026-10-02,BOS @ WPG,f5a9759e52a784d5fdcc1f3a2fcfc5a2,p1_ml3,draw,,,betmgm,170,,oddsapi
2026-10-02T21:05:05Z,2026-10-02,BOS @ WPG,f5a9759e52a784d5fdcc1f3a2fcfc5a2,p2_ml3,BOS,,,betmgm,170,,oddsapi
2026-10-02T21:05:05Z,2026-10-02,BOS @ WPG,f5a9759e52a784d5fdcc1f3a2fcfc5a2,p2_ml3,WPG,,,betmgm,154,,oddsapi
2026-10-02T21:05:05Z,2026-10-02,BOS @ WPG,f5a9759e52a784d5fdcc1f3a2fcfc5a2,p2_ml3,draw,,,betmgm,190,,oddsapi
2026-10-02T21:05:05Z,2026-10-02,BOS @ WPG,f5a9759e52a784d5fdcc1f3a2fcfc5a2,p3_ml3,BOS,,,betmgm,160,,oddsapi
2026-10-02T21:05:05Z,2026-10-02,BOS @ WPG,f5a9759e52a784d5fdcc1f3a2fcfc5a2,p3_ml3,WPG,,,betmgm,140,,oddsapi
2026-10-02T21:05:05Z,2026-10-02,BOS @ WPG,f5a9759e52a784d5fdcc1f3a2fcfc5a2,p3_ml3,draw,,,betmgm,225,,oddsapi
2026-10-02T21:05:05Z,2026-10-02,BOS @ WPG,f5a9759e52a784d5fdcc1f3a2fcfc5a2,p1_ml,BOS,,,betmgm,-105,-125,oddsapi
2026-10-02T21:05:05Z,2026-10-02,BOS @ WPG,f5a9759e52a784d5fdcc1f3a2fcfc5a2,p1_ml,WPG,,,betmgm,-125,-105,oddsapi
2026-10-02T21:05:05Z,2026-10-02,BOS @ WPG,f5a9759e52a784d5fdcc1f3a2fcfc5a2,p2_ml,BOS,,,betmgm,-110,-125,oddsapi
2026-10-02T21:05:05Z,2026-10-02,BOS @ WPG,f5a9759e52a784d5fdcc1f3a2fcfc5a2,p2_ml,WPG,,,betmgm,-125,-110,oddsapi
2026-10-02T21:05:05Z,2026-10-02,BOS @ WPG,f5a9759e52a784d5fdcc1f3a2fcfc5a2,p3_ml,BOS,,,betmgm,-110,-125,oddsapi
2026-10-02T21:05:05Z,2026-10-02,BOS @ WPG,f5a9759e52a784d5fdcc1f3a2fcfc5a2,p3_ml,WPG,,,betmgm,-125,-110,oddsapi
2026-10-02T21:05:05Z,2026-10-02,BOS @ WPG,f5a9759e52a784d5fdcc1f3a2fcfc5a2,ags,yes,David Pastrnak,,betmgm,145,,oddsapi
2026-10-02T21:05:05Z,2026-10-02,BOS @ WPG,f5a9759e52a784d5fdcc1f3a2fcfc5a2,ags,yes,Kyle Connor,,betmgm,170,,oddsapi
2026-10-02T21:05:05Z,2026-10-02,BOS @ WPG,f5a9759e52a784d5fdcc1f3a2fcfc5a2,ags,yes,Mark Scheifele,,betmgm,210,,oddsapi
2026-10-02T21:05:05Z,2026-10-02,BOS @ WPG,f5a9759e52a784d5fdcc1f3a2fcfc5a2,ags,yes,Morgan Geekie,,betmgm,220,,oddsapi
2026-10-02T21:05:05Z,2026-10-02,BOS @ WPG,f5a9759e52a784d5fdcc1f3a2fcfc5a2,ags,yes,JJ Peterka,,betmgm,230,,oddsapi
2026-10-02T21:05:05Z,2026-10-02,BOS @ WPG,f5a9759e52a784d5fdcc1f3a2fcfc5a2,ags,yes,Cole Perfetti,,betmgm,230,,oddsapi
2026-10-02T21:05:05Z,2026-10-02,BOS @ WPG,f5a9759e52a784d5fdcc1f3a2fcfc5a2,ags,yes,Gabriel Vilardi,,betmgm,230,,oddsapi
2026-10-02T21:05:05Z,2026-10-02,BOS @ WPG,f5a9759e52a784d5fdcc1f3a2fcfc5a2,ags,yes,Pavel Zacha,,betmgm,260,,oddsapi
2026-10-02T21:05:05Z,2026-10-02,BOS @ WPG,f5a9759e52a784d5fdcc1f3a2fcfc5a2,ags,yes,Fraser Minten,,betmgm,340,,oddsapi
2026-10-02T21:05:05Z,2026-10-02,BOS @ WPG,f5a9759e52a784d5fdcc1f3a2fcfc5a2,ags,yes,Nino Niederreiter,,betmgm,400,,oddsapi
2026-10-02T21:05:05Z,2026-10-02,BOS @ WPG,f5a9759e52a784d5fdcc1f3a2fcfc5a2,ags,yes,Casey Mittelstadt,,betmgm,400,,oddsapi
2026-10-02T21:05:05Z,2026-10-02,BOS @ WPG,f5a9759e52a784d5fdcc1f3a2fcfc5a2,ags,yes,Isak Rosen,,betmgm,425,,oddsapi
2026-10-02T21:05:05Z,2026-10-02,BOS @ WPG,f5a9759e52a784d5fdcc1f3a2fcfc5a2,ags,yes,James Hagens,,betmgm,425,,oddsapi
2026-10-02T21:05:05Z,2026-10-02,BOS @ WPG,f5a9759e52a784d5fdcc1f3a2fcfc5a2,ags,yes,Elias Lindholm,,betmgm,425,,oddsapi
2026-10-02T21:05:05Z,2026-10-02,BOS @ WPG,f5a9759e52a784d5fdcc1f3a2fcfc5a2,ags,yes,Vladislav Namestnikov,,betmgm,450,,oddsapi
2026-10-02T21:05:05Z,2026-10-02,BOS @ WPG,f5a9759e52a784d5fdcc1f3a2fcfc5a2,ags,yes,Josh Morrissey,,betmgm,475,,oddsapi
2026-10-02T21:05:05Z,2026-10-02,BOS @ WPG,f5a9759e52a784d5fdcc1f3a2fcfc5a2,ags,yes,Alex Iafallo,,betmgm,525,,oddsapi
2026-10-02T21:05:05Z,2026-10-02,BOS @ WPG,f5a9759e52a784d5fdcc1f3a2fcfc5a2,ags,yes,Brad Lambert,,betmgm,525,,oddsapi
2026-10-02T21:05:05Z,2026-10-02,BOS @ WPG,f5a9759e52a784d5fdcc1f3a2fcfc5a2,ags,yes,Adam Lowry,,betmgm,525,,oddsapi
2026-10-02T21:05:05Z,2026-10-02,BOS @ WPG,f5a9759e52a784d5fdcc1f3a2fcfc5a2,ags,yes,Morgan Barron,,betmgm,600,,oddsapi
2026-10-02T21:05:05Z,2026-10-02,BOS @ WPG,f5a9759e52a784d5fdcc1f3a2fcfc5a2,ags,yes,Hampus Lindholm,,betmgm,625,,oddsapi
2026-10-02T21:05:05Z,2026-10-02,BOS @ WPG,f5a9759e52a784d5fdcc1f3a2fcfc5a2,ags,yes,Marat Khusnutdinov,,betmgm,625,,oddsapi
2026-10-02T21:05:05Z,2026-10-02,BOS @ WPG,f5a9759e52a784d5fdcc1f3a2fcfc5a2,ags,yes,Neal Pionk,,betmgm,675,,oddsapi
2026-10-02T21:05:05Z,2026-10-02,BOS @ WPG,f5a9759e52a784d5fdcc1f3a2fcfc5a2,ags,yes,Mark Kastelic,,betmgm,700,,oddsapi
2026-10-02T21:05:05Z,2026-10-02,BOS @ WPG,f5a9759e52a784d5fdcc1f3a2fcfc5a2,ags,yes,Mason Lohrei,,betmgm,725,,oddsapi
2026-10-02T21:05:05Z,2026-10-02,BOS @ WPG,f5a9759e52a784d5fdcc1f3a2fcfc5a2,ags,yes,Tanner Jeannot,,betmgm,750,,oddsapi
2026-10-02T21:05:05Z,2026-10-02,BOS @ WPG,f5a9759e52a784d5fdcc1f3a2fcfc5a2,ags,yes,Sean Kuraly,,betmgm,800,,oddsapi
2026-10-02T21:05:05Z,2026-10-02,BOS @ WPG,f5a9759e52a784d5fdcc1f3a2fcfc5a2,ags,yes,Dylan DeMelo,,betmgm,1250,,oddsapi
2026-10-02T21:05:05Z,2026-10-02,BOS @ WPG,f5a9759e52a784d5fdcc1f3a2fcfc5a2,ags,yes,Nikita Zadorov,,betmgm,1300,,oddsapi
2026-10-02T21:05:05Z,2026-10-02,BOS @ WPG,f5a9759e52a784d5fdcc1f3a2fcfc5a2,ags,yes,Dylan Samberg,,betmgm,1300,,oddsapi
2026-10-02T21:05:05Z,2026-10-02,BOS @ WPG,f5a9759e52a784d5fdcc1f3a2fcfc5a2,ags,yes,Connor Clifton,,betmgm,1300,,oddsapi
2026-10-02T21:05:05Z,2026-10-02,BOS @ WPG,f5a9759e52a784d5fdcc1f3a2fcfc5a2,ags,yes,Jonathan Aspirot,,betmgm,1700,,oddsapi
2026-10-02T21:05:05Z,2026-10-02,BOS @ WPG,f5a9759e52a784d5fdcc1f3a2fcfc5a2,fgs,yes,David Pastrnak,,betmgm,900,,oddsapi
2026-10-02T21:05:05Z,2026-10-02,BOS @ WPG,f5a9759e52a784d5fdcc1f3a2fcfc5a2,fgs,yes,Kyle Connor,,betmgm,1000,,oddsapi
2026-10-02T21:05:05Z,2026-10-02,BOS @ WPG,f5a9759e52a784d5fdcc1f3a2fcfc5a2,fgs,yes,Mark Scheifele,,betmgm,1250,,oddsapi
2026-10-02T21:05:05Z,2026-10-02,BOS @ WPG,f5a9759e52a784d5fdcc1f3a2fcfc5a2,fgs,yes,Morgan Geekie,,betmgm,1400,,oddsapi
2026-10-02T21:05:05Z,2026-10-02,BOS @ WPG,f5a9759e52a784d5fdcc1f3a2fcfc5a2,fgs,yes,Gabriel Vilardi,,betmgm,1450,,oddsapi
2026-10-02T21:05:05Z,2026-10-02,BOS @ WPG,f5a9759e52a784d5fdcc1f3a2fcfc5a2,fgs,yes,Cole Perfetti,,betmgm,1450,,oddsapi
2026-10-02T21:05:05Z,2026-10-02,BOS @ WPG,f5a9759e52a784d5fdcc1f3a2fcfc5a2,fgs,yes,JJ Peterka,,betmgm,1500,,oddsapi
2026-10-02T21:05:05Z,2026-10-02,BOS @ WPG,f5a9759e52a784d5fdcc1f3a2fcfc5a2,fgs,yes,Pavel Zacha,,betmgm,1600,,oddsapi
2026-10-02T21:05:05Z,2026-10-02,BOS @ WPG,f5a9759e52a784d5fdcc1f3a2fcfc5a2,fgs,yes,Fraser Minten,,betmgm,2000,,oddsapi
2026-10-02T21:05:05Z,2026-10-02,BOS @ WPG,f5a9759e52a784d5fdcc1f3a2fcfc5a2,fgs,yes,Casey Mittelstadt,,betmgm,2200,,oddsapi
2026-10-02T21:05:05Z,2026-10-02,BOS @ WPG,f5a9759e52a784d5fdcc1f3a2fcfc5a2,fgs,yes,Nino Niederreiter,,betmgm,2500,,oddsapi
2026-10-02T21:05:05Z,2026-10-02,BOS @ WPG,f5a9759e52a784d5fdcc1f3a2fcfc5a2,fgs,yes,James Hagens,,betmgm,2500,,oddsapi
2026-10-02T21:05:05Z,2026-10-02,BOS @ WPG,f5a9759e52a784d5fdcc1f3a2fcfc5a2,fgs,yes,Isak Rosen,,betmgm,2500,,oddsapi
2026-10-02T21:05:05Z,2026-10-02,BOS @ WPG,f5a9759e52a784d5fdcc1f3a2fcfc5a2,fgs,yes,Elias Lindholm,,betmgm,2500,,oddsapi
2026-10-02T21:05:05Z,2026-10-02,BOS @ WPG,f5a9759e52a784d5fdcc1f3a2fcfc5a2,fgs,yes,Josh Morrissey,,betmgm,2500,,oddsapi
2026-10-02T21:05:05Z,2026-10-02,BOS @ WPG,f5a9759e52a784d5fdcc1f3a2fcfc5a2,fgs,yes,Adam Lowry,,betmgm,2500,,oddsapi
2026-10-02T21:05:05Z,2026-10-02,BOS @ WPG,f5a9759e52a784d5fdcc1f3a2fcfc5a2,fgs,yes,Vladislav Namestnikov,,betmgm,2800,,oddsapi
2026-10-02T21:05:05Z,2026-10-02,BOS @ WPG,f5a9759e52a784d5fdcc1f3a2fcfc5a2,fgs,yes,Brad Lambert,,betmgm,3000,,oddsapi
2026-10-02T21:05:05Z,2026-10-02,BOS @ WPG,f5a9759e52a784d5fdcc1f3a2fcfc5a2,fgs,yes,Alex Iafallo,,betmgm,3000,,oddsapi
2026-10-02T21:05:05Z,2026-10-02,BOS @ WPG,f5a9759e52a784d5fdcc1f3a2fcfc5a2,fgs,yes,Morgan Barron,,betmgm,3300,,oddsapi
2026-10-02T21:05:05Z,2026-10-02,BOS @ WPG,f5a9759e52a784d5fdcc1f3a2fcfc5a2,fgs,yes,Hampus Lindholm,,betmgm,3500,,oddsapi
2026-10-02T21:05:05Z,2026-10-02,BOS @ WPG,f5a9759e52a784d5fdcc1f3a2fcfc5a2,fgs,yes,Marat Khusnutdinov,,betmgm,3500,,oddsapi
2026-10-02T21:05:05Z,2026-10-02,BOS @ WPG,f5a9759e52a784d5fdcc1f3a2fcfc5a2,fgs,yes,Tanner Jeannot,,betmgm,4000,,oddsapi
2026-10-02T21:05:05Z,2026-10-02,BOS @ WPG,f5a9759e52a784d5fdcc1f3a2fcfc5a2,fgs,yes,Mark Kastelic,,betmgm,4000,,oddsapi
2026-10-02T21:05:05Z,2026-10-02,BOS @ WPG,f5a9759e52a784d5fdcc1f3a2fcfc5a2,fgs,yes,Neal Pionk,,betmgm,4000,,oddsapi
2026-10-02T21:05:05Z,2026-10-02,BOS @ WPG,f5a9759e52a784d5fdcc1f3a2fcfc5a2,fgs,yes,Sean Kuraly,,betmgm,4500,,oddsapi
2026-10-02T21:05:05Z,2026-10-02,BOS @ WPG,f5a9759e52a784d5fdcc1f3a2fcfc5a2,fgs,yes,Mason Lohrei,,betmgm,4500,,oddsapi
2026-10-02T21:05:05Z,2026-10-02,BOS @ WPG,f5a9759e52a784d5fdcc1f3a2fcfc5a2,fgs,yes,Connor Clifton,,betmgm,5500,,oddsapi
2026-10-02T21:05:05Z,2026-10-02,BOS @ WPG,f5a9759e52a784d5fdcc1f3a2fcfc5a2,fgs,yes,Dylan Samberg,,betmgm,8000,,oddsapi
2026-10-02T21:05:05Z,2026-10-02,BOS @ WPG,f5a9759e52a784d5fdcc1f3a2fcfc5a2,fgs,yes,Dylan DeMelo,,betmgm,8000,,oddsapi
2026-10-02T21:05:05Z,2026-10-02,BOS @ WPG,f5a9759e52a784d5fdcc1f3a2fcfc5a2,fgs,yes,Nikita Zadorov,,betmgm,8000,,oddsapi
2026-10-02T21:05:05Z,2026-10-02,BOS @ WPG,f5a9759e52a784d5fdcc1f3a2fcfc5a2,fgs,yes,Jonathan Aspirot,,betmgm,12500,,oddsapi
2026-10-02T21:05:05Z,2026-10-02,BOS @ WPG,f5a9759e52a784d5fdcc1f3a2fcfc5a2,p1_pl,BOS,,-1.5,betmgm,600,-1100,oddsapi
2026-10-02T21:05:05Z,2026-10-02,BOS @ WPG,f5a9759e52a784d5fdcc1f3a2fcfc5a2,p1_pl,WPG,,1.5,betmgm,-1100,600,oddsapi
2026-10-02T21:05:05Z,2026-10-02,BOS @ WPG,f5a9759e52a784d5fdcc1f3a2fcfc5a2,p2_pl,BOS,,-1.5,betmgm,500,-1000,oddsapi
2026-10-02T21:05:05Z,2026-10-02,BOS @ WPG,f5a9759e52a784d5fdcc1f3a2fcfc5a2,p2_pl,WPG,,1.5,betmgm,-1000,500,oddsapi
2026-10-02T21:05:05Z,2026-10-02,BOS @ WPG,f5a9759e52a784d5fdcc1f3a2fcfc5a2,p3_pl,BOS,,-1.5,betmgm,425,-750,oddsapi
2026-10-02T21:05:05Z,2026-10-02,BOS @ WPG,f5a9759e52a784d5fdcc1f3a2fcfc5a2,p3_pl,WPG,,1.5,betmgm,-750,425,oddsapi
2026-10-02T21:05:05Z,2026-10-02,BOS @ WPG,f5a9759e52a784d5fdcc1f3a2fcfc5a2,team_total,over,BOS,3,betmgm,-105,-135,oddsapi
2026-10-02T21:05:05Z,2026-10-02,BOS @ WPG,f5a9759e52a784d5fdcc1f3a2fcfc5a2,team_total,under,BOS,3,betmgm,-135,-105,oddsapi
2026-10-02T21:05:05Z,2026-10-02,BOS @ WPG,f5a9759e52a784d5fdcc1f3a2fcfc5a2,team_total,over,WPG,3,betmgm,-120,-115,oddsapi
2026-10-02T21:05:05Z,2026-10-02,BOS @ WPG,f5a9759e52a784d5fdcc1f3a2fcfc5a2,team_total,under,WPG,3,betmgm,-115,-120,oddsapi
2026-10-02T21:05:05Z,2026-10-02,BOS @ WPG,f5a9759e52a784d5fdcc1f3a2fcfc5a2,p1_total,over,,2.5,betmgm,250,-350,oddsapi
2026-10-02T21:05:05Z,2026-10-02,BOS @ WPG,f5a9759e52a784d5fdcc1f3a2fcfc5a2,p1_total,under,,2.5,betmgm,-350,250,oddsapi
2026-10-02T21:05:05Z,2026-10-02,BOS @ WPG,f5a9759e52a784d5fdcc1f3a2fcfc5a2,p2_total,over,,3,betmgm,350,-600,oddsapi
2026-10-02T21:05:05Z,2026-10-02,BOS @ WPG,f5a9759e52a784d5fdcc1f3a2fcfc5a2,p2_total,under,,3,betmgm,-600,350,oddsapi
2026-10-02T21:05:05Z,2026-10-02,BOS @ WPG,f5a9759e52a784d5fdcc1f3a2fcfc5a2,p3_total,over,,3,betmgm,300,-475,oddsapi
2026-10-02T21:05:05Z,2026-10-02,BOS @ WPG,f5a9759e52a784d5fdcc1f3a2fcfc5a2,p3_total,under,,3,betmgm,-475,300,oddsapi
2026-10-02T21:05:05Z,2026-10-02,BOS @ WPG,f5a9759e52a784d5fdcc1f3a2fcfc5a2,game_ml3,BOS,,,fanatics,150,,oddsapi
2026-10-02T21:05:05Z,2026-10-02,BOS @ WPG,f5a9759e52a784d5fdcc1f3a2fcfc5a2,game_ml3,WPG,,,fanatics,130,,oddsapi
2026-10-02T21:05:05Z,2026-10-02,BOS @ WPG,f5a9759e52a784d5fdcc1f3a2fcfc5a2,game_ml3,draw,,,fanatics,280,,oddsapi
2026-10-02T21:05:05Z,2026-10-02,BOS @ WPG,f5a9759e52a784d5fdcc1f3a2fcfc5a2,ags,yes,Dylan DeMelo,,fanatics,1800,,oddsapi
2026-10-02T21:05:05Z,2026-10-02,BOS @ WPG,f5a9759e52a784d5fdcc1f3a2fcfc5a2,ags,yes,Neal Pionk,,fanatics,800,,oddsapi
2026-10-02T21:05:05Z,2026-10-02,BOS @ WPG,f5a9759e52a784d5fdcc1f3a2fcfc5a2,ags,yes,Vladislav Namestnikov,,fanatics,475,,oddsapi
2026-10-02T21:05:05Z,2026-10-02,BOS @ WPG,f5a9759e52a784d5fdcc1f3a2fcfc5a2,ags,yes,Alex Iafallo,,fanatics,600,,oddsapi
2026-10-02T21:05:05Z,2026-10-02,BOS @ WPG,f5a9759e52a784d5fdcc1f3a2fcfc5a2,ags,yes,Gabriel Vilardi,,fanatics,230,,oddsapi
2026-10-02T21:05:05Z,2026-10-02,BOS @ WPG,f5a9759e52a784d5fdcc1f3a2fcfc5a2,ags,yes,Adam Lowry,,fanatics,575,,oddsapi
2026-10-02T21:05:05Z,2026-10-02,BOS @ WPG,f5a9759e52a784d5fdcc1f3a2fcfc5a2,ags,yes,Morgan Barron,,fanatics,700,,oddsapi
2026-10-02T21:05:05Z,2026-10-02,BOS @ WPG,f5a9759e52a784d5fdcc1f3a2fcfc5a2,ags,yes,Josh Morrissey,,fanatics,575,,oddsapi
2026-10-02T21:05:05Z,2026-10-02,BOS @ WPG,f5a9759e52a784d5fdcc1f3a2fcfc5a2,ags,yes,Dylan Samberg,,fanatics,2000,,oddsapi
2026-10-02T21:05:05Z,2026-10-02,BOS @ WPG,f5a9759e52a784d5fdcc1f3a2fcfc5a2,ags,yes,Mark Scheifele,,fanatics,220,,oddsapi
2026-10-02T21:05:05Z,2026-10-02,BOS @ WPG,f5a9759e52a784d5fdcc1f3a2fcfc5a2,ags,yes,Nino Niederreiter,,fanatics,430,,oddsapi
2026-10-02T21:05:05Z,2026-10-02,BOS @ WPG,f5a9759e52a784d5fdcc1f3a2fcfc5a2,ags,yes,Kyle Connor,,fanatics,165,,oddsapi
2026-10-02T21:05:05Z,2026-10-02,BOS @ WPG,f5a9759e52a784d5fdcc1f3a2fcfc5a2,ags,yes,Isak Rosen,,fanatics,475,,oddsapi
2026-10-02T21:05:05Z,2026-10-02,BOS @ WPG,f5a9759e52a784d5fdcc1f3a2fcfc5a2,ags,yes,Cole Perfetti,,fanatics,230,,oddsapi
2026-10-02T21:05:05Z,2026-10-02,BOS @ WPG,f5a9759e52a784d5fdcc1f3a2fcfc5a2,ags,yes,Brad Lambert,,fanatics,575,,oddsapi
2026-10-02T21:05:05Z,2026-10-02,BOS @ WPG,f5a9759e52a784d5fdcc1f3a2fcfc5a2,ags,yes,Tanner Jeannot,,fanatics,900,,oddsapi
2026-10-02T21:05:05Z,2026-10-02,BOS @ WPG,f5a9759e52a784d5fdcc1f3a2fcfc5a2,ags,yes,Mason Lohrei,,fanatics,900,,oddsapi
2026-10-02T21:05:05Z,2026-10-02,BOS @ WPG,f5a9759e52a784d5fdcc1f3a2fcfc5a2,ags,yes,Pavel Zacha,,fanatics,260,,oddsapi
2026-10-02T21:05:05Z,2026-10-02,BOS @ WPG,f5a9759e52a784d5fdcc1f3a2fcfc5a2,ags,yes,Hampus Lindholm,,fanatics,800,,oddsapi
2026-10-02T21:05:05Z,2026-10-02,BOS @ WPG,f5a9759e52a784d5fdcc1f3a2fcfc5a2,ags,yes,Morgan Geekie,,fanatics,230,,oddsapi
2026-10-02T21:05:05Z,2026-10-02,BOS @ WPG,f5a9759e52a784d5fdcc1f3a2fcfc5a2,ags,yes,David Pastrnak,,fanatics,135,,oddsapi
2026-10-02T21:05:05Z,2026-10-02,BOS @ WPG,f5a9759e52a784d5fdcc1f3a2fcfc5a2,ags,yes,Casey Mittelstadt,,fanatics,430,,oddsapi
2026-10-02T21:05:05Z,2026-10-02,BOS @ WPG,f5a9759e52a784d5fdcc1f3a2fcfc5a2,ags,yes,Connor Clifton,,fanatics,1200,,oddsapi
2026-10-02T21:05:05Z,2026-10-02,BOS @ WPG,f5a9759e52a784d5fdcc1f3a2fcfc5a2,ags,yes,JJ Peterka,,fanatics,250,,oddsapi
2026-10-02T21:05:05Z,2026-10-02,BOS @ WPG,f5a9759e52a784d5fdcc1f3a2fcfc5a2,ags,yes,Mark Kastelic,,fanatics,850,,oddsapi
2026-10-02T21:05:05Z,2026-10-02,BOS @ WPG,f5a9759e52a784d5fdcc1f3a2fcfc5a2,ags,yes,Sean Kuraly,,fanatics,850,,oddsapi
2026-10-02T21:05:05Z,2026-10-02,BOS @ WPG,f5a9759e52a784d5fdcc1f3a2fcfc5a2,ags,yes,Nikita Zadorov,,fanatics,2000,,oddsapi
2026-10-02T21:05:05Z,2026-10-02,BOS @ WPG,f5a9759e52a784d5fdcc1f3a2fcfc5a2,ags,yes,Elias Lindholm,,fanatics,430,,oddsapi
2026-10-02T21:05:05Z,2026-10-02,BOS @ WPG,f5a9759e52a784d5fdcc1f3a2fcfc5a2,ags,yes,Jonathan Aspirot,,fanatics,3000,,oddsapi
2026-10-02T21:05:05Z,2026-10-02,BOS @ WPG,f5a9759e52a784d5fdcc1f3a2fcfc5a2,ags,yes,Fraser Minten,,fanatics,360,,oddsapi
2026-10-02T21:05:05Z,2026-10-02,BOS @ WPG,f5a9759e52a784d5fdcc1f3a2fcfc5a2,ags,yes,Marat Khusnutdinov,,fanatics,700,,oddsapi
2026-10-02T21:05:05Z,2026-10-02,BOS @ WPG,f5a9759e52a784d5fdcc1f3a2fcfc5a2,ags,yes,James Hagens,,fanatics,410,,oddsapi
2026-10-02T21:05:05Z,2026-10-02,BOS @ WPG,f5a9759e52a784d5fdcc1f3a2fcfc5a2,fgs,yes,Dylan DeMelo,,fanatics,8000,,oddsapi
2026-10-02T21:05:05Z,2026-10-02,BOS @ WPG,f5a9759e52a784d5fdcc1f3a2fcfc5a2,fgs,yes,Neal Pionk,,fanatics,3500,,oddsapi
2026-10-02T21:05:05Z,2026-10-02,BOS @ WPG,f5a9759e52a784d5fdcc1f3a2fcfc5a2,fgs,yes,Vladislav Namestnikov,,fanatics,2200,,oddsapi
2026-10-02T21:05:05Z,2026-10-02,BOS @ WPG,f5a9759e52a784d5fdcc1f3a2fcfc5a2,fgs,yes,Alex Iafallo,,fanatics,2800,,oddsapi
2026-10-02T21:05:05Z,2026-10-02,BOS @ WPG,f5a9759e52a784d5fdcc1f3a2fcfc5a2,fgs,yes,Gabriel Vilardi,,fanatics,1200,,oddsapi
2026-10-02T21:05:05Z,2026-10-02,BOS @ WPG,f5a9759e52a784d5fdcc1f3a2fcfc5a2,fgs,yes,Adam Lowry,,fanatics,2500,,oddsapi
2026-10-02T21:05:05Z,2026-10-02,BOS @ WPG,f5a9759e52a784d5fdcc1f3a2fcfc5a2,fgs,yes,Morgan Barron,,fanatics,3000,,oddsapi
2026-10-02T21:05:05Z,2026-10-02,BOS @ WPG,f5a9759e52a784d5fdcc1f3a2fcfc5a2,fgs,yes,Josh Morrissey,,fanatics,2500,,oddsapi
2026-10-02T21:05:05Z,2026-10-02,BOS @ WPG,f5a9759e52a784d5fdcc1f3a2fcfc5a2,fgs,yes,Dylan Samberg,,fanatics,8000,,oddsapi
2026-10-02T21:05:05Z,2026-10-02,BOS @ WPG,f5a9759e52a784d5fdcc1f3a2fcfc5a2,fgs,yes,Mark Scheifele,,fanatics,1300,,oddsapi
2026-10-02T21:05:05Z,2026-10-02,BOS @ WPG,f5a9759e52a784d5fdcc1f3a2fcfc5a2,fgs,yes,Nino Niederreiter,,fanatics,1900,,oddsapi
2026-10-02T21:05:05Z,2026-10-02,BOS @ WPG,f5a9759e52a784d5fdcc1f3a2fcfc5a2,fgs,yes,Kyle Connor,,fanatics,900,,oddsapi
2026-10-02T21:05:05Z,2026-10-02,BOS @ WPG,f5a9759e52a784d5fdcc1f3a2fcfc5a2,fgs,yes,Isak Rosen,,fanatics,2200,,oddsapi
2026-10-02T21:05:05Z,2026-10-02,BOS @ WPG,f5a9759e52a784d5fdcc1f3a2fcfc5a2,fgs,yes,Cole Perfetti,,fanatics,1200,,oddsapi
2026-10-02T21:05:05Z,2026-10-02,BOS @ WPG,f5a9759e52a784d5fdcc1f3a2fcfc5a2,fgs,yes,Brad Lambert,,fanatics,2500,,oddsapi
2026-10-02T21:05:05Z,2026-10-02,BOS @ WPG,f5a9759e52a784d5fdcc1f3a2fcfc5a2,fgs,yes,Tanner Jeannot,,fanatics,4000,,oddsapi
2026-10-02T21:05:05Z,2026-10-02,BOS @ WPG,f5a9759e52a784d5fdcc1f3a2fcfc5a2,fgs,yes,Mason Lohrei,,fanatics,3500,,oddsapi
2026-10-02T21:05:05Z,2026-10-02,BOS @ WPG,f5a9759e52a784d5fdcc1f3a2fcfc5a2,fgs,yes,Pavel Zacha,,fanatics,1300,,oddsapi
2026-10-02T21:05:05Z,2026-10-02,BOS @ WPG,f5a9759e52a784d5fdcc1f3a2fcfc5a2,fgs,yes,Hampus Lindholm,,fanatics,3500,,oddsapi
2026-10-02T21:05:05Z,2026-10-02,BOS @ WPG,f5a9759e52a784d5fdcc1f3a2fcfc5a2,fgs,yes,Morgan Geekie,,fanatics,1300,,oddsapi
2026-10-02T21:05:05Z,2026-10-02,BOS @ WPG,f5a9759e52a784d5fdcc1f3a2fcfc5a2,fgs,yes,David Pastrnak,,fanatics,900,,oddsapi
2026-10-02T21:05:05Z,2026-10-02,BOS @ WPG,f5a9759e52a784d5fdcc1f3a2fcfc5a2,fgs,yes,Casey Mittelstadt,,fanatics,1900,,oddsapi
2026-10-02T21:05:05Z,2026-10-02,BOS @ WPG,f5a9759e52a784d5fdcc1f3a2fcfc5a2,fgs,yes,Connor Clifton,,fanatics,5000,,oddsapi
2026-10-02T21:05:05Z,2026-10-02,BOS @ WPG,f5a9759e52a784d5fdcc1f3a2fcfc5a2,fgs,yes,JJ Peterka,,fanatics,1300,,oddsapi
2026-10-02T21:05:05Z,2026-10-02,BOS @ WPG,f5a9759e52a784d5fdcc1f3a2fcfc5a2,fgs,yes,Mark Kastelic,,fanatics,3500,,oddsapi
2026-10-02T21:05:05Z,2026-10-02,BOS @ WPG,f5a9759e52a784d5fdcc1f3a2fcfc5a2,fgs,yes,Sean Kuraly,,fanatics,3500,,oddsapi
2026-10-02T21:05:05Z,2026-10-02,BOS @ WPG,f5a9759e52a784d5fdcc1f3a2fcfc5a2,fgs,yes,Nikita Zadorov,,fanatics,8000,,oddsapi
2026-10-02T21:05:05Z,2026-10-02,BOS @ WPG,f5a9759e52a784d5fdcc1f3a2fcfc5a2,fgs,yes,Elias Lindholm,,fanatics,1900,,oddsapi
2026-10-02T21:05:05Z,2026-10-02,BOS @ WPG,f5a9759e52a784d5fdcc1f3a2fcfc5a2,fgs,yes,Jonathan Aspirot,,fanatics,10000,,oddsapi
2026-10-02T21:05:05Z,2026-10-02,BOS @ WPG,f5a9759e52a784d5fdcc1f3a2fcfc5a2,fgs,yes,Fraser Minten,,fanatics,1700,,oddsapi
2026-10-02T21:05:05Z,2026-10-02,BOS @ WPG,f5a9759e52a784d5fdcc1f3a2fcfc5a2,fgs,yes,Marat Khusnutdinov,,fanatics,3000,,oddsapi
2026-10-02T21:05:05Z,2026-10-02,BOS @ WPG,f5a9759e52a784d5fdcc1f3a2fcfc5a2,fgs,yes,James Hagens,,fanatics,1900,,oddsapi
2026-10-02T21:05:05Z,2026-10-02,BOS @ WPG,f5a9759e52a784d5fdcc1f3a2fcfc5a2,fgs,yes,No 1st Goal,,fanatics,15000,,oddsapi
2026-10-02T21:05:05Z,2026-10-02,BOS @ WPG,f5a9759e52a784d5fdcc1f3a2fcfc5a2,team_total,over,BOS,1.5,fanatics,-475,320,oddsapi
2026-10-02T21:05:05Z,2026-10-02,BOS @ WPG,f5a9759e52a784d5fdcc1f3a2fcfc5a2,team_total,under,BOS,1.5,fanatics,320,-475,oddsapi
2026-10-02T21:05:05Z,2026-10-02,BOS @ WPG,f5a9759e52a784d5fdcc1f3a2fcfc5a2,team_total,over,WPG,2.5,fanatics,-180,135,oddsapi
2026-10-02T21:05:05Z,2026-10-02,BOS @ WPG,f5a9759e52a784d5fdcc1f3a2fcfc5a2,team_total,under,WPG,2.5,fanatics,135,-180,oddsapi
2026-10-02T21:05:05Z,2026-10-02,BOS @ WPG,f5a9759e52a784d5fdcc1f3a2fcfc5a2,team_total_alt,over,BOS,1.5,betrivers,-560,330,oddsapi
2026-10-02T21:05:05Z,2026-10-02,BOS @ WPG,f5a9759e52a784d5fdcc1f3a2fcfc5a2,team_total_alt,under,BOS,1.5,betrivers,330,-560,oddsapi
2026-10-02T21:05:05Z,2026-10-02,BOS @ WPG,f5a9759e52a784d5fdcc1f3a2fcfc5a2,team_total_alt,over,BOS,4.5,betrivers,370,-625,oddsapi
2026-10-02T21:05:05Z,2026-10-02,BOS @ WPG,f5a9759e52a784d5fdcc1f3a2fcfc5a2,team_total_alt,under,BOS,4.5,betrivers,-625,370,oddsapi
2026-10-02T21:05:05Z,2026-10-02,BOS @ WPG,f5a9759e52a784d5fdcc1f3a2fcfc5a2,team_total_alt,over,BOS,2.5,betrivers,-167,123,oddsapi
2026-10-02T21:05:05Z,2026-10-02,BOS @ WPG,f5a9759e52a784d5fdcc1f3a2fcfc5a2,team_total_alt,under,BOS,2.5,betrivers,123,-167,oddsapi
2026-10-02T21:05:05Z,2026-10-02,BOS @ WPG,f5a9759e52a784d5fdcc1f3a2fcfc5a2,team_total_alt,over,BOS,3.5,betrivers,155,-215,oddsapi
2026-10-02T21:05:05Z,2026-10-02,BOS @ WPG,f5a9759e52a784d5fdcc1f3a2fcfc5a2,team_total_alt,under,BOS,3.5,betrivers,-215,155,oddsapi
2026-10-02T21:05:05Z,2026-10-02,BOS @ WPG,f5a9759e52a784d5fdcc1f3a2fcfc5a2,team_total_alt,over,WPG,4.5,betrivers,300,-480,oddsapi
2026-10-02T21:05:05Z,2026-10-02,BOS @ WPG,f5a9759e52a784d5fdcc1f3a2fcfc5a2,team_total_alt,under,WPG,4.5,betrivers,-480,300,oddsapi
2026-10-02T21:05:05Z,2026-10-02,BOS @ WPG,f5a9759e52a784d5fdcc1f3a2fcfc5a2,team_total_alt,over,WPG,3.5,betrivers,133,-182,oddsapi
2026-10-02T21:05:05Z,2026-10-02,BOS @ WPG,f5a9759e52a784d5fdcc1f3a2fcfc5a2,team_total_alt,under,WPG,3.5,betrivers,-182,133,oddsapi
2026-10-02T21:05:05Z,2026-10-02,BOS @ WPG,f5a9759e52a784d5fdcc1f3a2fcfc5a2,team_total_alt,over,WPG,1.5,betrivers,-590,360,oddsapi
2026-10-02T21:05:05Z,2026-10-02,BOS @ WPG,f5a9759e52a784d5fdcc1f3a2fcfc5a2,team_total_alt,under,WPG,1.5,betrivers,360,-590,oddsapi
2026-10-02T21:05:05Z,2026-10-02,BOS @ WPG,f5a9759e52a784d5fdcc1f3a2fcfc5a2,team_total_alt,over,WPG,2.5,betrivers,-190,135,oddsapi
2026-10-02T21:05:05Z,2026-10-02,BOS @ WPG,f5a9759e52a784d5fdcc1f3a2fcfc5a2,team_total_alt,under,WPG,2.5,betrivers,135,-190,oddsapi
2026-10-02T21:05:05Z,2026-10-02,BOS @ WPG,f5a9759e52a784d5fdcc1f3a2fcfc5a2,game_ml3,BOS,,,betrivers,160,,oddsapi
2026-10-02T21:05:05Z,2026-10-02,BOS @ WPG,f5a9759e52a784d5fdcc1f3a2fcfc5a2,game_ml3,WPG,,,betrivers,138,,oddsapi
2026-10-02T21:05:05Z,2026-10-02,BOS @ WPG,f5a9759e52a784d5fdcc1f3a2fcfc5a2,game_ml3,draw,,,betrivers,290,,oddsapi
2026-10-02T21:05:05Z,2026-10-02,BOS @ WPG,f5a9759e52a784d5fdcc1f3a2fcfc5a2,p1_ml3,BOS,,,betrivers,190,,oddsapi
2026-10-02T21:05:05Z,2026-10-02,BOS @ WPG,f5a9759e52a784d5fdcc1f3a2fcfc5a2,p1_ml3,WPG,,,betrivers,163,,oddsapi
2026-10-02T21:05:05Z,2026-10-02,BOS @ WPG,f5a9759e52a784d5fdcc1f3a2fcfc5a2,p1_ml3,draw,,,betrivers,185,,oddsapi
2026-10-02T21:05:05Z,2026-10-02,BOS @ WPG,f5a9759e52a784d5fdcc1f3a2fcfc5a2,p2_ml3,BOS,,,betrivers,175,,oddsapi
2026-10-02T21:05:05Z,2026-10-02,BOS @ WPG,f5a9759e52a784d5fdcc1f3a2fcfc5a2,p2_ml3,WPG,,,betrivers,163,,oddsapi
2026-10-02T21:05:05Z,2026-10-02,BOS @ WPG,f5a9759e52a784d5fdcc1f3a2fcfc5a2,p2_ml3,draw,,,betrivers,200,,oddsapi
2026-10-02T21:05:05Z,2026-10-02,BOS @ WPG,f5a9759e52a784d5fdcc1f3a2fcfc5a2,p3_ml3,BOS,,,betrivers,165,,oddsapi
2026-10-02T21:05:05Z,2026-10-02,BOS @ WPG,f5a9759e52a784d5fdcc1f3a2fcfc5a2,p3_ml3,WPG,,,betrivers,160,,oddsapi
2026-10-02T21:05:05Z,2026-10-02,BOS @ WPG,f5a9759e52a784d5fdcc1f3a2fcfc5a2,p3_ml3,draw,,,betrivers,215,,oddsapi
2026-10-02T21:05:05Z,2026-10-02,BOS @ WPG,f5a9759e52a784d5fdcc1f3a2fcfc5a2,ags,yes,Mason Lohrei,,betrivers,600,,oddsapi
2026-10-02T21:05:05Z,2026-10-02,BOS @ WPG,f5a9759e52a784d5fdcc1f3a2fcfc5a2,ags,yes,Mark Kastelic,,betrivers,700,,oddsapi
2026-10-02T21:05:05Z,2026-10-02,BOS @ WPG,f5a9759e52a784d5fdcc1f3a2fcfc5a2,ags,yes,Alex Iafallo,,betrivers,410,,oddsapi
2026-10-02T21:05:05Z,2026-10-02,BOS @ WPG,f5a9759e52a784d5fdcc1f3a2fcfc5a2,ags,yes,Jonathan Aspirot,,betrivers,950,,oddsapi
2026-10-02T21:05:05Z,2026-10-02,BOS @ WPG,f5a9759e52a784d5fdcc1f3a2fcfc5a2,ags,yes,Hampus Lindholm,,betrivers,650,,oddsapi
2026-10-02T21:05:05Z,2026-10-02,BOS @ WPG,f5a9759e52a784d5fdcc1f3a2fcfc5a2,ags,yes,Connor Clifton,,betrivers,700,,oddsapi
2026-10-02T21:05:05Z,2026-10-02,BOS @ WPG,f5a9759e52a784d5fdcc1f3a2fcfc5a2,ags,yes,Casey Mittelstadt,,betrivers,370,,oddsapi
2026-10-02T21:05:05Z,2026-10-02,BOS @ WPG,f5a9759e52a784d5fdcc1f3a2fcfc5a2,ags,yes,Vladislav Namestnikov,,betrivers,575,,oddsapi
2026-10-02T21:05:05Z,2026-10-02,BOS @ WPG,f5a9759e52a784d5fdcc1f3a2fcfc5a2,ags,yes,Gabriel Vilardi,,betrivers,215,,oddsapi
2026-10-02T21:05:05Z,2026-10-02,BOS @ WPG,f5a9759e52a784d5fdcc1f3a2fcfc5a2,ags,yes,Mark Scheifele,,betrivers,225,,oddsapi
2026-10-02T21:05:05Z,2026-10-02,BOS @ WPG,f5a9759e52a784d5fdcc1f3a2fcfc5a2,ags,yes,Morgan Barron,,betrivers,400,,oddsapi
2026-10-02T21:05:05Z,2026-10-02,BOS @ WPG,f5a9759e52a784d5fdcc1f3a2fcfc5a2,ags,yes,JJ Peterka,,betrivers,225,,oddsapi
2026-10-02T21:05:05Z,2026-10-02,BOS @ WPG,f5a9759e52a784d5fdcc1f3a2fcfc5a2,ags,yes,Morgan Geekie,,betrivers,220,,oddsapi
2026-10-02T21:05:05Z,2026-10-02,BOS @ WPG,f5a9759e52a784d5fdcc1f3a2fcfc5a2,ags,yes,Tanner Jeannot,,betrivers,650,,oddsapi
2026-10-02T21:05:05Z,2026-10-02,BOS @ WPG,f5a9759e52a784d5fdcc1f3a2fcfc5a2,ags,yes,Kyle Connor,,betrivers,163,,oddsapi
2026-10-02T21:05:05Z,2026-10-02,BOS @ WPG,f5a9759e52a784d5fdcc1f3a2fcfc5a2,ags,yes,Fraser Minten,,betrivers,370,,oddsapi
2026-10-02T21:05:05Z,2026-10-02,BOS @ WPG,f5a9759e52a784d5fdcc1f3a2fcfc5a2,ags,yes,Elias Lindholm,,betrivers,430,,oddsapi
2026-10-02T21:05:05Z,2026-10-02,BOS @ WPG,f5a9759e52a784d5fdcc1f3a2fcfc5a2,ags,yes,Dylan Samberg,,betrivers,850,,oddsapi
2026-10-02T21:05:05Z,2026-10-02,BOS @ WPG,f5a9759e52a784d5fdcc1f3a2fcfc5a2,ags,yes,Isak Rosen,,betrivers,500,,oddsapi
2026-10-02T21:05:05Z,2026-10-02,BOS @ WPG,f5a9759e52a784d5fdcc1f3a2fcfc5a2,ags,yes,Pavel Zacha,,betrivers,295,,oddsapi
2026-10-02T21:05:05Z,2026-10-02,BOS @ WPG,f5a9759e52a784d5fdcc1f3a2fcfc5a2,ags,yes,Cole Perfetti,,betrivers,250,,oddsapi
2026-10-02T21:05:05Z,2026-10-02,BOS @ WPG,f5a9759e52a784d5fdcc1f3a2fcfc5a2,ags,yes,Neal Pionk,,betrivers,650,,oddsapi
2026-10-02T21:05:05Z,2026-10-02,BOS @ WPG,f5a9759e52a784d5fdcc1f3a2fcfc5a2,ags,yes,Marat Khusnutdinov,,betrivers,700,,oddsapi
2026-10-02T21:05:05Z,2026-10-02,BOS @ WPG,f5a9759e52a784d5fdcc1f3a2fcfc5a2,ags,yes,Nino Niederreiter,,betrivers,400,,oddsapi
2026-10-02T21:05:05Z,2026-10-02,BOS @ WPG,f5a9759e52a784d5fdcc1f3a2fcfc5a2,ags,yes,Sean Kuraly,,betrivers,800,,oddsapi
2026-10-02T21:05:05Z,2026-10-02,BOS @ WPG,f5a9759e52a784d5fdcc1f3a2fcfc5a2,ags,yes,David Pastrnak,,betrivers,138,,oddsapi
2026-10-02T21:05:05Z,2026-10-02,BOS @ WPG,f5a9759e52a784d5fdcc1f3a2fcfc5a2,ags,yes,Brad Lambert,,betrivers,650,,oddsapi
2026-10-02T21:05:05Z,2026-10-02,BOS @ WPG,f5a9759e52a784d5fdcc1f3a2fcfc5a2,ags,yes,James Hagens,,betrivers,475,,oddsapi
2026-10-02T21:05:05Z,2026-10-02,BOS @ WPG,f5a9759e52a784d5fdcc1f3a2fcfc5a2,ags,yes,Josh Morrissey,,betrivers,410,,oddsapi
2026-10-02T21:05:05Z,2026-10-02,BOS @ WPG,f5a9759e52a784d5fdcc1f3a2fcfc5a2,ags,yes,Adam Lowry,,betrivers,650,,oddsapi
2026-10-02T21:05:05Z,2026-10-02,BOS @ WPG,f5a9759e52a784d5fdcc1f3a2fcfc5a2,ags,yes,Dylan DeMelo,,betrivers,800,,oddsapi
2026-10-02T21:05:05Z,2026-10-02,BOS @ WPG,f5a9759e52a784d5fdcc1f3a2fcfc5a2,ags,yes,Nikita Zadorov,,betrivers,800,,oddsapi
2026-10-02T21:05:05Z,2026-10-02,BOS @ WPG,f5a9759e52a784d5fdcc1f3a2fcfc5a2,fgs,yes,Elias Lindholm,,betrivers,1700,,oddsapi
2026-10-02T21:05:05Z,2026-10-02,BOS @ WPG,f5a9759e52a784d5fdcc1f3a2fcfc5a2,fgs,yes,James Hagens,,betrivers,1900,,oddsapi
2026-10-02T21:05:05Z,2026-10-02,BOS @ WPG,f5a9759e52a784d5fdcc1f3a2fcfc5a2,fgs,yes,Casey Mittelstadt,,betrivers,1500,,oddsapi
2026-10-02T21:05:05Z,2026-10-02,BOS @ WPG,f5a9759e52a784d5fdcc1f3a2fcfc5a2,fgs,yes,Fraser Minten,,betrivers,1600,,oddsapi
2026-10-02T21:05:05Z,2026-10-02,BOS @ WPG,f5a9759e52a784d5fdcc1f3a2fcfc5a2,fgs,yes,Alex Iafallo,,betrivers,1600,,oddsapi
2026-10-02T21:05:05Z,2026-10-02,BOS @ WPG,f5a9759e52a784d5fdcc1f3a2fcfc5a2,fgs,yes,Isak Rosen,,betrivers,1900,,oddsapi
2026-10-02T21:05:05Z,2026-10-02,BOS @ WPG,f5a9759e52a784d5fdcc1f3a2fcfc5a2,fgs,yes,JJ Peterka,,betrivers,1000,,oddsapi
2026-10-02T21:05:05Z,2026-10-02,BOS @ WPG,f5a9759e52a784d5fdcc1f3a2fcfc5a2,fgs,yes,Gabriel Vilardi,,betrivers,900,,oddsapi
2026-10-02T21:05:05Z,2026-10-02,BOS @ WPG,f5a9759e52a784d5fdcc1f3a2fcfc5a2,fgs,yes,Marat Khusnutdinov,,betrivers,3300,,oddsapi
2026-10-02T21:05:05Z,2026-10-02,BOS @ WPG,f5a9759e52a784d5fdcc1f3a2fcfc5a2,fgs,yes,David Pastrnak,,betrivers,650,,oddsapi
2026-10-02T21:05:05Z,2026-10-02,BOS @ WPG,f5a9759e52a784d5fdcc1f3a2fcfc5a2,fgs,yes,Josh Morrissey,,betrivers,1600,,oddsapi
2026-10-02T21:05:05Z,2026-10-02,BOS @ WPG,f5a9759e52a784d5fdcc1f3a2fcfc5a2,fgs,yes,Nino Niederreiter,,betrivers,1500,,oddsapi
2026-10-02T21:05:05Z,2026-10-02,BOS @ WPG,f5a9759e52a784d5fdcc1f3a2fcfc5a2,fgs,yes,Dylan DeMelo,,betrivers,3500,,oddsapi
2026-10-02T21:05:05Z,2026-10-02,BOS @ WPG,f5a9759e52a784d5fdcc1f3a2fcfc5a2,fgs,yes,Brad Lambert,,betrivers,2800,,oddsapi
2026-10-02T21:05:05Z,2026-10-02,BOS @ WPG,f5a9759e52a784d5fdcc1f3a2fcfc5a2,fgs,yes,Morgan Barron,,betrivers,1500,,oddsapi
2026-10-02T21:05:05Z,2026-10-02,BOS @ WPG,f5a9759e52a784d5fdcc1f3a2fcfc5a2,fgs,yes,Neal Pionk,,betrivers,2500,,oddsapi
2026-10-02T21:05:05Z,2026-10-02,BOS @ WPG,f5a9759e52a784d5fdcc1f3a2fcfc5a2,fgs,yes,Mark Kastelic,,betrivers,2800,,oddsapi
2026-10-02T21:05:05Z,2026-10-02,BOS @ WPG,f5a9759e52a784d5fdcc1f3a2fcfc5a2,fgs,yes,Connor Clifton,,betrivers,2900,,oddsapi
2026-10-02T21:05:05Z,2026-10-02,BOS @ WPG,f5a9759e52a784d5fdcc1f3a2fcfc5a2,fgs,yes,Nikita Zadorov,,betrivers,3500,,oddsapi
2026-10-02T21:05:05Z,2026-10-02,BOS @ WPG,f5a9759e52a784d5fdcc1f3a2fcfc5a2,fgs,yes,Hampus Lindholm,,betrivers,2800,,oddsapi
2026-10-02T21:05:05Z,2026-10-02,BOS @ WPG,f5a9759e52a784d5fdcc1f3a2fcfc5a2,fgs,yes,Morgan Geekie,,betrivers,1000,,oddsapi
2026-10-02T21:05:05Z,2026-10-02,BOS @ WPG,f5a9759e52a784d5fdcc1f3a2fcfc5a2,fgs,yes,Pavel Zacha,,betrivers,1200,,oddsapi
2026-10-02T21:05:05Z,2026-10-02,BOS @ WPG,f5a9759e52a784d5fdcc1f3a2fcfc5a2,fgs,yes,Dylan Samberg,,betrivers,3500,,oddsapi
2026-10-02T21:05:05Z,2026-10-02,BOS @ WPG,f5a9759e52a784d5fdcc1f3a2fcfc5a2,fgs,yes,Mason Lohrei,,betrivers,2500,,oddsapi
2026-10-02T21:05:05Z,2026-10-02,BOS @ WPG,f5a9759e52a784d5fdcc1f3a2fcfc5a2,fgs,yes,Kyle Connor,,betrivers,700,,oddsapi
2026-10-02T21:05:05Z,2026-10-02,BOS @ WPG,f5a9759e52a784d5fdcc1f3a2fcfc5a2,fgs,yes,Cole Perfetti,,betrivers,1050,,oddsapi
2026-10-02T21:05:05Z,2026-10-02,BOS @ WPG,f5a9759e52a784d5fdcc1f3a2fcfc5a2,fgs,yes,Adam Lowry,,betrivers,2800,,oddsapi
2026-10-02T21:05:05Z,2026-10-02,BOS @ WPG,f5a9759e52a784d5fdcc1f3a2fcfc5a2,fgs,yes,Tanner Jeannot,,betrivers,2800,,oddsapi
2026-10-02T21:05:05Z,2026-10-02,BOS @ WPG,f5a9759e52a784d5fdcc1f3a2fcfc5a2,fgs,yes,Vladislav Namestnikov,,betrivers,2200,,oddsapi
2026-10-02T21:05:05Z,2026-10-02,BOS @ WPG,f5a9759e52a784d5fdcc1f3a2fcfc5a2,fgs,yes,Jonathan Aspirot,,betrivers,4000,,oddsapi
2026-10-02T21:05:05Z,2026-10-02,BOS @ WPG,f5a9759e52a784d5fdcc1f3a2fcfc5a2,fgs,yes,Mark Scheifele,,betrivers,950,,oddsapi
2026-10-02T21:05:05Z,2026-10-02,BOS @ WPG,f5a9759e52a784d5fdcc1f3a2fcfc5a2,fgs,yes,Sean Kuraly,,betrivers,3500,,oddsapi
2026-10-02T21:05:05Z,2026-10-02,BOS @ WPG,f5a9759e52a784d5fdcc1f3a2fcfc5a2,sk_g,over,Elias Lindholm,1.5,betrivers,3500,,oddsapi
2026-10-02T21:05:05Z,2026-10-02,BOS @ WPG,f5a9759e52a784d5fdcc1f3a2fcfc5a2,sk_g,over,JJ Peterka,2.5,betrivers,9000,,oddsapi
2026-10-02T21:05:05Z,2026-10-02,BOS @ WPG,f5a9759e52a784d5fdcc1f3a2fcfc5a2,sk_g,over,David Pastrnak,2.5,betrivers,3400,,oddsapi
2026-10-02T21:05:05Z,2026-10-02,BOS @ WPG,f5a9759e52a784d5fdcc1f3a2fcfc5a2,sk_g,over,Pavel Zacha,1.5,betrivers,2000,,oddsapi
2026-10-02T21:05:05Z,2026-10-02,BOS @ WPG,f5a9759e52a784d5fdcc1f3a2fcfc5a2,sk_g,over,Cole Perfetti,2.5,betrivers,12000,,oddsapi
2026-10-02T21:05:05Z,2026-10-02,BOS @ WPG,f5a9759e52a784d5fdcc1f3a2fcfc5a2,sk_g,over,Sean Kuraly,1.5,betrivers,15000,,oddsapi
2026-10-02T21:05:05Z,2026-10-02,BOS @ WPG,f5a9759e52a784d5fdcc1f3a2fcfc5a2,sk_g,over,Casey Mittelstadt,1.5,betrivers,2900,,oddsapi
2026-10-02T21:05:05Z,2026-10-02,BOS @ WPG,f5a9759e52a784d5fdcc1f3a2fcfc5a2,sk_g,over,Adam Lowry,1.5,betrivers,9000,,oddsapi
2026-10-02T21:05:05Z,2026-10-02,BOS @ WPG,f5a9759e52a784d5fdcc1f3a2fcfc5a2,sk_g,over,Vladislav Namestnikov,1.5,betrivers,6600,,oddsapi
2026-10-02T21:05:05Z,2026-10-02,BOS @ WPG,f5a9759e52a784d5fdcc1f3a2fcfc5a2,sk_g,over,Morgan Geekie,2.5,betrivers,8000,,oddsapi
2026-10-02T21:05:05Z,2026-10-02,BOS @ WPG,f5a9759e52a784d5fdcc1f3a2fcfc5a2,sk_g,over,Nino Niederreiter,1.5,betrivers,3300,,oddsapi
2026-10-02T21:05:05Z,2026-10-02,BOS @ WPG,f5a9759e52a784d5fdcc1f3a2fcfc5a2,sk_g,over,Morgan Geekie,1.5,betrivers,1300,,oddsapi
2026-10-02T21:05:05Z,2026-10-02,BOS @ WPG,f5a9759e52a784d5fdcc1f3a2fcfc5a2,sk_g,over,Gabriel Vilardi,2.5,betrivers,9000,,oddsapi
2026-10-02T21:05:05Z,2026-10-02,BOS @ WPG,f5a9759e52a784d5fdcc1f3a2fcfc5a2,sk_g,over,Mark Scheifele,2.5,betrivers,9000,,oddsapi
2026-10-02T21:05:05Z,2026-10-02,BOS @ WPG,f5a9759e52a784d5fdcc1f3a2fcfc5a2,sk_g,over,Kyle Connor,1.5,betrivers,850,,oddsapi
2026-10-02T21:05:05Z,2026-10-02,BOS @ WPG,f5a9759e52a784d5fdcc1f3a2fcfc5a2,sk_g,over,Kyle Connor,2.5,betrivers,5000,,oddsapi
2026-10-02T21:05:05Z,2026-10-02,BOS @ WPG,f5a9759e52a784d5fdcc1f3a2fcfc5a2,sk_g,over,Morgan Barron,1.5,betrivers,3300,,oddsapi
2026-10-02T21:05:05Z,2026-10-02,BOS @ WPG,f5a9759e52a784d5fdcc1f3a2fcfc5a2,sk_g,over,Alex Iafallo,1.5,betrivers,3400,,oddsapi
2026-10-02T21:05:05Z,2026-10-02,BOS @ WPG,f5a9759e52a784d5fdcc1f3a2fcfc5a2,sk_g,over,Fraser Minten,1.5,betrivers,3000,,oddsapi
2026-10-02T21:05:05Z,2026-10-02,BOS @ WPG,f5a9759e52a784d5fdcc1f3a2fcfc5a2,sk_g,over,Mark Kastelic,1.5,betrivers,12000,,oddsapi
2026-10-02T21:05:05Z,2026-10-02,BOS @ WPG,f5a9759e52a784d5fdcc1f3a2fcfc5a2,sk_g,over,Isak Rosen,1.5,betrivers,4500,,oddsapi
2026-10-02T21:05:05Z,2026-10-02,BOS @ WPG,f5a9759e52a784d5fdcc1f3a2fcfc5a2,sk_g,over,Tanner Jeannot,1.5,betrivers,9000,,oddsapi
2026-10-02T21:05:05Z,2026-10-02,BOS @ WPG,f5a9759e52a784d5fdcc1f3a2fcfc5a2,sk_g,over,Mason Lohrei,1.5,betrivers,6000,,oddsapi
2026-10-02T21:05:05Z,2026-10-02,BOS @ WPG,f5a9759e52a784d5fdcc1f3a2fcfc5a2,sk_g,over,Dylan Samberg,1.5,betrivers,18000,,oddsapi
2026-10-02T21:05:05Z,2026-10-02,BOS @ WPG,f5a9759e52a784d5fdcc1f3a2fcfc5a2,sk_g,over,JJ Peterka,1.5,betrivers,1300,,oddsapi
2026-10-02T21:05:05Z,2026-10-02,BOS @ WPG,f5a9759e52a784d5fdcc1f3a2fcfc5a2,sk_g,over,Brad Lambert,1.5,betrivers,8000,,oddsapi
2026-10-02T21:05:05Z,2026-10-02,BOS @ WPG,f5a9759e52a784d5fdcc1f3a2fcfc5a2,sk_g,over,James Hagens,1.5,betrivers,4500,,oddsapi
2026-10-02T21:05:05Z,2026-10-02,BOS @ WPG,f5a9759e52a784d5fdcc1f3a2fcfc5a2,sk_g,over,Marat Khusnutdinov,1.5,betrivers,10000,,oddsapi
2026-10-02T21:05:05Z,2026-10-02,BOS @ WPG,f5a9759e52a784d5fdcc1f3a2fcfc5a2,sk_g,over,David Pastrnak,1.5,betrivers,650,,oddsapi
2026-10-02T21:05:05Z,2026-10-02,BOS @ WPG,f5a9759e52a784d5fdcc1f3a2fcfc5a2,sk_g,over,Josh Morrissey,1.5,betrivers,3400,,oddsapi
2026-10-02T21:05:05Z,2026-10-02,BOS @ WPG,f5a9759e52a784d5fdcc1f3a2fcfc5a2,sk_g,over,Cole Perfetti,1.5,betrivers,1600,,oddsapi
2026-10-02T21:05:05Z,2026-10-02,BOS @ WPG,f5a9759e52a784d5fdcc1f3a2fcfc5a2,sk_g,over,Hampus Lindholm,1.5,betrivers,10000,,oddsapi
2026-10-02T21:05:05Z,2026-10-02,BOS @ WPG,f5a9759e52a784d5fdcc1f3a2fcfc5a2,sk_g,over,Neal Pionk,1.5,betrivers,8000,,oddsapi
2026-10-02T21:05:05Z,2026-10-02,BOS @ WPG,f5a9759e52a784d5fdcc1f3a2fcfc5a2,sk_g,over,Connor Clifton,1.5,betrivers,10000,,oddsapi
2026-10-02T21:05:05Z,2026-10-02,BOS @ WPG,f5a9759e52a784d5fdcc1f3a2fcfc5a2,sk_g,over,Dylan DeMelo,1.5,betrivers,14000,,oddsapi
2026-10-02T21:05:05Z,2026-10-02,BOS @ WPG,f5a9759e52a784d5fdcc1f3a2fcfc5a2,sk_g,over,Gabriel Vilardi,1.5,betrivers,1200,,oddsapi
2026-10-02T21:05:05Z,2026-10-02,BOS @ WPG,f5a9759e52a784d5fdcc1f3a2fcfc5a2,sk_g,over,Nikita Zadorov,1.5,betrivers,12500,,oddsapi
2026-10-02T21:05:05Z,2026-10-02,BOS @ WPG,f5a9759e52a784d5fdcc1f3a2fcfc5a2,sk_g,over,Mark Scheifele,1.5,betrivers,1300,,oddsapi
2026-10-02T21:05:05Z,2026-10-02,BOS @ WPG,f5a9759e52a784d5fdcc1f3a2fcfc5a2,p1_total,over,,0.5,betrivers,-770,390,oddsapi
2026-10-02T21:05:05Z,2026-10-02,BOS @ WPG,f5a9759e52a784d5fdcc1f3a2fcfc5a2,p1_total,under,,0.5,betrivers,390,-770,oddsapi
2026-10-02T21:05:05Z,2026-10-02,BOS @ WPG,f5a9759e52a784d5fdcc1f3a2fcfc5a2,p2_total,over,,2.5,betrivers,170,-250,oddsapi
2026-10-02T21:05:05Z,2026-10-02,BOS @ WPG,f5a9759e52a784d5fdcc1f3a2fcfc5a2,p2_total,under,,2.5,betrivers,-250,170,oddsapi
2026-10-02T21:05:05Z,2026-10-02,BOS @ WPG,f5a9759e52a784d5fdcc1f3a2fcfc5a2,p3_total,over,,1.5,betrivers,-195,133,oddsapi
2026-10-02T21:05:05Z,2026-10-02,BOS @ WPG,f5a9759e52a784d5fdcc1f3a2fcfc5a2,p3_total,under,,1.5,betrivers,133,-195,oddsapi
2026-10-02T21:05:05Z,2026-10-02,BOS @ WPG,f5a9759e52a784d5fdcc1f3a2fcfc5a2,p1_ml,BOS,,,betonlineag,-102,-118,oddsapi
2026-10-02T21:05:05Z,2026-10-02,BOS @ WPG,f5a9759e52a784d5fdcc1f3a2fcfc5a2,p1_ml,WPG,,,betonlineag,-118,-102,oddsapi
2026-10-02T21:05:05Z,2026-10-02,BOS @ WPG,f5a9759e52a784d5fdcc1f3a2fcfc5a2,sk_pts,over,David Pastrnak,1.5,betonlineag,149,-196,oddsapi
2026-10-02T21:05:05Z,2026-10-02,BOS @ WPG,f5a9759e52a784d5fdcc1f3a2fcfc5a2,sk_pts,under,David Pastrnak,1.5,betonlineag,-196,149,oddsapi
2026-10-02T21:05:05Z,2026-10-02,BOS @ WPG,f5a9759e52a784d5fdcc1f3a2fcfc5a2,sk_pts,over,Mark Scheifele,0.5,betonlineag,-204,154,oddsapi
2026-10-02T21:05:05Z,2026-10-02,BOS @ WPG,f5a9759e52a784d5fdcc1f3a2fcfc5a2,sk_pts,under,Mark Scheifele,0.5,betonlineag,154,-204,oddsapi
2026-10-02T21:05:05Z,2026-10-02,BOS @ WPG,f5a9759e52a784d5fdcc1f3a2fcfc5a2,sk_pts,over,Cole Perfetti,0.5,betonlineag,-110,-118,oddsapi
2026-10-02T21:05:05Z,2026-10-02,BOS @ WPG,f5a9759e52a784d5fdcc1f3a2fcfc5a2,sk_pts,under,Cole Perfetti,0.5,betonlineag,-118,-110,oddsapi
2026-10-02T21:05:05Z,2026-10-02,BOS @ WPG,f5a9759e52a784d5fdcc1f3a2fcfc5a2,sk_pts,over,Pavel Zacha,0.5,betonlineag,-110,-118,oddsapi
2026-10-02T21:05:05Z,2026-10-02,BOS @ WPG,f5a9759e52a784d5fdcc1f3a2fcfc5a2,sk_pts,under,Pavel Zacha,0.5,betonlineag,-118,-110,oddsapi
2026-10-02T21:05:05Z,2026-10-02,BOS @ WPG,f5a9759e52a784d5fdcc1f3a2fcfc5a2,sk_pts,over,Hampus Lindholm,0.5,betonlineag,120,-156,oddsapi
2026-10-02T21:05:05Z,2026-10-02,BOS @ WPG,f5a9759e52a784d5fdcc1f3a2fcfc5a2,sk_pts,under,Hampus Lindholm,0.5,betonlineag,-156,120,oddsapi
2026-10-02T21:05:05Z,2026-10-02,BOS @ WPG,f5a9759e52a784d5fdcc1f3a2fcfc5a2,sk_pts,over,Morgan Geekie,0.5,betonlineag,-109,-119,oddsapi
2026-10-02T21:05:05Z,2026-10-02,BOS @ WPG,f5a9759e52a784d5fdcc1f3a2fcfc5a2,sk_pts,under,Morgan Geekie,0.5,betonlineag,-119,-109,oddsapi
2026-10-02T21:05:05Z,2026-10-02,BOS @ WPG,f5a9759e52a784d5fdcc1f3a2fcfc5a2,sk_pts,over,Fraser Minten,0.5,betonlineag,164,-217,oddsapi
2026-10-02T21:05:05Z,2026-10-02,BOS @ WPG,f5a9759e52a784d5fdcc1f3a2fcfc5a2,sk_pts,under,Fraser Minten,0.5,betonlineag,-217,164,oddsapi
2026-10-02T21:05:05Z,2026-10-02,BOS @ WPG,f5a9759e52a784d5fdcc1f3a2fcfc5a2,sk_pts,over,Gabriel Vilardi,0.5,betonlineag,-127,-102,oddsapi
2026-10-02T21:05:05Z,2026-10-02,BOS @ WPG,f5a9759e52a784d5fdcc1f3a2fcfc5a2,sk_pts,under,Gabriel Vilardi,0.5,betonlineag,-102,-127,oddsapi
2026-10-02T21:05:05Z,2026-10-02,BOS @ WPG,f5a9759e52a784d5fdcc1f3a2fcfc5a2,sk_pts,over,Elias Lindholm,0.5,betonlineag,128,-167,oddsapi
2026-10-02T21:05:05Z,2026-10-02,BOS @ WPG,f5a9759e52a784d5fdcc1f3a2fcfc5a2,sk_pts,under,Elias Lindholm,0.5,betonlineag,-167,128,oddsapi
2026-10-02T21:05:05Z,2026-10-02,BOS @ WPG,f5a9759e52a784d5fdcc1f3a2fcfc5a2,sk_pts,over,JJ Peterka,0.5,betonlineag,-112,-115,oddsapi
2026-10-02T21:05:05Z,2026-10-02,BOS @ WPG,f5a9759e52a784d5fdcc1f3a2fcfc5a2,sk_pts,under,JJ Peterka,0.5,betonlineag,-115,-112,oddsapi
2026-10-02T21:05:05Z,2026-10-02,BOS @ WPG,f5a9759e52a784d5fdcc1f3a2fcfc5a2,sk_pts,over,James Hagens,0.5,betonlineag,190,-256,oddsapi
2026-10-02T21:05:05Z,2026-10-02,BOS @ WPG,f5a9759e52a784d5fdcc1f3a2fcfc5a2,sk_pts,under,James Hagens,0.5,betonlineag,-256,190,oddsapi
2026-10-02T21:05:05Z,2026-10-02,BOS @ WPG,f5a9759e52a784d5fdcc1f3a2fcfc5a2,sk_pts,over,Kyle Connor,1.5,betonlineag,204,-278,oddsapi
2026-10-02T21:05:05Z,2026-10-02,BOS @ WPG,f5a9759e52a784d5fdcc1f3a2fcfc5a2,sk_pts,under,Kyle Connor,1.5,betonlineag,-278,204,oddsapi
2026-10-02T21:05:05Z,2026-10-02,BOS @ WPG,f5a9759e52a784d5fdcc1f3a2fcfc5a2,sk_pts,over,Josh Morrissey,0.5,betonlineag,-116,-111,oddsapi
2026-10-02T21:05:05Z,2026-10-02,BOS @ WPG,f5a9759e52a784d5fdcc1f3a2fcfc5a2,sk_pts,under,Josh Morrissey,0.5,betonlineag,-111,-116,oddsapi
2026-10-02T21:05:05Z,2026-10-02,BOS @ WPG,f5a9759e52a784d5fdcc1f3a2fcfc5a2,sk_pts,over,Neal Pionk,0.5,betonlineag,182,-244,oddsapi
2026-10-02T21:05:05Z,2026-10-02,BOS @ WPG,f5a9759e52a784d5fdcc1f3a2fcfc5a2,sk_pts,under,Neal Pionk,0.5,betonlineag,-244,182,oddsapi
2026-10-02T21:05:05Z,2026-10-02,BOS @ WPG,f5a9759e52a784d5fdcc1f3a2fcfc5a2,sk_pts,over,Casey Mittelstadt,0.5,betonlineag,132,-172,oddsapi
2026-10-02T21:05:05Z,2026-10-02,BOS @ WPG,f5a9759e52a784d5fdcc1f3a2fcfc5a2,sk_pts,under,Casey Mittelstadt,0.5,betonlineag,-172,132,oddsapi
2026-10-02T21:05:05Z,2026-10-02,BOS @ WPG,f5a9759e52a784d5fdcc1f3a2fcfc5a2,sk_pts,over,Marat Khusnutdinov,0.5,betonlineag,186,-250,oddsapi
2026-10-02T21:05:05Z,2026-10-02,BOS @ WPG,f5a9759e52a784d5fdcc1f3a2fcfc5a2,sk_pts,under,Marat Khusnutdinov,0.5,betonlineag,-250,186,oddsapi
2026-10-02T21:05:05Z,2026-10-02,BOS @ WPG,f5a9759e52a784d5fdcc1f3a2fcfc5a2,sk_pts,over,Isak Rosen,0.5,betonlineag,171,-227,oddsapi
2026-10-02T21:05:05Z,2026-10-02,BOS @ WPG,f5a9759e52a784d5fdcc1f3a2fcfc5a2,sk_pts,under,Isak Rosen,0.5,betonlineag,-227,171,oddsapi
2026-10-02T21:05:05Z,2026-10-02,BOS @ WPG,f5a9759e52a784d5fdcc1f3a2fcfc5a2,sk_pts,over,Adam Lowry,0.5,betonlineag,239,-333,oddsapi
2026-10-02T21:05:05Z,2026-10-02,BOS @ WPG,f5a9759e52a784d5fdcc1f3a2fcfc5a2,sk_pts,under,Adam Lowry,0.5,betonlineag,-333,239,oddsapi
2026-10-02T21:05:05Z,2026-10-02,BOS @ WPG,f5a9759e52a784d5fdcc1f3a2fcfc5a2,sk_sog,over,David Pastrnak,3.5,betonlineag,102,-132,oddsapi
2026-10-02T21:05:05Z,2026-10-02,BOS @ WPG,f5a9759e52a784d5fdcc1f3a2fcfc5a2,sk_sog,under,David Pastrnak,3.5,betonlineag,-132,102,oddsapi
2026-10-02T21:05:05Z,2026-10-02,BOS @ WPG,f5a9759e52a784d5fdcc1f3a2fcfc5a2,sk_sog,over,Cole Perfetti,1.5,betonlineag,-172,132,oddsapi
2026-10-02T21:05:05Z,2026-10-02,BOS @ WPG,f5a9759e52a784d5fdcc1f3a2fcfc5a2,sk_sog,under,Cole Perfetti,1.5,betonlineag,132,-172,oddsapi
2026-10-02T21:05:05Z,2026-10-02,BOS @ WPG,f5a9759e52a784d5fdcc1f3a2fcfc5a2,sk_sog,over,Mark Scheifele,2.5,betonlineag,144,-189,oddsapi
2026-10-02T21:05:05Z,2026-10-02,BOS @ WPG,f5a9759e52a784d5fdcc1f3a2fcfc5a2,sk_sog,under,Mark Scheifele,2.5,betonlineag,-189,144,oddsapi
2026-10-02T21:05:05Z,2026-10-02,BOS @ WPG,f5a9759e52a784d5fdcc1f3a2fcfc5a2,sk_sog,over,Kyle Connor,3.5,betonlineag,126,-164,oddsapi
2026-10-02T21:05:05Z,2026-10-02,BOS @ WPG,f5a9759e52a784d5fdcc1f3a2fcfc5a2,sk_sog,under,Kyle Connor,3.5,betonlineag,-164,126,oddsapi
2026-10-02T21:05:05Z,2026-10-02,BOS @ WPG,f5a9759e52a784d5fdcc1f3a2fcfc5a2,sk_sog,over,Hampus Lindholm,1.5,betonlineag,115,-149,oddsapi
2026-10-02T21:05:05Z,2026-10-02,BOS @ WPG,f5a9759e52a784d5fdcc1f3a2fcfc5a2,sk_sog,under,Hampus Lindholm,1.5,betonlineag,-149,115,oddsapi
2026-10-02T21:05:05Z,2026-10-02,BOS @ WPG,f5a9759e52a784d5fdcc1f3a2fcfc5a2,sk_sog,over,Pavel Zacha,1.5,betonlineag,-115,-112,oddsapi
2026-10-02T21:05:05Z,2026-10-02,BOS @ WPG,f5a9759e52a784d5fdcc1f3a2fcfc5a2,sk_sog,under,Pavel Zacha,1.5,betonlineag,-112,-115,oddsapi
2026-10-02T21:05:05Z,2026-10-02,BOS @ WPG,f5a9759e52a784d5fdcc1f3a2fcfc5a2,sk_sog,over,Gabriel Vilardi,1.5,betonlineag,-141,108,oddsapi
2026-10-02T21:05:05Z,2026-10-02,BOS @ WPG,f5a9759e52a784d5fdcc1f3a2fcfc5a2,sk_sog,under,Gabriel Vilardi,1.5,betonlineag,108,-141,oddsapi
2026-10-02T21:05:05Z,2026-10-02,BOS @ WPG,f5a9759e52a784d5fdcc1f3a2fcfc5a2,sk_sog,over,Fraser Minten,1.5,betonlineag,115,-149,oddsapi
2026-10-02T21:05:05Z,2026-10-02,BOS @ WPG,f5a9759e52a784d5fdcc1f3a2fcfc5a2,sk_sog,under,Fraser Minten,1.5,betonlineag,-149,115,oddsapi
2026-10-02T21:05:05Z,2026-10-02,BOS @ WPG,f5a9759e52a784d5fdcc1f3a2fcfc5a2,sk_sog,over,Elias Lindholm,1.5,betonlineag,-116,-111,oddsapi
2026-10-02T21:05:05Z,2026-10-02,BOS @ WPG,f5a9759e52a784d5fdcc1f3a2fcfc5a2,sk_sog,under,Elias Lindholm,1.5,betonlineag,-111,-116,oddsapi
2026-10-02T21:05:05Z,2026-10-02,BOS @ WPG,f5a9759e52a784d5fdcc1f3a2fcfc5a2,sk_sog,over,Morgan Geekie,1.5,betonlineag,-179,137,oddsapi
2026-10-02T21:05:05Z,2026-10-02,BOS @ WPG,f5a9759e52a784d5fdcc1f3a2fcfc5a2,sk_sog,under,Morgan Geekie,1.5,betonlineag,137,-179,oddsapi
2026-10-02T21:05:05Z,2026-10-02,BOS @ WPG,f5a9759e52a784d5fdcc1f3a2fcfc5a2,sk_sog,over,James Hagens,1.5,betonlineag,113,-147,oddsapi
2026-10-02T21:05:05Z,2026-10-02,BOS @ WPG,f5a9759e52a784d5fdcc1f3a2fcfc5a2,sk_sog,under,James Hagens,1.5,betonlineag,-147,113,oddsapi
2026-10-02T21:05:05Z,2026-10-02,BOS @ WPG,f5a9759e52a784d5fdcc1f3a2fcfc5a2,sk_sog,over,Josh Morrissey,2.5,betonlineag,134,-175,oddsapi
2026-10-02T21:05:05Z,2026-10-02,BOS @ WPG,f5a9759e52a784d5fdcc1f3a2fcfc5a2,sk_sog,under,Josh Morrissey,2.5,betonlineag,-175,134,oddsapi
2026-10-02T21:05:05Z,2026-10-02,BOS @ WPG,f5a9759e52a784d5fdcc1f3a2fcfc5a2,sk_sog,over,Neal Pionk,1.5,betonlineag,-115,-112,oddsapi
2026-10-02T21:05:05Z,2026-10-02,BOS @ WPG,f5a9759e52a784d5fdcc1f3a2fcfc5a2,sk_sog,under,Neal Pionk,1.5,betonlineag,-112,-115,oddsapi
2026-10-02T21:05:05Z,2026-10-02,BOS @ WPG,f5a9759e52a784d5fdcc1f3a2fcfc5a2,sk_sog,over,JJ Peterka,2.5,betonlineag,146,-192,oddsapi
2026-10-02T21:05:05Z,2026-10-02,BOS @ WPG,f5a9759e52a784d5fdcc1f3a2fcfc5a2,sk_sog,under,JJ Peterka,2.5,betonlineag,-192,146,oddsapi
2026-10-02T21:05:05Z,2026-10-02,BOS @ WPG,f5a9759e52a784d5fdcc1f3a2fcfc5a2,g_saves,over,Jeremy Swayman,24.5,betonlineag,-118,-110,oddsapi
2026-10-02T21:05:05Z,2026-10-02,BOS @ WPG,f5a9759e52a784d5fdcc1f3a2fcfc5a2,g_saves,under,Jeremy Swayman,24.5,betonlineag,-110,-118,oddsapi
2026-10-02T21:05:05Z,2026-10-02,BOS @ WPG,f5a9759e52a784d5fdcc1f3a2fcfc5a2,p1_pl,BOS,,0.5,betonlineag,-200,174,oddsapi
2026-10-02T21:05:05Z,2026-10-02,BOS @ WPG,f5a9759e52a784d5fdcc1f3a2fcfc5a2,p1_pl,WPG,,-0.5,betonlineag,174,-200,oddsapi
2026-10-02T21:05:05Z,2026-10-02,BOS @ WPG,f5a9759e52a784d5fdcc1f3a2fcfc5a2,team_total,over,BOS,2.5,betonlineag,-150,117,oddsapi
2026-10-02T21:05:05Z,2026-10-02,BOS @ WPG,f5a9759e52a784d5fdcc1f3a2fcfc5a2,team_total,under,BOS,2.5,betonlineag,117,-150,oddsapi
2026-10-02T21:05:05Z,2026-10-02,BOS @ WPG,f5a9759e52a784d5fdcc1f3a2fcfc5a2,team_total,over,WPG,2.5,betonlineag,-165,128,oddsapi
2026-10-02T21:05:05Z,2026-10-02,BOS @ WPG,f5a9759e52a784d5fdcc1f3a2fcfc5a2,team_total,under,WPG,2.5,betonlineag,128,-165,oddsapi
2026-10-02T21:05:05Z,2026-10-02,BOS @ WPG,f5a9759e52a784d5fdcc1f3a2fcfc5a2,p1_total,over,,1.5,betonlineag,-119,-101,oddsapi
2026-10-02T21:05:05Z,2026-10-02,BOS @ WPG,f5a9759e52a784d5fdcc1f3a2fcfc5a2,p1_total,under,,1.5,betonlineag,-101,-119,oddsapi
2026-10-02T21:05:05Z,2026-10-02,BOS @ WPG,f5a9759e52a784d5fdcc1f3a2fcfc5a2,game_pl_alt,BOS,,1.5,fanduel,-270,200,oddsapi
2026-10-02T21:05:05Z,2026-10-02,BOS @ WPG,f5a9759e52a784d5fdcc1f3a2fcfc5a2,game_pl_alt,BOS,,2.5,fanduel,-550,340,oddsapi
2026-10-02T21:05:05Z,2026-10-02,BOS @ WPG,f5a9759e52a784d5fdcc1f3a2fcfc5a2,game_pl_alt,BOS,,3.5,fanduel,-2000,1000,oddsapi
2026-10-02T21:05:05Z,2026-10-02,BOS @ WPG,f5a9759e52a784d5fdcc1f3a2fcfc5a2,game_pl_alt,BOS,,4.5,fanduel,-6000,2500,oddsapi
2026-10-02T21:05:05Z,2026-10-02,BOS @ WPG,f5a9759e52a784d5fdcc1f3a2fcfc5a2,game_pl_alt,BOS,,5.5,fanduel,-20000,6500,oddsapi
2026-10-02T21:05:05Z,2026-10-02,BOS @ WPG,f5a9759e52a784d5fdcc1f3a2fcfc5a2,game_pl_alt,BOS,,6.5,fanduel,-50000,,oddsapi
2026-10-02T21:05:05Z,2026-10-02,BOS @ WPG,f5a9759e52a784d5fdcc1f3a2fcfc5a2,game_pl_alt,BOS,,-1.5,fanduel,235,-330,oddsapi
2026-10-02T21:05:05Z,2026-10-02,BOS @ WPG,f5a9759e52a784d5fdcc1f3a2fcfc5a2,game_pl_alt,BOS,,-2.5,fanduel,410,-650,oddsapi
2026-10-02T21:05:05Z,2026-10-02,BOS @ WPG,f5a9759e52a784d5fdcc1f3a2fcfc5a2,game_pl_alt,BOS,,-3.5,fanduel,1180,-2400,oddsapi
2026-10-02T21:05:05Z,2026-10-02,BOS @ WPG,f5a9759e52a784d5fdcc1f3a2fcfc5a2,game_pl_alt,BOS,,-4.5,fanduel,2900,-8000,oddsapi
2026-10-02T21:05:05Z,2026-10-02,BOS @ WPG,f5a9759e52a784d5fdcc1f3a2fcfc5a2,game_pl_alt,WPG,,1.5,fanduel,-330,235,oddsapi
2026-10-02T21:05:05Z,2026-10-02,BOS @ WPG,f5a9759e52a784d5fdcc1f3a2fcfc5a2,game_pl_alt,WPG,,2.5,fanduel,-650,410,oddsapi
2026-10-02T21:05:05Z,2026-10-02,BOS @ WPG,f5a9759e52a784d5fdcc1f3a2fcfc5a2,game_pl_alt,WPG,,3.5,fanduel,-2400,1180,oddsapi
2026-10-02T21:05:05Z,2026-10-02,BOS @ WPG,f5a9759e52a784d5fdcc1f3a2fcfc5a2,game_pl_alt,WPG,,4.5,fanduel,-8000,2900,oddsapi
2026-10-02T21:05:05Z,2026-10-02,BOS @ WPG,f5a9759e52a784d5fdcc1f3a2fcfc5a2,game_pl_alt,WPG,,5.5,fanduel,-20000,,oddsapi
2026-10-02T21:05:05Z,2026-10-02,BOS @ WPG,f5a9759e52a784d5fdcc1f3a2fcfc5a2,game_pl_alt,WPG,,6.5,fanduel,-50000,,oddsapi
2026-10-02T21:05:05Z,2026-10-02,BOS @ WPG,f5a9759e52a784d5fdcc1f3a2fcfc5a2,game_pl_alt,WPG,,-1.5,fanduel,200,-270,oddsapi
2026-10-02T21:05:05Z,2026-10-02,BOS @ WPG,f5a9759e52a784d5fdcc1f3a2fcfc5a2,game_pl_alt,WPG,,-2.5,fanduel,340,-550,oddsapi
2026-10-02T21:05:05Z,2026-10-02,BOS @ WPG,f5a9759e52a784d5fdcc1f3a2fcfc5a2,game_pl_alt,WPG,,-3.5,fanduel,1000,-2000,oddsapi
2026-10-02T21:05:05Z,2026-10-02,BOS @ WPG,f5a9759e52a784d5fdcc1f3a2fcfc5a2,game_pl_alt,WPG,,-4.5,fanduel,2500,-6000,oddsapi
2026-10-02T21:05:05Z,2026-10-02,BOS @ WPG,f5a9759e52a784d5fdcc1f3a2fcfc5a2,game_pl_alt,WPG,,-5.5,fanduel,6500,-20000,oddsapi
2026-10-02T21:05:05Z,2026-10-02,BOS @ WPG,f5a9759e52a784d5fdcc1f3a2fcfc5a2,team_total_alt,over,BOS,0.5,fanduel,-3000,1300,oddsapi
2026-10-02T21:05:05Z,2026-10-02,BOS @ WPG,f5a9759e52a784d5fdcc1f3a2fcfc5a2,team_total_alt,over,BOS,1.5,fanduel,-480,320,oddsapi
2026-10-02T21:05:05Z,2026-10-02,BOS @ WPG,f5a9759e52a784d5fdcc1f3a2fcfc5a2,team_total_alt,over,BOS,2.5,fanduel,-152,,oddsapi
2026-10-02T21:05:05Z,2026-10-02,BOS @ WPG,f5a9759e52a784d5fdcc1f3a2fcfc5a2,team_total_alt,over,BOS,3.5,fanduel,160,-210,oddsapi
2026-10-02T21:05:05Z,2026-10-02,BOS @ WPG,f5a9759e52a784d5fdcc1f3a2fcfc5a2,team_total_alt,over,BOS,4.5,fanduel,380,-600,oddsapi
2026-10-02T21:05:05Z,2026-10-02,BOS @ WPG,f5a9759e52a784d5fdcc1f3a2fcfc5a2,team_total_alt,over,BOS,5.5,fanduel,940,-1800,oddsapi
2026-10-02T21:05:05Z,2026-10-02,BOS @ WPG,f5a9759e52a784d5fdcc1f3a2fcfc5a2,team_total_alt,over,BOS,6.5,fanduel,2400,-6000,oddsapi
2026-10-02T21:05:05Z,2026-10-02,BOS @ WPG,f5a9759e52a784d5fdcc1f3a2fcfc5a2,team_total_alt,under,BOS,0.5,fanduel,1300,-3000,oddsapi
2026-10-02T21:05:05Z,2026-10-02,BOS @ WPG,f5a9759e52a784d5fdcc1f3a2fcfc5a2,team_total_alt,under,BOS,1.5,fanduel,320,-480,oddsapi
2026-10-02T21:05:05Z,2026-10-02,BOS @ WPG,f5a9759e52a784d5fdcc1f3a2fcfc5a2,team_total_alt,under,BOS,3.5,fanduel,-210,160,oddsapi
2026-10-02T21:05:05Z,2026-10-02,BOS @ WPG,f5a9759e52a784d5fdcc1f3a2fcfc5a2,team_total_alt,under,BOS,4.5,fanduel,-600,380,oddsapi
2026-10-02T21:05:05Z,2026-10-02,BOS @ WPG,f5a9759e52a784d5fdcc1f3a2fcfc5a2,team_total_alt,under,BOS,5.5,fanduel,-1800,940,oddsapi
2026-10-02T21:05:05Z,2026-10-02,BOS @ WPG,f5a9759e52a784d5fdcc1f3a2fcfc5a2,team_total_alt,under,BOS,6.5,fanduel,-6000,2400,oddsapi
2026-10-02T21:05:05Z,2026-10-02,BOS @ WPG,f5a9759e52a784d5fdcc1f3a2fcfc5a2,team_total_alt,over,WPG,0.5,fanduel,-3500,1400,oddsapi
2026-10-02T21:05:05Z,2026-10-02,BOS @ WPG,f5a9759e52a784d5fdcc1f3a2fcfc5a2,team_total_alt,over,WPG,1.5,fanduel,-550,360,oddsapi
2026-10-02T21:05:05Z,2026-10-02,BOS @ WPG,f5a9759e52a784d5fdcc1f3a2fcfc5a2,team_total_alt,over,WPG,2.5,fanduel,-172,,oddsapi
2026-10-02T21:05:05Z,2026-10-02,BOS @ WPG,f5a9759e52a784d5fdcc1f3a2fcfc5a2,team_total_alt,over,WPG,3.5,fanduel,142,-182,oddsapi
2026-10-02T21:05:05Z,2026-10-02,BOS @ WPG,f5a9759e52a784d5fdcc1f3a2fcfc5a2,team_total_alt,over,WPG,4.5,fanduel,340,-550,oddsapi
2026-10-02T21:05:05Z,2026-10-02,BOS @ WPG,f5a9759e52a784d5fdcc1f3a2fcfc5a2,team_total_alt,over,WPG,5.5,fanduel,880,-1600,oddsapi
2026-10-02T21:05:05Z,2026-10-02,BOS @ WPG,f5a9759e52a784d5fdcc1f3a2fcfc5a2,team_total_alt,over,WPG,6.5,fanduel,2000,-5000,oddsapi
2026-10-02T21:05:05Z,2026-10-02,BOS @ WPG,f5a9759e52a784d5fdcc1f3a2fcfc5a2,team_total_alt,under,WPG,0.5,fanduel,1400,-3500,oddsapi
2026-10-02T21:05:05Z,2026-10-02,BOS @ WPG,f5a9759e52a784d5fdcc1f3a2fcfc5a2,team_total_alt,under,WPG,1.5,fanduel,360,-550,oddsapi
2026-10-02T21:05:05Z,2026-10-02,BOS @ WPG,f5a9759e52a784d5fdcc1f3a2fcfc5a2,team_total_alt,under,WPG,3.5,fanduel,-182,142,oddsapi
2026-10-02T21:05:05Z,2026-10-02,BOS @ WPG,f5a9759e52a784d5fdcc1f3a2fcfc5a2,team_total_alt,under,WPG,4.5,fanduel,-550,340,oddsapi
2026-10-02T21:05:05Z,2026-10-02,BOS @ WPG,f5a9759e52a784d5fdcc1f3a2fcfc5a2,team_total_alt,under,WPG,5.5,fanduel,-1600,880,oddsapi
2026-10-02T21:05:05Z,2026-10-02,BOS @ WPG,f5a9759e52a784d5fdcc1f3a2fcfc5a2,team_total_alt,under,WPG,6.5,fanduel,-5000,2000,oddsapi
2026-10-02T21:05:05Z,2026-10-02,BOS @ WPG,f5a9759e52a784d5fdcc1f3a2fcfc5a2,game_total_alt,over,,2.5,fanduel,-4500,1900,oddsapi
2026-10-02T21:05:05Z,2026-10-02,BOS @ WPG,f5a9759e52a784d5fdcc1f3a2fcfc5a2,game_total_alt,over,,3.5,fanduel,-750,470,oddsapi
2026-10-02T21:05:05Z,2026-10-02,BOS @ WPG,f5a9759e52a784d5fdcc1f3a2fcfc5a2,game_total_alt,over,,4.5,fanduel,-400,280,oddsapi
2026-10-02T21:05:05Z,2026-10-02,BOS @ WPG,f5a9759e52a784d5fdcc1f3a2fcfc5a2,game_total_alt,over,,5.5,fanduel,-128,100,oddsapi
2026-10-02T21:05:05Z,2026-10-02,BOS @ WPG,f5a9759e52a784d5fdcc1f3a2fcfc5a2,game_total_alt,over,,6.5,fanduel,124,-158,oddsapi
2026-10-02T21:05:05Z,2026-10-02,BOS @ WPG,f5a9759e52a784d5fdcc1f3a2fcfc5a2,game_total_alt,over,,7.5,fanduel,290,-410,oddsapi
2026-10-02T21:05:05Z,2026-10-02,BOS @ WPG,f5a9759e52a784d5fdcc1f3a2fcfc5a2,game_total_alt,over,,8.5,fanduel,460,-750,oddsapi
2026-10-02T21:05:05Z,2026-10-02,BOS @ WPG,f5a9759e52a784d5fdcc1f3a2fcfc5a2,game_total_alt,over,,9.5,fanduel,1080,-2000,oddsapi
2026-10-02T21:05:05Z,2026-10-02,BOS @ WPG,f5a9759e52a784d5fdcc1f3a2fcfc5a2,game_total_alt,over,,10.5,fanduel,1550,-3500,oddsapi
2026-10-02T21:05:05Z,2026-10-02,BOS @ WPG,f5a9759e52a784d5fdcc1f3a2fcfc5a2,game_total_alt,over,,11.5,fanduel,4000,-8000,oddsapi
2026-10-02T21:05:05Z,2026-10-02,BOS @ WPG,f5a9759e52a784d5fdcc1f3a2fcfc5a2,game_total_alt,under,,2.5,fanduel,1900,-4500,oddsapi
2026-10-02T21:05:05Z,2026-10-02,BOS @ WPG,f5a9759e52a784d5fdcc1f3a2fcfc5a2,game_total_alt,under,,3.5,fanduel,470,-750,oddsapi
2026-10-02T21:05:05Z,2026-10-02,BOS @ WPG,f5a9759e52a784d5fdcc1f3a2fcfc5a2,game_total_alt,under,,4.5,fanduel,280,-400,oddsapi
2026-10-02T21:05:05Z,2026-10-02,BOS @ WPG,f5a9759e52a784d5fdcc1f3a2fcfc5a2,game_total_alt,under,,5.5,fanduel,100,-128,oddsapi
2026-10-02T21:05:05Z,2026-10-02,BOS @ WPG,f5a9759e52a784d5fdcc1f3a2fcfc5a2,game_total_alt,under,,6.5,fanduel,-158,124,oddsapi
2026-10-02T21:05:05Z,2026-10-02,BOS @ WPG,f5a9759e52a784d5fdcc1f3a2fcfc5a2,game_total_alt,under,,7.5,fanduel,-410,290,oddsapi
2026-10-02T21:05:05Z,2026-10-02,BOS @ WPG,f5a9759e52a784d5fdcc1f3a2fcfc5a2,game_total_alt,under,,8.5,fanduel,-750,460,oddsapi
2026-10-02T21:05:05Z,2026-10-02,BOS @ WPG,f5a9759e52a784d5fdcc1f3a2fcfc5a2,game_total_alt,under,,9.5,fanduel,-2000,1080,oddsapi
2026-10-02T21:05:05Z,2026-10-02,BOS @ WPG,f5a9759e52a784d5fdcc1f3a2fcfc5a2,game_total_alt,under,,10.5,fanduel,-3500,1550,oddsapi
2026-10-02T21:05:05Z,2026-10-02,BOS @ WPG,f5a9759e52a784d5fdcc1f3a2fcfc5a2,game_total_alt,under,,11.5,fanduel,-8000,4000,oddsapi
2026-10-02T21:05:05Z,2026-10-02,BOS @ WPG,f5a9759e52a784d5fdcc1f3a2fcfc5a2,game_ml3,BOS,,,fanduel,160,,oddsapi
2026-10-02T21:05:05Z,2026-10-02,BOS @ WPG,f5a9759e52a784d5fdcc1f3a2fcfc5a2,game_ml3,WPG,,,fanduel,135,,oddsapi
2026-10-02T21:05:05Z,2026-10-02,BOS @ WPG,f5a9759e52a784d5fdcc1f3a2fcfc5a2,game_ml3,draw,,,fanduel,290,,oddsapi
2026-10-02T21:05:05Z,2026-10-02,BOS @ WPG,f5a9759e52a784d5fdcc1f3a2fcfc5a2,p1_ml3,BOS,,,fanduel,195,,oddsapi
2026-10-02T21:05:05Z,2026-10-02,BOS @ WPG,f5a9759e52a784d5fdcc1f3a2fcfc5a2,p1_ml3,WPG,,,fanduel,180,,oddsapi
2026-10-02T21:05:05Z,2026-10-02,BOS @ WPG,f5a9759e52a784d5fdcc1f3a2fcfc5a2,p1_ml3,draw,,,fanduel,170,,oddsapi
2026-10-02T21:05:05Z,2026-10-02,BOS @ WPG,f5a9759e52a784d5fdcc1f3a2fcfc5a2,p2_ml3,BOS,,,fanduel,185,,oddsapi
2026-10-02T21:05:05Z,2026-10-02,BOS @ WPG,f5a9759e52a784d5fdcc1f3a2fcfc5a2,p2_ml3,WPG,,,fanduel,165,,oddsapi
2026-10-02T21:05:05Z,2026-10-02,BOS @ WPG,f5a9759e52a784d5fdcc1f3a2fcfc5a2,p2_ml3,draw,,,fanduel,200,,oddsapi
2026-10-02T21:05:05Z,2026-10-02,BOS @ WPG,f5a9759e52a784d5fdcc1f3a2fcfc5a2,p3_ml3,BOS,,,fanduel,165,,oddsapi
2026-10-02T21:05:05Z,2026-10-02,BOS @ WPG,f5a9759e52a784d5fdcc1f3a2fcfc5a2,p3_ml3,WPG,,,fanduel,150,,oddsapi
2026-10-02T21:05:05Z,2026-10-02,BOS @ WPG,f5a9759e52a784d5fdcc1f3a2fcfc5a2,p3_ml3,draw,,,fanduel,240,,oddsapi
2026-10-02T21:05:05Z,2026-10-02,BOS @ WPG,f5a9759e52a784d5fdcc1f3a2fcfc5a2,p1_ml,BOS,,,fanduel,-108,-118,oddsapi
2026-10-02T21:05:05Z,2026-10-02,BOS @ WPG,f5a9759e52a784d5fdcc1f3a2fcfc5a2,p1_ml,WPG,,,fanduel,-118,-108,oddsapi
2026-10-02T21:05:05Z,2026-10-02,BOS @ WPG,f5a9759e52a784d5fdcc1f3a2fcfc5a2,p2_ml,BOS,,,fanduel,-104,-122,oddsapi
2026-10-02T21:05:05Z,2026-10-02,BOS @ WPG,f5a9759e52a784d5fdcc1f3a2fcfc5a2,p2_ml,WPG,,,fanduel,-122,-104,oddsapi
2026-10-02T21:05:05Z,2026-10-02,BOS @ WPG,f5a9759e52a784d5fdcc1f3a2fcfc5a2,p3_ml,BOS,,,fanduel,-106,-122,oddsapi
2026-10-02T21:05:05Z,2026-10-02,BOS @ WPG,f5a9759e52a784d5fdcc1f3a2fcfc5a2,p3_ml,WPG,,,fanduel,-122,-106,oddsapi
2026-10-02T21:05:05Z,2026-10-02,BOS @ WPG,f5a9759e52a784d5fdcc1f3a2fcfc5a2,ags,yes,David Pastrnak,,fanduel,140,,oddsapi
2026-10-02T21:05:05Z,2026-10-02,BOS @ WPG,f5a9759e52a784d5fdcc1f3a2fcfc5a2,ags,yes,Kyle Connor,,fanduel,170,,oddsapi
2026-10-02T21:05:05Z,2026-10-02,BOS @ WPG,f5a9759e52a784d5fdcc1f3a2fcfc5a2,ags,yes,Morgan Geekie,,fanduel,230,,oddsapi
2026-10-02T21:05:05Z,2026-10-02,BOS @ WPG,f5a9759e52a784d5fdcc1f3a2fcfc5a2,ags,yes,Gabriel Vilardi,,fanduel,230,,oddsapi
2026-10-02T21:05:05Z,2026-10-02,BOS @ WPG,f5a9759e52a784d5fdcc1f3a2fcfc5a2,ags,yes,Mark Scheifele,,fanduel,230,,oddsapi
2026-10-02T21:05:05Z,2026-10-02,BOS @ WPG,f5a9759e52a784d5fdcc1f3a2fcfc5a2,ags,yes,JJ Peterka,,fanduel,240,,oddsapi
2026-10-02T21:05:05Z,2026-10-02,BOS @ WPG,f5a9759e52a784d5fdcc1f3a2fcfc5a2,ags,yes,Cole Perfetti,,fanduel,250,,oddsapi
2026-10-02T21:05:05Z,2026-10-02,BOS @ WPG,f5a9759e52a784d5fdcc1f3a2fcfc5a2,ags,yes,Pavel Zacha,,fanduel,270,,oddsapi
2026-10-02T21:05:05Z,2026-10-02,BOS @ WPG,f5a9759e52a784d5fdcc1f3a2fcfc5a2,ags,yes,Fraser Minten,,fanduel,360,,oddsapi
2026-10-02T21:05:05Z,2026-10-02,BOS @ WPG,f5a9759e52a784d5fdcc1f3a2fcfc5a2,ags,yes,James Hagens,,fanduel,430,,oddsapi
2026-10-02T21:05:05Z,2026-10-02,BOS @ WPG,f5a9759e52a784d5fdcc1f3a2fcfc5a2,ags,yes,Elias Lindholm,,fanduel,430,,oddsapi
2026-10-02T21:05:05Z,2026-10-02,BOS @ WPG,f5a9759e52a784d5fdcc1f3a2fcfc5a2,ags,yes,Nino Niederreiter,,fanduel,450,,oddsapi
2026-10-02T21:05:05Z,2026-10-02,BOS @ WPG,f5a9759e52a784d5fdcc1f3a2fcfc5a2,ags,yes,Casey Mittelstadt,,fanduel,450,,oddsapi
2026-10-02T21:05:05Z,2026-10-02,BOS @ WPG,f5a9759e52a784d5fdcc1f3a2fcfc5a2,ags,yes,Isak Rosen,,fanduel,450,,oddsapi
2026-10-02T21:05:05Z,2026-10-02,BOS @ WPG,f5a9759e52a784d5fdcc1f3a2fcfc5a2,ags,yes,Vladislav Namestnikov,,fanduel,525,,oddsapi
2026-10-02T21:05:05Z,2026-10-02,BOS @ WPG,f5a9759e52a784d5fdcc1f3a2fcfc5a2,ags,yes,Adam Lowry,,fanduel,600,,oddsapi
2026-10-02T21:05:05Z,2026-10-02,BOS @ WPG,f5a9759e52a784d5fdcc1f3a2fcfc5a2,ags,yes,Alex Iafallo,,fanduel,600,,oddsapi
2026-10-02T21:05:05Z,2026-10-02,BOS @ WPG,f5a9759e52a784d5fdcc1f3a2fcfc5a2,ags,yes,Brad Lambert,,fanduel,600,,oddsapi
2026-10-02T21:05:05Z,2026-10-02,BOS @ WPG,f5a9759e52a784d5fdcc1f3a2fcfc5a2,ags,yes,Josh Morrissey,,fanduel,600,,oddsapi
2026-10-02T21:05:05Z,2026-10-02,BOS @ WPG,f5a9759e52a784d5fdcc1f3a2fcfc5a2,ags,yes,Morgan Barron,,fanduel,700,,oddsapi
2026-10-02T21:05:05Z,2026-10-02,BOS @ WPG,f5a9759e52a784d5fdcc1f3a2fcfc5a2,ags,yes,Hampus Lindholm,,fanduel,700,,oddsapi
2026-10-02T21:05:05Z,2026-10-02,BOS @ WPG,f5a9759e52a784d5fdcc1f3a2fcfc5a2,ags,yes,Marat Khusnutdinov,,fanduel,750,,oddsapi
2026-10-02T21:05:05Z,2026-10-02,BOS @ WPG,f5a9759e52a784d5fdcc1f3a2fcfc5a2,ags,yes,Neal Pionk,,fanduel,850,,oddsapi
2026-10-02T21:05:05Z,2026-10-02,BOS @ WPG,f5a9759e52a784d5fdcc1f3a2fcfc5a2,ags,yes,Tanner Jeannot,,fanduel,900,,oddsapi
2026-10-02T21:05:05Z,2026-10-02,BOS @ WPG,f5a9759e52a784d5fdcc1f3a2fcfc5a2,ags,yes,Mark Kastelic,,fanduel,900,,oddsapi
2026-10-02T21:05:05Z,2026-10-02,BOS @ WPG,f5a9759e52a784d5fdcc1f3a2fcfc5a2,ags,yes,Sean Kuraly,,fanduel,900,,oddsapi
2026-10-02T21:05:05Z,2026-10-02,BOS @ WPG,f5a9759e52a784d5fdcc1f3a2fcfc5a2,ags,yes,Mason Lohrei,,fanduel,900,,oddsapi
2026-10-02T21:05:05Z,2026-10-02,BOS @ WPG,f5a9759e52a784d5fdcc1f3a2fcfc5a2,ags,yes,Connor Clifton,,fanduel,1400,,oddsapi
2026-10-02T21:05:05Z,2026-10-02,BOS @ WPG,f5a9759e52a784d5fdcc1f3a2fcfc5a2,ags,yes,Dylan DeMelo,,fanduel,1700,,oddsapi
2026-10-02T21:05:05Z,2026-10-02,BOS @ WPG,f5a9759e52a784d5fdcc1f3a2fcfc5a2,ags,yes,Nikita Zadorov,,fanduel,1800,,oddsapi
2026-10-02T21:05:05Z,2026-10-02,BOS @ WPG,f5a9759e52a784d5fdcc1f3a2fcfc5a2,ags,yes,Dylan Samberg,,fanduel,1900,,oddsapi
2026-10-02T21:05:05Z,2026-10-02,BOS @ WPG,f5a9759e52a784d5fdcc1f3a2fcfc5a2,ags,yes,Jonathan Aspirot,,fanduel,2400,,oddsapi
2026-10-02T21:05:05Z,2026-10-02,BOS @ WPG,f5a9759e52a784d5fdcc1f3a2fcfc5a2,fgs,yes,David Pastrnak,,fanduel,1000,,oddsapi
2026-10-02T21:05:05Z,2026-10-02,BOS @ WPG,f5a9759e52a784d5fdcc1f3a2fcfc5a2,fgs,yes,Kyle Connor,,fanduel,1100,,oddsapi
2026-10-02T21:05:05Z,2026-10-02,BOS @ WPG,f5a9759e52a784d5fdcc1f3a2fcfc5a2,fgs,yes,Mark Scheifele,,fanduel,1400,,oddsapi
2026-10-02T21:05:05Z,2026-10-02,BOS @ WPG,f5a9759e52a784d5fdcc1f3a2fcfc5a2,fgs,yes,Morgan Geekie,,fanduel,1500,,oddsapi
2026-10-02T21:05:05Z,2026-10-02,BOS @ WPG,f5a9759e52a784d5fdcc1f3a2fcfc5a2,fgs,yes,Gabriel Vilardi,,fanduel,1500,,oddsapi
2026-10-02T21:05:05Z,2026-10-02,BOS @ WPG,f5a9759e52a784d5fdcc1f3a2fcfc5a2,fgs,yes,JJ Peterka,,fanduel,1600,,oddsapi
2026-10-02T21:05:05Z,2026-10-02,BOS @ WPG,f5a9759e52a784d5fdcc1f3a2fcfc5a2,fgs,yes,Pavel Zacha,,fanduel,1600,,oddsapi
2026-10-02T21:05:05Z,2026-10-02,BOS @ WPG,f5a9759e52a784d5fdcc1f3a2fcfc5a2,fgs,yes,Cole Perfetti,,fanduel,1600,,oddsapi
2026-10-02T21:05:05Z,2026-10-02,BOS @ WPG,f5a9759e52a784d5fdcc1f3a2fcfc5a2,fgs,yes,Fraser Minten,,fanduel,2000,,oddsapi
2026-10-02T21:05:05Z,2026-10-02,BOS @ WPG,f5a9759e52a784d5fdcc1f3a2fcfc5a2,fgs,yes,Elias Lindholm,,fanduel,2200,,oddsapi
2026-10-02T21:05:05Z,2026-10-02,BOS @ WPG,f5a9759e52a784d5fdcc1f3a2fcfc5a2,fgs,yes,Isak Rosen,,fanduel,2500,,oddsapi
2026-10-02T21:05:05Z,2026-10-02,BOS @ WPG,f5a9759e52a784d5fdcc1f3a2fcfc5a2,fgs,yes,Casey Mittelstadt,,fanduel,2500,,oddsapi
2026-10-02T21:05:05Z,2026-10-02,BOS @ WPG,f5a9759e52a784d5fdcc1f3a2fcfc5a2,fgs,yes,James Hagens,,fanduel,2500,,oddsapi
2026-10-02T21:05:05Z,2026-10-02,BOS @ WPG,f5a9759e52a784d5fdcc1f3a2fcfc5a2,fgs,yes,Nino Niederreiter,,fanduel,2700,,oddsapi
2026-10-02T21:05:05Z,2026-10-02,BOS @ WPG,f5a9759e52a784d5fdcc1f3a2fcfc5a2,fgs,yes,Alex Iafallo,,fanduel,3000,,oddsapi
2026-10-02T21:05:05Z,2026-10-02,BOS @ WPG,f5a9759e52a784d5fdcc1f3a2fcfc5a2,fgs,yes,Brad Lambert,,fanduel,3000,,oddsapi
2026-10-02T21:05:05Z,2026-10-02,BOS @ WPG,f5a9759e52a784d5fdcc1f3a2fcfc5a2,fgs,yes,Vladislav Namestnikov,,fanduel,3000,,oddsapi
2026-10-02T21:05:05Z,2026-10-02,BOS @ WPG,f5a9759e52a784d5fdcc1f3a2fcfc5a2,fgs,yes,Adam Lowry,,fanduel,3000,,oddsapi
2026-10-02T21:05:05Z,2026-10-02,BOS @ WPG,f5a9759e52a784d5fdcc1f3a2fcfc5a2,fgs,yes,Josh Morrissey,,fanduel,3000,,oddsapi
2026-10-02T21:05:05Z,2026-10-02,BOS @ WPG,f5a9759e52a784d5fdcc1f3a2fcfc5a2,fgs,yes,Morgan Barron,,fanduel,3300,,oddsapi
2026-10-02T21:05:05Z,2026-10-02,BOS @ WPG,f5a9759e52a784d5fdcc1f3a2fcfc5a2,fgs,yes,Marat Khusnutdinov,,fanduel,3500,,oddsapi
2026-10-02T21:05:05Z,2026-10-02,BOS @ WPG,f5a9759e52a784d5fdcc1f3a2fcfc5a2,fgs,yes,Hampus Lindholm,,fanduel,3500,,oddsapi
2026-10-02T21:05:05Z,2026-10-02,BOS @ WPG,f5a9759e52a784d5fdcc1f3a2fcfc5a2,fgs,yes,Mason Lohrei,,fanduel,4000,,oddsapi
2026-10-02T21:05:05Z,2026-10-02,BOS @ WPG,f5a9759e52a784d5fdcc1f3a2fcfc5a2,fgs,yes,Tanner Jeannot,,fanduel,4000,,oddsapi
2026-10-02T21:05:05Z,2026-10-02,BOS @ WPG,f5a9759e52a784d5fdcc1f3a2fcfc5a2,fgs,yes,Mark Kastelic,,fanduel,4000,,oddsapi
2026-10-02T21:05:05Z,2026-10-02,BOS @ WPG,f5a9759e52a784d5fdcc1f3a2fcfc5a2,fgs,yes,Sean Kuraly,,fanduel,4500,,oddsapi
2026-10-02T21:05:05Z,2026-10-02,BOS @ WPG,f5a9759e52a784d5fdcc1f3a2fcfc5a2,fgs,yes,Neal Pionk,,fanduel,4500,,oddsapi
2026-10-02T21:05:05Z,2026-10-02,BOS @ WPG,f5a9759e52a784d5fdcc1f3a2fcfc5a2,fgs,yes,Connor Clifton,,fanduel,6500,,oddsapi
2026-10-02T21:05:05Z,2026-10-02,BOS @ WPG,f5a9759e52a784d5fdcc1f3a2fcfc5a2,fgs,yes,Dylan DeMelo,,fanduel,8000,,oddsapi
2026-10-02T21:05:05Z,2026-10-02,BOS @ WPG,f5a9759e52a784d5fdcc1f3a2fcfc5a2,fgs,yes,Dylan Samberg,,fanduel,8000,,oddsapi
2026-10-02T21:05:05Z,2026-10-02,BOS @ WPG,f5a9759e52a784d5fdcc1f3a2fcfc5a2,fgs,yes,Nikita Zadorov,,fanduel,8000,,oddsapi
2026-10-02T21:05:05Z,2026-10-02,BOS @ WPG,f5a9759e52a784d5fdcc1f3a2fcfc5a2,fgs,yes,Jonathan Aspirot,,fanduel,10000,,oddsapi
2026-10-02T21:05:05Z,2026-10-02,BOS @ WPG,f5a9759e52a784d5fdcc1f3a2fcfc5a2,sk_g,over,Cole Perfetti,0.5,fanduel,250,-360,oddsapi
2026-10-02T21:05:05Z,2026-10-02,BOS @ WPG,f5a9759e52a784d5fdcc1f3a2fcfc5a2,sk_g,under,Cole Perfetti,0.5,fanduel,-360,250,oddsapi
2026-10-02T21:05:05Z,2026-10-02,BOS @ WPG,f5a9759e52a784d5fdcc1f3a2fcfc5a2,sk_g,over,Mark Scheifele,0.5,fanduel,230,-320,oddsapi
2026-10-02T21:05:05Z,2026-10-02,BOS @ WPG,f5a9759e52a784d5fdcc1f3a2fcfc5a2,sk_g,under,Mark Scheifele,0.5,fanduel,-320,230,oddsapi
2026-10-02T21:05:05Z,2026-10-02,BOS @ WPG,f5a9759e52a784d5fdcc1f3a2fcfc5a2,sk_g,over,Morgan Geekie,0.5,fanduel,230,-330,oddsapi
2026-10-02T21:05:05Z,2026-10-02,BOS @ WPG,f5a9759e52a784d5fdcc1f3a2fcfc5a2,sk_g,under,Morgan Geekie,0.5,fanduel,-330,230,oddsapi
2026-10-02T21:05:05Z,2026-10-02,BOS @ WPG,f5a9759e52a784d5fdcc1f3a2fcfc5a2,sk_g,over,JJ Peterka,0.5,fanduel,240,-340,oddsapi
2026-10-02T21:05:05Z,2026-10-02,BOS @ WPG,f5a9759e52a784d5fdcc1f3a2fcfc5a2,sk_g,under,JJ Peterka,0.5,fanduel,-340,240,oddsapi
2026-10-02T21:05:05Z,2026-10-02,BOS @ WPG,f5a9759e52a784d5fdcc1f3a2fcfc5a2,sk_g,over,Gabriel Vilardi,0.5,fanduel,230,-330,oddsapi
2026-10-02T21:05:05Z,2026-10-02,BOS @ WPG,f5a9759e52a784d5fdcc1f3a2fcfc5a2,sk_g,under,Gabriel Vilardi,0.5,fanduel,-330,230,oddsapi
2026-10-02T21:05:05Z,2026-10-02,BOS @ WPG,f5a9759e52a784d5fdcc1f3a2fcfc5a2,sk_g,over,Kyle Connor,0.5,fanduel,170,-240,oddsapi
2026-10-02T21:05:05Z,2026-10-02,BOS @ WPG,f5a9759e52a784d5fdcc1f3a2fcfc5a2,sk_g,under,Kyle Connor,0.5,fanduel,-240,170,oddsapi
2026-10-02T21:05:05Z,2026-10-02,BOS @ WPG,f5a9759e52a784d5fdcc1f3a2fcfc5a2,sk_g,over,David Pastrnak,0.5,fanduel,140,-190,oddsapi
2026-10-02T21:05:05Z,2026-10-02,BOS @ WPG,f5a9759e52a784d5fdcc1f3a2fcfc5a2,sk_g,under,David Pastrnak,0.5,fanduel,-190,140,oddsapi
2026-10-02T21:05:05Z,2026-10-02,BOS @ WPG,f5a9759e52a784d5fdcc1f3a2fcfc5a2,sk_sog,over,Morgan Geekie,1.5,fanduel,-170,130,oddsapi
2026-10-02T21:05:05Z,2026-10-02,BOS @ WPG,f5a9759e52a784d5fdcc1f3a2fcfc5a2,sk_sog,under,Morgan Geekie,1.5,fanduel,130,-170,oddsapi
2026-10-02T21:05:05Z,2026-10-02,BOS @ WPG,f5a9759e52a784d5fdcc1f3a2fcfc5a2,sk_sog,over,Cole Perfetti,1.5,fanduel,-168,128,oddsapi
2026-10-02T21:05:05Z,2026-10-02,BOS @ WPG,f5a9759e52a784d5fdcc1f3a2fcfc5a2,sk_sog,under,Cole Perfetti,1.5,fanduel,128,-168,oddsapi
2026-10-02T21:05:05Z,2026-10-02,BOS @ WPG,f5a9759e52a784d5fdcc1f3a2fcfc5a2,sk_sog,over,Gabriel Vilardi,1.5,fanduel,-144,110,oddsapi
2026-10-02T21:05:05Z,2026-10-02,BOS @ WPG,f5a9759e52a784d5fdcc1f3a2fcfc5a2,sk_sog,under,Gabriel Vilardi,1.5,fanduel,110,-144,oddsapi
2026-10-02T21:05:05Z,2026-10-02,BOS @ WPG,f5a9759e52a784d5fdcc1f3a2fcfc5a2,sk_sog,over,Kyle Connor,3.5,fanduel,126,-165,oddsapi
2026-10-02T21:05:05Z,2026-10-02,BOS @ WPG,f5a9759e52a784d5fdcc1f3a2fcfc5a2,sk_sog,under,Kyle Connor,3.5,fanduel,-165,126,oddsapi
2026-10-02T21:05:05Z,2026-10-02,BOS @ WPG,f5a9759e52a784d5fdcc1f3a2fcfc5a2,sk_sog,over,Mark Scheifele,2.5,fanduel,154,-205,oddsapi
2026-10-02T21:05:05Z,2026-10-02,BOS @ WPG,f5a9759e52a784d5fdcc1f3a2fcfc5a2,sk_sog,under,Mark Scheifele,2.5,fanduel,-205,154,oddsapi
2026-10-02T21:05:05Z,2026-10-02,BOS @ WPG,f5a9759e52a784d5fdcc1f3a2fcfc5a2,sk_sog,over,JJ Peterka,2.5,fanduel,148,-196,oddsapi
2026-10-02T21:05:05Z,2026-10-02,BOS @ WPG,f5a9759e52a784d5fdcc1f3a2fcfc5a2,sk_sog,under,JJ Peterka,2.5,fanduel,-196,148,oddsapi
2026-10-02T21:05:05Z,2026-10-02,BOS @ WPG,f5a9759e52a784d5fdcc1f3a2fcfc5a2,sk_sog,over,David Pastrnak,3.5,fanduel,104,-135,oddsapi
2026-10-02T21:05:05Z,2026-10-02,BOS @ WPG,f5a9759e52a784d5fdcc1f3a2fcfc5a2,sk_sog,under,David Pastrnak,3.5,fanduel,-135,104,oddsapi
2026-10-02T21:05:05Z,2026-10-02,BOS @ WPG,f5a9759e52a784d5fdcc1f3a2fcfc5a2,sk_sog,over,Pavel Zacha,1.5,fanduel,-114,-114,oddsapi
2026-10-02T21:05:05Z,2026-10-02,BOS @ WPG,f5a9759e52a784d5fdcc1f3a2fcfc5a2,sk_sog,under,Pavel Zacha,1.5,fanduel,-114,-114,oddsapi
2026-10-02T21:05:05Z,2026-10-02,BOS @ WPG,f5a9759e52a784d5fdcc1f3a2fcfc5a2,sk_sog,over,Fraser Minten,1.5,fanduel,106,-138,oddsapi
2026-10-02T21:05:05Z,2026-10-02,BOS @ WPG,f5a9759e52a784d5fdcc1f3a2fcfc5a2,sk_sog,under,Fraser Minten,1.5,fanduel,-138,106,oddsapi
2026-10-02T21:05:05Z,2026-10-02,BOS @ WPG,f5a9759e52a784d5fdcc1f3a2fcfc5a2,sk_sog,over,Hampus Lindholm,1.5,fanduel,110,-144,oddsapi
2026-10-02T21:05:05Z,2026-10-02,BOS @ WPG,f5a9759e52a784d5fdcc1f3a2fcfc5a2,sk_sog,under,Hampus Lindholm,1.5,fanduel,-144,110,oddsapi
2026-10-02T21:05:05Z,2026-10-02,BOS @ WPG,f5a9759e52a784d5fdcc1f3a2fcfc5a2,p1_pl,BOS,,0.5,fanduel,-235,180,oddsapi
2026-10-02T21:05:05Z,2026-10-02,BOS @ WPG,f5a9759e52a784d5fdcc1f3a2fcfc5a2,p1_pl,WPG,,-0.5,fanduel,180,-235,oddsapi
2026-10-02T21:05:05Z,2026-10-02,BOS @ WPG,f5a9759e52a784d5fdcc1f3a2fcfc5a2,p2_pl,BOS,,0.5,fanduel,-215,162,oddsapi
2026-10-02T21:05:05Z,2026-10-02,BOS @ WPG,f5a9759e52a784d5fdcc1f3a2fcfc5a2,p2_pl,WPG,,-0.5,fanduel,162,-215,oddsapi
2026-10-02T21:05:05Z,2026-10-02,BOS @ WPG,f5a9759e52a784d5fdcc1f3a2fcfc5a2,p3_pl,BOS,,0.5,fanduel,-190,148,oddsapi
2026-10-02T21:05:05Z,2026-10-02,BOS @ WPG,f5a9759e52a784d5fdcc1f3a2fcfc5a2,p3_pl,WPG,,-0.5,fanduel,148,-190,oddsapi
2026-10-02T21:05:05Z,2026-10-02,BOS @ WPG,f5a9759e52a784d5fdcc1f3a2fcfc5a2,team_total,over,BOS,2.5,fanduel,-152,,oddsapi
2026-10-02T21:05:05Z,2026-10-02,BOS @ WPG,f5a9759e52a784d5fdcc1f3a2fcfc5a2,team_total,under,BOS,3.5,fanduel,-210,,oddsapi
2026-10-02T21:05:05Z,2026-10-02,BOS @ WPG,f5a9759e52a784d5fdcc1f3a2fcfc5a2,team_total,over,WPG,2.5,fanduel,-172,,oddsapi
2026-10-02T21:05:05Z,2026-10-02,BOS @ WPG,f5a9759e52a784d5fdcc1f3a2fcfc5a2,team_total,under,WPG,3.5,fanduel,-182,,oddsapi
2026-10-02T21:05:05Z,2026-10-02,BOS @ WPG,f5a9759e52a784d5fdcc1f3a2fcfc5a2,p1_team_total,over,BOS,0.5,fanduel,-150,118,oddsapi
2026-10-02T21:05:05Z,2026-10-02,BOS @ WPG,f5a9759e52a784d5fdcc1f3a2fcfc5a2,p1_team_total,under,BOS,0.5,fanduel,118,-150,oddsapi
2026-10-02T21:05:05Z,2026-10-02,BOS @ WPG,f5a9759e52a784d5fdcc1f3a2fcfc5a2,p1_team_total,over,WPG,0.5,fanduel,-160,126,oddsapi
2026-10-02T21:05:05Z,2026-10-02,BOS @ WPG,f5a9759e52a784d5fdcc1f3a2fcfc5a2,p1_team_total,under,WPG,0.5,fanduel,126,-160,oddsapi
2026-10-02T21:05:05Z,2026-10-02,BOS @ WPG,f5a9759e52a784d5fdcc1f3a2fcfc5a2,p1_total,over,,1.5,fanduel,-130,102,oddsapi
2026-10-02T21:05:05Z,2026-10-02,BOS @ WPG,f5a9759e52a784d5fdcc1f3a2fcfc5a2,p1_total,under,,1.5,fanduel,102,-130,oddsapi
2026-10-02T21:05:05Z,2026-10-02,BOS @ WPG,f5a9759e52a784d5fdcc1f3a2fcfc5a2,p2_total,over,,1.5,fanduel,-164,128,oddsapi
2026-10-02T21:05:05Z,2026-10-02,BOS @ WPG,f5a9759e52a784d5fdcc1f3a2fcfc5a2,p2_total,under,,1.5,fanduel,128,-164,oddsapi
2026-10-02T21:05:05Z,2026-10-02,BOS @ WPG,f5a9759e52a784d5fdcc1f3a2fcfc5a2,p3_total,over,,1.5,fanduel,-210,158,oddsapi
2026-10-02T21:05:05Z,2026-10-02,BOS @ WPG,f5a9759e52a784d5fdcc1f3a2fcfc5a2,p3_total,under,,1.5,fanduel,158,-210,oddsapi
2026-10-02T21:05:05Z,2026-10-02,BOS @ WPG,f5a9759e52a784d5fdcc1f3a2fcfc5a2,p1_ml,BOS,,,betus,-110,-120,oddsapi
2026-10-02T21:05:05Z,2026-10-02,BOS @ WPG,f5a9759e52a784d5fdcc1f3a2fcfc5a2,p1_ml,WPG,,,betus,-120,-110,oddsapi
2026-10-02T21:05:05Z,2026-10-02,BOS @ WPG,f5a9759e52a784d5fdcc1f3a2fcfc5a2,p1_pl,BOS,,0.5,betus,-200,160,oddsapi
2026-10-02T21:05:05Z,2026-10-02,BOS @ WPG,f5a9759e52a784d5fdcc1f3a2fcfc5a2,p1_pl,WPG,,-0.5,betus,160,-200,oddsapi
2026-10-02T21:05:05Z,2026-10-02,BOS @ WPG,f5a9759e52a784d5fdcc1f3a2fcfc5a2,p1_total,over,,1.5,betus,-120,-110,oddsapi
2026-10-02T21:05:05Z,2026-10-02,BOS @ WPG,f5a9759e52a784d5fdcc1f3a2fcfc5a2,p1_total,under,,1.5,betus,-110,-120,oddsapi
2026-10-02T21:05:05Z,2026-10-02,STL @ DAL,797f03124f9bb08624b199c28f621c61,game_pl_alt,DAL,,3.5,draftkings,-4500,1200,oddsapi
2026-10-02T21:05:05Z,2026-10-02,STL @ DAL,797f03124f9bb08624b199c28f621c61,game_pl_alt,DAL,,2.5,draftkings,-950,530,oddsapi
2026-10-02T21:05:05Z,2026-10-02,STL @ DAL,797f03124f9bb08624b199c28f621c61,game_pl_alt,DAL,,1.5,draftkings,-475,310,oddsapi
2026-10-02T21:05:05Z,2026-10-02,STL @ DAL,797f03124f9bb08624b199c28f621c61,game_pl_alt,DAL,,-2.5,draftkings,230,-325,oddsapi
2026-10-02T21:05:05Z,2026-10-02,STL @ DAL,797f03124f9bb08624b199c28f621c61,game_pl_alt,DAL,,-3.5,draftkings,530,-950,oddsapi
2026-10-02T21:05:05Z,2026-10-02,STL @ DAL,797f03124f9bb08624b199c28f621c61,game_pl_alt,STL,,-3.5,draftkings,1200,-4500,oddsapi
2026-10-02T21:05:05Z,2026-10-02,STL @ DAL,797f03124f9bb08624b199c28f621c61,game_pl_alt,STL,,-2.5,draftkings,530,-950,oddsapi
2026-10-02T21:05:05Z,2026-10-02,STL @ DAL,797f03124f9bb08624b199c28f621c61,game_pl_alt,STL,,-1.5,draftkings,310,-475,oddsapi
2026-10-02T21:05:05Z,2026-10-02,STL @ DAL,797f03124f9bb08624b199c28f621c61,game_pl_alt,STL,,2.5,draftkings,-325,230,oddsapi
2026-10-02T21:05:05Z,2026-10-02,STL @ DAL,797f03124f9bb08624b199c28f621c61,game_pl_alt,STL,,3.5,draftkings,-950,530,oddsapi
2026-10-02T21:05:05Z,2026-10-02,STL @ DAL,797f03124f9bb08624b199c28f621c61,team_total_alt,over,DAL,0.5,draftkings,-6000,1300,oddsapi
2026-10-02T21:05:05Z,2026-10-02,STL @ DAL,797f03124f9bb08624b199c28f621c61,team_total_alt,under,DAL,0.5,draftkings,1300,-6000,oddsapi
2026-10-02T21:05:05Z,2026-10-02,STL @ DAL,797f03124f9bb08624b199c28f621c61,team_total_alt,over,DAL,1.5,draftkings,-700,420,oddsapi
2026-10-02T21:05:05Z,2026-10-02,STL @ DAL,797f03124f9bb08624b199c28f621c61,team_total_alt,under,DAL,1.5,draftkings,420,-700,oddsapi
2026-10-02T21:05:05Z,2026-10-02,STL @ DAL,797f03124f9bb08624b199c28f621c61,team_total_alt,over,DAL,2.5,draftkings,-230,170,oddsapi
2026-10-02T21:05:05Z,2026-10-02,STL @ DAL,797f03124f9bb08624b199c28f621c61,team_total_alt,under,DAL,2.5,draftkings,170,-230,oddsapi
2026-10-02T21:05:05Z,2026-10-02,STL @ DAL,797f03124f9bb08624b199c28f621c61,team_total_alt,over,DAL,3.5,draftkings,100,-140,oddsapi
2026-10-02T21:05:05Z,2026-10-02,STL @ DAL,797f03124f9bb08624b199c28f621c61,team_total_alt,under,DAL,3.5,draftkings,-140,100,oddsapi
2026-10-02T21:05:05Z,2026-10-02,STL @ DAL,797f03124f9bb08624b199c28f621c61,team_total_alt,over,DAL,4.5,draftkings,230,-325,oddsapi
2026-10-02T21:05:05Z,2026-10-02,STL @ DAL,797f03124f9bb08624b199c28f621c61,team_total_alt,under,DAL,4.5,draftkings,-325,230,oddsapi
2026-10-02T21:05:05Z,2026-10-02,STL @ DAL,797f03124f9bb08624b199c28f621c61,team_total_alt,over,DAL,5.5,draftkings,550,-1000,oddsapi
2026-10-02T21:05:05Z,2026-10-02,STL @ DAL,797f03124f9bb08624b199c28f621c61,team_total_alt,under,DAL,5.5,draftkings,-1000,550,oddsapi
2026-10-02T21:05:05Z,2026-10-02,STL @ DAL,797f03124f9bb08624b199c28f621c61,team_total_alt,over,STL,0.5,draftkings,-2000,850,oddsapi
2026-10-02T21:05:05Z,2026-10-02,STL @ DAL,797f03124f9bb08624b199c28f621c61,team_total_alt,under,STL,0.5,draftkings,850,-2000,oddsapi
2026-10-02T21:05:05Z,2026-10-02,STL @ DAL,797f03124f9bb08624b199c28f621c61,team_total_alt,over,STL,1.5,draftkings,-350,245,oddsapi
2026-10-02T21:05:05Z,2026-10-02,STL @ DAL,797f03124f9bb08624b199c28f621c61,team_total_alt,under,STL,1.5,draftkings,245,-350,oddsapi
2026-10-02T21:05:05Z,2026-10-02,STL @ DAL,797f03124f9bb08624b199c28f621c61,team_total_alt,over,STL,2.5,draftkings,-130,-110,oddsapi
2026-10-02T21:05:05Z,2026-10-02,STL @ DAL,797f03124f9bb08624b199c28f621c61,team_total_alt,under,STL,2.5,draftkings,-110,-130,oddsapi
2026-10-02T21:05:05Z,2026-10-02,STL @ DAL,797f03124f9bb08624b199c28f621c61,team_total_alt,over,STL,3.5,draftkings,190,-260,oddsapi
2026-10-02T21:05:05Z,2026-10-02,STL @ DAL,797f03124f9bb08624b199c28f621c61,team_total_alt,under,STL,3.5,draftkings,-260,190,oddsapi
2026-10-02T21:05:05Z,2026-10-02,STL @ DAL,797f03124f9bb08624b199c28f621c61,team_total_alt,over,STL,4.5,draftkings,440,-750,oddsapi
2026-10-02T21:05:05Z,2026-10-02,STL @ DAL,797f03124f9bb08624b199c28f621c61,team_total_alt,under,STL,4.5,draftkings,-750,440,oddsapi
2026-10-02T21:05:05Z,2026-10-02,STL @ DAL,797f03124f9bb08624b199c28f621c61,team_total_alt,over,STL,5.5,draftkings,1000,-2800,oddsapi
2026-10-02T21:05:05Z,2026-10-02,STL @ DAL,797f03124f9bb08624b199c28f621c61,team_total_alt,under,STL,5.5,draftkings,-2800,1000,oddsapi
2026-10-02T21:05:05Z,2026-10-02,STL @ DAL,797f03124f9bb08624b199c28f621c61,game_total_alt,over,,3.5,draftkings,-800,460,oddsapi
2026-10-02T21:05:05Z,2026-10-02,STL @ DAL,797f03124f9bb08624b199c28f621c61,game_total_alt,over,,4.5,draftkings,-410,275,oddsapi
2026-10-02T21:05:05Z,2026-10-02,STL @ DAL,797f03124f9bb08624b199c28f621c61,game_total_alt,over,,6.5,draftkings,110,-150,oddsapi
2026-10-02T21:05:05Z,2026-10-02,STL @ DAL,797f03124f9bb08624b199c28f621c61,game_total_alt,over,,7.5,draftkings,255,-370,oddsapi
2026-10-02T21:05:05Z,2026-10-02,STL @ DAL,797f03124f9bb08624b199c28f621c61,game_total_alt,over,,8.5,draftkings,400,-650,oddsapi
2026-10-02T21:05:05Z,2026-10-02,STL @ DAL,797f03124f9bb08624b199c28f621c61,game_total_alt,over,,9.5,draftkings,900,-2200,oddsapi
2026-10-02T21:05:05Z,2026-10-02,STL @ DAL,797f03124f9bb08624b199c28f621c61,game_total_alt,under,,3.5,draftkings,460,-800,oddsapi
2026-10-02T21:05:05Z,2026-10-02,STL @ DAL,797f03124f9bb08624b199c28f621c61,game_total_alt,under,,4.5,draftkings,275,-410,oddsapi
2026-10-02T21:05:05Z,2026-10-02,STL @ DAL,797f03124f9bb08624b199c28f621c61,game_total_alt,under,,6.5,draftkings,-150,110,oddsapi
2026-10-02T21:05:05Z,2026-10-02,STL @ DAL,797f03124f9bb08624b199c28f621c61,game_total_alt,under,,7.5,draftkings,-370,255,oddsapi
2026-10-02T21:05:05Z,2026-10-02,STL @ DAL,797f03124f9bb08624b199c28f621c61,game_total_alt,under,,8.5,draftkings,-650,400,oddsapi
2026-10-02T21:05:05Z,2026-10-02,STL @ DAL,797f03124f9bb08624b199c28f621c61,game_total_alt,under,,9.5,draftkings,-2200,900,oddsapi
2026-10-02T21:05:05Z,2026-10-02,STL @ DAL,797f03124f9bb08624b199c28f621c61,game_ml3,DAL,,,draftkings,-110,,oddsapi
2026-10-02T21:05:05Z,2026-10-02,STL @ DAL,797f03124f9bb08624b199c28f621c61,game_ml3,STL,,,draftkings,210,,oddsapi
2026-10-02T21:05:05Z,2026-10-02,STL @ DAL,797f03124f9bb08624b199c28f621c61,game_ml3,draw,,,draftkings,330,,oddsapi
2026-10-02T21:05:05Z,2026-10-02,STL @ DAL,797f03124f9bb08624b199c28f621c61,p1_ml3,DAL,,,draftkings,150,,oddsapi
2026-10-02T21:05:05Z,2026-10-02,STL @ DAL,797f03124f9bb08624b199c28f621c61,p1_ml3,STL,,,draftkings,220,,oddsapi
2026-10-02T21:05:05Z,2026-10-02,STL @ DAL,797f03124f9bb08624b199c28f621c61,p1_ml3,draw,,,draftkings,175,,oddsapi
2026-10-02T21:05:05Z,2026-10-02,STL @ DAL,797f03124f9bb08624b199c28f621c61,p2_ml3,DAL,,,draftkings,130,,oddsapi
2026-10-02T21:05:05Z,2026-10-02,STL @ DAL,797f03124f9bb08624b199c28f621c61,p2_ml3,STL,,,draftkings,220,,oddsapi
2026-10-02T21:05:05Z,2026-10-02,STL @ DAL,797f03124f9bb08624b199c28f621c61,p2_ml3,draw,,,draftkings,205,,oddsapi
2026-10-02T21:05:05Z,2026-10-02,STL @ DAL,797f03124f9bb08624b199c28f621c61,p3_ml3,DAL,,,draftkings,120,,oddsapi
2026-10-02T21:05:05Z,2026-10-02,STL @ DAL,797f03124f9bb08624b199c28f621c61,p3_ml3,STL,,,draftkings,205,,oddsapi
2026-10-02T21:05:05Z,2026-10-02,STL @ DAL,797f03124f9bb08624b199c28f621c61,p3_ml3,draw,,,draftkings,240,,oddsapi
2026-10-02T21:05:05Z,2026-10-02,STL @ DAL,797f03124f9bb08624b199c28f621c61,sk_a,over,Miro Heiskanen,0.5,draftkings,-135,100,oddsapi
2026-10-02T21:05:05Z,2026-10-02,STL @ DAL,797f03124f9bb08624b199c28f621c61,sk_a,under,Miro Heiskanen,0.5,draftkings,100,-135,oddsapi
2026-10-02T21:05:05Z,2026-10-02,STL @ DAL,797f03124f9bb08624b199c28f621c61,sk_a,over,Mikko Rantanen,0.5,draftkings,-120,-110,oddsapi
2026-10-02T21:05:05Z,2026-10-02,STL @ DAL,797f03124f9bb08624b199c28f621c61,sk_a,under,Mikko Rantanen,0.5,draftkings,-110,-120,oddsapi
2026-10-02T21:05:05Z,2026-10-02,STL @ DAL,797f03124f9bb08624b199c28f621c61,sk_a,over,Jason Robertson,0.5,draftkings,-115,-115,oddsapi
2026-10-02T21:05:05Z,2026-10-02,STL @ DAL,797f03124f9bb08624b199c28f621c61,sk_a,under,Jason Robertson,0.5,draftkings,-115,-115,oddsapi
2026-10-02T21:05:05Z,2026-10-02,STL @ DAL,797f03124f9bb08624b199c28f621c61,sk_a,over,Robert Thomas,0.5,draftkings,110,-150,oddsapi
2026-10-02T21:05:05Z,2026-10-02,STL @ DAL,797f03124f9bb08624b199c28f621c61,sk_a,under,Robert Thomas,0.5,draftkings,-150,110,oddsapi
2026-10-02T21:05:05Z,2026-10-02,STL @ DAL,797f03124f9bb08624b199c28f621c61,sk_a,over,Roope Hintz,0.5,draftkings,115,-155,oddsapi
2026-10-02T21:05:05Z,2026-10-02,STL @ DAL,797f03124f9bb08624b199c28f621c61,sk_a,under,Roope Hintz,0.5,draftkings,-155,115,oddsapi
2026-10-02T21:05:05Z,2026-10-02,STL @ DAL,797f03124f9bb08624b199c28f621c61,sk_a,over,Wyatt Johnston,0.5,draftkings,145,-200,oddsapi
2026-10-02T21:05:05Z,2026-10-02,STL @ DAL,797f03124f9bb08624b199c28f621c61,sk_a,under,Wyatt Johnston,0.5,draftkings,-200,145,oddsapi
2026-10-02T21:05:05Z,2026-10-02,STL @ DAL,797f03124f9bb08624b199c28f621c61,sk_a,over,Dylan Holloway,0.5,draftkings,150,-200,oddsapi
2026-10-02T21:05:05Z,2026-10-02,STL @ DAL,797f03124f9bb08624b199c28f621c61,sk_a,under,Dylan Holloway,0.5,draftkings,-200,150,oddsapi
2026-10-02T21:05:05Z,2026-10-02,STL @ DAL,797f03124f9bb08624b199c28f621c61,sk_a,over,Jimmy Snuggerud,0.5,draftkings,165,-225,oddsapi
2026-10-02T21:05:05Z,2026-10-02,STL @ DAL,797f03124f9bb08624b199c28f621c61,sk_a,under,Jimmy Snuggerud,0.5,draftkings,-225,165,oddsapi
2026-10-02T21:05:05Z,2026-10-02,STL @ DAL,797f03124f9bb08624b199c28f621c61,sk_a,over,Tyler Seguin,0.5,draftkings,180,-245,oddsapi
2026-10-02T21:05:05Z,2026-10-02,STL @ DAL,797f03124f9bb08624b199c28f621c61,sk_a,under,Tyler Seguin,0.5,draftkings,-245,180,oddsapi
2026-10-02T21:05:05Z,2026-10-02,STL @ DAL,797f03124f9bb08624b199c28f621c61,sk_a,over,Philip Broberg,0.5,draftkings,185,-255,oddsapi
2026-10-02T21:05:05Z,2026-10-02,STL @ DAL,797f03124f9bb08624b199c28f621c61,sk_a,under,Philip Broberg,0.5,draftkings,-255,185,oddsapi
2026-10-02T21:05:05Z,2026-10-02,STL @ DAL,797f03124f9bb08624b199c28f621c61,sk_a,over,Thomas Harley,0.5,draftkings,185,-250,oddsapi
2026-10-02T21:05:05Z,2026-10-02,STL @ DAL,797f03124f9bb08624b199c28f621c61,sk_a,under,Thomas Harley,0.5,draftkings,-250,185,oddsapi
2026-10-02T21:05:05Z,2026-10-02,STL @ DAL,797f03124f9bb08624b199c28f621c61,sk_a,over,Justin Hryckowian,0.5,draftkings,195,-270,oddsapi
2026-10-02T21:05:05Z,2026-10-02,STL @ DAL,797f03124f9bb08624b199c28f621c61,sk_a,under,Justin Hryckowian,0.5,draftkings,-270,195,oddsapi
2026-10-02T21:05:05Z,2026-10-02,STL @ DAL,797f03124f9bb08624b199c28f621c61,sk_a,over,Esa Lindell,0.5,draftkings,245,-350,oddsapi
2026-10-02T21:05:05Z,2026-10-02,STL @ DAL,797f03124f9bb08624b199c28f621c61,sk_a,under,Esa Lindell,0.5,draftkings,-350,245,oddsapi
2026-10-02T21:05:05Z,2026-10-02,STL @ DAL,797f03124f9bb08624b199c28f621c61,sk_a,over,Jamie Benn,0.5,draftkings,250,-350,oddsapi
2026-10-02T21:05:05Z,2026-10-02,STL @ DAL,797f03124f9bb08624b199c28f621c61,sk_a,under,Jamie Benn,0.5,draftkings,-350,250,oddsapi
2026-10-02T21:05:05Z,2026-10-02,STL @ DAL,797f03124f9bb08624b199c28f621c61,sk_a,over,Pavel Buchnevich,0.5,draftkings,265,-380,oddsapi
2026-10-02T21:05:05Z,2026-10-02,STL @ DAL,797f03124f9bb08624b199c28f621c61,sk_a,under,Pavel Buchnevich,0.5,draftkings,-380,265,oddsapi
2026-10-02T21:05:05Z,2026-10-02,STL @ DAL,797f03124f9bb08624b199c28f621c61,sk_a,over,Sam Steel,0.5,draftkings,265,-380,oddsapi
2026-10-02T21:05:05Z,2026-10-02,STL @ DAL,797f03124f9bb08624b199c28f621c61,sk_a,under,Sam Steel,0.5,draftkings,-380,265,oddsapi
2026-10-02T21:05:05Z,2026-10-02,STL @ DAL,797f03124f9bb08624b199c28f621c61,sk_a,over,Jake Neighbours,0.5,draftkings,285,-400,oddsapi
2026-10-02T21:05:05Z,2026-10-02,STL @ DAL,797f03124f9bb08624b199c28f621c61,sk_a,under,Jake Neighbours,0.5,draftkings,-400,285,oddsapi
2026-10-02T21:05:05Z,2026-10-02,STL @ DAL,797f03124f9bb08624b199c28f621c61,sk_a,over,Dalibor Dvorsky,0.5,draftkings,300,-425,oddsapi
2026-10-02T21:05:05Z,2026-10-02,STL @ DAL,797f03124f9bb08624b199c28f621c61,sk_a,under,Dalibor Dvorsky,0.5,draftkings,-425,300,oddsapi
2026-10-02T21:05:05Z,2026-10-02,STL @ DAL,797f03124f9bb08624b199c28f621c61,sk_a,over,Colton Parayko,0.5,draftkings,320,-475,oddsapi
2026-10-02T21:05:05Z,2026-10-02,STL @ DAL,797f03124f9bb08624b199c28f621c61,sk_a,under,Colton Parayko,0.5,draftkings,-475,320,oddsapi
2026-10-02T21:05:05Z,2026-10-02,STL @ DAL,797f03124f9bb08624b199c28f621c61,sk_a,over,Jonatan Berggren,0.5,draftkings,320,-450,oddsapi
2026-10-02T21:05:05Z,2026-10-02,STL @ DAL,797f03124f9bb08624b199c28f621c61,sk_a,under,Jonatan Berggren,0.5,draftkings,-450,320,oddsapi
2026-10-02T21:05:05Z,2026-10-02,STL @ DAL,797f03124f9bb08624b199c28f621c61,sk_a,over,Arttu Hyry,0.5,draftkings,550,-900,oddsapi
2026-10-02T21:05:05Z,2026-10-02,STL @ DAL,797f03124f9bb08624b199c28f621c61,sk_a,under,Arttu Hyry,0.5,draftkings,-900,550,oddsapi
2026-10-02T21:05:05Z,2026-10-02,STL @ DAL,797f03124f9bb08624b199c28f621c61,sk_a,over,Nils Lundkvist,0.5,draftkings,550,-900,oddsapi
2026-10-02T21:05:05Z,2026-10-02,STL @ DAL,797f03124f9bb08624b199c28f621c61,sk_a,under,Nils Lundkvist,0.5,draftkings,-900,550,oddsapi
2026-10-02T21:05:05Z,2026-10-02,STL @ DAL,797f03124f9bb08624b199c28f621c61,sk_blk,over,Thomas Harley,1.5,draftkings,-155,110,oddsapi
2026-10-02T21:05:05Z,2026-10-02,STL @ DAL,797f03124f9bb08624b199c28f621c61,sk_blk,under,Thomas Harley,1.5,draftkings,110,-155,oddsapi
2026-10-02T21:05:05Z,2026-10-02,STL @ DAL,797f03124f9bb08624b199c28f621c61,sk_blk,over,Wyatt Johnston,0.5,draftkings,150,-215,oddsapi
2026-10-02T21:05:05Z,2026-10-02,STL @ DAL,797f03124f9bb08624b199c28f621c61,sk_blk,under,Wyatt Johnston,0.5,draftkings,-215,150,oddsapi
2026-10-02T21:05:05Z,2026-10-02,STL @ DAL,797f03124f9bb08624b199c28f621c61,sk_blk,over,Mikko Rantanen,0.5,draftkings,155,-220,oddsapi
2026-10-02T21:05:05Z,2026-10-02,STL @ DAL,797f03124f9bb08624b199c28f621c61,sk_blk,under,Mikko Rantanen,0.5,draftkings,-220,155,oddsapi
2026-10-02T21:05:05Z,2026-10-02,STL @ DAL,797f03124f9bb08624b199c28f621c61,sk_blk,over,Roope Hintz,0.5,draftkings,170,-245,oddsapi
2026-10-02T21:05:05Z,2026-10-02,STL @ DAL,797f03124f9bb08624b199c28f621c61,sk_blk,under,Roope Hintz,0.5,draftkings,-245,170,oddsapi
2026-10-02T21:05:05Z,2026-10-02,STL @ DAL,797f03124f9bb08624b199c28f621c61,sk_blk,over,Jason Robertson,0.5,draftkings,180,-260,oddsapi
2026-10-02T21:05:05Z,2026-10-02,STL @ DAL,797f03124f9bb08624b199c28f621c61,sk_blk,under,Jason Robertson,0.5,draftkings,-260,180,oddsapi
2026-10-02T21:05:05Z,2026-10-02,STL @ DAL,797f03124f9bb08624b199c28f621c61,ags,yes,Jason Robertson,,draftkings,140,,oddsapi
2026-10-02T21:05:05Z,2026-10-02,STL @ DAL,797f03124f9bb08624b199c28f621c61,ags,yes,Wyatt Johnston,,draftkings,145,,oddsapi
2026-10-02T21:05:05Z,2026-10-02,STL @ DAL,797f03124f9bb08624b199c28f621c61,ags,yes,Mikko Rantanen,,draftkings,195,,oddsapi
2026-10-02T21:05:05Z,2026-10-02,STL @ DAL,797f03124f9bb08624b199c28f621c61,ags,yes,Roope Hintz,,draftkings,205,,oddsapi
2026-10-02T21:05:05Z,2026-10-02,STL @ DAL,797f03124f9bb08624b199c28f621c61,ags,yes,Dylan Holloway,,draftkings,255,,oddsapi
2026-10-02T21:05:05Z,2026-10-02,STL @ DAL,797f03124f9bb08624b199c28f621c61,ags,yes,Jimmy Snuggerud,,draftkings,275,,oddsapi
2026-10-02T21:05:05Z,2026-10-02,STL @ DAL,797f03124f9bb08624b199c28f621c61,ags,yes,Robert Thomas,,draftkings,285,,oddsapi
2026-10-02T21:05:05Z,2026-10-02,STL @ DAL,797f03124f9bb08624b199c28f621c61,ags,yes,Tyler Seguin,,draftkings,300,,oddsapi
2026-10-02T21:05:05Z,2026-10-02,STL @ DAL,797f03124f9bb08624b199c28f621c61,ags,yes,Pavel Buchnevich,,draftkings,370,,oddsapi
2026-10-02T21:05:05Z,2026-10-02,STL @ DAL,797f03124f9bb08624b199c28f621c61,ags,yes,Justin Hryckowian,,draftkings,390,,oddsapi
2026-10-02T21:05:05Z,2026-10-02,STL @ DAL,797f03124f9bb08624b199c28f621c61,ags,yes,Jake Neighbours,,draftkings,400,,oddsapi
2026-10-02T21:05:05Z,2026-10-02,STL @ DAL,797f03124f9bb08624b199c28f621c61,ags,yes,Jamie Benn,,draftkings,425,,oddsapi
2026-10-02T21:05:05Z,2026-10-02,STL @ DAL,797f03124f9bb08624b199c28f621c61,ags,yes,Miro Heiskanen,,draftkings,425,,oddsapi
2026-10-02T21:05:05Z,2026-10-02,STL @ DAL,797f03124f9bb08624b199c28f621c61,ags,yes,Sam Steel,,draftkings,450,,oddsapi
2026-10-02T21:05:05Z,2026-10-02,STL @ DAL,797f03124f9bb08624b199c28f621c61,ags,yes,Dalibor Dvorsky,,draftkings,600,,oddsapi
2026-10-02T21:05:05Z,2026-10-02,STL @ DAL,797f03124f9bb08624b199c28f621c61,ags,yes,Thomas Harley,,draftkings,650,,oddsapi
2026-10-02T21:05:05Z,2026-10-02,STL @ DAL,797f03124f9bb08624b199c28f621c61,ags,yes,Arttu Hyry,,draftkings,650,,oddsapi
2026-10-02T21:05:05Z,2026-10-02,STL @ DAL,797f03124f9bb08624b199c28f621c61,ags,yes,Pius Suter,,draftkings,750,,oddsapi
2026-10-02T21:05:05Z,2026-10-02,STL @ DAL,797f03124f9bb08624b199c28f621c61,ags,yes,Jonatan Berggren,,draftkings,850,,oddsapi
2026-10-02T21:05:05Z,2026-10-02,STL @ DAL,797f03124f9bb08624b199c28f621c61,ags,yes,Oskar Back,,draftkings,900,,oddsapi
2026-10-02T21:05:05Z,2026-10-02,STL @ DAL,797f03124f9bb08624b199c28f621c61,ags,yes,Radek Faksa,,draftkings,900,,oddsapi
2026-10-02T21:05:05Z,2026-10-02,STL @ DAL,797f03124f9bb08624b199c28f621c61,ags,yes,Esa Lindell,,draftkings,900,,oddsapi
2026-10-02T21:05:05Z,2026-10-02,STL @ DAL,797f03124f9bb08624b199c28f621c61,ags,yes,Philip Broberg,,draftkings,1100,,oddsapi
2026-10-02T21:05:05Z,2026-10-02,STL @ DAL,797f03124f9bb08624b199c28f621c61,ags,yes,Cam Fowler,,draftkings,1100,,oddsapi
2026-10-02T21:05:05Z,2026-10-02,STL @ DAL,797f03124f9bb08624b199c28f621c61,ags,yes,Alexey Toropchenko,,draftkings,1100,,oddsapi
2026-10-02T21:05:05Z,2026-10-02,STL @ DAL,797f03124f9bb08624b199c28f621c61,ags,yes,Theo Lindstein,,draftkings,1200,,oddsapi
2026-10-02T21:05:05Z,2026-10-02,STL @ DAL,797f03124f9bb08624b199c28f621c61,ags,yes,Colton Parayko,,draftkings,1200,,oddsapi
2026-10-02T21:05:05Z,2026-10-02,STL @ DAL,797f03124f9bb08624b199c28f621c61,ags,yes,Nils Lundkvist,,draftkings,1300,,oddsapi
2026-10-02T21:05:05Z,2026-10-02,STL @ DAL,797f03124f9bb08624b199c28f621c61,ags,yes,Lian Bichsel,,draftkings,1600,,oddsapi
2026-10-02T21:05:05Z,2026-10-02,STL @ DAL,797f03124f9bb08624b199c28f621c61,ags,yes,Tyler Myers,,draftkings,2500,,oddsapi
2026-10-02T21:05:05Z,2026-10-02,STL @ DAL,797f03124f9bb08624b199c28f621c61,fgs,yes,Wyatt Johnston,,draftkings,900,,oddsapi
2026-10-02T21:05:05Z,2026-10-02,STL @ DAL,797f03124f9bb08624b199c28f621c61,fgs,yes,Jason Robertson,,draftkings,1000,,oddsapi
2026-10-02T21:05:05Z,2026-10-02,STL @ DAL,797f03124f9bb08624b199c28f621c61,fgs,yes,Mikko Rantanen,,draftkings,1100,,oddsapi
2026-10-02T21:05:05Z,2026-10-02,STL @ DAL,797f03124f9bb08624b199c28f621c61,fgs,yes,Jimmy Snuggerud,,draftkings,1400,,oddsapi
2026-10-02T21:05:05Z,2026-10-02,STL @ DAL,797f03124f9bb08624b199c28f621c61,fgs,yes,Robert Thomas,,draftkings,1400,,oddsapi
2026-10-02T21:05:05Z,2026-10-02,STL @ DAL,797f03124f9bb08624b199c28f621c61,fgs,yes,Dylan Holloway,,draftkings,1400,,oddsapi
2026-10-02T21:05:05Z,2026-10-02,STL @ DAL,797f03124f9bb08624b199c28f621c61,fgs,yes,Roope Hintz,,draftkings,1400,,oddsapi
2026-10-02T21:05:05Z,2026-10-02,STL @ DAL,797f03124f9bb08624b199c28f621c61,fgs,yes,Tyler Seguin,,draftkings,1900,,oddsapi
2026-10-02T21:05:05Z,2026-10-02,STL @ DAL,797f03124f9bb08624b199c28f621c61,fgs,yes,Justin Hryckowian,,draftkings,2000,,oddsapi
2026-10-02T21:05:05Z,2026-10-02,STL @ DAL,797f03124f9bb08624b199c28f621c61,fgs,yes,Pavel Buchnevich,,draftkings,2000,,oddsapi
2026-10-02T21:05:05Z,2026-10-02,STL @ DAL,797f03124f9bb08624b199c28f621c61,fgs,yes,Jake Neighbours,,draftkings,2200,,oddsapi
2026-10-02T21:05:05Z,2026-10-02,STL @ DAL,797f03124f9bb08624b199c28f621c61,fgs,yes,Miro Heiskanen,,draftkings,2500,,oddsapi
2026-10-02T21:05:05Z,2026-10-02,STL @ DAL,797f03124f9bb08624b199c28f621c61,fgs,yes,Sam Steel,,draftkings,2500,,oddsapi
2026-10-02T21:05:05Z,2026-10-02,STL @ DAL,797f03124f9bb08624b199c28f621c61,fgs,yes,Jamie Benn,,draftkings,2500,,oddsapi
2026-10-02T21:05:05Z,2026-10-02,STL @ DAL,797f03124f9bb08624b199c28f621c61,fgs,yes,Dalibor Dvorsky,,draftkings,3000,,oddsapi
2026-10-02T21:05:05Z,2026-10-02,STL @ DAL,797f03124f9bb08624b199c28f621c61,fgs,yes,Pius Suter,,draftkings,3500,,oddsapi
2026-10-02T21:05:05Z,2026-10-02,STL @ DAL,797f03124f9bb08624b199c28f621c61,fgs,yes,Thomas Harley,,draftkings,3500,,oddsapi
2026-10-02T21:05:05Z,2026-10-02,STL @ DAL,797f03124f9bb08624b199c28f621c61,fgs,yes,Arttu Hyry,,draftkings,3500,,oddsapi
2026-10-02T21:05:05Z,2026-10-02,STL @ DAL,797f03124f9bb08624b199c28f621c61,fgs,yes,Radek Faksa,,draftkings,4500,,oddsapi
2026-10-02T21:05:05Z,2026-10-02,STL @ DAL,797f03124f9bb08624b199c28f621c61,fgs,yes,Esa Lindell,,draftkings,4500,,oddsapi
2026-10-02T21:05:05Z,2026-10-02,STL @ DAL,797f03124f9bb08624b199c28f621c61,fgs,yes,Oskar Back,,draftkings,4500,,oddsapi
2026-10-02T21:05:05Z,2026-10-02,STL @ DAL,797f03124f9bb08624b199c28f621c61,fgs,yes,Jonatan Berggren,,draftkings,4500,,oddsapi
2026-10-02T21:05:05Z,2026-10-02,STL @ DAL,797f03124f9bb08624b199c28f621c61,fgs,yes,Alexey Toropchenko,,draftkings,5000,,oddsapi
2026-10-02T21:05:05Z,2026-10-02,STL @ DAL,797f03124f9bb08624b199c28f621c61,fgs,yes,Philip Broberg,,draftkings,5000,,oddsapi
2026-10-02T21:05:05Z,2026-10-02,STL @ DAL,797f03124f9bb08624b199c28f621c61,fgs,yes,Cam Fowler,,draftkings,5000,,oddsapi
2026-10-02T21:05:05Z,2026-10-02,STL @ DAL,797f03124f9bb08624b199c28f621c61,fgs,yes,Theo Lindstein,,draftkings,5500,,oddsapi
2026-10-02T21:05:05Z,2026-10-02,STL @ DAL,797f03124f9bb08624b199c28f621c61,fgs,yes,Colton Parayko,,draftkings,6000,,oddsapi
2026-10-02T21:05:05Z,2026-10-02,STL @ DAL,797f03124f9bb08624b199c28f621c61,fgs,yes,Nils Lundkvist,,draftkings,6500,,oddsapi
2026-10-02T21:05:05Z,2026-10-02,STL @ DAL,797f03124f9bb08624b199c28f621c61,fgs,yes,Lian Bichsel,,draftkings,7000,,oddsapi
2026-10-02T21:05:05Z,2026-10-02,STL @ DAL,797f03124f9bb08624b199c28f621c61,fgs,yes,Tyler Myers,,draftkings,10000,,oddsapi
2026-10-02T21:05:05Z,2026-10-02,STL @ DAL,797f03124f9bb08624b199c28f621c61,lgs,yes,Jason Robertson,,draftkings,850,,oddsapi
2026-10-02T21:05:05Z,2026-10-02,STL @ DAL,797f03124f9bb08624b199c28f621c61,lgs,yes,Wyatt Johnston,,draftkings,900,,oddsapi
2026-10-02T21:05:05Z,2026-10-02,STL @ DAL,797f03124f9bb08624b199c28f621c61,lgs,yes,Roope Hintz,,draftkings,1100,,oddsapi
2026-10-02T21:05:05Z,2026-10-02,STL @ DAL,797f03124f9bb08624b199c28f621c61,lgs,yes,Mikko Rantanen,,draftkings,1100,,oddsapi
2026-10-02T21:05:05Z,2026-10-02,STL @ DAL,797f03124f9bb08624b199c28f621c61,lgs,yes,Jimmy Snuggerud,,draftkings,1300,,oddsapi
2026-10-02T21:05:05Z,2026-10-02,STL @ DAL,797f03124f9bb08624b199c28f621c61,lgs,yes,Robert Thomas,,draftkings,1300,,oddsapi
2026-10-02T21:05:05Z,2026-10-02,STL @ DAL,797f03124f9bb08624b199c28f621c61,lgs,yes,Dylan Holloway,,draftkings,1300,,oddsapi
2026-10-02T21:05:05Z,2026-10-02,STL @ DAL,797f03124f9bb08624b199c28f621c61,lgs,yes,Tyler Seguin,,draftkings,1400,,oddsapi
2026-10-02T21:05:05Z,2026-10-02,STL @ DAL,797f03124f9bb08624b199c28f621c61,lgs,yes,Jake Neighbours,,draftkings,1700,,oddsapi
2026-10-02T21:05:05Z,2026-10-02,STL @ DAL,797f03124f9bb08624b199c28f621c61,lgs,yes,Pavel Buchnevich,,draftkings,1700,,oddsapi
2026-10-02T21:05:05Z,2026-10-02,STL @ DAL,797f03124f9bb08624b199c28f621c61,lgs,yes,Justin Hryckowian,,draftkings,1800,,oddsapi
2026-10-02T21:05:05Z,2026-10-02,STL @ DAL,797f03124f9bb08624b199c28f621c61,lgs,yes,Miro Heiskanen,,draftkings,1800,,oddsapi
2026-10-02T21:05:05Z,2026-10-02,STL @ DAL,797f03124f9bb08624b199c28f621c61,lgs,yes,Sam Steel,,draftkings,1800,,oddsapi
2026-10-02T21:05:05Z,2026-10-02,STL @ DAL,797f03124f9bb08624b199c28f621c61,lgs,yes,Jamie Benn,,draftkings,1800,,oddsapi
2026-10-02T21:05:05Z,2026-10-02,STL @ DAL,797f03124f9bb08624b199c28f621c61,lgs,yes,Dalibor Dvorsky,,draftkings,2200,,oddsapi
2026-10-02T21:05:05Z,2026-10-02,STL @ DAL,797f03124f9bb08624b199c28f621c61,lgs,yes,Thomas Harley,,draftkings,2500,,oddsapi
2026-10-02T21:05:05Z,2026-10-02,STL @ DAL,797f03124f9bb08624b199c28f621c61,lgs,yes,Arttu Hyry,,draftkings,2500,,oddsapi
2026-10-02T21:05:05Z,2026-10-02,STL @ DAL,797f03124f9bb08624b199c28f621c61,lgs,yes,Pius Suter,,draftkings,2800,,oddsapi
2026-10-02T21:05:05Z,2026-10-02,STL @ DAL,797f03124f9bb08624b199c28f621c61,lgs,yes,Radek Faksa,,draftkings,3000,,oddsapi
2026-10-02T21:05:05Z,2026-10-02,STL @ DAL,797f03124f9bb08624b199c28f621c61,lgs,yes,Esa Lindell,,draftkings,3000,,oddsapi
2026-10-02T21:05:05Z,2026-10-02,STL @ DAL,797f03124f9bb08624b199c28f621c61,lgs,yes,Oskar Back,,draftkings,3000,,oddsapi
2026-10-02T21:05:05Z,2026-10-02,STL @ DAL,797f03124f9bb08624b199c28f621c61,lgs,yes,Jonatan Berggren,,draftkings,3000,,oddsapi
2026-10-02T21:05:05Z,2026-10-02,STL @ DAL,797f03124f9bb08624b199c28f621c61,lgs,yes,Theo Lindstein,,draftkings,3500,,oddsapi
2026-10-02T21:05:05Z,2026-10-02,STL @ DAL,797f03124f9bb08624b199c28f621c61,lgs,yes,Alexey Toropchenko,,draftkings,3500,,oddsapi
2026-10-02T21:05:05Z,2026-10-02,STL @ DAL,797f03124f9bb08624b199c28f621c61,lgs,yes,Philip Broberg,,draftkings,3500,,oddsapi
2026-10-02T21:05:05Z,2026-10-02,STL @ DAL,797f03124f9bb08624b199c28f621c61,lgs,yes,Cam Fowler,,draftkings,4000,,oddsapi
2026-10-02T21:05:05Z,2026-10-02,STL @ DAL,797f03124f9bb08624b199c28f621c61,lgs,yes,Colton Parayko,,draftkings,4000,,oddsapi
2026-10-02T21:05:05Z,2026-10-02,STL @ DAL,797f03124f9bb08624b199c28f621c61,lgs,yes,Nils Lundkvist,,draftkings,4000,,oddsapi
2026-10-02T21:05:05Z,2026-10-02,STL @ DAL,797f03124f9bb08624b199c28f621c61,lgs,yes,Lian Bichsel,,draftkings,4500,,oddsapi
2026-10-02T21:05:05Z,2026-10-02,STL @ DAL,797f03124f9bb08624b199c28f621c61,lgs,yes,Tyler Myers,,draftkings,6000,,oddsapi
2026-10-02T21:05:05Z,2026-10-02,STL @ DAL,797f03124f9bb08624b199c28f621c61,sk_pts,over,Jason Robertson,1.5,draftkings,170,-230,oddsapi
2026-10-02T21:05:05Z,2026-10-02,STL @ DAL,797f03124f9bb08624b199c28f621c61,sk_pts,under,Jason Robertson,1.5,draftkings,-230,170,oddsapi
2026-10-02T21:05:05Z,2026-10-02,STL @ DAL,797f03124f9bb08624b199c28f621c61,sk_pts,over,Mikko Rantanen,0.5,draftkings,-225,165,oddsapi
2026-10-02T21:05:05Z,2026-10-02,STL @ DAL,797f03124f9bb08624b199c28f621c61,sk_pts,under,Mikko Rantanen,0.5,draftkings,165,-225,oddsapi
2026-10-02T21:05:05Z,2026-10-02,STL @ DAL,797f03124f9bb08624b199c28f621c61,sk_pts,over,Miro Heiskanen,0.5,draftkings,-185,140,oddsapi
2026-10-02T21:05:05Z,2026-10-02,STL @ DAL,797f03124f9bb08624b199c28f621c61,sk_pts,under,Miro Heiskanen,0.5,draftkings,140,-185,oddsapi
2026-10-02T21:05:05Z,2026-10-02,STL @ DAL,797f03124f9bb08624b199c28f621c61,sk_pts,over,Wyatt Johnston,0.5,draftkings,-175,130,oddsapi
2026-10-02T21:05:05Z,2026-10-02,STL @ DAL,797f03124f9bb08624b199c28f621c61,sk_pts,under,Wyatt Johnston,0.5,draftkings,130,-175,oddsapi
2026-10-02T21:05:05Z,2026-10-02,STL @ DAL,797f03124f9bb08624b199c28f621c61,sk_pts,over,Roope Hintz,0.5,draftkings,-170,125,oddsapi
2026-10-02T21:05:05Z,2026-10-02,STL @ DAL,797f03124f9bb08624b199c28f621c61,sk_pts,under,Roope Hintz,0.5,draftkings,125,-170,oddsapi
2026-10-02T21:05:05Z,2026-10-02,STL @ DAL,797f03124f9bb08624b199c28f621c61,sk_pts,over,Robert Thomas,0.5,draftkings,-150,110,oddsapi
2026-10-02T21:05:05Z,2026-10-02,STL @ DAL,797f03124f9bb08624b199c28f621c61,sk_pts,under,Robert Thomas,0.5,draftkings,110,-150,oddsapi
2026-10-02T21:05:05Z,2026-10-02,STL @ DAL,797f03124f9bb08624b199c28f621c61,sk_pts,over,Dylan Holloway,0.5,draftkings,-130,-105,oddsapi
2026-10-02T21:05:05Z,2026-10-02,STL @ DAL,797f03124f9bb08624b199c28f621c61,sk_pts,under,Dylan Holloway,0.5,draftkings,-105,-130,oddsapi
2026-10-02T21:05:05Z,2026-10-02,STL @ DAL,797f03124f9bb08624b199c28f621c61,sk_pts,over,Jimmy Snuggerud,0.5,draftkings,-115,-115,oddsapi
2026-10-02T21:05:05Z,2026-10-02,STL @ DAL,797f03124f9bb08624b199c28f621c61,sk_pts,under,Jimmy Snuggerud,0.5,draftkings,-115,-115,oddsapi
2026-10-02T21:05:05Z,2026-10-02,STL @ DAL,797f03124f9bb08624b199c28f621c61,sk_pts,over,Tyler Seguin,0.5,draftkings,-105,-130,oddsapi
2026-10-02T21:05:05Z,2026-10-02,STL @ DAL,797f03124f9bb08624b199c28f621c61,sk_pts,under,Tyler Seguin,0.5,draftkings,-130,-105,oddsapi
2026-10-02T21:05:05Z,2026-10-02,STL @ DAL,797f03124f9bb08624b199c28f621c61,sk_pts,over,Justin Hryckowian,0.5,draftkings,115,-155,oddsapi
2026-10-02T21:05:05Z,2026-10-02,STL @ DAL,797f03124f9bb08624b199c28f621c61,sk_pts,under,Justin Hryckowian,0.5,draftkings,-155,115,oddsapi
2026-10-02T21:05:05Z,2026-10-02,STL @ DAL,797f03124f9bb08624b199c28f621c61,sk_pts,over,Thomas Harley,0.5,draftkings,130,-180,oddsapi
2026-10-02T21:05:05Z,2026-10-02,STL @ DAL,797f03124f9bb08624b199c28f621c61,sk_pts,under,Thomas Harley,0.5,draftkings,-180,130,oddsapi
2026-10-02T21:05:05Z,2026-10-02,STL @ DAL,797f03124f9bb08624b199c28f621c61,sk_pts,over,Jamie Benn,0.5,draftkings,140,-190,oddsapi
2026-10-02T21:05:05Z,2026-10-02,STL @ DAL,797f03124f9bb08624b199c28f621c61,sk_pts,under,Jamie Benn,0.5,draftkings,-190,140,oddsapi
2026-10-02T21:05:05Z,2026-10-02,STL @ DAL,797f03124f9bb08624b199c28f621c61,sk_pts,over,Pavel Buchnevich,0.5,draftkings,140,-190,oddsapi
2026-10-02T21:05:05Z,2026-10-02,STL @ DAL,797f03124f9bb08624b199c28f621c61,sk_pts,under,Pavel Buchnevich,0.5,draftkings,-190,140,oddsapi
2026-10-02T21:05:05Z,2026-10-02,STL @ DAL,797f03124f9bb08624b199c28f621c61,sk_pts,over,Jake Neighbours,0.5,draftkings,155,-210,oddsapi
2026-10-02T21:05:05Z,2026-10-02,STL @ DAL,797f03124f9bb08624b199c28f621c61,sk_pts,under,Jake Neighbours,0.5,draftkings,-210,155,oddsapi
2026-10-02T21:05:05Z,2026-10-02,STL @ DAL,797f03124f9bb08624b199c28f621c61,sk_pts,over,Philip Broberg,0.5,draftkings,155,-210,oddsapi
2026-10-02T21:05:05Z,2026-10-02,STL @ DAL,797f03124f9bb08624b199c28f621c61,sk_pts,under,Philip Broberg,0.5,draftkings,-210,155,oddsapi
2026-10-02T21:05:05Z,2026-10-02,STL @ DAL,797f03124f9bb08624b199c28f621c61,sk_pts,over,Sam Steel,0.5,draftkings,155,-215,oddsapi
2026-10-02T21:05:05Z,2026-10-02,STL @ DAL,797f03124f9bb08624b199c28f621c61,sk_pts,under,Sam Steel,0.5,draftkings,-215,155,oddsapi
2026-10-02T21:05:05Z,2026-10-02,STL @ DAL,797f03124f9bb08624b199c28f621c61,sk_pts,over,Dalibor Dvorsky,0.5,draftkings,185,-255,oddsapi
2026-10-02T21:05:05Z,2026-10-02,STL @ DAL,797f03124f9bb08624b199c28f621c61,sk_pts,under,Dalibor Dvorsky,0.5,draftkings,-255,185,oddsapi
2026-10-02T21:05:05Z,2026-10-02,STL @ DAL,797f03124f9bb08624b199c28f621c61,sk_pts,over,Esa Lindell,0.5,draftkings,190,-260,oddsapi
2026-10-02T21:05:05Z,2026-10-02,STL @ DAL,797f03124f9bb08624b199c28f621c61,sk_pts,under,Esa Lindell,0.5,draftkings,-260,190,oddsapi
2026-10-02T21:05:05Z,2026-10-02,STL @ DAL,797f03124f9bb08624b199c28f621c61,sk_pts,over,Jonatan Berggren,0.5,draftkings,220,-310,oddsapi
2026-10-02T21:05:05Z,2026-10-02,STL @ DAL,797f03124f9bb08624b199c28f621c61,sk_pts,under,Jonatan Berggren,0.5,draftkings,-310,220,oddsapi
2026-10-02T21:05:05Z,2026-10-02,STL @ DAL,797f03124f9bb08624b199c28f621c61,sk_pts,over,Colton Parayko,0.5,draftkings,250,-350,oddsapi
2026-10-02T21:05:05Z,2026-10-02,STL @ DAL,797f03124f9bb08624b199c28f621c61,sk_pts,under,Colton Parayko,0.5,draftkings,-350,250,oddsapi
2026-10-02T21:05:05Z,2026-10-02,STL @ DAL,797f03124f9bb08624b199c28f621c61,sk_pts,over,Arttu Hyry,0.5,draftkings,295,-425,oddsapi
2026-10-02T21:05:05Z,2026-10-02,STL @ DAL,797f03124f9bb08624b199c28f621c61,sk_pts,under,Arttu Hyry,0.5,draftkings,-425,295,oddsapi
2026-10-02T21:05:05Z,2026-10-02,STL @ DAL,797f03124f9bb08624b199c28f621c61,sk_pts,over,Nils Lundkvist,0.5,draftkings,380,-575,oddsapi
2026-10-02T21:05:05Z,2026-10-02,STL @ DAL,797f03124f9bb08624b199c28f621c61,sk_pts,under,Nils Lundkvist,0.5,draftkings,-575,380,oddsapi
2026-10-02T21:05:05Z,2026-10-02,STL @ DAL,797f03124f9bb08624b199c28f621c61,sk_sog,over,Jason Robertson,3.5,draftkings,100,-135,oddsapi
2026-10-02T21:05:05Z,2026-10-02,STL @ DAL,797f03124f9bb08624b199c28f621c61,sk_sog,under,Jason Robertson,3.5,draftkings,-135,100,oddsapi
2026-10-02T21:05:05Z,2026-10-02,STL @ DAL,797f03124f9bb08624b199c28f621c61,sk_sog,over,Dylan Holloway,2.5,draftkings,-125,-110,oddsapi
2026-10-02T21:05:05Z,2026-10-02,STL @ DAL,797f03124f9bb08624b199c28f621c61,sk_sog,under,Dylan Holloway,2.5,draftkings,-110,-125,oddsapi
2026-10-02T21:05:05Z,2026-10-02,STL @ DAL,797f03124f9bb08624b199c28f621c61,sk_sog,over,Wyatt Johnston,2.5,draftkings,-120,-110,oddsapi
2026-10-02T21:05:05Z,2026-10-02,STL @ DAL,797f03124f9bb08624b199c28f621c61,sk_sog,under,Wyatt Johnston,2.5,draftkings,-110,-120,oddsapi
2026-10-02T21:05:05Z,2026-10-02,STL @ DAL,797f03124f9bb08624b199c28f621c61,sk_sog,over,Jimmy Snuggerud,2.5,draftkings,115,-155,oddsapi
2026-10-02T21:05:05Z,2026-10-02,STL @ DAL,797f03124f9bb08624b199c28f621c61,sk_sog,under,Jimmy Snuggerud,2.5,draftkings,-155,115,oddsapi
2026-10-02T21:05:05Z,2026-10-02,STL @ DAL,797f03124f9bb08624b199c28f621c61,sk_sog,over,Mikko Rantanen,2.5,draftkings,120,-160,oddsapi
2026-10-02T21:05:05Z,2026-10-02,STL @ DAL,797f03124f9bb08624b199c28f621c61,sk_sog,under,Mikko Rantanen,2.5,draftkings,-160,120,oddsapi
2026-10-02T21:05:05Z,2026-10-02,STL @ DAL,797f03124f9bb08624b199c28f621c61,sk_sog,over,Miro Heiskanen,2.5,draftkings,120,-160,oddsapi
2026-10-02T21:05:05Z,2026-10-02,STL @ DAL,797f03124f9bb08624b199c28f621c61,sk_sog,under,Miro Heiskanen,2.5,draftkings,-160,120,oddsapi
2026-10-02T21:05:05Z,2026-10-02,STL @ DAL,797f03124f9bb08624b199c28f621c61,sk_sog,over,Roope Hintz,2.5,draftkings,135,-185,oddsapi
2026-10-02T21:05:05Z,2026-10-02,STL @ DAL,797f03124f9bb08624b199c28f621c61,sk_sog,under,Roope Hintz,2.5,draftkings,-185,135,oddsapi
2026-10-02T21:05:05Z,2026-10-02,STL @ DAL,797f03124f9bb08624b199c28f621c61,sk_sog,over,Thomas Harley,1.5,draftkings,-145,105,oddsapi
2026-10-02T21:05:05Z,2026-10-02,STL @ DAL,797f03124f9bb08624b199c28f621c61,sk_sog,under,Thomas Harley,1.5,draftkings,105,-145,oddsapi
2026-10-02T21:05:05Z,2026-10-02,STL @ DAL,797f03124f9bb08624b199c28f621c61,sk_sog,over,Tyler Seguin,1.5,draftkings,-130,-105,oddsapi
2026-10-02T21:05:05Z,2026-10-02,STL @ DAL,797f03124f9bb08624b199c28f621c61,sk_sog,under,Tyler Seguin,1.5,draftkings,-105,-130,oddsapi
2026-10-02T21:05:05Z,2026-10-02,STL @ DAL,797f03124f9bb08624b199c28f621c61,sk_sog,over,Robert Thomas,1.5,draftkings,-115,-115,oddsapi
2026-10-02T21:05:05Z,2026-10-02,STL @ DAL,797f03124f9bb08624b199c28f621c61,sk_sog,under,Robert Thomas,1.5,draftkings,-115,-115,oddsapi
2026-10-02T21:05:05Z,2026-10-02,STL @ DAL,797f03124f9bb08624b199c28f621c61,sk_sog,over,Justin Hryckowian,1.5,draftkings,100,-135,oddsapi
2026-10-02T21:05:05Z,2026-10-02,STL @ DAL,797f03124f9bb08624b199c28f621c61,sk_sog,under,Justin Hryckowian,1.5,draftkings,-135,100,oddsapi
2026-10-02T21:05:05Z,2026-10-02,STL @ DAL,797f03124f9bb08624b199c28f621c61,g_saves,over,Joel Hofer,26.5,draftkings,-115,-115,oddsapi
2026-10-02T21:05:05Z,2026-10-02,STL @ DAL,797f03124f9bb08624b199c28f621c61,g_saves,under,Joel Hofer,26.5,draftkings,-115,-115,oddsapi
2026-10-02T21:05:05Z,2026-10-02,STL @ DAL,797f03124f9bb08624b199c28f621c61,g_saves,over,Jake Oettinger,22.5,draftkings,-115,-120,oddsapi
2026-10-02T21:05:05Z,2026-10-02,STL @ DAL,797f03124f9bb08624b199c28f621c61,g_saves,under,Jake Oettinger,22.5,draftkings,-120,-115,oddsapi
2026-10-02T21:05:05Z,2026-10-02,STL @ DAL,797f03124f9bb08624b199c28f621c61,p1_pl,DAL,,-0.5,draftkings,145,-188,oddsapi
2026-10-02T21:05:05Z,2026-10-02,STL @ DAL,797f03124f9bb08624b199c28f621c61,p1_pl,STL,,0.5,draftkings,-188,145,oddsapi
2026-10-02T21:05:05Z,2026-10-02,STL @ DAL,797f03124f9bb08624b199c28f621c61,p2_pl,DAL,,-0.5,draftkings,130,-166,oddsapi
2026-10-02T21:05:05Z,2026-10-02,STL @ DAL,797f03124f9bb08624b199c28f621c61,p2_pl,STL,,0.5,draftkings,-166,130,oddsapi
2026-10-02T21:05:05Z,2026-10-02,STL @ DAL,797f03124f9bb08624b199c28f621c61,p3_pl,DAL,,-0.5,draftkings,120,-154,oddsapi
2026-10-02T21:05:05Z,2026-10-02,STL @ DAL,797f03124f9bb08624b199c28f621c61,p3_pl,STL,,0.5,draftkings,-154,120,oddsapi
2026-10-02T21:05:05Z,2026-10-02,STL @ DAL,797f03124f9bb08624b199c28f621c61,p1_team_total,over,DAL,0.5,draftkings,-180,140,oddsapi
2026-10-02T21:05:05Z,2026-10-02,STL @ DAL,797f03124f9bb08624b199c28f621c61,p1_team_total,under,DAL,0.5,draftkings,140,-180,oddsapi
2026-10-02T21:05:05Z,2026-10-02,STL @ DAL,797f03124f9bb08624b199c28f621c61,p1_team_total,over,STL,0.5,draftkings,-140,100,oddsapi
2026-10-02T21:05:05Z,2026-10-02,STL @ DAL,797f03124f9bb08624b199c28f621c61,p1_team_total,under,STL,0.5,draftkings,100,-140,oddsapi
2026-10-02T21:05:05Z,2026-10-02,STL @ DAL,797f03124f9bb08624b199c28f621c61,p1_total,over,,1.5,draftkings,-125,-105,oddsapi
2026-10-02T21:05:05Z,2026-10-02,STL @ DAL,797f03124f9bb08624b199c28f621c61,p1_total,under,,1.5,draftkings,-105,-125,oddsapi
2026-10-02T21:05:05Z,2026-10-02,STL @ DAL,797f03124f9bb08624b199c28f621c61,p2_total,over,,1.5,draftkings,-175,135,oddsapi
2026-10-02T21:05:05Z,2026-10-02,STL @ DAL,797f03124f9bb08624b199c28f621c61,p2_total,under,,1.5,draftkings,135,-175,oddsapi
2026-10-02T21:05:05Z,2026-10-02,STL @ DAL,797f03124f9bb08624b199c28f621c61,p3_total,over,,2.5,draftkings,145,-188,oddsapi
2026-10-02T21:05:05Z,2026-10-02,STL @ DAL,797f03124f9bb08624b199c28f621c61,p3_total,under,,2.5,draftkings,-188,145,oddsapi
2026-10-02T21:05:05Z,2026-10-02,STL @ DAL,797f03124f9bb08624b199c28f621c61,game_ml3,DAL,,,williamhill_us,-115,,oddsapi
2026-10-02T21:05:05Z,2026-10-02,STL @ DAL,797f03124f9bb08624b199c28f621c61,game_ml3,STL,,,williamhill_us,197,,oddsapi
2026-10-02T21:05:05Z,2026-10-02,STL @ DAL,797f03124f9bb08624b199c28f621c61,game_ml3,draw,,,williamhill_us,265,,oddsapi
2026-10-02T21:05:05Z,2026-10-02,STL @ DAL,797f03124f9bb08624b199c28f621c61,p1_ml3,DAL,,,williamhill_us,132,,oddsapi
2026-10-02T21:05:05Z,2026-10-02,STL @ DAL,797f03124f9bb08624b199c28f621c61,p1_ml3,STL,,,williamhill_us,220,,oddsapi
2026-10-02T21:05:05Z,2026-10-02,STL @ DAL,797f03124f9bb08624b199c28f621c61,p1_ml3,draw,,,williamhill_us,156,,oddsapi
2026-10-02T21:05:05Z,2026-10-02,STL @ DAL,797f03124f9bb08624b199c28f621c61,ags,yes,Jason Robertson,,williamhill_us,133,,oddsapi
2026-10-02T21:05:05Z,2026-10-02,STL @ DAL,797f03124f9bb08624b199c28f621c61,ags,yes,Wyatt Johnston,,williamhill_us,145,,oddsapi
2026-10-02T21:05:05Z,2026-10-02,STL @ DAL,797f03124f9bb08624b199c28f621c61,ags,yes,Mikko Rantanen,,williamhill_us,165,,oddsapi
2026-10-02T21:05:05Z,2026-10-02,STL @ DAL,797f03124f9bb08624b199c28f621c61,ags,yes,Roope Hintz,,williamhill_us,200,,oddsapi
2026-10-02T21:05:05Z,2026-10-02,STL @ DAL,797f03124f9bb08624b199c28f621c61,ags,yes,Dylan Holloway,,williamhill_us,245,,oddsapi
2026-10-02T21:05:05Z,2026-10-02,STL @ DAL,797f03124f9bb08624b199c28f621c61,ags,yes,Robert Thomas,,williamhill_us,250,,oddsapi
2026-10-02T21:05:05Z,2026-10-02,STL @ DAL,797f03124f9bb08624b199c28f621c61,ags,yes,Tyler Seguin,,williamhill_us,255,,oddsapi
2026-10-02T21:05:05Z,2026-10-02,STL @ DAL,797f03124f9bb08624b199c28f621c61,ags,yes,Jimmy Snuggerud,,williamhill_us,260,,oddsapi
2026-10-02T21:05:05Z,2026-10-02,STL @ DAL,797f03124f9bb08624b199c28f621c61,ags,yes,Pavel Buchnevich,,williamhill_us,285,,oddsapi
2026-10-02T21:05:05Z,2026-10-02,STL @ DAL,797f03124f9bb08624b199c28f621c61,ags,yes,Justin Hryckowian,,williamhill_us,330,,oddsapi
2026-10-02T21:05:05Z,2026-10-02,STL @ DAL,797f03124f9bb08624b199c28f621c61,ags,yes,Jamie Benn,,williamhill_us,360,,oddsapi
2026-10-02T21:05:05Z,2026-10-02,STL @ DAL,797f03124f9bb08624b199c28f621c61,ags,yes,Jake Neighbours,,williamhill_us,360,,oddsapi
2026-10-02T21:05:05Z,2026-10-02,STL @ DAL,797f03124f9bb08624b199c28f621c61,ags,yes,Miro Heiskanen,,williamhill_us,380,,oddsapi
2026-10-02T21:05:05Z,2026-10-02,STL @ DAL,797f03124f9bb08624b199c28f621c61,ags,yes,Sam Steel,,williamhill_us,400,,oddsapi
2026-10-02T21:05:05Z,2026-10-02,STL @ DAL,797f03124f9bb08624b199c28f621c61,ags,yes,Dalibor Dvorsky,,williamhill_us,450,,oddsapi
2026-10-02T21:05:05Z,2026-10-02,STL @ DAL,797f03124f9bb08624b199c28f621c61,ags,yes,Thomas Harley,,williamhill_us,475,,oddsapi
2026-10-02T21:05:05Z,2026-10-02,STL @ DAL,797f03124f9bb08624b199c28f621c61,ags,yes,Arttu Hyry,,williamhill_us,500,,oddsapi
2026-10-02T21:05:05Z,2026-10-02,STL @ DAL,797f03124f9bb08624b199c28f621c61,ags,yes,Pius Suter,,williamhill_us,525,,oddsapi
2026-10-02T21:05:05Z,2026-10-02,STL @ DAL,797f03124f9bb08624b199c28f621c61,ags,yes,Oskar Back,,williamhill_us,575,,oddsapi
2026-10-02T21:05:05Z,2026-10-02,STL @ DAL,797f03124f9bb08624b199c28f621c61,ags,yes,Jonatan Berggren,,williamhill_us,575,,oddsapi
2026-10-02T21:05:05Z,2026-10-02,STL @ DAL,797f03124f9bb08624b199c28f621c61,ags,yes,Radek Faksa,,williamhill_us,575,,oddsapi
2026-10-02T21:05:05Z,2026-10-02,STL @ DAL,797f03124f9bb08624b199c28f621c61,ags,yes,Philip Broberg,,williamhill_us,625,,oddsapi
2026-10-02T21:05:05Z,2026-10-02,STL @ DAL,797f03124f9bb08624b199c28f621c61,ags,yes,Esa Lindell,,williamhill_us,675,,oddsapi
2026-10-02T21:05:05Z,2026-10-02,STL @ DAL,797f03124f9bb08624b199c28f621c61,ags,yes,Cam Fowler,,williamhill_us,675,,oddsapi
2026-10-02T21:05:05Z,2026-10-02,STL @ DAL,797f03124f9bb08624b199c28f621c61,ags,yes,Alexey Toropchenko,,williamhill_us,675,,oddsapi
2026-10-02T21:05:05Z,2026-10-02,STL @ DAL,797f03124f9bb08624b199c28f621c61,ags,yes,Colton Parayko,,williamhill_us,750,,oddsapi
2026-10-02T21:05:05Z,2026-10-02,STL @ DAL,797f03124f9bb08624b199c28f621c61,ags,yes,Nils Lundkvist,,williamhill_us,750,,oddsapi
2026-10-02T21:05:05Z,2026-10-02,STL @ DAL,797f03124f9bb08624b199c28f621c61,ags,yes,Ross Johnston,,williamhill_us,750,,oddsapi
2026-10-02T21:05:05Z,2026-10-02,STL @ DAL,797f03124f9bb08624b199c28f621c61,ags,yes,Lian Bichsel,,williamhill_us,800,,oddsapi
2026-10-02T21:05:05Z,2026-10-02,STL @ DAL,797f03124f9bb08624b199c28f621c61,ags,yes,Tyler Myers,,williamhill_us,850,,oddsapi
2026-10-02T21:05:05Z,2026-10-02,STL @ DAL,797f03124f9bb08624b199c28f621c61,fgs,yes,Jason Robertson,,williamhill_us,900,,oddsapi
2026-10-02T21:05:05Z,2026-10-02,STL @ DAL,797f03124f9bb08624b199c28f621c61,fgs,yes,Wyatt Johnston,,williamhill_us,900,,oddsapi
2026-10-02T21:05:05Z,2026-10-02,STL @ DAL,797f03124f9bb08624b199c28f621c61,fgs,yes,Mikko Rantanen,,williamhill_us,1000,,oddsapi
2026-10-02T21:05:05Z,2026-10-02,STL @ DAL,797f03124f9bb08624b199c28f621c61,fgs,yes,Roope Hintz,,williamhill_us,1200,,oddsapi
2026-10-02T21:05:05Z,2026-10-02,STL @ DAL,797f03124f9bb08624b199c28f621c61,fgs,yes,Jimmy Snuggerud,,williamhill_us,1400,,oddsapi
2026-10-02T21:05:05Z,2026-10-02,STL @ DAL,797f03124f9bb08624b199c28f621c61,fgs,yes,Dylan Holloway,,williamhill_us,1500,,oddsapi
2026-10-02T21:05:05Z,2026-10-02,STL @ DAL,797f03124f9bb08624b199c28f621c61,fgs,yes,Robert Thomas,,williamhill_us,1500,,oddsapi
2026-10-02T21:05:05Z,2026-10-02,STL @ DAL,797f03124f9bb08624b199c28f621c61,fgs,yes,Tyler Seguin,,williamhill_us,1700,,oddsapi
2026-10-02T21:05:05Z,2026-10-02,STL @ DAL,797f03124f9bb08624b199c28f621c61,fgs,yes,Pavel Buchnevich,,williamhill_us,1800,,oddsapi
2026-10-02T21:05:05Z,2026-10-02,STL @ DAL,797f03124f9bb08624b199c28f621c61,fgs,yes,Justin Hryckowian,,williamhill_us,1900,,oddsapi
2026-10-02T21:05:05Z,2026-10-02,STL @ DAL,797f03124f9bb08624b199c28f621c61,fgs,yes,Jamie Benn,,williamhill_us,2000,,oddsapi
2026-10-02T21:05:05Z,2026-10-02,STL @ DAL,797f03124f9bb08624b199c28f621c61,fgs,yes,Jake Neighbours,,williamhill_us,2200,,oddsapi
2026-10-02T21:05:05Z,2026-10-02,STL @ DAL,797f03124f9bb08624b199c28f621c61,fgs,yes,Miro Heiskanen,,williamhill_us,2500,,oddsapi
2026-10-02T21:05:05Z,2026-10-02,STL @ DAL,797f03124f9bb08624b199c28f621c61,fgs,yes,Sam Steel,,williamhill_us,2500,,oddsapi
2026-10-02T21:05:05Z,2026-10-02,STL @ DAL,797f03124f9bb08624b199c28f621c61,fgs,yes,Dalibor Dvorsky,,williamhill_us,3000,,oddsapi
2026-10-02T21:05:05Z,2026-10-02,STL @ DAL,797f03124f9bb08624b199c28f621c61,fgs,yes,Thomas Harley,,williamhill_us,3300,,oddsapi
2026-10-02T21:05:05Z,2026-10-02,STL @ DAL,797f03124f9bb08624b199c28f621c61,fgs,yes,Arttu Hyry,,williamhill_us,3300,,oddsapi
2026-10-02T21:05:05Z,2026-10-02,STL @ DAL,797f03124f9bb08624b199c28f621c61,fgs,yes,Jonatan Berggren,,williamhill_us,4000,,oddsapi
2026-10-02T21:05:05Z,2026-10-02,STL @ DAL,797f03124f9bb08624b199c28f621c61,fgs,yes,Pius Suter,,williamhill_us,4000,,oddsapi
2026-10-02T21:05:05Z,2026-10-02,STL @ DAL,797f03124f9bb08624b199c28f621c61,fgs,yes,Radek Faksa,,williamhill_us,4000,,oddsapi
2026-10-02T21:05:05Z,2026-10-02,STL @ DAL,797f03124f9bb08624b199c28f621c61,fgs,yes,Oskar Back,,williamhill_us,4000,,oddsapi
2026-10-02T21:05:05Z,2026-10-02,STL @ DAL,797f03124f9bb08624b199c28f621c61,fgs,yes,Philip Broberg,,williamhill_us,4000,,oddsapi
2026-10-02T21:05:05Z,2026-10-02,STL @ DAL,797f03124f9bb08624b199c28f621c61,fgs,yes,Cam Fowler,,williamhill_us,5000,,oddsapi
2026-10-02T21:05:05Z,2026-10-02,STL @ DAL,797f03124f9bb08624b199c28f621c61,fgs,yes,Alexey Toropchenko,,williamhill_us,5500,,oddsapi
2026-10-02T21:05:05Z,2026-10-02,STL @ DAL,797f03124f9bb08624b199c28f621c61,fgs,yes,Colton Parayko,,williamhill_us,5500,,oddsapi
2026-10-02T21:05:05Z,2026-10-02,STL @ DAL,797f03124f9bb08624b199c28f621c61,fgs,yes,Esa Lindell,,williamhill_us,5500,,oddsapi
2026-10-02T21:05:05Z,2026-10-02,STL @ DAL,797f03124f9bb08624b199c28f621c61,fgs,yes,Nils Lundkvist,,williamhill_us,6600,,oddsapi
2026-10-02T21:05:05Z,2026-10-02,STL @ DAL,797f03124f9bb08624b199c28f621c61,team_total,over,DAL,3.5,williamhill_us,111,-132,oddsapi
2026-10-02T21:05:05Z,2026-10-02,STL @ DAL,797f03124f9bb08624b199c28f621c61,team_total,under,DAL,3.5,williamhill_us,-132,111,oddsapi
2026-10-02T21:05:05Z,2026-10-02,STL @ DAL,797f03124f9bb08624b199c28f621c61,team_total,over,STL,2.5,williamhill_us,-125,-110,oddsapi
2026-10-02T21:05:05Z,2026-10-02,STL @ DAL,797f03124f9bb08624b199c28f621c61,team_total,under,STL,2.5,williamhill_us,-110,-125,oddsapi
2026-10-02T21:05:05Z,2026-10-02,STL @ DAL,797f03124f9bb08624b199c28f621c61,game_pl_alt,DAL,,1.5,bovada,-550,350,oddsapi
2026-10-02T21:05:05Z,2026-10-02,STL @ DAL,797f03124f9bb08624b199c28f621c61,game_pl_alt,DAL,,-2.5,bovada,225,-310,oddsapi
2026-10-02T21:05:05Z,2026-10-02,STL @ DAL,797f03124f9bb08624b199c28f621c61,game_pl_alt,DAL,,2.5,bovada,-1100,575,oddsapi
2026-10-02T21:05:05Z,2026-10-02,STL @ DAL,797f03124f9bb08624b199c28f621c61,game_pl_alt,STL,,-1.5,bovada,350,-550,oddsapi
2026-10-02T21:05:05Z,2026-10-02,STL @ DAL,797f03124f9bb08624b199c28f621c61,game_pl_alt,STL,,2.5,bovada,-310,225,oddsapi
2026-10-02T21:05:05Z,2026-10-02,STL @ DAL,797f03124f9bb08624b199c28f621c61,game_pl_alt,STL,,-2.5,bovada,575,-1100,oddsapi
2026-10-02T21:05:05Z,2026-10-02,STL @ DAL,797f03124f9bb08624b199c28f621c61,team_total_alt,over,DAL,3.5,bovada,105,-135,oddsapi
2026-10-02T21:05:05Z,2026-10-02,STL @ DAL,797f03124f9bb08624b199c28f621c61,team_total_alt,under,DAL,3.5,bovada,-135,105,oddsapi
2026-10-02T21:05:05Z,2026-10-02,STL @ DAL,797f03124f9bb08624b199c28f621c61,team_total_alt,over,STL,2.5,bovada,-115,-115,oddsapi
2026-10-02T21:05:05Z,2026-10-02,STL @ DAL,797f03124f9bb08624b199c28f621c61,team_total_alt,under,STL,2.5,bovada,-115,-115,oddsapi
2026-10-02T21:05:05Z,2026-10-02,STL @ DAL,797f03124f9bb08624b199c28f621c61,game_total_alt,over,,5,bovada,-285,210,oddsapi
2026-10-02T21:05:05Z,2026-10-02,STL @ DAL,797f03124f9bb08624b199c28f621c61,game_total_alt,over,,5.5,bovada,-135,105,oddsapi
2026-10-02T21:05:05Z,2026-10-02,STL @ DAL,797f03124f9bb08624b199c28f621c61,game_total_alt,over,,6.5,bovada,105,-135,oddsapi
2026-10-02T21:05:05Z,2026-10-02,STL @ DAL,797f03124f9bb08624b199c28f621c61,game_total_alt,over,,7,bovada,200,-275,oddsapi
2026-10-02T21:05:05Z,2026-10-02,STL @ DAL,797f03124f9bb08624b199c28f621c61,game_total_alt,over,,7.5,bovada,250,-350,oddsapi
2026-10-02T21:05:05Z,2026-10-02,STL @ DAL,797f03124f9bb08624b199c28f621c61,game_total_alt,under,,4.5,bovada,285,,oddsapi
2026-10-02T21:05:05Z,2026-10-02,STL @ DAL,797f03124f9bb08624b199c28f621c61,game_total_alt,under,,5,bovada,210,-285,oddsapi
2026-10-02T21:05:05Z,2026-10-02,STL @ DAL,797f03124f9bb08624b199c28f621c61,game_total_alt,under,,5.5,bovada,105,-135,oddsapi
2026-10-02T21:05:05Z,2026-10-02,STL @ DAL,797f03124f9bb08624b199c28f621c61,game_total_alt,under,,6.5,bovada,-135,105,oddsapi
2026-10-02T21:05:05Z,2026-10-02,STL @ DAL,797f03124f9bb08624b199c28f621c61,game_total_alt,under,,7,bovada,-275,200,oddsapi
2026-10-02T21:05:05Z,2026-10-02,STL @ DAL,797f03124f9bb08624b199c28f621c61,game_total_alt,under,,7.5,bovada,-350,250,oddsapi
2026-10-02T21:05:05Z,2026-10-02,STL @ DAL,797f03124f9bb08624b199c28f621c61,game_ml3,DAL,,,bovada,-114,,oddsapi
2026-10-02T21:05:05Z,2026-10-02,STL @ DAL,797f03124f9bb08624b199c28f621c61,game_ml3,STL,,,bovada,230,,oddsapi
2026-10-02T21:05:05Z,2026-10-02,STL @ DAL,797f03124f9bb08624b199c28f621c61,game_ml3,draw,,,bovada,320,,oddsapi
2026-10-02T21:05:05Z,2026-10-02,STL @ DAL,797f03124f9bb08624b199c28f621c61,p1_ml3,DAL,,,bovada,145,,oddsapi
2026-10-02T21:05:05Z,2026-10-02,STL @ DAL,797f03124f9bb08624b199c28f621c61,p1_ml3,STL,,,bovada,225,,oddsapi
2026-10-02T21:05:05Z,2026-10-02,STL @ DAL,797f03124f9bb08624b199c28f621c61,p1_ml3,draw,,,bovada,176,,oddsapi
2026-10-02T21:05:05Z,2026-10-02,STL @ DAL,797f03124f9bb08624b199c28f621c61,p1_ml,DAL,,,bovada,-165,125,oddsapi
2026-10-02T21:05:05Z,2026-10-02,STL @ DAL,797f03124f9bb08624b199c28f621c61,p1_ml,STL,,,bovada,125,-165,oddsapi
2026-10-02T21:05:05Z,2026-10-02,STL @ DAL,797f03124f9bb08624b199c28f621c61,p2_ml,DAL,,,bovada,-170,130,oddsapi
2026-10-02T21:05:05Z,2026-10-02,STL @ DAL,797f03124f9bb08624b199c28f621c61,p2_ml,STL,,,bovada,130,-170,oddsapi
2026-10-02T21:05:05Z,2026-10-02,STL @ DAL,797f03124f9bb08624b199c28f621c61,p3_ml,DAL,,,bovada,-170,130,oddsapi
2026-10-02T21:05:05Z,2026-10-02,STL @ DAL,797f03124f9bb08624b199c28f621c61,p3_ml,STL,,,bovada,130,-170,oddsapi
2026-10-02T21:05:05Z,2026-10-02,STL @ DAL,797f03124f9bb08624b199c28f621c61,ags,yes,Lian Bichsel,,bovada,1200,,oddsapi
2026-10-02T21:05:05Z,2026-10-02,STL @ DAL,797f03124f9bb08624b199c28f621c61,ags,yes,Sam Steel,,bovada,440,,oddsapi
2026-10-02T21:05:05Z,2026-10-02,STL @ DAL,797f03124f9bb08624b199c28f621c61,ags,yes,Jamie Benn,,bovada,395,,oddsapi
2026-10-02T21:05:05Z,2026-10-02,STL @ DAL,797f03124f9bb08624b199c28f621c61,ags,yes,Jonatan Berggren,,bovada,700,,oddsapi
2026-10-02T21:05:05Z,2026-10-02,STL @ DAL,797f03124f9bb08624b199c28f621c61,ags,yes,Oskar Back,,bovada,750,,oddsapi
2026-10-02T21:05:05Z,2026-10-02,STL @ DAL,797f03124f9bb08624b199c28f621c61,ags,yes,Radek Faksa,,bovada,725,,oddsapi
2026-10-02T21:05:05Z,2026-10-02,STL @ DAL,797f03124f9bb08624b199c28f621c61,ags,yes,Wyatt Johnston,,bovada,147,,oddsapi
2026-10-02T21:05:05Z,2026-10-02,STL @ DAL,797f03124f9bb08624b199c28f621c61,ags,yes,Justin Hryckowian,,bovada,350,,oddsapi
2026-10-02T21:05:05Z,2026-10-02,STL @ DAL,797f03124f9bb08624b199c28f621c61,ags,yes,Jason Robertson,,bovada,136,,oddsapi
2026-10-02T21:05:05Z,2026-10-02,STL @ DAL,797f03124f9bb08624b199c28f621c61,ags,yes,Dalibor Dvorsky,,bovada,525,,oddsapi
2026-10-02T21:05:05Z,2026-10-02,STL @ DAL,797f03124f9bb08624b199c28f621c61,ags,yes,Tyler Myers,,bovada,1500,,oddsapi
2026-10-02T21:05:05Z,2026-10-02,STL @ DAL,797f03124f9bb08624b199c28f621c61,ags,yes,Cam Fowler,,bovada,800,,oddsapi
2026-10-02T21:05:05Z,2026-10-02,STL @ DAL,797f03124f9bb08624b199c28f621c61,ags,yes,Alexey Toropchenko,,bovada,900,,oddsapi
2026-10-02T21:05:05Z,2026-10-02,STL @ DAL,797f03124f9bb08624b199c28f621c61,ags,yes,Jake Neighbours,,bovada,400,,oddsapi
2026-10-02T21:05:05Z,2026-10-02,STL @ DAL,797f03124f9bb08624b199c28f621c61,ags,yes,Pavel Buchnevich,,bovada,305,,oddsapi
2026-10-02T21:05:05Z,2026-10-02,STL @ DAL,797f03124f9bb08624b199c28f621c61,ags,yes,Jimmy Snuggerud,,bovada,270,,oddsapi
2026-10-02T21:05:05Z,2026-10-02,STL @ DAL,797f03124f9bb08624b199c28f621c61,ags,yes,Philip Broberg,,bovada,850,,oddsapi
2026-10-02T21:05:05Z,2026-10-02,STL @ DAL,797f03124f9bb08624b199c28f621c61,ags,yes,Pius Suter,,bovada,650,,oddsapi
2026-10-02T21:05:05Z,2026-10-02,STL @ DAL,797f03124f9bb08624b199c28f621c61,ags,yes,Nils Lundkvist,,bovada,1200,,oddsapi
2026-10-02T21:05:05Z,2026-10-02,STL @ DAL,797f03124f9bb08624b199c28f621c61,ags,yes,Miro Heiskanen,,bovada,425,,oddsapi
2026-10-02T21:05:05Z,2026-10-02,STL @ DAL,797f03124f9bb08624b199c28f621c61,ags,yes,Tyler Seguin,,bovada,270,,oddsapi
2026-10-02T21:05:05Z,2026-10-02,STL @ DAL,797f03124f9bb08624b199c28f621c61,ags,yes,Thomas Harley,,bovada,575,,oddsapi
2026-10-02T21:05:05Z,2026-10-02,STL @ DAL,797f03124f9bb08624b199c28f621c61,ags,yes,Mikko Rantanen,,bovada,167,,oddsapi
2026-10-02T21:05:05Z,2026-10-02,STL @ DAL,797f03124f9bb08624b199c28f621c61,ags,yes,Arttu Hyry,,bovada,625,,oddsapi
2026-10-02T21:05:05Z,2026-10-02,STL @ DAL,797f03124f9bb08624b199c28f621c61,ags,yes,Dylan Holloway,,bovada,255,,oddsapi
2026-10-02T21:05:05Z,2026-10-02,STL @ DAL,797f03124f9bb08624b199c28f621c61,ags,yes,Esa Lindell,,bovada,900,,oddsapi
2026-10-02T21:05:05Z,2026-10-02,STL @ DAL,797f03124f9bb08624b199c28f621c61,ags,yes,Robert Thomas,,bovada,260,,oddsapi
2026-10-02T21:05:05Z,2026-10-02,STL @ DAL,797f03124f9bb08624b199c28f621c61,ags,yes,Colton Parayko,,bovada,1200,,oddsapi
2026-10-02T21:05:05Z,2026-10-02,STL @ DAL,797f03124f9bb08624b199c28f621c61,ags,yes,Roope Hintz,,bovada,195,,oddsapi
2026-10-02T21:05:05Z,2026-10-02,STL @ DAL,797f03124f9bb08624b199c28f621c61,ags,yes,Theo Lindstein,,bovada,1300,,oddsapi
2026-10-02T21:05:05Z,2026-10-02,STL @ DAL,797f03124f9bb08624b199c28f621c61,fgs,yes,Esa Lindell,,bovada,6000,,oddsapi
2026-10-02T21:05:05Z,2026-10-02,STL @ DAL,797f03124f9bb08624b199c28f621c61,fgs,yes,Alexey Toropchenko,,bovada,6000,,oddsapi
2026-10-02T21:05:05Z,2026-10-02,STL @ DAL,797f03124f9bb08624b199c28f621c61,fgs,yes,Miro Heiskanen,,bovada,3000,,oddsapi
2026-10-02T21:05:05Z,2026-10-02,STL @ DAL,797f03124f9bb08624b199c28f621c61,fgs,yes,Dalibor Dvorsky,,bovada,3000,,oddsapi
2026-10-02T21:05:05Z,2026-10-02,STL @ DAL,797f03124f9bb08624b199c28f621c61,fgs,yes,Mikko Rantanen,,bovada,1100,,oddsapi
2026-10-02T21:05:05Z,2026-10-02,STL @ DAL,797f03124f9bb08624b199c28f621c61,fgs,yes,Roope Hintz,,bovada,1200,,oddsapi
2026-10-02T21:05:05Z,2026-10-02,STL @ DAL,797f03124f9bb08624b199c28f621c61,fgs,yes,Jamie Benn,,bovada,2200,,oddsapi
2026-10-02T21:05:05Z,2026-10-02,STL @ DAL,797f03124f9bb08624b199c28f621c61,fgs,yes,Thomas Harley,,bovada,3500,,oddsapi
2026-10-02T21:05:05Z,2026-10-02,STL @ DAL,797f03124f9bb08624b199c28f621c61,fgs,yes,Pavel Buchnevich,,bovada,1800,,oddsapi
2026-10-02T21:05:05Z,2026-10-02,STL @ DAL,797f03124f9bb08624b199c28f621c61,fgs,yes,Jake Neighbours,,bovada,2500,,oddsapi
2026-10-02T21:05:05Z,2026-10-02,STL @ DAL,797f03124f9bb08624b199c28f621c61,fgs,yes,Colton Parayko,,bovada,6000,,oddsapi
2026-10-02T21:05:05Z,2026-10-02,STL @ DAL,797f03124f9bb08624b199c28f621c61,fgs,yes,Jonatan Berggren,,bovada,4500,,oddsapi
2026-10-02T21:05:05Z,2026-10-02,STL @ DAL,797f03124f9bb08624b199c28f621c61,fgs,yes,Philip Broberg,,bovada,6000,,oddsapi
2026-10-02T21:05:05Z,2026-10-02,STL @ DAL,797f03124f9bb08624b199c28f621c61,fgs,yes,Robert Thomas,,bovada,1600,,oddsapi
2026-10-02T21:05:05Z,2026-10-02,STL @ DAL,797f03124f9bb08624b199c28f621c61,fgs,yes,Jason Robertson,,bovada,1000,,oddsapi
2026-10-02T21:05:05Z,2026-10-02,STL @ DAL,797f03124f9bb08624b199c28f621c61,fgs,yes,Nils Lundkvist,,bovada,7000,,oddsapi
2026-10-02T21:05:05Z,2026-10-02,STL @ DAL,797f03124f9bb08624b199c28f621c61,fgs,yes,Sam Steel,,bovada,2500,,oddsapi
2026-10-02T21:05:05Z,2026-10-02,STL @ DAL,797f03124f9bb08624b199c28f621c61,fgs,yes,Justin Hryckowian,,bovada,2200,,oddsapi
2026-10-02T21:05:05Z,2026-10-02,STL @ DAL,797f03124f9bb08624b199c28f621c61,fgs,yes,Dylan Holloway,,bovada,1800,,oddsapi
2026-10-02T21:05:05Z,2026-10-02,STL @ DAL,797f03124f9bb08624b199c28f621c61,fgs,yes,Cam Fowler,,bovada,4500,,oddsapi
2026-10-02T21:05:05Z,2026-10-02,STL @ DAL,797f03124f9bb08624b199c28f621c61,fgs,yes,Oskar Back,,bovada,4000,,oddsapi
2026-10-02T21:05:05Z,2026-10-02,STL @ DAL,797f03124f9bb08624b199c28f621c61,fgs,yes,Tyler Seguin,,bovada,1600,,oddsapi
2026-10-02T21:05:05Z,2026-10-02,STL @ DAL,797f03124f9bb08624b199c28f621c61,fgs,yes,Jimmy Snuggerud,,bovada,1700,,oddsapi
2026-10-02T21:05:05Z,2026-10-02,STL @ DAL,797f03124f9bb08624b199c28f621c61,fgs,yes,Radek Faksa,,bovada,4000,,oddsapi
2026-10-02T21:05:05Z,2026-10-02,STL @ DAL,797f03124f9bb08624b199c28f621c61,fgs,yes,Wyatt Johnston,,bovada,1000,,oddsapi
2026-10-02T21:05:05Z,2026-10-02,STL @ DAL,797f03124f9bb08624b199c28f621c61,fgs,yes,Pius Suter,,bovada,3500,,oddsapi
2026-10-02T21:05:05Z,2026-10-02,STL @ DAL,797f03124f9bb08624b199c28f621c61,fgs,yes,Tyler Myers,,bovada,7500,,oddsapi
2026-10-02T21:05:05Z,2026-10-02,STL @ DAL,797f03124f9bb08624b199c28f621c61,fgs,yes,Arttu Hyry,,bovada,4000,,oddsapi
2026-10-02T21:05:05Z,2026-10-02,STL @ DAL,797f03124f9bb08624b199c28f621c61,fgs,yes,Theo Lindstein,,bovada,6500,,oddsapi
2026-10-02T21:05:05Z,2026-10-02,STL @ DAL,797f03124f9bb08624b199c28f621c61,sk_sog,over,Dylan Holloway,2.5,bovada,-125,-105,oddsapi
2026-10-02T21:05:05Z,2026-10-02,STL @ DAL,797f03124f9bb08624b199c28f621c61,sk_sog,under,Dylan Holloway,2.5,bovada,-105,-125,oddsapi
2026-10-02T21:05:05Z,2026-10-02,STL @ DAL,797f03124f9bb08624b199c28f621c61,sk_sog,over,Jason Robertson,3.5,bovada,100,-130,oddsapi
2026-10-02T21:05:05Z,2026-10-02,STL @ DAL,797f03124f9bb08624b199c28f621c61,sk_sog,under,Jason Robertson,3.5,bovada,-130,100,oddsapi
2026-10-02T21:05:05Z,2026-10-02,STL @ DAL,797f03124f9bb08624b199c28f621c61,sk_sog,over,Jimmy Snuggerud,2.5,bovada,120,-155,oddsapi
2026-10-02T21:05:05Z,2026-10-02,STL @ DAL,797f03124f9bb08624b199c28f621c61,sk_sog,under,Jimmy Snuggerud,2.5,bovada,-155,120,oddsapi
2026-10-02T21:05:05Z,2026-10-02,STL @ DAL,797f03124f9bb08624b199c28f621c61,sk_sog,over,Mikko Rantanen,2.5,bovada,110,-145,oddsapi
2026-10-02T21:05:05Z,2026-10-02,STL @ DAL,797f03124f9bb08624b199c28f621c61,sk_sog,under,Mikko Rantanen,2.5,bovada,-145,110,oddsapi
2026-10-02T21:05:05Z,2026-10-02,STL @ DAL,797f03124f9bb08624b199c28f621c61,sk_sog,over,Miro Heiskanen,2.5,bovada,115,-150,oddsapi
2026-10-02T21:05:05Z,2026-10-02,STL @ DAL,797f03124f9bb08624b199c28f621c61,sk_sog,under,Miro Heiskanen,2.5,bovada,-150,115,oddsapi
2026-10-02T21:05:05Z,2026-10-02,STL @ DAL,797f03124f9bb08624b199c28f621c61,sk_sog,over,Robert Thomas,1.5,bovada,-115,-115,oddsapi
2026-10-02T21:05:05Z,2026-10-02,STL @ DAL,797f03124f9bb08624b199c28f621c61,sk_sog,under,Robert Thomas,1.5,bovada,-115,-115,oddsapi
2026-10-02T21:05:05Z,2026-10-02,STL @ DAL,797f03124f9bb08624b199c28f621c61,sk_sog,over,Roope Hintz,2.5,bovada,135,-175,oddsapi
2026-10-02T21:05:05Z,2026-10-02,STL @ DAL,797f03124f9bb08624b199c28f621c61,sk_sog,under,Roope Hintz,2.5,bovada,-175,135,oddsapi
2026-10-02T21:05:05Z,2026-10-02,STL @ DAL,797f03124f9bb08624b199c28f621c61,sk_sog,over,Thomas Harley,1.5,bovada,-150,115,oddsapi
2026-10-02T21:05:05Z,2026-10-02,STL @ DAL,797f03124f9bb08624b199c28f621c61,sk_sog,under,Thomas Harley,1.5,bovada,115,-150,oddsapi
2026-10-02T21:05:05Z,2026-10-02,STL @ DAL,797f03124f9bb08624b199c28f621c61,sk_sog,over,Tyler Seguin,1.5,bovada,-130,100,oddsapi
2026-10-02T21:05:05Z,2026-10-02,STL @ DAL,797f03124f9bb08624b199c28f621c61,sk_sog,under,Tyler Seguin,1.5,bovada,100,-130,oddsapi
2026-10-02T21:05:05Z,2026-10-02,STL @ DAL,797f03124f9bb08624b199c28f621c61,sk_sog,over,Wyatt Johnston,2.5,bovada,-120,-110,oddsapi
2026-10-02T21:05:05Z,2026-10-02,STL @ DAL,797f03124f9bb08624b199c28f621c61,sk_sog,under,Wyatt Johnston,2.5,bovada,-110,-120,oddsapi
2026-10-02T21:05:05Z,2026-10-02,STL @ DAL,797f03124f9bb08624b199c28f621c61,g_saves,over,Jake Oettinger,22.5,bovada,-120,-110,oddsapi
2026-10-02T21:05:05Z,2026-10-02,STL @ DAL,797f03124f9bb08624b199c28f621c61,g_saves,under,Jake Oettinger,22.5,bovada,-110,-120,oddsapi
2026-10-02T21:05:05Z,2026-10-02,STL @ DAL,797f03124f9bb08624b199c28f621c61,g_saves,over,Joel Hofer,26.5,bovada,105,-135,oddsapi
2026-10-02T21:05:05Z,2026-10-02,STL @ DAL,797f03124f9bb08624b199c28f621c61,g_saves,under,Joel Hofer,26.5,bovada,-135,105,oddsapi
2026-10-02T21:05:05Z,2026-10-02,STL @ DAL,797f03124f9bb08624b199c28f621c61,p1_pl,DAL,,-0.5,bovada,135,-180,oddsapi
2026-10-02T21:05:05Z,2026-10-02,STL @ DAL,797f03124f9bb08624b199c28f621c61,p1_pl,STL,,0.5,bovada,-180,135,oddsapi
2026-10-02T21:05:05Z,2026-10-02,STL @ DAL,797f03124f9bb08624b199c28f621c61,p2_pl,DAL,,-0.5,bovada,125,-165,oddsapi
2026-10-02T21:05:05Z,2026-10-02,STL @ DAL,797f03124f9bb08624b199c28f621c61,p2_pl,STL,,0.5,bovada,-165,125,oddsapi
2026-10-02T21:05:05Z,2026-10-02,STL @ DAL,797f03124f9bb08624b199c28f621c61,p3_pl,DAL,,-0.5,bovada,110,-145,oddsapi
2026-10-02T21:05:05Z,2026-10-02,STL @ DAL,797f03124f9bb08624b199c28f621c61,p3_pl,STL,,0.5,bovada,-145,110,oddsapi
2026-10-02T21:05:05Z,2026-10-02,STL @ DAL,797f03124f9bb08624b199c28f621c61,p1_total,over,,1.5,bovada,-130,100,oddsapi
2026-10-02T21:05:05Z,2026-10-02,STL @ DAL,797f03124f9bb08624b199c28f621c61,p1_total,under,,1.5,bovada,100,-130,oddsapi
2026-10-02T21:05:05Z,2026-10-02,STL @ DAL,797f03124f9bb08624b199c28f621c61,p2_total,over,,2,bovada,115,-150,oddsapi
2026-10-02T21:05:05Z,2026-10-02,STL @ DAL,797f03124f9bb08624b199c28f621c61,p2_total,under,,2,bovada,-150,115,oddsapi
2026-10-02T21:05:05Z,2026-10-02,STL @ DAL,797f03124f9bb08624b199c28f621c61,p3_total,over,,2,bovada,-125,-105,oddsapi
2026-10-02T21:05:05Z,2026-10-02,STL @ DAL,797f03124f9bb08624b199c28f621c61,p3_total,under,,2,bovada,-105,-125,oddsapi
2026-10-02T21:05:05Z,2026-10-02,STL @ DAL,797f03124f9bb08624b199c28f621c61,game_ml3,DAL,,,fanatics,-115,,oddsapi
2026-10-02T21:05:05Z,2026-10-02,STL @ DAL,797f03124f9bb08624b199c28f621c61,game_ml3,STL,,,fanatics,225,,oddsapi
2026-10-02T21:05:05Z,2026-10-02,STL @ DAL,797f03124f9bb08624b199c28f621c61,game_ml3,draw,,,fanatics,290,,oddsapi
2026-10-02T21:05:05Z,2026-10-02,STL @ DAL,797f03124f9bb08624b199c28f621c61,ags,yes,Mikko Rantanen,,fanatics,170,,oddsapi
2026-10-02T21:05:05Z,2026-10-02,STL @ DAL,797f03124f9bb08624b199c28f621c61,ags,yes,Miro Heiskanen,,fanatics,430,,oddsapi
2026-10-02T21:05:05Z,2026-10-02,STL @ DAL,797f03124f9bb08624b199c28f621c61,ags,yes,Nils Lundkvist,,fanatics,1400,,oddsapi
2026-10-02T21:05:05Z,2026-10-02,STL @ DAL,797f03124f9bb08624b199c28f621c61,ags,yes,Radek Faksa,,fanatics,800,,oddsapi
2026-10-02T21:05:05Z,2026-10-02,STL @ DAL,797f03124f9bb08624b199c28f621c61,ags,yes,Jamie Benn,,fanatics,410,,oddsapi
2026-10-02T21:05:05Z,2026-10-02,STL @ DAL,797f03124f9bb08624b199c28f621c61,ags,yes,Sam Steel,,fanatics,450,,oddsapi
2026-10-02T21:05:05Z,2026-10-02,STL @ DAL,797f03124f9bb08624b199c28f621c61,ags,yes,Jason Robertson,,fanatics,135,,oddsapi
2026-10-02T21:05:05Z,2026-10-02,STL @ DAL,797f03124f9bb08624b199c28f621c61,ags,yes,Esa Lindell,,fanatics,1000,,oddsapi
2026-10-02T21:05:05Z,2026-10-02,STL @ DAL,797f03124f9bb08624b199c28f621c61,ags,yes,Roope Hintz,,fanatics,190,,oddsapi
2026-10-02T21:05:05Z,2026-10-02,STL @ DAL,797f03124f9bb08624b199c28f621c61,ags,yes,Oskar Back,,fanatics,900,,oddsapi
2026-10-02T21:05:05Z,2026-10-02,STL @ DAL,797f03124f9bb08624b199c28f621c61,ags,yes,Wyatt Johnston,,fanatics,145,,oddsapi
2026-10-02T21:05:05Z,2026-10-02,STL @ DAL,797f03124f9bb08624b199c28f621c61,ags,yes,Thomas Harley,,fanatics,650,,oddsapi
2026-10-02T21:05:05Z,2026-10-02,STL @ DAL,797f03124f9bb08624b199c28f621c61,ags,yes,Tyler Seguin,,fanatics,275,,oddsapi
2026-10-02T21:05:05Z,2026-10-02,STL @ DAL,797f03124f9bb08624b199c28f621c61,ags,yes,Tyler Myers,,fanatics,2200,,oddsapi
2026-10-02T21:05:05Z,2026-10-02,STL @ DAL,797f03124f9bb08624b199c28f621c61,ags,yes,Justin Hryckowian,,fanatics,360,,oddsapi
2026-10-02T21:05:05Z,2026-10-02,STL @ DAL,797f03124f9bb08624b199c28f621c61,ags,yes,Arttu Hyry,,fanatics,650,,oddsapi
2026-10-02T21:05:05Z,2026-10-02,STL @ DAL,797f03124f9bb08624b199c28f621c61,ags,yes,Jonatan Berggren,,fanatics,800,,oddsapi
2026-10-02T21:05:05Z,2026-10-02,STL @ DAL,797f03124f9bb08624b199c28f621c61,ags,yes,Dalibor Dvorsky,,fanatics,650,,oddsapi
2026-10-02T21:05:05Z,2026-10-02,STL @ DAL,797f03124f9bb08624b199c28f621c61,ags,yes,Alexey Toropchenko,,fanatics,1000,,oddsapi
2026-10-02T21:05:05Z,2026-10-02,STL @ DAL,797f03124f9bb08624b199c28f621c61,ags,yes,Robert Thomas,,fanatics,260,,oddsapi
2026-10-02T21:05:05Z,2026-10-02,STL @ DAL,797f03124f9bb08624b199c28f621c61,ags,yes,Colton Parayko,,fanatics,1200,,oddsapi
2026-10-02T21:05:05Z,2026-10-02,STL @ DAL,797f03124f9bb08624b199c28f621c61,ags,yes,Jake Neighbours,,fanatics,390,,oddsapi
2026-10-02T21:05:05Z,2026-10-02,STL @ DAL,797f03124f9bb08624b199c28f621c61,ags,yes,Pavel Buchnevich,,fanatics,325,,oddsapi
2026-10-02T21:05:05Z,2026-10-02,STL @ DAL,797f03124f9bb08624b199c28f621c61,ags,yes,Dylan Holloway,,fanatics,250,,oddsapi
2026-10-02T21:05:05Z,2026-10-02,STL @ DAL,797f03124f9bb08624b199c28f621c61,ags,yes,Philip Broberg,,fanatics,1200,,oddsapi
2026-10-02T21:05:05Z,2026-10-02,STL @ DAL,797f03124f9bb08624b199c28f621c61,ags,yes,Cam Fowler,,fanatics,900,,oddsapi
2026-10-02T21:05:05Z,2026-10-02,STL @ DAL,797f03124f9bb08624b199c28f621c61,ags,yes,Pius Suter,,fanatics,700,,oddsapi
2026-10-02T21:05:05Z,2026-10-02,STL @ DAL,797f03124f9bb08624b199c28f621c61,ags,yes,Jimmy Snuggerud,,fanatics,275,,oddsapi
2026-10-02T21:05:05Z,2026-10-02,STL @ DAL,797f03124f9bb08624b199c28f621c61,ags,yes,Theo Lindstein,,fanatics,1400,,oddsapi
2026-10-02T21:05:05Z,2026-10-02,STL @ DAL,797f03124f9bb08624b199c28f621c61,ags,yes,Lian Bichsel,,fanatics,1800,,oddsapi
2026-10-02T21:05:05Z,2026-10-02,STL @ DAL,797f03124f9bb08624b199c28f621c61,ags,yes,Ross Johnston,,fanatics,1400,,oddsapi
2026-10-02T21:05:05Z,2026-10-02,STL @ DAL,797f03124f9bb08624b199c28f621c61,fgs,yes,Mikko Rantanen,,fanatics,1000,,oddsapi
2026-10-02T21:05:05Z,2026-10-02,STL @ DAL,797f03124f9bb08624b199c28f621c61,fgs,yes,Miro Heiskanen,,fanatics,1900,,oddsapi
2026-10-02T21:05:05Z,2026-10-02,STL @ DAL,797f03124f9bb08624b199c28f621c61,fgs,yes,Nils Lundkvist,,fanatics,6000,,oddsapi
2026-10-02T21:05:05Z,2026-10-02,STL @ DAL,797f03124f9bb08624b199c28f621c61,fgs,yes,Radek Faksa,,fanatics,3500,,oddsapi
2026-10-02T21:05:05Z,2026-10-02,STL @ DAL,797f03124f9bb08624b199c28f621c61,fgs,yes,Jamie Benn,,fanatics,1900,,oddsapi
2026-10-02T21:05:05Z,2026-10-02,STL @ DAL,797f03124f9bb08624b199c28f621c61,fgs,yes,Sam Steel,,fanatics,1900,,oddsapi
2026-10-02T21:05:05Z,2026-10-02,STL @ DAL,797f03124f9bb08624b199c28f621c61,fgs,yes,Jason Robertson,,fanatics,800,,oddsapi
2026-10-02T21:05:05Z,2026-10-02,STL @ DAL,797f03124f9bb08624b199c28f621c61,fgs,yes,Esa Lindell,,fanatics,5000,,oddsapi
2026-10-02T21:05:05Z,2026-10-02,STL @ DAL,797f03124f9bb08624b199c28f621c61,fgs,yes,Roope Hintz,,fanatics,1100,,oddsapi
2026-10-02T21:05:05Z,2026-10-02,STL @ DAL,797f03124f9bb08624b199c28f621c61,fgs,yes,Oskar Back,,fanatics,3500,,oddsapi
2026-10-02T21:05:05Z,2026-10-02,STL @ DAL,797f03124f9bb08624b199c28f621c61,fgs,yes,Wyatt Johnston,,fanatics,900,,oddsapi
2026-10-02T21:05:05Z,2026-10-02,STL @ DAL,797f03124f9bb08624b199c28f621c61,fgs,yes,Thomas Harley,,fanatics,3000,,oddsapi
2026-10-02T21:05:05Z,2026-10-02,STL @ DAL,797f03124f9bb08624b199c28f621c61,fgs,yes,Tyler Seguin,,fanatics,1500,,oddsapi
2026-10-02T21:05:05Z,2026-10-02,STL @ DAL,797f03124f9bb08624b199c28f621c61,fgs,yes,Tyler Myers,,fanatics,8000,,oddsapi
2026-10-02T21:05:05Z,2026-10-02,STL @ DAL,797f03124f9bb08624b199c28f621c61,fgs,yes,Justin Hryckowian,,fanatics,2200,,oddsapi
2026-10-02T21:05:05Z,2026-10-02,STL @ DAL,797f03124f9bb08624b199c28f621c61,fgs,yes,Arttu Hyry,,fanatics,2800,,oddsapi
2026-10-02T21:05:05Z,2026-10-02,STL @ DAL,797f03124f9bb08624b199c28f621c61,fgs,yes,Jonatan Berggren,,fanatics,3500,,oddsapi
2026-10-02T21:05:05Z,2026-10-02,STL @ DAL,797f03124f9bb08624b199c28f621c61,fgs,yes,Dalibor Dvorsky,,fanatics,2800,,oddsapi
2026-10-02T21:05:05Z,2026-10-02,STL @ DAL,797f03124f9bb08624b199c28f621c61,fgs,yes,Alexey Toropchenko,,fanatics,4500,,oddsapi
2026-10-02T21:05:05Z,2026-10-02,STL @ DAL,797f03124f9bb08624b199c28f621c61,fgs,yes,Robert Thomas,,fanatics,1500,,oddsapi
2026-10-02T21:05:05Z,2026-10-02,STL @ DAL,797f03124f9bb08624b199c28f621c61,fgs,yes,Colton Parayko,,fanatics,5000,,oddsapi
2026-10-02T21:05:05Z,2026-10-02,STL @ DAL,797f03124f9bb08624b199c28f621c61,fgs,yes,Jake Neighbours,,fanatics,1900,,oddsapi
2026-10-02T21:05:05Z,2026-10-02,STL @ DAL,797f03124f9bb08624b199c28f621c61,fgs,yes,Pavel Buchnevich,,fanatics,1500,,oddsapi
2026-10-02T21:05:05Z,2026-10-02,STL @ DAL,797f03124f9bb08624b199c28f621c61,fgs,yes,Dylan Holloway,,fanatics,1300,,oddsapi
2026-10-02T21:05:05Z,2026-10-02,STL @ DAL,797f03124f9bb08624b199c28f621c61,fgs,yes,Philip Broberg,,fanatics,4000,,oddsapi
2026-10-02T21:05:05Z,2026-10-02,STL @ DAL,797f03124f9bb08624b199c28f621c61,fgs,yes,Cam Fowler,,fanatics,4500,,oddsapi
2026-10-02T21:05:05Z,2026-10-02,STL @ DAL,797f03124f9bb08624b199c28f621c61,fgs,yes,Pius Suter,,fanatics,3000,,oddsapi
2026-10-02T21:05:05Z,2026-10-02,STL @ DAL,797f03124f9bb08624b199c28f621c61,fgs,yes,Jimmy Snuggerud,,fanatics,1500,,oddsapi
2026-10-02T21:05:05Z,2026-10-02,STL @ DAL,797f03124f9bb08624b199c28f621c61,fgs,yes,Theo Lindstein,,fanatics,6000,,oddsapi
2026-10-02T21:05:05Z,2026-10-02,STL @ DAL,797f03124f9bb08624b199c28f621c61,fgs,yes,No 1st Goal,,fanatics,12000,,oddsapi
2026-10-02T21:05:05Z,2026-10-02,STL @ DAL,797f03124f9bb08624b199c28f621c61,fgs,yes,Lian Bichsel,,fanatics,8000,,oddsapi
2026-10-02T21:05:05Z,2026-10-02,STL @ DAL,797f03124f9bb08624b199c28f621c61,fgs,yes,Ross Johnston,,fanatics,5000,,oddsapi
2026-10-02T21:05:05Z,2026-10-02,STL @ DAL,797f03124f9bb08624b199c28f621c61,team_total,over,DAL,2.5,fanatics,-250,185,oddsapi
2026-10-02T21:05:05Z,2026-10-02,STL @ DAL,797f03124f9bb08624b199c28f621c61,team_total,under,DAL,2.5,fanatics,185,-250,oddsapi
2026-10-02T21:05:05Z,2026-10-02,STL @ DAL,797f03124f9bb08624b199c28f621c61,team_total,over,STL,1.5,fanatics,-340,240,oddsapi
2026-10-02T21:05:05Z,2026-10-02,STL @ DAL,797f03124f9bb08624b199c28f621c61,team_total,under,STL,1.5,fanatics,240,-340,oddsapi
2026-10-02T21:05:05Z,2026-10-02,STL @ DAL,797f03124f9bb08624b199c28f621c61,team_total_alt,over,DAL,1.5,betmgm,-800,425,oddsapi
2026-10-02T21:05:05Z,2026-10-02,STL @ DAL,797f03124f9bb08624b199c28f621c61,team_total_alt,under,DAL,1.5,betmgm,425,-800,oddsapi
2026-10-02T21:05:05Z,2026-10-02,STL @ DAL,797f03124f9bb08624b199c28f621c61,team_total_alt,over,DAL,2,betmgm,-625,360,oddsapi
2026-10-02T21:05:05Z,2026-10-02,STL @ DAL,797f03124f9bb08624b199c28f621c61,team_total_alt,under,DAL,2,betmgm,360,-625,oddsapi
2026-10-02T21:05:05Z,2026-10-02,STL @ DAL,797f03124f9bb08624b199c28f621c61,team_total_alt,over,DAL,2.5,betmgm,-250,175,oddsapi
2026-10-02T21:05:05Z,2026-10-02,STL @ DAL,797f03124f9bb08624b199c28f621c61,team_total_alt,under,DAL,2.5,betmgm,175,-250,oddsapi
2026-10-02T21:05:05Z,2026-10-02,STL @ DAL,797f03124f9bb08624b199c28f621c61,team_total_alt,over,DAL,3,betmgm,-185,130,oddsapi
2026-10-02T21:05:05Z,2026-10-02,STL @ DAL,797f03124f9bb08624b199c28f621c61,team_total_alt,under,DAL,3,betmgm,130,-185,oddsapi
2026-10-02T21:05:05Z,2026-10-02,STL @ DAL,797f03124f9bb08624b199c28f621c61,team_total_alt,over,DAL,3.5,betmgm,-110,-125,oddsapi
2026-10-02T21:05:05Z,2026-10-02,STL @ DAL,797f03124f9bb08624b199c28f621c61,team_total_alt,under,DAL,3.5,betmgm,-125,-110,oddsapi
2026-10-02T21:05:05Z,2026-10-02,STL @ DAL,797f03124f9bb08624b199c28f621c61,team_total_alt,over,DAL,4,betmgm,150,-210,oddsapi
2026-10-02T21:05:05Z,2026-10-02,STL @ DAL,797f03124f9bb08624b199c28f621c61,team_total_alt,under,DAL,4,betmgm,-210,150,oddsapi
2026-10-02T21:05:05Z,2026-10-02,STL @ DAL,797f03124f9bb08624b199c28f621c61,team_total_alt,over,DAL,4.5,betmgm,200,-295,oddsapi
2026-10-02T21:05:05Z,2026-10-02,STL @ DAL,797f03124f9bb08624b199c28f621c61,team_total_alt,under,DAL,4.5,betmgm,-295,200,oddsapi
2026-10-02T21:05:05Z,2026-10-02,STL @ DAL,797f03124f9bb08624b199c28f621c61,team_total_alt,over,DAL,5.5,betmgm,425,-800,oddsapi
2026-10-02T21:05:05Z,2026-10-02,STL @ DAL,797f03124f9bb08624b199c28f621c61,team_total_alt,under,DAL,5.5,betmgm,-800,425,oddsapi
2026-10-02T21:05:05Z,2026-10-02,STL @ DAL,797f03124f9bb08624b199c28f621c61,team_total_alt,over,DAL,5,betmgm,375,-650,oddsapi
2026-10-02T21:05:05Z,2026-10-02,STL @ DAL,797f03124f9bb08624b199c28f621c61,team_total_alt,under,DAL,5,betmgm,-650,375,oddsapi
2026-10-02T21:05:05Z,2026-10-02,STL @ DAL,797f03124f9bb08624b199c28f621c61,team_total_alt,over,STL,0.5,betmgm,-2000,675,oddsapi
2026-10-02T21:05:05Z,2026-10-02,STL @ DAL,797f03124f9bb08624b199c28f621c61,team_total_alt,under,STL,0.5,betmgm,675,-2000,oddsapi
2026-10-02T21:05:05Z,2026-10-02,STL @ DAL,797f03124f9bb08624b199c28f621c61,team_total_alt,over,STL,1,betmgm,-1200,550,oddsapi
2026-10-02T21:05:05Z,2026-10-02,STL @ DAL,797f03124f9bb08624b199c28f621c61,team_total_alt,under,STL,1,betmgm,550,-1200,oddsapi
2026-10-02T21:05:05Z,2026-10-02,STL @ DAL,797f03124f9bb08624b199c28f621c61,team_total_alt,over,STL,1.5,betmgm,-325,220,oddsapi
2026-10-02T21:05:05Z,2026-10-02,STL @ DAL,797f03124f9bb08624b199c28f621c61,team_total_alt,under,STL,1.5,betmgm,220,-325,oddsapi
2026-10-02T21:05:05Z,2026-10-02,STL @ DAL,797f03124f9bb08624b199c28f621c61,team_total_alt,over,STL,2,betmgm,-210,150,oddsapi
2026-10-02T21:05:05Z,2026-10-02,STL @ DAL,797f03124f9bb08624b199c28f621c61,team_total_alt,under,STL,2,betmgm,150,-210,oddsapi
2026-10-02T21:05:05Z,2026-10-02,STL @ DAL,797f03124f9bb08624b199c28f621c61,team_total_alt,over,STL,2.5,betmgm,-118,-118,oddsapi
2026-10-02T21:05:05Z,2026-10-02,STL @ DAL,797f03124f9bb08624b199c28f621c61,team_total_alt,under,STL,2.5,betmgm,-118,-118,oddsapi
2026-10-02T21:05:05Z,2026-10-02,STL @ DAL,797f03124f9bb08624b199c28f621c61,team_total_alt,over,STL,3,betmgm,140,-200,oddsapi
2026-10-02T21:05:05Z,2026-10-02,STL @ DAL,797f03124f9bb08624b199c28f621c61,team_total_alt,under,STL,3,betmgm,-200,140,oddsapi
2026-10-02T21:05:05Z,2026-10-02,STL @ DAL,797f03124f9bb08624b199c28f621c61,team_total_alt,over,STL,3.5,betmgm,195,-285,oddsapi
2026-10-02T21:05:05Z,2026-10-02,STL @ DAL,797f03124f9bb08624b199c28f621c61,team_total_alt,under,STL,3.5,betmgm,-285,195,oddsapi
2026-10-02T21:05:05Z,2026-10-02,STL @ DAL,797f03124f9bb08624b199c28f621c61,team_total_alt,over,STL,4,betmgm,360,-625,oddsapi
2026-10-02T21:05:05Z,2026-10-02,STL @ DAL,797f03124f9bb08624b199c28f621c61,team_total_alt,under,STL,4,betmgm,-625,360,oddsapi
2026-10-02T21:05:05Z,2026-10-02,STL @ DAL,797f03124f9bb08624b199c28f621c61,team_total_alt,over,STL,4.5,betmgm,425,-750,oddsapi
2026-10-02T21:05:05Z,2026-10-02,STL @ DAL,797f03124f9bb08624b199c28f621c61,team_total_alt,under,STL,4.5,betmgm,-750,425,oddsapi
2026-10-02T21:05:05Z,2026-10-02,STL @ DAL,797f03124f9bb08624b199c28f621c61,game_ml3,DAL,,,betmgm,-118,,oddsapi
2026-10-02T21:05:05Z,2026-10-02,STL @ DAL,797f03124f9bb08624b199c28f621c61,game_ml3,STL,,,betmgm,240,,oddsapi
2026-10-02T21:05:05Z,2026-10-02,STL @ DAL,797f03124f9bb08624b199c28f621c61,game_ml3,draw,,,betmgm,310,,oddsapi
2026-10-02T21:05:05Z,2026-10-02,STL @ DAL,797f03124f9bb08624b199c28f621c61,p1_ml3,DAL,,,betmgm,125,,oddsapi
2026-10-02T21:05:05Z,2026-10-02,STL @ DAL,797f03124f9bb08624b199c28f621c61,p1_ml3,STL,,,betmgm,230,,oddsapi
2026-10-02T21:05:05Z,2026-10-02,STL @ DAL,797f03124f9bb08624b199c28f621c61,p1_ml3,draw,,,betmgm,175,,oddsapi
2026-10-02T21:05:05Z,2026-10-02,STL @ DAL,797f03124f9bb08624b199c28f621c61,p2_ml3,DAL,,,betmgm,118,,oddsapi
2026-10-02T21:05:05Z,2026-10-02,STL @ DAL,797f03124f9bb08624b199c28f621c61,p2_ml3,STL,,,betmgm,220,,oddsapi
2026-10-02T21:05:05Z,2026-10-02,STL @ DAL,797f03124f9bb08624b199c28f621c61,p2_ml3,draw,,,betmgm,195,,oddsapi
2026-10-02T21:05:05Z,2026-10-02,STL @ DAL,797f03124f9bb08624b199c28f621c61,p3_ml3,DAL,,,betmgm,105,,oddsapi
2026-10-02T21:05:05Z,2026-10-02,STL @ DAL,797f03124f9bb08624b199c28f621c61,p3_ml3,STL,,,betmgm,210,,oddsapi
2026-10-02T21:05:05Z,2026-10-02,STL @ DAL,797f03124f9bb08624b199c28f621c61,p3_ml3,draw,,,betmgm,230,,oddsapi
2026-10-02T21:05:05Z,2026-10-02,STL @ DAL,797f03124f9bb08624b199c28f621c61,p1_ml,DAL,,,betmgm,-170,130,oddsapi
2026-10-02T21:05:05Z,2026-10-02,STL @ DAL,797f03124f9bb08624b199c28f621c61,p1_ml,STL,,,betmgm,130,-170,oddsapi
2026-10-02T21:05:05Z,2026-10-02,STL @ DAL,797f03124f9bb08624b199c28f621c61,p2_ml,DAL,,,betmgm,-185,130,oddsapi
2026-10-02T21:05:05Z,2026-10-02,STL @ DAL,797f03124f9bb08624b199c28f621c61,p2_ml,STL,,,betmgm,130,-185,oddsapi
2026-10-02T21:05:05Z,2026-10-02,STL @ DAL,797f03124f9bb08624b199c28f621c61,p3_ml,DAL,,,betmgm,-185,130,oddsapi
2026-10-02T21:05:05Z,2026-10-02,STL @ DAL,797f03124f9bb08624b199c28f621c61,p3_ml,STL,,,betmgm,130,-185,oddsapi
2026-10-02T21:05:05Z,2026-10-02,STL @ DAL,797f03124f9bb08624b199c28f621c61,ags,yes,Jason Robertson,,betmgm,135,,oddsapi
2026-10-02T21:05:05Z,2026-10-02,STL @ DAL,797f03124f9bb08624b199c28f621c61,ags,yes,Wyatt Johnston,,betmgm,145,,oddsapi
2026-10-02T21:05:05Z,2026-10-02,STL @ DAL,797f03124f9bb08624b199c28f621c61,ags,yes,Mikko Rantanen,,betmgm,165,,oddsapi
2026-10-02T21:05:05Z,2026-10-02,STL @ DAL,797f03124f9bb08624b199c28f621c61,ags,yes,Roope Hintz,,betmgm,195,,oddsapi
2026-10-02T21:05:05Z,2026-10-02,STL @ DAL,797f03124f9bb08624b199c28f621c61,ags,yes,Robert Thomas,,betmgm,250,,oddsapi
2026-10-02T21:05:05Z,2026-10-02,STL @ DAL,797f03124f9bb08624b199c28f621c61,ags,yes,Dylan Holloway,,betmgm,260,,oddsapi
2026-10-02T21:05:05Z,2026-10-02,STL @ DAL,797f03124f9bb08624b199c28f621c61,ags,yes,Tyler Seguin,,betmgm,260,,oddsapi
2026-10-02T21:05:05Z,2026-10-02,STL @ DAL,797f03124f9bb08624b199c28f621c61,ags,yes,Jimmy Snuggerud,,betmgm,270,,oddsapi
2026-10-02T21:05:05Z,2026-10-02,STL @ DAL,797f03124f9bb08624b199c28f621c61,ags,yes,Pavel Buchnevich,,betmgm,290,,oddsapi
2026-10-02T21:05:05Z,2026-10-02,STL @ DAL,797f03124f9bb08624b199c28f621c61,ags,yes,Justin Hryckowian,,betmgm,340,,oddsapi
2026-10-02T21:05:05Z,2026-10-02,STL @ DAL,797f03124f9bb08624b199c28f621c61,ags,yes,Jamie Benn,,betmgm,375,,oddsapi
2026-10-02T21:05:05Z,2026-10-02,STL @ DAL,797f03124f9bb08624b199c28f621c61,ags,yes,Jake Neighbours,,betmgm,400,,oddsapi
2026-10-02T21:05:05Z,2026-10-02,STL @ DAL,797f03124f9bb08624b199c28f621c61,ags,yes,Sam Steel,,betmgm,425,,oddsapi
2026-10-02T21:05:05Z,2026-10-02,STL @ DAL,797f03124f9bb08624b199c28f621c61,ags,yes,Miro Heiskanen,,betmgm,425,,oddsapi
2026-10-02T21:05:05Z,2026-10-02,STL @ DAL,797f03124f9bb08624b199c28f621c61,ags,yes,Dalibor Dvorsky,,betmgm,525,,oddsapi
2026-10-02T21:05:05Z,2026-10-02,STL @ DAL,797f03124f9bb08624b199c28f621c61,ags,yes,Thomas Harley,,betmgm,550,,oddsapi
2026-10-02T21:05:05Z,2026-10-02,STL @ DAL,797f03124f9bb08624b199c28f621c61,ags,yes,Arttu Hyry,,betmgm,600,,oddsapi
2026-10-02T21:05:05Z,2026-10-02,STL @ DAL,797f03124f9bb08624b199c28f621c61,ags,yes,Pius Suter,,betmgm,625,,oddsapi
2026-10-02T21:05:05Z,2026-10-02,STL @ DAL,797f03124f9bb08624b199c28f621c61,ags,yes,Jonatan Berggren,,betmgm,650,,oddsapi
2026-10-02T21:05:05Z,2026-10-02,STL @ DAL,797f03124f9bb08624b199c28f621c61,ags,yes,Radek Faksa,,betmgm,675,,oddsapi
2026-10-02T21:05:05Z,2026-10-02,STL @ DAL,797f03124f9bb08624b199c28f621c61,ags,yes,Philip Broberg,,betmgm,725,,oddsapi
2026-10-02T21:05:05Z,2026-10-02,STL @ DAL,797f03124f9bb08624b199c28f621c61,ags,yes,Oskar Back,,betmgm,725,,oddsapi
2026-10-02T21:05:05Z,2026-10-02,STL @ DAL,797f03124f9bb08624b199c28f621c61,ags,yes,Cam Fowler,,betmgm,775,,oddsapi
2026-10-02T21:05:05Z,2026-10-02,STL @ DAL,797f03124f9bb08624b199c28f621c61,ags,yes,Alexey Toropchenko,,betmgm,875,,oddsapi
2026-10-02T21:05:05Z,2026-10-02,STL @ DAL,797f03124f9bb08624b199c28f621c61,ags,yes,Esa Lindell,,betmgm,900,,oddsapi
2026-10-02T21:05:05Z,2026-10-02,STL @ DAL,797f03124f9bb08624b199c28f621c61,ags,yes,Nils Lundkvist,,betmgm,1050,,oddsapi
2026-10-02T21:05:05Z,2026-10-02,STL @ DAL,797f03124f9bb08624b199c28f621c61,ags,yes,Tyler Myers,,betmgm,1200,,oddsapi
2026-10-02T21:05:05Z,2026-10-02,STL @ DAL,797f03124f9bb08624b199c28f621c61,ags,yes,Colton Parayko,,betmgm,1300,,oddsapi
2026-10-02T21:05:05Z,2026-10-02,STL @ DAL,797f03124f9bb08624b199c28f621c61,fgs,yes,Jason Robertson,,betmgm,900,,oddsapi
2026-10-02T21:05:05Z,2026-10-02,STL @ DAL,797f03124f9bb08624b199c28f621c61,fgs,yes,Wyatt Johnston,,betmgm,950,,oddsapi
2026-10-02T21:05:05Z,2026-10-02,STL @ DAL,797f03124f9bb08624b199c28f621c61,fgs,yes,Mikko Rantanen,,betmgm,1000,,oddsapi
2026-10-02T21:05:05Z,2026-10-02,STL @ DAL,797f03124f9bb08624b199c28f621c61,fgs,yes,Roope Hintz,,betmgm,1200,,oddsapi
2026-10-02T21:05:05Z,2026-10-02,STL @ DAL,797f03124f9bb08624b199c28f621c61,fgs,yes,Robert Thomas,,betmgm,1550,,oddsapi
2026-10-02T21:05:05Z,2026-10-02,STL @ DAL,797f03124f9bb08624b199c28f621c61,fgs,yes,Dylan Holloway,,betmgm,1650,,oddsapi
2026-10-02T21:05:05Z,2026-10-02,STL @ DAL,797f03124f9bb08624b199c28f621c61,fgs,yes,Jimmy Snuggerud,,betmgm,1700,,oddsapi
2026-10-02T21:05:05Z,2026-10-02,STL @ DAL,797f03124f9bb08624b199c28f621c61,fgs,yes,Tyler Seguin,,betmgm,1700,,oddsapi
2026-10-02T21:05:05Z,2026-10-02,STL @ DAL,797f03124f9bb08624b199c28f621c61,fgs,yes,Pavel Buchnevich,,betmgm,1800,,oddsapi
2026-10-02T21:05:05Z,2026-10-02,STL @ DAL,797f03124f9bb08624b199c28f621c61,fgs,yes,Justin Hryckowian,,betmgm,1900,,oddsapi
2026-10-02T21:05:05Z,2026-10-02,STL @ DAL,797f03124f9bb08624b199c28f621c61,fgs,yes,Jamie Benn,,betmgm,2000,,oddsapi
2026-10-02T21:05:05Z,2026-10-02,STL @ DAL,797f03124f9bb08624b199c28f621c61,fgs,yes,Jake Neighbours,,betmgm,2200,,oddsapi
2026-10-02T21:05:05Z,2026-10-02,STL @ DAL,797f03124f9bb08624b199c28f621c61,fgs,yes,Sam Steel,,betmgm,2500,,oddsapi
2026-10-02T21:05:05Z,2026-10-02,STL @ DAL,797f03124f9bb08624b199c28f621c61,fgs,yes,Miro Heiskanen,,betmgm,2500,,oddsapi
2026-10-02T21:05:05Z,2026-10-02,STL @ DAL,797f03124f9bb08624b199c28f621c61,fgs,yes,Dalibor Dvorsky,,betmgm,3000,,oddsapi
2026-10-02T21:05:05Z,2026-10-02,STL @ DAL,797f03124f9bb08624b199c28f621c61,fgs,yes,Thomas Harley,,betmgm,3300,,oddsapi
2026-10-02T21:05:05Z,2026-10-02,STL @ DAL,797f03124f9bb08624b199c28f621c61,fgs,yes,Arttu Hyry,,betmgm,3300,,oddsapi
2026-10-02T21:05:05Z,2026-10-02,STL @ DAL,797f03124f9bb08624b199c28f621c61,fgs,yes,Pius Suter,,betmgm,3500,,oddsapi
2026-10-02T21:05:05Z,2026-10-02,STL @ DAL,797f03124f9bb08624b199c28f621c61,fgs,yes,Radek Faksa,,betmgm,4000,,oddsapi
2026-10-02T21:05:05Z,2026-10-02,STL @ DAL,797f03124f9bb08624b199c28f621c61,fgs,yes,Jonatan Berggren,,betmgm,4000,,oddsapi
2026-10-02T21:05:05Z,2026-10-02,STL @ DAL,797f03124f9bb08624b199c28f621c61,fgs,yes,Oskar Back,,betmgm,4000,,oddsapi
2026-10-02T21:05:05Z,2026-10-02,STL @ DAL,797f03124f9bb08624b199c28f621c61,fgs,yes,Philip Broberg,,betmgm,4000,,oddsapi
2026-10-02T21:05:05Z,2026-10-02,STL @ DAL,797f03124f9bb08624b199c28f621c61,fgs,yes,Cam Fowler,,betmgm,4500,,oddsapi
2026-10-02T21:05:05Z,2026-10-02,STL @ DAL,797f03124f9bb08624b199c28f621c61,fgs,yes,Alexey Toropchenko,,betmgm,5500,,oddsapi
2026-10-02T21:05:05Z,2026-10-02,STL @ DAL,797f03124f9bb08624b199c28f621c61,fgs,yes,Colton Parayko,,betmgm,5500,,oddsapi
2026-10-02T21:05:05Z,2026-10-02,STL @ DAL,797f03124f9bb08624b199c28f621c61,fgs,yes,Esa Lindell,,betmgm,6600,,oddsapi
2026-10-02T21:05:05Z,2026-10-02,STL @ DAL,797f03124f9bb08624b199c28f621c61,fgs,yes,Nils Lundkvist,,betmgm,8000,,oddsapi
2026-10-02T21:05:05Z,2026-10-02,STL @ DAL,797f03124f9bb08624b199c28f621c61,fgs,yes,Tyler Myers,,betmgm,8000,,oddsapi
2026-10-02T21:05:05Z,2026-10-02,STL @ DAL,797f03124f9bb08624b199c28f621c61,p1_pl,DAL,,1.5,betmgm,-1600,750,oddsapi
2026-10-02T21:05:05Z,2026-10-02,STL @ DAL,797f03124f9bb08624b199c28f621c61,p1_pl,STL,,-1.5,betmgm,750,-1600,oddsapi
2026-10-02T21:05:05Z,2026-10-02,STL @ DAL,797f03124f9bb08624b199c28f621c61,p2_pl,DAL,,-2,betmgm,800,-3000,oddsapi
2026-10-02T21:05:05Z,2026-10-02,STL @ DAL,797f03124f9bb08624b199c28f621c61,p2_pl,STL,,2,betmgm,-3000,800,oddsapi
2026-10-02T21:05:05Z,2026-10-02,STL @ DAL,797f03124f9bb08624b199c28f621c61,p3_pl,DAL,,-2,betmgm,675,-2000,oddsapi
2026-10-02T21:05:05Z,2026-10-02,STL @ DAL,797f03124f9bb08624b199c28f621c61,p3_pl,STL,,2,betmgm,-2000,675,oddsapi
2026-10-02T21:05:05Z,2026-10-02,STL @ DAL,797f03124f9bb08624b199c28f621c61,team_total,over,DAL,3.5,betmgm,-110,-125,oddsapi
2026-10-02T21:05:05Z,2026-10-02,STL @ DAL,797f03124f9bb08624b199c28f621c61,team_total,under,DAL,3.5,betmgm,-125,-110,oddsapi
2026-10-02T21:05:05Z,2026-10-02,STL @ DAL,797f03124f9bb08624b199c28f621c61,team_total,over,STL,2.5,betmgm,-118,-118,oddsapi
2026-10-02T21:05:05Z,2026-10-02,STL @ DAL,797f03124f9bb08624b199c28f621c61,team_total,under,STL,2.5,betmgm,-118,-118,oddsapi
2026-10-02T21:05:05Z,2026-10-02,STL @ DAL,797f03124f9bb08624b199c28f621c61,p1_total,over,,2.5,betmgm,240,-325,oddsapi
2026-10-02T21:05:05Z,2026-10-02,STL @ DAL,797f03124f9bb08624b199c28f621c61,p1_total,under,,2.5,betmgm,-325,240,oddsapi
2026-10-02T21:05:05Z,2026-10-02,STL @ DAL,797f03124f9bb08624b199c28f621c61,p2_total,over,,3,betmgm,350,-600,oddsapi
2026-10-02T21:05:05Z,2026-10-02,STL @ DAL,797f03124f9bb08624b199c28f621c61,p2_total,under,,3,betmgm,-600,350,oddsapi
2026-10-02T21:05:05Z,2026-10-02,STL @ DAL,797f03124f9bb08624b199c28f621c61,p3_total,over,,3,betmgm,300,-475,oddsapi
2026-10-02T21:05:05Z,2026-10-02,STL @ DAL,797f03124f9bb08624b199c28f621c61,p3_total,under,,3,betmgm,-475,300,oddsapi
2026-10-02T21:05:05Z,2026-10-02,STL @ DAL,797f03124f9bb08624b199c28f621c61,game_pl_alt,DAL,,1.5,fanduel,-600,350,oddsapi
2026-10-02T21:05:05Z,2026-10-02,STL @ DAL,797f03124f9bb08624b199c28f621c61,game_pl_alt,DAL,,2.5,fanduel,-1250,630,oddsapi
2026-10-02T21:05:05Z,2026-10-02,STL @ DAL,797f03124f9bb08624b199c28f621c61,game_pl_alt,DAL,,3.5,fanduel,-4500,1750,oddsapi
2026-10-02T21:05:05Z,2026-10-02,STL @ DAL,797f03124f9bb08624b199c28f621c61,game_pl_alt,DAL,,4.5,fanduel,-20000,5500,oddsapi
2026-10-02T21:05:05Z,2026-10-02,STL @ DAL,797f03124f9bb08624b199c28f621c61,game_pl_alt,DAL,,5.5,fanduel,-50000,,oddsapi
2026-10-02T21:05:05Z,2026-10-02,STL @ DAL,797f03124f9bb08624b199c28f621c61,game_pl_alt,DAL,,-1.5,fanduel,134,-172,oddsapi
2026-10-02T21:05:05Z,2026-10-02,STL @ DAL,797f03124f9bb08624b199c28f621c61,game_pl_alt,DAL,,-2.5,fanduel,225,-310,oddsapi
2026-10-02T21:05:05Z,2026-10-02,STL @ DAL,797f03124f9bb08624b199c28f621c61,game_pl_alt,DAL,,-3.5,fanduel,640,-1250,oddsapi
2026-10-02T21:05:05Z,2026-10-02,STL @ DAL,797f03124f9bb08624b199c28f621c61,game_pl_alt,DAL,,-4.5,fanduel,1480,-3500,oddsapi
2026-10-02T21:05:05Z,2026-10-02,STL @ DAL,797f03124f9bb08624b199c28f621c61,game_pl_alt,DAL,,-5.5,fanduel,3400,-8000,oddsapi
2026-10-02T21:05:05Z,2026-10-02,STL @ DAL,797f03124f9bb08624b199c28f621c61,game_pl_alt,STL,,1.5,fanduel,-172,134,oddsapi
2026-10-02T21:05:05Z,2026-10-02,STL @ DAL,797f03124f9bb08624b199c28f621c61,game_pl_alt,STL,,2.5,fanduel,-310,225,oddsapi
2026-10-02T21:05:05Z,2026-10-02,STL @ DAL,797f03124f9bb08624b199c28f621c61,game_pl_alt,STL,,3.5,fanduel,-1250,640,oddsapi
2026-10-02T21:05:05Z,2026-10-02,STL @ DAL,797f03124f9bb08624b199c28f621c61,game_pl_alt,STL,,4.5,fanduel,-3500,1480,oddsapi
2026-10-02T21:05:05Z,2026-10-02,STL @ DAL,797f03124f9bb08624b199c28f621c61,game_pl_alt,STL,,5.5,fanduel,-8000,3400,oddsapi
2026-10-02T21:05:05Z,2026-10-02,STL @ DAL,797f03124f9bb08624b199c28f621c61,game_pl_alt,STL,,6.5,fanduel,-20000,,oddsapi
2026-10-02T21:05:05Z,2026-10-02,STL @ DAL,797f03124f9bb08624b199c28f621c61,game_pl_alt,STL,,-1.5,fanduel,350,-600,oddsapi
2026-10-02T21:05:05Z,2026-10-02,STL @ DAL,797f03124f9bb08624b199c28f621c61,game_pl_alt,STL,,-2.5,fanduel,630,-1250,oddsapi
2026-10-02T21:05:05Z,2026-10-02,STL @ DAL,797f03124f9bb08624b199c28f621c61,game_pl_alt,STL,,-3.5,fanduel,1750,-4500,oddsapi
2026-10-02T21:05:05Z,2026-10-02,STL @ DAL,797f03124f9bb08624b199c28f621c61,game_pl_alt,STL,,-4.5,fanduel,5500,-20000,oddsapi
2026-10-02T21:05:05Z,2026-10-02,STL @ DAL,797f03124f9bb08624b199c28f621c61,team_total_alt,over,DAL,0.5,fanduel,-4500,1850,oddsapi
2026-10-02T21:05:05Z,2026-10-02,STL @ DAL,797f03124f9bb08624b199c28f621c61,team_total_alt,over,DAL,1.5,fanduel,-800,500,oddsapi
2026-10-02T21:05:05Z,2026-10-02,STL @ DAL,797f03124f9bb08624b199c28f621c61,team_total_alt,over,DAL,2.5,fanduel,-240,,oddsapi
2026-10-02T21:05:05Z,2026-10-02,STL @ DAL,797f03124f9bb08624b199c28f621c61,team_total_alt,over,DAL,3.5,fanduel,104,-132,oddsapi
2026-10-02T21:05:05Z,2026-10-02,STL @ DAL,797f03124f9bb08624b199c28f621c61,team_total_alt,over,DAL,4.5,fanduel,250,-360,oddsapi
2026-10-02T21:05:05Z,2026-10-02,STL @ DAL,797f03124f9bb08624b199c28f621c61,team_total_alt,over,DAL,5.5,fanduel,640,-1400,oddsapi
2026-10-02T21:05:05Z,2026-10-02,STL @ DAL,797f03124f9bb08624b199c28f621c61,team_total_alt,over,DAL,6.5,fanduel,1600,-4500,oddsapi
2026-10-02T21:05:05Z,2026-10-02,STL @ DAL,797f03124f9bb08624b199c28f621c61,team_total_alt,over,DAL,7.5,fanduel,4600,-8000,oddsapi
2026-10-02T21:05:05Z,2026-10-02,STL @ DAL,797f03124f9bb08624b199c28f621c61,team_total_alt,under,DAL,0.5,fanduel,1850,-4500,oddsapi
2026-10-02T21:05:05Z,2026-10-02,STL @ DAL,797f03124f9bb08624b199c28f621c61,team_total_alt,under,DAL,1.5,fanduel,500,-800,oddsapi
2026-10-02T21:05:05Z,2026-10-02,STL @ DAL,797f03124f9bb08624b199c28f621c61,team_total_alt,under,DAL,3.5,fanduel,-132,104,oddsapi
2026-10-02T21:05:05Z,2026-10-02,STL @ DAL,797f03124f9bb08624b199c28f621c61,team_total_alt,under,DAL,4.5,fanduel,-360,250,oddsapi
2026-10-02T21:05:05Z,2026-10-02,STL @ DAL,797f03124f9bb08624b199c28f621c61,team_total_alt,under,DAL,5.5,fanduel,-1400,640,oddsapi
2026-10-02T21:05:05Z,2026-10-02,STL @ DAL,797f03124f9bb08624b199c28f621c61,team_total_alt,under,DAL,6.5,fanduel,-4500,1600,oddsapi
2026-10-02T21:05:05Z,2026-10-02,STL @ DAL,797f03124f9bb08624b199c28f621c61,team_total_alt,under,DAL,7.5,fanduel,-8000,4600,oddsapi
2026-10-02T21:05:05Z,2026-10-02,STL @ DAL,797f03124f9bb08624b199c28f621c61,team_total_alt,over,STL,0.5,fanduel,-1800,890,oddsapi
2026-10-02T21:05:05Z,2026-10-02,STL @ DAL,797f03124f9bb08624b199c28f621c61,team_total_alt,over,STL,1.5,fanduel,-330,240,oddsapi
2026-10-02T21:05:05Z,2026-10-02,STL @ DAL,797f03124f9bb08624b199c28f621c61,team_total_alt,over,STL,2.5,fanduel,-110,,oddsapi
2026-10-02T21:05:05Z,2026-10-02,STL @ DAL,797f03124f9bb08624b199c28f621c61,team_total_alt,over,STL,3.5,fanduel,220,-300,oddsapi
2026-10-02T21:05:05Z,2026-10-02,STL @ DAL,797f03124f9bb08624b199c28f621c61,team_total_alt,over,STL,4.5,fanduel,520,-850,oddsapi
2026-10-02T21:05:05Z,2026-10-02,STL @ DAL,797f03124f9bb08624b199c28f621c61,team_total_alt,over,STL,5.5,fanduel,1340,-3000,oddsapi
2026-10-02T21:05:05Z,2026-10-02,STL @ DAL,797f03124f9bb08624b199c28f621c61,team_total_alt,over,STL,6.5,fanduel,4300,-8000,oddsapi
2026-10-02T21:05:05Z,2026-10-02,STL @ DAL,797f03124f9bb08624b199c28f621c61,team_total_alt,under,STL,0.5,fanduel,890,-1800,oddsapi
2026-10-02T21:05:05Z,2026-10-02,STL @ DAL,797f03124f9bb08624b199c28f621c61,team_total_alt,under,STL,1.5,fanduel,240,-330,oddsapi
2026-10-02T21:05:05Z,2026-10-02,STL @ DAL,797f03124f9bb08624b199c28f621c61,team_total_alt,under,STL,3.5,fanduel,-300,220,oddsapi
2026-10-02T21:05:05Z,2026-10-02,STL @ DAL,797f03124f9bb08624b199c28f621c61,team_total_alt,under,STL,4.5,fanduel,-850,520,oddsapi
2026-10-02T21:05:05Z,2026-10-02,STL @ DAL,797f03124f9bb08624b199c28f621c61,team_total_alt,under,STL,5.5,fanduel,-3000,1340,oddsapi
2026-10-02T21:05:05Z,2026-10-02,STL @ DAL,797f03124f9bb08624b199c28f621c61,team_total_alt,under,STL,6.5,fanduel,-8000,4300,oddsapi
2026-10-02T21:05:05Z,2026-10-02,STL @ DAL,797f03124f9bb08624b199c28f621c61,game_total_alt,over,,2.5,fanduel,-4500,1850,oddsapi
2026-10-02T21:05:05Z,2026-10-02,STL @ DAL,797f03124f9bb08624b199c28f621c61,game_total_alt,over,,3.5,fanduel,-800,480,oddsapi
2026-10-02T21:05:05Z,2026-10-02,STL @ DAL,797f03124f9bb08624b199c28f621c61,game_total_alt,over,,4.5,fanduel,-400,280,oddsapi
2026-10-02T21:05:05Z,2026-10-02,STL @ DAL,797f03124f9bb08624b199c28f621c61,game_total_alt,over,,5.5,fanduel,-132,104,oddsapi
2026-10-02T21:05:05Z,2026-10-02,STL @ DAL,797f03124f9bb08624b199c28f621c61,game_total_alt,over,,6.5,fanduel,122,-156,oddsapi
2026-10-02T21:05:05Z,2026-10-02,STL @ DAL,797f03124f9bb08624b199c28f621c61,game_total_alt,over,,7.5,fanduel,290,-430,oddsapi
2026-10-02T21:05:05Z,2026-10-02,STL @ DAL,797f03124f9bb08624b199c28f621c61,game_total_alt,over,,8.5,fanduel,470,-750,oddsapi
2026-10-02T21:05:05Z,2026-10-02,STL @ DAL,797f03124f9bb08624b199c28f621c61,game_total_alt,over,,9.5,fanduel,1140,-2400,oddsapi
2026-10-02T21:05:05Z,2026-10-02,STL @ DAL,797f03124f9bb08624b199c28f621c61,game_total_alt,over,,10.5,fanduel,1750,-4500,oddsapi
2026-10-02T21:05:05Z,2026-10-02,STL @ DAL,797f03124f9bb08624b199c28f621c61,game_total_alt,over,,11.5,fanduel,4900,-8000,oddsapi
2026-10-02T21:05:05Z,2026-10-02,STL @ DAL,797f03124f9bb08624b199c28f621c61,game_total_alt,under,,2.5,fanduel,1850,-4500,oddsapi
2026-10-02T21:05:05Z,2026-10-02,STL @ DAL,797f03124f9bb08624b199c28f621c61,game_total_alt,under,,3.5,fanduel,480,-800,oddsapi
2026-10-02T21:05:05Z,2026-10-02,STL @ DAL,797f03124f9bb08624b199c28f621c61,game_total_alt,under,,4.5,fanduel,280,-400,oddsapi
2026-10-02T21:05:05Z,2026-10-02,STL @ DAL,797f03124f9bb08624b199c28f621c61,game_total_alt,under,,5.5,fanduel,104,-132,oddsapi
2026-10-02T21:05:05Z,2026-10-02,STL @ DAL,797f03124f9bb08624b199c28f621c61,game_total_alt,under,,6.5,fanduel,-156,122,oddsapi
2026-10-02T21:05:05Z,2026-10-02,STL @ DAL,797f03124f9bb08624b199c28f621c61,game_total_alt,under,,7.5,fanduel,-430,290,oddsapi
2026-10-02T21:05:05Z,2026-10-02,STL @ DAL,797f03124f9bb08624b199c28f621c61,game_total_alt,under,,8.5,fanduel,-750,470,oddsapi
2026-10-02T21:05:05Z,2026-10-02,STL @ DAL,797f03124f9bb08624b199c28f621c61,game_total_alt,under,,9.5,fanduel,-2400,1140,oddsapi
2026-10-02T21:05:05Z,2026-10-02,STL @ DAL,797f03124f9bb08624b199c28f621c61,game_total_alt,under,,10.5,fanduel,-4500,1750,oddsapi
2026-10-02T21:05:05Z,2026-10-02,STL @ DAL,797f03124f9bb08624b199c28f621c61,game_total_alt,under,,11.5,fanduel,-8000,4900,oddsapi
2026-10-02T21:05:05Z,2026-10-02,STL @ DAL,797f03124f9bb08624b199c28f621c61,game_ml3,DAL,,,fanduel,-110,,oddsapi
2026-10-02T21:05:05Z,2026-10-02,STL @ DAL,797f03124f9bb08624b199c28f621c61,game_ml3,STL,,,fanduel,240,,oddsapi
2026-10-02T21:05:05Z,2026-10-02,STL @ DAL,797f03124f9bb08624b199c28f621c61,game_ml3,draw,,,fanduel,300,,oddsapi
2026-10-02T21:05:05Z,2026-10-02,STL @ DAL,797f03124f9bb08624b199c28f621c61,p1_ml3,DAL,,,fanduel,145,,oddsapi
2026-10-02T21:05:05Z,2026-10-02,STL @ DAL,797f03124f9bb08624b199c28f621c61,p1_ml3,STL,,,fanduel,240,,oddsapi
2026-10-02T21:05:05Z,2026-10-02,STL @ DAL,797f03124f9bb08624b199c28f621c61,p1_ml3,draw,,,fanduel,180,,oddsapi
2026-10-02T21:05:05Z,2026-10-02,STL @ DAL,797f03124f9bb08624b199c28f621c61,p2_ml3,DAL,,,fanduel,130,,oddsapi
2026-10-02T21:05:05Z,2026-10-02,STL @ DAL,797f03124f9bb08624b199c28f621c61,p2_ml3,STL,,,fanduel,230,,oddsapi
2026-10-02T21:05:05Z,2026-10-02,STL @ DAL,797f03124f9bb08624b199c28f621c61,p2_ml3,draw,,,fanduel,200,,oddsapi
2026-10-02T21:05:05Z,2026-10-02,STL @ DAL,797f03124f9bb08624b199c28f621c61,p3_ml3,DAL,,,fanduel,110,,oddsapi
2026-10-02T21:05:05Z,2026-10-02,STL @ DAL,797f03124f9bb08624b199c28f621c61,p3_ml3,STL,,,fanduel,220,,oddsapi
2026-10-02T21:05:05Z,2026-10-02,STL @ DAL,797f03124f9bb08624b199c28f621c61,p3_ml3,draw,,,fanduel,250,,oddsapi
2026-10-02T21:05:05Z,2026-10-02,STL @ DAL,797f03124f9bb08624b199c28f621c61,p1_ml,DAL,,,fanduel,-158,124,oddsapi
2026-10-02T21:05:05Z,2026-10-02,STL @ DAL,797f03124f9bb08624b199c28f621c61,p1_ml,STL,,,fanduel,124,-158,oddsapi
2026-10-02T21:05:05Z,2026-10-02,STL @ DAL,797f03124f9bb08624b199c28f621c61,p2_ml,DAL,,,fanduel,-166,130,oddsapi
2026-10-02T21:05:05Z,2026-10-02,STL @ DAL,797f03124f9bb08624b199c28f621c61,p2_ml,STL,,,fanduel,130,-166,oddsapi
2026-10-02T21:05:05Z,2026-10-02,STL @ DAL,797f03124f9bb08624b199c28f621c61,p3_ml,DAL,,,fanduel,-174,138,oddsapi
2026-10-02T21:05:05Z,2026-10-02,STL @ DAL,797f03124f9bb08624b199c28f621c61,p3_ml,STL,,,fanduel,138,-174,oddsapi
2026-10-02T21:05:05Z,2026-10-02,STL @ DAL,797f03124f9bb08624b199c28f621c61,ags,yes,Jason Robertson,,fanduel,140,,oddsapi
2026-10-02T21:05:05Z,2026-10-02,STL @ DAL,797f03124f9bb08624b199c28f621c61,ags,yes,Mikko Rantanen,,fanduel,160,,oddsapi
2026-10-02T21:05:05Z,2026-10-02,STL @ DAL,797f03124f9bb08624b199c28f621c61,ags,yes,Wyatt Johnston,,fanduel,160,,oddsapi
2026-10-02T21:05:05Z,2026-10-02,STL @ DAL,797f03124f9bb08624b199c28f621c61,ags,yes,Roope Hintz,,fanduel,200,,oddsapi
2026-10-02T21:05:05Z,2026-10-02,STL @ DAL,797f03124f9bb08624b199c28f621c61,ags,yes,Robert Thomas,,fanduel,260,,oddsapi
2026-10-02T21:05:05Z,2026-10-02,STL @ DAL,797f03124f9bb08624b199c28f621c61,ags,yes,Tyler Seguin,,fanduel,275,,oddsapi
2026-10-02T21:05:05Z,2026-10-02,STL @ DAL,797f03124f9bb08624b199c28f621c61,ags,yes,Dylan Holloway,,fanduel,275,,oddsapi
2026-10-02T21:05:05Z,2026-10-02,STL @ DAL,797f03124f9bb08624b199c28f621c61,ags,yes,Jimmy Snuggerud,,fanduel,280,,oddsapi
2026-10-02T21:05:05Z,2026-10-02,STL @ DAL,797f03124f9bb08624b199c28f621c61,ags,yes,Pavel Buchnevich,,fanduel,320,,oddsapi
2026-10-02T21:05:05Z,2026-10-02,STL @ DAL,797f03124f9bb08624b199c28f621c61,ags,yes,Justin Hryckowian,,fanduel,360,,oddsapi
2026-10-02T21:05:05Z,2026-10-02,STL @ DAL,797f03124f9bb08624b199c28f621c61,ags,yes,Jamie Benn,,fanduel,440,,oddsapi
2026-10-02T21:05:05Z,2026-10-02,STL @ DAL,797f03124f9bb08624b199c28f621c61,ags,yes,Jake Neighbours,,fanduel,440,,oddsapi
2026-10-02T21:05:05Z,2026-10-02,STL @ DAL,797f03124f9bb08624b199c28f621c61,ags,yes,Miro Heiskanen,,fanduel,470,,oddsapi
2026-10-02T21:05:05Z,2026-10-02,STL @ DAL,797f03124f9bb08624b199c28f621c61,ags,yes,Sam Steel,,fanduel,480,,oddsapi
2026-10-02T21:05:05Z,2026-10-02,STL @ DAL,797f03124f9bb08624b199c28f621c61,ags,yes,Dalibor Dvorsky,,fanduel,600,,oddsapi
2026-10-02T21:05:05Z,2026-10-02,STL @ DAL,797f03124f9bb08624b199c28f621c61,ags,yes,Thomas Harley,,fanduel,650,,oddsapi
2026-10-02T21:05:05Z,2026-10-02,STL @ DAL,797f03124f9bb08624b199c28f621c61,ags,yes,Pius Suter,,fanduel,750,,oddsapi
2026-10-02T21:05:05Z,2026-10-02,STL @ DAL,797f03124f9bb08624b199c28f621c61,ags,yes,Arttu Hyry,,fanduel,750,,oddsapi
2026-10-02T21:05:05Z,2026-10-02,STL @ DAL,797f03124f9bb08624b199c28f621c61,ags,yes,Jonatan Berggren,,fanduel,850,,oddsapi
2026-10-02T21:05:05Z,2026-10-02,STL @ DAL,797f03124f9bb08624b199c28f621c61,ags,yes,Radek Faksa,,fanduel,850,,oddsapi
2026-10-02T21:05:05Z,2026-10-02,STL @ DAL,797f03124f9bb08624b199c28f621c61,ags,yes,Cam Fowler,,fanduel,850,,oddsapi
2026-10-02T21:05:05Z,2026-10-02,STL @ DAL,797f03124f9bb08624b199c28f621c61,ags,yes,Oskar Back,,fanduel,900,,oddsapi
2026-10-02T21:05:05Z,2026-10-02,STL @ DAL,797f03124f9bb08624b199c28f621c61,ags,yes,Philip Broberg,,fanduel,1100,,oddsapi
2026-10-02T21:05:05Z,2026-10-02,STL @ DAL,797f03124f9bb08624b199c28f621c61,ags,yes,Alexey Toropchenko,,fanduel,1100,,oddsapi
2026-10-02T21:05:05Z,2026-10-02,STL @ DAL,797f03124f9bb08624b199c28f621c61,ags,yes,Esa Lindell,,fanduel,1200,,oddsapi
2026-10-02T21:05:05Z,2026-10-02,STL @ DAL,797f03124f9bb08624b199c28f621c61,ags,yes,Colton Parayko,,fanduel,1300,,oddsapi
2026-10-02T21:05:05Z,2026-10-02,STL @ DAL,797f03124f9bb08624b199c28f621c61,ags,yes,Ross Johnston,,fanduel,1400,,oddsapi
2026-10-02T21:05:05Z,2026-10-02,STL @ DAL,797f03124f9bb08624b199c28f621c61,ags,yes,Theo Lindstein,,fanduel,1500,,oddsapi
2026-10-02T21:05:05Z,2026-10-02,STL @ DAL,797f03124f9bb08624b199c28f621c61,ags,yes,Nils Lundkvist,,fanduel,1500,,oddsapi
2026-10-02T21:05:05Z,2026-10-02,STL @ DAL,797f03124f9bb08624b199c28f621c61,ags,yes,Tyler Myers,,fanduel,1600,,oddsapi
2026-10-02T21:05:05Z,2026-10-02,STL @ DAL,797f03124f9bb08624b199c28f621c61,fgs,yes,Jason Robertson,,fanduel,950,,oddsapi
2026-10-02T21:05:05Z,2026-10-02,STL @ DAL,797f03124f9bb08624b199c28f621c61,fgs,yes,Wyatt Johnston,,fanduel,1000,,oddsapi
2026-10-02T21:05:05Z,2026-10-02,STL @ DAL,797f03124f9bb08624b199c28f621c61,fgs,yes,Mikko Rantanen,,fanduel,1100,,oddsapi
2026-10-02T21:05:05Z,2026-10-02,STL @ DAL,797f03124f9bb08624b199c28f621c61,fgs,yes,Roope Hintz,,fanduel,1200,,oddsapi
2026-10-02T21:05:05Z,2026-10-02,STL @ DAL,797f03124f9bb08624b199c28f621c61,fgs,yes,Robert Thomas,,fanduel,1600,,oddsapi
2026-10-02T21:05:05Z,2026-10-02,STL @ DAL,797f03124f9bb08624b199c28f621c61,fgs,yes,Tyler Seguin,,fanduel,1600,,oddsapi
2026-10-02T21:05:05Z,2026-10-02,STL @ DAL,797f03124f9bb08624b199c28f621c61,fgs,yes,Jimmy Snuggerud,,fanduel,1700,,oddsapi
2026-10-02T21:05:05Z,2026-10-02,STL @ DAL,797f03124f9bb08624b199c28f621c61,fgs,yes,Dylan Holloway,,fanduel,1800,,oddsapi
2026-10-02T21:05:05Z,2026-10-02,STL @ DAL,797f03124f9bb08624b199c28f621c61,fgs,yes,Pavel Buchnevich,,fanduel,1800,,oddsapi
2026-10-02T21:05:05Z,2026-10-02,STL @ DAL,797f03124f9bb08624b199c28f621c61,fgs,yes,Justin Hryckowian,,fanduel,2200,,oddsapi
2026-10-02T21:05:05Z,2026-10-02,STL @ DAL,797f03124f9bb08624b199c28f621c61,fgs,yes,Jamie Benn,,fanduel,2200,,oddsapi
2026-10-02T21:05:05Z,2026-10-02,STL @ DAL,797f03124f9bb08624b199c28f621c61,fgs,yes,Jake Neighbours,,fanduel,2500,,oddsapi
2026-10-02T21:05:05Z,2026-10-02,STL @ DAL,797f03124f9bb08624b199c28f621c61,fgs,yes,Sam Steel,,fanduel,2500,,oddsapi
2026-10-02T21:05:05Z,2026-10-02,STL @ DAL,797f03124f9bb08624b199c28f621c61,fgs,yes,Dalibor Dvorsky,,fanduel,3000,,oddsapi
2026-10-02T21:05:05Z,2026-10-02,STL @ DAL,797f03124f9bb08624b199c28f621c61,fgs,yes,Miro Heiskanen,,fanduel,3000,,oddsapi
2026-10-02T21:05:05Z,2026-10-02,STL @ DAL,797f03124f9bb08624b199c28f621c61,fgs,yes,Thomas Harley,,fanduel,3500,,oddsapi
2026-10-02T21:05:05Z,2026-10-02,STL @ DAL,797f03124f9bb08624b199c28f621c61,fgs,yes,Pius Suter,,fanduel,3500,,oddsapi
2026-10-02T21:05:05Z,2026-10-02,STL @ DAL,797f03124f9bb08624b199c28f621c61,fgs,yes,Arttu Hyry,,fanduel,4000,,oddsapi
2026-10-02T21:05:05Z,2026-10-02,STL @ DAL,797f03124f9bb08624b199c28f621c61,fgs,yes,Oskar Back,,fanduel,4000,,oddsapi
2026-10-02T21:05:05Z,2026-10-02,STL @ DAL,797f03124f9bb08624b199c28f621c61,fgs,yes,Radek Faksa,,fanduel,4000,,oddsapi
2026-10-02T21:05:05Z,2026-10-02,STL @ DAL,797f03124f9bb08624b199c28f621c61,fgs,yes,Cam Fowler,,fanduel,4500,,oddsapi
2026-10-02T21:05:05Z,2026-10-02,STL @ DAL,797f03124f9bb08624b199c28f621c61,fgs,yes,Jonatan Berggren,,fanduel,4500,,oddsapi
2026-10-02T21:05:05Z,2026-10-02,STL @ DAL,797f03124f9bb08624b199c28f621c61,fgs,yes,Esa Lindell,,fanduel,6000,,oddsapi
2026-10-02T21:05:05Z,2026-10-02,STL @ DAL,797f03124f9bb08624b199c28f621c61,fgs,yes,Philip Broberg,,fanduel,6000,,oddsapi
2026-10-02T21:05:05Z,2026-10-02,STL @ DAL,797f03124f9bb08624b199c28f621c61,fgs,yes,Colton Parayko,,fanduel,6000,,oddsapi
2026-10-02T21:05:05Z,2026-10-02,STL @ DAL,797f03124f9bb08624b199c28f621c61,fgs,yes,Alexey Toropchenko,,fanduel,6000,,oddsapi
2026-10-02T21:05:05Z,2026-10-02,STL @ DAL,797f03124f9bb08624b199c28f621c61,fgs,yes,Theo Lindstein,,fanduel,6500,,oddsapi
2026-10-02T21:05:05Z,2026-10-02,STL @ DAL,797f03124f9bb08624b199c28f621c61,fgs,yes,Nils Lundkvist,,fanduel,7000,,oddsapi
2026-10-02T21:05:05Z,2026-10-02,STL @ DAL,797f03124f9bb08624b199c28f621c61,fgs,yes,Ross Johnston,,fanduel,7000,,oddsapi
2026-10-02T21:05:05Z,2026-10-02,STL @ DAL,797f03124f9bb08624b199c28f621c61,fgs,yes,Tyler Myers,,fanduel,7500,,oddsapi
2026-10-02T21:05:05Z,2026-10-02,STL @ DAL,797f03124f9bb08624b199c28f621c61,sk_g,over,Dylan Holloway,0.5,fanduel,275,-420,oddsapi
2026-10-02T21:05:05Z,2026-10-02,STL @ DAL,797f03124f9bb08624b199c28f621c61,sk_g,under,Dylan Holloway,0.5,fanduel,-420,275,oddsapi
2026-10-02T21:05:05Z,2026-10-02,STL @ DAL,797f03124f9bb08624b199c28f621c61,sk_g,over,Pavel Buchnevich,0.5,fanduel,320,-490,oddsapi
2026-10-02T21:05:05Z,2026-10-02,STL @ DAL,797f03124f9bb08624b199c28f621c61,sk_g,under,Pavel Buchnevich,0.5,fanduel,-490,320,oddsapi
2026-10-02T21:05:05Z,2026-10-02,STL @ DAL,797f03124f9bb08624b199c28f621c61,sk_g,over,Jimmy Snuggerud,0.5,fanduel,280,-420,oddsapi
2026-10-02T21:05:05Z,2026-10-02,STL @ DAL,797f03124f9bb08624b199c28f621c61,sk_g,under,Jimmy Snuggerud,0.5,fanduel,-420,280,oddsapi
2026-10-02T21:05:05Z,2026-10-02,STL @ DAL,797f03124f9bb08624b199c28f621c61,sk_g,over,Jason Robertson,0.5,fanduel,140,-185,oddsapi
2026-10-02T21:05:05Z,2026-10-02,STL @ DAL,797f03124f9bb08624b199c28f621c61,sk_g,under,Jason Robertson,0.5,fanduel,-185,140,oddsapi
2026-10-02T21:05:05Z,2026-10-02,STL @ DAL,797f03124f9bb08624b199c28f621c61,sk_g,over,Robert Thomas,0.5,fanduel,260,-400,oddsapi
2026-10-02T21:05:05Z,2026-10-02,STL @ DAL,797f03124f9bb08624b199c28f621c61,sk_g,under,Robert Thomas,0.5,fanduel,-400,260,oddsapi
2026-10-02T21:05:05Z,2026-10-02,STL @ DAL,797f03124f9bb08624b199c28f621c61,sk_g,over,Wyatt Johnston,0.5,fanduel,160,-220,oddsapi
2026-10-02T21:05:05Z,2026-10-02,STL @ DAL,797f03124f9bb08624b199c28f621c61,sk_g,under,Wyatt Johnston,0.5,fanduel,-220,160,oddsapi
2026-10-02T21:05:05Z,2026-10-02,STL @ DAL,797f03124f9bb08624b199c28f621c61,sk_g,over,Mikko Rantanen,0.5,fanduel,160,-220,oddsapi
2026-10-02T21:05:05Z,2026-10-02,STL @ DAL,797f03124f9bb08624b199c28f621c61,sk_g,under,Mikko Rantanen,0.5,fanduel,-220,160,oddsapi
2026-10-02T21:05:05Z,2026-10-02,STL @ DAL,797f03124f9bb08624b199c28f621c61,sk_g,over,Tyler Seguin,0.5,fanduel,275,-420,oddsapi
2026-10-02T21:05:05Z,2026-10-02,STL @ DAL,797f03124f9bb08624b199c28f621c61,sk_g,under,Tyler Seguin,0.5,fanduel,-420,275,oddsapi
2026-10-02T21:05:05Z,2026-10-02,STL @ DAL,797f03124f9bb08624b199c28f621c61,sk_g,over,Roope Hintz,0.5,fanduel,200,-280,oddsapi
2026-10-02T21:05:05Z,2026-10-02,STL @ DAL,797f03124f9bb08624b199c28f621c61,sk_g,under,Roope Hintz,0.5,fanduel,-280,200,oddsapi
2026-10-02T21:05:05Z,2026-10-02,STL @ DAL,797f03124f9bb08624b199c28f621c61,sk_sog,over,Tyler Seguin,1.5,fanduel,-128,-102,oddsapi
2026-10-02T21:05:05Z,2026-10-02,STL @ DAL,797f03124f9bb08624b199c28f621c61,sk_sog,under,Tyler Seguin,1.5,fanduel,-102,-128,oddsapi
2026-10-02T21:05:05Z,2026-10-02,STL @ DAL,797f03124f9bb08624b199c28f621c61,sk_sog,over,Thomas Harley,1.5,fanduel,-144,110,oddsapi
2026-10-02T21:05:05Z,2026-10-02,STL @ DAL,797f03124f9bb08624b199c28f621c61,sk_sog,under,Thomas Harley,1.5,fanduel,110,-144,oddsapi
2026-10-02T21:05:05Z,2026-10-02,STL @ DAL,797f03124f9bb08624b199c28f621c61,sk_sog,over,Miro Heiskanen,2.5,fanduel,134,-176,oddsapi
2026-10-02T21:05:05Z,2026-10-02,STL @ DAL,797f03124f9bb08624b199c28f621c61,sk_sog,under,Miro Heiskanen,2.5,fanduel,-176,134,oddsapi
2026-10-02T21:05:05Z,2026-10-02,STL @ DAL,797f03124f9bb08624b199c28f621c61,sk_sog,over,Jason Robertson,3.5,fanduel,-102,-128,oddsapi
2026-10-02T21:05:05Z,2026-10-02,STL @ DAL,797f03124f9bb08624b199c28f621c61,sk_sog,under,Jason Robertson,3.5,fanduel,-128,-102,oddsapi
2026-10-02T21:05:05Z,2026-10-02,STL @ DAL,797f03124f9bb08624b199c28f621c61,sk_sog,over,Robert Thomas,1.5,fanduel,-104,-125,oddsapi
2026-10-02T21:05:05Z,2026-10-02,STL @ DAL,797f03124f9bb08624b199c28f621c61,sk_sog,under,Robert Thomas,1.5,fanduel,-125,-104,oddsapi
2026-10-02T21:05:05Z,2026-10-02,STL @ DAL,797f03124f9bb08624b199c28f621c61,sk_sog,over,Mikko Rantanen,2.5,fanduel,104,-135,oddsapi
2026-10-02T21:05:05Z,2026-10-02,STL @ DAL,797f03124f9bb08624b199c28f621c61,sk_sog,under,Mikko Rantanen,2.5,fanduel,-135,104,oddsapi
2026-10-02T21:05:05Z,2026-10-02,STL @ DAL,797f03124f9bb08624b199c28f621c61,sk_sog,over,Jimmy Snuggerud,2.5,fanduel,125,-164,oddsapi
2026-10-02T21:05:05Z,2026-10-02,STL @ DAL,797f03124f9bb08624b199c28f621c61,sk_sog,under,Jimmy Snuggerud,2.5,fanduel,-164,125,oddsapi
2026-10-02T21:05:05Z,2026-10-02,STL @ DAL,797f03124f9bb08624b199c28f621c61,sk_sog,over,Dylan Holloway,2.5,fanduel,-114,-114,oddsapi
2026-10-02T21:05:05Z,2026-10-02,STL @ DAL,797f03124f9bb08624b199c28f621c61,sk_sog,under,Dylan Holloway,2.5,fanduel,-114,-114,oddsapi
2026-10-02T21:05:05Z,2026-10-02,STL @ DAL,797f03124f9bb08624b199c28f621c61,sk_sog,over,Wyatt Johnston,2.5,fanduel,-113,-115,oddsapi
2026-10-02T21:05:05Z,2026-10-02,STL @ DAL,797f03124f9bb08624b199c28f621c61,sk_sog,under,Wyatt Johnston,2.5,fanduel,-115,-113,oddsapi
2026-10-02T21:05:05Z,2026-10-02,STL @ DAL,797f03124f9bb08624b199c28f621c61,sk_sog,over,Roope Hintz,2.5,fanduel,138,-182,oddsapi
2026-10-02T21:05:05Z,2026-10-02,STL @ DAL,797f03124f9bb08624b199c28f621c61,sk_sog,under,Roope Hintz,2.5,fanduel,-182,138,oddsapi
2026-10-02T21:05:05Z,2026-10-02,STL @ DAL,797f03124f9bb08624b199c28f621c61,p1_pl,DAL,,-0.5,fanduel,142,-182,oddsapi
2026-10-02T21:05:05Z,2026-10-02,STL @ DAL,797f03124f9bb08624b199c28f621c61,p1_pl,STL,,0.5,fanduel,-182,142,oddsapi
2026-10-02T21:05:05Z,2026-10-02,STL @ DAL,797f03124f9bb08624b199c28f621c61,p2_pl,DAL,,-0.5,fanduel,130,-166,oddsapi
2026-10-02T21:05:05Z,2026-10-02,STL @ DAL,797f03124f9bb08624b199c28f621c61,p2_pl,STL,,0.5,fanduel,-166,130,oddsapi
2026-10-02T21:05:05Z,2026-10-02,STL @ DAL,797f03124f9bb08624b199c28f621c61,p3_pl,DAL,,-0.5,fanduel,112,-142,oddsapi
2026-10-02T21:05:05Z,2026-10-02,STL @ DAL,797f03124f9bb08624b199c28f621c61,p3_pl,STL,,0.5,fanduel,-142,112,oddsapi
2026-10-02T21:05:05Z,2026-10-02,STL @ DAL,797f03124f9bb08624b199c28f621c61,team_total,over,DAL,2.5,fanduel,-240,,oddsapi
2026-10-02T21:05:05Z,2026-10-02,STL @ DAL,797f03124f9bb08624b199c28f621c61,team_total,under,DAL,3.5,fanduel,-132,,oddsapi
2026-10-02T21:05:05Z,2026-10-02,STL @ DAL,797f03124f9bb08624b199c28f621c61,team_total,over,STL,2.5,fanduel,-110,,oddsapi
2026-10-02T21:05:05Z,2026-10-02,STL @ DAL,797f03124f9bb08624b199c28f621c61,team_total,under,STL,3.5,fanduel,-300,,oddsapi
2026-10-02T21:05:05Z,2026-10-02,STL @ DAL,797f03124f9bb08624b199c28f621c61,p1_team_total,over,DAL,0.5,fanduel,-190,148,oddsapi
2026-10-02T21:05:05Z,2026-10-02,STL @ DAL,797f03124f9bb08624b199c28f621c61,p1_team_total,under,DAL,0.5,fanduel,148,-190,oddsapi
2026-10-02T21:05:05Z,2026-10-02,STL @ DAL,797f03124f9bb08624b199c28f621c61,p1_team_total,over,STL,0.5,fanduel,-130,102,oddsapi
2026-10-02T21:05:05Z,2026-10-02,STL @ DAL,797f03124f9bb08624b199c28f621c61,p1_team_total,under,STL,0.5,fanduel,102,-130,oddsapi
2026-10-02T21:05:05Z,2026-10-02,STL @ DAL,797f03124f9bb08624b199c28f621c61,p1_total,over,,1.5,fanduel,-130,104,oddsapi
2026-10-02T21:05:05Z,2026-10-02,STL @ DAL,797f03124f9bb08624b199c28f621c61,p1_total,under,,1.5,fanduel,104,-130,oddsapi
2026-10-02T21:05:05Z,2026-10-02,STL @ DAL,797f03124f9bb08624b199c28f621c61,p2_total,over,,1.5,fanduel,-164,128,oddsapi
2026-10-02T21:05:05Z,2026-10-02,STL @ DAL,797f03124f9bb08624b199c28f621c61,p2_total,under,,1.5,fanduel,128,-164,oddsapi
2026-10-02T21:05:05Z,2026-10-02,STL @ DAL,797f03124f9bb08624b199c28f621c61,p3_total,over,,1.5,fanduel,-200,156,oddsapi
2026-10-02T21:05:05Z,2026-10-02,STL @ DAL,797f03124f9bb08624b199c28f621c61,p3_total,under,,1.5,fanduel,156,-200,oddsapi
2026-10-02T21:05:05Z,2026-10-02,STL @ DAL,797f03124f9bb08624b199c28f621c61,team_total_alt,over,DAL,3.5,betrivers,-103,-134,oddsapi
2026-10-02T21:05:05Z,2026-10-02,STL @ DAL,797f03124f9bb08624b199c28f621c61,team_total_alt,under,DAL,3.5,betrivers,-134,-103,oddsapi
2026-10-02T21:05:05Z,2026-10-02,STL @ DAL,797f03124f9bb08624b199c28f621c61,team_total_alt,over,DAL,4.5,betrivers,235,-345,oddsapi
2026-10-02T21:05:05Z,2026-10-02,STL @ DAL,797f03124f9bb08624b199c28f621c61,team_total_alt,under,DAL,4.5,betrivers,-345,235,oddsapi
2026-10-02T21:05:05Z,2026-10-02,STL @ DAL,797f03124f9bb08624b199c28f621c61,team_total_alt,over,DAL,2.5,betrivers,-265,185,oddsapi
2026-10-02T21:05:05Z,2026-10-02,STL @ DAL,797f03124f9bb08624b199c28f621c61,team_total_alt,under,DAL,2.5,betrivers,185,-265,oddsapi
2026-10-02T21:05:05Z,2026-10-02,STL @ DAL,797f03124f9bb08624b199c28f621c61,team_total_alt,over,STL,2.5,betrivers,-110,-122,oddsapi
2026-10-02T21:05:05Z,2026-10-02,STL @ DAL,797f03124f9bb08624b199c28f621c61,team_total_alt,under,STL,2.5,betrivers,-122,-110,oddsapi
2026-10-02T21:05:05Z,2026-10-02,STL @ DAL,797f03124f9bb08624b199c28f621c61,team_total_alt,over,STL,3.5,betrivers,230,-335,oddsapi
2026-10-02T21:05:05Z,2026-10-02,STL @ DAL,797f03124f9bb08624b199c28f621c61,team_total_alt,under,STL,3.5,betrivers,-335,230,oddsapi
2026-10-02T21:05:05Z,2026-10-02,STL @ DAL,797f03124f9bb08624b199c28f621c61,team_total_alt,over,STL,1.5,betrivers,-345,235,oddsapi
2026-10-02T21:05:05Z,2026-10-02,STL @ DAL,797f03124f9bb08624b199c28f621c61,team_total_alt,under,STL,1.5,betrivers,235,-345,oddsapi
2026-10-02T21:05:05Z,2026-10-02,STL @ DAL,797f03124f9bb08624b199c28f621c61,game_ml3,DAL,,,betrivers,-117,,oddsapi
2026-10-02T21:05:05Z,2026-10-02,STL @ DAL,797f03124f9bb08624b199c28f621c61,game_ml3,STL,,,betrivers,260,,oddsapi
2026-10-02T21:05:05Z,2026-10-02,STL @ DAL,797f03124f9bb08624b199c28f621c61,game_ml3,draw,,,betrivers,310,,oddsapi
2026-10-02T21:05:05Z,2026-10-02,STL @ DAL,797f03124f9bb08624b199c28f621c61,p1_ml3,DAL,,,betrivers,128,,oddsapi
2026-10-02T21:05:05Z,2026-10-02,STL @ DAL,797f03124f9bb08624b199c28f621c61,p1_ml3,STL,,,betrivers,245,,oddsapi
2026-10-02T21:05:05Z,2026-10-02,STL @ DAL,797f03124f9bb08624b199c28f621c61,p1_ml3,draw,,,betrivers,188,,oddsapi
2026-10-02T21:05:05Z,2026-10-02,STL @ DAL,797f03124f9bb08624b199c28f621c61,p2_ml3,DAL,,,betrivers,125,,oddsapi
2026-10-02T21:05:05Z,2026-10-02,STL @ DAL,797f03124f9bb08624b199c28f621c61,p2_ml3,STL,,,betrivers,230,,oddsapi
2026-10-02T21:05:05Z,2026-10-02,STL @ DAL,797f03124f9bb08624b199c28f621c61,p2_ml3,draw,,,betrivers,200,,oddsapi
2026-10-02T21:05:05Z,2026-10-02,STL @ DAL,797f03124f9bb08624b199c28f621c61,p3_ml3,DAL,,,betrivers,123,,oddsapi
2026-10-02T21:05:05Z,2026-10-02,STL @ DAL,797f03124f9bb08624b199c28f621c61,p3_ml3,STL,,,betrivers,225,,oddsapi
2026-10-02T21:05:05Z,2026-10-02,STL @ DAL,797f03124f9bb08624b199c28f621c61,p3_ml3,draw,,,betrivers,210,,oddsapi
2026-10-02T21:05:05Z,2026-10-02,STL @ DAL,797f03124f9bb08624b199c28f621c61,ags,yes,Mikko Rantanen,,betrivers,185,,oddsapi
2026-10-02T21:05:05Z,2026-10-02,STL @ DAL,797f03124f9bb08624b199c28f621c61,ags,yes,Thomas Harley,,betrivers,575,,oddsapi
2026-10-02T21:05:05Z,2026-10-02,STL @ DAL,797f03124f9bb08624b199c28f621c61,ags,yes,Dalibor Dvorsky,,betrivers,500,,oddsapi
2026-10-02T21:05:05Z,2026-10-02,STL @ DAL,797f03124f9bb08624b199c28f621c61,ags,yes,Nils Lundkvist,,betrivers,850,,oddsapi
2026-10-02T21:05:05Z,2026-10-02,STL @ DAL,797f03124f9bb08624b199c28f621c61,ags,yes,Roope Hintz,,betrivers,215,,oddsapi
2026-10-02T21:05:05Z,2026-10-02,STL @ DAL,797f03124f9bb08624b199c28f621c61,ags,yes,Dylan Holloway,,betrivers,260,,oddsapi
2026-10-02T21:05:05Z,2026-10-02,STL @ DAL,797f03124f9bb08624b199c28f621c61,ags,yes,Pavel Buchnevich,,betrivers,310,,oddsapi
2026-10-02T21:05:05Z,2026-10-02,STL @ DAL,797f03124f9bb08624b199c28f621c61,ags,yes,Jimmy Snuggerud,,betrivers,275,,oddsapi
2026-10-02T21:05:05Z,2026-10-02,STL @ DAL,797f03124f9bb08624b199c28f621c61,ags,yes,Miro Heiskanen,,betrivers,450,,oddsapi
2026-10-02T21:05:05Z,2026-10-02,STL @ DAL,797f03124f9bb08624b199c28f621c61,ags,yes,Justin Hryckowian,,betrivers,310,,oddsapi
2026-10-02T21:05:05Z,2026-10-02,STL @ DAL,797f03124f9bb08624b199c28f621c61,ags,yes,Tyler Seguin,,betrivers,285,,oddsapi
2026-10-02T21:05:05Z,2026-10-02,STL @ DAL,797f03124f9bb08624b199c28f621c61,ags,yes,Arttu Hyry,,betrivers,575,,oddsapi
2026-10-02T21:05:05Z,2026-10-02,STL @ DAL,797f03124f9bb08624b199c28f621c61,ags,yes,Colton Parayko,,betrivers,1000,,oddsapi
2026-10-02T21:05:05Z,2026-10-02,STL @ DAL,797f03124f9bb08624b199c28f621c61,ags,yes,Tyler Myers,,betrivers,1000,,oddsapi
2026-10-02T21:05:05Z,2026-10-02,STL @ DAL,797f03124f9bb08624b199c28f621c61,ags,yes,Wyatt Johnston,,betrivers,155,,oddsapi
2026-10-02T21:05:05Z,2026-10-02,STL @ DAL,797f03124f9bb08624b199c28f621c61,ags,yes,Cam Fowler,,betrivers,750,,oddsapi
2026-10-02T21:05:05Z,2026-10-02,STL @ DAL,797f03124f9bb08624b199c28f621c61,ags,yes,Pius Suter,,betrivers,800,,oddsapi
2026-10-02T21:05:05Z,2026-10-02,STL @ DAL,797f03124f9bb08624b199c28f621c61,ags,yes,Jason Robertson,,betrivers,138,,oddsapi
2026-10-02T21:05:05Z,2026-10-02,STL @ DAL,797f03124f9bb08624b199c28f621c61,ags,yes,Philip Broberg,,betrivers,700,,oddsapi
2026-10-02T21:05:05Z,2026-10-02,STL @ DAL,797f03124f9bb08624b199c28f621c61,ags,yes,Alexey Toropchenko,,betrivers,800,,oddsapi
2026-10-02T21:05:05Z,2026-10-02,STL @ DAL,797f03124f9bb08624b199c28f621c61,ags,yes,Lian Bichsel,,betrivers,900,,oddsapi
2026-10-02T21:05:05Z,2026-10-02,STL @ DAL,797f03124f9bb08624b199c28f621c61,ags,yes,Esa Lindell,,betrivers,750,,oddsapi
2026-10-02T21:05:05Z,2026-10-02,STL @ DAL,797f03124f9bb08624b199c28f621c61,ags,yes,Robert Thomas,,betrivers,290,,oddsapi
2026-10-02T21:05:05Z,2026-10-02,STL @ DAL,797f03124f9bb08624b199c28f621c61,ags,yes,Jonatan Berggren,,betrivers,600,,oddsapi
2026-10-02T21:05:05Z,2026-10-02,STL @ DAL,797f03124f9bb08624b199c28f621c61,ags,yes,Sam Steel,,betrivers,450,,oddsapi
2026-10-02T21:05:05Z,2026-10-02,STL @ DAL,797f03124f9bb08624b199c28f621c61,ags,yes,Theo Lindstein,,betrivers,1100,,oddsapi
2026-10-02T21:05:05Z,2026-10-02,STL @ DAL,797f03124f9bb08624b199c28f621c61,ags,yes,Radek Faksa,,betrivers,700,,oddsapi
2026-10-02T21:05:05Z,2026-10-02,STL @ DAL,797f03124f9bb08624b199c28f621c61,ags,yes,Jamie Benn,,betrivers,430,,oddsapi
2026-10-02T21:05:05Z,2026-10-02,STL @ DAL,797f03124f9bb08624b199c28f621c61,ags,yes,Oskar Back,,betrivers,700,,oddsapi
2026-10-02T21:05:05Z,2026-10-02,STL @ DAL,797f03124f9bb08624b199c28f621c61,ags,yes,Ross Johnston,,betrivers,700,,oddsapi
2026-10-02T21:05:05Z,2026-10-02,STL @ DAL,797f03124f9bb08624b199c28f621c61,ags,yes,Jake Neighbours,,betrivers,425,,oddsapi
2026-10-02T21:05:05Z,2026-10-02,STL @ DAL,797f03124f9bb08624b199c28f621c61,fgs,yes,Oskar Back,,betrivers,2900,,oddsapi
2026-10-02T21:05:05Z,2026-10-02,STL @ DAL,797f03124f9bb08624b199c28f621c61,fgs,yes,Jake Neighbours,,betrivers,1700,,oddsapi
2026-10-02T21:05:05Z,2026-10-02,STL @ DAL,797f03124f9bb08624b199c28f621c61,fgs,yes,Jason Robertson,,betrivers,600,,oddsapi
2026-10-02T21:05:05Z,2026-10-02,STL @ DAL,797f03124f9bb08624b199c28f621c61,fgs,yes,Alexey Toropchenko,,betrivers,3400,,oddsapi
2026-10-02T21:05:05Z,2026-10-02,STL @ DAL,797f03124f9bb08624b199c28f621c61,fgs,yes,Radek Faksa,,betrivers,2900,,oddsapi
2026-10-02T21:05:05Z,2026-10-02,STL @ DAL,797f03124f9bb08624b199c28f621c61,fgs,yes,Mikko Rantanen,,betrivers,800,,oddsapi
2026-10-02T21:05:05Z,2026-10-02,STL @ DAL,797f03124f9bb08624b199c28f621c61,fgs,yes,Colton Parayko,,betrivers,4000,,oddsapi
2026-10-02T21:05:05Z,2026-10-02,STL @ DAL,797f03124f9bb08624b199c28f621c61,fgs,yes,Lian Bichsel,,betrivers,4000,,oddsapi
2026-10-02T21:05:05Z,2026-10-02,STL @ DAL,797f03124f9bb08624b199c28f621c61,fgs,yes,Sam Steel,,betrivers,1600,,oddsapi
2026-10-02T21:05:05Z,2026-10-02,STL @ DAL,797f03124f9bb08624b199c28f621c61,fgs,yes,Wyatt Johnston,,betrivers,700,,oddsapi
2026-10-02T21:05:05Z,2026-10-02,STL @ DAL,797f03124f9bb08624b199c28f621c61,fgs,yes,Dalibor Dvorsky,,betrivers,1900,,oddsapi
2026-10-02T21:05:05Z,2026-10-02,STL @ DAL,797f03124f9bb08624b199c28f621c61,fgs,yes,Philip Broberg,,betrivers,2800,,oddsapi
2026-10-02T21:05:05Z,2026-10-02,STL @ DAL,797f03124f9bb08624b199c28f621c61,fgs,yes,Esa Lindell,,betrivers,3300,,oddsapi
2026-10-02T21:05:05Z,2026-10-02,STL @ DAL,797f03124f9bb08624b199c28f621c61,fgs,yes,Nils Lundkvist,,betrivers,3400,,oddsapi
2026-10-02T21:05:05Z,2026-10-02,STL @ DAL,797f03124f9bb08624b199c28f621c61,fgs,yes,Jamie Benn,,betrivers,1700,,oddsapi
2026-10-02T21:05:05Z,2026-10-02,STL @ DAL,797f03124f9bb08624b199c28f621c61,fgs,yes,Thomas Harley,,betrivers,2200,,oddsapi
2026-10-02T21:05:05Z,2026-10-02,STL @ DAL,797f03124f9bb08624b199c28f621c61,fgs,yes,Pius Suter,,betrivers,3400,,oddsapi
2026-10-02T21:05:05Z,2026-10-02,STL @ DAL,797f03124f9bb08624b199c28f621c61,fgs,yes,Jonatan Berggren,,betrivers,2400,,oddsapi
2026-10-02T21:05:05Z,2026-10-02,STL @ DAL,797f03124f9bb08624b199c28f621c61,fgs,yes,Roope Hintz,,betrivers,900,,oddsapi
2026-10-02T21:05:05Z,2026-10-02,STL @ DAL,797f03124f9bb08624b199c28f621c61,fgs,yes,Jimmy Snuggerud,,betrivers,1200,,oddsapi
2026-10-02T21:05:05Z,2026-10-02,STL @ DAL,797f03124f9bb08624b199c28f621c61,fgs,yes,Cam Fowler,,betrivers,3000,,oddsapi
2026-10-02T21:05:05Z,2026-10-02,STL @ DAL,797f03124f9bb08624b199c28f621c61,fgs,yes,Miro Heiskanen,,betrivers,1800,,oddsapi
2026-10-02T21:05:05Z,2026-10-02,STL @ DAL,797f03124f9bb08624b199c28f621c61,fgs,yes,Tyler Seguin,,betrivers,1150,,oddsapi
2026-10-02T21:05:05Z,2026-10-02,STL @ DAL,797f03124f9bb08624b199c28f621c61,fgs,yes,Tyler Myers,,betrivers,4000,,oddsapi
2026-10-02T21:05:05Z,2026-10-02,STL @ DAL,797f03124f9bb08624b199c28f621c61,fgs,yes,Robert Thomas,,betrivers,1200,,oddsapi
2026-10-02T21:05:05Z,2026-10-02,STL @ DAL,797f03124f9bb08624b199c28f621c61,fgs,yes,Theo Lindstein,,betrivers,4500,,oddsapi
2026-10-02T21:05:05Z,2026-10-02,STL @ DAL,797f03124f9bb08624b199c28f621c61,fgs,yes,Pavel Buchnevich,,betrivers,1300,,oddsapi
2026-10-02T21:05:05Z,2026-10-02,STL @ DAL,797f03124f9bb08624b199c28f621c61,fgs,yes,Justin Hryckowian,,betrivers,1200,,oddsapi
2026-10-02T21:05:05Z,2026-10-02,STL @ DAL,797f03124f9bb08624b199c28f621c61,fgs,yes,Dylan Holloway,,betrivers,1100,,oddsapi
2026-10-02T21:05:05Z,2026-10-02,STL @ DAL,797f03124f9bb08624b199c28f621c61,fgs,yes,Arttu Hyry,,betrivers,2200,,oddsapi
2026-10-02T21:05:05Z,2026-10-02,STL @ DAL,797f03124f9bb08624b199c28f621c61,fgs,yes,Ross Johnston,,betrivers,3000,,oddsapi
2026-10-02T21:05:05Z,2026-10-02,STL @ DAL,797f03124f9bb08624b199c28f621c61,sk_g,over,Cam Fowler,1.5,betrivers,13000,,oddsapi
2026-10-02T21:05:05Z,2026-10-02,STL @ DAL,797f03124f9bb08624b199c28f621c61,sk_g,over,Thomas Harley,1.5,betrivers,6000,,oddsapi
2026-10-02T21:05:05Z,2026-10-02,STL @ DAL,797f03124f9bb08624b199c28f621c61,sk_g,over,Nils Lundkvist,1.5,betrivers,14000,,oddsapi
2026-10-02T21:05:05Z,2026-10-02,STL @ DAL,797f03124f9bb08624b199c28f621c61,sk_g,over,Alexey Toropchenko,1.5,betrivers,20000,,oddsapi
2026-10-02T21:05:05Z,2026-10-02,STL @ DAL,797f03124f9bb08624b199c28f621c61,sk_g,over,Lian Bichsel,1.5,betrivers,14000,,oddsapi
2026-10-02T21:05:05Z,2026-10-02,STL @ DAL,797f03124f9bb08624b199c28f621c61,sk_g,over,Dylan Holloway,2.5,betrivers,12000,,oddsapi
2026-10-02T21:05:05Z,2026-10-02,STL @ DAL,797f03124f9bb08624b199c28f621c61,sk_g,over,Radek Faksa,1.5,betrivers,10000,,oddsapi
2026-10-02T21:05:05Z,2026-10-02,STL @ DAL,797f03124f9bb08624b199c28f621c61,sk_g,over,Oskar Back,1.5,betrivers,11000,,oddsapi
2026-10-02T21:05:05Z,2026-10-02,STL @ DAL,797f03124f9bb08624b199c28f621c61,sk_g,over,Wyatt Johnston,1.5,betrivers,750,,oddsapi
2026-10-02T21:05:05Z,2026-10-02,STL @ DAL,797f03124f9bb08624b199c28f621c61,sk_g,over,Jimmy Snuggerud,1.5,betrivers,1800,,oddsapi
2026-10-02T21:05:05Z,2026-10-02,STL @ DAL,797f03124f9bb08624b199c28f621c61,sk_g,over,Miro Heiskanen,1.5,betrivers,4000,,oddsapi
2026-10-02T21:05:05Z,2026-10-02,STL @ DAL,797f03124f9bb08624b199c28f621c61,sk_g,over,Jonatan Berggren,1.5,betrivers,8000,,oddsapi
2026-10-02T21:05:05Z,2026-10-02,STL @ DAL,797f03124f9bb08624b199c28f621c61,sk_g,over,Jason Robertson,1.5,betrivers,650,,oddsapi
2026-10-02T21:05:05Z,2026-10-02,STL @ DAL,797f03124f9bb08624b199c28f621c61,sk_g,over,Justin Hryckowian,1.5,betrivers,2200,,oddsapi
2026-10-02T21:05:05Z,2026-10-02,STL @ DAL,797f03124f9bb08624b199c28f621c61,sk_g,over,Arttu Hyry,1.5,betrivers,6000,,oddsapi
2026-10-02T21:05:05Z,2026-10-02,STL @ DAL,797f03124f9bb08624b199c28f621c61,sk_g,over,Wyatt Johnston,2.5,betrivers,4500,,oddsapi
2026-10-02T21:05:05Z,2026-10-02,STL @ DAL,797f03124f9bb08624b199c28f621c61,sk_g,over,Pavel Buchnevich,1.5,betrivers,2200,,oddsapi
2026-10-02T21:05:05Z,2026-10-02,STL @ DAL,797f03124f9bb08624b199c28f621c61,sk_g,over,Pius Suter,1.5,betrivers,14000,,oddsapi
2026-10-02T21:05:05Z,2026-10-02,STL @ DAL,797f03124f9bb08624b199c28f621c61,sk_g,over,Tyler Seguin,1.5,betrivers,1800,,oddsapi
2026-10-02T21:05:05Z,2026-10-02,STL @ DAL,797f03124f9bb08624b199c28f621c61,sk_g,over,Robert Thomas,1.5,betrivers,2000,,oddsapi
2026-10-02T21:05:05Z,2026-10-02,STL @ DAL,797f03124f9bb08624b199c28f621c61,sk_g,over,Philip Broberg,1.5,betrivers,9000,,oddsapi
2026-10-02T21:05:05Z,2026-10-02,STL @ DAL,797f03124f9bb08624b199c28f621c61,sk_g,over,Roope Hintz,1.5,betrivers,1200,,oddsapi
2026-10-02T21:05:05Z,2026-10-02,STL @ DAL,797f03124f9bb08624b199c28f621c61,sk_g,over,Dylan Holloway,1.5,betrivers,1600,,oddsapi
2026-10-02T21:05:05Z,2026-10-02,STL @ DAL,797f03124f9bb08624b199c28f621c61,sk_g,over,Esa Lindell,1.5,betrivers,12000,,oddsapi
2026-10-02T21:05:05Z,2026-10-02,STL @ DAL,797f03124f9bb08624b199c28f621c61,sk_g,over,Tyler Seguin,2.5,betrivers,15000,,oddsapi
2026-10-02T21:05:05Z,2026-10-02,STL @ DAL,797f03124f9bb08624b199c28f621c61,sk_g,over,Mikko Rantanen,2.5,betrivers,6600,,oddsapi
2026-10-02T21:05:05Z,2026-10-02,STL @ DAL,797f03124f9bb08624b199c28f621c61,sk_g,over,Jason Robertson,2.5,betrivers,3300,,oddsapi
2026-10-02T21:05:05Z,2026-10-02,STL @ DAL,797f03124f9bb08624b199c28f621c61,sk_g,over,Mikko Rantanen,1.5,betrivers,1000,,oddsapi
2026-10-02T21:05:05Z,2026-10-02,STL @ DAL,797f03124f9bb08624b199c28f621c61,sk_g,over,Sam Steel,1.5,betrivers,4000,,oddsapi
2026-10-02T21:05:05Z,2026-10-02,STL @ DAL,797f03124f9bb08624b199c28f621c61,sk_g,over,Dalibor Dvorsky,1.5,betrivers,5000,,oddsapi
2026-10-02T21:05:05Z,2026-10-02,STL @ DAL,797f03124f9bb08624b199c28f621c61,sk_g,over,Roope Hintz,2.5,betrivers,7500,,oddsapi
2026-10-02T21:05:05Z,2026-10-02,STL @ DAL,797f03124f9bb08624b199c28f621c61,sk_g,over,Jamie Benn,1.5,betrivers,3500,,oddsapi
2026-10-02T21:05:05Z,2026-10-02,STL @ DAL,797f03124f9bb08624b199c28f621c61,sk_g,over,Ross Johnston,1.5,betrivers,10000,,oddsapi
2026-10-02T21:05:05Z,2026-10-02,STL @ DAL,797f03124f9bb08624b199c28f621c61,sk_g,over,Jake Neighbours,1.5,betrivers,4000,,oddsapi
2026-10-02T21:05:05Z,2026-10-02,STL @ DAL,797f03124f9bb08624b199c28f621c61,sk_g,over,Jimmy Snuggerud,2.5,betrivers,16000,,oddsapi
2026-10-02T21:05:05Z,2026-10-02,STL @ DAL,797f03124f9bb08624b199c28f621c61,sk_g,over,Robert Thomas,2.5,betrivers,14000,,oddsapi
2026-10-02T21:05:05Z,2026-10-02,STL @ DAL,797f03124f9bb08624b199c28f621c61,p1_total,over,,0.5,betrivers,-770,380,oddsapi
2026-10-02T21:05:05Z,2026-10-02,STL @ DAL,797f03124f9bb08624b199c28f621c61,p1_total,under,,0.5,betrivers,380,-770,oddsapi
2026-10-02T21:05:05Z,2026-10-02,STL @ DAL,797f03124f9bb08624b199c28f621c61,p2_total,over,,1.5,betrivers,-180,123,oddsapi
2026-10-02T21:05:05Z,2026-10-02,STL @ DAL,797f03124f9bb08624b199c28f621c61,p2_total,under,,1.5,betrivers,123,-180,oddsapi
2026-10-02T21:05:05Z,2026-10-02,STL @ DAL,797f03124f9bb08624b199c28f621c61,p3_total,over,,3.5,betrivers,425,-910,oddsapi
2026-10-02T21:05:05Z,2026-10-02,STL @ DAL,797f03124f9bb08624b199c28f621c61,p3_total,under,,3.5,betrivers,-910,425,oddsapi
2026-10-02T21:05:05Z,2026-10-02,STL @ DAL,797f03124f9bb08624b199c28f621c61,p1_ml,DAL,,,betonlineag,-150,130,oddsapi
2026-10-02T21:05:05Z,2026-10-02,STL @ DAL,797f03124f9bb08624b199c28f621c61,p1_ml,STL,,,betonlineag,130,-150,oddsapi
2026-10-02T21:05:05Z,2026-10-02,STL @ DAL,797f03124f9bb08624b199c28f621c61,sk_pts,over,Robert Thomas,0.5,betonlineag,-154,119,oddsapi
2026-10-02T21:05:05Z,2026-10-02,STL @ DAL,797f03124f9bb08624b199c28f621c61,sk_pts,under,Robert Thomas,0.5,betonlineag,119,-154,oddsapi
2026-10-02T21:05:05Z,2026-10-02,STL @ DAL,797f03124f9bb08624b199c28f621c61,sk_pts,over,Jason Robertson,1.5,betonlineag,182,-244,oddsapi
2026-10-02T21:05:05Z,2026-10-02,STL @ DAL,797f03124f9bb08624b199c28f621c61,sk_pts,under,Jason Robertson,1.5,betonlineag,-244,182,oddsapi
2026-10-02T21:05:05Z,2026-10-02,STL @ DAL,797f03124f9bb08624b199c28f621c61,sk_pts,over,Wyatt Johnston,0.5,betonlineag,-179,137,oddsapi
2026-10-02T21:05:05Z,2026-10-02,STL @ DAL,797f03124f9bb08624b199c28f621c61,sk_pts,under,Wyatt Johnston,0.5,betonlineag,137,-179,oddsapi
2026-10-02T21:05:05Z,2026-10-02,STL @ DAL,797f03124f9bb08624b199c28f621c61,sk_pts,over,Mikko Rantanen,1.5,betonlineag,190,-256,oddsapi
2026-10-02T21:05:05Z,2026-10-02,STL @ DAL,797f03124f9bb08624b199c28f621c61,sk_pts,under,Mikko Rantanen,1.5,betonlineag,-256,190,oddsapi
2026-10-02T21:05:05Z,2026-10-02,STL @ DAL,797f03124f9bb08624b199c28f621c61,sk_pts,over,Dylan Holloway,0.5,betonlineag,-127,-102,oddsapi
2026-10-02T21:05:05Z,2026-10-02,STL @ DAL,797f03124f9bb08624b199c28f621c61,sk_pts,under,Dylan Holloway,0.5,betonlineag,-102,-127,oddsapi
2026-10-02T21:05:05Z,2026-10-02,STL @ DAL,797f03124f9bb08624b199c28f621c61,sk_pts,over,Jimmy Snuggerud,0.5,betonlineag,-120,-108,oddsapi
2026-10-02T21:05:05Z,2026-10-02,STL @ DAL,797f03124f9bb08624b199c28f621c61,sk_pts,under,Jimmy Snuggerud,0.5,betonlineag,-108,-120,oddsapi
2026-10-02T21:05:05Z,2026-10-02,STL @ DAL,797f03124f9bb08624b199c28f621c61,sk_pts,over,Tyler Seguin,0.5,betonlineag,-101,-128,oddsapi
2026-10-02T21:05:05Z,2026-10-02,STL @ DAL,797f03124f9bb08624b199c28f621c61,sk_pts,under,Tyler Seguin,0.5,betonlineag,-128,-101,oddsapi
2026-10-02T21:05:05Z,2026-10-02,STL @ DAL,797f03124f9bb08624b199c28f621c61,sk_pts,over,Roope Hintz,0.5,betonlineag,-169,129,oddsapi
2026-10-02T21:05:05Z,2026-10-02,STL @ DAL,797f03124f9bb08624b199c28f621c61,sk_pts,under,Roope Hintz,0.5,betonlineag,129,-169,oddsapi
2026-10-02T21:05:05Z,2026-10-02,STL @ DAL,797f03124f9bb08624b199c28f621c61,sk_pts,over,Thomas Harley,0.5,betonlineag,136,-179,oddsapi
2026-10-02T21:05:05Z,2026-10-02,STL @ DAL,797f03124f9bb08624b199c28f621c61,sk_pts,under,Thomas Harley,0.5,betonlineag,-179,136,oddsapi
2026-10-02T21:05:05Z,2026-10-02,STL @ DAL,797f03124f9bb08624b199c28f621c61,sk_pts,over,Miro Heiskanen,0.5,betonlineag,-175,135,oddsapi
2026-10-02T21:05:05Z,2026-10-02,STL @ DAL,797f03124f9bb08624b199c28f621c61,sk_pts,under,Miro Heiskanen,0.5,betonlineag,135,-175,oddsapi
2026-10-02T21:05:05Z,2026-10-02,STL @ DAL,797f03124f9bb08624b199c28f621c61,sk_pts,over,Justin Hryckowian,0.5,betonlineag,128,-167,oddsapi
2026-10-02T21:05:05Z,2026-10-02,STL @ DAL,797f03124f9bb08624b199c28f621c61,sk_pts,under,Justin Hryckowian,0.5,betonlineag,-167,128,oddsapi
2026-10-02T21:05:05Z,2026-10-02,STL @ DAL,797f03124f9bb08624b199c28f621c61,sk_pts,over,Jamie Benn,0.5,betonlineag,149,-196,oddsapi
2026-10-02T21:05:05Z,2026-10-02,STL @ DAL,797f03124f9bb08624b199c28f621c61,sk_pts,under,Jamie Benn,0.5,betonlineag,-196,149,oddsapi
2026-10-02T21:05:05Z,2026-10-02,STL @ DAL,797f03124f9bb08624b199c28f621c61,sk_pts,over,Sam Steel,0.5,betonlineag,158,-208,oddsapi
2026-10-02T21:05:05Z,2026-10-02,STL @ DAL,797f03124f9bb08624b199c28f621c61,sk_pts,under,Sam Steel,0.5,betonlineag,-208,158,oddsapi
2026-10-02T21:05:05Z,2026-10-02,STL @ DAL,797f03124f9bb08624b199c28f621c61,sk_pts,over,Esa Lindell,0.5,betonlineag,190,-256,oddsapi
2026-10-02T21:05:05Z,2026-10-02,STL @ DAL,797f03124f9bb08624b199c28f621c61,sk_pts,under,Esa Lindell,0.5,betonlineag,-256,190,oddsapi
2026-10-02T21:05:05Z,2026-10-02,STL @ DAL,797f03124f9bb08624b199c28f621c61,sk_pts,over,Jonatan Berggren,0.5,betonlineag,226,-312,oddsapi
2026-10-02T21:05:05Z,2026-10-02,STL @ DAL,797f03124f9bb08624b199c28f621c61,sk_pts,under,Jonatan Berggren,0.5,betonlineag,-312,226,oddsapi
2026-10-02T21:05:05Z,2026-10-02,STL @ DAL,797f03124f9bb08624b199c28f621c61,sk_pts,over,Pavel Buchnevich,0.5,betonlineag,141,-185,oddsapi
2026-10-02T21:05:05Z,2026-10-02,STL @ DAL,797f03124f9bb08624b199c28f621c61,sk_pts,under,Pavel Buchnevich,0.5,betonlineag,-185,141,oddsapi
2026-10-02T21:05:05Z,2026-10-02,STL @ DAL,797f03124f9bb08624b199c28f621c61,sk_pts,over,Philip Broberg,0.5,betonlineag,164,-217,oddsapi
2026-10-02T21:05:05Z,2026-10-02,STL @ DAL,797f03124f9bb08624b199c28f621c61,sk_pts,under,Philip Broberg,0.5,betonlineag,-217,164,oddsapi
2026-10-02T21:05:05Z,2026-10-02,STL @ DAL,797f03124f9bb08624b199c28f621c61,sk_pts,over,Jake Neighbours,0.5,betonlineag,164,-217,oddsapi
2026-10-02T21:05:05Z,2026-10-02,STL @ DAL,797f03124f9bb08624b199c28f621c61,sk_pts,under,Jake Neighbours,0.5,betonlineag,-217,164,oddsapi
2026-10-02T21:05:05Z,2026-10-02,STL @ DAL,797f03124f9bb08624b199c28f621c61,sk_pts,over,Dalibor Dvorsky,0.5,betonlineag,190,-256,oddsapi
2026-10-02T21:05:05Z,2026-10-02,STL @ DAL,797f03124f9bb08624b199c28f621c61,sk_pts,under,Dalibor Dvorsky,0.5,betonlineag,-256,190,oddsapi
2026-10-02T21:05:05Z,2026-10-02,STL @ DAL,797f03124f9bb08624b199c28f621c61,sk_sog,over,Wyatt Johnston,2.5,betonlineag,-116,-111,oddsapi
2026-10-02T21:05:05Z,2026-10-02,STL @ DAL,797f03124f9bb08624b199c28f621c61,sk_sog,under,Wyatt Johnston,2.5,betonlineag,-111,-116,oddsapi
2026-10-02T21:05:05Z,2026-10-02,STL @ DAL,797f03124f9bb08624b199c28f621c61,sk_sog,over,Robert Thomas,1.5,betonlineag,-109,-119,oddsapi
2026-10-02T21:05:05Z,2026-10-02,STL @ DAL,797f03124f9bb08624b199c28f621c61,sk_sog,under,Robert Thomas,1.5,betonlineag,-119,-109,oddsapi
2026-10-02T21:05:05Z,2026-10-02,STL @ DAL,797f03124f9bb08624b199c28f621c61,sk_sog,over,Jason Robertson,3.5,betonlineag,106,-137,oddsapi
2026-10-02T21:05:05Z,2026-10-02,STL @ DAL,797f03124f9bb08624b199c28f621c61,sk_sog,under,Jason Robertson,3.5,betonlineag,-137,106,oddsapi
2026-10-02T21:05:05Z,2026-10-02,STL @ DAL,797f03124f9bb08624b199c28f621c61,sk_sog,over,Mikko Rantanen,2.5,betonlineag,109,-141,oddsapi
2026-10-02T21:05:05Z,2026-10-02,STL @ DAL,797f03124f9bb08624b199c28f621c61,sk_sog,under,Mikko Rantanen,2.5,betonlineag,-141,109,oddsapi
2026-10-02T21:05:05Z,2026-10-02,STL @ DAL,797f03124f9bb08624b199c28f621c61,sk_sog,over,Jimmy Snuggerud,2.5,betonlineag,118,-154,oddsapi
2026-10-02T21:05:05Z,2026-10-02,STL @ DAL,797f03124f9bb08624b199c28f621c61,sk_sog,under,Jimmy Snuggerud,2.5,betonlineag,-154,118,oddsapi
2026-10-02T21:05:05Z,2026-10-02,STL @ DAL,797f03124f9bb08624b199c28f621c61,sk_sog,over,Dylan Holloway,2.5,betonlineag,-118,-110,oddsapi
2026-10-02T21:05:05Z,2026-10-02,STL @ DAL,797f03124f9bb08624b199c28f621c61,sk_sog,under,Dylan Holloway,2.5,betonlineag,-110,-118,oddsapi
2026-10-02T21:05:05Z,2026-10-02,STL @ DAL,797f03124f9bb08624b199c28f621c61,sk_sog,over,Thomas Harley,1.5,betonlineag,-149,115,oddsapi
2026-10-02T21:05:05Z,2026-10-02,STL @ DAL,797f03124f9bb08624b199c28f621c61,sk_sog,under,Thomas Harley,1.5,betonlineag,115,-149,oddsapi
2026-10-02T21:05:05Z,2026-10-02,STL @ DAL,797f03124f9bb08624b199c28f621c61,sk_sog,over,Tyler Seguin,1.5,betonlineag,-109,-119,oddsapi
2026-10-02T21:05:05Z,2026-10-02,STL @ DAL,797f03124f9bb08624b199c28f621c61,sk_sog,under,Tyler Seguin,1.5,betonlineag,-119,-109,oddsapi
2026-10-02T21:05:05Z,2026-10-02,STL @ DAL,797f03124f9bb08624b199c28f621c61,sk_sog,over,Miro Heiskanen,2.5,betonlineag,141,-185,oddsapi
2026-10-02T21:05:05Z,2026-10-02,STL @ DAL,797f03124f9bb08624b199c28f621c61,sk_sog,under,Miro Heiskanen,2.5,betonlineag,-185,141,oddsapi
2026-10-02T21:05:05Z,2026-10-02,STL @ DAL,797f03124f9bb08624b199c28f621c61,sk_sog,over,Roope Hintz,2.5,betonlineag,136,-179,oddsapi
2026-10-02T21:05:05Z,2026-10-02,STL @ DAL,797f03124f9bb08624b199c28f621c61,sk_sog,under,Roope Hintz,2.5,betonlineag,-179,136,oddsapi
2026-10-02T21:05:05Z,2026-10-02,STL @ DAL,797f03124f9bb08624b199c28f621c61,sk_sog,over,Justin Hryckowian,1.5,betonlineag,106,-137,oddsapi
2026-10-02T21:05:05Z,2026-10-02,STL @ DAL,797f03124f9bb08624b199c28f621c61,sk_sog,under,Justin Hryckowian,1.5,betonlineag,-137,106,oddsapi
2026-10-02T21:05:05Z,2026-10-02,STL @ DAL,797f03124f9bb08624b199c28f621c61,g_saves,over,Jake Oettinger,22.5,betonlineag,-110,-118,oddsapi
2026-10-02T21:05:05Z,2026-10-02,STL @ DAL,797f03124f9bb08624b199c28f621c61,g_saves,under,Jake Oettinger,22.5,betonlineag,-118,-110,oddsapi
2026-10-02T21:05:05Z,2026-10-02,STL @ DAL,797f03124f9bb08624b199c28f621c61,g_saves,over,Joel Hofer,26.5,betonlineag,104,-135,oddsapi
2026-10-02T21:05:05Z,2026-10-02,STL @ DAL,797f03124f9bb08624b199c28f621c61,g_saves,under,Joel Hofer,26.5,betonlineag,-135,104,oddsapi
2026-10-02T21:05:05Z,2026-10-02,STL @ DAL,797f03124f9bb08624b199c28f621c61,p1_pl,DAL,,-0.5,betonlineag,143,-163,oddsapi
2026-10-02T21:05:05Z,2026-10-02,STL @ DAL,797f03124f9bb08624b199c28f621c61,p1_pl,STL,,0.5,betonlineag,-163,143,oddsapi
2026-10-02T21:05:05Z,2026-10-02,STL @ DAL,797f03124f9bb08624b199c28f621c61,team_total,over,DAL,3.5,betonlineag,108,-138,oddsapi
2026-10-02T21:05:05Z,2026-10-02,STL @ DAL,797f03124f9bb08624b199c28f621c61,team_total,under,DAL,3.5,betonlineag,-138,108,oddsapi
2026-10-02T21:05:05Z,2026-10-02,STL @ DAL,797f03124f9bb08624b199c28f621c61,team_total,over,STL,2.5,betonlineag,-116,-114,oddsapi
2026-10-02T21:05:05Z,2026-10-02,STL @ DAL,797f03124f9bb08624b199c28f621c61,team_total,under,STL,2.5,betonlineag,-114,-116,oddsapi
2026-10-02T21:05:05Z,2026-10-02,STL @ DAL,797f03124f9bb08624b199c28f621c61,p1_total,over,,1.5,betonlineag,-123,103,oddsapi
2026-10-02T21:05:05Z,2026-10-02,STL @ DAL,797f03124f9bb08624b199c28f621c61,p1_total,under,,1.5,betonlineag,103,-123,oddsapi
2026-10-02T21:05:05Z,2026-10-02,STL @ DAL,797f03124f9bb08624b199c28f621c61,p1_ml,DAL,,,betus,-150,120,oddsapi
2026-10-02T21:05:05Z,2026-10-02,STL @ DAL,797f03124f9bb08624b199c28f621c61,p1_ml,STL,,,betus,120,-150,oddsapi
2026-10-02T21:05:05Z,2026-10-02,STL @ DAL,797f03124f9bb08624b199c28f621c61,p1_pl,DAL,,-0.5,betus,135,-165,oddsapi
2026-10-02T21:05:05Z,2026-10-02,STL @ DAL,797f03124f9bb08624b199c28f621c61,p1_pl,STL,,0.5,betus,-165,135,oddsapi
2026-10-02T21:05:05Z,2026-10-02,STL @ DAL,797f03124f9bb08624b199c28f621c61,p1_total,over,,1.5,betus,-125,-105,oddsapi
2026-10-02T21:05:05Z,2026-10-02,STL @ DAL,797f03124f9bb08624b199c28f621c61,p1_total,under,,1.5,betus,-105,-125,oddsapi
2026-10-02T21:05:05Z,2026-10-02,ANA @ VGK,bae72d1f63e132b366d199db2807c4df,game_pl_alt,ANA,,-3.5,draftkings,1300,-6000,oddsapi
2026-10-02T21:05:05Z,2026-10-02,ANA @ VGK,bae72d1f63e132b366d199db2807c4df,game_pl_alt,ANA,,-2.5,draftkings,575,-1050,oddsapi
2026-10-02T21:05:05Z,2026-10-02,ANA @ VGK,bae72d1f63e132b366d199db2807c4df,game_pl_alt,ANA,,-1.5,draftkings,340,-525,oddsapi
2026-10-02T21:05:05Z,2026-10-02,ANA @ VGK,bae72d1f63e132b366d199db2807c4df,game_pl_alt,ANA,,2.5,draftkings,-270,195,oddsapi
2026-10-02T21:05:05Z,2026-10-02,ANA @ VGK,bae72d1f63e132b366d199db2807c4df,game_pl_alt,ANA,,3.5,draftkings,-675,410,oddsapi
2026-10-02T21:05:05Z,2026-10-02,ANA @ VGK,bae72d1f63e132b366d199db2807c4df,game_pl_alt,VGK,,3.5,draftkings,-6000,1300,oddsapi
2026-10-02T21:05:05Z,2026-10-02,ANA @ VGK,bae72d1f63e132b366d199db2807c4df,game_pl_alt,VGK,,2.5,draftkings,-1050,575,oddsapi
2026-10-02T21:05:05Z,2026-10-02,ANA @ VGK,bae72d1f63e132b366d199db2807c4df,game_pl_alt,VGK,,1.5,draftkings,-525,340,oddsapi
2026-10-02T21:05:05Z,2026-10-02,ANA @ VGK,bae72d1f63e132b366d199db2807c4df,game_pl_alt,VGK,,-2.5,draftkings,195,-270,oddsapi
2026-10-02T21:05:05Z,2026-10-02,ANA @ VGK,bae72d1f63e132b366d199db2807c4df,game_pl_alt,VGK,,-3.5,draftkings,410,-675,oddsapi
2026-10-02T21:05:05Z,2026-10-02,ANA @ VGK,bae72d1f63e132b366d199db2807c4df,team_total_alt,over,ANA,0.5,draftkings,-2800,1000,oddsapi
2026-10-02T21:05:05Z,2026-10-02,ANA @ VGK,bae72d1f63e132b366d199db2807c4df,team_total_alt,under,ANA,0.5,draftkings,1000,-2800,oddsapi
2026-10-02T21:05:05Z,2026-10-02,ANA @ VGK,bae72d1f63e132b366d199db2807c4df,team_total_alt,over,ANA,1.5,draftkings,-430,290,oddsapi
2026-10-02T21:05:05Z,2026-10-02,ANA @ VGK,bae72d1f63e132b366d199db2807c4df,team_total_alt,under,ANA,1.5,draftkings,290,-430,oddsapi
2026-10-02T21:05:05Z,2026-10-02,ANA @ VGK,bae72d1f63e132b366d199db2807c4df,team_total_alt,over,ANA,2.5,draftkings,-145,105,oddsapi
2026-10-02T21:05:05Z,2026-10-02,ANA @ VGK,bae72d1f63e132b366d199db2807c4df,team_total_alt,under,ANA,2.5,draftkings,105,-145,oddsapi
2026-10-02T21:05:05Z,2026-10-02,ANA @ VGK,bae72d1f63e132b366d199db2807c4df,team_total_alt,over,ANA,3.5,draftkings,165,-225,oddsapi
2026-10-02T21:05:05Z,2026-10-02,ANA @ VGK,bae72d1f63e132b366d199db2807c4df,team_total_alt,under,ANA,3.5,draftkings,-225,165,oddsapi
2026-10-02T21:05:05Z,2026-10-02,ANA @ VGK,bae72d1f63e132b366d199db2807c4df,team_total_alt,over,ANA,4.5,draftkings,370,-600,oddsapi
2026-10-02T21:05:05Z,2026-10-02,ANA @ VGK,bae72d1f63e132b366d199db2807c4df,team_total_alt,under,ANA,4.5,draftkings,-600,370,oddsapi
2026-10-02T21:05:05Z,2026-10-02,ANA @ VGK,bae72d1f63e132b366d199db2807c4df,team_total_alt,over,ANA,5.5,draftkings,850,-2000,oddsapi
2026-10-02T21:05:05Z,2026-10-02,ANA @ VGK,bae72d1f63e132b366d199db2807c4df,team_total_alt,under,ANA,5.5,draftkings,-2000,850,oddsapi
2026-10-02T21:05:05Z,2026-10-02,ANA @ VGK,bae72d1f63e132b366d199db2807c4df,team_total_alt,over,VGK,0.5,draftkings,-15000,1800,oddsapi
2026-10-02T21:05:05Z,2026-10-02,ANA @ VGK,bae72d1f63e132b366d199db2807c4df,team_total_alt,under,VGK,0.5,draftkings,1800,-15000,oddsapi
2026-10-02T21:05:05Z,2026-10-02,ANA @ VGK,bae72d1f63e132b366d199db2807c4df,team_total_alt,over,VGK,1.5,draftkings,-1150,600,oddsapi
2026-10-02T21:05:05Z,2026-10-02,ANA @ VGK,bae72d1f63e132b366d199db2807c4df,team_total_alt,under,VGK,1.5,draftkings,600,-1150,oddsapi
2026-10-02T21:05:05Z,2026-10-02,ANA @ VGK,bae72d1f63e132b366d199db2807c4df,team_total_alt,over,VGK,2.5,draftkings,-340,240,oddsapi
2026-10-02T21:05:05Z,2026-10-02,ANA @ VGK,bae72d1f63e132b366d199db2807c4df,team_total_alt,under,VGK,2.5,draftkings,240,-340,oddsapi
2026-10-02T21:05:05Z,2026-10-02,ANA @ VGK,bae72d1f63e132b366d199db2807c4df,team_total_alt,over,VGK,3.5,draftkings,-145,105,oddsapi
2026-10-02T21:05:05Z,2026-10-02,ANA @ VGK,bae72d1f63e132b366d199db2807c4df,team_total_alt,under,VGK,3.5,draftkings,105,-145,oddsapi
2026-10-02T21:05:05Z,2026-10-02,ANA @ VGK,bae72d1f63e132b366d199db2807c4df,team_total_alt,over,VGK,4.5,draftkings,160,-215,oddsapi
2026-10-02T21:05:05Z,2026-10-02,ANA @ VGK,bae72d1f63e132b366d199db2807c4df,team_total_alt,under,VGK,4.5,draftkings,-215,160,oddsapi
2026-10-02T21:05:05Z,2026-10-02,ANA @ VGK,bae72d1f63e132b366d199db2807c4df,team_total_alt,over,VGK,5.5,draftkings,360,-575,oddsapi
2026-10-02T21:05:05Z,2026-10-02,ANA @ VGK,bae72d1f63e132b366d199db2807c4df,team_total_alt,under,VGK,5.5,draftkings,-575,360,oddsapi
2026-10-02T21:05:05Z,2026-10-02,ANA @ VGK,bae72d1f63e132b366d199db2807c4df,game_total_alt,over,,3.5,draftkings,-1300,650,oddsapi
2026-10-02T21:05:05Z,2026-10-02,ANA @ VGK,bae72d1f63e132b366d199db2807c4df,game_total_alt,over,,4.5,draftkings,-630,390,oddsapi
2026-10-02T21:05:05Z,2026-10-02,ANA @ VGK,bae72d1f63e132b366d199db2807c4df,game_total_alt,over,,5.5,draftkings,-210,155,oddsapi
2026-10-02T21:05:05Z,2026-10-02,ANA @ VGK,bae72d1f63e132b366d199db2807c4df,game_total_alt,over,,7.5,draftkings,170,-230,oddsapi
2026-10-02T21:05:05Z,2026-10-02,ANA @ VGK,bae72d1f63e132b366d199db2807c4df,game_total_alt,over,,8.5,draftkings,265,-385,oddsapi
2026-10-02T21:05:05Z,2026-10-02,ANA @ VGK,bae72d1f63e132b366d199db2807c4df,game_total_alt,over,,9.5,draftkings,575,-1050,oddsapi
2026-10-02T21:05:05Z,2026-10-02,ANA @ VGK,bae72d1f63e132b366d199db2807c4df,game_total_alt,under,,3.5,draftkings,650,-1300,oddsapi
2026-10-02T21:05:05Z,2026-10-02,ANA @ VGK,bae72d1f63e132b366d199db2807c4df,game_total_alt,under,,4.5,draftkings,390,-630,oddsapi
2026-10-02T21:05:05Z,2026-10-02,ANA @ VGK,bae72d1f63e132b366d199db2807c4df,game_total_alt,under,,5.5,draftkings,155,-210,oddsapi
2026-10-02T21:05:05Z,2026-10-02,ANA @ VGK,bae72d1f63e132b366d199db2807c4df,game_total_alt,under,,7.5,draftkings,-230,170,oddsapi
2026-10-02T21:05:05Z,2026-10-02,ANA @ VGK,bae72d1f63e132b366d199db2807c4df,game_total_alt,under,,8.5,draftkings,-385,265,oddsapi
2026-10-02T21:05:05Z,2026-10-02,ANA @ VGK,bae72d1f63e132b366d199db2807c4df,game_total_alt,under,,9.5,draftkings,-1050,575,oddsapi
2026-10-02T21:05:05Z,2026-10-02,ANA @ VGK,bae72d1f63e132b366d199db2807c4df,game_ml3,ANA,,,draftkings,235,,oddsapi
2026-10-02T21:05:05Z,2026-10-02,ANA @ VGK,bae72d1f63e132b366d199db2807c4df,game_ml3,VGK,,,draftkings,-125,,oddsapi
2026-10-02T21:05:05Z,2026-10-02,ANA @ VGK,bae72d1f63e132b366d199db2807c4df,game_ml3,draw,,,draftkings,340,,oddsapi
2026-10-02T21:05:05Z,2026-10-02,ANA @ VGK,bae72d1f63e132b366d199db2807c4df,p1_ml3,ANA,,,draftkings,230,,oddsapi
2026-10-02T21:05:05Z,2026-10-02,ANA @ VGK,bae72d1f63e132b366d199db2807c4df,p1_ml3,VGK,,,draftkings,130,,oddsapi
2026-10-02T21:05:05Z,2026-10-02,ANA @ VGK,bae72d1f63e132b366d199db2807c4df,p1_ml3,draw,,,draftkings,195,,oddsapi
2026-10-02T21:05:05Z,2026-10-02,ANA @ VGK,bae72d1f63e132b366d199db2807c4df,p2_ml3,ANA,,,draftkings,225,,oddsapi
2026-10-02T21:05:05Z,2026-10-02,ANA @ VGK,bae72d1f63e132b366d199db2807c4df,p2_ml3,VGK,,,draftkings,115,,oddsapi
2026-10-02T21:05:05Z,2026-10-02,ANA @ VGK,bae72d1f63e132b366d199db2807c4df,p2_ml3,draw,,,draftkings,225,,oddsapi
2026-10-02T21:05:05Z,2026-10-02,ANA @ VGK,bae72d1f63e132b366d199db2807c4df,p3_ml3,ANA,,,draftkings,210,,oddsapi
2026-10-02T21:05:05Z,2026-10-02,ANA @ VGK,bae72d1f63e132b366d199db2807c4df,p3_ml3,VGK,,,draftkings,110,,oddsapi
2026-10-02T21:05:05Z,2026-10-02,ANA @ VGK,bae72d1f63e132b366d199db2807c4df,p3_ml3,draw,,,draftkings,270,,oddsapi
2026-10-02T21:05:05Z,2026-10-02,ANA @ VGK,bae72d1f63e132b366d199db2807c4df,sk_a,over,Jack Eichel,0.5,draftkings,-145,110,oddsapi
2026-10-02T21:05:05Z,2026-10-02,ANA @ VGK,bae72d1f63e132b366d199db2807c4df,sk_a,under,Jack Eichel,0.5,draftkings,110,-145,oddsapi
2026-10-02T21:05:05Z,2026-10-02,ANA @ VGK,bae72d1f63e132b366d199db2807c4df,sk_a,over,Mitch Marner,0.5,draftkings,-120,-115,oddsapi
2026-10-02T21:05:05Z,2026-10-02,ANA @ VGK,bae72d1f63e132b366d199db2807c4df,sk_a,under,Mitch Marner,0.5,draftkings,-115,-120,oddsapi
2026-10-02T21:05:05Z,2026-10-02,ANA @ VGK,bae72d1f63e132b366d199db2807c4df,sk_a,over,Shea Theodore,0.5,draftkings,100,-135,oddsapi
2026-10-02T21:05:05Z,2026-10-02,ANA @ VGK,bae72d1f63e132b366d199db2807c4df,sk_a,under,Shea Theodore,0.5,draftkings,-135,100,oddsapi
2026-10-02T21:05:05Z,2026-10-02,ANA @ VGK,bae72d1f63e132b366d199db2807c4df,sk_a,over,Mark Stone,0.5,draftkings,105,-140,oddsapi
2026-10-02T21:05:05Z,2026-10-02,ANA @ VGK,bae72d1f63e132b366d199db2807c4df,sk_a,under,Mark Stone,0.5,draftkings,-140,105,oddsapi
2026-10-02T21:05:05Z,2026-10-02,ANA @ VGK,bae72d1f63e132b366d199db2807c4df,sk_a,over,Jackson LaCombe,0.5,draftkings,130,-175,oddsapi
2026-10-02T21:05:05Z,2026-10-02,ANA @ VGK,bae72d1f63e132b366d199db2807c4df,sk_a,under,Jackson LaCombe,0.5,draftkings,-175,130,oddsapi
2026-10-02T21:05:05Z,2026-10-02,ANA @ VGK,bae72d1f63e132b366d199db2807c4df,sk_a,over,Leo Carlsson,0.5,draftkings,135,-180,oddsapi
2026-10-02T21:05:05Z,2026-10-02,ANA @ VGK,bae72d1f63e132b366d199db2807c4df,sk_a,under,Leo Carlsson,0.5,draftkings,-180,135,oddsapi
2026-10-02T21:05:05Z,2026-10-02,ANA @ VGK,bae72d1f63e132b366d199db2807c4df,sk_a,over,Ivan Barbashev,0.5,draftkings,145,-200,oddsapi
2026-10-02T21:05:05Z,2026-10-02,ANA @ VGK,bae72d1f63e132b366d199db2807c4df,sk_a,under,Ivan Barbashev,0.5,draftkings,-200,145,oddsapi
2026-10-02T21:05:05Z,2026-10-02,ANA @ VGK,bae72d1f63e132b366d199db2807c4df,sk_a,over,Mikael Granlund,0.5,draftkings,150,-205,oddsapi
2026-10-02T21:05:05Z,2026-10-02,ANA @ VGK,bae72d1f63e132b366d199db2807c4df,sk_a,under,Mikael Granlund,0.5,draftkings,-205,150,oddsapi
2026-10-02T21:05:05Z,2026-10-02,ANA @ VGK,bae72d1f63e132b366d199db2807c4df,sk_a,over,Rasmus Andersson,0.5,draftkings,175,-240,oddsapi
2026-10-02T21:05:05Z,2026-10-02,ANA @ VGK,bae72d1f63e132b366d199db2807c4df,sk_a,under,Rasmus Andersson,0.5,draftkings,-240,175,oddsapi
2026-10-02T21:05:05Z,2026-10-02,ANA @ VGK,bae72d1f63e132b366d199db2807c4df,sk_a,over,Tomas Hertl,0.5,draftkings,175,-235,oddsapi
2026-10-02T21:05:05Z,2026-10-02,ANA @ VGK,bae72d1f63e132b366d199db2807c4df,sk_a,under,Tomas Hertl,0.5,draftkings,-235,175,oddsapi
2026-10-02T21:05:05Z,2026-10-02,ANA @ VGK,bae72d1f63e132b366d199db2807c4df,sk_a,over,Cutter Gauthier,0.5,draftkings,190,-260,oddsapi
2026-10-02T21:05:05Z,2026-10-02,ANA @ VGK,bae72d1f63e132b366d199db2807c4df,sk_a,under,Cutter Gauthier,0.5,draftkings,-260,190,oddsapi
2026-10-02T21:05:05Z,2026-10-02,ANA @ VGK,bae72d1f63e132b366d199db2807c4df,sk_a,over,Beckett Sennecke,0.5,draftkings,195,-270,oddsapi
2026-10-02T21:05:05Z,2026-10-02,ANA @ VGK,bae72d1f63e132b366d199db2807c4df,sk_a,under,Beckett Sennecke,0.5,draftkings,-270,195,oddsapi
2026-10-02T21:05:05Z,2026-10-02,ANA @ VGK,bae72d1f63e132b366d199db2807c4df,sk_a,over,William Karlsson,0.5,draftkings,245,-340,oddsapi
2026-10-02T21:05:05Z,2026-10-02,ANA @ VGK,bae72d1f63e132b366d199db2807c4df,sk_a,under,William Karlsson,0.5,draftkings,-340,245,oddsapi
2026-10-02T21:05:05Z,2026-10-02,ANA @ VGK,bae72d1f63e132b366d199db2807c4df,sk_a,over,Brett Howden,0.5,draftkings,270,-380,oddsapi
2026-10-02T21:05:05Z,2026-10-02,ANA @ VGK,bae72d1f63e132b366d199db2807c4df,sk_a,under,Brett Howden,0.5,draftkings,-380,270,oddsapi
2026-10-02T21:05:05Z,2026-10-02,ANA @ VGK,bae72d1f63e132b366d199db2807c4df,sk_a,over,Trevor Connelly,0.5,draftkings,285,-400,oddsapi
2026-10-02T21:05:05Z,2026-10-02,ANA @ VGK,bae72d1f63e132b366d199db2807c4df,sk_a,under,Trevor Connelly,0.5,draftkings,-400,285,oddsapi
2026-10-02T21:05:05Z,2026-10-02,ANA @ VGK,bae72d1f63e132b366d199db2807c4df,sk_a,over,Victor Olofsson,0.5,draftkings,285,-400,oddsapi
2026-10-02T21:05:05Z,2026-10-02,ANA @ VGK,bae72d1f63e132b366d199db2807c4df,sk_a,under,Victor Olofsson,0.5,draftkings,-400,285,oddsapi
2026-10-02T21:05:05Z,2026-10-02,ANA @ VGK,bae72d1f63e132b366d199db2807c4df,sk_a,over,Noah Hanifin,0.5,draftkings,295,-425,oddsapi
2026-10-02T21:05:05Z,2026-10-02,ANA @ VGK,bae72d1f63e132b366d199db2807c4df,sk_a,under,Noah Hanifin,0.5,draftkings,-425,295,oddsapi
2026-10-02T21:05:05Z,2026-10-02,ANA @ VGK,bae72d1f63e132b366d199db2807c4df,sk_a,over,Ryan Poehling,0.5,draftkings,300,-450,oddsapi
2026-10-02T21:05:05Z,2026-10-02,ANA @ VGK,bae72d1f63e132b366d199db2807c4df,sk_a,under,Ryan Poehling,0.5,draftkings,-450,300,oddsapi
2026-10-02T21:05:05Z,2026-10-02,ANA @ VGK,bae72d1f63e132b366d199db2807c4df,sk_a,over,Tristan Luneau,0.5,draftkings,310,-450,oddsapi
2026-10-02T21:05:05Z,2026-10-02,ANA @ VGK,bae72d1f63e132b366d199db2807c4df,sk_a,under,Tristan Luneau,0.5,draftkings,-450,310,oddsapi
2026-10-02T21:05:05Z,2026-10-02,ANA @ VGK,bae72d1f63e132b366d199db2807c4df,sk_a,over,Alex Killorn,0.5,draftkings,320,-450,oddsapi
2026-10-02T21:05:05Z,2026-10-02,ANA @ VGK,bae72d1f63e132b366d199db2807c4df,sk_a,under,Alex Killorn,0.5,draftkings,-450,320,oddsapi
2026-10-02T21:05:05Z,2026-10-02,ANA @ VGK,bae72d1f63e132b366d199db2807c4df,sk_a,over,Pavel Mintyukov,0.5,draftkings,320,-450,oddsapi
2026-10-02T21:05:05Z,2026-10-02,ANA @ VGK,bae72d1f63e132b366d199db2807c4df,sk_a,under,Pavel Mintyukov,0.5,draftkings,-450,320,oddsapi
2026-10-02T21:05:05Z,2026-10-02,ANA @ VGK,bae72d1f63e132b366d199db2807c4df,sk_a,over,Parker Wotherspoon,0.5,draftkings,340,-500,oddsapi
2026-10-02T21:05:05Z,2026-10-02,ANA @ VGK,bae72d1f63e132b366d199db2807c4df,sk_a,under,Parker Wotherspoon,0.5,draftkings,-500,340,oddsapi
2026-10-02T21:05:05Z,2026-10-02,ANA @ VGK,bae72d1f63e132b366d199db2807c4df,sk_a,over,Nikita Nesterenko,0.5,draftkings,350,-525,oddsapi
2026-10-02T21:05:05Z,2026-10-02,ANA @ VGK,bae72d1f63e132b366d199db2807c4df,sk_a,under,Nikita Nesterenko,0.5,draftkings,-525,350,oddsapi
2026-10-02T21:05:05Z,2026-10-02,ANA @ VGK,bae72d1f63e132b366d199db2807c4df,sk_a,over,Brayden McNabb,0.5,draftkings,380,-575,oddsapi
2026-10-02T21:05:05Z,2026-10-02,ANA @ VGK,bae72d1f63e132b366d199db2807c4df,sk_a,under,Brayden McNabb,0.5,draftkings,-575,380,oddsapi
2026-10-02T21:05:05Z,2026-10-02,ANA @ VGK,bae72d1f63e132b366d199db2807c4df,sk_a,over,Frank Vatrano,0.5,draftkings,400,-650,oddsapi
2026-10-02T21:05:05Z,2026-10-02,ANA @ VGK,bae72d1f63e132b366d199db2807c4df,sk_a,under,Frank Vatrano,0.5,draftkings,-650,400,oddsapi
2026-10-02T21:05:05Z,2026-10-02,ANA @ VGK,bae72d1f63e132b366d199db2807c4df,ags,yes,Jack Eichel,,draftkings,155,,oddsapi
2026-10-02T21:05:05Z,2026-10-02,ANA @ VGK,bae72d1f63e132b366d199db2807c4df,ags,yes,Mark Stone,,draftkings,155,,oddsapi
2026-10-02T21:05:05Z,2026-10-02,ANA @ VGK,bae72d1f63e132b366d199db2807c4df,ags,yes,Mitch Marner,,draftkings,165,,oddsapi
2026-10-02T21:05:05Z,2026-10-02,ANA @ VGK,bae72d1f63e132b366d199db2807c4df,ags,yes,Cutter Gauthier,,draftkings,165,,oddsapi
2026-10-02T21:05:05Z,2026-10-02,ANA @ VGK,bae72d1f63e132b366d199db2807c4df,ags,yes,Tomas Hertl,,draftkings,215,,oddsapi
2026-10-02T21:05:05Z,2026-10-02,ANA @ VGK,bae72d1f63e132b366d199db2807c4df,ags,yes,Ivan Barbashev,,draftkings,220,,oddsapi
2026-10-02T21:05:05Z,2026-10-02,ANA @ VGK,bae72d1f63e132b366d199db2807c4df,ags,yes,Beckett Sennecke,,draftkings,225,,oddsapi
2026-10-02T21:05:05Z,2026-10-02,ANA @ VGK,bae72d1f63e132b366d199db2807c4df,ags,yes,Leo Carlsson,,draftkings,230,,oddsapi
2026-10-02T21:05:05Z,2026-10-02,ANA @ VGK,bae72d1f63e132b366d199db2807c4df,ags,yes,Brett Howden,,draftkings,285,,oddsapi
2026-10-02T21:05:05Z,2026-10-02,ANA @ VGK,bae72d1f63e132b366d199db2807c4df,ags,yes,Mikael Granlund,,draftkings,290,,oddsapi
2026-10-02T21:05:05Z,2026-10-02,ANA @ VGK,bae72d1f63e132b366d199db2807c4df,ags,yes,William Karlsson,,draftkings,300,,oddsapi
2026-10-02T21:05:05Z,2026-10-02,ANA @ VGK,bae72d1f63e132b366d199db2807c4df,ags,yes,Victor Olofsson,,draftkings,360,,oddsapi
2026-10-02T21:05:05Z,2026-10-02,ANA @ VGK,bae72d1f63e132b366d199db2807c4df,ags,yes,Alex Killorn,,draftkings,360,,oddsapi
2026-10-02T21:05:05Z,2026-10-02,ANA @ VGK,bae72d1f63e132b366d199db2807c4df,ags,yes,Trevor Connelly,,draftkings,390,,oddsapi
2026-10-02T21:05:05Z,2026-10-02,ANA @ VGK,bae72d1f63e132b366d199db2807c4df,ags,yes,Shea Theodore,,draftkings,425,,oddsapi
2026-10-02T21:05:05Z,2026-10-02,ANA @ VGK,bae72d1f63e132b366d199db2807c4df,ags,yes,Frank Vatrano,,draftkings,425,,oddsapi
2026-10-02T21:05:05Z,2026-10-02,ANA @ VGK,bae72d1f63e132b366d199db2807c4df,ags,yes,Ryan Poehling,,draftkings,425,,oddsapi
2026-10-02T21:05:05Z,2026-10-02,ANA @ VGK,bae72d1f63e132b366d199db2807c4df,ags,yes,Braeden Bowman,,draftkings,475,,oddsapi
2026-10-02T21:05:05Z,2026-10-02,ANA @ VGK,bae72d1f63e132b366d199db2807c4df,ags,yes,Rasmus Andersson,,draftkings,550,,oddsapi
2026-10-02T21:05:05Z,2026-10-02,ANA @ VGK,bae72d1f63e132b366d199db2807c4df,ags,yes,Jackson LaCombe,,draftkings,550,,oddsapi
2026-10-02T21:05:05Z,2026-10-02,ANA @ VGK,bae72d1f63e132b366d199db2807c4df,ags,yes,Nikita Nesterenko,,draftkings,600,,oddsapi
2026-10-02T21:05:05Z,2026-10-02,ANA @ VGK,bae72d1f63e132b366d199db2807c4df,ags,yes,Nic Dowd,,draftkings,750,,oddsapi
2026-10-02T21:05:05Z,2026-10-02,ANA @ VGK,bae72d1f63e132b366d199db2807c4df,ags,yes,Marc Gatcomb,,draftkings,900,,oddsapi
2026-10-02T21:05:05Z,2026-10-02,ANA @ VGK,bae72d1f63e132b366d199db2807c4df,ags,yes,Tristan Luneau,,draftkings,900,,oddsapi
2026-10-02T21:05:05Z,2026-10-02,ANA @ VGK,bae72d1f63e132b366d199db2807c4df,ags,yes,Pavel Mintyukov,,draftkings,950,,oddsapi
2026-10-02T21:05:05Z,2026-10-02,ANA @ VGK,bae72d1f63e132b366d199db2807c4df,ags,yes,Noah Hanifin,,draftkings,1300,,oddsapi
2026-10-02T21:05:05Z,2026-10-02,ANA @ VGK,bae72d1f63e132b366d199db2807c4df,ags,yes,Brayden McNabb,,draftkings,1300,,oddsapi
2026-10-02T21:05:05Z,2026-10-02,ANA @ VGK,bae72d1f63e132b366d199db2807c4df,ags,yes,Tim Washe,,draftkings,1300,,oddsapi
2026-10-02T21:05:05Z,2026-10-02,ANA @ VGK,bae72d1f63e132b366d199db2807c4df,ags,yes,Tyson Hinds,,draftkings,1800,,oddsapi
2026-10-02T21:05:05Z,2026-10-02,ANA @ VGK,bae72d1f63e132b366d199db2807c4df,ags,yes,Jeremy Lauzon,,draftkings,2200,,oddsapi
2026-10-02T21:05:05Z,2026-10-02,ANA @ VGK,bae72d1f63e132b366d199db2807c4df,ags,yes,Parker Wotherspoon,,draftkings,2200,,oddsapi
2026-10-02T21:05:05Z,2026-10-02,ANA @ VGK,bae72d1f63e132b366d199db2807c4df,fgs,yes,Mark Stone,,draftkings,1000,,oddsapi
2026-10-02T21:05:05Z,2026-10-02,ANA @ VGK,bae72d1f63e132b366d199db2807c4df,fgs,yes,Jack Eichel,,draftkings,1000,,oddsapi
2026-10-02T21:05:05Z,2026-10-02,ANA @ VGK,bae72d1f63e132b366d199db2807c4df,fgs,yes,Cutter Gauthier,,draftkings,1100,,oddsapi
2026-10-02T21:05:05Z,2026-10-02,ANA @ VGK,bae72d1f63e132b366d199db2807c4df,fgs,yes,Mitch Marner,,draftkings,1300,,oddsapi
2026-10-02T21:05:05Z,2026-10-02,ANA @ VGK,bae72d1f63e132b366d199db2807c4df,fgs,yes,Ivan Barbashev,,draftkings,1300,,oddsapi
2026-10-02T21:05:05Z,2026-10-02,ANA @ VGK,bae72d1f63e132b366d199db2807c4df,fgs,yes,Tomas Hertl,,draftkings,1500,,oddsapi
2026-10-02T21:05:05Z,2026-10-02,ANA @ VGK,bae72d1f63e132b366d199db2807c4df,fgs,yes,Leo Carlsson,,draftkings,1500,,oddsapi
2026-10-02T21:05:05Z,2026-10-02,ANA @ VGK,bae72d1f63e132b366d199db2807c4df,fgs,yes,Beckett Sennecke,,draftkings,1500,,oddsapi
2026-10-02T21:05:05Z,2026-10-02,ANA @ VGK,bae72d1f63e132b366d199db2807c4df,fgs,yes,William Karlsson,,draftkings,2000,,oddsapi
2026-10-02T21:05:05Z,2026-10-02,ANA @ VGK,bae72d1f63e132b366d199db2807c4df,fgs,yes,Mikael Granlund,,draftkings,2000,,oddsapi
2026-10-02T21:05:05Z,2026-10-02,ANA @ VGK,bae72d1f63e132b366d199db2807c4df,fgs,yes,Brett Howden,,draftkings,2000,,oddsapi
2026-10-02T21:05:05Z,2026-10-02,ANA @ VGK,bae72d1f63e132b366d199db2807c4df,fgs,yes,Alex Killorn,,draftkings,2200,,oddsapi
2026-10-02T21:05:05Z,2026-10-02,ANA @ VGK,bae72d1f63e132b366d199db2807c4df,fgs,yes,Shea Theodore,,draftkings,2500,,oddsapi
2026-10-02T21:05:05Z,2026-10-02,ANA @ VGK,bae72d1f63e132b366d199db2807c4df,fgs,yes,Trevor Connelly,,draftkings,2500,,oddsapi
2026-10-02T21:05:05Z,2026-10-02,ANA @ VGK,bae72d1f63e132b366d199db2807c4df,fgs,yes,Frank Vatrano,,draftkings,2500,,oddsapi
2026-10-02T21:05:05Z,2026-10-02,ANA @ VGK,bae72d1f63e132b366d199db2807c4df,fgs,yes,Victor Olofsson,,draftkings,2500,,oddsapi
2026-10-02T21:05:05Z,2026-10-02,ANA @ VGK,bae72d1f63e132b366d199db2807c4df,fgs,yes,Ryan Poehling,,draftkings,2800,,oddsapi
2026-10-02T21:05:05Z,2026-10-02,ANA @ VGK,bae72d1f63e132b366d199db2807c4df,fgs,yes,Braeden Bowman,,draftkings,3000,,oddsapi
2026-10-02T21:05:05Z,2026-10-02,ANA @ VGK,bae72d1f63e132b366d199db2807c4df,fgs,yes,Jackson LaCombe,,draftkings,3000,,oddsapi
2026-10-02T21:05:05Z,2026-10-02,ANA @ VGK,bae72d1f63e132b366d199db2807c4df,fgs,yes,Rasmus Andersson,,draftkings,3500,,oddsapi
2026-10-02T21:05:05Z,2026-10-02,ANA @ VGK,bae72d1f63e132b366d199db2807c4df,fgs,yes,Nikita Nesterenko,,draftkings,4000,,oddsapi
2026-10-02T21:05:05Z,2026-10-02,ANA @ VGK,bae72d1f63e132b366d199db2807c4df,fgs,yes,Nic Dowd,,draftkings,4500,,oddsapi
2026-10-02T21:05:05Z,2026-10-02,ANA @ VGK,bae72d1f63e132b366d199db2807c4df,fgs,yes,Tristan Luneau,,draftkings,4500,,oddsapi
2026-10-02T21:05:05Z,2026-10-02,ANA @ VGK,bae72d1f63e132b366d199db2807c4df,fgs,yes,Marc Gatcomb,,draftkings,5000,,oddsapi
2026-10-02T21:05:05Z,2026-10-02,ANA @ VGK,bae72d1f63e132b366d199db2807c4df,fgs,yes,Pavel Mintyukov,,draftkings,5000,,oddsapi
2026-10-02T21:05:05Z,2026-10-02,ANA @ VGK,bae72d1f63e132b366d199db2807c4df,fgs,yes,Brayden McNabb,,draftkings,6500,,oddsapi
2026-10-02T21:05:05Z,2026-10-02,ANA @ VGK,bae72d1f63e132b366d199db2807c4df,fgs,yes,Tim Washe,,draftkings,6500,,oddsapi
2026-10-02T21:05:05Z,2026-10-02,ANA @ VGK,bae72d1f63e132b366d199db2807c4df,fgs,yes,Noah Hanifin,,draftkings,7000,,oddsapi
2026-10-02T21:05:05Z,2026-10-02,ANA @ VGK,bae72d1f63e132b366d199db2807c4df,fgs,yes,Tyson Hinds,,draftkings,8000,,oddsapi
2026-10-02T21:05:05Z,2026-10-02,ANA @ VGK,bae72d1f63e132b366d199db2807c4df,fgs,yes,Jeremy Lauzon,,draftkings,10000,,oddsapi
2026-10-02T21:05:05Z,2026-10-02,ANA @ VGK,bae72d1f63e132b366d199db2807c4df,fgs,yes,Parker Wotherspoon,,draftkings,11000,,oddsapi
2026-10-02T21:05:05Z,2026-10-02,ANA @ VGK,bae72d1f63e132b366d199db2807c4df,lgs,yes,Mark Stone,,draftkings,1000,,oddsapi
2026-10-02T21:05:05Z,2026-10-02,ANA @ VGK,bae72d1f63e132b366d199db2807c4df,lgs,yes,Mitch Marner,,draftkings,1000,,oddsapi
2026-10-02T21:05:05Z,2026-10-02,ANA @ VGK,bae72d1f63e132b366d199db2807c4df,lgs,yes,Jack Eichel,,draftkings,1000,,oddsapi
2026-10-02T21:05:05Z,2026-10-02,ANA @ VGK,bae72d1f63e132b366d199db2807c4df,lgs,yes,Ivan Barbashev,,draftkings,1100,,oddsapi
2026-10-02T21:05:05Z,2026-10-02,ANA @ VGK,bae72d1f63e132b366d199db2807c4df,lgs,yes,Cutter Gauthier,,draftkings,1100,,oddsapi
2026-10-02T21:05:05Z,2026-10-02,ANA @ VGK,bae72d1f63e132b366d199db2807c4df,lgs,yes,Brett Howden,,draftkings,1300,,oddsapi
2026-10-02T21:05:05Z,2026-10-02,ANA @ VGK,bae72d1f63e132b366d199db2807c4df,lgs,yes,Tomas Hertl,,draftkings,1300,,oddsapi
2026-10-02T21:05:05Z,2026-10-02,ANA @ VGK,bae72d1f63e132b366d199db2807c4df,lgs,yes,Beckett Sennecke,,draftkings,1300,,oddsapi
2026-10-02T21:05:05Z,2026-10-02,ANA @ VGK,bae72d1f63e132b366d199db2807c4df,lgs,yes,Leo Carlsson,,draftkings,1400,,oddsapi
2026-10-02T21:05:05Z,2026-10-02,ANA @ VGK,bae72d1f63e132b366d199db2807c4df,lgs,yes,William Karlsson,,draftkings,1400,,oddsapi
2026-10-02T21:05:05Z,2026-10-02,ANA @ VGK,bae72d1f63e132b366d199db2807c4df,lgs,yes,Mikael Granlund,,draftkings,1600,,oddsapi
2026-10-02T21:05:05Z,2026-10-02,ANA @ VGK,bae72d1f63e132b366d199db2807c4df,lgs,yes,Trevor Connelly,,draftkings,1700,,oddsapi
2026-10-02T21:05:05Z,2026-10-02,ANA @ VGK,bae72d1f63e132b366d199db2807c4df,lgs,yes,Victor Olofsson,,draftkings,1700,,oddsapi
2026-10-02T21:05:05Z,2026-10-02,ANA @ VGK,bae72d1f63e132b366d199db2807c4df,lgs,yes,Alex Killorn,,draftkings,1900,,oddsapi
2026-10-02T21:05:05Z,2026-10-02,ANA @ VGK,bae72d1f63e132b366d199db2807c4df,lgs,yes,Shea Theodore,,draftkings,2000,,oddsapi
2026-10-02T21:05:05Z,2026-10-02,ANA @ VGK,bae72d1f63e132b366d199db2807c4df,lgs,yes,Braeden Bowman,,draftkings,2200,,oddsapi
2026-10-02T21:05:05Z,2026-10-02,ANA @ VGK,bae72d1f63e132b366d199db2807c4df,lgs,yes,Frank Vatrano,,draftkings,2200,,oddsapi
2026-10-02T21:05:05Z,2026-10-02,ANA @ VGK,bae72d1f63e132b366d199db2807c4df,lgs,yes,Ryan Poehling,,draftkings,2200,,oddsapi
2026-10-02T21:05:05Z,2026-10-02,ANA @ VGK,bae72d1f63e132b366d199db2807c4df,lgs,yes,Rasmus Andersson,,draftkings,2200,,oddsapi
2026-10-02T21:05:05Z,2026-10-02,ANA @ VGK,bae72d1f63e132b366d199db2807c4df,lgs,yes,Jackson LaCombe,,draftkings,2500,,oddsapi
2026-10-02T21:05:05Z,2026-10-02,ANA @ VGK,bae72d1f63e132b366d199db2807c4df,lgs,yes,Nic Dowd,,draftkings,2800,,oddsapi
2026-10-02T21:05:05Z,2026-10-02,ANA @ VGK,bae72d1f63e132b366d199db2807c4df,lgs,yes,Nikita Nesterenko,,draftkings,2800,,oddsapi
2026-10-02T21:05:05Z,2026-10-02,ANA @ VGK,bae72d1f63e132b366d199db2807c4df,lgs,yes,Marc Gatcomb,,draftkings,3000,,oddsapi
2026-10-02T21:05:05Z,2026-10-02,ANA @ VGK,bae72d1f63e132b366d199db2807c4df,lgs,yes,Pavel Mintyukov,,draftkings,3500,,oddsapi
2026-10-02T21:05:05Z,2026-10-02,ANA @ VGK,bae72d1f63e132b366d199db2807c4df,lgs,yes,Tristan Luneau,,draftkings,3500,,oddsapi
2026-10-02T21:05:05Z,2026-10-02,ANA @ VGK,bae72d1f63e132b366d199db2807c4df,lgs,yes,Noah Hanifin,,draftkings,4500,,oddsapi
2026-10-02T21:05:05Z,2026-10-02,ANA @ VGK,bae72d1f63e132b366d199db2807c4df,lgs,yes,Tim Washe,,draftkings,4500,,oddsapi
2026-10-02T21:05:05Z,2026-10-02,ANA @ VGK,bae72d1f63e132b366d199db2807c4df,lgs,yes,Brayden McNabb,,draftkings,4500,,oddsapi
2026-10-02T21:05:05Z,2026-10-02,ANA @ VGK,bae72d1f63e132b366d199db2807c4df,lgs,yes,Parker Wotherspoon,,draftkings,5500,,oddsapi
2026-10-02T21:05:05Z,2026-10-02,ANA @ VGK,bae72d1f63e132b366d199db2807c4df,lgs,yes,Tyson Hinds,,draftkings,5500,,oddsapi
2026-10-02T21:05:05Z,2026-10-02,ANA @ VGK,bae72d1f63e132b366d199db2807c4df,lgs,yes,Jeremy Lauzon,,draftkings,6000,,oddsapi
2026-10-02T21:05:05Z,2026-10-02,ANA @ VGK,bae72d1f63e132b366d199db2807c4df,sk_pts,over,Jack Eichel,1.5,draftkings,145,-200,oddsapi
2026-10-02T21:05:05Z,2026-10-02,ANA @ VGK,bae72d1f63e132b366d199db2807c4df,sk_pts,under,Jack Eichel,1.5,draftkings,-200,145,oddsapi
2026-10-02T21:05:05Z,2026-10-02,ANA @ VGK,bae72d1f63e132b366d199db2807c4df,sk_pts,over,Mitch Marner,0.5,draftkings,-240,175,oddsapi
2026-10-02T21:05:05Z,2026-10-02,ANA @ VGK,bae72d1f63e132b366d199db2807c4df,sk_pts,under,Mitch Marner,0.5,draftkings,175,-240,oddsapi
2026-10-02T21:05:05Z,2026-10-02,ANA @ VGK,bae72d1f63e132b366d199db2807c4df,sk_pts,over,Mark Stone,0.5,draftkings,-215,160,oddsapi
2026-10-02T21:05:05Z,2026-10-02,ANA @ VGK,bae72d1f63e132b366d199db2807c4df,sk_pts,under,Mark Stone,0.5,draftkings,160,-215,oddsapi
2026-10-02T21:05:05Z,2026-10-02,ANA @ VGK,bae72d1f63e132b366d199db2807c4df,sk_pts,over,Leo Carlsson,0.5,draftkings,-145,105,oddsapi
2026-10-02T21:05:05Z,2026-10-02,ANA @ VGK,bae72d1f63e132b366d199db2807c4df,sk_pts,under,Leo Carlsson,0.5,draftkings,105,-145,oddsapi
2026-10-02T21:05:05Z,2026-10-02,ANA @ VGK,bae72d1f63e132b366d199db2807c4df,sk_pts,over,Cutter Gauthier,0.5,draftkings,-140,105,oddsapi
2026-10-02T21:05:05Z,2026-10-02,ANA @ VGK,bae72d1f63e132b366d199db2807c4df,sk_pts,under,Cutter Gauthier,0.5,draftkings,105,-140,oddsapi
2026-10-02T21:05:05Z,2026-10-02,ANA @ VGK,bae72d1f63e132b366d199db2807c4df,sk_pts,over,Shea Theodore,0.5,draftkings,-140,105,oddsapi
2026-10-02T21:05:05Z,2026-10-02,ANA @ VGK,bae72d1f63e132b366d199db2807c4df,sk_pts,under,Shea Theodore,0.5,draftkings,105,-140,oddsapi
2026-10-02T21:05:05Z,2026-10-02,ANA @ VGK,bae72d1f63e132b366d199db2807c4df,sk_pts,over,Ivan Barbashev,0.5,draftkings,-135,100,oddsapi
2026-10-02T21:05:05Z,2026-10-02,ANA @ VGK,bae72d1f63e132b366d199db2807c4df,sk_pts,under,Ivan Barbashev,0.5,draftkings,100,-135,oddsapi
2026-10-02T21:05:05Z,2026-10-02,ANA @ VGK,bae72d1f63e132b366d199db2807c4df,sk_pts,over,Tomas Hertl,0.5,draftkings,-130,-105,oddsapi
2026-10-02T21:05:05Z,2026-10-02,ANA @ VGK,bae72d1f63e132b366d199db2807c4df,sk_pts,under,Tomas Hertl,0.5,draftkings,-105,-130,oddsapi
2026-10-02T21:05:05Z,2026-10-02,ANA @ VGK,bae72d1f63e132b366d199db2807c4df,sk_pts,over,Mikael Granlund,0.5,draftkings,-120,-115,oddsapi
2026-10-02T21:05:05Z,2026-10-02,ANA @ VGK,bae72d1f63e132b366d199db2807c4df,sk_pts,under,Mikael Granlund,0.5,draftkings,-115,-120,oddsapi
2026-10-02T21:05:05Z,2026-10-02,ANA @ VGK,bae72d1f63e132b366d199db2807c4df,sk_pts,over,Beckett Sennecke,0.5,draftkings,-115,-120,oddsapi
2026-10-02T21:05:05Z,2026-10-02,ANA @ VGK,bae72d1f63e132b366d199db2807c4df,sk_pts,under,Beckett Sennecke,0.5,draftkings,-120,-115,oddsapi
2026-10-02T21:05:05Z,2026-10-02,ANA @ VGK,bae72d1f63e132b366d199db2807c4df,sk_pts,over,Jackson LaCombe,0.5,draftkings,-105,-130,oddsapi
2026-10-02T21:05:05Z,2026-10-02,ANA @ VGK,bae72d1f63e132b366d199db2807c4df,sk_pts,under,Jackson LaCombe,0.5,draftkings,-130,-105,oddsapi
2026-10-02T21:05:05Z,2026-10-02,ANA @ VGK,bae72d1f63e132b366d199db2807c4df,sk_pts,over,Brett Howden,0.5,draftkings,120,-165,oddsapi
2026-10-02T21:05:05Z,2026-10-02,ANA @ VGK,bae72d1f63e132b366d199db2807c4df,sk_pts,under,Brett Howden,0.5,draftkings,-165,120,oddsapi
2026-10-02T21:05:05Z,2026-10-02,ANA @ VGK,bae72d1f63e132b366d199db2807c4df,sk_pts,over,Rasmus Andersson,0.5,draftkings,120,-165,oddsapi
2026-10-02T21:05:05Z,2026-10-02,ANA @ VGK,bae72d1f63e132b366d199db2807c4df,sk_pts,under,Rasmus Andersson,0.5,draftkings,-165,120,oddsapi
2026-10-02T21:05:05Z,2026-10-02,ANA @ VGK,bae72d1f63e132b366d199db2807c4df,sk_pts,over,William Karlsson,0.5,draftkings,120,-165,oddsapi
2026-10-02T21:05:05Z,2026-10-02,ANA @ VGK,bae72d1f63e132b366d199db2807c4df,sk_pts,under,William Karlsson,0.5,draftkings,-165,120,oddsapi
2026-10-02T21:05:05Z,2026-10-02,ANA @ VGK,bae72d1f63e132b366d199db2807c4df,sk_pts,over,Victor Olofsson,0.5,draftkings,140,-190,oddsapi
2026-10-02T21:05:05Z,2026-10-02,ANA @ VGK,bae72d1f63e132b366d199db2807c4df,sk_pts,under,Victor Olofsson,0.5,draftkings,-190,140,oddsapi
2026-10-02T21:05:05Z,2026-10-02,ANA @ VGK,bae72d1f63e132b366d199db2807c4df,sk_pts,over,Trevor Connelly,0.5,draftkings,145,-200,oddsapi
2026-10-02T21:05:05Z,2026-10-02,ANA @ VGK,bae72d1f63e132b366d199db2807c4df,sk_pts,under,Trevor Connelly,0.5,draftkings,-200,145,oddsapi
2026-10-02T21:05:05Z,2026-10-02,ANA @ VGK,bae72d1f63e132b366d199db2807c4df,sk_pts,over,Alex Killorn,0.5,draftkings,155,-210,oddsapi
2026-10-02T21:05:05Z,2026-10-02,ANA @ VGK,bae72d1f63e132b366d199db2807c4df,sk_pts,under,Alex Killorn,0.5,draftkings,-210,155,oddsapi
2026-10-02T21:05:05Z,2026-10-02,ANA @ VGK,bae72d1f63e132b366d199db2807c4df,sk_pts,over,Ryan Poehling,0.5,draftkings,165,-225,oddsapi
2026-10-02T21:05:05Z,2026-10-02,ANA @ VGK,bae72d1f63e132b366d199db2807c4df,sk_pts,under,Ryan Poehling,0.5,draftkings,-225,165,oddsapi
2026-10-02T21:05:05Z,2026-10-02,ANA @ VGK,bae72d1f63e132b366d199db2807c4df,sk_pts,over,Frank Vatrano,0.5,draftkings,195,-270,oddsapi
2026-10-02T21:05:05Z,2026-10-02,ANA @ VGK,bae72d1f63e132b366d199db2807c4df,sk_pts,under,Frank Vatrano,0.5,draftkings,-270,195,oddsapi
2026-10-02T21:05:05Z,2026-10-02,ANA @ VGK,bae72d1f63e132b366d199db2807c4df,sk_pts,over,Nikita Nesterenko,0.5,draftkings,215,-300,oddsapi
2026-10-02T21:05:05Z,2026-10-02,ANA @ VGK,bae72d1f63e132b366d199db2807c4df,sk_pts,under,Nikita Nesterenko,0.5,draftkings,-300,215,oddsapi
2026-10-02T21:05:05Z,2026-10-02,ANA @ VGK,bae72d1f63e132b366d199db2807c4df,sk_pts,over,Tristan Luneau,0.5,draftkings,220,-310,oddsapi
2026-10-02T21:05:05Z,2026-10-02,ANA @ VGK,bae72d1f63e132b366d199db2807c4df,sk_pts,under,Tristan Luneau,0.5,draftkings,-310,220,oddsapi
2026-10-02T21:05:05Z,2026-10-02,ANA @ VGK,bae72d1f63e132b366d199db2807c4df,sk_pts,over,Pavel Mintyukov,0.5,draftkings,230,-320,oddsapi
2026-10-02T21:05:05Z,2026-10-02,ANA @ VGK,bae72d1f63e132b366d199db2807c4df,sk_pts,under,Pavel Mintyukov,0.5,draftkings,-320,230,oddsapi
2026-10-02T21:05:05Z,2026-10-02,ANA @ VGK,bae72d1f63e132b366d199db2807c4df,sk_pts,over,Noah Hanifin,0.5,draftkings,235,-330,oddsapi
2026-10-02T21:05:05Z,2026-10-02,ANA @ VGK,bae72d1f63e132b366d199db2807c4df,sk_pts,under,Noah Hanifin,0.5,draftkings,-330,235,oddsapi
2026-10-02T21:05:05Z,2026-10-02,ANA @ VGK,bae72d1f63e132b366d199db2807c4df,sk_pts,over,Brayden McNabb,0.5,draftkings,290,-425,oddsapi
2026-10-02T21:05:05Z,2026-10-02,ANA @ VGK,bae72d1f63e132b366d199db2807c4df,sk_pts,under,Brayden McNabb,0.5,draftkings,-425,290,oddsapi
2026-10-02T21:05:05Z,2026-10-02,ANA @ VGK,bae72d1f63e132b366d199db2807c4df,sk_pts,over,Parker Wotherspoon,0.5,draftkings,290,-425,oddsapi
2026-10-02T21:05:05Z,2026-10-02,ANA @ VGK,bae72d1f63e132b366d199db2807c4df,sk_pts,under,Parker Wotherspoon,0.5,draftkings,-425,290,oddsapi
2026-10-02T21:05:05Z,2026-10-02,ANA @ VGK,bae72d1f63e132b366d199db2807c4df,sk_sog,over,Cutter Gauthier,3.5,draftkings,110,-150,oddsapi
2026-10-02T21:05:05Z,2026-10-02,ANA @ VGK,bae72d1f63e132b366d199db2807c4df,sk_sog,under,Cutter Gauthier,3.5,draftkings,-150,110,oddsapi
2026-10-02T21:05:05Z,2026-10-02,ANA @ VGK,bae72d1f63e132b366d199db2807c4df,sk_sog,over,Jack Eichel,3.5,draftkings,120,-160,oddsapi
2026-10-02T21:05:05Z,2026-10-02,ANA @ VGK,bae72d1f63e132b366d199db2807c4df,sk_sog,under,Jack Eichel,3.5,draftkings,-160,120,oddsapi
2026-10-02T21:05:05Z,2026-10-02,ANA @ VGK,bae72d1f63e132b366d199db2807c4df,sk_sog,over,Mitch Marner,2.5,draftkings,110,-145,oddsapi
2026-10-02T21:05:05Z,2026-10-02,ANA @ VGK,bae72d1f63e132b366d199db2807c4df,sk_sog,under,Mitch Marner,2.5,draftkings,-145,110,oddsapi
2026-10-02T21:05:05Z,2026-10-02,ANA @ VGK,bae72d1f63e132b366d199db2807c4df,sk_sog,over,Leo Carlsson,2.5,draftkings,115,-160,oddsapi
2026-10-02T21:05:05Z,2026-10-02,ANA @ VGK,bae72d1f63e132b366d199db2807c4df,sk_sog,under,Leo Carlsson,2.5,draftkings,-160,115,oddsapi
2026-10-02T21:05:05Z,2026-10-02,ANA @ VGK,bae72d1f63e132b366d199db2807c4df,sk_sog,over,Tomas Hertl,2.5,draftkings,120,-160,oddsapi
2026-10-02T21:05:05Z,2026-10-02,ANA @ VGK,bae72d1f63e132b366d199db2807c4df,sk_sog,under,Tomas Hertl,2.5,draftkings,-160,120,oddsapi
2026-10-02T21:05:05Z,2026-10-02,ANA @ VGK,bae72d1f63e132b366d199db2807c4df,sk_sog,over,Beckett Sennecke,2.5,draftkings,130,-175,oddsapi
2026-10-02T21:05:05Z,2026-10-02,ANA @ VGK,bae72d1f63e132b366d199db2807c4df,sk_sog,under,Beckett Sennecke,2.5,draftkings,-175,130,oddsapi
2026-10-02T21:05:05Z,2026-10-02,ANA @ VGK,bae72d1f63e132b366d199db2807c4df,sk_sog,over,Mark Stone,1.5,draftkings,-195,145,oddsapi
2026-10-02T21:05:05Z,2026-10-02,ANA @ VGK,bae72d1f63e132b366d199db2807c4df,sk_sog,under,Mark Stone,1.5,draftkings,145,-195,oddsapi
2026-10-02T21:05:05Z,2026-10-02,ANA @ VGK,bae72d1f63e132b366d199db2807c4df,sk_sog,over,Shea Theodore,1.5,draftkings,-185,135,oddsapi
2026-10-02T21:05:05Z,2026-10-02,ANA @ VGK,bae72d1f63e132b366d199db2807c4df,sk_sog,under,Shea Theodore,1.5,draftkings,135,-185,oddsapi
2026-10-02T21:05:05Z,2026-10-02,ANA @ VGK,bae72d1f63e132b366d199db2807c4df,sk_sog,over,Victor Olofsson,1.5,draftkings,-170,125,oddsapi
2026-10-02T21:05:05Z,2026-10-02,ANA @ VGK,bae72d1f63e132b366d199db2807c4df,sk_sog,under,Victor Olofsson,1.5,draftkings,125,-170,oddsapi
2026-10-02T21:05:05Z,2026-10-02,ANA @ VGK,bae72d1f63e132b366d199db2807c4df,sk_sog,over,Rasmus Andersson,1.5,draftkings,-145,110,oddsapi
2026-10-02T21:05:05Z,2026-10-02,ANA @ VGK,bae72d1f63e132b366d199db2807c4df,sk_sog,under,Rasmus Andersson,1.5,draftkings,110,-145,oddsapi
2026-10-02T21:05:05Z,2026-10-02,ANA @ VGK,bae72d1f63e132b366d199db2807c4df,sk_sog,over,William Karlsson,1.5,draftkings,-145,105,oddsapi
2026-10-02T21:05:05Z,2026-10-02,ANA @ VGK,bae72d1f63e132b366d199db2807c4df,sk_sog,under,William Karlsson,1.5,draftkings,105,-145,oddsapi
2026-10-02T21:05:05Z,2026-10-02,ANA @ VGK,bae72d1f63e132b366d199db2807c4df,sk_sog,over,Jackson LaCombe,1.5,draftkings,-140,100,oddsapi
2026-10-02T21:05:05Z,2026-10-02,ANA @ VGK,bae72d1f63e132b366d199db2807c4df,sk_sog,under,Jackson LaCombe,1.5,draftkings,100,-140,oddsapi
2026-10-02T21:05:05Z,2026-10-02,ANA @ VGK,bae72d1f63e132b366d199db2807c4df,sk_sog,over,Alex Killorn,1.5,draftkings,-135,100,oddsapi
2026-10-02T21:05:05Z,2026-10-02,ANA @ VGK,bae72d1f63e132b366d199db2807c4df,sk_sog,under,Alex Killorn,1.5,draftkings,100,-135,oddsapi
2026-10-02T21:05:05Z,2026-10-02,ANA @ VGK,bae72d1f63e132b366d199db2807c4df,sk_sog,over,Trevor Connelly,1.5,draftkings,-135,100,oddsapi
2026-10-02T21:05:05Z,2026-10-02,ANA @ VGK,bae72d1f63e132b366d199db2807c4df,sk_sog,under,Trevor Connelly,1.5,draftkings,100,-135,oddsapi
2026-10-02T21:05:05Z,2026-10-02,ANA @ VGK,bae72d1f63e132b366d199db2807c4df,sk_sog,over,Mikael Granlund,1.5,draftkings,-130,-105,oddsapi
2026-10-02T21:05:05Z,2026-10-02,ANA @ VGK,bae72d1f63e132b366d199db2807c4df,sk_sog,under,Mikael Granlund,1.5,draftkings,-105,-130,oddsapi
2026-10-02T21:05:05Z,2026-10-02,ANA @ VGK,bae72d1f63e132b366d199db2807c4df,sk_sog,over,Brett Howden,1.5,draftkings,-125,-110,oddsapi
2026-10-02T21:05:05Z,2026-10-02,ANA @ VGK,bae72d1f63e132b366d199db2807c4df,sk_sog,under,Brett Howden,1.5,draftkings,-110,-125,oddsapi
2026-10-02T21:05:05Z,2026-10-02,ANA @ VGK,bae72d1f63e132b366d199db2807c4df,sk_sog,over,Ivan Barbashev,1.5,draftkings,-120,-110,oddsapi
2026-10-02T21:05:05Z,2026-10-02,ANA @ VGK,bae72d1f63e132b366d199db2807c4df,sk_sog,under,Ivan Barbashev,1.5,draftkings,-110,-120,oddsapi
2026-10-02T21:05:05Z,2026-10-02,ANA @ VGK,bae72d1f63e132b366d199db2807c4df,sk_sog,over,Ryan Poehling,1.5,draftkings,100,-135,oddsapi
2026-10-02T21:05:05Z,2026-10-02,ANA @ VGK,bae72d1f63e132b366d199db2807c4df,sk_sog,under,Ryan Poehling,1.5,draftkings,-135,100,oddsapi
2026-10-02T21:05:05Z,2026-10-02,ANA @ VGK,bae72d1f63e132b366d199db2807c4df,g_saves,over,Lukas Dostal,27.5,draftkings,-125,-110,oddsapi
2026-10-02T21:05:05Z,2026-10-02,ANA @ VGK,bae72d1f63e132b366d199db2807c4df,g_saves,under,Lukas Dostal,27.5,draftkings,-110,-125,oddsapi
2026-10-02T21:05:05Z,2026-10-02,ANA @ VGK,bae72d1f63e132b366d199db2807c4df,g_saves,over,Carter Hart,23.5,draftkings,-115,-120,oddsapi
2026-10-02T21:05:05Z,2026-10-02,ANA @ VGK,bae72d1f63e132b366d199db2807c4df,g_saves,under,Carter Hart,23.5,draftkings,-120,-115,oddsapi
2026-10-02T21:05:05Z,2026-10-02,ANA @ VGK,bae72d1f63e132b366d199db2807c4df,p1_pl,ANA,,0.5,draftkings,-166,130,oddsapi
2026-10-02T21:05:05Z,2026-10-02,ANA @ VGK,bae72d1f63e132b366d199db2807c4df,p1_pl,VGK,,-0.5,draftkings,130,-166,oddsapi
2026-10-02T21:05:05Z,2026-10-02,ANA @ VGK,bae72d1f63e132b366d199db2807c4df,p2_pl,ANA,,0.5,draftkings,-145,114,oddsapi
2026-10-02T21:05:05Z,2026-10-02,ANA @ VGK,bae72d1f63e132b366d199db2807c4df,p2_pl,VGK,,-0.5,draftkings,114,-145,oddsapi
2026-10-02T21:05:05Z,2026-10-02,ANA @ VGK,bae72d1f63e132b366d199db2807c4df,p3_pl,ANA,,0.5,draftkings,-135,105,oddsapi
2026-10-02T21:05:05Z,2026-10-02,ANA @ VGK,bae72d1f63e132b366d199db2807c4df,p3_pl,VGK,,-0.5,draftkings,105,-135,oddsapi
2026-10-02T21:05:05Z,2026-10-02,ANA @ VGK,bae72d1f63e132b366d199db2807c4df,p1_team_total,over,ANA,0.5,draftkings,-155,115,oddsapi
2026-10-02T21:05:05Z,2026-10-02,ANA @ VGK,bae72d1f63e132b366d199db2807c4df,p1_team_total,under,ANA,0.5,draftkings,115,-155,oddsapi
2026-10-02T21:05:05Z,2026-10-02,ANA @ VGK,bae72d1f63e132b366d199db2807c4df,p1_team_total,over,VGK,0.5,draftkings,-230,170,oddsapi
2026-10-02T21:05:05Z,2026-10-02,ANA @ VGK,bae72d1f63e132b366d199db2807c4df,p1_team_total,under,VGK,0.5,draftkings,170,-230,oddsapi
2026-10-02T21:05:05Z,2026-10-02,ANA @ VGK,bae72d1f63e132b366d199db2807c4df,p1_total,over,,1.5,draftkings,-154,120,oddsapi
2026-10-02T21:05:05Z,2026-10-02,ANA @ VGK,bae72d1f63e132b366d199db2807c4df,p1_total,under,,1.5,draftkings,120,-154,oddsapi
2026-10-02T21:05:05Z,2026-10-02,ANA @ VGK,bae72d1f63e132b366d199db2807c4df,p2_total,over,,2.5,draftkings,140,-180,oddsapi
2026-10-02T21:05:05Z,2026-10-02,ANA @ VGK,bae72d1f63e132b366d199db2807c4df,p2_total,under,,2.5,draftkings,-180,140,oddsapi
2026-10-02T21:05:05Z,2026-10-02,ANA @ VGK,bae72d1f63e132b366d199db2807c4df,p3_total,over,,2.5,draftkings,120,-154,oddsapi
2026-10-02T21:05:05Z,2026-10-02,ANA @ VGK,bae72d1f63e132b366d199db2807c4df,p3_total,under,,2.5,draftkings,-154,120,oddsapi
2026-10-02T21:05:05Z,2026-10-02,ANA @ VGK,bae72d1f63e132b366d199db2807c4df,game_ml3,ANA,,,fanatics,240,,oddsapi
2026-10-02T21:05:05Z,2026-10-02,ANA @ VGK,bae72d1f63e132b366d199db2807c4df,game_ml3,VGK,,,fanatics,-125,,oddsapi
2026-10-02T21:05:05Z,2026-10-02,ANA @ VGK,bae72d1f63e132b366d199db2807c4df,game_ml3,draw,,,fanatics,290,,oddsapi
2026-10-02T21:05:05Z,2026-10-02,ANA @ VGK,bae72d1f63e132b366d199db2807c4df,ags,yes,Parker Wotherspoon,,fanatics,1900,,oddsapi
2026-10-02T21:05:05Z,2026-10-02,ANA @ VGK,bae72d1f63e132b366d199db2807c4df,ags,yes,Mitch Marner,,fanatics,160,,oddsapi
2026-10-02T21:05:05Z,2026-10-02,ANA @ VGK,bae72d1f63e132b366d199db2807c4df,ags,yes,Jeremy Lauzon,,fanatics,2200,,oddsapi
2026-10-02T21:05:05Z,2026-10-02,ANA @ VGK,bae72d1f63e132b366d199db2807c4df,ags,yes,Nic Dowd,,fanatics,700,,oddsapi
2026-10-02T21:05:05Z,2026-10-02,ANA @ VGK,bae72d1f63e132b366d199db2807c4df,ags,yes,Tomas Hertl,,fanatics,200,,oddsapi
2026-10-02T21:05:05Z,2026-10-02,ANA @ VGK,bae72d1f63e132b366d199db2807c4df,ags,yes,Brayden McNabb,,fanatics,1200,,oddsapi
2026-10-02T21:05:05Z,2026-10-02,ANA @ VGK,bae72d1f63e132b366d199db2807c4df,ags,yes,Jack Eichel,,fanatics,150,,oddsapi
2026-10-02T21:05:05Z,2026-10-02,ANA @ VGK,bae72d1f63e132b366d199db2807c4df,ags,yes,Brett Howden,,fanatics,275,,oddsapi
2026-10-02T21:05:05Z,2026-10-02,ANA @ VGK,bae72d1f63e132b366d199db2807c4df,ags,yes,Shea Theodore,,fanatics,410,,oddsapi
2026-10-02T21:05:05Z,2026-10-02,ANA @ VGK,bae72d1f63e132b366d199db2807c4df,ags,yes,Ivan Barbashev,,fanatics,200,,oddsapi
2026-10-02T21:05:05Z,2026-10-02,ANA @ VGK,bae72d1f63e132b366d199db2807c4df,ags,yes,Mark Stone,,fanatics,150,,oddsapi
2026-10-02T21:05:05Z,2026-10-02,ANA @ VGK,bae72d1f63e132b366d199db2807c4df,ags,yes,William Karlsson,,fanatics,300,,oddsapi
2026-10-02T21:05:05Z,2026-10-02,ANA @ VGK,bae72d1f63e132b366d199db2807c4df,ags,yes,Rasmus Andersson,,fanatics,575,,oddsapi
2026-10-02T21:05:05Z,2026-10-02,ANA @ VGK,bae72d1f63e132b366d199db2807c4df,ags,yes,Noah Hanifin,,fanatics,1200,,oddsapi
2026-10-02T21:05:05Z,2026-10-02,ANA @ VGK,bae72d1f63e132b366d199db2807c4df,ags,yes,Marc Gatcomb,,fanatics,850,,oddsapi
2026-10-02T21:05:05Z,2026-10-02,ANA @ VGK,bae72d1f63e132b366d199db2807c4df,ags,yes,Braeden Bowman,,fanatics,500,,oddsapi
2026-10-02T21:05:05Z,2026-10-02,ANA @ VGK,bae72d1f63e132b366d199db2807c4df,ags,yes,Trevor Connelly,,fanatics,360,,oddsapi
2026-10-02T21:05:05Z,2026-10-02,ANA @ VGK,bae72d1f63e132b366d199db2807c4df,ags,yes,Ryan Poehling,,fanatics,430,,oddsapi
2026-10-02T21:05:05Z,2026-10-02,ANA @ VGK,bae72d1f63e132b366d199db2807c4df,ags,yes,Mikael Granlund,,fanatics,285,,oddsapi
2026-10-02T21:05:05Z,2026-10-02,ANA @ VGK,bae72d1f63e132b366d199db2807c4df,ags,yes,Leo Carlsson,,fanatics,215,,oddsapi
2026-10-02T21:05:05Z,2026-10-02,ANA @ VGK,bae72d1f63e132b366d199db2807c4df,ags,yes,Alex Killorn,,fanatics,350,,oddsapi
2026-10-02T21:05:05Z,2026-10-02,ANA @ VGK,bae72d1f63e132b366d199db2807c4df,ags,yes,Jackson LaCombe,,fanatics,525,,oddsapi
2026-10-02T21:05:05Z,2026-10-02,ANA @ VGK,bae72d1f63e132b366d199db2807c4df,ags,yes,Frank Vatrano,,fanatics,475,,oddsapi
2026-10-02T21:05:05Z,2026-10-02,ANA @ VGK,bae72d1f63e132b366d199db2807c4df,ags,yes,Pavel Mintyukov,,fanatics,1000,,oddsapi
2026-10-02T21:05:05Z,2026-10-02,ANA @ VGK,bae72d1f63e132b366d199db2807c4df,ags,yes,Tyson Hinds,,fanatics,2000,,oddsapi
2026-10-02T21:05:05Z,2026-10-02,ANA @ VGK,bae72d1f63e132b366d199db2807c4df,ags,yes,Cutter Gauthier,,fanatics,165,,oddsapi
2026-10-02T21:05:05Z,2026-10-02,ANA @ VGK,bae72d1f63e132b366d199db2807c4df,ags,yes,Beckett Sennecke,,fanatics,225,,oddsapi
2026-10-02T21:05:05Z,2026-10-02,ANA @ VGK,bae72d1f63e132b366d199db2807c4df,ags,yes,Tim Washe,,fanatics,1000,,oddsapi
2026-10-02T21:05:05Z,2026-10-02,ANA @ VGK,bae72d1f63e132b366d199db2807c4df,ags,yes,Nikita Nesterenko,,fanatics,650,,oddsapi
2026-10-02T21:05:05Z,2026-10-02,ANA @ VGK,bae72d1f63e132b366d199db2807c4df,ags,yes,Tristan Luneau,,fanatics,900,,oddsapi
2026-10-02T21:05:05Z,2026-10-02,ANA @ VGK,bae72d1f63e132b366d199db2807c4df,fgs,yes,Parker Wotherspoon,,fanatics,9000,,oddsapi
2026-10-02T21:05:05Z,2026-10-02,ANA @ VGK,bae72d1f63e132b366d199db2807c4df,fgs,yes,Mitch Marner,,fanatics,1000,,oddsapi
2026-10-02T21:05:05Z,2026-10-02,ANA @ VGK,bae72d1f63e132b366d199db2807c4df,fgs,yes,Jeremy Lauzon,,fanatics,9000,,oddsapi
2026-10-02T21:05:05Z,2026-10-02,ANA @ VGK,bae72d1f63e132b366d199db2807c4df,fgs,yes,Nic Dowd,,fanatics,4000,,oddsapi
2026-10-02T21:05:05Z,2026-10-02,ANA @ VGK,bae72d1f63e132b366d199db2807c4df,fgs,yes,Tomas Hertl,,fanatics,1200,,oddsapi
2026-10-02T21:05:05Z,2026-10-02,ANA @ VGK,bae72d1f63e132b366d199db2807c4df,fgs,yes,Brayden McNabb,,fanatics,7000,,oddsapi
2026-10-02T21:05:05Z,2026-10-02,ANA @ VGK,bae72d1f63e132b366d199db2807c4df,fgs,yes,Jack Eichel,,fanatics,950,,oddsapi
2026-10-02T21:05:05Z,2026-10-02,ANA @ VGK,bae72d1f63e132b366d199db2807c4df,fgs,yes,Brett Howden,,fanatics,1500,,oddsapi
2026-10-02T21:05:05Z,2026-10-02,ANA @ VGK,bae72d1f63e132b366d199db2807c4df,fgs,yes,Shea Theodore,,fanatics,2200,,oddsapi
2026-10-02T21:05:05Z,2026-10-02,ANA @ VGK,bae72d1f63e132b366d199db2807c4df,fgs,yes,Ivan Barbashev,,fanatics,1200,,oddsapi
2026-10-02T21:05:05Z,2026-10-02,ANA @ VGK,bae72d1f63e132b366d199db2807c4df,fgs,yes,Mark Stone,,fanatics,1000,,oddsapi
2026-10-02T21:05:05Z,2026-10-02,ANA @ VGK,bae72d1f63e132b366d199db2807c4df,fgs,yes,William Karlsson,,fanatics,1700,,oddsapi
2026-10-02T21:05:05Z,2026-10-02,ANA @ VGK,bae72d1f63e132b366d199db2807c4df,fgs,yes,Rasmus Andersson,,fanatics,2500,,oddsapi
2026-10-02T21:05:05Z,2026-10-02,ANA @ VGK,bae72d1f63e132b366d199db2807c4df,fgs,yes,Noah Hanifin,,fanatics,5000,,oddsapi
2026-10-02T21:05:05Z,2026-10-02,ANA @ VGK,bae72d1f63e132b366d199db2807c4df,fgs,yes,Marc Gatcomb,,fanatics,3500,,oddsapi
2026-10-02T21:05:05Z,2026-10-02,ANA @ VGK,bae72d1f63e132b366d199db2807c4df,fgs,yes,Braeden Bowman,,fanatics,2500,,oddsapi
2026-10-02T21:05:05Z,2026-10-02,ANA @ VGK,bae72d1f63e132b366d199db2807c4df,fgs,yes,Trevor Connelly,,fanatics,1900,,oddsapi
2026-10-02T21:05:05Z,2026-10-02,ANA @ VGK,bae72d1f63e132b366d199db2807c4df,fgs,yes,Ryan Poehling,,fanatics,2200,,oddsapi
2026-10-02T21:05:05Z,2026-10-02,ANA @ VGK,bae72d1f63e132b366d199db2807c4df,fgs,yes,Mikael Granlund,,fanatics,1500,,oddsapi
2026-10-02T21:05:05Z,2026-10-02,ANA @ VGK,bae72d1f63e132b366d199db2807c4df,fgs,yes,Leo Carlsson,,fanatics,1200,,oddsapi
2026-10-02T21:05:05Z,2026-10-02,ANA @ VGK,bae72d1f63e132b366d199db2807c4df,fgs,yes,Alex Killorn,,fanatics,1900,,oddsapi
2026-10-02T21:05:05Z,2026-10-02,ANA @ VGK,bae72d1f63e132b366d199db2807c4df,fgs,yes,Jackson LaCombe,,fanatics,2500,,oddsapi
2026-10-02T21:05:05Z,2026-10-02,ANA @ VGK,bae72d1f63e132b366d199db2807c4df,fgs,yes,Frank Vatrano,,fanatics,2500,,oddsapi
2026-10-02T21:05:05Z,2026-10-02,ANA @ VGK,bae72d1f63e132b366d199db2807c4df,fgs,yes,Pavel Mintyukov,,fanatics,4000,,oddsapi
2026-10-02T21:05:05Z,2026-10-02,ANA @ VGK,bae72d1f63e132b366d199db2807c4df,fgs,yes,Tyson Hinds,,fanatics,7000,,oddsapi
2026-10-02T21:05:05Z,2026-10-02,ANA @ VGK,bae72d1f63e132b366d199db2807c4df,fgs,yes,Cutter Gauthier,,fanatics,1100,,oddsapi
2026-10-02T21:05:05Z,2026-10-02,ANA @ VGK,bae72d1f63e132b366d199db2807c4df,fgs,yes,Beckett Sennecke,,fanatics,1300,,oddsapi
2026-10-02T21:05:05Z,2026-10-02,ANA @ VGK,bae72d1f63e132b366d199db2807c4df,fgs,yes,Tim Washe,,fanatics,4500,,oddsapi
2026-10-02T21:05:05Z,2026-10-02,ANA @ VGK,bae72d1f63e132b366d199db2807c4df,fgs,yes,Nikita Nesterenko,,fanatics,3000,,oddsapi
2026-10-02T21:05:05Z,2026-10-02,ANA @ VGK,bae72d1f63e132b366d199db2807c4df,fgs,yes,Tristan Luneau,,fanatics,4000,,oddsapi
2026-10-02T21:05:05Z,2026-10-02,ANA @ VGK,bae72d1f63e132b366d199db2807c4df,fgs,yes,No 1st Goal,,fanatics,25000,,oddsapi
2026-10-02T21:05:05Z,2026-10-02,ANA @ VGK,bae72d1f63e132b366d199db2807c4df,team_total,over,ANA,2.5,fanatics,-140,105,oddsapi
2026-10-02T21:05:05Z,2026-10-02,ANA @ VGK,bae72d1f63e132b366d199db2807c4df,team_total,under,ANA,2.5,fanatics,105,-140,oddsapi
2026-10-02T21:05:05Z,2026-10-02,ANA @ VGK,bae72d1f63e132b366d199db2807c4df,team_total,over,VGK,3.5,fanatics,-140,105,oddsapi
2026-10-02T21:05:05Z,2026-10-02,ANA @ VGK,bae72d1f63e132b366d199db2807c4df,team_total,under,VGK,3.5,fanatics,105,-140,oddsapi
2026-10-02T21:05:05Z,2026-10-02,ANA @ VGK,bae72d1f63e132b366d199db2807c4df,game_ml3,ANA,,,williamhill_us,210,,oddsapi
2026-10-02T21:05:05Z,2026-10-02,ANA @ VGK,bae72d1f63e132b366d199db2807c4df,game_ml3,VGK,,,williamhill_us,-130,,oddsapi
2026-10-02T21:05:05Z,2026-10-02,ANA @ VGK,bae72d1f63e132b366d199db2807c4df,game_ml3,draw,,,williamhill_us,290,,oddsapi
2026-10-02T21:05:05Z,2026-10-02,ANA @ VGK,bae72d1f63e132b366d199db2807c4df,p1_ml3,ANA,,,williamhill_us,220,,oddsapi
2026-10-02T21:05:05Z,2026-10-02,ANA @ VGK,bae72d1f63e132b366d199db2807c4df,p1_ml3,VGK,,,williamhill_us,122,,oddsapi
2026-10-02T21:05:05Z,2026-10-02,ANA @ VGK,bae72d1f63e132b366d199db2807c4df,p1_ml3,draw,,,williamhill_us,169,,oddsapi
2026-10-02T21:05:05Z,2026-10-02,ANA @ VGK,bae72d1f63e132b366d199db2807c4df,ags,yes,Mark Stone,,williamhill_us,154,,oddsapi
2026-10-02T21:05:05Z,2026-10-02,ANA @ VGK,bae72d1f63e132b366d199db2807c4df,ags,yes,Jack Eichel,,williamhill_us,158,,oddsapi
2026-10-02T21:05:05Z,2026-10-02,ANA @ VGK,bae72d1f63e132b366d199db2807c4df,ags,yes,Cutter Gauthier,,williamhill_us,169,,oddsapi
2026-10-02T21:05:05Z,2026-10-02,ANA @ VGK,bae72d1f63e132b366d199db2807c4df,ags,yes,Mitch Marner,,williamhill_us,169,,oddsapi
2026-10-02T21:05:05Z,2026-10-02,ANA @ VGK,bae72d1f63e132b366d199db2807c4df,ags,yes,Leo Carlsson,,williamhill_us,200,,oddsapi
2026-10-02T21:05:05Z,2026-10-02,ANA @ VGK,bae72d1f63e132b366d199db2807c4df,ags,yes,Tomas Hertl,,williamhill_us,205,,oddsapi
2026-10-02T21:05:05Z,2026-10-02,ANA @ VGK,bae72d1f63e132b366d199db2807c4df,ags,yes,Beckett Sennecke,,williamhill_us,225,,oddsapi
2026-10-02T21:05:05Z,2026-10-02,ANA @ VGK,bae72d1f63e132b366d199db2807c4df,ags,yes,Ivan Barbashev,,williamhill_us,225,,oddsapi
2026-10-02T21:05:05Z,2026-10-02,ANA @ VGK,bae72d1f63e132b366d199db2807c4df,ags,yes,Mikael Granlund,,williamhill_us,260,,oddsapi
2026-10-02T21:05:05Z,2026-10-02,ANA @ VGK,bae72d1f63e132b366d199db2807c4df,ags,yes,Brett Howden,,williamhill_us,270,,oddsapi
2026-10-02T21:05:05Z,2026-10-02,ANA @ VGK,bae72d1f63e132b366d199db2807c4df,ags,yes,William Karlsson,,williamhill_us,270,,oddsapi
2026-10-02T21:05:05Z,2026-10-02,ANA @ VGK,bae72d1f63e132b366d199db2807c4df,ags,yes,Victor Olofsson,,williamhill_us,295,,oddsapi
2026-10-02T21:05:05Z,2026-10-02,ANA @ VGK,bae72d1f63e132b366d199db2807c4df,ags,yes,Trevor Connelly,,williamhill_us,330,,oddsapi
2026-10-02T21:05:05Z,2026-10-02,ANA @ VGK,bae72d1f63e132b366d199db2807c4df,ags,yes,Alex Killorn,,williamhill_us,330,,oddsapi
2026-10-02T21:05:05Z,2026-10-02,ANA @ VGK,bae72d1f63e132b366d199db2807c4df,ags,yes,Shea Theodore,,williamhill_us,360,,oddsapi
2026-10-02T21:05:05Z,2026-10-02,ANA @ VGK,bae72d1f63e132b366d199db2807c4df,ags,yes,Ryan Poehling,,williamhill_us,375,,oddsapi
2026-10-02T21:05:05Z,2026-10-02,ANA @ VGK,bae72d1f63e132b366d199db2807c4df,ags,yes,Braeden Bowman,,williamhill_us,400,,oddsapi
2026-10-02T21:05:05Z,2026-10-02,ANA @ VGK,bae72d1f63e132b366d199db2807c4df,ags,yes,Frank Vatrano,,williamhill_us,400,,oddsapi
2026-10-02T21:05:05Z,2026-10-02,ANA @ VGK,bae72d1f63e132b366d199db2807c4df,ags,yes,Rasmus Andersson,,williamhill_us,425,,oddsapi
2026-10-02T21:05:05Z,2026-10-02,ANA @ VGK,bae72d1f63e132b366d199db2807c4df,ags,yes,Jackson LaCombe,,williamhill_us,450,,oddsapi
2026-10-02T21:05:05Z,2026-10-02,ANA @ VGK,bae72d1f63e132b366d199db2807c4df,ags,yes,Nikita Nesterenko,,williamhill_us,550,,oddsapi
2026-10-02T21:05:05Z,2026-10-02,ANA @ VGK,bae72d1f63e132b366d199db2807c4df,ags,yes,Nic Dowd,,williamhill_us,575,,oddsapi
2026-10-02T21:05:05Z,2026-10-02,ANA @ VGK,bae72d1f63e132b366d199db2807c4df,ags,yes,Marc Gatcomb,,williamhill_us,600,,oddsapi
2026-10-02T21:05:05Z,2026-10-02,ANA @ VGK,bae72d1f63e132b366d199db2807c4df,ags,yes,Tim Washe,,williamhill_us,650,,oddsapi
2026-10-02T21:05:05Z,2026-10-02,ANA @ VGK,bae72d1f63e132b366d199db2807c4df,ags,yes,Tristan Luneau,,williamhill_us,675,,oddsapi
2026-10-02T21:05:05Z,2026-10-02,ANA @ VGK,bae72d1f63e132b366d199db2807c4df,ags,yes,Pavel Mintyukov,,williamhill_us,675,,oddsapi
2026-10-02T21:05:05Z,2026-10-02,ANA @ VGK,bae72d1f63e132b366d199db2807c4df,ags,yes,Noah Hanifin,,williamhill_us,700,,oddsapi
2026-10-02T21:05:05Z,2026-10-02,ANA @ VGK,bae72d1f63e132b366d199db2807c4df,ags,yes,Brayden McNabb,,williamhill_us,750,,oddsapi
2026-10-02T21:05:05Z,2026-10-02,ANA @ VGK,bae72d1f63e132b366d199db2807c4df,ags,yes,Jeremy Lauzon,,williamhill_us,850,,oddsapi
2026-10-02T21:05:05Z,2026-10-02,ANA @ VGK,bae72d1f63e132b366d199db2807c4df,ags,yes,Tyson Hinds,,williamhill_us,850,,oddsapi
2026-10-02T21:05:05Z,2026-10-02,ANA @ VGK,bae72d1f63e132b366d199db2807c4df,ags,yes,Parker Wotherspoon,,williamhill_us,850,,oddsapi
2026-10-02T21:05:05Z,2026-10-02,ANA @ VGK,bae72d1f63e132b366d199db2807c4df,fgs,yes,Mark Stone,,williamhill_us,1000,,oddsapi
2026-10-02T21:05:05Z,2026-10-02,ANA @ VGK,bae72d1f63e132b366d199db2807c4df,fgs,yes,Cutter Gauthier,,williamhill_us,1100,,oddsapi
2026-10-02T21:05:05Z,2026-10-02,ANA @ VGK,bae72d1f63e132b366d199db2807c4df,fgs,yes,Jack Eichel,,williamhill_us,1100,,oddsapi
2026-10-02T21:05:05Z,2026-10-02,ANA @ VGK,bae72d1f63e132b366d199db2807c4df,fgs,yes,Mitch Marner,,williamhill_us,1200,,oddsapi
2026-10-02T21:05:05Z,2026-10-02,ANA @ VGK,bae72d1f63e132b366d199db2807c4df,fgs,yes,Leo Carlsson,,williamhill_us,1300,,oddsapi
2026-10-02T21:05:05Z,2026-10-02,ANA @ VGK,bae72d1f63e132b366d199db2807c4df,fgs,yes,Tomas Hertl,,williamhill_us,1300,,oddsapi
2026-10-02T21:05:05Z,2026-10-02,ANA @ VGK,bae72d1f63e132b366d199db2807c4df,fgs,yes,Ivan Barbashev,,williamhill_us,1400,,oddsapi
2026-10-02T21:05:05Z,2026-10-02,ANA @ VGK,bae72d1f63e132b366d199db2807c4df,fgs,yes,Beckett Sennecke,,williamhill_us,1600,,oddsapi
2026-10-02T21:05:05Z,2026-10-02,ANA @ VGK,bae72d1f63e132b366d199db2807c4df,fgs,yes,Mikael Granlund,,williamhill_us,1750,,oddsapi
2026-10-02T21:05:05Z,2026-10-02,ANA @ VGK,bae72d1f63e132b366d199db2807c4df,fgs,yes,Brett Howden,,williamhill_us,1900,,oddsapi
2026-10-02T21:05:05Z,2026-10-02,ANA @ VGK,bae72d1f63e132b366d199db2807c4df,fgs,yes,Trevor Connelly,,williamhill_us,2000,,oddsapi
2026-10-02T21:05:05Z,2026-10-02,ANA @ VGK,bae72d1f63e132b366d199db2807c4df,fgs,yes,Victor Olofsson,,williamhill_us,2000,,oddsapi
2026-10-02T21:05:05Z,2026-10-02,ANA @ VGK,bae72d1f63e132b366d199db2807c4df,fgs,yes,William Karlsson,,williamhill_us,2100,,oddsapi
2026-10-02T21:05:05Z,2026-10-02,ANA @ VGK,bae72d1f63e132b366d199db2807c4df,fgs,yes,Alex Killorn,,williamhill_us,2200,,oddsapi
2026-10-02T21:05:05Z,2026-10-02,ANA @ VGK,bae72d1f63e132b366d199db2807c4df,fgs,yes,Shea Theodore,,williamhill_us,2400,,oddsapi
2026-10-02T21:05:05Z,2026-10-02,ANA @ VGK,bae72d1f63e132b366d199db2807c4df,fgs,yes,Ryan Poehling,,williamhill_us,2600,,oddsapi
2026-10-02T21:05:05Z,2026-10-02,ANA @ VGK,bae72d1f63e132b366d199db2807c4df,fgs,yes,Braeden Bowman,,williamhill_us,2800,,oddsapi
2026-10-02T21:05:05Z,2026-10-02,ANA @ VGK,bae72d1f63e132b366d199db2807c4df,fgs,yes,Frank Vatrano,,williamhill_us,2900,,oddsapi
2026-10-02T21:05:05Z,2026-10-02,ANA @ VGK,bae72d1f63e132b366d199db2807c4df,fgs,yes,Rasmus Andersson,,williamhill_us,2900,,oddsapi
2026-10-02T21:05:05Z,2026-10-02,ANA @ VGK,bae72d1f63e132b366d199db2807c4df,fgs,yes,Jackson LaCombe,,williamhill_us,3000,,oddsapi
2026-10-02T21:05:05Z,2026-10-02,ANA @ VGK,bae72d1f63e132b366d199db2807c4df,fgs,yes,Marc Gatcomb,,williamhill_us,4000,,oddsapi
2026-10-02T21:05:05Z,2026-10-02,ANA @ VGK,bae72d1f63e132b366d199db2807c4df,fgs,yes,Nikita Nesterenko,,williamhill_us,4000,,oddsapi
2026-10-02T21:05:05Z,2026-10-02,ANA @ VGK,bae72d1f63e132b366d199db2807c4df,fgs,yes,Nic Dowd,,williamhill_us,4000,,oddsapi
2026-10-02T21:05:05Z,2026-10-02,ANA @ VGK,bae72d1f63e132b366d199db2807c4df,fgs,yes,Tristan Luneau,,williamhill_us,5000,,oddsapi
2026-10-02T21:05:05Z,2026-10-02,ANA @ VGK,bae72d1f63e132b366d199db2807c4df,fgs,yes,Tim Washe,,williamhill_us,5500,,oddsapi
2026-10-02T21:05:05Z,2026-10-02,ANA @ VGK,bae72d1f63e132b366d199db2807c4df,fgs,yes,Noah Hanifin,,williamhill_us,6000,,oddsapi
2026-10-02T21:05:05Z,2026-10-02,ANA @ VGK,bae72d1f63e132b366d199db2807c4df,fgs,yes,Pavel Mintyukov,,williamhill_us,6000,,oddsapi
2026-10-02T21:05:05Z,2026-10-02,ANA @ VGK,bae72d1f63e132b366d199db2807c4df,fgs,yes,Brayden McNabb,,williamhill_us,7000,,oddsapi
2026-10-02T21:05:05Z,2026-10-02,ANA @ VGK,bae72d1f63e132b366d199db2807c4df,fgs,yes,Tyson Hinds,,williamhill_us,8000,,oddsapi
2026-10-02T21:05:05Z,2026-10-02,ANA @ VGK,bae72d1f63e132b366d199db2807c4df,team_total,over,ANA,2.5,williamhill_us,-148,107,oddsapi
2026-10-02T21:05:05Z,2026-10-02,ANA @ VGK,bae72d1f63e132b366d199db2807c4df,team_total,under,ANA,2.5,williamhill_us,107,-148,oddsapi
2026-10-02T21:05:05Z,2026-10-02,ANA @ VGK,bae72d1f63e132b366d199db2807c4df,team_total,over,VGK,3.5,williamhill_us,-145,105,oddsapi
2026-10-02T21:05:05Z,2026-10-02,ANA @ VGK,bae72d1f63e132b366d199db2807c4df,team_total,under,VGK,3.5,williamhill_us,105,-145,oddsapi
2026-10-02T21:05:05Z,2026-10-02,ANA @ VGK,bae72d1f63e132b366d199db2807c4df,game_pl_alt,ANA,,1.5,fanduel,-132,104,oddsapi
2026-10-02T21:05:05Z,2026-10-02,ANA @ VGK,bae72d1f63e132b366d199db2807c4df,game_pl_alt,ANA,,2.5,fanduel,-235,180,oddsapi
2026-10-02T21:05:05Z,2026-10-02,ANA @ VGK,bae72d1f63e132b366d199db2807c4df,game_pl_alt,ANA,,3.5,fanduel,-750,460,oddsapi
2026-10-02T21:05:05Z,2026-10-02,ANA @ VGK,bae72d1f63e132b366d199db2807c4df,game_pl_alt,ANA,,4.5,fanduel,-2000,1040,oddsapi
2026-10-02T21:05:05Z,2026-10-02,ANA @ VGK,bae72d1f63e132b366d199db2807c4df,game_pl_alt,ANA,,5.5,fanduel,-5000,2100,oddsapi
2026-10-02T21:05:05Z,2026-10-02,ANA @ VGK,bae72d1f63e132b366d199db2807c4df,game_pl_alt,ANA,,6.5,fanduel,-20000,6000,oddsapi
2026-10-02T21:05:05Z,2026-10-02,ANA @ VGK,bae72d1f63e132b366d199db2807c4df,game_pl_alt,ANA,,-1.5,fanduel,370,-600,oddsapi
2026-10-02T21:05:05Z,2026-10-02,ANA @ VGK,bae72d1f63e132b366d199db2807c4df,game_pl_alt,ANA,,-2.5,fanduel,660,-1200,oddsapi
2026-10-02T21:05:05Z,2026-10-02,ANA @ VGK,bae72d1f63e132b366d199db2807c4df,game_pl_alt,ANA,,-3.5,fanduel,1800,-4500,oddsapi
2026-10-02T21:05:05Z,2026-10-02,ANA @ VGK,bae72d1f63e132b366d199db2807c4df,game_pl_alt,ANA,,-4.5,fanduel,6500,-20000,oddsapi
2026-10-02T21:05:05Z,2026-10-02,ANA @ VGK,bae72d1f63e132b366d199db2807c4df,game_pl_alt,VGK,,1.5,fanduel,-600,370,oddsapi
2026-10-02T21:05:05Z,2026-10-02,ANA @ VGK,bae72d1f63e132b366d199db2807c4df,game_pl_alt,VGK,,2.5,fanduel,-1200,660,oddsapi
2026-10-02T21:05:05Z,2026-10-02,ANA @ VGK,bae72d1f63e132b366d199db2807c4df,game_pl_alt,VGK,,3.5,fanduel,-4500,1800,oddsapi
2026-10-02T21:05:05Z,2026-10-02,ANA @ VGK,bae72d1f63e132b366d199db2807c4df,game_pl_alt,VGK,,4.5,fanduel,-20000,6500,oddsapi
2026-10-02T21:05:05Z,2026-10-02,ANA @ VGK,bae72d1f63e132b366d199db2807c4df,game_pl_alt,VGK,,5.5,fanduel,-50000,,oddsapi
2026-10-02T21:05:05Z,2026-10-02,ANA @ VGK,bae72d1f63e132b366d199db2807c4df,game_pl_alt,VGK,,-1.5,fanduel,104,-132,oddsapi
2026-10-02T21:05:05Z,2026-10-02,ANA @ VGK,bae72d1f63e132b366d199db2807c4df,game_pl_alt,VGK,,-2.5,fanduel,180,-235,oddsapi
2026-10-02T21:05:05Z,2026-10-02,ANA @ VGK,bae72d1f63e132b366d199db2807c4df,game_pl_alt,VGK,,-3.5,fanduel,460,-750,oddsapi
2026-10-02T21:05:05Z,2026-10-02,ANA @ VGK,bae72d1f63e132b366d199db2807c4df,game_pl_alt,VGK,,-4.5,fanduel,1040,-2000,oddsapi
2026-10-02T21:05:05Z,2026-10-02,ANA @ VGK,bae72d1f63e132b366d199db2807c4df,game_pl_alt,VGK,,-5.5,fanduel,2100,-5000,oddsapi
2026-10-02T21:05:05Z,2026-10-02,ANA @ VGK,bae72d1f63e132b366d199db2807c4df,game_pl_alt,VGK,,-6.5,fanduel,6000,-20000,oddsapi
2026-10-02T21:05:05Z,2026-10-02,ANA @ VGK,bae72d1f63e132b366d199db2807c4df,team_total_alt,over,ANA,0.5,fanduel,-2400,1120,oddsapi
2026-10-02T21:05:05Z,2026-10-02,ANA @ VGK,bae72d1f63e132b366d199db2807c4df,team_total_alt,over,ANA,1.5,fanduel,-400,280,oddsapi
2026-10-02T21:05:05Z,2026-10-02,ANA @ VGK,bae72d1f63e132b366d199db2807c4df,team_total_alt,over,ANA,2.5,fanduel,-130,,oddsapi
2026-10-02T21:05:05Z,2026-10-02,ANA @ VGK,bae72d1f63e132b366d199db2807c4df,team_total_alt,over,ANA,3.5,fanduel,188,-250,oddsapi
2026-10-02T21:05:05Z,2026-10-02,ANA @ VGK,bae72d1f63e132b366d199db2807c4df,team_total_alt,over,ANA,4.5,fanduel,440,-700,oddsapi
2026-10-02T21:05:05Z,2026-10-02,ANA @ VGK,bae72d1f63e132b366d199db2807c4df,team_total_alt,over,ANA,5.5,fanduel,1060,-2000,oddsapi
2026-10-02T21:05:05Z,2026-10-02,ANA @ VGK,bae72d1f63e132b366d199db2807c4df,team_total_alt,over,ANA,6.5,fanduel,2800,-8000,oddsapi
2026-10-02T21:05:05Z,2026-10-02,ANA @ VGK,bae72d1f63e132b366d199db2807c4df,team_total_alt,under,ANA,0.5,fanduel,1120,-2400,oddsapi
2026-10-02T21:05:05Z,2026-10-02,ANA @ VGK,bae72d1f63e132b366d199db2807c4df,team_total_alt,under,ANA,1.5,fanduel,280,-400,oddsapi
2026-10-02T21:05:05Z,2026-10-02,ANA @ VGK,bae72d1f63e132b366d199db2807c4df,team_total_alt,under,ANA,3.5,fanduel,-250,188,oddsapi
2026-10-02T21:05:05Z,2026-10-02,ANA @ VGK,bae72d1f63e132b366d199db2807c4df,team_total_alt,under,ANA,4.5,fanduel,-700,440,oddsapi
2026-10-02T21:05:05Z,2026-10-02,ANA @ VGK,bae72d1f63e132b366d199db2807c4df,team_total_alt,under,ANA,5.5,fanduel,-2000,1060,oddsapi
2026-10-02T21:05:05Z,2026-10-02,ANA @ VGK,bae72d1f63e132b366d199db2807c4df,team_total_alt,under,ANA,6.5,fanduel,-8000,2800,oddsapi
2026-10-02T21:05:05Z,2026-10-02,ANA @ VGK,bae72d1f63e132b366d199db2807c4df,team_total_alt,over,VGK,0.5,fanduel,-6000,2700,oddsapi
2026-10-02T21:05:05Z,2026-10-02,ANA @ VGK,bae72d1f63e132b366d199db2807c4df,team_total_alt,over,VGK,1.5,fanduel,-1200,680,oddsapi
2026-10-02T21:05:05Z,2026-10-02,ANA @ VGK,bae72d1f63e132b366d199db2807c4df,team_total_alt,over,VGK,2.5,fanduel,-370,,oddsapi
2026-10-02T21:05:05Z,2026-10-02,ANA @ VGK,bae72d1f63e132b366d199db2807c4df,team_total_alt,over,VGK,3.5,fanduel,-144,114,oddsapi
2026-10-02T21:05:05Z,2026-10-02,ANA @ VGK,bae72d1f63e132b366d199db2807c4df,team_total_alt,over,VGK,4.5,fanduel,164,-215,oddsapi
2026-10-02T21:05:05Z,2026-10-02,ANA @ VGK,bae72d1f63e132b366d199db2807c4df,team_total_alt,over,VGK,5.5,fanduel,370,-600,oddsapi
2026-10-02T21:05:05Z,2026-10-02,ANA @ VGK,bae72d1f63e132b366d199db2807c4df,team_total_alt,over,VGK,6.5,fanduel,920,-1800,oddsapi
2026-10-02T21:05:05Z,2026-10-02,ANA @ VGK,bae72d1f63e132b366d199db2807c4df,team_total_alt,over,VGK,7.5,fanduel,2200,-6000,oddsapi
2026-10-02T21:05:05Z,2026-10-02,ANA @ VGK,bae72d1f63e132b366d199db2807c4df,team_total_alt,under,VGK,0.5,fanduel,2700,-6000,oddsapi
2026-10-02T21:05:05Z,2026-10-02,ANA @ VGK,bae72d1f63e132b366d199db2807c4df,team_total_alt,under,VGK,1.5,fanduel,680,-1200,oddsapi
2026-10-02T21:05:05Z,2026-10-02,ANA @ VGK,bae72d1f63e132b366d199db2807c4df,team_total_alt,under,VGK,3.5,fanduel,114,-144,oddsapi
2026-10-02T21:05:05Z,2026-10-02,ANA @ VGK,bae72d1f63e132b366d199db2807c4df,team_total_alt,under,VGK,4.5,fanduel,-215,164,oddsapi
2026-10-02T21:05:05Z,2026-10-02,ANA @ VGK,bae72d1f63e132b366d199db2807c4df,team_total_alt,under,VGK,5.5,fanduel,-600,370,oddsapi
2026-10-02T21:05:05Z,2026-10-02,ANA @ VGK,bae72d1f63e132b366d199db2807c4df,team_total_alt,under,VGK,6.5,fanduel,-1800,920,oddsapi
2026-10-02T21:05:05Z,2026-10-02,ANA @ VGK,bae72d1f63e132b366d199db2807c4df,team_total_alt,under,VGK,7.5,fanduel,-6000,2200,oddsapi
2026-10-02T21:05:05Z,2026-10-02,ANA @ VGK,bae72d1f63e132b366d199db2807c4df,game_total_alt,over,,2.5,fanduel,-8000,2900,oddsapi
2026-10-02T21:05:05Z,2026-10-02,ANA @ VGK,bae72d1f63e132b366d199db2807c4df,game_total_alt,over,,3.5,fanduel,-1350,740,oddsapi
2026-10-02T21:05:05Z,2026-10-02,ANA @ VGK,bae72d1f63e132b366d199db2807c4df,game_total_alt,over,,4.5,fanduel,-650,420,oddsapi
2026-10-02T21:05:05Z,2026-10-02,ANA @ VGK,bae72d1f63e132b366d199db2807c4df,game_total_alt,over,,5.5,fanduel,-210,160,oddsapi
2026-10-02T21:05:05Z,2026-10-02,ANA @ VGK,bae72d1f63e132b366d199db2807c4df,game_total_alt,over,,6.5,fanduel,-126,-102,oddsapi
2026-10-02T21:05:05Z,2026-10-02,ANA @ VGK,bae72d1f63e132b366d199db2807c4df,game_total_alt,over,,7.5,fanduel,184,-240,oddsapi
2026-10-02T21:05:05Z,2026-10-02,ANA @ VGK,bae72d1f63e132b366d199db2807c4df,game_total_alt,over,,8.5,fanduel,290,-410,oddsapi
2026-10-02T21:05:05Z,2026-10-02,ANA @ VGK,bae72d1f63e132b366d199db2807c4df,game_total_alt,over,,9.5,fanduel,640,-1250,oddsapi
2026-10-02T21:05:05Z,2026-10-02,ANA @ VGK,bae72d1f63e132b366d199db2807c4df,game_total_alt,over,,10.5,fanduel,1040,-2000,oddsapi
2026-10-02T21:05:05Z,2026-10-02,ANA @ VGK,bae72d1f63e132b366d199db2807c4df,game_total_alt,over,,11.5,fanduel,2200,-6000,oddsapi
2026-10-02T21:05:05Z,2026-10-02,ANA @ VGK,bae72d1f63e132b366d199db2807c4df,game_total_alt,over,,12.5,fanduel,4300,-8000,oddsapi
2026-10-02T21:05:05Z,2026-10-02,ANA @ VGK,bae72d1f63e132b366d199db2807c4df,game_total_alt,under,,2.5,fanduel,2900,-8000,oddsapi
2026-10-02T21:05:05Z,2026-10-02,ANA @ VGK,bae72d1f63e132b366d199db2807c4df,game_total_alt,under,,3.5,fanduel,740,-1350,oddsapi
2026-10-02T21:05:05Z,2026-10-02,ANA @ VGK,bae72d1f63e132b366d199db2807c4df,game_total_alt,under,,4.5,fanduel,420,-650,oddsapi
2026-10-02T21:05:05Z,2026-10-02,ANA @ VGK,bae72d1f63e132b366d199db2807c4df,game_total_alt,under,,5.5,fanduel,160,-210,oddsapi
2026-10-02T21:05:05Z,2026-10-02,ANA @ VGK,bae72d1f63e132b366d199db2807c4df,game_total_alt,under,,6.5,fanduel,-102,-126,oddsapi
2026-10-02T21:05:05Z,2026-10-02,ANA @ VGK,bae72d1f63e132b366d199db2807c4df,game_total_alt,under,,7.5,fanduel,-240,184,oddsapi
2026-10-02T21:05:05Z,2026-10-02,ANA @ VGK,bae72d1f63e132b366d199db2807c4df,game_total_alt,under,,8.5,fanduel,-410,290,oddsapi
2026-10-02T21:05:05Z,2026-10-02,ANA @ VGK,bae72d1f63e132b366d199db2807c4df,game_total_alt,under,,9.5,fanduel,-1250,640,oddsapi
2026-10-02T21:05:05Z,2026-10-02,ANA @ VGK,bae72d1f63e132b366d199db2807c4df,game_total_alt,under,,10.5,fanduel,-2000,1040,oddsapi
2026-10-02T21:05:05Z,2026-10-02,ANA @ VGK,bae72d1f63e132b366d199db2807c4df,game_total_alt,under,,11.5,fanduel,-6000,2200,oddsapi
2026-10-02T21:05:05Z,2026-10-02,ANA @ VGK,bae72d1f63e132b366d199db2807c4df,game_total_alt,under,,12.5,fanduel,-8000,4300,oddsapi
2026-10-02T21:05:05Z,2026-10-02,ANA @ VGK,bae72d1f63e132b366d199db2807c4df,game_ml3,ANA,,,fanduel,270,,oddsapi
2026-10-02T21:05:05Z,2026-10-02,ANA @ VGK,bae72d1f63e132b366d199db2807c4df,game_ml3,VGK,,,fanduel,-140,,oddsapi
2026-10-02T21:05:05Z,2026-10-02,ANA @ VGK,bae72d1f63e132b366d199db2807c4df,game_ml3,draw,,,fanduel,340,,oddsapi
2026-10-02T21:05:05Z,2026-10-02,ANA @ VGK,bae72d1f63e132b366d199db2807c4df,p1_ml3,ANA,,,fanduel,260,,oddsapi
2026-10-02T21:05:05Z,2026-10-02,ANA @ VGK,bae72d1f63e132b366d199db2807c4df,p1_ml3,VGK,,,fanduel,130,,oddsapi
2026-10-02T21:05:05Z,2026-10-02,ANA @ VGK,bae72d1f63e132b366d199db2807c4df,p1_ml3,draw,,,fanduel,185,,oddsapi
2026-10-02T21:05:05Z,2026-10-02,ANA @ VGK,bae72d1f63e132b366d199db2807c4df,p2_ml3,ANA,,,fanduel,230,,oddsapi
2026-10-02T21:05:05Z,2026-10-02,ANA @ VGK,bae72d1f63e132b366d199db2807c4df,p2_ml3,VGK,,,fanduel,115,,oddsapi
2026-10-02T21:05:05Z,2026-10-02,ANA @ VGK,bae72d1f63e132b366d199db2807c4df,p2_ml3,draw,,,fanduel,230,,oddsapi
2026-10-02T21:05:05Z,2026-10-02,ANA @ VGK,bae72d1f63e132b366d199db2807c4df,p3_ml3,ANA,,,fanduel,220,,oddsapi
2026-10-02T21:05:05Z,2026-10-02,ANA @ VGK,bae72d1f63e132b366d199db2807c4df,p3_ml3,VGK,,,fanduel,100,,oddsapi
2026-10-02T21:05:05Z,2026-10-02,ANA @ VGK,bae72d1f63e132b366d199db2807c4df,p3_ml3,draw,,,fanduel,280,,oddsapi
2026-10-02T21:05:05Z,2026-10-02,ANA @ VGK,bae72d1f63e132b366d199db2807c4df,p1_ml,ANA,,,fanduel,144,-186,oddsapi
2026-10-02T21:05:05Z,2026-10-02,ANA @ VGK,bae72d1f63e132b366d199db2807c4df,p1_ml,VGK,,,fanduel,-186,144,oddsapi
2026-10-02T21:05:05Z,2026-10-02,ANA @ VGK,bae72d1f63e132b366d199db2807c4df,p2_ml,ANA,,,fanduel,142,-182,oddsapi
2026-10-02T21:05:05Z,2026-10-02,ANA @ VGK,bae72d1f63e132b366d199db2807c4df,p2_ml,VGK,,,fanduel,-182,142,oddsapi
2026-10-02T21:05:05Z,2026-10-02,ANA @ VGK,bae72d1f63e132b366d199db2807c4df,p3_ml,ANA,,,fanduel,148,-190,oddsapi
2026-10-02T21:05:05Z,2026-10-02,ANA @ VGK,bae72d1f63e132b366d199db2807c4df,p3_ml,VGK,,,fanduel,-190,148,oddsapi
2026-10-02T21:05:05Z,2026-10-02,ANA @ VGK,bae72d1f63e132b366d199db2807c4df,ags,yes,Jack Eichel,,fanduel,160,,oddsapi
2026-10-02T21:05:05Z,2026-10-02,ANA @ VGK,bae72d1f63e132b366d199db2807c4df,ags,yes,Mark Stone,,fanduel,160,,oddsapi
2026-10-02T21:05:05Z,2026-10-02,ANA @ VGK,bae72d1f63e132b366d199db2807c4df,ags,yes,Mitch Marner,,fanduel,175,,oddsapi
2026-10-02T21:05:05Z,2026-10-02,ANA @ VGK,bae72d1f63e132b366d199db2807c4df,ags,yes,Cutter Gauthier,,fanduel,170,,oddsapi
2026-10-02T21:05:05Z,2026-10-02,ANA @ VGK,bae72d1f63e132b366d199db2807c4df,ags,yes,Leo Carlsson,,fanduel,210,,oddsapi
2026-10-02T21:05:05Z,2026-10-02,ANA @ VGK,bae72d1f63e132b366d199db2807c4df,ags,yes,Tomas Hertl,,fanduel,230,,oddsapi
2026-10-02T21:05:05Z,2026-10-02,ANA @ VGK,bae72d1f63e132b366d199db2807c4df,ags,yes,Beckett Sennecke,,fanduel,240,,oddsapi
2026-10-02T21:05:05Z,2026-10-02,ANA @ VGK,bae72d1f63e132b366d199db2807c4df,ags,yes,Ivan Barbashev,,fanduel,250,,oddsapi
2026-10-02T21:05:05Z,2026-10-02,ANA @ VGK,bae72d1f63e132b366d199db2807c4df,ags,yes,Mikael Granlund,,fanduel,290,,oddsapi
2026-10-02T21:05:05Z,2026-10-02,ANA @ VGK,bae72d1f63e132b366d199db2807c4df,ags,yes,William Karlsson,,fanduel,300,,oddsapi
2026-10-02T21:05:05Z,2026-10-02,ANA @ VGK,bae72d1f63e132b366d199db2807c4df,ags,yes,Brett Howden,,fanduel,300,,oddsapi
2026-10-02T21:05:05Z,2026-10-02,ANA @ VGK,bae72d1f63e132b366d199db2807c4df,ags,yes,Victor Olofsson,,fanduel,340,,oddsapi
2026-10-02T21:05:05Z,2026-10-02,ANA @ VGK,bae72d1f63e132b366d199db2807c4df,ags,yes,Trevor Connelly,,fanduel,380,,oddsapi
2026-10-02T21:05:05Z,2026-10-02,ANA @ VGK,bae72d1f63e132b366d199db2807c4df,ags,yes,Alex Killorn,,fanduel,390,,oddsapi
2026-10-02T21:05:05Z,2026-10-02,ANA @ VGK,bae72d1f63e132b366d199db2807c4df,ags,yes,Shea Theodore,,fanduel,400,,oddsapi
2026-10-02T21:05:05Z,2026-10-02,ANA @ VGK,bae72d1f63e132b366d199db2807c4df,ags,yes,Ryan Poehling,,fanduel,480,,oddsapi
2026-10-02T21:05:05Z,2026-10-02,ANA @ VGK,bae72d1f63e132b366d199db2807c4df,ags,yes,Frank Vatrano,,fanduel,500,,oddsapi
2026-10-02T21:05:05Z,2026-10-02,ANA @ VGK,bae72d1f63e132b366d199db2807c4df,ags,yes,Braeden Bowman,,fanduel,490,,oddsapi
2026-10-02T21:05:05Z,2026-10-02,ANA @ VGK,bae72d1f63e132b366d199db2807c4df,ags,yes,Rasmus Andersson,,fanduel,525,,oddsapi
2026-10-02T21:05:05Z,2026-10-02,ANA @ VGK,bae72d1f63e132b366d199db2807c4df,ags,yes,Jackson LaCombe,,fanduel,600,,oddsapi
2026-10-02T21:05:05Z,2026-10-02,ANA @ VGK,bae72d1f63e132b366d199db2807c4df,ags,yes,Nic Dowd,,fanduel,725,,oddsapi
2026-10-02T21:05:05Z,2026-10-02,ANA @ VGK,bae72d1f63e132b366d199db2807c4df,ags,yes,Nikita Nesterenko,,fanduel,725,,oddsapi
2026-10-02T21:05:05Z,2026-10-02,ANA @ VGK,bae72d1f63e132b366d199db2807c4df,ags,yes,Marc Gatcomb,,fanduel,800,,oddsapi
2026-10-02T21:05:05Z,2026-10-02,ANA @ VGK,bae72d1f63e132b366d199db2807c4df,ags,yes,Tim Washe,,fanduel,950,,oddsapi
2026-10-02T21:05:05Z,2026-10-02,ANA @ VGK,bae72d1f63e132b366d199db2807c4df,ags,yes,Tristan Luneau,,fanduel,1000,,oddsapi
2026-10-02T21:05:05Z,2026-10-02,ANA @ VGK,bae72d1f63e132b366d199db2807c4df,ags,yes,Pavel Mintyukov,,fanduel,1100,,oddsapi
2026-10-02T21:05:05Z,2026-10-02,ANA @ VGK,bae72d1f63e132b366d199db2807c4df,ags,yes,Noah Hanifin,,fanduel,1100,,oddsapi
2026-10-02T21:05:05Z,2026-10-02,ANA @ VGK,bae72d1f63e132b366d199db2807c4df,ags,yes,Brayden McNabb,,fanduel,1400,,oddsapi
2026-10-02T21:05:05Z,2026-10-02,ANA @ VGK,bae72d1f63e132b366d199db2807c4df,ags,yes,Parker Wotherspoon,,fanduel,1700,,oddsapi
2026-10-02T21:05:05Z,2026-10-02,ANA @ VGK,bae72d1f63e132b366d199db2807c4df,ags,yes,Jeremy Lauzon,,fanduel,1800,,oddsapi
2026-10-02T21:05:05Z,2026-10-02,ANA @ VGK,bae72d1f63e132b366d199db2807c4df,ags,yes,Tyson Hinds,,fanduel,1900,,oddsapi
2026-10-02T21:05:05Z,2026-10-02,ANA @ VGK,bae72d1f63e132b366d199db2807c4df,fgs,yes,Mark Stone,,fanduel,1100,,oddsapi
2026-10-02T21:05:05Z,2026-10-02,ANA @ VGK,bae72d1f63e132b366d199db2807c4df,fgs,yes,Mitch Marner,,fanduel,1200,,oddsapi
2026-10-02T21:05:05Z,2026-10-02,ANA @ VGK,bae72d1f63e132b366d199db2807c4df,fgs,yes,Jack Eichel,,fanduel,1200,,oddsapi
2026-10-02T21:05:05Z,2026-10-02,ANA @ VGK,bae72d1f63e132b366d199db2807c4df,fgs,yes,Cutter Gauthier,,fanduel,1200,,oddsapi
2026-10-02T21:05:05Z,2026-10-02,ANA @ VGK,bae72d1f63e132b366d199db2807c4df,fgs,yes,Leo Carlsson,,fanduel,1500,,oddsapi
2026-10-02T21:05:05Z,2026-10-02,ANA @ VGK,bae72d1f63e132b366d199db2807c4df,fgs,yes,Tomas Hertl,,fanduel,1600,,oddsapi
2026-10-02T21:05:05Z,2026-10-02,ANA @ VGK,bae72d1f63e132b366d199db2807c4df,fgs,yes,Beckett Sennecke,,fanduel,1800,,oddsapi
2026-10-02T21:05:05Z,2026-10-02,ANA @ VGK,bae72d1f63e132b366d199db2807c4df,fgs,yes,Mikael Granlund,,fanduel,1700,,oddsapi
2026-10-02T21:05:05Z,2026-10-02,ANA @ VGK,bae72d1f63e132b366d199db2807c4df,fgs,yes,William Karlsson,,fanduel,1800,,oddsapi
2026-10-02T21:05:05Z,2026-10-02,ANA @ VGK,bae72d1f63e132b366d199db2807c4df,fgs,yes,Ivan Barbashev,,fanduel,1800,,oddsapi
2026-10-02T21:05:05Z,2026-10-02,ANA @ VGK,bae72d1f63e132b366d199db2807c4df,fgs,yes,Brett Howden,,fanduel,2000,,oddsapi
2026-10-02T21:05:05Z,2026-10-02,ANA @ VGK,bae72d1f63e132b366d199db2807c4df,fgs,yes,Victor Olofsson,,fanduel,2200,,oddsapi
2026-10-02T21:05:05Z,2026-10-02,ANA @ VGK,bae72d1f63e132b366d199db2807c4df,fgs,yes,Trevor Connelly,,fanduel,2200,,oddsapi
2026-10-02T21:05:05Z,2026-10-02,ANA @ VGK,bae72d1f63e132b366d199db2807c4df,fgs,yes,Alex Killorn,,fanduel,2500,,oddsapi
2026-10-02T21:05:05Z,2026-10-02,ANA @ VGK,bae72d1f63e132b366d199db2807c4df,fgs,yes,Shea Theodore,,fanduel,2700,,oddsapi
2026-10-02T21:05:05Z,2026-10-02,ANA @ VGK,bae72d1f63e132b366d199db2807c4df,fgs,yes,Braeden Bowman,,fanduel,3000,,oddsapi
2026-10-02T21:05:05Z,2026-10-02,ANA @ VGK,bae72d1f63e132b366d199db2807c4df,fgs,yes,Rasmus Andersson,,fanduel,3000,,oddsapi
2026-10-02T21:05:05Z,2026-10-02,ANA @ VGK,bae72d1f63e132b366d199db2807c4df,fgs,yes,Ryan Poehling,,fanduel,3000,,oddsapi
2026-10-02T21:05:05Z,2026-10-02,ANA @ VGK,bae72d1f63e132b366d199db2807c4df,fgs,yes,Frank Vatrano,,fanduel,3000,,oddsapi
2026-10-02T21:05:05Z,2026-10-02,ANA @ VGK,bae72d1f63e132b366d199db2807c4df,fgs,yes,Nikita Nesterenko,,fanduel,3500,,oddsapi
2026-10-02T21:05:05Z,2026-10-02,ANA @ VGK,bae72d1f63e132b366d199db2807c4df,fgs,yes,Jackson LaCombe,,fanduel,3500,,oddsapi
2026-10-02T21:05:05Z,2026-10-02,ANA @ VGK,bae72d1f63e132b366d199db2807c4df,fgs,yes,Nic Dowd,,fanduel,4000,,oddsapi
2026-10-02T21:05:05Z,2026-10-02,ANA @ VGK,bae72d1f63e132b366d199db2807c4df,fgs,yes,Marc Gatcomb,,fanduel,4500,,oddsapi
2026-10-02T21:05:05Z,2026-10-02,ANA @ VGK,bae72d1f63e132b366d199db2807c4df,fgs,yes,Tim Washe,,fanduel,5500,,oddsapi
2026-10-02T21:05:05Z,2026-10-02,ANA @ VGK,bae72d1f63e132b366d199db2807c4df,fgs,yes,Noah Hanifin,,fanduel,5500,,oddsapi
2026-10-02T21:05:05Z,2026-10-02,ANA @ VGK,bae72d1f63e132b366d199db2807c4df,fgs,yes,Tristan Luneau,,fanduel,5500,,oddsapi
2026-10-02T21:05:05Z,2026-10-02,ANA @ VGK,bae72d1f63e132b366d199db2807c4df,fgs,yes,Pavel Mintyukov,,fanduel,6500,,oddsapi
2026-10-02T21:05:05Z,2026-10-02,ANA @ VGK,bae72d1f63e132b366d199db2807c4df,fgs,yes,Parker Wotherspoon,,fanduel,8000,,oddsapi
2026-10-02T21:05:05Z,2026-10-02,ANA @ VGK,bae72d1f63e132b366d199db2807c4df,fgs,yes,Tyson Hinds,,fanduel,8000,,oddsapi
2026-10-02T21:05:05Z,2026-10-02,ANA @ VGK,bae72d1f63e132b366d199db2807c4df,fgs,yes,Brayden McNabb,,fanduel,8000,,oddsapi
2026-10-02T21:05:05Z,2026-10-02,ANA @ VGK,bae72d1f63e132b366d199db2807c4df,fgs,yes,Jeremy Lauzon,,fanduel,10000,,oddsapi
2026-10-02T21:05:05Z,2026-10-02,ANA @ VGK,bae72d1f63e132b366d199db2807c4df,sk_g,over,Cutter Gauthier,0.5,fanduel,170,-240,oddsapi
2026-10-02T21:05:05Z,2026-10-02,ANA @ VGK,bae72d1f63e132b366d199db2807c4df,sk_g,under,Cutter Gauthier,0.5,fanduel,-240,170,oddsapi
2026-10-02T21:05:05Z,2026-10-02,ANA @ VGK,bae72d1f63e132b366d199db2807c4df,sk_g,over,Jack Eichel,0.5,fanduel,160,-220,oddsapi
2026-10-02T21:05:05Z,2026-10-02,ANA @ VGK,bae72d1f63e132b366d199db2807c4df,sk_g,under,Jack Eichel,0.5,fanduel,-220,160,oddsapi
2026-10-02T21:05:05Z,2026-10-02,ANA @ VGK,bae72d1f63e132b366d199db2807c4df,sk_g,over,Mark Stone,0.5,fanduel,160,-220,oddsapi
2026-10-02T21:05:05Z,2026-10-02,ANA @ VGK,bae72d1f63e132b366d199db2807c4df,sk_g,under,Mark Stone,0.5,fanduel,-220,160,oddsapi
2026-10-02T21:05:05Z,2026-10-02,ANA @ VGK,bae72d1f63e132b366d199db2807c4df,sk_g,over,Mitch Marner,0.5,fanduel,175,-240,oddsapi
2026-10-02T21:05:05Z,2026-10-02,ANA @ VGK,bae72d1f63e132b366d199db2807c4df,sk_g,under,Mitch Marner,0.5,fanduel,-240,175,oddsapi
2026-10-02T21:05:05Z,2026-10-02,ANA @ VGK,bae72d1f63e132b366d199db2807c4df,sk_g,over,Beckett Sennecke,0.5,fanduel,240,-350,oddsapi
2026-10-02T21:05:05Z,2026-10-02,ANA @ VGK,bae72d1f63e132b366d199db2807c4df,sk_g,under,Beckett Sennecke,0.5,fanduel,-350,240,oddsapi
2026-10-02T21:05:05Z,2026-10-02,ANA @ VGK,bae72d1f63e132b366d199db2807c4df,sk_g,over,Leo Carlsson,0.5,fanduel,210,-300,oddsapi
2026-10-02T21:05:05Z,2026-10-02,ANA @ VGK,bae72d1f63e132b366d199db2807c4df,sk_g,under,Leo Carlsson,0.5,fanduel,-300,210,oddsapi
2026-10-02T21:05:05Z,2026-10-02,ANA @ VGK,bae72d1f63e132b366d199db2807c4df,sk_g,over,Mikael Granlund,0.5,fanduel,290,-440,oddsapi
2026-10-02T21:05:05Z,2026-10-02,ANA @ VGK,bae72d1f63e132b366d199db2807c4df,sk_g,under,Mikael Granlund,0.5,fanduel,-440,290,oddsapi
2026-10-02T21:05:05Z,2026-10-02,ANA @ VGK,bae72d1f63e132b366d199db2807c4df,sk_sog,over,Beckett Sennecke,2.5,fanduel,126,-168,oddsapi
2026-10-02T21:05:05Z,2026-10-02,ANA @ VGK,bae72d1f63e132b366d199db2807c4df,sk_sog,under,Beckett Sennecke,2.5,fanduel,-168,126,oddsapi
2026-10-02T21:05:05Z,2026-10-02,ANA @ VGK,bae72d1f63e132b366d199db2807c4df,sk_sog,over,Mikael Granlund,1.5,fanduel,-125,-104,oddsapi
2026-10-02T21:05:05Z,2026-10-02,ANA @ VGK,bae72d1f63e132b366d199db2807c4df,sk_sog,under,Mikael Granlund,1.5,fanduel,-104,-125,oddsapi
2026-10-02T21:05:05Z,2026-10-02,ANA @ VGK,bae72d1f63e132b366d199db2807c4df,sk_sog,over,Jackson LaCombe,1.5,fanduel,-122,-106,oddsapi
2026-10-02T21:05:05Z,2026-10-02,ANA @ VGK,bae72d1f63e132b366d199db2807c4df,sk_sog,under,Jackson LaCombe,1.5,fanduel,-106,-122,oddsapi
2026-10-02T21:05:05Z,2026-10-02,ANA @ VGK,bae72d1f63e132b366d199db2807c4df,sk_sog,over,Cutter Gauthier,3.5,fanduel,116,-152,oddsapi
2026-10-02T21:05:05Z,2026-10-02,ANA @ VGK,bae72d1f63e132b366d199db2807c4df,sk_sog,under,Cutter Gauthier,3.5,fanduel,-152,116,oddsapi
2026-10-02T21:05:05Z,2026-10-02,ANA @ VGK,bae72d1f63e132b366d199db2807c4df,sk_sog,over,Leo Carlsson,2.5,fanduel,108,-140,oddsapi
2026-10-02T21:05:05Z,2026-10-02,ANA @ VGK,bae72d1f63e132b366d199db2807c4df,sk_sog,under,Leo Carlsson,2.5,fanduel,-140,108,oddsapi
2026-10-02T21:05:05Z,2026-10-02,ANA @ VGK,bae72d1f63e132b366d199db2807c4df,sk_sog,over,Jack Eichel,3.5,fanduel,125,-164,oddsapi
2026-10-02T21:05:05Z,2026-10-02,ANA @ VGK,bae72d1f63e132b366d199db2807c4df,sk_sog,under,Jack Eichel,3.5,fanduel,-164,125,oddsapi
2026-10-02T21:05:05Z,2026-10-02,ANA @ VGK,bae72d1f63e132b366d199db2807c4df,sk_sog,over,Mark Stone,1.5,fanduel,-182,138,oddsapi
2026-10-02T21:05:05Z,2026-10-02,ANA @ VGK,bae72d1f63e132b366d199db2807c4df,sk_sog,under,Mark Stone,1.5,fanduel,138,-182,oddsapi
2026-10-02T21:05:05Z,2026-10-02,ANA @ VGK,bae72d1f63e132b366d199db2807c4df,sk_sog,over,Mitch Marner,2.5,fanduel,140,-184,oddsapi
2026-10-02T21:05:05Z,2026-10-02,ANA @ VGK,bae72d1f63e132b366d199db2807c4df,sk_sog,under,Mitch Marner,2.5,fanduel,-184,140,oddsapi
2026-10-02T21:05:05Z,2026-10-02,ANA @ VGK,bae72d1f63e132b366d199db2807c4df,sk_sog,over,Shea Theodore,1.5,fanduel,-165,126,oddsapi
2026-10-02T21:05:05Z,2026-10-02,ANA @ VGK,bae72d1f63e132b366d199db2807c4df,sk_sog,under,Shea Theodore,1.5,fanduel,126,-165,oddsapi
2026-10-02T21:05:05Z,2026-10-02,ANA @ VGK,bae72d1f63e132b366d199db2807c4df,sk_sog,over,Tomas Hertl,2.5,fanduel,140,-184,oddsapi
2026-10-02T21:05:05Z,2026-10-02,ANA @ VGK,bae72d1f63e132b366d199db2807c4df,sk_sog,under,Tomas Hertl,2.5,fanduel,-184,140,oddsapi
2026-10-02T21:05:05Z,2026-10-02,ANA @ VGK,bae72d1f63e132b366d199db2807c4df,p1_pl,ANA,,0.5,fanduel,-164,128,oddsapi
2026-10-02T21:05:05Z,2026-10-02,ANA @ VGK,bae72d1f63e132b366d199db2807c4df,p1_pl,VGK,,-0.5,fanduel,128,-164,oddsapi
2026-10-02T21:05:05Z,2026-10-02,ANA @ VGK,bae72d1f63e132b366d199db2807c4df,p2_pl,ANA,,0.5,fanduel,-144,114,oddsapi
2026-10-02T21:05:05Z,2026-10-02,ANA @ VGK,bae72d1f63e132b366d199db2807c4df,p2_pl,VGK,,-0.5,fanduel,114,-144,oddsapi
2026-10-02T21:05:05Z,2026-10-02,ANA @ VGK,bae72d1f63e132b366d199db2807c4df,p3_pl,ANA,,0.5,fanduel,-128,100,oddsapi
2026-10-02T21:05:05Z,2026-10-02,ANA @ VGK,bae72d1f63e132b366d199db2807c4df,p3_pl,VGK,,-0.5,fanduel,100,-128,oddsapi
2026-10-02T21:05:05Z,2026-10-02,ANA @ VGK,bae72d1f63e132b366d199db2807c4df,team_total,over,ANA,2.5,fanduel,-130,,oddsapi
2026-10-02T21:05:05Z,2026-10-02,ANA @ VGK,bae72d1f63e132b366d199db2807c4df,team_total,under,ANA,3.5,fanduel,-250,,oddsapi
2026-10-02T21:05:05Z,2026-10-02,ANA @ VGK,bae72d1f63e132b366d199db2807c4df,team_total,over,VGK,3.5,fanduel,-144,,oddsapi
2026-10-02T21:05:05Z,2026-10-02,ANA @ VGK,bae72d1f63e132b366d199db2807c4df,team_total,under,VGK,4.5,fanduel,-215,,oddsapi
2026-10-02T21:05:05Z,2026-10-02,ANA @ VGK,bae72d1f63e132b366d199db2807c4df,p1_team_total,over,ANA,0.5,fanduel,-144,112,oddsapi
2026-10-02T21:05:05Z,2026-10-02,ANA @ VGK,bae72d1f63e132b366d199db2807c4df,p1_team_total,under,ANA,0.5,fanduel,112,-144,oddsapi
2026-10-02T21:05:05Z,2026-10-02,ANA @ VGK,bae72d1f63e132b366d199db2807c4df,p1_team_total,over,VGK,0.5,fanduel,-235,180,oddsapi
2026-10-02T21:05:05Z,2026-10-02,ANA @ VGK,bae72d1f63e132b366d199db2807c4df,p1_team_total,under,VGK,0.5,fanduel,180,-235,oddsapi
2026-10-02T21:05:05Z,2026-10-02,ANA @ VGK,bae72d1f63e132b366d199db2807c4df,p1_total,over,,1.5,fanduel,-156,122,oddsapi
2026-10-02T21:05:05Z,2026-10-02,ANA @ VGK,bae72d1f63e132b366d199db2807c4df,p1_total,under,,1.5,fanduel,122,-156,oddsapi
2026-10-02T21:05:05Z,2026-10-02,ANA @ VGK,bae72d1f63e132b366d199db2807c4df,p2_total,over,,2.5,fanduel,146,-190,oddsapi
2026-10-02T21:05:05Z,2026-10-02,ANA @ VGK,bae72d1f63e132b366d199db2807c4df,p2_total,under,,2.5,fanduel,-190,146,oddsapi
2026-10-02T21:05:05Z,2026-10-02,ANA @ VGK,bae72d1f63e132b366d199db2807c4df,p3_total,over,,2.5,fanduel,120,-152,oddsapi
2026-10-02T21:05:05Z,2026-10-02,ANA @ VGK,bae72d1f63e132b366d199db2807c4df,p3_total,under,,2.5,fanduel,-152,120,oddsapi
2026-10-02T21:05:05Z,2026-10-02,ANA @ VGK,bae72d1f63e132b366d199db2807c4df,team_total_alt,over,ANA,4.5,betrivers,410,-770,oddsapi
2026-10-02T21:05:05Z,2026-10-02,ANA @ VGK,bae72d1f63e132b366d199db2807c4df,team_total_alt,under,ANA,4.5,betrivers,-770,410,oddsapi
2026-10-02T21:05:05Z,2026-10-02,ANA @ VGK,bae72d1f63e132b366d199db2807c4df,team_total_alt,over,ANA,2.5,betrivers,-137,102,oddsapi
2026-10-02T21:05:05Z,2026-10-02,ANA @ VGK,bae72d1f63e132b366d199db2807c4df,team_total_alt,under,ANA,2.5,betrivers,102,-137,oddsapi
2026-10-02T21:05:05Z,2026-10-02,ANA @ VGK,bae72d1f63e132b366d199db2807c4df,team_total_alt,over,ANA,1.5,betrivers,-435,280,oddsapi
2026-10-02T21:05:05Z,2026-10-02,ANA @ VGK,bae72d1f63e132b366d199db2807c4df,team_total_alt,under,ANA,1.5,betrivers,280,-435,oddsapi
2026-10-02T21:05:05Z,2026-10-02,ANA @ VGK,bae72d1f63e132b366d199db2807c4df,team_total_alt,over,ANA,3.5,betrivers,180,-265,oddsapi
2026-10-02T21:05:05Z,2026-10-02,ANA @ VGK,bae72d1f63e132b366d199db2807c4df,team_total_alt,under,ANA,3.5,betrivers,-265,180,oddsapi
2026-10-02T21:05:05Z,2026-10-02,ANA @ VGK,bae72d1f63e132b366d199db2807c4df,team_total_alt,over,VGK,3.5,betrivers,-134,-103,oddsapi
2026-10-02T21:05:05Z,2026-10-02,ANA @ VGK,bae72d1f63e132b366d199db2807c4df,team_total_alt,under,VGK,3.5,betrivers,-103,-134,oddsapi
2026-10-02T21:05:05Z,2026-10-02,ANA @ VGK,bae72d1f63e132b366d199db2807c4df,team_total_alt,over,VGK,5.5,betrivers,380,-670,oddsapi
2026-10-02T21:05:05Z,2026-10-02,ANA @ VGK,bae72d1f63e132b366d199db2807c4df,team_total_alt,under,VGK,5.5,betrivers,-670,380,oddsapi
2026-10-02T21:05:05Z,2026-10-02,ANA @ VGK,bae72d1f63e132b366d199db2807c4df,team_total_alt,over,VGK,4.5,betrivers,175,-245,oddsapi
2026-10-02T21:05:05Z,2026-10-02,ANA @ VGK,bae72d1f63e132b366d199db2807c4df,team_total_alt,under,VGK,4.5,betrivers,-245,175,oddsapi
2026-10-02T21:05:05Z,2026-10-02,ANA @ VGK,bae72d1f63e132b366d199db2807c4df,team_total_alt,over,VGK,2.5,betrivers,-345,230,oddsapi
2026-10-02T21:05:05Z,2026-10-02,ANA @ VGK,bae72d1f63e132b366d199db2807c4df,team_total_alt,under,VGK,2.5,betrivers,230,-345,oddsapi
2026-10-02T21:05:05Z,2026-10-02,ANA @ VGK,bae72d1f63e132b366d199db2807c4df,game_ml3,ANA,,,betrivers,255,,oddsapi
2026-10-02T21:05:05Z,2026-10-02,ANA @ VGK,bae72d1f63e132b366d199db2807c4df,game_ml3,VGK,,,betrivers,-129,,oddsapi
2026-10-02T21:05:05Z,2026-10-02,ANA @ VGK,bae72d1f63e132b366d199db2807c4df,game_ml3,draw,,,betrivers,370,,oddsapi
2026-10-02T21:05:05Z,2026-10-02,ANA @ VGK,bae72d1f63e132b366d199db2807c4df,p1_ml3,ANA,,,betrivers,235,,oddsapi
2026-10-02T21:05:05Z,2026-10-02,ANA @ VGK,bae72d1f63e132b366d199db2807c4df,p1_ml3,VGK,,,betrivers,120,,oddsapi
2026-10-02T21:05:05Z,2026-10-02,ANA @ VGK,bae72d1f63e132b366d199db2807c4df,p1_ml3,draw,,,betrivers,205,,oddsapi
2026-10-02T21:05:05Z,2026-10-02,ANA @ VGK,bae72d1f63e132b366d199db2807c4df,p2_ml3,ANA,,,betrivers,225,,oddsapi
2026-10-02T21:05:05Z,2026-10-02,ANA @ VGK,bae72d1f63e132b366d199db2807c4df,p2_ml3,VGK,,,betrivers,120,,oddsapi
2026-10-02T21:05:05Z,2026-10-02,ANA @ VGK,bae72d1f63e132b366d199db2807c4df,p2_ml3,draw,,,betrivers,220,,oddsapi
2026-10-02T21:05:05Z,2026-10-02,ANA @ VGK,bae72d1f63e132b366d199db2807c4df,p3_ml3,ANA,,,betrivers,220,,oddsapi
2026-10-02T21:05:05Z,2026-10-02,ANA @ VGK,bae72d1f63e132b366d199db2807c4df,p3_ml3,VGK,,,betrivers,116,,oddsapi
2026-10-02T21:05:05Z,2026-10-02,ANA @ VGK,bae72d1f63e132b366d199db2807c4df,p3_ml3,draw,,,betrivers,235,,oddsapi
2026-10-02T21:05:05Z,2026-10-02,ANA @ VGK,bae72d1f63e132b366d199db2807c4df,ags,yes,Marc Gatcomb,,betrivers,650,,oddsapi
2026-10-02T21:05:05Z,2026-10-02,ANA @ VGK,bae72d1f63e132b366d199db2807c4df,ags,yes,Shea Theodore,,betrivers,410,,oddsapi
2026-10-02T21:05:05Z,2026-10-02,ANA @ VGK,bae72d1f63e132b366d199db2807c4df,ags,yes,Pavel Mintyukov,,betrivers,750,,oddsapi
2026-10-02T21:05:05Z,2026-10-02,ANA @ VGK,bae72d1f63e132b366d199db2807c4df,ags,yes,Frank Vatrano,,betrivers,475,,oddsapi
2026-10-02T21:05:05Z,2026-10-02,ANA @ VGK,bae72d1f63e132b366d199db2807c4df,ags,yes,Cutter Gauthier,,betrivers,163,,oddsapi
2026-10-02T21:05:05Z,2026-10-02,ANA @ VGK,bae72d1f63e132b366d199db2807c4df,ags,yes,Alex Killorn,,betrivers,390,,oddsapi
2026-10-02T21:05:05Z,2026-10-02,ANA @ VGK,bae72d1f63e132b366d199db2807c4df,ags,yes,Ivan Barbashev,,betrivers,225,,oddsapi
2026-10-02T21:05:05Z,2026-10-02,ANA @ VGK,bae72d1f63e132b366d199db2807c4df,ags,yes,Nic Dowd,,betrivers,650,,oddsapi
2026-10-02T21:05:05Z,2026-10-02,ANA @ VGK,bae72d1f63e132b366d199db2807c4df,ags,yes,William Karlsson,,betrivers,290,,oddsapi
2026-10-02T21:05:05Z,2026-10-02,ANA @ VGK,bae72d1f63e132b366d199db2807c4df,ags,yes,Tomas Hertl,,betrivers,225,,oddsapi
2026-10-02T21:05:05Z,2026-10-02,ANA @ VGK,bae72d1f63e132b366d199db2807c4df,ags,yes,Mark Stone,,betrivers,170,,oddsapi
2026-10-02T21:05:05Z,2026-10-02,ANA @ VGK,bae72d1f63e132b366d199db2807c4df,ags,yes,Parker Wotherspoon,,betrivers,700,,oddsapi
2026-10-02T21:05:05Z,2026-10-02,ANA @ VGK,bae72d1f63e132b366d199db2807c4df,ags,yes,Beckett Sennecke,,betrivers,240,,oddsapi
2026-10-02T21:05:05Z,2026-10-02,ANA @ VGK,bae72d1f63e132b366d199db2807c4df,ags,yes,Nikita Nesterenko,,betrivers,600,,oddsapi
2026-10-02T21:05:05Z,2026-10-02,ANA @ VGK,bae72d1f63e132b366d199db2807c4df,ags,yes,Mikael Granlund,,betrivers,285,,oddsapi
2026-10-02T21:05:05Z,2026-10-02,ANA @ VGK,bae72d1f63e132b366d199db2807c4df,ags,yes,Braeden Bowman,,betrivers,425,,oddsapi
2026-10-02T21:05:05Z,2026-10-02,ANA @ VGK,bae72d1f63e132b366d199db2807c4df,ags,yes,Leo Carlsson,,betrivers,220,,oddsapi
2026-10-02T21:05:05Z,2026-10-02,ANA @ VGK,bae72d1f63e132b366d199db2807c4df,ags,yes,Trevor Connelly,,betrivers,390,,oddsapi
2026-10-02T21:05:05Z,2026-10-02,ANA @ VGK,bae72d1f63e132b366d199db2807c4df,ags,yes,Ryan Poehling,,betrivers,500,,oddsapi
2026-10-02T21:05:05Z,2026-10-02,ANA @ VGK,bae72d1f63e132b366d199db2807c4df,ags,yes,Jackson LaCombe,,betrivers,475,,oddsapi
2026-10-02T21:05:05Z,2026-10-02,ANA @ VGK,bae72d1f63e132b366d199db2807c4df,ags,yes,Jack Eichel,,betrivers,150,,oddsapi
2026-10-02T21:05:05Z,2026-10-02,ANA @ VGK,bae72d1f63e132b366d199db2807c4df,ags,yes,Brayden McNabb,,betrivers,850,,oddsapi
2026-10-02T21:05:05Z,2026-10-02,ANA @ VGK,bae72d1f63e132b366d199db2807c4df,ags,yes,Noah Hanifin,,betrivers,850,,oddsapi
2026-10-02T21:05:05Z,2026-10-02,ANA @ VGK,bae72d1f63e132b366d199db2807c4df,ags,yes,Brett Howden,,betrivers,300,,oddsapi
2026-10-02T21:05:05Z,2026-10-02,ANA @ VGK,bae72d1f63e132b366d199db2807c4df,ags,yes,Tim Washe,,betrivers,700,,oddsapi
2026-10-02T21:05:05Z,2026-10-02,ANA @ VGK,bae72d1f63e132b366d199db2807c4df,ags,yes,Jeremy Lauzon,,betrivers,900,,oddsapi
2026-10-02T21:05:05Z,2026-10-02,ANA @ VGK,bae72d1f63e132b366d199db2807c4df,ags,yes,Rasmus Andersson,,betrivers,525,,oddsapi
2026-10-02T21:05:05Z,2026-10-02,ANA @ VGK,bae72d1f63e132b366d199db2807c4df,ags,yes,Tyson Hinds,,betrivers,1000,,oddsapi
2026-10-02T21:05:05Z,2026-10-02,ANA @ VGK,bae72d1f63e132b366d199db2807c4df,ags,yes,Mitch Marner,,betrivers,185,,oddsapi
2026-10-02T21:05:05Z,2026-10-02,ANA @ VGK,bae72d1f63e132b366d199db2807c4df,ags,yes,Tristan Luneau,,betrivers,750,,oddsapi
2026-10-02T21:05:05Z,2026-10-02,ANA @ VGK,bae72d1f63e132b366d199db2807c4df,ags,yes,Victor Olofsson,,betrivers,340,,oddsapi
2026-10-02T21:05:05Z,2026-10-02,ANA @ VGK,bae72d1f63e132b366d199db2807c4df,fgs,yes,Alex Killorn,,betrivers,1700,,oddsapi
2026-10-02T21:05:05Z,2026-10-02,ANA @ VGK,bae72d1f63e132b366d199db2807c4df,fgs,yes,Mark Stone,,betrivers,800,,oddsapi
2026-10-02T21:05:05Z,2026-10-02,ANA @ VGK,bae72d1f63e132b366d199db2807c4df,fgs,yes,Nikita Nesterenko,,betrivers,2800,,oddsapi
2026-10-02T21:05:05Z,2026-10-02,ANA @ VGK,bae72d1f63e132b366d199db2807c4df,fgs,yes,Jackson LaCombe,,betrivers,2000,,oddsapi
2026-10-02T21:05:05Z,2026-10-02,ANA @ VGK,bae72d1f63e132b366d199db2807c4df,fgs,yes,Jack Eichel,,betrivers,750,,oddsapi
2026-10-02T21:05:05Z,2026-10-02,ANA @ VGK,bae72d1f63e132b366d199db2807c4df,fgs,yes,Braeden Bowman,,betrivers,1700,,oddsapi
2026-10-02T21:05:05Z,2026-10-02,ANA @ VGK,bae72d1f63e132b366d199db2807c4df,fgs,yes,Trevor Connelly,,betrivers,1600,,oddsapi
2026-10-02T21:05:05Z,2026-10-02,ANA @ VGK,bae72d1f63e132b366d199db2807c4df,fgs,yes,Tristan Luneau,,betrivers,3400,,oddsapi
2026-10-02T21:05:05Z,2026-10-02,ANA @ VGK,bae72d1f63e132b366d199db2807c4df,fgs,yes,Mitch Marner,,betrivers,850,,oddsapi
2026-10-02T21:05:05Z,2026-10-02,ANA @ VGK,bae72d1f63e132b366d199db2807c4df,fgs,yes,Ivan Barbashev,,betrivers,1000,,oddsapi
2026-10-02T21:05:05Z,2026-10-02,ANA @ VGK,bae72d1f63e132b366d199db2807c4df,fgs,yes,Rasmus Andersson,,betrivers,2200,,oddsapi
2026-10-02T21:05:05Z,2026-10-02,ANA @ VGK,bae72d1f63e132b366d199db2807c4df,fgs,yes,Cutter Gauthier,,betrivers,800,,oddsapi
2026-10-02T21:05:05Z,2026-10-02,ANA @ VGK,bae72d1f63e132b366d199db2807c4df,fgs,yes,Tyson Hinds,,betrivers,4500,,oddsapi
2026-10-02T21:05:05Z,2026-10-02,ANA @ VGK,bae72d1f63e132b366d199db2807c4df,fgs,yes,Frank Vatrano,,betrivers,1900,,oddsapi
2026-10-02T21:05:05Z,2026-10-02,ANA @ VGK,bae72d1f63e132b366d199db2807c4df,fgs,yes,Pavel Mintyukov,,betrivers,3400,,oddsapi
2026-10-02T21:05:05Z,2026-10-02,ANA @ VGK,bae72d1f63e132b366d199db2807c4df,fgs,yes,Brayden McNabb,,betrivers,4000,,oddsapi
2026-10-02T21:05:05Z,2026-10-02,ANA @ VGK,bae72d1f63e132b366d199db2807c4df,fgs,yes,Victor Olofsson,,betrivers,1400,,oddsapi
2026-10-02T21:05:05Z,2026-10-02,ANA @ VGK,bae72d1f63e132b366d199db2807c4df,fgs,yes,Ryan Poehling,,betrivers,2000,,oddsapi
2026-10-02T21:05:05Z,2026-10-02,ANA @ VGK,bae72d1f63e132b366d199db2807c4df,fgs,yes,Leo Carlsson,,betrivers,1000,,oddsapi
2026-10-02T21:05:05Z,2026-10-02,ANA @ VGK,bae72d1f63e132b366d199db2807c4df,fgs,yes,Tomas Hertl,,betrivers,1050,,oddsapi
2026-10-02T21:05:05Z,2026-10-02,ANA @ VGK,bae72d1f63e132b366d199db2807c4df,fgs,yes,Shea Theodore,,betrivers,1700,,oddsapi
2026-10-02T21:05:05Z,2026-10-02,ANA @ VGK,bae72d1f63e132b366d199db2807c4df,fgs,yes,Mikael Granlund,,betrivers,1300,,oddsapi
2026-10-02T21:05:05Z,2026-10-02,ANA @ VGK,bae72d1f63e132b366d199db2807c4df,fgs,yes,Tim Washe,,betrivers,3000,,oddsapi
2026-10-02T21:05:05Z,2026-10-02,ANA @ VGK,bae72d1f63e132b366d199db2807c4df,fgs,yes,Parker Wotherspoon,,betrivers,3400,,oddsapi
2026-10-02T21:05:05Z,2026-10-02,ANA @ VGK,bae72d1f63e132b366d199db2807c4df,fgs,yes,Brett Howden,,betrivers,1300,,oddsapi
2026-10-02T21:05:05Z,2026-10-02,ANA @ VGK,bae72d1f63e132b366d199db2807c4df,fgs,yes,Jeremy Lauzon,,betrivers,4000,,oddsapi
2026-10-02T21:05:05Z,2026-10-02,ANA @ VGK,bae72d1f63e132b366d199db2807c4df,fgs,yes,Noah Hanifin,,betrivers,4000,,oddsapi
2026-10-02T21:05:05Z,2026-10-02,ANA @ VGK,bae72d1f63e132b366d199db2807c4df,fgs,yes,Marc Gatcomb,,betrivers,2900,,oddsapi
2026-10-02T21:05:05Z,2026-10-02,ANA @ VGK,bae72d1f63e132b366d199db2807c4df,fgs,yes,Beckett Sennecke,,betrivers,1150,,oddsapi
2026-10-02T21:05:05Z,2026-10-02,ANA @ VGK,bae72d1f63e132b366d199db2807c4df,fgs,yes,William Karlsson,,betrivers,1300,,oddsapi
2026-10-02T21:05:05Z,2026-10-02,ANA @ VGK,bae72d1f63e132b366d199db2807c4df,fgs,yes,Nic Dowd,,betrivers,2900,,oddsapi
2026-10-02T21:05:05Z,2026-10-02,ANA @ VGK,bae72d1f63e132b366d199db2807c4df,sk_g,over,Ivan Barbashev,2.5,betrivers,9000,,oddsapi
2026-10-02T21:05:05Z,2026-10-02,ANA @ VGK,bae72d1f63e132b366d199db2807c4df,sk_g,over,Mikael Granlund,1.5,betrivers,1900,,oddsapi
2026-10-02T21:05:05Z,2026-10-02,ANA @ VGK,bae72d1f63e132b366d199db2807c4df,sk_g,over,Rasmus Andersson,1.5,betrivers,5000,,oddsapi
2026-10-02T21:05:05Z,2026-10-02,ANA @ VGK,bae72d1f63e132b366d199db2807c4df,sk_g,over,Frank Vatrano,1.5,betrivers,5000,,oddsapi
2026-10-02T21:05:05Z,2026-10-02,ANA @ VGK,bae72d1f63e132b366d199db2807c4df,sk_g,over,Jack Eichel,2.5,betrivers,4500,,oddsapi
2026-10-02T21:05:05Z,2026-10-02,ANA @ VGK,bae72d1f63e132b366d199db2807c4df,sk_g,over,Mitch Marner,1.5,betrivers,1000,,oddsapi
2026-10-02T21:05:05Z,2026-10-02,ANA @ VGK,bae72d1f63e132b366d199db2807c4df,sk_g,over,Cutter Gauthier,1.5,betrivers,850,,oddsapi
2026-10-02T21:05:05Z,2026-10-02,ANA @ VGK,bae72d1f63e132b366d199db2807c4df,sk_g,over,Tristan Luneau,1.5,betrivers,12500,,oddsapi
2026-10-02T21:05:05Z,2026-10-02,ANA @ VGK,bae72d1f63e132b366d199db2807c4df,sk_g,over,Ivan Barbashev,1.5,betrivers,1300,,oddsapi
2026-10-02T21:05:05Z,2026-10-02,ANA @ VGK,bae72d1f63e132b366d199db2807c4df,sk_g,over,Mark Stone,1.5,betrivers,850,,oddsapi
2026-10-02T21:05:05Z,2026-10-02,ANA @ VGK,bae72d1f63e132b366d199db2807c4df,sk_g,over,Mark Stone,2.5,betrivers,5000,,oddsapi
2026-10-02T21:05:05Z,2026-10-02,ANA @ VGK,bae72d1f63e132b366d199db2807c4df,sk_g,over,Tomas Hertl,1.5,betrivers,1300,,oddsapi
2026-10-02T21:05:05Z,2026-10-02,ANA @ VGK,bae72d1f63e132b366d199db2807c4df,sk_g,over,Brett Howden,1.5,betrivers,2000,,oddsapi
2026-10-02T21:05:05Z,2026-10-02,ANA @ VGK,bae72d1f63e132b366d199db2807c4df,sk_g,over,Beckett Sennecke,1.5,betrivers,1500,,oddsapi
2026-10-02T21:05:05Z,2026-10-02,ANA @ VGK,bae72d1f63e132b366d199db2807c4df,sk_g,over,Beckett Sennecke,2.5,betrivers,13000,,oddsapi
2026-10-02T21:05:05Z,2026-10-02,ANA @ VGK,bae72d1f63e132b366d199db2807c4df,sk_g,over,Victor Olofsson,1.5,betrivers,2500,,oddsapi
2026-10-02T21:05:05Z,2026-10-02,ANA @ VGK,bae72d1f63e132b366d199db2807c4df,sk_g,over,Tomas Hertl,2.5,betrivers,8000,,oddsapi
2026-10-02T21:05:05Z,2026-10-02,ANA @ VGK,bae72d1f63e132b366d199db2807c4df,sk_g,over,Nic Dowd,1.5,betrivers,10000,,oddsapi
2026-10-02T21:05:05Z,2026-10-02,ANA @ VGK,bae72d1f63e132b366d199db2807c4df,sk_g,over,Mikael Granlund,2.5,betrivers,16000,,oddsapi
2026-10-02T21:05:05Z,2026-10-02,ANA @ VGK,bae72d1f63e132b366d199db2807c4df,sk_g,over,Braeden Bowman,1.5,betrivers,3500,,oddsapi
2026-10-02T21:05:05Z,2026-10-02,ANA @ VGK,bae72d1f63e132b366d199db2807c4df,sk_g,over,Marc Gatcomb,1.5,betrivers,10000,,oddsapi
2026-10-02T21:05:05Z,2026-10-02,ANA @ VGK,bae72d1f63e132b366d199db2807c4df,sk_g,over,Shea Theodore,1.5,betrivers,3500,,oddsapi
2026-10-02T21:05:05Z,2026-10-02,ANA @ VGK,bae72d1f63e132b366d199db2807c4df,sk_g,over,Pavel Mintyukov,1.5,betrivers,13000,,oddsapi
2026-10-02T21:05:05Z,2026-10-02,ANA @ VGK,bae72d1f63e132b366d199db2807c4df,sk_g,over,Leo Carlsson,1.5,betrivers,1200,,oddsapi
2026-10-02T21:05:05Z,2026-10-02,ANA @ VGK,bae72d1f63e132b366d199db2807c4df,sk_g,over,Cutter Gauthier,2.5,betrivers,4500,,oddsapi
2026-10-02T21:05:05Z,2026-10-02,ANA @ VGK,bae72d1f63e132b366d199db2807c4df,sk_g,over,Brayden McNabb,1.5,betrivers,14000,,oddsapi
2026-10-02T21:05:05Z,2026-10-02,ANA @ VGK,bae72d1f63e132b366d199db2807c4df,sk_g,over,Parker Wotherspoon,1.5,betrivers,11000,,oddsapi
2026-10-02T21:05:05Z,2026-10-02,ANA @ VGK,bae72d1f63e132b366d199db2807c4df,sk_g,over,Noah Hanifin,1.5,betrivers,14000,,oddsapi
2026-10-02T21:05:05Z,2026-10-02,ANA @ VGK,bae72d1f63e132b366d199db2807c4df,sk_g,over,Nikita Nesterenko,1.5,betrivers,7000,,oddsapi
2026-10-02T21:05:05Z,2026-10-02,ANA @ VGK,bae72d1f63e132b366d199db2807c4df,sk_g,over,Tim Washe,1.5,betrivers,9000,,oddsapi
2026-10-02T21:05:05Z,2026-10-02,ANA @ VGK,bae72d1f63e132b366d199db2807c4df,sk_g,over,Ryan Poehling,1.5,betrivers,5000,,oddsapi
2026-10-02T21:05:05Z,2026-10-02,ANA @ VGK,bae72d1f63e132b366d199db2807c4df,sk_g,over,Jackson LaCombe,1.5,betrivers,4500,,oddsapi
2026-10-02T21:05:05Z,2026-10-02,ANA @ VGK,bae72d1f63e132b366d199db2807c4df,sk_g,over,Jeremy Lauzon,1.5,betrivers,16000,,oddsapi
2026-10-02T21:05:05Z,2026-10-02,ANA @ VGK,bae72d1f63e132b366d199db2807c4df,sk_g,over,Jack Eichel,1.5,betrivers,750,,oddsapi
2026-10-02T21:05:05Z,2026-10-02,ANA @ VGK,bae72d1f63e132b366d199db2807c4df,sk_g,over,Mitch Marner,2.5,betrivers,6000,,oddsapi
2026-10-02T21:05:05Z,2026-10-02,ANA @ VGK,bae72d1f63e132b366d199db2807c4df,sk_g,over,Leo Carlsson,2.5,betrivers,8000,,oddsapi
2026-10-02T21:05:05Z,2026-10-02,ANA @ VGK,bae72d1f63e132b366d199db2807c4df,sk_g,over,Trevor Connelly,1.5,betrivers,3000,,oddsapi
2026-10-02T21:05:05Z,2026-10-02,ANA @ VGK,bae72d1f63e132b366d199db2807c4df,sk_g,over,Alex Killorn,1.5,betrivers,3300,,oddsapi
2026-10-02T21:05:05Z,2026-10-02,ANA @ VGK,bae72d1f63e132b366d199db2807c4df,sk_g,over,William Karlsson,2.5,betrivers,15000,,oddsapi
2026-10-02T21:05:05Z,2026-10-02,ANA @ VGK,bae72d1f63e132b366d199db2807c4df,sk_g,over,William Karlsson,1.5,betrivers,1900,,oddsapi
2026-10-02T21:05:05Z,2026-10-02,ANA @ VGK,bae72d1f63e132b366d199db2807c4df,p1_total,over,,1.5,betrivers,-175,120,oddsapi
2026-10-02T21:05:05Z,2026-10-02,ANA @ VGK,bae72d1f63e132b366d199db2807c4df,p1_total,under,,1.5,betrivers,120,-175,oddsapi
2026-10-02T21:05:05Z,2026-10-02,ANA @ VGK,bae72d1f63e132b366d199db2807c4df,p2_total,over,,3.5,betrivers,350,-670,oddsapi
2026-10-02T21:05:05Z,2026-10-02,ANA @ VGK,bae72d1f63e132b366d199db2807c4df,p2_total,under,,3.5,betrivers,-670,350,oddsapi
2026-10-02T21:05:05Z,2026-10-02,ANA @ VGK,bae72d1f63e132b366d199db2807c4df,p3_total,over,,3.5,betrivers,350,-670,oddsapi
2026-10-02T21:05:05Z,2026-10-02,ANA @ VGK,bae72d1f63e132b366d199db2807c4df,p3_total,under,,3.5,betrivers,-670,350,oddsapi
2026-10-02T21:05:05Z,2026-10-02,ANA @ VGK,bae72d1f63e132b366d199db2807c4df,p1_ml,ANA,,,betonlineag,130,-150,oddsapi
2026-10-02T21:05:05Z,2026-10-02,ANA @ VGK,bae72d1f63e132b366d199db2807c4df,p1_ml,VGK,,,betonlineag,-150,130,oddsapi
2026-10-02T21:05:05Z,2026-10-02,ANA @ VGK,bae72d1f63e132b366d199db2807c4df,sk_pts,over,Mikael Granlund,0.5,betonlineag,-118,-110,oddsapi
2026-10-02T21:05:05Z,2026-10-02,ANA @ VGK,bae72d1f63e132b366d199db2807c4df,sk_pts,under,Mikael Granlund,0.5,betonlineag,-110,-118,oddsapi
2026-10-02T21:05:05Z,2026-10-02,ANA @ VGK,bae72d1f63e132b366d199db2807c4df,sk_pts,over,Jack Eichel,1.5,betonlineag,164,-217,oddsapi
2026-10-02T21:05:05Z,2026-10-02,ANA @ VGK,bae72d1f63e132b366d199db2807c4df,sk_pts,under,Jack Eichel,1.5,betonlineag,-217,164,oddsapi
2026-10-02T21:05:05Z,2026-10-02,ANA @ VGK,bae72d1f63e132b366d199db2807c4df,sk_pts,over,Rasmus Andersson,0.5,betonlineag,128,-167,oddsapi
2026-10-02T21:05:05Z,2026-10-02,ANA @ VGK,bae72d1f63e132b366d199db2807c4df,sk_pts,under,Rasmus Andersson,0.5,betonlineag,-167,128,oddsapi
2026-10-02T21:05:05Z,2026-10-02,ANA @ VGK,bae72d1f63e132b366d199db2807c4df,sk_pts,over,Cutter Gauthier,0.5,betonlineag,-164,126,oddsapi
2026-10-02T21:05:05Z,2026-10-02,ANA @ VGK,bae72d1f63e132b366d199db2807c4df,sk_pts,under,Cutter Gauthier,0.5,betonlineag,126,-164,oddsapi
2026-10-02T21:05:05Z,2026-10-02,ANA @ VGK,bae72d1f63e132b366d199db2807c4df,sk_pts,over,Shea Theodore,0.5,betonlineag,-147,113,oddsapi
2026-10-02T21:05:05Z,2026-10-02,ANA @ VGK,bae72d1f63e132b366d199db2807c4df,sk_pts,under,Shea Theodore,0.5,betonlineag,113,-147,oddsapi
2026-10-02T21:05:05Z,2026-10-02,ANA @ VGK,bae72d1f63e132b366d199db2807c4df,sk_pts,over,Jackson LaCombe,0.5,betonlineag,-115,-112,oddsapi
2026-10-02T21:05:05Z,2026-10-02,ANA @ VGK,bae72d1f63e132b366d199db2807c4df,sk_pts,under,Jackson LaCombe,0.5,betonlineag,-112,-115,oddsapi
2026-10-02T21:05:05Z,2026-10-02,ANA @ VGK,bae72d1f63e132b366d199db2807c4df,sk_pts,over,Beckett Sennecke,0.5,betonlineag,-130,100,oddsapi
2026-10-02T21:05:05Z,2026-10-02,ANA @ VGK,bae72d1f63e132b366d199db2807c4df,sk_pts,under,Beckett Sennecke,0.5,betonlineag,100,-130,oddsapi
2026-10-02T21:05:05Z,2026-10-02,ANA @ VGK,bae72d1f63e132b366d199db2807c4df,sk_pts,over,Tomas Hertl,0.5,betonlineag,-120,-108,oddsapi
2026-10-02T21:05:05Z,2026-10-02,ANA @ VGK,bae72d1f63e132b366d199db2807c4df,sk_pts,under,Tomas Hertl,0.5,betonlineag,-108,-120,oddsapi
2026-10-02T21:05:05Z,2026-10-02,ANA @ VGK,bae72d1f63e132b366d199db2807c4df,sk_pts,over,Ivan Barbashev,0.5,betonlineag,-133,103,oddsapi
2026-10-02T21:05:05Z,2026-10-02,ANA @ VGK,bae72d1f63e132b366d199db2807c4df,sk_pts,under,Ivan Barbashev,0.5,betonlineag,103,-133,oddsapi
2026-10-02T21:05:05Z,2026-10-02,ANA @ VGK,bae72d1f63e132b366d199db2807c4df,sk_pts,over,Leo Carlsson,0.5,betonlineag,-161,124,oddsapi
2026-10-02T21:05:05Z,2026-10-02,ANA @ VGK,bae72d1f63e132b366d199db2807c4df,sk_pts,under,Leo Carlsson,0.5,betonlineag,124,-161,oddsapi
2026-10-02T21:05:05Z,2026-10-02,ANA @ VGK,bae72d1f63e132b366d199db2807c4df,sk_pts,over,Mitch Marner,1.5,betonlineag,190,-256,oddsapi
2026-10-02T21:05:05Z,2026-10-02,ANA @ VGK,bae72d1f63e132b366d199db2807c4df,sk_pts,under,Mitch Marner,1.5,betonlineag,-256,190,oddsapi
2026-10-02T21:05:05Z,2026-10-02,ANA @ VGK,bae72d1f63e132b366d199db2807c4df,sk_pts,over,Mark Stone,0.5,betonlineag,-217,163,oddsapi
2026-10-02T21:05:05Z,2026-10-02,ANA @ VGK,bae72d1f63e132b366d199db2807c4df,sk_pts,under,Mark Stone,0.5,betonlineag,163,-217,oddsapi
2026-10-02T21:05:05Z,2026-10-02,ANA @ VGK,bae72d1f63e132b366d199db2807c4df,sk_pts,over,Alex Killorn,0.5,betonlineag,164,-217,oddsapi
2026-10-02T21:05:05Z,2026-10-02,ANA @ VGK,bae72d1f63e132b366d199db2807c4df,sk_pts,under,Alex Killorn,0.5,betonlineag,-217,164,oddsapi
2026-10-02T21:05:05Z,2026-10-02,ANA @ VGK,bae72d1f63e132b366d199db2807c4df,sk_pts,over,William Karlsson,0.5,betonlineag,120,-156,oddsapi
2026-10-02T21:05:05Z,2026-10-02,ANA @ VGK,bae72d1f63e132b366d199db2807c4df,sk_pts,under,William Karlsson,0.5,betonlineag,-156,120,oddsapi
2026-10-02T21:05:05Z,2026-10-02,ANA @ VGK,bae72d1f63e132b366d199db2807c4df,sk_pts,over,Brett Howden,0.5,betonlineag,132,-172,oddsapi
2026-10-02T21:05:05Z,2026-10-02,ANA @ VGK,bae72d1f63e132b366d199db2807c4df,sk_pts,under,Brett Howden,0.5,betonlineag,-172,132,oddsapi
2026-10-02T21:05:05Z,2026-10-02,ANA @ VGK,bae72d1f63e132b366d199db2807c4df,sk_pts,over,Noah Hanifin,0.5,betonlineag,233,-323,oddsapi
2026-10-02T21:05:05Z,2026-10-02,ANA @ VGK,bae72d1f63e132b366d199db2807c4df,sk_pts,under,Noah Hanifin,0.5,betonlineag,-323,233,oddsapi
2026-10-02T21:05:05Z,2026-10-02,ANA @ VGK,bae72d1f63e132b366d199db2807c4df,sk_pts,over,Trevor Connelly,0.5,betonlineag,152,-200,oddsapi
2026-10-02T21:05:05Z,2026-10-02,ANA @ VGK,bae72d1f63e132b366d199db2807c4df,sk_pts,under,Trevor Connelly,0.5,betonlineag,-200,152,oddsapi
2026-10-02T21:05:05Z,2026-10-02,ANA @ VGK,bae72d1f63e132b366d199db2807c4df,sk_pts,over,Ryan Poehling,0.5,betonlineag,178,-238,oddsapi
2026-10-02T21:05:05Z,2026-10-02,ANA @ VGK,bae72d1f63e132b366d199db2807c4df,sk_pts,under,Ryan Poehling,0.5,betonlineag,-238,178,oddsapi
2026-10-02T21:05:05Z,2026-10-02,ANA @ VGK,bae72d1f63e132b366d199db2807c4df,sk_pts,over,Nikita Nesterenko,0.5,betonlineag,220,-303,oddsapi
2026-10-02T21:05:05Z,2026-10-02,ANA @ VGK,bae72d1f63e132b366d199db2807c4df,sk_pts,under,Nikita Nesterenko,0.5,betonlineag,-303,220,oddsapi
2026-10-02T21:05:05Z,2026-10-02,ANA @ VGK,bae72d1f63e132b366d199db2807c4df,sk_pts,over,Frank Vatrano,0.5,betonlineag,209,-286,oddsapi
2026-10-02T21:05:05Z,2026-10-02,ANA @ VGK,bae72d1f63e132b366d199db2807c4df,sk_pts,under,Frank Vatrano,0.5,betonlineag,-286,209,oddsapi
2026-10-02T21:05:05Z,2026-10-02,ANA @ VGK,bae72d1f63e132b366d199db2807c4df,sk_pts,over,Pavel Mintyukov,0.5,betonlineag,233,-323,oddsapi
2026-10-02T21:05:05Z,2026-10-02,ANA @ VGK,bae72d1f63e132b366d199db2807c4df,sk_pts,under,Pavel Mintyukov,0.5,betonlineag,-323,233,oddsapi
2026-10-02T21:05:05Z,2026-10-02,ANA @ VGK,bae72d1f63e132b366d199db2807c4df,sk_pts,over,Tristan Luneau,0.5,betonlineag,233,-323,oddsapi
2026-10-02T21:05:05Z,2026-10-02,ANA @ VGK,bae72d1f63e132b366d199db2807c4df,sk_pts,under,Tristan Luneau,0.5,betonlineag,-323,233,oddsapi
2026-10-02T21:05:05Z,2026-10-02,ANA @ VGK,bae72d1f63e132b366d199db2807c4df,sk_sog,over,Shea Theodore,1.5,betonlineag,-172,131,oddsapi
2026-10-02T21:05:05Z,2026-10-02,ANA @ VGK,bae72d1f63e132b366d199db2807c4df,sk_sog,under,Shea Theodore,1.5,betonlineag,131,-172,oddsapi
2026-10-02T21:05:05Z,2026-10-02,ANA @ VGK,bae72d1f63e132b366d199db2807c4df,sk_sog,over,Jack Eichel,3.5,betonlineag,130,-169,oddsapi
2026-10-02T21:05:05Z,2026-10-02,ANA @ VGK,bae72d1f63e132b366d199db2807c4df,sk_sog,under,Jack Eichel,3.5,betonlineag,-169,130,oddsapi
2026-10-02T21:05:05Z,2026-10-02,ANA @ VGK,bae72d1f63e132b366d199db2807c4df,sk_sog,over,Mark Stone,1.5,betonlineag,-179,137,oddsapi
2026-10-02T21:05:05Z,2026-10-02,ANA @ VGK,bae72d1f63e132b366d199db2807c4df,sk_sog,under,Mark Stone,1.5,betonlineag,137,-179,oddsapi
2026-10-02T21:05:05Z,2026-10-02,ANA @ VGK,bae72d1f63e132b366d199db2807c4df,sk_sog,over,Jackson LaCombe,1.5,betonlineag,-133,103,oddsapi
2026-10-02T21:05:05Z,2026-10-02,ANA @ VGK,bae72d1f63e132b366d199db2807c4df,sk_sog,under,Jackson LaCombe,1.5,betonlineag,103,-133,oddsapi
2026-10-02T21:05:05Z,2026-10-02,ANA @ VGK,bae72d1f63e132b366d199db2807c4df,sk_sog,over,Tomas Hertl,2.5,betonlineag,130,-169,oddsapi
2026-10-02T21:05:05Z,2026-10-02,ANA @ VGK,bae72d1f63e132b366d199db2807c4df,sk_sog,under,Tomas Hertl,2.5,betonlineag,-169,130,oddsapi
2026-10-02T21:05:05Z,2026-10-02,ANA @ VGK,bae72d1f63e132b366d199db2807c4df,sk_sog,over,Beckett Sennecke,2.5,betonlineag,132,-172,oddsapi
2026-10-02T21:05:05Z,2026-10-02,ANA @ VGK,bae72d1f63e132b366d199db2807c4df,sk_sog,under,Beckett Sennecke,2.5,betonlineag,-172,132,oddsapi
2026-10-02T21:05:05Z,2026-10-02,ANA @ VGK,bae72d1f63e132b366d199db2807c4df,sk_sog,over,Cutter Gauthier,3.5,betonlineag,113,-147,oddsapi
2026-10-02T21:05:05Z,2026-10-02,ANA @ VGK,bae72d1f63e132b366d199db2807c4df,sk_sog,under,Cutter Gauthier,3.5,betonlineag,-147,113,oddsapi
2026-10-02T21:05:05Z,2026-10-02,ANA @ VGK,bae72d1f63e132b366d199db2807c4df,sk_sog,over,Leo Carlsson,2.5,betonlineag,117,-152,oddsapi
2026-10-02T21:05:05Z,2026-10-02,ANA @ VGK,bae72d1f63e132b366d199db2807c4df,sk_sog,under,Leo Carlsson,2.5,betonlineag,-152,117,oddsapi
2026-10-02T21:05:05Z,2026-10-02,ANA @ VGK,bae72d1f63e132b366d199db2807c4df,sk_sog,over,Mitch Marner,2.5,betonlineag,124,-161,oddsapi
2026-10-02T21:05:05Z,2026-10-02,ANA @ VGK,bae72d1f63e132b366d199db2807c4df,sk_sog,under,Mitch Marner,2.5,betonlineag,-161,124,oddsapi
2026-10-02T21:05:05Z,2026-10-02,ANA @ VGK,bae72d1f63e132b366d199db2807c4df,sk_sog,over,Mikael Granlund,1.5,betonlineag,-125,-103,oddsapi
2026-10-02T21:05:05Z,2026-10-02,ANA @ VGK,bae72d1f63e132b366d199db2807c4df,sk_sog,under,Mikael Granlund,1.5,betonlineag,-103,-125,oddsapi
2026-10-02T21:05:05Z,2026-10-02,ANA @ VGK,bae72d1f63e132b366d199db2807c4df,sk_sog,over,Rasmus Andersson,1.5,betonlineag,-145,111,oddsapi
2026-10-02T21:05:05Z,2026-10-02,ANA @ VGK,bae72d1f63e132b366d199db2807c4df,sk_sog,under,Rasmus Andersson,1.5,betonlineag,111,-145,oddsapi
2026-10-02T21:05:05Z,2026-10-02,ANA @ VGK,bae72d1f63e132b366d199db2807c4df,sk_sog,over,William Karlsson,1.5,betonlineag,-145,111,oddsapi
2026-10-02T21:05:05Z,2026-10-02,ANA @ VGK,bae72d1f63e132b366d199db2807c4df,sk_sog,under,William Karlsson,1.5,betonlineag,111,-145,oddsapi
2026-10-02T21:05:05Z,2026-10-02,ANA @ VGK,bae72d1f63e132b366d199db2807c4df,sk_sog,over,Ivan Barbashev,1.5,betonlineag,-115,-112,oddsapi
2026-10-02T21:05:05Z,2026-10-02,ANA @ VGK,bae72d1f63e132b366d199db2807c4df,sk_sog,under,Ivan Barbashev,1.5,betonlineag,-112,-115,oddsapi
2026-10-02T21:05:05Z,2026-10-02,ANA @ VGK,bae72d1f63e132b366d199db2807c4df,sk_sog,over,Alex Killorn,1.5,betonlineag,-133,103,oddsapi
2026-10-02T21:05:05Z,2026-10-02,ANA @ VGK,bae72d1f63e132b366d199db2807c4df,sk_sog,under,Alex Killorn,1.5,betonlineag,103,-133,oddsapi
2026-10-02T21:05:05Z,2026-10-02,ANA @ VGK,bae72d1f63e132b366d199db2807c4df,sk_sog,over,Brett Howden,1.5,betonlineag,-119,-109,oddsapi
2026-10-02T21:05:05Z,2026-10-02,ANA @ VGK,bae72d1f63e132b366d199db2807c4df,sk_sog,under,Brett Howden,1.5,betonlineag,-109,-119,oddsapi
2026-10-02T21:05:05Z,2026-10-02,ANA @ VGK,bae72d1f63e132b366d199db2807c4df,sk_sog,over,Trevor Connelly,1.5,betonlineag,-130,100,oddsapi
2026-10-02T21:05:05Z,2026-10-02,ANA @ VGK,bae72d1f63e132b366d199db2807c4df,sk_sog,under,Trevor Connelly,1.5,betonlineag,100,-130,oddsapi
2026-10-02T21:05:05Z,2026-10-02,ANA @ VGK,bae72d1f63e132b366d199db2807c4df,sk_sog,over,Ryan Poehling,1.5,betonlineag,100,-130,oddsapi
2026-10-02T21:05:05Z,2026-10-02,ANA @ VGK,bae72d1f63e132b366d199db2807c4df,sk_sog,under,Ryan Poehling,1.5,betonlineag,-130,100,oddsapi
2026-10-02T21:05:05Z,2026-10-02,ANA @ VGK,bae72d1f63e132b366d199db2807c4df,g_saves,over,Lukas Dostal,27.5,betonlineag,-118,-110,oddsapi
2026-10-02T21:05:05Z,2026-10-02,ANA @ VGK,bae72d1f63e132b366d199db2807c4df,g_saves,under,Lukas Dostal,27.5,betonlineag,-110,-118,oddsapi
2026-10-02T21:05:05Z,2026-10-02,ANA @ VGK,bae72d1f63e132b366d199db2807c4df,g_saves,over,Carter Hart,23.5,betonlineag,-125,-103,oddsapi
2026-10-02T21:05:05Z,2026-10-02,ANA @ VGK,bae72d1f63e132b366d199db2807c4df,g_saves,under,Carter Hart,23.5,betonlineag,-103,-125,oddsapi
2026-10-02T21:05:05Z,2026-10-02,ANA @ VGK,bae72d1f63e132b366d199db2807c4df,p1_pl,ANA,,0.5,betonlineag,-158,138,oddsapi
2026-10-02T21:05:05Z,2026-10-02,ANA @ VGK,bae72d1f63e132b366d199db2807c4df,p1_pl,VGK,,-0.5,betonlineag,138,-158,oddsapi
2026-10-02T21:05:05Z,2026-10-02,ANA @ VGK,bae72d1f63e132b366d199db2807c4df,team_total,over,ANA,2.5,betonlineag,-137,107,oddsapi
2026-10-02T21:05:05Z,2026-10-02,ANA @ VGK,bae72d1f63e132b366d199db2807c4df,team_total,under,ANA,2.5,betonlineag,107,-137,oddsapi
2026-10-02T21:05:05Z,2026-10-02,ANA @ VGK,bae72d1f63e132b366d199db2807c4df,team_total,over,VGK,3.5,betonlineag,-140,109,oddsapi
2026-10-02T21:05:05Z,2026-10-02,ANA @ VGK,bae72d1f63e132b366d199db2807c4df,team_total,under,VGK,3.5,betonlineag,109,-140,oddsapi
2026-10-02T21:05:05Z,2026-10-02,ANA @ VGK,bae72d1f63e132b366d199db2807c4df,p1_total,over,,1.5,betonlineag,-145,125,oddsapi
2026-10-02T21:05:05Z,2026-10-02,ANA @ VGK,bae72d1f63e132b366d199db2807c4df,p1_total,under,,1.5,betonlineag,125,-145,oddsapi
2026-10-02T21:05:05Z,2026-10-02,ANA @ VGK,bae72d1f63e132b366d199db2807c4df,team_total_alt,over,ANA,0.5,betmgm,-2500,750,oddsapi
2026-10-02T21:05:05Z,2026-10-02,ANA @ VGK,bae72d1f63e132b366d199db2807c4df,team_total_alt,under,ANA,0.5,betmgm,750,-2500,oddsapi
2026-10-02T21:05:05Z,2026-10-02,ANA @ VGK,bae72d1f63e132b366d199db2807c4df,team_total_alt,over,ANA,1,betmgm,-1600,650,oddsapi
2026-10-02T21:05:05Z,2026-10-02,ANA @ VGK,bae72d1f63e132b366d199db2807c4df,team_total_alt,under,ANA,1,betmgm,650,-1600,oddsapi
2026-10-02T21:05:05Z,2026-10-02,ANA @ VGK,bae72d1f63e132b366d199db2807c4df,team_total_alt,over,ANA,1.5,betmgm,-350,240,oddsapi
2026-10-02T21:05:05Z,2026-10-02,ANA @ VGK,bae72d1f63e132b366d199db2807c4df,team_total_alt,under,ANA,1.5,betmgm,240,-350,oddsapi
2026-10-02T21:05:05Z,2026-10-02,ANA @ VGK,bae72d1f63e132b366d199db2807c4df,team_total_alt,over,ANA,2,betmgm,-250,175,oddsapi
2026-10-02T21:05:05Z,2026-10-02,ANA @ VGK,bae72d1f63e132b366d199db2807c4df,team_total_alt,under,ANA,2,betmgm,175,-250,oddsapi
2026-10-02T21:05:05Z,2026-10-02,ANA @ VGK,bae72d1f63e132b366d199db2807c4df,team_total_alt,over,ANA,2.5,betmgm,-135,-102,oddsapi
2026-10-02T21:05:05Z,2026-10-02,ANA @ VGK,bae72d1f63e132b366d199db2807c4df,team_total_alt,under,ANA,2.5,betmgm,-102,-135,oddsapi
2026-10-02T21:05:05Z,2026-10-02,ANA @ VGK,bae72d1f63e132b366d199db2807c4df,team_total_alt,over,ANA,3,betmgm,118,-160,oddsapi
2026-10-02T21:05:05Z,2026-10-02,ANA @ VGK,bae72d1f63e132b366d199db2807c4df,team_total_alt,under,ANA,3,betmgm,-160,118,oddsapi
2026-10-02T21:05:05Z,2026-10-02,ANA @ VGK,bae72d1f63e132b366d199db2807c4df,team_total_alt,over,ANA,3.5,betmgm,165,-235,oddsapi
2026-10-02T21:05:05Z,2026-10-02,ANA @ VGK,bae72d1f63e132b366d199db2807c4df,team_total_alt,under,ANA,3.5,betmgm,-235,165,oddsapi
2026-10-02T21:05:05Z,2026-10-02,ANA @ VGK,bae72d1f63e132b366d199db2807c4df,team_total_alt,over,ANA,4,betmgm,290,-475,oddsapi
2026-10-02T21:05:05Z,2026-10-02,ANA @ VGK,bae72d1f63e132b366d199db2807c4df,team_total_alt,under,ANA,4,betmgm,-475,290,oddsapi
2026-10-02T21:05:05Z,2026-10-02,ANA @ VGK,bae72d1f63e132b366d199db2807c4df,team_total_alt,over,ANA,4.5,betmgm,350,-625,oddsapi
2026-10-02T21:05:05Z,2026-10-02,ANA @ VGK,bae72d1f63e132b366d199db2807c4df,team_total_alt,under,ANA,4.5,betmgm,-625,350,oddsapi
2026-10-02T21:05:05Z,2026-10-02,ANA @ VGK,bae72d1f63e132b366d199db2807c4df,team_total_alt,over,VGK,2,betmgm,-1000,475,oddsapi
2026-10-02T21:05:05Z,2026-10-02,ANA @ VGK,bae72d1f63e132b366d199db2807c4df,team_total_alt,under,VGK,2,betmgm,475,-1000,oddsapi
2026-10-02T21:05:05Z,2026-10-02,ANA @ VGK,bae72d1f63e132b366d199db2807c4df,team_total_alt,over,VGK,2.5,betmgm,-350,240,oddsapi
2026-10-02T21:05:05Z,2026-10-02,ANA @ VGK,bae72d1f63e132b366d199db2807c4df,team_total_alt,under,VGK,2.5,betmgm,240,-350,oddsapi
2026-10-02T21:05:05Z,2026-10-02,ANA @ VGK,bae72d1f63e132b366d199db2807c4df,team_total_alt,over,VGK,3,betmgm,-275,190,oddsapi
2026-10-02T21:05:05Z,2026-10-02,ANA @ VGK,bae72d1f63e132b366d199db2807c4df,team_total_alt,under,VGK,3,betmgm,190,-275,oddsapi
2026-10-02T21:05:05Z,2026-10-02,ANA @ VGK,bae72d1f63e132b366d199db2807c4df,team_total_alt,over,VGK,3.5,betmgm,-155,110,oddsapi
2026-10-02T21:05:05Z,2026-10-02,ANA @ VGK,bae72d1f63e132b366d199db2807c4df,team_total_alt,under,VGK,3.5,betmgm,110,-155,oddsapi
2026-10-02T21:05:05Z,2026-10-02,ANA @ VGK,bae72d1f63e132b366d199db2807c4df,team_total_alt,over,VGK,4,betmgm,100,-140,oddsapi
2026-10-02T21:05:05Z,2026-10-02,ANA @ VGK,bae72d1f63e132b366d199db2807c4df,team_total_alt,under,VGK,4,betmgm,-140,100,oddsapi
2026-10-02T21:05:05Z,2026-10-02,ANA @ VGK,bae72d1f63e132b366d199db2807c4df,team_total_alt,over,VGK,4.5,betmgm,140,-200,oddsapi
2026-10-02T21:05:05Z,2026-10-02,ANA @ VGK,bae72d1f63e132b366d199db2807c4df,team_total_alt,under,VGK,4.5,betmgm,-200,140,oddsapi
2026-10-02T21:05:05Z,2026-10-02,ANA @ VGK,bae72d1f63e132b366d199db2807c4df,team_total_alt,over,VGK,5.5,betmgm,310,-500,oddsapi
2026-10-02T21:05:05Z,2026-10-02,ANA @ VGK,bae72d1f63e132b366d199db2807c4df,team_total_alt,under,VGK,5.5,betmgm,-500,310,oddsapi
2026-10-02T21:05:05Z,2026-10-02,ANA @ VGK,bae72d1f63e132b366d199db2807c4df,team_total_alt,over,VGK,5,betmgm,250,-375,oddsapi
2026-10-02T21:05:05Z,2026-10-02,ANA @ VGK,bae72d1f63e132b366d199db2807c4df,team_total_alt,under,VGK,5,betmgm,-375,250,oddsapi
2026-10-02T21:05:05Z,2026-10-02,ANA @ VGK,bae72d1f63e132b366d199db2807c4df,team_total_alt,over,VGK,6,betmgm,575,-1400,oddsapi
2026-10-02T21:05:05Z,2026-10-02,ANA @ VGK,bae72d1f63e132b366d199db2807c4df,team_total_alt,under,VGK,6,betmgm,-1400,575,oddsapi
2026-10-02T21:05:05Z,2026-10-02,ANA @ VGK,bae72d1f63e132b366d199db2807c4df,game_ml3,ANA,,,betmgm,260,,oddsapi
2026-10-02T21:05:05Z,2026-10-02,ANA @ VGK,bae72d1f63e132b366d199db2807c4df,game_ml3,VGK,,,betmgm,-135,,oddsapi
2026-10-02T21:05:05Z,2026-10-02,ANA @ VGK,bae72d1f63e132b366d199db2807c4df,game_ml3,draw,,,betmgm,333,,oddsapi
2026-10-02T21:05:05Z,2026-10-02,ANA @ VGK,bae72d1f63e132b366d199db2807c4df,p1_ml3,ANA,,,betmgm,230,,oddsapi
2026-10-02T21:05:05Z,2026-10-02,ANA @ VGK,bae72d1f63e132b366d199db2807c4df,p1_ml3,VGK,,,betmgm,115,,oddsapi
2026-10-02T21:05:05Z,2026-10-02,ANA @ VGK,bae72d1f63e132b366d199db2807c4df,p1_ml3,draw,,,betmgm,195,,oddsapi
2026-10-02T21:05:05Z,2026-10-02,ANA @ VGK,bae72d1f63e132b366d199db2807c4df,p2_ml3,ANA,,,betmgm,225,,oddsapi
2026-10-02T21:05:05Z,2026-10-02,ANA @ VGK,bae72d1f63e132b366d199db2807c4df,p2_ml3,VGK,,,betmgm,105,,oddsapi
2026-10-02T21:05:05Z,2026-10-02,ANA @ VGK,bae72d1f63e132b366d199db2807c4df,p2_ml3,draw,,,betmgm,220,,oddsapi
2026-10-02T21:05:05Z,2026-10-02,ANA @ VGK,bae72d1f63e132b366d199db2807c4df,p3_ml3,ANA,,,betmgm,220,,oddsapi
2026-10-02T21:05:05Z,2026-10-02,ANA @ VGK,bae72d1f63e132b366d199db2807c4df,p3_ml3,VGK,,,betmgm,-105,,oddsapi
2026-10-02T21:05:05Z,2026-10-02,ANA @ VGK,bae72d1f63e132b366d199db2807c4df,p3_ml3,draw,,,betmgm,250,,oddsapi
2026-10-02T21:05:05Z,2026-10-02,ANA @ VGK,bae72d1f63e132b366d199db2807c4df,p1_ml,ANA,,,betmgm,140,-185,oddsapi
2026-10-02T21:05:05Z,2026-10-02,ANA @ VGK,bae72d1f63e132b366d199db2807c4df,p1_ml,VGK,,,betmgm,-185,140,oddsapi
2026-10-02T21:05:05Z,2026-10-02,ANA @ VGK,bae72d1f63e132b366d199db2807c4df,p2_ml,ANA,,,betmgm,135,-190,oddsapi
2026-10-02T21:05:05Z,2026-10-02,ANA @ VGK,bae72d1f63e132b366d199db2807c4df,p2_ml,VGK,,,betmgm,-190,135,oddsapi
2026-10-02T21:05:05Z,2026-10-02,ANA @ VGK,bae72d1f63e132b366d199db2807c4df,p3_ml,ANA,,,betmgm,140,-200,oddsapi
2026-10-02T21:05:05Z,2026-10-02,ANA @ VGK,bae72d1f63e132b366d199db2807c4df,p3_ml,VGK,,,betmgm,-200,140,oddsapi
2026-10-02T21:05:05Z,2026-10-02,ANA @ VGK,bae72d1f63e132b366d199db2807c4df,ags,yes,Jack Eichel,,betmgm,160,,oddsapi
2026-10-02T21:05:05Z,2026-10-02,ANA @ VGK,bae72d1f63e132b366d199db2807c4df,ags,yes,Mark Stone,,betmgm,160,,oddsapi
2026-10-02T21:05:05Z,2026-10-02,ANA @ VGK,bae72d1f63e132b366d199db2807c4df,ags,yes,Cutter Gauthier,,betmgm,170,,oddsapi
2026-10-02T21:05:05Z,2026-10-02,ANA @ VGK,bae72d1f63e132b366d199db2807c4df,ags,yes,Mitch Marner,,betmgm,175,,oddsapi
2026-10-02T21:05:05Z,2026-10-02,ANA @ VGK,bae72d1f63e132b366d199db2807c4df,ags,yes,Leo Carlsson,,betmgm,200,,oddsapi
2026-10-02T21:05:05Z,2026-10-02,ANA @ VGK,bae72d1f63e132b366d199db2807c4df,ags,yes,Tomas Hertl,,betmgm,200,,oddsapi
2026-10-02T21:05:05Z,2026-10-02,ANA @ VGK,bae72d1f63e132b366d199db2807c4df,ags,yes,Ivan Barbashev,,betmgm,230,,oddsapi
2026-10-02T21:05:05Z,2026-10-02,ANA @ VGK,bae72d1f63e132b366d199db2807c4df,ags,yes,Beckett Sennecke,,betmgm,230,,oddsapi
2026-10-02T21:05:05Z,2026-10-02,ANA @ VGK,bae72d1f63e132b366d199db2807c4df,ags,yes,Mikael Granlund,,betmgm,275,,oddsapi
2026-10-02T21:05:05Z,2026-10-02,ANA @ VGK,bae72d1f63e132b366d199db2807c4df,ags,yes,William Karlsson,,betmgm,280,,oddsapi
2026-10-02T21:05:05Z,2026-10-02,ANA @ VGK,bae72d1f63e132b366d199db2807c4df,ags,yes,Brett Howden,,betmgm,290,,oddsapi
2026-10-02T21:05:05Z,2026-10-02,ANA @ VGK,bae72d1f63e132b366d199db2807c4df,ags,yes,Victor Olofsson,,betmgm,300,,oddsapi
2026-10-02T21:05:05Z,2026-10-02,ANA @ VGK,bae72d1f63e132b366d199db2807c4df,ags,yes,Alex Killorn,,betmgm,350,,oddsapi
2026-10-02T21:05:05Z,2026-10-02,ANA @ VGK,bae72d1f63e132b366d199db2807c4df,ags,yes,Trevor Connelly,,betmgm,375,,oddsapi
2026-10-02T21:05:05Z,2026-10-02,ANA @ VGK,bae72d1f63e132b366d199db2807c4df,ags,yes,Shea Theodore,,betmgm,400,,oddsapi
2026-10-02T21:05:05Z,2026-10-02,ANA @ VGK,bae72d1f63e132b366d199db2807c4df,ags,yes,Ryan Poehling,,betmgm,450,,oddsapi
2026-10-02T21:05:05Z,2026-10-02,ANA @ VGK,bae72d1f63e132b366d199db2807c4df,ags,yes,Rasmus Andersson,,betmgm,450,,oddsapi
2026-10-02T21:05:05Z,2026-10-02,ANA @ VGK,bae72d1f63e132b366d199db2807c4df,ags,yes,Braeden Bowman,,betmgm,450,,oddsapi
2026-10-02T21:05:05Z,2026-10-02,ANA @ VGK,bae72d1f63e132b366d199db2807c4df,ags,yes,Frank Vatrano,,betmgm,475,,oddsapi
2026-10-02T21:05:05Z,2026-10-02,ANA @ VGK,bae72d1f63e132b366d199db2807c4df,ags,yes,Jackson LaCombe,,betmgm,525,,oddsapi
2026-10-02T21:05:05Z,2026-10-02,ANA @ VGK,bae72d1f63e132b366d199db2807c4df,ags,yes,Nikita Nesterenko,,betmgm,650,,oddsapi
2026-10-02T21:05:05Z,2026-10-02,ANA @ VGK,bae72d1f63e132b366d199db2807c4df,ags,yes,Nic Dowd,,betmgm,700,,oddsapi
2026-10-02T21:05:05Z,2026-10-02,ANA @ VGK,bae72d1f63e132b366d199db2807c4df,ags,yes,Marc Gatcomb,,betmgm,725,,oddsapi
2026-10-02T21:05:05Z,2026-10-02,ANA @ VGK,bae72d1f63e132b366d199db2807c4df,ags,yes,Tim Washe,,betmgm,800,,oddsapi
2026-10-02T21:05:05Z,2026-10-02,ANA @ VGK,bae72d1f63e132b366d199db2807c4df,ags,yes,Tristan Luneau,,betmgm,825,,oddsapi
2026-10-02T21:05:05Z,2026-10-02,ANA @ VGK,bae72d1f63e132b366d199db2807c4df,ags,yes,Pavel Mintyukov,,betmgm,900,,oddsapi
2026-10-02T21:05:05Z,2026-10-02,ANA @ VGK,bae72d1f63e132b366d199db2807c4df,ags,yes,Noah Hanifin,,betmgm,1000,,oddsapi
2026-10-02T21:05:05Z,2026-10-02,ANA @ VGK,bae72d1f63e132b366d199db2807c4df,ags,yes,Brayden McNabb,,betmgm,1050,,oddsapi
2026-10-02T21:05:05Z,2026-10-02,ANA @ VGK,bae72d1f63e132b366d199db2807c4df,ags,yes,Parker Wotherspoon,,betmgm,1300,,oddsapi
2026-10-02T21:05:05Z,2026-10-02,ANA @ VGK,bae72d1f63e132b366d199db2807c4df,ags,yes,Tyson Hinds,,betmgm,1350,,oddsapi
2026-10-02T21:05:05Z,2026-10-02,ANA @ VGK,bae72d1f63e132b366d199db2807c4df,ags,yes,Jeremy Lauzon,,betmgm,1400,,oddsapi
2026-10-02T21:05:05Z,2026-10-02,ANA @ VGK,bae72d1f63e132b366d199db2807c4df,fgs,yes,Mark Stone,,betmgm,1050,,oddsapi
2026-10-02T21:05:05Z,2026-10-02,ANA @ VGK,bae72d1f63e132b366d199db2807c4df,fgs,yes,Cutter Gauthier,,betmgm,1150,,oddsapi
2026-10-02T21:05:05Z,2026-10-02,ANA @ VGK,bae72d1f63e132b366d199db2807c4df,fgs,yes,Mitch Marner,,betmgm,1150,,oddsapi
2026-10-02T21:05:05Z,2026-10-02,ANA @ VGK,bae72d1f63e132b366d199db2807c4df,fgs,yes,Jack Eichel,,betmgm,1150,,oddsapi
2026-10-02T21:05:05Z,2026-10-02,ANA @ VGK,bae72d1f63e132b366d199db2807c4df,fgs,yes,Leo Carlsson,,betmgm,1350,,oddsapi
2026-10-02T21:05:05Z,2026-10-02,ANA @ VGK,bae72d1f63e132b366d199db2807c4df,fgs,yes,Tomas Hertl,,betmgm,1350,,oddsapi
2026-10-02T21:05:05Z,2026-10-02,ANA @ VGK,bae72d1f63e132b366d199db2807c4df,fgs,yes,Beckett Sennecke,,betmgm,1550,,oddsapi
2026-10-02T21:05:05Z,2026-10-02,ANA @ VGK,bae72d1f63e132b366d199db2807c4df,fgs,yes,Ivan Barbashev,,betmgm,1650,,oddsapi
2026-10-02T21:05:05Z,2026-10-02,ANA @ VGK,bae72d1f63e132b366d199db2807c4df,fgs,yes,Mikael Granlund,,betmgm,1800,,oddsapi
2026-10-02T21:05:05Z,2026-10-02,ANA @ VGK,bae72d1f63e132b366d199db2807c4df,fgs,yes,Brett Howden,,betmgm,1900,,oddsapi
2026-10-02T21:05:05Z,2026-10-02,ANA @ VGK,bae72d1f63e132b366d199db2807c4df,fgs,yes,Victor Olofsson,,betmgm,1900,,oddsapi
2026-10-02T21:05:05Z,2026-10-02,ANA @ VGK,bae72d1f63e132b366d199db2807c4df,fgs,yes,Trevor Connelly,,betmgm,2000,,oddsapi
2026-10-02T21:05:05Z,2026-10-02,ANA @ VGK,bae72d1f63e132b366d199db2807c4df,fgs,yes,William Karlsson,,betmgm,2200,,oddsapi
2026-10-02T21:05:05Z,2026-10-02,ANA @ VGK,bae72d1f63e132b366d199db2807c4df,fgs,yes,Alex Killorn,,betmgm,2200,,oddsapi
2026-10-02T21:05:05Z,2026-10-02,ANA @ VGK,bae72d1f63e132b366d199db2807c4df,fgs,yes,Shea Theodore,,betmgm,2500,,oddsapi
2026-10-02T21:05:05Z,2026-10-02,ANA @ VGK,bae72d1f63e132b366d199db2807c4df,fgs,yes,Ryan Poehling,,betmgm,2500,,oddsapi
2026-10-02T21:05:05Z,2026-10-02,ANA @ VGK,bae72d1f63e132b366d199db2807c4df,fgs,yes,Rasmus Andersson,,betmgm,2500,,oddsapi
2026-10-02T21:05:05Z,2026-10-02,ANA @ VGK,bae72d1f63e132b366d199db2807c4df,fgs,yes,Braeden Bowman,,betmgm,2800,,oddsapi
2026-10-02T21:05:05Z,2026-10-02,ANA @ VGK,bae72d1f63e132b366d199db2807c4df,fgs,yes,Frank Vatrano,,betmgm,3000,,oddsapi
2026-10-02T21:05:05Z,2026-10-02,ANA @ VGK,bae72d1f63e132b366d199db2807c4df,fgs,yes,Jackson LaCombe,,betmgm,3300,,oddsapi
2026-10-02T21:05:05Z,2026-10-02,ANA @ VGK,bae72d1f63e132b366d199db2807c4df,fgs,yes,Nikita Nesterenko,,betmgm,4000,,oddsapi
2026-10-02T21:05:05Z,2026-10-02,ANA @ VGK,bae72d1f63e132b366d199db2807c4df,fgs,yes,Marc Gatcomb,,betmgm,4000,,oddsapi
2026-10-02T21:05:05Z,2026-10-02,ANA @ VGK,bae72d1f63e132b366d199db2807c4df,fgs,yes,Nic Dowd,,betmgm,4000,,oddsapi
2026-10-02T21:05:05Z,2026-10-02,ANA @ VGK,bae72d1f63e132b366d199db2807c4df,fgs,yes,Tristan Luneau,,betmgm,5000,,oddsapi
2026-10-02T21:05:05Z,2026-10-02,ANA @ VGK,bae72d1f63e132b366d199db2807c4df,fgs,yes,Tim Washe,,betmgm,5500,,oddsapi
2026-10-02T21:05:05Z,2026-10-02,ANA @ VGK,bae72d1f63e132b366d199db2807c4df,fgs,yes,Pavel Mintyukov,,betmgm,6600,,oddsapi
2026-10-02T21:05:05Z,2026-10-02,ANA @ VGK,bae72d1f63e132b366d199db2807c4df,fgs,yes,Brayden McNabb,,betmgm,6600,,oddsapi
2026-10-02T21:05:05Z,2026-10-02,ANA @ VGK,bae72d1f63e132b366d199db2807c4df,fgs,yes,Noah Hanifin,,betmgm,6600,,oddsapi
2026-10-02T21:05:05Z,2026-10-02,ANA @ VGK,bae72d1f63e132b366d199db2807c4df,fgs,yes,Tyson Hinds,,betmgm,8000,,oddsapi
2026-10-02T21:05:05Z,2026-10-02,ANA @ VGK,bae72d1f63e132b366d199db2807c4df,fgs,yes,Parker Wotherspoon,,betmgm,10000,,oddsapi
2026-10-02T21:05:05Z,2026-10-02,ANA @ VGK,bae72d1f63e132b366d199db2807c4df,fgs,yes,Jeremy Lauzon,,betmgm,10000,,oddsapi
2026-10-02T21:05:05Z,2026-10-02,ANA @ VGK,bae72d1f63e132b366d199db2807c4df,p1_pl,ANA,,2,betmgm,-2500,875,oddsapi
2026-10-02T21:05:05Z,2026-10-02,ANA @ VGK,bae72d1f63e132b366d199db2807c4df,p1_pl,VGK,,-2,betmgm,875,-2500,oddsapi
2026-10-02T21:05:05Z,2026-10-02,ANA @ VGK,bae72d1f63e132b366d199db2807c4df,p2_pl,ANA,,2,betmgm,-2000,675,oddsapi
2026-10-02T21:05:05Z,2026-10-02,ANA @ VGK,bae72d1f63e132b366d199db2807c4df,p2_pl,VGK,,-2,betmgm,675,-2000,oddsapi
2026-10-02T21:05:05Z,2026-10-02,ANA @ VGK,bae72d1f63e132b366d199db2807c4df,p3_pl,ANA,,2,betmgm,-1400,600,oddsapi
2026-10-02T21:05:05Z,2026-10-02,ANA @ VGK,bae72d1f63e132b366d199db2807c4df,p3_pl,VGK,,-2,betmgm,600,-1400,oddsapi
2026-10-02T21:05:05Z,2026-10-02,ANA @ VGK,bae72d1f63e132b366d199db2807c4df,team_total,over,ANA,2.5,betmgm,-135,-102,oddsapi
2026-10-02T21:05:05Z,2026-10-02,ANA @ VGK,bae72d1f63e132b366d199db2807c4df,team_total,under,ANA,2.5,betmgm,-102,-135,oddsapi
2026-10-02T21:05:05Z,2026-10-02,ANA @ VGK,bae72d1f63e132b366d199db2807c4df,team_total,over,VGK,4,betmgm,100,-140,oddsapi
2026-10-02T21:05:05Z,2026-10-02,ANA @ VGK,bae72d1f63e132b366d199db2807c4df,team_total,under,VGK,4,betmgm,-140,100,oddsapi
2026-10-02T21:05:05Z,2026-10-02,ANA @ VGK,bae72d1f63e132b366d199db2807c4df,p1_total,over,,2.5,betmgm,200,-275,oddsapi
2026-10-02T21:05:05Z,2026-10-02,ANA @ VGK,bae72d1f63e132b366d199db2807c4df,p1_total,under,,2.5,betmgm,-275,200,oddsapi
2026-10-02T21:05:05Z,2026-10-02,ANA @ VGK,bae72d1f63e132b366d199db2807c4df,p2_total,over,,3,betmgm,260,-400,oddsapi
2026-10-02T21:05:05Z,2026-10-02,ANA @ VGK,bae72d1f63e132b366d199db2807c4df,p2_total,under,,3,betmgm,-400,260,oddsapi
2026-10-02T21:05:05Z,2026-10-02,ANA @ VGK,bae72d1f63e132b366d199db2807c4df,p3_total,over,,3,betmgm,225,-325,oddsapi
2026-10-02T21:05:05Z,2026-10-02,ANA @ VGK,bae72d1f63e132b366d199db2807c4df,p3_total,under,,3,betmgm,-325,225,oddsapi
2026-10-02T21:05:05Z,2026-10-02,ANA @ VGK,bae72d1f63e132b366d199db2807c4df,p1_ml,ANA,,,betus,130,-160,oddsapi
2026-10-02T21:05:05Z,2026-10-02,ANA @ VGK,bae72d1f63e132b366d199db2807c4df,p1_ml,VGK,,,betus,-160,130,oddsapi
2026-10-02T21:05:05Z,2026-10-02,ANA @ VGK,bae72d1f63e132b366d199db2807c4df,p1_pl,ANA,,0.5,betus,-160,130,oddsapi
2026-10-02T21:05:05Z,2026-10-02,ANA @ VGK,bae72d1f63e132b366d199db2807c4df,p1_pl,VGK,,-0.5,betus,130,-160,oddsapi
2026-10-02T21:05:05Z,2026-10-02,ANA @ VGK,bae72d1f63e132b366d199db2807c4df,p1_total,over,,1.5,betus,-145,115,oddsapi
2026-10-02T21:05:05Z,2026-10-02,ANA @ VGK,bae72d1f63e132b366d199db2807c4df,p1_total,under,,1.5,betus,115,-145,oddsapi
2026-10-02T21:05:05Z,2026-10-02,ANA @ VGK,bae72d1f63e132b366d199db2807c4df,game_pl_alt,ANA,,-1.5,bovada,360,-575,oddsapi
2026-10-02T21:05:05Z,2026-10-02,ANA @ VGK,bae72d1f63e132b366d199db2807c4df,game_pl_alt,ANA,,-2.5,bovada,575,-1100,oddsapi
2026-10-02T21:05:05Z,2026-10-02,ANA @ VGK,bae72d1f63e132b366d199db2807c4df,game_pl_alt,ANA,,2.5,bovada,-275,200,oddsapi
2026-10-02T21:05:05Z,2026-10-02,ANA @ VGK,bae72d1f63e132b366d199db2807c4df,game_pl_alt,VGK,,1.5,bovada,-575,360,oddsapi
2026-10-02T21:05:05Z,2026-10-02,ANA @ VGK,bae72d1f63e132b366d199db2807c4df,game_pl_alt,VGK,,2.5,bovada,-1100,575,oddsapi
2026-10-02T21:05:05Z,2026-10-02,ANA @ VGK,bae72d1f63e132b366d199db2807c4df,game_pl_alt,VGK,,-2.5,bovada,200,-275,oddsapi
2026-10-02T21:05:05Z,2026-10-02,ANA @ VGK,bae72d1f63e132b366d199db2807c4df,team_total_alt,over,ANA,2.5,bovada,-135,105,oddsapi
2026-10-02T21:05:05Z,2026-10-02,ANA @ VGK,bae72d1f63e132b366d199db2807c4df,team_total_alt,under,ANA,2.5,bovada,105,-135,oddsapi
2026-10-02T21:05:05Z,2026-10-02,ANA @ VGK,bae72d1f63e132b366d199db2807c4df,team_total_alt,over,VGK,3.5,bovada,-135,105,oddsapi
2026-10-02T21:05:05Z,2026-10-02,ANA @ VGK,bae72d1f63e132b366d199db2807c4df,team_total_alt,under,VGK,3.5,bovada,105,-135,oddsapi
2026-10-02T21:05:05Z,2026-10-02,ANA @ VGK,bae72d1f63e132b366d199db2807c4df,game_total_alt,over,,4.5,bovada,-650,400,oddsapi
2026-10-02T21:05:05Z,2026-10-02,ANA @ VGK,bae72d1f63e132b366d199db2807c4df,game_total_alt,over,,5.5,bovada,-210,160,oddsapi
2026-10-02T21:05:05Z,2026-10-02,ANA @ VGK,bae72d1f63e132b366d199db2807c4df,game_total_alt,over,,6,bovada,-170,130,oddsapi
2026-10-02T21:05:05Z,2026-10-02,ANA @ VGK,bae72d1f63e132b366d199db2807c4df,game_total_alt,over,,7,bovada,135,-175,oddsapi
2026-10-02T21:05:05Z,2026-10-02,ANA @ VGK,bae72d1f63e132b366d199db2807c4df,game_total_alt,over,,7.5,bovada,180,-240,oddsapi
2026-10-02T21:05:05Z,2026-10-02,ANA @ VGK,bae72d1f63e132b366d199db2807c4df,game_total_alt,over,,8.5,bovada,255,-360,oddsapi
2026-10-02T21:05:05Z,2026-10-02,ANA @ VGK,bae72d1f63e132b366d199db2807c4df,game_total_alt,under,,4.5,bovada,400,-650,oddsapi
2026-10-02T21:05:05Z,2026-10-02,ANA @ VGK,bae72d1f63e132b366d199db2807c4df,game_total_alt,under,,5.5,bovada,160,-210,oddsapi
2026-10-02T21:05:05Z,2026-10-02,ANA @ VGK,bae72d1f63e132b366d199db2807c4df,game_total_alt,under,,6,bovada,130,-170,oddsapi
2026-10-02T21:05:05Z,2026-10-02,ANA @ VGK,bae72d1f63e132b366d199db2807c4df,game_total_alt,under,,7,bovada,-175,135,oddsapi
2026-10-02T21:05:05Z,2026-10-02,ANA @ VGK,bae72d1f63e132b366d199db2807c4df,game_total_alt,under,,7.5,bovada,-240,180,oddsapi
2026-10-02T21:05:05Z,2026-10-02,ANA @ VGK,bae72d1f63e132b366d199db2807c4df,game_total_alt,under,,8.5,bovada,-360,255,oddsapi
2026-10-02T21:05:05Z,2026-10-02,ANA @ VGK,bae72d1f63e132b366d199db2807c4df,game_ml3,ANA,,,bovada,240,,oddsapi
2026-10-02T21:05:05Z,2026-10-02,ANA @ VGK,bae72d1f63e132b366d199db2807c4df,game_ml3,VGK,,,bovada,-124,,oddsapi
2026-10-02T21:05:05Z,2026-10-02,ANA @ VGK,bae72d1f63e132b366d199db2807c4df,game_ml3,draw,,,bovada,340,,oddsapi
2026-10-02T21:05:05Z,2026-10-02,ANA @ VGK,bae72d1f63e132b366d199db2807c4df,p1_ml3,ANA,,,bovada,235,,oddsapi
2026-10-02T21:05:05Z,2026-10-02,ANA @ VGK,bae72d1f63e132b366d199db2807c4df,p1_ml3,VGK,,,bovada,132,,oddsapi
2026-10-02T21:05:05Z,2026-10-02,ANA @ VGK,bae72d1f63e132b366d199db2807c4df,p1_ml3,draw,,,bovada,190,,oddsapi
2026-10-02T21:05:05Z,2026-10-02,ANA @ VGK,bae72d1f63e132b366d199db2807c4df,p1_ml,ANA,,,bovada,130,-170,oddsapi
2026-10-02T21:05:05Z,2026-10-02,ANA @ VGK,bae72d1f63e132b366d199db2807c4df,p1_ml,VGK,,,bovada,-170,130,oddsapi
2026-10-02T21:05:05Z,2026-10-02,ANA @ VGK,bae72d1f63e132b366d199db2807c4df,p2_ml,ANA,,,bovada,130,-170,oddsapi
2026-10-02T21:05:05Z,2026-10-02,ANA @ VGK,bae72d1f63e132b366d199db2807c4df,p2_ml,VGK,,,bovada,-170,130,oddsapi
2026-10-02T21:05:05Z,2026-10-02,ANA @ VGK,bae72d1f63e132b366d199db2807c4df,p3_ml,ANA,,,bovada,135,-180,oddsapi
2026-10-02T21:05:05Z,2026-10-02,ANA @ VGK,bae72d1f63e132b366d199db2807c4df,p3_ml,VGK,,,bovada,-180,135,oddsapi
2026-10-02T21:05:05Z,2026-10-02,ANA @ VGK,bae72d1f63e132b366d199db2807c4df,ags,yes,Victor Olofsson,,bovada,320,,oddsapi
2026-10-02T21:05:05Z,2026-10-02,ANA @ VGK,bae72d1f63e132b366d199db2807c4df,ags,yes,Ryan Poehling,,bovada,435,,oddsapi
2026-10-02T21:05:05Z,2026-10-02,ANA @ VGK,bae72d1f63e132b366d199db2807c4df,ags,yes,Nikita Nesterenko,,bovada,625,,oddsapi
2026-10-02T21:05:05Z,2026-10-02,ANA @ VGK,bae72d1f63e132b366d199db2807c4df,ags,yes,Brett Howden,,bovada,290,,oddsapi
2026-10-02T21:05:05Z,2026-10-02,ANA @ VGK,bae72d1f63e132b366d199db2807c4df,ags,yes,Rasmus Andersson,,bovada,475,,oddsapi
2026-10-02T21:05:05Z,2026-10-02,ANA @ VGK,bae72d1f63e132b366d199db2807c4df,ags,yes,Jeremy Lauzon,,bovada,1500,,oddsapi
2026-10-02T21:05:05Z,2026-10-02,ANA @ VGK,bae72d1f63e132b366d199db2807c4df,ags,yes,Shea Theodore,,bovada,385,,oddsapi
2026-10-02T21:05:05Z,2026-10-02,ANA @ VGK,bae72d1f63e132b366d199db2807c4df,ags,yes,Cutter Gauthier,,bovada,168,,oddsapi
2026-10-02T21:05:05Z,2026-10-02,ANA @ VGK,bae72d1f63e132b366d199db2807c4df,ags,yes,Parker Wotherspoon,,bovada,1500,,oddsapi
2026-10-02T21:05:05Z,2026-10-02,ANA @ VGK,bae72d1f63e132b366d199db2807c4df,ags,yes,Braeden Bowman,,bovada,450,,oddsapi
2026-10-02T21:05:05Z,2026-10-02,ANA @ VGK,bae72d1f63e132b366d199db2807c4df,ags,yes,Trevor Connelly,,bovada,365,,oddsapi
2026-10-02T21:05:05Z,2026-10-02,ANA @ VGK,bae72d1f63e132b366d199db2807c4df,ags,yes,Tomas Hertl,,bovada,210,,oddsapi
2026-10-02T21:05:05Z,2026-10-02,ANA @ VGK,bae72d1f63e132b366d199db2807c4df,ags,yes,Beckett Sennecke,,bovada,225,,oddsapi
2026-10-02T21:05:05Z,2026-10-02,ANA @ VGK,bae72d1f63e132b366d199db2807c4df,ags,yes,Jackson LaCombe,,bovada,525,,oddsapi
2026-10-02T21:05:05Z,2026-10-02,ANA @ VGK,bae72d1f63e132b366d199db2807c4df,ags,yes,Ivan Barbashev,,bovada,235,,oddsapi
2026-10-02T21:05:05Z,2026-10-02,ANA @ VGK,bae72d1f63e132b366d199db2807c4df,ags,yes,Pavel Mintyukov,,bovada,900,,oddsapi
2026-10-02T21:05:05Z,2026-10-02,ANA @ VGK,bae72d1f63e132b366d199db2807c4df,ags,yes,Frank Vatrano,,bovada,450,,oddsapi
2026-10-02T21:05:05Z,2026-10-02,ANA @ VGK,bae72d1f63e132b366d199db2807c4df,ags,yes,William Karlsson,,bovada,285,,oddsapi
2026-10-02T21:05:05Z,2026-10-02,ANA @ VGK,bae72d1f63e132b366d199db2807c4df,ags,yes,Alex Killorn,,bovada,355,,oddsapi
2026-10-02T21:05:05Z,2026-10-02,ANA @ VGK,bae72d1f63e132b366d199db2807c4df,ags,yes,Tim Washe,,bovada,875,,oddsapi
2026-10-02T21:05:05Z,2026-10-02,ANA @ VGK,bae72d1f63e132b366d199db2807c4df,ags,yes,Tristan Luneau,,bovada,825,,oddsapi
2026-10-02T21:05:05Z,2026-10-02,ANA @ VGK,bae72d1f63e132b366d199db2807c4df,ags,yes,Tyson Hinds,,bovada,1500,,oddsapi
2026-10-02T21:05:05Z,2026-10-02,ANA @ VGK,bae72d1f63e132b366d199db2807c4df,ags,yes,Noah Hanifin,,bovada,1000,,oddsapi
2026-10-02T21:05:05Z,2026-10-02,ANA @ VGK,bae72d1f63e132b366d199db2807c4df,ags,yes,Leo Carlsson,,bovada,205,,oddsapi
2026-10-02T21:05:05Z,2026-10-02,ANA @ VGK,bae72d1f63e132b366d199db2807c4df,ags,yes,Marc Gatcomb,,bovada,750,,oddsapi
2026-10-02T21:05:05Z,2026-10-02,ANA @ VGK,bae72d1f63e132b366d199db2807c4df,ags,yes,Mikael Granlund,,bovada,280,,oddsapi
2026-10-02T21:05:05Z,2026-10-02,ANA @ VGK,bae72d1f63e132b366d199db2807c4df,ags,yes,Brayden McNabb,,bovada,1100,,oddsapi
2026-10-02T21:05:05Z,2026-10-02,ANA @ VGK,bae72d1f63e132b366d199db2807c4df,ags,yes,Nic Dowd,,bovada,675,,oddsapi
2026-10-02T21:05:05Z,2026-10-02,ANA @ VGK,bae72d1f63e132b366d199db2807c4df,ags,yes,Jack Eichel,,bovada,158,,oddsapi
2026-10-02T21:05:05Z,2026-10-02,ANA @ VGK,bae72d1f63e132b366d199db2807c4df,ags,yes,Mark Stone,,bovada,156,,oddsapi
2026-10-02T21:05:05Z,2026-10-02,ANA @ VGK,bae72d1f63e132b366d199db2807c4df,ags,yes,Mitch Marner,,bovada,171,,oddsapi
2026-10-02T21:05:05Z,2026-10-02,ANA @ VGK,bae72d1f63e132b366d199db2807c4df,fgs,yes,Brett Howden,,bovada,2000,,oddsapi
2026-10-02T21:05:05Z,2026-10-02,ANA @ VGK,bae72d1f63e132b366d199db2807c4df,fgs,yes,Cutter Gauthier,,bovada,1200,,oddsapi
2026-10-02T21:05:05Z,2026-10-02,ANA @ VGK,bae72d1f63e132b366d199db2807c4df,fgs,yes,Marc Gatcomb,,bovada,4500,,oddsapi
2026-10-02T21:05:05Z,2026-10-02,ANA @ VGK,bae72d1f63e132b366d199db2807c4df,fgs,yes,Nic Dowd,,bovada,4000,,oddsapi
2026-10-02T21:05:05Z,2026-10-02,ANA @ VGK,bae72d1f63e132b366d199db2807c4df,fgs,yes,Tristan Luneau,,bovada,5500,,oddsapi
2026-10-02T21:05:05Z,2026-10-02,ANA @ VGK,bae72d1f63e132b366d199db2807c4df,fgs,yes,Mikael Granlund,,bovada,1700,,oddsapi
2026-10-02T21:05:05Z,2026-10-02,ANA @ VGK,bae72d1f63e132b366d199db2807c4df,fgs,yes,Mark Stone,,bovada,1100,,oddsapi
2026-10-02T21:05:05Z,2026-10-02,ANA @ VGK,bae72d1f63e132b366d199db2807c4df,fgs,yes,Ryan Poehling,,bovada,3000,,oddsapi
2026-10-02T21:05:05Z,2026-10-02,ANA @ VGK,bae72d1f63e132b366d199db2807c4df,fgs,yes,Noah Hanifin,,bovada,5500,,oddsapi
2026-10-02T21:05:05Z,2026-10-02,ANA @ VGK,bae72d1f63e132b366d199db2807c4df,fgs,yes,Mitch Marner,,bovada,1200,,oddsapi
2026-10-02T21:05:05Z,2026-10-02,ANA @ VGK,bae72d1f63e132b366d199db2807c4df,fgs,yes,Shea Theodore,,bovada,2500,,oddsapi
2026-10-02T21:05:05Z,2026-10-02,ANA @ VGK,bae72d1f63e132b366d199db2807c4df,fgs,yes,Alex Killorn,,bovada,2500,,oddsapi
2026-10-02T21:05:05Z,2026-10-02,ANA @ VGK,bae72d1f63e132b366d199db2807c4df,fgs,yes,Tomas Hertl,,bovada,1600,,oddsapi
2026-10-02T21:05:05Z,2026-10-02,ANA @ VGK,bae72d1f63e132b366d199db2807c4df,fgs,yes,Rasmus Andersson,,bovada,3000,,oddsapi
2026-10-02T21:05:05Z,2026-10-02,ANA @ VGK,bae72d1f63e132b366d199db2807c4df,fgs,yes,Jack Eichel,,bovada,1200,,oddsapi
2026-10-02T21:05:05Z,2026-10-02,ANA @ VGK,bae72d1f63e132b366d199db2807c4df,fgs,yes,William Karlsson,,bovada,1800,,oddsapi
2026-10-02T21:05:05Z,2026-10-02,ANA @ VGK,bae72d1f63e132b366d199db2807c4df,fgs,yes,Pavel Mintyukov,,bovada,6500,,oddsapi
2026-10-02T21:05:05Z,2026-10-02,ANA @ VGK,bae72d1f63e132b366d199db2807c4df,fgs,yes,Braeden Bowman,,bovada,3000,,oddsapi
2026-10-02T21:05:05Z,2026-10-02,ANA @ VGK,bae72d1f63e132b366d199db2807c4df,fgs,yes,Jeremy Lauzon,,bovada,10000,,oddsapi
2026-10-02T21:05:05Z,2026-10-02,ANA @ VGK,bae72d1f63e132b366d199db2807c4df,fgs,yes,Leo Carlsson,,bovada,1500,,oddsapi
2026-10-02T21:05:05Z,2026-10-02,ANA @ VGK,bae72d1f63e132b366d199db2807c4df,fgs,yes,Parker Wotherspoon,,bovada,8000,,oddsapi
2026-10-02T21:05:05Z,2026-10-02,ANA @ VGK,bae72d1f63e132b366d199db2807c4df,fgs,yes,Brayden McNabb,,bovada,8000,,oddsapi
2026-10-02T21:05:05Z,2026-10-02,ANA @ VGK,bae72d1f63e132b366d199db2807c4df,fgs,yes,Trevor Connelly,,bovada,2200,,oddsapi
2026-10-02T21:05:05Z,2026-10-02,ANA @ VGK,bae72d1f63e132b366d199db2807c4df,fgs,yes,Beckett Sennecke,,bovada,1700,,oddsapi
2026-10-02T21:05:05Z,2026-10-02,ANA @ VGK,bae72d1f63e132b366d199db2807c4df,fgs,yes,Jackson LaCombe,,bovada,3500,,oddsapi
2026-10-02T21:05:05Z,2026-10-02,ANA @ VGK,bae72d1f63e132b366d199db2807c4df,fgs,yes,Nikita Nesterenko,,bovada,3500,,oddsapi
2026-10-02T21:05:05Z,2026-10-02,ANA @ VGK,bae72d1f63e132b366d199db2807c4df,fgs,yes,Frank Vatrano,,bovada,3000,,oddsapi
2026-10-02T21:05:05Z,2026-10-02,ANA @ VGK,bae72d1f63e132b366d199db2807c4df,fgs,yes,Tyson Hinds,,bovada,8000,,oddsapi
2026-10-02T21:05:05Z,2026-10-02,ANA @ VGK,bae72d1f63e132b366d199db2807c4df,fgs,yes,Victor Olofsson,,bovada,2200,,oddsapi
2026-10-02T21:05:05Z,2026-10-02,ANA @ VGK,bae72d1f63e132b366d199db2807c4df,fgs,yes,Tim Washe,,bovada,5500,,oddsapi
2026-10-02T21:05:05Z,2026-10-02,ANA @ VGK,bae72d1f63e132b366d199db2807c4df,fgs,yes,Ivan Barbashev,,bovada,1800,,oddsapi
2026-10-02T21:05:05Z,2026-10-02,ANA @ VGK,bae72d1f63e132b366d199db2807c4df,sk_sog,over,Beckett Sennecke,2.5,bovada,130,-170,oddsapi
2026-10-02T21:05:05Z,2026-10-02,ANA @ VGK,bae72d1f63e132b366d199db2807c4df,sk_sog,under,Beckett Sennecke,2.5,bovada,-170,130,oddsapi
2026-10-02T21:05:05Z,2026-10-02,ANA @ VGK,bae72d1f63e132b366d199db2807c4df,sk_sog,over,Cutter Gauthier,3.5,bovada,120,-155,oddsapi
2026-10-02T21:05:05Z,2026-10-02,ANA @ VGK,bae72d1f63e132b366d199db2807c4df,sk_sog,under,Cutter Gauthier,3.5,bovada,-155,120,oddsapi
2026-10-02T21:05:05Z,2026-10-02,ANA @ VGK,bae72d1f63e132b366d199db2807c4df,sk_sog,over,Ivan Barbashev,1.5,bovada,-110,-120,oddsapi
2026-10-02T21:05:05Z,2026-10-02,ANA @ VGK,bae72d1f63e132b366d199db2807c4df,sk_sog,under,Ivan Barbashev,1.5,bovada,-120,-110,oddsapi
2026-10-02T21:05:05Z,2026-10-02,ANA @ VGK,bae72d1f63e132b366d199db2807c4df,sk_sog,over,Jack Eichel,3.5,bovada,120,-155,oddsapi
2026-10-02T21:05:05Z,2026-10-02,ANA @ VGK,bae72d1f63e132b366d199db2807c4df,sk_sog,under,Jack Eichel,3.5,bovada,-155,120,oddsapi
2026-10-02T21:05:05Z,2026-10-02,ANA @ VGK,bae72d1f63e132b366d199db2807c4df,sk_sog,over,Jackson LaCombe,1.5,bovada,-135,105,oddsapi
2026-10-02T21:05:05Z,2026-10-02,ANA @ VGK,bae72d1f63e132b366d199db2807c4df,sk_sog,under,Jackson LaCombe,1.5,bovada,105,-135,oddsapi
2026-10-02T21:05:05Z,2026-10-02,ANA @ VGK,bae72d1f63e132b366d199db2807c4df,sk_sog,over,Leo Carlsson,2.5,bovada,120,-155,oddsapi
2026-10-02T21:05:05Z,2026-10-02,ANA @ VGK,bae72d1f63e132b366d199db2807c4df,sk_sog,under,Leo Carlsson,2.5,bovada,-155,120,oddsapi
2026-10-02T21:05:05Z,2026-10-02,ANA @ VGK,bae72d1f63e132b366d199db2807c4df,sk_sog,over,Mark Stone,1.5,bovada,-185,140,oddsapi
2026-10-02T21:05:05Z,2026-10-02,ANA @ VGK,bae72d1f63e132b366d199db2807c4df,sk_sog,under,Mark Stone,1.5,bovada,140,-185,oddsapi
2026-10-02T21:05:05Z,2026-10-02,ANA @ VGK,bae72d1f63e132b366d199db2807c4df,sk_sog,over,Mikael Granlund,1.5,bovada,-135,105,oddsapi
2026-10-02T21:05:05Z,2026-10-02,ANA @ VGK,bae72d1f63e132b366d199db2807c4df,sk_sog,under,Mikael Granlund,1.5,bovada,105,-135,oddsapi
2026-10-02T21:05:05Z,2026-10-02,ANA @ VGK,bae72d1f63e132b366d199db2807c4df,sk_sog,over,Mitch Marner,2.5,bovada,115,-150,oddsapi
2026-10-02T21:05:05Z,2026-10-02,ANA @ VGK,bae72d1f63e132b366d199db2807c4df,sk_sog,under,Mitch Marner,2.5,bovada,-150,115,oddsapi
2026-10-02T21:05:05Z,2026-10-02,ANA @ VGK,bae72d1f63e132b366d199db2807c4df,sk_sog,over,Rasmus Andersson,1.5,bovada,-155,120,oddsapi
2026-10-02T21:05:05Z,2026-10-02,ANA @ VGK,bae72d1f63e132b366d199db2807c4df,sk_sog,under,Rasmus Andersson,1.5,bovada,120,-155,oddsapi
2026-10-02T21:05:05Z,2026-10-02,ANA @ VGK,bae72d1f63e132b366d199db2807c4df,sk_sog,over,Shea Theodore,1.5,bovada,-185,140,oddsapi
2026-10-02T21:05:05Z,2026-10-02,ANA @ VGK,bae72d1f63e132b366d199db2807c4df,sk_sog,under,Shea Theodore,1.5,bovada,140,-185,oddsapi
2026-10-02T21:05:05Z,2026-10-02,ANA @ VGK,bae72d1f63e132b366d199db2807c4df,sk_sog,over,Tomas Hertl,2.5,bovada,120,-155,oddsapi
2026-10-02T21:05:05Z,2026-10-02,ANA @ VGK,bae72d1f63e132b366d199db2807c4df,sk_sog,under,Tomas Hertl,2.5,bovada,-155,120,oddsapi
2026-10-02T21:05:05Z,2026-10-02,ANA @ VGK,bae72d1f63e132b366d199db2807c4df,sk_sog,over,William Karlsson,1.5,bovada,-145,110,oddsapi
2026-10-02T21:05:05Z,2026-10-02,ANA @ VGK,bae72d1f63e132b366d199db2807c4df,sk_sog,under,William Karlsson,1.5,bovada,110,-145,oddsapi
2026-10-02T21:05:05Z,2026-10-02,ANA @ VGK,bae72d1f63e132b366d199db2807c4df,g_saves,over,Carter Hart,23.5,bovada,-115,-115,oddsapi
2026-10-02T21:05:05Z,2026-10-02,ANA @ VGK,bae72d1f63e132b366d199db2807c4df,g_saves,under,Carter Hart,23.5,bovada,-115,-115,oddsapi
2026-10-02T21:05:05Z,2026-10-02,ANA @ VGK,bae72d1f63e132b366d199db2807c4df,g_saves,over,Lukas Dostal,27.5,bovada,-125,-105,oddsapi
2026-10-02T21:05:05Z,2026-10-02,ANA @ VGK,bae72d1f63e132b366d199db2807c4df,g_saves,under,Lukas Dostal,27.5,bovada,-105,-125,oddsapi
2026-10-02T21:05:05Z,2026-10-02,ANA @ VGK,bae72d1f63e132b366d199db2807c4df,p1_pl,ANA,,0.5,bovada,-165,125,oddsapi
2026-10-02T21:05:05Z,2026-10-02,ANA @ VGK,bae72d1f63e132b366d199db2807c4df,p1_pl,VGK,,-0.5,bovada,125,-165,oddsapi
2026-10-02T21:05:05Z,2026-10-02,ANA @ VGK,bae72d1f63e132b366d199db2807c4df,p2_pl,ANA,,0.5,bovada,-160,120,oddsapi
2026-10-02T21:05:05Z,2026-10-02,ANA @ VGK,bae72d1f63e132b366d199db2807c4df,p2_pl,VGK,,-0.5,bovada,120,-160,oddsapi
2026-10-02T21:05:05Z,2026-10-02,ANA @ VGK,bae72d1f63e132b366d199db2807c4df,p3_pl,ANA,,0.5,bovada,-135,105,oddsapi
2026-10-02T21:05:05Z,2026-10-02,ANA @ VGK,bae72d1f63e132b366d199db2807c4df,p3_pl,VGK,,-0.5,bovada,105,-135,oddsapi
2026-10-02T21:05:05Z,2026-10-02,ANA @ VGK,bae72d1f63e132b366d199db2807c4df,p1_total,over,,1.5,bovada,-160,120,oddsapi
2026-10-02T21:05:05Z,2026-10-02,ANA @ VGK,bae72d1f63e132b366d199db2807c4df,p1_total,under,,1.5,bovada,120,-160,oddsapi
2026-10-02T21:05:05Z,2026-10-02,ANA @ VGK,bae72d1f63e132b366d199db2807c4df,p2_total,over,,2,bovada,-115,-115,oddsapi
2026-10-02T21:05:05Z,2026-10-02,ANA @ VGK,bae72d1f63e132b366d199db2807c4df,p2_total,under,,2,bovada,-115,-115,oddsapi
2026-10-02T21:05:05Z,2026-10-02,ANA @ VGK,bae72d1f63e132b366d199db2807c4df,p3_total,over,,2.5,bovada,115,-150,oddsapi
2026-10-02T21:05:05Z,2026-10-02,ANA @ VGK,bae72d1f63e132b366d199db2807c4df,p3_total,under,,2.5,bovada,-150,115,oddsapi
